# Blender 5.1.0
# www.blender.org
mtllib Dassault_Mirage_III.dat.mtl
o Mirage_III_AileronL01_default
v 3.873453 -0.301442 -5.595072
v 2.555319 -0.278796 -5.677691
v 2.555319 -0.197256 -4.851439
v 2.555319 -0.197256 -4.851439
v 3.873453 -0.247965 -4.851438
v 3.873453 -0.301442 -5.595072
v 3.873453 -0.301442 -5.595072
v 3.873314 -0.354934 -4.851439
v 2.555319 -0.359783 -4.851438
v 2.555319 -0.359783 -4.851438
v 2.555319 -0.278796 -5.677691
v 3.873453 -0.301442 -5.595072
v 2.555319 -0.197256 -4.851439
v 2.555319 -0.278796 -5.677691
v 2.555319 -0.359783 -4.851438
v 2.555319 -0.359783 -4.851438
v 3.873314 -0.354934 -4.851439
v 3.873453 -0.247965 -4.851438
v 3.873453 -0.247965 -4.851438
v 2.555319 -0.197256 -4.851439
v 2.555319 -0.359783 -4.851438
v 3.873314 -0.354934 -4.851439
v 3.873453 -0.301442 -5.595072
v 3.873453 -0.247965 -4.851438
v 3.166396 -0.320112 -5.440063
v 3.145418 -0.376734 -5.122051
v 3.131370 -0.319546 -5.122054
v 3.131370 -0.319546 -5.122054
v 3.183908 -0.298564 -5.446775
v 3.166396 -0.320112 -5.440063
v 3.179334 -0.329409 -5.440063
v 3.179334 -0.404815 -5.122053
v 3.145418 -0.376734 -5.122051
v 3.145418 -0.376734 -5.122051
v 3.166396 -0.320112 -5.440063
v 3.179334 -0.329409 -5.440063
v 3.192272 -0.320628 -5.440064
v 3.213249 -0.378460 -5.122053
v 3.179334 -0.404815 -5.122053
v 3.179334 -0.404815 -5.122053
v 3.179334 -0.329409 -5.440063
v 3.192272 -0.320628 -5.440064
v 3.183908 -0.298564 -5.446775
v 3.227297 -0.321460 -5.122053
v 3.213249 -0.378460 -5.122053
v 3.213249 -0.378460 -5.122053
v 3.192272 -0.320628 -5.440064
v 3.183908 -0.298564 -5.446775
v 3.145418 -0.376734 -5.122051
v 3.143048 -0.403925 -4.891326
v 3.128020 -0.332259 -4.891426
v 3.128020 -0.332259 -4.891426
v 3.131370 -0.319546 -5.122054
v 3.145418 -0.376734 -5.122051
v 3.179334 -0.404815 -5.122053
v 3.179334 -0.432030 -4.891260
v 3.143048 -0.403925 -4.891326
v 3.143048 -0.403925 -4.891326
v 3.145418 -0.376734 -5.122051
v 3.179334 -0.404815 -5.122053
v 3.215620 -0.405985 -4.891319
v 3.179334 -0.432030 -4.891260
v 3.179334 -0.404815 -5.122053
v 3.179334 -0.404815 -5.122053
v 3.213249 -0.378460 -5.122053
v 3.215620 -0.405985 -4.891319
v 3.230648 -0.334429 -4.891426
v 3.215620 -0.405985 -4.891319
v 3.213249 -0.378460 -5.122053
v 3.213249 -0.378460 -5.122053
v 3.227297 -0.321460 -5.122053
v 3.230648 -0.334429 -4.891426
v 3.179334 -0.329409 -5.440063
v 3.166396 -0.320112 -5.440063
v 3.183908 -0.298564 -5.446775
v 3.192272 -0.320628 -5.440064
v 3.179334 -0.329409 -5.440063
v 3.183908 -0.298564 -5.446775
v 3.138285 -0.334464 -4.812875
v 3.150109 -0.393529 -4.813874
v 3.179334 -0.334464 -4.666925
v 3.150109 -0.393529 -4.813874
v 3.179334 -0.416481 -4.814909
v 3.179334 -0.334464 -4.666925
v 3.179334 -0.416481 -4.814909
v 3.208579 -0.395255 -4.813974
v 3.179334 -0.334464 -4.666925
v 3.208579 -0.395255 -4.813974
v 3.220389 -0.336215 -4.812900
v 3.179334 -0.334464 -4.666925
v 3.143048 -0.403925 -4.891326
v 3.150109 -0.393529 -4.813874
v 3.138285 -0.334464 -4.812875
v 3.138285 -0.334464 -4.812875
v 3.128020 -0.332259 -4.891426
v 3.143048 -0.403925 -4.891326
v 3.179334 -0.432030 -4.891260
v 3.179334 -0.416481 -4.814909
v 3.150109 -0.393529 -4.813874
v 3.150109 -0.393529 -4.813874
v 3.143048 -0.403925 -4.891326
v 3.179334 -0.432030 -4.891260
v 3.215620 -0.405985 -4.891319
v 3.208579 -0.395255 -4.813974
v 3.179334 -0.416481 -4.814909
v 3.179334 -0.416481 -4.814909
v 3.179334 -0.432030 -4.891260
v 3.215620 -0.405985 -4.891319
v 3.230648 -0.334429 -4.891426
v 3.220389 -0.336215 -4.812900
v 3.208579 -0.395255 -4.813974
v 3.208579 -0.395255 -4.813974
v 3.215620 -0.405985 -4.891319
v 3.230648 -0.334429 -4.891426
vn 0.0232 0.9949 -0.0982
vn 0.0383 0.9967 -0.0717
vn 0.0037 -0.9974 -0.0717
vn -0.0110 -0.9952 -0.0975
vn -1.0000 -0.0000 -0.0000
vn -0.0000 -0.0000 1.0000
vn 1.0000 -0.0013 0.0001
vn -0.9657 -0.2372 -0.1059
vn -0.7862 0.6117 -0.0877
vn -0.6274 -0.7577 -0.1797
vn -0.5740 -0.7988 -0.1801
vn 0.6035 -0.7766 -0.1810
vn 0.5511 -0.8119 -0.1925
vn 0.9607 -0.2368 -0.1451
vn 0.9348 0.3553 0.0030
vn -0.9781 -0.2052 -0.0342
vn -0.9708 -0.2385 -0.0272
vn -0.6096 -0.7873 -0.0928
vn -0.6347 -0.7666 -0.0969
vn 0.5804 -0.8088 -0.0954
vn 0.6105 -0.7857 -0.1000
vn 0.9781 -0.2055 -0.0346
vn 0.9706 -0.2392 -0.0276
vn -0.1373 -0.1911 -0.9719
vn 0.1576 -0.2322 -0.9598
vn -0.9444 -0.1936 0.2656
vn -0.5565 -0.7267 0.4028
vn 0.5265 -0.7436 0.4121
vn 0.9438 -0.1937 0.2678
vn -0.9736 -0.1969 0.1152
vn -0.9715 -0.2036 0.1212
vn -0.6063 -0.7792 0.1587
vn -0.6047 -0.7803 0.1599
vn 0.5761 -0.8009 0.1635
vn 0.5755 -0.8014 0.1632
vn 0.9727 -0.1968 0.1226
vn 0.9720 -0.2040 0.1168
vt 0.882911 -0.598537
vt 0.830163 -0.598537
vt 0.877637 -0.514387
vt 0.830163 -0.514387
vt 0.179361 -0.739317
vt 0.179361 -0.823458
vt 0.131886 -0.739308
vt 0.126613 -0.823458
vt 0.953280 -0.036237
vt 0.831842 -0.047907
vt 0.831842 -0.020828
vt 0.955275 -0.047907
vt 0.955275 -0.020828
vt 0.751359 -0.047907
vt 0.751359 -0.020828
vt 0.789249 -0.036237
vt 0.055232 -0.657409
vt 0.055232 -0.653346
vt 0.028722 -0.657409
vt 0.028722 -0.653346
vt 0.055232 -0.662184
vt 0.028722 -0.662184
vt 0.055232 -0.666659
vt 0.028722 -0.666659
vt 0.055232 -0.671377
vt 0.028722 -0.671377
vt 0.074134 -0.657409
vt 0.074134 -0.653346
vt 0.074134 -0.662184
vt 0.074134 -0.666659
vt 0.074134 -0.671377
vt 0.020414 -0.657903
vt 0.024322 -0.663797
vt 0.080325 -0.657409
vt 0.091809 -0.662184
vt 0.080325 -0.653346
vt 0.080325 -0.662184
vt 0.080325 -0.666659
vt 0.080325 -0.671377
s 1
usemtl default.098
f 2/1/1 3/2/1 1/3/1
f 5/4/2 6/3/2 4/2/2
f 8/5/3 9/6/3 7/7/3
f 11/8/4 12/7/4 10/6/4
f 14/9/5 15/10/5 13/11/5
f 17/12/6 18/13/6 16/14/6
f 20/15/6 21/14/6 19/13/6
f 23/16/7 24/13/7 22/12/7
f 26/17/8 27/18/8 25/19/8
f 29/20/9 30/19/9 28/18/9
f 32/21/10 33/17/10 31/22/10
f 35/19/11 36/22/11 34/17/11
f 38/23/12 39/21/12 37/24/12
f 41/22/13 42/24/13 40/21/13
f 44/25/14 45/23/14 43/26/14
f 47/24/15 48/26/15 46/23/15
f 50/27/16 51/28/16 49/17/16
f 53/18/17 54/17/17 52/28/17
f 56/29/18 57/27/18 55/21/18
f 59/17/19 60/21/19 58/27/19
f 62/29/20 63/21/20 61/30/20
f 65/23/21 66/30/21 64/21/21
f 68/30/22 69/23/22 67/31/22
f 71/25/23 72/31/23 70/23/23
f 74/19/24 75/32/24 73/22/24
f 77/22/25 78/32/25 76/33/25
f 80/34/26 81/35/26 79/36/26
f 83/37/27 84/35/27 82/34/27
f 86/38/28 87/35/28 85/37/28
f 89/39/29 90/35/29 88/38/29
f 92/34/30 93/36/30 91/27/30
f 95/28/31 96/27/31 94/36/31
f 98/37/32 99/34/32 97/29/32
f 101/27/33 102/29/33 100/34/33
f 104/38/34 105/37/34 103/30/34
f 107/29/35 108/30/35 106/37/35
f 110/39/36 111/38/36 109/31/36
f 113/30/37 114/31/37 112/38/37
o Mirage_III_AileronR01_default
v -3.873453 -0.301442 -5.595073
v -3.873453 -0.247965 -4.851438
v -2.555319 -0.197256 -4.851439
v -2.555319 -0.197256 -4.851439
v -2.555319 -0.278795 -5.677691
v -3.873453 -0.301442 -5.595073
v -3.873453 -0.301442 -5.595073
v -2.555319 -0.278795 -5.677691
v -2.555319 -0.359783 -4.851438
v -2.555319 -0.359783 -4.851438
v -3.873314 -0.354933 -4.851439
v -3.873453 -0.301442 -5.595073
v -2.555319 -0.197256 -4.851439
v -2.555319 -0.359783 -4.851438
v -2.555319 -0.278795 -5.677691
v -2.555319 -0.359783 -4.851438
v -2.555319 -0.197256 -4.851439
v -3.873453 -0.247965 -4.851438
v -3.873453 -0.247965 -4.851438
v -3.873314 -0.354933 -4.851439
v -2.555319 -0.359783 -4.851438
v -3.873314 -0.354933 -4.851439
v -3.873453 -0.247965 -4.851438
v -3.873453 -0.301442 -5.595073
v -3.166396 -0.320112 -5.440063
v -3.183909 -0.298564 -5.446775
v -3.131370 -0.319545 -5.122054
v -3.131370 -0.319545 -5.122054
v -3.145419 -0.376734 -5.122052
v -3.166396 -0.320112 -5.440063
v -3.179334 -0.329409 -5.440063
v -3.166396 -0.320112 -5.440063
v -3.145419 -0.376734 -5.122052
v -3.145419 -0.376734 -5.122052
v -3.179334 -0.404815 -5.122053
v -3.179334 -0.329409 -5.440063
v -3.192272 -0.320628 -5.440064
v -3.179334 -0.329409 -5.440063
v -3.179334 -0.404815 -5.122053
v -3.179334 -0.404815 -5.122053
v -3.213249 -0.378460 -5.122053
v -3.192272 -0.320628 -5.440064
v -3.183909 -0.298564 -5.446775
v -3.192272 -0.320628 -5.440064
v -3.213249 -0.378460 -5.122053
v -3.213249 -0.378460 -5.122053
v -3.227298 -0.321460 -5.122053
v -3.183909 -0.298564 -5.446775
v -3.145419 -0.376734 -5.122052
v -3.131370 -0.319545 -5.122054
v -3.128020 -0.332259 -4.891426
v -3.128020 -0.332259 -4.891426
v -3.143049 -0.403925 -4.891326
v -3.145419 -0.376734 -5.122052
v -3.179334 -0.404815 -5.122053
v -3.145419 -0.376734 -5.122052
v -3.143049 -0.403925 -4.891326
v -3.143049 -0.403925 -4.891326
v -3.179334 -0.432030 -4.891260
v -3.179334 -0.404815 -5.122053
v -3.215620 -0.405984 -4.891320
v -3.213249 -0.378460 -5.122053
v -3.179334 -0.404815 -5.122053
v -3.179334 -0.404815 -5.122053
v -3.179334 -0.432030 -4.891260
v -3.215620 -0.405984 -4.891320
v -3.230648 -0.334429 -4.891426
v -3.227298 -0.321460 -5.122053
v -3.213249 -0.378460 -5.122053
v -3.213249 -0.378460 -5.122053
v -3.215620 -0.405984 -4.891320
v -3.230648 -0.334429 -4.891426
v -3.179334 -0.329409 -5.440063
v -3.183909 -0.298564 -5.446775
v -3.166396 -0.320112 -5.440063
v -3.192272 -0.320628 -5.440064
v -3.183909 -0.298564 -5.446775
v -3.179334 -0.329409 -5.440063
v -3.138286 -0.334464 -4.812876
v -3.179335 -0.334464 -4.666925
v -3.150109 -0.393528 -4.813875
v -3.150109 -0.393528 -4.813875
v -3.179335 -0.334464 -4.666925
v -3.179334 -0.416481 -4.814909
v -3.179334 -0.416481 -4.814909
v -3.179335 -0.334464 -4.666925
v -3.208579 -0.395255 -4.813974
v -3.208579 -0.395255 -4.813974
v -3.179335 -0.334464 -4.666925
v -3.220390 -0.336215 -4.812900
v -3.143049 -0.403925 -4.891326
v -3.128020 -0.332259 -4.891426
v -3.138286 -0.334464 -4.812876
v -3.138286 -0.334464 -4.812876
v -3.150109 -0.393528 -4.813875
v -3.143049 -0.403925 -4.891326
v -3.179334 -0.432030 -4.891260
v -3.143049 -0.403925 -4.891326
v -3.150109 -0.393528 -4.813875
v -3.150109 -0.393528 -4.813875
v -3.179334 -0.416481 -4.814909
v -3.179334 -0.432030 -4.891260
v -3.215620 -0.405984 -4.891320
v -3.179334 -0.432030 -4.891260
v -3.179334 -0.416481 -4.814909
v -3.179334 -0.416481 -4.814909
v -3.208579 -0.395255 -4.813974
v -3.215620 -0.405984 -4.891320
v -3.230648 -0.334429 -4.891426
v -3.215620 -0.405984 -4.891320
v -3.208579 -0.395255 -4.813974
v -3.208579 -0.395255 -4.813974
v -3.220390 -0.336215 -4.812900
v -3.230648 -0.334429 -4.891426
vn -0.0383 0.9967 -0.0717
vn -0.0232 0.9949 -0.0982
vn 0.0110 -0.9952 -0.0975
vn -0.0037 -0.9974 -0.0717
vn 1.0000 -0.0000 -0.0000
vn -0.0000 -0.0000 1.0000
vn -1.0000 -0.0013 0.0001
vn 0.7862 0.6117 -0.0877
vn 0.9657 -0.2372 -0.1059
vn 0.5740 -0.7988 -0.1801
vn 0.6274 -0.7577 -0.1797
vn -0.5511 -0.8119 -0.1925
vn -0.6035 -0.7766 -0.1810
vn -0.9348 0.3552 0.0029
vn -0.9607 -0.2368 -0.1451
vn 0.9708 -0.2385 -0.0272
vn 0.9781 -0.2052 -0.0342
vn 0.6347 -0.7666 -0.0969
vn 0.6096 -0.7872 -0.0928
vn -0.6105 -0.7857 -0.1000
vn -0.5804 -0.8088 -0.0954
vn -0.9706 -0.2392 -0.0276
vn -0.9781 -0.2055 -0.0346
vn 0.1373 -0.1911 -0.9719
vn -0.1576 -0.2322 -0.9598
vn 0.9444 -0.1935 0.2656
vn 0.5565 -0.7267 0.4028
vn -0.5265 -0.7436 0.4121
vn -0.9438 -0.1937 0.2678
vn 0.9715 -0.2036 0.1213
vn 0.9736 -0.1968 0.1152
vn 0.6047 -0.7803 0.1599
vn 0.6063 -0.7792 0.1587
vn -0.5755 -0.8014 0.1632
vn -0.5761 -0.8009 0.1635
vn -0.9720 -0.2040 0.1168
vn -0.9727 -0.1968 0.1226
vt 0.830163 -0.948824
vt 0.830163 -0.864674
vt 0.877637 -0.948824
vt 0.882911 -0.864674
vt 0.126613 -0.823458
vt 0.179361 -0.823458
vt 0.131886 -0.739308
vt 0.179361 -0.739317
vt 0.955275 -0.047907
vt 0.789249 -0.036237
vt 0.955275 -0.020828
vt 0.751359 -0.020828
vt 0.751359 -0.047907
vt 0.831842 -0.020828
vt 0.953280 -0.036237
vt 0.831842 -0.047907
vt 0.028722 -0.653346
vt 0.055232 -0.653346
vt 0.028722 -0.657409
vt 0.055232 -0.657409
vt 0.028722 -0.662184
vt 0.055232 -0.662184
vt 0.028722 -0.666659
vt 0.055232 -0.666659
vt 0.028722 -0.671377
vt 0.055232 -0.671377
vt 0.074134 -0.653346
vt 0.074134 -0.657409
vt 0.074134 -0.662184
vt 0.074134 -0.666659
vt 0.074134 -0.671377
vt 0.020414 -0.657903
vt 0.024322 -0.663797
vt 0.091809 -0.662184
vt 0.080325 -0.657409
vt 0.080325 -0.653346
vt 0.080325 -0.662184
vt 0.080325 -0.666659
vt 0.080325 -0.671377
s 1
usemtl default.098
f 116/40/38 117/41/38 115/42/38
f 119/43/39 120/42/39 118/41/39
f 122/44/40 123/45/40 121/46/40
f 125/47/41 126/46/41 124/45/41
f 128/48/42 129/49/42 127/50/42
f 131/50/43 132/51/43 130/48/43
f 134/52/43 135/48/43 133/51/43
f 137/53/44 138/54/44 136/55/44
f 140/56/45 141/57/45 139/58/45
f 143/59/46 144/58/46 142/57/46
f 146/58/47 147/59/47 145/60/47
f 149/61/48 150/60/48 148/59/48
f 152/60/49 153/61/49 151/62/49
f 155/63/50 156/62/50 154/61/50
f 158/62/51 159/63/51 157/64/51
f 161/65/52 162/64/52 160/63/52
f 164/57/53 165/66/53 163/59/53
f 167/67/54 168/59/54 166/66/54
f 170/59/55 171/67/55 169/61/55
f 173/68/56 174/61/56 172/67/56
f 176/63/57 177/61/57 175/69/57
f 179/68/58 180/69/58 178/61/58
f 182/65/59 183/63/59 181/70/59
f 185/69/60 186/70/60 184/63/60
f 188/71/61 189/58/61 187/60/61
f 191/71/62 192/60/62 190/72/62
f 194/73/63 195/74/63 193/75/63
f 197/73/64 198/76/64 196/74/64
f 200/73/65 201/77/65 199/76/65
f 203/73/66 204/78/66 202/77/66
f 206/66/67 207/75/67 205/67/67
f 209/74/68 210/67/68 208/75/68
f 212/67/69 213/74/69 211/68/69
f 215/76/70 216/68/70 214/74/70
f 218/68/71 219/76/71 217/69/71
f 221/77/72 222/69/72 220/76/72
f 224/69/73 225/77/73 223/70/73
f 227/78/74 228/70/74 226/77/74
o Mirage_III_BrakeL01_default
v 1.026508 -0.051346 -2.038525
v 1.195431 -0.064611 -1.871649
v 1.388010 -0.080685 -1.871652
v 1.138571 -0.060320 -1.650951
v 1.195431 -0.065589 -1.650950
v 1.195431 -0.064611 -1.871649
v 1.195431 -0.064611 -1.871649
v 1.138500 -0.060375 -1.871648
v 1.138571 -0.060320 -1.650951
v 1.445011 -0.089620 -1.650954
v 1.445044 -0.085385 -1.871623
v 1.388010 -0.080685 -1.871652
v 1.388010 -0.080685 -1.871652
v 1.388150 -0.084397 -1.650951
v 1.445011 -0.089620 -1.650954
v 1.598574 -0.099711 -1.871647
v 1.598657 -0.095030 -2.247606
v 1.388010 -0.080685 -1.871652
v 1.388010 -0.080685 -1.871652
v 1.445044 -0.085385 -1.871623
v 1.598574 -0.099711 -1.871647
v 1.598657 -0.095030 -2.247606
v 1.026508 -0.051346 -2.038525
v 1.388010 -0.080685 -1.871652
v 1.138500 -0.060375 -1.871648
v 1.195431 -0.064611 -1.871649
v 1.026508 -0.051346 -2.038525
v 1.026508 -0.051346 -2.038525
v 1.026525 -0.050771 -1.871647
v 1.138500 -0.060375 -1.871648
v 1.026508 -0.051346 -2.038525
v 1.386360 -0.100616 -1.871765
v 1.193782 -0.084542 -1.871762
v 1.136921 -0.080252 -1.651063
v 1.136851 -0.080307 -1.871761
v 1.193782 -0.084542 -1.871762
v 1.193782 -0.084542 -1.871762
v 1.193782 -0.085521 -1.651063
v 1.136921 -0.080252 -1.651063
v 1.443361 -0.108099 -1.651066
v 1.386501 -0.102876 -1.651063
v 1.386360 -0.100616 -1.871765
v 1.386360 -0.100616 -1.871765
v 1.443394 -0.105316 -1.871736
v 1.443361 -0.108099 -1.651066
v 1.596924 -0.119642 -1.871760
v 1.443394 -0.105316 -1.871736
v 1.386360 -0.100616 -1.871765
v 1.386360 -0.100616 -1.871765
v 1.598657 -0.095030 -2.247606
v 1.596924 -0.119642 -1.871760
v 1.598657 -0.095030 -2.247606
v 1.386360 -0.100616 -1.871765
v 1.026508 -0.051346 -2.038525
v 1.136851 -0.080307 -1.871761
v 1.024875 -0.070703 -1.871760
v 1.026508 -0.051346 -2.038525
v 1.026508 -0.051346 -2.038525
v 1.193782 -0.084542 -1.871762
v 1.136851 -0.080307 -1.871761
v 1.388010 -0.080685 -1.871652
v 1.195431 -0.064611 -1.871649
v 1.193782 -0.084542 -1.871762
v 1.193782 -0.084542 -1.871762
v 1.386360 -0.100616 -1.871765
v 1.388010 -0.080685 -1.871652
v 1.195431 -0.064611 -1.871649
v 1.195431 -0.065589 -1.650950
v 1.193782 -0.085521 -1.651063
v 1.193782 -0.085521 -1.651063
v 1.193782 -0.084542 -1.871762
v 1.195431 -0.064611 -1.871649
v 1.195431 -0.065589 -1.650950
v 1.138571 -0.060320 -1.650951
v 1.136921 -0.080252 -1.651063
v 1.136921 -0.080252 -1.651063
v 1.193782 -0.085521 -1.651063
v 1.195431 -0.065589 -1.650950
v 1.138571 -0.060320 -1.650951
v 1.138500 -0.060375 -1.871648
v 1.136851 -0.080307 -1.871761
v 1.136851 -0.080307 -1.871761
v 1.136921 -0.080252 -1.651063
v 1.138571 -0.060320 -1.650951
v 1.138500 -0.060375 -1.871648
v 1.026525 -0.050771 -1.871647
v 1.024875 -0.070703 -1.871760
v 1.024875 -0.070703 -1.871760
v 1.136851 -0.080307 -1.871761
v 1.138500 -0.060375 -1.871648
v 1.026525 -0.050771 -1.871647
v 1.026508 -0.051346 -2.038525
v 1.024875 -0.070703 -1.871760
v 1.598657 -0.095030 -2.247606
v 1.598574 -0.099711 -1.871647
v 1.596924 -0.119642 -1.871760
v 1.598574 -0.099711 -1.871647
v 1.445044 -0.085385 -1.871623
v 1.443394 -0.105316 -1.871736
v 1.443394 -0.105316 -1.871736
v 1.596924 -0.119642 -1.871760
v 1.598574 -0.099711 -1.871647
v 1.445044 -0.085385 -1.871623
v 1.445011 -0.089620 -1.650954
v 1.443361 -0.108099 -1.651066
v 1.443361 -0.108099 -1.651066
v 1.443394 -0.105316 -1.871736
v 1.445044 -0.085385 -1.871623
v 1.445011 -0.089620 -1.650954
v 1.388150 -0.084397 -1.650951
v 1.386501 -0.102876 -1.651063
v 1.386501 -0.102876 -1.651063
v 1.443361 -0.108099 -1.651066
v 1.445011 -0.089620 -1.650954
v 1.388150 -0.084397 -1.650951
v 1.388010 -0.080685 -1.871652
v 1.386360 -0.100616 -1.871765
v 1.386360 -0.100616 -1.871765
v 1.386501 -0.102876 -1.651063
v 1.388150 -0.084397 -1.650951
vn 0.0832 0.9965 -0.0050
vn 0.0923 0.9957 0.0044
vn 0.0742 0.9972 -0.0003
vn 0.0821 0.9964 0.0191
vn 0.0915 0.9957 0.0167
vn 0.0900 0.9959 0.0124
vn 0.0055 0.0610 -0.9981
vn 0.0782 0.9969 0.0058
vn 0.0742 0.9972 0.0042
vn 0.0855 0.9963 -0.0034
vn -0.0826 -0.9900 -0.1142
vn -0.0742 -0.9972 0.0003
vn -0.0923 -0.9957 -0.0044
vn -0.0915 -0.9958 -0.0101
vn -0.0821 -0.9965 -0.0126
vn -0.0055 -0.0610 0.9981
vn -0.0898 -0.9938 -0.0655
vn -0.1022 -0.9921 -0.0725
vn -0.0849 -0.9897 -0.1157
vn -0.0736 -0.9897 -0.1231
vn -0.0005 -0.0056 1.0000
vn 0.9966 -0.0824 -0.0004
vn 0.9966 -0.0825 -0.0004
vn -0.9966 0.0824 0.0003
vn -0.9966 0.0825 0.0003
vn -0.9966 0.0825 -0.0002
vn 0.9966 -0.0825 -0.0008
vn -0.0004 -0.0056 1.0000
vn 0.9960 -0.0889 -0.0016
vn 0.9966 -0.0825 -0.0009
vn -0.0005 -0.0060 1.0000
vn -0.9966 0.0825 0.0020
vn -0.9960 0.0889 0.0015
vt 0.639941 -0.685353
vt 0.639941 -0.673164
vt 0.650585 -0.696241
vt 0.625842 -0.685353
vt 0.625842 -0.689093
vt 0.639941 -0.689093
vt 0.639941 -0.669418
vt 0.625842 -0.669419
vt 0.625842 -0.673164
vt 0.663934 -0.659611
vt 0.639941 -0.659611
vt 0.639941 -0.696241
vt 0.914139 -0.943044
vt 0.914138 -0.962459
vt 0.930951 -0.979487
vt 0.914138 -0.968198
vt 0.891888 -0.968191
vt 0.891888 -0.962459
vt 0.891888 -0.943030
vt 0.891889 -0.937297
vt 0.914136 -0.937294
vt 0.914138 -0.921641
vt 0.952030 -0.921641
vt 0.914138 -0.979487
vt 0.824087 -0.014668
vt 0.824076 -0.008862
vt 0.783476 -0.014668
vt 0.783453 -0.008862
vt 0.870466 -0.014668
vt 0.870448 -0.008862
vt 0.882466 -0.014668
vt 0.882442 -0.008862
vt 0.782109 -0.014668
vt 0.782093 -0.008862
vt 0.830648 -0.014668
vt 0.830622 -0.008862
vt 0.882096 -0.014668
vt 0.858564 -0.014668
vt 0.858911 -0.008862
vt 0.818550 -0.014668
vt 0.781626 -0.014668
vt 0.791582 -0.014668
vt 0.791715 -0.008862
vt 0.712593 -0.008862
vt 0.823957 -0.014668
vt 0.870320 -0.014668
vt 0.882309 -0.014668
s 1
usemtl default.098
f 230/79/75 231/80/75 229/81/75
f 233/82/76 234/79/76 232/83/76
f 236/84/77 237/83/77 235/79/77
f 239/85/78 240/80/78 238/86/78
f 242/87/79 243/86/79 241/80/79
f 245/88/80 246/80/80 244/89/80
f 248/85/81 249/89/81 247/80/81
f 251/81/82 252/80/82 250/88/82
f 254/79/83 255/81/83 253/84/83
f 257/90/84 258/84/84 256/81/84
f 260/91/85 261/92/85 259/93/85
f 263/94/86 264/92/86 262/95/86
f 266/96/87 267/95/87 265/92/87
f 269/97/88 270/91/88 268/98/88
f 272/99/89 273/98/89 271/91/89
f 275/99/90 276/91/90 274/100/90
f 278/101/91 279/100/91 277/91/91
f 281/91/92 282/93/92 280/101/92
f 284/102/93 285/93/93 283/94/93
f 287/92/94 288/94/94 286/93/94
f 290/103/95 291/104/95 289/105/95
f 293/106/95 294/105/95 292/104/95
f 296/107/96 297/108/96 295/103/96
f 299/104/97 300/103/97 298/108/97
f 302/109/95 303/110/95 301/107/95
f 305/108/95 306/107/95 304/110/95
f 308/111/98 309/112/98 307/113/98
f 311/114/99 312/113/99 310/112/99
f 314/115/95 315/110/95 313/116/95
f 317/117/95 318/116/95 316/110/95
f 320/118/100 321/119/100 319/112/100
f 323/120/101 324/121/101 322/122/101
f 326/123/102 327/104/102 325/120/102
f 329/121/102 330/120/102 328/104/102
f 332/124/103 333/108/103 331/123/103
f 335/104/104 336/123/104 334/108/104
f 338/125/105 339/110/105 337/124/105
f 341/108/105 342/124/105 340/110/105
f 344/111/106 345/112/106 343/113/106
f 347/114/107 348/113/107 346/112/107
o Mirage_III_BrakeL02_default
v 1.421142 -0.366222 -1.911415
v 1.421109 -0.358953 -1.690746
v 1.364249 -0.363049 -1.690743
v 1.364249 -0.363049 -1.690743
v 1.364178 -0.370201 -1.911441
v 1.421142 -0.366222 -1.911415
v 1.171556 -0.383681 -1.911418
v 1.171530 -0.376868 -1.690743
v 1.114669 -0.380945 -1.690743
v 1.114669 -0.380945 -1.690743
v 1.114599 -0.387765 -1.911440
v 1.171556 -0.383681 -1.911418
v 1.171556 -0.383681 -1.911418
v 1.114599 -0.387765 -1.911440
v 1.084020 -0.395631 -2.092314
v 1.084020 -0.395631 -2.092314
v 1.574756 -0.367713 -2.282686
v 1.574756 -0.356594 -1.950360
v 1.574756 -0.356594 -1.950360
v 1.421142 -0.366222 -1.911415
v 1.364178 -0.370201 -1.911441
v 1.084020 -0.395631 -2.092314
v 1.574756 -0.356594 -1.950360
v 1.364178 -0.370201 -1.911441
v 1.171556 -0.383681 -1.911418
v 1.084020 -0.395631 -2.092314
v 1.364178 -0.370201 -1.911441
v 1.084020 -0.395631 -2.092314
v 1.114599 -0.387765 -1.911440
v 1.053368 -0.392156 -1.911439
v 1.053368 -0.392156 -1.911439
v 1.053374 -0.397375 -2.080426
v 1.084020 -0.395631 -2.092314
v 1.421142 -0.345828 -1.911415
v 1.364178 -0.349806 -1.911441
v 1.364249 -0.342654 -1.690743
v 1.364249 -0.342654 -1.690743
v 1.421109 -0.338559 -1.690746
v 1.421142 -0.345828 -1.911415
v 1.171556 -0.363286 -1.911418
v 1.114599 -0.367371 -1.911440
v 1.114669 -0.360550 -1.690743
v 1.114669 -0.360550 -1.690743
v 1.171530 -0.356473 -1.690743
v 1.171556 -0.363286 -1.911418
v 1.084020 -0.375237 -2.092314
v 1.114599 -0.367371 -1.911440
v 1.171556 -0.363286 -1.911418
v 1.084020 -0.375237 -2.092314
v 1.171556 -0.363286 -1.911418
v 1.364178 -0.349806 -1.911441
v 1.364178 -0.349806 -1.911441
v 1.421142 -0.345828 -1.911415
v 1.574756 -0.336199 -1.950360
v 1.084020 -0.375237 -2.092314
v 1.364178 -0.349806 -1.911441
v 1.574756 -0.336199 -1.950360
v 1.084020 -0.375237 -2.092314
v 1.574756 -0.336199 -1.950360
v 1.574756 -0.347319 -2.282686
v 1.084020 -0.375237 -2.092314
v 1.053368 -0.371762 -1.911439
v 1.114599 -0.367371 -1.911440
v 1.053368 -0.371762 -1.911439
v 1.084020 -0.375237 -2.092314
v 1.053374 -0.376980 -2.080426
v 1.421109 -0.358953 -1.690746
v 1.421142 -0.366222 -1.911415
v 1.421142 -0.345828 -1.911415
v 1.421142 -0.345828 -1.911415
v 1.421109 -0.338559 -1.690746
v 1.421109 -0.358953 -1.690746
v 1.421142 -0.366222 -1.911415
v 1.574756 -0.356594 -1.950360
v 1.574756 -0.336199 -1.950360
v 1.574756 -0.336199 -1.950360
v 1.421142 -0.345828 -1.911415
v 1.421142 -0.366222 -1.911415
v 1.574756 -0.356594 -1.950360
v 1.574756 -0.367713 -2.282686
v 1.574756 -0.347319 -2.282686
v 1.574756 -0.347319 -2.282686
v 1.574756 -0.336199 -1.950360
v 1.574756 -0.356594 -1.950360
v 1.574756 -0.367713 -2.282686
v 1.084020 -0.395631 -2.092314
v 1.084020 -0.375237 -2.092314
v 1.084020 -0.375237 -2.092314
v 1.574756 -0.347319 -2.282686
v 1.574756 -0.367713 -2.282686
v 1.084020 -0.395631 -2.092314
v 1.053374 -0.397375 -2.080426
v 1.053374 -0.376980 -2.080426
v 1.053374 -0.376980 -2.080426
v 1.084020 -0.375237 -2.092314
v 1.084020 -0.395631 -2.092314
v 1.053374 -0.397375 -2.080426
v 1.053368 -0.392156 -1.911439
v 1.053368 -0.371762 -1.911439
v 1.053368 -0.371762 -1.911439
v 1.053374 -0.376980 -2.080426
v 1.053374 -0.397375 -2.080426
v 1.053368 -0.392156 -1.911439
v 1.114599 -0.387765 -1.911440
v 1.114599 -0.367371 -1.911440
v 1.114599 -0.367371 -1.911440
v 1.053368 -0.371762 -1.911439
v 1.053368 -0.392156 -1.911439
v 1.114599 -0.387765 -1.911440
v 1.114669 -0.380945 -1.690743
v 1.114669 -0.360550 -1.690743
v 1.114669 -0.360550 -1.690743
v 1.114599 -0.367371 -1.911440
v 1.114599 -0.387765 -1.911440
v 1.114669 -0.380945 -1.690743
v 1.171530 -0.376868 -1.690743
v 1.171530 -0.356473 -1.690743
v 1.171530 -0.356473 -1.690743
v 1.114669 -0.360550 -1.690743
v 1.114669 -0.380945 -1.690743
v 1.171530 -0.376868 -1.690743
v 1.171556 -0.383681 -1.911418
v 1.171556 -0.363286 -1.911418
v 1.171556 -0.363286 -1.911418
v 1.171530 -0.356473 -1.690743
v 1.171530 -0.376868 -1.690743
v 1.171556 -0.383681 -1.911418
v 1.364178 -0.370201 -1.911441
v 1.364178 -0.349806 -1.911441
v 1.364178 -0.349806 -1.911441
v 1.171556 -0.363286 -1.911418
v 1.171556 -0.383681 -1.911418
v 1.364178 -0.370201 -1.911441
v 1.364249 -0.363049 -1.690743
v 1.364249 -0.342654 -1.690743
v 1.364249 -0.342654 -1.690743
v 1.364178 -0.349806 -1.911441
v 1.364178 -0.370201 -1.911441
v 1.364249 -0.363049 -1.690743
v 1.421109 -0.358953 -1.690746
v 1.421109 -0.338559 -1.690746
v 1.421109 -0.338559 -1.690746
v 1.364249 -0.342654 -1.690743
v 1.364249 -0.363049 -1.690743
vn 0.0718 -0.9969 0.0329
vn 0.0696 -0.9971 0.0323
vn 0.0715 -0.9970 0.0308
vn 0.0715 -0.9970 0.0313
vn 0.0697 -0.9970 0.0334
vn 0.0696 -0.9972 0.0281
vn 0.0702 -0.9970 0.0314
vn 0.0698 -0.9970 0.0321
vn 0.0687 -0.9972 0.0308
vn -0.0696 0.9971 -0.0323
vn -0.0718 0.9969 -0.0329
vn -0.0715 0.9970 -0.0308
vn -0.0715 0.9970 -0.0313
vn -0.0698 0.9970 -0.0321
vn -0.0696 0.9972 -0.0281
vn -0.0702 0.9970 -0.0314
vn -0.0697 0.9970 -0.0334
vn -0.0687 0.9972 -0.0308
vn 1.0000 -0.0000 0.0001
vn 0.2457 -0.0000 0.9693
vn 0.2458 -0.0000 0.9693
vn 1.0000 -0.0000 -0.0000
vn -0.3617 -0.0000 -0.9323
vn -1.0000 -0.0000 -0.0000
vn -0.0000 -0.0000 1.0000
vn -1.0000 -0.0000 0.0003
vn 0.0001 -0.0000 1.0000
vt 0.381141 -0.895867
vt 0.381141 -0.899497
vt 0.367053 -0.895865
vt 0.367051 -0.899501
vt 0.381141 -0.911800
vt 0.381141 -0.915430
vt 0.367053 -0.911798
vt 0.367051 -0.915434
vt 0.355504 -0.917387
vt 0.343351 -0.886058
vt 0.364567 -0.886058
vt 0.367051 -0.919343
vt 0.356263 -0.919343
vt 0.486811 -0.604057
vt 0.464561 -0.604050
vt 0.486808 -0.598315
vt 0.464561 -0.598318
vt 0.486811 -0.629219
vt 0.464561 -0.629211
vt 0.486809 -0.623476
vt 0.464561 -0.623479
vt 0.505045 -0.632302
vt 0.490734 -0.582828
vt 0.524239 -0.582828
vt 0.486811 -0.635554
vt 0.503849 -0.635554
vt 0.880754 -0.008862
vt 0.880587 -0.014668
vt 0.929192 -0.008862
vt 0.929025 -0.014668
vt 0.845847 -0.008862
vt 0.845679 -0.014668
vt 0.772901 -0.008862
vt 0.772733 -0.014668
vt 0.973206 -0.327116
vt 0.992044 -0.278556
vt 0.972030 -0.330148
vt 0.819291 -0.008862
vt 0.819459 -0.014668
vt 0.782110 -0.008862
vt 0.782277 -0.014668
vt 0.832784 -0.008862
vt 0.832952 -0.014668
vt 0.881344 -0.008862
vt 0.881512 -0.014668
vt 0.893875 -0.008862
vt 0.894042 -0.014668
vt 0.942318 -0.008862
vt 0.942485 -0.014668
vt 0.990285 -0.008862
vt 0.990118 -0.014668
vt 0.941723 -0.008862
vt 0.941555 -0.014668
s 1
usemtl default.098
f 350/126/108 351/127/108 349/128/108
f 353/129/109 354/128/109 352/127/109
f 356/130/110 357/131/110 355/132/110
f 359/133/110 360/132/110 358/131/110
f 362/133/111 363/134/111 361/132/111
f 365/135/112 366/136/112 364/134/112
f 368/128/113 369/129/113 367/136/113
f 371/136/114 372/129/114 370/134/114
f 374/134/115 375/129/115 373/132/115
f 377/133/111 378/137/111 376/134/111
f 380/138/116 381/134/116 379/137/116
f 383/139/117 384/140/117 382/141/117
f 386/142/118 387/141/118 385/140/118
f 389/143/119 390/144/119 388/145/119
f 392/146/119 393/145/119 391/144/119
f 395/143/120 396/145/120 394/147/120
f 398/145/121 399/139/121 397/147/121
f 401/141/122 402/148/122 400/139/122
f 404/139/123 405/148/123 403/147/123
f 407/148/124 408/149/124 406/147/124
f 410/150/120 411/143/120 409/147/120
f 413/147/125 414/151/125 412/150/125
f 416/152/126 417/153/126 415/154/126
f 419/155/126 420/154/126 418/153/126
f 422/156/127 423/157/127 421/152/127
f 425/153/128 426/152/128 424/157/128
f 428/158/129 429/159/129 427/156/129
f 431/157/129 432/156/129 430/159/129
f 434/160/130 435/160/130 433/161/130
f 437/161/130 438/161/130 436/160/130
f 440/162/130 441/162/130 439/160/130
f 443/160/130 444/160/130 442/162/130
f 446/163/131 447/164/131 445/165/131
f 449/166/131 450/165/131 448/164/131
f 452/167/132 453/168/132 451/163/132
f 455/164/132 456/163/132 454/168/132
f 458/169/133 459/170/133 457/167/133
f 461/168/133 462/167/133 460/170/133
f 464/171/132 465/172/132 463/169/132
f 467/170/132 468/169/132 466/172/132
f 470/173/126 471/174/126 469/171/126
f 473/172/126 474/171/126 472/174/126
f 476/175/134 477/176/134 475/173/134
f 479/174/134 480/173/134 478/176/134
f 482/177/133 483/178/133 481/175/133
f 485/176/133 486/175/133 484/178/133
f 488/154/134 489/155/134 487/177/134
f 491/178/134 492/177/134 490/155/134
o Mirage_III_BrakeR01_default
v -1.026507 -0.051346 -2.038525
v -1.388009 -0.080685 -1.871652
v -1.195431 -0.064611 -1.871649
v -1.138570 -0.060320 -1.650951
v -1.138499 -0.060375 -1.871649
v -1.195431 -0.064611 -1.871649
v -1.195431 -0.064611 -1.871649
v -1.195431 -0.065589 -1.650951
v -1.138570 -0.060320 -1.650951
v -1.445010 -0.091468 -1.650954
v -1.388149 -0.086245 -1.650951
v -1.388009 -0.080685 -1.871652
v -1.388009 -0.080685 -1.871652
v -1.445043 -0.085385 -1.871624
v -1.445010 -0.091468 -1.650954
v -1.598573 -0.099711 -1.871647
v -1.445043 -0.085385 -1.871624
v -1.388009 -0.080685 -1.871652
v -1.388009 -0.080685 -1.871652
v -1.598656 -0.095030 -2.247606
v -1.598573 -0.099711 -1.871647
v -1.598656 -0.095030 -2.247606
v -1.388009 -0.080685 -1.871652
v -1.026507 -0.051346 -2.038525
v -1.138499 -0.060375 -1.871649
v -1.026524 -0.050771 -1.871647
v -1.026507 -0.051346 -2.038525
v -1.026507 -0.051346 -2.038525
v -1.195431 -0.064611 -1.871649
v -1.138499 -0.060375 -1.871649
v -1.026507 -0.051346 -2.038525
v -1.193781 -0.084542 -1.871762
v -1.386359 -0.100616 -1.871765
v -1.136921 -0.080252 -1.651063
v -1.193781 -0.085521 -1.651063
v -1.193781 -0.084542 -1.871762
v -1.193781 -0.084542 -1.871762
v -1.136850 -0.080307 -1.871761
v -1.136921 -0.080252 -1.651063
v -1.443361 -0.108099 -1.651067
v -1.443393 -0.105316 -1.871736
v -1.386359 -0.100616 -1.871765
v -1.386359 -0.100616 -1.871765
v -1.386500 -0.102876 -1.651064
v -1.443361 -0.108099 -1.651067
v -1.596923 -0.119642 -1.871760
v -1.598656 -0.095030 -2.247606
v -1.386359 -0.100616 -1.871765
v -1.386359 -0.100616 -1.871765
v -1.443393 -0.105316 -1.871736
v -1.596923 -0.119642 -1.871760
v -1.598656 -0.095030 -2.247606
v -1.026507 -0.051346 -2.038525
v -1.386359 -0.100616 -1.871765
v -1.136850 -0.080307 -1.871761
v -1.193781 -0.084542 -1.871762
v -1.026507 -0.051346 -2.038525
v -1.026507 -0.051346 -2.038525
v -1.024874 -0.070702 -1.871760
v -1.136850 -0.080307 -1.871761
v -1.388009 -0.080685 -1.871652
v -1.386359 -0.100616 -1.871765
v -1.193781 -0.084542 -1.871762
v -1.193781 -0.084542 -1.871762
v -1.195431 -0.064611 -1.871649
v -1.388009 -0.080685 -1.871652
v -1.195431 -0.064611 -1.871649
v -1.193781 -0.084542 -1.871762
v -1.193781 -0.085521 -1.651063
v -1.193781 -0.085521 -1.651063
v -1.195431 -0.065589 -1.650951
v -1.195431 -0.064611 -1.871649
v -1.195431 -0.065589 -1.650951
v -1.193781 -0.085521 -1.651063
v -1.136921 -0.080252 -1.651063
v -1.136921 -0.080252 -1.651063
v -1.138570 -0.060320 -1.650951
v -1.195431 -0.065589 -1.650951
v -1.138570 -0.060320 -1.650951
v -1.136921 -0.080252 -1.651063
v -1.136850 -0.080307 -1.871761
v -1.136850 -0.080307 -1.871761
v -1.138499 -0.060375 -1.871649
v -1.138570 -0.060320 -1.650951
v -1.138499 -0.060375 -1.871649
v -1.136850 -0.080307 -1.871761
v -1.024874 -0.070702 -1.871760
v -1.024874 -0.070702 -1.871760
v -1.026524 -0.050771 -1.871647
v -1.138499 -0.060375 -1.871649
v -1.026524 -0.050771 -1.871647
v -1.024874 -0.070702 -1.871760
v -1.026507 -0.051346 -2.038525
v -1.598656 -0.095030 -2.247606
v -1.596923 -0.119642 -1.871760
v -1.598573 -0.099711 -1.871647
v -1.598573 -0.099711 -1.871647
v -1.596923 -0.119642 -1.871760
v -1.443393 -0.105316 -1.871736
v -1.443393 -0.105316 -1.871736
v -1.445043 -0.085385 -1.871624
v -1.598573 -0.099711 -1.871647
v -1.445043 -0.085385 -1.871624
v -1.443393 -0.105316 -1.871736
v -1.443361 -0.108099 -1.651067
v -1.443361 -0.108099 -1.651067
v -1.445010 -0.091468 -1.650954
v -1.445043 -0.085385 -1.871624
v -1.445010 -0.091468 -1.650954
v -1.443361 -0.108099 -1.651067
v -1.386500 -0.102876 -1.651064
v -1.386500 -0.102876 -1.651064
v -1.388149 -0.086245 -1.650951
v -1.445010 -0.091468 -1.650954
v -1.388149 -0.086245 -1.650951
v -1.386500 -0.102876 -1.651064
v -1.386359 -0.100616 -1.871765
v -1.386359 -0.100616 -1.871765
v -1.388009 -0.080685 -1.871652
v -1.388149 -0.086245 -1.650951
vn -0.0832 0.9965 -0.0050
vn -0.0742 0.9972 -0.0003
vn -0.0923 0.9957 0.0044
vn -0.0914 0.9955 0.0250
vn -0.0821 0.9962 0.0275
vn -0.0053 0.0586 -0.9983
vn -0.0900 0.9959 0.0124
vn -0.0782 0.9969 0.0058
vn -0.0855 0.9963 -0.0034
vn -0.0742 0.9972 0.0042
vn 0.0826 -0.9900 -0.1142
vn 0.0923 -0.9957 -0.0044
vn 0.0742 -0.9972 0.0003
vn 0.0821 -0.9965 -0.0126
vn 0.0915 -0.9958 -0.0101
vn 0.0898 -0.9938 -0.0655
vn 0.0055 -0.0611 0.9981
vn 0.1022 -0.9921 -0.0725
vn 0.0736 -0.9897 -0.1231
vn 0.0849 -0.9897 -0.1157
vn 0.0005 -0.0056 1.0000
vn -0.9966 -0.0825 -0.0004
vn 0.9966 0.0824 0.0003
vn 0.9966 0.0825 -0.0002
vn -0.9966 -0.0825 -0.0008
vn 0.0004 -0.0056 1.0000
vn -0.9966 -0.0825 -0.0009
vn -0.9951 -0.0986 -0.0026
vn 0.0006 -0.0067 1.0000
vn 0.9951 0.0987 0.0016
vn 0.9966 0.0825 0.0027
vt 0.639931 -0.790047
vt 0.639931 -0.777858
vt 0.650585 -0.766969
vt 0.639931 -0.774118
vt 0.625842 -0.774118
vt 0.625842 -0.777858
vt 0.625842 -0.790047
vt 0.625842 -0.793793
vt 0.639931 -0.793793
vt 0.639931 -0.803600
vt 0.663934 -0.803600
vt 0.639931 -0.766969
vt 0.914138 -0.962459
vt 0.914139 -0.943043
vt 0.930951 -0.979487
vt 0.891888 -0.962459
vt 0.891888 -0.968191
vt 0.914138 -0.968198
vt 0.914136 -0.937294
vt 0.891889 -0.937296
vt 0.891888 -0.943029
vt 0.952030 -0.921641
vt 0.914138 -0.921641
vt 0.914138 -0.979487
vt 0.783481 -0.014668
vt 0.824091 -0.014668
vt 0.783455 -0.008862
vt 0.824066 -0.008862
vt 0.870469 -0.014668
vt 0.870444 -0.008862
vt 0.882467 -0.014668
vt 0.882442 -0.008862
vt 0.782110 -0.008862
vt 0.830648 -0.008862
vt 0.782085 -0.014668
vt 0.830623 -0.014668
vt 0.858850 -0.014668
vt 0.858825 -0.008862
vt 0.818786 -0.014668
vt 0.791693 -0.014668
vt 0.791668 -0.008862
vt 0.712655 -0.008862
s 1
usemtl default.098
f 494/179/135 495/180/135 493/181/135
f 497/182/136 498/180/136 496/183/136
f 500/184/137 501/183/137 499/180/137
f 503/185/138 504/179/138 502/186/138
f 506/187/139 507/186/139 505/179/139
f 509/187/140 510/179/140 508/188/140
f 512/189/141 513/188/141 511/179/141
f 515/179/142 516/181/142 514/189/142
f 518/190/143 519/181/143 517/182/143
f 521/180/144 522/182/144 520/181/144
f 524/191/145 525/192/145 523/193/145
f 527/194/146 528/191/146 526/195/146
f 530/196/147 531/195/147 529/191/147
f 533/197/148 534/192/148 532/198/148
f 536/199/149 537/198/149 535/192/149
f 539/200/150 540/192/150 538/201/150
f 542/197/151 543/201/151 541/192/151
f 545/193/152 546/192/152 544/200/152
f 548/191/153 549/193/153 547/196/153
f 551/202/154 552/196/154 550/193/154
f 554/203/155 555/204/155 553/205/155
f 557/206/155 558/205/155 556/204/155
f 560/204/156 561/207/156 559/206/156
f 563/208/156 564/206/156 562/207/156
f 566/207/155 567/209/155 565/208/155
f 569/210/155 570/208/155 568/209/155
f 572/211/157 573/212/157 571/213/157
f 575/214/157 576/213/157 574/212/157
f 578/215/155 579/209/155 577/216/155
f 581/210/155 582/216/155 580/209/155
f 584/211/158 585/217/158 583/213/158
f 587/218/159 588/219/159 586/220/159
f 590/218/160 591/204/160 589/219/160
f 593/206/160 594/219/160 592/204/160
f 596/204/161 597/207/161 595/206/161
f 599/208/162 600/206/162 598/207/162
f 602/207/163 603/209/163 601/208/163
f 605/210/163 606/208/163 604/209/163
f 608/211/164 609/212/164 607/213/164
f 611/214/165 612/213/165 610/212/165
o Mirage_III_BrakeR02_default
v -1.421141 -0.366222 -1.911416
v -1.364177 -0.370201 -1.911441
v -1.364248 -0.363048 -1.690743
v -1.364248 -0.363048 -1.690743
v -1.421109 -0.358953 -1.690746
v -1.421141 -0.366222 -1.911416
v -1.171555 -0.383681 -1.911419
v -1.114598 -0.387765 -1.911441
v -1.114669 -0.380945 -1.690743
v -1.114669 -0.380945 -1.690743
v -1.171529 -0.376868 -1.690743
v -1.171555 -0.383681 -1.911419
v -1.084019 -0.395631 -2.092314
v -1.114598 -0.387765 -1.911441
v -1.171555 -0.383681 -1.911419
v -1.084019 -0.395631 -2.092314
v -1.171555 -0.383681 -1.911419
v -1.364177 -0.370201 -1.911441
v -1.364177 -0.370201 -1.911441
v -1.421141 -0.366222 -1.911416
v -1.574755 -0.356593 -1.950360
v -1.084019 -0.395631 -2.092314
v -1.364177 -0.370201 -1.911441
v -1.574755 -0.356593 -1.950360
v -1.084019 -0.395631 -2.092314
v -1.574755 -0.356593 -1.950360
v -1.574755 -0.367713 -2.282686
v -1.084019 -0.395631 -2.092314
v -1.053367 -0.392156 -1.911440
v -1.114598 -0.387765 -1.911441
v -1.053367 -0.392156 -1.911440
v -1.084019 -0.395631 -2.092314
v -1.053373 -0.397375 -2.080426
v -1.421141 -0.345828 -1.911416
v -1.421109 -0.338559 -1.690746
v -1.364248 -0.342654 -1.690743
v -1.364248 -0.342654 -1.690743
v -1.364177 -0.349806 -1.911441
v -1.421141 -0.345828 -1.911416
v -1.171555 -0.363286 -1.911419
v -1.171529 -0.356473 -1.690743
v -1.114669 -0.360550 -1.690743
v -1.114669 -0.360550 -1.690743
v -1.114598 -0.367371 -1.911441
v -1.171555 -0.363286 -1.911419
v -1.171555 -0.363286 -1.911419
v -1.114598 -0.367371 -1.911441
v -1.084019 -0.375237 -2.092314
v -1.084019 -0.375237 -2.092314
v -1.574755 -0.347319 -2.282686
v -1.574755 -0.336199 -1.950360
v -1.574755 -0.336199 -1.950360
v -1.421141 -0.345828 -1.911416
v -1.364177 -0.349806 -1.911441
v -1.084019 -0.375237 -2.092314
v -1.574755 -0.336199 -1.950360
v -1.364177 -0.349806 -1.911441
v -1.171555 -0.363286 -1.911419
v -1.084019 -0.375237 -2.092314
v -1.364177 -0.349806 -1.911441
v -1.084019 -0.375237 -2.092314
v -1.114598 -0.367371 -1.911441
v -1.053367 -0.371762 -1.911440
v -1.053367 -0.371762 -1.911440
v -1.053373 -0.376980 -2.080426
v -1.084019 -0.375237 -2.092314
v -1.421109 -0.358953 -1.690746
v -1.421109 -0.338559 -1.690746
v -1.421141 -0.345828 -1.911416
v -1.421141 -0.345828 -1.911416
v -1.421141 -0.366222 -1.911416
v -1.421109 -0.358953 -1.690746
v -1.421141 -0.366222 -1.911416
v -1.421141 -0.345828 -1.911416
v -1.574755 -0.336199 -1.950360
v -1.574755 -0.336199 -1.950360
v -1.574755 -0.356593 -1.950360
v -1.421141 -0.366222 -1.911416
v -1.574755 -0.356593 -1.950360
v -1.574755 -0.336199 -1.950360
v -1.574755 -0.347319 -2.282686
v -1.574755 -0.347319 -2.282686
v -1.574755 -0.367713 -2.282686
v -1.574755 -0.356593 -1.950360
v -1.574755 -0.367713 -2.282686
v -1.574755 -0.347319 -2.282686
v -1.084019 -0.375237 -2.092314
v -1.084019 -0.375237 -2.092314
v -1.084019 -0.395631 -2.092314
v -1.574755 -0.367713 -2.282686
v -1.084019 -0.395631 -2.092314
v -1.084019 -0.375237 -2.092314
v -1.053373 -0.376980 -2.080426
v -1.053373 -0.376980 -2.080426
v -1.053373 -0.397375 -2.080426
v -1.084019 -0.395631 -2.092314
v -1.053373 -0.397375 -2.080426
v -1.053373 -0.376980 -2.080426
v -1.053367 -0.371762 -1.911440
v -1.053367 -0.371762 -1.911440
v -1.053367 -0.392156 -1.911440
v -1.053373 -0.397375 -2.080426
v -1.053367 -0.392156 -1.911440
v -1.053367 -0.371762 -1.911440
v -1.114598 -0.367371 -1.911441
v -1.114598 -0.367371 -1.911441
v -1.114598 -0.387765 -1.911441
v -1.053367 -0.392156 -1.911440
v -1.114598 -0.387765 -1.911441
v -1.114598 -0.367371 -1.911441
v -1.114669 -0.360550 -1.690743
v -1.114669 -0.360550 -1.690743
v -1.114669 -0.380945 -1.690743
v -1.114598 -0.387765 -1.911441
v -1.114669 -0.380945 -1.690743
v -1.114669 -0.360550 -1.690743
v -1.171529 -0.356473 -1.690743
v -1.171529 -0.356473 -1.690743
v -1.171529 -0.376868 -1.690743
v -1.114669 -0.380945 -1.690743
v -1.171529 -0.376868 -1.690743
v -1.171529 -0.356473 -1.690743
v -1.171555 -0.363286 -1.911419
v -1.171555 -0.363286 -1.911419
v -1.171555 -0.383681 -1.911419
v -1.171529 -0.376868 -1.690743
v -1.171555 -0.383681 -1.911419
v -1.171555 -0.363286 -1.911419
v -1.364177 -0.349806 -1.911441
v -1.364177 -0.349806 -1.911441
v -1.364177 -0.370201 -1.911441
v -1.171555 -0.383681 -1.911419
v -1.364177 -0.370201 -1.911441
v -1.364177 -0.349806 -1.911441
v -1.364248 -0.342654 -1.690743
v -1.364248 -0.342654 -1.690743
v -1.364248 -0.363048 -1.690743
v -1.364177 -0.370201 -1.911441
v -1.364248 -0.363048 -1.690743
v -1.364248 -0.342654 -1.690743
v -1.421109 -0.338559 -1.690746
v -1.421109 -0.338559 -1.690746
v -1.421109 -0.358953 -1.690746
v -1.364248 -0.363048 -1.690743
vn -0.0696 -0.9971 0.0323
vn -0.0718 -0.9969 0.0328
vn -0.0715 -0.9970 0.0308
vn -0.0715 -0.9970 0.0313
vn -0.0698 -0.9970 0.0321
vn -0.0696 -0.9972 0.0281
vn -0.0702 -0.9970 0.0314
vn -0.0697 -0.9970 0.0334
vn -0.0687 -0.9972 0.0308
vn 0.0718 0.9969 -0.0328
vn 0.0696 0.9971 -0.0323
vn 0.0715 0.9970 -0.0308
vn 0.0715 0.9970 -0.0313
vn 0.0697 0.9970 -0.0334
vn 0.0696 0.9972 -0.0281
vn 0.0702 0.9970 -0.0314
vn 0.0698 0.9970 -0.0321
vn 0.0687 0.9972 -0.0308
vn -1.0000 -0.0000 0.0001
vn -0.2457 -0.0000 0.9693
vn -1.0000 -0.0000 -0.0000
vn 0.3617 -0.0000 -0.9323
vn 1.0000 -0.0000 -0.0000
vn -0.0000 -0.0000 1.0000
vn 1.0000 -0.0000 0.0003
vn -0.0001 -0.0000 1.0000
vt 0.367052 -0.899501
vt 0.381141 -0.899496
vt 0.367053 -0.895865
vt 0.381141 -0.895867
vt 0.367052 -0.915434
vt 0.381141 -0.915430
vt 0.367053 -0.911798
vt 0.381141 -0.911800
vt 0.355505 -0.917387
vt 0.364567 -0.886058
vt 0.343351 -0.886058
vt 0.367052 -0.919343
vt 0.356263 -0.919343
vt 0.464561 -0.598318
vt 0.464561 -0.604050
vt 0.486808 -0.598315
vt 0.486811 -0.604057
vt 0.464561 -0.623479
vt 0.464561 -0.629212
vt 0.486809 -0.623476
vt 0.486811 -0.629219
vt 0.505045 -0.632302
vt 0.524239 -0.582828
vt 0.490734 -0.582828
vt 0.486811 -0.635391
vt 0.503847 -0.635391
vt 0.938582 -0.014668
vt 0.890051 -0.014668
vt 0.938582 -0.008862
vt 0.890051 -0.008862
vt 0.855198 -0.014668
vt 0.855198 -0.008862
vt 0.782110 -0.014668
vt 0.782110 -0.008862
vt 0.992044 -0.278556
vt 0.973206 -0.327116
vt 0.766111 -0.014668
vt 0.772851 -0.014668
vt 0.766111 -0.008862
vt 0.772851 -0.008862
vt 0.810016 -0.014668
vt 0.810016 -0.008862
vt 0.823483 -0.014668
vt 0.823483 -0.008862
vt 0.872020 -0.014668
vt 0.872020 -0.008862
vt 0.884526 -0.014668
vt 0.884526 -0.008862
vt 0.933059 -0.014668
vt 0.933059 -0.008862
vt 0.975422 -0.014668
vt 0.975422 -0.008862
vt 0.951088 -0.014668
vt 0.951088 -0.008862
s 1
usemtl default.098
f 614/221/166 615/222/166 613/223/166
f 617/224/167 618/223/167 616/222/167
f 620/225/168 621/226/168 619/227/168
f 623/228/168 624/227/168 622/226/168
f 626/225/169 627/227/169 625/229/169
f 629/227/170 630/221/170 628/229/170
f 632/223/171 633/230/171 631/221/171
f 635/221/172 636/230/172 634/229/172
f 638/230/173 639/231/173 637/229/173
f 641/232/169 642/225/169 640/229/169
f 644/229/174 645/233/174 643/232/174
f 647/234/175 648/235/175 646/236/175
f 650/237/176 651/236/176 649/235/176
f 653/238/177 654/239/177 652/240/177
f 656/241/177 657/240/177 655/239/177
f 659/241/178 660/242/178 658/240/178
f 662/243/179 663/244/179 661/242/179
f 665/236/180 666/237/180 664/244/180
f 668/244/181 669/237/181 667/242/181
f 671/242/182 672/237/182 670/240/182
f 674/241/178 675/245/178 673/242/178
f 677/246/183 678/242/183 676/245/183
f 680/247/184 681/248/184 679/249/184
f 683/250/184 684/249/184 682/248/184
f 686/248/185 687/251/185 685/250/185
f 689/252/185 690/250/185 688/251/185
f 692/251/186 693/253/186 691/252/186
f 695/254/186 696/252/186 694/253/186
f 698/255/187 699/256/187 697/255/187
f 701/256/187 702/255/187 700/256/187
f 704/257/187 705/258/187 703/259/187
f 707/260/187 708/259/187 706/258/187
f 710/258/188 711/261/188 709/260/188
f 713/262/188 714/260/188 712/261/188
f 716/261/189 717/263/189 715/262/189
f 719/264/189 720/262/189 718/263/189
f 722/263/190 723/265/190 721/264/190
f 725/266/190 726/264/190 724/265/190
f 728/265/189 729/267/189 727/266/189
f 731/268/189 732/266/189 730/267/189
f 734/267/184 735/269/184 733/268/184
f 737/270/184 738/268/184 736/269/184
f 740/269/191 741/271/191 739/270/191
f 743/272/191 744/270/191 742/271/191
f 746/271/190 747/273/190 745/272/190
f 749/274/190 750/272/190 748/273/190
f 752/273/191 753/247/191 751/274/191
f 755/249/191 756/274/191 754/247/191
o Mirage_III_Canopy01_default
v -0.378027 0.537505 3.045971
v -0.372896 0.529933 3.096770
v -0.371410 0.619723 3.142360
v -0.256144 0.834713 3.246754
v -0.359590 0.504759 3.084201
v -0.399455 0.700067 2.096898
v -0.262527 0.925830 2.101500
v -0.138597 0.990604 2.079210
v -0.261591 0.925830 2.016322
v -0.138597 0.988686 1.993889
v -0.392100 0.623536 2.124212
v -0.391544 0.616254 2.208031
v -0.413233 0.487380 2.219001
v -0.386132 0.584374 2.219001
v -0.362543 0.508659 3.031866
v -0.390919 0.416543 2.945633
v -0.351811 0.617534 3.139028
v -0.321404 0.750273 3.149032
v -0.245626 0.839432 3.193955
v -0.342578 0.507972 3.030915
v -0.353433 0.534346 3.095462
v -0.249909 0.910313 2.101639
v -0.131638 0.971858 2.079632
v -0.249954 0.909564 2.016450
v -0.379789 0.696433 2.096612
v -0.346315 0.513215 2.896327
v -0.366378 0.581299 2.218445
v -0.371751 0.619124 2.208149
v -0.379238 0.693542 2.180826
v -0.399192 0.694888 2.180971
v -0.336885 0.814946 2.136070
v -0.354441 0.824523 2.136362
v -0.132079 0.969782 1.994314
v -0.337885 0.815888 2.051217
v -0.354441 0.827104 2.051558
v -0.372254 0.626012 2.124295
v -0.386492 0.591553 2.140165
v -0.366518 0.592576 2.140167
v -0.393991 0.482009 2.218042
v -0.371668 0.411232 2.944523
v -0.359289 0.441054 3.016698
v -0.378686 0.445721 3.018102
v -0.340382 0.510292 3.083529
v -0.315677 0.733795 3.196730
v -0.333419 0.741655 3.201569
v -0.242638 0.821275 3.240668
v -0.131331 0.886976 3.270514
v -0.138597 0.904436 3.277024
v -0.138597 0.921906 3.230167
v -0.259280 0.852737 3.200001
v -0.339488 0.757437 3.153685
v -0.359572 0.625116 3.088817
v -0.379314 0.625644 3.091977
v -0.359081 0.543837 3.045002
v -0.365582 0.518485 2.897336
v -0.131323 0.904449 3.223659
v 0.000000 1.017657 1.983549
v 0.000000 0.997234 1.984301
v 0.379314 0.625643 3.091977
v 0.372896 0.529933 3.096771
v 0.256144 0.834713 3.246754
v 0.000000 0.944793 3.241250
v 0.138597 0.921906 3.230167
v 0.354441 0.827104 2.051558
v 0.262527 0.925830 2.101500
v 0.261591 0.925830 2.016322
v 0.138597 0.990604 2.079210
v 0.138597 0.988686 1.993889
v 0.391545 0.616254 2.208031
v 0.392100 0.623536 2.124212
v 0.386132 0.584374 2.219002
v 0.362544 0.508659 3.031866
v 0.390919 0.416543 2.945633
v 0.359081 0.543837 3.045002
v 0.315677 0.733795 3.196731
v 0.321404 0.750273 3.149032
v 0.245626 0.839432 3.193955
v 0.242638 0.821275 3.240668
v 0.353433 0.534346 3.095463
v 0.342578 0.507972 3.030916
v 0.249954 0.909564 2.016450
v 0.131638 0.971858 2.079632
v 0.372254 0.626012 2.124295
v 0.366518 0.592576 2.140168
v 0.371752 0.619124 2.208149
v 0.359289 0.441054 3.016698
v 0.340383 0.510292 3.083530
v 0.393991 0.482009 2.218042
v 0.366378 0.581299 2.218445
v 0.379238 0.693542 2.180827
v 0.399193 0.694888 2.180972
v 0.336885 0.814946 2.136071
v 0.249909 0.910313 2.101639
v 0.354441 0.824523 2.136362
v -0.000000 1.019583 2.069238
v -0.000000 0.999162 2.069980
v 0.132079 0.969782 1.994314
v 0.337885 0.815888 2.051217
v 0.379790 0.696433 2.096612
v 0.399455 0.700067 2.096898
v 0.413233 0.487380 2.219002
v 0.386492 0.591553 2.140166
v 0.371669 0.411232 2.944523
v 0.378686 0.445721 3.018103
v 0.359591 0.504759 3.084201
v 0.371410 0.619723 3.142360
v 0.351811 0.617534 3.139029
v 0.333420 0.741655 3.201570
v 0.000000 0.907802 3.280476
v 0.131330 0.886976 3.270514
v 0.138597 0.904436 3.277024
v 0.000000 0.926716 3.287861
v 0.131324 0.904449 3.223659
v 0.259280 0.852737 3.200001
v 0.359573 0.625116 3.088818
v 0.339488 0.757437 3.153685
v 0.378028 0.537505 3.045972
v 0.365582 0.518485 2.897336
v 0.346315 0.513215 2.896328
v 0.000000 0.925863 3.233857
vn -0.9547 -0.0583 -0.2919
vn -0.8631 -0.2740 0.4242
vn -0.9576 0.2179 -0.1884
vn -0.8752 -0.0337 0.4826
vn -0.8773 0.4610 -0.1334
vn -0.8003 0.2364 0.5510
vn -0.6656 0.7444 -0.0537
vn -0.5908 0.5230 0.6143
vn -0.3889 0.9207 -0.0329
vn -0.2991 0.7689 0.5651
vn -0.0000 1.0000 -0.0098
vn -0.0000 0.5117 0.8592
vn -0.8534 -0.3763 0.3607
vn -0.9052 0.4234 0.0354
vn -0.8358 0.5035 -0.2188
vn -0.9681 0.1741 -0.1804
vn -0.8292 0.5006 0.2486
vn -0.9377 0.1950 0.2875
vn -0.5820 0.7788 -0.2342
vn -0.5982 0.7673 0.2309
vn -0.3099 0.9189 -0.2442
vn -0.3477 0.9135 0.2113
vn -0.0000 0.8960 -0.4440
vn -0.0000 0.9954 0.0960
vn -0.9653 -0.1834 -0.1860
vn -0.9530 -0.0177 0.3023
vn -0.9282 -0.1500 -0.3404
vn -0.9054 0.4167 0.0811
vn -0.9974 0.0687 0.0226
vn -0.8728 -0.2548 0.4162
vn -0.9956 0.0775 0.0531
vn -0.8950 0.4407 0.0689
vn 0.9491 -0.2865 0.1309
vn 0.9896 -0.0039 0.1436
vn 0.8451 0.1439 -0.5149
vn 0.7545 0.4206 -0.5038
vn 0.8170 -0.5653 0.1135
vn 0.8399 -0.1235 -0.5285
vn 0.5782 -0.8145 0.0479
vn 0.6584 -0.4222 -0.6231
vn 0.2564 -0.9547 0.1508
vn 0.3987 -0.6404 -0.6565
vn 0.9933 -0.0584 -0.0993
vn 0.8963 -0.2645 0.3560
vn 0.9717 -0.0173 0.2355
vn 0.9151 -0.3177 -0.2484
vn 0.8978 -0.3810 0.2207
vn 0.7502 -0.6157 -0.2412
vn 0.6711 -0.7042 0.2320
vn 0.5026 -0.8361 -0.2200
vn 0.3939 -0.8851 0.2477
vn 0.2608 -0.9421 -0.2108
vn 0.9483 0.2032 0.2439
vn 0.9714 0.0202 -0.2365
vn 0.9972 0.0744 -0.0114
vn 0.9350 -0.2403 -0.2607
vn 0.9227 -0.3747 -0.0903
vn 0.9879 -0.1485 -0.0442
vn 0.8300 -0.5534 -0.0699
vn 0.7376 -0.6323 0.2367
vn -0.0000 -0.9657 0.2597
vn -0.0000 -0.9999 0.0158
vn -0.0000 -0.8451 -0.5346
vn -0.0000 -0.9779 -0.2092
vn 0.8752 -0.0336 0.4826
vn 0.8631 -0.2740 0.4242
vn 0.9576 0.2179 -0.1885
vn 0.9547 -0.0583 -0.2918
vn 0.8003 0.2364 0.5510
vn 0.8774 0.4609 -0.1333
vn 0.5908 0.5230 0.6143
vn 0.6655 0.7444 -0.0536
vn 0.2990 0.7690 0.5651
vn 0.3889 0.9207 -0.0329
vn 0.9053 0.4234 0.0353
vn 0.8534 -0.3764 0.3606
vn 0.9377 0.1951 0.2875
vn 0.9681 0.1741 -0.1804
vn 0.8293 0.5006 0.2485
vn 0.8358 0.5035 -0.2188
vn 0.5983 0.7673 0.2309
vn 0.5820 0.7787 -0.2342
vn 0.3478 0.9134 0.2113
vn 0.3100 0.9188 -0.2442
vn 0.9530 -0.0177 0.3023
vn 0.9653 -0.1834 -0.1860
vn 0.9054 0.4167 0.0811
vn 0.9282 -0.1500 -0.3404
vn 0.9974 0.0687 0.0226
vn 0.8950 0.4407 0.0689
vn 0.9956 0.0775 0.0531
vn 0.8728 -0.2549 0.4162
vn -0.7545 0.4206 -0.5038
vn -0.9896 -0.0039 0.1436
vn -0.8451 0.1440 -0.5149
vn -0.9491 -0.2865 0.1309
vn -0.8399 -0.1235 -0.5285
vn -0.8170 -0.5653 0.1134
vn -0.6584 -0.4222 -0.6231
vn -0.5782 -0.8145 0.0479
vn -0.3987 -0.6404 -0.6565
vn -0.2565 -0.9547 0.1508
vn -0.8963 -0.2645 0.3559
vn -0.9933 -0.0584 -0.0993
vn -0.7501 -0.6157 -0.2411
vn -0.9151 -0.3177 -0.2484
vn -0.8978 -0.3811 0.2207
vn -0.9717 -0.0172 0.2355
vn -0.5026 -0.8361 -0.2200
vn -0.6710 -0.7042 0.2320
vn -0.2608 -0.9421 -0.2108
vn -0.3939 -0.8851 0.2477
vn -0.9714 0.0202 -0.2365
vn -0.9483 0.2032 0.2439
vn -0.9350 -0.2403 -0.2607
vn -0.9972 0.0744 -0.0114
vn -0.9227 -0.3747 -0.0903
vn -0.7376 -0.6323 0.2367
vn -0.8300 -0.5534 -0.0699
vn -0.9879 -0.1485 -0.0442
vt 0.310065 -0.208608
vt 0.307211 -0.209210
vt 0.310065 -0.215039
vt 0.307211 -0.215751
vt 0.310065 -0.224327
vt 0.307211 -0.224538
vt 0.310065 -0.231201
vt 0.307211 -0.231244
vt 0.310065 -0.240280
vt 0.307211 -0.240323
vt 0.310065 -0.252131
vt 0.307211 -0.252131
vt 0.307222 -0.207106
vt 0.310873 -0.207399
vt 0.374183 -0.228269
vt 0.371244 -0.220034
vt 0.369299 -0.228269
vt 0.366359 -0.220034
vt 0.376536 -0.235208
vt 0.371653 -0.235208
vt 0.378110 -0.243158
vt 0.373226 -0.243158
vt 0.378901 -0.252173
vt 0.374038 -0.252173
vt 0.369473 -0.215073
vt 0.364617 -0.214602
vt 0.368439 -0.212999
vt 0.363329 -0.212410
vt 0.363329 -0.206232
vt 0.311521 -0.203532
vt 0.316212 -0.201625
vt 0.319227 -0.207612
vt 0.015572 -0.064020
vt 0.015572 -0.073820
vt 0.019861 -0.065062
vt 0.019861 -0.074724
vt 0.015572 -0.050818
vt 0.019861 -0.051107
vt 0.015572 -0.040743
vt 0.019861 -0.040780
vt 0.015572 -0.027102
vt 0.019861 -0.027139
vt 0.021074 -0.076541
vt 0.015590 -0.076981
vt 0.099644 -0.056971
vt 0.107565 -0.054585
vt 0.099644 -0.043834
vt 0.107565 -0.041449
vt 0.099644 -0.032826
vt 0.107565 -0.030441
vt 0.099644 -0.020762
vt 0.107565 -0.018377
vt 0.099644 -0.065540
vt 0.107565 -0.062525
vt 0.099644 -0.069284
vt 0.107565 -0.068154
vt 0.099882 -0.078294
vt 0.033626 -0.076220
vt 0.029097 -0.085215
vt 0.022048 -0.082351
vt 0.825654 -0.014668
vt 0.766962 -0.014668
vt 0.825741 -0.008862
vt 0.766509 -0.008862
vt 0.763649 -0.014668
vt 0.763625 -0.008862
vt 0.757047 -0.014668
vt 0.757467 -0.008862
vt 0.745937 -0.014668
vt 0.746379 -0.008862
vt 0.734974 -0.014668
vt 0.735297 -0.008862
vt 0.723455 -0.014668
vt 0.723720 -0.008862
vt 0.711668 -0.014668
vt 0.711668 -0.008862
vt 0.723503 -0.008862
vt 0.723683 -0.014668
vt 0.735560 -0.014668
vt 0.747243 -0.008862
vt 0.747508 -0.014668
vt 0.758666 -0.008862
vt 0.758876 -0.014668
vt 0.765586 -0.008862
vt 0.765708 -0.014668
vt 0.768393 -0.008862
vt 0.769023 -0.014668
vt 0.778199 -0.008862
vt 0.778282 -0.014668
vt 0.841188 -0.008862
vt 0.841284 -0.014668
vt 0.847899 -0.008862
vt 0.847655 -0.014668
vt 0.853271 -0.008862
vt 0.853545 -0.014668
vt 0.856614 -0.008862
vt 0.856176 -0.014668
vt 0.864514 -0.008862
vt 0.864144 -0.014668
vt 0.875636 -0.008862
vt 0.875104 -0.014668
vt 0.885972 -0.008862
vt 0.885489 -0.014668
vt 0.897703 -0.008862
vt 0.897363 -0.014668
vt 0.909477 -0.014668
vt 0.909177 -0.008862
vt 0.879654 -0.014668
vt 0.868451 -0.014668
vt 0.879428 -0.008862
vt 0.868120 -0.008862
vt 0.858494 -0.014668
vt 0.857969 -0.008862
vt 0.847163 -0.014668
vt 0.846796 -0.008862
vt 0.840284 -0.014668
vt 0.839811 -0.008862
vt 0.837272 -0.014668
vt 0.837354 -0.008862
vt 0.015572 -0.009333
vt 0.019861 -0.009333
vt 0.107565 -0.005179
vt 0.099644 -0.007557
vt 0.891129 -0.014668
vt 0.891542 -0.008862
vt 0.307224 -0.048722
vt 0.307224 -0.055226
vt 0.310079 -0.049397
vt 0.310079 -0.055828
vt 0.307224 -0.039935
vt 0.310079 -0.040109
vt 0.307224 -0.033229
vt 0.310079 -0.033235
vt 0.307224 -0.024150
vt 0.310079 -0.024156
vt 0.307224 -0.012305
vt 0.310079 -0.012305
vt 0.310886 -0.057037
vt 0.307236 -0.057330
vt 0.366373 -0.044402
vt 0.371241 -0.044402
vt 0.369313 -0.036168
vt 0.374180 -0.036168
vt 0.371666 -0.029229
vt 0.376533 -0.029229
vt 0.373240 -0.021278
vt 0.378106 -0.021278
vt 0.374052 -0.012263
vt 0.378914 -0.012263
vt 0.364630 -0.049835
vt 0.369470 -0.049400
vt 0.363336 -0.052026
vt 0.368436 -0.051473
vt 0.363336 -0.058204
vt 0.319241 -0.056824
vt 0.316226 -0.062811
vt 0.311535 -0.060905
s 1
usemtl default.098
f 757/275/192 758/276/193 809/277/194
f 759/278/195 809/277/194 758/276/193
f 809/277/194 759/278/195 807/279/196
f 801/280/197 807/279/196 759/278/195
f 807/279/196 801/280/197 806/281/198
f 760/282/199 806/281/198 801/280/197
f 806/281/198 760/282/199 805/283/200
f 804/284/201 805/283/200 760/282/199
f 805/283/200 804/284/201 818/285/202
f 868/286/203 818/285/202 804/284/201
f 758/276/193 757/275/192 761/287/204
f 771/288/205 761/287/204 757/275/192
f 791/289/206 762/290/207 788/291/208
f 786/292/209 788/291/208 762/290/207
f 765/293/210 791/289/206 763/294/211
f 788/291/208 763/294/211 791/289/206
f 766/295/212 765/293/210 764/296/213
f 763/294/211 764/296/213 765/293/210
f 813/297/214 766/295/212 851/298/215
f 764/296/213 851/298/215 766/295/212
f 762/290/207 767/299/216 786/292/209
f 768/300/217 786/292/209 767/299/216
f 767/299/216 793/301/218 768/300/217
f 770/302/219 768/300/217 793/301/218
f 769/303/220 770/302/219 793/301/218
f 798/304/221 771/288/205 772/305/222
f 811/306/223 772/305/222 771/288/205
f 798/304/221 761/287/204 771/288/205
f 772/305/222 811/306/223 769/303/220
f 770/302/219 769/303/220 811/306/223
f 773/307/224 777/308/225 808/309/226
f 810/310/227 808/309/226 777/308/225
f 800/311/228 773/307/224 774/312/229
f 808/309/226 774/312/229 773/307/224
f 802/313/230 800/311/228 775/314/231
f 774/312/229 775/314/231 800/311/228
f 803/315/232 802/313/230 812/316/233
f 775/314/231 812/316/233 802/313/230
f 776/317/234 810/310/227 799/318/235
f 777/308/225 799/318/235 810/310/227
f 785/319/236 781/320/237 787/321/238
f 790/322/239 787/321/238 781/320/237
f 787/321/238 790/322/239 778/323/240
f 780/324/241 778/323/240 790/322/239
f 778/323/240 780/324/241 779/325/242
f 789/326/243 779/325/242 780/324/241
f 784/327/244 792/328/245 785/319/236
f 781/320/237 785/319/236 792/328/245
f 783/329/246 794/330/247 784/327/244
f 792/328/245 784/327/244 794/330/247
f 783/329/246 795/331/248 794/330/247
f 782/332/249 776/317/234 796/333/250
f 797/334/251 796/333/250 776/317/234
f 799/318/235 797/334/251 776/317/234
f 796/333/250 795/331/248 782/332/249
f 783/329/246 782/332/249 795/331/248
f 782/335/249 783/336/246 811/337/223
f 770/338/219 811/337/223 783/336/246
f 783/336/246 784/339/244 770/338/219
f 768/340/217 770/338/219 784/339/244
f 784/339/244 785/341/236 768/340/217
f 786/342/209 768/340/217 785/341/236
f 785/341/236 787/343/238 786/342/209
f 788/344/208 786/342/209 787/343/238
f 787/343/238 778/345/240 788/344/208
f 763/346/211 788/344/208 778/345/240
f 778/345/240 779/347/242 763/346/211
f 764/348/213 763/346/211 779/347/242
f 779/347/242 852/349/252 764/348/213
f 851/350/215 764/348/213 852/349/252
f 789/351/243 780/346/241 766/352/212
f 765/353/210 766/352/212 780/346/241
f 780/346/241 790/354/239 765/353/210
f 791/355/206 765/353/210 790/354/239
f 790/354/239 781/356/237 791/355/206
f 762/357/207 791/355/206 781/356/237
f 781/356/237 792/358/245 762/357/207
f 767/359/216 762/357/207 792/358/245
f 792/358/245 794/360/247 767/359/216
f 793/361/218 767/359/216 794/360/247
f 794/360/247 795/362/248 793/361/218
f 769/363/220 793/361/218 795/362/248
f 795/362/248 796/364/250 769/363/220
f 772/365/222 769/363/220 796/364/250
f 796/364/250 797/366/251 772/365/222
f 798/367/221 772/365/222 797/366/251
f 797/366/251 799/368/235 798/367/221
f 761/369/204 798/367/221 799/368/235
f 799/368/235 777/370/225 761/369/204
f 758/371/193 761/369/204 777/370/225
f 777/370/225 773/372/224 758/371/193
f 759/373/195 758/371/193 773/372/224
f 773/372/224 800/374/228 759/373/195
f 801/375/197 759/373/195 800/374/228
f 800/374/228 802/376/230 801/375/197
f 760/377/199 801/375/197 802/376/230
f 802/376/230 803/378/232 760/377/199
f 804/379/201 760/377/199 803/378/232
f 804/379/201 803/378/232 868/380/203
f 865/381/253 868/380/203 803/378/232
f 812/382/233 775/383/231 805/384/200
f 806/385/198 805/384/200 775/383/231
f 775/383/231 774/386/229 806/385/198
f 807/387/196 806/385/198 774/386/229
f 774/386/229 808/388/226 807/387/196
f 809/389/194 807/387/196 808/388/226
f 808/388/226 810/390/227 809/389/194
f 757/391/192 809/389/194 810/390/227
f 810/390/227 776/392/234 757/391/192
f 771/393/205 757/391/192 776/392/234
f 776/392/234 782/335/249 771/393/205
f 811/337/223 771/393/205 782/335/249
f 865/394/253 803/315/232 876/395/254
f 812/316/233 876/395/254 803/315/232
f 814/396/255 852/397/252 789/326/243
f 779/325/242 789/326/243 852/397/252
f 814/350/255 789/351/243 813/349/214
f 766/352/212 813/349/214 789/351/243
f 876/398/254 812/382/233 818/399/202
f 805/384/200 818/399/202 812/382/233
f 862/400/256 816/401/257 815/402/258
f 873/403/259 815/402/258 816/401/257
f 864/404/260 862/400/256 872/405/261
f 815/402/258 872/405/261 862/400/256
f 817/406/262 864/404/260 870/407/263
f 872/405/261 870/407/263 864/404/260
f 867/408/264 817/406/262 819/409/265
f 870/407/263 819/409/265 817/406/262
f 868/410/203 867/408/264 818/411/202
f 819/409/265 818/411/202 867/408/264
f 828/412/266 873/403/259 861/413/267
f 816/401/257 861/413/267 873/403/259
f 847/414/268 856/415/269 850/416/270
f 820/417/271 850/416/270 856/415/269
f 850/416/270 820/417/271 821/418/272
f 822/419/273 821/418/272 820/417/271
f 821/418/272 822/419/273 823/420/274
f 824/421/275 823/420/274 822/419/273
f 823/420/274 824/421/275 851/422/215
f 813/423/214 851/422/215 824/421/275
f 825/424/276 826/425/277 847/414/268
f 856/415/269 847/414/268 826/425/277
f 827/426/278 858/427/279 825/424/276
f 826/425/277 825/424/276 858/427/279
f 827/426/278 857/428/280 858/427/279
f 874/429/281 828/412/266 829/430/282
f 860/431/283 829/430/282 828/412/266
f 861/413/267 860/431/283 828/412/266
f 827/426/278 874/429/281 857/428/280
f 829/430/282 857/428/280 874/429/281
f 830/310/284 835/308/285 871/309/286
f 863/307/287 871/309/286 835/308/285
f 871/309/286 863/307/287 832/312/288
f 831/311/289 832/312/288 863/307/287
f 832/312/288 831/311/289 833/314/290
f 834/313/291 833/314/290 831/311/289
f 833/314/290 834/313/291 869/316/292
f 866/315/293 869/316/292 834/313/291
f 835/308/285 830/310/284 843/318/294
f 836/317/295 843/318/294 830/310/284
f 854/322/296 855/320/297 848/321/298
f 846/319/299 848/321/298 855/320/297
f 837/324/300 854/322/296 849/323/301
f 848/321/298 849/323/301 854/322/296
f 853/326/302 837/324/300 838/325/303
f 849/323/301 838/325/303 837/324/300
f 855/320/297 839/328/304 846/319/299
f 841/327/305 846/319/299 839/328/304
f 839/328/304 840/330/306 841/327/305
f 845/329/307 841/327/305 840/330/306
f 844/331/308 845/329/307 840/330/306
f 842/334/309 836/317/295 859/333/310
f 875/332/311 859/333/310 836/317/295
f 842/334/309 843/318/294 836/317/295
f 845/329/307 844/331/308 875/332/311
f 859/333/310 875/332/311 844/331/308
f 827/338/278 845/336/307 874/337/281
f 875/335/311 874/337/281 845/336/307
f 825/340/276 841/339/305 827/338/278
f 845/336/307 827/338/278 841/339/305
f 847/342/268 846/341/299 825/340/276
f 841/339/305 825/340/276 846/341/299
f 850/344/270 848/343/298 847/342/268
f 846/341/299 847/342/268 848/343/298
f 821/346/272 849/345/301 850/344/270
f 848/343/298 850/344/270 849/345/301
f 823/348/274 838/347/303 821/346/272
f 849/345/301 821/346/272 838/347/303
f 851/350/215 852/349/252 823/348/274
f 838/347/303 823/348/274 852/349/252
f 822/353/273 837/346/300 824/352/275
f 853/351/302 824/352/275 837/346/300
f 820/355/271 854/354/296 822/353/273
f 837/346/300 822/353/273 854/354/296
f 856/357/269 855/356/297 820/355/271
f 854/354/296 820/355/271 855/356/297
f 826/359/277 839/358/304 856/357/269
f 855/356/297 856/357/269 839/358/304
f 858/361/279 840/360/306 826/359/277
f 839/358/304 826/359/277 840/360/306
f 857/363/280 844/362/308 858/361/279
f 840/360/306 858/361/279 844/362/308
f 829/365/282 859/364/310 857/363/280
f 844/362/308 857/363/280 859/364/310
f 860/367/283 842/366/309 829/365/282
f 859/364/310 829/365/282 842/366/309
f 861/369/267 843/368/294 860/367/283
f 842/366/309 860/367/283 843/368/294
f 816/371/257 835/370/285 861/369/267
f 843/368/294 861/369/267 835/370/285
f 862/373/256 863/372/287 816/371/257
f 835/370/285 816/371/257 863/372/287
f 864/375/260 831/374/289 862/373/256
f 863/372/287 862/373/256 831/374/289
f 817/377/262 834/376/291 864/375/260
f 831/374/289 864/375/260 834/376/291
f 867/379/264 866/378/293 817/377/262
f 834/376/291 817/377/262 866/378/293
f 865/381/253 866/378/293 868/380/203
f 867/379/264 868/380/203 866/378/293
f 870/385/263 833/383/290 819/384/265
f 869/382/292 819/384/265 833/383/290
f 872/387/261 832/386/288 870/385/263
f 833/383/290 870/385/263 832/386/288
f 815/389/258 871/388/286 872/387/261
f 832/386/288 872/387/261 871/388/286
f 873/391/259 830/390/284 815/389/258
f 871/388/286 815/389/258 830/390/284
f 828/393/266 836/392/295 873/391/259
f 830/390/284 873/391/259 836/392/295
f 874/337/281 875/335/311 828/393/266
f 836/392/295 828/393/266 875/335/311
f 869/316/292 866/315/293 876/395/254
f 865/394/253 876/395/254 866/315/293
f 838/325/303 852/397/252 853/326/302
f 814/396/255 853/326/302 852/397/252
f 824/352/275 853/351/302 813/349/214
f 814/350/255 813/349/214 853/351/302
f 819/384/265 869/382/292 818/399/202
f 876/398/254 818/399/202 869/382/292
o Mirage_III_Eject_Seat01_default
v -0.210000 -0.190340 2.826678
v -0.210000 0.079342 2.826678
v -0.210001 0.004017 2.406014
v -0.210001 0.004017 2.406014
v -0.210001 -0.190340 2.351530
v -0.210000 -0.190340 2.826678
v 0.209999 0.004017 2.406014
v 0.210000 0.079342 2.826678
v 0.210000 -0.190340 2.826678
v 0.210000 -0.190340 2.826678
v 0.209999 -0.190340 2.351530
v 0.209999 0.004017 2.406014
v 0.210000 0.894998 2.145824
v 0.167999 0.894998 2.281605
v 0.209999 0.894998 2.281605
v 0.209999 0.690845 2.366977
v 0.209999 0.848283 2.365503
v 0.167999 0.848283 2.365503
v 0.167999 0.848283 2.365503
v 0.167999 0.690845 2.366977
v 0.209999 0.690845 2.366977
v 0.167999 0.598768 2.277736
v 0.210000 0.598768 2.277736
v 0.209999 0.690845 2.366977
v 0.209999 0.690845 2.366977
v 0.167999 0.690845 2.366977
v 0.167999 0.598768 2.277736
v -0.172201 0.598768 2.277736
v -0.210001 0.598768 2.277736
v -0.210001 0.004017 2.406014
v -0.210000 -0.190340 2.826678
v 0.210000 -0.190340 2.826678
v 0.210000 0.079342 2.826678
v 0.210000 0.079342 2.826678
v -0.210000 0.079342 2.826678
v -0.210000 -0.190340 2.826678
v -0.210001 -0.190340 2.351530
v 0.209999 -0.190340 2.351530
v 0.210000 -0.190340 2.826678
v 0.210000 -0.190340 2.826678
v -0.210000 -0.190340 2.826678
v -0.210001 -0.190340 2.351530
v -0.210001 0.690845 2.145824
v 0.210000 0.690845 2.145824
v 0.209999 -0.190340 2.351530
v 0.209999 -0.190340 2.351530
v -0.210001 -0.190340 2.351530
v -0.210001 0.690845 2.145824
v 0.167999 0.848283 2.365503
v 0.209999 0.848283 2.365503
v 0.209999 0.894998 2.281605
v 0.209999 0.894998 2.281605
v 0.167999 0.894998 2.281605
v 0.167999 0.848283 2.365503
v 0.167999 0.690845 2.366977
v 0.099959 0.690845 2.306253
v 0.167999 0.598768 2.277736
v 0.167999 0.690845 2.366977
v 0.167999 0.848283 2.365503
v 0.099959 0.848283 2.304780
v 0.099959 0.848283 2.304780
v 0.099959 0.690845 2.306253
v 0.167999 0.690845 2.366977
v 0.099959 0.848283 2.304780
v 0.167999 0.848283 2.365503
v 0.167999 0.894998 2.281605
v 0.167999 0.894998 2.281605
v 0.099959 0.894998 2.211997
v 0.099959 0.848283 2.304780
v -0.210001 0.598768 2.277736
v -0.172201 0.598768 2.277736
v -0.172201 0.690845 2.366977
v -0.172201 0.690845 2.366977
v -0.210001 0.690845 2.366977
v -0.210001 0.598768 2.277736
v -0.172201 0.690845 2.366977
v -0.172201 0.848283 2.365503
v -0.210001 0.848283 2.365503
v -0.210001 0.848283 2.365503
v -0.210001 0.690845 2.366977
v -0.172201 0.690845 2.366977
v -0.210001 0.848283 2.365503
v -0.172201 0.848283 2.365503
v -0.172201 0.894998 2.281605
v -0.172201 0.894998 2.281605
v -0.210001 0.894998 2.281605
v -0.210001 0.848283 2.365503
v -0.104161 0.690845 2.306253
v -0.172201 0.690845 2.366977
v -0.172201 0.598768 2.277736
v -0.104161 0.690845 2.306253
v -0.104161 0.848283 2.304780
v -0.172201 0.848283 2.365503
v -0.172201 0.848283 2.365503
v -0.172201 0.690845 2.366977
v -0.104161 0.690845 2.306253
v -0.172201 0.848283 2.365503
v -0.104161 0.848283 2.304780
v -0.104161 0.894998 2.211997
v -0.104161 0.894998 2.211997
v -0.172201 0.894998 2.281605
v -0.172201 0.848283 2.365503
v -0.172201 0.598768 2.277736
v 0.167999 0.598768 2.277736
v 0.099959 0.690846 2.306253
v 0.099959 0.690846 2.306253
v -0.104161 0.690846 2.306253
v -0.172201 0.598768 2.277736
v 0.099959 0.690846 2.306253
v 0.099959 0.848283 2.304780
v -0.104161 0.848283 2.304780
v -0.104161 0.848283 2.304780
v -0.104161 0.690846 2.306253
v 0.099959 0.690846 2.306253
v -0.104161 0.848283 2.304780
v 0.099959 0.848283 2.304780
v 0.099959 0.894998 2.211997
v 0.099959 0.894998 2.211997
v -0.104161 0.894998 2.211997
v -0.104161 0.848283 2.304780
v 0.210000 0.894998 2.145824
v 0.210000 0.690845 2.145824
v -0.210001 0.690845 2.145824
v -0.210001 0.690845 2.145824
v -0.210001 0.894998 2.145824
v 0.210000 0.894998 2.145824
v -0.210001 0.894998 2.145824
v -0.210001 0.894998 2.281605
v -0.172201 0.894998 2.281605
v -0.210001 0.894998 2.145824
v -0.172201 0.894998 2.281605
v -0.104161 0.894998 2.211997
v -0.104161 0.894998 2.211997
v 0.099959 0.894998 2.211997
v 0.210000 0.894998 2.145824
v 0.210000 0.894998 2.145824
v -0.210001 0.894998 2.145824
v -0.104161 0.894998 2.211997
v 0.210000 0.894998 2.145824
v 0.099959 0.894998 2.211997
v 0.167999 0.894998 2.281605
v -0.210001 0.004017 2.406014
v 0.209999 0.004017 2.406014
v 0.167999 0.598768 2.277736
v 0.167999 0.598768 2.277736
v -0.172201 0.598768 2.277736
v -0.210001 0.004017 2.406014
v 0.167999 0.598768 2.277736
v 0.209999 0.004017 2.406014
v 0.210000 0.598768 2.277736
v -0.210000 0.079342 2.826678
v 0.210000 0.079342 2.826678
v 0.210000 0.004017 2.406014
v 0.210000 0.004017 2.406014
v -0.210001 0.004017 2.406014
v -0.210000 0.079342 2.826678
v 0.150359 0.718797 2.007012
v -0.149668 0.723066 2.013569
v -0.145080 0.813036 2.164920
v -0.145080 0.813036 2.164920
v 0.154947 0.808768 2.158364
v 0.150359 0.718797 2.007012
v 0.142656 -0.136256 2.211195
v -0.157370 -0.131987 2.217752
v -0.149668 0.723066 2.013569
v -0.149668 0.723066 2.013569
v 0.150359 0.718797 2.007012
v 0.142656 -0.136256 2.211195
v 0.146283 -0.152923 2.388011
v -0.153743 -0.148654 2.394567
v -0.157370 -0.131987 2.217752
v -0.157370 -0.131987 2.217752
v 0.142656 -0.136256 2.211195
v 0.146283 -0.152923 2.388011
v 0.150359 0.718797 2.007012
v 0.154947 0.808768 2.158364
v 0.146283 -0.152923 2.388011
v 0.146283 -0.152923 2.388011
v 0.142656 -0.136256 2.211195
v 0.150359 0.718797 2.007012
v -0.145080 0.813036 2.164920
v -0.149668 0.723066 2.013569
v -0.157370 -0.131987 2.217752
v -0.157370 -0.131987 2.217752
v -0.153743 -0.148654 2.394567
v -0.145080 0.813036 2.164920
v -0.153743 -0.148654 2.394567
v 0.146283 -0.152923 2.388011
v 0.154947 0.808768 2.158364
v 0.154947 0.808768 2.158364
v -0.145080 0.813036 2.164920
v -0.153743 -0.148654 2.394567
v -0.210001 0.690845 2.145824
v -0.210001 0.598768 2.277736
v -0.210001 0.690845 2.366977
v -0.210001 0.690845 2.366977
v -0.210001 0.848283 2.365503
v -0.210001 0.894998 2.281605
v -0.210001 0.690845 2.145824
v -0.210001 0.690845 2.366977
v -0.210001 0.894998 2.281605
v -0.210001 0.690845 2.145824
v -0.210001 0.894998 2.281605
v -0.210001 0.894998 2.145824
v 0.210000 0.690845 2.145824
v 0.210000 0.894998 2.145824
v 0.209999 0.894998 2.281605
v 0.210000 0.690845 2.145824
v 0.209999 0.894998 2.281605
v 0.209999 0.848283 2.365503
v 0.210000 0.690845 2.145824
v 0.209999 0.848283 2.365503
v 0.209999 0.690845 2.366977
v 0.210000 0.690845 2.145824
v 0.209999 0.690845 2.366977
v 0.210000 0.598768 2.277736
v -0.210001 0.690845 2.145824
v -0.210001 -0.190340 2.351530
v -0.210001 0.004017 2.406014
v -0.210001 0.004017 2.406014
v -0.210001 0.598768 2.277736
v -0.210001 0.690845 2.145824
v 0.209999 0.004017 2.406014
v 0.209999 -0.190340 2.351530
v 0.210000 0.690845 2.145824
v 0.210000 0.690845 2.145824
v 0.210000 0.598768 2.277736
v 0.209999 0.004017 2.406014
vn -1.0000 -0.0000 -0.0000
vn 1.0000 -0.0000 -0.0000
vn -0.0000 1.0000 -0.0000
vn -0.0000 0.0094 1.0000
vn -0.0000 -0.6960 0.7181
vn -0.0000 0.2108 0.9775
vn -0.0000 -0.0000 1.0000
vn -0.0000 -1.0000 -0.0000
vn -0.0000 -0.2273 -0.9738
vn -0.0000 0.8737 0.4865
vn -0.5396 -0.5860 0.6046
vn -0.6658 0.0070 0.7461
vn -0.3982 0.8014 0.4462
vn -0.4180 0.8114 0.4085
vn 0.5396 -0.5860 0.6046
vn 0.6658 0.0070 0.7461
vn 0.3725 0.8289 0.4173
vn 0.4456 0.7822 0.4355
vn -0.0000 -0.2958 0.9552
vn -0.0000 0.8932 0.4497
vn -0.0000 -0.0000 -1.0000
vn -0.0000 0.9843 -0.1763
vn 0.0011 0.8596 -0.5110
vn -0.0246 -0.2320 -0.9724
vn -0.0162 -0.9955 -0.0935
vn 0.9997 -0.0142 -0.0218
vn -0.9997 0.0142 0.0218
vn 0.0245 0.2320 0.9724
vt 0.995556 -0.022812
vt 0.816310 -0.070405
vt 0.977556 -0.358748
vt 0.768693 -0.358748
vt 0.977383 -0.358748
vt 0.337957 -0.419673
vt 0.337957 -0.358731
vt 0.385853 -0.358731
vt 0.312631 -0.358731
vt 0.312635 -0.419673
vt 0.261365 -0.358833
vt 0.261373 -0.419757
vt 0.228886 -0.358883
vt 0.228894 -0.419825
vt 0.228951 -0.968230
vt 0.030039 -0.968604
vt 0.228943 -0.913398
vt 0.485425 -0.358731
vt 0.390294 -0.358579
vt 0.485363 -0.968095
vt 0.390237 -0.967927
vt 0.768693 -0.968095
vt 0.977387 -0.968095
vt 0.457867 -0.358731
vt 0.457867 -0.968113
vt 0.261382 -0.518479
vt 0.323350 -0.518394
vt 0.362510 -0.518394
vt 0.261423 -0.913346
vt 0.261427 -0.968180
vt 0.312660 -0.913245
vt 0.312664 -0.968095
vt 0.337957 -0.913245
vt 0.337957 -0.968095
vt 0.261414 -0.814625
vt 0.323367 -0.814540
vt 0.362510 -0.814540
vt 0.385853 -0.968095
vt 0.029978 -0.359239
vt 0.209375 -0.359560
vt 0.209432 -0.968908
vt 0.652205 -0.947508
vt 0.583492 -0.947508
vt 0.652205 -0.403772
vt 0.583492 -0.403772
vt 0.900247 -0.947508
vt 0.900247 -0.403772
vt 0.965793 -0.947508
vt 0.965793 -0.403772
vt 0.639520 -0.098684
vt 0.920540 -0.098684
vt 0.472172 -0.145873
vt 0.439593 -0.019953
vt 0.439593 -0.331979
vt 0.383888 -0.022026
vt 0.367359 -0.140410
vt 0.367359 -0.331979
vt 0.750388 -0.336010
vt 0.682887 -0.145543
s 1
usemtl default.101
f 878/432/312 879/433/312 877/434/312
f 881/435/312 882/434/312 880/433/312
f 884/432/313 885/436/313 883/433/313
f 887/435/313 888/433/313 886/436/313
f 890/437/314 891/438/314 889/439/314
f 893/440/315 894/441/315 892/442/315
f 896/443/315 897/442/315 895/441/315
f 899/444/316 900/442/316 898/445/316
f 902/443/316 903/445/316 901/442/316
f 905/446/317 906/447/317 904/448/317
f 908/449/318 909/450/318 907/451/318
f 911/452/318 912/451/318 910/450/318
f 914/435/319 915/436/319 913/453/319
f 917/454/319 918/453/319 916/436/319
f 920/455/320 921/435/320 919/456/320
f 923/453/320 924/456/320 922/435/320
f 926/440/321 927/438/321 925/441/321
f 929/437/321 930/441/321 928/438/321
f 932/457/322 933/445/322 931/443/322
f 935/441/323 936/458/323 934/443/323
f 938/457/323 939/443/323 937/458/323
f 941/441/324 942/437/324 940/458/324
f 944/459/325 945/458/325 943/437/325
f 947/448/316 948/460/316 946/446/316
f 950/461/316 951/446/316 949/460/316
f 953/462/315 954/463/315 952/460/315
f 956/461/315 957/460/315 955/463/315
f 959/462/321 960/464/321 958/463/321
f 962/465/321 963/463/321 961/464/321
f 965/460/326 966/448/326 964/466/326
f 968/467/327 969/462/327 967/466/327
f 971/460/327 972/466/327 970/462/327
f 974/467/328 975/468/328 973/462/328
f 977/464/329 978/462/329 976/468/329
f 980/445/330 981/457/330 979/448/330
f 983/466/330 984/448/330 982/457/330
f 986/458/315 987/467/315 985/457/315
f 989/466/315 990/457/315 988/467/315
f 992/458/331 993/459/331 991/467/331
f 995/468/331 996/467/331 994/459/331
f 998/455/332 999/456/332 997/439/332
f 1001/469/332 1002/439/332 1000/456/332
f 1004/465/314 1005/464/314 1003/469/314
f 1007/464/314 1008/468/314 1006/469/314
f 1010/459/314 1011/439/314 1009/468/314
f 1013/469/314 1014/468/314 1012/439/314
f 1016/459/314 1017/437/314 1015/439/314
f 1019/470/317 1020/445/317 1018/447/317
f 1022/448/317 1023/447/317 1021/445/317
f 1025/470/317 1026/444/317 1024/445/317
f 1028/471/333 1029/470/333 1027/472/333
f 1031/447/333 1032/472/333 1030/470/333
f 1034/473/334 1035/474/334 1033/475/334
f 1037/476/334 1038/475/334 1036/474/334
f 1040/477/335 1041/473/335 1039/478/335
f 1043/475/335 1044/478/335 1042/473/335
f 1046/479/336 1047/477/336 1045/480/336
f 1049/478/336 1050/480/336 1048/477/336
f 1052/481/337 1053/482/337 1051/475/337
f 1055/478/337 1056/475/337 1054/482/337
f 1058/475/338 1059/478/338 1057/481/338
f 1061/482/338 1062/481/338 1060/478/338
f 1064/482/339 1065/481/339 1063/482/339
f 1067/481/339 1068/482/339 1066/481/339
f 1070/483/312 1071/484/312 1069/485/312
f 1073/486/312 1074/487/312 1072/484/312
f 1076/484/312 1077/487/312 1075/485/312
f 1079/487/312 1080/488/312 1078/485/312
f 1082/488/313 1083/487/313 1081/485/313
f 1085/487/313 1086/486/313 1084/485/313
f 1088/486/313 1089/484/313 1087/485/313
f 1091/484/313 1092/483/313 1090/485/313
f 1094/489/312 1095/490/312 1093/485/312
f 1097/483/312 1098/485/312 1096/490/312
f 1100/489/313 1101/485/313 1099/490/313
f 1103/483/313 1104/490/313 1102/485/313
o Mirage_III_ElevatorL01_default
v 2.555318 -0.278796 -5.677691
v 2.555318 -0.359783 -4.851438
v 1.353889 -0.325293 -4.851436
v 1.353889 -0.325293 -4.851436
v 1.353889 -0.235635 -5.752994
v 2.555318 -0.278796 -5.677691
v 2.555318 -0.278796 -5.677691
v 1.353889 -0.235635 -5.752994
v 1.353889 -0.142906 -4.851437
v 1.353889 -0.142906 -4.851437
v 2.555318 -0.197256 -4.851439
v 2.555318 -0.278796 -5.677691
v 2.555318 -0.197256 -4.851439
v 1.353889 -0.142906 -4.851437
v 1.353889 -0.325293 -4.851436
v 1.353889 -0.325293 -4.851436
v 2.555318 -0.359783 -4.851438
v 2.555318 -0.197256 -4.851439
v 1.353889 -0.142906 -4.851437
v 1.353889 -0.235635 -5.752994
v 1.353889 -0.325293 -4.851436
v 2.555318 -0.359783 -4.851438
v 2.555318 -0.278796 -5.677691
v 2.555318 -0.197256 -4.851439
v 1.961514 -0.320112 -5.440063
v 1.940536 -0.376735 -5.122051
v 1.926488 -0.319546 -5.122054
v 1.926488 -0.319546 -5.122054
v 1.979026 -0.298565 -5.446775
v 1.961514 -0.320112 -5.440063
v 1.974451 -0.329410 -5.440063
v 1.974451 -0.404816 -5.122053
v 1.940536 -0.376735 -5.122051
v 1.940536 -0.376735 -5.122051
v 1.961514 -0.320112 -5.440063
v 1.974451 -0.329410 -5.440063
v 1.987390 -0.320628 -5.440064
v 2.008367 -0.378461 -5.122053
v 1.974451 -0.404816 -5.122053
v 1.974451 -0.404816 -5.122053
v 1.974451 -0.329410 -5.440063
v 1.987390 -0.320628 -5.440064
v 1.979026 -0.298565 -5.446775
v 2.022415 -0.321460 -5.122053
v 2.008367 -0.378461 -5.122053
v 2.008367 -0.378461 -5.122053
v 1.987390 -0.320628 -5.440064
v 1.979026 -0.298565 -5.446775
v 1.940536 -0.376735 -5.122051
v 1.938166 -0.403926 -4.891326
v 1.923138 -0.332260 -4.891426
v 1.923138 -0.332260 -4.891426
v 1.926488 -0.319546 -5.122054
v 1.940536 -0.376735 -5.122051
v 1.974451 -0.404816 -5.122053
v 1.974452 -0.432031 -4.891260
v 1.938166 -0.403926 -4.891326
v 1.938166 -0.403926 -4.891326
v 1.940536 -0.376735 -5.122051
v 1.974451 -0.404816 -5.122053
v 2.010737 -0.405985 -4.891319
v 1.974452 -0.432031 -4.891260
v 1.974451 -0.404816 -5.122053
v 1.974451 -0.404816 -5.122053
v 2.008367 -0.378461 -5.122053
v 2.010737 -0.405985 -4.891319
v 2.025766 -0.334429 -4.891426
v 2.010737 -0.405985 -4.891319
v 2.008367 -0.378461 -5.122053
v 2.008367 -0.378461 -5.122053
v 2.022415 -0.321460 -5.122053
v 2.025766 -0.334429 -4.891426
v 1.974451 -0.329410 -5.440063
v 1.961514 -0.320112 -5.440063
v 1.979026 -0.298565 -5.446775
v 1.987390 -0.320628 -5.440064
v 1.974451 -0.329410 -5.440063
v 1.979026 -0.298565 -5.446775
v 1.933403 -0.334464 -4.812875
v 1.945227 -0.393529 -4.813874
v 1.974452 -0.334464 -4.666925
v 1.945227 -0.393529 -4.813874
v 1.974452 -0.416481 -4.814909
v 1.974452 -0.334464 -4.666925
v 1.974452 -0.416481 -4.814909
v 2.003696 -0.395255 -4.813974
v 1.974452 -0.334464 -4.666925
v 2.003696 -0.395255 -4.813974
v 2.015507 -0.336216 -4.812900
v 1.974452 -0.334464 -4.666925
v 1.938166 -0.403926 -4.891326
v 1.945227 -0.393529 -4.813874
v 1.933403 -0.334464 -4.812875
v 1.933403 -0.334464 -4.812875
v 1.923138 -0.332260 -4.891426
v 1.938166 -0.403926 -4.891326
v 1.974452 -0.432031 -4.891260
v 1.974452 -0.416481 -4.814909
v 1.945227 -0.393529 -4.813874
v 1.945227 -0.393529 -4.813874
v 1.938166 -0.403926 -4.891326
v 1.974452 -0.432031 -4.891260
v 2.010737 -0.405985 -4.891319
v 2.003696 -0.395255 -4.813974
v 1.974452 -0.416481 -4.814909
v 1.974452 -0.416481 -4.814909
v 1.974452 -0.432031 -4.891260
v 2.010737 -0.405985 -4.891319
v 2.025766 -0.334429 -4.891426
v 2.015507 -0.336216 -4.812900
v 2.003696 -0.395255 -4.813974
v 2.003696 -0.395255 -4.813974
v 2.010737 -0.405985 -4.891319
v 2.025766 -0.334429 -4.891426
vn -0.0286 -0.9948 -0.0975
vn -0.0295 -0.9947 -0.0989
vn 0.0421 0.9939 -0.1022
vn 0.0450 0.9942 -0.0981
vn -0.0000 -0.0000 1.0000
vn -1.0000 -0.0000 -0.0000
vn 1.0000 -0.0000 -0.0000
vn -0.9657 -0.2372 -0.1059
vn -0.7862 0.6117 -0.0877
vn -0.6274 -0.7577 -0.1797
vn -0.5740 -0.7988 -0.1801
vn 0.6035 -0.7766 -0.1810
vn 0.5511 -0.8120 -0.1925
vn 0.9607 -0.2368 -0.1451
vn 0.9348 0.3553 0.0029
vn -0.9781 -0.2052 -0.0342
vn -0.9708 -0.2385 -0.0272
vn -0.6096 -0.7873 -0.0928
vn -0.6348 -0.7666 -0.0969
vn 0.5804 -0.8087 -0.0954
vn 0.6105 -0.7857 -0.1000
vn 0.9781 -0.2055 -0.0346
vn 0.9706 -0.2392 -0.0276
vn -0.1373 -0.1911 -0.9719
vn 0.1575 -0.2322 -0.9598
vn -0.9444 -0.1936 0.2656
vn -0.5565 -0.7267 0.4028
vn 0.5265 -0.7436 0.4121
vn 0.9438 -0.1937 0.2678
vn -0.9736 -0.1969 0.1152
vn -0.9715 -0.2036 0.1212
vn -0.6063 -0.7792 0.1587
vn -0.6047 -0.7803 0.1599
vn 0.5761 -0.8009 0.1635
vn 0.5755 -0.8014 0.1632
vn 0.9727 -0.1968 0.1226
vn 0.9720 -0.2040 0.1168
vt 0.179361 -0.823458
vt 0.179361 -0.900158
vt 0.126613 -0.823458
vt 0.121805 -0.900158
vt 0.887718 -0.675237
vt 0.830163 -0.675237
vt 0.882911 -0.598537
vt 0.830163 -0.598537
vt 0.921526 -0.041783
vt 0.921060 -0.029886
vt 0.843021 -0.041312
vt 0.842605 -0.030711
vt 0.980096 -0.033427
vt 0.788917 -0.038109
vt 0.055232 -0.657409
vt 0.055232 -0.653346
vt 0.028722 -0.657409
vt 0.028722 -0.653346
vt 0.055232 -0.662184
vt 0.028722 -0.662184
vt 0.055232 -0.666659
vt 0.028722 -0.666659
vt 0.055232 -0.671377
vt 0.028722 -0.671377
vt 0.074134 -0.657409
vt 0.074134 -0.653346
vt 0.074134 -0.662184
vt 0.074134 -0.666659
vt 0.074134 -0.671377
vt 0.020414 -0.657903
vt 0.024322 -0.663797
vt 0.080325 -0.657409
vt 0.091809 -0.662184
vt 0.080325 -0.653346
vt 0.080325 -0.662184
vt 0.080325 -0.666659
vt 0.080325 -0.671377
s 1
usemtl default.098
f 1106/491/340 1107/492/340 1105/493/340
f 1109/494/341 1110/493/341 1108/492/341
f 1112/495/342 1113/496/342 1111/497/342
f 1115/498/343 1116/497/343 1114/496/343
f 1118/499/344 1119/500/344 1117/501/344
f 1121/502/344 1122/501/344 1120/500/344
f 1124/503/345 1125/500/345 1123/499/345
f 1127/504/346 1128/501/346 1126/502/346
f 1130/505/347 1131/506/347 1129/507/347
f 1133/508/348 1134/507/348 1132/506/348
f 1136/509/349 1137/505/349 1135/510/349
f 1139/507/350 1140/510/350 1138/505/350
f 1142/511/351 1143/509/351 1141/512/351
f 1145/510/352 1146/512/352 1144/509/352
f 1148/513/353 1149/511/353 1147/514/353
f 1151/512/354 1152/514/354 1150/511/354
f 1154/515/355 1155/516/355 1153/505/355
f 1157/506/356 1158/505/356 1156/516/356
f 1160/517/357 1161/515/357 1159/509/357
f 1163/505/358 1164/509/358 1162/515/358
f 1166/517/359 1167/509/359 1165/518/359
f 1169/511/360 1170/518/360 1168/509/360
f 1172/518/361 1173/511/361 1171/519/361
f 1175/513/362 1176/519/362 1174/511/362
f 1178/507/363 1179/520/363 1177/510/363
f 1181/510/364 1182/520/364 1180/521/364
f 1184/522/365 1185/523/365 1183/524/365
f 1187/525/366 1188/523/366 1186/522/366
f 1190/526/367 1191/523/367 1189/525/367
f 1193/527/368 1194/523/368 1192/526/368
f 1196/522/369 1197/524/369 1195/515/369
f 1199/516/370 1200/515/370 1198/524/370
f 1202/525/371 1203/522/371 1201/517/371
f 1205/515/372 1206/517/372 1204/522/372
f 1208/526/373 1209/525/373 1207/518/373
f 1211/517/374 1212/518/374 1210/525/374
f 1214/527/375 1215/526/375 1213/519/375
f 1217/518/376 1218/519/376 1216/526/376
o Mirage_III_ElevatorR01_default
v -2.555319 -0.278795 -5.677691
v -1.353890 -0.235634 -5.752994
v -1.353890 -0.325293 -4.851437
v -1.353890 -0.325293 -4.851437
v -2.555319 -0.359783 -4.851438
v -2.555319 -0.278795 -5.677691
v -2.555319 -0.278795 -5.677691
v -2.555319 -0.197256 -4.851439
v -1.353890 -0.142906 -4.851437
v -1.353890 -0.142906 -4.851437
v -1.353890 -0.235634 -5.752994
v -2.555319 -0.278795 -5.677691
v -2.555319 -0.197256 -4.851439
v -2.555319 -0.359783 -4.851438
v -1.353890 -0.325293 -4.851437
v -1.353890 -0.325293 -4.851437
v -1.353890 -0.142906 -4.851437
v -2.555319 -0.197256 -4.851439
v -1.353890 -0.142906 -4.851437
v -1.353890 -0.325293 -4.851437
v -1.353890 -0.235634 -5.752994
v -2.555319 -0.359783 -4.851438
v -2.555319 -0.197256 -4.851439
v -2.555319 -0.278795 -5.677691
v -1.961514 -0.320112 -5.440063
v -1.979026 -0.298564 -5.446775
v -1.926488 -0.319546 -5.122053
v -1.926488 -0.319546 -5.122053
v -1.940537 -0.376735 -5.122052
v -1.961514 -0.320112 -5.440063
v -1.974452 -0.329410 -5.440063
v -1.961514 -0.320112 -5.440063
v -1.940537 -0.376735 -5.122052
v -1.940537 -0.376735 -5.122052
v -1.974452 -0.404816 -5.122053
v -1.974452 -0.329410 -5.440063
v -1.987390 -0.320628 -5.440064
v -1.974452 -0.329410 -5.440063
v -1.974452 -0.404816 -5.122053
v -1.974452 -0.404816 -5.122053
v -2.008368 -0.378460 -5.122052
v -1.987390 -0.320628 -5.440064
v -1.979026 -0.298564 -5.446775
v -1.987390 -0.320628 -5.440064
v -2.008368 -0.378460 -5.122052
v -2.008368 -0.378460 -5.122052
v -2.022416 -0.321460 -5.122052
v -1.979026 -0.298564 -5.446775
v -1.940537 -0.376735 -5.122052
v -1.926488 -0.319546 -5.122053
v -1.923138 -0.332260 -4.891425
v -1.923138 -0.332260 -4.891425
v -1.938167 -0.403925 -4.891326
v -1.940537 -0.376735 -5.122052
v -1.974452 -0.404816 -5.122053
v -1.940537 -0.376735 -5.122052
v -1.938167 -0.403925 -4.891326
v -1.938167 -0.403925 -4.891326
v -1.974453 -0.432031 -4.891260
v -1.974452 -0.404816 -5.122053
v -2.010738 -0.405985 -4.891320
v -2.008368 -0.378460 -5.122052
v -1.974452 -0.404816 -5.122053
v -1.974452 -0.404816 -5.122053
v -1.974453 -0.432031 -4.891260
v -2.010738 -0.405985 -4.891320
v -2.025767 -0.334429 -4.891426
v -2.022416 -0.321460 -5.122052
v -2.008368 -0.378460 -5.122052
v -2.008368 -0.378460 -5.122052
v -2.010738 -0.405985 -4.891320
v -2.025767 -0.334429 -4.891426
v -1.974452 -0.329410 -5.440063
v -1.979026 -0.298564 -5.446775
v -1.961514 -0.320112 -5.440063
v -1.987390 -0.320628 -5.440064
v -1.979026 -0.298564 -5.446775
v -1.974452 -0.329410 -5.440063
v -1.933404 -0.334464 -4.812874
v -1.974453 -0.334464 -4.666925
v -1.945227 -0.393529 -4.813875
v -1.945227 -0.393529 -4.813875
v -1.974453 -0.334464 -4.666925
v -1.974453 -0.416481 -4.814909
v -1.974453 -0.416481 -4.814909
v -1.974453 -0.334464 -4.666925
v -2.003697 -0.395255 -4.813974
v -2.003697 -0.395255 -4.813974
v -1.974453 -0.334464 -4.666925
v -2.015508 -0.336215 -4.812900
v -1.938167 -0.403925 -4.891326
v -1.923138 -0.332260 -4.891425
v -1.933404 -0.334464 -4.812874
v -1.933404 -0.334464 -4.812874
v -1.945227 -0.393529 -4.813875
v -1.938167 -0.403925 -4.891326
v -1.974453 -0.432031 -4.891260
v -1.938167 -0.403925 -4.891326
v -1.945227 -0.393529 -4.813875
v -1.945227 -0.393529 -4.813875
v -1.974453 -0.416481 -4.814909
v -1.974453 -0.432031 -4.891260
v -2.010738 -0.405985 -4.891320
v -1.974453 -0.432031 -4.891260
v -1.974453 -0.416481 -4.814909
v -1.974453 -0.416481 -4.814909
v -2.003697 -0.395255 -4.813974
v -2.010738 -0.405985 -4.891320
v -2.025767 -0.334429 -4.891426
v -2.010738 -0.405985 -4.891320
v -2.003697 -0.395255 -4.813974
v -2.003697 -0.395255 -4.813974
v -2.015508 -0.336215 -4.812900
v -2.025767 -0.334429 -4.891426
vn 0.0295 -0.9947 -0.0989
vn 0.0286 -0.9948 -0.0975
vn -0.0450 0.9942 -0.0981
vn -0.0421 0.9939 -0.1022
vn -0.0000 -0.0000 1.0000
vn 1.0000 -0.0000 -0.0000
vn -1.0000 -0.0000 -0.0000
vn 0.7862 0.6117 -0.0877
vn 0.9657 -0.2372 -0.1059
vn 0.5740 -0.7988 -0.1801
vn 0.6274 -0.7577 -0.1797
vn -0.5511 -0.8119 -0.1925
vn -0.6035 -0.7766 -0.1810
vn -0.9348 0.3552 0.0029
vn -0.9607 -0.2368 -0.1451
vn 0.9708 -0.2385 -0.0272
vn 0.9781 -0.2052 -0.0342
vn 0.6347 -0.7666 -0.0969
vn 0.6096 -0.7873 -0.0928
vn -0.6105 -0.7857 -0.1000
vn -0.5804 -0.8087 -0.0954
vn -0.9706 -0.2392 -0.0276
vn -0.9781 -0.2055 -0.0346
vn 0.1373 -0.1911 -0.9719
vn -0.1575 -0.2322 -0.9598
vn 0.9444 -0.1935 0.2656
vn 0.5565 -0.7267 0.4028
vn -0.5265 -0.7436 0.4121
vn -0.9438 -0.1937 0.2678
vn 0.9715 -0.2036 0.1213
vn 0.9736 -0.1968 0.1152
vn 0.6047 -0.7803 0.1599
vn 0.6063 -0.7792 0.1587
vn -0.5755 -0.8014 0.1632
vn -0.5761 -0.8009 0.1635
vn -0.9720 -0.2040 0.1168
vn -0.9727 -0.1968 0.1226
vt 0.121805 -0.900158
vt 0.179361 -0.900158
vt 0.126613 -0.823458
vt 0.179361 -0.823458
vt 0.830163 -0.864674
vt 0.830163 -0.787974
vt 0.882911 -0.864674
vt 0.887718 -0.787974
vt 0.840965 -0.040414
vt 0.919393 -0.038163
vt 0.840965 -0.029805
vt 0.919393 -0.026257
vt 0.978244 -0.032310
vt 0.787029 -0.035128
vt 0.028722 -0.653346
vt 0.055232 -0.653346
vt 0.028722 -0.657409
vt 0.055232 -0.657409
vt 0.028722 -0.662184
vt 0.055232 -0.662184
vt 0.028722 -0.666659
vt 0.055232 -0.666659
vt 0.028722 -0.671377
vt 0.055232 -0.671377
vt 0.074134 -0.653346
vt 0.074134 -0.657409
vt 0.074134 -0.662184
vt 0.074134 -0.666659
vt 0.074134 -0.671377
vt 0.020414 -0.657903
vt 0.024322 -0.663797
vt 0.091809 -0.662184
vt 0.080325 -0.657409
vt 0.080325 -0.653346
vt 0.080325 -0.662184
vt 0.080325 -0.666659
vt 0.080325 -0.671377
s 1
usemtl default.098
f 1220/528/377 1221/529/377 1219/530/377
f 1223/531/378 1224/530/378 1222/529/378
f 1226/532/379 1227/533/379 1225/534/379
f 1229/535/380 1230/534/380 1228/533/380
f 1232/536/381 1233/537/381 1231/538/381
f 1235/539/381 1236/538/381 1234/537/381
f 1238/537/382 1239/540/382 1237/539/382
f 1241/538/383 1242/541/383 1240/536/383
f 1244/542/384 1245/543/384 1243/544/384
f 1247/545/385 1248/544/385 1246/543/385
f 1250/544/386 1251/545/386 1249/546/386
f 1253/547/387 1254/546/387 1252/545/387
f 1256/546/388 1257/547/388 1255/548/388
f 1259/549/389 1260/548/389 1258/547/389
f 1262/548/390 1263/549/390 1261/550/390
f 1265/551/391 1266/550/391 1264/549/391
f 1268/543/392 1269/552/392 1267/545/392
f 1271/553/393 1272/545/393 1270/552/393
f 1274/545/394 1275/553/394 1273/547/394
f 1277/554/395 1278/547/395 1276/553/395
f 1280/549/396 1281/547/396 1279/555/396
f 1283/554/397 1284/555/397 1282/547/397
f 1286/551/398 1287/549/398 1285/556/398
f 1289/555/399 1290/556/399 1288/549/399
f 1292/557/400 1293/544/400 1291/546/400
f 1295/557/401 1296/546/401 1294/558/401
f 1298/559/402 1299/560/402 1297/561/402
f 1301/559/403 1302/562/403 1300/560/403
f 1304/559/404 1305/563/404 1303/562/404
f 1307/559/405 1308/564/405 1306/563/405
f 1310/552/406 1311/561/406 1309/553/406
f 1313/560/407 1314/553/407 1312/561/407
f 1316/553/408 1317/560/408 1315/554/408
f 1319/562/409 1320/554/409 1318/560/409
f 1322/554/410 1323/562/410 1321/555/410
f 1325/563/411 1326/555/411 1324/562/411
f 1328/555/412 1329/563/412 1327/556/412
f 1331/564/413 1332/556/413 1330/563/413
o Mirage_III_EngineL01_default
v 0.000000 0.621570 -7.407880
v 0.188440 0.584087 -7.407880
v 0.147287 0.484735 -7.662824
v 0.147287 0.484735 -7.662824
v 0.000000 0.514032 -7.662824
v 0.000000 0.621570 -7.407880
v 0.188440 0.584087 -7.407880
v 0.348192 0.477344 -7.407879
v 0.272152 0.401303 -7.662823
v 0.272152 0.401303 -7.662823
v 0.147287 0.484735 -7.662824
v 0.188440 0.584087 -7.407880
v 0.348192 0.477344 -7.407879
v 0.454935 0.317591 -7.407879
v 0.355584 0.276438 -7.662823
v 0.355584 0.276438 -7.662823
v 0.272152 0.401303 -7.662823
v 0.348192 0.477344 -7.407879
v 0.454935 0.317591 -7.407879
v 0.492419 0.129150 -7.407879
v 0.384881 0.129150 -7.662823
v 0.384881 0.129150 -7.662823
v 0.355584 0.276438 -7.662823
v 0.454935 0.317591 -7.407879
v 0.492419 0.129150 -7.407879
v 0.454935 -0.059291 -7.407878
v 0.355584 -0.018138 -7.662822
v 0.355584 -0.018138 -7.662822
v 0.384881 0.129150 -7.662823
v 0.492419 0.129150 -7.407879
v 0.454935 -0.059291 -7.407878
v 0.348192 -0.219043 -7.407879
v 0.272152 -0.143003 -7.662823
v 0.272152 -0.143003 -7.662823
v 0.355584 -0.018138 -7.662822
v 0.454935 -0.059291 -7.407878
v 0.348192 -0.219043 -7.407879
v 0.188440 -0.325786 -7.407879
v 0.147287 -0.226434 -7.662823
v 0.147287 -0.226434 -7.662823
v 0.272152 -0.143003 -7.662823
v 0.348192 -0.219043 -7.407879
v 0.188440 -0.325786 -7.407879
v 0.000000 -0.361522 -7.407878
v 0.000000 -0.255732 -7.662823
v 0.000000 -0.255732 -7.662823
v 0.147287 -0.226434 -7.662823
v 0.188440 -0.325786 -7.407879
v 0.147287 0.484735 -7.662824
v 0.155986 0.505938 -7.407880
v -0.000084 0.536983 -7.407880
v -0.000084 0.536983 -7.407880
v 0.000000 0.514032 -7.662824
v 0.147287 0.484735 -7.662824
v 0.272152 0.401303 -7.662823
v 0.288296 0.417532 -7.407879
v 0.155986 0.505938 -7.407880
v 0.155986 0.505938 -7.407880
v 0.147287 0.484735 -7.662824
v 0.272152 0.401303 -7.662823
v 0.355584 0.276438 -7.662823
v 0.376703 0.285221 -7.407879
v 0.288296 0.417532 -7.407879
v 0.288296 0.417532 -7.407879
v 0.272152 0.401303 -7.662823
v 0.355584 0.276438 -7.662823
v 0.384881 0.129150 -7.662823
v 0.396435 0.129150 -7.407879
v 0.376703 0.285221 -7.407879
v 0.376703 0.285221 -7.407879
v 0.355584 0.276438 -7.662823
v 0.384881 0.129150 -7.662823
v 0.355584 -0.018138 -7.662822
v 0.376703 -0.026920 -7.407877
v 0.396435 0.129150 -7.407879
v 0.396435 0.129150 -7.407879
v 0.384881 0.129150 -7.662823
v 0.355584 -0.018138 -7.662822
v 0.272152 -0.143003 -7.662823
v 0.288296 -0.159231 -7.407879
v 0.376703 -0.026920 -7.407877
v 0.376703 -0.026920 -7.407877
v 0.355584 -0.018138 -7.662822
v 0.272152 -0.143003 -7.662823
v 0.147287 -0.226434 -7.662823
v 0.155986 -0.247638 -7.407879
v 0.288296 -0.159231 -7.407879
v 0.288296 -0.159231 -7.407879
v 0.272152 -0.143003 -7.662823
v 0.147287 -0.226434 -7.662823
v 0.000000 -0.255732 -7.662823
v -0.000084 -0.278682 -7.407878
v 0.155986 -0.247638 -7.407879
v 0.155986 -0.247638 -7.407879
v 0.147287 -0.226434 -7.662823
v 0.000000 -0.255732 -7.662823
v 0.000000 0.621570 -7.407880
v 0.000000 0.514032 -7.662824
v -0.147287 0.484735 -7.662824
v -0.147287 0.484735 -7.662824
v -0.188440 0.584087 -7.407880
v 0.000000 0.621570 -7.407880
v -0.188440 0.584087 -7.407880
v -0.147287 0.484735 -7.662824
v -0.272151 0.401303 -7.662824
v -0.272151 0.401303 -7.662824
v -0.348192 0.477344 -7.407880
v -0.188440 0.584087 -7.407880
v -0.348192 0.477344 -7.407880
v -0.272151 0.401303 -7.662824
v -0.355583 0.276438 -7.662824
v -0.355583 0.276438 -7.662824
v -0.454935 0.317591 -7.407880
v -0.348192 0.477344 -7.407880
v -0.454935 0.317591 -7.407880
v -0.355583 0.276438 -7.662824
v -0.384881 0.129150 -7.662824
v -0.384881 0.129150 -7.662824
v -0.492418 0.129150 -7.407880
v -0.454935 0.317591 -7.407880
v -0.492418 0.129150 -7.407880
v -0.384881 0.129150 -7.662824
v -0.355583 -0.018138 -7.662823
v -0.355583 -0.018138 -7.662823
v -0.454935 -0.059291 -7.407879
v -0.492418 0.129150 -7.407880
v -0.454935 -0.059291 -7.407879
v -0.355583 -0.018138 -7.662823
v -0.272151 -0.143003 -7.662824
v -0.272151 -0.143003 -7.662824
v -0.348192 -0.219043 -7.407880
v -0.454935 -0.059291 -7.407879
v -0.348192 -0.219043 -7.407880
v -0.272151 -0.143003 -7.662824
v -0.147287 -0.226434 -7.662824
v -0.147287 -0.226434 -7.662824
v -0.188440 -0.325786 -7.407880
v -0.348192 -0.219043 -7.407880
v -0.188440 -0.325786 -7.407880
v -0.147287 -0.226434 -7.662824
v 0.000000 -0.255732 -7.662823
v 0.000000 -0.255732 -7.662823
v 0.000000 -0.361522 -7.407878
v -0.188440 -0.325786 -7.407880
v -0.147287 0.484735 -7.662824
v 0.000000 0.514032 -7.662824
v -0.000084 0.536983 -7.407880
v -0.000084 0.536983 -7.407880
v -0.156153 0.505938 -7.407880
v -0.147287 0.484735 -7.662824
v -0.272151 0.401303 -7.662824
v -0.147287 0.484735 -7.662824
v -0.156153 0.505938 -7.407880
v -0.156153 0.505938 -7.407880
v -0.288464 0.417532 -7.407880
v -0.272151 0.401303 -7.662824
v -0.355583 0.276438 -7.662824
v -0.272151 0.401303 -7.662824
v -0.288464 0.417532 -7.407880
v -0.288464 0.417532 -7.407880
v -0.376870 0.285221 -7.407880
v -0.355583 0.276438 -7.662824
v -0.384881 0.129150 -7.662824
v -0.355583 0.276438 -7.662824
v -0.376870 0.285221 -7.407880
v -0.376870 0.285221 -7.407880
v -0.407915 0.129150 -7.407880
v -0.384881 0.129150 -7.662824
v -0.355583 -0.018138 -7.662823
v -0.384881 0.129150 -7.662824
v -0.407915 0.129150 -7.407880
v -0.407915 0.129150 -7.407880
v -0.376870 -0.026920 -7.407878
v -0.355583 -0.018138 -7.662823
v -0.272151 -0.143003 -7.662824
v -0.355583 -0.018138 -7.662823
v -0.376870 -0.026920 -7.407878
v -0.376870 -0.026920 -7.407878
v -0.288464 -0.159231 -7.407880
v -0.272151 -0.143003 -7.662824
v -0.147287 -0.226434 -7.662824
v -0.272151 -0.143003 -7.662824
v -0.288464 -0.159231 -7.407880
v -0.288464 -0.159231 -7.407880
v -0.156153 -0.247638 -7.407880
v -0.147287 -0.226434 -7.662824
v 0.000000 -0.255732 -7.662823
v -0.147287 -0.226434 -7.662824
v -0.156153 -0.247638 -7.407880
v -0.156153 -0.247638 -7.407880
v -0.000084 -0.278682 -7.407878
v 0.000000 -0.255732 -7.662823
v 0.000000 0.535043 -6.835945
v 0.155327 0.504146 -6.835945
v -0.000000 0.129151 -6.835944
v 0.155327 0.504146 -6.835945
v 0.000000 0.535043 -6.835945
v -0.000084 0.536983 -7.407880
v -0.000084 0.536983 -7.407880
v 0.155986 0.505938 -7.407880
v 0.155327 0.504146 -6.835945
v 0.287008 0.416160 -6.835945
v 0.155327 0.504146 -6.835945
v 0.155986 0.505938 -7.407880
v 0.155986 0.505938 -7.407880
v 0.288296 0.417532 -7.407879
v 0.287008 0.416160 -6.835945
v 0.374994 0.284479 -6.835945
v 0.287008 0.416160 -6.835945
v 0.288296 0.417532 -7.407879
v 0.288296 0.417532 -7.407879
v 0.376703 0.285221 -7.407879
v 0.374994 0.284479 -6.835945
v 0.405891 0.129151 -6.835945
v 0.374994 0.284479 -6.835945
v 0.376703 0.285221 -7.407879
v 0.376703 0.285221 -7.407879
v 0.396435 0.129150 -7.407879
v 0.405891 0.129151 -6.835945
v 0.374994 -0.026178 -6.835944
v 0.405891 0.129151 -6.835945
v 0.396435 0.129150 -7.407879
v 0.396435 0.129150 -7.407879
v 0.376703 -0.026920 -7.407877
v 0.374994 -0.026178 -6.835944
v 0.287008 -0.157858 -6.835945
v 0.374994 -0.026178 -6.835944
v 0.376703 -0.026920 -7.407877
v 0.376703 -0.026920 -7.407877
v 0.288296 -0.159231 -7.407879
v 0.287008 -0.157858 -6.835945
v 0.155327 -0.245845 -6.835945
v 0.287008 -0.157858 -6.835945
v 0.288296 -0.159231 -7.407879
v 0.288296 -0.159231 -7.407879
v 0.155986 -0.247638 -7.407879
v 0.155327 -0.245845 -6.835945
v -0.000000 -0.276741 -6.835944
v 0.155327 -0.245845 -6.835945
v 0.155986 -0.247638 -7.407879
v 0.155986 -0.247638 -7.407879
v -0.000084 -0.278682 -7.407878
v -0.000000 -0.276741 -6.835944
v 0.405891 0.129151 -6.835945
v 0.374994 -0.026178 -6.835944
v -0.000000 0.129151 -6.835944
v 0.287008 -0.157858 -6.835945
v 0.155327 -0.245845 -6.835945
v -0.000000 0.129151 -6.835944
v 0.155327 -0.245845 -6.835945
v -0.000000 -0.276741 -6.835944
v -0.000000 0.129151 -6.835944
v 0.374994 -0.026178 -6.835944
v 0.287008 -0.157858 -6.835945
v -0.000000 0.129151 -6.835944
v 0.374994 0.284479 -6.835945
v 0.405891 0.129151 -6.835945
v -0.000000 0.129151 -6.835944
v 0.155327 0.504146 -6.835945
v 0.287008 0.416160 -6.835945
v -0.000000 0.129151 -6.835944
v 0.287008 0.416160 -6.835945
v 0.374994 0.284479 -6.835945
v -0.000000 0.129151 -6.835944
v 0.000000 0.535043 -6.835945
v -0.000000 0.129151 -6.835944
v -0.155327 0.504146 -6.835945
v -0.155327 0.504146 -6.835945
v -0.156153 0.505938 -7.407880
v -0.000084 0.536983 -7.407880
v -0.000084 0.536983 -7.407880
v 0.000000 0.535043 -6.835945
v -0.155327 0.504146 -6.835945
v -0.287008 0.416160 -6.835945
v -0.288464 0.417532 -7.407880
v -0.156153 0.505938 -7.407880
v -0.156153 0.505938 -7.407880
v -0.155327 0.504146 -6.835945
v -0.287008 0.416160 -6.835945
v -0.374994 0.284479 -6.835945
v -0.376870 0.285221 -7.407880
v -0.288464 0.417532 -7.407880
v -0.288464 0.417532 -7.407880
v -0.287008 0.416160 -6.835945
v -0.374994 0.284479 -6.835945
v -0.405891 0.129151 -6.835945
v -0.407915 0.129150 -7.407880
v -0.376870 0.285221 -7.407880
v -0.376870 0.285221 -7.407880
v -0.374994 0.284479 -6.835945
v -0.405891 0.129151 -6.835945
v -0.374994 -0.026177 -6.835944
v -0.376870 -0.026920 -7.407878
v -0.407915 0.129150 -7.407880
v -0.407915 0.129150 -7.407880
v -0.405891 0.129151 -6.835945
v -0.374994 -0.026177 -6.835944
v -0.287008 -0.157858 -6.835945
v -0.288464 -0.159231 -7.407880
v -0.376870 -0.026920 -7.407878
v -0.376870 -0.026920 -7.407878
v -0.374994 -0.026177 -6.835944
v -0.287008 -0.157858 -6.835945
v -0.155327 -0.245845 -6.835945
v -0.156153 -0.247638 -7.407880
v -0.288464 -0.159231 -7.407880
v -0.288464 -0.159231 -7.407880
v -0.287008 -0.157858 -6.835945
v -0.155327 -0.245845 -6.835945
v -0.000000 -0.276741 -6.835944
v -0.000084 -0.278682 -7.407878
v -0.156153 -0.247638 -7.407880
v -0.156153 -0.247638 -7.407880
v -0.155327 -0.245845 -6.835945
v -0.000000 -0.276741 -6.835944
v -0.405891 0.129151 -6.835945
v -0.000000 0.129151 -6.835944
v -0.374994 -0.026177 -6.835944
v -0.287008 -0.157858 -6.835945
v -0.000000 0.129151 -6.835944
v -0.155327 -0.245845 -6.835945
v -0.155327 -0.245845 -6.835945
v -0.000000 0.129151 -6.835944
v -0.000000 -0.276741 -6.835944
v -0.374994 -0.026177 -6.835944
v -0.000000 0.129151 -6.835944
v -0.287008 -0.157858 -6.835945
v -0.374994 0.284479 -6.835945
v -0.000000 0.129151 -6.835944
v -0.405891 0.129151 -6.835945
v -0.155327 0.504146 -6.835945
v -0.000000 0.129151 -6.835944
v -0.287008 0.416160 -6.835945
v -0.287008 0.416160 -6.835945
v -0.000000 0.129151 -6.835944
v -0.374994 0.284479 -6.835945
vn 0.1803 0.9063 -0.3823
vn 0.5134 0.7683 -0.3823
vn 0.7683 0.5134 -0.3823
vn 0.9063 0.1803 -0.3823
vn 0.9063 -0.1803 -0.3823
vn 0.7683 -0.5134 -0.3823
vn 0.5134 -0.7683 -0.3823
vn 0.1725 -0.9098 -0.3775
vn 0.1803 -0.9063 -0.3823
vn -0.1943 -0.9770 0.0879
vn -0.5534 -0.8283 0.0878
vn -0.8283 -0.5534 0.0877
vn -0.9911 -0.1253 0.0449
vn -0.9770 -0.1943 0.0876
vn -0.9884 0.1250 0.0862
vn -0.9798 0.1949 0.0444
vn -0.8283 0.5534 0.0877
vn -0.5534 0.8283 0.0878
vn -0.1943 0.9770 0.0879
vn -0.1803 0.9063 -0.3823
vn -0.5134 0.7683 -0.3823
vn -0.7683 0.5134 -0.3823
vn -0.9063 0.1803 -0.3823
vn -0.9063 -0.1803 -0.3823
vn -0.7683 -0.5134 -0.3823
vn -0.5134 -0.7683 -0.3823
vn -0.1803 -0.9063 -0.3823
vn -0.1725 -0.9098 -0.3775
vn 0.1943 -0.9770 0.0880
vn 0.5534 -0.8282 0.0881
vn 0.8282 -0.5534 0.0882
vn 0.9770 -0.1943 0.0883
vn 0.9770 0.1943 0.0883
vn 0.8282 0.5534 0.0882
vn 0.5534 0.8282 0.0881
vn 0.1943 0.9770 0.0880
vn -0.0000 -0.0000 -1.0000
vn -0.1951 -0.9808 -0.0033
vn -0.5556 -0.8315 -0.0032
vn -0.8315 -0.5556 -0.0032
vn -0.9808 -0.1951 -0.0032
vn -0.9920 -0.1254 0.0164
vn -0.9807 0.1951 0.0162
vn -0.9921 0.1254 -0.0031
vn -0.8315 0.5556 -0.0032
vn -0.5556 0.8315 -0.0032
vn -0.1951 0.9808 -0.0033
vn 0.1951 -0.9808 -0.0034
vn 0.5556 -0.8315 -0.0034
vn 0.8315 -0.5556 -0.0034
vn 0.9808 -0.1951 -0.0035
vn 0.9808 0.1951 -0.0035
vn 0.8315 0.5556 -0.0035
vn 0.8315 0.5556 -0.0034
vn 0.5556 0.8315 -0.0034
vn 0.1951 0.9808 -0.0034
vt 0.937118 -0.806883
vt 0.937118 -0.757068
vt 0.899930 -0.806883
vt 0.899930 -0.757068
vt 0.984032 -0.806522
vt 0.947212 -0.806522
vt 0.984032 -0.756708
vt 0.947212 -0.756708
vt 0.991840 -0.599532
vt 0.973059 -0.502911
vt 0.953434 -0.599364
vt 0.953162 -0.628027
vt 0.953162 -0.728890
vt 0.989982 -0.628027
vt 0.989982 -0.728890
s 1
usemtl default.098
f 1334/565/414 1335/566/414 1333/567/414
f 1337/568/414 1338/567/414 1336/566/414
f 1340/565/415 1341/566/415 1339/567/415
f 1343/568/415 1344/567/415 1342/566/415
f 1346/567/416 1347/568/416 1345/565/416
f 1349/566/416 1350/565/416 1348/568/416
f 1352/567/417 1353/568/417 1351/565/417
f 1355/566/417 1356/565/417 1354/568/417
f 1358/567/418 1359/568/418 1357/565/418
f 1361/566/418 1362/565/418 1360/568/418
f 1364/567/419 1365/568/419 1363/565/419
f 1367/566/419 1368/565/419 1366/568/419
f 1370/567/420 1371/568/420 1369/565/420
f 1373/566/420 1374/565/420 1372/568/420
f 1376/567/421 1377/568/421 1375/565/421
f 1379/566/422 1380/565/422 1378/568/422
f 1382/569/423 1383/570/423 1381/571/423
f 1385/572/423 1386/571/423 1384/570/423
f 1388/569/424 1389/570/424 1387/571/424
f 1391/572/424 1392/571/424 1390/570/424
f 1394/569/425 1395/570/425 1393/571/425
f 1397/572/425 1398/571/425 1396/570/425
f 1400/569/426 1401/570/426 1399/571/426
f 1403/572/427 1404/571/427 1402/570/427
f 1406/569/428 1407/570/428 1405/571/428
f 1409/572/429 1410/571/429 1408/570/429
f 1412/569/430 1413/570/430 1411/571/430
f 1415/572/430 1416/571/430 1414/570/430
f 1418/570/431 1419/569/431 1417/572/431
f 1421/571/431 1422/572/431 1420/569/431
f 1424/570/432 1425/569/432 1423/572/432
f 1427/571/432 1428/572/432 1426/569/432
f 1430/568/433 1431/566/433 1429/567/433
f 1433/565/433 1434/567/433 1432/566/433
f 1436/568/434 1437/566/434 1435/567/434
f 1439/565/434 1440/567/434 1438/566/434
f 1442/566/435 1443/568/435 1441/565/435
f 1445/567/435 1446/565/435 1444/568/435
f 1448/566/436 1449/568/436 1447/565/436
f 1451/567/436 1452/565/436 1450/568/436
f 1454/566/437 1455/568/437 1453/565/437
f 1457/567/437 1458/565/437 1456/568/437
f 1460/566/438 1461/568/438 1459/565/438
f 1463/567/438 1464/565/438 1462/568/438
f 1466/566/439 1467/568/439 1465/565/439
f 1469/567/439 1470/565/439 1468/568/439
f 1472/566/440 1473/568/440 1471/565/440
f 1475/567/441 1476/565/441 1474/568/441
f 1478/572/442 1479/570/442 1477/571/442
f 1481/569/442 1482/571/442 1480/570/442
f 1484/572/443 1485/570/443 1483/571/443
f 1487/569/443 1488/571/443 1486/570/443
f 1490/572/444 1491/570/444 1489/571/444
f 1493/569/444 1494/571/444 1492/570/444
f 1496/572/445 1497/570/445 1495/571/445
f 1499/569/445 1500/571/445 1498/570/445
f 1502/572/446 1503/570/446 1501/571/446
f 1505/569/446 1506/571/446 1504/570/446
f 1508/572/447 1509/570/447 1507/571/447
f 1511/569/447 1512/571/447 1510/570/447
f 1514/571/448 1515/569/448 1513/572/448
f 1517/570/448 1518/572/448 1516/569/448
f 1520/571/449 1521/569/449 1519/572/449
f 1523/570/449 1524/572/449 1522/569/449
f 1526/573/450 1527/574/450 1525/575/450
f 1529/576/451 1530/577/451 1528/578/451
f 1532/579/451 1533/578/451 1531/577/451
f 1535/576/452 1536/577/452 1534/578/452
f 1538/579/452 1539/578/452 1537/577/452
f 1541/576/453 1542/577/453 1540/578/453
f 1544/579/453 1545/578/453 1543/577/453
f 1547/576/454 1548/577/454 1546/578/454
f 1550/579/455 1551/578/455 1549/577/455
f 1553/576/456 1554/577/456 1552/578/456
f 1556/579/457 1557/578/457 1555/577/457
f 1559/576/458 1560/577/458 1558/578/458
f 1562/579/458 1563/578/458 1561/577/458
f 1565/578/459 1566/579/459 1564/576/459
f 1568/577/459 1569/576/459 1567/579/459
f 1571/578/460 1572/579/460 1570/576/460
f 1574/577/460 1575/576/460 1573/579/460
f 1577/573/450 1578/574/450 1576/575/450
f 1580/573/450 1581/574/450 1579/575/450
f 1583/573/450 1584/574/450 1582/575/450
f 1586/573/450 1587/574/450 1585/575/450
f 1589/573/450 1590/574/450 1588/575/450
f 1592/573/450 1593/574/450 1591/575/450
f 1595/573/450 1596/574/450 1594/575/450
f 1598/574/450 1599/573/450 1597/575/450
f 1601/579/461 1602/577/461 1600/578/461
f 1604/576/461 1605/578/461 1603/577/461
f 1607/579/462 1608/577/462 1606/578/462
f 1610/576/462 1611/578/462 1609/577/462
f 1613/579/463 1614/577/463 1612/578/463
f 1616/576/463 1617/578/463 1615/577/463
f 1619/579/464 1620/577/464 1618/578/464
f 1622/576/464 1623/578/464 1621/577/464
f 1625/579/465 1626/577/465 1624/578/465
f 1628/576/465 1629/578/465 1627/577/465
f 1631/579/466 1632/577/466 1630/578/466
f 1634/576/467 1635/578/467 1633/577/467
f 1637/577/468 1638/579/468 1636/576/468
f 1640/578/468 1641/576/468 1639/579/468
f 1643/577/469 1644/579/469 1642/576/469
f 1646/578/469 1647/576/469 1645/579/469
f 1649/574/450 1650/573/450 1648/575/450
f 1652/574/450 1653/573/450 1651/575/450
f 1655/574/450 1656/573/450 1654/575/450
f 1658/574/450 1659/573/450 1657/575/450
f 1661/574/450 1662/573/450 1660/575/450
f 1664/574/450 1665/573/450 1663/575/450
f 1667/574/450 1668/573/450 1666/575/450
o Mirage_III_FlapL01_default
v 1.353889 -0.235634 -5.752995
v 1.353889 -0.325292 -4.851438
v 0.729593 -0.325982 -4.851437
v 0.729593 -0.325982 -4.851437
v 0.729592 -0.215015 -5.792125
v 1.353889 -0.235634 -5.752995
v 1.353889 -0.235634 -5.752995
v 0.729592 -0.215015 -5.792125
v 0.729593 -0.119181 -4.851438
v 0.729593 -0.119181 -4.851438
v 1.353889 -0.142906 -4.851437
v 1.353889 -0.235634 -5.752995
v 1.353889 -0.325292 -4.851438
v 1.353889 -0.235634 -5.752995
v 1.353889 -0.142906 -4.851437
v 1.353889 -0.142906 -4.851437
v 0.729593 -0.119181 -4.851438
v 0.729593 -0.325982 -4.851437
v 0.729593 -0.325982 -4.851437
v 1.353889 -0.325292 -4.851438
v 1.353889 -0.142906 -4.851437
v 0.729593 -0.119181 -4.851438
v 0.729592 -0.215015 -5.792125
v 0.729593 -0.325982 -4.851437
vn 0.0011 -0.9951 -0.0990
vn -0.0254 -0.9928 -0.1171
vn 0.0392 0.9941 -0.1013
vn 0.0378 0.9940 -0.1022
vn 1.0000 -0.0000 -0.0000
vn -0.0000 -0.0000 1.0000
vn -1.0000 -0.0000 -0.0000
vt 0.179361 -0.900158
vt 0.179361 -0.940013
vt 0.121805 -0.900158
vt 0.119307 -0.940014
vt 0.890217 -0.715092
vt 0.830163 -0.715092
vt 0.887718 -0.675237
vt 0.830163 -0.675237
vt 0.920738 -0.035288
vt 0.808666 -0.048902
vt 0.808666 -0.022337
vt 0.733139 -0.048902
vt 0.733139 -0.022337
vt 0.874192 -0.035288
vt 0.763393 -0.022337
vt 0.763393 -0.048902
s 1
usemtl default.098
f 1670/580/470 1671/581/470 1669/582/470
f 1673/583/471 1674/582/471 1672/581/471
f 1676/584/472 1677/585/472 1675/586/472
f 1679/587/473 1680/586/473 1678/585/473
f 1682/588/474 1683/589/474 1681/590/474
f 1685/591/475 1686/592/475 1684/589/475
f 1688/590/475 1689/589/475 1687/592/475
f 1691/593/476 1692/594/476 1690/595/476
o Mirage_III_FlapR01_default
v -1.353889 -0.235634 -5.752995
v -0.729592 -0.215015 -5.792125
v -0.729592 -0.325982 -4.851437
v -0.729592 -0.325982 -4.851437
v -1.353889 -0.325292 -4.851438
v -1.353889 -0.235634 -5.752995
v -1.353889 -0.235634 -5.752995
v -1.353889 -0.142906 -4.851437
v -0.729592 -0.119181 -4.851438
v -0.729592 -0.119181 -4.851438
v -0.729592 -0.215015 -5.792125
v -1.353889 -0.235634 -5.752995
v -1.353889 -0.325292 -4.851438
v -1.353889 -0.142906 -4.851437
v -1.353889 -0.235634 -5.752995
v -1.353889 -0.142906 -4.851437
v -1.353889 -0.325292 -4.851438
v -0.729592 -0.325982 -4.851437
v -0.729592 -0.325982 -4.851437
v -0.729592 -0.119181 -4.851438
v -1.353889 -0.142906 -4.851437
v -0.729592 -0.119181 -4.851438
v -0.729592 -0.325982 -4.851437
v -0.729592 -0.215015 -5.792125
vn 0.0254 -0.9928 -0.1171
vn -0.0011 -0.9951 -0.0990
vn -0.0378 0.9940 -0.1022
vn -0.0392 0.9941 -0.1013
vn -1.0000 -0.0000 -0.0000
vn -0.0000 -0.0000 1.0000
vn 1.0000 -0.0000 -0.0000
vt 0.119307 -0.940014
vt 0.179361 -0.940013
vt 0.121805 -0.900158
vt 0.179361 -0.900158
vt 0.830163 -0.787974
vt 0.830163 -0.748119
vt 0.887718 -0.787974
vt 0.890217 -0.748118
vt 0.763393 -0.048902
vt 0.875465 -0.035288
vt 0.763393 -0.022337
vt 0.733139 -0.022337
vt 0.808666 -0.022337
vt 0.733139 -0.048902
vt 0.808666 -0.048902
vt 0.919465 -0.035288
s 1
usemtl default.098
f 1694/596/477 1695/597/477 1693/598/477
f 1697/599/478 1698/598/478 1696/597/478
f 1700/600/479 1701/601/479 1699/602/479
f 1703/603/480 1704/602/480 1702/601/480
f 1706/604/481 1707/605/481 1705/606/481
f 1709/607/482 1710/608/482 1708/609/482
f 1712/610/482 1713/609/482 1711/608/482
f 1715/608/483 1716/611/483 1714/610/483
o Mirage_III_Glass_Canopy01_default
v -0.379314 0.625643 3.091976
v -0.339488 0.757437 3.153685
v -0.346673 0.774978 3.097312
v -0.259280 0.852736 3.200001
v -0.138597 0.921906 3.230167
v -0.354440 0.801366 2.897340
v -0.264967 0.892016 3.097312
v -0.271277 0.925830 2.897348
v -0.138597 0.968992 3.097312
v 0.000000 1.038196 2.897360
v -0.138597 1.008993 2.897357
v -0.378027 0.537505 3.045971
v -0.362543 0.508659 3.031866
v -0.399192 0.694888 2.180971
v -0.262527 0.925829 2.101500
v -0.354441 0.824523 2.136362
v -0.138596 0.990603 2.079210
v -0.386973 0.556366 2.897336
v -0.391544 0.616253 2.208031
v -0.386132 0.584373 2.219001
v -0.365582 0.518484 2.897336
v -0.396957 0.650758 2.897336
v 0.346673 0.774978 3.097312
v 0.259280 0.852736 3.200001
v 0.339488 0.757437 3.153685
v 0.264968 0.892016 3.097312
v 0.000000 0.944792 3.241250
v 0.138597 0.921906 3.230167
v -0.000000 0.997057 3.097312
v 0.379314 0.625643 3.091977
v 0.138597 0.968992 3.097312
v 0.396958 0.650758 2.897336
v 0.378028 0.537505 3.045971
v 0.362544 0.508659 3.031866
v 0.365582 0.518484 2.897336
v 0.354441 0.801366 2.897340
v 0.399193 0.694888 2.180971
v 0.354441 0.824523 2.136362
v 0.271277 0.925830 2.897348
v 0.138597 1.008993 2.897357
v 0.262527 0.925829 2.101500
v 0.138597 0.990603 2.079210
v 0.000000 1.019582 2.069238
v 0.386133 0.584373 2.219001
v 0.386973 0.556366 2.897336
v 0.391545 0.616253 2.208031
v -0.356637 0.500858 3.136536
v -0.367764 0.522361 3.147570
v -0.265213 0.538242 3.747483
v -0.227227 0.507382 3.965735
v -0.108609 0.721665 3.747483
v -0.278977 0.459612 3.747466
v -0.248911 0.459612 3.934894
v -0.214382 0.639036 3.747483
v -0.186372 0.560015 3.999880
v -0.161002 0.579191 4.012300
v -0.159893 0.697757 3.747483
v -0.310845 0.680258 3.380319
v -0.327350 0.725873 3.249454
v -0.253007 0.816688 3.293507
v -0.246260 0.783411 3.380319
v -0.163539 0.871644 3.317259
v 0.000001 0.891158 3.380319
v -0.109020 0.871317 3.380319
v -0.363505 0.613801 3.192743
v -0.334430 0.482259 3.380319
v -0.331001 0.589454 3.380319
v -0.108606 0.596781 4.023708
v -0.162994 0.847233 3.380319
v -0.109036 0.891588 3.326140
v 0.356637 0.500858 3.136536
v 0.367765 0.522361 3.147570
v 0.227228 0.507382 3.965735
v 0.000001 0.599150 4.025301
v 0.108610 0.721665 3.747483
v 0.000001 0.725134 3.747484
v 0.248912 0.459612 3.934894
v 0.278977 0.459612 3.747466
v 0.161003 0.579191 4.012300
v 0.186372 0.560015 3.999880
v 0.331001 0.589454 3.380319
v 0.214383 0.639036 3.747483
v 0.265214 0.538242 3.747483
v 0.310846 0.680258 3.380319
v 0.327351 0.725873 3.249454
v 0.253008 0.816688 3.293507
v 0.246261 0.783411 3.380319
v 0.109037 0.891588 3.326140
v 0.000001 0.908639 3.334473
v 0.363505 0.613801 3.192743
v 0.334430 0.482259 3.380319
v 0.108607 0.596781 4.023708
v 0.159894 0.697757 3.747483
v 0.162995 0.847233 3.380319
v 0.109021 0.871317 3.380319
v 0.163540 0.871644 3.317259
vn -0.9014 0.3674 0.2292
vn -0.8815 0.4519 0.1368
vn -0.9791 0.1762 0.1013
vn -0.6981 0.6535 0.2925
vn -0.6181 0.7589 0.2051
vn -0.3418 0.8817 0.3253
vn -0.3233 0.9184 0.2280
vn -0.0000 0.9592 0.2827
vn -0.0000 0.9400 0.3413
vn -0.9234 0.3824 0.0338
vn -0.9963 0.0821 0.0268
vn -0.7129 0.7007 0.0279
vn -0.4129 0.9105 0.0229
vn -0.0000 0.9998 0.0216
vn -0.9818 -0.1836 0.0479
vn -0.9755 -0.2202 -0.0028
vn -0.8839 -0.4675 -0.0142
vn -0.8721 -0.4889 -0.0187
vn -0.8486 0.5291 0.0065
vn -0.9752 0.2211 0.0115
vn -0.5818 0.8132 -0.0113
vn -0.2943 0.9555 -0.0215
vn -0.0000 0.9997 -0.0225
vn -0.9937 -0.1122 -0.0036
vn -0.9325 -0.3608 -0.0161
vn 0.8815 0.4519 0.1368
vn 0.9014 0.3674 0.2292
vn 0.9791 0.1762 0.1013
vn 0.6181 0.7589 0.2051
vn 0.6981 0.6535 0.2925
vn 0.3233 0.9184 0.2280
vn 0.3418 0.8817 0.3253
vn 0.9963 0.0821 0.0268
vn 0.9234 0.3824 0.0338
vn 0.7129 0.7007 0.0279
vn 0.4129 0.9105 0.0229
vn 0.9755 -0.2202 -0.0028
vn 0.9818 -0.1836 0.0479
vn 0.8721 -0.4889 -0.0187
vn 0.8839 -0.4675 -0.0142
vn 0.9752 0.2211 0.0115
vn 0.8485 0.5291 0.0064
vn 0.5818 0.8132 -0.0113
vn 0.2943 0.9555 -0.0215
vn 0.9325 -0.3607 -0.0160
vn 0.9937 -0.1122 -0.0036
vn -0.9867 0.0294 0.1600
vn -0.9854 -0.1199 0.1205
vn -0.8780 -0.4767 0.0436
vn -0.7986 0.5335 0.2785
vn -0.9386 0.2705 0.2143
vn -0.8306 0.5026 0.2397
vn -0.9242 0.3290 0.1938
vn -0.0000 0.9165 0.3999
vn -0.1620 0.9065 0.3898
vn -0.0000 0.9111 0.4122
vn -0.2069 0.8920 0.4019
vn -0.9661 0.1967 0.1673
vn -0.9331 0.3269 0.1497
vn -0.5891 0.7396 0.3255
vn -0.5569 0.7605 0.3338
vn -0.9733 0.1292 0.1895
vn -0.8756 0.4105 0.2547
vn -0.7109 0.6362 0.2997
vn -0.0000 0.9166 0.3998
vn -0.1724 0.9080 0.3818
vn -0.9826 0.0759 0.1694
vn -0.9211 0.3169 0.2262
vn -0.7290 0.6174 0.2956
vn -0.4689 0.8235 0.3195
vn -0.4914 0.8053 0.3318
vn -0.0000 0.9344 0.3563
vn -0.2152 0.9139 0.3443
vn 0.9854 -0.1199 0.1205
vn 0.9867 0.0294 0.1600
vn 0.8780 -0.4767 0.0436
vn 0.9242 0.3290 0.1938
vn 0.9386 0.2705 0.2143
vn 0.8306 0.5026 0.2397
vn 0.7986 0.5335 0.2785
vn 0.2070 0.8920 0.4019
vn 0.1620 0.9065 0.3898
vn 0.9331 0.3269 0.1497
vn 0.9661 0.1967 0.1673
vn 0.5569 0.7605 0.3338
vn 0.5891 0.7396 0.3255
vn 0.9733 0.1293 0.1895
vn 0.8756 0.4105 0.2547
vn 0.7109 0.6362 0.2997
vn 0.1724 0.9080 0.3818
vn 0.9211 0.3169 0.2262
vn 0.9826 0.0759 0.1694
vn 0.7290 0.6174 0.2956
vn 0.4914 0.8053 0.3318
vn 0.4689 0.8235 0.3195
vn 0.2152 0.9140 0.3440
vt 0.322707 -0.253614
vt 0.324949 -0.252730
vt 0.325162 -0.260255
vt 0.320864 -0.248811
vt 0.324949 -0.246832
vt 0.319664 -0.245326
vt 0.324949 -0.242953
vt 0.324949 -0.241539
vt 0.319223 -0.244173
vt 0.332905 -0.251400
vt 0.332905 -0.258989
vt 0.332904 -0.245128
vt 0.332904 -0.240938
vt 0.332904 -0.239466
vt 0.326992 -0.264696
vt 0.332905 -0.263746
vt 0.327553 -0.266150
vt 0.332905 -0.265655
vt 0.363179 -0.250233
vt 0.361404 -0.256766
vt 0.364565 -0.245128
vt 0.365452 -0.241864
vt 0.365849 -0.240404
vt 0.360327 -0.260728
vt 0.359891 -0.262334
vt 0.352697 -0.265833
vt 0.365571 -0.263970
vt 0.365964 -0.265344
vt 0.334435 -0.255026
vt 0.333497 -0.261322
vt 0.320143 -0.259265
vt 0.321488 -0.262647
vt 0.335235 -0.249648
vt 0.335203 -0.249864
vt 0.319142 -0.256750
vt 0.319205 -0.256902
vt 0.332767 -0.266233
vt 0.322700 -0.265716
vt 0.319655 -0.258033
vt 0.334981 -0.251358
vt 0.353694 -0.259137
vt 0.354539 -0.253464
vt 0.355498 -0.247021
vt 0.356500 -0.240291
vt 0.356316 -0.241530
vt 0.363995 -0.258134
vt 0.361992 -0.250977
vt 0.360470 -0.245182
vt 0.359706 -0.241684
vt 0.356092 -0.243034
vt 0.359125 -0.239325
vt 0.359414 -0.240413
s 1
usemtl default.099
f 1718/612/484 1719/613/485 1717/614/486
f 1718/612/484 1720/615/487 1719/613/485
f 1723/616/488 1719/613/485 1720/615/487
f 1720/615/487 1721/617/489 1723/616/488
f 1725/618/490 1723/616/488 1721/617/489
f 1725/618/490 1721/617/489 1745/619/491
f 1743/620/492 1745/619/491 1721/617/489
f 1719/613/485 1722/621/493 1717/614/486
f 1738/622/494 1717/614/486 1722/621/493
f 1723/616/488 1724/623/495 1719/613/485
f 1722/621/493 1719/613/485 1724/623/495
f 1725/618/490 1727/624/496 1723/616/488
f 1724/623/495 1723/616/488 1727/624/496
f 1745/619/491 1726/625/497 1725/618/490
f 1727/624/496 1725/618/490 1726/625/497
f 1717/614/486 1738/622/494 1728/626/498
f 1734/627/499 1728/626/498 1738/622/494
f 1729/628/500 1728/626/498 1737/629/501
f 1734/627/499 1737/629/501 1728/626/498
f 1732/630/502 1730/631/503 1722/621/493
f 1738/622/494 1722/621/493 1730/631/503
f 1731/632/504 1732/630/502 1724/623/495
f 1722/621/493 1724/623/495 1732/630/502
f 1733/633/505 1731/632/504 1727/624/496
f 1724/623/495 1727/624/496 1731/632/504
f 1759/634/506 1733/633/505 1726/625/497
f 1727/624/496 1726/625/497 1733/633/505
f 1735/635/507 1736/636/508 1734/627/499
f 1737/629/501 1734/627/499 1736/636/508
f 1730/631/503 1735/635/507 1738/622/494
f 1734/627/499 1738/622/494 1735/635/507
f 1739/613/509 1741/612/510 1746/614/511
f 1742/616/512 1740/615/513 1739/613/509
f 1741/612/510 1739/613/509 1740/615/513
f 1747/618/514 1744/617/515 1742/616/512
f 1740/615/513 1742/616/512 1744/617/515
f 1743/620/492 1744/617/515 1745/619/491
f 1747/618/514 1745/619/491 1744/617/515
f 1748/622/516 1752/621/517 1746/614/511
f 1739/613/509 1746/614/511 1752/621/517
f 1752/621/517 1755/623/518 1739/613/509
f 1742/616/512 1739/613/509 1755/623/518
f 1755/623/518 1756/624/519 1742/616/512
f 1747/618/514 1742/616/512 1756/624/519
f 1756/624/519 1726/625/497 1747/618/514
f 1745/619/491 1747/618/514 1726/625/497
f 1761/627/520 1748/622/516 1749/626/521
f 1746/614/511 1749/626/521 1748/622/516
f 1761/627/520 1749/626/521 1751/629/522
f 1750/628/523 1751/629/522 1749/626/521
f 1748/622/516 1753/631/524 1752/621/517
f 1754/630/525 1752/621/517 1753/631/524
f 1752/621/517 1754/630/525 1755/623/518
f 1757/632/526 1755/623/518 1754/630/525
f 1755/623/518 1757/632/526 1756/624/519
f 1758/633/527 1756/624/519 1757/632/526
f 1756/624/519 1758/633/527 1726/625/497
f 1759/634/506 1726/625/497 1758/633/527
f 1751/629/522 1760/636/528 1761/627/520
f 1762/635/529 1761/627/520 1760/636/528
f 1761/627/520 1762/635/529 1748/622/516
f 1753/631/524 1748/622/516 1762/635/529
f 1782/637/530 1764/638/531 1763/639/532
f 1770/640/533 1765/641/534 1771/642/535
f 1766/643/536 1771/642/535 1765/641/534
f 1792/644/537 1767/645/538 1790/646/539
f 1784/647/540 1790/646/539 1767/645/538
f 1765/641/534 1768/648/541 1766/643/536
f 1769/649/542 1766/643/536 1768/648/541
f 1771/642/535 1772/650/543 1770/640/533
f 1773/651/544 1770/640/533 1772/650/543
f 1783/652/545 1765/641/534 1774/653/546
f 1777/654/547 1774/653/546 1770/640/533
f 1765/641/534 1770/640/533 1774/653/546
f 1779/655/548 1780/656/549 1792/644/537
f 1767/645/538 1792/644/537 1780/656/549
f 1783/652/545 1782/637/530 1765/641/534
f 1768/648/541 1765/641/534 1782/637/530
f 1781/657/550 1783/652/545 1775/658/551
f 1774/653/546 1775/658/551 1783/652/545
f 1775/658/551 1774/653/546 1776/659/552
f 1777/654/547 1776/659/552 1774/653/546
f 1778/660/553 1776/659/552 1785/661/554
f 1777/654/547 1785/661/554 1776/659/552
f 1805/662/555 1786/663/556 1779/655/548
f 1780/656/549 1779/655/548 1786/663/556
f 1764/638/531 1782/637/530 1781/657/550
f 1783/652/545 1781/657/550 1782/637/530
f 1785/661/554 1777/654/547 1773/651/544
f 1770/640/533 1773/651/544 1777/654/547
f 1772/650/543 1784/647/540 1773/651/544
f 1767/645/538 1773/651/544 1784/647/540
f 1780/656/549 1785/661/554 1767/645/538
f 1773/651/544 1767/645/538 1785/661/554
f 1785/661/554 1780/656/549 1778/660/553
f 1786/663/556 1778/660/553 1780/656/549
f 1788/638/557 1807/637/558 1787/639/559
f 1789/643/560 1799/641/561 1796/642/562
f 1798/640/563 1796/642/562 1799/641/561
f 1808/647/564 1791/645/565 1790/646/539
f 1792/644/537 1790/646/539 1791/645/565
f 1793/649/566 1794/648/567 1789/643/560
f 1799/641/561 1789/643/560 1794/648/567
f 1809/651/568 1795/650/569 1798/640/563
f 1796/642/562 1798/640/563 1795/650/569
f 1799/641/561 1797/652/570 1800/653/571
f 1799/641/561 1800/653/571 1798/640/563
f 1803/654/572 1798/640/563 1800/653/571
f 1791/645/565 1811/656/573 1792/644/537
f 1779/655/548 1792/644/537 1811/656/573
f 1794/648/567 1807/637/558 1799/641/561
f 1797/652/570 1799/641/561 1807/637/558
f 1800/653/571 1797/652/570 1801/658/574
f 1806/657/575 1801/658/574 1797/652/570
f 1803/654/572 1800/653/571 1802/659/576
f 1801/658/574 1802/659/576 1800/653/571
f 1803/654/572 1802/659/576 1810/661/577
f 1812/660/578 1810/661/577 1802/659/576
f 1811/656/573 1804/663/579 1779/655/548
f 1805/662/555 1779/655/548 1804/663/579
f 1797/652/570 1807/637/558 1806/657/575
f 1788/638/557 1806/657/575 1807/637/558
f 1798/640/563 1803/654/572 1809/651/568
f 1810/661/577 1809/651/568 1803/654/572
f 1791/645/565 1808/647/564 1809/651/568
f 1795/650/569 1809/651/568 1808/647/564
f 1809/651/568 1810/661/577 1791/645/565
f 1811/656/573 1791/645/565 1810/661/577
f 1804/663/579 1811/656/573 1812/660/578
f 1810/661/577 1812/660/578 1811/656/573
o Mirage_III_IntakeL01_default
v 0.890278 0.142686 0.854128
v 0.868561 0.292828 0.854128
v 0.872281 0.292828 1.037805
v 0.872281 0.292828 1.037805
v 0.893763 0.142687 1.037805
v 0.890278 0.142686 0.854128
v 0.863252 -0.038151 1.037805
v 0.859767 -0.038151 0.854128
v 0.890278 0.142686 0.854128
v 0.890278 0.142686 0.854128
v 0.893763 0.142687 1.037805
v 0.863252 -0.038151 1.037805
v 0.860294 0.143493 0.854705
v 0.893763 0.142687 1.037805
v 0.872281 0.292828 1.037805
v 0.872281 0.292828 1.037805
v 0.838578 0.293635 0.854705
v 0.860294 0.143493 0.854705
v 0.863252 -0.038151 1.037805
v 0.893763 0.142687 1.037805
v 0.860294 0.143493 0.854705
v 0.860294 0.143493 0.854705
v 0.829783 -0.037344 0.854706
v 0.863252 -0.038151 1.037805
v 0.868561 0.292828 0.854128
v 0.890278 0.142686 0.854128
v 0.860294 0.143493 0.854705
v 0.860294 0.143493 0.854705
v 0.838578 0.293635 0.854705
v 0.868561 0.292828 0.854128
v 0.890278 0.142686 0.854128
v 0.859767 -0.038151 0.854128
v 0.829783 -0.037344 0.854706
v 0.829783 -0.037344 0.854706
v 0.860294 0.143493 0.854705
v 0.890278 0.142686 0.854128
v 0.859767 -0.038151 0.854128
v 0.863252 -0.038151 1.037805
v 0.829783 -0.037344 0.854706
v 0.872281 0.292828 1.037805
v 0.868561 0.292828 0.854128
v 0.838578 0.293635 0.854705
vn 0.9895 0.1431 -0.0200
vn 0.9897 0.1416 -0.0188
vn 0.9859 -0.1663 -0.0187
vn -0.9742 -0.1394 0.1775
vn -0.9738 -0.1408 0.1786
vn -0.9703 0.1637 0.1781
vn -0.0193 -0.0028 -0.9998
vn -0.0192 0.0032 -0.9998
vn -0.0269 -0.9996 0.0005
vn 0.0269 0.9996 -0.0005
vt 0.189488 -0.302231
vt 0.176015 -0.302231
vt 0.189488 -0.291218
vt 0.176015 -0.291218
vt 0.189488 -0.277953
vt 0.176015 -0.277953
vt 0.989385 -0.950477
vt 0.989385 -0.926638
vt 0.960469 -0.950350
vt 0.960469 -0.926638
vt 0.989385 -0.979036
vt 0.960469 -0.979036
vt 0.754330 -0.014668
vt 0.754371 -0.008862
vt 0.735237 -0.014668
vt 0.735277 -0.008862
vt 0.777597 -0.014668
vt 0.777637 -0.008862
vt 0.801101 -0.011431
vt 0.711668 -0.008862
s 1
usemtl default.098
f 1814/664/580 1815/665/580 1813/666/580
f 1817/667/581 1818/666/581 1816/665/581
f 1820/668/582 1821/666/582 1819/669/582
f 1823/667/582 1824/669/582 1822/666/582
f 1826/670/583 1827/671/583 1825/672/583
f 1829/673/584 1830/672/584 1828/671/584
f 1832/670/585 1833/672/585 1831/674/585
f 1835/675/585 1836/674/585 1834/672/585
f 1838/676/586 1839/677/586 1837/678/586
f 1841/679/586 1842/678/586 1840/677/586
f 1844/680/587 1845/681/587 1843/676/587
f 1847/677/587 1848/676/587 1846/681/587
f 1850/682/588 1851/681/588 1849/680/588
f 1853/678/589 1854/679/589 1852/683/589
o Mirage_III_IntakeR01_default
v -0.890277 0.142686 0.854128
v -0.893762 0.142687 1.037805
v -0.872280 0.292828 1.037805
v -0.872280 0.292828 1.037805
v -0.868560 0.292828 0.854128
v -0.890277 0.142686 0.854128
v -0.863252 -0.038151 1.037805
v -0.893762 0.142687 1.037805
v -0.890277 0.142686 0.854128
v -0.890277 0.142686 0.854128
v -0.859767 -0.038151 0.854128
v -0.863252 -0.038151 1.037805
v -0.860294 0.143494 0.854706
v -0.838577 0.293636 0.854706
v -0.872280 0.292828 1.037805
v -0.872280 0.292828 1.037805
v -0.893762 0.142687 1.037805
v -0.860294 0.143494 0.854706
v -0.863252 -0.038151 1.037805
v -0.829784 -0.037344 0.854705
v -0.860294 0.143494 0.854706
v -0.860294 0.143494 0.854706
v -0.893762 0.142687 1.037805
v -0.863252 -0.038151 1.037805
v -0.868560 0.292828 0.854128
v -0.838577 0.293636 0.854706
v -0.860294 0.143494 0.854706
v -0.860294 0.143494 0.854706
v -0.890277 0.142686 0.854128
v -0.868560 0.292828 0.854128
v -0.890277 0.142686 0.854128
v -0.860294 0.143494 0.854706
v -0.829784 -0.037344 0.854705
v -0.829784 -0.037344 0.854705
v -0.859767 -0.038151 0.854128
v -0.890277 0.142686 0.854128
v -0.859767 -0.038151 0.854128
v -0.829784 -0.037344 0.854705
v -0.863252 -0.038151 1.037805
v -0.872280 0.292828 1.037805
v -0.838577 0.293636 0.854706
v -0.868560 0.292828 0.854128
vn -0.9897 0.1416 -0.0188
vn -0.9895 0.1431 -0.0200
vn -0.9859 -0.1663 -0.0187
vn 0.9738 -0.1409 0.1786
vn 0.9742 -0.1394 0.1775
vn 0.9703 0.1637 0.1781
vn 0.0193 -0.0028 -0.9998
vn 0.0192 0.0032 -0.9998
vn 0.0269 -0.9996 0.0005
vn -0.0269 0.9996 -0.0005
vt 0.176015 -0.457689
vt 0.176015 -0.446676
vt 0.189488 -0.457689
vt 0.189488 -0.446676
vt 0.176015 -0.470954
vt 0.189488 -0.470954
vt 0.960469 -0.926638
vt 0.989385 -0.926638
vt 0.960469 -0.950350
vt 0.989385 -0.950477
vt 0.960469 -0.979036
vt 0.989385 -0.979036
vt 0.735277 -0.008862
vt 0.754371 -0.008862
vt 0.735237 -0.014668
vt 0.754330 -0.014668
vt 0.777637 -0.008862
vt 0.777597 -0.014668
vt 0.801101 -0.011431
vt 0.711668 -0.008862
s 1
usemtl default.098
f 1856/684/590 1857/685/590 1855/686/590
f 1859/687/591 1860/686/591 1858/685/591
f 1862/684/592 1863/686/592 1861/688/592
f 1865/689/592 1866/688/592 1864/686/592
f 1868/690/593 1869/691/593 1867/692/593
f 1871/693/594 1872/692/594 1870/691/594
f 1874/694/595 1875/692/595 1873/695/595
f 1877/693/595 1878/695/595 1876/692/595
f 1880/696/596 1881/697/596 1879/698/596
f 1883/699/596 1884/698/596 1882/697/596
f 1886/697/597 1887/700/597 1885/699/597
f 1889/701/597 1890/699/597 1888/700/597
f 1892/700/598 1893/702/598 1891/701/598
f 1895/696/599 1896/698/599 1894/703/599
o Mirage_III_LOD0_default
v 0.199041 -0.399547 2.352873
v 0.428686 -0.159033 2.219002
v 0.350610 -0.308620 3.380320
v 0.004732 -0.038759 7.054199
v 0.000000 -0.036391 7.054199
v 0.348429 0.174118 4.706706
v 0.279941 0.281103 4.706919
v 0.220371 0.410441 4.304396
v 0.274797 -0.235290 4.706197
v 0.395910 -0.159032 4.304396
v 0.410878 0.037758 4.304396
v 0.427795 0.243980 3.380320
v 0.394339 0.199982 4.304396
v 0.158436 -0.325661 4.304396
v 0.423945 -0.159032 3.380320
v 0.316397 -0.262499 4.304396
v 0.193838 -0.010490 5.604786
v 0.179315 0.059933 5.604198
v 0.225022 0.229616 5.118110
v 0.139864 0.118176 5.603758
v -0.000000 0.307891 5.117166
v 0.077601 -0.186501 5.606024
v 0.216915 -0.196632 5.122124
v 0.144578 -0.149526 5.605765
v 0.280001 -0.106139 5.121386
v 0.286188 0.126655 5.118990
v 0.135712 0.281361 5.117415
v 0.138685 -0.300710 4.706133
v -0.000000 -0.268378 5.122816
v 0.000000 -0.312497 4.706115
v 0.119814 -0.259831 5.122641
v 0.299316 0.014253 5.120165
v 0.350026 -0.140071 4.706456
v 0.371968 0.031721 4.706447
v 0.026911 -0.039561 6.597207
v 0.024129 -0.006049 6.089406
v 0.042597 -0.040774 6.089406
v 0.079500 0.155084 5.603411
v -0.000000 0.168790 5.603287
v -0.000000 -0.199445 5.606112
v 0.026529 -0.074680 6.089406
v 0.181035 -0.085348 5.605396
v 0.248912 0.459612 3.934895
v 0.338103 0.326599 4.304396
v 0.377570 0.374166 3.380320
v 0.400609 0.722849 1.727067
v 0.354441 0.836978 1.727069
v 0.138597 0.982689 1.727077
v 0.354441 0.827104 2.051558
v 0.399455 0.700067 2.096898
v 0.258410 0.925830 1.727073
v 0.138597 0.988686 1.993889
v 0.079086 0.452205 4.319837
v 0.180380 0.347205 4.707091
v 0.356637 0.500858 3.136537
v 0.334430 0.482259 3.380320
v 0.330154 0.846572 0.105300
v 0.236735 0.905500 -1.294014
v 0.243588 0.925830 0.105300
v 0.138597 0.959782 0.105300
v 0.000000 0.947161 -1.294014
v 0.376144 0.778332 0.105300
v 0.000000 0.914017 -2.959403
v 0.146813 0.899199 -2.959403
v 0.000000 0.847347 -4.851439
v 0.293588 -0.450294 0.105300
v 0.846811 0.222369 2.125266
v 0.862660 0.142688 2.125266
v 0.901217 0.142688 1.430660
v 0.870704 -0.010708 1.430660
v 0.788814 -0.168583 1.037805
v 0.763215 0.292334 -1.294014
v 0.853087 -0.099834 0.105300
v 0.318058 0.839891 -1.294014
v 0.381754 0.746246 0.105300
v 0.475488 0.747825 0.105300
v 0.552802 0.791704 -1.294014
v 0.436293 0.849913 -1.294014
v 0.675334 0.292828 -2.959403
v 0.656854 0.129391 -4.851438
v 0.675217 -0.056509 -2.959403
v 0.363811 0.862170 -2.959403
v 0.250043 0.798035 -4.851439
v 0.478018 0.801361 -2.959403
v 0.000000 -0.461462 -4.851438
v 0.298308 -0.461462 -4.851251
v 0.146687 0.932343 -1.294014
v 0.228456 0.880942 -2.959403
v 0.283903 0.862215 -1.294014
v 0.194474 -0.527383 -2.959403
v 0.000000 0.710644 -6.835945
v 0.000000 0.615943 -7.759800
v 0.222526 0.666380 -6.835945
v 0.444522 0.490424 -6.835945
v 0.521004 0.129150 -7.467880
v 0.581492 0.129150 -6.835945
v 0.537228 -0.093378 -6.835945
v 0.411177 -0.282028 -6.835945
v 0.222526 -0.408080 -6.835945
v 0.000000 -0.391854 -7.467879
v 0.454935 0.317591 -7.407879
v 0.492419 0.129150 -7.407879
v 0.348192 -0.219043 -7.407879
v 0.454935 -0.059291 -7.407878
v 0.481345 -0.070230 -7.467879
v 0.188440 -0.325786 -7.407879
v 0.368405 -0.239256 -7.467880
v 0.199379 -0.352196 -7.467880
v 0.000000 0.621570 -7.407880
v 0.188440 0.584087 -7.407880
v 0.368405 0.497557 -7.467880
v 0.348192 0.477344 -7.407879
v 0.081082 0.541558 -6.293221
v 0.055563 1.001419 -3.569776
v 0.081083 0.670849 -2.907861
v 0.000000 2.776968 -7.103568
v 0.000000 2.776968 -8.084402
v 0.756549 0.398865 1.789045
v 0.639014 0.477399 1.789045
v 0.522067 0.485348 1.789045
v 0.500372 0.310268 2.125266
v 0.522067 -0.199971 1.789045
v 0.639014 -0.192022 2.125266
v 0.835083 0.004047 1.789045
v 0.835083 0.004047 2.125266
v 0.862660 0.142688 1.789045
v 0.387722 0.620155 1.430660
v 0.439040 0.305321 2.219002
v 0.442624 0.037758 3.380320
v 0.451414 0.140419 2.219002
v 0.452686 0.140869 2.125266
v 0.500372 0.504977 2.125266
v 0.500372 0.610052 1.430660
v 0.500372 -0.056137 2.125266
v 0.413233 0.487380 2.219002
v 0.613179 0.319559 1.789045
v 0.679089 0.238410 1.789045
v 0.639014 -0.192022 1.789045
v 0.679089 0.046967 1.789045
v 0.756549 -0.113487 1.789045
v 0.702235 0.142688 1.789045
v 0.500372 -0.219600 2.125266
v 0.522067 -0.084264 1.789045
v 0.522067 0.369642 1.789045
v 0.522067 0.142688 2.399045
v 0.613179 -0.034182 1.789045
v 0.081082 1.001419 -6.605058
v 0.000000 2.740241 -6.950025
v 0.027893 2.709722 -6.950400
v 0.098632 0.598215 -7.730505
v 0.099689 0.617682 -7.730504
v 0.199379 0.610496 -7.662824
v 0.197264 0.589412 -7.662824
v 0.394734 0.658040 1.727067
v 0.392100 0.623536 2.124212
v 0.386492 0.591553 2.140166
v 0.388255 0.626737 1.727067
v 0.439947 0.310268 2.125266
v 0.447342 -0.056137 2.125266
v 0.446409 -0.056265 2.219002
v 0.359591 0.504758 3.084201
v 0.372897 0.529933 3.096771
v 0.371410 0.619722 3.142360
v 0.256144 0.834712 3.246754
v 0.327351 0.725873 3.249454
v 0.253008 0.816688 3.293507
v 0.138597 0.904436 3.277024
v 0.108607 0.596781 4.023708
v 0.051440 2.078076 -7.329023
v 0.000000 1.001419 -7.259879
v 0.146815 0.452205 4.288588
v 0.186372 0.560015 3.999880
v 0.390919 0.416542 2.945633
v 0.278977 0.459612 3.747467
v 0.261591 0.925830 2.016322
v 0.000000 1.007874 1.983769
v 0.379639 0.697366 2.096731
v 0.372304 0.626378 2.124343
v 0.366493 0.591340 2.140174
v 0.393746 0.482903 2.218526
v 0.363505 0.613801 3.192744
v 0.367765 0.522361 3.147570
v 0.351737 0.617881 3.139263
v 0.309422 0.718293 3.244860
v 0.333420 0.741655 3.201570
v 0.163540 0.871644 3.317259
v 0.239273 0.803412 3.287582
v 0.242409 0.821437 3.240829
v 0.103555 0.874070 3.318200
v 0.109037 0.891588 3.326140
v 0.000001 0.908639 3.334473
v 0.131225 0.887131 3.270227
v 0.000000 0.926716 3.287861
v 0.000000 0.579068 4.020874
v 0.209423 0.500240 3.960080
v 0.154287 0.855611 3.309689
v 0.232648 0.448792 3.930603
v 0.227228 0.507382 3.965735
v 0.161003 0.579191 4.012300
v 0.359360 0.440733 3.016827
v 0.378686 0.445721 3.018103
v 0.371582 0.411520 2.944705
v 0.393746 -0.172912 2.218526
v 0.339775 0.507298 3.083250
v 0.353625 0.535083 3.095325
v 0.348494 0.527511 3.146125
v 0.343832 0.611960 3.189647
v 0.315491 0.734075 3.196975
v 0.000001 0.887281 3.327014
v 0.337683 0.816189 2.051291
v 0.337683 -0.172912 2.051291
v 0.336720 0.501984 3.135113
v 0.355679 -0.172912 3.050038
v 0.232648 0.535011 3.380319
v 0.171184 0.548645 3.993553
v 0.151305 0.563574 4.004422
v 0.263163 0.447754 3.744421
v 0.316029 0.474915 3.377587
v 0.000000 -0.172912 3.380315
v 0.393746 -0.172912 2.120416
v 0.316029 -0.172912 3.377587
v 0.336720 -0.172912 3.135113
v 0.371582 -0.172912 2.944705
v 0.199041 -0.377315 3.380320
v 0.000000 -0.432038 1.037805
v 0.000000 -0.450294 0.105300
v 0.199041 -0.216404 2.724175
v 0.199041 -0.216404 1.037805
v -0.000000 -0.216404 2.724174
v 0.199041 -0.391513 2.724175
v 0.350610 -0.314717 2.219002
v 0.199041 -0.402686 2.219002
v 0.199041 -0.406155 2.071043
v 0.120798 1.519771 -6.953709
v 0.045996 1.532596 -6.962476
v 0.031075 1.555849 -6.786179
v 0.085893 1.548930 -6.786161
v 0.080022 1.538870 -6.484325
v 0.086257 1.548256 -6.626301
v 0.031075 1.555071 -6.626286
v 0.031075 1.453333 -6.626286
v 0.086257 1.460148 -6.626301
v 0.115853 1.484187 -6.484324
v 0.126660 1.478766 -6.626382
v 0.128969 1.504202 -6.484328
v 0.101973 1.504202 -6.432214
v 0.031075 1.478433 -6.426874
v 0.031075 1.504202 -6.367641
v 0.090704 1.490561 -6.430352
v 0.141453 1.504202 -6.626449
v 0.140728 1.504202 -6.785981
v 0.126030 1.530028 -6.786062
v 0.126660 1.529638 -6.626382
v 0.031075 1.452555 -6.786179
v 0.085893 1.459474 -6.786161
v 0.126030 1.478376 -6.786062
v 0.120444 1.485209 -6.930081
v 0.079325 1.470477 -6.920011
v 0.031075 1.464898 -6.916196
v 0.081597 1.529387 -6.960282
v 0.134420 1.504202 -6.943066
v 0.022265 2.749946 -7.103900
v 0.795832 0.340074 2.125266
v 0.835083 0.281330 1.789045
v 0.580166 0.489105 2.125266
v 0.697813 0.438111 2.125266
v 0.481345 0.328530 -7.467880
v 0.880236 0.258118 1.430660
v 0.827285 0.397554 1.430660
v 0.868560 0.292828 0.854128
v 0.595980 0.583263 1.430660
v 0.718806 0.514830 1.430660
v 0.803881 0.472165 0.105300
v 0.592343 0.704392 0.105300
v 0.711303 0.617441 0.105300
v 0.664842 0.678908 -1.294014
v 0.730954 0.524803 -1.294014
v 0.623234 0.542665 -2.959403
v 0.591716 0.455075 -4.851438
v 0.635881 0.292828 -4.851438
v 0.412360 0.697919 -4.851438
v 0.548935 0.292828 -6.835945
v 0.503893 0.401569 -6.835945
v 0.531734 0.556896 -4.851438
v 0.361288 0.573663 -6.835945
v 0.555198 0.704954 -2.959403
v 0.528188 0.817119 -1.854670
v 0.477149 0.887367 -1.854670
v 0.477149 0.887367 -1.725591
v 0.424354 0.882141 -1.725591
v 0.390467 0.849138 -1.725591
v 0.389037 0.849806 -1.854670
v 0.514081 0.773703 -1.725590
v 0.528188 0.817119 -1.725590
v 0.449822 0.821902 -2.090014
v 0.499536 0.827878 -2.050870
v 0.416490 0.846441 -2.054564
v 0.506935 0.858919 -1.974956
v 0.514081 0.860535 -1.854670
v 0.474140 0.882681 -1.975293
v 0.427652 0.877187 -1.975378
v 0.423171 0.880000 -1.854670
v 0.514081 0.773703 -1.854670
v 0.519593 0.820346 -1.974388
v 0.489988 0.855087 -2.052742
v 0.466940 0.871467 -2.053830
v 0.434017 0.865941 -2.054137
v 0.401001 0.852971 -1.975521
v 0.506952 0.781861 -1.974885
v 0.490108 0.801137 -2.052406
v 0.514081 0.860535 -1.725591
v 0.459098 0.827781 -1.782147
v 0.853396 0.292334 0.105300
v 0.859767 -0.038151 0.854128
v 0.893763 0.142687 1.037805
v 0.819789 -0.037075 0.854898
v 0.828582 0.293905 0.854898
v 0.872280 0.292828 1.037805
v 0.049609 2.360052 -7.614674
v 0.005582 2.281819 -7.788559
v 0.035357 2.360052 -7.757185
v 0.035357 2.301395 -7.757185
v 0.005582 2.379628 -7.788559
v 0.023650 2.281819 -7.583299
v 0.049609 2.301395 -7.614674
v 0.023650 2.379628 -7.583299
v 2.419611 -0.164898 -2.247607
v 3.873313 -0.354933 -4.851438
v 4.122138 -0.302152 -5.584064
v 3.873452 -0.301442 -5.595072
v 0.623551 -0.117972 -4.851438
v 0.729592 -0.215015 -5.792125
v 1.353889 -0.142906 -4.851437
v 2.555318 -0.359783 -4.851439
v 2.355357 -0.160832 -2.132525
v 1.976974 -0.218047 -1.294013
v 1.073373 -0.220027 0.105299
v 2.929056 -0.259069 -2.959404
v 3.873452 -0.247965 -4.851439
v 2.419611 -0.238879 -2.068364
v 2.355357 -0.322241 -2.247606
v 0.729593 -0.325982 -4.851437
v 1.896948 -0.140297 -1.294013
v 2.355357 -0.313210 -2.133183
v 0.587294 -0.375727 -4.851393
v 0.890278 0.142686 0.854128
v 0.840432 -0.291681 0.105300
v 0.926127 -0.382370 -1.294013
v 0.500372 -0.314657 1.430660
v 0.396243 -0.386721 1.430660
v 0.194304 -0.506120 -2.092999
v 0.329618 -0.514936 -2.959403
v 0.598889 -0.448971 -2.301574
v 0.482740 -0.369929 1.037805
v 0.653186 -0.222103 -5.908519
v 0.534901 -0.241440 -6.492837
v 4.010564 -0.297605 -4.850998
v 0.329063 -0.130226 -1.294014
v 0.194147 -0.130226 -1.294014
v 0.194304 -0.130226 -2.092999
v 1.110610 -0.148461 0.105299
v 1.182877 -0.186868 0.105299
v 0.199041 -0.432038 1.037805
v 0.814436 -0.172402 0.754545
v 0.863252 -0.038151 1.037805
v 0.780325 -0.022631 -1.294014
v 1.353889 -0.325292 -4.851438
v 0.598889 -0.454008 -2.959403
v 0.927905 -0.407270 -2.959403
v 1.053374 -0.130226 -2.582480
v 1.156147 -0.130226 -2.650055
v 1.864068 -0.130226 -2.677893
v 0.598889 -0.130226 -2.301574
v 2.816742 -0.332022 -2.959404
v 1.878785 -0.312872 -1.294013
v 0.927370 -0.408330 -2.434040
v 0.760056 -0.229280 0.647253
v 1.574756 -0.356594 -1.950360
v 1.053368 -0.371762 -1.911439
v 1.026508 -0.051346 -2.038525
v 0.720141 -0.029064 -2.247606
v 1.026525 -0.050771 -1.871647
v 1.598574 -0.099711 -1.871647
v 1.598657 -0.095030 -2.247606
v 2.817039 -0.179028 -2.959404
v 1.421109 -0.346260 -1.294013
v 1.573358 -0.336653 -1.951008
v 1.419744 -0.346282 -1.912064
v 1.421142 -0.366222 -1.911416
v 1.574756 -0.367713 -2.282686
v 1.024883 -0.070703 -1.871798
v 1.596932 -0.119643 -1.871798
v 0.598889 -0.130226 -1.294014
v 0.329063 -0.483628 -1.294014
v 0.194147 -0.495984 -1.294014
v 0.329357 -0.130226 -2.178273
v 0.329357 -0.503653 -2.178273
v 0.524637 -0.130226 -2.301574
v 0.524637 -0.465106 -2.301574
v 0.832408 -0.130226 -2.301574
v 0.832408 -0.422346 -2.301574
v 0.927370 -0.130226 -2.434040
v 1.053374 -0.398528 -2.582480
v 1.156147 -0.393102 -2.650055
v 1.253948 -0.130226 -2.677893
v 1.864068 -0.358941 -2.677893
v 1.574756 -0.130226 -2.282686
v 1.864076 -0.130226 -2.394922
v 1.864076 -0.351254 -2.394922
v 1.053368 -0.130226 -1.911440
v 1.053368 -0.392156 -1.911440
v 1.053359 -0.383720 -1.638275
v 0.926351 -0.130226 -1.495814
v 1.053359 -0.130226 -1.638275
v 0.746440 -0.414705 -1.294014
v 0.746440 -0.130226 -1.294014
v 1.053374 -0.130226 -2.080426
v 0.000000 -0.511057 -2.093507
v 2.555318 -0.197256 -4.851439
v 0.000000 -0.171551 3.380319
v 0.783812 -0.140751 1.430660
v 0.565738 -0.396046 0.105300
v 0.500372 -0.285664 1.642515
v 0.637744 -0.210912 1.429200
v 0.646873 -0.208942 1.602982
v 0.708360 -0.222887 1.037879
v 0.618514 -0.291650 1.037742
v 0.635547 -0.230776 1.602909
v 0.619201 -0.253913 1.430660
v 0.638272 -0.293101 0.854128
v 0.707794 -0.245152 0.854128
v 0.790447 -0.184086 0.854128
v 2.355357 -0.151856 -2.247606
v 2.419611 -0.315349 -2.248247
v 2.419611 -0.240123 -2.126884
v 2.355357 -0.237049 -2.020453
v 2.355357 -0.235869 -1.955980
v 0.729593 -0.119181 -4.851438
v 0.655579 -0.216779 1.642515
v 0.775497 -0.132436 1.642515
v 0.756549 -0.113487 2.125266
v 0.676223 -0.205786 1.602297
v 0.687737 -0.199602 1.430660
v 0.641552 -0.228756 1.037805
v 0.625910 -0.217417 0.896910
v 0.063951 1.526764 -6.427526
v 0.090704 1.517843 -6.430352
v 0.115853 1.524217 -6.484324
v 0.031075 1.529971 -6.426873
v 0.031075 1.544233 -6.484322
v 0.031075 1.464171 -6.484322
v 0.080022 1.469534 -6.484325
v 0.063951 1.481640 -6.427526
v 0.105576 0.579068 4.014930
v 0.105576 0.665287 3.380319
v 0.185334 0.614393 3.380319
v 3.146562 -0.400656 -4.242602
v 3.123508 -0.334377 -4.641757
v 3.139859 -0.412776 -4.641757
v 3.179334 -0.440952 -4.641757
v 3.235159 -0.336759 -4.641757
v 3.218808 -0.415088 -4.641757
v 3.132988 -0.334585 -4.242602
v 3.179334 -0.428658 -4.242603
v 3.212105 -0.402488 -4.242603
v 3.192919 -0.358713 -3.843448
v 3.225679 -0.336562 -4.242602
v 3.174531 -0.335481 -3.837018
v 3.165751 -0.358074 -3.843450
v 3.179335 -0.367812 -3.843448
v 3.127439 -0.334464 -4.851439
v 3.142639 -0.408626 -4.851438
v 3.179334 -0.436726 -4.851439
v 3.216029 -0.410742 -4.851439
v 3.231229 -0.336678 -4.851439
v 0.017944 -0.062659 6.596631
v -0.000000 -0.086442 6.089406
v 1.928106 -0.334585 -4.242602
v 1.974452 -0.428658 -4.242603
v 1.974452 -0.440953 -4.641757
v 1.969649 -0.335481 -3.837018
v 1.974452 -0.367813 -3.843448
v 1.960868 -0.358075 -3.843449
v 1.941680 -0.400657 -4.242602
v 1.988036 -0.358713 -3.843448
v 2.007223 -0.402489 -4.242603
v 2.020798 -0.336563 -4.242602
v 1.937756 -0.408627 -4.851438
v 1.934977 -0.412776 -4.641757
v 1.918626 -0.334378 -4.641757
v 2.013926 -0.415089 -4.641757
v 2.030278 -0.336760 -4.641757
v 2.011147 -0.410743 -4.851439
v 1.974452 -0.436727 -4.851439
v 1.922557 -0.334464 -4.851439
v 2.026347 -0.336678 -4.851439
v -0.428687 -0.159033 2.219001
v -0.279940 0.281103 4.706918
v -0.220372 0.410441 4.304395
v 0.000000 -0.334314 4.304395
v -0.274797 -0.235290 4.706197
v -0.395910 -0.159032 4.304395
v -0.410878 0.037758 4.304395
v -0.427795 0.243980 3.380319
v -0.394339 0.199982 4.304395
v -0.158436 -0.325661 4.304395
v -0.316397 -0.262499 4.304395
v -0.350610 -0.308620 3.380319
v -0.139864 0.118176 5.603758
v -0.179314 0.059933 5.604198
v -0.079500 0.155084 5.603411
v -0.077601 -0.186501 5.606024
v -0.181035 -0.085348 5.605396
v -0.348429 0.174118 4.706706
v -0.299316 0.014253 5.120165
v -0.286188 0.126655 5.118990
v -0.180380 0.347205 4.707091
v -0.225023 0.229617 5.118110
v -0.135712 0.281361 5.117415
v -0.138684 -0.300710 4.706133
v -0.119814 -0.259831 5.122641
v -0.216916 -0.196632 5.122124
v -0.350026 -0.140071 4.706456
v -0.280001 -0.106139 5.121386
v -0.371968 0.031721 4.706446
v -0.026912 -0.039561 6.597207
v -0.016419 -0.019878 6.597697
v -0.000000 0.002121 6.089407
v -0.193838 -0.010490 5.604786
v -0.042597 -0.040774 6.089406
v -0.024129 -0.006049 6.089406
v -0.026529 -0.074680 6.089406
v -0.144579 -0.149526 5.605765
v -0.377570 0.374166 3.380319
v -0.278978 0.459612 3.747466
v -0.354441 0.836978 1.727069
v -0.330153 0.846572 0.105300
v -0.243588 0.925830 0.105300
v 0.000000 1.011892 1.727079
v 0.000000 0.974600 0.105300
v -0.387721 0.620155 1.430659
v -0.258410 0.925830 1.727073
v -0.138597 0.988686 1.993889
v -0.138596 0.982689 1.727077
v -0.400609 0.722850 1.727067
v -0.146815 0.452205 4.288588
v 0.000000 0.452205 4.322962
v 0.000000 0.382490 4.707156
v -0.356637 0.500858 3.136536
v -0.236735 0.905500 -1.294014
v -0.138596 0.959782 0.105300
v -0.283903 0.862215 -1.294014
v -0.250042 0.798035 -4.851439
v -0.293588 -0.450294 0.105300
v -0.595980 0.583263 1.430659
v -0.901216 0.142688 1.430659
v -0.880236 0.258118 1.430659
v -0.893762 0.142687 1.037805
v -0.783812 -0.140751 1.430659
v -0.870704 -0.010708 1.430659
v -0.381754 0.746246 0.105300
v -0.500372 0.610052 1.430659
v -0.475488 0.747825 0.105300
v -0.780325 -0.022631 -1.294014
v -0.318058 0.839892 -1.294014
v -0.478018 0.801361 -2.959403
v -0.436292 0.849913 -1.294014
v -0.675217 -0.056509 -2.959403
v -0.656854 0.129391 -4.851438
v -0.363811 0.862170 -2.959403
v -0.581492 0.129150 -6.835945
v -0.222526 0.666380 -6.835945
v -0.361288 0.573663 -6.835945
v -0.412360 0.697919 -4.851438
v -0.376144 0.778332 0.105300
v -0.228456 0.880942 -2.959403
v -0.146687 0.932344 -1.294014
v -0.146813 0.899199 -2.959403
v -0.350610 -0.314716 2.219001
v -0.099688 0.617682 -7.730504
v -0.444522 0.490424 -6.835945
v -0.368405 0.497557 -7.467880
v -0.548934 0.292828 -6.835945
v -0.481344 0.328530 -7.467880
v -0.537228 -0.093378 -6.835945
v -0.481344 -0.070230 -7.467879
v -0.368405 -0.239256 -7.467880
v -0.000000 -0.437850 -6.835945
v -0.222526 -0.408080 -6.835945
v -0.454935 0.317591 -7.407880
v -0.492418 0.129150 -7.407880
v -0.454935 -0.059291 -7.407879
v -0.521003 0.129150 -7.467880
v -0.348192 -0.219043 -7.407880
v -0.199378 -0.352195 -7.467880
v -0.188440 -0.325786 -7.407880
v 0.000000 -0.363270 -7.407879
v -0.188440 0.584087 -7.407880
v 0.000000 0.598215 -7.759800
v -0.348192 0.477344 -7.407880
v -0.055563 1.001419 -3.569776
v -0.081082 0.541558 -6.293221
v -0.081083 0.670849 -2.907861
v 0.000000 0.670849 -2.806390
v -0.000000 1.001419 -3.468305
v 0.000000 0.664375 -7.103364
v -0.081082 1.001419 -6.605058
v 0.000000 2.776968 -7.809078
v -0.862660 0.142689 2.125266
v -0.795831 0.340074 2.125266
v -0.756548 0.398865 1.789044
v -0.500372 0.504977 2.125266
v -0.580166 0.489105 2.125266
v -0.522067 0.369642 1.789044
v -0.522067 0.485348 1.789044
v -0.756548 -0.113487 1.789044
v -0.862660 0.142688 1.789044
v -0.439946 0.310268 2.125266
v -0.396243 -0.386721 1.430659
v -0.423945 -0.159032 3.380319
v -0.446409 -0.056265 2.219001
v -0.451414 0.140419 2.219001
v -0.447342 -0.056137 2.125266
v -0.500372 -0.219600 2.125266
v -0.500372 -0.285664 1.642514
v -0.413233 0.487380 2.219001
v -0.835083 0.281330 1.789044
v -0.702234 0.142688 1.789044
v -0.679089 0.238410 1.789044
v -0.613178 0.319559 1.789044
v -0.639014 -0.192022 1.789044
v -0.835083 0.004047 1.789044
v -0.522067 -0.199971 1.789044
v -0.500372 -0.056137 2.125266
v -0.500372 0.310268 2.125266
v -0.522067 -0.084264 1.789044
v -0.522067 0.142688 2.399045
v -0.679089 0.046967 1.789044
v -0.639014 0.477399 1.789044
v -0.613178 -0.034182 1.789044
v -0.027892 2.709722 -6.950400
v -0.197264 0.589412 -7.662824
v -0.199378 0.610496 -7.662824
v -0.098631 0.598215 -7.730505
v -0.392100 0.623536 2.124212
v -0.394734 0.658040 1.727067
v -0.388255 0.626737 1.727067
v -0.390919 0.416542 2.945633
v -0.439039 0.305321 2.219001
v -0.452686 0.140869 2.125266
v -0.442624 0.037758 3.380319
v -0.372896 0.529933 3.096770
v -0.359591 0.504758 3.084201
v -0.363505 0.613801 3.192743
v -0.327351 0.725873 3.249454
v -0.333420 0.741655 3.201569
v 0.000000 0.596781 4.020892
v -0.079087 0.452205 4.319837
v -0.109037 0.891588 3.326140
v -0.138597 0.904436 3.277024
v -0.000000 1.001419 -6.605058
v 0.000000 2.075200 -7.758517
v 0.000000 2.078076 -7.329023
v -0.051439 2.078076 -7.329023
v -0.338102 0.326599 4.304395
v -0.354441 0.827104 2.051558
v -0.379639 0.697366 2.096731
v -0.261591 0.925830 2.016322
v -0.372304 0.626378 2.124343
v -0.399455 0.700067 2.096898
v -0.334430 0.482259 3.380319
v -0.393746 0.482903 2.218525
v -0.386492 0.591553 2.140165
v -0.366493 0.591340 2.140173
v -0.348494 0.527511 3.146124
v -0.367765 0.522361 3.147570
v -0.371410 0.619722 3.142360
v -0.343833 0.611960 3.189646
v -0.315491 0.734075 3.196975
v -0.309422 0.718293 3.244859
v -0.253008 0.816688 3.293507
v -0.239273 0.803412 3.287582
v -0.256144 0.834712 3.246754
v -0.131225 0.887131 3.270227
v -0.103555 0.874070 3.318200
v -0.108607 0.596781 4.023708
v -0.186373 0.560015 3.999880
v -0.171184 0.548645 3.993553
v -0.227228 0.507382 3.965735
v -0.163539 0.871644 3.317259
v -0.154287 0.855611 3.309689
v -0.161002 0.579191 4.012300
v -0.151305 0.563574 4.004422
v -0.248912 0.459612 3.934894
v -0.263163 0.447754 3.744421
v -0.371582 0.411520 2.944705
v -0.359360 0.440733 3.016827
v -0.378686 0.445721 3.018102
v -0.339775 0.507298 3.083250
v -0.353625 0.535084 3.095325
v -0.351737 0.617881 3.139263
v -0.242409 0.821437 3.240829
v 0.000000 0.907802 3.280476
v -0.393746 -0.172912 2.120416
v -0.393746 -0.172912 2.218525
v -0.337684 -0.172912 2.051291
v -0.371582 -0.172912 2.944705
v -0.355679 -0.172912 3.050038
v -0.336720 0.501984 3.135113
v -0.232648 0.535011 3.380319
v -0.232649 0.448792 3.930602
v -0.209423 0.500240 3.960080
v -0.316029 0.474915 3.377586
v -0.336720 -0.172912 3.135113
v -0.316029 -0.172912 3.377586
v -0.000000 -0.172912 1.983989
v 0.000000 -0.398046 3.380320
v -0.199041 -0.377315 3.380319
v -0.000000 -0.391513 2.724175
v 0.000000 -0.216404 1.037805
v -0.199041 -0.216404 1.037805
v -0.199041 -0.216404 2.724174
v -0.199041 -0.402686 2.219001
v -0.134420 1.504202 -6.943066
v -0.081597 1.529387 -6.960282
v -0.031075 1.555849 -6.786180
v -0.045996 1.532596 -6.962476
v -0.126659 1.529638 -6.626382
v -0.115853 1.524217 -6.484324
v -0.086257 1.548256 -6.626301
v -0.031075 1.544233 -6.484322
v -0.031075 1.555071 -6.626286
v -0.031075 1.453333 -6.626286
v -0.031075 1.464171 -6.484322
v -0.126659 1.478766 -6.626382
v -0.115853 1.484187 -6.484324
v -0.128968 1.504202 -6.484328
v -0.090704 1.517843 -6.430352
v -0.063950 1.526764 -6.427526
v -0.031075 1.529971 -6.426873
v -0.031075 1.504202 -6.367641
v -0.101973 1.504202 -6.432214
v -0.141452 1.504202 -6.626449
v -0.085892 1.548930 -6.786160
v -0.126030 1.530028 -6.786061
v -0.126030 1.478376 -6.786061
v -0.086257 1.460148 -6.626301
v -0.140728 1.504202 -6.785981
v -0.031075 1.452555 -6.786180
v -0.085892 1.459474 -6.786160
v -0.120444 1.485209 -6.930081
v -0.079325 1.470477 -6.920011
v -0.120797 1.519771 -6.953710
v -0.031075 1.464898 -6.916197
v -0.022264 2.749946 -7.103900
v -0.846811 0.222370 2.125266
v -0.697813 0.438111 2.125266
v -0.503892 0.401569 -6.835945
v -0.827284 0.397554 1.430659
v -0.868560 0.292828 0.854128
v -0.872280 0.292828 1.037805
v -0.592343 0.704392 0.105300
v -0.803881 0.472165 0.105300
v -0.718806 0.514830 1.430659
v -0.711303 0.617441 0.105300
v -0.552802 0.791704 -1.294014
v -0.730954 0.524803 -1.294014
v -0.675333 0.292828 -2.959403
v -0.763215 0.292334 -1.294014
v -0.664841 0.678908 -1.294014
v -0.635880 0.292828 -4.851438
v -0.591716 0.455075 -4.851438
v -0.531734 0.556896 -4.851438
v -0.623234 0.542665 -2.959403
v -0.555198 0.704954 -2.959403
v -0.514081 0.860535 -1.725591
v -0.514081 0.860535 -1.854670
v -0.528187 0.817119 -1.854670
v -0.477149 0.887367 -1.725591
v -0.477149 0.887367 -1.854670
v -0.389036 0.849806 -1.854670
v -0.424354 0.882141 -1.725591
v -0.514081 0.773703 -1.854670
v -0.514081 0.773703 -1.725591
v -0.528187 0.817119 -1.725591
v -0.499535 0.827878 -2.050870
v -0.449822 0.821902 -2.090014
v -0.490108 0.801137 -2.052406
v -0.434016 0.865941 -2.054137
v -0.466940 0.871467 -2.053831
v -0.519593 0.820346 -1.974388
v -0.474140 0.882681 -1.975293
v -0.423171 0.880000 -1.854670
v -0.427652 0.877187 -1.975378
v -0.401001 0.852971 -1.975521
v -0.506952 0.781861 -1.974885
v -0.489987 0.855087 -2.052743
v -0.506935 0.858919 -1.974956
v -0.416490 0.846441 -2.054564
v -0.459098 0.827781 -1.782147
v -0.390467 0.849138 -1.725591
v -0.853395 0.292334 0.105300
v -0.819789 -0.037075 0.854898
v -0.828582 0.293905 0.854898
v -0.890277 0.142686 0.854128
v -0.049608 2.301395 -7.614674
v -0.049608 2.360052 -7.614674
v -0.035357 2.360052 -7.757185
v -0.035357 2.301395 -7.757185
v -0.005581 2.281819 -7.788560
v -0.023649 2.281819 -7.583299
v -0.005581 2.379628 -7.788560
v -0.023649 2.379628 -7.583299
v -0.298308 -0.461462 -4.851251
v -0.534900 -0.241440 -6.492837
v -2.419611 -0.164897 -2.247607
v -3.873313 -0.354933 -4.851439
v -2.816742 -0.332022 -2.959403
v -3.873452 -0.301442 -5.595074
v -1.353889 -0.325292 -4.851438
v -2.555319 -0.197256 -4.851439
v -3.873452 -0.247964 -4.851439
v -2.817040 -0.179027 -2.959403
v -0.623550 -0.117972 -4.851439
v -0.853087 -0.099834 0.105299
v -1.073373 -0.220027 0.105299
v -0.840432 -0.291681 0.105300
v -4.010564 -0.297605 -4.850999
v -2.419611 -0.315349 -2.248248
v -2.419611 -0.238879 -2.068365
v -2.929056 -0.259068 -2.959404
v -0.598888 -0.454008 -2.959403
v -0.729592 -0.325982 -4.851438
v -1.878785 -0.312872 -1.294014
v -1.896947 -0.140297 -1.294014
v -1.976974 -0.218047 -1.294014
v -2.355356 -0.160832 -2.132526
v -2.355356 -0.313209 -2.133184
v -0.587294 -0.375727 -4.851393
v -0.411177 -0.282028 -6.835945
v -0.500372 -0.314657 1.430659
v -0.729592 -0.215015 -5.792125
v -0.524637 -0.465106 -2.301574
v -0.194304 -0.506120 -2.092999
v -0.329618 -0.514936 -2.959403
v -0.859767 -0.038151 0.854128
v -0.653186 -0.222103 -5.908519
v -4.122137 -0.302152 -5.584064
v -0.329357 -0.130226 -2.178273
v -0.598889 -0.130226 -2.301574
v -1.182877 -0.186868 0.105299
v -1.110610 -0.148461 0.105299
v -0.760055 -0.229280 0.647253
v -0.199041 -0.432038 1.037805
v -0.788814 -0.168583 1.037805
v -0.863252 -0.038151 1.037805
v -0.927905 -0.407269 -2.959403
v -2.555319 -0.359783 -4.851439
v -1.574755 -0.130226 -2.282686
v -1.864075 -0.130225 -2.394922
v -0.927369 -0.130226 -2.434040
v -1.053373 -0.130226 -2.080426
v -1.253947 -0.130226 -2.677893
v -1.156147 -0.130226 -2.650055
v -0.746440 -0.130225 -1.294014
v -0.927369 -0.408330 -2.434041
v -2.355356 -0.322241 -2.247607
v -0.194474 -0.527383 -2.959403
v -1.053373 -0.397375 -2.080426
v -1.419743 -0.346282 -1.912064
v -1.573357 -0.336653 -1.951008
v -0.720141 -0.029064 -2.247606
v -1.026507 -0.051346 -2.038525
v -0.926127 -0.382370 -1.294014
v -1.421109 -0.346260 -1.294014
v -1.421141 -0.366222 -1.911416
v -1.053358 -0.383720 -1.638275
v -1.574755 -0.356593 -1.950360
v -1.574755 -0.367713 -2.282686
v -1.598656 -0.095030 -2.247606
v -1.596932 -0.119643 -1.871799
v -1.024883 -0.070703 -1.871799
v -1.026524 -0.050771 -1.871648
v -1.598573 -0.099711 -1.871648
v -0.329062 -0.483628 -1.294014
v -0.598889 -0.130225 -1.294014
v -0.329062 -0.130226 -1.294014
v -0.194147 -0.130226 -1.294014
v -0.194147 -0.495984 -1.294014
v -0.329357 -0.503653 -2.178273
v -0.194304 -0.130226 -2.092999
v -0.524637 -0.130226 -2.301574
v -0.832407 -0.130226 -2.301574
v -1.053373 -0.130226 -2.582481
v -1.156147 -0.393102 -2.650055
v -1.864067 -0.130226 -2.677893
v -1.864075 -0.351253 -2.394923
v -1.053358 -0.130225 -1.638275
v -0.926351 -0.130225 -1.495814
v -0.926351 -0.388211 -1.495814
v -1.053367 -0.130226 -1.911440
v -1.053367 -0.371762 -1.911440
v 0.000000 -0.495984 -1.294014
v 0.000000 -0.527383 -2.959403
v -0.708360 -0.222887 1.037879
v -0.687737 -0.199602 1.430659
v -0.835083 0.004047 2.125266
v -0.756549 -0.113487 2.125266
v -0.482740 -0.369929 1.037805
v -0.639014 -0.192022 2.125266
v -0.655579 -0.216779 1.642514
v -0.790447 -0.184086 0.854128
v -0.637743 -0.210912 1.429199
v -0.641551 -0.228756 1.037805
v -0.618514 -0.291650 1.037742
v -0.635547 -0.230776 1.602908
v -0.565738 -0.396046 0.105300
v -0.814435 -0.172402 0.754545
v -2.355356 -0.237049 -2.020454
v -2.419611 -0.240123 -2.126884
v -2.355356 -0.151856 -2.247607
v -2.355356 -0.235869 -1.955981
v -0.729592 -0.119181 -4.851438
v -1.353889 -0.142906 -4.851438
v -0.638272 -0.293101 0.854128
v -0.707794 -0.245152 0.854128
v -0.646873 -0.208942 1.602981
v -0.775497 -0.132436 1.642514
v -0.676223 -0.205786 1.602297
v -0.625910 -0.217417 0.896911
v -0.619201 -0.253913 1.430659
v -0.080021 1.538870 -6.484325
v -0.080021 1.469534 -6.484325
v -0.031075 1.478433 -6.426874
v -0.063950 1.481640 -6.427526
v -0.090704 1.490561 -6.430352
v -0.105575 0.579068 4.014930
v 0.000000 0.684203 3.380319
v -0.105575 0.665287 3.380319
v -0.185334 0.614393 3.380319
v -3.123508 -0.334377 -4.641757
v -3.179335 -0.428657 -4.242603
v -3.139859 -0.412775 -4.641757
v -3.225680 -0.336562 -4.242602
v -3.218809 -0.415088 -4.641756
v -3.132988 -0.334585 -4.242602
v -3.165751 -0.358074 -3.843450
v -3.146563 -0.400656 -4.242602
v -3.179333 -0.367812 -3.843449
v -3.192918 -0.358713 -3.843449
v -3.212106 -0.402488 -4.242603
v -3.174531 -0.335481 -3.837018
v -3.179334 -0.440952 -4.641757
v -3.142639 -0.408626 -4.851438
v -3.179334 -0.436726 -4.851439
v -3.235160 -0.336759 -4.641757
v -3.231229 -0.336677 -4.851439
v -3.216029 -0.410742 -4.851439
v -3.127440 -0.334464 -4.851439
v -0.017945 -0.062659 6.596631
v 0.000000 -0.070674 6.596432
v -0.337684 0.816189 2.051291
v -1.918626 -0.334378 -4.641757
v -1.941681 -0.400657 -4.242602
v -1.934977 -0.412776 -4.641757
v -2.007224 -0.402489 -4.242602
v -1.928107 -0.334585 -4.242602
v -1.960869 -0.358075 -3.843450
v -1.974453 -0.367813 -3.843449
v -1.974453 -0.428658 -4.242602
v -1.969650 -0.335481 -3.837018
v -2.020798 -0.336563 -4.242602
v -1.988037 -0.358713 -3.843449
v -1.937757 -0.408627 -4.851438
v -1.922557 -0.334464 -4.851439
v -1.974452 -0.440952 -4.641757
v -2.013927 -0.415089 -4.641756
v -2.030278 -0.336760 -4.641757
v -2.026347 -0.336678 -4.851439
v -2.011148 -0.410743 -4.851438
v -1.974452 -0.436727 -4.851439
v -0.034627 2.363531 -6.077867
v -0.024485 2.388016 -6.077867
v -0.023038 2.386569 -6.500066
v -0.000001 2.396111 -6.500066
v 0.032579 2.363531 -6.500066
v 0.023036 2.386569 -6.500066
v 0.024483 2.388016 -6.077868
v 0.034625 2.363531 -6.077867
v 0.023036 2.340494 -6.500066
v -0.000001 2.330952 -6.500066
v -0.000001 2.328906 -6.077868
v -0.023038 2.340494 -6.500066
v -0.024485 2.339047 -6.077867
v -0.032581 2.363531 -6.500066
v -0.000652 2.364182 -5.951047
v -0.000001 2.364452 -5.951047
v -0.000001 2.398158 -6.077867
v 0.000650 2.364182 -5.951047
v 0.000919 2.363531 -5.951047
v 0.000650 2.362880 -5.951047
v 0.024483 2.339047 -6.077867
v -0.000001 2.362611 -5.951047
v -0.000652 2.362880 -5.951047
v -0.000921 2.363531 -5.951047
v 0.081536 2.084109 -7.710420
v 0.034983 2.084109 -7.383709
v 0.035028 2.084109 -7.851684
v 0.077475 2.084109 -7.806789
v 0.059319 2.084109 -7.835937
v 0.085951 2.122398 -7.760940
v 0.034983 2.122398 -7.383709
v 0.043444 2.112398 -7.860473
v -0.000001 2.094109 -7.872891
v -0.000001 2.112398 -7.872891
v 0.037571 2.112398 -7.354969
v 0.037571 2.094109 -7.354969
v 0.091289 2.094109 -7.707304
v 0.091289 2.112398 -7.707304
v 0.085951 2.084109 -7.760940
v 0.098470 2.094109 -7.763410
v -0.000001 2.084109 -7.859094
v 0.081536 2.122398 -7.710420
v 0.089237 2.094109 -7.814788
v 0.059319 2.122398 -7.835937
v 0.077475 2.122398 -7.806789
v 0.089237 2.112398 -7.814788
v 0.067797 2.112398 -7.845321
v 0.067797 2.094109 -7.845321
v 0.098470 2.112398 -7.763410
v 0.043444 2.094109 -7.860473
v 0.035028 2.122398 -7.851684
v -0.000001 2.084109 -7.752760
v -0.034986 2.084109 -7.383709
v -0.081538 2.084109 -7.710421
v -0.081538 2.122398 -7.710421
v -0.077478 2.122398 -7.806788
v -0.034986 2.122398 -7.383709
v -0.000001 2.122398 -7.752760
v -0.043447 2.094109 -7.860473
v -0.043447 2.112398 -7.860473
v -0.037574 2.094109 -7.354968
v -0.037574 2.112398 -7.354968
v -0.091292 2.112398 -7.707304
v -0.091292 2.094109 -7.707304
v -0.000001 2.122398 -7.859094
v -0.098472 2.112398 -7.763410
v -0.089240 2.112398 -7.814788
v -0.067800 2.112398 -7.845321
v -0.059322 2.084109 -7.835937
v -0.077478 2.084109 -7.806788
v -0.059322 2.122398 -7.835937
v -0.067800 2.094109 -7.845321
v -0.085953 2.084109 -7.760940
v -0.098472 2.094109 -7.763410
v -0.089240 2.094109 -7.814788
v -0.085953 2.122398 -7.760940
v -0.035031 2.084109 -7.851685
v -0.035031 2.122398 -7.851685
v -0.000001 0.807594 -7.654569
v -0.000001 0.849437 -4.781953
v 0.100563 0.823008 -4.781953
v 0.063804 0.781165 -7.654570
v 0.126992 0.759202 -4.781953
v 0.100563 0.695397 -4.781953
v -0.000001 0.627125 -7.614574
v 0.036758 0.668968 -4.781953
v -0.100565 0.823008 -4.781953
v -0.090236 0.717359 -7.654569
v -0.063807 0.653554 -7.654569
v -0.100565 0.695397 -4.781953
v -0.126994 0.759202 -4.781953
v -0.036760 0.668968 -4.781953
v 0.090233 0.717359 -7.654570
v 0.049451 0.667907 -7.768537
v 0.069934 0.717359 -7.768537
v 0.063804 0.653554 -7.654570
v -0.063807 0.781165 -7.654569
v -0.069937 0.717359 -7.768537
v -0.049453 0.667907 -7.768537
v -0.000001 0.647424 -7.768537
v -0.000001 0.627125 -7.654570
v -0.000001 0.787295 -7.768537
v 0.049451 0.766811 -7.768537
v -0.000001 0.756147 -7.821546
v -0.049453 0.766811 -7.768537
v -0.038789 0.717359 -7.821546
v -0.000001 0.678571 -7.821546
v 0.027426 0.744787 -7.821546
v 0.038787 0.717359 -7.821546
v 0.027426 0.689932 -7.821546
v -0.027429 0.744787 -7.821546
v -0.000001 0.717359 -7.850614
v -0.027429 0.689932 -7.821546
v -0.093859 -0.559224 -2.820435
v -0.000001 -0.691832 -4.140123
v -0.000001 -0.575131 -2.820783
v -0.000002 -0.415335 -6.876419
v -0.000002 -0.638237 -6.488664
v -0.041790 -0.415335 -6.876419
v -0.000001 -0.496254 -2.428396
v -0.000002 -0.819099 -5.809637
v -0.000002 -0.781548 -6.145035
v -0.089519 -0.738380 -6.145035
v -0.064795 -0.612261 -6.488664
v -0.109641 -0.540065 -6.488664
v -0.148212 -0.733517 -5.809637
v -0.257677 -0.588071 -5.459464
v -0.226017 -0.588070 -5.809637
v -0.145059 -0.478635 -2.819627
v -0.183102 -0.415335 -6.145034
v -0.144653 -0.415335 -6.488664
v -0.226017 -0.415335 -5.809637
v -0.253446 -0.415335 -4.138968
v -0.257677 -0.415335 -5.459464
v -0.196388 -0.633062 -4.139949
v -0.181449 -0.729150 -5.459464
v -0.253446 -0.529144 -4.139545
v -0.151920 -0.570019 -6.145035
v -0.060858 -0.487445 -2.493603
v -0.029121 -0.496254 -2.444340
v -0.035013 -0.544336 -2.494007
v 0.060856 -0.487445 -2.493603
v 0.093856 -0.559224 -2.820435
v 0.041786 -0.415335 -6.876419
v 0.029119 -0.496254 -2.444340
v 0.148209 -0.733517 -5.809637
v 0.181446 -0.729150 -5.459464
v -0.000002 -0.808532 -5.459464
v 0.089515 -0.738380 -6.145035
v 0.064791 -0.612261 -6.488664
v 0.109637 -0.540065 -6.488664
v 0.151917 -0.570019 -6.145035
v 0.144650 -0.415335 -6.488664
v 0.226014 -0.588070 -5.809637
v 0.183098 -0.415335 -6.145034
v 0.226014 -0.415335 -5.809637
v 0.257674 -0.415335 -5.459464
v 0.257674 -0.588070 -5.459464
v 0.253443 -0.529144 -4.139545
v 0.253443 -0.415335 -4.138968
v 0.196385 -0.633062 -4.139949
v 0.145057 -0.478635 -2.819627
v 0.035011 -0.544336 -2.494006
v -0.000001 -0.552290 -2.494181
v 0.000000 0.944900 1.247598
v 0.000000 1.208078 0.988982
v 0.017657 0.944900 1.171019
v 0.000000 1.208078 0.835825
v 0.000000 0.944900 1.094441
v -0.017658 0.944900 1.171019
v -0.017658 1.208078 0.912403
v 0.017657 1.208078 0.912403
v -0.000000 0.924454 -1.805888
v -0.003088 0.984981 -1.853078
v -0.000000 0.960293 -1.825156
v 0.010810 1.001039 -1.891346
v -0.017658 0.924454 -1.882467
v -0.000000 0.924454 -1.959045
v -0.000000 0.968545 -1.978159
v 0.003087 0.984981 -1.853078
v -0.010811 1.001039 -1.891346
v 0.012006 0.992678 -1.960090
v -0.012007 0.992678 -1.960090
v -0.013428 1.007305 -1.929734
v 0.017657 0.924454 -1.882467
v 0.013427 1.007305 -1.929734
v -0.456747 -0.553722 -2.774456
v -0.501042 -0.542679 -2.774456
v -0.530974 -0.498877 -2.774456
v -0.501041 -0.542679 -2.645376
v -0.528906 -0.451037 -2.645376
v -0.390230 -0.497908 -2.774456
v -0.414421 -0.536622 -2.774456
v -0.426655 -0.497178 -2.447641
v -0.468458 -0.479664 -2.410033
v -0.508681 -0.469905 -2.445483
v -0.512353 -0.495864 -2.445910
v -0.468061 -0.531764 -2.447304
v -0.414421 -0.536622 -2.645376
v -0.460102 -0.547210 -2.525091
v -0.456747 -0.553722 -2.645376
v -0.499385 -0.537362 -2.524754
v -0.525059 -0.498218 -2.524669
v -0.530095 -0.496593 -2.645376
v -0.390230 -0.497908 -2.645376
v -0.422418 -0.532112 -2.525658
v -0.495423 -0.524638 -2.446216
v -0.523639 -0.462237 -2.524526
v -0.401062 -0.497691 -2.525162
v -0.441080 -0.521589 -2.449177
v -0.466999 -0.490550 -2.717899
v -0.527475 -0.451703 -2.774456
v 0.351847 -0.538327 -2.693459
v 0.374590 -0.529139 -2.624101
v 0.328046 -0.532394 -2.693459
v 0.351847 -0.538327 -2.624101
v 0.328046 -0.532394 -2.624101
v 0.313843 -0.483510 -2.693459
v 0.387588 -0.508337 -2.693459
v 0.345554 -0.498534 -2.497646
v 0.321969 -0.507239 -2.516923
v 0.331065 -0.522699 -2.517088
v 0.345768 -0.526529 -2.517672
v 0.350044 -0.534828 -2.559469
v 0.315141 -0.508503 -2.559242
v 0.315904 -0.489170 -2.559165
v 0.313074 -0.483152 -2.624101
v 0.312436 -0.507631 -2.624101
v 0.387588 -0.508337 -2.624101
v 0.370293 -0.526716 -2.559774
v 0.328936 -0.529536 -2.559288
v 0.323942 -0.493290 -2.516694
v 0.381768 -0.508220 -2.559507
v 0.368016 -0.507945 -2.517853
v 0.360265 -0.521061 -2.518678
v 0.374590 -0.529139 -2.693459
v 0.311963 -0.508857 -2.693459
v 0.346339 -0.504383 -2.663069
v 0.545395 -0.494526 -2.497647
v 0.569195 -0.488593 -2.497647
v 0.584806 -0.463829 -2.567004
v 0.584168 -0.439351 -2.567004
v 0.583398 -0.439709 -2.497646
v 0.509654 -0.464536 -2.567004
v 0.522652 -0.485338 -2.497647
v 0.536977 -0.477261 -2.672427
v 0.573300 -0.449489 -2.674412
v 0.551687 -0.454733 -2.693460
v 0.575273 -0.463438 -2.674182
v 0.566176 -0.478898 -2.674018
v 0.526949 -0.482915 -2.631332
v 0.522652 -0.485338 -2.567004
v 0.545395 -0.494526 -2.567004
v 0.569195 -0.488593 -2.567004
v 0.582101 -0.464703 -2.631863
v 0.581338 -0.445369 -2.631940
v 0.515474 -0.464419 -2.631598
v 0.551474 -0.482728 -2.673433
v 0.568306 -0.485735 -2.631817
v 0.547198 -0.491027 -2.631636
v 0.529226 -0.464144 -2.673252
v 0.585279 -0.465056 -2.497646
v 0.509654 -0.464536 -2.497647
v 0.550903 -0.460582 -2.528036
v 0.562168 -0.444425 -3.748456
v 0.562168 -0.444425 -3.825866
v 0.631538 -0.420420 -3.825866
v 0.629967 -0.393499 -3.748456
v 0.547660 -0.421208 -3.825866
v 0.594336 -0.441513 -3.944651
v 0.594574 -0.410268 -3.967003
v 0.578156 -0.435411 -3.943528
v 0.569505 -0.420771 -3.944449
v 0.618696 -0.404415 -3.945743
v 0.620898 -0.419983 -3.945487
v 0.587551 -0.454681 -3.825866
v 0.613121 -0.444869 -3.898203
v 0.628518 -0.421394 -3.898255
v 0.614115 -0.448058 -3.825866
v 0.627667 -0.399816 -3.898340
v 0.630825 -0.393099 -3.825866
v 0.566963 -0.441721 -3.897662
v 0.610745 -0.437238 -3.945303
v 0.589563 -0.450775 -3.898002
v 0.554156 -0.421078 -3.897959
v 0.587551 -0.454681 -3.748456
v 0.614115 -0.448058 -3.748456
v 0.632065 -0.421789 -3.748456
v 0.593699 -0.416796 -3.782373
v 0.547660 -0.421208 -3.748456
v -0.594906 -0.454681 -3.748456
v -0.594906 -0.454681 -3.825866
v -0.639420 -0.421790 -3.748456
v -0.638892 -0.420420 -3.825866
v -0.621469 -0.448058 -3.825866
v -0.621469 -0.448058 -3.748456
v -0.638180 -0.393100 -3.825866
v -0.637322 -0.393499 -3.748456
v -0.569522 -0.444426 -3.748456
v -0.585510 -0.435410 -3.943528
v -0.601929 -0.410268 -3.967003
v -0.626051 -0.404415 -3.945743
v -0.618100 -0.437239 -3.945303
v -0.569523 -0.444426 -3.825866
v -0.596918 -0.450775 -3.898002
v -0.635873 -0.421394 -3.898255
v -0.635021 -0.399817 -3.898340
v -0.574318 -0.441721 -3.897662
v -0.555015 -0.421209 -3.825866
v -0.601691 -0.441513 -3.944651
v -0.620476 -0.444869 -3.898203
v -0.628253 -0.419983 -3.945487
v -0.576859 -0.420771 -3.944449
v -0.561511 -0.421078 -3.897959
v -0.601054 -0.416796 -3.782373
v -0.555015 -0.421209 -3.748456
v -0.116325 -0.398935 3.160976
v 0.116324 -0.398935 3.160976
v -0.114125 -0.420716 3.294957
v 0.181077 -0.403569 3.294957
v 0.114125 -0.463004 3.495474
v -0.114125 -0.463004 3.495473
v 0.114125 -0.420716 3.294957
v 0.287991 -0.295319 3.732000
v 0.266069 -0.375908 3.732000
v 0.241223 -0.363184 3.495474
v 0.261098 -0.295319 3.495474
v 0.194869 -0.439189 3.495474
v 0.253299 -0.380637 3.968525
v 0.214940 -0.456653 3.732000
v 0.114125 -0.480458 3.968525
v 0.114125 -0.483636 3.732000
v 0.274169 -0.295319 3.968525
v 0.170188 -0.403568 4.169042
v 0.204624 -0.456643 3.968525
v 0.240682 -0.295319 4.169042
v 0.141617 -0.323429 4.303023
v 0.222361 -0.347260 4.169042
v 0.114125 -0.420716 4.169042
v 0.213330 -0.347260 3.294957
v -0.194869 -0.439189 3.495473
v -0.241223 -0.363184 3.495473
v -0.213330 -0.347260 3.294957
v -0.261098 -0.295319 3.495473
v -0.266068 -0.375908 3.731999
v -0.287990 -0.295319 3.731999
v -0.114125 -0.483636 3.731999
v -0.253299 -0.380637 3.968524
v -0.204624 -0.456643 3.968524
v -0.214940 -0.456653 3.731999
v -0.114125 -0.480458 3.968525
v -0.222361 -0.347260 4.169042
v -0.274169 -0.295319 3.968524
v -0.240682 -0.295319 4.169042
v -0.141617 -0.323429 4.303023
v -0.170188 -0.403568 4.169042
v -0.114125 -0.420716 4.169042
v -0.083525 -0.355222 4.303023
v 0.000000 -0.295319 4.350070
v 0.083524 -0.355222 4.303023
v -0.181078 -0.403568 3.294957
v -0.000000 -0.369556 2.352148
v -0.000000 -0.361522 2.723450
v 0.199041 -0.361522 2.723451
v -0.199041 -0.391513 2.724174
v -0.199041 -0.361522 2.723450
v -0.199041 -0.369556 2.352148
v 0.199041 -0.369556 2.352148
v -0.000000 -0.402444 2.219002
v 0.199041 -0.402445 2.219002
v -0.199041 -0.399548 2.352872
v -0.199041 -0.402445 2.219001
v -0.199041 -0.406155 2.071042
v -0.000000 -0.376163 2.070349
v 0.199041 -0.376163 2.070349
v -0.199041 -0.372452 2.218307
v -0.000000 -0.372452 2.218308
v -0.199041 -0.376163 2.070348
v 0.199041 -0.372452 2.218308
v -0.000000 -0.406155 2.071043
v -0.000000 -0.399547 2.352873
v -0.000000 -0.386903 2.070377
v 0.000000 -0.402045 1.038362
v -0.199041 -0.402045 1.038362
v 0.199041 -0.402045 1.038362
v 0.329949 0.368319 4.138515
v 0.343710 0.332958 4.152430
v 0.339101 0.333993 4.192527
v 0.344915 0.351563 4.188288
v 0.310716 0.357522 4.208983
v 0.286940 0.380015 4.185342
v 0.304184 0.387501 4.182677
v 0.291550 0.378979 4.145245
v 0.319935 0.355450 4.128789
v 0.307783 0.386692 4.151365
v 0.322749 0.369937 4.201138
v 0.348515 0.350754 4.156976
v 0.315422 0.368895 4.180181
v 0.316925 0.371429 4.163113
v 0.327563 0.360410 4.171201
v 0.374802 0.415021 4.183469
v 0.364164 0.426037 4.175378
v 0.362662 0.423508 4.192447
v 0.358393 0.420464 4.233767
v 0.375519 0.416264 4.181459
v 0.360501 0.408793 4.177142
v 0.345038 0.430214 4.228612
v 0.343375 0.412994 4.229450
v 0.362163 0.426013 4.176303
v 0.485292 -0.013862 4.175353
v 0.485489 -0.029996 4.181650
v 0.413056 -0.018997 4.164417
v 0.413250 -0.035132 4.170711
v 0.410684 -0.021713 4.181357
v 0.482924 -0.016575 4.192295
v 0.482839 -0.030062 4.184046
v 0.479891 -0.013295 4.180854
v 0.471958 -0.004425 4.234756
v 0.458809 -0.015699 4.234676
v 0.474906 -0.021192 4.237949
v 0.466742 -0.024569 4.180773
v 0.404038 -0.053936 4.149212
v 0.407501 -0.019319 4.128724
v 0.402540 -0.053454 4.189556
v 0.421206 -0.047543 4.154199
v 0.420036 -0.047167 4.185703
v 0.421571 -0.019757 4.201209
v 0.407970 0.016263 4.188923
v 0.404506 -0.018355 4.209411
v 0.424276 0.007275 4.185210
v 0.409467 0.015781 4.148580
v 0.425445 0.006898 4.153706
v 0.423910 -0.020510 4.138200
v -0.329947 0.368319 4.138515
v -0.343708 0.332958 4.152430
v -0.348513 0.350754 4.156976
v -0.339099 0.333993 4.192527
v -0.310715 0.357522 4.208983
v -0.344914 0.351563 4.188288
v -0.286939 0.380015 4.185342
v -0.322748 0.369937 4.201138
v -0.291549 0.378979 4.145245
v -0.307782 0.386692 4.151365
v -0.304182 0.387501 4.182677
v -0.319933 0.355450 4.128789
v -0.316923 0.371429 4.163113
v -0.364162 0.426037 4.175378
v -0.362661 0.423508 4.192447
v -0.374801 0.415021 4.183469
v -0.315421 0.368895 4.180181
v -0.327561 0.360410 4.171201
v -0.362162 0.426013 4.176303
v -0.360499 0.408793 4.177142
v -0.345037 0.430214 4.228612
v -0.358392 0.420464 4.233767
v -0.343374 0.412994 4.229450
v -0.375518 0.416264 4.181459
v -0.410683 -0.021713 4.181357
v -0.485291 -0.013862 4.175353
v -0.482923 -0.016575 4.192295
v -0.413249 -0.035132 4.170711
v -0.485487 -0.029996 4.181650
v -0.413054 -0.018997 4.164417
v -0.474904 -0.021192 4.237949
v -0.479890 -0.013295 4.180854
v -0.482838 -0.030062 4.184046
v -0.466741 -0.024569 4.180773
v -0.458807 -0.015699 4.234676
v -0.471957 -0.004425 4.234756
v -0.407500 -0.019319 4.128724
v -0.404036 -0.053936 4.149212
v -0.420035 -0.047167 4.185703
v -0.402539 -0.053454 4.189556
v -0.407968 0.016263 4.188923
v -0.424274 0.007275 4.185210
v -0.404505 -0.018355 4.209411
v -0.409466 0.015781 4.148580
v -0.423909 -0.020510 4.138200
v -0.421204 -0.047543 4.154199
v -0.421570 -0.019757 4.201209
v -0.425444 0.006898 4.153706
v 0.328991 -0.503653 -2.178301
v 0.327821 -0.483628 -1.294156
v 1.053374 -0.397375 -2.080426
v 0.598889 -0.441258 -1.294014
v 0.927138 -0.408789 -2.206765
v 1.253948 -0.387508 -2.677893
v 0.194147 -0.455987 -1.294521
v 0.385760 -0.443830 -1.294435
v 0.592366 -0.409508 -2.301876
v 0.335203 -0.464090 -2.186233
v 0.591371 -0.401972 -1.294314
v 1.050567 -0.343837 -1.639506
v 1.050787 -0.352257 -1.912626
v 0.920280 -0.348691 -1.496964
v 0.827878 -0.382620 -2.302729
v 0.739359 -0.375354 -1.295160
v 0.926351 -0.388211 -1.495814
v 1.050999 -0.357464 -2.081658
v 0.923128 -0.369007 -2.207921
v 0.516143 -0.426021 -2.302024
v 0.193984 -0.466124 -2.093507
v 1.253013 -0.367544 -2.677165
v 1.051990 -0.377423 -2.080453
v 0.925480 -0.388420 -2.434059
v 0.829538 -0.402553 -2.301537
v 1.154939 -0.373140 -2.650290
v 1.052161 -0.378565 -2.582526
v 0.925039 -0.388899 -2.206727
v 1.573658 -0.347744 -2.282863
v 1.862731 -0.331306 -2.395464
v 1.863133 -0.338970 -2.678435
v -0.327822 -0.483628 -1.294156
v -0.598889 -0.441258 -1.294014
v -1.053367 -0.392156 -1.911440
v -0.746440 -0.414705 -1.294014
v -0.927138 -0.408789 -2.206766
v -0.335203 -0.464090 -2.186233
v -0.194147 -0.455987 -1.294521
v -0.385760 -0.443830 -1.294435
v -1.050998 -0.357464 -2.081659
v -0.923128 -0.369007 -2.207922
v -0.591371 -0.401972 -1.294315
v -0.739359 -0.375354 -1.295161
v -1.050566 -0.343837 -1.639506
v -0.920280 -0.348691 -1.496965
v -1.050786 -0.352257 -1.912626
v -0.827878 -0.382620 -2.302729
v -0.832407 -0.422346 -2.301574
v -0.598889 -0.448971 -2.301574
v -0.592366 -0.409508 -2.301876
v -0.516143 -0.426021 -2.302025
v -0.328991 -0.503653 -2.178301
v -0.193983 -0.466124 -2.093507
v -1.051989 -0.377423 -2.080453
v -1.573657 -0.347744 -2.282864
v -0.925479 -0.388420 -2.434060
v -0.829538 -0.402553 -2.301537
v -1.864067 -0.358941 -2.677893
v -1.863132 -0.338970 -2.678435
v -1.253012 -0.367544 -2.677166
v -1.253947 -0.387508 -2.677893
v -1.154938 -0.373140 -2.650291
v -1.053373 -0.398528 -2.582480
v -1.052160 -0.378565 -2.582526
v -0.925039 -0.388899 -2.206728
v -1.862730 -0.331306 -2.395464
v -0.662500 -0.253444 0.561490
v -0.608217 -0.238426 0.564102
v -0.627365 -0.264098 1.109564
v -0.681648 -0.279116 1.106951
v -0.623332 -0.184145 0.566126
v -0.677615 -0.199163 0.563514
v -0.642481 -0.209817 1.111587
v -0.696763 -0.224835 1.108975
v 0.662500 -0.253444 0.561489
v 0.627366 -0.264098 1.109564
v 0.608217 -0.238426 0.564102
v 0.696763 -0.224835 1.108975
v 0.623333 -0.184145 0.566126
v 0.677615 -0.199163 0.563514
v 0.681648 -0.279116 1.106951
v 0.642481 -0.209817 1.111587
v 0.032619 0.810228 3.390624
v -0.101654 0.622526 3.538428
v -0.101654 0.630319 3.546752
v 0.099173 0.630319 3.546752
v 0.099173 0.622526 3.538426
v 0.099173 0.772814 3.425644
v -0.035100 0.810228 3.390624
v -0.035100 0.802435 3.382299
v -0.101654 0.765021 3.417320
v -0.101654 0.772814 3.425645
v 0.099173 0.765021 3.417320
v 0.032619 0.802435 3.382299
v 0.094252 0.662836 3.430519
v -0.096829 0.662836 3.430519
v -0.096829 0.619648 3.546886
v -0.096829 0.682083 3.494720
v 0.094252 0.619648 3.546886
v 0.094252 0.682083 3.494720
v 0.016419 -0.019878 6.597697
v 0.000000 -0.030971 6.699406
v 0.000000 -0.013883 6.597847
v -0.006366 -0.033384 6.699406
v -0.010020 -0.040255 6.699406
v -0.006918 -0.049191 6.699406
v 0.000000 -0.052287 6.699406
v 0.006366 -0.033384 6.699406
v 0.000000 -0.026707 6.997890
v 0.013460 -0.053398 6.997890
v 0.006918 -0.049191 6.699406
v 0.010020 -0.040255 6.699406
v 0.014222 -0.035553 6.997890
v 0.012742 -0.032770 6.997890
v 0.004963 -0.045382 7.054199
v -0.012742 -0.032770 6.997890
v -0.004732 -0.038759 7.054199
v -0.014223 -0.035553 6.997890
v -0.004963 -0.045382 7.054199
v -0.013461 -0.053398 6.997890
v 0.000000 -0.059558 6.997890
v 0.000000 -0.047667 7.054199
vn 0.6503 -0.7587 0.0390
vn -0.4984 -0.8668 0.0192
vn -0.4954 -0.8684 0.0204
vn 0.9310 -0.3644 0.0202
vn 0.7011 -0.7124 0.0310
vn 0.9563 -0.2917 0.0210
vn 0.6215 -0.7504 0.2249
vn 0.9576 0.1837 0.2219
vn -0.2417 -0.9178 0.3149
vn 0.2555 0.9360 0.2420
vn 0.9517 0.2969 0.0782
vn 0.9534 0.2637 0.1469
vn 0.9979 0.0348 0.0552
vn 0.9900 -0.0325 0.1374
vn 0.7906 0.6028 0.1073
vn 0.7443 0.6444 0.1757
vn 0.5343 0.8283 0.1688
vn 0.3490 0.9167 0.1945
vn -0.0000 -0.9980 0.0625
vn 0.2718 -0.9600 0.0679
vn -0.0000 -0.9972 0.0747
vn 0.2350 -0.9676 0.0928
vn 0.6918 -0.7187 0.0697
vn 0.5477 -0.8280 0.1204
vn 0.9724 -0.2268 0.0551
vn 0.8971 -0.4150 0.1515
vn 0.9995 -0.0221 0.0203
vn 0.9874 0.1554 0.0293
vn 0.9027 0.4245 0.0701
vn -0.0000 -0.9995 0.0319
vn 0.2654 -0.9632 0.0415
vn 0.9821 0.0167 0.1877
vn 0.9048 0.3671 0.2159
vn 0.9708 -0.0029 0.2397
vn 0.8777 0.3819 0.2895
vn 0.6707 0.6833 0.2885
vn 0.6678 0.7097 0.2246
vn 0.3098 0.9237 0.2254
vn 0.2817 0.9134 0.2938
vn -0.0000 0.9705 0.2411
vn -0.0000 0.9540 0.3000
vn -0.0000 -0.9803 0.1974
vn -0.0000 -0.9921 0.1254
vn 0.3160 -0.9304 0.1858
vn 0.3393 -0.9300 0.1411
vn 0.6761 -0.7168 0.1708
vn 0.7189 -0.6614 0.2138
vn 0.9340 -0.3034 0.1884
vn 0.9095 -0.3325 0.2495
vn -0.0000 0.9818 0.1898
vn 0.6730 0.6895 0.2676
vn 0.7005 0.7124 0.0425
vn 0.9757 0.0255 0.2175
vn 0.9982 0.0214 0.0567
vn -0.0118 0.9983 0.0578
vn -0.0000 0.9685 0.2490
vn 0.8263 -0.5617 0.0422
vn 0.5875 -0.7796 0.2170
vn -0.0000 -0.9917 0.1290
vn 0.6165 0.7731 0.1491
vn 0.5011 0.8167 0.2863
vn 0.7517 0.6535 0.0890
vn 0.7544 0.6410 0.1414
vn 0.7794 0.6265 -0.0051
vn 0.9486 0.3165 -0.0033
vn 0.7750 0.6319 -0.0083
vn 0.9651 0.2617 -0.0090
vn 0.5198 0.8542 -0.0098
vn 0.4947 0.8690 -0.0081
vn 0.2234 0.9746 -0.0144
vn 0.2478 0.9687 -0.0156
vn -0.0000 0.9998 -0.0189
vn -0.0000 0.9998 -0.0177
vn 0.1561 0.9851 0.0726
vn 0.6191 0.7761 0.1199
vn 0.9996 0.0262 -0.0042
vn 0.9922 -0.1237 -0.0158
vn 0.8720 0.4828 0.0813
vn 0.9885 0.1361 0.0659
vn 0.5688 0.7853 0.2444
vn 0.3389 0.9399 0.0407
vn -0.0000 0.1060 0.9944
vn 0.9919 -0.1186 0.0463
vn 0.1006 0.9485 0.3005
vn -0.0000 0.9545 0.2981
vn 0.9275 0.3622 0.0927
vn 0.5154 0.8568 -0.0151
vn 0.6278 0.7782 -0.0121
vn 0.1997 0.9797 -0.0180
vn -0.0000 0.9998 -0.0195
vn 0.2640 0.9644 0.0177
vn 0.2608 0.9652 -0.0188
vn 0.3421 0.9379 -0.0573
vn 0.1521 0.9879 -0.0315
vn -0.0000 0.9984 -0.0559
vn -0.0000 0.9996 -0.0275
vn 0.2390 -0.9547 -0.1774
vn 0.2894 -0.9558 0.0518
vn 0.1567 -0.9734 -0.1673
vn 0.1026 -0.9942 0.0312
vn 0.5107 -0.8596 -0.0168
vn 0.9651 -0.2420 0.1001
vn 0.9994 0.0018 0.0333
vn 0.9662 0.2465 0.0756
vn 0.9578 0.2847 0.0394
vn 0.4950 0.8398 0.2230
vn 0.4359 0.8952 0.0932
vn -0.0666 0.9630 0.2612
vn -0.0050 0.9860 0.1666
vn 0.8312 -0.5465 0.1019
vn 0.9480 -0.3166 0.0338
vn 0.9755 0.2164 -0.0404
vn 0.9933 -0.0294 -0.1122
vn 0.9351 -0.3539 -0.0192
vn 0.7754 -0.6297 0.0471
vn 0.7447 -0.6654 0.0518
vn 0.2288 0.9705 0.0765
vn 0.5090 0.8591 0.0535
vn 0.9945 0.0904 -0.0527
vn 0.6536 0.7564 0.0256
vn 0.9954 0.0785 -0.0557
vn 0.3682 0.9297 0.0116
vn 0.2306 0.9727 0.0251
vn 0.6005 0.7996 0.0034
vn 0.7103 0.7015 -0.0571
vn 0.9947 0.0954 -0.0371
vn 0.3111 0.9499 -0.0310
vn 0.5996 0.7993 -0.0391
vn 0.9798 0.1976 -0.0314
vn 0.9983 -0.0503 -0.0277
vn 0.1897 0.9815 -0.0274
vn 0.9608 0.2703 -0.0621
vn 0.6969 0.7147 -0.0601
vn 0.9284 0.3694 -0.0417
vn 0.8078 0.5876 -0.0461
vn 0.9320 0.3596 -0.0448
vn -0.0000 -0.9997 -0.0259
vn -0.0000 -0.9996 -0.0268
vn 0.1504 -0.9881 -0.0313
vn 0.3210 -0.9452 -0.0595
vn 0.9684 -0.2410 -0.0640
vn 0.9985 -0.0096 -0.0538
vn 0.9634 0.2620 -0.0564
vn 0.8764 0.4780 -0.0584
vn 0.7738 0.6300 -0.0653
vn 0.5882 0.8059 -0.0681
vn 0.3307 0.9411 -0.0703
vn -0.0000 0.9971 -0.0759
vn 0.5332 -0.8395 0.1043
vn -0.7917 -0.6099 0.0359
vn 0.1536 -0.9878 0.0263
vn 0.0233 -0.9995 -0.0224
vn 0.1677 -0.9858 -0.0118
vn 0.3594 0.9285 -0.0939
vn 0.0831 0.9899 -0.1152
vn -0.0000 0.9900 -0.1411
vn 0.6979 0.6992 -0.1552
vn 0.8967 0.4177 -0.1466
vn 0.9852 0.0703 -0.1563
vn 0.9421 -0.3000 -0.1499
vn 0.7555 -0.6377 -0.1499
vn 0.6061 -0.7890 -0.1006
vn 0.4540 -0.8783 -0.1499
vn 0.0001 -0.9940 -0.1093
vn -0.0173 -0.9984 -0.0543
vn -0.0001 -0.9999 0.0160
vn -0.2263 -0.9725 -0.0551
vn -0.6384 -0.6384 -0.4301
vn -0.8087 -0.4021 -0.4293
vn -0.9010 -0.0620 -0.4293
vn -0.8562 0.2875 -0.4293
vn -0.6810 0.5933 -0.4293
vn -0.4021 0.8087 -0.4293
vn -0.0000 0.9028 -0.4301
vn -0.0000 -0.9998 0.0198
vn -0.3479 -0.9344 -0.0766
vn 0.9933 0.1144 0.0188
vn 0.9997 0.0235 -0.0098
vn 0.9974 0.0682 0.0239
vn 0.9997 0.0208 -0.0115
vn -0.0000 -0.0719 -0.9974
vn 0.9936 -0.0393 -0.1057
vn -0.0000 -0.7340 -0.6792
vn -0.0000 0.8986 0.4388
vn -0.0000 0.8948 0.4466
vn 0.9961 0.0822 0.0316
vn -0.0000 0.8996 0.4368
vn -0.0000 -0.5067 -0.8622
vn -0.0000 0.8283 -0.5602
vn -0.0000 0.9972 0.0753
vn 0.9986 0.0531 -0.0063
vn -0.0000 0.9689 -0.2476
vn -0.9163 0.0607 0.3959
vn -0.8774 -0.3346 0.3438
vn 0.8970 0.4248 0.1223
vn -0.6776 -0.6775 0.2861
vn 0.6827 0.7120 0.1640
vn -0.3393 -0.8690 0.3602
vn 0.4107 -0.8792 0.2415
vn 0.1219 0.6367 0.7614
vn 0.9325 0.1899 0.3071
vn 0.6416 0.6963 0.3217
vn 0.6356 -0.7170 0.2863
vn -0.2718 0.8892 0.3680
vn 0.4630 -0.8667 0.1856
vn -0.6069 0.6931 0.3889
vn -0.8108 -0.1748 0.5585
vn -0.8244 0.4073 0.3929
vn 0.7685 0.5894 0.2492
vn 0.9181 -0.3525 0.1813
vn 0.6400 -0.6093 0.4681
vn 0.3918 -0.9015 0.1836
vn 0.9710 0.2377 0.0276
vn 0.9876 0.1549 0.0243
vn 0.9993 0.0365 0.0110
vn 0.9965 -0.0828 0.0074
vn 0.7882 0.0293 0.6147
vn -0.5050 -0.8552 0.1167
vn 0.9677 0.2269 0.1096
vn 0.7986 -0.0000 0.6019
vn 0.7163 0.3607 0.5973
vn 0.4725 0.5653 0.6762
vn 0.8005 -0.3607 0.4786
vn 0.5145 -0.6157 0.5968
vn 0.7140 -0.3595 0.6008
vn -0.0001 -0.0000 1.0000
vn 0.9590 0.2808 0.0382
vn 0.9381 0.1834 -0.2937
vn 0.8574 -0.3229 0.4006
vn 0.9726 0.0769 -0.2194
vn 0.9352 0.3064 -0.1776
vn 0.8765 -0.1114 0.4684
vn 0.8220 0.5601 -0.1033
vn 0.8429 0.1268 0.5229
vn 0.5881 0.8046 -0.0816
vn 0.6884 0.4118 0.5971
vn 0.3066 0.9444 0.1187
vn 0.4872 0.6103 0.6246
vn -0.0000 0.9577 -0.2878
vn -0.0000 0.8474 0.5310
vn 0.1963 0.4507 0.8708
vn -0.0000 0.9122 0.4097
vn 0.1407 0.9156 0.3767
vn 0.8852 0.4193 0.2017
vn 0.7805 0.5925 0.1992
vn -0.0000 -0.7320 -0.6813
vn -0.0001 -0.2877 -0.9577
vn 0.4809 0.8262 0.2936
vn 0.9404 0.3399 -0.0067
vn 0.4190 0.9016 0.1072
vn -0.7127 0.0987 -0.6945
vn -0.2707 0.0191 0.9625
vn -0.8203 0.0127 0.5718
vn 0.0001 0.9244 0.3814
vn -0.2920 0.0232 0.9562
vn -0.9675 0.0144 -0.2523
vn -0.9939 0.0369 -0.1036
vn -0.9778 -0.0103 0.2092
vn -0.9996 0.0240 0.0148
vn -0.9989 0.0311 -0.0344
vn -0.9763 0.0304 -0.2142
vn -0.8499 0.3486 -0.3952
vn -0.9657 -0.0915 0.2431
vn -0.9336 -0.3165 0.1682
vn -0.8700 0.1124 -0.4800
vn -0.8146 -0.5702 0.1068
vn -0.8291 -0.1154 -0.5470
vn -0.5996 -0.7721 0.2107
vn -0.6580 -0.4981 -0.5647
vn -0.4949 -0.8666 -0.0645
vn -0.3059 -0.4877 -0.8176
vn -0.1926 -0.9643 -0.1820
vn -0.0000 -0.9520 0.3061
vn 0.0002 -0.8196 -0.5729
vn -0.0000 0.9944 0.1060
vn 0.2455 0.9623 0.1172
vn 0.8563 0.5149 0.0410
vn 0.7549 0.6534 0.0561
vn 0.4346 0.8990 0.0538
vn 0.7587 0.6506 0.0323
vn -0.9782 0.0233 -0.2064
vn -0.9971 0.0510 -0.0560
vn -0.9996 0.0022 -0.0285
vn -0.3689 0.9251 0.0896
vn -0.9834 -0.0031 -0.1814
vn -0.9908 0.0847 -0.1052
vn 0.6762 0.7331 0.0728
vn 0.4879 0.3780 -0.7868
vn 0.1887 0.5008 -0.8447
vn -0.1602 0.9622 -0.2204
vn -0.0001 1.0000 -0.0009
vn -0.0000 -1.0000 -0.0100
vn 0.2415 -0.9703 0.0114
vn -0.0000 -0.9998 0.0196
vn -0.0000 -0.9996 0.0289
vn -0.6821 -0.0000 -0.7313
vn -0.7896 -0.6104 -0.0634
vn -0.0000 -0.9947 -0.1032
vn -0.0000 -0.0000 -1.0000
vn -0.0000 -0.9919 0.1268
vn -0.0000 -0.0000 1.0000
vn -0.6257 -0.7738 0.0989
vn -0.9820 -0.0000 0.1891
vn 0.7940 -0.4519 -0.4067
vn 0.6155 0.7823 -0.0958
vn 0.9997 -0.0058 -0.0257
vn 0.6026 0.7966 -0.0479
vn 0.3039 0.7418 -0.5978
vn 0.2644 0.9627 -0.0582
vn 0.1220 0.9491 -0.2905
vn 0.1243 0.9914 -0.0398
vn 0.5466 0.8366 0.0362
vn 0.6651 0.7315 0.1501
vn 0.9819 0.1852 0.0385
vn 0.9598 -0.2104 0.1859
vn 0.2093 0.9772 0.0369
vn 0.2828 0.9513 0.1224
vn 0.1225 0.9917 0.0382
vn 0.1130 0.9871 0.1136
vn 0.3017 -0.9528 0.0346
vn 0.1885 -0.9744 0.1223
vn 0.1203 -0.9921 0.0359
vn 0.1078 -0.9864 0.1242
vn 0.6962 -0.7170 0.0344
vn 0.5056 -0.8512 0.1412
vn 0.4566 0.7794 0.4290
vn 0.5280 -0.0000 0.8493
vn 0.7878 0.1307 0.6019
vn 0.1784 0.9287 0.3250
vn 0.0982 0.9413 0.3230
vn 0.2424 -0.9088 0.3395
vn 0.1015 -0.9525 0.2872
vn 0.5508 -0.6900 0.4696
vn 0.1251 -0.9914 -0.0395
vn 0.2125 -0.9764 -0.0389
vn 0.5684 -0.8220 -0.0340
vn 0.2174 -0.9179 -0.3318
vn 0.0868 -0.9315 -0.3532
vn 0.4824 -0.8681 -0.1171
vn 0.8405 0.5402 0.0425
vn 0.6667 0.7425 0.0656
vn 0.9198 0.3920 -0.0163
vn 0.9632 0.2663 0.0364
vn 0.7484 0.6628 0.0232
vn 0.9602 0.2756 -0.0457
vn 0.8257 0.5635 -0.0242
vn 0.8432 0.5350 -0.0532
vn 0.8847 -0.1354 0.4460
vn 0.9940 0.1042 -0.0325
vn 0.8074 0.4168 0.4176
vn 0.7433 0.6685 -0.0252
vn 0.3696 0.8282 0.4214
vn 0.0998 0.9948 -0.0211
vn -0.2485 0.8849 0.3939
vn -0.4882 0.8725 -0.0205
vn -0.6427 0.7012 0.3087
vn -0.6625 0.7489 -0.0161
vn 0.6890 -0.2239 0.6893
vn 0.9503 -0.3093 -0.0360
vn 0.8889 -0.0945 -0.4483
vn 0.2539 0.3518 -0.9010
vn 0.7881 0.4432 -0.4272
vn 0.8251 -0.2621 -0.5006
vn -0.3045 0.8829 -0.3575
vn -0.6704 0.6708 -0.3170
vn 0.3067 0.8616 -0.4046
vn 0.9895 -0.0433 -0.1379
vn 0.8291 0.5486 -0.1079
vn 0.2705 0.9586 -0.0884
vn -0.3468 0.9343 -0.0830
vn -0.6660 0.7419 -0.0774
vn 0.9344 -0.3068 -0.1811
vn -0.2532 -0.4149 0.8739
vn 0.9998 -0.0125 -0.0141
vn 0.9551 -0.2650 0.1327
vn 0.9978 -0.0569 -0.0334
vn 0.9830 0.0015 -0.1835
vn 0.9522 0.3040 0.0299
vn 0.9823 -0.1668 0.0850
vn 0.9221 0.3143 -0.2258
vn 0.8574 -0.4885 -0.1621
vn 0.7667 -0.4762 -0.4305
vn 0.7071 -0.6938 0.1365
vn 0.7403 0.5792 -0.3412
vn 0.7517 0.6217 0.2200
vn 0.8846 0.3880 0.2586
vn 0.3835 -0.9214 -0.0631
vn 0.2131 -0.9765 -0.0321
vn 0.9013 -0.4170 -0.1170
vn 0.0751 0.9972 -0.0025
vn 0.0919 0.9954 0.0257
vn 0.4910 0.8235 0.2841
vn 0.8529 -0.0022 0.5220
vn 0.8733 -0.0015 0.4872
vn 0.0520 -0.9982 0.0300
vn 0.0669 -0.9977 0.0107
vn 0.9104 -0.0012 0.4138
vn 0.9834 -0.0013 -0.1812
vn -0.9469 0.0012 -0.3215
vn 0.0913 0.9923 -0.0842
vn 0.1606 0.9795 -0.1215
vn 0.9770 -0.1375 -0.1628
vn 0.9560 -0.1345 -0.2606
vn -0.0183 -0.9896 -0.1424
vn 0.0418 0.9757 -0.2152
vn 0.0102 -0.9952 -0.0972
vn 0.0487 0.9966 -0.0660
vn 0.4815 -0.8404 0.2489
vn 0.8859 -0.0523 0.4608
vn 0.1832 -0.9747 0.1283
vn 0.8647 -0.0910 0.4940
vn 0.5400 0.8088 0.2329
vn 0.1698 0.9826 0.0756
vn 0.2810 -0.9562 0.0819
vn 0.1423 -0.9862 0.0843
vn 0.1478 -0.9821 0.1171
vn 0.0723 -0.9942 0.0795
vn 0.4457 -0.8448 0.2962
vn 0.0609 -0.9972 0.0428
vn 0.0266 -0.9995 -0.0166
vn 0.1869 -0.9698 -0.1571
vn 0.8146 -0.3196 0.4840
vn 0.2524 0.9562 0.1483
vn 0.1767 -0.9817 0.0711
vn 0.3141 -0.9480 0.0517
vn 0.2974 -0.9114 0.2843
vn 0.4306 -0.7234 0.5398
vn -0.0000 -0.9997 0.0235
vn 0.4027 -0.9070 0.1230
vn -0.0000 -0.9998 0.0189
vn 0.1376 -0.9905 0.0075
vn 0.7188 -0.6925 0.0612
vn 0.6372 -0.7674 0.0713
vn 0.2613 -0.8720 0.4139
vn 0.0001 -0.9557 -0.2942
vn 0.9370 -0.3409 0.0763
vn 0.8958 -0.3305 -0.2972
vn -0.0000 -0.9849 -0.1732
vn 0.0002 -0.9870 0.1608
vn 0.4714 -0.0494 0.8806
vn 0.3829 -0.9108 0.1543
vn 0.7368 -0.6704 0.0876
vn 0.0662 0.9978 -0.0103
vn 0.1243 -0.9922 0.0036
vn 0.0572 -0.9978 0.0331
vn 0.0612 -0.9978 0.0256
vn 0.1324 -0.9908 0.0288
vn 0.0716 -0.9969 0.0314
vn 0.0487 -0.9987 0.0137
vn 0.0419 -0.9985 0.0353
vn 0.0660 -0.9546 0.2906
vn 0.6290 -0.6113 0.4802
vn -0.1523 -0.9651 -0.2131
vn 0.5518 -0.6387 0.5362
vn 0.3117 -0.7533 0.5792
vn 0.0310 -0.8947 0.4456
vn -0.0970 -0.8905 0.4446
vn -0.8257 -0.4446 -0.3472
vn -0.2777 -0.6405 -0.7160
vn -0.9660 -0.1895 -0.1758
vn -0.4133 -0.8327 -0.3685
vn -0.8851 -0.4654 -0.0000
vn -0.6086 -0.1655 -0.7760
vn 0.1282 -0.9918 -0.0022
vn 0.0671 -0.9977 0.0008
vn 0.0566 -0.9984 0.0040
vn -0.0000 -1.0000 -0.0078
vn 0.0599 -0.9956 0.0720
vn 0.0623 -0.9981 0.0021
vn -0.2463 -0.9005 -0.3585
vn 0.0575 -0.9950 0.0816
vn -0.9261 -0.3757 -0.0330
vn 0.0926 0.9947 0.0447
vn 0.0972 0.9951 -0.0156
vn 0.0749 0.9971 0.0136
vn 0.0692 -0.9976 -0.0104
vn -0.5587 -0.8286 -0.0362
vn 0.1199 0.9928 -0.0034
vn 0.0714 0.9974 0.0076
vn 0.5252 -0.0000 0.8510
vn 0.7780 -0.0000 0.6283
vn 0.6506 -0.0000 0.7595
vn 0.3825 -0.0000 0.9239
vn 0.0223 -0.0000 0.9998
vn -0.6738 -0.0000 0.7389
vn -0.6518 -0.0000 -0.7584
vn -0.3617 -0.0000 -0.9323
vn -0.9095 -0.0000 -0.4157
vn -0.7464 -0.0000 -0.6655
vn -0.3816 -0.0000 -0.9243
vn -0.0000 0.0013 -1.0000
vn 0.3458 -0.9354 0.0733
vn 0.4011 -0.9145 0.0535
vn 0.6741 -0.7364 0.0576
vn 0.5625 -0.8217 0.0915
vn 0.4048 -0.9107 0.0823
vn 0.5051 -0.8568 0.1038
vn 0.6209 -0.7836 0.0216
vn 0.6128 -0.7900 0.0194
vn 0.5147 -0.8570 0.0270
vn 0.5825 -0.8115 -0.0450
vn 0.5798 -0.7920 0.1915
vn 0.4667 -0.8795 0.0929
vn 0.5978 -0.0034 0.8017
vn 0.8823 -0.0009 0.4708
vn -0.0000 0.8868 -0.4621
vn -0.8314 -0.5555 0.0113
vn -0.9127 -0.4051 0.0541
vn -0.9792 -0.2027 0.0084
vn -0.9912 -0.1208 0.0547
vn 0.1461 -0.9891 0.0198
vn -0.1221 -0.9890 0.0838
vn 0.8962 -0.4435 0.0126
vn 0.8964 -0.4386 0.0639
vn 0.9790 -0.2037 0.0027
vn 0.9778 -0.2024 0.0550
vn -0.9771 -0.1889 0.0977
vn 0.9684 0.1761 0.1768
vn -0.4228 -0.8911 0.1649
vn 0.8918 -0.4386 0.1113
vn -0.7481 -0.1533 -0.6457
vn -0.9169 -0.3463 -0.1985
vn -0.0290 -0.9958 -0.0866
vn 0.8678 -0.3320 -0.3696
vn 0.8745 -0.1783 -0.4511
vn 0.0064 -0.9990 0.0442
vn 0.9790 -0.2036 0.0026
vn -0.0289 -0.9958 -0.0866
vn 0.4983 -0.8668 0.0192
vn -0.6503 -0.7587 0.0390
vn 0.4954 -0.8684 0.0204
vn -0.9563 -0.2917 0.0210
vn -0.9310 -0.3644 0.0202
vn -0.7010 -0.7125 0.0310
vn -0.6623 0.7124 0.2322
vn -0.9598 -0.1971 0.2000
vn -0.9900 -0.0325 0.1374
vn -0.9534 0.2637 0.1469
vn -0.9979 0.0348 0.0552
vn -0.9517 0.2969 0.0781
vn -0.7443 0.6444 0.1757
vn -0.7906 0.6028 0.1073
vn -0.3490 0.9167 0.1945
vn -0.5343 0.8283 0.1688
vn -0.2350 -0.9676 0.0928
vn -0.2718 -0.9600 0.0679
vn -0.5477 -0.8280 0.1204
vn -0.6918 -0.7187 0.0697
vn -0.8971 -0.4150 0.1515
vn -0.9724 -0.2268 0.0551
vn -0.9874 0.1554 0.0293
vn -0.9995 -0.0221 0.0203
vn -0.9027 0.4245 0.0701
vn -0.2654 -0.9633 0.0415
vn -0.8777 0.3819 0.2895
vn -0.9048 0.3671 0.2159
vn -0.9708 -0.0029 0.2397
vn -0.9821 0.0167 0.1877
vn -0.6678 0.7097 0.2246
vn -0.6707 0.6833 0.2885
vn -0.2817 0.9134 0.2938
vn -0.3098 0.9237 0.2254
vn -0.3393 -0.9300 0.1411
vn -0.3160 -0.9304 0.1858
vn -0.7189 -0.6614 0.2138
vn -0.6761 -0.7168 0.1708
vn -0.9095 -0.3325 0.2495
vn -0.9340 -0.3034 0.1884
vn -0.9733 -0.0074 0.2295
vn -0.9740 0.2219 0.0467
vn -0.6934 0.6758 0.2498
vn -0.5683 0.8215 0.0452
vn -0.8210 -0.5692 0.0444
vn -0.5875 -0.7796 0.2169
vn -0.5011 0.8167 0.2862
vn -0.6165 0.7731 0.1491
vn -0.7517 0.6534 0.0889
vn -0.7544 0.6410 0.1414
vn -0.9651 0.2617 -0.0090
vn -0.9486 0.3165 -0.0033
vn -0.7750 0.6319 -0.0083
vn -0.7794 0.6265 -0.0052
vn -0.4947 0.8690 -0.0081
vn -0.5198 0.8542 -0.0098
vn -0.2478 0.9687 -0.0156
vn -0.2234 0.9746 -0.0144
vn -0.9996 0.0262 -0.0043
vn -0.6191 0.7761 0.1199
vn -0.1561 0.9851 0.0727
vn -0.9922 -0.1237 -0.0158
vn -0.9885 0.1361 0.0659
vn -0.8720 0.4828 0.0813
vn -0.5688 0.7853 0.2444
vn -0.3389 0.9399 0.0407
vn -0.9919 -0.1186 0.0462
vn -0.1006 0.9485 0.3005
vn -0.9275 0.3622 0.0927
vn -0.6278 0.7782 -0.0121
vn -0.5154 0.8568 -0.0153
vn -0.1998 0.9797 -0.0180
vn -0.2640 0.9644 0.0177
vn -0.3421 0.9379 -0.0573
vn -0.2608 0.9652 -0.0188
vn -0.1522 0.9879 -0.0315
vn -0.1026 -0.9942 0.0312
vn -0.2894 -0.9558 0.0518
vn -0.1567 -0.9734 -0.1673
vn -0.2390 -0.9547 -0.1774
vn -0.5107 -0.8596 -0.0168
vn -0.9578 0.2847 0.0394
vn -0.9994 0.0018 0.0333
vn -0.9662 0.2467 0.0756
vn -0.9650 -0.2422 0.1001
vn 0.0050 0.9860 0.1666
vn -0.4359 0.8952 0.0932
vn 0.0668 0.9630 0.2612
vn -0.4950 0.8398 0.2230
vn -0.9480 -0.3166 0.0338
vn -0.8312 -0.5466 0.1019
vn -0.9933 -0.0294 -0.1122
vn -0.9755 0.2164 -0.0404
vn -0.9351 -0.3539 -0.0192
vn -0.7447 -0.6654 0.0518
vn -0.7754 -0.6297 0.0471
vn -0.2288 0.9705 0.0765
vn -0.5090 0.8591 0.0535
vn -0.3682 0.9297 0.0116
vn -0.6536 0.7564 0.0256
vn -0.9954 0.0785 -0.0557
vn -0.9945 0.0905 -0.0527
vn -0.2306 0.9727 0.0251
vn -0.6005 0.7996 0.0034
vn -0.9948 0.0954 -0.0371
vn -0.7103 0.7015 -0.0571
vn -0.3111 0.9499 -0.0309
vn -0.5996 0.7993 -0.0391
vn -0.1897 0.9815 -0.0273
vn -0.9983 -0.0503 -0.0277
vn -0.9798 0.1977 -0.0314
vn -0.9608 0.2703 -0.0621
vn -0.6969 0.7147 -0.0601
vn -0.8078 0.5877 -0.0461
vn -0.9284 0.3694 -0.0417
vn -0.9320 0.3596 -0.0448
vn -0.3210 -0.9452 -0.0595
vn -0.1504 -0.9881 -0.0313
vn -0.9985 -0.0096 -0.0538
vn -0.9684 -0.2410 -0.0640
vn -0.9634 0.2620 -0.0564
vn -0.7738 0.6300 -0.0653
vn -0.8764 0.4780 -0.0584
vn -0.3307 0.9411 -0.0703
vn -0.5882 0.8059 -0.0681
vn -0.5332 -0.8396 0.1043
vn -0.1536 -0.9878 0.0263
vn 0.7917 -0.6099 0.0359
vn -0.0233 -0.9995 -0.0225
vn -0.1677 -0.9858 -0.0118
vn -0.0831 0.9899 -0.1152
vn -0.3594 0.9285 -0.0939
vn -0.6980 0.6991 -0.1551
vn -0.8967 0.4176 -0.1466
vn -0.9852 0.0701 -0.1563
vn -0.9421 -0.3000 -0.1499
vn -0.6061 -0.7890 -0.1006
vn -0.7556 -0.6377 -0.1499
vn -0.4540 -0.8783 -0.1499
vn 0.0173 -0.9984 -0.0543
vn 0.2263 -0.9725 -0.0552
vn 0.8087 -0.4021 -0.4293
vn 0.6384 -0.6384 -0.4301
vn 0.9010 -0.0620 -0.4293
vn 0.8562 0.2876 -0.4293
vn 0.6810 0.5933 -0.4293
vn 0.4021 0.8087 -0.4293
vn 0.3479 -0.9344 -0.0766
vn -0.9997 0.0208 -0.0114
vn -0.9997 0.0235 -0.0098
vn -0.9974 0.0682 0.0238
vn -0.9933 0.1144 0.0189
vn -0.9936 -0.0392 -0.1058
vn -0.9961 0.0822 0.0316
vn -0.9986 0.0532 -0.0064
vn 0.8774 -0.3345 0.3438
vn 0.9163 0.0608 0.3959
vn 0.6776 -0.6775 0.2861
vn -0.8970 0.4248 0.1223
vn 0.3393 -0.8690 0.3602
vn -0.6828 0.7120 0.1640
vn -0.4106 -0.8793 0.2415
vn -0.9325 0.1899 0.3071
vn -0.1219 0.6367 0.7614
vn -0.4629 -0.8668 0.1856
vn -0.6356 -0.7170 0.2863
vn 0.2718 0.8892 0.3680
vn -0.6416 0.6963 0.3217
vn 0.8109 -0.1747 0.5585
vn 0.6070 0.6931 0.3889
vn 0.8245 0.4073 0.3929
vn -0.7685 0.5894 0.2492
vn -0.3918 -0.9015 0.1836
vn -0.6400 -0.6093 0.4681
vn -0.9181 -0.3526 0.1813
vn -0.9710 0.2376 0.0277
vn -0.9876 0.1549 0.0243
vn -0.9993 0.0365 0.0110
vn -0.9965 -0.0828 0.0074
vn -0.7882 0.0293 0.6147
vn 0.5050 -0.8552 0.1167
vn -0.9677 0.2268 0.1096
vn -0.7164 0.3607 0.5973
vn -0.7986 -0.0000 0.6019
vn -0.4725 0.5653 0.6762
vn -0.5145 -0.6157 0.5968
vn -0.8005 -0.3607 0.4786
vn -0.7140 -0.3595 0.6008
vn 0.0001 -0.0000 1.0000
vn -0.9590 0.2808 0.0381
vn -0.9726 0.0769 -0.2194
vn -0.9381 0.1834 -0.2937
vn -0.8574 -0.3229 0.4006
vn -0.8765 -0.1114 0.4684
vn -0.9352 0.3064 -0.1776
vn -0.8429 0.1268 0.5229
vn -0.8220 0.5601 -0.1033
vn -0.6884 0.4118 0.5972
vn -0.5881 0.8046 -0.0816
vn -0.4872 0.6103 0.6246
vn -0.3066 0.9444 0.1187
vn -0.1963 0.4507 0.8708
vn -0.1407 0.9156 0.3767
vn -0.8852 0.4193 0.2017
vn -0.7806 0.5925 0.1992
vn -0.4808 0.8262 0.2936
vn -0.9404 0.3399 -0.0066
vn 0.7127 0.0986 -0.6945
vn -0.4190 0.9016 0.1071
vn 0.8203 0.0127 0.5718
vn 0.2707 0.0191 0.9625
vn 0.2920 0.0232 0.9561
vn 0.9675 0.0144 -0.2523
vn 0.9939 0.0369 -0.1036
vn 0.9996 0.0240 0.0148
vn 0.9778 -0.0103 0.2092
vn 0.9989 0.0311 -0.0344
vn 0.8499 0.3485 -0.3952
vn 0.9763 0.0304 -0.2141
vn 0.9657 -0.0915 0.2431
vn 0.9336 -0.3165 0.1682
vn 0.8700 0.1124 -0.4800
vn 0.8146 -0.5701 0.1068
vn 0.8291 -0.1154 -0.5470
vn 0.5996 -0.7721 0.2107
vn 0.6580 -0.4981 -0.5648
vn 0.4949 -0.8666 -0.0645
vn 0.3059 -0.4877 -0.8176
vn 0.1926 -0.9643 -0.1820
vn -0.2455 0.9623 0.1172
vn -0.7549 0.6535 0.0562
vn -0.8563 0.5149 0.0410
vn -0.4362 0.8983 0.0533
vn -0.7587 0.6506 0.0323
vn 0.9782 0.0232 -0.2064
vn 0.9996 0.0022 -0.0285
vn 0.9971 0.0510 -0.0560
vn 0.3689 0.9251 0.0897
vn 0.9834 -0.0031 -0.1814
vn 0.9908 0.0847 -0.1052
vn -0.4879 0.3780 -0.7868
vn -0.6762 0.7331 0.0728
vn -0.1886 0.5009 -0.8447
vn 0.1602 0.9622 -0.2204
vn -0.2415 -0.9703 0.0119
vn 0.7896 -0.6104 -0.0634
vn 0.6821 -0.0000 -0.7313
vn 0.9820 -0.0000 0.1891
vn 0.6257 -0.7738 0.0990
vn -0.6026 0.7966 -0.0479
vn -0.6155 0.7823 -0.0958
vn -0.9997 -0.0058 -0.0257
vn -0.7940 -0.4519 -0.4067
vn -0.2644 0.9627 -0.0582
vn -0.3039 0.7418 -0.5978
vn -0.1243 0.9914 -0.0398
vn -0.1220 0.9491 -0.2905
vn -0.9598 -0.2105 0.1859
vn -0.6651 0.7315 0.1501
vn -0.9819 0.1852 0.0385
vn -0.5466 0.8366 0.0362
vn -0.2828 0.9513 0.1224
vn -0.2093 0.9772 0.0369
vn -0.1130 0.9871 0.1136
vn -0.1225 0.9917 0.0381
vn -0.1081 -0.9864 0.1242
vn -0.1885 -0.9744 0.1223
vn -0.1203 -0.9921 0.0358
vn -0.3017 -0.9528 0.0347
vn -0.5056 -0.8512 0.1412
vn -0.6962 -0.7170 0.0344
vn -0.5280 -0.0000 0.8493
vn -0.4566 0.7794 0.4290
vn -0.7878 0.1307 0.6019
vn -0.1784 0.9287 0.3250
vn -0.0982 0.9413 0.3229
vn -0.2424 -0.9088 0.3395
vn -0.1015 -0.9525 0.2872
vn -0.5508 -0.6900 0.4696
vn -0.2125 -0.9764 -0.0389
vn -0.1251 -0.9913 -0.0396
vn -0.5684 -0.8220 -0.0340
vn -0.0868 -0.9315 -0.3533
vn -0.2174 -0.9179 -0.3318
vn -0.4824 -0.8681 -0.1171
vn -0.8405 0.5402 0.0425
vn -0.6667 0.7425 0.0656
vn -0.9632 0.2663 0.0364
vn -0.9198 0.3920 -0.0163
vn -0.7484 0.6628 0.0232
vn -0.9602 0.2756 -0.0457
vn -0.8257 0.5635 -0.0242
vn -0.8432 0.5350 -0.0532
vn -0.7433 0.6685 -0.0252
vn -0.9940 0.1042 -0.0325
vn -0.8074 0.4168 0.4176
vn -0.8847 -0.1353 0.4460
vn -0.0998 0.9948 -0.0211
vn -0.3695 0.8282 0.4214
vn 0.4882 0.8725 -0.0205
vn 0.2486 0.8849 0.3939
vn 0.6625 0.7489 -0.0166
vn 0.6427 0.7012 0.3087
vn -0.9503 -0.3093 -0.0360
vn -0.6890 -0.2239 0.6893
vn -0.2539 0.3518 -0.9010
vn -0.8889 -0.0945 -0.4483
vn -0.7881 0.4432 -0.4272
vn -0.8251 -0.2621 -0.5006
vn 0.3045 0.8829 -0.3575
vn 0.6704 0.6708 -0.3170
vn -0.3066 0.8616 -0.4046
vn -0.8291 0.5486 -0.1079
vn -0.9895 -0.0433 -0.1379
vn -0.2705 0.9586 -0.0884
vn 0.3468 0.9343 -0.0830
vn 0.6660 0.7419 -0.0774
vn -0.9344 -0.3068 -0.1811
vn 0.2532 -0.4149 0.8739
vn -0.9998 -0.0125 -0.0141
vn -0.9830 0.0016 -0.1835
vn -0.9978 -0.0569 -0.0334
vn -0.9550 -0.2651 0.1328
vn -0.8573 -0.4885 -0.1621
vn -0.9823 -0.1668 0.0850
vn -0.9221 0.3143 -0.2258
vn -0.9522 0.3040 0.0299
vn -0.7071 -0.6938 0.1365
vn -0.7667 -0.4762 -0.4305
vn -0.7403 0.5792 -0.3412
vn -0.7517 0.6217 0.2200
vn -0.8846 0.3880 0.2587
vn -0.2131 -0.9765 -0.0321
vn -0.3835 -0.9214 -0.0631
vn -0.9013 -0.4170 -0.1170
vn -0.0919 0.9954 0.0257
vn -0.0750 0.9972 -0.0024
vn -0.4910 0.8235 0.2841
vn -0.8733 -0.0015 0.4872
vn -0.8529 -0.0023 0.5220
vn -0.9104 -0.0012 0.4138
vn -0.0669 -0.9977 0.0107
vn -0.0520 -0.9982 0.0301
vn -0.9835 -0.0013 -0.1812
vn 0.9469 0.0012 -0.3215
vn -0.0913 0.9923 -0.0842
vn -0.9560 -0.1345 -0.2606
vn -0.9770 -0.1375 -0.1628
vn -0.1606 0.9795 -0.1215
vn -0.0487 0.9966 -0.0660
vn -0.0418 0.9757 -0.2152
vn -0.0103 -0.9952 -0.0972
vn 0.0183 -0.9896 -0.1424
vn -0.8647 -0.0910 0.4940
vn -0.8859 -0.0523 0.4608
vn -0.1832 -0.9747 0.1284
vn -0.4815 -0.8404 0.2489
vn -0.1698 0.9826 0.0756
vn -0.5400 0.8088 0.2330
vn -0.0723 -0.9942 0.0795
vn -0.1423 -0.9862 0.0843
vn -0.1478 -0.9821 0.1171
vn -0.2810 -0.9562 0.0819
vn -0.4457 -0.8448 0.2962
vn -0.0609 -0.9972 0.0428
vn -0.1869 -0.9698 -0.1570
vn -0.0266 -0.9995 -0.0166
vn -0.8146 -0.3196 0.4840
vn -0.2524 0.9562 0.1483
vn -0.1767 -0.9817 0.0711
vn -0.3141 -0.9480 0.0517
vn -0.2974 -0.9114 0.2843
vn -0.4306 -0.7234 0.5398
vn -0.4027 -0.9070 0.1230
vn -0.1376 -0.9905 0.0076
vn -0.6372 -0.7674 0.0713
vn -0.7188 -0.6925 0.0611
vn -0.8958 -0.3304 -0.2973
vn -0.0001 -0.9557 -0.2942
vn -0.9370 -0.3408 0.0764
vn -0.2614 -0.8720 0.4139
vn -0.4712 -0.0494 0.8806
vn -0.0000 -0.9870 0.1608
vn 0.0003 -0.9849 -0.1732
vn -0.3829 -0.9108 0.1543
vn -0.7368 -0.6704 0.0876
vn -0.0662 0.9978 -0.0103
vn -0.1243 -0.9922 0.0036
vn -0.0612 -0.9978 0.0257
vn -0.0572 -0.9978 0.0331
vn -0.1324 -0.9908 0.0288
vn -0.0714 -0.9970 0.0313
vn -0.0419 -0.9985 0.0353
vn -0.0487 -0.9987 0.0137
vn 0.8257 -0.4446 -0.3472
vn 0.0970 -0.8905 0.4446
vn 0.2778 -0.6405 -0.7160
vn -0.0660 -0.9546 0.2906
vn 0.1523 -0.9651 -0.2131
vn -0.6290 -0.6113 0.4802
vn -0.5518 -0.6387 0.5362
vn -0.3117 -0.7533 0.5792
vn -0.0310 -0.8947 0.4456
vn 0.9660 -0.1894 -0.1759
vn 0.8851 -0.4654 -0.0000
vn 0.4133 -0.8327 -0.3684
vn 0.6086 -0.1655 -0.7760
vn -0.1282 -0.9918 -0.0022
vn -0.0672 -0.9977 0.0008
vn -0.0565 -0.9984 0.0040
vn -0.0599 -0.9956 0.0720
vn 0.2463 -0.9005 -0.3585
vn -0.0575 -0.9950 0.0816
vn -0.0623 -0.9981 0.0021
vn 0.9261 -0.3757 -0.0331
vn -0.0972 0.9951 -0.0156
vn -0.0926 0.9947 0.0447
vn -0.0749 0.9971 0.0135
vn -0.0691 -0.9976 -0.0104
vn 0.5587 -0.8286 -0.0363
vn -0.0714 0.9974 0.0075
vn -0.1198 0.9928 -0.0034
vn -0.5252 -0.0000 0.8510
vn -0.7780 -0.0000 0.6283
vn -0.6506 -0.0000 0.7595
vn -0.3825 -0.0000 0.9239
vn -0.0223 -0.0000 0.9998
vn 0.6738 -0.0000 0.7389
vn 0.6518 -0.0000 -0.7584
vn 0.3617 -0.0000 -0.9323
vn 0.9095 -0.0000 -0.4157
vn 0.7464 -0.0000 -0.6655
vn 0.3816 -0.0000 -0.9243
vn -0.4011 -0.9145 0.0535
vn -0.3458 -0.9354 0.0733
vn -0.6741 -0.7363 0.0576
vn -0.5625 -0.8217 0.0915
vn -0.4048 -0.9107 0.0823
vn -0.5051 -0.8568 0.1038
vn -0.6128 -0.7900 0.0194
vn -0.6209 -0.7836 0.0216
vn -0.5825 -0.8115 -0.0450
vn -0.5147 -0.8570 0.0270
vn -0.5798 -0.7920 0.1915
vn -0.4667 -0.8795 0.0930
vn -0.8822 -0.0010 0.4708
vn -0.5978 -0.0033 0.8017
vn 0.9912 -0.1208 0.0547
vn 0.9127 -0.4051 0.0541
vn 0.9792 -0.2027 0.0084
vn 0.8314 -0.5556 0.0113
vn 0.1221 -0.9890 0.0838
vn -0.1461 -0.9891 0.0198
vn -0.8964 -0.4386 0.0639
vn -0.8962 -0.4435 0.0126
vn -0.9778 -0.2024 0.0550
vn -0.9791 -0.2035 0.0026
vn -0.9684 0.1761 0.1768
vn 0.9771 -0.1889 0.0977
vn 0.4228 -0.8911 0.1649
vn -0.8918 -0.4386 0.1113
vn 0.9169 -0.3463 -0.1985
vn 0.7481 -0.1532 -0.6457
vn 0.0290 -0.9958 -0.0866
vn -0.8678 -0.3321 -0.3696
vn -0.8742 -0.1794 -0.4511
vn -0.9791 -0.2035 0.0025
vn 0.4229 -0.8910 0.1650
vn -0.6259 0.7788 0.0413
vn -0.8005 0.5993 -0.0051
vn -0.9932 0.1092 0.0408
vn -0.9898 -0.1422 -0.0051
vn 0.1081 0.9933 0.0413
vn -0.1422 0.9898 -0.0051
vn 0.7788 0.6259 0.0413
vn 0.5994 0.8005 -0.0051
vn 0.9933 -0.1081 0.0413
vn 0.9898 0.1422 -0.0051
vn 0.6259 -0.7788 0.0413
vn 0.8005 -0.5993 -0.0051
vn -0.1081 -0.9933 0.0413
vn 0.1422 -0.9898 -0.0051
vn -0.7792 -0.6254 0.0418
vn -0.5993 -0.8005 -0.0051
vn -0.9665 -0.0001 0.2568
vn -0.3876 0.8900 0.2401
vn 0.3553 0.9034 0.2401
vn 0.8900 0.3876 0.2401
vn 0.9034 -0.3552 0.2401
vn 0.3876 -0.8900 0.2401
vn -0.3553 -0.9034 0.2401
vn -0.6833 -0.6834 0.2569
vn 0.5500 -0.8350 -0.0165
vn 0.2183 -0.9754 0.0313
vn 0.1595 -0.9845 -0.0726
vn -0.0000 -0.9863 -0.1649
vn 0.0050 -0.9999 -0.0127
vn -0.0000 -1.0000 -0.0000
vn 0.0807 -0.9967 0.0115
vn 0.3364 -0.8642 -0.3742
vn -0.0000 0.9966 -0.0830
vn -0.0000 1.0000 -0.0000
vn 0.0120 0.9995 -0.0302
vn 0.0736 0.9972 0.0105
vn 0.4624 0.8864 -0.0195
vn 0.0444 0.9989 -0.0126
vn 0.5038 0.8608 0.0717
vn 0.3783 0.8685 -0.3204
vn 0.3889 0.3047 -0.8695
vn 0.3171 -0.4282 -0.8462
vn -0.0000 0.3781 -0.9257
vn -0.0000 -0.4383 -0.8988
vn 0.9077 0.3969 0.1362
vn 0.9495 -0.2792 0.1432
vn 0.9639 0.2236 0.1449
vn 0.9304 -0.3409 0.1350
vn 0.8980 0.4399 0.0058
vn 0.9456 -0.3209 -0.0539
vn 0.6251 -0.4384 -0.6457
vn 0.6653 0.3853 -0.6395
vn 0.8289 -0.4484 -0.3343
vn 0.8678 0.3977 -0.2979
vn -0.5499 -0.8350 -0.0165
vn -0.1595 -0.9845 -0.0726
vn -0.2183 -0.9754 0.0313
vn -0.3364 -0.8642 -0.3742
vn -0.0050 -0.9999 -0.0127
vn -0.0807 -0.9967 0.0115
vn -0.0121 0.9995 -0.0303
vn -0.3783 0.8685 -0.3204
vn -0.0444 0.9989 -0.0126
vn -0.4624 0.8864 -0.0195
vn -0.5039 0.8608 0.0717
vn -0.0736 0.9972 0.0105
vn -0.3171 -0.4282 -0.8462
vn -0.3889 0.3046 -0.8695
vn -0.9304 -0.3409 0.1350
vn -0.9495 -0.2792 0.1432
vn -0.9639 0.2235 0.1449
vn -0.9077 0.3969 0.1362
vn -0.9456 -0.3209 -0.0539
vn -0.8980 0.4399 0.0058
vn -0.8678 0.3977 -0.2979
vn -0.6653 0.3853 -0.6395
vn -0.8289 -0.4484 -0.3343
vn -0.6251 -0.4384 -0.6457
vn 0.0060 0.9997 -0.0231
vn -0.0000 0.9999 -0.0167
vn 0.5305 0.8474 -0.0225
vn 0.7084 0.7056 -0.0200
vn 0.9916 0.1280 -0.0204
vn 0.9905 -0.1368 -0.0107
vn 0.7902 -0.6128 -0.0076
vn 0.6054 -0.7959 0.0039
vn -0.0910 -0.9859 -0.1401
vn -0.0000 -1.0000 0.0092
vn 0.3827 -0.9238 0.0087
vn -0.6384 0.7694 -0.0221
vn -0.5791 0.8150 -0.0202
vn -0.9999 -0.0000 -0.0128
vn -0.9998 0.0060 -0.0214
vn -0.7950 -0.6065 -0.0076
vn -0.6054 -0.7959 0.0039
vn -0.3827 -0.9238 0.0087
vn -0.0914 0.9572 -0.2745
vn 0.6122 0.7415 -0.2745
vn 0.9572 0.0914 -0.2745
vn 0.7415 -0.6122 -0.2745
vn 0.0913 -0.9572 -0.2745
vn -0.7415 0.6123 -0.2745
vn -0.9572 -0.0914 -0.2745
vn -0.6122 -0.7415 -0.2745
vn -0.1207 0.7923 -0.5980
vn 0.4749 0.6456 -0.5980
vn 0.7923 0.1207 -0.5980
vn 0.6456 -0.4749 -0.5980
vn 0.1207 -0.7923 -0.5980
vn -0.6456 0.4749 -0.5980
vn -0.7923 -0.1207 -0.5980
vn -0.4749 -0.6456 -0.5980
vn -0.8801 -0.4016 0.2531
vn -0.9286 -0.3565 0.1029
vn -0.7563 -0.6107 0.2348
vn -0.4227 -0.9016 0.0923
vn -0.6075 -0.7913 0.0698
vn -0.0000 -0.9964 0.0843
vn -0.0000 -0.9964 0.0845
vn -0.0000 -0.8670 -0.4984
vn -0.0000 -0.8935 -0.4490
vn -0.7102 -0.5940 -0.3779
vn -0.7030 -0.6442 -0.3013
vn -0.6681 -0.4934 0.5569
vn -0.0000 -0.7360 0.6770
vn -0.0000 -0.9992 -0.0391
vn -0.6875 -0.7204 -0.0914
vn -0.0000 -0.9765 -0.2155
vn -0.7958 -0.5716 -0.1998
vn -0.0000 -0.9980 0.0632
vn -0.6753 -0.7373 0.0172
vn -0.9269 -0.3249 -0.1880
vn -0.9432 -0.2824 -0.1750
vn -0.9486 -0.2838 -0.1397
vn -0.9628 -0.2703 -0.0075
vn -0.9821 -0.1844 0.0385
vn -0.9466 -0.2657 -0.1829
vn -0.9682 -0.2174 -0.1238
vn -0.9905 -0.0449 -0.1304
vn -1.0000 -0.0000 -0.0097
vn -0.9991 -0.0002 0.0427
vn -0.0000 -0.9935 0.1141
vn 0.4227 -0.9016 0.0923
vn 0.9286 -0.3565 0.1029
vn 0.7563 -0.6107 0.2349
vn 0.8801 -0.4016 0.2531
vn 0.6075 -0.7913 0.0698
vn 0.7030 -0.6442 -0.3013
vn 0.7102 -0.5940 -0.3779
vn 0.6681 -0.4934 0.5569
vn 0.7958 -0.5716 -0.1999
vn 0.6875 -0.7204 -0.0914
vn 0.6753 -0.7373 0.0172
vn 0.9269 -0.3249 -0.1880
vn 0.9432 -0.2824 -0.1750
vn 0.9486 -0.2838 -0.1397
vn 0.9628 -0.2703 -0.0075
vn 0.9821 -0.1844 0.0385
vn 0.9682 -0.2174 -0.1238
vn 0.9466 -0.2657 -0.1829
vn 0.9905 -0.0449 -0.1304
vn 1.0000 -0.0000 -0.0097
vn 0.9991 -0.0002 0.0421
vn -0.0000 0.7009 0.7133
vn -0.0000 0.7484 0.6633
vn -0.9942 0.0751 0.0764
vn -0.9970 0.0139 -0.0767
vn 0.9942 0.0751 0.0764
vn 0.9970 0.0139 -0.0766
vn -0.0001 -0.5689 -0.8224
vn -0.0000 -0.7009 -0.7133
vn -0.8880 0.3930 0.2390
vn -0.9993 0.0180 0.0336
vn -0.9523 0.1671 0.2555
vn -0.7596 0.3134 0.5699
vn 0.9490 0.1559 0.2741
vn 1.0000 0.0035 0.0035
vn 0.8871 0.3972 0.2350
vn 0.3096 0.8315 0.4613
vn -0.9450 0.0851 -0.3157
vn 0.9487 0.0593 -0.3105
vn 0.8671 -0.1598 -0.4718
vn -0.7276 -0.3526 -0.5885
vn -0.8957 0.4446 -0.0037
vn 0.8990 0.4314 -0.0756
vn 0.6723 -0.5908 -0.4460
vn 0.5591 -0.8284 0.0325
vn 0.1997 -0.8864 -0.4176
vn -0.0343 -0.9991 0.0252
vn -0.3968 -0.8154 -0.4214
vn -0.6979 -0.7159 0.0211
vn -0.8376 -0.3784 -0.3939
vn -0.9822 -0.1868 0.0205
vn -0.9503 0.0416 -0.3087
vn -0.9995 0.0261 0.0166
vn 0.6144 -0.3839 -0.6893
vn 0.8478 -0.5292 0.0360
vn 0.6437 -0.6202 0.4484
vn -0.1062 -0.4207 0.9010
vn 0.1671 -0.8886 0.4272
vn 0.7311 -0.4635 0.5006
vn -0.8721 -0.3342 0.3575
vn -0.9448 0.0824 0.3170
vn -0.4629 -0.7887 0.4046
vn 0.6692 -0.7302 0.1379
vn 0.1126 -0.9878 0.1079
vn -0.5605 -0.8234 0.0884
vn -0.9386 -0.3349 0.0830
vn -0.9964 0.0333 0.0774
vn 0.8356 -0.5186 0.1811
vn 0.1551 0.4607 -0.8739
vn 0.6724 -0.5908 -0.4460
vn 0.6437 -0.6202 0.4483
vn -0.1062 -0.4206 0.9010
vn -0.6724 -0.5908 0.4460
vn -0.5591 -0.8285 -0.0325
vn -0.1997 -0.8864 0.4176
vn 0.0343 -0.9991 -0.0252
vn 0.3968 -0.8155 0.4214
vn 0.6979 -0.7159 -0.0211
vn 0.8376 -0.3784 0.3939
vn 0.9822 -0.1868 -0.0205
vn 0.9503 0.0416 0.3087
vn 0.9995 0.0261 -0.0166
vn -0.6144 -0.3839 0.6893
vn -0.8478 -0.5292 -0.0360
vn -0.6437 -0.6202 -0.4483
vn 0.1063 -0.4206 -0.9010
vn -0.1671 -0.8886 -0.4272
vn -0.7311 -0.4635 -0.5006
vn 0.8721 -0.3342 -0.3575
vn 0.9448 0.0824 -0.3170
vn 0.4629 -0.7887 -0.4046
vn -0.6692 -0.7302 -0.1379
vn -0.1126 -0.9878 -0.1079
vn 0.5605 -0.8234 -0.0884
vn 0.9386 -0.3349 -0.0830
vn 0.9964 0.0333 -0.0774
vn -0.8356 -0.5186 -0.1811
vn -0.1551 0.4607 0.8739
vn -0.5591 -0.8284 -0.0325
vn 0.3968 -0.8154 0.4214
vn 0.9995 0.0261 -0.0161
vn -0.6437 -0.6202 -0.4484
vn 0.1063 -0.4207 -0.9010
vn -0.7311 -0.4636 -0.5006
vn 0.8721 -0.3343 -0.3575
vn -0.0343 -0.9991 -0.0252
vn 0.5591 -0.8284 -0.0325
vn 0.1997 -0.8864 0.4176
vn 0.6724 -0.5908 0.4460
vn -0.6979 -0.7159 -0.0211
vn -0.3969 -0.8154 0.4214
vn -0.9822 -0.1868 -0.0205
vn -0.8377 -0.3784 0.3939
vn -0.9995 0.0261 -0.0166
vn -0.9503 0.0416 0.3087
vn 0.8478 -0.5291 -0.0359
vn 0.6144 -0.3839 0.6893
vn -0.1062 -0.4207 -0.9010
vn 0.6437 -0.6202 -0.4483
vn 0.1671 -0.8886 -0.4272
vn 0.7311 -0.4635 -0.5006
vn -0.8721 -0.3342 -0.3575
vn -0.9448 0.0824 -0.3170
vn -0.4629 -0.7887 -0.4045
vn 0.1126 -0.9878 -0.1079
vn 0.6692 -0.7302 -0.1379
vn -0.5605 -0.8234 -0.0884
vn -0.9386 -0.3349 -0.0830
vn -0.9964 0.0333 -0.0774
vn 0.8356 -0.5186 -0.1811
vn 0.1551 0.4607 0.8739
vn 0.0389 -0.9803 -0.1935
vn 0.1275 -0.9720 -0.1976
vn 0.4980 -0.8378 -0.2236
vn -0.2108 -0.9524 -0.2203
vn -0.0434 -0.9825 -0.1811
vn 0.8867 -0.4438 -0.1298
vn 0.5758 -0.8065 -0.1342
vn 0.8750 -0.4417 -0.1980
vn 0.0677 -0.9891 -0.1308
vn -0.0702 -0.9845 -0.1607
vn 0.9672 -0.2539 -0.0010
vn 0.9079 -0.4177 -0.0351
vn 0.9544 -0.2717 -0.1237
vn 0.5812 -0.8125 -0.0459
vn 0.0801 -0.9963 -0.0301
vn 0.9582 -0.2570 0.1256
vn 0.9016 -0.4116 0.1329
vn 0.6113 -0.7775 0.1478
vn 0.0791 -0.9839 0.1600
vn 0.8913 -0.3144 0.3268
vn 0.7999 -0.4939 0.3410
vn 0.6095 -0.7037 0.3651
vn 0.0721 -0.9297 0.3612
vn 0.5439 -0.5549 0.6295
vn 0.2181 -0.7727 0.5962
vn -0.0000 -0.5134 0.8582
vn -0.4980 -0.8378 -0.2236
vn -0.5758 -0.8065 -0.1343
vn -0.8750 -0.4417 -0.1980
vn -0.8867 -0.4438 -0.1298
vn -0.9079 -0.4177 -0.0351
vn -0.9544 -0.2717 -0.1237
vn -0.9672 -0.2539 -0.0010
vn -0.5812 -0.8125 -0.0459
vn -0.0800 -0.9953 -0.0537
vn -0.9016 -0.4116 0.1329
vn -0.9582 -0.2570 0.1256
vn -0.6113 -0.7775 0.1478
vn -0.0768 -0.9924 0.0963
vn -0.7999 -0.4939 0.3410
vn -0.8913 -0.3144 0.3268
vn -0.6095 -0.7037 0.3651
vn -0.0623 -0.9425 0.3283
vn -0.5439 -0.5549 0.6295
vn -0.1492 -0.8211 0.5509
vn -0.0000 -0.9998 0.0216
vn -0.0000 0.9951 0.0987
vn 0.1489 0.9887 0.0184
vn -0.0000 0.9998 -0.0216
vn 0.1490 0.9886 -0.0214
vn -0.2886 0.9572 -0.0207
vn -0.0749 0.9955 0.0587
vn 0.6822 0.0177 0.7310
vn 1.0000 -0.0000 -0.0000
vn -0.0000 0.0242 0.9997
vn -0.9659 0.0061 0.2588
vn -1.0000 -0.0000 -0.0000
vn -0.0000 -0.0242 -0.9997
vn -0.0000 -0.0241 -0.9997
vn -0.0000 -0.9997 0.0240
vn 0.1539 -0.9878 0.0226
vn 0.2886 -0.9572 0.0207
vn 0.0751 -0.9969 0.0250
vn -0.0000 -0.9997 0.0251
vn -0.1490 -0.9886 0.0214
vn -0.1490 -0.9886 0.0226
vn -0.1490 -0.9885 0.0248
vn 0.1490 0.9886 -0.0226
vn -0.0000 0.9997 -0.0239
vn -0.0000 0.9492 -0.3146
vn 0.1482 0.9811 -0.1243
vn -0.1540 0.9878 -0.0226
vn -0.0737 0.9722 -0.2224
vn -0.0000 -0.0231 -0.9997
vn -0.0000 -0.9997 0.0250
vn 0.2882 0.9562 -0.0517
vn 0.0001 0.9991 -0.0416
vn 0.0483 0.9988 0.0039
vn -0.0000 0.9998 0.0185
vn -0.1227 0.9924 -0.0053
vn -0.1482 0.9856 -0.0819
vn 0.9331 0.0067 -0.3597
vn -0.0000 0.0186 -0.9998
vn -0.9954 0.0018 -0.0959
vn 0.0007 0.0276 0.9996
vn -0.0005 0.0296 0.9996
vn -0.0000 0.0231 0.9997
vn 0.2968 0.4180 -0.8586
vn 0.6676 0.4344 -0.6046
vn 0.8795 -0.1198 -0.4606
vn 0.8442 0.5360 -0.0036
vn 0.8854 -0.1908 0.4239
vn 0.8009 0.2321 0.5519
vn 0.3086 0.2761 0.9103
vn 0.5483 0.7694 0.3277
vn -0.2742 0.8139 0.5122
vn -0.0292 0.9840 0.1755
vn -0.2801 0.8849 -0.3722
vn 0.4917 0.8553 -0.1634
vn -0.0104 -0.0578 0.9983
vn -0.5342 0.7193 -0.4442
vn -0.7718 0.3990 0.4951
vn 0.0105 0.0577 -0.9983
vn 0.7718 -0.3989 -0.4952
vn 0.5342 -0.7192 0.4442
vn 0.8099 -0.5678 0.1472
vn 0.1429 0.9704 -0.1947
vn 0.8085 0.4379 0.3930
vn -0.8099 0.5679 -0.1472
vn -0.8085 -0.4379 -0.3931
vn -0.1429 -0.9704 0.1946
vn -0.0202 -0.1474 0.9889
vn 0.1047 0.9333 -0.3434
vn -0.2629 0.7612 0.5928
vn 0.0203 0.1474 -0.9889
vn 0.2630 -0.7612 -0.5929
vn -0.1046 -0.9333 0.3435
vn 0.1904 -0.9812 0.0308
vn 0.7723 0.6181 -0.1467
vn 0.8959 -0.2884 0.3380
vn -0.1904 0.9812 -0.0308
vn -0.8958 0.2884 -0.3380
vn -0.7723 -0.6181 0.1468
vn 0.5030 0.0954 -0.8590
vn 0.7415 -0.2139 -0.6359
vn 0.4269 -0.7278 -0.5368
vn 0.9353 -0.3507 -0.0473
vn 0.3834 -0.8588 0.3397
vn 0.6724 -0.5508 0.4945
vn 0.4160 -0.1667 0.8940
vn 0.9480 -0.0071 0.3181
vn 0.4921 0.6565 0.5717
vn 0.7715 0.5953 0.2246
vn 0.5356 0.7876 -0.3048
vn 0.9774 0.1360 -0.1620
vn -0.8442 0.5360 -0.0036
vn -0.6676 0.4344 -0.6046
vn -0.8795 -0.1198 -0.4606
vn -0.2968 0.4180 -0.8586
vn -0.8009 0.2321 0.5519
vn -0.8854 -0.1908 0.4239
vn -0.5483 0.7694 0.3277
vn -0.3085 0.2761 0.9103
vn 0.0291 0.9840 0.1755
vn 0.2742 0.8139 0.5122
vn -0.4917 0.8553 -0.1634
vn 0.2801 0.8849 -0.3722
vn -0.0105 0.0577 -0.9983
vn 0.5342 0.7193 -0.4442
vn 0.7718 0.3990 0.4952
vn 0.0104 -0.0577 0.9983
vn -0.5342 -0.7192 0.4442
vn -0.7718 -0.3989 -0.4952
vn 0.8099 0.5678 -0.1472
vn -0.1429 0.9704 -0.1947
vn -0.8085 0.4380 0.3931
vn -0.8099 -0.5679 0.1472
vn 0.1429 -0.9704 0.1947
vn 0.8085 -0.4379 -0.3931
vn -0.0202 0.1474 -0.9889
vn -0.1047 0.9333 -0.3434
vn 0.2629 0.7612 0.5929
vn 0.0202 -0.1475 0.9889
vn 0.1046 -0.9333 0.3435
vn -0.2630 -0.7612 -0.5929
vn 0.1904 0.9812 -0.0308
vn -0.7723 0.6181 -0.1467
vn -0.8959 -0.2884 0.3380
vn -0.1904 -0.9812 0.0308
vn 0.7723 -0.6181 0.1467
vn 0.8958 0.2884 -0.3380
vn -0.9353 -0.3507 -0.0473
vn -0.7415 -0.2139 -0.6359
vn -0.4269 -0.7278 -0.5368
vn -0.5030 0.0954 -0.8590
vn -0.6724 -0.5508 0.4945
vn -0.3834 -0.8588 0.3397
vn -0.9480 -0.0071 0.3181
vn -0.4160 -0.1667 0.8940
vn -0.7715 0.5953 0.2246
vn -0.4920 0.6565 0.5717
vn -0.9774 0.1360 -0.1620
vn -0.5356 0.7876 -0.3048
vn 0.1215 -0.9922 -0.0269
vn 0.1438 -0.9886 0.0441
vn -0.2305 -0.9731 -0.0057
vn -0.2012 -0.9717 0.1241
vn 0.1606 -0.9860 0.0443
vn 0.1603 -0.9869 0.0159
vn -0.3222 -0.5022 -0.8025
vn 0.0996 -0.9946 0.0289
vn 0.2108 -0.9756 -0.0613
vn 0.1293 -0.9914 0.0195
vn 0.4605 -0.8873 0.0275
vn 0.0698 -0.9971 0.0308
vn 0.1770 -0.9838 0.0287
vn 0.1132 -0.9931 0.0289
vn 0.0686 -0.9976 0.0023
vn 0.0560 -0.9984 0.0026
vn 0.0572 -0.9983 0.0058
vn 0.0482 -0.9988 -0.0003
vn 0.0547 -0.9985 0.0100
vn 0.0673 -0.9974 0.0271
vn 0.1142 -0.9935 -0.0019
vn 0.0954 -0.9954 0.0004
vn 0.1435 -0.9897 -0.0019
vn -0.4336 0.9005 0.0337
vn -0.1452 0.9893 0.0126
vn -0.1820 0.9818 -0.0543
vn -0.1827 0.9808 -0.0679
vn -0.3784 0.4566 -0.8052
vn -0.1703 0.9848 -0.0342
vn -0.1819 0.9828 0.0307
vn 0.4508 0.8677 0.2094
vn 0.3807 0.9243 -0.0283
vn -0.1005 0.9949 0.0067
vn 0.0986 0.9924 -0.0734
vn -0.0604 0.9958 -0.0687
vn 0.0698 0.8613 0.5033
vn 0.1709 0.7758 -0.6074
vn 0.6050 0.1238 0.7866
vn 0.7345 0.1145 0.6688
vn 0.9809 0.0739 0.1799
vn 0.7025 0.0530 -0.7097
vn 0.1647 -0.0011 -0.9863
vn 0.0020 -0.0079 -1.0000
vn 0.0554 0.9921 0.1124
vn -0.0357 0.9989 -0.0305
vn -0.0224 0.9958 0.0884
vn -0.1172 0.9913 -0.0598
vn -0.0586 0.9981 0.0161
vn -0.0792 0.9951 -0.0595
vn -0.0493 0.9968 -0.0627
vn -0.2335 0.9642 0.1253
vn -0.1689 0.9837 -0.0611
vn -0.4410 0.8939 -0.0809
vn 0.2244 0.0150 -0.9744
vn -0.0690 0.0268 -0.9973
vn -0.4719 -0.0362 -0.8809
vn -0.7129 -0.0545 -0.6991
vn -0.7866 -0.0873 -0.6112
vn -0.9498 -0.1272 0.2859
vn -0.7016 -0.0653 0.7096
vn 0.2305 0.0182 0.9729
vn 0.3601 0.0337 0.9323
vn 0.9176 0.0646 0.3922
vn 0.2012 -0.9717 0.1241
vn -0.1438 -0.9886 0.0441
vn 0.2305 -0.9731 -0.0057
vn -0.1215 -0.9922 -0.0269
vn 0.3222 -0.5022 -0.8025
vn -0.1603 -0.9869 0.0159
vn -0.1606 -0.9860 0.0443
vn -0.0698 -0.9971 0.0308
vn -0.4605 -0.8873 0.0275
vn -0.1293 -0.9914 0.0195
vn -0.2108 -0.9756 -0.0613
vn -0.0998 -0.9946 0.0289
vn -0.1770 -0.9838 0.0287
vn -0.1132 -0.9931 0.0289
vn -0.0673 -0.9974 0.0271
vn -0.0547 -0.9985 0.0100
vn -0.0686 -0.9976 0.0023
vn -0.0572 -0.9983 0.0058
vn -0.0560 -0.9984 0.0026
vn -0.0482 -0.9988 -0.0003
vn -0.1142 -0.9935 -0.0019
vn -0.0953 -0.9954 0.0004
vn -0.1435 -0.9897 -0.0019
vn 0.1827 0.9808 -0.0679
vn 0.1452 0.9893 0.0126
vn 0.1819 0.9818 -0.0544
vn 0.4336 0.9005 0.0337
vn 0.1778 0.9836 0.0307
vn 0.1674 0.9853 -0.0342
vn 0.3784 0.4566 -0.8052
vn 0.0604 0.9958 -0.0687
vn -0.0986 0.9924 -0.0735
vn 0.1005 0.9949 0.0068
vn -0.3807 0.9243 -0.0283
vn -0.4508 0.8677 0.2095
vn -0.0698 0.8613 0.5033
vn -0.1709 0.7758 -0.6074
vn -0.6050 0.1238 0.7866
vn -0.7345 0.1145 0.6688
vn -0.9810 0.0722 0.1800
vn -0.7025 0.0530 -0.7097
vn -0.1647 -0.0012 -0.9863
vn -0.0020 -0.0079 -1.0000
vn 0.1173 0.9913 -0.0597
vn 0.0792 0.9951 -0.0595
vn 0.0587 0.9981 0.0161
vn 0.0494 0.9968 -0.0627
vn 0.0357 0.9989 -0.0305
vn -0.0553 0.9921 0.1124
vn 0.0223 0.9958 0.0884
vn 0.2335 0.9642 0.1253
vn 0.1689 0.9837 -0.0611
vn 0.4410 0.8939 -0.0809
vn 0.0690 0.0268 -0.9973
vn -0.2244 0.0150 -0.9744
vn 0.4719 -0.0362 -0.8809
vn 0.7129 -0.0545 -0.6991
vn 0.7866 -0.0873 -0.6112
vn 0.9498 -0.1272 0.2859
vn 0.7016 -0.0653 0.7096
vn -0.2305 0.0182 0.9729
vn -0.3601 0.0337 0.9323
vn -0.9176 0.0646 0.3922
vn 0.9810 -0.1923 0.0254
vn 0.6680 -0.7433 0.0346
vn -0.1909 -0.9802 -0.0528
vn -0.7413 -0.6703 0.0345
vn 0.1909 0.9802 0.0528
vn 0.7348 0.6617 0.1490
vn -0.9810 0.1924 -0.0254
vn -0.6713 0.7390 0.0574
vn 0.7413 -0.6703 0.0345
vn -0.6680 -0.7433 0.0346
vn 0.1909 -0.9802 -0.0527
vn -0.9810 -0.1923 0.0254
vn -0.7348 0.6617 0.1490
vn -0.1909 0.9802 0.0528
vn 0.6713 0.7390 0.0574
vn 0.9810 0.1924 -0.0254
vn 0.4545 0.6503 -0.6087
vn 0.2459 0.7077 -0.6624
vn -0.2459 0.7076 -0.6624
vn -0.4546 0.6503 -0.6087
vn -0.9085 0.3052 -0.2856
vn -0.9879 0.1130 -0.1058
vn 0.9879 0.1130 -0.1058
vn 0.9084 0.3052 -0.2857
vn 0.1307 0.8401 0.5265
vn 0.1921 0.9400 -0.2818
vn -0.1425 0.9812 0.1301
vn -0.3645 0.8920 -0.2674
vn -0.1592 0.6330 0.7576
vn 0.3069 0.6102 0.7304
vn 0.6101 0.7923 0.0087
vn 0.9864 0.1517 0.0636
vn -0.1126 0.9929 0.0375
vn 0.8836 -0.4653 0.0523
vn 0.0887 -0.9955 0.0337
vn -0.9994 0.0349 0.0048
vn -0.6826 0.7259 0.0844
vn -0.7092 -0.7042 0.0340
vn 0.5243 0.8512 0.0219
vn 0.9994 0.0349 -0.0008
vn 0.0523 0.9985 0.0148
vn 0.8102 -0.5860 0.0094
vn -0.0667 -0.9977 0.0113
vn -0.9992 0.0348 0.0211
vn -0.5924 0.8056 0.0018
vn -0.8752 -0.4836 0.0106
vt 0.363329 -0.110214
vt 0.354519 -0.119871
vt 0.363329 -0.119870
vt 0.363329 -0.100122
vt 0.288027 -0.109819
vt 0.288027 -0.100122
vt 0.059280 -0.092903
vt 0.059280 -0.092172
vt 0.058258 -0.092766
vt 0.058272 -0.092244
vt 0.228146 -0.076849
vt 0.202100 -0.078526
vt 0.228146 -0.087365
vt 0.202100 -0.087757
vt 0.228146 -0.068642
vt 0.202100 -0.071591
vt 0.228146 -0.059339
vt 0.202100 -0.063956
vt 0.228082 -0.132233
vt 0.228082 -0.121963
vt 0.202100 -0.132233
vt 0.202100 -0.117743
vt 0.228146 -0.106829
vt 0.202100 -0.105065
vt 0.228146 -0.100122
vt 0.202100 -0.098893
vt 0.288027 -0.087365
vt 0.288027 -0.073997
vt 0.288027 -0.065558
vt 0.288027 -0.132233
vt 0.288027 -0.119874
vt 0.175399 -0.088889
vt 0.175399 -0.081603
vt 0.143917 -0.090493
vt 0.143917 -0.085928
vt 0.143917 -0.082152
vt 0.175399 -0.074929
vt 0.175399 -0.068398
vt 0.143917 -0.077734
vt 0.175399 -0.057788
vt 0.143917 -0.070086
vt 0.143917 -0.110588
vt 0.175399 -0.122549
vt 0.143917 -0.103628
vt 0.175399 -0.111842
vt 0.175399 -0.102559
vt 0.143917 -0.099506
vt 0.175399 -0.096693
vt 0.143917 -0.095345
vt 0.202100 -0.051065
vt 0.112436 -0.090205
vt 0.085561 -0.091199
vt 0.112436 -0.092456
vt 0.085593 -0.092312
vt 0.085437 -0.090246
vt 0.112060 -0.088629
vt 0.085630 -0.093771
vt 0.112436 -0.094654
vt 0.111669 -0.088768
vt 0.112436 -0.096286
vt 0.252131 -0.058520
vt 0.229277 -0.053457
vt 0.264248 -0.060019
vt 0.288027 -0.058551
vt 0.395300 -0.035557
vt 0.395300 -0.042955
vt 0.500439 -0.034935
vt 0.500439 -0.039359
vt 0.500439 -0.029948
vt 0.395300 -0.029333
vt 0.500439 -0.023143
vt 0.395300 -0.021567
vt 0.500439 -0.012335
vt 0.395300 -0.012335
vt 0.500439 -0.041439
vt 0.414432 -0.049612
vt 0.395300 -0.049186
vt 0.395300 -0.047156
vt 0.374183 -0.036197
vt 0.371244 -0.044432
vt 0.376536 -0.029258
vt 0.378110 -0.021308
vt 0.378901 -0.012377
vt 0.369473 -0.049393
vt 0.227207 -0.049369
vt 0.227039 -0.044049
vt 0.303851 -0.057345
vt 0.591157 -0.030864
vt 0.591157 -0.033921
vt 0.591157 -0.025027
vt 0.591157 -0.012335
vt 0.591157 -0.036134
vt 0.469224 -0.357793
vt 0.608011 -0.349082
vt 0.469224 -0.363727
vt 0.608011 -0.374453
vt 0.469224 -0.374453
vt 0.406468 -0.948358
vt 0.495801 -0.950474
vt 0.406464 -0.965623
vt 0.495801 -0.967848
vt 0.406468 -0.974196
vt 0.096246 -0.291218
vt 0.147197 -0.291218
vt 0.096246 -0.297063
vt 0.147197 -0.299685
vt 0.096362 -0.337135
vt 0.147197 -0.336837
vt 0.096416 -0.343223
vt 0.147197 -0.343223
vt 0.096246 -0.281048
vt 0.147197 -0.279966
vt 0.176015 -0.302231
vt 0.176015 -0.291218
vt 0.176015 -0.277953
vt 0.147197 -0.270427
vt 0.176015 -0.268385
vt 0.244401 -0.352781
vt 0.147197 -0.354069
vt 0.244401 -0.345906
vt 0.244401 -0.337336
vt 0.244401 -0.302195
vt 0.244401 -0.273428
vt 0.347061 -0.302195
vt 0.347061 -0.279091
vt 0.347061 -0.356021
vt 0.347061 -0.347352
vt 0.347061 -0.338810
vt 0.417011 -0.278619
vt 0.469224 -0.302231
vt 0.469224 -0.347888
vt 0.469224 -0.339531
vt 0.608011 -0.302231
vt 0.608011 -0.290243
vt 0.469224 -0.276606
vt 0.608011 -0.272098
vt 0.608011 -0.334222
vt 0.608011 -0.313546
vt 0.608011 -0.321144
vt 0.469224 -0.319384
vt 0.179361 -0.986591
vt 0.052669 -0.986591
vt 0.179373 -0.967547
vt 0.052669 -0.972385
vt 0.753483 -0.273902
vt 0.753483 -0.290225
vt 0.753483 -0.302231
vt 0.753483 -0.310208
vt 0.753483 -0.319705
vt 0.753483 -0.330777
vt 0.753483 -0.346740
vt 0.753483 -0.374453
vt 0.699176 -0.031945
vt 0.699176 -0.026653
vt 0.699176 -0.012335
vt 0.414432 -0.106631
vt 0.372643 -0.119871
vt 0.439185 -0.119870
vt 0.300149 -0.974176
vt 0.300149 -0.965548
vt 0.814928 -0.346018
vt 0.820518 -0.356023
vt 0.822852 -0.374453
vt 0.799785 -0.324409
vt 0.799936 -0.305301
vt 0.799936 -0.290225
vt 0.799936 -0.275600
vt 0.799936 -0.263201
vt 0.753483 -0.260063
vt 0.012326 -0.963072
vt 0.052669 -0.960341
vt 0.012326 -0.973862
vt 0.012326 -0.986591
vt 0.880818 -0.037684
vt 0.880379 -0.029590
vt 0.839371 -0.037684
vt 0.839371 -0.029590
vt 0.984627 -0.040863
vt 0.921387 -0.029590
vt 0.922266 -0.037684
vt 0.565810 -0.093637
vt 0.562534 -0.104115
vt 0.591702 -0.093637
vt 0.589929 -0.104115
vt 0.622245 -0.093637
vt 0.622245 -0.104115
vt 0.652787 -0.093637
vt 0.654559 -0.104115
vt 0.684957 -0.093637
vt 0.681551 -0.104115
vt 0.710847 -0.093637
vt 0.708944 -0.104115
vt 0.741386 -0.093637
vt 0.741256 -0.104115
vt 0.760907 -0.522036
vt 0.768665 -0.520104
vt 0.760907 -0.494730
vt 0.776422 -0.514781
vt 0.775728 -0.494730
vt 0.789882 -0.499449
vt 0.788292 -0.494730
vt 0.115624 -0.647799
vt 0.367896 -0.657431
vt 0.164725 -0.622708
vt 0.391133 -0.623164
vt 0.501369 -0.490855
vt 0.445081 -0.542934
vt 0.477085 -0.542934
vt 0.416485 -0.492811
vt 0.156072 -0.620433
vt 0.416872 -0.495864
vt 0.106565 -0.644695
vt 0.428266 -0.648279
vt 0.439929 -0.623164
vt 0.428281 -0.490855
vt 0.428305 -0.492869
vt 0.480853 -0.490855
vt 0.592182 -0.143968
vt 0.588369 -0.116834
vt 0.579439 -0.143968
vt 0.581045 -0.116834
vt 0.570226 -0.116834
vt 0.568636 -0.143968
vt 0.720713 -0.116834
vt 0.711499 -0.143968
vt 0.722304 -0.143968
vt 0.709902 -0.116834
vt 0.700749 -0.143968
vt 0.702567 -0.116834
vt 0.690033 -0.143968
vt 0.684535 -0.116834
vt 0.637281 -0.143968
vt 0.635463 -0.116834
vt 0.626532 -0.143968
vt 0.622719 -0.116834
vt 0.615729 -0.143968
vt 0.611916 -0.116834
vt 0.604925 -0.143968
vt 0.601112 -0.116834
vt 0.072586 -0.343223
vt 0.072586 -0.349086
vt 0.579589 -0.954369
vt 0.622454 -0.954369
vt 0.579589 -0.960819
vt 0.622454 -0.964183
vt 0.369666 -0.069700
vt 0.363329 -0.058219
vt 0.363329 -0.070021
vt 0.363329 -0.080710
vt 0.363329 -0.093460
vt 0.369666 -0.080681
vt 0.369666 -0.093452
vt 0.242195 -0.241952
vt 0.294675 -0.245205
vt 0.290092 -0.232472
vt 0.243548 -0.245030
vt 0.258272 -0.247045
vt 0.291824 -0.262998
vt 0.291824 -0.251637
vt 0.368439 -0.051466
vt 0.054391 -0.347718
vt 0.507352 -0.121202
vt 0.507352 -0.136060
vt 0.516217 -0.119059
vt 0.520191 -0.133506
vt 0.523732 -0.112955
vt 0.531077 -0.126232
vt 0.538350 -0.115347
vt 0.475617 -0.104517
vt 0.476353 -0.115347
vt 0.486333 -0.104517
vt 0.490972 -0.112955
vt 0.483627 -0.126232
vt 0.498487 -0.119059
vt 0.494512 -0.133506
vt 0.650602 -0.116834
vt 0.647996 -0.143968
vt 0.075766 -0.232287
vt 0.028591 -0.224768
vt 0.075766 -0.224788
vt 0.075766 -0.238565
vt 0.075766 -0.244961
vt 0.020628 -0.220705
vt 0.073416 -0.201065
vt 0.020628 -0.181426
vt 0.075766 -0.211030
vt 0.075766 -0.204643
vt 0.075766 -0.217288
vt 0.528370 -0.104517
vt 0.539086 -0.104517
vt 0.416839 -0.493592
vt 0.316226 -0.062811
vt 0.307229 -0.057345
vt 0.303851 -0.054239
vt 0.307229 -0.055241
vt 0.307229 -0.048714
vt 0.303851 -0.047628
vt 0.307229 -0.039928
vt 0.303851 -0.039486
vt 0.307211 -0.033222
vt 0.303851 -0.032943
vt 0.307228 -0.024143
vt 0.303851 -0.025971
vt 0.307211 -0.012335
vt 0.303851 -0.012335
vt 0.303851 -0.022241
vt 0.247714 -0.034868
vt 0.247671 -0.043240
vt 0.250732 -0.054545
vt 0.249206 -0.050235
vt 0.945084 -0.035433
vt 0.945084 -0.025252
vt 0.731976 -0.035433
vt 0.731976 -0.025252
vt 0.737447 -0.035434
vt 0.867059 -0.035433
vt 0.867059 -0.025252
vt 0.800116 -0.025252
vt 0.800116 -0.035433
vt 0.885128 -0.035433
vt 0.248366 -0.047864
vt 0.311528 -0.060920
vt 0.774102 -0.014668
vt 0.819143 -0.014668
vt 0.774214 -0.008862
vt 0.819175 -0.008862
vt 0.938905 -0.008862
vt 0.923787 -0.008862
vt 0.939821 -0.014668
vt 0.923655 -0.014668
vt 0.155840 -0.236711
vt 0.155840 -0.260127
vt 0.237719 -0.236711
vt 0.224426 -0.260127
vt 0.232029 -0.254851
vt 0.236388 -0.246322
vt 0.915504 -0.008862
vt 0.914748 -0.014668
vt 0.848707 -0.014668
vt 0.847997 -0.008862
vt 0.911458 -0.008862
vt 0.897915 -0.008862
vt 0.911025 -0.014668
vt 0.898001 -0.014668
vt 0.809352 -0.008862
vt 0.809390 -0.014668
vt 0.790934 -0.008862
vt 0.786003 -0.008862
vt 0.790461 -0.014668
vt 0.786803 -0.014668
vt 0.851843 -0.014668
vt 0.852582 -0.008862
vt 0.864354 -0.008862
vt 0.864047 -0.014668
vt 0.775870 -0.014668
vt 0.775328 -0.008862
vt 0.880514 -0.008862
vt 0.880112 -0.014668
vt 0.760028 -0.014668
vt 0.759360 -0.008862
vt 0.895163 -0.008862
vt 0.894791 -0.014668
vt 0.744999 -0.014668
vt 0.744504 -0.008862
vt 0.907900 -0.008862
vt 0.907699 -0.014668
vt 0.728263 -0.014668
vt 0.727811 -0.008862
vt 0.915152 -0.008862
vt 0.927546 -0.008862
vt 0.927920 -0.014668
vt 0.711668 -0.014668
vt 0.711668 -0.008862
vt 0.723929 -0.014668
vt 0.724265 -0.008862
vt 0.743773 -0.014668
vt 0.743700 -0.008862
vt 0.734764 -0.014668
vt 0.735277 -0.008862
vt 0.731319 -0.008862
vt 0.730684 -0.014668
vt 0.751335 -0.008862
vt 0.751080 -0.014668
vt 0.800942 -0.014668
vt 0.800947 -0.008862
vt 0.746071 -0.250428
vt 0.746071 -0.200871
vt 0.807647 -0.250428
vt 0.807647 -0.194818
vt 0.734191 -0.192822
vt 0.729994 -0.193200
vt 0.734191 -0.190253
vt 0.729994 -0.189088
vt 0.734191 -0.182324
vt 0.729994 -0.181045
vt 0.734191 -0.171332
vt 0.729994 -0.170904
vt 0.734191 -0.163049
vt 0.729994 -0.162840
vt 0.729994 -0.142616
vt 0.734191 -0.142553
vt 0.729994 -0.151378
vt 0.734191 -0.153659
vt 0.729994 -0.155668
vt 0.815966 -0.250428
vt 0.814291 -0.185623
vt 0.817975 -0.176632
vt 0.821828 -0.250428
vt 0.821828 -0.166557
vt 0.815633 -0.182652
vt 0.737139 -0.250428
vt 0.739955 -0.198394
vt 0.729926 -0.250428
vt 0.116544 -0.127065
vt 0.077555 -0.129589
vt 0.115918 -0.132278
vt 0.079050 -0.133220
vt 0.075828 -0.126126
vt 0.075163 -0.124811
vt 0.116488 -0.121782
vt 0.074468 -0.121783
vt 0.115658 -0.139070
vt 0.091283 -0.135722
vt 0.709365 -0.250428
vt 0.709365 -0.195495
vt 0.966657 -0.255196
vt 0.976628 -0.255196
vt 0.892855 -0.252943
vt 0.983654 -0.249499
vt 0.990494 -0.215179
vt 0.848584 -0.215179
vt 0.848861 -0.247298
vt 0.873504 -0.249401
vt 0.882150 -0.251327
vt 0.330511 -0.132233
vt 0.330511 -0.119874
vt 0.555333 -0.973450
vt 0.555333 -0.986591
vt 0.495801 -0.986591
vt 0.977855 -0.470841
vt 0.977855 -0.452288
vt 0.945908 -0.470841
vt 0.992922 -0.452287
vt 0.977855 -0.435162
vt 0.992922 -0.435162
vt 0.832757 -0.435162
vt 0.814204 -0.435162
vt 0.832757 -0.452288
vt 0.814204 -0.452288
vt 0.921659 -0.470841
vt 0.832757 -0.470841
vt 0.934389 -0.470841
vt 0.218497 -0.024003
vt 0.219314 -0.027273
vt 0.204508 -0.024003
vt 0.204508 -0.027273
vt 0.219466 -0.031687
vt 0.204508 -0.031687
vt 0.219291 -0.034762
vt 0.204508 -0.034762
vt 0.190822 -0.027273
vt 0.178606 -0.027273
vt 0.190822 -0.024003
vt 0.178606 -0.024003
vt 0.190822 -0.031687
vt 0.178606 -0.031687
vt 0.190822 -0.034762
vt 0.178606 -0.034762
vt 0.190822 -0.015288
vt 0.178606 -0.015288
vt 0.190822 -0.011217
vt 0.178606 -0.011217
vt 0.190822 -0.019508
vt 0.178606 -0.019508
vt 0.173730 -0.027273
vt 0.168334 -0.024003
vt 0.173730 -0.024003
vt 0.173730 -0.031687
vt 0.173730 -0.034762
vt 0.173730 -0.015288
vt 0.173730 -0.011217
vt 0.173730 -0.019508
vt 0.204508 -0.011217
vt 0.204508 -0.015288
vt 0.204508 -0.019508
vt 0.215751 -0.015288
vt 0.214810 -0.011217
vt 0.217187 -0.019508
vt 0.225784 -0.018106
vt 0.227682 -0.021365
vt 0.223952 -0.017219
vt 0.222933 -0.025373
vt 0.222645 -0.022099
vt 0.228914 -0.025373
vt 0.222845 -0.018620
vt 0.733399 -0.116834
vt 0.096246 -0.305697
vt 0.147197 -0.309913
vt 0.096264 -0.320697
vt 0.147197 -0.325167
vt 0.244401 -0.315386
vt 0.189488 -0.302231
vt 0.244401 -0.327877
vt 0.347061 -0.319248
vt 0.347061 -0.330564
vt 0.469224 -0.332462
vt 0.014787 -0.424901
vt 0.022650 -0.424901
vt 0.014787 -0.422243
vt 0.022650 -0.422243
vt 0.014787 -0.419862
vt 0.022650 -0.419862
vt 0.014787 -0.417221
vt 0.022650 -0.417221
vt 0.014787 -0.414752
vt 0.022650 -0.414752
vt 0.014787 -0.427088
vt 0.022650 -0.427088
vt 0.037911 -0.419607
vt 0.036995 -0.415869
vt 0.034370 -0.422243
vt 0.039167 -0.418604
vt 0.034370 -0.417221
vt 0.034370 -0.414752
vt 0.034370 -0.419862
vt 0.029849 -0.424901
vt 0.029849 -0.422243
vt 0.029849 -0.419862
vt 0.029849 -0.417221
vt 0.029849 -0.414752
vt 0.029849 -0.427088
vt 0.034370 -0.424901
vt 0.034370 -0.427088
vt 0.011321 -0.418937
vt 0.010401 -0.422788
vt 0.006928 -0.419336
vt 0.189488 -0.291218
vt 0.890787 -0.040863
vt 0.932840 -0.040863
vt 0.839510 -0.040863
vt 0.932701 -0.029590
vt 0.883439 -0.372654
vt 0.855776 -0.372654
vt 0.883439 -0.400999
vt 0.855776 -0.424372
vt 0.883439 -0.424372
vt 0.787725 -0.040863
vt 0.132503 -0.042116
vt 0.132503 -0.035287
vt 0.149136 -0.042116
vt 0.149136 -0.035287
vt 0.152952 -0.032604
vt 0.129010 -0.032462
vt 0.152952 -0.044870
vt 0.129009 -0.044870
vt 0.189488 -0.277953
vt 0.196793 -0.268105
vt 0.179364 -0.949098
vt 0.300149 -0.948358
vt 0.074573 -0.952443
vt 0.728413 -0.263041
vt 0.709375 -0.581829
vt 0.663934 -0.611303
vt 0.663954 -0.607200
vt 0.652490 -0.607200
vt 0.709375 -0.574677
vt 0.300149 -0.806769
vt 0.179361 -0.739317
vt 0.300149 -0.799599
vt 0.179388 -0.730555
vt 0.132590 -0.723432
vt 0.131886 -0.739308
vt 0.876934 -0.498511
vt 0.877637 -0.514387
vt 0.830163 -0.514387
vt 0.830163 -0.715092
vt 0.890217 -0.715092
vt 0.830163 -0.721862
vt 0.897647 -0.719970
vt 0.811334 -0.025213
vt 0.812027 -0.046229
vt 0.927535 -0.025213
vt 0.926917 -0.046229
vt 0.773052 -0.022213
vt 0.906731 -0.022213
vt 0.773444 -0.043230
vt 0.906114 -0.043230
vt 0.935844 -0.046229
vt 0.863949 -0.032918
vt 0.936236 -0.025213
vt 0.352895 -0.836224
vt 0.364208 -0.836224
vt 0.406468 -0.866649
vt 0.406468 -0.860380
vt 0.656607 -0.611303
vt 0.603056 -0.640568
vt 0.645316 -0.611303
vt 0.603056 -0.635459
vt 0.830163 -0.598537
vt 0.709375 -0.718563
vt 0.830163 -0.675237
vt 0.603056 -0.711853
vt 0.513723 -0.707208
vt 0.495801 -0.932937
vt 0.406468 -0.927466
vt 0.495801 -0.918066
vt 0.406468 -0.895867
vt 0.830135 -0.505633
vt 0.345549 -0.832122
vt 0.357033 -0.832122
vt 0.345590 -0.836224
vt 0.300149 -0.927353
vt 0.179361 -0.940013
vt 0.179361 -0.900158
vt 0.495801 -0.911075
vt 0.513723 -0.686154
vt 0.513723 -0.690768
vt 0.119307 -0.940014
vt 0.406468 -0.938938
vt 0.555333 -0.955621
vt 0.439074 -0.101872
vt 0.111876 -0.944891
vt 0.342145 -0.953098
vt 0.350016 -0.965576
vt 0.406468 -0.986591
vt 0.355461 -0.974186
vt 0.355428 -0.986591
vt 0.342145 -0.948358
vt 0.555333 -0.947116
vt 0.579589 -0.947116
vt 0.934951 -0.727521
vt 0.844835 -0.350774
vt 0.844808 -0.269423
vt 0.832411 -0.342929
vt 0.832396 -0.269423
vt 0.869631 -0.269423
vt 0.869631 -0.362117
vt 0.862800 -0.362117
vt 0.472275 -0.709676
vt 0.530399 -0.938068
vt 0.543606 -0.936128
vt 0.537249 -0.934597
vt 0.189488 -0.267248
vt 0.663934 -0.659611
vt 0.179361 -0.823458
vt 0.342145 -0.933450
vt 0.336186 -0.867588
vt 0.364567 -0.886058
vt 0.393585 -0.927452
vt 0.384490 -0.919344
vt 0.318121 -0.906538
vt 0.318121 -0.867588
vt 0.891115 -0.362117
vt 0.899851 -0.374304
vt 0.911443 -0.341772
vt 0.911443 -0.387960
vt 0.920898 -0.394177
vt 0.929895 -0.396738
vt 0.986025 -0.396738
vt 0.986026 -0.370705
vt 0.959409 -0.360379
vt 0.911442 -0.301095
vt 0.899757 -0.287989
vt 0.911442 -0.326225
vt 0.883206 -0.269423
vt 0.333689 -0.927387
vt 0.324212 -0.919343
vt 0.319898 -0.912782
vt 0.300149 -0.986591
vt 0.343351 -0.886058
vt 0.593311 -0.569690
vt 0.611189 -0.608558
vt 0.597442 -0.553397
vt 0.632622 -0.553249
vt 0.593245 -0.608549
vt 0.650585 -0.696241
vt 0.663934 -0.715695
vt 0.639941 -0.696241
vt 0.639941 -0.659611
vt 0.367053 -0.895865
vt 0.367052 -0.919343
vt 0.916854 -0.035951
vt 0.917104 -0.029590
vt 0.889315 -0.035951
vt 0.889566 -0.029590
vt 0.823636 -0.035951
vt 0.823636 -0.029590
vt 0.977334 -0.035233
vt 0.595142 -0.608566
vt 0.595142 -0.553301
vt 0.631347 -0.553301
vt 0.882474 -0.014668
vt 0.882442 -0.008862
vt 0.847405 -0.014668
vt 0.790915 -0.056834
vt 0.790915 -0.090161
vt 0.819826 -0.056834
vt 0.819826 -0.094701
vt 0.834282 -0.056834
vt 0.834282 -0.096025
vt 0.919892 -0.056834
vt 0.919892 -0.097111
vt 0.934363 -0.056834
vt 0.934363 -0.096846
vt 0.955287 -0.056834
vt 0.955287 -0.092716
vt 0.963244 -0.056834
vt 0.963244 -0.090987
vt 0.988265 -0.056834
vt 0.988265 -0.088135
vt 0.456692 -0.056834
vt 0.456692 -0.088135
vt 0.470886 -0.056834
vt 0.470886 -0.086633
vt 0.486791 -0.056834
vt 0.486791 -0.085583
vt 0.497803 -0.056834
vt 0.497803 -0.085001
vt 0.508282 -0.056834
vt 0.508282 -0.084402
vt 0.573656 -0.056834
vt 0.573656 -0.081341
vt 0.603976 -0.056834
vt 0.603976 -0.080517
vt 0.634977 -0.056834
vt 0.634977 -0.082281
vt 0.690841 -0.056834
vt 0.690841 -0.085459
vt 0.708948 -0.056834
vt 0.708948 -0.082714
vt 0.738218 -0.056834
vt 0.708948 -0.084900
vt 0.738218 -0.083996
vt 0.753482 -0.056834
vt 0.753482 -0.084477
vt 0.775104 -0.056834
vt 0.775104 -0.087316
vt 0.033229 -0.343223
vt 0.022009 -0.503833
vt 0.007577 -0.514234
vt 0.062275 -0.626123
vt 0.007577 -0.626358
vt 0.062275 -0.626358
vt 0.555333 -0.941405
vt 0.555333 -0.936384
vt 0.579589 -0.941405
vt 0.579589 -0.936846
vt 0.096246 -0.272427
vt 0.131657 -0.271037
vt 0.543606 -0.947116
vt 0.592737 -0.954378
vt 0.592744 -0.944687
vt 0.622454 -0.945803
vt 0.543606 -0.941405
vt 0.579589 -0.944595
vt 0.555333 -0.944596
vt 0.590282 -0.946276
vt 0.590282 -0.944529
vt 0.548087 -0.944596
vt 0.656226 -0.607200
vt 0.649432 -0.611303
vt 0.353298 -0.832122
vt 0.360092 -0.836224
vt 0.855314 -0.025213
vt 0.854529 -0.046229
vt 0.759292 -0.032918
vt 0.622454 -0.938532
vt 0.592737 -0.937360
vt 0.590282 -0.943268
vt 0.074074 -0.114792
vt 0.116488 -0.114792
vt 0.030198 -0.490094
vt 0.044002 -0.481285
vt 0.062275 -0.478011
vt 0.051414 -0.701272
vt 0.084015 -0.701272
vt 0.051414 -0.694761
vt 0.084015 -0.696314
vt 0.051414 -0.704385
vt 0.084015 -0.704385
vt 0.051414 -0.707509
vt 0.084015 -0.707509
vt 0.051414 -0.714003
vt 0.084015 -0.712442
vt 0.116850 -0.701272
vt 0.116850 -0.697949
vt 0.116850 -0.704385
vt 0.116850 -0.707509
vt 0.116850 -0.710929
vt 0.118768 -0.701653
vt 0.118101 -0.703980
vt 0.034296 -0.693960
vt 0.034296 -0.701272
vt 0.034296 -0.704385
vt 0.034296 -0.707509
vt 0.034296 -0.714837
vt 0.026012 -0.717562
vt 0.014852 -0.712590
vt 0.006861 -0.693662
vt 0.085634 -0.094785
vt 0.033229 -0.348292
vt 0.953712 -0.014668
vt 0.354519 -0.144599
vt 0.363329 -0.154252
vt 0.363329 -0.144599
vt 0.288027 -0.164344
vt 0.363329 -0.164344
vt 0.288027 -0.154647
vt 0.058001 -0.172123
vt 0.059280 -0.172294
vt 0.058003 -0.171642
vt 0.059280 -0.171563
vt 0.202100 -0.176709
vt 0.202100 -0.185940
vt 0.228146 -0.177100
vt 0.228146 -0.187616
vt 0.202100 -0.192875
vt 0.228146 -0.195824
vt 0.202100 -0.200510
vt 0.228146 -0.205127
vt 0.202100 -0.146722
vt 0.228082 -0.142503
vt 0.202100 -0.159401
vt 0.228146 -0.157637
vt 0.202100 -0.165573
vt 0.228146 -0.164344
vt 0.288027 -0.190469
vt 0.288027 -0.177100
vt 0.288027 -0.198908
vt 0.288027 -0.144599
vt 0.143917 -0.178538
vt 0.175399 -0.182863
vt 0.143917 -0.173973
vt 0.175399 -0.175577
vt 0.175399 -0.189537
vt 0.143917 -0.182313
vt 0.143917 -0.186732
vt 0.175399 -0.196068
vt 0.143917 -0.194379
vt 0.175399 -0.206677
vt 0.175399 -0.152623
vt 0.175399 -0.141916
vt 0.143917 -0.160838
vt 0.143917 -0.153878
vt 0.143917 -0.164960
vt 0.175399 -0.161906
vt 0.143917 -0.169120
vt 0.175399 -0.167773
vt 0.202100 -0.213400
vt 0.112436 -0.172010
vt 0.085593 -0.172153
vt 0.112436 -0.174261
vt 0.085561 -0.173266
vt 0.085437 -0.174219
vt 0.112060 -0.175836
vt 0.085630 -0.170695
vt 0.112436 -0.169812
vt 0.111669 -0.175698
vt 0.112436 -0.168180
vt 0.229277 -0.211009
vt 0.252131 -0.205946
vt 0.264248 -0.204446
vt 0.288027 -0.205914
vt 0.500439 -0.225107
vt 0.395300 -0.221510
vt 0.500439 -0.229531
vt 0.395300 -0.228909
vt 0.395300 -0.235133
vt 0.500439 -0.234518
vt 0.395300 -0.242899
vt 0.500439 -0.241323
vt 0.395300 -0.252131
vt 0.500439 -0.252131
vt 0.395300 -0.215280
vt 0.414432 -0.214853
vt 0.500439 -0.223027
vt 0.395300 -0.217309
vt 0.371244 -0.220034
vt 0.374183 -0.228269
vt 0.376536 -0.235208
vt 0.378110 -0.243158
vt 0.378901 -0.252173
vt 0.369473 -0.215073
vt 0.227207 -0.215097
vt 0.227039 -0.220416
vt 0.303851 -0.207120
vt 0.591157 -0.230545
vt 0.591157 -0.233602
vt 0.591157 -0.239439
vt 0.591157 -0.252131
vt 0.591157 -0.228331
vt 0.608011 -0.399825
vt 0.469224 -0.391114
vt 0.469224 -0.385180
vt 0.147197 -0.449222
vt 0.147197 -0.457689
vt 0.096246 -0.451844
vt 0.096246 -0.457689
vt 0.147197 -0.405684
vt 0.147197 -0.412070
vt 0.096416 -0.405684
vt 0.096362 -0.411772
vt 0.147197 -0.468941
vt 0.096246 -0.467858
vt 0.176015 -0.457689
vt 0.176015 -0.446676
vt 0.176015 -0.470954
vt 0.176015 -0.480522
vt 0.147197 -0.478480
vt 0.147197 -0.394838
vt 0.244401 -0.403000
vt 0.244401 -0.396126
vt 0.244401 -0.411571
vt 0.347061 -0.469815
vt 0.244401 -0.475479
vt 0.347061 -0.446712
vt 0.244401 -0.446712
vt 0.347061 -0.401554
vt 0.347061 -0.392885
vt 0.347061 -0.410097
vt 0.469224 -0.446676
vt 0.417011 -0.470287
vt 0.469224 -0.401019
vt 0.469224 -0.409375
vt 0.469224 -0.472300
vt 0.608011 -0.458664
vt 0.608011 -0.446676
vt 0.608011 -0.476809
vt 0.608011 -0.414685
vt 0.608011 -0.427763
vt 0.608011 -0.435361
vt 0.469224 -0.429522
vt 0.753483 -0.458682
vt 0.753483 -0.475005
vt 0.753483 -0.446676
vt 0.753483 -0.429202
vt 0.753483 -0.438699
vt 0.753483 -0.402166
vt 0.753483 -0.418129
vt 0.699176 -0.232521
vt 0.699176 -0.237813
vt 0.699176 -0.252131
vt 0.414432 -0.157835
vt 0.439185 -0.144599
vt 0.372643 -0.144599
vt 0.820518 -0.392884
vt 0.814928 -0.402889
vt 0.799785 -0.424497
vt 0.799936 -0.443605
vt 0.799936 -0.458682
vt 0.799936 -0.473307
vt 0.753483 -0.488843
vt 0.799936 -0.485706
vt 0.391133 -0.704495
vt 0.367896 -0.670227
vt 0.164725 -0.704951
vt 0.115624 -0.679859
vt 0.445081 -0.784724
vt 0.501369 -0.836804
vt 0.477085 -0.784724
vt 0.156072 -0.707226
vt 0.416872 -0.831795
vt 0.416485 -0.834848
vt 0.106565 -0.682964
vt 0.439929 -0.704495
vt 0.428266 -0.679379
vt 0.428305 -0.834790
vt 0.428281 -0.836804
vt 0.480853 -0.836804
vt 0.072586 -0.399821
vt 0.072586 -0.405684
vt 0.363329 -0.206232
vt 0.369666 -0.194766
vt 0.363329 -0.194445
vt 0.363329 -0.183755
vt 0.363329 -0.171006
vt 0.369666 -0.171014
vt 0.369666 -0.183784
vt 0.368439 -0.212999
vt 0.054391 -0.401189
vt 0.416839 -0.834067
vt 0.316212 -0.201625
vt 0.307211 -0.209210
vt 0.307222 -0.207106
vt 0.303851 -0.210227
vt 0.303851 -0.216838
vt 0.307211 -0.215751
vt 0.303851 -0.224979
vt 0.307211 -0.224538
vt 0.303851 -0.231522
vt 0.307211 -0.231244
vt 0.303851 -0.238495
vt 0.307211 -0.240323
vt 0.303851 -0.242225
vt 0.303851 -0.252131
vt 0.307211 -0.252131
vt 0.247671 -0.221226
vt 0.247714 -0.229598
vt 0.250732 -0.209921
vt 0.249206 -0.214230
vt 0.731976 -0.045615
vt 0.945084 -0.045615
vt 0.867059 -0.045615
vt 0.800116 -0.045615
vt 0.248366 -0.216602
vt 0.311521 -0.203532
vt 0.330511 -0.144599
vt 0.147197 -0.438994
vt 0.096246 -0.443210
vt 0.147197 -0.423739
vt 0.096264 -0.428210
vt 0.189488 -0.446676
vt 0.244401 -0.433520
vt 0.244401 -0.421030
vt 0.347061 -0.429659
vt 0.347061 -0.418342
vt 0.469224 -0.416445
vt 0.189488 -0.457689
vt 0.196793 -0.480802
vt 0.189488 -0.470954
vt 0.728413 -0.485866
vt 0.663934 -0.851908
vt 0.709375 -0.881382
vt 0.663954 -0.856010
vt 0.709375 -0.888533
vt 0.652490 -0.856010
vt 0.877637 -0.948824
vt 0.876934 -0.964700
vt 0.830163 -0.948824
vt 0.897647 -0.743241
vt 0.890217 -0.748118
vt 0.830163 -0.741349
vt 0.830163 -0.748119
vt 0.803175 -0.046229
vt 0.918065 -0.046229
vt 0.802558 -0.025213
vt 0.918758 -0.025213
vt 0.764743 -0.043230
vt 0.764126 -0.022213
vt 0.897412 -0.043230
vt 0.897804 -0.022213
vt 0.603056 -0.827752
vt 0.603056 -0.822643
vt 0.645316 -0.851908
vt 0.656607 -0.851908
vt 0.830163 -0.864674
vt 0.709375 -0.744647
vt 0.830163 -0.787974
vt 0.603056 -0.751357
vt 0.513723 -0.756003
vt 0.830135 -0.957577
vt 0.513723 -0.772443
vt 0.513723 -0.777057
vt 0.439074 -0.162593
vt 0.934951 -0.735690
vt 0.472275 -0.753535
vt 0.189488 -0.481658
vt 0.663934 -0.803600
vt 0.663934 -0.747515
vt 0.639931 -0.766969
vt 0.650585 -0.766969
vt 0.639931 -0.803600
vt 0.712655 -0.008862
vt 0.712623 -0.014668
vt 0.747692 -0.014668
vt 0.033229 -0.405684
vt 0.116972 -0.626358
vt 0.116972 -0.514234
vt 0.102541 -0.503833
vt 0.131657 -0.477870
vt 0.096246 -0.476480
vt 0.649432 -0.851908
vt 0.656226 -0.856010
vt 0.080548 -0.481285
vt 0.094352 -0.490094
vt 0.085634 -0.169681
vt 0.033229 -0.400615
vt 0.386457 -0.478210
vt 0.412711 -0.478210
vt 0.386457 -0.479612
vt 0.412711 -0.479612
vt 0.386457 -0.476808
vt 0.412711 -0.476808
vt 0.386457 -0.486625
vt 0.412711 -0.486625
vt 0.386457 -0.488027
vt 0.412711 -0.488027
vt 0.386457 -0.485222
vt 0.412711 -0.485222
vt 0.386457 -0.483820
vt 0.412711 -0.483820
vt 0.386457 -0.482417
vt 0.412711 -0.482417
vt 0.386457 -0.481015
vt 0.412711 -0.481015
vt 0.380923 -0.481983
vt 0.380923 -0.482150
vt 0.043935 -0.271678
vt 0.047033 -0.271951
vt 0.041168 -0.272189
vt 0.038012 -0.276865
vt 0.038459 -0.274751
vt 0.044429 -0.276865
vt 0.066652 -0.274747
vt 0.039409 -0.273285
vt 0.037060 -0.273746
vt 0.037928 -0.274243
vt 0.036219 -0.276283
vt 0.037179 -0.276865
vt 0.068561 -0.273294
vt 0.068405 -0.274387
vt 0.047418 -0.270285
vt 0.047263 -0.271372
vt 0.043810 -0.270043
vt 0.043786 -0.270922
vt 0.038843 -0.272774
vt 0.038034 -0.272080
vt 0.040685 -0.271480
vt 0.040318 -0.270557
vt 0.963493 -0.139986
vt 0.758646 -0.139985
vt 0.963493 -0.147324
vt 0.758646 -0.147323
vt 0.963493 -0.153781
vt 0.758645 -0.151059
vt 0.963493 -0.158474
vt 0.758645 -0.155000
vt 0.963493 -0.162965
vt 0.960641 -0.162965
vt 0.758645 -0.159732
vt 0.963493 -0.133170
vt 0.758646 -0.133927
vt 0.758646 -0.130191
vt 0.963493 -0.127301
vt 0.963493 -0.122443
vt 0.758646 -0.126250
vt 0.758646 -0.121518
vt 0.960641 -0.117964
vt 0.963493 -0.117964
vt 0.971620 -0.139986
vt 0.971620 -0.147324
vt 0.971620 -0.153781
vt 0.971620 -0.158474
vt 0.971620 -0.162965
vt 0.971620 -0.133170
vt 0.971621 -0.127301
vt 0.971621 -0.122443
vt 0.971621 -0.117964
vt 0.979462 -0.139986
vt 0.979462 -0.144114
vt 0.979462 -0.150653
vt 0.979462 -0.153781
vt 0.979462 -0.158474
vt 0.979462 -0.162965
vt 0.979462 -0.133170
vt 0.979462 -0.127301
vt 0.979462 -0.122443
vt 0.979462 -0.117964
vt 0.990065 -0.127068
vt 0.984764 -0.124872
vt 0.986959 -0.130174
vt 0.990065 -0.122677
vt 0.986959 -0.119571
vt 0.982568 -0.119571
vt 0.982568 -0.130174
vt 0.403053 -0.187239
vt 0.427385 -0.187239
vt 0.403053 -0.196764
vt 0.427385 -0.199816
vt 0.515455 -0.203386
vt 0.515455 -0.213480
vt 0.427385 -0.206451
vt 0.712861 -0.190191
vt 0.684907 -0.205743
vt 0.712861 -0.187239
vt 0.684907 -0.201167
vt 0.398453 -0.194789
vt 0.398453 -0.200771
vt 0.637384 -0.217550
vt 0.637384 -0.209611
vt 0.661237 -0.216400
vt 0.661237 -0.210082
vt 0.613478 -0.217048
vt 0.613478 -0.208431
vt 0.684907 -0.196061
vt 0.661237 -0.198179
vt 0.637384 -0.199456
vt 0.613478 -0.199456
vt 0.515455 -0.195288
vt 0.684907 -0.187239
vt 0.661237 -0.187239
vt 0.637384 -0.187239
vt 0.613478 -0.187239
vt 0.515455 -0.187239
vt 0.403053 -0.202842
vt 0.427385 -0.174662
vt 0.403053 -0.177714
vt 0.427385 -0.168027
vt 0.515455 -0.160998
vt 0.515455 -0.171092
vt 0.684907 -0.173312
vt 0.684907 -0.168735
vt 0.712861 -0.184288
vt 0.398453 -0.179689
vt 0.398453 -0.173707
vt 0.661237 -0.164396
vt 0.637384 -0.164868
vt 0.661237 -0.158079
vt 0.637384 -0.156928
vt 0.613478 -0.166048
vt 0.613478 -0.157430
vt 0.684907 -0.178418
vt 0.661237 -0.176299
vt 0.637384 -0.175023
vt 0.613478 -0.175023
vt 0.515455 -0.179190
vt 0.403053 -0.171636
vt 0.015208 -0.374251
vt 0.050833 -0.374251
vt 0.020497 -0.368751
vt 0.057283 -0.368751
vt 0.020616 -0.379636
vt 0.057361 -0.379636
vt 0.064953 -0.373711
vt 0.025786 -0.362851
vt 0.062552 -0.362851
vt 0.026023 -0.385020
vt 0.062789 -0.385020
vt 0.098347 -0.372000
vt 0.100577 -0.391226
vt 0.107955 -0.376031
vt 0.119801 -0.391226
vt 0.114964 -0.382228
vt 0.078808 -0.365039
vt 0.078808 -0.359011
vt 0.072750 -0.362025
vt 0.081089 -0.374098
vt 0.081352 -0.391226
vt 0.076553 -0.380157
vt 0.096066 -0.359311
vt 0.096066 -0.364739
vt 0.105673 -0.361250
vt 0.105673 -0.362800
vt 0.088710 -0.370426
vt 0.086429 -0.358654
vt 0.086429 -0.365396
vt 0.112683 -0.362025
vt 0.035060 -0.311208
vt 0.047216 -0.310471
vt 0.035060 -0.306531
vt 0.047216 -0.306483
vt 0.035060 -0.302117
vt 0.047216 -0.302309
vt 0.035060 -0.297587
vt 0.047216 -0.297971
vt 0.035060 -0.293147
vt 0.047216 -0.293683
vt 0.035060 -0.315466
vt 0.047216 -0.314096
vt 0.067412 -0.307283
vt 0.070701 -0.303900
vt 0.065792 -0.305135
vt 0.069954 -0.308105
vt 0.068305 -0.300199
vt 0.070768 -0.300000
vt 0.065792 -0.302228
vt 0.058559 -0.309622
vt 0.058559 -0.306070
vt 0.058559 -0.302368
vt 0.058559 -0.298683
vt 0.058559 -0.295297
vt 0.058559 -0.312840
vt 0.065792 -0.308798
vt 0.065792 -0.298827
vt 0.065792 -0.296386
vt 0.065792 -0.312065
vt 0.031253 -0.303414
vt 0.031947 -0.309752
vt 0.032081 -0.298207
vt 0.027762 -0.297279
vt 0.027762 -0.310570
vt 0.683777 -0.968445
vt 0.675732 -0.968445
vt 0.683777 -0.972842
vt 0.675732 -0.956846
vt 0.683777 -0.956846
vt 0.695987 -0.979003
vt 0.695987 -0.973750
vt 0.683777 -0.976513
vt 0.695987 -0.968445
vt 0.695987 -0.956846
vt 0.710556 -0.985064
vt 0.710556 -0.980303
vt 0.695987 -0.983016
vt 0.710556 -0.974864
vt 0.710556 -0.968445
vt 0.724990 -0.984326
vt 0.724990 -0.979165
vt 0.724990 -0.974235
vt 0.724990 -0.968445
vt 0.737446 -0.981139
vt 0.737446 -0.977888
vt 0.737446 -0.972232
vt 0.737446 -0.968445
vt 0.745865 -0.972363
vt 0.745865 -0.966950
vt 0.750263 -0.962463
vt 0.683777 -0.949852
vt 0.695987 -0.949880
vt 0.683777 -0.945564
vt 0.695987 -0.944388
vt 0.710556 -0.944309
vt 0.695987 -0.939921
vt 0.710556 -0.939327
vt 0.710556 -0.949825
vt 0.710556 -0.956846
vt 0.724990 -0.946816
vt 0.724990 -0.942005
vt 0.724990 -0.951584
vt 0.724990 -0.956846
vt 0.737446 -0.949613
vt 0.737446 -0.947096
vt 0.737446 -0.953681
vt 0.737446 -0.956846
vt 0.745865 -0.953553
vt 0.745865 -0.958426
vt 0.354519 -0.132233
vt 0.532650 -0.514737
vt 0.532650 -0.529957
vt 0.561041 -0.514738
vt 0.561041 -0.529958
vt 0.561041 -0.499518
vt 0.532650 -0.499517
vt 0.746642 -0.014668
vt 0.747074 -0.008862
vt 0.838359 -0.014668
vt 0.857208 -0.014668
vt 0.838791 -0.008862
vt 0.857639 -0.008862
vt 0.819510 -0.014668
vt 0.819942 -0.008862
vt 0.784339 -0.014668
vt 0.784771 -0.008862
vt 0.765491 -0.014668
vt 0.765922 -0.008862
vt 0.363329 -0.132233
vt 0.372643 -0.132233
vt 0.571278 -0.529958
vt 0.571278 -0.514738
vt 0.582592 -0.514738
vt 0.582592 -0.529958
vt 0.571278 -0.499518
vt 0.582592 -0.499518
vt 0.840275 -0.014668
vt 0.840749 -0.008862
vt 0.827594 -0.014668
vt 0.828068 -0.008862
vt 0.813576 -0.014668
vt 0.814050 -0.008862
vt 0.794725 -0.014668
vt 0.795200 -0.008862
vt 0.776349 -0.008862
vt 0.761857 -0.014668
vt 0.762331 -0.008862
vt 0.749176 -0.014668
vt 0.749650 -0.008862
vt 0.439185 -0.132233
vt 0.661507 -0.529958
vt 0.661507 -0.514738
vt 0.661507 -0.499518
vt 0.945071 -0.008862
vt 0.944659 -0.014668
vt 0.963917 -0.008862
vt 0.963506 -0.014668
vt 0.982763 -0.008862
vt 0.982352 -0.014668
vt 0.809626 -0.008862
vt 0.809214 -0.014668
vt 0.828494 -0.008862
vt 0.828083 -0.014668
vt 0.847318 -0.008862
vt 0.846907 -0.014668
vt 0.099554 -0.239193
vt 0.101655 -0.238868
vt 0.102366 -0.232943
vt 0.103737 -0.235324
vt 0.109228 -0.232943
vt 0.108214 -0.235324
vt 0.113151 -0.238208
vt 0.110860 -0.238464
vt 0.110110 -0.244059
vt 0.108942 -0.241882
vt 0.103620 -0.244253
vt 0.104415 -0.241924
vt 0.117636 -0.250654
vt 0.117636 -0.257962
vt 0.140605 -0.250654
vt 0.140605 -0.257962
vt 0.117636 -0.237253
vt 0.117636 -0.243548
vt 0.140605 -0.237253
vt 0.140605 -0.243548
vt 0.146764 -0.246445
vt 0.110604 -0.247554
vt 0.348198 -0.927402
vt 0.356263 -0.919343
vt 0.899172 -0.831035
vt 0.899165 -0.848128
vt 0.970450 -0.831020
vt 0.978722 -0.843618
vt 0.989052 -0.859760
vt 0.989038 -0.866560
vt 0.899154 -0.866471
vt 0.929410 -0.907470
vt 0.954429 -0.907480
vt 0.916792 -0.895703
vt 0.969914 -0.907490
vt 0.981144 -0.895703
vt 0.899230 -0.879673
vt 0.989115 -0.887570
vt 0.895483 -0.008862
vt 0.895548 -0.014668
vt 0.919977 -0.008862
vt 0.912629 -0.014668
vt 0.946214 -0.008862
vt 0.947240 -0.014668
vt 0.965108 -0.008862
vt 0.966070 -0.014668
vt 0.990285 -0.008862
vt 0.990285 -0.014668
vt 0.972416 -0.008862
vt 0.972120 -0.014668
vt 0.937267 -0.008862
vt 0.936953 -0.014668
vt 0.915247 -0.014668
vt 0.892351 -0.008862
vt 0.892227 -0.014668
vt 0.874954 -0.008862
vt 0.874878 -0.014668
vt 0.742146 -0.008862
vt 0.741416 -0.014668
vt 0.751940 -0.008862
vt 0.750957 -0.014668
vt 0.775186 -0.008862
vt 0.776085 -0.014668
vt 0.793256 -0.008862
vt 0.793321 -0.014668
vt 0.535607 -0.553775
vt 0.564136 -0.553775
vt 0.524256 -0.582938
vt 0.554467 -0.635533
vt 0.503849 -0.635542
vt 0.561299 -0.625152
vt 0.564007 -0.615264
vt 0.516793 -0.648824
vt 0.539491 -0.648824
vt 0.527437 -0.658240
vt 0.516932 -0.648824
vt 0.988676 -0.014668
vt 0.988676 -0.008862
vt 0.918821 -0.014668
vt 0.918821 -0.008862
vt 0.907590 -0.014668
vt 0.907590 -0.008862
vt 0.895812 -0.014668
vt 0.895812 -0.008862
vt 0.878705 -0.014668
vt 0.878705 -0.008862
vt 0.863383 -0.014668
vt 0.863383 -0.008862
vt 0.852372 -0.014668
vt 0.852372 -0.008862
vt 0.837762 -0.014668
vt 0.837762 -0.008862
vt 0.777682 -0.014668
vt 0.777682 -0.008862
vt 0.744367 -0.014668
vt 0.744367 -0.008862
vt 0.711812 -0.014668
vt 0.711812 -0.008862
vt 0.972249 -0.008862
vt 0.937064 -0.008862
vt 0.915298 -0.008862
vt 0.915139 -0.014668
vt 0.899003 -0.008862
vt 0.898633 -0.014668
vt 0.886537 -0.008862
vt 0.886537 -0.014668
vt 0.539726 -0.648824
vt 0.062582 -0.847310
vt 0.062582 -0.920970
vt 0.075068 -0.847310
vt 0.075068 -0.920970
vt 0.050097 -0.847310
vt 0.050097 -0.920970
vt 0.037612 -0.847310
vt 0.037612 -0.920970
vt 0.025127 -0.847310
vt 0.025126 -0.920970
vt 0.048074 -0.929249
vt 0.035868 -0.929249
vt 0.270985 -0.025112
vt 0.270985 -0.022737
vt 0.265466 -0.025112
vt 0.265466 -0.022737
vt 0.260042 -0.025112
vt 0.260042 -0.022737
vt 0.245599 -0.025112
vt 0.245599 -0.022737
vt 0.290852 -0.025112
vt 0.290852 -0.022737
vt 0.276409 -0.025112
vt 0.276409 -0.022737
vt 0.196772 -0.030555
vt 0.196772 -0.036305
vt 0.216768 -0.030555
vt 0.216768 -0.036305
vt 0.221525 -0.032855
vt 0.191337 -0.032855
vt 0.078968 -0.091443
vt 0.078968 -0.092277
vt 0.078917 -0.090642
vt 0.078968 -0.093551
vt 0.078957 -0.094411
vt 0.078968 -0.172189
vt 0.078968 -0.173022
vt 0.078917 -0.173823
vt 0.078968 -0.170914
vt 0.078957 -0.170055
vt 0.062405 -0.092056
vt 0.062405 -0.092188
vt 0.062516 -0.091639
vt 0.062405 -0.093006
vt 0.062389 -0.093484
vt 0.062405 -0.172277
vt 0.062405 -0.172410
vt 0.062516 -0.172827
vt 0.062405 -0.171460
vt 0.062389 -0.170982
vt 0.059422 -0.091826
vt 0.059263 -0.093309
vt 0.059422 -0.172639
vt 0.059263 -0.171157
s 1
usemtl default.098
f 2127/704/600 1897/705/601 2128/706/602
f 2127/704/600 1898/707/603 1899/708/604
f 1911/709/605 1899/708/604 1898/707/603
f 3473/710/606 1900/711/607 3480/712/608
f 1901/713/609 3480/712/608 1900/711/607
f 1909/714/610 1902/715/611 1907/716/612
f 1930/717/613 1907/716/612 1902/715/611
f 1940/718/614 1903/719/615 1909/714/610
f 1902/715/611 1909/714/610 1903/719/615
f 1940/718/614 1904/720/616 1903/719/615
f 1950/721/617 1903/719/615 1904/720/616
f 2396/722/618 1910/723/619 1926/724/620
f 1924/725/621 1926/724/620 1910/723/619
f 1912/726/622 1905/727/623 1910/723/619
f 1924/725/621 1910/723/619 1905/727/623
f 1906/728/624 1929/729/625 1912/726/622
f 1905/727/623 1912/726/622 1929/729/625
f 1907/716/612 1930/717/613 1906/728/624
f 1929/729/625 1906/728/624 1930/717/613
f 2025/730/626 1908/731/627 1907/716/612
f 1909/714/610 1907/716/612 1908/731/627
f 1908/731/627 1941/732/628 1909/714/610
f 1940/718/614 1909/714/610 1941/732/628
f 2613/733/629 2120/734/630 2396/722/618
f 1910/723/619 2396/722/618 2120/734/630
f 2120/734/630 1899/708/604 1910/723/619
f 1912/726/622 1910/723/619 1899/708/604
f 1899/708/604 1911/709/605 1912/726/622
f 1906/728/624 1912/726/622 1911/709/605
f 1911/709/605 2025/730/626 1906/728/624
f 1907/716/612 1906/728/624 2025/730/626
f 1928/735/631 1922/736/632 1913/737/633
f 1914/738/634 1913/737/633 1922/736/632
f 1914/738/634 1922/736/632 1916/739/635
f 1915/740/636 1916/739/635 1922/736/632
f 1915/740/636 1923/741/637 1916/739/635
f 1934/742/638 1916/739/635 1923/741/637
f 1923/741/637 1917/743/639 1934/742/638
f 1935/744/640 1934/742/638 1917/743/639
f 1936/745/641 1925/746/642 1918/747/643
f 1927/748/644 1918/747/643 1925/746/642
f 1927/748/644 1919/749/645 1918/747/643
f 1920/750/646 1918/747/643 1919/749/645
f 1919/749/645 1921/751/647 1920/750/646
f 1938/752/648 1920/750/646 1921/751/647
f 1938/752/648 1921/751/647 1913/737/633
f 1928/735/631 1913/737/633 1921/751/647
f 1922/736/632 1928/735/631 1902/715/611
f 1930/717/613 1902/715/611 1928/735/631
f 1915/740/636 1922/736/632 1903/719/615
f 1902/715/611 1903/719/615 1922/736/632
f 1923/741/637 1915/740/636 1950/721/617
f 1903/719/615 1950/721/617 1915/740/636
f 1917/743/639 1923/741/637 2444/753/649
f 1950/721/617 2444/753/649 1923/741/637
f 1927/748/644 1925/746/642 1924/725/621
f 1926/724/620 1924/725/621 1925/746/642
f 1919/749/645 1927/748/644 1905/727/623
f 1924/725/621 1905/727/623 1927/748/644
f 1921/751/647 1919/749/645 1929/729/625
f 1905/727/623 1929/729/625 1919/749/645
f 1928/735/631 1921/751/647 1930/717/613
f 1929/729/625 1930/717/613 1921/751/647
f 1932/754/650 3459/755/651 1933/756/652
f 1931/757/653 1933/756/652 3459/755/651
f 3461/758/654 3459/755/651 2424/759/655
f 1932/754/650 2424/759/655 3459/755/651
f 1931/757/653 2372/760/656 1933/756/652
f 1937/761/657 1933/756/652 2372/760/656
f 1933/756/652 1913/737/633 1914/738/634
f 1916/739/635 1932/754/650 1914/738/634
f 1933/756/652 1914/738/634 1932/754/650
f 1932/754/650 1916/739/635 1934/742/638
f 1935/744/640 2424/762/655 1934/742/638
f 1932/754/650 1934/742/638 2424/762/655
f 1918/747/643 1937/761/657 1936/745/641
f 2373/763/658 1936/745/641 1937/761/657
f 1937/761/657 1918/747/643 1920/750/646
f 1937/761/657 1920/750/646 1938/752/648
f 1913/737/633 1933/756/652 1938/752/648
f 1937/761/657 1938/752/648 1933/756/652
f 1939/764/659 2067/765/660 1904/720/616
f 1941/732/628 2070/766/661 1940/718/614
f 1952/767/662 2070/766/661 1941/732/628
f 1943/768/663 1942/769/664 1953/770/665
f 1958/771/666 1953/770/665 1942/769/664
f 1953/770/665 1955/772/667 1943/768/663
f 1947/773/668 1943/768/663 1955/772/667
f 1955/772/667 1956/774/669 1947/773/668
f 1944/775/670 1947/773/668 1956/774/669
f 1956/774/669 2436/776/671 1944/775/670
f 2435/777/672 1944/775/670 2436/776/671
f 1971/778/673 1958/771/666 2023/779/674
f 2053/780/675 2023/779/674 1958/771/666
f 1942/769/664 2050/781/676 1958/771/666
f 1943/768/663 1945/782/677 1942/769/664
f 1946/783/678 1942/769/664 1945/782/677
f 1947/773/668 2071/784/679 1943/768/663
f 1945/782/677 1943/768/663 2071/784/679
f 1944/775/670 1948/785/680 1947/773/668
f 2071/784/679 1947/773/668 1948/785/680
f 2435/777/672 2072/786/681 1944/775/670
f 1948/785/680 1944/775/670 2072/786/681
f 1942/769/664 1946/783/678 2050/781/676
f 2051/787/682 2050/781/676 1946/783/678
f 1950/721/617 2067/765/660 1949/788/683
f 1904/720/616 2067/765/660 1950/721/617
f 2443/789/684 2444/753/649 1949/788/683
f 2444/753/649 1950/721/617 1949/788/683
f 1951/790/685 1952/767/662 1941/732/628
f 1955/772/667 1953/770/665 1954/791/686
f 1985/792/687 1954/791/686 1953/770/665
f 1956/774/669 1955/772/667 1983/793/688
f 1954/791/686 1983/793/688 1955/772/667
f 2436/776/671 1956/774/669 1957/794/689
f 1983/793/688 1957/794/689 1956/774/669
f 1958/771/666 1970/795/690 1953/770/665
f 1985/792/687 1953/770/665 1970/795/690
f 1984/796/691 1979/797/692 1960/798/693
f 1960/798/693 1961/799/694 1959/800/695
f 1979/797/692 1961/799/694 1960/798/693
f 3362/801/696 2318/802/697 2290/803/698
f 1962/804/699 2290/803/698 2318/802/697
f 2291/805/700 2290/803/698 1962/804/699
f 1964/806/701 1965/807/702 1963/808/703
f 2164/809/704 1963/808/703 1965/807/702
f 2161/810/705 2167/811/706 2028/812/707
f 2029/813/708 2028/812/707 2167/811/706
f 2021/814/709 1966/815/710 1964/806/701
f 1965/807/702 1964/806/701 1966/815/710
f 2214/816/711 2164/809/704 2211/817/712
f 1965/807/702 2211/817/712 2164/809/704
f 1965/807/702 1966/815/710 2211/817/712
f 2261/818/713 2211/817/712 1966/815/710
f 1966/815/710 2317/819/714 2261/818/713
f 1967/820/715 2261/818/713 2317/819/714
f 1971/821/673 2023/822/674 1972/823/716
f 2029/813/708 1972/823/716 2023/822/674
f 1972/823/716 2029/813/708 2170/824/717
f 2167/811/706 2170/824/717 2029/813/708
f 2209/825/718 1969/826/719 1968/827/720
f 2262/828/721 1968/827/720 1969/826/719
f 1970/829/690 1971/821/673 1974/830/722
f 1972/823/716 1974/830/722 1971/821/673
f 1974/830/722 1972/823/716 1973/831/723
f 2170/824/717 1973/831/723 1972/823/716
f 2277/832/724 1975/833/725 1968/827/720
f 1984/796/691 1970/829/690 1978/834/726
f 1974/830/722 1978/834/726 1970/829/690
f 1978/834/726 1974/830/722 1980/835/727
f 1973/831/723 1980/835/727 1974/830/722
f 2176/836/728 1975/833/725 1976/837/729
f 1977/838/730 1976/837/729 1975/833/725
f 2227/839/731 1976/837/729 1977/838/730
f 1978/834/726 1979/797/692 1984/796/691
f 1979/797/692 1978/834/726 2177/840/732
f 1980/835/727 2177/840/732 1978/834/726
f 2175/841/733 2180/842/734 2174/843/735
f 1981/844/736 2484/845/737 1982/846/738
f 1995/847/739 1982/846/738 2484/845/737
f 2227/839/731 1993/848/740 1976/837/729
f 1992/849/741 1976/837/729 1993/848/740
f 1976/837/729 1992/849/741 2176/836/728
f 2178/850/742 2176/836/728 1992/849/741
f 2175/841/733 2179/851/743 2180/842/734
f 1990/852/744 2180/842/734 2179/851/743
f 2177/840/732 2181/853/745 1979/797/692
f 1989/854/746 1979/797/692 2181/853/745
f 1979/797/692 1989/854/746 1961/799/694
f 1987/855/747 1961/799/694 1989/854/746
f 1971/778/673 1970/795/690 1958/771/666
f 1984/856/691 1954/791/686 1985/792/687
f 1954/791/686 1984/856/691 1983/793/688
f 1960/857/693 1983/793/688 1984/856/691
f 1983/793/688 1960/857/693 1957/794/689
f 1959/858/695 1957/794/689 1960/857/693
f 1984/856/691 1985/792/687 1970/795/690
f 2127/704/600 2246/859/748 1898/707/603
f 2127/704/600 2129/860/749 2246/859/748
f 2259/861/750 2246/859/748 2129/860/749
f 1986/862/751 1982/846/738 2248/863/752
f 1989/854/746 2048/864/753 1987/855/747
f 2048/864/753 2047/865/754 1987/855/747
f 2047/865/754 1988/866/755 1987/855/747
f 2048/864/753 1989/854/746 2007/867/756
f 2181/853/745 2007/867/756 1989/854/746
f 2007/867/756 1990/852/744 2163/868/757
f 2179/851/743 2163/868/757 1990/852/744
f 2163/868/757 2178/850/742 1991/869/758
f 1992/849/741 1991/869/758 2178/850/742
f 1991/869/758 1992/849/741 2001/870/759
f 1993/848/740 2001/870/759 1992/849/741
f 2001/870/759 1993/848/740 2003/871/760
f 1994/872/761 2003/871/760 1993/848/740
f 2003/873/760 1994/874/761 2004/875/762
f 1995/847/739 2004/875/762 1994/874/761
f 2004/875/762 1995/847/739 1996/876/763
f 2484/845/737 1996/876/763 1995/847/739
f 2047/877/754 2046/878/764 1988/879/755
f 2495/880/765 1988/879/755 2046/878/764
f 2007/881/756 2049/882/766 2048/883/753
f 2008/884/767 2007/885/756 1997/886/768
f 2163/887/757 1997/886/768 2007/885/756
f 1997/886/768 2163/887/757 1998/888/769
f 1991/889/758 1998/888/769 2163/887/757
f 1998/888/769 1991/889/758 2000/890/770
f 2001/891/759 2000/890/770 1991/889/758
f 2000/890/770 2001/891/759 1999/892/771
f 2003/893/760 1999/892/771 2001/891/759
f 1999/892/771 2003/893/760 2002/894/772
f 2004/895/762 2002/894/772 2003/893/760
f 2002/894/772 2004/895/762 2493/896/773
f 1996/897/763 2493/896/773 2004/895/762
f 2495/898/765 2046/899/764 2005/900/774
f 2046/899/764 2049/901/766 2005/900/774
f 2049/901/766 2006/902/775 2005/900/774
f 2049/901/766 2007/903/756 2006/902/775
f 2008/904/767 2006/902/775 2007/903/756
f 2011/905/776 2009/906/777 2010/907/778
f 2043/908/779 2010/907/778 2009/906/777
f 2013/909/780 2065/910/781 2558/911/782
f 2044/912/783 2501/913/784 2045/914/785
f 2010/907/778 2045/914/785 2501/913/784
f 2501/913/784 2500/915/786 2010/907/778
f 2011/905/776 2010/907/778 2500/915/786
f 2009/906/777 2502/916/787 2043/908/779
f 2066/917/788 2043/908/779 2502/916/787
f 2012/918/789 2158/919/790 2504/920/791
f 2158/919/790 2065/910/781 2504/920/791
f 2504/920/791 2065/910/781 2013/909/780
f 2022/921/792 1964/922/701 2160/923/793
f 1963/924/703 2160/923/793 1964/922/701
f 2159/925/794 2014/926/795 2160/923/793
f 2162/927/796 2015/928/797 2014/929/795
f 2015/928/797 2161/930/705 2016/931/798
f 2028/932/707 2016/931/798 2161/930/705
f 2016/931/798 2028/932/707 2040/933/799
f 2017/934/800 2040/933/799 2028/932/707
f 2018/935/801 2038/936/802 2034/937/803
f 2019/938/804 2034/937/803 2038/936/802
f 2034/937/803 2019/938/804 2036/939/805
f 2337/940/806 2036/939/805 2019/938/804
f 2036/939/805 2337/940/806 2020/941/807
f 2021/942/709 2020/941/807 2337/940/806
f 2020/941/807 2021/942/709 2022/921/792
f 1964/922/701 2022/921/792 2021/942/709
f 2017/943/800 2029/813/708 2054/944/808
f 2023/822/674 2054/944/808 2029/813/708
f 2055/945/809 2246/946/748 2030/947/810
f 2245/948/811 2030/947/810 2246/946/748
f 2054/949/808 2031/950/812 2024/951/813
f 2026/952/814 2024/951/813 1908/731/627
f 1911/709/605 2056/953/815 2025/730/626
f 1898/707/603 2056/953/815 1911/709/605
f 2025/730/626 2026/952/814 1908/731/627
f 2027/954/816 2026/952/814 2055/955/809
f 2056/953/815 2055/955/809 2026/952/814
f 2055/955/809 1898/707/603 2246/859/748
f 2029/956/708 2017/957/800 2028/958/707
f 2245/959/811 2319/960/817 2030/961/810
f 2038/962/802 2030/961/810 2319/960/817
f 2031/950/812 2054/949/808 2023/779/674
f 2023/779/674 2053/780/675 2031/950/812
f 2052/963/818 2031/950/812 2053/780/675
f 2027/964/816 2017/943/800 2054/944/808
f 2037/965/819 2022/966/792 2033/967/820
f 2160/968/793 2033/967/820 2022/966/792
f 2033/967/820 2160/968/793 2032/969/821
f 2014/970/795 2032/969/821 2160/968/793
f 2015/971/797 2032/969/821 2014/970/795
f 2018/972/801 2034/973/803 2039/974/822
f 2042/975/823 2039/974/822 2034/973/803
f 2042/975/823 2036/976/805 2035/977/824
f 2020/978/807 2035/977/824 2036/976/805
f 2035/977/824 2020/978/807 2037/965/819
f 2022/966/792 2037/965/819 2020/978/807
f 2030/979/810 2038/936/802 2039/980/822
f 2018/935/801 2039/980/822 2038/936/802
f 2040/933/799 2017/934/800 2039/980/822
f 2030/979/810 2039/980/822 2017/934/800
f 2033/981/820 2041/982/825 2037/983/819
f 2032/984/821 2041/982/825 2033/981/820
f 2040/985/799 2041/982/825 2032/984/821
f 2039/986/822 2041/987/825 2040/988/799
f 2042/989/823 2041/982/825 2039/990/822
f 2035/991/824 2041/982/825 2042/989/823
f 2037/983/819 2041/982/825 2035/991/824
f 2032/969/821 2015/971/797 2040/992/799
f 2016/993/798 2040/992/799 2015/971/797
f 2036/976/805 2042/975/823 2034/973/803
f 2043/908/779 2158/919/790 2045/914/785
f 2158/919/790 2012/918/789 2045/914/785
f 2044/994/783 2045/914/785 2012/918/789
f 2047/877/754 2048/883/753 2046/878/764
f 2049/882/766 2046/878/764 2048/883/753
f 2050/781/676 2051/787/682 2053/780/675
f 2052/963/818 2053/780/675 2051/787/682
f 2050/781/676 2053/780/675 1958/771/666
f 1941/732/628 1908/731/627 2069/995/826
f 1908/731/627 2024/951/813 2069/995/826
f 2024/951/813 2031/950/812 2069/995/826
f 2026/952/814 2027/954/816 2024/951/813
f 2054/949/808 2024/951/813 2027/954/816
f 2055/955/809 2056/953/815 1898/707/603
f 2025/730/626 2056/953/815 2026/952/814
f 1951/790/685 2057/996/827 2078/997/828
f 2058/998/829 2078/997/828 2057/996/827
f 2059/999/830 2077/1000/831 2058/998/829
f 2078/997/828 2058/998/829 2077/1000/831
f 2081/1001/832 2061/1002/833 2059/999/830
f 2077/1000/831 2059/999/830 2061/1002/833
f 2060/1003/834 2062/1004/835 2081/1001/832
f 2061/1002/833 2081/1001/832 2062/1004/835
f 2063/1005/836 2082/1006/837 2060/1003/834
f 2062/1004/835 2060/1003/834 2082/1006/837
f 2089/1007/838 2087/1008/839 2063/1005/836
f 2086/1009/840 2063/1005/836 2087/1008/839
f 2443/789/684 1949/788/683 2553/1010/841
f 2064/1011/842 2553/1010/841 1949/788/683
f 2067/765/660 2094/1012/843 2068/1013/844
f 2063/1005/836 2086/1009/840 2082/1006/837
f 2559/1014/845 2065/1015/781 2557/1016/846
f 2043/1017/779 2557/1016/846 2065/1015/781
f 2066/1018/788 2557/1019/846 2043/1020/779
f 2065/1021/781 2559/1022/845 2558/1023/782
f 1949/788/683 2067/765/660 2064/1011/842
f 2095/1024/847 2064/1011/842 2067/765/660
f 1904/720/616 1940/718/614 1939/764/659
f 2070/766/661 1939/764/659 1940/718/614
f 2067/765/660 1939/764/659 2094/1012/843
f 2068/1013/844 2095/1024/847 2067/765/660
f 2069/995/826 2097/1025/848 1941/732/628
f 1951/790/685 2097/1025/848 2057/996/827
f 2097/1025/848 1951/790/685 1941/732/628
f 2070/1026/661 1952/1027/662 2113/1028/849
f 2114/1029/850 2113/1028/849 1952/1027/662
f 2106/1030/851 2073/1031/852 1945/1032/677
f 1946/1033/678 1945/1032/677 2073/1031/852
f 2612/1034/853 2107/1035/854 2072/1036/681
f 2107/1035/854 2106/1037/851 2072/1036/681
f 2106/1037/851 2071/1038/679 2072/1036/681
f 2071/1038/679 1948/1039/680 2072/1036/681
f 2073/1031/852 2074/1040/855 1946/1033/678
f 2051/1041/682 1946/1033/678 2074/1040/855
f 1951/1042/685 2108/1043/856 1952/1027/662
f 2114/1029/850 1952/1027/662 2108/1043/856
f 2075/1044/857 2076/1045/858 2052/1046/818
f 2031/1047/812 2052/1046/818 2076/1045/858
f 2074/1040/855 2075/1044/857 2051/1041/682
f 2052/1046/818 2051/1041/682 2075/1044/857
f 2076/1045/858 2098/1048/859 2031/1047/812
f 2069/1049/826 2031/1047/812 2098/1048/859
f 2100/1050/860 2101/1051/861 2057/1052/827
f 2058/1053/829 2057/1052/827 2101/1051/861
f 1951/1042/685 2078/1054/828 2108/1043/856
f 2102/1055/862 2108/1043/856 2078/1054/828
f 2103/1056/863 2102/1055/862 2077/1057/831
f 2078/1054/828 2077/1057/831 2102/1055/862
f 2059/1058/830 2058/1053/829 2079/1059/864
f 2101/1051/861 2079/1059/864 2058/1053/829
f 2080/1060/865 2103/1056/863 2061/1061/833
f 2077/1057/831 2061/1061/833 2103/1056/863
f 2081/1062/832 2059/1058/830 2104/1063/866
f 2079/1059/864 2104/1063/866 2059/1058/830
f 2083/1064/867 2080/1060/865 2062/1065/835
f 2061/1061/833 2062/1065/835 2080/1060/865
f 2060/1066/834 2081/1062/832 2084/1067/868
f 2104/1063/866 2084/1067/868 2081/1062/832
f 2092/1068/869 2083/1064/867 2082/1069/837
f 2062/1065/835 2082/1069/837 2083/1064/867
f 2063/1070/836 2060/1066/834 2088/1071/870
f 2084/1067/868 2088/1071/870 2060/1066/834
f 2085/1072/871 2086/1041/840 2105/1073/872
f 2087/1074/839 2105/1073/872 2086/1041/840
f 2063/1070/836 2088/1071/870 2089/1075/838
f 2599/1076/873 2089/1075/838 2088/1071/870
f 2553/1075/841 2064/1077/842 2090/1076/874
f 2350/1078/875 2090/1076/874 2064/1077/842
f 2094/1079/843 2091/1080/876 2068/1081/844
f 2111/1082/877 2068/1081/844 2091/1080/876
f 2085/1072/871 2092/1068/869 2086/1041/840
f 2082/1069/837 2086/1041/840 2092/1068/869
f 2112/1083/878 2350/1078/875 2095/1084/847
f 2064/1077/842 2095/1084/847 2350/1078/875
f 2113/1028/849 2093/1085/879 2070/1026/661
f 1939/1086/659 2070/1026/661 2093/1085/879
f 1939/1086/659 2093/1085/879 2094/1079/843
f 2091/1080/876 2094/1079/843 2093/1085/879
f 2095/1084/847 2068/1081/844 2112/1083/878
f 2111/1082/877 2112/1083/878 2068/1081/844
f 2097/1087/848 2069/1049/826 2096/1088/880
f 2098/1048/859 2096/1088/880 2069/1049/826
f 2096/1088/880 2100/1050/860 2097/1087/848
f 2057/1052/827 2097/1087/848 2100/1050/860
f 2119/1089/881 2098/1090/859 2099/1091/882
f 2076/1092/858 2099/1091/882 2098/1090/859
f 2100/1093/860 2108/1094/856 2101/1095/861
f 2102/1096/862 2101/1095/861 2108/1094/856
f 2101/1095/861 2102/1096/862 2079/1097/864
f 2103/1098/863 2079/1097/864 2102/1096/862
f 2079/1097/864 2103/1098/863 2104/1099/866
f 2080/1100/865 2104/1099/866 2103/1098/863
f 2104/1099/866 2080/1100/865 2084/1101/868
f 2083/1102/867 2084/1101/868 2080/1100/865
f 2105/1103/872 2599/1104/873 2085/1105/871
f 2088/1106/870 2085/1105/871 2599/1104/873
f 2083/1102/867 2092/1107/869 2084/1101/868
f 2088/1106/870 2084/1101/868 2092/1107/869
f 2085/1105/871 2088/1106/870 2092/1107/869
f 2099/1091/882 2076/1092/858 2116/1108/883
f 2075/1109/857 2116/1108/883 2076/1092/858
f 2116/1108/883 2073/1110/852 2107/1111/854
f 2106/1112/851 2107/1111/854 2073/1110/852
f 2073/1110/852 2116/1108/883 2074/1113/855
f 2074/1113/855 2116/1108/883 2075/1109/857
f 2109/1114/884 2096/1115/880 2119/1089/881
f 2098/1090/859 2119/1089/881 2096/1115/880
f 2096/1115/880 2109/1114/884 2100/1093/860
f 2118/1116/885 2108/1094/856 2109/1114/884
f 2100/1093/860 2109/1114/884 2108/1094/856
f 2352/1117/886 2091/1118/876 2110/1119/887
f 2093/1120/879 2110/1119/887 2091/1118/876
f 2091/1118/876 2352/1117/886 2111/1121/877
f 2111/1121/877 2352/1117/886 2112/1122/878
f 2351/1123/888 2350/1124/875 2352/1117/886
f 2112/1122/878 2352/1117/886 2350/1124/875
f 2114/1125/850 2110/1119/887 2113/1126/849
f 2093/1120/879 2113/1126/849 2110/1119/887
f 2117/1127/889 2114/1128/850 2118/1116/885
f 2108/1094/856 2118/1116/885 2114/1128/850
f 2099/1129/882 2116/1130/883 2119/1131/881
f 2107/1132/854 2612/1133/853 2116/1130/883
f 2115/1134/890 2117/1135/889 2612/1133/853
f 2612/1133/853 2117/1135/889 2116/1130/883
f 2117/1135/889 2118/1136/885 2116/1130/883
f 2116/1130/883 2118/1136/885 2119/1131/881
f 2118/1136/885 2109/1137/884 2119/1131/881
f 2615/1138/891 2126/1139/892 2613/733/629
f 2120/734/630 2613/733/629 2126/1139/892
f 2259/1140/750 2121/1141/893 1962/804/699
f 2122/1142/894 1962/804/699 2121/1141/893
f 2126/1143/895 2123/1144/896 1897/1145/601
f 2123/1144/896 2126/1146/895 2125/1147/897
f 2615/1148/898 2125/1147/897 2126/1146/895
f 2616/1149/899 2121/1150/900 2124/1151/901
f 2259/1152/902 2124/1151/901 2121/1150/900
f 2129/1153/749 2124/1151/901 2259/1154/902
f 2123/1144/896 2125/1147/897 2124/1151/901
f 2616/1149/899 2124/1151/901 2125/1147/897
f 1899/708/604 2120/734/630 2127/704/600
f 2120/734/630 2126/1139/892 2127/704/600
f 2126/1139/892 1897/705/601 2127/704/600
f 2128/706/602 2129/860/749 2127/704/600
f 2124/1151/901 2129/1153/749 2123/1144/896
f 2129/1153/749 2128/1155/602 2123/1144/896
f 2128/1155/602 1897/1145/601 2123/1144/896
f 2157/1156/903 2130/1157/904 2147/1158/905
f 2148/1159/906 2147/1158/905 2130/1157/904
f 2130/1157/904 2156/1160/907 2148/1159/906
f 2133/1161/908 2148/1159/906 2156/1160/907
f 2156/1160/907 2131/1162/909 2133/1161/908
f 2132/1163/910 2133/1161/908 2131/1162/909
f 2149/1164/911 2344/1165/912 2146/1166/913
f 2141/1167/914 2146/1166/913 2344/1165/912
f 2135/1168/915 2134/1169/916 2149/1164/911
f 2344/1165/912 2149/1164/911 2134/1169/916
f 2136/1170/917 2346/1171/918 2135/1168/915
f 2134/1169/916 2135/1168/915 2346/1171/918
f 2138/1172/919 2348/1173/920 2137/1174/921
f 2347/1175/922 2137/1174/921 2348/1173/920
f 2140/1176/923 2139/1177/924 2138/1172/919
f 2348/1173/920 2138/1172/919 2139/1177/924
f 2146/1166/913 2141/1167/914 2140/1176/923
f 2139/1177/924 2140/1176/923 2141/1167/914
f 2343/1178/925 2144/1179/926 2142/1180/927
f 2342/1181/928 2144/1179/926 2343/1178/925
f 2345/1182/929 2144/1179/926 2342/1181/928
f 2349/1183/930 2144/1179/926 2143/1184/931
f 2145/1185/932 2144/1179/926 2349/1183/930
f 2142/1180/927 2144/1179/926 2145/1185/932
f 2147/1158/905 2148/1159/906 2146/1166/913
f 2149/1164/911 2146/1166/913 2148/1159/906
f 2148/1159/906 2133/1161/908 2149/1164/911
f 2135/1168/915 2149/1164/911 2133/1161/908
f 2133/1161/908 2132/1163/910 2135/1168/915
f 2136/1170/917 2135/1168/915 2132/1163/910
f 2150/1186/933 2151/1187/934 2137/1174/921
f 2138/1172/919 2137/1174/921 2151/1187/934
f 2151/1187/934 2152/1188/935 2138/1172/919
f 2140/1176/923 2138/1172/919 2152/1188/935
f 2152/1188/935 2147/1158/905 2140/1176/923
f 2146/1166/913 2140/1176/923 2147/1158/905
f 2154/1189/936 2151/1187/934 2155/1190/937
f 2150/1186/933 2155/1190/937 2151/1187/934
f 2153/1191/938 2152/1188/935 2154/1189/936
f 2151/1187/934 2154/1189/936 2152/1188/935
f 2153/1191/938 2157/1156/903 2152/1188/935
f 2147/1158/905 2152/1188/935 2157/1156/903
f 2153/1192/938 2154/1193/936 2157/1194/903
f 2131/1195/909 2156/1196/907 2155/1197/937
f 2155/1197/937 2156/1196/907 2154/1193/936
f 2154/1193/936 2156/1196/907 2157/1194/903
f 2156/1196/907 2130/1198/904 2157/1194/903
f 2010/907/778 2043/908/779 2045/914/785
f 2065/910/781 2158/919/790 2043/908/779
f 2160/923/793 1963/924/703 2159/925/794
f 2014/929/795 2159/1199/794 2162/927/796
f 2015/928/797 2162/927/796 2161/930/705
f 2163/868/757 2179/851/743 2178/850/742
f 2007/867/756 2181/853/745 1990/852/744
f 1963/808/703 2164/809/704 2159/1200/794
f 2165/1201/939 2159/1200/794 2164/809/704
f 2159/1200/794 2165/1201/939 2162/1202/796
f 2168/1203/940 2162/1202/796 2165/1201/939
f 2162/1202/796 2168/1203/940 2161/810/705
f 2167/811/706 2161/810/705 2168/1203/940
f 2169/1204/941 2165/1201/939 2166/1205/942
f 2214/816/711 2166/1205/942 2165/1201/939
f 2170/824/717 2167/811/706 2171/1206/943
f 2168/1203/940 2171/1206/943 2167/811/706
f 2171/1206/943 2168/1203/940 2169/1204/941
f 2165/1201/939 2169/1204/941 2168/1203/940
f 2173/1207/944 2169/1204/941 1968/827/720
f 2209/825/718 1968/827/720 2169/1204/941
f 1973/831/723 2170/824/717 2172/1208/945
f 2171/1206/943 2172/1208/945 2170/824/717
f 2172/1208/945 2171/1206/943 2173/1207/944
f 2169/1204/941 2173/1207/944 2171/1206/943
f 2174/843/735 2173/1207/944 1975/833/725
f 1968/827/720 1975/833/725 2173/1207/944
f 1980/835/727 1973/831/723 2182/1209/946
f 2172/1208/945 2182/1209/946 1973/831/723
f 2182/1209/946 2172/1208/945 2174/843/735
f 2173/1207/944 2174/843/735 2172/1208/945
f 2175/841/733 2174/843/735 2176/836/728
f 1975/833/725 2176/836/728 2174/843/735
f 2177/840/732 1980/835/727 2182/1209/946
f 2176/836/728 2178/850/742 2175/841/733
f 2179/851/743 2175/841/733 2178/850/742
f 2180/842/734 1990/852/744 2177/840/732
f 2181/853/745 2177/840/732 1990/852/744
f 2182/1209/946 2174/843/735 2177/840/732
f 2180/842/734 2177/840/732 2174/843/735
f 2190/1210/947 2183/1211/948 2207/1212/949
f 2195/1213/950 2207/1212/949 2183/1211/948
f 2207/1212/949 2195/1213/950 2185/1214/951
f 2184/1215/952 2185/1214/951 2195/1213/950
f 2185/1214/951 2184/1215/952 2186/1216/953
f 2198/1217/954 2186/1216/953 2184/1215/952
f 2186/1216/953 2198/1217/954 2187/1218/955
f 2188/1219/956 2187/1218/955 2198/1217/954
f 2189/1220/957 2199/1221/958 2190/1210/947
f 2183/1211/948 2190/1210/947 2199/1221/958
f 2192/1222/959 2191/1223/960 2201/1224/961
f 2206/1225/962 2191/1223/960 2192/1222/959
f 2203/1226/963 2191/1223/960 2193/1227/964
f 2202/1228/965 2191/1223/960 2203/1226/963
f 2201/1224/961 2191/1223/960 2202/1228/965
f 2200/1229/966 2194/1230/967 2183/1211/948
f 2195/1213/950 2183/1211/948 2194/1230/967
f 2194/1230/967 2196/1231/968 2195/1213/950
f 2184/1215/952 2195/1213/950 2196/1231/968
f 2196/1231/968 2197/1232/969 2184/1215/952
f 2198/1217/954 2184/1215/952 2197/1232/969
f 2197/1232/969 2204/1233/970 2198/1217/954
f 2188/1219/956 2198/1217/954 2204/1233/970
f 2205/1234/971 2200/1229/966 2199/1221/958
f 2183/1211/948 2199/1221/958 2200/1229/966
f 2192/1235/959 2201/1224/961 2200/1229/966
f 2194/1230/967 2200/1229/966 2201/1224/961
f 2201/1224/961 2202/1228/965 2194/1230/967
f 2196/1231/968 2194/1230/967 2202/1228/965
f 2202/1228/965 2203/1226/963 2196/1231/968
f 2197/1232/969 2196/1231/968 2203/1226/963
f 2203/1226/963 2193/1227/964 2197/1232/969
f 2204/1233/970 2197/1232/969 2193/1227/964
f 2206/1236/962 2192/1235/959 2205/1234/971
f 2200/1229/966 2205/1234/971 2192/1235/959
f 2207/1212/949 2208/1237/972 2190/1238/947
f 2185/1214/951 2208/1237/972 2207/1212/949
f 2186/1216/953 2208/1237/972 2185/1214/951
f 2187/1218/955 2208/1237/972 2186/1216/953
f 2190/1238/947 2208/1237/972 2189/1239/957
f 2209/825/718 2166/1205/942 2242/1240/973
f 2164/809/704 2214/816/711 2165/1201/939
f 2209/825/718 2169/1204/941 2166/1205/942
f 2242/1241/973 2166/1242/942 2210/1243/974
f 2166/1242/942 2213/1244/975 2210/1243/974
f 2213/1244/975 2212/880/976 2210/1243/974
f 2214/881/711 2213/1244/975 2166/1242/942
f 2261/1245/713 2212/1246/976 2211/1247/712
f 2212/1246/976 2213/1248/975 2211/1247/712
f 2213/1248/975 2214/1249/711 2211/1247/712
f 2210/1243/974 2212/880/976 2261/1250/713
f 2215/1251/977 2221/1252/978 2217/1253/979
f 2218/1254/980 2217/1253/979 2221/1252/978
f 2216/1255/981 2218/1254/980 2220/1256/982
f 2221/1252/978 2220/1256/982 2218/1254/980
f 2219/1257/983 2217/1253/979 2216/1255/981
f 2218/1254/980 2216/1255/981 2217/1253/979
f 2219/1257/983 2222/1258/984 2217/1253/979
f 2215/1251/977 2217/1253/979 2222/1258/984
f 2220/1256/982 2221/1252/978 2222/1258/984
f 2215/1251/977 2222/1258/984 2221/1252/978
f 2210/1259/974 2260/1260/985 1969/826/719
f 2241/1261/986 2264/1262/987 1982/846/738
f 2248/863/752 1982/846/738 2264/1262/987
f 1982/846/738 1995/847/739 2241/1261/986
f 1994/874/761 2241/1261/986 1995/847/739
f 1994/874/761 2252/1263/988 2241/1261/986
f 1993/848/740 2227/839/731 2252/1264/988
f 2281/1265/989 2329/1266/990 2223/1267/991
f 2236/1268/992 2234/1269/993 2223/1267/991
f 2281/1265/989 2223/1267/991 2234/1269/993
f 2270/1270/994 2224/1271/995 2234/1272/993
f 2253/1273/996 2234/1272/993 2224/1271/995
f 2225/1274/997 2224/1271/995 2226/1275/998
f 2225/1276/997 2226/1277/998 2235/1278/999
f 2334/1279/1000 2228/1280/1001 2227/1281/731
f 2251/1282/1002 2227/1281/731 2228/1280/1001
f 2263/1283/1003 2229/1284/1004 2230/1285/1005
f 2315/1286/1006 2230/1285/1005 2229/1284/1004
f 2224/1287/995 2230/1288/1005 2235/1289/999
f 2315/1290/1006 2235/1289/999 2230/1288/1005
f 2235/1291/999 2226/1292/998 2224/1293/995
f 2240/1294/1007 2333/1295/1008 2271/1296/1009
f 2232/1297/1010 2271/1296/1009 2333/1295/1008
f 2231/1298/1011 2239/1299/1012 2333/1300/1008
f 2232/1301/1010 2333/1300/1008 2239/1299/1012
f 2315/1302/1006 2281/1265/989 2235/1278/999
f 2334/1279/1000 1977/1303/730 2229/1304/1004
f 2227/1281/731 1977/1303/730 2334/1279/1000
f 2239/1299/1012 2262/1305/721 1969/1306/719
f 2243/1307/1013 2244/1308/1014 2233/1309/1015
f 2282/1310/1016 2233/1309/1015 2244/1308/1014
f 2281/1265/989 2234/1269/993 2235/1278/999
f 2253/1311/996 2235/1278/999 2234/1269/993
f 2270/1270/994 2234/1272/993 2330/1312/1017
f 2236/1313/992 2330/1312/1017 2234/1272/993
f 2330/1312/1017 2237/1314/1018 2270/1270/994
f 2265/1315/1019 2264/1262/987 2238/1316/1020
f 2241/1261/986 2238/1316/1020 2264/1262/987
f 2238/1316/1020 2263/1317/1003 2265/1315/1019
f 2232/1297/1010 2258/1318/1021 2271/1296/1009
f 2233/1309/1015 2271/1296/1009 2258/1318/1021
f 2232/1301/1010 2239/1299/1012 2258/1319/1021
f 2257/1320/1022 2258/1319/1021 2239/1299/1012
f 2231/1298/1011 2329/1266/990 2239/1299/1012
f 2240/1294/1007 2271/1296/1009 2237/1314/1018
f 2257/1320/1022 2239/1299/1012 1969/1306/719
f 2228/1321/1001 2238/1316/1020 2241/1261/986
f 1969/826/719 2209/825/718 2242/1240/973
f 1993/848/740 2252/1264/988 1994/872/761
f 2318/802/697 3362/801/696 2243/1307/1013
f 3362/801/696 2311/1322/1023 2243/1307/1013
f 2311/1322/1023 2244/1308/1014 2243/1307/1013
f 2246/947/748 2250/1323/1024 2245/945/811
f 2250/1324/1024 2246/859/748 2259/861/750
f 2251/1325/1002 2228/1321/1001 2241/1261/986
f 2248/863/752 2295/1326/1025 2293/1327/1026
f 2291/805/700 2799/1328/1027 2247/1329/1028
f 2314/1330/1029 2247/1329/1028 2799/1328/1027
f 2293/1327/1026 2247/1329/1028 2248/863/752
f 1986/862/751 2248/863/752 2247/1329/1028
f 2264/1262/987 2295/1326/1025 2248/863/752
f 2249/1331/1030 2295/1326/1025 2264/1262/987
f 2242/1240/973 2210/1259/974 1969/826/719
f 2323/1332/1031 2325/1333/1032 2250/1323/1024
f 2245/945/811 2250/1323/1024 2325/1333/1032
f 2252/1334/988 2227/1281/731 2251/1282/1002
f 2252/1263/988 2251/1325/1002 2241/1261/986
f 2253/1311/996 2225/1276/997 2235/1278/999
f 2253/1273/996 2224/1271/995 2225/1274/997
f 2292/1335/1033 2254/1336/1034 2256/1337/1035
f 2255/1338/1036 2256/1337/1035 2254/1336/1034
f 2289/1339/1037 2254/1336/1034 2269/1340/1038
f 2254/1336/1034 2292/1335/1033 2269/1340/1038
f 2292/1335/1033 2294/1341/1039 2269/1340/1038
f 2260/1342/985 2258/1319/1021 2257/1320/1022
f 2260/1342/985 2257/1320/1022 1969/1306/719
f 2273/1343/1040 2233/1309/1015 2258/1318/1021
f 1962/804/699 2250/1323/1024 2259/1140/750
f 2328/1344/1041 2273/1343/1040 2260/1345/985
f 2261/818/713 1967/820/715 2210/1259/974
f 2328/1346/1041 2210/1259/974 1967/820/715
f 2318/802/697 2250/1323/1024 1962/804/699
f 2281/1265/989 2280/1347/1042 2329/1266/990
f 2262/828/721 2277/832/724 1968/827/720
f 1977/838/730 1975/833/725 2277/832/724
f 2263/1317/1003 2230/1348/1005 2265/1315/1019
f 2270/1270/994 2265/1315/1019 2230/1348/1005
f 2264/1262/987 2297/1349/1043 2249/1331/1030
f 2224/1271/995 2270/1270/994 2230/1348/1005
f 2305/1350/1044 2271/1296/1009 2274/1351/1045
f 2282/1310/1016 2274/1351/1045 2271/1296/1009
f 2244/1308/1014 3375/1352/1046 2308/1353/1047
f 2244/1308/1014 2311/1322/1023 3375/1352/1046
f 3364/1354/1048 2265/1315/1019 2302/1355/1049
f 2270/1270/994 2302/1355/1049 2265/1315/1019
f 2296/1356/1050 2298/1357/1051 2313/1358/1052
f 2298/1357/1051 2266/1359/1053 2313/1358/1052
f 2266/1359/1053 2267/1360/1054 2313/1358/1052
f 2267/1360/1054 2301/1361/1055 2313/1358/1052
f 2301/1361/1055 2268/1362/1056 2313/1358/1052
f 2304/1363/1057 2303/1364/1058 2268/1362/1056
f 2268/1362/1056 2303/1364/1058 2313/1358/1052
f 2310/1365/1059 2309/1366/1060 2306/1367/1061
f 2312/1368/1062 2289/1339/1037 2309/1366/1060
f 2269/1340/1038 2296/1356/1050 2289/1339/1037
f 2296/1356/1050 2313/1358/1052 2289/1339/1037
f 2289/1339/1037 2313/1358/1052 2309/1366/1060
f 2309/1366/1060 2313/1358/1052 2306/1367/1061
f 2237/1314/1018 2302/1355/1049 2270/1270/994
f 2297/1349/1043 2264/1262/987 2272/1369/1063
f 2265/1315/1019 2272/1369/1063 2264/1262/987
f 2302/1355/1049 2237/1314/1018 2305/1350/1044
f 2237/1314/1018 2271/1296/1009 2305/1350/1044
f 2272/1369/1063 2265/1315/1019 2299/1370/1064
f 2299/1370/1064 2265/1315/1019 2300/1371/1065
f 2300/1371/1065 2265/1315/1019 3364/1354/1048
f 2318/802/697 2243/1307/1013 2273/1343/1040
f 2243/1307/1013 2233/1309/1015 2273/1343/1040
f 2260/1345/985 2273/1343/1040 2258/1318/1021
f 1981/844/736 1982/846/738 1986/862/751
f 2800/1372/1066 1981/844/736 1986/862/751
f 2305/1350/1044 2274/1351/1045 2286/1373/1067
f 2284/1374/1068 3361/1375/1069 2283/1376/1070
f 2286/1377/1067 2283/1376/1070 3361/1375/1069
f 2284/1374/1068 2275/1378/1071 3361/1375/1069
f 2271/1296/1009 2233/1309/1015 2282/1310/1016
f 2276/1379/1072 2277/1380/724 2278/1381/1073
f 2262/1305/721 2278/1381/1073 2277/1380/724
f 2239/1299/1012 2329/1266/990 2279/1382/1074
f 2280/1347/1042 2277/1380/724 2276/1379/1072
f 2329/1266/990 2280/1347/1042 2279/1382/1074
f 2262/1305/721 2239/1299/1012 2278/1381/1073
f 2279/1382/1074 2278/1381/1073 2239/1299/1012
f 2277/1380/724 2280/1347/1042 1977/1303/730
f 1977/1303/730 2280/1347/1042 2281/1265/989
f 2285/1383/1075 2282/1310/1016 2308/1353/1047
f 2244/1308/1014 2308/1353/1047 2282/1310/1016
f 2307/1384/1076 2285/1383/1075 2308/1353/1047
f 2285/1383/1075 2274/1351/1045 2282/1310/1016
f 2283/1385/1070 2274/1386/1045 2284/1387/1068
f 2285/1388/1075 2284/1387/1068 2274/1386/1045
f 2284/1387/1068 2285/1388/1075 2275/1389/1071
f 2307/1390/1076 2275/1389/1071 2285/1388/1075
f 2274/1386/1045 2283/1385/1070 2286/1391/1067
f 2287/1392/1077 2288/1393/1078 2276/1375/1072
f 2280/1394/1042 2276/1375/1072 2288/1393/1078
f 2278/1395/1073 2287/1396/1077 2276/1397/1072
f 2287/1381/1077 2278/1381/1073 2288/1382/1078
f 2279/1382/1074 2288/1382/1078 2278/1381/1073
f 2280/1347/1042 2288/1382/1078 2279/1382/1074
f 2289/1398/1037 3362/1399/696 2254/1400/1034
f 2290/1401/698 2254/1400/1034 3362/1399/696
f 2254/1400/1034 2290/1401/698 2255/1402/1036
f 2291/1403/700 2255/1402/1036 2290/1401/698
f 2255/1402/1036 2291/1403/700 2256/1404/1035
f 2247/1405/1028 2256/1404/1035 2291/1403/700
f 2256/1404/1035 2247/1405/1028 2292/1406/1033
f 2293/1407/1026 2292/1406/1033 2247/1405/1028
f 2292/1406/1033 2293/1407/1026 2294/1408/1039
f 2295/1409/1025 2294/1408/1039 2293/1407/1026
f 2294/1408/1039 2295/1409/1025 2269/1410/1038
f 2249/1411/900 2269/1410/1038 2295/1409/1025
f 2269/1410/1038 2249/1411/900 2296/1412/1050
f 2297/1413/1079 2296/1412/1050 2249/1411/900
f 2296/1414/1050 2297/1415/1079 2298/1416/1051
f 2272/1417/1080 2298/1416/1051 2297/1415/1079
f 2298/1416/1051 2272/1417/1080 2266/1418/1053
f 2299/1419/1081 2266/1418/1053 2272/1417/1080
f 2266/1418/1053 2299/1419/1081 2267/1420/1054
f 2300/1421/1082 2267/1420/1054 2299/1419/1081
f 2267/1420/1054 2300/1421/1082 2301/1422/1055
f 3364/1423/1083 2301/1422/1055 2300/1421/1082
f 2301/1422/1055 3364/1423/1083 2268/1424/1056
f 2302/1425/1084 2268/1424/1056 3364/1423/1083
f 2268/1424/1056 2302/1425/1084 2304/1426/1057
f 2305/1427/1085 2304/1426/1057 2302/1425/1084
f 2304/1426/1057 2305/1427/1085 2303/1428/1058
f 2286/1429/1086 2303/1428/1058 2305/1427/1085
f 2303/1428/1058 2286/1429/1086 2313/1430/1052
f 3361/1431/1069 2313/1430/1052 2286/1429/1086
f 2306/1432/1061 2275/1433/1071 2310/1434/1059
f 2275/1433/1071 2307/1435/1076 2310/1434/1059
f 2307/1435/1076 2308/1436/1087 2310/1434/1059
f 2310/1434/1059 2308/1436/1087 2309/1437/1060
f 3375/1438/1088 2309/1437/1060 2308/1436/1087
f 2309/1437/1060 3375/1438/1088 2312/1439/1062
f 2311/1440/1089 2312/1439/1062 3375/1438/1088
f 2312/1439/1062 2311/1440/1089 2289/1398/1037
f 3362/1399/696 2289/1398/1037 2311/1440/1089
f 3361/1431/1069 2275/1433/1071 2313/1430/1052
f 2306/1432/1061 2313/1430/1052 2275/1433/1071
f 2122/1142/894 2291/805/700 1962/804/699
f 2799/1328/1027 2291/805/700 2122/1142/894
f 2314/1330/1029 2800/1372/1066 2247/1329/1028
f 1986/862/751 2247/1329/1028 2800/1372/1066
f 2281/1265/989 2315/1302/1006 1977/1303/730
f 2229/1304/1004 1977/1303/730 2315/1302/1006
f 2030/1441/810 2017/943/800 2027/964/816
f 2110/1442/887 2114/1443/850 2316/1444/1090
f 2114/1443/850 2117/1445/889 2316/1444/1090
f 2117/1445/889 2115/1446/890 2316/1444/1090
f 2322/1447/1091 1967/1448/715 2339/1449/1092
f 2317/1450/714 2339/1449/1092 1967/1448/715
f 2337/1451/806 2336/1452/1093 2021/814/709
f 2336/1452/1093 2317/819/714 2021/814/709
f 2317/819/714 1966/815/710 2021/814/709
f 2326/1453/1094 2250/1323/1024 2318/802/697
f 2319/1454/817 2335/1455/1095 2038/946/802
f 2019/1456/804 2038/946/802 2335/1455/1095
f 2327/1457/1096 2328/1344/1041 2322/1447/1091
f 1967/1448/715 2322/1447/1091 2328/1344/1041
f 2320/1458/1097 2340/1459/1098 2339/1333/1092
f 2322/1332/1091 2339/1333/1092 2340/1459/1098
f 2338/1460/1099 2321/1461/1100 2339/1333/1092
f 2320/1458/1097 2339/1333/1092 2321/1461/1100
f 2323/1447/1031 2341/1462/1101 2340/1459/1098
f 2341/1462/1101 2327/1453/1096 2322/1332/1091
f 2323/1447/1031 2340/1459/1098 2325/1449/1032
f 2320/1458/1097 2325/1449/1032 2340/1459/1098
f 2319/1454/817 2245/945/811 2324/1460/1102
f 2325/1333/1032 2324/1460/1102 2245/945/811
f 2323/1332/1031 2250/1323/1024 2326/1453/1094
f 2326/1453/1094 2318/802/697 2327/1457/1096
f 2273/1343/1040 2327/1457/1096 2318/802/697
f 2273/1343/1040 2328/1344/1041 2327/1457/1096
f 2260/1260/985 2210/1259/974 2328/1346/1041
f 2331/1463/1103 2223/1267/991 2332/1464/1104
f 2329/1266/990 2332/1464/1104 2223/1267/991
f 2331/1465/1103 2332/1466/1104 2330/1312/1017
f 2237/1314/1018 2330/1312/1017 2332/1466/1104
f 2329/1266/990 2231/1298/1011 2332/1464/1104
f 2333/1300/1008 2332/1464/1104 2231/1298/1011
f 2332/1464/1104 2333/1300/1008 2237/1266/1018
f 2240/1298/1007 2237/1266/1018 2333/1300/1008
f 2331/1463/1103 2236/1268/992 2223/1267/991
f 2330/1267/1017 2236/1268/992 2331/1463/1103
f 2263/1283/1003 2238/1467/1020 2229/1284/1004
f 2334/1468/1000 2229/1284/1004 2238/1467/1020
f 2228/1469/1001 2334/1468/1000 2238/1467/1020
f 2327/1453/1096 2341/1462/1101 2326/1457/1094
f 2335/1455/1095 2321/1461/1100 2338/1460/1099
f 2335/1455/1095 2319/1454/817 2324/1460/1102
f 2337/1470/806 2019/1456/804 2336/1471/1093
f 2335/1455/1095 2336/1471/1093 2019/1456/804
f 2338/1472/1099 2336/1471/1093 2335/1455/1095
f 2336/1471/1093 2338/1472/1099 2317/1450/714
f 2339/1449/1092 2317/1450/714 2338/1472/1099
f 2326/1457/1094 2341/1462/1101 2323/1447/1031
f 2340/1459/1098 2341/1462/1101 2322/1332/1091
f 2320/1458/1097 2321/1461/1100 2325/1449/1032
f 2324/1472/1102 2325/1449/1032 2321/1461/1100
f 2335/1455/1095 2324/1472/1102 2321/1461/1100
f 2343/1178/925 2142/1180/927 2344/1165/912
f 2141/1167/914 2344/1165/912 2142/1180/927
f 2342/1181/928 2343/1178/925 2134/1169/916
f 2344/1165/912 2134/1169/916 2343/1178/925
f 2345/1182/929 2342/1181/928 2346/1171/918
f 2134/1169/916 2346/1171/918 2342/1181/928
f 2349/1183/930 2143/1184/931 2348/1173/920
f 2347/1175/922 2348/1173/920 2143/1184/931
f 2145/1185/932 2349/1183/930 2139/1177/924
f 2348/1173/920 2139/1177/924 2349/1183/930
f 2142/1180/927 2145/1185/932 2141/1167/914
f 2139/1177/924 2141/1167/914 2145/1185/932
f 2090/1473/874 2350/1124/875 2834/1474/1105
f 2351/1123/888 2834/1474/1105 2350/1124/875
f 2352/1475/886 2110/1442/887 2351/1476/888
f 2110/1442/887 2316/1444/1090 2351/1476/888
f 2316/1444/1090 2834/1477/1105 2351/1476/888
f 2355/1478/1106 2353/1479/1107 2354/1480/1108
f 2359/1481/1109 2354/1480/1108 2353/1479/1107
f 2356/1482/1110 2360/1483/1111 2355/1478/1106
f 2353/1479/1107 2355/1478/1106 2360/1483/1111
f 2358/1484/1112 2361/1485/1113 2356/1482/1110
f 2360/1483/1111 2356/1482/1110 2361/1485/1113
f 2357/1486/1114 2363/1487/1115 2358/1484/1112
f 2361/1485/1113 2358/1484/1112 2363/1487/1115
f 2353/1479/1107 2365/1488/1116 2359/1481/1109
f 2364/1489/1117 2359/1481/1109 2365/1488/1116
f 2360/1483/1111 2366/1490/1118 2353/1479/1107
f 2365/1488/1116 2353/1479/1107 2366/1490/1118
f 2361/1485/1113 2362/1491/1119 2360/1483/1111
f 2366/1490/1118 2360/1483/1111 2362/1491/1119
f 2363/1487/1115 2364/1492/1117 2361/1485/1113
f 2362/1491/1119 2361/1485/1113 2364/1492/1117
f 2365/1488/1116 2366/1490/1118 2364/1493/1117
f 2366/1490/1118 2362/1494/1119 2364/1493/1117
f 2367/1495/1120 2368/1496/1121 2354/1480/1108
f 2355/1478/1106 2354/1480/1108 2368/1496/1121
f 2368/1496/1121 2369/1497/1122 2355/1478/1106
f 2356/1482/1110 2355/1478/1106 2369/1497/1122
f 2370/1498/1123 2358/1484/1112 2369/1497/1122
f 2356/1482/1110 2369/1497/1122 2358/1484/1112
f 2371/1499/1124 2357/1486/1114 2370/1498/1123
f 2358/1484/1112 2370/1498/1123 2357/1486/1114
f 2369/1500/1122 2368/1496/1121 2370/1501/1123
f 2368/1496/1121 2367/1495/1120 2370/1501/1123
f 2367/1495/1120 2371/1502/1124 2370/1501/1123
f 2372/760/656 2857/1503/1125 1937/761/657
f 2373/763/658 1937/761/657 2857/1503/1125
f 2055/1504/809 2030/1441/810 2027/964/816
f 1945/1032/677 2071/1505/679 2106/1030/851
f 2385/1478/1106 2380/1479/1107 2386/1480/1108
f 2374/1481/1109 2386/1480/1108 2380/1479/1107
f 2376/1482/1110 2375/1483/1111 2385/1478/1106
f 2380/1479/1107 2385/1478/1106 2375/1483/1111
f 2387/1484/1112 2382/1485/1113 2376/1482/1110
f 2375/1483/1111 2376/1482/1110 2382/1485/1113
f 2388/1486/1126 2383/1487/1115 2387/1484/1112
f 2382/1485/1113 2387/1484/1112 2383/1487/1115
f 2380/1479/1107 2379/1488/1116 2374/1481/1109
f 2377/1489/1117 2374/1481/1109 2379/1488/1116
f 2375/1483/1111 2378/1490/1118 2380/1479/1107
f 2379/1488/1116 2380/1479/1107 2378/1490/1118
f 2382/1485/1113 2381/1491/1119 2375/1483/1111
f 2378/1490/1118 2375/1483/1111 2381/1491/1119
f 2383/1487/1115 2377/1492/1117 2382/1485/1113
f 2381/1491/1119 2382/1485/1113 2377/1492/1117
f 2379/1488/1116 2378/1490/1118 2377/1493/1117
f 2378/1490/1118 2381/1494/1119 2377/1493/1117
f 2391/1495/1120 2384/1496/1121 2386/1480/1108
f 2385/1478/1106 2386/1480/1108 2384/1496/1121
f 2384/1496/1121 2390/1497/1127 2385/1478/1106
f 2376/1482/1110 2385/1478/1106 2390/1497/1127
f 2389/1498/1123 2387/1484/1112 2390/1497/1127
f 2376/1482/1110 2390/1497/1127 2387/1484/1112
f 2392/1499/1124 2388/1486/1126 2389/1498/1123
f 2387/1484/1112 2389/1498/1123 2388/1486/1126
f 2390/1500/1127 2384/1496/1121 2389/1501/1123
f 2384/1496/1121 2391/1495/1120 2389/1501/1123
f 2391/1495/1120 2392/1502/1124 2389/1501/1123
f 3248/1506/1128 2475/1507/1129 2619/1508/1130
f 2516/1509/1131 2393/1510/1132 2404/1511/1133
f 2475/1507/1129 2404/1511/1133 2393/1510/1132
f 1901/1512/609 3475/1513/1134 3480/1514/608
f 3477/1515/1135 3480/1514/608 3475/1513/1134
f 2421/1516/1136 2410/1517/1137 2399/1518/1138
f 2401/1519/1139 2399/1518/1138 2410/1517/1137
f 2410/1517/1137 2394/1520/1140 2401/1519/1139
f 2561/1521/1141 2401/1519/1139 2394/1520/1140
f 2413/1522/1142 2395/1523/1143 2394/1520/1140
f 2561/1521/1141 2394/1520/1140 2395/1523/1143
f 2416/1524/1144 2402/1525/1145 1926/724/620
f 2396/722/618 1926/724/620 2402/1525/1145
f 2416/1524/1144 2397/1526/1146 2402/1525/1145
f 2403/1527/1147 2402/1525/1145 2397/1526/1146
f 2397/1526/1146 2419/1528/1148 2403/1527/1147
f 2398/1529/1149 2403/1527/1147 2419/1528/1148
f 2419/1528/1148 2421/1516/1136 2398/1529/1149
f 2399/1518/1138 2398/1529/1149 2421/1516/1136
f 2401/1519/1139 2400/1530/1150 2399/1518/1138
f 2547/1531/1151 2399/1518/1138 2400/1530/1150
f 2561/1521/1141 2430/1532/1152 2401/1519/1139
f 2400/1530/1150 2401/1519/1139 2430/1532/1152
f 2402/1525/1145 2614/1533/1153 2396/722/618
f 2613/733/629 2396/722/618 2614/1533/1153
f 2403/1527/1147 2404/1511/1133 2402/1525/1145
f 2614/1533/1153 2402/1525/1145 2404/1511/1133
f 2398/1529/1149 2516/1509/1131 2403/1527/1147
f 2404/1511/1133 2403/1527/1147 2516/1509/1131
f 2399/1518/1138 2547/1531/1151 2398/1529/1149
f 2516/1509/1131 2398/1529/1149 2547/1531/1151
f 2406/1534/1154 2412/1535/1155 2425/1536/1156
f 2411/1537/1157 2425/1536/1156 2412/1535/1155
f 2414/1538/1158 2412/1535/1155 2405/1539/1159
f 2406/1534/1154 2405/1539/1159 2412/1535/1155
f 2407/1540/1160 2415/1541/1161 2405/1539/1159
f 2414/1538/1158 2405/1539/1159 2415/1541/1161
f 1935/1542/640 1917/1543/639 2407/1540/1160
f 2415/1541/1161 2407/1540/1160 1917/1543/639
f 2417/1544/1162 1925/1545/642 2408/1546/1163
f 1936/1547/641 2408/1546/1163 1925/1545/642
f 2429/1548/1164 2418/1549/1165 2408/1546/1163
f 2417/1544/1162 2408/1546/1163 2418/1549/1165
f 2409/1550/1166 2420/1551/1167 2429/1548/1164
f 2418/1549/1165 2429/1548/1164 2420/1551/1167
f 2411/1537/1157 2420/1551/1167 2425/1536/1156
f 2409/1550/1166 2425/1536/1156 2420/1551/1167
f 2421/1516/1136 2411/1537/1157 2410/1517/1137
f 2412/1535/1155 2410/1517/1137 2411/1537/1157
f 2410/1517/1137 2412/1535/1155 2394/1520/1140
f 2414/1538/1158 2394/1520/1140 2412/1535/1155
f 2394/1520/1140 2414/1538/1158 2413/1522/1142
f 2415/1541/1161 2413/1522/1142 2414/1538/1158
f 2413/1522/1142 2415/1541/1161 2444/1552/649
f 1917/1543/639 2444/1552/649 2415/1541/1161
f 1926/724/620 1925/1545/642 2416/1524/1144
f 2417/1544/1162 2416/1524/1144 1925/1545/642
f 2416/1524/1144 2417/1544/1162 2397/1526/1146
f 2418/1549/1165 2397/1526/1146 2417/1544/1162
f 2397/1526/1146 2418/1549/1165 2419/1528/1148
f 2420/1551/1167 2419/1528/1148 2418/1549/1165
f 2419/1528/1148 2420/1551/1167 2421/1516/1136
f 2411/1537/1157 2421/1516/1136 2420/1551/1167
f 2426/1553/1168 2422/1554/1169 2427/1555/1170
f 2423/1556/1171 2427/1555/1170 2422/1554/1169
f 3461/1557/654 2424/1558/655 2423/1556/1171
f 2427/1555/1170 2423/1556/1171 2424/1558/655
f 2422/1554/1169 2426/1553/1168 2856/1559/1172
f 2428/1560/1173 2856/1559/1172 2426/1553/1168
f 2425/1536/1156 2426/1553/1168 2406/1534/1154
f 2426/1553/1168 2427/1555/1170 2406/1534/1154
f 2405/1539/1159 2406/1534/1154 2427/1555/1170
f 2405/1539/1159 2427/1555/1170 2407/1540/1160
f 2427/1555/1170 2424/1561/655 2407/1540/1160
f 1935/1542/640 2407/1540/1160 2424/1561/655
f 2373/1562/658 2428/1560/1173 1936/1547/641
f 2408/1546/1163 1936/1547/641 2428/1560/1173
f 2408/1546/1163 2428/1560/1173 2429/1548/1164
f 2429/1548/1164 2428/1560/1173 2409/1550/1166
f 2428/1560/1173 2426/1553/1168 2409/1550/1166
f 2425/1536/1156 2409/1550/1166 2426/1553/1168
f 2442/1563/1174 2590/1564/1175 2395/1523/1143
f 2431/1565/1176 2430/1532/1152 2561/1521/1141
f 2431/1565/1176 2567/1566/1177 2430/1532/1152
f 2471/1567/1178 2441/1568/1179 2433/1569/1180
f 2432/1570/1181 2433/1569/1180 2441/1568/1179
f 2438/1571/1182 2434/1572/1183 2432/1570/1181
f 2433/1569/1180 2432/1570/1181 2434/1572/1183
f 2440/1573/1184 2447/1574/1185 2438/1571/1182
f 2434/1572/1183 2438/1571/1182 2447/1574/1185
f 2435/1575/672 2436/1576/671 2440/1573/1184
f 2447/1574/1185 2440/1573/1184 2436/1576/671
f 2543/1577/1186 2471/1567/1178 2437/1578/1187
f 2457/1579/1188 2437/1578/1187 2471/1567/1178
f 2542/1580/1189 2441/1568/1179 2471/1567/1178
f 2566/1581/1190 2562/1582/1191 2441/1568/1179
f 2432/1570/1181 2441/1568/1179 2562/1582/1191
f 2562/1582/1191 2564/1583/1192 2432/1570/1181
f 2438/1571/1182 2432/1570/1181 2564/1583/1192
f 2564/1583/1192 2439/1584/1193 2438/1571/1182
f 2440/1573/1184 2438/1571/1182 2439/1584/1193
f 2439/1584/1193 2072/1585/681 2440/1573/1184
f 2435/1575/672 2440/1573/1184 2072/1585/681
f 2541/1586/1194 2566/1581/1190 2542/1580/1189
f 2441/1568/1179 2542/1580/1189 2566/1581/1190
f 2442/1563/1174 2413/1522/1142 2554/1587/1195
f 2442/1563/1174 2395/1523/1143 2413/1522/1142
f 2444/1552/649 2443/1588/684 2554/1587/1195
f 2413/1522/1142 2444/1552/649 2554/1587/1195
f 2567/1566/1177 2445/1589/1196 2430/1532/1152
f 2448/1590/1197 2433/1569/1180 2446/1591/1198
f 2434/1572/1183 2446/1591/1198 2433/1569/1180
f 2446/1591/1198 2434/1572/1183 2473/1592/1199
f 2447/1574/1185 2473/1592/1199 2434/1572/1183
f 2473/1592/1199 2447/1574/1185 1957/1593/689
f 2436/1576/671 1957/1593/689 2447/1574/1185
f 2448/1590/1197 2461/1594/1200 2433/1569/1180
f 2471/1567/1178 2433/1569/1180 2461/1594/1200
f 2449/1595/1201 2472/1596/1202 2474/1597/1203
f 1961/799/694 2474/1597/1203 1959/800/695
f 1961/799/694 2449/1595/1201 2474/1597/1203
f 2450/804/1204 2813/802/1205 2781/803/1206
f 3391/801/1207 2781/803/1206 2813/802/1205
f 2781/803/1206 2785/805/1208 2450/804/1204
f 2453/1598/1209 2452/1599/1210 2652/1600/1211
f 2505/1601/1212 2652/1600/1211 2452/1599/1210
f 2458/1602/1213 2451/1603/1214 2508/1604/1215
f 2509/1605/1216 2508/1604/1215 2451/1603/1214
f 2452/1599/1210 2456/1606/1217 2505/1601/1212
f 2803/1607/1218 2505/1601/1212 2456/1606/1217
f 2452/1599/1210 2453/1598/1209 2454/1608/1219
f 2657/1609/1220 2454/1608/1219 2453/1598/1209
f 2752/1610/1221 2456/1606/1217 2454/1608/1219
f 2452/1599/1210 2454/1608/1219 2456/1606/1217
f 2751/1611/1222 2455/1612/1223 2752/1610/1221
f 2456/1606/1217 2752/1610/1221 2455/1612/1223
f 2458/1602/1213 2437/1613/1187 2459/1614/1224
f 2457/1615/1188 2459/1614/1224 2437/1613/1187
f 2451/1603/1214 2458/1602/1213 2658/1616/1225
f 2459/1614/1224 2658/1616/1225 2458/1602/1213
f 2460/1617/1226 2721/1618/1227 2665/1619/1228
f 2698/1620/1229 2665/1619/1228 2721/1618/1227
f 2459/1614/1224 2457/1615/1188 2463/1621/1230
f 2461/1622/1200 2463/1621/1230 2457/1615/1188
f 2658/1616/1225 2459/1614/1224 2662/1623/1231
f 2463/1621/1230 2662/1623/1231 2459/1614/1224
f 2664/1624/1232 2768/1625/1233 2665/1619/1228
f 2463/1621/1230 2461/1622/1200 2466/1626/1234
f 2472/1596/1202 2466/1626/1234 2461/1622/1200
f 2662/1623/1231 2463/1621/1230 2462/1627/1235
f 2466/1626/1234 2462/1627/1235 2463/1621/1230
f 2464/1628/1236 2664/1624/1232 2465/1629/1237
f 2667/1630/1238 2465/1629/1237 2664/1624/1232
f 2465/1629/1237 2720/1631/1239 2464/1628/1236
f 2449/1595/1201 2466/1626/1234 2472/1596/1202
f 2462/1627/1235 2466/1626/1234 2470/1632/1240
f 2449/1595/1201 2470/1632/1240 2466/1626/1234
f 2669/1633/1241 2668/1634/1242 2670/1635/1243
f 2485/847/1244 2484/845/737 2710/846/1245
f 1981/844/736 2710/846/1245 2484/845/737
f 2467/1636/1246 2481/1637/1247 2465/1629/1237
f 2720/1631/1239 2465/1629/1237 2481/1637/1247
f 2479/1638/1248 2467/1636/1246 2667/1630/1238
f 2465/1629/1237 2667/1630/1238 2467/1636/1246
f 2477/1639/1249 2654/1640/1250 2669/1633/1241
f 2668/1634/1242 2669/1633/1241 2654/1640/1250
f 2468/1641/1251 2469/1642/1252 2449/1595/1201
f 2470/1632/1240 2449/1595/1201 2469/1642/1252
f 1987/855/747 2468/1641/1251 1961/799/694
f 2449/1595/1201 1961/799/694 2468/1641/1251
f 2461/1594/1200 2457/1579/1188 2471/1567/1178
f 2446/1591/1198 2472/1643/1202 2448/1590/1197
f 2474/1644/1203 2472/1643/1202 2473/1592/1199
f 2446/1591/1198 2473/1592/1199 2472/1643/1202
f 1959/1645/695 2474/1644/1203 1957/1593/689
f 2473/1592/1199 1957/1593/689 2474/1644/1203
f 2448/1590/1197 2472/1643/1202 2461/1594/1200
f 2515/1646/1253 2475/1507/1129 2393/1510/1132
f 2750/1647/1254 3250/1648/1255 2515/1646/1253
f 2475/1507/1129 2515/1646/1253 3250/1648/1255
f 2710/846/1245 2764/862/1256 2741/863/1257
f 1988/866/755 2476/1649/1258 1987/855/747
f 2476/1649/1258 2539/1650/1259 1987/855/747
f 2539/1650/1259 2468/1641/1251 1987/855/747
f 2469/1642/1252 2468/1641/1251 2478/1651/1260
f 2539/1650/1259 2478/1651/1260 2468/1641/1251
f 2654/1640/1250 2477/1639/1249 2480/1652/1261
f 2478/1651/1260 2480/1652/1261 2477/1639/1249
f 2467/1636/1246 2479/1638/1248 2489/1653/1262
f 2480/1652/1261 2489/1653/1262 2479/1638/1248
f 2481/1637/1247 2467/1636/1246 2482/1654/1263
f 2489/1653/1262 2482/1654/1263 2467/1636/1246
f 2736/1655/1264 2481/1637/1247 2483/1656/1265
f 2482/1654/1263 2483/1656/1265 2481/1637/1247
f 2485/847/1244 2736/874/1264 2491/875/1266
f 2483/873/1265 2491/875/1266 2736/874/1264
f 2484/845/737 2485/847/1244 1996/876/763
f 2491/875/1266 1996/876/763 2485/847/1244
f 2495/880/765 2540/878/1267 1988/879/755
f 2476/877/1258 1988/879/755 2540/878/1267
f 2538/882/1268 2478/881/1260 2539/883/1259
f 2480/887/1261 2478/885/1260 2486/886/1269
f 2496/884/1270 2486/886/1269 2478/885/1260
f 2489/889/1262 2480/887/1261 2487/888/1271
f 2486/886/1269 2487/888/1271 2480/887/1261
f 2482/891/1263 2489/889/1262 2488/890/1272
f 2487/888/1271 2488/890/1272 2489/889/1262
f 2483/893/1265 2482/891/1263 2490/892/1273
f 2488/890/1272 2490/892/1273 2482/891/1263
f 2491/895/1266 2483/893/1265 2492/894/1274
f 2490/892/1273 2492/894/1274 2483/893/1265
f 1996/897/763 2491/895/1266 2493/896/773
f 2492/894/1274 2493/896/773 2491/895/1266
f 2494/902/1275 2538/901/1268 2005/900/774
f 2538/901/1268 2540/899/1267 2005/900/774
f 2540/899/1267 2495/898/765 2005/900/774
f 2496/904/1270 2478/903/1260 2494/902/1275
f 2538/901/1268 2494/902/1275 2478/903/1260
f 2503/1657/1276 2498/1658/1277 2497/1659/1278
f 2499/1660/1279 2497/1659/1278 2498/1658/1277
f 2560/1661/1280 2013/1662/780 2558/1663/782
f 2497/1659/1278 2501/1664/784 2537/1665/1281
f 2044/1666/783 2537/1665/1281 2501/1664/784
f 2499/1660/1279 2500/1667/786 2497/1659/1278
f 2501/1664/784 2497/1659/1278 2500/1667/786
f 2066/1668/788 2502/1669/787 2503/1657/1276
f 2498/1658/1277 2503/1657/1276 2502/1669/787
f 2651/1670/1282 2012/1671/789 2504/1672/791
f 2560/1661/1280 2651/1670/1282 2504/1672/791
f 2560/1661/1280 2504/1672/791 2013/1662/780
f 2652/924/1211 2505/922/1212 2523/923/1283
f 2513/921/1284 2523/923/1283 2505/922/1212
f 2507/926/1285 2506/925/1286 2523/923/1283
f 2535/928/1287 2653/927/1288 2507/929/1285
f 2508/932/1215 2509/930/1216 2511/931/1289
f 2535/928/1287 2511/931/1289 2509/930/1216
f 2531/934/1290 2508/932/1215 2510/933/1291
f 2511/931/1289 2510/933/1291 2508/932/1215
f 2806/938/1292 2520/936/1293 2527/937/1294
f 2529/935/1295 2527/937/1294 2520/936/1293
f 2804/940/1296 2806/938/1292 2512/939/1297
f 2527/937/1294 2512/939/1297 2806/938/1292
f 2803/942/1218 2804/940/1296 2528/941/1298
f 2512/939/1297 2528/941/1298 2804/940/1296
f 2505/922/1212 2803/942/1218 2513/921/1284
f 2528/941/1298 2513/921/1284 2803/942/1218
f 2437/1613/1187 2458/1602/1213 2514/1673/1299
f 2531/1674/1290 2514/1673/1299 2458/1602/1213
f 2737/948/1300 2515/946/1253 2530/947/1301
f 2519/945/1302 2530/947/1301 2515/946/1253
f 2522/1675/1303 2514/1676/1299 2545/1677/1304
f 2545/1677/1304 2518/1678/1305 2400/1530/1150
f 2517/1679/1306 2516/1509/1131 2547/1531/1151
f 2517/1679/1306 2393/1510/1132 2516/1509/1131
f 2518/1678/1305 2547/1531/1151 2400/1530/1150
f 2517/1679/1306 2518/1678/1305 2519/1680/1302
f 2546/1681/1307 2519/1680/1302 2518/1678/1305
f 2393/1510/1132 2519/1680/1302 2515/1646/1253
f 2531/957/1290 2458/956/1213 2508/958/1215
f 2520/962/1293 2521/960/1308 2530/961/1301
f 2737/959/1300 2530/961/1301 2521/960/1308
f 2514/1676/1299 2522/1675/1303 2437/1578/1187
f 2569/1682/1309 2543/1577/1186 2522/1675/1303
f 2437/1578/1187 2522/1675/1303 2543/1577/1186
f 2531/1674/1290 2546/1683/1307 2514/1673/1299
f 2523/968/1283 2513/966/1284 2525/967/1310
f 2524/965/1311 2525/967/1310 2513/966/1284
f 2507/970/1285 2523/968/1283 2526/969/1312
f 2525/967/1310 2526/969/1312 2523/968/1283
f 2526/969/1312 2535/971/1287 2507/970/1285
f 2536/975/1313 2527/973/1294 2532/974/1314
f 2529/972/1295 2532/974/1314 2527/973/1294
f 2528/978/1298 2512/976/1297 2534/977/1315
f 2536/975/1313 2534/977/1315 2512/976/1297
f 2513/966/1284 2528/978/1298 2524/965/1311
f 2534/977/1315 2524/965/1311 2528/978/1298
f 2529/935/1295 2520/936/1293 2532/980/1314
f 2530/979/1301 2532/980/1314 2520/936/1293
f 2530/979/1301 2531/934/1290 2532/980/1314
f 2510/933/1291 2532/980/1314 2531/934/1290
f 2533/982/1316 2525/981/1310 2524/983/1311
f 2533/982/1316 2526/984/1312 2525/981/1310
f 2533/982/1316 2510/985/1291 2526/984/1312
f 2533/987/1316 2532/986/1314 2510/988/1291
f 2533/982/1316 2536/989/1313 2532/990/1314
f 2533/982/1316 2534/991/1315 2536/989/1313
f 2533/982/1316 2524/983/1311 2534/991/1315
f 2511/993/1289 2535/971/1287 2510/992/1291
f 2526/969/1312 2510/992/1291 2535/971/1287
f 2536/975/1313 2512/976/1297 2527/973/1294
f 2651/1670/1282 2503/1657/1276 2537/1665/1281
f 2044/1684/783 2012/1671/789 2537/1665/1281
f 2651/1670/1282 2537/1665/1281 2012/1671/789
f 2538/882/1268 2539/883/1259 2540/878/1267
f 2476/877/1258 2540/878/1267 2539/883/1259
f 2569/1682/1309 2541/1586/1194 2543/1577/1186
f 2542/1580/1189 2543/1577/1186 2541/1586/1194
f 2543/1577/1186 2542/1580/1189 2471/1567/1178
f 2522/1675/1303 2545/1677/1304 2544/1685/1317
f 2545/1677/1304 2400/1530/1150 2544/1685/1317
f 2400/1530/1150 2430/1532/1152 2544/1685/1317
f 2514/1676/1299 2546/1681/1307 2545/1677/1304
f 2518/1678/1305 2545/1677/1304 2546/1681/1307
f 2517/1679/1306 2519/1680/1302 2393/1510/1132
f 2517/1679/1306 2547/1531/1151 2518/1678/1305
f 2548/1686/1318 2549/1687/1319 2572/1688/1320
f 2445/1589/1196 2572/1688/1320 2549/1687/1319
f 2572/1688/1320 2550/1689/1321 2548/1686/1318
f 2573/1690/1322 2548/1686/1318 2550/1689/1321
f 2550/1689/1321 2551/1691/1323 2573/1690/1322
f 2552/1692/1324 2573/1690/1322 2551/1691/1323
f 2551/1691/1323 2577/1693/1325 2552/1692/1324
f 2579/1694/1326 2552/1692/1324 2577/1693/1325
f 2577/1693/1325 2586/1695/1327 2579/1694/1326
f 2556/1696/1328 2579/1694/1326 2586/1695/1327
f 2555/1697/1329 2087/1698/839 2556/1696/1328
f 2089/1699/838 2556/1696/1328 2087/1698/839
f 2582/1700/1330 2554/1587/1195 2553/1701/841
f 2443/1588/684 2553/1701/841 2554/1587/1195
f 2585/1702/1331 2442/1563/1174 2583/1703/1332
f 2555/1697/1329 2556/1696/1328 2586/1695/1327
f 2503/1704/1276 2560/1705/1280 2557/1016/846
f 2559/1014/845 2557/1016/846 2560/1705/1280
f 2557/1019/846 2066/1018/788 2503/1706/1276
f 2559/1022/845 2560/1707/1280 2558/1023/782
f 2588/1708/1333 2442/1563/1174 2582/1700/1330
f 2554/1587/1195 2582/1700/1330 2442/1563/1174
f 2431/1565/1176 2561/1521/1141 2590/1564/1175
f 2395/1523/1143 2590/1564/1175 2561/1521/1141
f 2590/1564/1175 2442/1563/1174 2585/1702/1331
f 2588/1708/1333 2583/1703/1332 2442/1563/1174
f 2594/1709/1334 2544/1685/1317 2430/1532/1152
f 2594/1709/1334 2445/1589/1196 2549/1687/1319
f 2445/1589/1196 2594/1709/1334 2430/1532/1152
f 2609/1029/1335 2567/1027/1177 2591/1028/1336
f 2431/1026/1176 2591/1028/1336 2567/1027/1177
f 2566/1033/1190 2563/1031/1337 2562/1032/1191
f 2858/1030/1338 2562/1032/1191 2563/1031/1337
f 2439/1039/1193 2564/1038/1192 2072/1036/681
f 2564/1038/1192 2858/1037/1338 2072/1036/681
f 2858/1037/1338 2602/1035/1339 2072/1036/681
f 2602/1035/1339 2612/1034/853 2072/1036/681
f 2541/1041/1194 2565/1040/1340 2566/1033/1190
f 2563/1031/1337 2566/1033/1190 2565/1040/1340
f 2609/1029/1335 2605/1043/1341 2567/1027/1177
f 2445/1042/1196 2567/1027/1177 2605/1043/1341
f 2522/1047/1303 2568/1045/1342 2569/1046/1309
f 2570/1044/1343 2569/1046/1309 2568/1045/1342
f 2569/1046/1309 2570/1044/1343 2541/1041/1194
f 2565/1040/1340 2541/1041/1194 2570/1044/1343
f 2544/1049/1317 2592/1048/1344 2522/1047/1303
f 2568/1045/1342 2522/1047/1303 2592/1048/1344
f 2548/1053/1318 2596/1051/1345 2549/1052/1319
f 2595/1050/1346 2549/1052/1319 2596/1051/1345
f 2571/1055/1347 2572/1054/1320 2605/1043/1341
f 2445/1042/1196 2605/1043/1341 2572/1054/1320
f 2572/1054/1320 2571/1055/1347 2550/1057/1321
f 2574/1056/1348 2550/1057/1321 2571/1055/1347
f 2596/1051/1345 2548/1053/1318 2597/1059/1349
f 2573/1058/1322 2597/1059/1349 2548/1053/1318
f 2550/1057/1321 2574/1056/1348 2551/1061/1323
f 2576/1060/1350 2551/1061/1323 2574/1056/1348
f 2597/1059/1349 2573/1058/1322 2575/1063/1351
f 2552/1062/1324 2575/1063/1351 2573/1058/1322
f 2551/1061/1323 2576/1060/1350 2577/1065/1325
f 2578/1064/1352 2577/1065/1325 2576/1060/1350
f 2575/1063/1351 2552/1062/1324 2598/1067/1353
f 2579/1066/1326 2598/1067/1353 2552/1062/1324
f 2577/1065/1325 2578/1064/1352 2586/1069/1327
f 2587/1068/1354 2586/1069/1327 2578/1064/1352
f 2598/1067/1353 2579/1066/1326 2580/1071/1355
f 2556/1070/1328 2580/1071/1355 2579/1066/1326
f 2087/1074/839 2555/1041/1329 2105/1073/872
f 2581/1072/1356 2105/1073/872 2555/1041/1329
f 2599/1076/873 2580/1071/1355 2089/1075/838
f 2556/1070/1328 2089/1075/838 2580/1071/1355
f 2833/1078/1357 2582/1077/1330 2090/1076/874
f 2553/1075/841 2090/1076/874 2582/1077/1330
f 2584/1082/1358 2608/1080/1359 2583/1081/1332
f 2585/1079/1331 2583/1081/1332 2608/1080/1359
f 2586/1069/1327 2587/1068/1354 2555/1041/1329
f 2581/1072/1356 2555/1041/1329 2587/1068/1354
f 2582/1077/1330 2833/1078/1357 2588/1084/1333
f 2589/1083/1360 2588/1084/1333 2833/1078/1357
f 2590/1086/1175 2607/1085/1361 2431/1026/1176
f 2591/1028/1336 2431/1026/1176 2607/1085/1361
f 2608/1080/1359 2607/1085/1361 2585/1079/1331
f 2590/1086/1175 2585/1079/1331 2607/1085/1361
f 2584/1082/1358 2583/1081/1332 2589/1083/1360
f 2588/1084/1333 2589/1083/1360 2583/1081/1332
f 2592/1048/1344 2544/1049/1317 2593/1088/1362
f 2594/1087/1334 2593/1088/1362 2544/1049/1317
f 2549/1052/1319 2595/1050/1346 2594/1087/1334
f 2593/1088/1362 2594/1087/1334 2595/1050/1346
f 2568/1092/1342 2592/1090/1344 2601/1091/1363
f 2603/1089/1364 2601/1091/1363 2592/1090/1344
f 2571/1096/1347 2605/1094/1341 2596/1095/1345
f 2595/1093/1346 2596/1095/1345 2605/1094/1341
f 2574/1098/1348 2571/1096/1347 2597/1097/1349
f 2596/1095/1345 2597/1097/1349 2571/1096/1347
f 2576/1100/1350 2574/1098/1348 2575/1099/1351
f 2597/1097/1349 2575/1099/1351 2574/1098/1348
f 2578/1102/1352 2576/1100/1350 2598/1101/1353
f 2575/1099/1351 2598/1101/1353 2576/1100/1350
f 2580/1106/1355 2599/1104/873 2581/1105/1356
f 2105/1103/872 2581/1105/1356 2599/1104/873
f 2580/1106/1355 2587/1107/1354 2598/1101/1353
f 2578/1102/1352 2598/1101/1353 2587/1107/1354
f 2580/1106/1355 2581/1105/1356 2587/1107/1354
f 2570/1109/1343 2568/1092/1342 2600/1108/1365
f 2601/1091/1363 2600/1108/1365 2568/1092/1342
f 2858/1112/1338 2563/1110/1337 2602/1111/1339
f 2600/1108/1365 2602/1111/1339 2563/1110/1337
f 2600/1108/1365 2563/1110/1337 2565/1113/1340
f 2600/1108/1365 2565/1113/1340 2570/1109/1343
f 2592/1090/1344 2593/1115/1362 2603/1089/1364
f 2604/1114/1366 2603/1089/1364 2593/1115/1362
f 2604/1114/1366 2593/1115/1362 2595/1093/1346
f 2595/1093/1346 2605/1094/1341 2604/1114/1366
f 2610/1116/1367 2604/1114/1366 2605/1094/1341
f 2607/1120/1361 2608/1118/1359 2606/1119/1368
f 2836/1117/1369 2606/1119/1368 2608/1118/1359
f 2836/1117/1369 2608/1118/1359 2584/1121/1358
f 2836/1117/1369 2584/1121/1358 2589/1122/1360
f 2589/1122/1360 2833/1124/1357 2836/1117/1369
f 2835/1123/1370 2836/1117/1369 2833/1124/1357
f 2607/1120/1361 2606/1119/1368 2591/1126/1336
f 2609/1125/1335 2591/1126/1336 2606/1119/1368
f 2605/1094/1341 2609/1128/1335 2610/1116/1367
f 2611/1127/1371 2610/1116/1367 2609/1128/1335
f 2604/1137/1366 2610/1136/1367 2603/1131/1364
f 2115/1134/890 2612/1133/853 2611/1135/1371
f 2602/1132/1339 2600/1130/1365 2612/1133/853
f 2612/1133/853 2600/1130/1365 2611/1135/1371
f 2611/1135/1371 2600/1130/1365 2610/1136/1367
f 2610/1136/1367 2600/1130/1365 2603/1131/1364
f 2600/1130/1365 2601/1129/1363 2603/1131/1364
f 2614/1533/1153 3242/1710/1372 2613/733/629
f 2615/1138/891 2613/733/629 3242/1710/1372
f 2122/1142/894 2121/1141/893 2450/804/1204
f 2750/1140/1254 2450/804/1204 2121/1141/893
f 2618/1144/1373 3242/1143/1374 3248/1145/1128
f 2615/1148/898 3242/1146/1374 2125/1147/897
f 2618/1144/1373 2125/1147/897 3242/1146/1374
f 2750/1152/1375 2121/1150/900 2617/1151/1376
f 2616/1149/899 2617/1151/1376 2121/1150/900
f 2617/1151/1376 3250/1153/1255 2750/1154/1375
f 2616/1149/899 2125/1147/897 2617/1151/1376
f 2618/1144/1373 2617/1151/1376 2125/1147/897
f 3248/1506/1128 3242/1710/1372 2475/1507/1129
f 3242/1710/1372 2614/1533/1153 2475/1507/1129
f 2614/1533/1153 2404/1511/1133 2475/1507/1129
f 3250/1648/1255 2619/1508/1130 2475/1507/1129
f 3248/1145/1128 2619/1155/1130 2618/1144/1373
f 2619/1155/1130 3250/1153/1255 2618/1144/1373
f 3250/1153/1255 2617/1151/1376 2618/1144/1373
f 2641/1159/1377 2649/1157/1378 2644/1158/1379
f 2620/1156/1380 2644/1158/1379 2649/1157/1378
f 2640/1161/1381 2621/1160/1382 2641/1159/1377
f 2649/1157/1378 2641/1159/1377 2621/1160/1382
f 2622/1163/1383 2623/1162/1384 2640/1161/1381
f 2621/1160/1382 2640/1161/1381 2623/1162/1384
f 2633/1167/1385 2625/1165/1386 2639/1166/1387
f 2624/1164/1388 2639/1166/1387 2625/1165/1386
f 2625/1165/1386 2828/1169/1389 2624/1164/1388
f 2626/1168/1390 2624/1164/1388 2828/1169/1389
f 2828/1169/1389 2627/1171/1391 2626/1168/1390
f 2628/1170/1392 2626/1168/1390 2627/1171/1391
f 2630/1175/1393 2829/1173/1394 2629/1174/1395
f 2643/1172/1396 2629/1174/1395 2829/1173/1394
f 2829/1173/1394 2632/1177/1397 2643/1172/1396
f 2631/1176/1398 2643/1172/1396 2632/1177/1397
f 2632/1177/1397 2633/1167/1385 2631/1176/1398
f 2639/1166/1387 2631/1176/1398 2633/1167/1385
f 2637/1179/1399 2634/1178/1400 2638/1180/1401
f 2637/1179/1399 2635/1181/1402 2634/1178/1400
f 2637/1179/1399 2636/1182/1403 2635/1181/1402
f 2637/1179/1399 2831/1183/1404 2830/1184/1405
f 2637/1179/1399 2832/1185/1406 2831/1183/1404
f 2637/1179/1399 2638/1180/1401 2832/1185/1406
f 2624/1164/1388 2641/1159/1377 2639/1166/1387
f 2644/1158/1379 2639/1166/1387 2641/1159/1377
f 2626/1168/1390 2640/1161/1381 2624/1164/1388
f 2641/1159/1377 2624/1164/1388 2640/1161/1381
f 2628/1170/1392 2622/1163/1383 2626/1168/1390
f 2640/1161/1381 2626/1168/1390 2622/1163/1383
f 2643/1172/1396 2646/1187/1407 2629/1174/1395
f 2645/1186/1408 2629/1174/1395 2646/1187/1407
f 2631/1176/1398 2642/1188/1409 2643/1172/1396
f 2646/1187/1407 2643/1172/1396 2642/1188/1409
f 2639/1166/1387 2644/1158/1379 2631/1176/1398
f 2642/1188/1409 2631/1176/1398 2644/1158/1379
f 2645/1186/1408 2646/1187/1407 2650/1190/1410
f 2648/1189/1411 2650/1190/1410 2646/1187/1407
f 2646/1187/1407 2642/1188/1409 2648/1189/1411
f 2647/1191/1412 2648/1189/1411 2642/1188/1409
f 2644/1158/1379 2620/1156/1380 2642/1188/1409
f 2647/1191/1412 2642/1188/1409 2620/1156/1380
f 2647/1192/1412 2620/1194/1380 2648/1193/1411
f 2649/1198/1378 2621/1196/1382 2620/1194/1380
f 2620/1194/1380 2621/1196/1382 2648/1193/1411
f 2623/1195/1384 2650/1197/1410 2621/1196/1382
f 2621/1196/1382 2650/1197/1410 2648/1193/1411
f 2503/1657/1276 2497/1659/1278 2537/1665/1281
f 2651/1670/1282 2560/1661/1280 2503/1657/1276
f 2652/924/1211 2523/923/1283 2506/925/1286
f 2506/1199/1286 2507/929/1285 2653/927/1288
f 2653/927/1288 2535/928/1287 2509/930/1216
f 2654/1640/1250 2480/1652/1261 2479/1638/1248
f 2469/1642/1252 2478/1651/1260 2477/1639/1249
f 2655/1711/1413 2453/1598/1209 2506/1712/1286
f 2652/1600/1211 2506/1712/1286 2453/1598/1209
f 2660/1713/1414 2655/1711/1413 2653/1714/1288
f 2506/1712/1286 2653/1714/1288 2655/1711/1413
f 2451/1603/1214 2660/1713/1414 2509/1605/1216
f 2653/1714/1288 2509/1605/1216 2660/1713/1414
f 2657/1609/1220 2655/1711/1413 2656/1715/1415
f 2659/1716/1416 2656/1715/1415 2655/1711/1413
f 2660/1713/1414 2451/1603/1214 2661/1717/1417
f 2658/1616/1225 2661/1717/1417 2451/1603/1214
f 2655/1711/1413 2660/1713/1414 2659/1716/1416
f 2661/1717/1417 2659/1716/1416 2660/1713/1414
f 2698/1620/1229 2659/1716/1416 2665/1619/1228
f 2663/1718/1418 2665/1619/1228 2659/1716/1416
f 2661/1717/1417 2658/1616/1225 2666/1719/1419
f 2662/1623/1231 2666/1719/1419 2658/1616/1225
f 2659/1716/1416 2661/1717/1417 2663/1718/1418
f 2666/1719/1419 2663/1718/1418 2661/1717/1417
f 2665/1619/1228 2663/1718/1418 2664/1624/1232
f 2670/1635/1243 2664/1624/1232 2663/1718/1418
f 2666/1719/1419 2662/1623/1231 2671/1720/1420
f 2462/1627/1235 2671/1720/1420 2662/1623/1231
f 2663/1718/1418 2666/1719/1419 2670/1635/1243
f 2671/1720/1420 2670/1635/1243 2666/1719/1419
f 2664/1624/1232 2670/1635/1243 2667/1630/1238
f 2668/1634/1242 2667/1630/1238 2670/1635/1243
f 2462/1627/1235 2470/1632/1240 2671/1720/1420
f 2654/1640/1250 2479/1638/1248 2668/1634/1242
f 2667/1630/1238 2668/1634/1242 2479/1638/1248
f 2469/1642/1252 2477/1639/1249 2470/1632/1240
f 2669/1633/1241 2470/1632/1240 2477/1639/1249
f 2669/1633/1241 2670/1635/1243 2470/1632/1240
f 2671/1720/1420 2470/1632/1240 2670/1635/1243
f 2673/1213/1421 2674/1211/1422 2672/1212/1423
f 2681/1210/1424 2672/1212/1423 2674/1211/1422
f 2676/1215/1425 2673/1213/1421 2675/1214/1426
f 2672/1212/1423 2675/1214/1426 2673/1213/1421
f 2689/1217/1427 2676/1215/1425 2678/1216/1428
f 2675/1214/1426 2678/1216/1428 2676/1215/1425
f 2677/1219/1429 2689/1217/1427 2697/1218/1430
f 2678/1216/1428 2697/1218/1430 2689/1217/1427
f 2674/1211/1422 2679/1221/1431 2681/1210/1424
f 2680/1220/1432 2681/1210/1424 2679/1221/1431
f 2683/1223/1433 2682/1222/1434 2693/1224/1435
f 2683/1223/1433 2684/1225/1436 2682/1222/1434
f 2683/1223/1433 2685/1226/1437 2695/1227/1438
f 2683/1223/1433 2686/1228/1439 2685/1226/1437
f 2683/1223/1433 2693/1224/1435 2686/1228/1439
f 2673/1213/1421 2694/1230/1440 2674/1211/1422
f 2687/1229/1441 2674/1211/1422 2694/1230/1440
f 2676/1215/1425 2688/1231/1442 2673/1213/1421
f 2694/1230/1440 2673/1213/1421 2688/1231/1442
f 2689/1217/1427 2690/1232/1443 2676/1215/1425
f 2688/1231/1442 2676/1215/1425 2690/1232/1443
f 2677/1219/1429 2691/1233/1444 2689/1217/1427
f 2690/1232/1443 2689/1217/1427 2691/1233/1444
f 2674/1211/1422 2687/1229/1441 2679/1221/1431
f 2692/1234/1445 2679/1221/1431 2687/1229/1441
f 2694/1230/1440 2693/1224/1435 2687/1229/1441
f 2682/1235/1434 2687/1229/1441 2693/1224/1435
f 2688/1231/1442 2686/1228/1439 2694/1230/1440
f 2693/1224/1435 2694/1230/1440 2686/1228/1439
f 2690/1232/1443 2685/1226/1437 2688/1231/1442
f 2686/1228/1439 2688/1231/1442 2685/1226/1437
f 2691/1233/1444 2695/1227/1438 2690/1232/1443
f 2685/1226/1437 2690/1232/1443 2695/1227/1438
f 2687/1229/1441 2682/1235/1434 2692/1234/1445
f 2684/1236/1436 2692/1234/1445 2682/1235/1434
f 2696/1237/1446 2672/1212/1423 2681/1238/1424
f 2696/1237/1446 2675/1214/1426 2672/1212/1423
f 2696/1237/1446 2678/1216/1428 2675/1214/1426
f 2696/1237/1446 2697/1218/1430 2678/1216/1428
f 2696/1237/1446 2681/1238/1424 2680/1239/1432
f 2656/1715/1415 2698/1620/1229 2701/1721/1447
f 2657/1609/1220 2453/1598/1209 2655/1711/1413
f 2659/1716/1416 2698/1620/1229 2656/1715/1415
f 2699/880/1448 2700/1244/1449 2742/1243/1450
f 2700/1244/1449 2656/1242/1415 2742/1243/1450
f 2656/1242/1415 2701/1241/1447 2742/1243/1450
f 2700/1244/1449 2657/881/1220 2656/1242/1415
f 2657/1249/1220 2700/1248/1449 2454/1247/1219
f 2700/1248/1449 2699/1246/1448 2454/1247/1219
f 2699/1246/1448 2752/1245/1221 2454/1247/1219
f 2699/880/1448 2742/1243/1450 2752/1250/1221
f 2705/1254/1451 2702/1252/1452 2704/1253/1453
f 2703/1251/1454 2704/1253/1453 2702/1252/1452
f 2702/1252/1452 2705/1254/1451 2707/1256/1455
f 2706/1255/1456 2707/1256/1455 2705/1254/1451
f 2705/1254/1451 2704/1253/1453 2706/1255/1456
f 2708/1257/1457 2706/1255/1456 2704/1253/1453
f 2703/1251/1454 2709/1258/1458 2704/1253/1453
f 2708/1257/1457 2704/1253/1453 2709/1258/1458
f 2703/1251/1454 2702/1252/1452 2709/1258/1458
f 2707/1256/1455 2709/1258/1458 2702/1252/1452
f 2814/1722/1459 2742/1723/1450 2721/1618/1227
f 2741/863/1257 2728/1262/1460 2710/846/1245
f 2735/1261/1461 2710/846/1245 2728/1262/1460
f 2736/874/1264 2485/847/1244 2735/1261/1461
f 2710/846/1245 2735/1261/1461 2485/847/1244
f 2711/1263/1462 2736/874/1264 2735/1261/1461
f 2720/1631/1239 2481/1637/1247 2711/1724/1462
f 2817/1725/1463 2719/1726/1464 2712/1727/1465
f 2719/1726/1464 2727/1728/1466 2712/1727/1465
f 2726/1729/1467 2712/1727/1465 2727/1728/1466
f 2724/1273/1468 2713/1271/1469 2727/1272/1466
f 2714/1270/1470 2727/1272/1466 2713/1271/1469
f 2713/1271/1469 2744/1274/1471 2715/1275/1472
f 2715/1730/1472 2744/1731/1471 2718/1732/1473
f 2743/1733/1474 2738/1734/1475 2720/1735/1239
f 2819/1736/1476 2720/1735/1239 2738/1734/1475
f 2717/1737/1477 2820/1738/1478 2754/1739/1479
f 2716/1740/1480 2754/1739/1479 2820/1738/1478
f 2717/1741/1477 2754/1742/1479 2718/1743/1473
f 2713/1744/1469 2718/1743/1473 2754/1742/1479
f 2715/1292/1472 2718/1291/1473 2713/1293/1469
f 2732/1297/1481 2818/1295/1482 2730/1296/1483
f 2734/1294/1484 2730/1296/1483 2818/1295/1482
f 2732/1745/1481 2731/1746/1485 2818/1747/1482
f 2733/1748/1486 2818/1747/1482 2731/1746/1485
f 2719/1726/1464 2717/1749/1477 2718/1732/1473
f 2464/1750/1236 2819/1736/1476 2820/1751/1478
f 2464/1750/1236 2720/1735/1239 2819/1736/1476
f 2460/1752/1226 2731/1746/1485 2721/1753/1227
f 2771/1310/1487 2770/1308/1488 2722/1309/1489
f 2723/1307/1490 2722/1309/1489 2770/1308/1488
f 2724/1754/1468 2727/1728/1466 2718/1732/1473
f 2719/1726/1464 2718/1732/1473 2727/1728/1466
f 2726/1313/1467 2727/1272/1466 2725/1312/1491
f 2714/1270/1470 2725/1312/1491 2727/1272/1466
f 2763/1314/1492 2725/1312/1491 2714/1270/1470
f 2735/1261/1461 2728/1262/1460 2729/1316/1493
f 2753/1315/1494 2729/1316/1493 2728/1262/1460
f 2716/1317/1480 2729/1316/1493 2753/1315/1494
f 2722/1309/1489 2747/1318/1495 2730/1296/1483
f 2732/1297/1481 2730/1296/1483 2747/1318/1495
f 2748/1755/1496 2731/1746/1485 2747/1756/1495
f 2732/1745/1481 2747/1756/1495 2731/1746/1485
f 2817/1725/1463 2733/1748/1486 2731/1746/1485
f 2730/1296/1483 2734/1294/1484 2763/1314/1492
f 2731/1746/1485 2748/1755/1496 2721/1753/1227
f 2729/1316/1493 2738/1321/1475 2735/1261/1461
f 2698/1620/1229 2721/1618/1227 2701/1721/1447
f 2711/1724/1462 2481/1637/1247 2736/1655/1264
f 2770/1308/1488 3393/1322/1497 2723/1307/1490
f 3393/1322/1497 3391/801/1207 2723/1307/1490
f 3391/801/1207 2813/802/1205 2723/1307/1490
f 2805/1323/1498 2515/947/1253 2737/945/1300
f 2515/1646/1253 2805/1757/1498 2750/1647/1254
f 2738/1321/1475 2743/1325/1474 2735/1261/1461
f 2739/1326/1499 2741/863/1257 2786/1327/1500
f 2314/1330/1029 2799/1328/1027 2740/1329/1501
f 2785/805/1208 2740/1329/1501 2799/1328/1027
f 2764/862/1256 2740/1329/1501 2741/863/1257
f 2786/1327/1500 2741/863/1257 2740/1329/1501
f 2739/1326/1499 2728/1262/1460 2741/863/1257
f 2739/1326/1499 3407/1331/1502 2728/1262/1460
f 2742/1723/1450 2701/1721/1447 2721/1618/1227
f 2737/945/1300 2827/1333/1503 2805/1323/1498
f 2811/1332/1504 2805/1323/1498 2827/1333/1503
f 2720/1735/1239 2711/1758/1462 2743/1733/1474
f 2743/1325/1474 2711/1263/1462 2735/1261/1461
f 2744/1731/1471 2724/1754/1468 2718/1732/1473
f 2713/1271/1469 2724/1273/1468 2744/1274/1471
f 2784/1338/1505 2783/1336/1506 2787/1337/1507
f 2745/1335/1508 2787/1337/1507 2783/1336/1506
f 2788/1341/1509 2745/1335/1508 2746/1340/1510
f 2745/1335/1508 2783/1336/1506 2746/1340/1510
f 2783/1336/1506 2782/1339/1511 2746/1340/1510
f 2747/1756/1495 2814/1759/1459 2748/1755/1496
f 2748/1755/1496 2814/1759/1459 2721/1753/1227
f 2722/1309/1489 2749/1343/1512 2747/1318/1495
f 2805/1323/1498 2450/804/1204 2750/1140/1254
f 2749/1343/1512 2808/1344/1513 2814/1345/1459
f 2808/1760/1513 2751/1611/1222 2742/1723/1450
f 2752/1610/1221 2742/1723/1450 2751/1611/1222
f 2805/1323/1498 2813/802/1205 2450/804/1204
f 2776/1761/1514 2719/1726/1464 2817/1725/1463
f 2768/1625/1233 2460/1617/1226 2665/1619/1228
f 2664/1624/1232 2464/1628/1236 2768/1625/1233
f 2714/1270/1470 2754/1348/1479 2753/1315/1494
f 2716/1317/1480 2753/1315/1494 2754/1348/1479
f 3406/1349/1515 2728/1262/1460 3407/1331/1502
f 2714/1270/1470 2713/1271/1469 2754/1348/1479
f 2771/1310/1487 2730/1296/1483 2774/1351/1516
f 2793/1350/1517 2774/1351/1516 2730/1296/1483
f 2796/1352/1518 2770/1308/1488 2773/1353/1519
f 3393/1322/1497 2770/1308/1488 2796/1352/1518
f 2714/1270/1470 2753/1315/1494 3416/1355/1520
f 3419/1354/1521 3416/1355/1520 2753/1315/1494
f 2756/1363/1522 2792/1362/1523 2755/1364/1524
f 2789/1356/1525 2758/1358/1526 2757/1357/1527
f 2757/1357/1527 2758/1358/1526 2790/1359/1528
f 2790/1359/1528 2758/1358/1526 2760/1360/1529
f 2760/1360/1529 2758/1358/1526 2759/1361/1530
f 2759/1361/1530 2758/1358/1526 2792/1362/1523
f 2792/1362/1523 2758/1358/1526 2755/1364/1524
f 2794/1365/1531 2797/1367/1532 2795/1366/1533
f 2797/1367/1532 2758/1358/1526 2795/1366/1533
f 2746/1340/1510 2782/1339/1511 2789/1356/1525
f 2789/1356/1525 2782/1339/1511 2758/1358/1526
f 2758/1358/1526 2782/1339/1511 2795/1366/1533
f 2782/1339/1511 2761/1368/1534 2795/1366/1533
f 3416/1355/1520 2763/1314/1492 2714/1270/1470
f 2753/1315/1494 2728/1262/1460 2762/1369/1535
f 3406/1349/1515 2762/1369/1535 2728/1262/1460
f 2763/1314/1492 3416/1355/1520 2793/1350/1517
f 2730/1296/1483 2763/1314/1492 2793/1350/1517
f 2753/1315/1494 2762/1369/1535 3421/1370/1536
f 2753/1315/1494 3421/1370/1536 2791/1371/1537
f 2753/1315/1494 2791/1371/1537 3419/1354/1521
f 2723/1307/1490 2813/802/1205 2749/1343/1512
f 2722/1309/1489 2723/1307/1490 2749/1343/1512
f 2749/1343/1512 2814/1345/1459 2747/1318/1495
f 2710/846/1245 1981/844/736 2764/862/1256
f 1981/844/736 2800/1372/1066 2764/862/1256
f 2774/1351/1516 2793/1350/1517 2775/1373/1538
f 2775/1377/1538 2765/1375/1539 2767/1376/1540
f 2766/1374/1541 2767/1376/1540 2765/1375/1539
f 2798/1378/1542 2766/1374/1541 2765/1375/1539
f 2722/1309/1489 2730/1296/1483 2771/1310/1487
f 2460/1752/1226 2768/1762/1233 2779/1763/1543
f 2769/1764/1544 2779/1763/1543 2768/1762/1233
f 2817/1725/1463 2731/1746/1485 2780/1765/1545
f 2768/1762/1233 2776/1761/1514 2769/1764/1544
f 2776/1761/1514 2817/1725/1463 2780/1765/1545
f 2780/1765/1545 2731/1746/1485 2779/1763/1543
f 2460/1752/1226 2779/1763/1543 2731/1746/1485
f 2776/1761/1514 2768/1762/1233 2464/1750/1236
f 2776/1761/1514 2464/1750/1236 2719/1726/1464
f 2770/1308/1488 2771/1310/1487 2773/1353/1519
f 2772/1383/1546 2773/1353/1519 2771/1310/1487
f 2772/1383/1546 3392/1384/1547 2773/1353/1519
f 2774/1351/1516 2772/1383/1546 2771/1310/1487
f 2772/1388/1546 2774/1386/1516 2766/1387/1541
f 2767/1385/1540 2766/1387/1541 2774/1386/1516
f 3392/1390/1547 2772/1388/1546 2798/1389/1542
f 2766/1387/1541 2798/1389/1542 2772/1388/1546
f 2767/1385/1540 2774/1386/1516 2775/1391/1538
f 2776/1394/1514 2777/1393/1548 2769/1375/1544
f 2778/1392/1549 2769/1375/1544 2777/1393/1548
f 2778/1766/1549 2779/1767/1543 2769/1768/1544
f 2780/1765/1545 2779/1763/1543 2777/1765/1548
f 2778/1763/1549 2777/1765/1548 2779/1763/1543
f 2777/1765/1548 2776/1761/1514 2780/1765/1545
f 2781/1401/1206 3391/1399/1207 2783/1400/1506
f 2782/1398/1511 2783/1400/1506 3391/1399/1207
f 2785/1403/1208 2781/1401/1206 2784/1402/1505
f 2783/1400/1506 2784/1402/1505 2781/1401/1206
f 2740/1405/1501 2785/1403/1208 2787/1404/1507
f 2784/1402/1505 2787/1404/1507 2785/1403/1208
f 2786/1407/1500 2740/1405/1501 2745/1406/1508
f 2787/1404/1507 2745/1406/1508 2740/1405/1501
f 2739/1409/1499 2786/1407/1500 2788/1408/1509
f 2745/1406/1508 2788/1408/1509 2786/1407/1500
f 3407/1411/900 2739/1409/1499 2746/1410/1510
f 2788/1408/1509 2746/1410/1510 2739/1409/1499
f 3406/1413/1550 3407/1411/900 2789/1412/1525
f 2746/1410/1510 2789/1412/1525 3407/1411/900
f 2762/1417/1551 3406/1415/1550 2757/1416/1527
f 2789/1414/1525 2757/1416/1527 3406/1415/1550
f 3421/1419/1552 2762/1417/1551 2790/1418/1528
f 2757/1416/1527 2790/1418/1528 2762/1417/1551
f 2791/1421/1553 3421/1419/1552 2760/1420/1529
f 2790/1418/1528 2760/1420/1529 3421/1419/1552
f 3419/1423/1554 2791/1421/1553 2759/1422/1530
f 2760/1420/1529 2759/1422/1530 2791/1421/1553
f 3416/1425/1555 3419/1423/1554 2792/1424/1523
f 2759/1422/1530 2792/1424/1523 3419/1423/1554
f 2793/1427/1556 3416/1425/1555 2756/1426/1522
f 2792/1424/1523 2756/1426/1522 3416/1425/1555
f 2775/1429/1557 2793/1427/1556 2755/1428/1524
f 2756/1426/1522 2755/1428/1524 2793/1427/1556
f 2765/1431/1539 2775/1429/1557 2758/1430/1526
f 2755/1428/1524 2758/1430/1526 2775/1429/1557
f 2773/1436/1558 3392/1435/1547 2794/1434/1531
f 3392/1435/1547 2798/1433/1542 2794/1434/1531
f 2798/1433/1542 2797/1432/1532 2794/1434/1531
f 2796/1438/1559 2773/1436/1558 2795/1437/1533
f 2794/1434/1531 2795/1437/1533 2773/1436/1558
f 3393/1440/1560 2796/1438/1559 2761/1439/1534
f 2795/1437/1533 2761/1439/1534 2796/1438/1559
f 3391/1399/1207 3393/1440/1560 2782/1398/1511
f 2761/1439/1534 2782/1398/1511 3393/1440/1560
f 2797/1432/1532 2798/1433/1542 2758/1430/1526
f 2765/1431/1539 2758/1430/1526 2798/1433/1542
f 2785/805/1208 2122/1142/894 2450/804/1204
f 2785/805/1208 2799/1328/1027 2122/1142/894
f 2764/862/1256 2800/1372/1066 2740/1329/1501
f 2314/1330/1029 2740/1329/1501 2800/1372/1066
f 2820/1751/1478 2717/1749/1477 2464/1750/1236
f 2719/1726/1464 2464/1750/1236 2717/1749/1477
f 2531/1674/1290 2530/1769/1301 2546/1683/1307
f 2115/1446/890 2611/1770/1371 2316/1444/1090
f 2611/1770/1371 2609/1771/1335 2316/1444/1090
f 2609/1771/1335 2606/1772/1368 2316/1444/1090
f 2455/1450/1223 2751/1448/1222 2802/1449/1561
f 2801/1447/1562 2802/1449/1561 2751/1448/1222
f 2456/1606/1217 2455/1612/1223 2803/1607/1218
f 2455/1612/1223 2824/1773/1563 2803/1607/1218
f 2824/1773/1563 2804/1774/1296 2803/1607/1218
f 2805/1323/1498 2821/1453/1564 2813/802/1205
f 2806/1456/1292 2807/1455/1565 2520/946/1293
f 2521/1454/1308 2520/946/1293 2807/1455/1565
f 2751/1448/1222 2808/1344/1513 2801/1447/1562
f 2822/1457/1566 2801/1447/1562 2808/1344/1513
f 2801/1332/1562 2810/1459/1567 2802/1333/1561
f 2809/1458/1568 2802/1333/1561 2810/1459/1567
f 2809/1458/1568 2823/1461/1569 2802/1333/1561
f 2825/1460/1570 2802/1333/1561 2823/1461/1569
f 2826/1462/1571 2811/1447/1504 2810/1459/1567
f 2822/1453/1566 2826/1462/1571 2801/1332/1562
f 2809/1458/1568 2810/1459/1567 2827/1449/1503
f 2811/1447/1504 2827/1449/1503 2810/1459/1567
f 2827/1333/1503 2737/945/1300 2812/1460/1572
f 2521/1454/1308 2812/1460/1572 2737/945/1300
f 2805/1323/1498 2811/1332/1504 2821/1453/1564
f 2749/1343/1512 2813/802/1205 2822/1457/1566
f 2821/1453/1564 2822/1457/1566 2813/802/1205
f 2808/1344/1513 2749/1343/1512 2822/1457/1566
f 2742/1723/1450 2814/1722/1459 2808/1760/1513
f 2817/1725/1463 2712/1727/1465 2815/1775/1573
f 2816/1776/1574 2815/1775/1573 2712/1727/1465
f 2763/1314/1492 2815/1466/1573 2725/1312/1491
f 2816/1465/1574 2725/1312/1491 2815/1466/1573
f 2818/1747/1482 2733/1748/1486 2815/1775/1573
f 2817/1725/1463 2815/1775/1573 2733/1748/1486
f 2734/1748/1484 2818/1747/1482 2763/1725/1492
f 2815/1775/1573 2763/1725/1492 2818/1747/1482
f 2726/1729/1467 2816/1776/1574 2712/1727/1465
f 2726/1729/1467 2725/1727/1491 2816/1776/1574
f 2819/1468/1476 2729/1467/1493 2820/1738/1478
f 2716/1740/1480 2820/1738/1478 2729/1467/1493
f 2819/1468/1476 2738/1469/1475 2729/1467/1493
f 2826/1462/1571 2822/1453/1566 2821/1457/1564
f 2823/1461/1569 2807/1455/1565 2825/1460/1570
f 2521/1454/1308 2807/1455/1565 2812/1460/1572
f 2807/1455/1565 2806/1456/1292 2824/1471/1563
f 2804/1470/1296 2824/1471/1563 2806/1456/1292
f 2824/1471/1563 2825/1472/1570 2807/1455/1565
f 2802/1449/1561 2825/1472/1570 2455/1450/1223
f 2824/1471/1563 2455/1450/1223 2825/1472/1570
f 2826/1462/1571 2821/1457/1564 2811/1447/1504
f 2826/1462/1571 2810/1459/1567 2801/1332/1562
f 2812/1472/1572 2823/1461/1569 2827/1449/1503
f 2809/1458/1568 2827/1449/1503 2823/1461/1569
f 2812/1472/1572 2807/1455/1565 2823/1461/1569
f 2633/1167/1385 2638/1180/1401 2625/1165/1386
f 2634/1178/1400 2625/1165/1386 2638/1180/1401
f 2625/1165/1386 2634/1178/1400 2828/1169/1389
f 2635/1181/1402 2828/1169/1389 2634/1178/1400
f 2828/1169/1389 2635/1181/1402 2627/1171/1391
f 2636/1182/1403 2627/1171/1391 2635/1181/1402
f 2630/1175/1393 2830/1184/1405 2829/1173/1394
f 2831/1183/1404 2829/1173/1394 2830/1184/1405
f 2829/1173/1394 2831/1183/1404 2632/1177/1397
f 2832/1185/1406 2632/1177/1397 2831/1183/1404
f 2632/1177/1397 2832/1185/1406 2633/1167/1385
f 2638/1180/1401 2633/1167/1385 2832/1185/1406
f 2835/1123/1370 2833/1124/1357 2834/1474/1105
f 2090/1473/874 2834/1474/1105 2833/1124/1357
f 2834/1477/1105 2316/1444/1090 2835/1777/1370
f 2316/1444/1090 2606/1772/1368 2835/1777/1370
f 2606/1772/1368 2836/1778/1369 2835/1777/1370
f 2842/1481/1575 2844/1479/1576 2837/1480/1577
f 2839/1478/1578 2837/1480/1577 2844/1479/1576
f 2844/1479/1576 2838/1483/1579 2839/1478/1578
f 2849/1482/1580 2839/1478/1578 2838/1483/1579
f 2838/1483/1579 2847/1485/1581 2849/1482/1580
f 2841/1484/1582 2849/1482/1580 2847/1485/1581
f 2847/1485/1581 2840/1487/1583 2841/1484/1582
f 2852/1486/1584 2841/1484/1582 2840/1487/1583
f 2848/1489/1585 2843/1488/1586 2842/1481/1575
f 2844/1479/1576 2842/1481/1575 2843/1488/1586
f 2843/1488/1586 2845/1490/1587 2844/1479/1576
f 2838/1483/1579 2844/1479/1576 2845/1490/1587
f 2845/1490/1587 2846/1491/1588 2838/1483/1579
f 2847/1485/1581 2838/1483/1579 2846/1491/1588
f 2846/1491/1588 2848/1492/1585 2847/1485/1581
f 2840/1487/1583 2847/1485/1581 2848/1492/1585
f 2845/1490/1587 2843/1488/1586 2848/1493/1585
f 2846/1494/1588 2845/1490/1587 2848/1493/1585
f 2839/1478/1578 2850/1496/1589 2837/1480/1577
f 2855/1495/1590 2837/1480/1577 2850/1496/1589
f 2849/1482/1580 2851/1497/1591 2839/1478/1578
f 2850/1496/1589 2839/1478/1578 2851/1497/1591
f 2849/1482/1580 2841/1484/1582 2851/1497/1591
f 2854/1498/1592 2851/1497/1591 2841/1484/1582
f 2841/1484/1582 2852/1486/1584 2854/1498/1592
f 2853/1499/1593 2854/1498/1592 2852/1486/1584
f 2853/1502/1593 2855/1495/1590 2854/1501/1592
f 2855/1495/1590 2850/1496/1589 2854/1501/1592
f 2850/1496/1589 2851/1500/1591 2854/1501/1592
f 2856/1559/1172 2428/1560/1173 2857/1779/1125
f 2373/1562/658 2857/1779/1125 2428/1560/1173
f 2530/1769/1301 2519/1780/1302 2546/1683/1307
f 2564/1505/1192 2562/1032/1191 2858/1030/1338
f 2863/1481/1575 2860/1479/1576 2859/1480/1577
f 2861/1478/1578 2859/1480/1577 2860/1479/1576
f 2860/1479/1576 2866/1483/1579 2861/1478/1578
f 2872/1482/1580 2861/1478/1578 2866/1483/1579
f 2866/1483/1579 2862/1485/1581 2872/1482/1580
f 2873/1484/1582 2872/1482/1580 2862/1485/1581
f 2862/1485/1581 2868/1487/1583 2873/1484/1582
f 2874/1486/1594 2873/1484/1582 2868/1487/1583
f 2867/1489/1585 2864/1488/1586 2863/1481/1575
f 2860/1479/1576 2863/1481/1575 2864/1488/1586
f 2864/1488/1586 2865/1490/1595 2860/1479/1576
f 2866/1483/1579 2860/1479/1576 2865/1490/1595
f 2865/1490/1595 2869/1491/1588 2866/1483/1579
f 2862/1485/1581 2866/1483/1579 2869/1491/1588
f 2869/1491/1588 2867/1492/1585 2862/1485/1581
f 2868/1487/1583 2862/1485/1581 2867/1492/1585
f 2865/1490/1595 2864/1488/1586 2867/1493/1585
f 2869/1494/1588 2865/1490/1595 2867/1493/1585
f 2861/1478/1578 2870/1496/1589 2859/1480/1577
f 2871/1495/1590 2859/1480/1577 2870/1496/1589
f 2872/1482/1580 2877/1497/1591 2861/1478/1578
f 2870/1496/1589 2861/1478/1578 2877/1497/1591
f 2872/1482/1580 2873/1484/1582 2877/1497/1591
f 2876/1498/1592 2877/1497/1591 2873/1484/1582
f 2873/1484/1582 2874/1486/1594 2876/1498/1592
f 2875/1499/1593 2876/1498/1592 2874/1486/1594
f 2875/1502/1593 2871/1495/1590 2876/1501/1592
f 2871/1495/1590 2870/1496/1589 2876/1501/1592
f 2870/1496/1589 2877/1500/1591 2876/1501/1592
f 2879/1781/1596 2880/1782/1597 2878/1783/1598
f 2891/1784/1599 2878/1783/1598 2880/1782/1597
f 2894/1785/1600 2881/1786/1601 2879/1781/1596
f 2880/1782/1597 2879/1781/1596 2881/1786/1601
f 2884/1787/1602 2883/1788/1603 2894/1789/1600
f 2881/1790/1601 2894/1789/1600 2883/1788/1603
f 2885/1791/1604 2882/1792/1605 2884/1787/1602
f 2883/1788/1603 2884/1787/1602 2882/1792/1605
f 2898/1793/1606 2886/1794/1607 2885/1791/1604
f 2882/1792/1605 2885/1791/1604 2886/1794/1607
f 2888/1795/1608 2887/1796/1609 2898/1793/1606
f 2886/1794/1607 2898/1793/1606 2887/1796/1609
f 2890/1797/1610 2889/1798/1611 2888/1795/1608
f 2887/1796/1609 2888/1795/1608 2889/1798/1611
f 2878/1783/1598 2891/1784/1599 2890/1797/1610
f 2889/1798/1611 2890/1797/1610 2891/1784/1599
f 2878/1783/1598 2901/1799/1612 2879/1781/1596
f 2892/1799/1613 2879/1781/1596 2901/1799/1612
f 2893/1799/1614 2894/1785/1600 2892/1799/1613
f 2879/1781/1596 2892/1799/1613 2894/1785/1600
f 2895/1800/1615 2884/1787/1602 2893/1800/1614
f 2894/1789/1600 2893/1800/1614 2884/1787/1602
f 2896/1800/1616 2885/1791/1604 2895/1800/1615
f 2884/1787/1602 2895/1800/1615 2885/1791/1604
f 2897/1800/1617 2898/1793/1606 2896/1800/1616
f 2885/1791/1604 2896/1800/1616 2898/1793/1606
f 2899/1800/1618 2888/1795/1608 2897/1800/1617
f 2898/1793/1606 2897/1800/1617 2888/1795/1608
f 2900/1799/1619 2890/1797/1610 2899/1800/1618
f 2888/1795/1608 2899/1800/1618 2890/1797/1610
f 2878/1783/1598 2890/1797/1610 2901/1799/1612
f 2900/1799/1619 2901/1799/1612 2890/1797/1610
f 2916/1801/1620 2902/1802/1621 2905/1803/1622
f 2918/1804/1623 2904/1805/1624 2929/1806/1625
f 2929/1806/1625 2904/1805/1624 2903/1807/1626
f 2903/1807/1626 2904/1805/1624 2902/1802/1621
f 2902/1802/1621 2904/1805/1624 2905/1803/1622
f 2904/1805/1624 2906/1808/1627 2905/1803/1622
f 2942/1804/1628 2935/1806/1629 2928/1805/1630
f 2935/1806/1629 2908/1807/1631 2928/1805/1630
f 2907/1801/1632 2922/1803/1633 2919/1802/1634
f 2919/1802/1634 2922/1803/1633 2908/1807/1631
f 2908/1807/1631 2922/1803/1633 2928/1805/1630
f 2922/1803/1633 2921/1808/1635 2928/1805/1630
f 2909/1809/1636 2927/1810/1637 2911/1811/1638
f 2910/1812/1639 2911/1811/1638 2927/1810/1637
f 2912/1813/1640 2913/1814/1641 2915/1815/1642
f 2914/1816/1643 2915/1815/1642 2913/1814/1641
f 2915/1815/1642 2914/1816/1643 2926/1817/1644
f 2917/1818/1645 2926/1817/1644 2914/1816/1643
f 2902/1802/1621 2916/1801/1620 2914/1816/1643
f 2917/1818/1645 2914/1816/1643 2916/1801/1620
f 2903/1807/1626 2902/1802/1621 2913/1814/1641
f 2914/1816/1643 2913/1814/1641 2902/1802/1621
f 2904/1805/1624 2918/1804/1623 2927/1810/1637
f 2910/1812/1639 2927/1810/1637 2918/1804/1623
f 2942/1804/1628 2928/1805/1630 2911/1812/1638
f 2909/1810/1636 2911/1812/1638 2928/1805/1630
f 2908/1807/1631 2912/1814/1640 2919/1802/1634
f 2915/1816/1642 2919/1802/1634 2912/1814/1640
f 2907/1801/1632 2919/1802/1634 2926/1818/1644
f 2915/1816/1642 2926/1818/1644 2919/1802/1634
f 2925/1819/1646 2924/1820/1647 2920/1821/1648
f 2923/1822/1649 2920/1821/1648 2924/1820/1647
f 2920/1821/1648 2905/1803/1622 2925/1819/1646
f 2906/1808/1627 2925/1819/1646 2905/1803/1622
f 2922/1803/1633 2923/1821/1649 2921/1808/1635
f 2924/1819/1647 2921/1808/1635 2923/1821/1649
f 2927/1810/1637 2909/1809/1636 2925/1819/1646
f 2924/1820/1647 2925/1819/1646 2909/1809/1636
f 2917/1818/1645 2916/1801/1620 2920/1821/1648
f 2905/1803/1622 2920/1821/1648 2916/1801/1620
f 2907/1801/1632 2926/1818/1644 2922/1803/1633
f 2923/1821/1649 2922/1803/1633 2926/1818/1644
f 2920/1821/1648 2923/1822/1649 2917/1818/1645
f 2926/1817/1644 2917/1818/1645 2923/1822/1649
f 2925/1819/1646 2906/1808/1627 2927/1810/1637
f 2904/1805/1624 2927/1810/1637 2906/1808/1627
f 2921/1808/1635 2924/1819/1647 2928/1805/1630
f 2909/1810/1636 2928/1805/1630 2924/1819/1647
f 2950/1801/1650 2947/1803/1651 2931/1802/1652
f 2946/1808/1653 2954/1805/1654 2947/1803/1651
f 2947/1803/1651 2954/1805/1654 2931/1802/1652
f 2918/1804/1623 2929/1806/1625 2954/1805/1654
f 2929/1806/1625 2930/1807/1655 2954/1805/1654
f 2954/1805/1654 2930/1807/1655 2931/1802/1652
f 2942/1804/1628 2955/1805/1656 2935/1806/1629
f 2948/1808/1657 2933/1803/1658 2955/1805/1656
f 2953/1801/1659 2932/1802/1660 2933/1803/1658
f 2932/1802/1660 2934/1807/1661 2933/1803/1658
f 2933/1803/1658 2934/1807/1661 2955/1805/1656
f 2955/1805/1656 2934/1807/1661 2935/1806/1629
f 2910/1812/1639 2936/1810/1662 2911/1811/1638
f 2937/1809/1663 2911/1811/1638 2936/1810/1662
f 2941/1816/1664 2938/1814/1665 2940/1815/1666
f 2939/1813/1667 2940/1815/1666 2938/1814/1665
f 2951/1818/1668 2941/1816/1664 2943/1817/1669
f 2940/1815/1666 2943/1817/1669 2941/1816/1664
f 2951/1818/1668 2950/1801/1650 2941/1816/1664
f 2931/1802/1652 2941/1816/1664 2950/1801/1650
f 2941/1816/1664 2931/1802/1652 2938/1814/1665
f 2930/1807/1655 2938/1814/1665 2931/1802/1652
f 2910/1812/1639 2918/1804/1623 2936/1810/1662
f 2954/1805/1654 2936/1810/1662 2918/1804/1623
f 2937/1810/1663 2955/1805/1656 2911/1812/1638
f 2942/1804/1628 2911/1812/1638 2955/1805/1656
f 2940/1816/1666 2939/1814/1667 2932/1802/1660
f 2934/1807/1661 2932/1802/1660 2939/1814/1667
f 2940/1816/1666 2932/1802/1660 2943/1818/1669
f 2953/1801/1659 2943/1818/1669 2932/1802/1660
f 2944/1822/1670 2945/1820/1671 2952/1821/1672
f 2949/1819/1673 2952/1821/1672 2945/1820/1671
f 2946/1808/1653 2947/1803/1651 2949/1819/1673
f 2952/1821/1672 2949/1819/1673 2947/1803/1651
f 2945/1819/1671 2944/1821/1670 2948/1808/1657
f 2933/1803/1658 2948/1808/1657 2944/1821/1670
f 2945/1820/1671 2937/1809/1663 2949/1819/1673
f 2936/1810/1662 2949/1819/1673 2937/1809/1663
f 2947/1803/1651 2950/1801/1650 2952/1821/1672
f 2951/1818/1668 2952/1821/1672 2950/1801/1650
f 2944/1821/1670 2943/1818/1669 2933/1803/1658
f 2953/1801/1659 2933/1803/1658 2943/1818/1669
f 2943/1817/1669 2944/1822/1670 2951/1818/1668
f 2952/1821/1672 2951/1818/1668 2944/1822/1670
f 2954/1805/1654 2946/1808/1653 2936/1810/1662
f 2949/1819/1673 2936/1810/1662 2946/1808/1653
f 2937/1810/1663 2945/1819/1671 2955/1805/1656
f 2948/1808/1657 2955/1805/1656 2945/1819/1671
f 2956/1823/1674 2957/1824/1675 2959/1825/1676
f 2958/1826/1677 2959/1825/1676 2957/1824/1675
f 2959/1825/1676 2958/1826/1677 2970/1827/1678
f 2960/1828/1679 2970/1827/1678 2958/1826/1677
f 2970/1827/1678 2960/1828/1679 2973/1829/1680
f 2961/1830/1681 2973/1829/1680 2960/1828/1679
f 2978/1831/1682 2973/1829/1680 2962/1832/1683
f 2973/1829/1680 2961/1830/1681 2962/1832/1683
f 2961/1830/1681 2963/1833/1684 2962/1832/1683
f 2956/1823/1674 2974/1834/1685 2957/1824/1675
f 2964/1835/1686 2957/1824/1675 2974/1834/1685
f 2964/1835/1686 2974/1834/1685 2968/1836/1687
f 2965/1837/1688 2968/1836/1687 2974/1834/1685
f 2965/1837/1688 2966/1838/1689 2968/1836/1687
f 2967/1839/1690 2968/1836/1687 2966/1838/1689
f 2969/1840/1691 2967/1839/1690 2962/1841/1683
f 2967/1839/1690 2966/1838/1689 2962/1841/1683
f 2966/1838/1689 2978/1842/1682 2962/1841/1683
f 2979/1843/1692 2956/1823/1674 2980/1844/1693
f 2959/1825/1676 2980/1844/1693 2956/1823/1674
f 2980/1844/1693 2959/1825/1676 2972/1845/1694
f 2970/1827/1678 2972/1845/1694 2959/1825/1676
f 2972/1845/1694 2970/1827/1678 2971/1846/1695
f 2973/1829/1680 2971/1846/1695 2970/1827/1678
f 2971/1846/1695 2973/1829/1680 2977/1847/1696
f 2978/1831/1682 2977/1847/1696 2973/1829/1680
f 2982/1848/1697 2974/1834/1685 2979/1843/1692
f 2956/1823/1674 2979/1843/1692 2974/1834/1685
f 2975/1849/1698 2965/1837/1688 2982/1848/1697
f 2974/1834/1685 2982/1848/1697 2965/1837/1688
f 2976/1850/1699 2966/1838/1689 2975/1849/1698
f 2965/1837/1688 2975/1849/1698 2966/1838/1689
f 2977/1851/1696 2978/1842/1682 2976/1850/1699
f 2966/1838/1689 2976/1850/1699 2978/1842/1682
f 2981/1852/1700 2979/1843/1692 2985/1853/1701
f 2980/1844/1693 2985/1853/1701 2979/1843/1692
f 2985/1854/1701 2980/1844/1693 2986/1855/1702
f 2972/1845/1694 2986/1855/1702 2980/1844/1693
f 2986/1855/1702 2972/1845/1694 2987/1856/1703
f 2971/1846/1695 2987/1856/1703 2972/1845/1694
f 2987/1856/1703 2971/1846/1695 2984/1857/1704
f 2977/1847/1696 2984/1857/1704 2971/1846/1695
f 2988/1858/1705 2982/1848/1697 2981/1852/1700
f 2979/1843/1692 2981/1852/1700 2982/1848/1697
f 2983/1859/1706 2975/1849/1698 2988/1858/1705
f 2982/1848/1697 2988/1858/1705 2975/1849/1698
f 2990/1860/1707 2976/1850/1699 2983/1859/1706
f 2975/1849/1698 2983/1859/1706 2976/1850/1699
f 2984/1861/1704 2977/1851/1696 2990/1860/1707
f 2976/1850/1699 2990/1860/1707 2977/1851/1696
f 2985/1862/1701 2989/1863/898 2981/1864/1700
f 2986/1865/1702 2989/1863/898 2985/1862/1701
f 2987/1866/1703 2989/1863/898 2986/1865/1702
f 2984/1867/1704 2989/1863/898 2987/1866/1703
f 2981/1864/1700 2989/1863/898 2988/1868/1705
f 2988/1868/1705 2989/1863/898 2983/1859/1706
f 2983/1859/1706 2989/1863/898 2990/1860/1707
f 2990/1860/1707 2989/1863/898 2984/1867/1704
f 3016/1869/1708 3006/1870/1709 3018/1871/1710
f 2991/1872/1711 3018/1871/1710 3006/1870/1709
f 3012/1873/1712 2992/1874/1713 2991/1872/1711
f 2993/1875/1714 2991/1872/1711 2992/1874/1713
f 2994/1876/1715 2995/1877/1716 2996/1878/1717
f 3001/1879/1718 2996/1878/1717 2995/1877/1716
f 3017/1880/1719 3018/1871/1710 2997/1881/1720
f 2998/1882/1721 3003/1883/1722 2999/1884/1723
f 3000/1885/1724 2999/1884/1723 3003/1883/1722
f 2998/1882/1721 3025/1886/1725 3003/1883/1722
f 3013/1887/1726 3003/1883/1722 3025/1886/1725
f 2995/1877/1716 2999/1884/1723 3001/1879/1718
f 3000/1885/1724 3001/1879/1718 2999/1884/1723
f 3002/1888/1727 2996/1878/1717 3001/1879/1718
f 3002/1888/1727 3001/1879/1718 3015/1889/1728
f 3000/1885/1724 3015/1889/1728 3001/1879/1718
f 3005/1890/1729 3015/1889/1728 3003/1883/1722
f 3003/1883/1722 3013/1887/1726 3005/1890/1729
f 3004/1891/1730 3005/1890/1729 3013/1887/1726
f 3014/1892/1731 3012/1873/1712 3006/1870/1709
f 2991/1872/1711 3006/1870/1709 3012/1873/1712
f 3008/1893/1732 3002/1888/1727 3007/1894/1733
f 3015/1889/1728 3007/1894/1733 3002/1888/1727
f 3007/1894/1733 3015/1889/1728 3009/1895/1734
f 3005/1890/1729 3009/1895/1734 3015/1889/1728
f 3011/1896/1735 3009/1895/1734 3004/1891/1730
f 3005/1890/1729 3004/1891/1730 3009/1895/1734
f 3010/1897/1736 3011/1896/1735 3014/1892/1731
f 3004/1891/1730 3014/1892/1731 3011/1896/1735
f 3002/1888/1727 3008/1893/1732 2996/1878/1717
f 3018/1871/1710 3041/1898/1737 2997/1881/1720
f 3013/1887/1726 3025/1886/1725 3012/1873/1712
f 2992/1874/1713 3012/1873/1712 3025/1886/1725
f 3013/1887/1726 3012/1873/1712 3004/1891/1730
f 3014/1892/1731 3004/1891/1730 3012/1873/1712
f 3014/1892/1731 3006/1870/1709 3010/1897/1736
f 3015/1889/1728 3000/1885/1724 3003/1883/1722
f 3018/1871/1710 3017/1880/1719 3016/1869/1708
f 3018/1871/1710 2991/1872/1711 3041/1898/1737
f 2993/1875/1714 3041/1898/1737 2991/1872/1711
f 3020/1899/1738 3039/1870/1739 3040/1900/1740
f 3019/1869/1741 3040/1900/1740 3039/1870/1739
f 2993/1901/1714 2992/1902/1713 3020/1899/1738
f 3038/1903/1742 3020/1899/1738 2992/1902/1713
f 3027/1904/1743 2995/1905/1716 3021/1878/1744
f 2994/1906/1715 3021/1878/1744 2995/1905/1716
f 3040/1900/1740 3022/1907/1745 2997/1908/1720
f 3026/1909/1746 3023/1910/1747 2999/1911/1723
f 2998/1912/1721 2999/1911/1723 3023/1910/1747
f 3024/1913/1748 3025/1914/1725 3023/1910/1747
f 2998/1912/1721 3023/1910/1747 3025/1914/1725
f 3026/1909/1746 2999/1911/1723 3027/1904/1743
f 2995/1905/1716 3027/1904/1743 2999/1911/1723
f 3021/1878/1744 3028/1915/1749 3027/1904/1743
f 3026/1909/1746 3027/1904/1743 3029/1916/1750
f 3028/1915/1749 3029/1916/1750 3027/1904/1743
f 3029/1916/1750 3031/1917/1751 3023/1910/1747
f 3035/1918/1752 3024/1913/1748 3031/1917/1751
f 3023/1910/1747 3031/1917/1751 3024/1913/1748
f 3020/1899/1738 3038/1903/1742 3039/1870/1739
f 3036/1919/1753 3039/1870/1739 3038/1903/1742
f 3029/1916/1750 3028/1915/1749 3032/1894/1754
f 3030/1893/1755 3032/1894/1754 3028/1915/1749
f 3031/1917/1751 3029/1916/1750 3033/1895/1756
f 3032/1894/1754 3033/1895/1756 3029/1916/1750
f 3031/1917/1751 3033/1895/1756 3035/1918/1752
f 3034/1896/1757 3035/1918/1752 3033/1895/1756
f 3035/1918/1752 3034/1896/1757 3036/1919/1753
f 3037/1897/1758 3036/1919/1753 3034/1896/1757
f 3030/1893/1755 3028/1915/1749 3021/1878/1744
f 3041/1920/1737 3040/1900/1740 2997/1908/1720
f 2992/1902/1713 3025/1914/1725 3038/1903/1742
f 3024/1913/1748 3038/1903/1742 3025/1914/1725
f 3036/1919/1753 3038/1903/1742 3035/1918/1752
f 3024/1913/1748 3035/1918/1752 3038/1903/1742
f 3039/1870/1739 3036/1919/1753 3037/1897/1758
f 3026/1909/1746 3029/1916/1750 3023/1910/1747
f 3022/1907/1745 3040/1900/1740 3019/1869/1741
f 2993/1901/1714 3020/1899/1738 3041/1920/1737
f 3040/1900/1740 3041/1920/1737 3020/1899/1738
f 3042/1921/1759 3043/1922/1760 3047/1923/1761
f 3048/1924/1762 3047/1923/1761 3043/1922/1760
f 3042/1921/1759 3044/1925/1763 3043/1922/1760
f 3049/1926/1764 3043/1922/1760 3044/1925/1763
f 3048/1924/1762 3049/1926/1764 3045/1927/1765
f 3047/1923/1761 3048/1924/1762 3046/1928/1766
f 3045/1929/1765 3046/1928/1766 3048/1924/1762
f 3044/1925/1763 3046/1930/1766 3049/1926/1764
f 3045/1931/1765 3049/1926/1764 3046/1930/1766
f 3043/1922/1760 3049/1926/1764 3048/1924/1762
f 3058/1932/1767 3054/1933/1768 3051/1934/1769
f 3054/1933/1768 3050/1935/1770 3051/1934/1769
f 3050/1935/1770 3052/1936/1771 3051/1934/1769
f 3050/1935/1770 3062/1933/1772 3052/1936/1771
f 3062/1933/1772 3053/1932/1773 3052/1936/1771
f 3053/1932/1773 3057/1934/1774 3052/1936/1771
f 3060/1937/1775 3059/1938/1776 3056/1939/1777
f 3054/1933/1768 3060/1940/1775 3055/1941/1778
f 3056/1942/1777 3055/1941/1778 3060/1940/1775
f 3059/1940/1776 3062/1933/1772 3056/1942/1777
f 3055/1941/1778 3056/1942/1777 3062/1933/1772
f 3053/1943/1773 3058/1944/1767 3057/1945/1774
f 3051/1946/1769 3057/1945/1774 3058/1944/1767
f 3060/1940/1775 3054/1933/1768 3061/1947/1779
f 3062/1933/1772 3059/1940/1776 3063/1947/1780
f 3059/1938/1776 3060/1937/1775 3063/1948/1780
f 3061/1949/1779 3063/1948/1780 3060/1937/1775
f 3057/1945/1774 3051/1946/1769 3052/1950/1771
f 3054/1933/1768 3058/1932/1767 3061/1947/1779
f 3062/1933/1772 3063/1947/1780 3053/1932/1773
f 3063/1948/1780 3061/1949/1779 3053/1943/1773
f 3058/1944/1767 3053/1943/1773 3061/1949/1779
f 3070/1951/1781 3076/1952/1782 3064/1953/1783
f 3078/1954/1784 3064/1953/1783 3076/1952/1782
f 3064/1953/1783 3078/1954/1784 3065/1955/1785
f 3067/1956/1786 3065/1955/1785 3078/1954/1784
f 3065/1955/1785 3067/1956/1786 3066/1957/1787
f 3081/1958/1788 3066/1957/1787 3067/1956/1786
f 3066/1957/1787 3081/1958/1788 3089/1959/1789
f 3068/1960/1790 3089/1959/1789 3081/1958/1788
f 3069/1961/1791 3082/1962/1792 3070/1951/1781
f 3076/1952/1782 3070/1951/1781 3082/1962/1792
f 3087/1963/1793 3072/1964/1794 3075/1965/1795
f 3071/1966/1796 3072/1964/1794 3087/1963/1793
f 3074/1967/1797 3072/1964/1794 3073/1968/1798
f 3084/1969/1799 3072/1964/1794 3074/1967/1797
f 3075/1965/1795 3072/1964/1794 3084/1969/1799
f 3083/1970/1800 3077/1971/1801 3076/1952/1782
f 3078/1954/1784 3076/1952/1782 3077/1971/1801
f 3077/1971/1801 3079/1972/1802 3078/1954/1784
f 3067/1956/1786 3078/1954/1784 3079/1972/1802
f 3079/1972/1802 3080/1973/1803 3067/1956/1786
f 3081/1958/1788 3067/1956/1786 3080/1973/1803
f 3080/1973/1803 3085/1974/1804 3081/1958/1788
f 3068/1960/1790 3081/1958/1788 3085/1974/1804
f 3086/1975/1805 3083/1970/1800 3082/1962/1792
f 3076/1952/1782 3082/1962/1792 3083/1970/1800
f 3087/1976/1793 3075/1965/1795 3083/1970/1800
f 3077/1971/1801 3083/1970/1800 3075/1965/1795
f 3075/1965/1795 3084/1969/1799 3077/1971/1801
f 3079/1972/1802 3077/1971/1801 3084/1969/1799
f 3084/1969/1799 3074/1977/1797 3079/1972/1802
f 3080/1973/1803 3079/1972/1802 3074/1977/1797
f 3074/1977/1797 3073/1978/1798 3080/1973/1803
f 3085/1974/1804 3080/1973/1803 3073/1978/1798
f 3071/1979/1796 3087/1976/1793 3086/1975/1805
f 3083/1970/1800 3086/1975/1805 3087/1976/1793
f 3064/1953/1783 3088/1980/1806 3070/1981/1781
f 3065/1955/1785 3088/1980/1806 3064/1953/1783
f 3066/1982/1787 3088/1980/1806 3065/1955/1785
f 3089/1983/1789 3088/1980/1806 3066/1982/1787
f 3070/1981/1781 3088/1980/1806 3069/1984/1791
f 3113/1951/1807 3091/1952/1782 3090/1953/1783
f 3093/1954/1784 3090/1953/1783 3091/1952/1782
f 3090/1953/1783 3093/1954/1784 3092/1955/1785
f 3094/1956/1786 3092/1955/1785 3093/1954/1784
f 3092/1955/1785 3094/1956/1786 3114/1957/1787
f 3105/1958/1788 3114/1957/1787 3094/1956/1786
f 3114/1957/1787 3105/1958/1788 3095/1959/1789
f 3104/1960/1790 3095/1959/1789 3105/1958/1788
f 3096/1961/1791 3106/1962/1792 3113/1951/1807
f 3091/1952/1782 3113/1951/1807 3106/1962/1792
f 3112/1963/1808 3097/1964/1809 3100/1965/1795
f 3111/1966/1796 3097/1964/1809 3112/1963/1808
f 3098/1967/1797 3097/1964/1809 3109/1968/1798
f 3099/1969/1799 3097/1964/1809 3098/1967/1797
f 3100/1965/1795 3097/1964/1809 3099/1969/1799
f 3107/1970/1800 3101/1971/1801 3091/1952/1782
f 3093/1954/1784 3091/1952/1782 3101/1971/1801
f 3101/1971/1801 3108/1972/1802 3093/1954/1784
f 3094/1956/1786 3093/1954/1784 3108/1972/1802
f 3108/1972/1802 3102/1973/1803 3094/1956/1786
f 3105/1958/1788 3094/1956/1786 3102/1973/1803
f 3102/1973/1803 3103/1974/1804 3105/1958/1788
f 3104/1960/1790 3105/1958/1788 3103/1974/1804
f 3110/1975/1805 3107/1970/1800 3106/1962/1792
f 3091/1952/1782 3106/1962/1792 3107/1970/1800
f 3112/1976/1808 3100/1965/1795 3107/1970/1800
f 3101/1971/1801 3107/1970/1800 3100/1965/1795
f 3100/1965/1795 3099/1969/1799 3101/1971/1801
f 3108/1972/1802 3101/1971/1801 3099/1969/1799
f 3099/1969/1799 3098/1977/1797 3108/1972/1802
f 3102/1973/1803 3108/1972/1802 3098/1977/1797
f 3098/1977/1797 3109/1978/1798 3102/1973/1803
f 3103/1974/1804 3102/1973/1803 3109/1978/1798
f 3111/1979/1796 3112/1976/1808 3110/1975/1805
f 3107/1970/1800 3110/1975/1805 3112/1976/1808
f 3090/1953/1783 3115/1980/1806 3113/1981/1807
f 3092/1955/1785 3115/1980/1806 3090/1953/1783
f 3114/1982/1787 3115/1980/1806 3092/1955/1785
f 3095/1983/1789 3115/1980/1806 3114/1982/1787
f 3113/1981/1807 3115/1980/1806 3096/1984/1791
f 3122/1951/1810 3129/1952/1811 3116/1953/1812
f 3130/1954/1813 3116/1953/1812 3129/1952/1811
f 3116/1953/1812 3130/1954/1813 3117/1955/1814
f 3131/1956/1815 3117/1955/1814 3130/1954/1813
f 3117/1955/1814 3131/1956/1815 3139/1957/1816
f 3118/1958/1817 3139/1957/1816 3131/1956/1815
f 3139/1957/1816 3118/1958/1817 3120/1959/1818
f 3119/1960/1819 3120/1959/1818 3118/1958/1817
f 3140/1961/1820 3121/1962/1821 3122/1951/1810
f 3129/1952/1811 3122/1951/1810 3121/1962/1821
f 3123/1963/1822 3125/1964/1823 3135/1965/1824
f 3138/1966/1825 3125/1964/1823 3123/1963/1822
f 3126/1967/1826 3125/1964/1823 3124/1968/1827
f 3127/1969/1828 3125/1964/1823 3126/1967/1826
f 3135/1965/1824 3125/1964/1823 3127/1969/1828
f 3128/1970/1829 3137/1971/1830 3129/1952/1811
f 3130/1954/1813 3129/1952/1811 3137/1971/1830
f 3137/1971/1830 3136/1972/1831 3130/1954/1813
f 3131/1956/1815 3130/1954/1813 3136/1972/1831
f 3136/1972/1831 3132/1973/1832 3131/1956/1815
f 3118/1958/1817 3131/1956/1815 3132/1973/1832
f 3132/1973/1832 3133/1974/1833 3118/1958/1817
f 3119/1960/1819 3118/1958/1817 3133/1974/1833
f 3134/1975/1834 3128/1970/1829 3121/1962/1821
f 3129/1952/1811 3121/1962/1821 3128/1970/1829
f 3123/1976/1822 3135/1965/1824 3128/1970/1829
f 3137/1971/1830 3128/1970/1829 3135/1965/1824
f 3135/1965/1824 3127/1969/1828 3137/1971/1830
f 3136/1972/1831 3137/1971/1830 3127/1969/1828
f 3127/1969/1828 3126/1977/1826 3136/1972/1831
f 3132/1973/1832 3136/1972/1831 3126/1977/1826
f 3126/1977/1826 3124/1978/1827 3132/1973/1832
f 3133/1974/1833 3132/1973/1832 3124/1978/1827
f 3138/1979/1825 3123/1976/1822 3134/1975/1834
f 3128/1970/1829 3134/1975/1834 3123/1976/1822
f 3116/1953/1812 3141/1980/1835 3122/1981/1810
f 3117/1955/1814 3141/1980/1835 3116/1953/1812
f 3139/1982/1816 3141/1980/1835 3117/1955/1814
f 3120/1983/1818 3141/1980/1835 3139/1982/1816
f 3122/1981/1810 3141/1980/1835 3140/1984/1820
f 3142/1951/1810 3143/1952/1836 3163/1953/1812
f 3153/1954/1813 3163/1953/1812 3143/1952/1836
f 3163/1953/1812 3153/1954/1813 3164/1955/1837
f 3156/1956/1815 3164/1955/1837 3153/1954/1813
f 3164/1955/1837 3156/1956/1815 3165/1957/1816
f 3144/1958/1817 3165/1957/1816 3156/1956/1815
f 3165/1957/1816 3144/1958/1817 3145/1959/1818
f 3158/1960/1838 3145/1959/1818 3144/1958/1817
f 3167/1961/1820 3146/1962/1821 3142/1951/1810
f 3143/1952/1836 3142/1951/1810 3146/1962/1821
f 3149/1963/1839 3148/1964/1840 3147/1965/1824
f 3150/1966/1841 3148/1964/1840 3149/1963/1839
f 3152/1967/1842 3148/1964/1840 3151/1968/1827
f 3160/1969/1828 3148/1964/1840 3152/1967/1842
f 3147/1965/1824 3148/1964/1840 3160/1969/1828
f 3159/1970/1829 3161/1971/1830 3143/1952/1836
f 3153/1954/1813 3143/1952/1836 3161/1971/1830
f 3161/1971/1830 3154/1972/1831 3153/1954/1813
f 3156/1956/1815 3153/1954/1813 3154/1972/1831
f 3154/1972/1831 3155/1973/1832 3156/1956/1815
f 3144/1958/1817 3156/1956/1815 3155/1973/1832
f 3155/1973/1832 3157/1974/1833 3144/1958/1817
f 3158/1960/1838 3144/1958/1817 3157/1974/1833
f 3162/1975/1834 3159/1970/1829 3146/1962/1821
f 3143/1952/1836 3146/1962/1821 3159/1970/1829
f 3149/1976/1839 3147/1965/1824 3159/1970/1829
f 3161/1971/1830 3159/1970/1829 3147/1965/1824
f 3147/1965/1824 3160/1969/1828 3161/1971/1830
f 3154/1972/1831 3161/1971/1830 3160/1969/1828
f 3160/1969/1828 3152/1977/1842 3154/1972/1831
f 3155/1973/1832 3154/1972/1831 3152/1977/1842
f 3152/1977/1842 3151/1978/1827 3155/1973/1832
f 3157/1974/1833 3155/1973/1832 3151/1978/1827
f 3150/1979/1841 3149/1976/1839 3162/1975/1834
f 3159/1970/1829 3162/1975/1834 3149/1976/1839
f 3163/1953/1812 3166/1980/1835 3142/1981/1810
f 3164/1955/1837 3166/1980/1835 3163/1953/1812
f 3165/1982/1816 3166/1980/1835 3164/1955/1837
f 3145/1983/1818 3166/1980/1835 3165/1982/1816
f 3142/1981/1810 3166/1980/1835 3167/1984/1820
f 3169/1954/1843 3181/1952/1844 3168/1953/1845
f 3176/1951/1846 3168/1953/1845 3181/1952/1844
f 3172/1956/1847 3169/1954/1843 3173/1955/1848
f 3168/1953/1845 3173/1955/1848 3169/1954/1843
f 3171/1958/1849 3172/1956/1847 3170/1957/1850
f 3173/1955/1848 3170/1957/1850 3172/1956/1847
f 3174/1960/1851 3171/1958/1849 3175/1959/1852
f 3170/1957/1850 3175/1959/1852 3171/1958/1849
f 3181/1952/1844 3186/1962/1853 3176/1951/1846
f 3193/1961/1854 3176/1951/1846 3186/1962/1853
f 3178/1964/1855 3177/1963/1856 3187/1965/1857
f 3178/1964/1855 3190/1966/1858 3177/1963/1856
f 3178/1964/1855 3189/1967/1859 3179/1968/1860
f 3178/1964/1855 3180/1969/1861 3189/1967/1859
f 3178/1964/1855 3187/1965/1857 3180/1969/1861
f 3169/1954/1843 3182/1971/1862 3181/1952/1844
f 3185/1970/1863 3181/1952/1844 3182/1971/1862
f 3172/1956/1847 3188/1972/1864 3169/1954/1843
f 3182/1971/1862 3169/1954/1843 3188/1972/1864
f 3171/1958/1849 3183/1973/1865 3172/1956/1847
f 3188/1972/1864 3172/1956/1847 3183/1973/1865
f 3174/1960/1851 3184/1974/1866 3171/1958/1849
f 3183/1973/1865 3171/1958/1849 3184/1974/1866
f 3181/1952/1844 3185/1970/1863 3186/1962/1853
f 3191/1975/1867 3186/1962/1853 3185/1970/1863
f 3182/1971/1862 3187/1965/1857 3185/1970/1863
f 3177/1976/1856 3185/1970/1863 3187/1965/1857
f 3188/1972/1864 3180/1969/1861 3182/1971/1862
f 3187/1965/1857 3182/1971/1862 3180/1969/1861
f 3183/1973/1865 3189/1977/1859 3188/1972/1864
f 3180/1969/1861 3188/1972/1864 3189/1977/1859
f 3184/1974/1866 3179/1978/1860 3183/1973/1865
f 3189/1977/1859 3183/1973/1865 3179/1978/1860
f 3185/1970/1863 3177/1976/1856 3191/1975/1867
f 3190/1979/1858 3191/1975/1867 3177/1976/1856
f 3192/1980/1868 3168/1953/1845 3176/1981/1846
f 3192/1980/1868 3173/1955/1848 3168/1953/1845
f 3192/1980/1868 3170/1982/1850 3173/1955/1848
f 3192/1980/1868 3175/1983/1852 3170/1982/1850
f 3192/1980/1868 3176/1981/1846 3193/1984/1854
f 3200/1985/1869 3195/1986/1870 3197/1987/1871
f 3194/1988/1872 3195/1986/1870 3196/1989/1873
f 3200/1985/1869 3196/1989/1873 3195/1986/1870
f 3203/1990/1874 3205/1991/1875 3217/1992/1876
f 3197/1987/1871 3217/1992/1876 3205/1991/1875
f 3205/1991/1875 3198/1993/1877 3197/1987/1871
f 3200/1985/1869 3197/1987/1871 3198/1993/1877
f 3196/1989/1873 3200/1985/1869 3199/1994/1878
f 3198/1993/1877 3199/1994/1878 3200/1985/1869
f 3201/1995/1879 3202/1996/1880 3204/1997/1881
f 3203/1990/1874 3204/1997/1881 3202/1996/1880
f 3202/1996/1880 3207/1998/1882 3203/1990/1874
f 3205/1991/1875 3203/1990/1874 3207/1998/1882
f 3207/1998/1882 3209/1999/1883 3205/1991/1875
f 3198/1993/1877 3205/1991/1875 3209/1999/1883
f 3210/2000/1884 3206/2001/1885 3201/1995/1879
f 3202/1996/1880 3201/1995/1879 3206/2001/1885
f 3206/2001/1885 3212/2002/1886 3202/1996/1880
f 3207/1998/1882 3202/1996/1880 3212/2002/1886
f 3212/2002/1886 3208/2003/1887 3207/1998/1882
f 3209/1999/1883 3207/1998/1882 3208/2003/1887
f 3213/2004/1888 3215/2005/1889 3210/2000/1884
f 3206/2001/1885 3210/2000/1884 3215/2005/1889
f 3215/2005/1889 3211/2006/1890 3206/2001/1885
f 3212/2002/1886 3206/2001/1885 3211/2006/1890
f 3211/2006/1890 3216/2007/1891 3212/2002/1886
f 3208/2003/1887 3212/2002/1886 3216/2007/1891
f 3214/2008/1892 3215/2005/1889 3213/2004/1888
f 3214/2008/1892 3237/2009/1893 3215/2005/1889
f 3211/2006/1890 3215/2005/1889 3237/2009/1893
f 3237/2009/1893 3216/2007/1891 3211/2006/1890
f 3237/2009/1893 3214/2008/1892 3236/2010/1894
f 3203/1990/1874 3217/1992/1876 3204/1997/1881
f 3197/1987/1871 3195/1986/1870 3217/1992/1876
f 3194/1988/1872 3196/1989/1873 3238/2011/1895
f 3238/2011/1895 3218/2012/1896 3220/2013/1897
f 3219/2014/1898 3220/2013/1897 3218/2012/1896
f 3196/1989/1873 3199/1994/1878 3238/2011/1895
f 3218/2012/1896 3238/2011/1895 3199/1994/1878
f 3219/2014/1898 3222/2015/1899 3221/2016/1900
f 3223/2017/1901 3221/2016/1900 3222/2015/1899
f 3218/2012/1896 3227/2018/1902 3219/2014/1898
f 3222/2015/1899 3219/2014/1898 3227/2018/1902
f 3199/1994/1878 3224/2019/1903 3218/2012/1896
f 3227/2018/1902 3218/2012/1896 3224/2019/1903
f 3209/1999/1883 3224/2019/1903 3198/1993/1877
f 3199/1994/1878 3198/1993/1877 3224/2019/1903
f 3222/2015/1899 3225/2020/1904 3223/2017/1901
f 3230/2021/1905 3223/2017/1901 3225/2020/1904
f 3227/2018/1902 3226/2022/1906 3222/2015/1899
f 3225/2020/1904 3222/2015/1899 3226/2022/1906
f 3224/2019/1903 3228/2023/1907 3227/2018/1902
f 3226/2022/1906 3227/2018/1902 3228/2023/1907
f 3208/2003/1887 3228/2023/1907 3209/1999/1883
f 3224/2019/1903 3209/1999/1883 3228/2023/1907
f 3225/2020/1904 3229/2024/1908 3230/2021/1905
f 3231/2025/1909 3230/2021/1905 3229/2024/1908
f 3226/2022/1906 3233/2026/1910 3225/2020/1904
f 3229/2024/1908 3225/2020/1904 3233/2026/1910
f 3228/2023/1907 3234/2027/1911 3226/2022/1906
f 3233/2026/1910 3226/2022/1906 3234/2027/1911
f 3216/2007/1891 3234/2027/1911 3208/2003/1887
f 3228/2023/1907 3208/2003/1887 3234/2027/1911
f 3229/2024/1908 3232/2028/1912 3231/2025/1909
f 3233/2026/1910 3235/2029/1913 3229/2024/1908
f 3232/2028/1912 3229/2024/1908 3235/2029/1913
f 3234/2027/1911 3235/2029/1913 3233/2026/1910
f 3237/2009/1893 3235/2029/1913 3216/2007/1891
f 3234/2027/1911 3216/2007/1891 3235/2029/1913
f 3232/2028/1912 3235/2029/1913 3236/2010/1894
f 3235/2029/1913 3237/2009/1893 3236/2010/1894
f 3220/2013/1897 3219/2014/1898 3221/2016/1900
f 3194/1988/1872 3238/2011/1895 3220/2013/1897
f 1897/1506/1914 2126/1710/1914 3258/2030/1914
f 2615/1138/1914 3258/2030/1914 2126/1710/1914
f 2615/1138/1914 3242/1139/1914 3258/2030/1914
f 3248/705/1914 3258/2030/1914 3242/1139/1914
f 3240/2031/1915 3241/2032/1916 3239/2033/1917
f 3245/2034/1918 3239/2033/1917 3241/2032/1916
f 3244/2035/1919 3243/2036/1920 3239/2033/1917
f 3240/2031/1915 3239/2033/1917 3243/2036/1920
f 2126/1075/1921 1897/2037/1922 3241/1076/1916
f 3245/2038/1918 3241/1076/1916 1897/2037/1922
f 2615/2039/1923 2126/2040/1921 3240/2041/1915
f 3241/2042/1916 3240/2041/1915 2126/2040/1921
f 3242/2043/1924 2615/2039/1923 3243/2044/1920
f 3240/2041/1915 3243/2044/1920 2615/2039/1923
f 3248/2045/1925 3242/2043/1924 3244/2046/1919
f 3243/2044/1920 3244/2046/1919 3242/2043/1924
f 3258/2047/1926 3248/2045/1927 3239/2048/1926
f 3244/2046/1927 3239/2048/1926 3248/2045/1927
f 1897/2037/1926 3258/2047/1926 3245/2038/1926
f 3239/2048/1926 3245/2038/1926 3258/2047/1926
f 3246/2049/1928 3247/1508/1929 3258/2030/1914
f 1897/1506/1930 3258/2030/1914 3247/1508/1929
f 3247/1508/1929 3246/2049/1928 2129/1648/1931
f 3257/2050/1932 2129/1648/1931 3246/2049/1928
f 3248/705/1933 3249/706/1934 3258/2030/1914
f 3246/2049/1928 3258/2030/1914 3249/706/1934
f 3257/2050/1932 3246/2049/1928 3250/860/1935
f 3249/706/1934 3250/860/1935 3246/2049/1928
f 3245/2034/1918 3256/2051/1936 3239/2033/1917
f 3254/2052/1937 3239/2033/1917 3256/2051/1936
f 3251/2053/1938 3254/2052/1937 3252/2054/1939
f 3256/2051/1936 3252/2054/1939 3254/2052/1937
f 3254/2052/1937 3253/2055/1940 3239/2033/1917
f 3244/2035/1919 3239/2033/1917 3253/2055/1940
f 3253/2055/1940 3254/2052/1937 3255/2056/1941
f 3251/2053/1938 3255/2056/1941 3254/2052/1937
f 3245/2057/1918 1897/2058/1930 3256/2059/1936
f 3247/2060/1929 3256/2059/1936 1897/2058/1930
f 3256/2059/1936 3247/2060/1929 3252/2061/1939
f 2129/2062/1931 3252/2061/1939 3247/2060/1929
f 3252/2061/1939 2129/2062/1942 3251/2063/1938
f 3257/2064/1942 3251/2063/1938 2129/2062/1942
f 3251/2063/1938 3257/2064/1942 3255/1058/1941
f 3250/2065/1942 3255/1058/1941 3257/2064/1942
f 3255/1058/1941 3250/2065/1935 3253/2066/1940
f 3249/2067/1934 3253/2066/1940 3250/2065/1935
f 3253/2066/1940 3249/2067/1934 3244/2068/1919
f 3248/2069/1933 3244/2068/1919 3249/2067/1934
f 3257/2050/1943 2121/2070/1943 2129/1648/1943
f 2259/1647/1943 2129/1648/1943 2121/2070/1943
f 2750/861/1943 2121/2070/1943 3250/860/1943
f 3257/2050/1943 3250/860/1943 2121/2070/1943
f 3262/2071/1944 3260/2072/1945 3252/2054/1946
f 3259/2053/1947 3252/2054/1946 3260/2072/1945
f 3259/2053/1947 3260/2072/1945 3255/2056/1948
f 3261/2073/1949 3255/2056/1948 3260/2072/1945
f 3262/2074/1944 2259/2075/1950 3260/2076/1945
f 2121/2077/1951 3260/2076/1945 2259/2075/1950
f 3260/2076/1945 2121/2077/1951 3261/2078/1949
f 2750/2079/1952 3261/2078/1949 2121/2077/1951
f 3261/1076/1949 2750/1075/1952 3255/2080/1948
f 3250/2081/1925 3255/2080/1948 2750/1075/1952
f 3255/2080/1948 3250/2081/1953 3259/2082/1947
f 3257/2083/1954 3259/2082/1947 3250/2081/1953
f 3259/2082/1947 3257/2083/1954 3252/2084/1946
f 2129/2085/1955 3252/2084/1946 3257/2083/1954
f 3252/2084/1946 2129/2085/1922 3262/2074/1944
f 2259/2075/1950 3262/2074/1944 2129/2085/1922
f 3271/2086/1956 3263/2087/1957 3264/2088/1958
f 3274/2089/1959 3264/2088/1958 3263/2087/1957
f 3264/2088/1958 3274/2089/1959 3265/2090/1960
f 3266/2091/1961 3265/2090/1960 3274/2089/1959
f 3265/2090/1960 3266/2091/1961 3267/2092/1962
f 3273/2093/1963 3267/2092/1962 3266/2091/1961
f 3267/2092/1962 3273/2093/1963 3268/2094/1964
f 3269/2095/1965 3268/2094/1964 3273/2093/1963
f 3268/2094/1964 3269/2095/1965 3270/2096/1966
f 3272/2097/1967 3270/2096/1966 3269/2095/1965
f 3270/2096/1966 3272/2097/1967 3271/2086/1956
f 3263/2087/1957 3271/2086/1956 3272/2097/1967
f 3269/2095/1965 3273/2093/1963 3272/2097/1967
f 3266/2091/1961 3274/2089/1959 3273/2093/1963
f 3273/2093/1963 3274/2089/1959 3272/2097/1967
f 3274/2089/1959 3263/2087/1957 3272/2097/1967
f 3280/2098/1968 3279/2099/1969 3275/2100/1970
f 3276/2101/1971 3275/2100/1970 3279/2099/1969
f 3279/2102/1969 3278/2103/1972 3276/2104/1971
f 3277/2105/1973 3276/2104/1971 3278/2103/1972
f 3278/2103/1972 3280/2098/1968 3277/2105/1973
f 3275/2100/1970 3277/2105/1973 3280/2098/1968
f 3277/2105/1973 3275/2100/1970 3276/2106/1971
f 3279/2107/1969 3280/2098/1968 3278/2103/1972
f 3282/2103/1974 3286/2098/1975 3281/2105/1976
f 3284/2100/1977 3281/2105/1976 3286/2098/1975
f 3286/2098/1975 3283/2099/1978 3284/2100/1977
f 3285/2101/1979 3284/2100/1977 3283/2099/1978
f 3283/2102/1978 3282/2103/1974 3285/2104/1979
f 3281/2105/1976 3285/2104/1979 3282/2103/1974
f 3285/2106/1979 3281/2105/1976 3284/2100/1977
f 3286/2098/1975 3282/2103/1974 3283/2107/1978
f 3292/2098/1980 3287/2099/1981 3291/2100/1982
f 3289/2101/1983 3291/2100/1982 3287/2099/1981
f 3287/2102/1981 3288/2103/1984 3289/2104/1983
f 3290/2105/1985 3289/2104/1983 3288/2103/1984
f 3288/2103/1984 3292/2098/1980 3290/2105/1985
f 3291/2100/1982 3290/2105/1985 3292/2098/1980
f 3290/2105/1985 3291/2100/1982 3289/2106/1983
f 3287/2107/1981 3292/2098/1980 3288/2103/1984
f 3293/2103/1986 3294/2098/1987 3297/2105/1988
f 3295/2100/1989 3297/2105/1988 3294/2098/1987
f 3294/2098/1987 3298/2099/1990 3295/2100/1989
f 3296/2101/1991 3295/2100/1989 3298/2099/1990
f 3298/2102/1990 3293/2103/1986 3296/2104/1991
f 3297/2105/1988 3296/2104/1991 3293/2103/1986
f 3296/2106/1991 3297/2105/1988 3295/2100/1989
f 3294/2098/1987 3293/2103/1986 3298/2107/1990
f 3300/2086/1992 3310/2087/1993 3299/2088/1994
f 3302/2089/1995 3299/2088/1994 3310/2087/1993
f 3299/2088/1994 3302/2089/1995 3301/2090/1996
f 3303/2091/1997 3301/2090/1996 3302/2089/1995
f 3301/2090/1996 3303/2091/1997 3306/2092/1998
f 3304/2093/1999 3306/2092/1998 3303/2091/1997
f 3306/2092/1998 3304/2093/1999 3305/2094/2000
f 3307/2095/2001 3305/2094/2000 3304/2093/1999
f 3305/2094/2000 3307/2095/2001 3308/2096/2002
f 3309/2097/2003 3308/2096/2002 3307/2095/2001
f 3308/2096/2002 3309/2097/2003 3300/2086/1992
f 3310/2087/1993 3300/2086/1992 3309/2097/2003
f 3307/2095/2001 3304/2093/1999 3309/2097/2003
f 3303/2091/1997 3302/2089/1995 3304/2093/1999
f 3304/2093/1999 3302/2089/1995 3309/2097/2003
f 3302/2089/1995 3310/2087/1993 3309/2097/2003
f 3313/2089/2004 3311/2087/2005 3312/2088/2006
f 3322/2086/2007 3312/2088/2006 3311/2087/2005
f 3316/2091/2008 3313/2089/2004 3314/2090/2009
f 3312/2088/2006 3314/2090/2009 3313/2089/2004
f 3318/2093/2010 3316/2091/2008 3315/2092/2011
f 3314/2090/2009 3315/2092/2011 3316/2091/2008
f 3321/2095/2012 3318/2093/2010 3317/2094/2013
f 3315/2092/2011 3317/2094/2013 3318/2093/2010
f 3320/2097/2014 3321/2095/2012 3319/2096/2015
f 3317/2094/2013 3319/2096/2015 3321/2095/2012
f 3311/2087/2005 3320/2097/2014 3322/2086/2007
f 3319/2096/2015 3322/2086/2007 3320/2097/2014
f 3316/2091/2008 3318/2093/2010 3313/2089/2004
f 3321/2095/2012 3320/2097/2014 3318/2093/2010
f 3318/2093/2010 3320/2097/2014 3313/2089/2004
f 3320/2097/2014 3311/2087/2005 3313/2089/2004
f 3323/2101/2016 3324/2099/2017 3327/2100/2018
f 3325/2098/2019 3327/2100/2018 3324/2099/2017
f 3328/2105/2020 3326/2103/2021 3323/2104/2016
f 3324/2102/2017 3323/2104/2016 3326/2103/2021
f 3327/2100/2018 3325/2098/2019 3328/2105/2020
f 3326/2103/2021 3328/2105/2020 3325/2098/2019
f 3327/2100/2018 3328/2105/2020 3323/2106/2016
f 3325/2098/2019 3324/2107/2017 3326/2103/2021
f 3331/2100/2022 3329/2098/2023 3332/2105/2024
f 3334/2103/2025 3332/2105/2024 3329/2098/2023
f 3333/2101/2026 3330/2099/2027 3331/2100/2022
f 3329/2098/2023 3331/2100/2022 3330/2099/2027
f 3332/2105/2024 3334/2103/2025 3333/2104/2026
f 3330/2102/2027 3333/2104/2026 3334/2103/2025
f 3332/2105/2024 3333/2106/2026 3331/2100/2022
f 3334/2103/2025 3329/2098/2023 3330/2107/2027
f 3340/2101/2028 3336/2099/2029 3335/2100/2030
f 3337/2098/2031 3335/2100/2030 3336/2099/2029
f 3338/2105/2032 3339/2103/2033 3340/2104/2028
f 3336/2102/2029 3340/2104/2028 3339/2103/2033
f 3335/2100/2030 3337/2098/2031 3338/2105/2032
f 3339/2103/2033 3338/2105/2032 3337/2098/2031
f 3335/2100/2030 3338/2105/2032 3340/2106/2028
f 3337/2098/2031 3336/2107/2029 3339/2103/2033
f 3346/2100/2034 3342/2098/2035 3341/2105/2036
f 3343/2103/2037 3341/2105/2036 3342/2098/2035
f 3345/2101/2038 3344/2099/2039 3346/2100/2034
f 3342/2098/2035 3346/2100/2034 3344/2099/2039
f 3341/2105/2036 3343/2103/2037 3345/2104/2038
f 3344/2102/2039 3345/2104/2038 3343/2103/2037
f 3341/2105/2036 3345/2106/2038 3346/2100/2034
f 3343/2103/2037 3342/2098/2035 3344/2107/2039
f 3356/2089/2040 3355/2087/2041 3348/2088/2042
f 3347/2086/2043 3348/2088/2042 3355/2087/2041
f 3349/2091/2044 3356/2089/2040 3350/2090/2045
f 3348/2088/2042 3350/2090/2045 3356/2089/2040
f 3357/2093/2046 3349/2091/2044 3353/2092/2047
f 3350/2090/2045 3353/2092/2047 3349/2091/2044
f 3352/2095/2048 3357/2093/2046 3351/2094/2049
f 3353/2092/2047 3351/2094/2049 3357/2093/2046
f 3358/2097/2050 3352/2095/2048 3354/2096/2051
f 3351/2094/2049 3354/2096/2051 3352/2095/2048
f 3355/2087/2041 3358/2097/2050 3347/2086/2043
f 3354/2096/2051 3347/2086/2043 3358/2097/2050
f 3349/2091/2044 3357/2093/2046 3356/2089/2040
f 3352/2095/2048 3358/2097/2050 3357/2093/2046
f 3357/2093/2046 3358/2097/2050 3356/2089/2040
f 3358/2097/2050 3355/2087/2041 3356/2089/2040
f 3359/1327/2052 3360/803/2053 2247/1329/2054
f 2291/805/2055 2247/1329/2054 3360/803/2053
f 3362/801/2056 3360/803/2053 2249/1331/2057
f 3360/803/2053 3359/1327/2052 2249/1331/2057
f 3359/1327/2052 2295/1326/2058 2249/1331/2057
f 3363/2108/2059 3361/2109/2060 3375/1352/2061
f 3361/2109/2060 2307/1384/2062 3375/1352/2061
f 2307/1384/2062 2308/1353/2063 3375/1352/2061
f 2311/1322/2064 3362/801/2056 3375/1352/2061
f 3362/801/2056 2249/1331/2057 3375/1352/2061
f 2297/1349/2065 3363/2108/2059 2249/1331/2057
f 2249/1331/2057 3363/2108/2059 3375/1352/2061
f 2299/1370/2066 2300/1371/2067 3361/2109/2068
f 2300/1371/2067 3364/1354/2069 3361/2109/2068
f 3364/1354/2069 2302/1355/2070 3361/2109/2068
f 2305/1350/2071 2286/1373/2071 2302/1355/2070
f 2302/1355/2070 2286/1373/2071 3361/2109/2068
f 3361/2109/2068 3363/2108/2072 2272/1369/2073
f 3363/2108/2072 2297/1349/2074 2272/1369/2073
f 2272/1369/2073 2299/1370/2066 3361/2109/2068
f 3365/2110/2075 3366/2111/2076 3379/2112/2077
f 3368/2113/2078 3379/2112/2077 3366/2111/2076
f 3378/2114/2079 3368/2113/2078 3367/2115/2080
f 3368/2113/2078 3366/2111/2076 3367/2115/2080
f 3366/2111/2076 3369/2116/2081 3367/2115/2080
f 3370/2117/2082 3371/2118/2083 3372/2119/2084
f 3371/2118/2083 3376/2120/2085 3372/2119/2084
f 3376/2120/2085 3377/2121/2086 3372/2119/2084
f 3374/2122/2087 3372/2119/2084 3369/2116/2081
f 3373/2123/2088 3367/2115/2080 3377/2121/2086
f 3377/2121/2086 3367/2115/2080 3372/2119/2084
f 3372/2119/2084 3367/2115/2080 3369/2116/2081
f 3365/2124/2075 2291/2125/2055 3366/2126/2076
f 3360/2127/2053 3366/2126/2076 2291/2125/2055
f 3366/2126/2076 3360/2127/2053 3369/2128/2081
f 3362/2129/2056 3369/2128/2081 3360/2127/2053
f 3369/2128/2081 3362/2129/2056 3374/2130/2087
f 2311/2131/2089 3374/2130/2087 3362/2129/2056
f 3374/2130/2087 2311/2131/2089 3372/2132/2084
f 3375/2133/2090 3372/2132/2084 2311/2131/2089
f 3372/2132/2084 3375/2133/2090 3370/2134/2082
f 2308/2135/2091 3370/2134/2082 3375/2133/2090
f 3370/2134/2082 2308/2135/2091 3371/2136/2083
f 2307/2137/2062 3371/2136/2083 2308/2135/2091
f 3371/2136/2083 2307/2137/2062 3376/1040/2085
f 3361/2138/2060 3376/1040/2085 2307/2137/2062
f 3376/1040/2085 3361/2138/2060 3377/2139/2086
f 3363/2140/2092 3377/2139/2086 3361/2138/2060
f 3377/2139/2086 3363/2140/2092 3373/2141/2088
f 2297/2142/2093 3373/2141/2088 3363/2140/2092
f 3373/1076/2088 2297/1075/2093 3367/2143/2080
f 2249/2144/2094 3367/2143/2080 2297/1075/2093
f 3367/2143/2080 2249/2144/2094 3378/2145/2079
f 2295/2146/2058 3378/2145/2079 2249/2144/2094
f 3378/2145/2079 2295/2146/2058 3368/2147/2078
f 3359/2148/2052 3368/2147/2078 2295/2146/2058
f 3368/2147/2078 3359/2148/2052 3379/2149/2077
f 2247/2150/2054 3379/2149/2077 3359/2148/2052
f 3379/2149/2077 2247/2150/2054 3365/2124/2075
f 2291/2125/2055 3365/2124/2075 2247/2150/2054
f 3388/2151/2095 3389/2152/2096 3387/2153/2097
f 3385/2154/2098 3381/2155/2099 3384/2156/2100
f 3384/2156/2100 3381/2155/2099 3380/2157/2101
f 3380/2157/2101 3381/2155/2099 3389/2152/2096
f 3389/2152/2096 3381/2155/2099 3387/2153/2097
f 3386/2158/2102 3381/2155/2099 3382/2159/2103
f 3383/2160/2104 3386/2161/2102 3382/2159/2103
f 3385/2154/2098 3382/2159/2103 3381/2155/2099
f 3389/2162/2096 2302/2163/2105 3380/2164/2101
f 3364/2165/2106 3380/2164/2101 2302/2163/2105
f 3380/2164/2101 3364/2165/2106 3384/2166/2100
f 2300/2167/2107 3384/2166/2100 3364/2165/2106
f 3384/2166/2100 2300/2167/2107 3385/2168/2098
f 2299/2169/2108 3385/2168/2098 2300/2167/2107
f 3385/2168/2098 2299/2169/2108 3382/2170/2103
f 2272/2171/2109 3382/2170/2103 2299/2169/2108
f 3382/2170/2103 2272/2171/2109 3383/2172/2104
f 2297/2173/2110 3383/2172/2104 2272/2171/2109
f 3383/2172/2104 2297/2173/2110 3386/2174/2102
f 3363/2175/2111 3386/2174/2102 2297/2173/2110
f 3386/2174/2102 3363/2175/2111 3381/2176/2099
f 3361/2177/2112 3381/2176/2099 3363/2175/2111
f 3381/2176/2099 3361/2177/2112 3387/2178/2097
f 2286/2179/2113 3387/2178/2097 3361/2177/2112
f 3387/2178/2097 2286/2179/2113 3388/2180/2095
f 2305/2181/2114 3388/2180/2095 2286/2179/2113
f 3388/2180/2095 2305/2181/2114 3389/2182/2096
f 2302/2183/2105 3389/2182/2096 2305/2181/2114
f 2785/805/2115 3390/803/2116 2740/1329/2117
f 3410/1327/2118 2740/1329/2117 3390/803/2116
f 2739/1326/2119 3410/1327/2118 3407/1331/2120
f 3410/1327/2118 3390/803/2116 3407/1331/2120
f 3390/803/2116 3391/801/2121 3407/1331/2120
f 2773/1353/2122 3392/1384/2123 2796/1352/2124
f 3392/1384/2123 2765/2109/2125 2796/1352/2124
f 2765/2109/2125 3394/2108/2126 2796/1352/2124
f 3393/1322/2127 2796/1352/2124 3391/801/2121
f 3406/1349/2128 3407/1331/2120 3394/2108/2126
f 3394/2108/2126 3407/1331/2120 2796/1352/2124
f 2796/1352/2124 3407/1331/2120 3391/801/2121
f 2793/1350/2129 3416/1355/2130 2775/1373/2129
f 3421/1370/2131 2765/2109/2132 2791/1371/2133
f 2791/1371/2133 2765/2109/2132 3419/1354/2134
f 3419/1354/2134 2765/2109/2132 3416/1355/2130
f 3416/1355/2130 2765/2109/2132 2775/1373/2129
f 3394/2108/2135 2765/2109/2132 2762/1369/2136
f 3406/1349/2137 3394/2108/2135 2762/1369/2136
f 3421/1370/2131 2762/1369/2136 2765/2109/2132
f 3395/2113/2138 3397/2111/2139 3411/2112/2140
f 3396/2110/2141 3411/2112/2140 3397/2111/2139
f 3400/2116/2142 3397/2111/2139 3408/2115/2143
f 3397/2111/2139 3395/2113/2138 3408/2115/2143
f 3395/2113/2138 3409/2114/2144 3408/2115/2143
f 3399/2121/2145 3398/2120/2146 3403/2119/2147
f 3398/2120/2146 3404/2118/2148 3403/2119/2147
f 3404/2118/2148 3402/2117/2149 3403/2119/2147
f 3401/2122/2150 3400/2116/2142 3403/2119/2147
f 3400/2116/2142 3408/2115/2143 3403/2119/2147
f 3405/2123/2151 3399/2121/2145 3408/2115/2143
f 3408/2115/2143 3399/2121/2145 3403/2119/2147
f 3390/2127/2116 2785/2125/2115 3397/2126/2139
f 3396/2124/2141 3397/2126/2139 2785/2125/2115
f 3391/2129/2121 3390/2127/2116 3400/2128/2142
f 3397/2126/2139 3400/2128/2142 3390/2127/2116
f 3393/2131/2152 3391/2129/2121 3401/2130/2150
f 3400/2128/2142 3401/2130/2150 3391/2129/2121
f 2796/2133/2153 3393/2131/2152 3403/2132/2147
f 3401/2130/2150 3403/2132/2147 3393/2131/2152
f 2773/2184/2154 2796/2132/2153 3402/2135/2149
f 3403/2133/2147 3402/2135/2149 2796/2132/2153
f 3392/2185/2123 2773/2184/2154 3404/2137/2148
f 3402/2135/2149 3404/2137/2148 2773/2184/2154
f 2765/2186/2125 3392/2185/2123 3398/2187/2146
f 3404/2137/2148 3398/2187/2146 3392/2185/2123
f 3394/2188/2155 2765/2186/2125 3399/2189/2145
f 3398/2187/2146 3399/2189/2145 2765/2186/2125
f 3406/2190/2156 3394/2188/2155 3405/2191/2151
f 3399/2189/2145 3405/2191/2151 3394/2188/2155
f 3407/2144/2157 3406/1075/2156 3408/2143/2143
f 3405/1076/2151 3408/2143/2143 3406/1075/2156
f 2739/2146/2119 3407/2144/2157 3409/2145/2144
f 3408/2143/2143 3409/2145/2144 3407/2144/2157
f 3410/2148/2118 2739/2146/2119 3395/2147/2138
f 3409/2145/2144 3395/2147/2138 2739/2146/2119
f 2740/2150/2117 3410/2148/2118 3411/2149/2140
f 3395/2147/2138 3411/2149/2140 3410/2148/2118
f 2785/2125/2115 2740/2150/2117 3396/2124/2141
f 3411/2149/2140 3396/2124/2141 2740/2150/2117
f 3422/2154/2158 3420/2156/2159 3412/2155/2160
f 3420/2156/2159 3418/2157/2161 3412/2155/2160
f 3418/2157/2161 3417/2152/2162 3412/2155/2160
f 3424/2151/2163 3413/2153/2164 3417/2152/2162
f 3417/2152/2162 3413/2153/2164 3412/2155/2160
f 3412/2155/2160 3423/2158/2165 3414/2192/2166
f 3423/2161/2165 3415/2160/2167 3414/2192/2166
f 3414/2192/2166 3422/2154/2158 3412/2155/2160
f 3419/2165/2168 3416/2163/2169 3418/2164/2161
f 3417/2162/2162 3418/2164/2161 3416/2163/2169
f 2791/2167/2170 3419/2165/2168 3420/2166/2159
f 3418/2164/2161 3420/2166/2159 3419/2165/2168
f 3421/2169/2171 2791/2167/2170 3422/2168/2158
f 3420/2166/2159 3422/2168/2158 2791/2167/2170
f 2762/2171/2172 3421/2169/2171 3414/2170/2166
f 3422/2168/2158 3414/2170/2166 3421/2169/2171
f 3406/2173/2173 2762/2171/2172 3415/2172/2167
f 3414/2170/2166 3415/2172/2167 2762/2171/2172
f 3394/2175/2174 3406/2173/2173 3423/2174/2165
f 3415/2172/2167 3423/2174/2165 3406/2173/2173
f 2765/2177/2175 3394/2175/2174 3412/2176/2160
f 3423/2174/2165 3412/2176/2160 3394/2175/2174
f 2775/2179/2176 2765/2177/2175 3413/2178/2164
f 3412/2176/2160 3413/2178/2164 2765/2177/2175
f 2793/2181/2177 2775/2179/2176 3424/2180/2163
f 3413/2178/2164 3424/2180/2163 2775/2179/2176
f 3416/2183/2169 2793/2181/2177 3417/2182/2162
f 3424/2180/2163 3417/2182/2162 2793/2181/2177
f 3426/2193/2178 3427/2194/2179 3425/2195/2180
f 3428/2196/2181 3425/2195/2180 3427/2194/2179
f 3429/2197/2182 3431/2198/2183 3426/2193/2178
f 3427/2194/2179 3426/2193/2178 3431/2198/2183
f 3430/2199/2184 3432/2200/2185 3429/2197/2182
f 3431/2198/2183 3429/2197/2182 3432/2200/2185
f 3425/2201/2180 3428/2202/2181 3430/2199/2184
f 3432/2200/2185 3430/2199/2184 3428/2202/2181
f 3427/2203/2179 3431/2198/2183 3428/2204/2181
f 3432/2200/2185 3428/2204/2181 3431/2198/2183
f 3439/2196/2186 3434/2194/2187 3433/2195/2188
f 3435/2193/2189 3433/2195/2188 3434/2194/2187
f 3434/2194/2187 3440/2198/2190 3435/2193/2189
f 3437/2197/2191 3435/2193/2189 3440/2198/2190
f 3440/2198/2190 3436/2200/2192 3437/2197/2191
f 3438/2199/2193 3437/2197/2191 3436/2200/2192
f 3436/2200/2192 3439/2202/2186 3438/2199/2193
f 3433/2201/2188 3438/2199/2193 3439/2202/2186
f 3436/2200/2192 3440/2198/2190 3439/2204/2186
f 3434/2203/2187 3439/2204/2186 3440/2198/2190
f 3441/2205/2194 3452/2206/2195 3447/2207/2196
f 3448/2208/2197 3447/2207/2196 3452/2206/2195
f 3450/2209/2198 3449/2210/2199 3443/2211/1925
f 3442/2212/1925 3443/2211/1925 3449/2210/2199
f 3444/2213/1922 3445/2214/1922 3446/2215/2200
f 3451/2216/2201 3446/2215/2200 3445/2214/1922
f 3447/2207/2196 3448/2208/2197 3450/2209/2198
f 3449/2210/2199 3450/2209/2198 3448/2208/2197
f 3452/2206/2195 3441/2205/2194 3451/2216/2201
f 3446/2215/2200 3451/2216/2201 3441/2205/2194
f 3458/2217/2202 3453/2218/2203 3456/2219/2204
f 3454/2220/2205 3456/2219/2204 3453/2218/2203
f 3455/2221/2206 3456/2219/2204 3454/2220/2205
f 3453/2218/2203 3458/2217/2202 3457/2222/2207
f 3457/2222/2207 3458/2217/2202 3455/2221/2206
f 3456/2219/2204 3455/2221/2206 3458/2217/2202
f 3466/2223/2208 3470/2224/2209 3459/755/651
f 1931/757/653 3459/755/651 3470/2224/2209
f 3466/2223/2208 3459/755/651 3460/2225/2210
f 3461/758/654 3460/2225/2210 3459/755/651
f 3470/2224/2209 3469/2226/2211 1931/757/653
f 2372/760/656 1931/757/653 3469/2226/2211
f 3465/2227/2212 2857/1503/1125 3469/2226/2211
f 2372/760/656 3469/2226/2211 2857/1503/1125
f 3463/2228/2213 3462/2229/2214 2422/1554/1169
f 2423/1556/1171 2422/1554/1169 3462/2229/2214
f 3460/2230/2210 3461/1557/654 3462/2229/2214
f 2423/1556/1171 3462/2229/2214 3461/1557/654
f 3463/2228/2213 2422/1554/1169 3464/2231/2215
f 2856/1559/1172 3464/2231/2215 2422/1554/1169
f 3464/2231/2215 2856/1559/1172 3465/2232/2212
f 2857/1779/1125 3465/2232/2212 2856/1559/1172
f 3472/2233/2216 3471/2234/2217 3466/2223/2208
f 3470/2224/2209 3466/2223/2208 3471/2234/2217
f 3472/2233/2216 3466/2223/2208 3467/2235/2218
f 3460/2225/2210 3467/2235/2218 3466/2223/2208
f 3468/2236/2219 3469/2226/2211 3471/2234/2217
f 3470/2224/2209 3471/2234/2217 3469/2226/2211
f 3479/2237/2220 3465/2227/2212 3468/2236/2219
f 3469/2226/2211 3468/2236/2219 3465/2227/2212
f 3476/2238/2221 3474/2239/2222 3463/2228/2213
f 3462/2229/2214 3463/2228/2213 3474/2239/2222
f 3467/2240/2218 3460/2230/2210 3474/2239/2222
f 3462/2229/2214 3474/2239/2222 3460/2230/2210
f 3476/2238/2221 3463/2228/2213 3478/2241/2223
f 3464/2231/2215 3478/2241/2223 3463/2228/2213
f 3478/2241/2223 3464/2231/2215 3479/2242/2220
f 3465/2232/2212 3479/2242/2220 3464/2231/2215
f 1900/711/607 3471/2234/2217 3472/2233/2216
f 1900/711/607 3472/2233/2216 1901/2243/609
f 3467/2235/2218 1901/2243/609 3472/2233/2216
f 3473/710/606 3468/2236/2219 1900/711/607
f 3471/2234/2217 1900/711/607 3468/2236/2219
f 3480/2244/608 3479/2237/2220 3473/710/606
f 3468/2236/2219 3473/710/606 3479/2237/2220
f 3475/1513/1134 3474/2239/2222 3476/2238/2221
f 1901/2245/609 3467/2240/2218 3475/1513/1134
f 3474/2239/2222 3475/1513/1134 3467/2240/2218
f 3475/1513/1134 3476/2238/2221 3477/1515/1135
f 3478/2241/2223 3477/1515/1135 3476/2238/2221
f 3477/1515/1135 3478/2241/2223 3480/2246/608
f 3479/2242/2220 3480/2246/608 3478/2241/2223
o Mirage_III_Pilot01_default
v 0.077449 -0.306226 2.935400
v 0.078536 -0.232040 2.938947
v 0.123744 -0.226055 2.922287
v 0.123744 -0.226055 2.922287
v 0.135931 -0.306226 2.912568
v 0.077449 -0.306226 2.935400
v 0.120925 -0.306226 3.099358
v 0.211652 -0.306226 3.058421
v 0.218395 -0.306655 3.143342
v 0.218395 -0.306655 3.143342
v 0.159546 -0.308426 3.159476
v 0.120925 -0.306226 3.099358
v 0.120925 -0.306226 3.099358
v 0.159546 -0.308426 3.159476
v 0.161179 -0.283795 3.157657
v 0.161179 -0.283795 3.157657
v 0.122772 -0.268682 3.115758
v 0.120925 -0.306226 3.099358
v 0.211652 -0.306226 3.058421
v 0.200360 -0.266433 3.077785
v 0.219903 -0.276648 3.141871
v 0.219903 -0.276648 3.141871
v 0.218395 -0.306655 3.143342
v 0.211652 -0.306226 3.058421
v 0.122772 -0.268682 3.115758
v 0.161179 -0.283795 3.157657
v 0.219903 -0.276648 3.141871
v 0.219903 -0.276648 3.141871
v 0.200360 -0.266433 3.077785
v 0.122772 -0.268682 3.115758
v 0.159546 -0.308426 3.159476
v 0.218395 -0.306655 3.143342
v 0.219903 -0.276648 3.141871
v 0.219903 -0.276648 3.141871
v 0.161179 -0.283795 3.157657
v 0.159546 -0.308426 3.159476
v 0.120925 -0.306226 3.099358
v 0.122772 -0.268682 3.115758
v 0.104290 -0.238628 3.033751
v 0.104290 -0.238628 3.033751
v 0.099187 -0.306226 3.017379
v 0.120925 -0.306226 3.099358
v 0.122772 -0.268682 3.115758
v 0.200360 -0.266433 3.077785
v 0.166588 -0.242734 3.016140
v 0.166588 -0.242734 3.016140
v 0.104290 -0.238628 3.033751
v 0.122772 -0.268682 3.115758
v 0.200360 -0.266433 3.077785
v 0.211652 -0.306226 3.058421
v 0.172752 -0.306226 2.983492
v 0.172752 -0.306226 2.983492
v 0.166588 -0.242734 3.016140
v 0.200360 -0.266433 3.077785
v 0.211652 -0.306226 3.058421
v 0.120925 -0.306226 3.099358
v 0.099187 -0.306226 3.017379
v 0.099187 -0.306226 3.017379
v 0.172752 -0.306226 2.983492
v 0.211652 -0.306226 3.058421
v 0.123744 -0.226055 2.922287
v 0.078536 -0.232040 2.938947
v 0.051748 -0.195980 2.930785
v 0.051748 -0.195980 2.930785
v 0.124973 -0.219670 2.883492
v 0.123744 -0.226055 2.922287
v 0.166588 -0.242734 3.016140
v 0.123744 -0.226055 2.922287
v 0.124973 -0.219670 2.883492
v 0.124973 -0.219670 2.883492
v 0.192995 -0.211322 2.963617
v 0.166588 -0.242734 3.016140
v 0.078536 -0.232040 2.938947
v 0.104290 -0.238628 3.033751
v 0.076773 -0.194881 3.040635
v 0.076773 -0.194881 3.040635
v 0.051748 -0.195980 2.930785
v 0.078536 -0.232040 2.938947
v 0.104290 -0.238628 3.033751
v 0.166588 -0.242734 3.016140
v 0.159090 -0.194127 3.061060
v 0.159090 -0.194127 3.061060
v 0.076773 -0.194881 3.040635
v 0.104290 -0.238628 3.033751
v 0.124973 -0.219670 2.883492
v 0.051748 -0.195980 2.930785
v 0.077000 0.118538 2.850624
v 0.077000 0.118538 2.850624
v 0.156501 0.099500 2.799416
v 0.124973 -0.219670 2.883492
v 0.192995 -0.211322 2.963617
v 0.124973 -0.219670 2.883492
v 0.156501 0.099500 2.799416
v 0.156501 0.099500 2.799416
v 0.218563 0.114365 2.848299
v 0.192995 -0.211322 2.963617
v 0.051748 -0.195980 2.930785
v 0.076773 -0.194881 3.040635
v 0.095105 0.182111 2.921412
v 0.095105 0.182111 2.921412
v 0.077000 0.118538 2.850624
v 0.051748 -0.195980 2.930785
v 0.076773 -0.194881 3.040635
v 0.159090 -0.194127 3.061060
v 0.177579 0.191313 2.921069
v 0.177579 0.191313 2.921069
v 0.095105 0.182111 2.921412
v 0.076773 -0.194881 3.040635
v 0.156501 0.099500 2.799416
v 0.077000 0.118538 2.850624
v 0.067158 0.155829 2.805293
v 0.067158 0.155829 2.805293
v 0.156508 0.088740 2.789947
v 0.156501 0.099500 2.799416
v 0.218563 0.114365 2.848299
v 0.156501 0.099500 2.799416
v 0.156508 0.088740 2.789947
v 0.156508 0.088740 2.789947
v 0.217655 0.152210 2.786574
v 0.218563 0.114365 2.848299
v 0.077000 0.118538 2.850624
v 0.095105 0.182111 2.921412
v 0.087085 0.228913 2.835405
v 0.087085 0.228913 2.835405
v 0.067158 0.155829 2.805293
v 0.077000 0.118538 2.850624
v 0.095105 0.182111 2.921412
v 0.177579 0.191313 2.921069
v 0.173080 0.262996 2.832691
v 0.173080 0.262996 2.832691
v 0.087085 0.228913 2.835405
v 0.095105 0.182111 2.921412
v 0.156508 0.088740 2.789947
v 0.067158 0.155829 2.805293
v 0.000000 -0.003174 2.453305
v 0.000000 -0.003174 2.453305
v 0.112044 0.046017 2.439261
v 0.156508 0.088740 2.789947
v 0.217655 0.152210 2.786574
v 0.156508 0.088740 2.789947
v 0.112044 0.046017 2.439261
v 0.112044 0.046017 2.439261
v 0.184871 0.147548 2.540107
v 0.217655 0.152210 2.786574
v 0.067158 0.155829 2.805293
v 0.087085 0.228913 2.835405
v 0.000000 0.080417 2.607962
v 0.000000 0.080417 2.607962
v 0.000000 -0.003174 2.453305
v 0.067158 0.155829 2.805293
v 0.087085 0.228913 2.835405
v 0.173080 0.262996 2.832691
v 0.137080 0.228681 2.569618
v 0.137080 0.228681 2.569618
v 0.000000 0.080417 2.607962
v 0.087085 0.228913 2.835405
v 0.112044 0.046017 2.439261
v 0.000000 0.017687 2.472186
v 0.000000 0.182449 2.336072
v 0.000000 0.182449 2.336072
v 0.112717 0.194207 2.360394
v 0.112044 0.046017 2.439261
v 0.184871 0.147548 2.540107
v 0.112044 0.046017 2.439261
v 0.112717 0.194207 2.360394
v 0.112717 0.194207 2.360394
v 0.191717 0.215612 2.461581
v 0.184871 0.147548 2.540107
v 0.000000 0.080417 2.607962
v 0.137080 0.228681 2.569618
v 0.121335 0.229614 2.584414
v 0.121335 0.229614 2.584414
v 0.000000 0.236714 2.630225
v 0.000000 0.080417 2.607962
v 0.112717 0.194207 2.360394
v 0.000000 0.182449 2.336072
v 0.000000 0.336228 2.344829
v 0.000000 0.336228 2.344829
v 0.096099 0.333724 2.345546
v 0.112717 0.194207 2.360394
v 0.191717 0.215612 2.461581
v 0.112717 0.194207 2.360394
v 0.096099 0.333724 2.345546
v 0.096099 0.333724 2.345546
v 0.175821 0.361784 2.448757
v 0.191717 0.215612 2.461581
v 0.000000 0.236714 2.630225
v 0.056298 0.257230 2.654577
v 0.026702 0.406564 2.615650
v 0.026702 0.406564 2.615650
v 0.000000 0.394226 2.601948
v 0.000000 0.236714 2.630225
v 0.096099 0.333724 2.345546
v 0.000000 0.336228 2.344829
v 0.000000 0.463248 2.304020
v 0.000000 0.463248 2.304020
v 0.125906 0.490190 2.298018
v 0.096099 0.333724 2.345546
v 0.175821 0.361784 2.448757
v 0.096099 0.333724 2.345546
v 0.125906 0.490190 2.298018
v 0.125906 0.490190 2.298018
v 0.187536 0.430297 2.417995
v 0.175821 0.361784 2.448757
v 0.000000 0.394226 2.601948
v 0.026702 0.406564 2.615650
v 0.085172 0.448203 2.619258
v 0.085172 0.448203 2.619258
v -0.000489 0.497166 2.578901
v 0.000000 0.394226 2.601948
v 0.125906 0.490190 2.298018
v 0.000000 0.463248 2.304020
v 0.000000 0.604020 2.253275
v 0.000000 0.604020 2.253275
v 0.132825 0.603059 2.270661
v 0.125906 0.490190 2.298018
v 0.180452 0.633216 2.427375
v 0.164222 0.513026 2.413234
v 0.159720 0.422507 2.516957
v 0.159720 0.422507 2.516957
v 0.208117 0.468056 2.538453
v 0.180452 0.633216 2.427375
v -0.000489 0.497166 2.578901
v 0.085172 0.448203 2.619258
v 0.075649 0.610224 2.561597
v 0.075649 0.610224 2.561597
v 0.000000 0.592416 2.523467
v -0.000489 0.497166 2.578901
v 0.000000 0.688070 2.386501
v 0.109224 0.718782 2.420726
v 0.113693 0.734179 2.338284
v 0.113693 0.734179 2.338284
v 0.003162 0.724691 2.304630
v 0.000000 0.688070 2.386501
v 0.132825 0.603059 2.270661
v 0.000000 0.604020 2.253275
v 0.000000 0.729583 2.272411
v 0.000000 0.729583 2.272411
v 0.068030 0.736568 2.288074
v 0.132825 0.603059 2.270661
v 0.003716 0.665251 2.471420
v 0.093992 0.682313 2.491581
v 0.109224 0.718782 2.420726
v 0.109224 0.718782 2.420726
v 0.000000 0.688070 2.386501
v 0.003716 0.665251 2.471420
v 0.172861 0.709311 2.337406
v 0.132825 0.603059 2.270661
v 0.068030 0.736568 2.288074
v 0.068030 0.736568 2.288074
v 0.113693 0.734179 2.338284
v 0.172861 0.709311 2.337406
v -0.131727 0.364748 2.782019
v -0.135109 0.383848 2.795918
v -0.158300 0.403423 2.783548
v -0.158300 0.403423 2.783548
v -0.140832 0.382944 2.792170
v -0.131727 0.364748 2.782019
v 0.159090 -0.194127 3.061060
v 0.166588 -0.242734 3.016140
v 0.192995 -0.211322 2.963617
v 0.177579 0.191313 2.921069
v 0.159090 -0.194127 3.061060
v 0.192995 -0.211322 2.963617
v 0.192995 -0.211322 2.963617
v 0.218563 0.114365 2.848299
v 0.177579 0.191313 2.921069
v 0.173080 0.262996 2.832691
v 0.177579 0.191313 2.921069
v 0.218563 0.114365 2.848299
v 0.218563 0.114365 2.848299
v 0.217655 0.152210 2.786574
v 0.173080 0.262996 2.832691
v 0.137080 0.228681 2.569618
v 0.173080 0.262996 2.832691
v 0.217655 0.152210 2.786574
v 0.217655 0.152210 2.786574
v 0.184871 0.147548 2.540107
v 0.137080 0.228681 2.569618
v 0.121335 0.229614 2.584414
v 0.137080 0.228681 2.569618
v 0.163166 0.230153 2.526864
v 0.120529 0.414307 2.584135
v 0.139315 0.256743 2.612765
v 0.181038 0.251130 2.529350
v 0.181038 0.251130 2.529350
v 0.154652 0.418908 2.522730
v 0.120529 0.414307 2.584135
v 0.138892 0.472346 2.526743
v 0.121598 0.417843 2.510328
v 0.175821 0.361784 2.448757
v 0.175821 0.361784 2.448757
v 0.187536 0.430297 2.417995
v 0.138892 0.472346 2.526743
v -0.193168 0.330337 2.675740
v -0.154817 0.383155 2.681902
v -0.153627 0.381832 2.719078
v -0.153627 0.381832 2.719078
v -0.201371 0.323592 2.716655
v -0.193168 0.330337 2.675740
v 0.172861 0.709311 2.337406
v 0.113693 0.734179 2.338284
v 0.109224 0.718782 2.420726
v 0.109224 0.718782 2.420726
v 0.146643 0.674121 2.441817
v 0.172861 0.709311 2.337406
v 0.135931 -0.306226 2.912568
v 0.123744 -0.226055 2.922287
v 0.166588 -0.242734 3.016140
v 0.166588 -0.242734 3.016140
v 0.172752 -0.306226 2.983492
v 0.135931 -0.306226 2.912568
v 0.077449 -0.306226 2.935400
v 0.135931 -0.306226 2.912568
v 0.172752 -0.306226 2.983492
v 0.172752 -0.306226 2.983492
v 0.099187 -0.306226 3.017379
v 0.077449 -0.306226 2.935400
v 0.078536 -0.232040 2.938947
v 0.077449 -0.306226 2.935400
v 0.099187 -0.306226 3.017379
v 0.099187 -0.306226 3.017379
v 0.104290 -0.238628 3.033751
v 0.078536 -0.232040 2.938947
v 0.138892 0.472346 2.526743
v 0.187536 0.430297 2.417995
v 0.137965 0.603702 2.474428
v 0.146643 0.674121 2.441817
v 0.093992 0.682313 2.491581
v 0.075649 0.610224 2.561597
v 0.075649 0.610224 2.561597
v 0.137965 0.603702 2.474428
v 0.146643 0.674121 2.441817
v 0.187536 0.430297 2.417995
v 0.125906 0.490190 2.298018
v 0.169038 0.506477 2.324731
v 0.169038 0.506477 2.324731
v 0.164222 0.513026 2.413234
v 0.187536 0.430297 2.417995
v 0.125906 0.490190 2.298018
v 0.132825 0.603059 2.270661
v 0.190964 0.583221 2.278028
v 0.190964 0.583221 2.278028
v 0.169038 0.506477 2.324731
v 0.125906 0.490190 2.298018
v 0.132825 0.603059 2.270661
v 0.172861 0.709311 2.337406
v 0.218708 0.660017 2.353155
v 0.218708 0.660017 2.353155
v 0.190964 0.583221 2.278028
v 0.132825 0.603059 2.270661
v 0.172861 0.709311 2.337406
v 0.146643 0.674121 2.441817
v 0.180452 0.633216 2.427375
v 0.180452 0.633216 2.427375
v 0.218708 0.660017 2.353155
v 0.172861 0.709311 2.337406
v 0.146643 0.674121 2.441817
v 0.137965 0.603702 2.474428
v 0.180452 0.633216 2.427375
v 0.137965 0.603702 2.474428
v 0.187536 0.430297 2.417995
v 0.164222 0.513026 2.413234
v 0.164222 0.513026 2.413234
v 0.180452 0.633216 2.427375
v 0.137965 0.603702 2.474428
v 0.164222 0.513026 2.413234
v 0.169038 0.506477 2.324731
v 0.188519 0.391288 2.480459
v 0.188519 0.391288 2.480459
v 0.159720 0.422507 2.516957
v 0.164222 0.513026 2.413234
v 0.169038 0.506477 2.324731
v 0.190964 0.583221 2.278028
v 0.263572 0.402598 2.471058
v 0.263572 0.402598 2.471058
v 0.188519 0.391288 2.480459
v 0.169038 0.506477 2.324731
v 0.190964 0.583221 2.278028
v 0.218708 0.660017 2.353155
v 0.276914 0.452080 2.508289
v 0.276914 0.452080 2.508289
v 0.263572 0.402598 2.471058
v 0.190964 0.583221 2.278028
v 0.218708 0.660017 2.353155
v 0.180452 0.633216 2.427375
v 0.208117 0.468056 2.538453
v 0.208117 0.468056 2.538453
v 0.276914 0.452080 2.508289
v 0.218708 0.660017 2.353155
v 0.159720 0.422507 2.516957
v 0.188519 0.391288 2.480459
v 0.200709 0.373674 2.528677
v 0.200709 0.373674 2.528677
v 0.168428 0.411249 2.547857
v 0.159720 0.422507 2.516957
v 0.188519 0.391288 2.480459
v 0.263572 0.402598 2.471058
v 0.262562 0.375437 2.520656
v 0.262562 0.375437 2.520656
v 0.200709 0.373674 2.528677
v 0.188519 0.391288 2.480459
v 0.208117 0.468056 2.538453
v 0.159720 0.422507 2.516957
v 0.168428 0.411249 2.547857
v 0.168428 0.411249 2.547857
v 0.208958 0.456623 2.559868
v 0.208117 0.468056 2.538453
v 0.263572 0.402598 2.471058
v 0.276914 0.452080 2.508289
v 0.283665 0.436692 2.550715
v 0.283665 0.436692 2.550715
v 0.262562 0.375437 2.520656
v 0.263572 0.402598 2.471058
v -0.154817 0.383155 2.681902
v -0.191464 0.402952 2.687626
v -0.185430 0.399008 2.722817
v -0.185430 0.399008 2.722817
v -0.153627 0.381832 2.719078
v -0.154817 0.383155 2.681902
v 0.276914 0.452080 2.508289
v 0.208117 0.468056 2.538453
v 0.208958 0.456623 2.559868
v 0.208958 0.456623 2.559868
v 0.283665 0.436692 2.550715
v 0.276914 0.452080 2.508289
v 0.168428 0.411249 2.547857
v 0.200709 0.373674 2.528677
v 0.195903 0.342445 2.731212
v 0.195903 0.342445 2.731212
v 0.154933 0.406549 2.737126
v 0.168428 0.411249 2.547857
v 0.200709 0.373674 2.528677
v 0.262562 0.375437 2.520656
v 0.249170 0.341887 2.737207
v 0.249170 0.341887 2.737207
v 0.195903 0.342445 2.731212
v 0.200709 0.373674 2.528677
v 0.208958 0.456623 2.559868
v 0.168428 0.411249 2.547857
v 0.154933 0.406549 2.737126
v 0.154933 0.406549 2.737126
v 0.204443 0.454075 2.742952
v 0.208958 0.456623 2.559868
v 0.262562 0.375437 2.520656
v 0.283665 0.436692 2.550715
v 0.268891 0.413973 2.747713
v 0.268891 0.413973 2.747713
v 0.249170 0.341887 2.737207
v 0.262562 0.375437 2.520656
v -0.227515 0.360731 2.685837
v -0.193168 0.330337 2.675740
v -0.201371 0.323592 2.716655
v -0.201371 0.323592 2.716655
v -0.219990 0.351308 2.721692
v -0.227515 0.360731 2.685837
v 0.283665 0.436692 2.550715
v 0.208958 0.456623 2.559868
v 0.204443 0.454075 2.742952
v 0.204443 0.454075 2.742952
v 0.268891 0.413973 2.747713
v 0.283665 0.436692 2.550715
v 0.154933 0.406549 2.737126
v 0.195903 0.342445 2.731212
v 0.206146 0.396073 2.743376
v 0.195903 0.342445 2.731212
v 0.249170 0.341887 2.737207
v 0.206146 0.396073 2.743376
v 0.204443 0.454075 2.742952
v 0.154933 0.406549 2.737126
v 0.206146 0.396073 2.743376
v 0.249170 0.341887 2.737207
v 0.268891 0.413973 2.747713
v 0.206146 0.396073 2.743376
v -0.191464 0.402952 2.687626
v -0.227515 0.360731 2.685837
v -0.219990 0.351308 2.721692
v -0.219990 0.351308 2.721692
v -0.185430 0.399008 2.722817
v -0.191464 0.402952 2.687626
v 0.268891 0.413973 2.747713
v 0.204443 0.454075 2.742952
v 0.206146 0.396073 2.743376
v 0.000000 -0.003174 2.453305
v 0.000000 0.017687 2.472186
v 0.112044 0.046017 2.439261
v 0.248489 0.386368 2.744600
v 0.208397 0.429507 2.742955
v 0.198107 0.428998 2.830578
v 0.198107 0.428998 2.830578
v 0.253296 0.361499 2.812970
v 0.248489 0.386368 2.744600
v 0.253296 0.361499 2.812970
v 0.198107 0.428998 2.830578
v 0.199236 0.416266 2.868924
v 0.199236 0.416266 2.868924
v 0.257804 0.346987 2.856034
v 0.253296 0.361499 2.812970
v 0.257804 0.346987 2.856034
v 0.199236 0.416266 2.868924
v 0.159543 0.376083 2.877499
v 0.159543 0.376083 2.877499
v 0.215768 0.325580 2.863598
v 0.257804 0.346987 2.856034
v 0.199236 0.416266 2.868924
v 0.198107 0.428998 2.830578
v 0.179718 0.413535 2.830044
v 0.179718 0.413535 2.830044
v 0.184574 0.407576 2.858415
v 0.199236 0.416266 2.868924
v 0.199236 0.416266 2.868924
v 0.184574 0.407576 2.858415
v 0.159543 0.376083 2.877499
v 0.253296 0.361499 2.812970
v 0.257804 0.346987 2.856034
v 0.247501 0.342718 2.844398
v 0.247501 0.342718 2.844398
v 0.242741 0.343182 2.809068
v 0.253296 0.361499 2.812970
v 0.257804 0.346987 2.856034
v 0.215768 0.325580 2.863598
v 0.247501 0.342718 2.844398
v 0.159543 0.376083 2.877499
v 0.184574 0.407576 2.858415
v 0.247501 0.342718 2.844398
v 0.247501 0.342718 2.844398
v 0.215768 0.325580 2.863598
v 0.159543 0.376083 2.877499
v 0.242741 0.343182 2.809068
v 0.247501 0.342718 2.844398
v 0.184574 0.407576 2.858415
v 0.184574 0.407576 2.858415
v 0.179718 0.413535 2.830044
v 0.242741 0.343182 2.809068
v -0.130679 0.398424 2.524095
v -0.147389 0.401082 2.551803
v -0.138291 0.444871 2.522218
v 0.000000 -0.003174 2.453305
v -0.112043 0.046017 2.439261
v 0.000000 0.017687 2.472186
v 0.248489 0.386368 2.744600
v 0.253296 0.361499 2.812970
v 0.242741 0.343182 2.809068
v 0.242741 0.343182 2.809068
v 0.233374 0.356339 2.741446
v 0.248489 0.386368 2.744600
v 0.233374 0.356339 2.741446
v 0.242741 0.343182 2.809068
v 0.179718 0.413535 2.830044
v 0.179718 0.413535 2.830044
v 0.191176 0.384626 2.782516
v 0.233374 0.356339 2.741446
v 0.233374 0.356339 2.741446
v 0.191176 0.384626 2.782516
v 0.178916 0.408404 2.740523
v 0.208397 0.429507 2.742955
v 0.165670 0.429183 2.770240
v 0.180962 0.434363 2.803354
v 0.191176 0.384626 2.782516
v 0.165979 0.412660 2.813549
v 0.165670 0.429183 2.770240
v 0.165670 0.429183 2.770240
v 0.178916 0.408404 2.740523
v 0.191176 0.384626 2.782516
v 0.208397 0.429507 2.742955
v 0.178916 0.408404 2.740523
v 0.165670 0.429183 2.770240
v 0.208397 0.429507 2.742955
v 0.180962 0.434363 2.803354
v 0.198107 0.428998 2.830578
v 0.191176 0.384626 2.782516
v 0.179718 0.413535 2.830044
v 0.165979 0.412660 2.813549
v 0.198107 0.428998 2.830578
v 0.180962 0.434363 2.803354
v 0.165979 0.412660 2.813549
v 0.165979 0.412660 2.813549
v 0.179718 0.413535 2.830044
v 0.198107 0.428998 2.830578
v 0.180962 0.434363 2.803354
v 0.165670 0.429183 2.770240
v 0.143247 0.417863 2.801747
v 0.143247 0.417863 2.801747
v 0.159593 0.414637 2.818183
v 0.180962 0.434363 2.803354
v 0.165670 0.429183 2.770240
v 0.165979 0.412660 2.813549
v 0.157060 0.394073 2.807739
v 0.157060 0.394073 2.807739
v 0.143247 0.417863 2.801747
v 0.165670 0.429183 2.770240
v 0.165979 0.412660 2.813549
v 0.180962 0.434363 2.803354
v 0.159593 0.414637 2.818183
v 0.159593 0.414637 2.818183
v 0.157060 0.394073 2.807739
v 0.165979 0.412660 2.813549
v -0.052039 0.269070 2.645955
v -0.028357 0.405748 2.618478
v -0.147389 0.401082 2.551803
v -0.147389 0.401082 2.551803
v -0.182385 0.253120 2.566339
v -0.052039 0.269070 2.645955
v 0.159593 0.414637 2.818183
v 0.143247 0.417863 2.801747
v 0.130244 0.396566 2.821661
v 0.130244 0.396566 2.821661
v 0.142112 0.395553 2.832040
v 0.159593 0.414637 2.818183
v 0.143247 0.417863 2.801747
v 0.157060 0.394073 2.807739
v 0.137295 0.383441 2.824534
v 0.137295 0.383441 2.824534
v 0.130244 0.396566 2.821661
v 0.143247 0.417863 2.801747
v 0.157060 0.394073 2.807739
v 0.159593 0.414637 2.818183
v 0.142112 0.395553 2.832040
v 0.142112 0.395553 2.832040
v 0.137295 0.383441 2.824534
v 0.157060 0.394073 2.807739
v 0.000000 0.236714 2.630225
v -0.052039 0.269070 2.645955
v -0.182385 0.253120 2.566339
v -0.182385 0.253120 2.566339
v -0.176822 0.233640 2.545879
v 0.000000 0.236714 2.630225
v 0.142112 0.395553 2.832040
v 0.130244 0.396566 2.821661
v 0.137295 0.383441 2.824534
v 0.208397 0.429507 2.742955
v 0.248489 0.386368 2.744600
v 0.254845 0.394343 2.708171
v 0.254845 0.394343 2.708171
v 0.213937 0.431915 2.707544
v 0.208397 0.429507 2.742955
v 0.248489 0.386368 2.744600
v 0.233374 0.356339 2.741446
v 0.224447 0.359435 2.700246
v 0.224447 0.359435 2.700246
v 0.254845 0.394343 2.708171
v 0.248489 0.386368 2.744600
v 0.178916 0.408404 2.740523
v 0.208397 0.429507 2.742955
v 0.213937 0.431915 2.707544
v 0.213937 0.431915 2.707544
v 0.179968 0.407503 2.703331
v 0.178916 0.408404 2.740523
v 0.233374 0.356339 2.741446
v 0.178916 0.408404 2.740523
v 0.179968 0.407503 2.703331
v 0.179968 0.407503 2.703331
v 0.224447 0.359435 2.700246
v 0.233374 0.356339 2.741446
v 0.146643 0.674121 2.441817
v 0.109224 0.718782 2.420726
v 0.093992 0.682313 2.491581
v 0.003716 0.665251 2.471420
v 0.000000 0.592416 2.523467
v 0.075649 0.610224 2.561597
v 0.075649 0.610224 2.561597
v 0.093992 0.682313 2.491581
v 0.003716 0.665251 2.471420
v 0.138892 0.472346 2.526743
v 0.137965 0.603702 2.474428
v 0.075649 0.610224 2.561597
v 0.075649 0.610224 2.561597
v 0.085172 0.448203 2.619258
v 0.138892 0.472346 2.526743
v 0.110283 0.425268 2.551438
v 0.026702 0.406564 2.615650
v 0.120529 0.414307 2.584135
v 0.068030 0.736568 2.288074
v 0.000000 0.729583 2.272411
v 0.003162 0.724691 2.304630
v 0.003162 0.724691 2.304630
v 0.113693 0.734179 2.338284
v 0.068030 0.736568 2.288074
v -0.166394 0.212600 2.442051
v -0.160052 0.298729 2.459237
v -0.203508 0.305453 2.435057
v -0.203508 0.305453 2.435057
v -0.209850 0.219329 2.417871
v -0.166394 0.212600 2.442051
v 0.026702 0.406564 2.615650
v 0.056298 0.257230 2.654577
v 0.139315 0.256743 2.612765
v 0.139315 0.256743 2.612765
v 0.120529 0.414307 2.584135
v 0.026702 0.406564 2.615650
v 0.139315 0.256743 2.612765
v 0.056298 0.257230 2.654577
v 0.000000 0.236714 2.630225
v 0.000000 0.236714 2.630225
v 0.121335 0.229614 2.584414
v 0.139315 0.256743 2.612765
v 0.191717 0.215612 2.461581
v 0.175821 0.361784 2.448757
v 0.121598 0.417843 2.510328
v 0.121598 0.417843 2.510328
v 0.163166 0.230153 2.526864
v 0.191717 0.215612 2.461581
v 0.110283 0.425268 2.551438
v 0.121598 0.417843 2.510328
v 0.138892 0.472346 2.526743
v -0.160052 0.298729 2.459237
v -0.135893 0.303658 2.405334
v -0.179349 0.310386 2.381154
v -0.179349 0.310386 2.381154
v -0.203508 0.305453 2.435057
v -0.160052 0.298729 2.459237
v 0.121335 0.229614 2.584414
v 0.163166 0.230153 2.526864
v 0.181038 0.251130 2.529350
v 0.181038 0.251130 2.529350
v 0.139315 0.256743 2.612765
v 0.121335 0.229614 2.584414
v 0.163166 0.230153 2.526864
v 0.121598 0.417843 2.510328
v 0.154652 0.418908 2.522730
v 0.154652 0.418908 2.522730
v 0.181038 0.251130 2.529350
v 0.163166 0.230153 2.526864
v 0.121598 0.417843 2.510328
v 0.110283 0.425268 2.551438
v 0.120529 0.414307 2.584135
v 0.120529 0.414307 2.584135
v 0.154652 0.418908 2.522730
v 0.121598 0.417843 2.510328
v 0.209851 0.219329 2.417871
v 0.180217 0.224567 2.374585
v 0.179350 0.310386 2.381154
v 0.179350 0.310386 2.381154
v 0.203509 0.305454 2.435057
v 0.209851 0.219329 2.417871
v 0.180217 0.224567 2.374585
v 0.209851 0.219329 2.417871
v 0.166394 0.212601 2.442051
v 0.166394 0.212601 2.442051
v 0.136760 0.217843 2.398764
v 0.180217 0.224567 2.374585
v 0.179350 0.310386 2.381154
v 0.180217 0.224567 2.374585
v 0.136760 0.217843 2.398764
v 0.136760 0.217843 2.398764
v 0.135893 0.303658 2.405334
v 0.179350 0.310386 2.381154
v 0.209851 0.219329 2.417871
v 0.203509 0.305454 2.435057
v 0.160052 0.298730 2.459236
v 0.160052 0.298730 2.459236
v 0.166394 0.212601 2.442051
v 0.209851 0.219329 2.417871
v 0.203509 0.305454 2.435057
v 0.179350 0.310386 2.381154
v 0.135893 0.303658 2.405334
v 0.135893 0.303658 2.405334
v 0.160052 0.298730 2.459236
v 0.203509 0.305454 2.435057
v -0.135930 -0.306226 2.912568
v -0.123743 -0.226055 2.922287
v -0.078535 -0.232040 2.938947
v -0.078535 -0.232040 2.938947
v -0.077448 -0.306226 2.935400
v -0.135930 -0.306226 2.912568
v -0.159545 -0.308426 3.159476
v -0.218394 -0.306655 3.143342
v -0.211651 -0.306226 3.058421
v -0.211651 -0.306226 3.058421
v -0.120924 -0.306226 3.099358
v -0.159545 -0.308426 3.159476
v -0.122772 -0.268682 3.115758
v -0.161178 -0.283795 3.157657
v -0.159545 -0.308426 3.159476
v -0.159545 -0.308426 3.159476
v -0.120924 -0.306226 3.099358
v -0.122772 -0.268682 3.115758
v -0.218394 -0.306655 3.143342
v -0.219903 -0.276648 3.141871
v -0.200359 -0.266433 3.077785
v -0.200359 -0.266433 3.077785
v -0.211651 -0.306226 3.058421
v -0.218394 -0.306655 3.143342
v -0.200359 -0.266433 3.077785
v -0.219903 -0.276648 3.141871
v -0.161178 -0.283795 3.157657
v -0.161178 -0.283795 3.157657
v -0.122772 -0.268682 3.115758
v -0.200359 -0.266433 3.077785
v -0.161178 -0.283795 3.157657
v -0.219903 -0.276648 3.141871
v -0.218394 -0.306655 3.143342
v -0.218394 -0.306655 3.143342
v -0.159545 -0.308426 3.159476
v -0.161178 -0.283795 3.157657
v -0.099186 -0.306226 3.017379
v -0.104289 -0.238628 3.033751
v -0.122772 -0.268682 3.115758
v -0.122772 -0.268682 3.115758
v -0.120924 -0.306226 3.099358
v -0.099186 -0.306226 3.017379
v -0.104289 -0.238628 3.033751
v -0.169621 -0.236473 3.018450
v -0.200359 -0.266433 3.077785
v -0.200359 -0.266433 3.077785
v -0.122772 -0.268682 3.115758
v -0.104289 -0.238628 3.033751
v -0.169621 -0.236473 3.018450
v -0.172751 -0.306226 2.983492
v -0.211651 -0.306226 3.058421
v -0.211651 -0.306226 3.058421
v -0.200359 -0.266433 3.077785
v -0.169621 -0.236473 3.018450
v -0.172751 -0.306226 2.983492
v -0.099186 -0.306226 3.017379
v -0.120924 -0.306226 3.099358
v -0.120924 -0.306226 3.099358
v -0.211651 -0.306226 3.058421
v -0.172751 -0.306226 2.983492
v -0.124972 -0.219670 2.883492
v -0.051747 -0.195980 2.930785
v -0.078535 -0.232040 2.938947
v -0.078535 -0.232040 2.938947
v -0.123743 -0.226055 2.922287
v -0.124972 -0.219670 2.883492
v -0.192994 -0.211322 2.963617
v -0.124972 -0.219670 2.883492
v -0.123743 -0.226055 2.922287
v -0.123743 -0.226055 2.922287
v -0.169621 -0.236473 3.018450
v -0.192994 -0.211322 2.963617
v -0.051747 -0.195980 2.930785
v -0.076772 -0.194881 3.040635
v -0.104289 -0.238628 3.033751
v -0.104289 -0.238628 3.033751
v -0.078535 -0.232040 2.938947
v -0.051747 -0.195980 2.930785
v -0.076772 -0.194881 3.040635
v -0.159090 -0.194128 3.061060
v -0.169621 -0.236473 3.018450
v -0.169621 -0.236473 3.018450
v -0.104289 -0.238628 3.033751
v -0.076772 -0.194881 3.040635
v -0.156500 0.099500 2.799417
v -0.076999 0.118538 2.850625
v -0.051747 -0.195980 2.930785
v -0.051747 -0.195980 2.930785
v -0.124972 -0.219670 2.883492
v -0.156500 0.099500 2.799417
v -0.218562 0.114365 2.848300
v -0.156500 0.099500 2.799417
v -0.124972 -0.219670 2.883492
v -0.124972 -0.219670 2.883492
v -0.192994 -0.211322 2.963617
v -0.218562 0.114365 2.848300
v -0.076999 0.118538 2.850625
v -0.095104 0.182111 2.921412
v -0.076772 -0.194881 3.040635
v -0.076772 -0.194881 3.040635
v -0.051747 -0.195980 2.930785
v -0.076999 0.118538 2.850625
v -0.095104 0.182111 2.921412
v -0.177578 0.191313 2.921069
v -0.159090 -0.194128 3.061060
v -0.159090 -0.194128 3.061060
v -0.076772 -0.194881 3.040635
v -0.095104 0.182111 2.921412
v -0.156507 0.088740 2.789947
v -0.067157 0.155830 2.805293
v -0.076999 0.118538 2.850625
v -0.076999 0.118538 2.850625
v -0.156500 0.099500 2.799417
v -0.156507 0.088740 2.789947
v -0.217654 0.152211 2.786574
v -0.156507 0.088740 2.789947
v -0.156500 0.099500 2.799417
v -0.156500 0.099500 2.799417
v -0.218562 0.114365 2.848300
v -0.217654 0.152211 2.786574
v -0.067157 0.155830 2.805293
v -0.087084 0.228914 2.835405
v -0.095104 0.182111 2.921412
v -0.095104 0.182111 2.921412
v -0.076999 0.118538 2.850625
v -0.067157 0.155830 2.805293
v -0.087084 0.228914 2.835405
v -0.172724 0.265410 2.829784
v -0.177578 0.191313 2.921069
v -0.177578 0.191313 2.921069
v -0.095104 0.182111 2.921412
v -0.087084 0.228914 2.835405
v -0.112043 0.046017 2.439261
v 0.000000 -0.003174 2.453305
v -0.067157 0.155830 2.805293
v -0.067157 0.155830 2.805293
v -0.156507 0.088740 2.789947
v -0.112043 0.046017 2.439261
v -0.184870 0.147547 2.540107
v -0.112043 0.046017 2.439261
v -0.156507 0.088740 2.789947
v -0.156507 0.088740 2.789947
v -0.217654 0.152211 2.786574
v -0.184870 0.147547 2.540107
v 0.000000 -0.003174 2.453305
v 0.000000 0.080417 2.607962
v -0.087084 0.228914 2.835405
v -0.087084 0.228914 2.835405
v -0.067157 0.155830 2.805293
v 0.000000 -0.003174 2.453305
v 0.000000 0.080417 2.607962
v -0.137440 0.228922 2.565270
v -0.172724 0.265410 2.829784
v -0.172724 0.265410 2.829784
v -0.087084 0.228914 2.835405
v 0.000000 0.080417 2.607962
v -0.112717 0.194207 2.360395
v 0.000000 0.182449 2.336072
v 0.000000 0.017687 2.472186
v 0.000000 0.017687 2.472186
v -0.112043 0.046017 2.439261
v -0.112717 0.194207 2.360395
v -0.191716 0.215612 2.461581
v -0.112717 0.194207 2.360395
v -0.112043 0.046017 2.439261
v -0.112043 0.046017 2.439261
v -0.184870 0.147547 2.540107
v -0.191716 0.215612 2.461581
v 0.000000 0.236714 2.630225
v -0.176822 0.233640 2.545879
v -0.137440 0.228922 2.565270
v -0.137440 0.228922 2.565270
v 0.000000 0.080417 2.607962
v 0.000000 0.236714 2.630225
v -0.096099 0.333724 2.345546
v 0.000000 0.336228 2.344829
v 0.000000 0.182449 2.336072
v 0.000000 0.182449 2.336072
v -0.112717 0.194207 2.360395
v -0.096099 0.333724 2.345546
v -0.176242 0.357835 2.449095
v -0.096099 0.333724 2.345546
v -0.112717 0.194207 2.360395
v -0.112717 0.194207 2.360395
v -0.191716 0.215612 2.461581
v -0.176242 0.357835 2.449095
v -0.176822 0.233640 2.545879
v -0.182385 0.253120 2.566339
v -0.147389 0.401082 2.551803
v -0.147389 0.401082 2.551803
v -0.130679 0.398424 2.524095
v -0.176822 0.233640 2.545879
v -0.126418 0.491649 2.297595
v 0.000000 0.463248 2.304020
v 0.000000 0.336228 2.344829
v 0.000000 0.336228 2.344829
v -0.096099 0.333724 2.345546
v -0.126418 0.491649 2.297595
v -0.187536 0.430298 2.417995
v -0.126418 0.491649 2.297595
v -0.096099 0.333724 2.345546
v -0.096099 0.333724 2.345546
v -0.176242 0.357835 2.449095
v -0.187536 0.430298 2.417995
v -0.000489 0.497166 2.578901
v -0.071620 0.448082 2.623713
v -0.028357 0.405748 2.618478
v -0.028357 0.405748 2.618478
v 0.000000 0.394226 2.601948
v -0.000489 0.497166 2.578901
v -0.132428 0.604497 2.270418
v 0.000000 0.604020 2.253275
v 0.000000 0.463248 2.304020
v 0.000000 0.463248 2.304020
v -0.126418 0.491649 2.297595
v -0.132428 0.604497 2.270418
v -0.190270 0.449450 2.523874
v -0.145564 0.404007 2.487816
v -0.161485 0.515545 2.411123
v -0.161485 0.515545 2.411123
v -0.180832 0.633077 2.430037
v -0.190270 0.449450 2.523874
v 0.000000 0.592416 2.523467
v -0.075648 0.610224 2.561597
v -0.071620 0.448082 2.623713
v -0.071620 0.448082 2.623713
v -0.000489 0.497166 2.578901
v 0.000000 0.592416 2.523467
v 0.003162 0.724691 2.304630
v -0.113693 0.734179 2.338284
v -0.109223 0.718782 2.420726
v -0.109223 0.718782 2.420726
v 0.000000 0.688070 2.386501
v 0.003162 0.724691 2.304630
v -0.068029 0.736568 2.288074
v 0.000000 0.729583 2.272411
v 0.000000 0.604020 2.253275
v 0.000000 0.604020 2.253275
v -0.132428 0.604497 2.270418
v -0.068029 0.736568 2.288074
v 0.000000 0.688070 2.386501
v -0.109223 0.718782 2.420726
v -0.093992 0.682313 2.491581
v -0.093992 0.682313 2.491581
v 0.003716 0.665251 2.471420
v 0.000000 0.688070 2.386501
v -0.113693 0.734179 2.338284
v -0.068029 0.736568 2.288074
v -0.132428 0.604497 2.270418
v -0.132428 0.604497 2.270418
v -0.174611 0.707889 2.338767
v -0.113693 0.734179 2.338284
v -0.118947 0.391673 2.780806
v -0.131727 0.364748 2.782019
v -0.140832 0.382944 2.792170
v -0.140832 0.382944 2.792170
v -0.142791 0.402151 2.750062
v -0.118947 0.391673 2.780806
v -0.192994 -0.211322 2.963617
v -0.169621 -0.236473 3.018450
v -0.159090 -0.194128 3.061060
v -0.218562 0.114365 2.848300
v -0.192994 -0.211322 2.963617
v -0.159090 -0.194128 3.061060
v -0.159090 -0.194128 3.061060
v -0.177578 0.191313 2.921069
v -0.218562 0.114365 2.848300
v -0.217654 0.152211 2.786574
v -0.218562 0.114365 2.848300
v -0.177578 0.191313 2.921069
v -0.177578 0.191313 2.921069
v -0.172724 0.265410 2.829784
v -0.217654 0.152211 2.786574
v -0.184870 0.147547 2.540107
v -0.217654 0.152211 2.786574
v -0.172724 0.265410 2.829784
v -0.172724 0.265410 2.829784
v -0.137440 0.228922 2.565270
v -0.184870 0.147547 2.540107
v -0.191716 0.215612 2.461581
v -0.184870 0.147547 2.540107
v -0.137440 0.228922 2.565270
v -0.137440 0.228922 2.565270
v -0.176822 0.233640 2.545879
v -0.191716 0.215612 2.461581
v -0.203508 0.305453 2.435057
v -0.179349 0.310386 2.381154
v -0.180216 0.224567 2.374585
v -0.180216 0.224567 2.374585
v -0.209850 0.219329 2.417871
v -0.203508 0.305453 2.435057
v -0.187536 0.430298 2.417995
v -0.176242 0.357835 2.449095
v -0.130679 0.398424 2.524095
v -0.130679 0.398424 2.524095
v -0.138291 0.444871 2.522218
v -0.187536 0.430298 2.417995
v -0.108714 0.356861 2.801372
v -0.103325 0.370898 2.799342
v -0.114911 0.367802 2.809626
v -0.148888 0.673960 2.443663
v -0.109223 0.718782 2.420726
v -0.113693 0.734179 2.338284
v -0.113693 0.734179 2.338284
v -0.174611 0.707889 2.338767
v -0.148888 0.673960 2.443663
v -0.172751 -0.306226 2.983492
v -0.169621 -0.236473 3.018450
v -0.123743 -0.226055 2.922287
v -0.123743 -0.226055 2.922287
v -0.135930 -0.306226 2.912568
v -0.172751 -0.306226 2.983492
v -0.099186 -0.306226 3.017379
v -0.172751 -0.306226 2.983492
v -0.135930 -0.306226 2.912568
v -0.135930 -0.306226 2.912568
v -0.077448 -0.306226 2.935400
v -0.099186 -0.306226 3.017379
v -0.104289 -0.238628 3.033751
v -0.099186 -0.306226 3.017379
v -0.077448 -0.306226 2.935400
v -0.077448 -0.306226 2.935400
v -0.078535 -0.232040 2.938947
v -0.104289 -0.238628 3.033751
v -0.139204 0.604888 2.475523
v -0.187536 0.430298 2.417995
v -0.138291 0.444871 2.522218
v -0.139204 0.604888 2.475523
v -0.075648 0.610224 2.561597
v -0.093992 0.682313 2.491581
v -0.093992 0.682313 2.491581
v -0.148888 0.673960 2.443663
v -0.139204 0.604888 2.475523
v -0.161485 0.515545 2.411123
v -0.165074 0.509383 2.321628
v -0.126418 0.491649 2.297595
v -0.126418 0.491649 2.297595
v -0.187536 0.430298 2.417995
v -0.161485 0.515545 2.411123
v -0.165074 0.509383 2.321628
v -0.188241 0.584442 2.275850
v -0.132428 0.604497 2.270418
v -0.132428 0.604497 2.270418
v -0.126418 0.491649 2.297595
v -0.165074 0.509383 2.321628
v -0.188241 0.584442 2.275850
v -0.220318 0.655717 2.354230
v -0.174611 0.707889 2.338767
v -0.174611 0.707889 2.338767
v -0.132428 0.604497 2.270418
v -0.188241 0.584442 2.275850
v -0.220318 0.655717 2.354230
v -0.180832 0.633077 2.430037
v -0.148888 0.673960 2.443663
v -0.148888 0.673960 2.443663
v -0.174611 0.707889 2.338767
v -0.220318 0.655717 2.354230
v -0.180832 0.633077 2.430037
v -0.139204 0.604888 2.475523
v -0.148888 0.673960 2.443663
v -0.180832 0.633077 2.430037
v -0.161485 0.515545 2.411123
v -0.187536 0.430298 2.417995
v -0.187536 0.430298 2.417995
v -0.139204 0.604888 2.475523
v -0.180832 0.633077 2.430037
v -0.145564 0.404007 2.487816
v -0.170309 0.378873 2.451535
v -0.165074 0.509383 2.321628
v -0.165074 0.509383 2.321628
v -0.161485 0.515545 2.411123
v -0.145564 0.404007 2.487816
v -0.170309 0.378873 2.451535
v -0.238564 0.383904 2.449618
v -0.188241 0.584442 2.275850
v -0.188241 0.584442 2.275850
v -0.165074 0.509383 2.321628
v -0.170309 0.378873 2.451535
v -0.238564 0.383904 2.449618
v -0.257627 0.428061 2.490899
v -0.220318 0.655717 2.354230
v -0.220318 0.655717 2.354230
v -0.188241 0.584442 2.275850
v -0.238564 0.383904 2.449618
v -0.257627 0.428061 2.490899
v -0.190270 0.449450 2.523874
v -0.180832 0.633077 2.430037
v -0.180832 0.633077 2.430037
v -0.220318 0.655717 2.354230
v -0.257627 0.428061 2.490899
v -0.151732 0.386210 2.520513
v -0.180347 0.355093 2.498633
v -0.170309 0.378873 2.451535
v -0.170309 0.378873 2.451535
v -0.145564 0.404007 2.487816
v -0.151732 0.386210 2.520513
v -0.180347 0.355093 2.498633
v -0.234190 0.353036 2.497059
v -0.238564 0.383904 2.449618
v -0.238564 0.383904 2.449618
v -0.170309 0.378873 2.451535
v -0.180347 0.355093 2.498633
v -0.189639 0.437422 2.542522
v -0.151732 0.386210 2.520513
v -0.145564 0.404007 2.487816
v -0.145564 0.404007 2.487816
v -0.190270 0.449450 2.523874
v -0.189639 0.437422 2.542522
v -0.234190 0.353036 2.497059
v -0.262359 0.409006 2.531321
v -0.257627 0.428061 2.490899
v -0.257627 0.428061 2.490899
v -0.238564 0.383904 2.449618
v -0.234190 0.353036 2.497059
v -0.108714 0.356861 2.801372
v -0.114911 0.367802 2.809626
v -0.135109 0.383848 2.795918
v -0.135109 0.383848 2.795918
v -0.131727 0.364748 2.782019
v -0.108714 0.356861 2.801372
v -0.262359 0.409006 2.531321
v -0.189639 0.437422 2.542522
v -0.190270 0.449450 2.523874
v -0.190270 0.449450 2.523874
v -0.257627 0.428061 2.490899
v -0.262359 0.409006 2.531321
v -0.125167 0.382300 2.714998
v -0.154476 0.328893 2.709134
v -0.180347 0.355093 2.498633
v -0.180347 0.355093 2.498633
v -0.151732 0.386210 2.520513
v -0.125167 0.382300 2.714998
v -0.154476 0.328893 2.709134
v -0.215329 0.307627 2.711495
v -0.234190 0.353036 2.497059
v -0.234190 0.353036 2.497059
v -0.180347 0.355093 2.498633
v -0.154476 0.328893 2.709134
v -0.180096 0.431925 2.721998
v -0.125167 0.382300 2.714998
v -0.151732 0.386210 2.520513
v -0.151732 0.386210 2.520513
v -0.189639 0.437422 2.542522
v -0.180096 0.431925 2.721998
v -0.215329 0.307627 2.711495
v -0.242339 0.376092 2.728072
v -0.262359 0.409006 2.531321
v -0.262359 0.409006 2.531321
v -0.234190 0.353036 2.497059
v -0.215329 0.307627 2.711495
v -0.103325 0.370898 2.799342
v -0.108714 0.356861 2.801372
v -0.131727 0.364748 2.782019
v -0.131727 0.364748 2.782019
v -0.118947 0.391673 2.780806
v -0.103325 0.370898 2.799342
v -0.242339 0.376092 2.728072
v -0.180096 0.431925 2.721998
v -0.189639 0.437422 2.542522
v -0.189639 0.437422 2.542522
v -0.262359 0.409006 2.531321
v -0.242339 0.376092 2.728072
v -0.179143 0.366134 2.721121
v -0.154476 0.328893 2.709134
v -0.125167 0.382300 2.714998
v -0.179143 0.366134 2.721121
v -0.215329 0.307627 2.711495
v -0.154476 0.328893 2.709134
v -0.179143 0.366134 2.721121
v -0.125167 0.382300 2.714998
v -0.180096 0.431925 2.721998
v -0.179143 0.366134 2.721121
v -0.242339 0.376092 2.728072
v -0.215329 0.307627 2.711495
v -0.114911 0.367802 2.809626
v -0.103325 0.370898 2.799342
v -0.118947 0.391673 2.780806
v -0.118947 0.391673 2.780806
v -0.135109 0.383848 2.795918
v -0.114911 0.367802 2.809626
v -0.179143 0.366134 2.721121
v -0.180096 0.431925 2.721998
v -0.242339 0.376092 2.728072
v 0.000000 0.394226 2.601948
v -0.028357 0.405748 2.618478
v -0.052039 0.269070 2.645955
v -0.052039 0.269070 2.645955
v 0.000000 0.236714 2.630225
v 0.000000 0.394226 2.601948
v -0.136760 0.217843 2.398764
v -0.166394 0.212600 2.442051
v -0.209850 0.219329 2.417871
v -0.209850 0.219329 2.417871
v -0.180216 0.224567 2.374585
v -0.136760 0.217843 2.398764
v -0.176822 0.233640 2.545879
v -0.130679 0.398424 2.524095
v -0.176242 0.357835 2.449095
v -0.176242 0.357835 2.449095
v -0.191716 0.215612 2.461581
v -0.176822 0.233640 2.545879
v -0.135893 0.303658 2.405334
v -0.136760 0.217843 2.398764
v -0.180216 0.224567 2.374585
v -0.180216 0.224567 2.374585
v -0.179349 0.310386 2.381154
v -0.135893 0.303658 2.405334
v 0.138892 0.472346 2.526743
v 0.085172 0.448203 2.619258
v 0.026702 0.406564 2.615650
v 0.026702 0.406564 2.615650
v 0.110283 0.425268 2.551438
v 0.138892 0.472346 2.526743
v 0.184871 0.147548 2.540107
v 0.191717 0.215612 2.461581
v 0.163166 0.230153 2.526864
v 0.163166 0.230153 2.526864
v 0.137080 0.228681 2.569618
v 0.184871 0.147548 2.540107
v -0.113693 0.734179 2.338284
v 0.003162 0.724691 2.304630
v 0.000000 0.729583 2.272411
v 0.000000 0.729583 2.272411
v -0.068029 0.736568 2.288074
v -0.113693 0.734179 2.338284
v -0.028357 0.405748 2.618478
v -0.071620 0.448082 2.623713
v -0.138291 0.444871 2.522218
v -0.138291 0.444871 2.522218
v -0.147389 0.401082 2.551803
v -0.028357 0.405748 2.618478
v -0.071620 0.448082 2.623713
v -0.075648 0.610224 2.561597
v -0.139204 0.604888 2.475523
v -0.139204 0.604888 2.475523
v -0.138291 0.444871 2.522218
v -0.071620 0.448082 2.623713
v -0.093992 0.682313 2.491581
v -0.075648 0.610224 2.561597
v 0.000000 0.592416 2.523467
v 0.000000 0.592416 2.523467
v 0.003716 0.665251 2.471420
v -0.093992 0.682313 2.491581
v -0.093992 0.682313 2.491581
v -0.109223 0.718782 2.420726
v -0.148888 0.673960 2.443663
v -0.221280 0.321782 2.788346
v -0.174552 0.394232 2.810240
v -0.185430 0.399008 2.722817
v -0.185430 0.399008 2.722817
v -0.219990 0.351308 2.721692
v -0.221280 0.321782 2.788346
v -0.223702 0.304147 2.830400
v -0.173867 0.379068 2.847701
v -0.174552 0.394232 2.810240
v -0.174552 0.394232 2.810240
v -0.221280 0.321782 2.788346
v -0.223702 0.304147 2.830400
v -0.179332 0.287563 2.836627
v -0.129543 0.343536 2.853746
v -0.173867 0.379068 2.847701
v -0.173867 0.379068 2.847701
v -0.223702 0.304147 2.830400
v -0.179332 0.287563 2.836627
v -0.158334 0.372899 2.836675
v -0.154430 0.381179 2.808743
v -0.174552 0.394232 2.810240
v -0.174552 0.394232 2.810240
v -0.173867 0.379068 2.847701
v -0.158334 0.372899 2.836675
v -0.129543 0.343536 2.853746
v -0.158334 0.372899 2.836675
v -0.173867 0.379068 2.847701
v -0.208612 0.305163 2.783299
v -0.213039 0.301901 2.818526
v -0.223702 0.304147 2.830400
v -0.223702 0.304147 2.830400
v -0.221280 0.321782 2.788346
v -0.208612 0.305163 2.783299
v -0.213039 0.301901 2.818526
v -0.179332 0.287563 2.836627
v -0.223702 0.304147 2.830400
v -0.179332 0.287563 2.836627
v -0.213039 0.301901 2.818526
v -0.158334 0.372899 2.836675
v -0.158334 0.372899 2.836675
v -0.129543 0.343536 2.853746
v -0.179332 0.287563 2.836627
v -0.154430 0.381179 2.808743
v -0.158334 0.372899 2.836675
v -0.213039 0.301901 2.818526
v -0.213039 0.301901 2.818526
v -0.208612 0.305163 2.783299
v -0.154430 0.381179 2.808743
v -0.201371 0.323592 2.716655
v -0.208612 0.305163 2.783299
v -0.221280 0.321782 2.788346
v -0.221280 0.321782 2.788346
v -0.219990 0.351308 2.721692
v -0.201371 0.323592 2.716655
v -0.162629 0.354145 2.759469
v -0.154430 0.381179 2.808743
v -0.208612 0.305163 2.783299
v -0.208612 0.305163 2.783299
v -0.201371 0.323592 2.716655
v -0.162629 0.354145 2.759469
v -0.153627 0.381832 2.719078
v -0.162629 0.354145 2.759469
v -0.201371 0.323592 2.716655
v -0.158300 0.403423 2.783548
v -0.142791 0.402151 2.750062
v -0.185430 0.399008 2.722817
v -0.153627 0.381832 2.719078
v -0.142791 0.402151 2.750062
v -0.140832 0.382944 2.792170
v -0.140832 0.382944 2.792170
v -0.162629 0.354145 2.759469
v -0.153627 0.381832 2.719078
v -0.142791 0.402151 2.750062
v -0.153627 0.381832 2.719078
v -0.185430 0.399008 2.722817
v -0.174552 0.394232 2.810240
v -0.158300 0.403423 2.783548
v -0.185430 0.399008 2.722817
v -0.140832 0.382944 2.792170
v -0.154430 0.381179 2.808743
v -0.162629 0.354145 2.759469
v -0.154430 0.381179 2.808743
v -0.140832 0.382944 2.792170
v -0.158300 0.403423 2.783548
v -0.158300 0.403423 2.783548
v -0.174552 0.394232 2.810240
v -0.154430 0.381179 2.808743
v -0.135109 0.383848 2.795918
v -0.118947 0.391673 2.780806
v -0.142791 0.402151 2.750062
v -0.142791 0.402151 2.750062
v -0.158300 0.403423 2.783548
v -0.135109 0.383848 2.795918
v 0.052217 0.799188 2.474557
v 0.013351 0.790318 2.505837
v 0.028910 0.769097 2.493833
v 0.059798 0.866315 2.432006
v 0.031519 0.896268 2.460101
v 0.030212 0.844778 2.485594
v 0.030212 0.844778 2.485594
v 0.052546 0.840393 2.471191
v 0.059798 0.866315 2.432006
v -0.071110 0.865255 2.373212
v -0.033953 0.910852 2.383209
v -0.038792 0.873328 2.315917
v 0.052139 0.824435 2.465123
v 0.052217 0.799188 2.474557
v 0.067406 0.811388 2.427415
v 0.056494 0.754801 2.444278
v 0.028910 0.769097 2.493833
v 0.019023 0.729512 2.504613
v 0.019023 0.729512 2.504613
v 0.023098 0.719579 2.453154
v 0.056494 0.754801 2.444278
v 0.000000 0.836599 2.497148
v -0.004486 0.802755 2.523792
v 0.004487 0.802755 2.523792
v 0.059366 0.748794 2.405915
v 0.056494 0.754801 2.444278
v 0.023098 0.719579 2.453154
v 0.023098 0.719579 2.453154
v 0.057997 0.690548 2.420362
v 0.059366 0.748794 2.405915
v 0.000000 0.836599 2.497148
v 0.004487 0.802755 2.523792
v 0.013351 0.790318 2.505837
v 0.013351 0.790318 2.505837
v 0.014652 0.828463 2.483097
v 0.000000 0.836599 2.497148
v 0.059366 0.748794 2.405915
v 0.040266 0.751888 2.347559
v 0.038875 0.792360 2.320912
v 0.038875 0.792360 2.320912
v 0.071007 0.800216 2.381711
v 0.059366 0.748794 2.405915
v 0.040266 0.751888 2.347559
v 0.053529 0.702095 2.340691
v -0.053529 0.702095 2.340691
v -0.053529 0.702095 2.340691
v -0.040265 0.751887 2.347559
v 0.040266 0.751888 2.347559
v 0.052546 0.840393 2.471191
v 0.030212 0.844778 2.485594
v 0.052139 0.824435 2.465123
v 0.028910 0.769097 2.493833
v 0.056494 0.754801 2.444278
v 0.067406 0.811388 2.427415
v 0.067406 0.811388 2.427415
v 0.052217 0.799188 2.474557
v 0.028910 0.769097 2.493833
v 0.013351 0.790318 2.505837
v -0.013350 0.790318 2.505838
v 0.000000 0.773404 2.511684
v 0.000000 0.920826 2.379575
v 0.000000 0.897143 2.475787
v 0.031519 0.896268 2.460101
v 0.031519 0.896268 2.460101
v 0.033953 0.910852 2.383209
v 0.000000 0.920826 2.379575
v 0.059366 0.748794 2.405915
v 0.071007 0.800216 2.381711
v 0.067406 0.811388 2.427415
v 0.067406 0.811388 2.427415
v 0.056494 0.754801 2.444278
v 0.059366 0.748794 2.405915
v 0.057997 0.690548 2.420362
v 0.023098 0.719579 2.453154
v 0.000000 0.706240 2.458713
v 0.000000 0.706240 2.458713
v 0.000000 0.662772 2.446889
v 0.057997 0.690548 2.420362
v 0.031519 0.896268 2.460101
v 0.000000 0.897143 2.475787
v 0.000000 0.848697 2.495259
v 0.000000 0.848697 2.495259
v 0.030212 0.844778 2.485594
v 0.031519 0.896268 2.460101
v 0.040266 0.751888 2.347559
v 0.059366 0.748794 2.405915
v 0.057997 0.690548 2.420362
v 0.057997 0.690548 2.420362
v 0.053529 0.702095 2.340691
v 0.040266 0.751888 2.347559
v 0.014652 0.828463 2.483097
v 0.013351 0.790318 2.505837
v 0.052217 0.799188 2.474557
v 0.052217 0.799188 2.474557
v 0.052139 0.824435 2.465123
v 0.014652 0.828463 2.483097
v -0.004486 0.802755 2.523792
v -0.013350 0.790318 2.505838
v 0.013351 0.790318 2.505837
v 0.013351 0.790318 2.505837
v 0.004487 0.802755 2.523792
v -0.004486 0.802755 2.523792
v 0.000000 0.836599 2.497148
v 0.014652 0.828463 2.483097
v 0.030212 0.844778 2.485594
v -0.040265 0.751887 2.347559
v -0.038875 0.792360 2.320912
v 0.038875 0.792360 2.320912
v 0.038875 0.792360 2.320912
v 0.040266 0.751888 2.347559
v -0.040265 0.751887 2.347559
v 0.038792 0.873328 2.315917
v 0.071110 0.865255 2.373212
v 0.071007 0.800216 2.381711
v 0.071007 0.800216 2.381711
v 0.038875 0.792360 2.320912
v 0.038792 0.873328 2.315917
v -0.019023 0.729512 2.504613
v -0.023098 0.719579 2.453154
v 0.000000 0.706240 2.458713
v -0.019023 0.729512 2.504613
v 0.000000 0.706240 2.458713
v 0.023098 0.719579 2.453154
v -0.019023 0.729512 2.504613
v 0.023098 0.719579 2.453154
v 0.019023 0.729512 2.504613
v -0.067405 0.811388 2.427415
v -0.052138 0.824435 2.465123
v -0.052546 0.840393 2.471191
v -0.052546 0.840393 2.471191
v -0.059798 0.866315 2.432006
v -0.067405 0.811388 2.427415
v 0.033953 0.910852 2.383209
v 0.031519 0.896268 2.460101
v 0.059798 0.866315 2.432006
v 0.059798 0.866315 2.432006
v 0.071110 0.865255 2.373212
v 0.033953 0.910852 2.383209
v 0.030212 0.844778 2.485594
v 0.000000 0.848697 2.495259
v 0.000000 0.836599 2.497148
v 0.071110 0.865255 2.373212
v 0.059798 0.866315 2.432006
v 0.067406 0.811388 2.427415
v 0.067406 0.811388 2.427415
v 0.071007 0.800216 2.381711
v 0.071110 0.865255 2.373212
v 0.038792 0.873328 2.315917
v 0.000000 0.920826 2.379575
v 0.033953 0.910852 2.383209
v 0.059798 0.866315 2.432006
v 0.052546 0.840393 2.471191
v 0.052139 0.824435 2.465123
v 0.052139 0.824435 2.465123
v 0.067406 0.811388 2.427415
v 0.059798 0.866315 2.432006
v 0.038792 0.873328 2.315917
v 0.038875 0.792360 2.320912
v -0.038875 0.792360 2.320912
v -0.038875 0.792360 2.320912
v -0.038792 0.873328 2.315917
v 0.038792 0.873328 2.315917
v 0.038792 0.873328 2.315917
v 0.033953 0.910852 2.383209
v 0.071110 0.865255 2.373212
v 0.000000 0.773404 2.511684
v -0.013350 0.790318 2.505838
v -0.028909 0.769097 2.493833
v -0.028909 0.769097 2.493833
v -0.019023 0.729512 2.504613
v 0.000000 0.773404 2.511684
v -0.038875 0.792360 2.320912
v -0.071007 0.800216 2.381711
v -0.071110 0.865255 2.373212
v -0.071110 0.865255 2.373212
v -0.038792 0.873328 2.315917
v -0.038875 0.792360 2.320912
v 0.019023 0.729512 2.504613
v 0.000000 0.773404 2.511684
v -0.019023 0.729512 2.504613
v -0.071110 0.865255 2.373212
v -0.059798 0.866315 2.432006
v -0.031519 0.896268 2.460101
v -0.031519 0.896268 2.460101
v -0.033953 0.910852 2.383209
v -0.071110 0.865255 2.373212
v -0.028909 0.769097 2.493833
v -0.013350 0.790318 2.505838
v -0.052217 0.799188 2.474557
v -0.052546 0.840393 2.471191
v -0.030212 0.844778 2.485594
v -0.031519 0.896268 2.460101
v -0.031519 0.896268 2.460101
v -0.059798 0.866315 2.432006
v -0.052546 0.840393 2.471191
v -0.033953 0.910852 2.383209
v 0.000000 0.920826 2.379575
v -0.038792 0.873328 2.315917
v -0.067405 0.811388 2.427415
v -0.052217 0.799188 2.474557
v -0.052138 0.824435 2.465123
v -0.019023 0.729512 2.504613
v -0.028909 0.769097 2.493833
v -0.056494 0.754801 2.444278
v -0.056494 0.754801 2.444278
v -0.023098 0.719579 2.453154
v -0.019023 0.729512 2.504613
v -0.071007 0.800216 2.381711
v -0.067405 0.811388 2.427415
v -0.059798 0.866315 2.432006
v -0.059798 0.866315 2.432006
v -0.071110 0.865255 2.373212
v -0.071007 0.800216 2.381711
v -0.057997 0.690547 2.420362
v -0.023098 0.719579 2.453154
v -0.056494 0.754801 2.444278
v -0.056494 0.754801 2.444278
v -0.059366 0.748794 2.405915
v -0.057997 0.690547 2.420362
v -0.014652 0.828463 2.483097
v -0.013350 0.790318 2.505838
v -0.004486 0.802755 2.523792
v -0.004486 0.802755 2.523792
v 0.000000 0.836599 2.497148
v -0.014652 0.828463 2.483097
v -0.071007 0.800216 2.381711
v -0.038875 0.792360 2.320912
v -0.040265 0.751887 2.347559
v -0.040265 0.751887 2.347559
v -0.059366 0.748794 2.405915
v -0.071007 0.800216 2.381711
v -0.030212 0.844778 2.485594
v -0.014652 0.828463 2.483097
v 0.000000 0.836599 2.497148
v -0.052138 0.824435 2.465123
v -0.030212 0.844778 2.485594
v -0.052546 0.840393 2.471191
v -0.052217 0.799188 2.474557
v -0.067405 0.811388 2.427415
v -0.056494 0.754801 2.444278
v -0.056494 0.754801 2.444278
v -0.028909 0.769097 2.493833
v -0.052217 0.799188 2.474557
v 0.000000 0.836599 2.497148
v 0.000000 0.848697 2.495259
v -0.030212 0.844778 2.485594
v -0.033953 0.910852 2.383209
v -0.031519 0.896268 2.460101
v 0.000000 0.897143 2.475787
v 0.000000 0.897143 2.475787
v 0.000000 0.920826 2.379575
v -0.033953 0.910852 2.383209
v -0.056494 0.754801 2.444278
v -0.067405 0.811388 2.427415
v -0.071007 0.800216 2.381711
v -0.071007 0.800216 2.381711
v -0.059366 0.748794 2.405915
v -0.056494 0.754801 2.444278
v 0.000000 0.662772 2.446889
v 0.000000 0.706240 2.458713
v -0.023098 0.719579 2.453154
v -0.023098 0.719579 2.453154
v -0.057997 0.690547 2.420362
v 0.000000 0.662772 2.446889
v -0.030212 0.844778 2.485594
v 0.000000 0.848697 2.495259
v 0.000000 0.897143 2.475787
v 0.000000 0.897143 2.475787
v -0.031519 0.896268 2.460101
v -0.030212 0.844778 2.485594
v -0.053529 0.702095 2.340691
v -0.057997 0.690547 2.420362
v -0.059366 0.748794 2.405915
v -0.059366 0.748794 2.405915
v -0.040265 0.751887 2.347559
v -0.053529 0.702095 2.340691
v -0.052138 0.824435 2.465123
v -0.052217 0.799188 2.474557
v -0.013350 0.790318 2.505838
v -0.013350 0.790318 2.505838
v -0.014652 0.828463 2.483097
v -0.052138 0.824435 2.465123
v 0.028910 0.769097 2.493833
v 0.013351 0.790318 2.505837
v 0.000000 0.773404 2.511684
v 0.000000 0.773404 2.511684
v 0.019023 0.729512 2.504613
v 0.028910 0.769097 2.493833
v -0.038792 0.873328 2.315917
v 0.000000 0.920826 2.379575
v 0.038792 0.873328 2.315917
v 0.052139 0.824435 2.465123
v 0.030212 0.844778 2.485594
v 0.014652 0.828463 2.483097
v -0.052138 0.824435 2.465123
v -0.014652 0.828463 2.483097
v -0.030212 0.844778 2.485594
v -0.115456 0.803424 2.364914
v -0.096793 0.774759 2.413813
v -0.100746 0.836311 2.412056
v 0.088021 0.747602 2.362107
v 0.049484 0.727587 2.344688
v 0.000000 0.732637 2.322382
v 0.088021 0.747602 2.362107
v 0.000000 0.732637 2.322382
v 0.000000 0.770183 2.281327
v 0.088021 0.747602 2.362107
v 0.000000 0.770183 2.281327
v 0.093148 0.786917 2.316612
v -0.100746 0.836311 2.412056
v -0.096793 0.774759 2.413813
v -0.067288 0.761589 2.444495
v -0.067288 0.761589 2.444495
v -0.075767 0.875598 2.444636
v -0.100746 0.836311 2.412056
v -0.115456 0.803424 2.364914
v -0.104917 0.863453 2.352530
v -0.093148 0.786917 2.316612
v 0.072751 0.716502 2.390575
v 0.067288 0.761589 2.444495
v 0.062823 0.697454 2.451242
v -0.088020 0.747602 2.362107
v -0.093148 0.786917 2.316612
v 0.000000 0.770183 2.281327
v -0.088020 0.747602 2.362107
v 0.000000 0.770183 2.281327
v 0.000000 0.732637 2.322382
v -0.088020 0.747602 2.362107
v 0.000000 0.732637 2.322382
v -0.049484 0.727587 2.344689
v 0.104917 0.863453 2.352530
v 0.075767 0.875598 2.444636
v 0.100746 0.836311 2.412056
v -0.075767 0.875598 2.444636
v -0.104917 0.863453 2.352530
v -0.100746 0.836311 2.412056
v 0.000000 0.770183 2.281327
v 0.000000 0.848768 2.262646
v 0.072488 0.845460 2.294863
v 0.072488 0.845460 2.294863
v 0.093148 0.786917 2.316612
v 0.000000 0.770183 2.281327
v 0.096793 0.774759 2.413812
v 0.115456 0.803424 2.364913
v 0.100746 0.836311 2.412056
v -0.072751 0.716502 2.390575
v -0.088020 0.747602 2.362107
v -0.049484 0.727587 2.344689
v 0.000000 0.901283 2.284694
v 0.053059 0.892669 2.304602
v 0.072488 0.845460 2.294863
v 0.072488 0.845460 2.294863
v 0.000000 0.848768 2.262646
v 0.000000 0.901283 2.284694
v -0.093148 0.786917 2.316612
v -0.072488 0.845460 2.294863
v 0.000000 0.848768 2.262646
v 0.000000 0.848768 2.262646
v 0.000000 0.770183 2.281327
v -0.093148 0.786917 2.316612
v 0.049484 0.727587 2.344688
v 0.088021 0.747602 2.362107
v 0.072751 0.716502 2.390575
v 0.104917 0.863453 2.352530
v 0.072488 0.845460 2.294863
v 0.053059 0.892669 2.304602
v 0.053059 0.892669 2.304602
v 0.050414 0.926860 2.353317
v 0.104917 0.863453 2.352530
v 0.000000 0.892325 2.496148
v 0.075767 0.875598 2.444636
v 0.053406 0.914710 2.439302
v 0.053406 0.914710 2.439302
v 0.000000 0.936455 2.456274
v 0.000000 0.892325 2.496148
v -0.115456 0.803424 2.364914
v -0.088020 0.747602 2.362107
v -0.096793 0.774759 2.413813
v -0.053406 0.914710 2.439302
v -0.050414 0.926860 2.353317
v -0.104917 0.863453 2.352530
v -0.104917 0.863453 2.352530
v -0.075767 0.875598 2.444636
v -0.053406 0.914710 2.439302
v -0.072488 0.845460 2.294863
v -0.104917 0.863453 2.352530
v -0.050414 0.926860 2.353317
v -0.050414 0.926860 2.353317
v -0.053059 0.892669 2.304602
v -0.072488 0.845460 2.294863
v 0.000000 0.936455 2.456274
v 0.053406 0.914710 2.439302
v 0.050414 0.926860 2.353317
v 0.050414 0.926860 2.353317
v 0.000000 0.945886 2.355184
v 0.000000 0.936455 2.456274
v 0.100746 0.836311 2.412056
v 0.075767 0.875598 2.444636
v 0.067288 0.761589 2.444495
v 0.067288 0.761589 2.444495
v 0.096793 0.774759 2.413812
v 0.100746 0.836311 2.412056
v 0.050414 0.926860 2.353317
v 0.053406 0.914710 2.439302
v 0.075767 0.875598 2.444636
v 0.075767 0.875598 2.444636
v 0.104917 0.863453 2.352530
v 0.050414 0.926860 2.353317
v 0.000000 0.945886 2.355184
v -0.050414 0.926860 2.353317
v -0.053406 0.914710 2.439302
v -0.053406 0.914710 2.439302
v 0.000000 0.936455 2.456274
v 0.000000 0.945886 2.355184
v 0.000000 0.936455 2.456274
v -0.053406 0.914710 2.439302
v -0.075767 0.875598 2.444636
v -0.075767 0.875598 2.444636
v 0.000000 0.892325 2.496148
v 0.000000 0.936455 2.456274
v -0.062822 0.697454 2.451242
v -0.067288 0.761589 2.444495
v -0.072751 0.716502 2.390575
v 0.093148 0.786917 2.316612
v 0.104917 0.863453 2.352530
v 0.115456 0.803424 2.364913
v 0.096793 0.774759 2.413812
v 0.088021 0.747602 2.362107
v 0.115456 0.803424 2.364913
v -0.072751 0.716502 2.390575
v -0.067288 0.761589 2.444495
v -0.088020 0.747602 2.362107
v 0.115456 0.803424 2.364913
v 0.104917 0.863453 2.352530
v 0.100746 0.836311 2.412056
v 0.000000 0.945886 2.355184
v 0.050414 0.926860 2.353317
v 0.053059 0.892669 2.304602
v 0.053059 0.892669 2.304602
v 0.000000 0.901283 2.284694
v 0.000000 0.945886 2.355184
v -0.093148 0.786917 2.316612
v -0.088020 0.747602 2.362107
v -0.115456 0.803424 2.364914
v 0.000000 0.901283 2.284694
v -0.053059 0.892669 2.304602
v -0.050414 0.926860 2.353317
v -0.050414 0.926860 2.353317
v 0.000000 0.945886 2.355184
v 0.000000 0.901283 2.284694
v -0.100746 0.836311 2.412056
v -0.104917 0.863453 2.352530
v -0.115456 0.803424 2.364914
v 0.000000 0.848768 2.262646
v -0.072488 0.845460 2.294863
v -0.053059 0.892669 2.304602
v -0.053059 0.892669 2.304602
v 0.000000 0.901283 2.284694
v 0.000000 0.848768 2.262646
v 0.115456 0.803424 2.364913
v 0.088021 0.747602 2.362107
v 0.093148 0.786917 2.316612
v 0.088021 0.747602 2.362107
v 0.067288 0.761589 2.444495
v 0.072751 0.716502 2.390575
v 0.093148 0.786917 2.316612
v 0.072488 0.845460 2.294863
v 0.104917 0.863453 2.352530
v -0.093148 0.786917 2.316612
v -0.104917 0.863453 2.352530
v -0.072488 0.845460 2.294863
v -0.043811 0.790101 2.506184
v -0.040629 0.801118 2.506434
v -0.068089 0.783614 2.434142
v -0.068089 0.783614 2.434142
v -0.067941 0.771730 2.438513
v -0.043811 0.790101 2.506184
v 0.031421 0.626713 2.689219
v 0.079998 0.530334 2.661010
v 0.101997 0.539684 2.660481
v 0.101997 0.539684 2.660481
v 0.052883 0.636902 2.685945
v 0.031421 0.626713 2.689219
v 0.023833 0.696289 2.622795
v 0.053948 0.630835 2.662836
v 0.029741 0.619344 2.666528
v 0.029741 0.619344 2.666528
v -0.002282 0.692956 2.623576
v 0.023833 0.696289 2.622795
v 0.052883 0.636902 2.685945
v 0.101997 0.539684 2.660481
v 0.098388 0.551467 2.640237
v 0.098388 0.551467 2.640237
v 0.053948 0.630835 2.662836
v 0.052883 0.636902 2.685945
v 0.053948 0.630835 2.662836
v 0.098388 0.551467 2.640237
v 0.073576 0.540921 2.640833
v 0.073576 0.540921 2.640833
v 0.029741 0.619344 2.666528
v 0.053948 0.630835 2.662836
v -0.041724 0.744471 2.496875
v -0.044697 0.756332 2.499749
v -0.064397 0.776962 2.442236
v -0.064397 0.776962 2.442236
v -0.062897 0.766043 2.436506
v -0.041724 0.744471 2.496875
v -0.012776 0.776540 2.554098
v -0.019077 0.737474 2.545349
v -0.002282 0.692956 2.623576
v -0.002282 0.692956 2.623576
v -0.002512 0.708126 2.640792
v -0.012776 0.776540 2.554098
v 0.040366 0.801118 2.506434
v 0.043548 0.790101 2.506184
v 0.067678 0.771730 2.438513
v 0.067678 0.771730 2.438513
v 0.067826 0.783614 2.434142
v 0.040366 0.801118 2.506434
v 0.044434 0.756332 2.499749
v 0.041461 0.744471 2.496875
v 0.062634 0.766043 2.436506
v 0.062634 0.766043 2.436506
v 0.064134 0.776962 2.442236
v 0.044434 0.756332 2.499749
v 0.106606 0.458903 2.575416
v 0.102502 0.421802 2.485041
v 0.126139 0.425460 2.483284
v 0.126139 0.425460 2.483284
v 0.130266 0.462553 2.574019
v 0.106606 0.458903 2.575416
v 0.020778 0.711069 2.640123
v 0.052883 0.636902 2.685945
v 0.053948 0.630835 2.662836
v 0.053948 0.630835 2.662836
v 0.023833 0.696289 2.622795
v 0.020778 0.711069 2.640123
v 0.042787 0.787373 2.512862
v 0.010602 0.838324 2.502136
v 0.012404 0.776634 2.554128
v 0.010602 0.838324 2.502136
v -0.010865 0.838324 2.502136
v -0.012776 0.776540 2.554098
v -0.012776 0.776540 2.554098
v 0.012404 0.776634 2.554128
v 0.010602 0.838324 2.502136
v 0.018808 0.737378 2.545365
v 0.023833 0.696289 2.622795
v -0.002282 0.692956 2.623576
v -0.002282 0.692956 2.623576
v -0.019077 0.737474 2.545349
v 0.018808 0.737378 2.545365
v 0.018808 0.737378 2.545365
v 0.044258 0.761076 2.507601
v 0.051527 0.756005 2.520321
v 0.101997 0.539684 2.660481
v 0.130266 0.462553 2.574019
v 0.127838 0.484963 2.565100
v 0.127838 0.484963 2.565100
v 0.098388 0.551467 2.640237
v 0.101997 0.539684 2.660481
v 0.098388 0.551467 2.640237
v 0.127838 0.484963 2.565100
v 0.101152 0.480846 2.566676
v 0.101152 0.480846 2.566676
v 0.073576 0.540921 2.640833
v 0.098388 0.551467 2.640237
v 0.130266 0.462553 2.574019
v 0.126139 0.425460 2.483284
v 0.123567 0.447940 2.474564
v 0.123567 0.447940 2.474564
v 0.127838 0.484963 2.565100
v 0.130266 0.462553 2.574019
v -0.043050 0.787373 2.512862
v -0.010865 0.838324 2.502136
v -0.048964 0.777268 2.487181
v 0.018808 0.737378 2.545365
v 0.035163 0.720728 2.487497
v 0.044258 0.761076 2.507601
v -0.019077 0.737474 2.545349
v -0.035423 0.720728 2.487495
v 0.035163 0.720728 2.487497
v 0.035163 0.720728 2.487497
v 0.018808 0.737378 2.545365
v -0.019077 0.737474 2.545349
v -0.048964 0.777268 2.487181
v -0.044521 0.761076 2.507601
v -0.043050 0.787373 2.512862
v 0.051439 0.783221 2.524158
v 0.042787 0.787373 2.512862
v 0.012404 0.776634 2.554128
v -0.019077 0.737474 2.545349
v -0.044521 0.761076 2.507601
v -0.035423 0.720728 2.487495
v 0.029741 0.619344 2.666528
v 0.073576 0.540921 2.640833
v 0.079998 0.530334 2.661010
v 0.079998 0.530334 2.661010
v 0.031421 0.626713 2.689219
v 0.029741 0.619344 2.666528
v 0.018808 0.737378 2.545365
v 0.051527 0.756005 2.520321
v 0.051439 0.783221 2.524158
v 0.051439 0.783221 2.524158
v 0.012404 0.776634 2.554128
v 0.018808 0.737378 2.545365
v 0.079998 0.530334 2.661010
v 0.106606 0.458903 2.575416
v 0.130266 0.462553 2.574019
v 0.130266 0.462553 2.574019
v 0.101997 0.539684 2.660481
v 0.079998 0.530334 2.661010
v -0.012776 0.776540 2.554098
v -0.002512 0.708126 2.640792
v 0.020778 0.711069 2.640123
v 0.020778 0.711069 2.640123
v 0.012404 0.776634 2.554128
v -0.012776 0.776540 2.554098
v -0.019077 0.737474 2.545349
v -0.012776 0.776540 2.554098
v -0.051702 0.783221 2.524158
v -0.051702 0.783221 2.524158
v -0.051790 0.756005 2.520321
v -0.019077 0.737474 2.545349
v 0.127838 0.484963 2.565100
v 0.123567 0.447940 2.474564
v 0.096908 0.443814 2.476545
v 0.096908 0.443814 2.476545
v 0.101152 0.480846 2.566676
v 0.127838 0.484963 2.565100
v 0.101152 0.480846 2.566676
v 0.096908 0.443814 2.476545
v 0.102502 0.421802 2.485041
v 0.102502 0.421802 2.485041
v 0.106606 0.458903 2.575416
v 0.101152 0.480846 2.566676
v 0.073576 0.540921 2.640833
v 0.101152 0.480846 2.566676
v 0.106606 0.458903 2.575416
v 0.106606 0.458903 2.575416
v 0.079998 0.530334 2.661010
v 0.073576 0.540921 2.640833
v -0.002512 0.708126 2.640792
v 0.031421 0.626713 2.689219
v 0.052883 0.636902 2.685945
v 0.052883 0.636902 2.685945
v 0.020778 0.711069 2.640123
v -0.002512 0.708126 2.640792
v -0.002282 0.692956 2.623576
v 0.029741 0.619344 2.666528
v 0.031421 0.626713 2.689219
v 0.031421 0.626713 2.689219
v -0.002512 0.708126 2.640792
v -0.002282 0.692956 2.623576
v 0.012404 0.776634 2.554128
v 0.020778 0.711069 2.640123
v 0.023833 0.696289 2.622795
v 0.023833 0.696289 2.622795
v 0.018808 0.737378 2.545365
v 0.012404 0.776634 2.554128
v 0.051527 0.756005 2.520321
v 0.044258 0.761076 2.507601
v 0.042787 0.787373 2.512862
v 0.042787 0.787373 2.512862
v 0.051439 0.783221 2.524158
v 0.051527 0.756005 2.520321
v -0.012776 0.776540 2.554098
v -0.043050 0.787373 2.512862
v -0.051702 0.783221 2.524158
v 0.048701 0.777269 2.487181
v 0.042787 0.787373 2.512862
v 0.044258 0.761076 2.507601
v -0.051790 0.756005 2.520321
v -0.044521 0.761076 2.507601
v -0.019077 0.737474 2.545349
v -0.051702 0.783221 2.524158
v -0.043050 0.787373 2.512862
v -0.044521 0.761076 2.507601
v -0.044521 0.761076 2.507601
v -0.051790 0.756005 2.520321
v -0.051702 0.783221 2.524158
v 0.048701 0.777269 2.487181
v 0.010602 0.838324 2.502136
v 0.042787 0.787373 2.512862
v -0.012776 0.776540 2.554098
v -0.010865 0.838324 2.502136
v -0.043050 0.787373 2.512862
v 0.048701 0.777269 2.487181
v 0.044258 0.761076 2.507601
v 0.035163 0.720728 2.487497
v -0.048964 0.777268 2.487181
v -0.035423 0.720728 2.487495
v -0.044521 0.761076 2.507601
v 0.088021 0.747602 2.362107
v 0.096793 0.774759 2.413812
v 0.067288 0.761589 2.444495
v -0.067288 0.761589 2.444495
v -0.096793 0.774759 2.413813
v -0.088020 0.747602 2.362107
v 0.047121 0.867820 2.475629
v 0.070637 0.861053 2.451158
v 0.069115 0.876469 2.444001
v 0.069115 0.876469 2.444001
v 0.046253 0.887422 2.457139
v 0.047121 0.867820 2.475629
v 0.018396 0.872159 2.491933
v 0.047121 0.867820 2.475629
v 0.046253 0.887422 2.457139
v 0.046253 0.887422 2.457139
v 0.019093 0.891626 2.478207
v 0.018396 0.872159 2.491933
v 0.070637 0.861053 2.451158
v 0.078409 0.853385 2.427950
v 0.078132 0.870227 2.421495
v 0.078132 0.870227 2.421495
v 0.069115 0.876469 2.444001
v 0.070637 0.861053 2.451158
v 0.046931 0.847760 2.480445
v 0.070989 0.843077 2.453469
v 0.070637 0.861053 2.451158
v 0.070637 0.861053 2.451158
v 0.047121 0.867820 2.475629
v 0.046931 0.847760 2.480445
v 0.017259 0.850831 2.497796
v 0.046931 0.847760 2.480445
v 0.047121 0.867820 2.475629
v 0.047121 0.867820 2.475629
v 0.018396 0.872159 2.491933
v 0.017259 0.850831 2.497796
v 0.079877 0.841491 2.428676
v 0.078409 0.853385 2.427950
v 0.070637 0.861053 2.451158
v 0.070637 0.861053 2.451158
v 0.070989 0.843077 2.453469
v 0.079877 0.841491 2.428676
v 0.044249 0.829738 2.479972
v 0.068602 0.832758 2.452795
v 0.070989 0.843077 2.453469
v 0.070989 0.843077 2.453469
v 0.046931 0.847760 2.480445
v 0.044249 0.829738 2.479972
v 0.015741 0.838400 2.498062
v 0.044249 0.829738 2.479972
v 0.046931 0.847760 2.480445
v 0.046931 0.847760 2.480445
v 0.017259 0.850831 2.497796
v 0.015741 0.838400 2.498062
v 0.068602 0.832758 2.452795
v 0.074899 0.831363 2.433695
v 0.079877 0.841491 2.428676
v 0.079877 0.841491 2.428676
v 0.070989 0.843077 2.453469
v 0.068602 0.832758 2.452795
v 0.042125 0.814777 2.481503
v 0.064080 0.819349 2.451560
v 0.068602 0.832758 2.452795
v 0.068602 0.832758 2.452795
v 0.044249 0.829738 2.479972
v 0.042125 0.814777 2.481503
v 0.015771 0.821590 2.495638
v 0.042125 0.814777 2.481503
v 0.044249 0.829738 2.479972
v 0.044249 0.829738 2.479972
v 0.015741 0.838400 2.498062
v 0.015771 0.821590 2.495638
v 0.064080 0.819349 2.451560
v 0.069328 0.824384 2.441091
v 0.074899 0.831363 2.433695
v 0.074899 0.831363 2.433695
v 0.068602 0.832758 2.452795
v 0.064080 0.819349 2.451560
v 0.000000 0.892568 2.483742
v 0.000000 0.873101 2.494634
v 0.018396 0.872159 2.491933
v 0.018396 0.872159 2.491933
v 0.019093 0.891626 2.478207
v 0.000000 0.892568 2.483742
v 0.000000 0.873101 2.494634
v 0.000000 0.851773 2.500497
v 0.017259 0.850831 2.497796
v 0.017259 0.850831 2.497796
v 0.018396 0.872159 2.491933
v 0.000000 0.873101 2.494634
v 0.000000 0.851773 2.500497
v 0.000000 0.840990 2.500101
v 0.015741 0.838400 2.498062
v 0.015741 0.838400 2.498062
v 0.017259 0.850831 2.497796
v 0.000000 0.851773 2.500497
v 0.006139 0.830261 2.499985
v 0.015771 0.821590 2.495638
v 0.015741 0.838400 2.498062
v 0.006139 0.830261 2.499985
v 0.015741 0.838400 2.498062
v 0.000000 0.840990 2.500101
v 0.006139 0.830261 2.499985
v 0.000000 0.840990 2.500101
v 0.000000 0.832148 2.500451
v -0.069078 0.877501 2.445393
v -0.070632 0.861052 2.451154
v -0.047120 0.867820 2.475629
v -0.047120 0.867820 2.475629
v -0.046252 0.887422 2.457139
v -0.069078 0.877501 2.445393
v -0.046252 0.887422 2.457139
v -0.047120 0.867820 2.475629
v -0.018396 0.872159 2.491933
v -0.018396 0.872159 2.491933
v -0.019092 0.891625 2.478207
v -0.046252 0.887422 2.457139
v -0.078125 0.870219 2.421438
v -0.078771 0.853379 2.427911
v -0.070632 0.861052 2.451154
v -0.070632 0.861052 2.451154
v -0.069078 0.877501 2.445393
v -0.078125 0.870219 2.421438
v -0.070632 0.861052 2.451154
v -0.070979 0.843229 2.454576
v -0.046930 0.847760 2.480445
v -0.046930 0.847760 2.480445
v -0.047120 0.867820 2.475629
v -0.070632 0.861052 2.451154
v -0.047120 0.867820 2.475629
v -0.046930 0.847760 2.480445
v -0.017258 0.850831 2.497796
v -0.017258 0.850831 2.497796
v -0.018396 0.872159 2.491933
v -0.047120 0.867820 2.475629
v -0.070632 0.861052 2.451154
v -0.078771 0.853379 2.427911
v -0.079794 0.842422 2.435467
v -0.079794 0.842422 2.435467
v -0.070979 0.843229 2.454576
v -0.070632 0.861052 2.451154
v -0.070979 0.843229 2.454576
v -0.068593 0.832758 2.452795
v -0.044248 0.829738 2.479972
v -0.044248 0.829738 2.479972
v -0.046930 0.847760 2.480445
v -0.070979 0.843229 2.454576
v -0.046930 0.847760 2.480445
v -0.044248 0.829738 2.479972
v -0.015741 0.838400 2.498062
v -0.015741 0.838400 2.498062
v -0.017258 0.850831 2.497796
v -0.046930 0.847760 2.480445
v -0.079794 0.842422 2.435467
v -0.075404 0.831362 2.433690
v -0.068593 0.832758 2.452795
v -0.068593 0.832758 2.452795
v -0.070979 0.843229 2.454576
v -0.079794 0.842422 2.435467
v -0.068593 0.832758 2.452795
v -0.064128 0.819348 2.451560
v -0.042124 0.814777 2.481503
v -0.042124 0.814777 2.481503
v -0.044248 0.829738 2.479972
v -0.068593 0.832758 2.452795
v -0.044248 0.829738 2.479972
v -0.042124 0.814777 2.481503
v -0.015771 0.821590 2.495638
v -0.015771 0.821590 2.495638
v -0.015741 0.838400 2.498062
v -0.044248 0.829738 2.479972
v -0.075404 0.831362 2.433690
v -0.069539 0.824384 2.441091
v -0.064128 0.819348 2.451560
v -0.064128 0.819348 2.451560
v -0.068593 0.832758 2.452795
v -0.075404 0.831362 2.433690
v -0.018396 0.872159 2.491933
v 0.000000 0.873101 2.494634
v 0.000000 0.892568 2.483742
v 0.000000 0.892568 2.483742
v -0.019092 0.891625 2.478207
v -0.018396 0.872159 2.491933
v -0.017258 0.850831 2.497796
v 0.000000 0.851773 2.500497
v 0.000000 0.873101 2.494634
v 0.000000 0.873101 2.494634
v -0.018396 0.872159 2.491933
v -0.017258 0.850831 2.497796
v -0.015741 0.838400 2.498062
v 0.000000 0.840990 2.500101
v 0.000000 0.851773 2.500497
v 0.000000 0.851773 2.500497
v -0.017258 0.850831 2.497796
v -0.015741 0.838400 2.498062
v -0.006138 0.830261 2.499985
v 0.000000 0.832148 2.500451
v 0.000000 0.840990 2.500101
v -0.006138 0.830261 2.499985
v 0.000000 0.840990 2.500101
v -0.015741 0.838400 2.498062
v -0.006138 0.830261 2.499985
v -0.015741 0.838400 2.498062
v -0.015771 0.821590 2.495638
vn -0.3512 0.0498 -0.9350
vn -0.3631 0.0576 -0.9300
vn -0.0022 -1.0000 -0.0049
vn 0.0170 -0.9987 -0.0475
vn -0.8359 0.0953 0.5405
vn -0.7573 -0.2298 0.6113
vn 0.9057 0.3633 -0.2183
vn 0.9954 -0.0539 -0.0793
vn -0.0186 0.9350 0.3543
vn 0.0422 0.9886 0.1447
vn 0.2633 0.0340 0.9641
vn 0.2530 0.0546 0.9659
vn -0.9778 -0.0415 0.2052
vn -0.9665 0.0109 0.2563
vn 0.1188 0.9469 0.2989
vn 0.1496 0.9388 0.3103
vn 0.8013 0.4299 -0.4160
vn 0.8833 0.2794 -0.3765
vn -0.0000 -1.0000 -0.0000
vn -0.2701 -0.3990 -0.8763
vn -0.3965 -0.9037 -0.1613
vn -0.0265 -0.9862 -0.1632
vn 0.4417 -0.8502 -0.2864
vn -0.8186 -0.5439 0.1846
vn -0.8082 -0.5575 0.1897
vn 0.1651 -0.6555 0.7369
vn -0.2280 -0.2897 0.9296
vn -0.5715 -0.1593 -0.8050
vn -0.5612 -0.1586 -0.8123
vn 0.7528 -0.2362 -0.6144
vn 0.6335 -0.3020 -0.7124
vn -0.9686 0.1165 0.2195
vn -0.9823 0.1163 0.1468
vn -0.2292 0.3420 0.9113
vn -0.0298 0.3027 0.9526
vn -0.4880 -0.7231 -0.4889
vn -0.3447 -0.6203 0.7046
vn -0.3973 -0.6064 0.6888
vn 0.6475 -0.6454 -0.4052
vn -0.9822 0.1107 0.1518
vn -0.9418 0.1289 0.3105
vn -0.0835 0.7719 0.6303
vn -0.3109 0.8224 0.4765
vn -0.4918 -0.7544 0.4346
vn 0.4075 -0.9113 0.0593
vn 0.7200 -0.6940 -0.0067
vn 0.8542 -0.5094 -0.1040
vn -0.9521 0.1496 0.2668
vn -0.3788 -0.8142 0.4401
vn -0.3695 0.9266 -0.0703
vn -0.7448 0.6523 -0.1407
vn -0.0654 -0.6355 -0.7693
vn 0.2329 -0.4577 -0.8581
vn 0.8830 -0.2236 -0.4126
vn 0.7035 -0.5662 -0.4295
vn 0.6169 -0.3941 0.6813
vn 0.3433 -0.1324 0.9298
vn 0.2050 0.0556 -0.9772
vn 0.0047 -0.1053 -0.9944
vn 0.7851 0.0277 -0.6188
vn 0.7869 0.0315 -0.6163
vn -0.4368 0.1449 0.8878
vn -0.5060 0.1524 0.8489
vn -0.0009 -0.3059 -0.9521
vn 0.0173 -0.2936 -0.9558
vn 0.7912 -0.3107 -0.5267
vn 0.7324 -0.3791 -0.5655
vn -0.5467 0.7325 0.4057
vn -0.3184 0.2057 0.9254
vn 0.0277 -0.3390 -0.9404
vn 0.1242 -0.2409 -0.9626
vn -0.9898 0.1258 0.0668
vn -0.6371 0.3538 0.6848
vn -0.2537 0.3110 0.9159
vn -0.4846 0.4419 0.7550
vn -0.3128 0.9366 0.1580
vn -0.1970 0.8978 0.3940
vn 0.1294 0.1494 -0.9803
vn 0.1973 0.2203 -0.9553
vn -0.2555 0.8809 0.3985
vn -0.3356 0.9059 0.2581
vn 0.4711 0.3351 -0.8160
vn 0.3669 0.8833 -0.2917
vn -0.6963 -0.4988 0.5161
vn 0.7853 0.5507 -0.2829
vn 0.9179 -0.1835 0.3518
vn 0.9459 0.0697 0.3168
vn 0.9021 0.0794 0.4242
vn 0.9307 0.3059 0.2007
vn 0.9366 0.3048 0.1731
vn 0.8853 0.4300 -0.1772
vn 0.8354 0.5362 -0.1213
vn 0.2073 0.9652 0.1597
vn 0.8841 0.1835 0.4299
vn 0.8587 0.1543 0.4887
vn 0.4856 -0.3898 0.7825
vn 0.9159 0.0233 0.4007
vn 0.8109 -0.5833 -0.0467
vn 0.7714 -0.6344 0.0501
vn 0.3828 0.9042 0.1896
vn 0.6090 0.6927 0.3864
vn 0.9061 0.1839 -0.3810
vn 0.8445 0.3075 -0.4385
vn -0.9666 0.0019 0.2563
vn -0.9648 0.0092 0.2627
vn 0.9229 0.1481 0.3555
vn 0.6532 0.4354 0.6194
vn 0.8084 0.1624 0.5658
vn 0.5769 -0.5728 -0.5823
vn 0.9615 0.2728 0.0321
vn 0.0418 -0.2378 -0.9704
vn 0.5813 -0.5377 -0.6107
vn 0.5642 0.2762 -0.7781
vn 0.3008 0.6092 -0.7338
vn 0.7764 0.5120 0.3675
vn 0.5378 0.6655 0.5175
vn 0.6291 0.2615 0.7320
vn 0.9623 0.2718 0.0102
vn 0.7830 -0.1759 0.5966
vn -0.9758 -0.2153 -0.0372
vn -0.8567 -0.3697 -0.3598
vn 0.4631 -0.5535 -0.6922
vn 0.0457 -0.8004 -0.5977
vn 0.9373 0.0023 -0.3485
vn 0.9382 0.0074 -0.3460
vn 0.7002 0.4755 0.5326
vn 0.4322 0.6138 0.6606
vn -0.7599 -0.6485 -0.0448
vn -0.7634 -0.6456 -0.0201
vn 0.0720 -0.8754 -0.4779
vn -0.0172 -0.9405 -0.3392
vn -0.7152 0.5673 0.4083
vn -0.7448 0.5761 0.3368
vn 0.9738 -0.1147 -0.1966
vn 0.9553 -0.2669 -0.1267
vn 0.4772 0.8786 0.0166
vn 0.4766 0.8790 0.0160
vn 0.3773 0.8230 0.4246
vn 0.2796 0.9160 0.2877
vn -0.7815 -0.6136 -0.1132
vn -0.8434 -0.5323 -0.0734
vn 0.0084 -0.9883 -0.1526
vn 0.0068 -0.9883 -0.1522
vn -0.7405 0.6710 -0.0361
vn -0.6921 0.7218 -0.0070
vn 0.9402 -0.3393 0.0314
vn 0.9637 -0.2663 0.0183
vn -0.6818 -0.6874 -0.2500
vn -0.8276 -0.5607 0.0263
vn 0.2600 0.9654 0.0198
vn 0.5161 0.8456 0.1362
vn -0.1571 -0.1898 0.9692
vn -0.1117 -0.1995 0.9735
vn -0.1204 0.0037 0.9927
vn -0.0296 -0.1362 0.9902
vn -0.7288 0.6090 0.3130
vn -0.7956 0.5717 0.2005
vn -0.0704 0.0052 0.9975
vn -0.3614 0.6257 -0.6913
vn 0.7279 0.6799 0.0894
vn 0.7842 0.5988 0.1627
vn 0.7841 0.5955 0.1747
vn 0.7690 0.6258 0.1304
vn 0.2129 -0.0018 0.9771
vn 0.1999 -0.0468 0.9787
vn -0.6255 0.7348 0.2624
vn -0.6240 0.7364 0.2615
vn -0.6408 0.7002 0.3149
vn 0.6377 -0.7073 -0.3051
vn 0.8710 -0.4756 -0.1236
vn 0.4436 -0.8939 -0.0648
vn -0.4129 -0.2090 -0.8865
vn -0.4155 -0.2196 -0.8827
vn -0.7057 -0.7033 0.0859
vn -0.7466 -0.6652 -0.0119
vn -0.8520 -0.1598 -0.4985
vn 0.3614 0.6257 -0.6913
vn 0.8642 -0.4502 -0.2245
vn 0.8828 -0.4229 -0.2046
vn -0.7483 -0.6628 -0.0253
vn -0.0881 -0.8603 0.5021
vn -0.6746 -0.7092 -0.2046
vn -0.0821 0.9897 -0.1169
vn -0.8270 -0.5272 -0.1952
vn -0.8635 -0.5033 -0.0329
vn -0.4125 0.6499 -0.6383
vn 0.2478 0.9682 0.0347
vn -0.4219 -0.8162 0.3947
vn -0.5879 0.6389 0.4961
vn -0.5826 0.6773 0.4493
vn -0.4020 0.9147 0.0426
vn -0.3623 0.7782 0.5130
vn 0.9087 -0.3878 -0.1544
vn -0.6061 -0.5064 -0.6133
vn 0.5830 -0.0209 0.8122
vn 0.4288 -0.4505 0.7831
vn -0.4804 0.2521 0.8400
vn -0.5283 0.2059 0.8237
vn -0.3946 0.7445 0.5386
vn -0.3986 0.7492 0.5289
vn -0.4278 -0.4463 -0.7860
vn -0.4791 -0.4254 -0.7678
vn 0.7869 -0.3537 0.5056
vn 0.6906 -0.5590 0.4588
vn -0.2794 -0.7443 0.6066
vn -0.2830 -0.7319 0.6199
vn -0.6553 -0.1921 0.7305
vn 0.7008 0.6615 0.2671
vn 0.6671 0.7289 0.1539
vn 0.8801 -0.4196 -0.2222
vn 0.7554 -0.6552 -0.0116
vn -0.5797 0.8140 -0.0353
vn -0.5802 0.8136 -0.0361
vn -0.6910 -0.7228 -0.0020
vn -0.7264 -0.6790 0.1064
vn 0.5531 0.6864 0.4722
vn -0.4782 0.5266 0.7028
vn -0.2789 0.7047 0.6524
vn 0.8003 0.2267 0.5551
vn 0.8118 0.2375 0.5334
vn 0.0259 0.9502 0.3104
vn -0.1376 0.9772 0.1619
vn -0.1354 0.9762 0.1696
vn -0.4976 -0.1344 0.8569
vn 0.4296 0.3066 0.8494
vn 0.2964 0.2048 0.9328
vn 0.1769 -0.9152 0.3620
vn 0.1872 -0.7663 0.6146
vn 0.8023 0.1382 0.5807
vn 0.9092 0.2318 0.3460
vn 0.8761 -0.3708 0.3081
vn 0.0822 0.9885 0.1272
vn 0.0821 0.9885 0.1273
vn 0.6463 -0.6057 0.4641
vn 0.5803 -0.7400 0.3401
vn 0.3514 -0.0047 -0.9362
vn 0.1546 -0.0147 -0.9879
vn 0.6584 0.7513 0.0455
vn -0.0498 0.9976 0.0471
vn 0.8269 0.0512 -0.5599
vn 0.9077 0.1454 -0.3935
vn 0.0624 -0.9848 -0.1619
vn 0.0623 -0.9848 -0.1619
vn -0.4925 0.0615 -0.8681
vn -0.4926 0.0615 -0.8681
vn 0.4976 -0.1344 0.8569
vn 0.4976 -0.1343 0.8569
vn -0.0822 0.9885 0.1273
vn -0.0822 0.9885 0.1272
vn 0.3521 0.0597 -0.9340
vn 0.3632 0.0498 -0.9304
vn -0.0281 -0.9996 -0.0073
vn 0.0128 -0.9995 -0.0284
vn 0.7156 0.0985 0.6915
vn 0.8293 -0.1889 0.5259
vn -0.9518 -0.0626 -0.3002
vn -0.9494 0.3053 -0.0738
vn 0.0715 0.9814 0.1782
vn -0.0979 0.9614 0.2570
vn -0.2555 0.0345 0.9662
vn -0.2625 0.0538 0.9634
vn 0.9739 0.0187 0.2263
vn 0.9646 -0.0643 0.2558
vn -0.0688 0.9044 0.4210
vn -0.1273 0.9402 0.3159
vn -0.8567 0.2613 -0.4448
vn -0.8854 0.3809 -0.2664
vn 0.5698 -0.5595 -0.6019
vn -0.0715 -0.9846 -0.1598
vn -0.2888 -0.9461 -0.1466
vn -0.3488 -0.8993 -0.2638
vn 0.8169 -0.5440 0.1915
vn 0.8087 -0.5598 0.1808
vn 0.1610 -0.7197 0.6754
vn -0.2283 -0.0096 0.9735
vn 0.5615 -0.1618 -0.8115
vn 0.5710 -0.1559 -0.8060
vn -0.6353 -0.2548 -0.7291
vn -0.7472 -0.2732 -0.6059
vn 0.9818 0.0990 0.1622
vn 0.9666 0.1334 0.2189
vn 0.0343 0.3426 0.9388
vn 0.2321 0.3035 0.9241
vn 0.5874 -0.6829 -0.4343
vn -0.3094 -0.6281 0.7139
vn -0.5880 -0.5342 0.6074
vn -0.5270 -0.7210 -0.4498
vn 0.9642 0.1845 0.1903
vn 0.9731 0.0219 0.2293
vn 0.2747 0.7393 0.6147
vn 0.0951 0.8706 0.4826
vn -0.4146 -0.8564 0.3078
vn 0.5728 -0.8018 0.1703
vn -0.8291 -0.5578 -0.0372
vn -0.7156 -0.6937 -0.0821
vn -0.2501 -0.8518 0.4604
vn 0.9696 0.2312 0.0806
vn 0.7333 0.6799 0.0040
vn 0.3816 0.8340 -0.3984
vn -0.2267 -0.6203 -0.7509
vn 0.1394 -0.4647 -0.8744
vn -0.7824 -0.2954 -0.5483
vn -0.8877 -0.3835 -0.2550
vn -0.4298 0.1005 0.8973
vn -0.4178 -0.1281 0.8995
vn -0.0089 0.0569 -0.9983
vn -0.2180 -0.0776 -0.9729
vn -0.7873 0.0282 -0.6159
vn -0.7847 0.0310 -0.6192
vn -0.8968 0.1721 -0.4076
vn -0.8374 0.1656 -0.5209
vn -0.0203 -0.3058 -0.9519
vn 0.0004 -0.2905 -0.9569
vn -0.7714 -0.3158 -0.5525
vn -0.7793 -0.3458 -0.5226
vn 0.3724 0.2708 0.8877
vn 0.5499 0.1850 0.8145
vn -0.1221 -0.3366 -0.9337
vn -0.0032 -0.2343 -0.9722
vn 0.7889 0.4206 0.4480
vn 0.9466 0.1068 0.3043
vn 0.4855 0.3232 0.8123
vn 0.1944 0.4927 0.8482
vn 0.1297 0.9759 0.1752
vn 0.3608 0.8461 0.3924
vn -0.2075 0.1474 -0.9671
vn -0.1253 0.1913 -0.9735
vn 0.3564 0.8597 0.3659
vn 0.2155 0.9454 0.2446
vn -0.6833 0.4136 -0.6017
vn -0.2126 0.4770 -0.8528
vn -0.5146 0.2068 -0.8321
vn 0.1421 -0.8981 -0.4163
vn -0.9317 -0.1149 0.3445
vn -0.9459 0.0398 0.3221
vn -0.9093 0.1029 0.4033
vn -0.9290 0.3214 0.1834
vn -0.9351 0.2978 0.1920
vn -0.9041 0.4077 -0.1280
vn -0.8234 0.5368 -0.1839
vn -0.8420 0.3691 0.3934
vn -0.2323 -0.9419 0.2425
vn -0.9132 0.0403 -0.4056
vn -0.8227 0.1689 -0.5428
vn -0.8696 0.0740 0.4882
vn -0.8897 -0.1281 0.4383
vn 0.6787 -0.1568 0.7175
vn -0.6938 0.7002 0.1684
vn -0.3662 0.8553 0.3665
vn -0.8863 0.2387 -0.3970
vn -0.8718 0.1874 -0.4526
vn 0.9665 0.0109 0.2563
vn 0.9650 0.0016 0.2623
vn -0.9043 0.1148 0.4112
vn -0.7678 0.3351 0.5461
vn -0.6591 0.2368 0.7138
vn -0.3749 -0.9237 0.0786
vn -0.9088 0.2508 -0.3335
vn 0.0946 -0.4969 -0.8626
vn -0.5857 -0.2191 -0.7804
vn -0.6658 0.3959 -0.6325
vn -0.2487 0.4615 -0.8516
vn -0.7504 0.4148 0.5147
vn -0.6398 0.6714 0.3740
vn -0.6323 0.2496 0.7334
vn -0.4559 0.0678 -0.8875
vn -0.7423 -0.0152 0.6699
vn 0.8668 -0.3689 -0.3356
vn 0.9929 0.1092 -0.0473
vn -0.0267 -0.6508 -0.7588
vn -0.6251 -0.5379 -0.5656
vn -0.9304 -0.0642 -0.3609
vn -0.9405 -0.0545 -0.3353
vn -0.5029 0.4137 0.7589
vn -0.7414 0.4305 0.5148
vn 0.7768 -0.6131 -0.1440
vn 0.8076 -0.5684 -0.1571
vn 0.0479 -0.8352 -0.5478
vn -0.0525 -0.8869 -0.4590
vn 0.8124 0.4340 0.3895
vn 0.7894 0.5277 0.3137
vn -0.9175 -0.3073 -0.2523
vn -0.9460 -0.3046 -0.1110
vn -0.7108 -0.6334 0.3059
vn -0.6471 -0.5202 0.5574
vn -0.3800 0.7714 0.5104
vn -0.4325 0.8340 0.3425
vn 0.8722 -0.4606 -0.1645
vn 0.7709 -0.6260 -0.1179
vn 0.3139 -0.9229 -0.2230
vn 0.0416 -0.9908 -0.1284
vn 0.6631 0.7447 -0.0756
vn 0.7986 0.6014 -0.0240
vn -0.9271 -0.3735 0.0319
vn -0.8968 -0.4423 -0.0148
vn 0.5428 -0.3207 -0.7762
vn 0.5433 -0.2933 -0.7866
vn -0.6635 0.7460 0.0581
vn -0.3826 0.9041 0.1902
vn 0.1690 -0.1988 0.9654
vn 0.1186 -0.2322 0.9654
vn 0.1161 -0.0116 0.9932
vn 0.0747 -0.2067 0.9755
vn 0.3132 0.7525 0.5794
vn 0.1973 0.7684 0.6088
vn 0.1075 -0.0117 0.9941
vn 0.5258 0.0791 0.8469
vn 0.3773 0.1636 0.9115
vn -0.0624 -0.9848 -0.1620
vn -0.0623 -0.9848 -0.1618
vn -0.8790 0.2956 0.3741
vn -0.9817 0.1198 0.1478
vn 0.4925 0.0615 -0.8681
vn 0.5710 -0.8122 0.1196
vn 0.6008 0.0533 0.7976
vn 0.8991 0.2890 0.3288
vn 0.8113 0.2942 0.5052
vn 0.1195 0.9833 0.1376
vn 0.1401 0.9748 0.1738
vn -0.6080 -0.6734 0.4207
vn -0.4195 0.5664 0.7093
vn -0.7941 0.2001 0.5739
vn -0.8282 0.1526 0.5392
vn 0.4518 0.6780 0.5797
vn 0.2599 0.5526 0.7919
vn -0.5232 0.7067 0.4762
vn -0.8507 0.5083 0.1336
vn -0.7896 0.5665 0.2357
vn -0.8349 0.5047 0.2196
vn -0.8509 0.5002 0.1607
vn -0.2162 -0.1046 0.9707
vn -0.1776 -0.1078 0.9782
vn 0.5338 0.7875 0.3080
vn 0.5324 0.7880 0.3092
vn 0.5534 0.7515 0.3592
vn -0.3399 -0.9316 -0.1290
vn -0.8036 -0.5309 -0.2689
vn -0.3325 -0.9352 -0.1217
vn 0.4349 -0.1065 -0.8942
vn 0.4263 -0.1044 -0.8985
vn 0.7985 -0.5984 -0.0658
vn 0.8060 -0.5901 0.0466
vn -0.8060 -0.5422 -0.2375
vn -0.8252 -0.5104 -0.2420
vn 0.7617 -0.6131 0.2096
vn 0.6937 -0.7101 -0.1210
vn 0.7541 -0.6079 -0.2486
vn -0.0381 0.9977 -0.0555
vn 0.9519 -0.2596 -0.1627
vn 0.8606 -0.4887 -0.1432
vn 0.3264 0.7340 -0.5955
vn -0.3657 0.9258 0.0961
vn 0.5195 -0.7826 0.3429
vn 0.5357 0.6722 0.5111
vn 0.4876 0.6903 0.5345
vn -0.0882 0.9200 0.3820
vn 0.5548 0.8005 0.2266
vn 0.6246 0.0163 0.7808
vn 0.8023 0.2484 0.5428
vn 0.4849 0.6855 0.5432
vn -0.7038 0.6408 -0.3067
vn 0.9339 0.1277 0.3339
vn 0.8613 -0.0784 0.5020
vn 0.7360 -0.6515 0.1840
vn -0.0000 0.6186 0.7857
vn 0.7361 -0.6581 0.1582
vn 0.7391 0.1457 0.6576
vn 0.9200 0.3103 0.2393
vn 0.7423 0.3242 0.5863
vn 0.9329 -0.1751 -0.3146
vn 0.8386 -0.3756 -0.3947
vn -0.0000 0.1366 -0.9906
vn 0.4668 -0.3247 0.8226
vn 0.8709 -0.0216 0.4910
vn 0.8206 -0.5589 0.1197
vn -0.0000 0.3267 0.9451
vn 0.1444 0.9608 0.2365
vn 0.2583 0.9476 0.1879
vn 0.9790 -0.1662 0.1178
vn 0.9822 -0.1600 0.0986
vn 0.4270 -0.4018 0.8101
vn 0.4933 -0.2283 0.8394
vn 0.4269 0.3373 0.8390
vn 0.3257 0.4129 0.8506
vn 0.9440 -0.1002 -0.3143
vn 0.9656 0.2595 -0.0165
vn 0.5048 0.4293 0.7490
vn 0.4376 0.3159 0.8418
vn -0.0000 -0.8220 0.5694
vn -0.0000 -0.8221 0.5694
vn 0.4243 -0.5183 0.7425
vn -0.0000 -0.5499 -0.8352
vn 0.8650 -0.0663 -0.4973
vn 0.8853 -0.0277 -0.4643
vn -0.5257 -0.8265 0.2012
vn 0.5133 -0.6607 0.5477
vn -0.0000 -0.9819 0.1895
vn -0.8875 -0.1834 0.4228
vn -0.9612 0.1121 0.2520
vn 0.7821 0.6072 0.1399
vn 0.7824 0.6070 0.1396
vn 0.3186 0.1463 0.9365
vn 0.9753 0.1196 0.1855
vn 0.9970 0.0084 0.0765
vn 0.2957 0.8432 -0.4489
vn 0.9882 -0.0757 0.1328
vn 0.9338 0.1006 0.3433
vn -0.0000 -0.0616 -0.9981
vn 0.7038 0.6408 -0.3067
vn -0.5106 -0.1082 0.8530
vn -0.5333 0.0957 0.8405
vn -0.8857 -0.0615 -0.4602
vn -0.8688 -0.0296 -0.4942
vn -0.0000 -0.1590 0.9873
vn -0.7820 0.6075 0.1395
vn -0.7824 0.6069 0.1399
vn -0.6246 0.0163 0.7807
vn -0.5547 0.3578 0.7512
vn -0.8232 0.3914 0.4113
vn -0.2957 0.8432 -0.4489
vn -0.9339 0.1277 0.3339
vn -0.8613 -0.0784 0.5020
vn -0.7360 -0.6515 0.1840
vn -0.9900 0.1333 0.0454
vn -0.9818 0.0231 0.1885
vn -0.5177 -0.2878 0.8057
vn -0.9971 -0.0047 0.0754
vn -0.9253 0.1704 0.3388
vn -0.7314 0.4790 0.4853
vn -0.8688 -0.2511 -0.4267
vn -0.8862 -0.3458 -0.3084
vn -0.4243 -0.5183 0.7425
vn -0.4668 -0.3247 0.8226
vn -0.9543 -0.1001 0.2816
vn -0.8012 -0.2826 0.5275
vn -0.3186 0.1462 0.9365
vn -0.1209 0.9746 0.1887
vn -0.2513 0.9398 0.2313
vn -0.9812 -0.1549 0.1152
vn -0.9795 -0.1744 0.1006
vn -0.3583 -0.2451 0.9009
vn -0.5111 -0.2968 0.8067
vn -0.3263 0.3525 0.8771
vn -0.4182 0.3945 0.8182
vn -0.9974 -0.0387 -0.0615
vn -0.9158 0.2832 -0.2847
vn -0.5584 0.2919 0.7765
vn -0.4246 0.4529 0.7840
vn 0.5106 -0.1082 0.8530
vn 0.5333 0.0957 0.8405
vn -0.0000 0.8015 -0.5980
vn 0.3449 -0.4546 0.8212
vn -0.3449 -0.4546 0.8212
vn -0.9427 -0.0511 0.3298
vn 0.4111 0.0019 -0.9116
vn 0.3951 -0.6779 -0.6200
vn 0.3535 -0.7271 -0.5885
vn -0.7263 -0.0271 0.6868
vn -0.7578 -0.0572 0.6500
vn -0.8969 0.0673 -0.4372
vn 0.9880 -0.0535 0.1449
vn -0.3536 -0.7271 -0.5885
vn -0.3951 -0.6779 -0.6200
vn -0.4111 0.0018 -0.9116
vn 0.8966 0.3759 0.2342
vn -0.8966 0.3759 0.2342
vn 0.3887 -0.2131 -0.8964
vn 0.3785 -0.2020 -0.9033
vn 0.9427 -0.0511 0.3298
vn -0.5635 -0.6910 -0.4527
vn 0.3782 0.3338 -0.8635
vn 0.3931 0.3560 -0.8478
vn -0.3908 -0.1962 -0.8993
vn -0.3794 -0.2140 -0.9001
vn 0.5635 -0.6910 -0.4527
vn 0.7326 0.4131 -0.5409
vn 0.6972 0.6040 -0.3861
vn 0.5715 0.4227 0.7034
vn 0.4535 0.5975 0.6613
vn -0.8929 -0.4429 0.0811
vn -0.7571 0.6500 0.0655
vn -0.8389 0.5067 0.1987
vn -0.6386 0.5555 -0.5325
vn -0.8790 0.4115 -0.2411
vn 0.4055 0.9069 0.1140
vn 0.3546 0.9310 0.0869
vn 0.7578 -0.0572 0.6500
vn 0.7263 -0.0271 0.6868
vn 0.8650 0.5001 0.0406
vn 0.7504 0.6431 0.1527
vn -0.3544 0.9275 0.1187
vn -0.3988 0.9131 0.0852
vn -0.4100 0.3493 0.8426
vn -0.5464 0.5615 0.6214
vn -0.9880 -0.0535 0.1449
vn 0.8968 0.0673 -0.4372
vn 0.8929 -0.4429 0.0811
vn -0.9387 -0.2117 0.2722
vn 0.9661 0.2026 0.1601
vn 0.2792 0.7930 -0.5414
vn 0.3200 0.8006 -0.5066
vn -0.8716 -0.4153 -0.2606
vn -0.3262 0.7820 -0.5311
vn -0.2866 0.8096 -0.5123
vn -0.9661 0.2026 0.1601
vn -0.3950 0.3387 -0.8540
vn -0.3784 0.3583 -0.8535
vn 0.8716 -0.4153 -0.2606
vn 0.9387 -0.2117 0.2722
vn 0.8513 0.1098 -0.5130
vn -0.8513 0.1099 -0.5130
vn -0.9219 0.2598 0.2873
vn -0.9454 0.1021 0.3094
vn 0.1183 -0.2235 0.9675
vn 0.2157 -0.1440 0.9658
vn 0.0983 -0.4860 -0.8684
vn 0.0367 -0.4917 -0.8700
vn 0.8982 0.4301 0.0902
vn 0.8571 0.5066 -0.0935
vn -0.1137 0.2127 -0.9705
vn -0.2326 0.1830 -0.9552
vn -0.9332 -0.2865 0.2169
vn -0.9375 -0.2538 0.2381
vn -0.9605 0.0964 0.2611
vn -0.9953 -0.0785 0.0559
vn 0.9292 0.2625 0.2601
vn 0.9377 0.1096 0.3297
vn 0.9312 -0.2876 0.2238
vn 0.9398 -0.2509 0.2319
vn 0.1689 -0.9145 0.3677
vn 0.1629 -0.9158 0.3670
vn 0.9281 0.3684 -0.0540
vn 0.9287 0.3466 -0.1319
vn 0.6201 0.5161 0.5909
vn -0.0000 0.6436 0.7653
vn -0.0033 0.6444 0.7647
vn 0.0978 -0.8765 -0.4714
vn -0.0020 -0.8693 -0.4943
vn 0.1620 -0.8813 -0.4439
vn 0.9714 0.1710 0.1651
vn 0.9312 0.3619 0.0447
vn -0.1502 0.7104 -0.6876
vn -0.3055 0.6811 -0.6654
vn 0.9934 0.0830 -0.0791
vn 0.9940 0.0766 -0.0782
vn -0.8467 0.5319 -0.0143
vn 0.8615 -0.3683 0.3495
vn -0.0000 -0.9606 0.2780
vn -0.0026 -0.9612 0.2758
vn -0.9753 0.0105 0.2205
vn 0.0681 0.9522 0.2979
vn -0.8612 -0.3686 0.3500
vn -0.8701 -0.4925 0.0185
vn -0.8432 -0.4898 0.2215
vn 0.6415 -0.1050 0.7599
vn 0.6152 -0.0749 0.7848
vn 0.1524 -0.7350 0.6607
vn 0.2979 -0.6619 0.6879
vn -0.0804 0.7778 0.6233
vn -0.0037 0.7950 0.6065
vn -0.6161 -0.0762 0.7840
vn -0.6411 -0.1051 0.7602
vn -0.1688 0.9151 -0.3662
vn -0.1630 0.9153 -0.3684
vn -0.9719 -0.1979 0.1271
vn -0.9735 -0.1928 0.1234
vn -0.9506 -0.2851 -0.1226
vn -0.9054 -0.4191 0.0683
vn -0.0946 0.4795 0.8724
vn -0.0401 0.5125 0.8577
vn -0.9361 -0.3084 0.1694
vn -0.9401 -0.2620 0.2183
vn 0.9855 0.1670 0.0313
vn 0.9874 0.1568 0.0191
vn 0.8827 0.1392 -0.4489
vn 0.8059 0.0852 -0.5859
vn -0.0666 0.9519 0.2990
vn 0.9753 0.0105 0.2205
vn -0.1604 -0.8819 -0.4433
vn -0.8111 0.1580 -0.5631
vn -0.8778 0.0697 -0.4739
vn 0.8467 0.5319 -0.0143
vn -0.6201 0.5161 0.5909
vn 0.9722 -0.2326 0.0270
vn -0.9722 -0.2327 0.0270
vn 0.6190 -0.7337 0.2803
vn -0.6190 -0.7337 0.2803
vn 0.7221 0.3487 0.5975
vn 0.5977 0.5640 0.5698
vn 0.4556 0.6214 0.6374
vn 0.5895 0.4513 0.6699
vn 0.9526 0.1224 0.2785
vn 0.9233 0.2330 0.3053
vn 0.7511 0.0986 0.6528
vn 0.7333 0.1521 0.6626
vn 0.5100 0.1962 0.8375
vn 0.5064 0.2034 0.8380
vn 0.9522 0.1343 0.2744
vn 0.9408 0.0613 0.3334
vn 0.7393 -0.2128 0.6388
vn 0.7294 -0.1262 0.6724
vn 0.5117 -0.0985 0.8535
vn 0.5010 -0.0426 0.8644
vn 0.9036 -0.2861 0.3188
vn 0.9106 -0.2330 0.3414
vn 0.7878 -0.3144 0.5296
vn 0.7463 -0.0380 0.6645
vn 0.4770 0.0222 0.8786
vn 0.5050 -0.1223 0.8544
vn 0.8594 -0.4681 0.2056
vn 0.8894 -0.3291 0.3173
vn 0.1514 0.4827 0.8626
vn 0.2574 0.5507 0.7941
vn 0.1632 0.2615 0.9513
vn 0.1532 0.2543 0.9549
vn 0.1225 -0.0364 0.9918
vn 0.1547 0.0022 0.9880
vn 0.3037 -0.1355 0.9431
vn 0.1393 0.0690 0.9878
vn 0.0877 0.0394 0.9954
vn -0.7293 0.2865 0.6213
vn -0.5575 0.5826 0.5914
vn -0.4556 0.6214 0.6374
vn -0.5895 0.4513 0.6699
vn -0.9478 0.1454 0.2838
vn -0.9360 0.1918 0.2952
vn -0.7373 0.1412 0.6607
vn -0.7334 0.1521 0.6625
vn -0.5100 0.1962 0.8375
vn -0.5064 0.2034 0.8380
vn -0.9357 0.2553 0.2434
vn -0.9053 0.0970 0.4135
vn -0.7314 -0.2730 0.6249
vn -0.7157 -0.1245 0.6872
vn -0.5117 -0.0985 0.8535
vn -0.5010 -0.0427 0.8644
vn -0.8564 -0.3937 0.3340
vn -0.8703 -0.2685 0.4128
vn -0.7878 -0.3113 0.5314
vn -0.7464 -0.0380 0.6644
vn -0.4770 0.0222 0.8786
vn -0.5050 -0.1223 0.8544
vn -0.8424 -0.5028 0.1936
vn -0.8830 -0.3252 0.3385
vn -0.1514 0.4827 0.8626
vn -0.2574 0.5507 0.7941
vn -0.1632 0.2615 0.9513
vn -0.1532 0.2543 0.9549
vn -0.1225 -0.0364 0.9918
vn -0.1547 0.0023 0.9880
vn -0.0877 0.0394 0.9954
vn -0.1393 0.0690 0.9878
vn -0.3037 -0.1355 0.9431
vt 0.951558 -0.860692
vt 0.920408 -0.851230
vt 0.951121 -0.901565
vt 0.923654 -0.888506
vt 0.869956 -0.934401
vt 0.854981 -0.974752
vt 0.907566 -0.971380
vt 0.880114 -0.993135
vt 0.822409 -0.976555
vt 0.825838 -0.963526
vt 0.794722 -0.953504
vt 0.810600 -0.943619
vt 0.849124 -0.929892
vt 0.845403 -0.959661
vt 0.786816 -0.889394
vt 0.761809 -0.928948
vt 0.847386 -0.880982
vt 0.893328 -0.905821
vt 0.928112 -0.936536
vt 0.975201 -0.839010
vt 0.926441 -0.832950
vt 0.876975 -0.844686
vt 0.775771 -0.861528
vt 0.717255 -0.888732
vt 0.710169 -0.858962
vt 0.817210 -0.855791
vt 0.981772 -0.659414
vt 0.925215 -0.645443
vt 0.873187 -0.654387
vt 0.754968 -0.669900
vt 0.701604 -0.676893
vt 0.803536 -0.659493
vt 0.994919 -0.596462
vt 0.926782 -0.588376
vt 0.870915 -0.590564
vt 0.739125 -0.606583
vt 0.695366 -0.611977
vt 0.794605 -0.590139
vt 0.994063 -0.491748
vt 0.940294 -0.430313
vt 0.852100 -0.452304
vt 0.706936 -0.478627
vt 0.610155 -0.542709
vt 0.785354 -0.458018
vt 0.994919 -0.422717
vt 0.988509 -0.363739
vt 0.923439 -0.365820
vt 0.851999 -0.361618
vt 0.769469 -0.363509
vt 0.696393 -0.369121
vt 0.536727 -0.978820
vt 0.544363 -0.887801
vt 0.472769 -0.967865
vt 0.483297 -0.881716
vt 0.401117 -0.957331
vt 0.398566 -0.868046
vt 0.251702 -0.951206
vt 0.234876 -0.853837
vt 0.217686 -0.978196
vt 0.214200 -0.860879
vt 0.552380 -0.809713
vt 0.475479 -0.784574
vt 0.408729 -0.821920
vt 0.264401 -0.819341
vt 0.212267 -0.786926
vt 0.560962 -0.730180
vt 0.491966 -0.718580
vt 0.071524 -0.254315
vt 0.199694 -0.302145
vt 0.049584 -0.349769
vt 0.196785 -0.349793
vt 0.270317 -0.718874
vt 0.216625 -0.711907
vt 0.301685 -0.606328
vt 0.313255 -0.549061
vt 0.225622 -0.585607
vt 0.232129 -0.522223
vt 0.569628 -0.666061
vt 0.535891 -0.659142
vt 0.287368 -0.657239
vt 0.222942 -0.649097
vt 0.487703 -0.646988
vt 0.511895 -0.639887
vt 0.423972 -0.562550
vt 0.416786 -0.580528
vt 0.438407 -0.559377
vt 0.433497 -0.571578
vt 0.807311 -0.360854
vt 0.301885 -0.949530
vt 0.350673 -0.936524
vt 0.292901 -0.859791
vt 0.330807 -0.859742
vt 0.342268 -0.841135
vt 0.332805 -0.801872
vt 0.350982 -0.702161
vt 0.373707 -0.704715
vt 0.352367 -0.661661
vt 0.377970 -0.657325
vt 0.347023 -0.554575
vt 0.333601 -0.646186
vt 0.713684 -0.931929
vt 0.344371 -0.712764
vt 0.118437 -0.163670
vt 0.117559 -0.201742
vt 0.051289 -0.204251
vt 0.038796 -0.496919
vt 0.062505 -0.484583
vt 0.081805 -0.556314
vt 0.107647 -0.530594
vt 0.012365 -0.427458
vt 0.045713 -0.418803
vt 0.006810 -0.359228
vt 0.011724 -0.318140
vt 0.205676 -0.270685
vt 0.200318 -0.445278
vt 0.211777 -0.489346
vt 0.199113 -0.403871
vt 0.232232 -0.277319
vt 0.229158 -0.307954
vt 0.231066 -0.444468
vt 0.239553 -0.479542
vt 0.227626 -0.349532
vt 0.231984 -0.401367
vt 0.353825 -0.599575
vt 0.376018 -0.596688
vt 0.350982 -0.575044
vt 0.372718 -0.574419
vt 0.356358 -0.280468
vt 0.353752 -0.319229
vt 0.357391 -0.445238
vt 0.358612 -0.479688
vt 0.350825 -0.358279
vt 0.354482 -0.402174
vt 0.354132 -0.633211
vt 0.376910 -0.635305
vt 0.375579 -0.302214
vt 0.382694 -0.263382
vt 0.390922 -0.330965
vt 0.413622 -0.293543
vt 0.431408 -0.593926
vt 0.419996 -0.643746
vt 0.452308 -0.601225
vt 0.443171 -0.647108
vt 0.484781 -0.608737
vt 0.469828 -0.653685
vt 0.438696 -0.582148
vt 0.458969 -0.590244
vt 0.441220 -0.656482
vt 0.419348 -0.656310
vt 0.452046 -0.707448
vt 0.483633 -0.698573
vt 0.429976 -0.712103
vt 0.099758 -0.856849
vt 0.085787 -0.820790
vt 0.079454 -0.854234
vt 0.400702 -0.692421
vt 0.394824 -0.572425
vt 0.417768 -0.717098
vt 0.390036 -0.722713
vt 0.412278 -0.556098
vt 0.427057 -0.727281
vt 0.412162 -0.735569
vt 0.191587 -0.856003
vt 0.182681 -0.947388
vt 0.099123 -0.951663
vt 0.424291 -0.542932
vt 0.429675 -0.549134
vt 0.437433 -0.741191
vt 0.429291 -0.745638
vt 0.434900 -0.543311
vt 0.086101 -0.970092
vt 0.307344 -0.838575
vt 0.570371 -0.649711
vt 0.082160 -0.586166
vt 0.064394 -0.606082
vt 0.086447 -0.676463
vt 0.068062 -0.661396
vt 0.316041 -0.980287
vt 0.363425 -0.950322
vt 0.009126 -0.592263
vt 0.028706 -0.609054
vt 0.031500 -0.665383
vt 0.014280 -0.685062
vt 0.604986 -0.895493
vt 0.600957 -0.981075
vt 0.686792 -0.903003
vt 0.675565 -0.983736
vt 0.634543 -0.804538
vt 0.689858 -0.857585
vt 0.165241 -0.824956
vt 0.632234 -0.737097
vt 0.161274 -0.717789
vt 0.143013 -0.541183
vt 0.146918 -0.600307
vt 0.604509 -0.668235
vt 0.153532 -0.653533
vt 0.633913 -0.655284
vt 0.655791 -0.668585
vt 0.021418 -0.878133
vt 0.004810 -0.817576
vt 0.109360 -0.638780
vt 0.108042 -0.543220
vt 0.090060 -0.705680
vt 0.025772 -0.983736
vt 0.783189 -0.186697
vt 0.799503 -0.204550
vt 0.826278 -0.179113
vt 0.809263 -0.079643
vt 0.799438 -0.131784
vt 0.854835 -0.109658
vt 0.823643 -0.135823
vt 0.660154 -0.056323
vt 0.589348 -0.084782
vt 0.634685 -0.112788
vt 0.870790 -0.166753
vt 0.830142 -0.152820
vt 0.781709 -0.233387
vt 0.846991 -0.227851
vt 0.799410 -0.271241
vt 0.767183 -0.174663
vt 0.771778 -0.175317
vt 0.770307 -0.142400
vt 0.886221 -0.241384
vt 0.855156 -0.310183
vt 0.790523 -0.149151
vt 0.962124 -0.232370
vt 0.991663 -0.171321
vt 0.915510 -0.175091
vt 0.430387 -0.248894
vt 0.565709 -0.292683
vt 0.460831 -0.193367
vt 0.566909 -0.224693
vt 0.755229 -0.187374
vt 0.768784 -0.201339
vt 0.768785 -0.067964
vt 0.866064 -0.007697
vt 0.878240 -0.047253
vt 0.766168 -0.287355
vt 0.767515 -0.337827
vt 0.770661 -0.130121
vt 0.960082 -0.298793
vt 0.559796 -0.163566
vt 0.478035 -0.124893
vt 0.910911 -0.103322
vt 0.966200 -0.061558
vt 0.731388 -0.272554
vt 0.753979 -0.231965
vt 0.710396 -0.156396
vt 0.717167 -0.138920
vt 0.669506 -0.171230
vt 0.687704 -0.114863
vt 0.544016 -0.024627
vt 0.737369 -0.206423
vt 0.625102 -0.178452
vt 0.729925 -0.081743
vt 0.712382 -0.182159
vt 0.741388 -0.133049
vt 0.662518 -0.015694
vt 0.687800 -0.230283
vt 0.676126 -0.311328
vt 0.646951 -0.241884
vt 0.749864 -0.150100
vt 0.514831 -0.517630
vt 0.482564 -0.460887
vt 0.534696 -0.463220
vt 0.605087 -0.517145
vt 0.652808 -0.505761
vt 0.564269 -0.507407
vt 0.657705 -0.425091
vt 0.572403 -0.436326
vt 0.481058 -0.541847
vt 0.436814 -0.455714
vt 0.517321 -0.418437
vt 0.516991 -0.578170
vt 0.558434 -0.547687
vt 0.623240 -0.349798
vt 0.575434 -0.386158
vt 0.554371 -0.328683
vt 0.561916 -0.301981
vt 0.482893 -0.347498
vt 0.416404 -0.404297
vt 0.364609 -0.457542
vt 0.375109 -0.379717
vt 0.464941 -0.305901
vt 0.362619 -0.214077
vt 0.363635 -0.136766
vt 0.375911 -0.208547
vt 0.377003 -0.137458
vt 0.198650 -0.037674
vt 0.198650 -0.058785
vt 0.291116 -0.037674
vt 0.291116 -0.058785
vt 0.291116 -0.080128
vt 0.291116 -0.105465
vt 0.373276 -0.080128
vt 0.373276 -0.105465
vt 0.198650 -0.080128
vt 0.198650 -0.105465
vt 0.384630 -0.210129
vt 0.387664 -0.138470
vt 0.398678 -0.213041
vt 0.401101 -0.137712
vt 0.448060 -0.015543
vt 0.373276 -0.015543
vt 0.448060 -0.037674
vt 0.373276 -0.037674
vt 0.015226 -0.037674
vt 0.015226 -0.058785
vt 0.101017 -0.037674
vt 0.101017 -0.058785
vt 0.373276 -0.058785
vt 0.326748 -0.255753
vt 0.275343 -0.147929
vt 0.273755 -0.205347
vt 0.358663 -0.241632
vt 0.308747 -0.133307
vt 0.448060 -0.080128
vt 0.448060 -0.105465
vt 0.239221 -0.205098
vt 0.243309 -0.195311
vt 0.238143 -0.145325
vt 0.101017 -0.080128
vt 0.101017 -0.105465
vt 0.015226 -0.080128
vt 0.260752 -0.224532
vt 0.184500 -0.237797
vt 0.129807 -0.204165
vt 0.183450 -0.111692
vt 0.269592 -0.195260
vt 0.198650 -0.015543
vt 0.291116 -0.015543
vt 0.448060 -0.058785
vt 0.015226 -0.105465
vt 0.015226 -0.015543
vt 0.101017 -0.015543
vt 0.209854 -0.155352
vt 0.209091 -0.142664
vt 0.200646 -0.151433
vt 0.200204 -0.135217
vt 0.186051 -0.148964
vt 0.186405 -0.132811
vt 0.214470 -0.159653
vt 0.214183 -0.145986
vt 0.210047 -0.169714
vt 0.200549 -0.167621
vt 0.185473 -0.166229
vt 0.214631 -0.169099
vt 0.208926 -0.181546
vt 0.199186 -0.183527
vt 0.184703 -0.178573
vt 0.212776 -0.179949
vt 0.207851 -0.192049
vt 0.196742 -0.195609
vt 0.184718 -0.190431
vt 0.211506 -0.187267
vt 0.176705 -0.148208
vt 0.176705 -0.132054
vt 0.176705 -0.165472
vt 0.176705 -0.176054
vt 0.179824 -0.184595
vt 0.176705 -0.183138
vt 0.209749 -0.155352
vt 0.200540 -0.151433
vt 0.208985 -0.141949
vt 0.200099 -0.135217
vt 0.185946 -0.148964
vt 0.186300 -0.132811
vt 0.214365 -0.159653
vt 0.214077 -0.145986
vt 0.209942 -0.169674
vt 0.200443 -0.167621
vt 0.185368 -0.166229
vt 0.214526 -0.168944
vt 0.208821 -0.181546
vt 0.199081 -0.183528
vt 0.184597 -0.178573
vt 0.212670 -0.179949
vt 0.207745 -0.192049
vt 0.196637 -0.195609
vt 0.184612 -0.190431
vt 0.211400 -0.187267
vt 0.176599 -0.148208
vt 0.176599 -0.132054
vt 0.176599 -0.165472
vt 0.176599 -0.176054
vt 0.176599 -0.183138
vt 0.179718 -0.184595
s 1
usemtl default.100
f 3482/2247/2224 3483/2248/2224 3481/2249/2224
f 3485/2250/2225 3486/2249/2225 3484/2248/2225
f 3488/2251/2226 3489/2252/2226 3487/2253/2226
f 3491/2254/2227 3492/2253/2227 3490/2252/2227
f 3494/2255/2228 3495/2256/2228 3493/2257/2228
f 3497/2258/2229 3498/2257/2229 3496/2256/2229
f 3500/2259/2230 3501/2260/2230 3499/2251/2230
f 3503/2252/2231 3504/2251/2231 3502/2260/2231
f 3506/2256/2232 3507/2260/2232 3505/2258/2232
f 3509/2259/2233 3510/2258/2233 3508/2260/2233
f 3512/2252/2234 3513/2260/2234 3511/2255/2234
f 3515/2256/2235 3516/2255/2235 3514/2260/2235
f 3518/2258/2236 3519/2261/2236 3517/2257/2236
f 3521/2262/2237 3522/2257/2237 3520/2261/2237
f 3524/2259/2238 3525/2263/2238 3523/2258/2238
f 3527/2261/2239 3528/2258/2239 3526/2263/2239
f 3530/2251/2240 3531/2264/2240 3529/2259/2240
f 3533/2263/2241 3534/2259/2241 3532/2264/2241
f 3536/2253/2242 3537/2265/2242 3535/2251/2242
f 3539/2264/2242 3540/2251/2242 3538/2265/2242
f 3542/2247/2243 3543/2266/2243 3541/2248/2243
f 3545/2267/2244 3546/2248/2244 3544/2266/2244
f 3548/2248/2245 3549/2267/2245 3547/2263/2245
f 3551/2268/2246 3552/2263/2246 3550/2267/2246
f 3554/2261/2247 3555/2269/2247 3553/2270/2247
f 3557/2271/2248 3558/2270/2248 3556/2269/2248
f 3560/2263/2249 3561/2272/2249 3559/2261/2249
f 3563/2269/2250 3564/2261/2250 3562/2272/2250
f 3566/2266/2251 3567/2273/2251 3565/2267/2251
f 3569/2274/2252 3570/2267/2252 3568/2273/2252
f 3572/2267/2253 3573/2274/2253 3571/2268/2253
f 3575/2275/2254 3576/2268/2254 3574/2274/2254
f 3578/2269/2255 3579/2276/2255 3577/2271/2255
f 3581/2277/2256 3582/2271/2256 3580/2276/2256
f 3584/2272/2257 3585/2278/2257 3583/2269/2257
f 3587/2276/2258 3588/2269/2258 3586/2278/2258
f 3590/2273/2259 3591/2279/2259 3589/2274/2259
f 3593/2280/2260 3594/2274/2260 3592/2279/2260
f 3596/2274/2261 3597/2280/2261 3595/2275/2261
f 3599/2281/2262 3600/2275/2262 3598/2280/2262
f 3602/2276/2263 3603/2282/2263 3601/2277/2263
f 3605/2283/2264 3606/2277/2264 3604/2282/2264
f 3608/2278/2265 3609/2284/2265 3607/2276/2265
f 3611/2282/2266 3612/2276/2266 3610/2284/2266
f 3614/2279/2267 3615/2285/2267 3613/2280/2267
f 3617/2286/2268 3618/2280/2268 3616/2285/2268
f 3620/2280/2269 3621/2286/2269 3619/2281/2269
f 3623/2287/2270 3624/2281/2270 3622/2286/2270
f 3626/2282/2271 3627/2288/2271 3625/2283/2271
f 3629/2289/2272 3630/2283/2272 3628/2288/2272
f 3632/2284/2273 3633/2290/2273 3631/2282/2273
f 3635/2288/2274 3636/2282/2274 3634/2290/2274
f 3638/2291/2275 3639/2292/2275 3637/2286/2275
f 3641/2293/2276 3642/2286/2276 3640/2292/2276
f 3644/2286/2277 3645/2293/2277 3643/2287/2277
f 3647/2294/2278 3648/2287/2278 3646/2293/2278
f 3650/2290/2279 3651/2295/2279 3649/2288/2279
f 3653/2296/2280 3654/2288/2280 3652/2295/2280
f 3656/2297/2281 3657/2298/2281 3655/2299/2281
f 3659/2300/2282 3660/2299/2282 3658/2298/2282
f 3662/2299/2283 3663/2300/2283 3661/2301/2283
f 3665/2302/2284 3666/2301/2284 3664/2300/2284
f 3668/2303/2285 3669/2304/2285 3667/2305/2285
f 3671/2306/2286 3672/2305/2286 3670/2304/2286
f 3674/2298/2287 3675/2307/2287 3673/2300/2287
f 3677/2308/2288 3678/2300/2288 3676/2307/2288
f 3680/2300/2289 3681/2308/2289 3679/2302/2289
f 3683/2309/2290 3684/2302/2290 3682/2308/2290
f 3686/2304/2291 3687/2310/2291 3685/2306/2291
f 3689/2311/2292 3690/2306/2292 3688/2310/2292
f 3692/2307/2293 3693/2312/2293 3691/2308/2293
f 3695/2313/2294 3696/2308/2294 3694/2312/2294
f 3698/2314/2295 3699/2315/2295 3697/2316/2295
f 3701/2317/2296 3702/2316/2296 3700/2315/2296
f 3704/2310/2297 3705/2318/2297 3703/2311/2297
f 3707/2319/2298 3708/2311/2298 3706/2318/2298
f 3710/2320/2299 3711/2321/2299 3709/2322/2299
f 3713/2323/2300 3714/2322/2300 3712/2321/2300
f 3716/2312/2301 3717/2324/2301 3715/2313/2301
f 3719/2325/2302 3720/2313/2302 3718/2324/2302
f 3722/2326/2303 3723/2320/2303 3721/2327/2303
f 3725/2322/2304 3726/2327/2304 3724/2320/2304
f 3728/2313/2305 3729/2325/2305 3727/2328/2305
f 3731/2329/2306 3732/2328/2306 3730/2325/2306
f 3734/2330/2307 3735/2331/2307 3733/2332/2307
f 3737/2333/2308 3738/2332/2308 3736/2331/2308
f 3740/2263/2309 3741/2268/2309 3739/2272/2309
f 3743/2272/2310 3744/2268/2310 3742/2278/2310
f 3746/2275/2311 3747/2278/2311 3745/2268/2311
f 3749/2278/2312 3750/2275/2312 3748/2284/2312
f 3752/2281/2313 3753/2284/2313 3751/2275/2313
f 3755/2284/2314 3756/2281/2314 3754/2290/2314
f 3758/2287/2315 3759/2290/2315 3757/2281/2315
f 3761/2290/2316 3762/2334/2316 3760/2295/2316
f 3764/2335/2317 3765/2336/2317 3763/2337/2317
f 3767/2338/2318 3768/2337/2318 3766/2336/2318
f 3770/2339/2319 3771/2302/2319 3769/2340/2319
f 3773/2309/2320 3774/2340/2320 3772/2302/2320
f 3776/2341/2321 3777/2342/2321 3775/2343/2321
f 3779/2344/2322 3780/2343/2322 3778/2342/2322
f 3782/2321/2323 3783/2320/2323 3781/2345/2323
f 3785/2346/2324 3786/2345/2324 3784/2320/2324
f 3788/2248/2325 3789/2263/2325 3787/2250/2325
f 3791/2264/2326 3792/2250/2326 3790/2263/2326
f 3794/2250/2242 3795/2264/2242 3793/2249/2242
f 3797/2265/2242 3798/2249/2242 3796/2264/2242
f 3800/2347/2327 3801/2262/2327 3799/2270/2327
f 3803/2261/2328 3804/2270/2328 3802/2262/2328
f 3806/2309/2329 3807/2348/2329 3805/2340/2329
f 3809/2326/2330 3810/2318/2330 3808/2346/2330
f 3812/2348/2331 3813/2346/2331 3811/2318/2331
f 3815/2349/2332 3816/2350/2332 3814/2351/2332
f 3818/2314/2333 3819/2351/2333 3817/2350/2333
f 3821/2352/2334 3822/2353/2334 3820/2354/2334
f 3824/2355/2335 3825/2354/2335 3823/2353/2335
f 3827/2356/2336 3828/2357/2336 3826/2352/2336
f 3830/2353/2337 3831/2352/2337 3829/2357/2337
f 3833/2358/2338 3834/2316/2338 3832/2356/2338
f 3836/2357/2339 3837/2356/2339 3835/2316/2339
f 3839/2359/2340 3840/2316/2340 3838/2358/2340
f 3842/2351/2341 3843/2314/2341 3841/2359/2341
f 3845/2316/2342 3846/2359/2342 3844/2314/2342
f 3848/2350/2343 3849/2360/2343 3847/2314/2343
f 3851/2315/2344 3852/2314/2344 3850/2360/2344
f 3854/2353/2345 3855/2361/2345 3853/2355/2345
f 3857/2362/2346 3858/2355/2346 3856/2361/2346
f 3860/2357/2347 3861/2363/2347 3859/2353/2347
f 3863/2361/2348 3864/2353/2348 3862/2363/2348
f 3866/2316/2349 3867/2317/2349 3865/2357/2349
f 3869/2363/2350 3870/2357/2350 3868/2317/2350
f 3872/2360/2351 3873/2364/2351 3871/2315/2351
f 3875/2365/2352 3876/2315/2352 3874/2364/2352
f 3878/2361/2353 3879/2366/2353 3877/2362/2353
f 3881/2367/2354 3882/2362/2354 3880/2366/2354
f 3884/2315/2355 3885/2365/2355 3883/2317/2355
f 3887/2368/2356 3888/2317/2356 3886/2365/2356
f 3890/2363/2357 3891/2369/2357 3889/2361/2357
f 3893/2366/2358 3894/2361/2358 3892/2369/2358
f 3896/2370/2359 3897/2371/2359 3895/2372/2359
f 3899/2373/2360 3900/2372/2360 3898/2371/2360
f 3902/2317/2361 3903/2368/2361 3901/2363/2361
f 3905/2369/2362 3906/2363/2362 3904/2368/2362
f 3908/2364/2363 3909/2374/2363 3907/2365/2363
f 3911/2375/2364 3912/2365/2364 3910/2374/2364
f 3914/2366/2365 3915/2376/2365 3913/2367/2365
f 3917/2377/2366 3918/2367/2366 3916/2376/2366
f 3920/2365/2367 3921/2375/2367 3919/2368/2367
f 3923/2378/2368 3924/2368/2368 3922/2375/2368
f 3926/2369/2369 3927/2379/2369 3925/2366/2369
f 3929/2376/2370 3930/2366/2370 3928/2379/2370
f 3932/2343/2371 3933/2344/2371 3931/2380/2371
f 3935/2381/2372 3936/2380/2372 3934/2344/2372
f 3938/2368/2373 3939/2378/2373 3937/2369/2373
f 3941/2379/2374 3942/2369/2374 3940/2378/2374
f 3944/2374/2375 3945/2382/2375 3943/2375/2375
f 3947/2383/2376 3948/2382/2376 3946/2374/2376
f 3950/2375/2377 3951/2382/2377 3949/2384/2377
f 3953/2385/2378 3954/2382/2378 3952/2383/2378
f 3956/2380/2379 3957/2381/2379 3955/2370/2379
f 3959/2371/2380 3960/2370/2380 3958/2381/2380
f 3962/2384/2381 3963/2382/2381 3961/2385/2381
f 3965/2291/2382 3966/2286/2382 3964/2285/2382
f 3968/2371/2383 3969/2386/2383 3967/2381/2383
f 3971/2387/2384 3972/2381/2384 3970/2386/2384
f 3974/2386/2385 3975/2388/2385 3973/2387/2385
f 3977/2389/2386 3978/2387/2386 3976/2388/2386
f 3980/2388/2387 3981/2390/2387 3979/2389/2387
f 3983/2391/2388 3984/2389/2388 3982/2390/2388
f 3986/2386/2389 3987/2392/2389 3985/2388/2389
f 3989/2393/2390 3990/2388/2390 3988/2392/2390
f 3992/2393/2391 3993/2390/2391 3991/2388/2391
f 3995/2389/2392 3996/2394/2392 3994/2387/2392
f 3998/2395/2393 3999/2387/2393 3997/2394/2393
f 4001/2391/2394 4002/2394/2394 4000/2389/2394
f 4004/2396/2395 4005/2394/2395 4003/2397/2395
f 4007/2391/2396 4008/2397/2396 4006/2394/2396
f 4010/2394/2397 4011/2396/2397 4009/2395/2397
f 4013/2398/2398 4014/2395/2398 4012/2396/2398
f 4016/2399/2399 4017/2400/2399 4015/2401/2399
f 4019/2286/2400 4020/2291/2400 4018/2285/2400
f 4022/2387/2401 4023/2395/2401 4021/2381/2401
f 4025/2344/2402 4026/2381/2402 4024/2395/2402
f 4028/2395/2403 4029/2398/2403 4027/2344/2403
f 4031/2402/2404 4032/2344/2404 4030/2398/2404
f 4034/2402/2405 4035/2342/2405 4033/2344/2405
f 4037/2403/2406 4038/2331/2406 4036/2371/2406
f 4040/2404/2407 4041/2405/2407 4039/2402/2407
f 4043/2342/2408 4044/2402/2408 4042/2405/2408
f 4046/2373/2409 4047/2403/2409 4045/2371/2409
f 4049/2331/2410 4050/2386/2410 4048/2371/2410
f 4052/2398/2411 4053/2404/2411 4051/2402/2411
f 4055/2331/2412 4056/2333/2412 4054/2386/2412
f 4058/2392/2413 4059/2386/2413 4057/2333/2413
f 4061/2403/2414 4062/2406/2414 4060/2331/2414
f 4064/2330/2415 4065/2331/2415 4063/2406/2415
f 4067/2404/2416 4068/2407/2416 4066/2405/2416
f 4070/2408/2417 4071/2405/2417 4069/2407/2417
f 4073/2331/2418 4074/2330/2418 4072/2333/2418
f 4076/2332/2419 4077/2333/2419 4075/2330/2419
f 4079/2409/2420 4080/2399/2420 4078/2410/2420
f 4082/2411/2421 4083/2410/2421 4081/2399/2421
f 4085/2406/2422 4086/2412/2422 4084/2330/2422
f 4088/2413/2423 4089/2330/2423 4087/2412/2423
f 4091/2407/2424 4092/2414/2424 4090/2408/2424
f 4094/2415/2425 4095/2408/2425 4093/2414/2425
f 4097/2330/2426 4098/2413/2426 4096/2332/2426
f 4100/2416/2427 4101/2332/2427 4099/2413/2427
f 4103/2410/2428 4104/2411/2428 4102/2305/2428
f 4106/2417/2429 4107/2305/2429 4105/2411/2429
f 4109/2412/2430 4110/2416/2430 4108/2413/2430
f 4112/2381/2431 4113/2380/2431 4111/2371/2431
f 4115/2370/2432 4116/2371/2432 4114/2380/2432
f 4118/2344/2433 4119/2343/2433 4117/2381/2433
f 4121/2380/2434 4122/2381/2434 4120/2343/2434
f 4124/2371/2435 4125/2370/2435 4123/2373/2435
f 4127/2372/2436 4128/2373/2436 4126/2370/2436
f 4130/2342/2437 4131/2341/2437 4129/2344/2437
f 4133/2343/2438 4134/2344/2438 4132/2341/2438
f 4136/2320/2439 4137/2326/2439 4135/2346/2439
f 4139/2319/2440 4140/2318/2440 4138/2327/2440
f 4142/2326/2441 4143/2327/2441 4141/2318/2441
f 4145/2348/2442 4146/2318/2442 4144/2340/2442
f 4148/2310/2443 4149/2340/2443 4147/2318/2443
f 4151/2304/2444 4152/2337/2444 4150/2418/2444
f 4154/2324/2445 4155/2419/2445 4153/2325/2445
f 4157/2329/2446 4158/2325/2446 4156/2419/2446
f 4160/2420/2447 4161/2421/2447 4159/2422/2447
f 4163/2423/2447 4164/2422/2447 4162/2421/2447
f 4166/2303/2448 4167/2335/2448 4165/2304/2448
f 4169/2337/2449 4170/2304/2449 4168/2335/2449
f 4172/2303/2450 4173/2305/2450 4171/2335/2450
f 4175/2424/2451 4176/2335/2451 4174/2305/2451
f 4178/2302/2452 4179/2339/2452 4177/2301/2452
f 4181/2425/2453 4182/2301/2453 4180/2339/2453
f 4184/2339/2454 4185/2340/2454 4183/2418/2454
f 4187/2426/2455 4188/2427/2455 4186/2420/2455
f 4190/2421/2456 4191/2420/2456 4189/2427/2456
f 4193/2425/2457 4194/2336/2457 4192/2424/2457
f 4196/2335/2458 4197/2424/2458 4195/2336/2458
f 4199/2339/2459 4200/2338/2459 4198/2425/2459
f 4202/2336/2460 4203/2425/2460 4201/2338/2460
f 4205/2418/2461 4206/2337/2461 4204/2339/2461
f 4208/2338/2462 4209/2339/2462 4207/2337/2462
f 4211/2423/2463 4212/2421/2463 4210/2428/2463
f 4214/2427/2464 4215/2428/2464 4213/2421/2464
f 4217/2428/2465 4218/2429/2465 4216/2423/2465
f 4220/2422/2466 4221/2423/2466 4219/2429/2466
f 4223/2423/2467 4224/2422/2467 4222/2421/2467
f 4226/2420/2468 4227/2421/2468 4225/2422/2468
f 4229/2427/2469 4230/2426/2469 4228/2428/2469
f 4232/2429/2470 4233/2428/2470 4231/2426/2470
f 4235/2421/2471 4236/2420/2471 4234/2427/2471
f 4238/2426/2472 4239/2427/2472 4237/2420/2472
f 4241/2248/2473 4242/2247/2473 4240/2250/2473
f 4244/2249/2474 4245/2250/2474 4243/2247/2474
f 4247/2252/2475 4248/2251/2475 4246/2254/2475
f 4250/2253/2476 4251/2254/2476 4249/2251/2476
f 4253/2256/2477 4254/2255/2477 4252/2258/2477
f 4256/2257/2478 4257/2258/2478 4255/2255/2478
f 4259/2260/2479 4260/2259/2479 4258/2252/2479
f 4262/2251/2480 4263/2252/2480 4261/2259/2480
f 4265/2260/2481 4266/2256/2481 4264/2259/2481
f 4268/2258/2482 4269/2259/2482 4267/2256/2482
f 4271/2260/2483 4272/2252/2483 4270/2256/2483
f 4274/2255/2484 4275/2256/2484 4273/2252/2484
f 4277/2261/2485 4278/2258/2485 4276/2262/2485
f 4280/2257/2486 4281/2262/2486 4279/2258/2486
f 4283/2263/2487 4284/2259/2487 4282/2261/2487
f 4286/2258/2488 4287/2261/2488 4285/2259/2488
f 4289/2264/2489 4290/2251/2489 4288/2263/2489
f 4292/2259/2490 4293/2263/2490 4291/2251/2490
f 4295/2265/2242 4296/2253/2242 4294/2264/2242
f 4298/2251/2242 4299/2264/2242 4297/2253/2242
f 4301/2266/2491 4302/2247/2491 4300/2267/2491
f 4304/2248/2492 4305/2267/2492 4303/2247/2492
f 4307/2267/2493 4308/2248/2493 4306/2268/2493
f 4310/2263/2494 4311/2268/2494 4309/2248/2494
f 4313/2269/2495 4314/2261/2495 4312/2271/2495
f 4316/2270/2496 4317/2271/2496 4315/2261/2496
f 4319/2272/2497 4320/2263/2497 4318/2269/2497
f 4322/2261/2498 4323/2269/2498 4321/2263/2498
f 4325/2273/2499 4326/2266/2499 4324/2274/2499
f 4328/2267/2500 4329/2274/2500 4327/2266/2500
f 4331/2274/2501 4332/2267/2501 4330/2275/2501
f 4334/2268/2502 4335/2275/2502 4333/2267/2502
f 4337/2276/2503 4338/2269/2503 4336/2277/2503
f 4340/2271/2504 4341/2277/2504 4339/2269/2504
f 4343/2278/2505 4344/2272/2505 4342/2276/2505
f 4346/2269/2506 4347/2276/2506 4345/2272/2506
f 4349/2279/2507 4350/2273/2507 4348/2280/2507
f 4352/2274/2508 4353/2280/2508 4351/2273/2508
f 4355/2280/2509 4356/2274/2509 4354/2281/2509
f 4358/2275/2510 4359/2281/2510 4357/2274/2510
f 4361/2282/2511 4362/2276/2511 4360/2283/2511
f 4364/2277/2512 4365/2283/2512 4363/2276/2512
f 4367/2284/2513 4368/2278/2513 4366/2282/2513
f 4370/2276/2514 4371/2282/2514 4369/2278/2514
f 4373/2285/2515 4374/2279/2515 4372/2286/2515
f 4376/2280/2516 4377/2286/2516 4375/2279/2516
f 4379/2286/2517 4380/2280/2517 4378/2287/2517
f 4382/2281/2518 4383/2287/2518 4381/2280/2518
f 4385/2288/2519 4386/2282/2519 4384/2289/2519
f 4388/2283/2520 4389/2289/2520 4387/2282/2520
f 4391/2290/2521 4392/2284/2521 4390/2288/2521
f 4394/2282/2522 4395/2288/2522 4393/2284/2522
f 4397/2292/2523 4398/2291/2523 4396/2293/2523
f 4400/2286/2524 4401/2293/2524 4399/2291/2524
f 4403/2293/2525 4404/2286/2525 4402/2294/2525
f 4406/2287/2526 4407/2294/2526 4405/2286/2526
f 4409/2334/2527 4410/2290/2527 4408/2296/2527
f 4412/2288/2528 4413/2296/2528 4411/2290/2528
f 4415/2298/2529 4416/2297/2529 4414/2430/2529
f 4418/2431/2530 4419/2430/2530 4417/2297/2530
f 4421/2430/2531 4422/2431/2531 4420/2432/2531
f 4424/2433/2532 4425/2432/2532 4423/2431/2532
f 4427/2411/2533 4428/2399/2533 4426/2417/2533
f 4430/2401/2534 4431/2417/2534 4429/2399/2534
f 4433/2307/2535 4434/2298/2535 4432/2434/2535
f 4436/2430/2536 4437/2434/2536 4435/2298/2536
f 4439/2434/2537 4440/2430/2537 4438/2435/2537
f 4442/2432/2538 4443/2435/2538 4441/2430/2538
f 4445/2436/2539 4446/2409/2539 4444/2311/2539
f 4448/2306/2540 4449/2311/2540 4447/2409/2540
f 4451/2312/2541 4452/2307/2541 4450/2437/2541
f 4454/2434/2542 4455/2437/2542 4453/2307/2542
f 4457/2315/2543 4458/2314/2543 4456/2317/2543
f 4460/2316/2544 4461/2317/2544 4459/2314/2544
f 4463/2438/2545 4464/2436/2545 4462/2319/2545
f 4466/2311/2546 4467/2319/2546 4465/2436/2546
f 4469/2439/2547 4470/2440/2547 4468/2323/2547
f 4472/2322/2548 4473/2323/2548 4471/2440/2548
f 4475/2324/2549 4476/2312/2549 4474/2441/2549
f 4478/2437/2550 4479/2441/2550 4477/2312/2550
f 4481/2440/2551 4482/2442/2551 4480/2322/2551
f 4484/2327/2552 4485/2322/2552 4483/2442/2552
f 4487/2441/2553 4488/2437/2553 4486/2443/2553
f 4490/2444/2554 4491/2443/2554 4489/2437/2554
f 4493/2407/2555 4494/2404/2555 4492/2408/2555
f 4496/2405/2556 4497/2408/2556 4495/2404/2556
f 4499/2263/2557 4500/2272/2557 4498/2268/2557
f 4502/2268/2558 4503/2272/2558 4501/2275/2558
f 4505/2278/2559 4506/2275/2559 4504/2272/2559
f 4508/2275/2560 4509/2278/2560 4507/2281/2560
f 4511/2284/2561 4512/2281/2561 4510/2278/2561
f 4514/2281/2562 4515/2284/2562 4513/2287/2562
f 4517/2290/2563 4518/2287/2563 4516/2284/2563
f 4520/2287/2564 4521/2290/2564 4519/2294/2564
f 4523/2334/2565 4524/2294/2565 4522/2290/2565
f 4526/2427/2566 4527/2428/2566 4525/2421/2566
f 4529/2423/2567 4530/2421/2567 4528/2428/2567
f 4532/2445/2568 4533/2401/2568 4531/2446/2568
f 4535/2400/2569 4536/2446/2569 4534/2401/2569
f 4538/2412/2570 4539/2413/2570 4537/2416/2570
f 4541/2440/2571 4542/2439/2571 4540/2447/2571
f 4544/2448/2572 4545/2447/2572 4543/2439/2572
f 4547/2263/2573 4548/2248/2573 4546/2264/2573
f 4550/2250/2574 4551/2264/2574 4549/2248/2574
f 4553/2264/2242 4554/2250/2242 4552/2265/2242
f 4556/2249/2242 4557/2265/2242 4555/2250/2242
f 4559/2262/2575 4560/2347/2575 4558/2261/2575
f 4562/2270/2576 4563/2261/2576 4561/2347/2576
f 4565/2446/2577 4566/2400/2577 4564/2449/2577
f 4568/2438/2578 4569/2442/2578 4567/2449/2578
f 4571/2447/2579 4572/2449/2579 4570/2442/2579
f 4574/2350/2580 4575/2349/2580 4573/2314/2580
f 4577/2351/2581 4578/2314/2581 4576/2349/2581
f 4580/2353/2582 4581/2352/2582 4579/2355/2582
f 4583/2354/2583 4584/2355/2583 4582/2352/2583
f 4586/2357/2584 4587/2356/2584 4585/2353/2584
f 4589/2352/2585 4590/2353/2585 4588/2356/2585
f 4592/2316/2586 4593/2358/2586 4591/2357/2586
f 4595/2356/2587 4596/2357/2587 4594/2358/2587
f 4598/2359/2588 4599/2358/2588 4597/2316/2588
f 4601/2314/2589 4602/2351/2589 4600/2316/2589
f 4604/2359/2590 4605/2316/2590 4603/2351/2590
f 4607/2360/2591 4608/2350/2591 4606/2315/2591
f 4610/2314/2592 4611/2315/2592 4609/2350/2592
f 4613/2361/2593 4614/2353/2593 4612/2362/2593
f 4616/2355/2594 4617/2362/2594 4615/2353/2594
f 4619/2363/2595 4620/2357/2595 4618/2361/2595
f 4622/2353/2596 4623/2361/2596 4621/2357/2596
f 4625/2317/2597 4626/2316/2597 4624/2363/2597
f 4628/2357/2598 4629/2363/2598 4627/2316/2598
f 4631/2364/2599 4632/2360/2599 4630/2365/2599
f 4634/2315/2600 4635/2365/2600 4633/2360/2600
f 4637/2366/2601 4638/2361/2601 4636/2367/2601
f 4640/2362/2602 4641/2367/2602 4639/2361/2602
f 4643/2365/2603 4644/2315/2603 4642/2368/2603
f 4646/2317/2604 4647/2368/2604 4645/2315/2604
f 4649/2369/2605 4650/2363/2605 4648/2366/2605
f 4652/2361/2606 4653/2366/2606 4651/2363/2606
f 4655/2413/2607 4656/2330/2607 4654/2416/2607
f 4658/2332/2608 4659/2416/2608 4657/2330/2608
f 4661/2368/2609 4662/2317/2609 4660/2369/2609
f 4664/2363/2610 4665/2369/2610 4663/2317/2610
f 4667/2374/2611 4668/2364/2611 4666/2375/2611
f 4670/2365/2612 4671/2375/2612 4669/2364/2612
f 4673/2376/2613 4674/2366/2613 4672/2377/2613
f 4676/2367/2614 4677/2377/2614 4675/2366/2614
f 4679/2375/2615 4680/2365/2615 4678/2378/2615
f 4682/2368/2616 4683/2378/2616 4681/2365/2616
f 4685/2379/2617 4686/2369/2617 4684/2376/2617
f 4688/2366/2618 4689/2376/2618 4687/2369/2618
f 4691/2414/2619 4692/2407/2619 4690/2415/2619
f 4694/2408/2620 4695/2415/2620 4693/2407/2620
f 4697/2378/2621 4698/2368/2621 4696/2379/2621
f 4700/2369/2622 4701/2379/2622 4699/2368/2622
f 4703/2374/2623 4704/2375/2623 4702/2382/2623
f 4706/2383/2624 4707/2374/2624 4705/2382/2624
f 4709/2375/2625 4710/2384/2625 4708/2382/2625
f 4712/2385/2626 4713/2383/2626 4711/2382/2626
f 4715/2412/2627 4716/2406/2627 4714/2413/2627
f 4718/2330/2628 4719/2413/2628 4717/2406/2628
f 4721/2384/2629 4722/2385/2629 4720/2382/2629
f 4724/2409/2630 4725/2410/2630 4723/2306/2630
f 4727/2305/2631 4728/2306/2631 4726/2410/2631
f 4730/2422/2632 4731/2423/2632 4729/2429/2632
f 4733/2428/2633 4734/2429/2633 4732/2423/2633
f 4736/2401/2634 4737/2445/2634 4735/2417/2634
f 4739/2450/2635 4740/2417/2635 4738/2445/2635
f 4742/2429/2636 4743/2428/2636 4741/2426/2636
f 4745/2427/2636 4746/2426/2636 4744/2428/2636
f 4748/2310/2637 4749/2304/2637 4747/2340/2637
f 4751/2418/2638 4752/2340/2638 4750/2304/2638
f 4754/2294/2639 4755/2334/2639 4753/2287/2639
f 4757/2290/2640 4758/2287/2640 4756/2334/2640
f 4760/2419/2641 4761/2324/2641 4759/2443/2641
f 4763/2441/2642 4764/2443/2642 4762/2324/2642
f 4766/2436/2643 4767/2400/2643 4765/2409/2643
f 4769/2399/2644 4770/2409/2644 4768/2400/2644
f 4772/2438/2645 4773/2449/2645 4771/2436/2645
f 4775/2400/2646 4776/2436/2646 4774/2449/2646
f 4778/2438/2647 4779/2319/2647 4777/2442/2647
f 4781/2327/2648 4782/2442/2648 4780/2319/2648
f 4784/2440/2649 4785/2447/2649 4783/2442/2649
f 4787/2386/2650 4788/2371/2650 4786/2387/2650
f 4790/2381/2651 4791/2387/2651 4789/2371/2651
f 4793/2388/2652 4794/2386/2652 4792/2389/2652
f 4796/2387/2653 4797/2389/2653 4795/2386/2653
f 4799/2390/2654 4800/2388/2654 4798/2391/2654
f 4802/2389/2655 4803/2391/2655 4801/2388/2655
f 4805/2392/2656 4806/2386/2656 4804/2393/2656
f 4808/2388/2657 4809/2393/2657 4807/2386/2657
f 4811/2393/2658 4812/2388/2658 4810/2390/2658
f 4814/2394/2659 4815/2389/2659 4813/2395/2659
f 4817/2387/2660 4818/2395/2660 4816/2389/2660
f 4820/2391/2661 4821/2389/2661 4819/2394/2661
f 4823/2394/2662 4824/2396/2662 4822/2391/2662
f 4826/2397/2663 4827/2391/2663 4825/2396/2663
f 4829/2396/2664 4830/2394/2664 4828/2398/2664
f 4832/2395/2665 4833/2398/2665 4831/2394/2665
f 4835/2395/2666 4836/2387/2666 4834/2344/2666
f 4838/2381/2667 4839/2344/2667 4837/2387/2667
f 4841/2398/2668 4842/2395/2668 4840/2402/2668
f 4844/2344/2669 4845/2402/2669 4843/2395/2669
f 4847/2402/2670 4848/2344/2670 4846/2342/2670
f 4850/2403/2671 4851/2371/2671 4849/2331/2671
f 4853/2405/2672 4854/2404/2672 4852/2342/2672
f 4856/2402/2673 4857/2342/2673 4855/2404/2673
f 4859/2373/2674 4860/2371/2674 4858/2403/2674
f 4862/2331/2675 4863/2371/2675 4861/2386/2675
f 4865/2398/2676 4866/2402/2676 4864/2404/2676
f 4868/2333/2677 4869/2331/2677 4867/2392/2677
f 4871/2386/2678 4872/2392/2678 4870/2331/2678
f 4874/2406/2679 4875/2403/2679 4873/2330/2679
f 4877/2331/2680 4878/2330/2680 4876/2403/2680
f 4880/2451/2681 4881/2452/2681 4879/2453/2681
f 4883/2454/2682 4884/2455/2682 4882/2456/2682
f 4886/2457/2683 4887/2456/2683 4885/2455/2683
f 4889/2458/2684 4890/2459/2684 4888/2460/2684
f 4892/2453/2685 4893/2461/2685 4891/2462/2685
f 4895/2452/2686 4896/2463/2686 4894/2464/2686
f 4898/2465/2687 4899/2464/2687 4897/2463/2687
f 4901/2466/2688 4902/2467/2688 4900/2468/2688
f 4904/2464/2689 4905/2465/2689 4903/2469/2689
f 4907/2470/2690 4908/2469/2690 4906/2465/2690
f 4910/2467/2691 4911/2451/2691 4909/2468/2691
f 4913/2471/2692 4914/2468/2692 4912/2451/2692
f 4916/2472/2693 4917/2473/2693 4915/2469/2693
f 4919/2474/2694 4920/2469/2694 4918/2473/2694
f 4922/2475/2695 4923/2476/2695 4921/2477/2695
f 4925/2478/2695 4926/2477/2695 4924/2476/2695
f 4928/2455/2696 4929/2462/2696 4927/2457/2696
f 4931/2464/2697 4932/2461/2697 4930/2452/2697
f 4934/2453/2698 4935/2452/2698 4933/2461/2698
f 4937/2479/2699 4938/2480/2699 4936/2451/2699
f 4940/2481/2700 4941/2454/2700 4939/2482/2700
f 4943/2483/2701 4944/2482/2701 4942/2454/2701
f 4946/2474/2702 4947/2461/2702 4945/2469/2702
f 4949/2464/2703 4950/2469/2703 4948/2461/2703
f 4952/2465/2704 4953/2484/2704 4951/2470/2704
f 4955/2485/2705 4956/2470/2705 4954/2484/2705
f 4958/2481/2706 4959/2486/2706 4957/2454/2706
f 4961/2455/2707 4962/2454/2707 4960/2486/2707
f 4964/2469/2708 4965/2470/2708 4963/2472/2708
f 4967/2487/2709 4968/2472/2709 4966/2470/2709
f 4970/2451/2710 4971/2453/2710 4969/2471/2710
f 4973/2462/2711 4974/2471/2711 4972/2453/2711
f 4976/2479/2712 4977/2451/2712 4975/2466/2712
f 4979/2467/2713 4980/2466/2713 4978/2451/2713
f 4982/2471/2714 4983/2455/2714 4981/2468/2714
f 4985/2488/2715 4986/2489/2715 4984/2478/2715
f 4988/2477/2715 4989/2478/2715 4987/2489/2715
f 4991/2490/2716 4992/2474/2716 4990/2491/2716
f 4994/2473/2717 4995/2491/2717 4993/2474/2717
f 4997/2492/2718 4998/2484/2718 4996/2493/2718
f 5000/2484/2719 5001/2465/2719 4999/2493/2719
f 5003/2465/2720 5004/2463/2720 5002/2493/2720
f 5006/2494/2721 5007/2495/2721 5005/2496/2721
f 5009/2497/2722 5010/2496/2722 5008/2495/2722
f 5012/2454/2723 5013/2456/2723 5011/2483/2723
f 5015/2490/2724 5016/2483/2724 5014/2456/2724
f 5018/2486/2725 5019/2468/2725 5017/2455/2725
f 5021/2456/2726 5022/2461/2726 5020/2490/2726
f 5024/2474/2727 5025/2490/2727 5023/2461/2727
f 5027/2482/2728 5028/2483/2728 5026/2491/2728
f 5030/2457/2729 5031/2462/2729 5029/2456/2729
f 5033/2461/2730 5034/2456/2730 5032/2462/2730
f 5036/2489/2731 5037/2488/2731 5035/2498/2731
f 5039/2459/2731 5040/2498/2731 5038/2488/2731
f 5042/2483/2732 5043/2490/2732 5041/2491/2732
f 5045/2479/2733 5046/2499/2733 5044/2480/2733
f 5048/2493/2734 5049/2480/2734 5047/2499/2734
f 5051/2500/2735 5052/2460/2735 5050/2488/2735
f 5054/2459/2736 5055/2488/2736 5053/2460/2736
f 5057/2480/2737 5058/2493/2737 5056/2463/2737
f 5060/2497/2738 5061/2501/2738 5059/2460/2738
f 5063/2458/2739 5064/2460/2739 5062/2501/2739
f 5066/2479/2740 5067/2502/2740 5065/2499/2740
f 5069/2503/2741 5070/2501/2741 5068/2495/2741
f 5072/2497/2742 5073/2495/2742 5071/2501/2742
f 5075/2504/2743 5076/2459/2743 5074/2458/2743
f 5078/2502/2744 5079/2494/2744 5077/2496/2744
f 5081/2499/2745 5082/2505/2745 5080/2493/2745
f 5084/2492/2746 5085/2493/2746 5083/2505/2746
f 5087/2496/2747 5088/2497/2747 5086/2500/2747
f 5090/2460/2748 5091/2500/2748 5089/2497/2748
f 5093/2492/2749 5094/2505/2749 5092/2506/2749
f 5096/2507/2750 5097/2506/2750 5095/2505/2750
f 5099/2479/2751 5100/2466/2751 5098/2508/2751
f 5102/2468/2752 5103/2508/2752 5101/2466/2752
f 5105/2488/2753 5106/2478/2753 5104/2500/2753
f 5108/2507/2754 5109/2500/2754 5107/2478/2754
f 5111/2508/2755 5112/2468/2755 5110/2503/2755
f 5114/2503/2756 5115/2495/2756 5113/2494/2756
f 5117/2496/2757 5118/2505/2757 5116/2502/2757
f 5120/2499/2758 5121/2502/2758 5119/2505/2758
f 5123/2486/2759 5124/2503/2759 5122/2468/2759
f 5126/2501/2760 5127/2481/2760 5125/2458/2760
f 5129/2504/2761 5130/2458/2761 5128/2481/2761
f 5132/2496/2762 5133/2500/2762 5131/2505/2762
f 5135/2507/2763 5136/2505/2763 5134/2500/2763
f 5138/2484/2764 5139/2492/2764 5137/2485/2764
f 5141/2506/2765 5142/2485/2765 5140/2492/2765
f 5144/2486/2766 5145/2481/2766 5143/2503/2766
f 5147/2501/2767 5148/2503/2767 5146/2481/2767
f 5150/2506/2768 5151/2507/2768 5149/2476/2768
f 5153/2478/2769 5154/2476/2769 5152/2507/2769
f 5156/2502/2770 5157/2479/2770 5155/2494/2770
f 5159/2508/2771 5160/2494/2771 5158/2479/2771
f 5162/2451/2772 5163/2480/2772 5161/2452/2772
f 5165/2463/2773 5166/2452/2773 5164/2480/2773
f 5168/2504/2774 5169/2498/2774 5167/2459/2774
f 5171/2455/2775 5172/2471/2775 5170/2462/2775
f 5174/2508/2776 5175/2503/2776 5173/2494/2776
f 5177/2509/2777 5178/2510/2777 5176/2511/2777
f 5180/2512/2778 5181/2513/2778 5179/2514/2778
f 5183/2513/2779 5184/2515/2779 5182/2514/2779
f 5186/2515/2780 5187/2516/2780 5185/2514/2780
f 5189/2509/2781 5190/2517/2781 5188/2510/2781
f 5192/2518/2782 5193/2510/2782 5191/2517/2782
f 5195/2519/2783 5196/2516/2783 5194/2511/2783
f 5198/2517/2784 5199/2520/2784 5197/2521/2784
f 5201/2516/2785 5202/2515/2785 5200/2514/2785
f 5204/2515/2786 5205/2513/2786 5203/2514/2786
f 5207/2513/2787 5208/2512/2787 5206/2514/2787
f 5210/2518/2788 5211/2510/2788 5209/2519/2788
f 5213/2519/2789 5214/2510/2789 5212/2518/2789
f 5216/2522/2790 5217/2523/2790 5215/2515/2790
f 5219/2516/2791 5220/2515/2791 5218/2523/2791
f 5222/2511/2792 5223/2510/2792 5221/2509/2792
f 5225/2514/2793 5226/2512/2793 5224/2521/2793
f 5228/2524/2794 5229/2523/2794 5227/2525/2794
f 5231/2522/2795 5232/2525/2795 5230/2523/2795
f 5234/2523/2796 5235/2522/2796 5233/2516/2796
f 5237/2515/2797 5238/2516/2797 5236/2522/2797
f 5240/2514/2798 5241/2521/2798 5239/2512/2798
f 5243/2523/2799 5244/2524/2799 5242/2519/2799
f 5246/2526/2800 5247/2519/2800 5245/2524/2800
f 5249/2518/2801 5250/2527/2801 5248/2528/2801
f 5252/2529/2802 5253/2528/2802 5251/2527/2802
f 5255/2514/2803 5256/2509/2803 5254/2511/2803
f 5258/2526/2804 5259/2519/2804 5257/2527/2804
f 5261/2518/2805 5262/2527/2805 5260/2519/2805
f 5264/2519/2806 5265/2526/2806 5263/2523/2806
f 5267/2524/2807 5268/2523/2807 5266/2526/2807
f 5270/2527/2808 5271/2526/2808 5269/2529/2808
f 5273/2530/2809 5274/2529/2809 5272/2526/2809
f 5276/2518/2810 5277/2517/2810 5275/2510/2810
f 5279/2509/2811 5280/2510/2811 5278/2517/2811
f 5282/2527/2812 5283/2518/2812 5281/2526/2812
f 5285/2519/2813 5286/2526/2813 5284/2518/2813
f 5288/2526/2814 5289/2527/2814 5287/2530/2814
f 5291/2529/2815 5292/2530/2815 5290/2527/2815
f 5294/2527/2816 5295/2518/2816 5293/2529/2816
f 5297/2528/2817 5298/2529/2817 5296/2518/2817
f 5300/2517/2818 5301/2521/2818 5299/2520/2818
f 5303/2519/2819 5304/2511/2819 5302/2516/2819
f 5306/2514/2820 5307/2511/2820 5305/2509/2820
f 5309/2517/2821 5310/2514/2821 5308/2521/2821
f 5312/2519/2822 5313/2510/2822 5311/2511/2822
f 5315/2526/2823 5316/2524/2823 5314/2530/2823
f 5318/2525/2824 5319/2530/2824 5317/2524/2824
f 5321/2514/2825 5322/2511/2825 5320/2516/2825
f 5324/2524/2826 5325/2526/2826 5323/2525/2826
f 5327/2530/2827 5328/2525/2827 5326/2526/2827
f 5330/2519/2828 5331/2511/2828 5329/2510/2828
f 5333/2523/2829 5334/2524/2829 5332/2522/2829
f 5336/2525/2830 5337/2522/2830 5335/2524/2830
f 5339/2514/2831 5340/2516/2831 5338/2511/2831
f 5342/2517/2832 5343/2521/2832 5341/2514/2832
f 5345/2523/2833 5346/2519/2833 5344/2516/2833
f 5348/2519/2834 5349/2523/2834 5347/2516/2834
f 5351/2531/2835 5352/2532/2835 5350/2533/2835
f 5354/2534/2836 5355/2533/2836 5353/2532/2836
f 5357/2535/2837 5358/2536/2837 5356/2537/2837
f 5360/2538/2838 5361/2537/2838 5359/2536/2838
f 5363/2539/2839 5364/2540/2839 5362/2541/2839
f 5366/2542/2840 5367/2541/2840 5365/2540/2840
f 5369/2536/2841 5370/2543/2841 5368/2538/2841
f 5372/2539/2842 5373/2538/2842 5371/2543/2842
f 5375/2543/2843 5376/2544/2843 5374/2539/2843
f 5378/2540/2844 5379/2539/2844 5377/2544/2844
f 5381/2545/2845 5382/2546/2845 5380/2547/2845
f 5384/2548/2846 5385/2547/2846 5383/2546/2846
f 5387/2549/2847 5388/2550/2847 5386/2551/2847
f 5390/2552/2848 5391/2551/2848 5389/2550/2848
f 5393/2533/2849 5394/2534/2849 5392/2531/2849
f 5396/2532/2850 5397/2531/2850 5395/2534/2850
f 5399/2547/2851 5400/2548/2851 5398/2545/2851
f 5402/2546/2852 5403/2545/2852 5401/2548/2852
f 5405/2553/2853 5406/2554/2853 5404/2555/2853
f 5408/2556/2854 5409/2555/2854 5407/2554/2854
f 5411/2538/2855 5412/2539/2855 5410/2557/2855
f 5414/2541/2856 5415/2557/2856 5413/2539/2856
f 5417/2558/2857 5418/2559/2857 5416/2560/2857
f 5420/2561/2858 5421/2562/2858 5419/2558/2858
f 5423/2559/2859 5424/2558/2859 5422/2562/2859
f 5426/2541/2860 5427/2542/2860 5425/2563/2860
f 5429/2564/2861 5430/2563/2861 5428/2542/2861
f 5432/2565/2862 5433/2566/2862 5431/2567/2862
f 5435/2556/2863 5436/2568/2863 5434/2536/2863
f 5438/2543/2864 5439/2536/2864 5437/2568/2864
f 5441/2568/2865 5442/2569/2865 5440/2543/2865
f 5444/2544/2866 5445/2543/2866 5443/2569/2866
f 5447/2554/2867 5448/2570/2867 5446/2556/2867
f 5450/2568/2868 5451/2556/2868 5449/2570/2868
f 5453/2558/2869 5454/2571/2869 5452/2560/2869
f 5456/2572/2870 5457/2565/2870 5455/2567/2870
f 5459/2573/2871 5460/2572/2871 5458/2574/2871
f 5462/2567/2872 5463/2574/2872 5461/2572/2872
f 5465/2565/2873 5466/2560/2873 5464/2571/2873
f 5468/2560/2874 5469/2559/2874 5467/2575/2874
f 5471/2565/2875 5472/2572/2875 5470/2567/2875
f 5474/2576/2876 5475/2535/2876 5473/2577/2876
f 5477/2537/2877 5478/2577/2877 5476/2535/2877
f 5480/2566/2878 5481/2575/2878 5479/2567/2878
f 5483/2559/2879 5484/2567/2879 5482/2575/2879
f 5486/2555/2880 5487/2556/2880 5485/2535/2880
f 5489/2536/2881 5490/2535/2881 5488/2556/2881
f 5492/2552/2882 5493/2557/2882 5491/2551/2882
f 5495/2578/2883 5496/2551/2883 5494/2557/2883
f 5498/2559/2884 5499/2575/2884 5497/2567/2884
f 5501/2566/2885 5502/2567/2885 5500/2575/2885
f 5504/2570/2886 5505/2579/2886 5503/2568/2886
f 5507/2569/2887 5508/2568/2887 5506/2579/2887
f 5510/2580/2888 5511/2553/2888 5509/2581/2888
f 5513/2555/2889 5514/2581/2889 5512/2553/2889
f 5516/2581/2890 5517/2555/2890 5515/2576/2890
f 5519/2535/2891 5520/2576/2891 5518/2555/2891
f 5522/2537/2892 5523/2538/2892 5521/2552/2892
f 5525/2557/2893 5526/2552/2893 5524/2538/2893
f 5528/2577/2894 5529/2537/2894 5527/2550/2894
f 5531/2552/2895 5532/2550/2895 5530/2537/2895
f 5534/2557/2896 5535/2541/2896 5533/2578/2896
f 5537/2563/2897 5538/2578/2897 5536/2541/2897
f 5540/2565/2898 5541/2560/2898 5539/2566/2898
f 5543/2575/2899 5544/2566/2899 5542/2560/2899
f 5546/2560/2900 5547/2575/2900 5545/2559/2900
f 5549/2560/2901 5550/2565/2901 5548/2571/2901
f 5552/2565/2902 5553/2567/2902 5551/2566/2902
f 5555/2560/2903 5556/2565/2903 5554/2575/2903
f 5558/2566/2904 5559/2575/2904 5557/2565/2904
f 5561/2558/2905 5562/2560/2905 5560/2571/2905
f 5564/2558/2906 5565/2560/2906 5563/2559/2906
f 5567/2565/2907 5568/2572/2907 5566/2571/2907
f 5570/2572/2908 5571/2565/2908 5569/2571/2908
f 5573/2509/2909 5574/2517/2909 5572/2514/2909
f 5576/2509/2910 5577/2514/2910 5575/2517/2910
f 5579/2582/2911 5580/2583/2911 5578/2584/2911
f 5582/2585/2912 5583/2584/2912 5581/2583/2912
f 5585/2584/2913 5586/2585/2913 5584/2586/2913
f 5588/2587/2914 5589/2586/2914 5587/2585/2914
f 5591/2588/2915 5592/2589/2915 5590/2582/2915
f 5594/2583/2916 5595/2582/2916 5593/2589/2916
f 5597/2590/2917 5598/2582/2917 5596/2591/2917
f 5600/2584/2918 5601/2591/2918 5599/2582/2918
f 5603/2591/2919 5604/2584/2919 5602/2592/2919
f 5606/2586/2920 5607/2592/2920 5605/2584/2920
f 5609/2588/2921 5610/2582/2921 5608/2593/2921
f 5612/2590/2922 5613/2593/2922 5611/2582/2922
f 5615/2594/2923 5616/2590/2923 5614/2595/2923
f 5618/2591/2924 5619/2595/2924 5617/2590/2924
f 5621/2595/2925 5622/2591/2925 5620/2596/2925
f 5624/2592/2926 5625/2596/2926 5623/2591/2926
f 5627/2597/2927 5628/2593/2927 5626/2594/2927
f 5630/2590/2928 5631/2594/2928 5629/2593/2928
f 5633/2598/2929 5634/2594/2929 5632/2599/2929
f 5636/2595/2930 5637/2599/2930 5635/2594/2930
f 5639/2599/2931 5640/2595/2931 5638/2600/2931
f 5642/2596/2932 5643/2600/2932 5641/2595/2932
f 5645/2601/2933 5646/2597/2933 5644/2598/2933
f 5648/2594/2934 5649/2598/2934 5647/2597/2934
f 5651/2602/2935 5652/2586/2935 5650/2603/2935
f 5654/2587/2936 5655/2603/2936 5653/2586/2936
f 5657/2604/2937 5658/2592/2937 5656/2602/2937
f 5660/2586/2938 5661/2602/2938 5659/2592/2938
f 5663/2605/2939 5664/2596/2939 5662/2604/2939
f 5666/2592/2940 5667/2604/2940 5665/2596/2940
f 5669/2600/2941 5670/2596/2941 5668/2606/2941
f 5672/2596/2942 5673/2605/2942 5671/2606/2942
f 5675/2605/2943 5676/2607/2943 5674/2606/2943
f 5678/2608/2944 5679/2609/2944 5677/2610/2944
f 5681/2611/2945 5682/2610/2945 5680/2609/2945
f 5684/2609/2946 5685/2612/2946 5683/2611/2946
f 5687/2613/2947 5688/2611/2947 5686/2612/2947
f 5690/2614/2948 5691/2608/2948 5689/2615/2948
f 5693/2610/2949 5694/2615/2949 5692/2608/2949
f 5696/2616/2950 5697/2617/2950 5695/2608/2950
f 5699/2609/2951 5700/2608/2951 5698/2617/2951
f 5702/2617/2952 5703/2618/2952 5701/2609/2952
f 5705/2612/2953 5706/2609/2953 5704/2618/2953
f 5708/2614/2954 5709/2619/2954 5707/2608/2954
f 5711/2616/2955 5712/2608/2955 5710/2619/2955
f 5714/2620/2956 5715/2621/2956 5713/2616/2956
f 5717/2617/2957 5718/2616/2957 5716/2621/2957
f 5720/2621/2958 5721/2622/2958 5719/2617/2958
f 5723/2618/2959 5724/2617/2959 5722/2622/2959
f 5726/2623/2960 5727/2620/2960 5725/2619/2960
f 5729/2616/2961 5730/2619/2961 5728/2620/2961
f 5732/2624/2962 5733/2625/2962 5731/2620/2962
f 5735/2621/2963 5736/2620/2963 5734/2625/2963
f 5738/2625/2964 5739/2626/2964 5737/2621/2964
f 5741/2622/2965 5742/2621/2965 5740/2626/2965
f 5744/2627/2966 5745/2624/2966 5743/2623/2966
f 5747/2620/2967 5748/2623/2967 5746/2624/2967
f 5750/2628/2968 5751/2629/2968 5749/2612/2968
f 5753/2613/2969 5754/2612/2969 5752/2629/2969
f 5756/2630/2970 5757/2628/2970 5755/2618/2970
f 5759/2612/2971 5760/2618/2971 5758/2628/2971
f 5762/2631/2972 5763/2630/2972 5761/2622/2972
f 5765/2618/2973 5766/2622/2973 5764/2630/2973
f 5768/2632/2974 5769/2631/2974 5767/2633/2974
f 5771/2631/2975 5772/2622/2975 5770/2633/2975
f 5774/2622/2976 5775/2626/2976 5773/2633/2976
o Mirage_III_RudderL01_default
v -0.000000 1.001416 -7.259879
v -0.081084 1.001418 -6.605057
v -0.051442 2.078073 -7.329026
v -0.051442 2.078073 -7.329026
v -0.000000 2.075196 -7.758520
v -0.000000 1.001416 -7.259879
v -0.000000 1.001416 -7.259879
v -0.000000 2.075196 -7.758520
v 0.051441 2.078073 -7.329026
v 0.051441 2.078073 -7.329026
v 0.081084 1.001418 -6.605058
v -0.000000 1.001416 -7.259879
v -0.000000 2.075196 -7.758520
v -0.051442 2.078073 -7.329026
v 0.051441 2.078073 -7.329026
v 0.081084 1.001418 -6.605058
v 0.051441 2.078073 -7.329026
v -0.051442 2.078073 -7.329026
v -0.051442 2.078073 -7.329026
v -0.081084 1.001418 -6.605057
v 0.081084 1.001418 -6.605058
v 0.081084 1.001418 -6.605058
v -0.081084 1.001418 -6.605057
v -0.000000 1.001416 -7.259879
v -0.063329 1.485198 -6.868430
v -0.063329 1.514951 -6.868430
v -0.091853 1.514951 -6.901174
v -0.091853 1.514951 -6.901174
v -0.091853 1.485198 -6.901174
v -0.063329 1.485198 -6.868430
v -0.091853 1.485198 -6.901174
v -0.091853 1.514951 -6.901174
v -0.098415 1.514951 -6.974776
v -0.098415 1.514951 -6.974776
v -0.098415 1.485198 -6.974776
v -0.091853 1.485198 -6.901174
v -0.098415 1.485198 -6.974776
v -0.098415 1.514951 -6.974776
v -0.079172 1.514951 -7.046119
v -0.079172 1.514951 -7.046119
v -0.079172 1.485198 -7.046119
v -0.098415 1.485198 -6.974776
v -0.079172 1.485198 -7.046119
v -0.079172 1.514951 -7.046119
v -0.045395 1.514951 -7.073413
v -0.045395 1.514951 -7.073413
v -0.045395 1.485198 -7.073413
v -0.079172 1.485198 -7.046119
v -0.063329 1.485198 -6.868430
v -0.091853 1.485198 -6.901174
v -0.098415 1.485198 -6.974776
v -0.063329 1.485198 -6.868430
v -0.098415 1.485198 -6.974776
v -0.079172 1.485198 -7.046119
v -0.063329 1.485198 -6.868430
v -0.079172 1.485198 -7.046119
v -0.045395 1.485198 -7.073413
v -0.045395 1.514951 -7.073413
v -0.079172 1.514951 -7.046119
v -0.098415 1.514951 -6.974776
v -0.045395 1.514951 -7.073413
v -0.098415 1.514951 -6.974776
v -0.091853 1.514951 -6.901174
v -0.045395 1.514951 -7.073413
v -0.091853 1.514951 -6.901174
v -0.063329 1.514951 -6.868430
v 0.063326 1.485198 -6.868430
v 0.091850 1.485198 -6.901174
v 0.091850 1.514951 -6.901175
v 0.091850 1.514951 -6.901175
v 0.063326 1.514951 -6.868430
v 0.063326 1.485198 -6.868430
v 0.091850 1.485198 -6.901174
v 0.098413 1.485198 -6.974776
v 0.098413 1.514951 -6.974776
v 0.098413 1.514951 -6.974776
v 0.091850 1.514951 -6.901175
v 0.091850 1.485198 -6.901174
v 0.098413 1.485198 -6.974776
v 0.079169 1.485198 -7.046119
v 0.079169 1.514951 -7.046119
v 0.079169 1.514951 -7.046119
v 0.098413 1.514951 -6.974776
v 0.098413 1.485198 -6.974776
v 0.079169 1.485198 -7.046119
v 0.045392 1.485198 -7.073413
v 0.045392 1.514951 -7.073413
v 0.045392 1.514951 -7.073413
v 0.079169 1.514951 -7.046119
v 0.079169 1.485198 -7.046119
v 0.063326 1.485198 -6.868430
v 0.045392 1.485198 -7.073413
v 0.079169 1.485198 -7.046119
v 0.063326 1.485198 -6.868430
v 0.079169 1.485198 -7.046119
v 0.098413 1.485198 -6.974776
v 0.063326 1.485198 -6.868430
v 0.098413 1.485198 -6.974776
v 0.091850 1.485198 -6.901174
v 0.045392 1.514951 -7.073413
v 0.063326 1.514951 -6.868430
v 0.091850 1.514951 -6.901175
v 0.045392 1.514951 -7.073413
v 0.091850 1.514951 -6.901175
v 0.098413 1.514951 -6.974776
v 0.045392 1.514951 -7.073413
v 0.098413 1.514951 -6.974776
v 0.079169 1.514951 -7.046119
vn -0.9909 -0.0552 -0.1227
vn -0.9914 -0.0550 -0.1184
vn 0.9914 -0.0550 -0.1184
vn 0.9909 -0.0552 -0.1227
vn -0.0000 1.0000 -0.0067
vn -0.0000 0.5580 0.8298
vn -0.0000 -1.0000 -0.0000
vn -0.7540 -0.0000 0.6568
vn -0.9960 -0.0000 0.0888
vn -0.9655 -0.0000 -0.2604
vn -0.6285 -0.0000 -0.7778
vn -0.0000 1.0000 -0.0000
vn 0.7540 -0.0000 0.6568
vn 0.9960 -0.0000 0.0888
vn 0.9655 -0.0000 -0.2604
vn 0.6285 -0.0000 -0.7778
vt 0.391133 -0.704495
vt 0.445287 -0.784724
vt 0.439929 -0.704495
vt 0.477085 -0.784724
vt 0.477085 -0.542934
vt 0.445287 -0.542934
vt 0.439929 -0.623164
vt 0.391133 -0.623164
vt 0.947895 -0.039589
vt 0.947895 -0.031118
vt 0.983261 -0.035353
vt 0.859241 -0.028677
vt 0.859241 -0.042030
vt 0.805322 -0.035353
vt 0.123226 -0.026497
vt 0.128703 -0.026497
vt 0.123226 -0.021521
vt 0.128703 -0.021521
vt 0.141012 -0.026497
vt 0.141012 -0.021521
vt 0.152943 -0.026497
vt 0.152943 -0.021521
vt 0.158592 -0.026497
vt 0.158592 -0.021521
vt 0.153600 -0.012063
vt 0.141500 -0.009550
vt 0.158488 -0.017434
vt 0.129276 -0.011368
vt 0.124089 -0.016452
s 1
usemtl default.098
f 5777/2634/2977 5778/2635/2977 5776/2636/2977
f 5780/2637/2978 5781/2636/2978 5779/2635/2978
f 5783/2638/2979 5784/2639/2979 5782/2640/2979
f 5786/2641/2980 5787/2640/2980 5785/2639/2980
f 5789/2642/2981 5790/2643/2981 5788/2644/2981
f 5792/2643/2982 5793/2642/2982 5791/2645/2982
f 5795/2646/2982 5796/2645/2982 5794/2642/2982
f 5798/2646/2983 5799/2647/2983 5797/2645/2983
f 5801/2648/2984 5802/2649/2984 5800/2650/2984
f 5804/2651/2984 5805/2650/2984 5803/2649/2984
f 5807/2649/2985 5808/2652/2985 5806/2651/2985
f 5810/2653/2985 5811/2651/2985 5809/2652/2985
f 5813/2652/2986 5814/2654/2986 5812/2653/2986
f 5816/2655/2986 5817/2653/2986 5815/2654/2986
f 5819/2654/2987 5820/2656/2987 5818/2655/2987
f 5822/2657/2987 5823/2655/2987 5821/2656/2987
f 5825/2658/2983 5826/2659/2983 5824/2660/2983
f 5828/2659/2983 5829/2661/2983 5827/2660/2983
f 5831/2661/2983 5832/2662/2983 5830/2660/2983
f 5834/2658/2988 5835/2659/2988 5833/2660/2988
f 5837/2659/2988 5838/2661/2988 5836/2660/2988
f 5840/2661/2988 5841/2662/2988 5839/2660/2988
f 5843/2649/2989 5844/2651/2989 5842/2648/2989
f 5846/2650/2989 5847/2648/2989 5845/2651/2989
f 5849/2652/2990 5850/2653/2990 5848/2649/2990
f 5852/2651/2990 5853/2649/2990 5851/2653/2990
f 5855/2654/2991 5856/2655/2991 5854/2652/2991
f 5858/2653/2991 5859/2652/2991 5857/2655/2991
f 5861/2656/2992 5862/2657/2992 5860/2654/2992
f 5864/2655/2992 5865/2654/2992 5863/2657/2992
f 5867/2660/2983 5868/2658/2983 5866/2662/2983
f 5870/2658/2983 5871/2659/2983 5869/2662/2983
f 5873/2659/2983 5874/2661/2983 5872/2662/2983
f 5876/2660/2988 5877/2658/2988 5875/2662/2988
f 5879/2658/2988 5880/2659/2988 5878/2662/2988
f 5882/2659/2988 5883/2661/2988 5881/2662/2988
