# Blender 5.1.0
# www.blender.org
mtllib building15.mtl
o GT_MC_Large_Building.015
v -20.078224 18.067177 7.303361
v -20.078224 18.066866 6.381894
v -20.078224 17.045946 6.382349
v -20.078224 17.046255 7.303817
v -20.078224 17.046255 32.742542
v 6.706546 18.067177 6.381621
v 6.706546 17.046255 6.381621
v 6.706546 18.067177 7.303089
v -20.141502 18.067177 32.805820
v 6.706546 18.067177 32.742542
v 6.706546 17.046255 7.303089
v 6.706546 17.046255 32.742542
v -20.078224 63.787533 -19.481680
v -20.078224 67.344467 -19.481680
v 7.028717 63.787533 -19.803850
v -20.078224 67.344467 7.303090
v -20.078224 63.787529 7.303090
v 7.028717 63.787533 7.625260
v 6.706546 67.344467 7.303090
v 6.706546 67.344467 -19.481680
v 7.028717 67.344467 7.625260
v 7.028717 67.344467 -19.803850
v -20.400394 67.344467 7.625260
v -20.400394 67.344467 -19.803850
v 6.706546 59.466839 -19.481680
v 6.706546 59.466839 7.303090
v -20.078224 59.466839 7.303090
v -20.078224 59.466839 -19.481680
v -19.634007 24.663488 -32.417587
v -19.634007 3.730510 -32.417587
v -19.634007 3.730506 -19.905998
v -19.634007 24.664646 -19.916210
v 6.270748 16.001366 32.298321
v -19.642426 16.001366 32.298321
v -19.642426 3.730499 32.298321
v 6.270748 3.730496 32.298321
v 6.262329 16.001366 32.306744
v 6.262329 3.730496 32.306744
v 6.262329 3.730499 7.738878
v 6.262329 16.001366 7.738885
v -19.634007 3.730499 32.306744
v -19.634007 16.001366 32.306744
v -19.634007 3.730503 7.745555
v -19.634007 16.001366 7.740081
v -19.642426 24.663450 -32.409168
v 19.642454 24.663450 -32.409168
v -19.642426 3.730510 -32.409168
v 19.642454 3.730506 -32.409168
v 19.634035 24.663450 -32.417587
v 19.634035 24.663450 -6.525094
v 19.634035 3.730506 -32.417587
v 19.634035 3.730503 -6.525094
v 19.642454 24.663450 -6.533514
v 7.142345 24.663450 -6.533514
v 7.142345 3.730503 -6.533514
v 19.642454 3.730503 -6.533514
v -20.078224 3.730510 -32.417587
v -20.078224 24.663488 -32.417587
v -20.078224 24.664646 -19.916210
v -20.078224 3.730506 -19.905998
v -19.642426 16.001366 32.742542
v 6.270748 16.001366 32.742542
v 6.270748 3.730496 32.742542
v -19.642426 3.730499 32.742542
v 6.706546 3.730496 32.306744
v 6.706546 16.001366 32.306744
v 6.706546 16.001366 7.738885
v 6.706546 3.730499 7.738878
v -20.078224 16.001366 32.306744
v -20.078224 3.730499 32.306744
v -20.078224 3.730503 7.745555
v -20.078224 16.001366 7.740081
v 19.642454 24.663450 -32.853386
v -19.642426 24.663450 -32.853386
v -19.642426 3.730510 -32.853386
v 19.642454 3.730506 -32.853386
v 20.078253 24.663450 -6.525094
v 20.078253 24.663450 -32.417587
v 20.078253 3.730506 -32.417587
v 20.078253 3.730503 -6.525094
v 7.142345 24.663450 -6.089295
v 19.642454 24.663450 -6.089295
v 19.642454 3.730503 -6.089295
v 7.142345 3.730503 -6.089295
v -20.078224 25.100483 -19.480625
v -20.346657 3.294709 -19.469986
v -20.078224 16.437162 7.304088
v 6.706546 16.437162 7.303088
v 6.706546 16.437162 32.742542
v -20.078224 16.437162 32.742542
v -20.346657 3.294706 7.309950
v 6.974980 3.294703 7.303079
v 6.706546 25.099247 -6.089295
v 20.078253 25.099247 -32.853386
v -20.078224 25.099247 -32.853386
v 20.078253 25.099247 -6.089295
v 6.974980 3.294706 -5.820862
v 6.974980 3.294699 33.010975
v 20.346685 3.294709 -33.121822
v -20.346657 3.294703 33.010975
v -20.346657 3.294713 -33.121822
v 20.346685 3.294706 -5.820862
v -19.094713 68.055290 6.319579
v -20.078224 0.000000 -32.853386
v -19.094713 68.055290 -18.498171
v 5.723035 68.055290 6.319579
v 20.078253 0.000000 -32.853386
v 5.723035 68.055290 -18.498171
v -19.094713 18.676266 8.286599
v -19.094713 47.199490 -31.869875
v 7.690056 47.199490 -20.465191
v 5.723035 18.676266 8.286599
v 5.723035 18.676266 31.759031
v 6.706546 0.000000 32.742542
v -20.078224 0.000000 32.742542
v -19.094713 18.676266 31.759031
v 20.078253 0.000000 -6.089295
v 19.094742 47.199490 -7.072806
v 6.706546 0.000000 -6.089295
v -19.094713 47.199490 -20.465191
v 19.094742 47.199490 -31.869875
v 7.690056 47.199490 -7.072806
v -20.400394 63.787533 -19.803850
v -20.078224 50.104595 -19.481680
v 6.706546 63.787533 7.303090
v 6.706546 50.104595 7.303090
v 6.706546 50.104595 -19.481680
v 6.706546 63.787533 -19.481680
v -20.078224 50.104580 7.303090
v -20.400394 63.787529 7.625260
v 6.706546 18.676266 7.303090
v 6.706546 18.676266 32.742542
v -20.078224 68.055290 -19.481680
v 6.706546 68.055290 -19.481680
v -20.078224 47.199490 -32.853386
v -20.078224 47.199490 -19.481680
v 20.078253 47.199490 -32.853386
v 6.706546 68.055290 7.303090
v -20.078224 18.676266 7.303090
v 6.706546 47.199490 -19.481680
v 6.706546 47.199490 -6.089295
v -20.078224 18.676266 32.742542
v 20.078253 47.199490 -6.089295
v -20.078224 68.055290 7.303090
v 5.723035 16.195427 8.286599
v 5.723035 16.195427 31.759031
v -19.094713 65.574455 -18.498171
v 5.723035 65.574455 -18.498171
v -19.094713 44.718651 -31.869875
v -19.094713 44.718651 -20.465191
v 19.094742 44.718651 -31.869875
v 5.723035 65.574455 6.319579
v -19.094713 16.195427 8.286599
v 7.690056 44.718651 -20.465191
v 7.690056 44.718651 -7.072806
v -19.094713 16.195427 31.759031
v 19.094742 44.718651 -7.072806
v -19.094713 65.574455 6.319579
v -20.346657 2.740998 -33.121822
v 6.974980 2.740998 -5.820862
v -20.078224 2.740995 32.742542
v 6.974980 2.740995 33.010975
v 20.346685 2.741002 -33.121822
v 20.346685 2.740998 -5.820862
v -20.078224 3.294709 -19.469986
v -20.078224 3.294713 -32.853386
v 6.706546 2.740998 -6.089295
v 6.706546 2.740995 32.742542
v 20.078253 2.741002 -32.853386
v 20.078253 2.740998 -6.089295
v -20.078224 3.294703 32.742542
v -20.078224 3.294706 7.309950
v 6.706546 3.294699 32.742542
v 6.706546 3.294703 7.303079
v 20.078253 3.294706 -6.089295
v 20.078253 3.294709 -32.853386
v -20.078224 2.740998 -32.853386
v -20.346657 2.740995 33.010975
v 6.706546 3.294706 -6.089295
v -19.156755 58.545380 -19.481680
v 5.785079 58.545380 -19.481680
v 5.785079 51.026062 -19.481680
v -19.156755 51.026062 -19.481680
v 6.706546 48.120956 -18.560213
v 6.706546 49.183125 -18.560213
v 6.706546 49.183125 6.381622
v 6.706546 18.676266 6.381622
v 6.706546 16.437162 6.381620
v 6.706546 4.216172 6.381612
v 6.706546 4.216175 -5.167828
v 6.706546 25.099247 -5.167828
v 6.706546 48.120956 -5.167828
v -20.078224 58.545364 6.381622
v -20.078224 58.545380 -18.560213
v -20.078224 51.026062 -18.560213
v -20.078224 51.026051 6.381622
v -19.156755 51.026051 7.303090
v 5.785079 51.026062 7.303090
v 5.785079 58.545380 7.303090
v -19.156755 58.545364 7.303090
v -20.078224 49.183117 6.381622
v -20.078224 49.183125 -18.560213
v -20.078224 27.263283 -18.560213
v -20.078224 25.100933 -18.559158
v -20.078224 4.216178 -18.548969
v -20.078224 4.216175 6.388071
v -20.078224 16.436750 6.382621
v -20.078224 18.676062 6.381622
v 6.706546 51.026062 6.381622
v 6.706546 51.026062 -18.560213
v 6.706546 58.545380 -18.560213
v 6.706546 58.545380 6.381622
v -19.156755 48.120956 -19.481680
v -19.156755 49.183125 -19.481680
v 5.785079 49.183125 -19.481680
v 5.785079 48.120956 -19.481680
v 5.785079 19.597734 7.303090
v 5.785079 49.183125 7.303090
v -19.156755 49.183117 7.303090
v -19.156755 19.597734 7.303090
v 5.785079 58.545380 -18.690016
v -19.156755 58.545380 -18.690016
v -19.156755 51.026062 -18.690016
v 5.785079 51.026062 -18.690016
v 5.914881 49.183125 -18.560213
v 5.914881 48.120956 -18.560213
v 5.914881 48.120956 -5.167828
v 5.914881 49.183125 6.381622
v 5.914881 18.676266 6.381622
v 5.914881 16.437162 6.381620
v 5.914881 4.216172 6.381612
v 5.914881 4.216175 -5.167828
v 5.914881 25.099247 -5.167828
v -19.286558 58.545380 -18.560213
v -19.286558 58.545364 6.381622
v -19.286558 51.026051 6.381622
v -19.286558 51.026062 -18.560213
v -19.156755 51.026051 6.511425
v 5.785079 51.026062 6.511425
v -19.156755 58.545364 6.511425
v 5.785079 58.545380 6.511425
v -19.286558 49.183125 -18.560213
v -19.286558 49.183117 6.381622
v -19.286558 18.676062 6.381622
v -19.286558 27.263283 -18.560213
v -19.286558 25.100933 -18.559158
v -19.286558 4.216178 -18.548969
v -19.286558 4.216175 6.388071
v -19.286558 16.436750 6.382621
v 5.914881 51.026062 6.381622
v 5.914881 51.026062 -18.560213
v 5.914881 58.545380 6.381622
v 5.914881 58.545380 -18.560213
v -19.156755 49.183125 -18.690016
v -19.156755 48.120956 -18.690016
v 5.785079 48.120956 -18.690016
v 5.785079 49.183125 -18.690016
v 5.785079 19.597734 6.511425
v 5.785079 49.183125 6.511425
v -19.156755 19.597734 6.511425
v -19.156755 49.183117 6.511425
v 6.769825 18.067177 7.303089
v 6.769825 17.046255 7.303089
v -20.141502 17.046255 7.303817
v -20.141502 18.067177 7.303361
v 6.769825 18.067177 32.805820
v 6.769825 17.046255 32.805820
v -20.141502 17.046255 32.805820
v -20.078224 18.067177 32.742542
v 6.769825 17.046255 6.381621
v 6.769825 18.067177 6.381621
v -20.141502 17.045946 6.382349
v -20.141502 18.066866 6.381894
v 5.914881 18.067177 6.381621
v 5.914881 17.046255 6.381621
v -19.286558 17.045946 6.382349
v -19.286558 18.066866 6.381894
v -20.162846 26.746151 -32.938011
v -20.078224 25.616156 -32.853386
v 6.706546 25.611053 -6.004672
v 6.706546 26.751253 -6.004672
v 20.162876 26.748976 -6.004672
v 20.078253 25.613329 -6.089295
v 20.078253 25.614986 -32.853386
v 20.078253 26.747318 -32.853386
v -20.078224 26.745996 -19.481428
v -20.078224 25.617546 -19.480877
v -20.078224 26.745892 -18.559959
v -20.078224 25.618324 -18.559412
v -19.286558 26.745790 -18.475338
v -19.286558 25.618507 -18.474787
v 20.078253 26.748976 -6.089295
v 6.706546 26.751253 -6.089295
v -20.162846 25.618364 -18.474787
v -19.286558 25.618467 -18.559412
v -20.162846 26.745996 -19.481428
v -20.078224 26.746151 -32.853386
v 6.706546 25.611053 -6.089295
v 20.162876 25.613329 -6.004672
v 20.162876 26.747318 -32.938011
v 20.162876 25.614986 -32.938011
v -20.162846 25.616156 -32.938011
v -19.286558 26.745749 -18.559959
v -20.162846 25.617546 -19.480877
v -20.162846 26.745934 -18.475338
v 6.270746 9.692981 32.742546
v 6.270746 10.038880 32.742546
v -20.078224 9.692981 6.385417
v -20.078224 10.038880 6.385262
v 6.706546 10.038880 7.303090
v 6.706546 9.692981 7.303090
v -20.078224 10.038880 32.306759
v -20.078224 9.692981 32.306759
v 6.706546 9.692981 6.381627
v 6.706546 10.038880 6.381627
v 6.262327 10.038880 7.738876
v 6.262327 9.692981 7.738876
v 6.270746 10.038880 32.298313
v 6.270746 9.692981 32.298313
v -20.078224 9.692981 32.742546
v -20.078224 10.038880 32.742546
v 6.706546 10.038880 32.742546
v 6.706546 9.692981 32.742546
v 6.706546 9.692981 32.306759
v 6.706546 10.038880 32.306759
v -20.078224 9.692981 7.742903
v -20.078224 10.038880 7.742749
v -19.642424 9.692981 32.742546
v -19.642424 10.038880 32.742546
v -19.634005 9.692981 32.306759
v -19.634005 10.038880 32.306759
v 6.262327 10.038880 32.306759
v 6.262327 9.692981 32.306759
v 6.706546 9.692981 7.738876
v 6.706546 10.038880 7.738876
v -19.634005 9.692981 7.742903
v -19.634005 10.038880 7.742749
v -19.642424 10.038880 32.298313
v -19.642424 9.692981 32.298313
v 5.914881 10.038880 6.381627
v 5.914881 9.692981 6.381627
v -20.078224 10.038880 7.306936
v -20.078224 9.692981 7.307090
v -19.286552 9.692981 6.385417
v -19.286552 10.038880 6.385262
v 20.078251 14.337160 -6.525082
v 20.078251 14.056797 -6.525082
v -19.642424 14.056797 -32.409180
v -19.642424 14.337160 -32.409180
v 20.078251 14.337160 -32.853386
v 20.078251 14.056797 -32.853386
v 19.634031 14.056797 -32.417599
v 19.634031 14.337160 -32.417599
v 6.706546 14.337160 -5.167833
v 6.706546 14.056797 -5.167833
v 5.914881 14.056797 -5.167833
v 5.914881 14.337160 -5.167833
v -19.634005 14.056797 -19.911051
v -19.634005 14.337160 -19.911186
v 19.642450 14.056797 -6.533501
v 19.642450 14.337160 -6.533501
v -19.642424 14.056797 -32.853386
v -19.642424 14.337160 -32.853386
v -20.078224 14.337160 -18.554125
v -20.078224 14.056797 -18.553989
v 19.642450 14.337160 -32.853386
v 19.642450 14.056797 -32.853386
v -20.078224 14.056797 -32.417599
v -20.078224 14.337160 -32.417599
v 20.078251 14.056797 -32.417599
v 20.078251 14.337160 -32.417599
v -20.078224 14.337160 -19.475372
v -20.078224 14.056797 -19.475237
v -20.078224 14.056797 -19.911051
v -20.078224 14.337160 -19.911186
v 19.634031 14.337160 -6.525082
v 19.634031 14.056797 -6.525082
v -19.286552 14.337160 -18.554125
v -19.286552 14.056797 -18.553989
v 19.642450 14.056797 -32.409180
v 19.642450 14.337160 -32.409180
v 7.142346 14.337160 -6.533501
v 7.142346 14.056797 -6.533501
v 7.142346 14.056797 -6.089295
v 7.142346 14.337160 -6.089295
v -19.634005 14.337160 -32.417599
v -19.634005 14.056797 -32.417599
v 19.642450 14.337160 -6.089295
v 19.642450 14.056797 -6.089295
v 6.706546 14.056797 -6.089295
v 6.706546 14.337160 -6.089295
v 20.078251 14.056797 -6.089295
v 20.078251 14.337160 -6.089295
v -20.078224 14.337160 -32.853386
v -20.078224 14.056797 -32.853386
v 3.720516 0.000000 32.953625
v 3.720516 2.937612 32.953625
v 3.720516 0.000000 32.707096
v 3.720516 2.937612 32.707096
v 0.733021 0.000000 32.953625
v 0.733021 2.937612 32.953625
v 0.733021 0.000000 32.707096
v 0.733021 2.937612 32.707096
v 2.226768 0.000000 32.953625
v 2.226768 2.937612 32.707096
v 2.226768 2.937612 32.953625
v 2.226768 0.000000 32.707096
v 2.148807 0.109536 32.953625
v 2.148807 2.828076 32.953625
v 0.867227 2.828076 32.953625
v 0.867227 0.109536 32.953625
v 3.642554 0.109536 32.953625
v 3.642554 2.828076 32.953625
v 2.304730 2.828076 32.953625
v 2.304730 0.109536 32.953625
v 2.148807 2.828076 32.824284
v 2.148807 0.109536 32.824284
v 0.867227 0.109536 32.824284
v 0.867227 2.828076 32.824284
v 3.642554 0.109536 32.824284
v 3.642554 2.828076 32.824284
v 2.304730 0.109536 32.824284
v 2.304730 2.828076 32.824284
v -2.254473 0.000000 32.953625
v -2.254473 2.937612 32.953625
v -2.254473 0.000000 32.707096
v -2.254473 2.937612 32.707096
v -0.760726 0.000000 32.953625
v -0.760726 2.937612 32.707096
v -0.760726 2.937612 32.953625
v -0.760726 0.000000 32.707096
v -0.682765 0.109536 32.953625
v -0.682765 2.828076 32.953625
v 0.598815 2.828076 32.953625
v 0.598815 0.109536 32.953625
v -2.176512 0.109536 32.953625
v -2.176512 2.828076 32.953625
v -0.838687 2.828076 32.953625
v -0.838687 0.109536 32.953625
v -0.682765 2.828076 32.824284
v -0.682765 0.109536 32.824284
v 0.598815 0.109536 32.824284
v 0.598815 2.828076 32.824284
v -2.176512 0.109536 32.824284
v -2.176512 2.828076 32.824284
v -0.838687 0.109536 32.824284
v -0.838687 2.828076 32.824284
v 0.531717 1.167137 32.822460
v 0.531717 1.167137 32.978916
v 0.531717 1.569744 32.822460
v 0.531717 1.569744 32.978916
v 0.934326 1.167137 32.822460
v 0.934326 1.167137 32.978916
v 0.934326 1.569744 32.822460
v 0.934326 1.569744 32.978916
v 3.720585 0.000000 33.121830
v 4.303494 0.000000 33.121830
v 3.720585 2.741002 33.121830
v 4.303494 2.741002 33.121830
v 3.720585 0.000000 32.538918
v 4.303494 0.000000 32.538918
v 3.720585 2.741002 32.538918
v 4.303494 2.741002 32.538918
v -2.254470 0.000000 33.121830
v -2.837379 0.000000 33.121830
v -2.254470 2.741002 33.121830
v -2.837379 2.741002 33.121830
v -2.254470 0.000000 32.538921
v -2.837379 0.000000 32.538921
v -2.254470 2.741002 32.538921
v -2.837379 2.741002 32.538921
v -17.092194 0.000000 32.953632
v -17.092194 2.937612 32.953632
v -17.092194 0.000000 32.707104
v -17.092194 2.937612 32.707104
v -14.104698 0.000000 32.953632
v -14.104698 2.937612 32.953632
v -14.104698 0.000000 32.707104
v -14.104698 2.937612 32.707104
v -15.598445 0.000000 32.953632
v -15.598445 2.937612 32.707104
v -15.598445 2.937612 32.953632
v -15.598445 0.000000 32.707104
v -15.520485 0.109536 32.953632
v -15.520485 2.828076 32.953632
v -14.238905 2.828076 32.953632
v -14.238905 0.109536 32.953632
v -17.014231 0.109536 32.953632
v -17.014231 2.828076 32.953632
v -15.676407 2.828076 32.953632
v -15.676407 0.109536 32.953632
v -15.520485 2.828076 32.824291
v -15.520485 0.109536 32.824291
v -14.238905 0.109536 32.824291
v -14.238905 2.828076 32.824291
v -17.014231 0.109536 32.824291
v -17.014231 2.828076 32.824291
v -15.676407 0.109536 32.824291
v -15.676407 2.828076 32.824291
v -11.117205 0.000000 32.953632
v -11.117205 2.937612 32.953632
v -11.117205 0.000000 32.707104
v -11.117205 2.937612 32.707104
v -12.610951 0.000000 32.953632
v -12.610951 2.937612 32.707104
v -12.610951 2.937612 32.953632
v -12.610951 0.000000 32.707104
v -12.688913 0.109536 32.953632
v -12.688913 2.828076 32.953632
v -13.970492 2.828076 32.953632
v -13.970492 0.109536 32.953632
v -11.195167 0.109536 32.953632
v -11.195167 2.828076 32.953632
v -12.532990 2.828076 32.953632
v -12.532990 0.109536 32.953632
v -12.688913 2.828076 32.824291
v -12.688913 0.109536 32.824291
v -13.970492 0.109536 32.824291
v -13.970492 2.828076 32.824291
v -11.195167 0.109536 32.824287
v -11.195167 2.828076 32.824287
v -12.532990 0.109536 32.824291
v -12.532990 2.828076 32.824287
v -13.903394 1.167137 32.822464
v -13.903394 1.167137 32.978920
v -13.903394 1.569744 32.822464
v -13.903394 1.569744 32.978920
v -14.306004 1.167137 32.822464
v -14.306004 1.167137 32.978920
v -14.306004 1.569744 32.822464
v -14.306004 1.569744 32.978920
v -17.092262 0.000000 33.121838
v -17.675171 0.000000 33.121838
v -17.092262 2.741002 33.121838
v -17.675171 2.741002 33.121838
v -17.092262 0.000000 32.538929
v -17.675171 0.000000 32.538929
v -17.092262 2.741002 32.538929
v -17.675171 2.741002 32.538929
v -11.117207 0.000000 33.121834
v -10.534298 0.000000 33.121834
v -11.117207 2.741002 33.121834
v -10.534298 2.741002 33.121834
v -11.117207 0.000000 32.538925
v -10.534298 0.000000 32.538925
v -11.117207 2.741002 32.538925
v -10.534298 2.741002 32.538925
v -20.289330 0.000000 28.233273
v -20.289330 2.937612 28.233273
v -20.042799 0.000000 28.233273
v -20.042799 2.937612 28.233273
v -20.289330 0.000000 25.245777
v -20.289330 2.937612 25.245777
v -20.042801 0.000000 25.245777
v -20.042801 2.937612 25.245777
v -20.289330 0.000000 26.739523
v -20.042799 2.937612 26.739523
v -20.289330 2.937612 26.739523
v -20.042799 0.000000 26.739523
v -20.289330 0.109536 26.661560
v -20.289330 2.828076 26.661560
v -20.289330 2.828076 25.379982
v -20.289330 0.109536 25.379982
v -20.289330 0.109536 28.155308
v -20.289330 2.828076 28.155308
v -20.289330 2.828076 26.817484
v -20.289330 0.109536 26.817484
v -20.159988 2.828076 26.661560
v -20.159988 0.109536 26.661560
v -20.159988 0.109536 25.379982
v -20.159988 2.828076 25.379982
v -20.159988 0.109536 28.155308
v -20.159988 2.828076 28.155308
v -20.159988 0.109536 26.817484
v -20.159988 2.828076 26.817484
v -20.289331 0.000000 22.258282
v -20.289331 2.937612 22.258282
v -20.042803 0.000000 22.258282
v -20.042803 2.937612 22.258282
v -20.289330 0.000000 23.752029
v -20.042801 2.937612 23.752029
v -20.289330 2.937612 23.752029
v -20.042801 0.000000 23.752029
v -20.289330 0.109536 23.829988
v -20.289330 2.828076 23.829988
v -20.289330 2.828076 25.111567
v -20.289330 0.109536 25.111567
v -20.289331 0.109536 22.336243
v -20.289331 2.828076 22.336243
v -20.289330 2.828076 23.674065
v -20.289330 0.109536 23.674065
v -20.159988 2.828076 23.829988
v -20.159988 0.109536 23.829988
v -20.159988 0.109536 25.111567
v -20.159988 2.828076 25.111567
v -20.159990 0.109536 22.336243
v -20.159990 2.828076 22.336243
v -20.159988 0.109536 23.674065
v -20.159988 2.828076 23.674065
v -20.158163 1.167134 25.044472
v -20.314617 1.167134 25.044472
v -20.158163 1.569744 25.044472
v -20.314617 1.569744 25.044472
v -20.158161 1.167137 25.447081
v -20.314617 1.167137 25.447081
v -20.158161 1.569744 25.447081
v -20.314617 1.569744 25.447081
v -20.457535 0.000000 28.233339
v -20.457535 0.000000 28.816246
v -20.457535 2.741002 28.233339
v -20.457535 2.741002 28.816246
v -19.874624 0.000000 28.233339
v -19.874624 0.000000 28.816246
v -19.874624 2.741002 28.233339
v -19.874624 2.741002 28.816246
v -20.457537 0.000000 22.258284
v -20.457537 0.000000 21.675375
v -20.457537 2.741002 22.258284
v -20.457537 2.741002 21.675375
v -19.874626 0.000000 22.258284
v -19.874626 0.000000 21.675375
v -19.874626 2.741002 22.258284
v -19.874626 2.741002 21.675375
v -20.289335 0.000000 7.420563
v -20.289335 2.937612 7.420563
v -20.042807 0.000000 7.420563
v -20.042807 2.937612 7.420563
v -20.289335 0.000000 10.408056
v -20.289335 2.937612 10.408056
v -20.042807 0.000000 10.408056
v -20.042807 2.937612 10.408056
v -20.289335 0.000000 8.914310
v -20.042807 2.937612 8.914310
v -20.289335 2.937612 8.914310
v -20.042807 0.000000 8.914310
v -20.289335 0.109536 8.992270
v -20.289335 2.828076 8.992270
v -20.289335 2.828076 10.273850
v -20.289335 0.109536 10.273850
v -20.289335 0.109536 7.498523
v -20.289335 2.828076 7.498523
v -20.289335 2.828076 8.836349
v -20.289335 0.109536 8.836349
v -20.159994 2.828076 8.992270
v -20.159994 0.109536 8.992270
v -20.159994 0.109536 10.273850
v -20.159994 2.828076 10.273850
v -20.159994 0.109536 7.498523
v -20.159994 2.828076 7.498523
v -20.159994 0.109536 8.836349
v -20.159994 2.828076 8.836349
v -20.289333 0.000000 13.395551
v -20.289333 2.937612 13.395551
v -20.042803 0.000000 13.395551
v -20.042803 2.937612 13.395551
v -20.289335 0.000000 11.901804
v -20.042805 2.937612 11.901804
v -20.289335 2.937612 11.901804
v -20.042805 0.000000 11.901804
v -20.289335 0.109536 11.823844
v -20.289335 2.828076 11.823844
v -20.289335 2.828076 10.542263
v -20.289335 0.109536 10.542263
v -20.289333 0.109536 13.317591
v -20.289333 2.828076 13.317591
v -20.289335 2.828076 11.979764
v -20.289335 0.109536 11.979764
v -20.159992 2.828076 11.823844
v -20.159992 0.109536 11.823844
v -20.159992 0.109536 10.542263
v -20.159992 2.828076 10.542263
v -20.159994 0.109536 13.317591
v -20.159994 2.828076 13.317591
v -20.159992 0.109536 11.979764
v -20.159992 2.828076 11.979764
v -20.158167 1.167137 10.609362
v -20.314623 1.167137 10.609362
v -20.158167 1.569744 10.609362
v -20.314623 1.569744 10.609362
v -20.158167 1.167137 10.206752
v -20.314625 1.167137 10.206752
v -20.158167 1.569744 10.206752
v -20.314625 1.569744 10.206752
v -20.457541 0.000000 7.420495
v -20.457541 0.000000 6.837585
v -20.457541 2.741002 7.420495
v -20.457541 2.741002 6.837585
v -19.874632 0.000000 7.420495
v -19.874632 0.000000 6.837585
v -19.874632 2.741002 7.420495
v -19.874632 2.741002 6.837585
v -20.457537 0.000000 13.395547
v -20.457537 0.000000 13.978456
v -20.457537 2.741002 13.395547
v -20.457537 2.741002 13.978456
v -19.874628 0.000000 13.395547
v -19.874628 0.000000 13.978456
v -19.874628 2.741002 13.395547
v -19.874628 2.741002 13.978456
v -20.289349 0.000000 -28.344299
v -20.289349 2.937612 -28.344299
v -20.042820 0.000000 -28.344299
v -20.042820 2.937612 -28.344299
v -20.289349 0.000000 -25.356802
v -20.289349 2.937612 -25.356802
v -20.042818 0.000000 -25.356802
v -20.042818 2.937612 -25.356802
v -20.289349 0.000000 -26.850552
v -20.042820 2.937612 -26.850552
v -20.289349 2.937612 -26.850552
v -20.042820 0.000000 -26.850552
v -20.289349 0.109536 -26.772583
v -20.289349 2.828076 -26.772583
v -20.289349 2.828076 -25.491007
v -20.289349 0.109536 -25.491007
v -20.289349 0.109536 -28.266333
v -20.289349 2.828076 -28.266333
v -20.289349 2.828076 -26.928511
v -20.289349 0.109536 -26.928511
v -20.160007 2.828076 -26.772583
v -20.160007 0.109536 -26.772583
v -20.160006 0.109536 -25.491007
v -20.160006 2.828076 -25.491007
v -20.160009 0.109536 -28.266333
v -20.160009 2.828076 -28.266333
v -20.160007 0.109536 -26.928511
v -20.160007 2.828076 -26.928511
v -20.289347 0.000000 -22.369308
v -20.289347 2.937612 -22.369308
v -20.042816 0.000000 -22.369308
v -20.042816 2.937612 -22.369308
v -20.289349 0.000000 -23.863056
v -20.042818 2.937612 -23.863056
v -20.289349 2.937612 -23.863056
v -20.042818 0.000000 -23.863056
v -20.289349 0.109536 -23.941017
v -20.289349 2.828076 -23.941017
v -20.289349 2.828076 -25.222591
v -20.289349 0.109536 -25.222591
v -20.289347 0.109536 -22.447268
v -20.289347 2.828076 -22.447268
v -20.289349 2.828076 -23.785089
v -20.289349 0.109536 -23.785089
v -20.160006 2.828076 -23.941017
v -20.160006 0.109536 -23.941017
v -20.160006 0.109536 -25.222591
v -20.160006 2.828076 -25.222591
v -20.160006 0.109536 -22.447268
v -20.160006 2.828076 -22.447268
v -20.160006 0.109536 -23.785089
v -20.160006 2.828076 -23.785089
v -20.158180 1.167137 -25.155495
v -20.314634 1.167137 -25.155495
v -20.158180 1.569747 -25.155495
v -20.314634 1.569747 -25.155495
v -20.158180 1.167137 -25.558102
v -20.314634 1.167137 -25.558102
v -20.158180 1.569747 -25.558102
v -20.314634 1.569747 -25.558102
v -20.457554 0.000000 -28.344360
v -20.457554 0.000000 -28.927273
v -20.457554 2.741002 -28.344360
v -20.457554 2.741002 -28.927273
v -19.874643 0.000000 -28.344360
v -19.874643 0.000000 -28.927273
v -19.874643 2.741002 -28.344360
v -19.874643 2.741002 -28.927273
v -20.457552 0.000000 -22.369308
v -20.457552 0.000000 -21.786398
v -20.457552 2.741002 -22.369308
v -20.457552 2.741002 -21.786398
v -19.874641 0.000000 -22.369308
v -19.874641 0.000000 -21.786398
v -19.874641 2.741002 -22.369308
v -19.874641 2.741002 -21.786398
v -20.289341 0.000000 -7.531589
v -20.289341 2.937612 -7.531589
v -20.042810 0.000000 -7.531589
v -20.042810 2.937612 -7.531589
v -20.289343 0.000000 -10.519083
v -20.289343 2.937612 -10.519083
v -20.042812 0.000000 -10.519083
v -20.042812 2.937612 -10.519083
v -20.289343 0.000000 -9.025333
v -20.042812 2.937612 -9.025333
v -20.289343 2.937612 -9.025333
v -20.042812 0.000000 -9.025333
v -20.289343 0.109536 -9.103294
v -20.289343 2.828076 -9.103294
v -20.289343 2.828076 -10.384878
v -20.289343 0.109536 -10.384878
v -20.289341 0.109536 -7.609549
v -20.289341 2.828076 -7.609549
v -20.289343 2.828076 -8.947373
v -20.289343 0.109536 -8.947373
v -20.160002 2.828076 -9.103294
v -20.160002 0.109536 -9.103294
v -20.160002 0.109536 -10.384878
v -20.160002 2.828076 -10.384878
v -20.160000 0.109536 -7.609549
v -20.160000 2.828076 -7.609549
v -20.160002 0.109536 -8.947373
v -20.160002 2.828076 -8.947373
v -20.289343 0.000000 -13.506577
v -20.289343 2.937612 -13.506577
v -20.042812 0.000000 -13.506577
v -20.042812 2.937612 -13.506577
v -20.289343 0.000000 -12.012828
v -20.042812 2.937612 -12.012828
v -20.289343 2.937612 -12.012828
v -20.042812 0.000000 -12.012828
v -20.289343 0.109536 -11.934868
v -20.289343 2.828076 -11.934868
v -20.289343 2.828076 -10.653284
v -20.289343 0.109536 -10.653284
v -20.289343 0.109536 -13.428617
v -20.289343 2.828076 -13.428617
v -20.289343 2.828076 -12.090788
v -20.289343 0.109536 -12.090788
v -20.160002 2.828076 -11.934868
v -20.160002 0.109536 -11.934868
v -20.160002 0.109536 -10.653284
v -20.160002 2.828076 -10.653284
v -20.160002 0.109536 -13.428617
v -20.160002 2.828076 -13.428617
v -20.160002 0.109536 -12.090788
v -20.160002 2.828076 -12.090788
v -20.158175 1.167137 -10.720386
v -20.314629 1.167137 -10.720386
v -20.158175 1.569747 -10.720386
v -20.314629 1.569747 -10.720386
v -20.158175 1.167137 -10.317776
v -20.314629 1.167137 -10.317776
v -20.158175 1.569747 -10.317776
v -20.314629 1.569747 -10.317776
v -20.457544 0.000000 -7.531517
v -20.457544 0.000000 -6.948607
v -20.457544 2.741002 -7.531517
v -20.457544 2.741002 -6.948607
v -19.874636 0.000000 -7.531517
v -19.874636 0.000000 -6.948607
v -19.874636 2.741002 -7.531517
v -19.874636 2.741002 -6.948607
v -20.457548 0.000000 -13.506570
v -20.457548 0.000000 -14.089482
v -20.457548 2.741002 -13.506570
v -20.457548 2.741002 -14.089482
v -19.874638 0.000000 -13.506570
v -19.874638 0.000000 -14.089482
v -19.874638 2.741002 -13.506570
v -19.874638 2.741002 -14.089482
v 20.289356 0.000000 -29.632961
v 20.289356 2.937612 -29.632961
v 20.042826 0.000000 -29.632961
v 20.042826 2.937612 -29.632961
v 20.289358 0.000000 -26.645470
v 20.289358 2.937612 -26.645470
v 20.042826 0.000000 -26.645470
v 20.042826 2.937612 -26.645470
v 20.289358 0.000000 -28.139212
v 20.042826 2.937612 -28.139212
v 20.289358 2.937612 -28.139212
v 20.042826 0.000000 -28.139212
v 20.289358 0.109536 -28.061253
v 20.289358 2.828076 -28.061253
v 20.289358 2.828076 -26.779675
v 20.289358 0.109536 -26.779675
v 20.289356 0.109536 -29.555000
v 20.289356 2.828076 -29.555000
v 20.289358 2.828076 -28.217178
v 20.289358 0.109536 -28.217178
v 20.160013 2.828076 -28.061253
v 20.160013 0.109536 -28.061253
v 20.160013 0.109536 -26.779675
v 20.160013 2.828076 -26.779675
v 20.160011 0.109536 -29.555000
v 20.160011 2.828076 -29.555000
v 20.160013 0.109536 -28.217178
v 20.160013 2.828076 -28.217178
v 20.289360 0.000000 -23.657969
v 20.289360 2.937612 -23.657969
v 20.042828 0.000000 -23.657969
v 20.042828 2.937612 -23.657969
v 20.289358 0.000000 -25.151722
v 20.042826 2.937612 -25.151722
v 20.289358 2.937612 -25.151722
v 20.042826 0.000000 -25.151722
v 20.289358 0.109536 -25.229689
v 20.289358 2.828076 -25.229689
v 20.289358 2.828076 -26.511259
v 20.289358 0.109536 -26.511259
v 20.289360 0.109536 -23.735937
v 20.289360 2.828076 -23.735937
v 20.289358 2.828076 -25.073755
v 20.289358 0.109536 -25.073755
v 20.160013 2.828076 -25.229689
v 20.160013 0.109536 -25.229689
v 20.160013 0.109536 -26.511259
v 20.160013 2.828076 -26.511259
v 20.160015 0.109536 -23.735937
v 20.160015 2.828076 -23.735937
v 20.160013 0.109536 -25.073755
v 20.160013 2.828076 -25.073755
v 20.158186 1.167134 -26.444164
v 20.314644 1.167134 -26.444164
v 20.158186 1.569744 -26.444164
v 20.314644 1.569744 -26.444164
v 20.158186 1.167134 -26.846777
v 20.314644 1.167134 -26.846777
v 20.158186 1.569744 -26.846777
v 20.314644 1.569744 -26.846777
v 20.457558 0.000000 -29.633028
v 20.457558 0.000000 -30.215942
v 20.457558 2.741002 -29.633028
v 20.457558 2.741002 -30.215942
v 19.874651 0.000000 -29.633028
v 19.874651 0.000000 -30.215942
v 19.874651 2.741002 -29.633028
v 19.874651 2.741002 -30.215942
v 20.457561 0.000000 -23.657976
v 20.457561 0.000000 -23.075064
v 20.457561 2.740998 -23.657976
v 20.457561 2.740998 -23.075064
v 19.874653 0.000000 -23.657976
v 19.874653 0.000000 -23.075064
v 19.874653 2.740998 -23.657976
v 19.874653 2.740998 -23.075064
v 20.289364 0.000000 -15.321287
v 20.289364 2.937612 -15.321287
v 20.042831 0.000000 -15.321287
v 20.042831 2.937612 -15.321287
v 20.289364 0.000000 -12.333789
v 20.289364 2.937612 -12.333789
v 20.042831 0.000000 -12.333789
v 20.042831 2.937612 -12.333789
v 20.289364 0.000000 -13.827538
v 20.042831 2.937612 -13.827538
v 20.289364 2.937612 -13.827538
v 20.042831 0.000000 -13.827538
v 20.289364 0.109536 -13.749578
v 20.289364 2.828076 -13.749578
v 20.289364 2.828076 -12.468000
v 20.289364 0.109536 -12.468000
v 20.289364 0.109536 -15.243323
v 20.289364 2.828076 -15.243323
v 20.289364 2.828076 -13.905501
v 20.289364 0.109536 -13.905501
v 20.160019 2.828076 -13.749578
v 20.160019 0.109536 -13.749578
v 20.160019 0.109536 -12.468000
v 20.160019 2.828076 -12.468000
v 20.160019 0.109536 -15.243323
v 20.160019 2.828076 -15.243323
v 20.160019 0.109536 -13.905501
v 20.160019 2.828076 -13.905501
v 20.289364 0.000000 -9.346295
v 20.289364 2.937612 -9.346295
v 20.042833 0.000000 -9.346295
v 20.042833 2.937612 -9.346295
v 20.289364 0.000000 -10.840044
v 20.042833 2.937612 -10.840044
v 20.289364 2.937612 -10.840044
v 20.042833 0.000000 -10.840044
v 20.289364 0.109536 -10.918008
v 20.289364 2.828076 -10.918008
v 20.289364 2.828076 -12.199588
v 20.289364 0.109536 -12.199588
v 20.289364 0.109536 -9.424262
v 20.289364 2.828076 -9.424262
v 20.289364 2.828076 -10.762084
v 20.289364 0.109536 -10.762084
v 20.160021 2.828076 -10.918008
v 20.160021 0.109536 -10.918008
v 20.160019 0.109536 -12.199588
v 20.160019 2.828076 -12.199588
v 20.160021 0.109536 -9.424262
v 20.160021 2.828076 -9.424262
v 20.160021 0.109536 -10.762084
v 20.160021 2.828076 -10.762084
v 20.158192 1.167134 -12.132489
v 20.314650 1.167134 -12.132489
v 20.158192 1.569744 -12.132489
v 20.314650 1.569744 -12.132489
v 20.158192 1.167134 -12.535096
v 20.314650 1.167134 -12.535096
v 20.158192 1.569744 -12.535096
v 20.314650 1.569744 -12.535096
v 20.457565 0.000000 -15.321355
v 20.457565 0.000000 -15.904264
v 20.457565 2.741002 -15.321355
v 20.457565 2.741002 -15.904264
v 19.874657 0.000000 -15.321355
v 19.874657 0.000000 -15.904264
v 19.874657 2.741002 -15.321355
v 19.874657 2.741002 -15.904264
v 20.457567 0.000000 -9.346302
v 20.457567 0.000000 -8.763390
v 20.457567 2.741002 -9.346302
v 20.457567 2.741002 -8.763390
v 19.874659 0.000000 -9.346302
v 19.874659 0.000000 -8.763390
v 19.874659 2.741002 -9.346302
v 19.874659 2.741002 -8.763390
v 6.917665 0.000000 0.190510
v 6.917665 2.937612 0.190510
v 6.671134 0.000000 0.190510
v 6.671134 2.937612 0.190510
v 6.917665 0.000000 3.178004
v 6.917665 2.937612 3.178004
v 6.671135 0.000000 3.178004
v 6.671135 2.937612 3.178004
v 6.917665 0.000000 1.684255
v 6.671134 2.937612 1.684255
v 6.917665 2.937612 1.684255
v 6.671134 0.000000 1.684255
v 6.917665 0.109536 1.762219
v 6.917665 2.828076 1.762219
v 6.917665 2.828076 3.043800
v 6.917665 0.109536 3.043796
v 6.917665 0.109536 0.268470
v 6.917665 2.828076 0.268470
v 6.917665 2.828076 1.606295
v 6.917665 0.109536 1.606295
v 6.788322 2.828076 1.762219
v 6.788322 0.109536 1.762219
v 6.788323 0.109536 3.043796
v 6.788323 2.828076 3.043800
v 6.788322 0.109536 0.268470
v 6.788322 2.828076 0.268470
v 6.788322 0.109536 1.606295
v 6.788322 2.828076 1.606295
v 6.917666 0.000000 6.165500
v 6.917666 2.937612 6.165500
v 6.671135 0.000000 6.165500
v 6.671135 2.937612 6.165500
v 6.917666 0.000000 4.671753
v 6.671135 2.937612 4.671753
v 6.917666 2.937612 4.671753
v 6.671135 0.000000 4.671753
v 6.917666 0.109536 4.593793
v 6.917666 2.828076 4.593793
v 6.917665 2.828076 3.312212
v 6.917665 0.109536 3.312209
v 6.917666 0.109536 6.087540
v 6.917666 2.828076 6.087540
v 6.917666 2.828076 4.749715
v 6.917666 0.109536 4.749715
v 6.788324 2.828076 4.593793
v 6.788324 0.109536 4.593793
v 6.788323 0.109536 3.312209
v 6.788323 2.828076 3.312212
v 6.788324 0.109536 6.087540
v 6.788324 2.828076 6.087540
v 6.788324 0.109536 4.749715
v 6.788324 2.828076 4.749715
v 6.786498 1.167134 3.379311
v 6.942952 1.167134 3.379311
v 6.786498 1.569744 3.379311
v 6.942952 1.569744 3.379311
v 6.786498 1.167134 2.976701
v 6.942952 1.167134 2.976701
v 6.786498 1.569744 2.976701
v 6.942952 1.569744 2.976701
v 7.085869 0.000000 0.190442
v 7.085868 0.000000 -0.392467
v 7.085869 2.741002 0.190442
v 7.085868 2.741002 -0.392467
v 6.502959 0.000000 0.190439
v 6.502958 0.000000 -0.392467
v 6.502959 2.741002 0.190442
v 6.502958 2.741002 -0.392467
v 7.085870 0.000000 6.165498
v 7.085871 0.000000 6.748406
v 7.085870 2.741002 6.165498
v 7.085871 2.741002 6.748406
v 6.502961 0.000000 6.165498
v 6.502962 0.000000 6.748406
v 6.502961 2.741002 6.165498
v 6.502962 2.741002 6.748406
v 6.917670 0.000000 26.462337
v 6.917670 2.937612 26.462337
v 6.671142 0.000000 26.462337
v 6.671142 2.937612 26.462337
v 6.917672 0.000000 23.474844
v 6.917672 2.937612 23.474844
v 6.671143 0.000000 23.474844
v 6.671143 2.937612 23.474844
v 6.917672 0.000000 24.968588
v 6.671143 2.937612 24.968588
v 6.917672 2.937612 24.968588
v 6.671143 0.000000 24.968588
v 6.917672 0.109536 24.890629
v 6.917672 2.828076 24.890629
v 6.917672 2.828076 23.609051
v 6.917672 0.109536 23.609051
v 6.917670 0.109536 26.384377
v 6.917670 2.828076 26.384377
v 6.917672 2.828076 25.046549
v 6.917672 0.109536 25.046549
v 6.788332 2.828076 24.890629
v 6.788332 0.109536 24.890629
v 6.788332 0.109536 23.609051
v 6.788332 2.828076 23.609051
v 6.788331 0.109536 26.384377
v 6.788331 2.828076 26.384377
v 6.788332 0.109536 25.046549
v 6.788332 2.828076 25.046549
v 6.917670 0.000000 20.487349
v 6.917670 2.937612 20.487349
v 6.671142 0.000000 20.487349
v 6.671142 2.937612 20.487349
v 6.917671 0.000000 21.981094
v 6.671143 2.937612 21.981094
v 6.917671 2.937612 21.981094
v 6.671143 0.000000 21.981094
v 6.917671 0.109536 22.059055
v 6.917671 2.828076 22.059055
v 6.917672 2.828076 23.340635
v 6.917672 0.109536 23.340635
v 6.917670 0.109536 20.565310
v 6.917670 2.828076 20.565310
v 6.917671 2.828076 21.903133
v 6.917671 0.109536 21.903133
v 6.788331 2.828076 22.059055
v 6.788331 0.109536 22.059055
v 6.788332 0.109536 23.340635
v 6.788332 2.828076 23.340635
v 6.788331 0.109536 20.565310
v 6.788331 2.828076 20.565310
v 6.788331 0.109536 21.903133
v 6.788331 2.828076 21.903133
v 6.786504 1.167134 23.273537
v 6.942961 1.167134 23.273537
v 6.786504 1.569744 23.273537
v 6.942961 1.569744 23.273537
v 6.786504 1.167134 23.676149
v 6.942961 1.167134 23.676149
v 6.786504 1.569744 23.676149
v 6.942961 1.569744 23.676149
v 7.085874 0.000000 26.462408
v 7.085874 0.000000 27.045319
v 7.085874 2.740998 26.462408
v 7.085874 2.741002 27.045319
v 6.502965 0.000000 26.462408
v 6.502965 0.000000 27.045319
v 6.502965 2.741002 26.462408
v 6.502965 2.741002 27.045319
v 7.085876 0.000000 20.487350
v 7.085876 0.000000 19.904442
v 7.085876 2.741002 20.487350
v 7.085876 2.741002 19.904442
v 6.502967 0.000000 20.487350
v 6.502967 0.000000 19.904442
v 6.502967 2.741002 20.487350
v 6.502967 2.741002 19.904442
v 6.155828 5.221009 32.857471
v 6.155828 5.447124 32.857471
v -20.193140 5.220975 6.270507
v -20.193140 5.447090 6.270352
v 6.821464 5.447124 7.303098
v 6.821464 5.221009 7.303098
v -20.193140 5.447124 32.191849
v -20.193140 5.221009 32.191849
v 6.821464 5.221009 6.266717
v 6.821464 5.447124 6.266718
v 6.377245 5.447124 7.853802
v 6.377245 5.221009 7.853802
v 6.155828 5.447124 32.413239
v 6.155828 5.221009 32.413239
v -20.193140 5.221009 32.857471
v -20.193140 5.447124 32.857471
v 6.821464 5.447124 32.857471
v 6.821464 5.221009 32.857471
v 6.821464 5.221009 32.191849
v 6.821464 5.447124 32.191849
v -20.193140 5.221043 7.857830
v -20.193140 5.447158 7.857676
v -19.527506 5.221009 32.857471
v -19.527506 5.447124 32.857471
v -19.748920 5.221009 32.191849
v -19.748920 5.447124 32.191849
v 6.377245 5.447124 32.191849
v 6.377245 5.221009 32.191849
v 6.821464 5.221009 7.853802
v 6.821464 5.447124 7.853802
v -19.748920 5.221043 7.857830
v -19.748920 5.447158 7.857676
v -19.527506 5.447124 32.413239
v -19.527506 5.221009 32.413239
v 5.914881 5.447124 6.266718
v 5.914881 5.221009 6.266717
v -20.193140 5.447124 7.306945
v -20.193140 5.221009 7.307099
v -19.286552 5.220975 6.270507
v -19.286552 5.447090 6.270352
v 6.270746 5.221009 32.742550
v 6.270746 5.447124 32.742550
v -20.078224 5.221009 6.385425
v -20.078224 5.447124 6.385270
v 6.706546 5.447124 7.303098
v 6.706546 5.221009 7.303098
v -20.078224 5.447124 32.306767
v -20.078224 5.221009 32.306767
v 6.706546 5.221009 6.381635
v 6.706546 5.447124 6.381636
v 6.262327 5.447124 7.738884
v 6.262327 5.221009 7.738884
v 6.270746 5.447124 32.298317
v 6.270746 5.221009 32.298317
v -20.078224 5.221009 32.742550
v -20.078224 5.447124 32.742550
v 6.706546 5.447124 32.742550
v 6.706546 5.221009 32.742550
v 6.706546 5.221009 32.306767
v 6.706546 5.447124 32.306767
v -20.078224 5.221009 7.742912
v -20.078224 5.447124 7.742758
v -19.642424 5.221009 32.742550
v -19.642424 5.447124 32.742550
v -19.634005 5.221009 32.306767
v -19.634005 5.447124 32.306767
v 6.262327 5.447124 32.306767
v 6.262327 5.221009 32.306767
v 6.706546 5.221009 7.738884
v 6.706546 5.447124 7.738884
v -19.634005 5.221009 7.742912
v -19.634005 5.447124 7.742758
v -19.642424 5.447124 32.298317
v -19.642424 5.221009 32.298317
v 5.914881 5.447124 6.381636
v 5.914881 5.221009 6.381635
v -20.078224 5.447124 7.306945
v -20.078224 5.221009 7.307099
v -19.286552 5.221009 6.385425
v -19.286552 5.447124 6.385270
v 6.155828 8.566381 32.857471
v 6.155828 8.792496 32.857471
v -20.193140 8.566346 6.270507
v -20.193140 8.792461 6.270352
v 6.821464 8.792496 7.303098
v 6.821464 8.566381 7.303098
v -20.193140 8.792496 32.191849
v -20.193140 8.566381 32.191849
v 6.821464 8.566381 6.266717
v 6.821464 8.792496 6.266718
v 6.377245 8.792496 7.853802
v 6.377245 8.566381 7.853802
v 6.155828 8.792496 32.413239
v 6.155828 8.566381 32.413239
v -20.193140 8.566381 32.857471
v -20.193140 8.792496 32.857471
v 6.821464 8.792496 32.857471
v 6.821464 8.566381 32.857471
v 6.821464 8.566381 32.191849
v 6.821464 8.792496 32.191849
v -20.193140 8.566415 7.857830
v -20.193140 8.792530 7.857676
v -19.527506 8.566381 32.857471
v -19.527506 8.792496 32.857471
v -19.748920 8.566381 32.191849
v -19.748920 8.792496 32.191849
v 6.377245 8.792496 32.191849
v 6.377245 8.566381 32.191849
v 6.821464 8.566381 7.853802
v 6.821464 8.792496 7.853802
v -19.748920 8.566415 7.857830
v -19.748920 8.792530 7.857676
v -19.527506 8.792496 32.413239
v -19.527506 8.566381 32.413239
v 5.914881 8.792496 6.266718
v 5.914881 8.566381 6.266717
v -20.193140 8.792496 7.306945
v -20.193140 8.566381 7.307099
v -19.286552 8.566346 6.270507
v -19.286552 8.792461 6.270352
v 6.270746 8.566381 32.742550
v 6.270746 8.792496 32.742550
v -20.078224 8.566381 6.385425
v -20.078224 8.792496 6.385270
v 6.706546 8.792496 7.303098
v 6.706546 8.566381 7.303098
v -20.078224 8.792496 32.306767
v -20.078224 8.566381 32.306767
v 6.706546 8.566381 6.381635
v 6.706546 8.792496 6.381636
v 6.262327 8.792496 7.738884
v 6.262327 8.566381 7.738884
v 6.270746 8.792496 32.298317
v 6.270746 8.566381 32.298317
v -20.078224 8.566381 32.742550
v -20.078224 8.792496 32.742550
v 6.706546 8.792496 32.742550
v 6.706546 8.566381 32.742550
v 6.706546 8.566381 32.306767
v 6.706546 8.792496 32.306767
v -20.078224 8.566381 7.742912
v -20.078224 8.792496 7.742758
v -19.642424 8.566381 32.742550
v -19.642424 8.792496 32.742550
v -19.634005 8.566381 32.306767
v -19.634005 8.792496 32.306767
v 6.262327 8.792496 32.306767
v 6.262327 8.566381 32.306767
v 6.706546 8.566381 7.738884
v 6.706546 8.792496 7.738884
v -19.634005 8.566381 7.742912
v -19.634005 8.792496 7.742758
v -19.642424 8.792496 32.298317
v -19.642424 8.566381 32.298317
v 5.914881 8.792496 6.381636
v 5.914881 8.566381 6.381635
v -20.078224 8.792496 7.306945
v -20.078224 8.566381 7.307099
v -19.286552 8.566381 6.385425
v -19.286552 8.792496 6.385270
v 6.155828 11.911752 32.857471
v 6.155828 12.137867 32.857471
v -20.193140 11.911718 6.270507
v -20.193140 12.137836 6.270352
v 6.821464 12.137867 7.303098
v 6.821464 11.911752 7.303098
v -20.193140 12.137867 32.191849
v -20.193140 11.911752 32.191849
v 6.821464 11.911752 6.266717
v 6.821464 12.137867 6.266718
v 6.377245 12.137867 7.853802
v 6.377245 11.911752 7.853802
v 6.155828 12.137867 32.413239
v 6.155828 11.911752 32.413239
v -20.193140 11.911752 32.857471
v -20.193140 12.137867 32.857471
v 6.821464 12.137867 32.857471
v 6.821464 11.911752 32.857471
v 6.821464 11.911752 32.191849
v 6.821464 12.137867 32.191849
v -20.193140 11.911786 7.857830
v -20.193140 12.137901 7.857676
v -19.527506 11.911752 32.857471
v -19.527506 12.137867 32.857471
v -19.748920 11.911752 32.191849
v -19.748920 12.137867 32.191849
v 6.377245 12.137867 32.191849
v 6.377245 11.911752 32.191849
v 6.821464 11.911752 7.853802
v 6.821464 12.137867 7.853802
v -19.748920 11.911786 7.857830
v -19.748920 12.137901 7.857676
v -19.527506 12.137867 32.413239
v -19.527506 11.911752 32.413239
v 5.914881 12.137867 6.266718
v 5.914881 11.911752 6.266717
v -20.193140 12.137867 7.306945
v -20.193140 11.911752 7.307099
v -19.286552 11.911718 6.270507
v -19.286552 12.137836 6.270352
v 6.270746 11.911752 32.742550
v 6.270746 12.137867 32.742550
v -20.078224 11.911752 6.385425
v -20.078224 12.137867 6.385270
v 6.706546 12.137867 7.303098
v 6.706546 11.911752 7.303098
v -20.078224 12.137867 32.306767
v -20.078224 11.911752 32.306767
v 6.706546 11.911752 6.381635
v 6.706546 12.137867 6.381636
v 6.262327 12.137867 7.738884
v 6.262327 11.911752 7.738884
v 6.270746 12.137867 32.298317
v 6.270746 11.911752 32.298317
v -20.078224 11.911752 32.742550
v -20.078224 12.137867 32.742550
v 6.706546 12.137867 32.742550
v 6.706546 11.911752 32.742550
v 6.706546 11.911752 32.306767
v 6.706546 12.137867 32.306767
v -20.078224 11.911752 7.742912
v -20.078224 12.137867 7.742758
v -19.642424 11.911752 32.742550
v -19.642424 12.137867 32.742550
v -19.634005 11.911752 32.306767
v -19.634005 12.137867 32.306767
v 6.262327 12.137867 32.306767
v 6.262327 11.911752 32.306767
v 6.706546 11.911752 7.738884
v 6.706546 12.137867 7.738884
v -19.634005 11.911752 7.742912
v -19.634005 12.137867 7.742758
v -19.642424 12.137867 32.298317
v -19.642424 11.911752 32.298317
v 5.914881 12.137867 6.381636
v 5.914881 11.911752 6.381635
v -20.078224 12.137867 7.306945
v -20.078224 11.911752 7.307099
v -19.286552 11.911752 6.385425
v -19.286552 12.137867 6.385270
v 20.336552 5.793207 -6.783382
v 20.336552 5.512844 -6.783382
v -19.384123 5.512844 -32.667480
v -19.384123 5.793207 -32.667480
v 20.336552 5.793207 -33.111687
v 20.336552 5.512844 -33.111687
v 19.892332 5.512844 -32.159298
v 19.892332 5.793207 -32.159298
v 6.964847 5.793207 -4.909533
v 6.964847 5.512844 -4.909533
v 5.914881 5.512844 -4.909533
v 5.914881 5.793207 -4.909533
v -19.892305 5.512718 -20.169352
v -19.892305 5.793081 -20.169487
v 19.384150 5.512844 -6.275201
v 19.384150 5.793207 -6.275201
v -19.384123 5.512844 -33.111687
v -19.384123 5.793207 -33.111687
v -20.336523 5.793333 -18.295824
v -20.336523 5.512969 -18.295689
v 19.384150 5.793207 -33.111687
v 19.384150 5.512844 -33.111687
v -20.336523 5.512844 -32.159298
v -20.336523 5.793207 -32.159298
v 20.336552 5.512844 -32.159298
v 20.336552 5.793207 -32.159298
v -20.336523 5.793207 -19.475372
v -20.336523 5.512844 -19.475237
v -20.336523 5.512718 -20.169352
v -20.336523 5.793081 -20.169487
v 19.892332 5.793207 -6.783382
v 19.892332 5.512844 -6.783382
v -19.286552 5.793333 -18.295824
v -19.286552 5.512969 -18.295689
v 19.384150 5.512844 -32.667480
v 19.384150 5.793207 -32.667480
v 7.400647 5.793207 -6.275201
v 7.400647 5.512844 -6.275201
v 7.400647 5.512844 -5.830996
v 7.400647 5.793207 -5.830996
v -19.892305 5.793207 -32.159298
v -19.892305 5.512844 -32.159298
v 19.384150 5.793207 -5.830996
v 19.384150 5.512844 -5.830996
v 6.964847 5.512844 -5.830996
v 6.964847 5.793207 -5.830996
v 20.336552 5.512844 -5.830996
v 20.336552 5.793207 -5.830996
v -20.336523 5.793207 -33.111687
v -20.336523 5.512844 -33.111687
v 20.078251 5.793207 -6.525082
v 20.078251 5.512844 -6.525082
v -19.642424 5.512844 -32.409180
v -19.642424 5.793207 -32.409180
v 20.078251 5.793207 -32.853386
v 20.078251 5.512844 -32.853386
v 19.634031 5.512844 -32.417599
v 19.634031 5.793207 -32.417599
v 6.706546 5.793207 -5.167833
v 6.706546 5.512844 -5.167833
v 5.914881 5.512844 -5.167833
v 5.914881 5.793207 -5.167833
v -19.634005 5.512844 -19.911051
v -19.634005 5.793207 -19.911186
v 19.642450 5.512844 -6.533501
v 19.642450 5.793207 -6.533501
v -19.642424 5.512844 -32.853386
v -19.642424 5.793207 -32.853386
v -20.078224 5.793207 -18.554125
v -20.078224 5.512844 -18.553989
v 19.642450 5.793207 -32.853386
v 19.642450 5.512844 -32.853386
v -20.078224 5.512844 -32.417599
v -20.078224 5.793207 -32.417599
v 20.078251 5.512844 -32.417599
v 20.078251 5.793207 -32.417599
v -20.078224 5.793207 -19.475372
v -20.078224 5.512844 -19.475237
v -20.078224 5.512844 -19.911051
v -20.078224 5.793207 -19.911186
v 19.634031 5.793207 -6.525082
v 19.634031 5.512844 -6.525082
v -19.286552 5.793207 -18.554125
v -19.286552 5.512844 -18.553989
v 19.642450 5.512844 -32.409180
v 19.642450 5.793207 -32.409180
v 7.142346 5.793207 -6.533501
v 7.142346 5.512844 -6.533501
v 7.142346 5.512844 -6.089295
v 7.142346 5.793207 -6.089295
v -19.634005 5.793207 -32.417599
v -19.634005 5.512844 -32.417599
v 19.642450 5.793207 -6.089295
v 19.642450 5.512844 -6.089295
v 6.706546 5.512844 -6.089295
v 6.706546 5.793207 -6.089295
v 20.078251 5.512844 -6.089295
v 20.078251 5.793207 -6.089295
v -20.078224 5.793207 -32.853386
v -20.078224 5.512844 -32.853386
v 20.336552 8.987290 -6.783382
v 20.336552 8.706927 -6.783382
v -19.384123 8.706927 -32.667480
v -19.384123 8.987290 -32.667480
v 20.336552 8.987290 -33.111687
v 20.336552 8.706927 -33.111687
v 19.892332 8.706927 -32.159298
v 19.892332 8.987290 -32.159298
v 6.964847 8.987290 -4.909533
v 6.964847 8.706927 -4.909533
v 5.914881 8.706927 -4.909533
v 5.914881 8.987290 -4.909533
v -19.892305 8.706800 -20.169352
v -19.892305 8.987164 -20.169487
v 19.384150 8.706927 -6.275201
v 19.384150 8.987290 -6.275201
v -19.384123 8.706927 -33.111687
v -19.384123 8.987290 -33.111687
v -20.336523 8.987416 -18.295824
v -20.336523 8.707053 -18.295689
v 19.384150 8.987290 -33.111687
v 19.384150 8.706927 -33.111687
v -20.336523 8.706927 -32.159298
v -20.336523 8.987290 -32.159298
v 20.336552 8.706927 -32.159298
v 20.336552 8.987290 -32.159298
v -20.336523 8.987290 -19.475372
v -20.336523 8.706927 -19.475237
v -20.336523 8.706800 -20.169352
v -20.336523 8.987164 -20.169487
v 19.892332 8.987290 -6.783382
v 19.892332 8.706927 -6.783382
v -19.286552 8.987416 -18.295824
v -19.286552 8.707053 -18.295689
v 19.384150 8.706927 -32.667480
v 19.384150 8.987290 -32.667480
v 7.400647 8.987290 -6.275201
v 7.400647 8.706927 -6.275201
v 7.400647 8.706927 -5.830996
v 7.400647 8.987290 -5.830996
v -19.892305 8.987290 -32.159298
v -19.892305 8.706927 -32.159298
v 19.384150 8.987290 -5.830996
v 19.384150 8.706927 -5.830996
v 6.964847 8.706927 -5.830996
v 6.964847 8.987290 -5.830996
v 20.336552 8.706927 -5.830996
v 20.336552 8.987290 -5.830996
v -20.336523 8.987290 -33.111687
v -20.336523 8.706927 -33.111687
v 20.078251 8.987290 -6.525082
v 20.078251 8.706927 -6.525082
v -19.642424 8.706927 -32.409180
v -19.642424 8.987290 -32.409180
v 20.078251 8.987290 -32.853386
v 20.078251 8.706927 -32.853386
v 19.634031 8.706927 -32.417599
v 19.634031 8.987290 -32.417599
v 6.706546 8.987290 -5.167833
v 6.706546 8.706927 -5.167833
v 5.914881 8.706927 -5.167833
v 5.914881 8.987290 -5.167833
v -19.634005 8.706927 -19.911051
v -19.634005 8.987290 -19.911186
v 19.642450 8.706927 -6.533501
v 19.642450 8.987290 -6.533501
v -19.642424 8.706927 -32.853386
v -19.642424 8.987290 -32.853386
v -20.078224 8.987290 -18.554125
v -20.078224 8.706927 -18.553989
v 19.642450 8.987290 -32.853386
v 19.642450 8.706927 -32.853386
v -20.078224 8.706927 -32.417599
v -20.078224 8.987290 -32.417599
v 20.078251 8.706927 -32.417599
v 20.078251 8.987290 -32.417599
v -20.078224 8.987290 -19.475372
v -20.078224 8.706927 -19.475237
v -20.078224 8.706927 -19.911051
v -20.078224 8.987290 -19.911186
v 19.634031 8.987290 -6.525082
v 19.634031 8.706927 -6.525082
v -19.286552 8.987290 -18.554125
v -19.286552 8.706927 -18.553989
v 19.642450 8.706927 -32.409180
v 19.642450 8.987290 -32.409180
v 7.142346 8.987290 -6.533501
v 7.142346 8.706927 -6.533501
v 7.142346 8.706927 -6.089295
v 7.142346 8.987290 -6.089295
v -19.634005 8.987290 -32.417599
v -19.634005 8.706927 -32.417599
v 19.642450 8.987290 -6.089295
v 19.642450 8.706927 -6.089295
v 6.706546 8.706927 -6.089295
v 6.706546 8.987290 -6.089295
v 20.078251 8.706927 -6.089295
v 20.078251 8.987290 -6.089295
v -20.078224 8.987290 -32.853386
v -20.078224 8.706927 -32.853386
v 20.336552 12.181374 -6.783382
v 20.336552 11.901011 -6.783382
v -19.384123 11.901011 -32.667480
v -19.384123 12.181374 -32.667480
v 20.336552 12.181374 -33.111687
v 20.336552 11.901011 -33.111687
v 19.892332 11.901011 -32.159298
v 19.892332 12.181374 -32.159298
v 6.964847 12.181374 -4.909533
v 6.964847 11.901011 -4.909533
v 5.914881 11.901011 -4.909533
v 5.914881 12.181374 -4.909533
v -19.892305 11.900884 -20.169352
v -19.892305 12.181248 -20.169487
v 19.384150 11.901011 -6.275201
v 19.384150 12.181374 -6.275201
v -19.384123 11.901011 -33.111687
v -19.384123 12.181374 -33.111687
v -20.336523 12.181499 -18.295824
v -20.336523 11.901136 -18.295689
v 19.384150 12.181374 -33.111687
v 19.384150 11.901011 -33.111687
v -20.336523 11.901011 -32.159298
v -20.336523 12.181374 -32.159298
v 20.336552 11.901011 -32.159298
v 20.336552 12.181374 -32.159298
v -20.336523 12.181374 -19.475372
v -20.336523 11.901011 -19.475237
v -20.336523 11.900884 -20.169352
v -20.336523 12.181248 -20.169487
v 19.892332 12.181374 -6.783382
v 19.892332 11.901011 -6.783382
v -19.286552 12.181499 -18.295824
v -19.286552 11.901136 -18.295689
v 19.384150 11.901011 -32.667480
v 19.384150 12.181374 -32.667480
v 7.400647 12.181374 -6.275201
v 7.400647 11.901011 -6.275201
v 7.400647 11.901011 -5.830996
v 7.400647 12.181374 -5.830996
v -19.892305 12.181374 -32.159298
v -19.892305 11.901011 -32.159298
v 19.384150 12.181374 -5.830996
v 19.384150 11.901011 -5.830996
v 6.964847 11.901011 -5.830996
v 6.964847 12.181374 -5.830996
v 20.336552 11.901011 -5.830996
v 20.336552 12.181374 -5.830996
v -20.336523 12.181374 -33.111687
v -20.336523 11.901011 -33.111687
v 20.078251 12.181374 -6.525082
v 20.078251 11.901011 -6.525082
v -19.642424 11.901011 -32.409180
v -19.642424 12.181374 -32.409180
v 20.078251 12.181374 -32.853386
v 20.078251 11.901011 -32.853386
v 19.634031 11.901011 -32.417599
v 19.634031 12.181374 -32.417599
v 6.706546 12.181374 -5.167833
v 6.706546 11.901011 -5.167833
v 5.914881 11.901011 -5.167833
v 5.914881 12.181374 -5.167833
v -19.634005 11.901011 -19.911051
v -19.634005 12.181374 -19.911186
v 19.642450 11.901011 -6.533501
v 19.642450 12.181374 -6.533501
v -19.642424 11.901011 -32.853386
v -19.642424 12.181374 -32.853386
v -20.078224 12.181374 -18.554125
v -20.078224 11.901011 -18.553989
v 19.642450 12.181374 -32.853386
v 19.642450 11.901011 -32.853386
v -20.078224 11.901011 -32.417599
v -20.078224 12.181374 -32.417599
v 20.078251 11.901011 -32.417599
v 20.078251 12.181374 -32.417599
v -20.078224 12.181374 -19.475372
v -20.078224 11.901011 -19.475237
v -20.078224 11.901011 -19.911051
v -20.078224 12.181374 -19.911186
v 19.634031 12.181374 -6.525082
v 19.634031 11.901011 -6.525082
v -19.286552 12.181374 -18.554125
v -19.286552 11.901011 -18.553989
v 19.642450 11.901011 -32.409180
v 19.642450 12.181374 -32.409180
v 7.142346 12.181374 -6.533501
v 7.142346 11.901011 -6.533501
v 7.142346 11.901011 -6.089295
v 7.142346 12.181374 -6.089295
v -19.634005 12.181374 -32.417599
v -19.634005 11.901011 -32.417599
v 19.642450 12.181374 -6.089295
v 19.642450 11.901011 -6.089295
v 6.706546 11.901011 -6.089295
v 6.706546 12.181374 -6.089295
v 20.078251 11.901011 -6.089295
v 20.078251 12.181374 -6.089295
v -20.078224 12.181374 -32.853386
v -20.078224 11.901011 -32.853386
v 20.336552 15.375461 -6.783382
v 20.336552 15.095097 -6.783382
v -19.384123 15.095097 -32.667480
v -19.384123 15.375461 -32.667480
v 20.336552 15.375461 -33.111687
v 20.336552 15.095097 -33.111687
v 19.892332 15.095097 -32.159298
v 19.892332 15.375461 -32.159298
v 6.964847 15.375461 -4.909533
v 6.964847 15.095097 -4.909533
v 5.914881 15.095097 -4.909533
v 5.914881 15.375461 -4.909533
v -19.892305 15.094967 -20.169352
v -19.892305 15.375331 -20.169487
v 19.384150 15.095097 -6.275201
v 19.384150 15.375461 -6.275201
v -19.384123 15.095097 -33.111687
v -19.384123 15.375461 -33.111687
v -20.336523 15.375583 -18.295824
v -20.336523 15.095220 -18.295689
v 19.384150 15.375461 -33.111687
v 19.384150 15.095097 -33.111687
v -20.336523 15.095097 -32.159298
v -20.336523 15.375461 -32.159298
v 20.336552 15.095097 -32.159298
v 20.336552 15.375461 -32.159298
v -20.336523 15.375461 -19.475372
v -20.336523 15.095097 -19.475237
v -20.336523 15.094967 -20.169352
v -20.336523 15.375331 -20.169487
v 19.892332 15.375461 -6.783382
v 19.892332 15.095097 -6.783382
v -19.286552 15.375583 -18.295824
v -19.286552 15.095220 -18.295689
v 19.384150 15.095097 -32.667480
v 19.384150 15.375461 -32.667480
v 7.400647 15.375461 -6.275201
v 7.400647 15.095097 -6.275201
v 7.400647 15.095097 -5.830996
v 7.400647 15.375461 -5.830996
v -19.892305 15.375461 -32.159298
v -19.892305 15.095097 -32.159298
v 19.384150 15.375461 -5.830996
v 19.384150 15.095097 -5.830996
v 6.964847 15.095097 -5.830996
v 6.964847 15.375461 -5.830996
v 20.336552 15.095097 -5.830996
v 20.336552 15.375461 -5.830996
v -20.336523 15.375461 -33.111687
v -20.336523 15.095097 -33.111687
v 20.078251 15.375461 -6.525082
v 20.078251 15.095097 -6.525082
v -19.642424 15.095097 -32.409180
v -19.642424 15.375461 -32.409180
v 20.078251 15.375461 -32.853386
v 20.078251 15.095097 -32.853386
v 19.634031 15.095097 -32.417599
v 19.634031 15.375461 -32.417599
v 6.706546 15.375461 -5.167833
v 6.706546 15.095097 -5.167833
v 5.914881 15.095097 -5.167833
v 5.914881 15.375461 -5.167833
v -19.634005 15.095097 -19.911051
v -19.634005 15.375461 -19.911186
v 19.642450 15.095097 -6.533501
v 19.642450 15.375461 -6.533501
v -19.642424 15.095097 -32.853386
v -19.642424 15.375461 -32.853386
v -20.078224 15.375461 -18.554125
v -20.078224 15.095097 -18.553989
v 19.642450 15.375461 -32.853386
v 19.642450 15.095097 -32.853386
v -20.078224 15.095097 -32.417599
v -20.078224 15.375461 -32.417599
v 20.078251 15.095097 -32.417599
v 20.078251 15.375461 -32.417599
v -20.078224 15.375461 -19.475372
v -20.078224 15.095097 -19.475237
v -20.078224 15.095097 -19.911051
v -20.078224 15.375461 -19.911186
v 19.634031 15.375461 -6.525082
v 19.634031 15.095097 -6.525082
v -19.286552 15.375461 -18.554125
v -19.286552 15.095097 -18.553989
v 19.642450 15.095097 -32.409180
v 19.642450 15.375461 -32.409180
v 7.142346 15.375461 -6.533501
v 7.142346 15.095097 -6.533501
v 7.142346 15.095097 -6.089295
v 7.142346 15.375461 -6.089295
v -19.634005 15.375461 -32.417599
v -19.634005 15.095097 -32.417599
v 19.642450 15.375461 -6.089295
v 19.642450 15.095097 -6.089295
v 6.706546 15.095097 -6.089295
v 6.706546 15.375461 -6.089295
v 20.078251 15.095097 -6.089295
v 20.078251 15.375461 -6.089295
v -20.078224 15.375461 -32.853386
v -20.078224 15.095097 -32.853386
v 20.336552 18.569544 -6.783382
v 20.336552 18.289181 -6.783382
v -19.384123 18.289181 -32.667480
v -19.384123 18.569544 -32.667480
v 20.336552 18.569544 -33.111687
v 20.336552 18.289181 -33.111687
v 19.892332 18.289181 -32.159298
v 19.892332 18.569544 -32.159298
v 6.964847 18.569544 -4.909533
v 6.964847 18.289181 -4.909533
v 5.914881 18.289181 -4.909533
v 5.914881 18.569544 -4.909533
v -19.892305 18.289055 -20.169352
v -19.892305 18.569418 -20.169487
v 19.384150 18.289181 -6.275201
v 19.384150 18.569544 -6.275201
v -19.384123 18.289181 -33.111687
v -19.384123 18.569544 -33.111687
v -20.336523 18.569670 -18.295824
v -20.336523 18.289307 -18.295689
v 19.384150 18.569544 -33.111687
v 19.384150 18.289181 -33.111687
v -20.336523 18.289181 -32.159298
v -20.336523 18.569544 -32.159298
v 20.336552 18.289181 -32.159298
v 20.336552 18.569544 -32.159298
v -20.336523 18.569544 -19.475372
v -20.336523 18.289181 -19.475237
v -20.336523 18.289055 -20.169352
v -20.336523 18.569418 -20.169487
v 19.892332 18.569544 -6.783382
v 19.892332 18.289181 -6.783382
v -19.286552 18.569670 -18.295824
v -19.286552 18.289307 -18.295689
v 19.384150 18.289181 -32.667480
v 19.384150 18.569544 -32.667480
v 7.400647 18.569544 -6.275201
v 7.400647 18.289181 -6.275201
v 7.400647 18.289181 -5.830996
v 7.400647 18.569544 -5.830996
v -19.892305 18.569544 -32.159298
v -19.892305 18.289181 -32.159298
v 19.384150 18.569544 -5.830996
v 19.384150 18.289181 -5.830996
v 6.964847 18.289181 -5.830996
v 6.964847 18.569544 -5.830996
v 20.336552 18.289181 -5.830996
v 20.336552 18.569544 -5.830996
v -20.336523 18.569544 -33.111687
v -20.336523 18.289181 -33.111687
v 20.078251 18.569544 -6.525082
v 20.078251 18.289181 -6.525082
v -19.642424 18.289181 -32.409180
v -19.642424 18.569544 -32.409180
v 20.078251 18.569544 -32.853386
v 20.078251 18.289181 -32.853386
v 19.634031 18.289181 -32.417599
v 19.634031 18.569544 -32.417599
v 6.706546 18.569544 -5.167833
v 6.706546 18.289181 -5.167833
v 5.914881 18.289181 -5.167833
v 5.914881 18.569544 -5.167833
v -19.634005 18.289181 -19.911051
v -19.634005 18.569544 -19.911186
v 19.642450 18.289181 -6.533501
v 19.642450 18.569544 -6.533501
v -19.642424 18.289181 -32.853386
v -19.642424 18.569544 -32.853386
v -20.078224 18.569544 -18.554125
v -20.078224 18.289181 -18.553989
v 19.642450 18.569544 -32.853386
v 19.642450 18.289181 -32.853386
v -20.078224 18.289181 -32.417599
v -20.078224 18.569544 -32.417599
v 20.078251 18.289181 -32.417599
v 20.078251 18.569544 -32.417599
v -20.078224 18.569544 -19.475372
v -20.078224 18.289181 -19.475237
v -20.078224 18.289181 -19.911051
v -20.078224 18.569544 -19.911186
v 19.634031 18.569544 -6.525082
v 19.634031 18.289181 -6.525082
v -19.286552 18.569544 -18.554125
v -19.286552 18.289181 -18.553989
v 19.642450 18.289181 -32.409180
v 19.642450 18.569544 -32.409180
v 7.142346 18.569544 -6.533501
v 7.142346 18.289181 -6.533501
v 7.142346 18.289181 -6.089295
v 7.142346 18.569544 -6.089295
v -19.634005 18.569544 -32.417599
v -19.634005 18.289181 -32.417599
v 19.642450 18.569544 -6.089295
v 19.642450 18.289181 -6.089295
v 6.706546 18.289181 -6.089295
v 6.706546 18.569544 -6.089295
v 20.078251 18.289181 -6.089295
v 20.078251 18.569544 -6.089295
v -20.078224 18.569544 -32.853386
v -20.078224 18.289181 -32.853386
v 20.336552 21.763626 -6.783382
v 20.336552 21.483263 -6.783382
v -19.384123 21.483263 -32.667480
v -19.384123 21.763626 -32.667480
v 20.336552 21.763626 -33.111687
v 20.336552 21.483263 -33.111687
v 19.892332 21.483263 -32.159298
v 19.892332 21.763626 -32.159298
v 6.964847 21.763626 -4.909533
v 6.964847 21.483263 -4.909533
v 5.914881 21.483263 -4.909533
v 5.914881 21.763626 -4.909533
v -19.892305 21.483137 -20.169352
v -19.892305 21.763500 -20.169487
v 19.384150 21.483263 -6.275201
v 19.384150 21.763626 -6.275201
v -19.384123 21.483263 -33.111687
v -19.384123 21.763626 -33.111687
v -20.336523 21.763752 -18.295824
v -20.336523 21.483389 -18.295689
v 19.384150 21.763626 -33.111687
v 19.384150 21.483263 -33.111687
v -20.336523 21.483263 -32.159298
v -20.336523 21.763626 -32.159298
v 20.336552 21.483263 -32.159298
v 20.336552 21.763626 -32.159298
v -20.336523 21.763626 -19.475372
v -20.336523 21.483263 -19.475237
v -20.336523 21.483137 -20.169352
v -20.336523 21.763500 -20.169487
v 19.892332 21.763626 -6.783382
v 19.892332 21.483263 -6.783382
v -19.286552 21.763752 -18.295824
v -19.286552 21.483389 -18.295689
v 19.384150 21.483263 -32.667480
v 19.384150 21.763626 -32.667480
v 7.400647 21.763626 -6.275201
v 7.400647 21.483263 -6.275201
v 7.400647 21.483263 -5.830996
v 7.400647 21.763626 -5.830996
v -19.892305 21.763626 -32.159298
v -19.892305 21.483263 -32.159298
v 19.384150 21.763626 -5.830996
v 19.384150 21.483263 -5.830996
v 6.964847 21.483263 -5.830996
v 6.964847 21.763626 -5.830996
v 20.336552 21.483263 -5.830996
v 20.336552 21.763626 -5.830996
v -20.336523 21.763626 -33.111687
v -20.336523 21.483263 -33.111687
v 20.078251 21.763626 -6.525082
v 20.078251 21.483263 -6.525082
v -19.642424 21.483263 -32.409180
v -19.642424 21.763626 -32.409180
v 20.078251 21.763626 -32.853386
v 20.078251 21.483263 -32.853386
v 19.634031 21.483263 -32.417599
v 19.634031 21.763626 -32.417599
v 6.706546 21.763626 -5.167833
v 6.706546 21.483263 -5.167833
v 5.914881 21.483263 -5.167833
v 5.914881 21.763626 -5.167833
v -19.634005 21.483263 -19.911051
v -19.634005 21.763626 -19.911186
v 19.642450 21.483263 -6.533501
v 19.642450 21.763626 -6.533501
v -19.642424 21.483263 -32.853386
v -19.642424 21.763626 -32.853386
v -20.078224 21.763626 -18.554125
v -20.078224 21.483263 -18.553989
v 19.642450 21.763626 -32.853386
v 19.642450 21.483263 -32.853386
v -20.078224 21.483263 -32.417599
v -20.078224 21.763626 -32.417599
v 20.078251 21.483263 -32.417599
v 20.078251 21.763626 -32.417599
v -20.078224 21.763626 -19.475372
v -20.078224 21.483263 -19.475237
v -20.078224 21.483263 -19.911051
v -20.078224 21.763626 -19.911186
v 19.634031 21.763626 -6.525082
v 19.634031 21.483263 -6.525082
v -19.286552 21.763626 -18.554125
v -19.286552 21.483263 -18.553989
v 19.642450 21.483263 -32.409180
v 19.642450 21.763626 -32.409180
v 7.142346 21.763626 -6.533501
v 7.142346 21.483263 -6.533501
v 7.142346 21.483263 -6.089295
v 7.142346 21.763626 -6.089295
v -19.634005 21.763626 -32.417599
v -19.634005 21.483263 -32.417599
v 19.642450 21.763626 -6.089295
v 19.642450 21.483263 -6.089295
v 6.706546 21.483263 -6.089295
v 6.706546 21.763626 -6.089295
v 20.078251 21.483263 -6.089295
v 20.078251 21.763626 -6.089295
v -20.078224 21.763626 -32.853386
v -20.078224 21.483263 -32.853386
v -8.139260 44.718651 -20.648067
v -8.139260 47.114883 -20.648067
v -8.139260 44.718651 -20.446972
v -8.139260 47.114883 -20.446972
v -5.702335 44.718651 -20.648067
v -5.702335 47.114883 -20.648067
v -5.702335 44.718651 -20.446970
v -5.702335 47.114883 -20.446970
v -6.920798 44.718651 -20.648067
v -6.920798 47.114883 -20.446972
v -6.920798 47.114883 -20.648067
v -6.920798 44.718651 -20.446972
v -6.857203 44.807999 -20.648067
v -6.857203 47.025536 -20.648067
v -5.811808 47.025536 -20.648067
v -5.811808 44.807999 -20.648067
v -8.075666 44.807999 -20.648067
v -8.075666 47.025536 -20.648067
v -6.984392 47.025536 -20.648067
v -6.984392 44.807999 -20.648067
v -6.857203 47.025536 -20.542562
v -6.857203 44.807999 -20.542562
v -5.811808 44.807999 -20.542562
v -5.811808 47.025536 -20.542562
v -8.075666 44.807999 -20.542562
v -8.075666 47.025536 -20.542562
v -6.984392 44.807999 -20.542562
v -6.984392 47.025536 -20.542562
v -3.265410 44.718651 -20.648067
v -3.265410 47.114883 -20.648067
v -3.265410 44.718651 -20.446970
v -3.265410 47.114883 -20.446970
v -4.483873 44.718651 -20.648067
v -4.483873 47.114883 -20.446970
v -4.483873 47.114883 -20.648067
v -4.483873 44.718651 -20.446970
v -4.547467 44.807999 -20.648067
v -4.547467 47.025536 -20.648067
v -5.592863 47.025536 -20.648067
v -5.592863 44.807999 -20.648067
v -3.329005 44.807999 -20.648067
v -3.329005 47.025536 -20.648067
v -4.420279 47.025536 -20.648067
v -4.420279 44.807999 -20.648067
v -4.547467 47.025536 -20.542562
v -4.547467 44.807999 -20.542562
v -5.592863 44.807999 -20.542562
v -5.592863 47.025536 -20.542562
v -3.329005 44.807999 -20.542562
v -3.329005 47.025536 -20.542562
v -4.420279 44.807999 -20.542562
v -4.420279 47.025536 -20.542562
v -16.765852 44.718651 -20.648148
v -16.765852 47.114883 -20.648148
v -16.765852 44.718651 -20.447052
v -16.765852 47.114883 -20.447052
v -14.328926 44.718651 -20.648148
v -14.328926 47.114883 -20.648148
v -14.328926 44.718651 -20.447052
v -14.328926 47.114883 -20.447052
v -15.547388 44.718651 -20.648148
v -15.547388 47.114883 -20.447052
v -15.547388 47.114883 -20.648148
v -15.547388 44.718651 -20.447052
v -15.483794 44.807999 -20.648148
v -15.483794 47.025536 -20.648148
v -14.438399 47.025536 -20.648148
v -14.438399 44.807999 -20.648148
v -16.702257 44.807999 -20.648148
v -16.702257 47.025536 -20.648148
v -15.610982 47.025536 -20.648148
v -15.610982 44.807999 -20.648148
v -15.483794 47.025536 -20.542643
v -15.483794 44.807999 -20.542643
v -14.438399 44.807999 -20.542643
v -14.438399 47.025536 -20.542643
v -16.702257 44.807999 -20.542643
v -16.702257 47.025536 -20.542643
v -15.610982 44.807999 -20.542643
v -15.610982 47.025536 -20.542643
v -11.892001 44.718651 -20.648148
v -11.892001 47.114883 -20.648148
v -11.892001 44.718651 -20.447052
v -11.892001 47.114883 -20.447052
v -13.110464 44.718651 -20.648148
v -13.110464 47.114883 -20.447052
v -13.110464 47.114883 -20.648148
v -13.110464 44.718651 -20.447052
v -13.174058 44.807999 -20.648148
v -13.174058 47.025536 -20.648148
v -14.219454 47.025536 -20.648148
v -14.219454 44.807999 -20.648148
v -11.955596 44.807999 -20.648148
v -11.955596 47.025536 -20.648148
v -13.046870 47.025536 -20.648148
v -13.046870 44.807999 -20.648148
v -13.174058 47.025536 -20.542643
v -13.174058 44.807999 -20.542643
v -14.219454 44.807999 -20.542643
v -14.219454 47.025536 -20.542643
v -11.955596 44.807999 -20.542643
v -11.955596 47.025536 -20.542643
v -13.046870 44.807999 -20.542643
v -13.046870 47.025536 -20.542643
v 5.361182 44.718651 -20.648153
v 5.361182 47.114883 -20.648153
v 5.361182 44.718651 -20.447056
v 5.361182 47.114883 -20.447056
v 2.924256 44.718651 -20.648151
v 2.924256 47.114883 -20.648151
v 2.924256 44.718651 -20.447054
v 2.924256 47.114883 -20.447054
v 4.142718 44.718651 -20.648151
v 4.142718 47.114883 -20.447056
v 4.142718 47.114883 -20.648151
v 4.142718 44.718651 -20.447056
v 4.079124 44.807999 -20.648151
v 4.079124 47.025536 -20.648151
v 3.033729 47.025536 -20.648151
v 3.033729 44.807999 -20.648151
v 5.297587 44.807999 -20.648153
v 5.297587 47.025536 -20.648153
v 4.206312 47.025536 -20.648151
v 4.206312 44.807999 -20.648151
v 4.079124 47.025536 -20.542646
v 4.079124 44.807999 -20.542646
v 3.033729 44.807999 -20.542646
v 3.033729 47.025536 -20.542646
v 5.297587 44.807999 -20.542646
v 5.297587 47.025536 -20.542646
v 4.206312 44.807999 -20.542646
v 4.206312 47.025536 -20.542646
v 0.487331 44.718651 -20.648151
v 0.487331 47.114883 -20.648151
v 0.487331 44.718651 -20.447054
v 0.487331 47.114883 -20.447054
v 1.705793 44.718651 -20.648151
v 1.705793 47.114883 -20.447054
v 1.705793 47.114883 -20.648151
v 1.705793 44.718651 -20.447054
v 1.769387 44.807999 -20.648151
v 1.769387 47.025536 -20.648151
v 2.814783 47.025536 -20.648151
v 2.814783 44.807999 -20.648151
v 0.550925 44.807999 -20.648151
v 0.550925 47.025536 -20.648151
v 1.642199 47.025536 -20.648151
v 1.642199 44.807999 -20.648151
v 1.769387 47.025536 -20.542646
v 1.769387 44.807999 -20.542646
v 2.814783 44.807999 -20.542646
v 2.814783 47.025536 -20.542646
v 0.550925 44.807999 -20.542646
v 0.550925 47.025536 -20.542646
v 1.642199 44.807999 -20.542646
v 1.642199 47.025536 -20.542646
v 7.687921 44.718651 -13.628433
v 7.687921 47.114883 -13.628433
v 7.889018 44.718651 -13.628433
v 7.889018 47.114883 -13.628433
v 7.687921 44.718651 -16.065357
v 7.687921 47.114883 -16.065357
v 7.889018 44.718651 -16.065357
v 7.889018 47.114883 -16.065357
v 7.687921 44.718651 -14.846895
v 7.889018 47.114883 -14.846895
v 7.687921 47.114883 -14.846895
v 7.889018 44.718651 -14.846895
v 7.687921 44.807999 -14.910489
v 7.687921 47.025536 -14.910489
v 7.687921 47.025536 -15.955885
v 7.687921 44.807999 -15.955885
v 7.687921 44.807999 -13.692027
v 7.687921 47.025536 -13.692027
v 7.687921 47.025536 -14.783300
v 7.687921 44.807999 -14.783300
v 7.793426 47.025536 -14.910489
v 7.793426 44.807999 -14.910489
v 7.793426 44.807999 -15.955885
v 7.793426 47.025536 -15.955885
v 7.793426 44.807999 -13.692027
v 7.793426 47.025536 -13.692027
v 7.793426 44.807999 -14.783300
v 7.793426 47.025536 -14.783300
v 7.687921 44.718651 -18.502283
v 7.687921 47.114883 -18.502283
v 7.889018 44.718651 -18.502283
v 7.889018 47.114883 -18.502283
v 7.687921 44.718651 -17.283821
v 7.889018 47.114883 -17.283821
v 7.687921 47.114883 -17.283821
v 7.889018 44.718651 -17.283821
v 7.687921 44.807999 -17.220226
v 7.687921 47.025536 -17.220226
v 7.687921 47.025536 -16.174831
v 7.687921 44.807999 -16.174831
v 7.687921 44.807999 -18.438688
v 7.687921 47.025536 -18.438688
v 7.687921 47.025536 -17.347416
v 7.687921 44.807999 -17.347416
v 7.793426 47.025536 -17.220226
v 7.793426 44.807999 -17.220226
v 7.793426 44.807999 -16.174831
v 7.793426 47.025536 -16.174831
v 7.793426 44.807999 -18.438688
v 7.793426 47.025536 -18.438688
v 7.793426 44.807999 -17.347416
v 7.793426 47.025536 -17.347416
v 6.293273 58.545380 6.381622
v 6.293273 51.026062 -18.560213
v 6.293273 51.026062 6.381622
v 5.785079 58.545380 6.895318
v -19.156755 58.545364 6.895318
v 5.785079 51.026062 6.895318
v -19.156755 51.026051 6.895318
v -19.716076 51.026062 -18.560213
v -19.716076 51.026051 6.381622
v -19.716076 58.545364 6.381622
v -19.716076 58.545380 -18.560213
v 5.785079 51.026062 -19.047413
v -19.156755 51.026062 -19.047413
v -19.156755 58.545380 -19.047413
v 5.785079 58.545380 -19.047413
v 6.293273 58.545380 -18.560213
v 19.495710 47.281063 -32.171165
v 19.730322 47.199482 -32.290123
v 19.730322 47.199482 -32.433090
v 19.657986 47.199482 -32.217789
v 19.442688 47.199482 -32.433090
v 19.730322 47.281063 -32.433090
v 19.515024 47.199482 -32.217789
v 19.442688 47.199482 -32.290123
v 19.657986 47.199482 -32.505421
v 19.515024 47.199482 -32.505421
v 19.657986 47.281063 -32.505421
v 19.515024 47.281063 -32.505421
v 19.396065 47.281063 -32.452400
v 19.396065 47.281063 -32.270813
v 19.677299 47.281063 -32.171165
v 19.730322 47.281063 -32.290123
v 19.495710 47.281063 -32.552048
v 19.677299 47.281063 -32.552048
v 19.442688 47.281063 -32.433090
v 19.442688 47.281063 -32.290123
v 19.776949 47.281063 -32.452400
v 19.515024 47.281063 -32.217789
v 19.657986 47.281063 -32.217789
v 19.776949 47.281063 -32.270813
v 19.442688 47.643459 -32.433090
v 19.487616 47.688385 -32.414478
v 19.515024 47.643459 -32.505421
v 19.533634 47.688385 -32.460495
v 19.657986 47.643459 -32.505421
v 19.639380 47.688385 -32.460495
v 19.730322 47.643459 -32.433090
v 19.685394 47.688385 -32.414478
v 19.515024 47.643459 -32.217789
v 19.533634 47.688385 -32.262714
v 19.442688 47.643459 -32.290123
v 19.487616 47.688385 -32.308735
v 19.730322 47.643459 -32.290123
v 19.685394 47.688385 -32.308735
v 19.657986 47.643459 -32.217789
v 19.639380 47.688385 -32.262714
v 19.495710 47.199482 -32.552048
v 19.396065 47.199482 -32.452400
v 19.776949 47.199482 -32.452400
v 19.677299 47.199482 -32.552048
v 19.396065 47.199482 -32.270813
v 19.495710 47.199482 -32.171165
v 19.677299 47.199482 -32.171165
v 19.776949 47.199482 -32.270813
v 6.124033 68.136856 -18.799484
v 6.358644 68.055283 -18.918447
v 6.358644 68.055283 -19.061409
v 6.286309 68.055283 -18.846111
v 6.071011 68.055283 -19.061409
v 6.358644 68.136856 -19.061409
v 6.143346 68.055283 -18.846111
v 6.071011 68.055283 -18.918447
v 6.286309 68.055283 -19.133745
v 6.143346 68.055283 -19.133745
v 6.286309 68.136856 -19.133745
v 6.143346 68.136856 -19.133745
v 6.024387 68.136856 -19.080723
v 6.024387 68.136856 -18.899134
v 6.305622 68.136856 -18.799484
v 6.358644 68.136856 -18.918447
v 6.124033 68.136856 -19.180370
v 6.305622 68.136856 -19.180370
v 6.071011 68.136856 -19.061409
v 6.071011 68.136856 -18.918447
v 6.405271 68.136856 -19.080723
v 6.143346 68.136856 -18.846111
v 6.286309 68.136856 -18.846111
v 6.405271 68.136856 -18.899134
v 6.071011 68.499260 -19.061409
v 6.115938 68.544182 -19.042801
v 6.143346 68.499260 -19.133745
v 6.161956 68.544182 -19.088818
v 6.286309 68.499260 -19.133745
v 6.267701 68.544182 -19.088818
v 6.358644 68.499260 -19.061409
v 6.313718 68.544182 -19.042801
v 6.143346 68.499260 -18.846111
v 6.161956 68.544182 -18.891039
v 6.071011 68.499260 -18.918447
v 6.115938 68.544182 -18.937056
v 6.358644 68.499260 -18.918447
v 6.313718 68.544182 -18.937056
v 6.286309 68.499260 -18.846111
v 6.267701 68.544182 -18.891039
v 6.124033 68.055283 -19.180370
v 6.024387 68.055283 -19.080723
v 6.405271 68.055283 -19.080723
v 6.305622 68.055283 -19.180370
v 6.024387 68.055283 -18.899134
v 6.124033 68.055283 -18.799484
v 6.305622 68.055283 -18.799484
v 6.405271 68.055283 -18.899134
v -19.656958 68.136856 -19.188772
v -19.738735 68.055283 -18.938757
v -19.637646 68.055283 -18.837666
v -19.738735 68.055283 -19.041054
v -19.434258 68.055283 -19.041054
v -19.637646 68.136856 -18.837666
v -19.637646 68.055283 -19.142145
v -19.535347 68.055283 -19.142145
v -19.535347 68.055283 -18.837666
v -19.434258 68.055283 -18.938757
v -19.535347 68.136856 -18.837666
v -19.434258 68.136856 -18.938757
v -19.387632 68.136856 -19.060368
v -19.516035 68.136856 -19.188770
v -19.785360 68.136856 -19.060369
v -19.738735 68.136856 -18.938757
v -19.387630 68.136856 -18.919445
v -19.516033 68.136856 -18.791042
v -19.434258 68.136856 -19.041054
v -19.535347 68.136856 -19.142145
v -19.656958 68.136856 -18.791042
v -19.637646 68.136856 -19.142145
v -19.738735 68.136856 -19.041054
v -19.785360 68.136856 -18.919445
v -19.434258 68.499260 -19.041054
v -19.479183 68.544182 -19.022444
v -19.434258 68.499260 -18.938757
v -19.479183 68.544182 -18.957365
v -19.535347 68.499260 -18.837666
v -19.553957 68.544182 -18.882593
v -19.637646 68.499260 -18.837666
v -19.619036 68.544182 -18.882593
v -19.637646 68.499260 -19.142145
v -19.619036 68.544182 -19.097219
v -19.535347 68.499260 -19.142145
v -19.553957 68.544182 -19.097219
v -19.738735 68.499260 -18.938757
v -19.693808 68.544182 -18.957365
v -19.738735 68.499260 -19.041054
v -19.693810 68.544182 -19.022444
v -19.387630 68.055283 -18.919445
v -19.387632 68.055283 -19.060368
v -19.656958 68.055283 -18.791042
v -19.516033 68.055283 -18.791042
v -19.516035 68.055283 -19.188770
v -19.656958 68.055283 -19.188772
v -19.785360 68.055283 -19.060369
v -19.785360 68.055283 -18.919445
v -19.656958 68.136856 6.612496
v -19.738735 68.055283 6.862510
v -19.637646 68.055283 6.963599
v -19.738735 68.055283 6.760212
v -19.434258 68.055283 6.760212
v -19.637646 68.136856 6.963599
v -19.637646 68.055283 6.659122
v -19.535347 68.055283 6.659122
v -19.535347 68.055283 6.963599
v -19.434258 68.055283 6.862510
v -19.535347 68.136856 6.963599
v -19.434258 68.136856 6.862510
v -19.387632 68.136856 6.740900
v -19.516035 68.136856 6.612497
v -19.785360 68.136856 6.740898
v -19.738735 68.136856 6.862510
v -19.387630 68.136856 6.881823
v -19.516033 68.136856 7.010225
v -19.434258 68.136856 6.760212
v -19.535347 68.136856 6.659122
v -19.656958 68.136856 7.010225
v -19.637646 68.136856 6.659122
v -19.738735 68.136856 6.760212
v -19.785360 68.136856 6.881823
v -19.434258 68.499260 6.760212
v -19.479183 68.544182 6.778822
v -19.434258 68.499260 6.862510
v -19.479183 68.544182 6.843900
v -19.535347 68.499260 6.963599
v -19.553957 68.544182 6.918674
v -19.637646 68.499260 6.963599
v -19.619036 68.544182 6.918674
v -19.637646 68.499260 6.659122
v -19.619036 68.544182 6.704049
v -19.535347 68.499260 6.659122
v -19.553957 68.544182 6.704049
v -19.738735 68.499260 6.862510
v -19.693808 68.544182 6.843900
v -19.738735 68.499260 6.760212
v -19.693810 68.544182 6.778822
v -19.387630 68.055283 6.881823
v -19.387632 68.055283 6.740900
v -19.656958 68.055283 7.010225
v -19.516033 68.055283 7.010225
v -19.516035 68.055283 6.612497
v -19.656958 68.055283 6.612496
v -19.785360 68.055283 6.740898
v -19.785360 68.055283 6.881823
v 6.144308 68.136856 6.612496
v 6.062532 68.055283 6.862510
v 6.163621 68.055283 6.963599
v 6.062532 68.055283 6.760212
v 6.367009 68.055283 6.760212
v 6.163621 68.136856 6.963599
v 6.163621 68.055283 6.659122
v 6.265920 68.055283 6.659122
v 6.265920 68.055283 6.963599
v 6.367009 68.055283 6.862510
v 6.265920 68.136856 6.963599
v 6.367009 68.136856 6.862510
v 6.413634 68.136856 6.740900
v 6.285232 68.136856 6.612497
v 6.015906 68.136856 6.740898
v 6.062532 68.136856 6.862510
v 6.413635 68.136856 6.881823
v 6.285233 68.136856 7.010225
v 6.367009 68.136856 6.760212
v 6.265920 68.136856 6.659122
v 6.144308 68.136856 7.010225
v 6.163621 68.136856 6.659122
v 6.062532 68.136856 6.760212
v 6.015906 68.136856 6.881823
v 6.367009 68.499260 6.760212
v 6.322083 68.544182 6.778822
v 6.367009 68.499260 6.862510
v 6.322082 68.544182 6.843900
v 6.265920 68.499260 6.963599
v 6.247309 68.544182 6.918674
v 6.163621 68.499260 6.963599
v 6.182232 68.544182 6.918674
v 6.163621 68.499260 6.659122
v 6.182231 68.544182 6.704049
v 6.265920 68.499260 6.659122
v 6.247310 68.544182 6.704049
v 6.062532 68.499260 6.862510
v 6.107459 68.544182 6.843900
v 6.062532 68.499260 6.760212
v 6.107458 68.544182 6.778822
v 6.413635 68.055283 6.881823
v 6.413634 68.055283 6.740900
v 6.144308 68.055283 7.010225
v 6.285233 68.055283 7.010225
v 6.285232 68.055283 6.612497
v 6.144308 68.055283 6.612496
v 6.015906 68.055283 6.740898
v 6.015906 68.055283 6.881823
vn -1.0000 -0.0000 -0.0000
vn 0.0002 -1.0000 -0.0000
vn 0.0001 -1.0000 -0.0001
vn -0.0000 -1.0000 -0.0000
vn -0.0000 -0.0000 -1.0000
vn -0.0000 1.0000 -0.0000
vn -0.0000 -0.0004 -1.0000
vn -0.0000 -0.0000 1.0000
vn -0.0001 -1.0000 0.0001
vn 1.0000 -0.0000 -0.0000
vn -0.0000 -0.0002 -1.0000
vn -0.0000 1.0000 -0.0002
vn -0.0000 1.0000 -0.0003
vn -0.0000 0.0005 1.0000
vn -0.0000 0.0002 1.0000
vn 0.0002 1.0000 -0.0000
vn 0.0001 1.0000 -0.0001
vn -0.0000 -1.0000 0.0005
vn 0.0003 -1.0000 0.0007
vn -0.0000 -1.0000 0.0002
vn -0.0000 -0.0005 -1.0000
vn -0.0000 1.0000 0.0001
vn 0.0003 1.0000 -0.0001
vn -0.0000 -1.0000 0.0003
vn -0.0000 -1.0000 0.0001
vn 0.0002 1.0000 -0.0005
vn -0.0008 1.0000 -0.0004
vn 0.0002 -1.0000 0.0005
vn -0.0000 0.0004 1.0000
vn -0.0000 -0.0007 -1.0000
vn -0.0000 0.0007 1.0000
vn -0.0001 -1.0000 0.0002
vn 0.0001 1.0000 -0.0002
vn -0.0001 1.0000 -0.0002
vn 0.0001 -1.0000 0.0002
vn -0.0002 -1.0000 0.0001
vn 0.0002 1.0000 -0.0001
vn -0.0001 1.0000 -0.0001
vn -0.0002 1.0000 -0.0002
vn -0.0005 1.0000 -0.0000
vn 0.0002 -1.0000 0.0002
vn -0.0002 -1.0000 0.0003
vn -0.0000 1.0000 -0.0005
vn 0.0002 1.0000 -0.0003
vn -0.0001 1.0000 -0.0003
vn 0.0001 -1.0000 0.0003
vn 0.0002 -1.0000 0.0003
vn -0.0002 1.0000 -0.0003
vn 0.0003 -1.0000 0.0002
vn -0.0003 1.0000 -0.0003
vn -0.0001 1.0000 -0.0000
vn 0.7071 -0.0000 0.7071
vn -0.4999 0.7072 -0.4999
vn -0.7071 -0.0000 -0.7071
vn -0.5000 0.7071 0.5000
vn -0.0000 0.7072 0.7071
vn -0.7071 -0.0000 0.7071
vn 0.7071 -0.0000 -0.7071
vn 0.0001 1.0000 -0.0000
vn 0.5000 0.7071 -0.5000
vn 0.7070 0.7072 -0.0000
vn 0.7071 -0.0000 -0.7072
vn -0.0000 0.7071 -0.7071
vn 0.5000 0.7071 0.5000
vn -0.7071 0.7071 -0.0000
vn -0.4999 0.7072 -0.5000
vn 0.0001 -1.0000 -0.0000
vn -0.0001 -1.0000 -0.0000
vn -0.4999 0.7072 0.5000
vn -0.0000 0.7071 0.7071
vn 0.4999 0.7072 -0.5000
vn 0.7071 0.7071 -0.0000
vn -0.0000 0.7072 -0.7070
vn 0.4999 0.7072 0.5000
vn -0.0000 0.7072 -0.7071
vn -0.5000 0.7071 0.4999
vn 0.5000 0.7072 0.4999
vn -0.7071 0.7071 0.0001
vn -0.0002 -1.0000 -0.0000
vn -0.0002 1.0000 -0.0000
vn -0.7070 0.7072 0.0001
vn 0.5000 0.7072 -0.5000
vn 0.5000 0.7072 0.5000
vn -0.7070 0.7072 -0.0000
vn -0.5000 0.7071 -0.5000
vn 0.4999 0.7072 -0.4999
vn -0.4999 0.7071 -0.5000
vn -0.0000 0.7072 0.7070
vn 0.0003 1.0000 -0.0000
vn -0.0003 1.0000 -0.0000
vn 0.7071 0.7072 -0.0000
vt 1.192712 1.102656
vt 0.261734 1.241903
vt 0.261744 1.264647
vt 0.750387 0.724182
vt 1.249614 0.727342
vt 1.252774 0.724182
vt 0.939851 0.689548
vt 1.799791 0.707164
vt 1.817407 0.689548
vt -0.608897 -0.910341
vt 1.997884 -0.881740
vt 2.026485 -0.910341
vt -0.252773 1.729729
vt 1.249614 1.726570
vt 1.252774 1.729729
vt -0.318439 0.716948
vt 1.318439 0.664993
vt 1.318439 0.716948
vt -0.220057 1.174520
vt -0.220057 1.136404
vt -0.249613 1.136404
vt -0.212894 0.190623
vt 0.713668 -0.685712
vt 0.713668 0.190623
vt 0.750387 1.498749
vt 1.252774 1.456265
vt 1.252774 1.498664
vt -0.249613 1.726570
vt 0.131241 1.245467
vt 0.191715 1.375649
vt 0.191715 1.305941
vt -0.261642 0.215314
vt -0.249613 1.227342
vt -0.261642 1.239370
vt 0.708100 -0.130828
vt 0.678947 0.260477
vt 0.708100 0.260477
vt 0.824135 0.346435
vt -0.250526 0.607290
vt 0.824251 0.607290
vt 1.189770 1.498545
vt 1.192909 1.456456
vt 1.192930 1.498543
vt 0.762415 1.239370
vt 0.716948 0.462596
vt 0.664993 0.392889
vt 0.716948 0.392889
vt -0.358645 -1.012475
vt -0.298189 -1.052469
vt -0.358662 -1.052449
vt -1.538294 -1.216003
vt -1.509694 -1.607308
vt -1.509694 -1.216003
vt -0.314367 -0.653912
vt -0.378913 0.951078
vt -0.378913 -0.718457
vt 0.716948 -0.238938
vt 0.664993 0.151526
vt 0.716948 0.151526
vt 0.291900 0.922430
vt 0.321053 -0.689827
vt 0.291900 -0.689827
vt 1.889067 2.050546
vt 1.828593 1.496596
vt 1.828593 1.990072
vt 0.283052 0.764608
vt 0.335007 0.271132
vt 0.283052 0.271132
vt 1.399181 1.050097
vt -0.298171 1.110570
vt -0.358645 1.050096
vt 1.799791 2.463633
vt 1.817407 2.481250
vt 0.488687 -0.069338
vt 0.517840 0.608354
vt 0.488687 0.608354
vt -0.249613 1.174520
vt 0.283052 1.481784
vt 0.335007 -0.520327
vt 0.283052 -0.520327
vt 2.046185 2.488092
vt 2.028568 0.714006
vt 2.046185 0.696390
vt 0.131242 -1.216003
vt 0.102642 -1.607307
vt 0.131242 -1.635908
vt -0.358645 1.664520
vt 1.338707 1.604047
vt 1.399181 1.664521
vt -1.930120 -0.376760
vt -1.901519 -0.768064
vt -1.930120 -0.796665
vt 0.190623 1.197272
vt -0.685712 1.104651
vt -0.685712 1.197272
vt 0.283052 -0.318439
vt 0.335007 1.318439
vt 0.283052 1.318439
vt 1.318439 0.283052
vt -0.318439 0.335007
vt -0.318439 0.283052
vt 0.904583 1.546269
vt 0.875430 -0.152999
vt 0.904583 -0.152999
vt 1.264061 2.262177
vt 1.689851 2.169555
vt 1.689851 2.262177
vt 1.378913 0.730955
vt -0.378913 0.684305
vt -0.378913 0.730955
vt -0.298171 0.989622
vt 1.338707 0.989623
vt 0.720830 1.136416
vt 0.750387 1.174532
vt 0.750387 1.136416
vt 0.131241 -0.773397
vt 0.191716 -1.163861
vt 0.191715 -0.773397
vt 1.239370 2.881485
vt 0.215314 3.014282
vt 0.215314 2.881485
vt 0.716948 -0.318439
vt 0.664993 1.318439
vt 0.716948 1.318439
vt 1.338707 1.110571
vt -0.251976 0.227332
vt -0.249613 0.261734
vt -0.251976 0.261734
vt 0.283052 -0.267456
vt 0.335007 -0.943142
vt 0.335007 -0.267456
vt 2.026485 -0.204049
vt -0.261642 2.881485
vt 0.762415 3.014282
vt 0.762415 2.881485
vt -0.624430 -0.165357
vt -0.606814 -1.834442
vt -0.606814 -0.165357
vt 1.889067 1.245467
vt 1.828593 1.375649
vt 1.889067 1.436123
vt 0.750387 0.227342
vt 0.762415 0.215314
vt 0.291900 0.384390
vt 0.321053 1.205498
vt 0.291900 1.205498
vt 0.291900 -0.689687
vt 0.321053 0.922210
vt 0.291900 0.922210
vt 2.026485 -0.185649
vt 1.997884 0.492043
vt 2.026485 0.520643
vt 0.664993 1.556214
vt 0.716948 0.045350
vt 0.716948 1.556214
vt -0.722431 0.602334
vt 0.727342 0.500000
vt 0.727342 0.602334
vt 0.752749 0.227342
vt 0.750387 0.261744
vt 0.752749 0.261744
vt 0.131241 2.334104
vt 0.131241 2.050546
vt -0.606814 1.592152
vt -0.624430 1.592152
vt -0.260847 -0.376760
vt -0.200533 -0.736191
vt -0.261034 -0.796665
vt 0.283052 -0.249911
vt 0.335007 1.188640
vt 0.283052 1.188640
vt 0.283052 0.461434
vt 0.335007 0.427479
vt 0.335007 0.461444
vt 0.764061 2.262177
vt 1.264061 2.169555
vt 0.131241 -0.666423
vt 0.191715 -0.626450
vt 0.131241 -0.626450
vt 1.212896 2.262177
vt 0.787106 2.169555
vt 0.787106 2.262177
vt 0.708100 0.260477
vt 0.678947 -0.130828
vt 0.708100 -0.130828
vt 1.399181 0.859441
vt 0.904583 -0.765429
vt 0.875430 -0.087738
vt 0.904583 -0.087738
vt 0.716948 0.764608
vt 0.664993 0.271132
vt 0.716948 0.271132
vt 1.233806 0.520670
vt 0.356250 0.554259
vt 0.356250 0.520670
vt 0.750387 0.602334
vt -0.249613 0.500000
vt 0.750387 0.500000
vt 0.335007 -0.318439
vt 1.190623 3.040820
vt 0.264061 2.948199
vt 0.264061 3.040820
vt 0.708100 0.922478
vt 0.678947 -0.689857
vt 0.708100 -0.689857
vt -0.606814 2.470475
vt 2.028568 2.470475
vt 0.227342 1.136416
vt 0.227342 1.174532
vt -0.724794 1.136416
vt 0.875430 1.546269
vt 0.334766 -0.414791
vt 1.212322 0.927182
vt 0.334766 0.927182
vt 1.997884 -0.185649
vt 0.488687 -0.087738
vt 0.517840 -0.765430
vt 0.488687 -0.765430
vt 0.190623 1.104651
vt 1.021492 0.070447
vt -0.112194 0.331302
vt -0.112194 0.070447
vt 0.750387 0.727342
vt 1.314367 0.886532
vt -0.314367 0.886532
vt 1.496828 -0.071933
vt 1.436699 0.634430
vt 1.497172 0.634401
vt 1.399181 -1.012475
vt -0.298171 -0.952001
vt 1.205206 0.492070
vt 1.233806 -0.910314
vt 0.384851 -0.881714
vt 0.356250 -0.910314
vt 1.887332 0.904583
vt -0.690849 0.875430
vt -0.690849 0.904583
vt 1.010154 1.245467
vt 1.828593 1.305941
vt 0.949680 1.305941
vt 1.396529 -0.260973
vt -0.396530 -0.224634
vt -0.396530 -0.260973
vt 0.752749 1.136416
vt 0.752749 1.174532
vt 1.350312 -0.081905
vt -0.350312 -0.052752
vt -0.350312 -0.081905
vt -0.378913 0.215933
vt 1.350312 0.187333
vt 1.378913 0.215933
vt 1.887332 0.875430
vt 1.318439 0.335007
vt 0.384851 0.488687
vt 1.205206 0.517840
vt 1.205206 0.488687
vt -1.538294 -0.666423
vt 0.750387 -0.722431
vt 0.752749 -0.724794
vt 0.227315 1.136416
vt -0.724794 1.174532
vt 0.716948 -0.560296
vt 0.664993 -0.520323
vt 0.716948 -0.520323
vt -0.252773 1.227312
vt -0.249613 1.192909
vt -0.252773 1.189750
vt 0.715984 2.472423
vt -0.215211 2.753154
vt -0.215211 2.472423
vt 1.314367 1.314367
vt -0.378913 1.378913
vt -0.314367 1.314367
vt 0.270016 0.554381
vt 0.270016 0.520643
vt -0.249613 1.227312
vt -0.251976 0.227315
vt -0.249613 -0.722431
vt -0.251976 -0.724794
vt 1.350312 -0.052752
vt 0.715984 2.403618
vt -0.215211 1.299057
vt 0.715984 1.299057
vt 0.131241 1.436123
vt 1.496474 -0.796665
vt 1.436030 -0.736190
vt -0.249613 0.602334
vt 1.249614 0.500000
vt -0.378913 0.255906
vt -0.853208 2.481250
vt -0.835591 2.463633
vt 0.191715 1.496596
vt 0.191715 1.990072
vt 0.335007 -0.560307
vt 0.283052 -0.560307
vt -0.608897 -0.204049
vt -0.580296 -0.881740
vt 0.283052 -0.318412
vt 0.335007 1.318152
vt 0.283052 1.318152
vt 0.750387 1.227342
vt 1.889067 2.334104
vt -0.318439 0.664993
vt 1.729174 -0.125578
vt 0.916164 -0.190124
vt 1.793720 -0.190124
vt 1.497189 0.668334
vt 1.436715 0.668386
vt 0.283052 0.764609
vt 0.335007 0.271132
vt 0.283052 0.271132
vt -0.249613 0.227342
vt 0.559593 -0.227454
vt -1.127560 -0.263793
vt 1.420889 -0.263793
vt 0.904583 -0.087738
vt 0.875430 -0.765429
vt 0.291900 -0.087729
vt 0.321053 -0.765460
vt 0.291900 -0.765460
vt 0.335007 0.764609
vt -0.174320 -0.229334
vt 1.583189 -0.229334
vt 2.479129 -0.265673
vt -0.298171 1.604046
vt -0.378913 -0.203972
vt -0.350312 0.187333
vt -0.220057 1.456458
vt -0.252773 1.498550
vt -0.252773 1.456453
vt 2.047023 -0.414982
vt -0.588359 0.927249
vt 2.047023 0.927249
vt 0.251491 -0.414873
vt 2.007960 0.927249
vt 0.251491 0.927249
vt -0.260632 0.105819
vt -0.200176 0.065819
vt -0.260650 0.065846
vt 0.713668 0.264061
vt -0.212894 1.190623
vt -0.212894 0.264061
vt 0.664993 0.764608
vt 0.291900 -0.153528
vt 0.321053 -0.544833
vt 0.291900 -0.544833
vt 1.314367 -0.653912
vt 1.378913 0.951078
vt 1.168629 0.696390
vt 1.151012 -0.164906
vt 1.168629 -0.164906
vt 0.980710 -0.125578
vt 0.916164 0.688789
vt -0.252773 1.227332
vt -0.249613 1.192930
vt -0.249613 1.227332
vt -2.028180 -1.012475
vt 1.378913 0.684305
vt -0.777116 1.501799
vt -0.841661 0.688789
vt -0.777116 0.753335
vt 1.227332 1.498552
vt 1.729729 1.456370
vt 1.227312 1.456422
vt -0.853208 -1.858901
vt 0.922235 -1.841284
vt 0.939851 -1.858901
vt 0.261744 2.753154
vt 1.192939 2.472423
vt 0.261744 2.472423
vt 0.517840 -0.087738
vt 0.488687 -0.087738
vt 1.168629 -1.852059
vt -0.624430 -1.852059
vt 0.298617 -0.881741
vt 0.270016 -0.910341
vt -0.212894 2.169555
vt -0.212894 2.262177
vt -0.251976 0.261717
vt -0.249613 0.227315
vt 1.239370 3.014282
vt 0.215314 2.881485
vt -1.538294 -1.193302
vt -1.509694 -0.801997
vt -1.538294 -0.773397
vt 1.151012 -1.834442
vt -0.212894 1.689851
vt -0.212894 1.264061
vt 0.787106 1.264061
vt 0.708100 -0.689857
vt 0.678947 0.922478
vt 0.708100 0.922478
vt 0.716948 -0.649530
vt 0.664993 -1.325161
vt 0.716948 -1.325161
vt 1.729174 1.501799
vt -0.841661 1.566345
vt 2.346197 0.605722
vt 1.525759 0.605798
vt 0.915489 -0.078609
vt 0.368616 0.373160
vt 0.368616 -0.078609
vt 1.793720 1.566345
vt -0.298171 -1.012489
vt -0.624430 2.488092
vt -0.212894 3.040820
vt 0.713668 2.948199
vt 0.713668 3.040820
vt 0.131241 -0.733424
vt 0.716948 0.780589
vt 0.664993 0.022624
vt 0.716948 0.022624
vt 0.713668 1.197272
vt -0.212894 1.104651
vt -0.212894 1.197272
vt 1.338707 -0.952001
vt 0.664993 0.462596
vt 1.726570 0.602334
vt 1.726570 0.500000
vt 1.151012 0.714006
vt 0.283052 -0.283866
vt 0.335007 -0.249911
vt 0.664993 -0.318439
vt 0.283052 0.191491
vt 0.335007 0.151511
vt 0.283052 0.151511
vt 0.716948 1.024310
vt 0.664993 0.145397
vt 0.716948 0.145397
vt 0.270016 -0.185649
vt 0.298617 0.492043
vt -0.251976 1.174520
vt -0.251976 1.136404
vt 0.283052 1.188996
vt 0.335007 -0.752629
vt 0.283052 -0.752629
vt 2.374797 -0.071972
vt 2.374797 0.634320
vt 0.713668 1.104651
vt -0.835591 -1.841284
vt -0.618996 -0.260973
vt 2.051619 -0.224634
vt 2.051619 -0.260972
vt 0.335007 0.764608
vt 1.249614 0.602334
vt 0.102641 -0.801997
vt 0.922235 0.707164
vt 0.291900 -0.069338
vt 0.321053 0.608355
vt 0.291900 0.608355
vt 0.131242 -1.193302
vt 0.102641 -1.193302
vt 2.276737 -0.482867
vt 2.276737 0.859441
vt 0.924513 0.704886
vt -0.833312 -1.843563
vt -0.833312 2.461354
vt 0.191715 -0.733424
vt 1.010154 -0.204923
vt 0.949680 -0.881368
vt 1.010154 -0.911216
vt 1.237751 -0.260973
vt 0.360195 -0.224634
vt 0.360195 -0.260973
vt -0.081905 -0.153528
vt -0.052752 -0.544833
vt -0.081905 -0.544833
vt 1.212896 2.169555
vt 0.259917 -0.224634
vt 0.259917 -0.260973
vt 0.384851 0.517840
vt 0.291900 1.205238
vt 0.321053 0.384800
vt 0.291900 0.384800
vt -1.930120 0.065846
vt -0.289263 0.037246
vt -1.901519 0.037246
vt -0.342293 -0.078609
vt 1.376398 0.373160
vt 1.376398 -0.078609
vt 1.378913 -0.646578
vt -0.350312 -0.617977
vt -0.378913 -0.646578
vt -0.608897 0.520643
vt 2.026485 0.554490
vt 0.980710 0.753335
vt 0.724182 1.498749
vt 0.727342 1.456180
vt 0.724182 1.456180
vt 0.261744 2.753154
vt 0.261744 2.472423
vt -0.289622 -0.768064
vt -0.168620 1.418737
vt 0.922496 1.372271
vt -0.168620 1.372271
vt 0.664993 1.481776
vt 0.716948 1.481776
vt 1.010154 -0.171335
vt 1.010154 -0.096506
vt 0.949680 -0.204923
vt 0.356250 -0.185622
vt 0.384851 0.492070
vt 1.378913 -0.378913
vt 1.378913 1.378913
vt -0.220057 1.189770
vt -0.252773 1.189770
vt -0.261642 3.014282
vt -0.261642 2.881485
vt 0.764061 2.169555
vt -0.212894 2.948199
vt 1.314367 -0.314367
vt -0.378913 -0.378913
vt -0.251976 1.136416
vt 0.922496 1.672874
vt -0.168620 1.343931
vt -0.168620 1.672874
vt -0.358645 1.948078
vt 0.283052 -0.752629
vt 0.335007 1.188995
vt 0.283052 1.188995
vt -0.260837 -0.354059
vt 1.010154 -1.635908
vt 0.191716 -1.575434
vt 1.726570 0.602334
vt -0.722431 0.500000
vt 0.444337 0.373175
vt 0.991492 -0.078620
vt 0.444117 -0.078620
vt 0.750387 0.227342
vt 1.378913 -0.718457
vt -0.220057 1.189750
vt -0.220057 1.192909
vt 0.283052 -0.261770
vt 0.335007 -0.650499
vt 0.283052 -0.650499
vt 0.664993 0.191499
vt 0.716948 0.191499
vt -0.314367 -0.314367
vt 1.378913 -0.037181
vt -0.378913 0.002792
vt -0.378913 -0.037181
vt -1.538294 -1.635908
vt 0.904583 -0.069338
vt 0.875430 0.608354
vt 0.904583 0.608354
vt 0.724182 1.498664
vt 1.729729 1.456326
vt 1.729729 1.498602
vt -0.252773 1.498558
vt 1.252774 1.456326
vt -0.252773 1.456370
vt 2.374797 0.668243
vt 0.720830 1.174532
vt 1.190623 2.948199
vt 2.374797 -0.796664
vt 1.525089 -0.768064
vt 2.346197 -0.768064
vt 1.399181 1.948078
vt 0.692939 1.504454
vt 0.692939 2.363962
vt 0.261744 2.403618
vt 0.291900 -0.130828
vt 0.321053 0.260477
vt 0.291900 0.260477
vt 1.221837 -0.078609
vt 0.089055 0.373160
vt 0.089055 -0.078609
vt -1.930120 0.105819
vt -0.249613 0.227332
vt -0.580296 0.492043
vt 1.189770 1.498550
vt 1.399165 -0.482877
vt 1.338707 -0.448928
vt -0.081905 -0.130828
vt -0.052752 0.260477
vt -0.081905 0.260477
vt -0.200350 -0.324631
vt 0.291900 -0.544833
vt 0.321053 -0.153528
vt 0.291900 -0.153528
vt 1.378913 -0.203972
vt 1.350312 -0.203972
vt -1.930120 -0.354059
vt -1.901519 -0.354059
vt 0.708100 -0.544833
vt 0.678947 -0.153528
vt 0.708100 -0.153528
vt 0.716948 -0.650511
vt 0.664993 -0.261769
vt 0.716948 -0.261769
vt 1.021492 0.346435
vt -0.112194 0.607290
vt -0.112194 0.346435
vt 0.824012 0.070447
vt -0.250526 0.331302
vt 0.824128 0.331302
vt 0.824236 0.346435
vt -0.250594 0.607290
vt -0.250594 0.346435
vt 0.708100 -0.153528
vt 0.678947 -0.544833
vt 0.708100 -0.544833
vt -0.081905 0.260477
vt -0.052752 -0.130828
vt -0.081905 -0.130828
vt 0.191716 -1.186691
vt 0.291900 0.260477
vt 0.321053 -0.130828
vt 0.335007 -0.238939
vt 0.283052 -0.238939
vt 0.824236 0.331302
vt -0.250594 0.070447
vt 0.824236 0.070447
vt -0.378913 -0.226673
vt -0.350312 -0.226673
vt -0.081905 -0.544833
vt -0.052752 -0.153528
vt -0.081905 -0.153528
vt -0.289448 -0.376760
vt -0.289437 -0.354059
vt 1.021492 0.331302
vt -0.250526 0.346435
vt 1.378913 -0.226673
vt -0.200360 -0.347461
vt 1.350312 -0.617978
vt 0.875430 -0.069338
vt 0.904583 -0.069338
vt 0.664993 -0.631094
vt 0.716948 -0.631094
vt 2.374797 -0.090372
vt 2.346197 -0.090371
vt 0.291900 0.608402
vt 0.321053 -0.069330
vt 0.291900 -0.069330
vt 1.233806 -0.204022
vt 1.205206 -0.881714
vt 1.010154 -0.929615
vt 0.949680 -1.575434
vt 1.496819 -0.090332
vt 0.291900 -0.765430
vt 0.321053 -0.087737
vt 0.291900 -0.087737
vt 0.270016 -0.204049
vt 0.298617 -0.204049
vt 0.517840 -0.069338
vt 0.488687 -0.069338
vt 1.221837 0.385426
vt 0.089055 0.837195
vt 0.089055 0.385426
vt 1.233806 -0.185622
vt 1.205206 -0.185622
vt 0.904583 -0.069338
vt 0.875430 0.608354
vt 0.904583 0.608354
vt 0.915489 0.385426
vt 0.368616 0.837195
vt 0.368616 0.385426
vt 1.436360 -0.060505
vt 0.444564 0.837237
vt 0.991492 0.385416
vt 0.444343 0.385441
vt 0.904583 -0.087738
vt 0.283052 -0.249021
vt 0.283052 0.427479
vt 1.997884 -0.204049
vt 1.376398 0.385426
vt -0.342293 0.837195
vt 1.376398 0.837195
vt -0.608897 -0.185649
vt -0.580296 -0.185649
vt 0.356250 -0.204022
vt 0.384851 -0.204022
vt 1.525428 -0.071934
vt 1.221837 0.373160
vt 0.991492 0.373151
vt -0.342293 0.373160
vt -0.342293 0.385426
vt 0.875430 -0.087738
vt 0.904583 -0.087738
vt 0.915489 0.373160
vt 1.436368 -0.042070
vt 1.525419 -0.090333
vt 0.904583 -0.765430
vt 0.975537 0.485201
vt 0.955277 0.243788
vt 0.975537 0.243788
vt 0.932486 0.368902
vt 0.912226 0.491659
vt 0.912226 0.368902
vt 0.954011 0.368902
vt 0.933751 0.491659
vt 0.933751 0.368903
vt 0.981778 0.895973
vt 0.971149 0.672562
vt 0.981778 0.672562
vt 0.954011 0.246146
vt 0.933751 0.246146
vt 0.932486 0.246146
vt 0.912226 0.246146
vt 0.000633 0.368902
vt 0.233045 0.362496
vt 0.242047 0.368902
vt 0.009635 0.257175
vt 0.009635 0.362496
vt 0.242047 0.246146
vt 0.000633 0.246146
vt 0.233045 0.257175
vt 0.242047 0.491659
vt 0.009635 0.485252
vt 0.233045 0.485252
vt 0.000633 0.491659
vt 0.009635 0.375309
vt 0.233045 0.375309
vt 0.592990 0.280730
vt 0.551330 0.192360
vt 0.592990 0.192360
vt 0.412209 0.194076
vt 0.452796 0.276552
vt 0.412209 0.276552
vt 0.993673 0.895973
vt 0.983044 0.672562
vt 0.993673 0.672562
vt 0.713835 0.330629
vt 0.703206 0.225309
vt 0.713835 0.225309
vt 0.666255 0.335252
vt 0.655626 0.225309
vt 0.666255 0.225309
vt 0.701940 0.330629
vt 0.691311 0.225309
vt 0.701940 0.225309
vt 0.642465 0.335252
vt 0.631836 0.225309
vt 0.642465 0.225309
vt 0.999367 0.224043
vt 0.988738 0.000633
vt 0.999367 0.000633
vt 0.999327 0.467198
vt 0.988698 0.243788
vt 0.999327 0.243788
vt 0.071442 0.977495
vt 0.091701 0.736082
vt 0.091701 0.977495
vt 0.912226 0.000633
vt 0.932486 0.123389
vt 0.912226 0.123389
vt 0.933751 0.000633
vt 0.954011 0.123389
vt 0.933751 0.123389
vt 0.987432 0.243788
vt 0.976803 0.467198
vt 0.976803 0.243788
vt 0.233045 0.129796
vt 0.000633 0.123389
vt 0.242047 0.123389
vt 0.009635 0.235117
vt 0.233045 0.235117
vt 0.242046 0.000633
vt 0.009635 0.007040
vt 0.000633 0.000633
vt 0.009635 0.116982
vt 0.233045 0.007040
vt 0.509621 0.280730
vt 0.551281 0.192360
vt 0.551281 0.280730
vt 0.452842 0.276552
vt 0.493429 0.194076
vt 0.493429 0.276552
vt 0.231541 0.740187
vt 0.220911 0.963597
vt 0.220911 0.740187
vt 0.667521 0.330629
vt 0.678150 0.225309
vt 0.678150 0.330629
vt 0.630570 0.225309
vt 0.619941 0.335252
vt 0.619941 0.225309
vt 0.679416 0.330629
vt 0.690045 0.225309
vt 0.690045 0.330629
vt 0.643731 0.335252
vt 0.654360 0.225309
vt 0.654360 0.335252
vt 0.976843 0.224043
vt 0.987472 0.000633
vt 0.987472 0.224043
vt 0.959254 0.895973
vt 0.969883 0.672562
vt 0.969883 0.895973
vt 0.791453 0.331895
vt 0.778595 0.364982
vt 0.778595 0.331895
vt 0.764472 0.364982
vt 0.777330 0.331895
vt 0.777330 0.364982
vt 0.736225 0.364982
vt 0.749083 0.331895
vt 0.749083 0.364982
vt 0.763206 0.331895
vt 0.750349 0.364982
vt 0.750349 0.331895
vt 0.701873 0.331895
vt 0.734960 0.364982
vt 0.701873 0.364982
vt 0.667521 0.364982
vt 0.700607 0.331895
vt 0.700607 0.364982
vt 0.660669 0.500000
vt 0.638907 0.602334
vt 0.638907 0.500000
vt 0.660669 -0.736592
vt 0.638907 -0.714829
vt 0.638907 -0.736592
vt 0.660669 0.602334
vt 0.660669 -0.714829
vt -0.714829 0.602334
vt -0.736592 0.500000
vt -0.736592 0.602334
vt -0.714829 0.500000
vt 0.415830 0.602334
vt 0.394067 0.500000
vt 0.415830 0.500000
vt 0.415830 -0.714829
vt 0.394067 -0.736592
vt 0.415830 -0.736592
vt 0.394067 0.602334
vt 0.394067 -0.714829
vt -0.736592 0.500000
vt -0.714829 0.602334
vt -0.736592 0.602334
vt -0.714829 0.500000
vt 0.009635 0.129796
vt 0.233045 0.116982
vt -0.138134 0.602334
vt -0.159896 0.500000
vt -0.138134 0.500000
vt -0.138134 -0.714830
vt -0.159896 -0.736592
vt -0.138134 -0.736592
vt -0.159896 0.602334
vt -0.159896 -0.714830
vt -0.736592 0.500000
vt -0.714830 0.602334
vt -0.736592 0.602334
vt -0.714830 0.500000
vt 0.106706 0.500000
vt 0.084943 0.602334
vt 0.084943 0.500000
vt 0.106706 -0.736592
vt 0.084943 -0.714829
vt 0.084943 -0.736592
vt 0.106706 0.602334
vt 0.106706 -0.714829
vt -0.714829 0.602334
vt -0.736592 0.500000
vt -0.736592 0.602334
vt -0.714829 0.500000
vt 0.932486 0.000633
vt 0.630570 0.335252
vt 0.764472 0.331895
vt 0.734960 0.331895
vt -0.575844 0.500000
vt -0.554082 0.602334
vt -0.554082 0.500000
vt -0.263775 -0.575844
vt -0.242012 -0.554082
vt -0.263775 -0.554082
vt -0.575844 0.602334
vt -0.242012 -0.575844
vt -0.242012 0.602334
vt -0.263775 0.500000
vt -0.263775 0.602334
vt -0.242012 0.500000
vt -0.331005 0.602334
vt -0.309242 0.500000
vt -0.331005 0.500000
vt -0.242012 -0.331005
vt -0.263775 -0.309242
vt -0.263775 -0.331005
vt -0.309242 0.602334
vt -0.242012 -0.309242
vt -0.263775 0.500000
vt -0.242012 0.602334
vt -0.263775 0.602334
vt -0.242012 0.500000
vt 0.954011 0.000633
vt 0.763206 0.364982
vt 0.222958 0.602334
vt 0.244721 0.500000
vt 0.222958 0.500000
vt -0.242012 0.222958
vt -0.263775 0.244721
vt -0.263775 0.222958
vt 0.244721 0.602334
vt -0.242012 0.244721
vt -0.263775 0.500000
vt -0.242012 0.602334
vt -0.263775 0.602334
vt -0.242012 0.500000
vt -0.021881 0.500000
vt -0.000118 0.602334
vt -0.000118 0.500000
vt -0.263775 -0.021881
vt -0.242012 -0.000118
vt -0.263775 -0.000118
vt -0.021881 0.602334
vt -0.242012 -0.021881
vt -0.242012 0.602334
vt -0.263775 0.500000
vt -0.263775 0.602334
vt -0.242012 0.500000
vt 0.655626 0.335252
vt 1.558227 0.602334
vt 1.579990 0.500000
vt 1.558227 0.500000
vt -0.242013 1.558227
vt -0.263776 1.579990
vt -0.263776 1.558227
vt 1.579990 0.602334
vt -0.242013 1.579990
vt -0.263776 0.500000
vt -0.242013 0.602334
vt -0.263776 0.602334
vt -0.242013 0.500000
vt 1.313388 0.500000
vt 1.335150 0.602334
vt 1.335150 0.500000
vt -0.263776 1.313388
vt -0.242013 1.335150
vt -0.263776 1.335150
vt 1.313388 0.602334
vt -0.242013 1.313388
vt -0.242013 0.602334
vt -0.263776 0.500000
vt -0.263776 0.602334
vt -0.242013 0.500000
vt 0.954011 0.491659
vt 0.631836 0.335252
vt 0.759424 0.500000
vt 0.781187 0.602334
vt 0.781187 0.500000
vt -0.263775 0.759424
vt -0.242013 0.781187
vt -0.263775 0.781187
vt 0.759424 0.602334
vt -0.242013 0.759424
vt -0.242013 0.602334
vt -0.263775 0.500000
vt -0.263775 0.602334
vt -0.242013 0.500000
vt 1.004263 0.602334
vt 1.026026 0.500000
vt 1.004263 0.500000
vt -0.242013 1.004263
vt -0.263775 1.026026
vt -0.263775 1.004263
vt 1.026026 0.602334
vt -0.242013 1.026026
vt -0.263775 0.500000
vt -0.242013 0.602334
vt -0.263775 0.602334
vt -0.242013 0.500000
vt 1.628102 0.500000
vt 1.606339 0.602334
vt 1.606339 0.500000
vt 1.263776 1.628102
vt 1.242013 1.606339
vt 1.263776 1.606339
vt 1.628102 0.602334
vt 1.242013 1.628102
vt 1.242013 0.602334
vt 1.263776 0.500000
vt 1.263776 0.602334
vt 1.242013 0.500000
vt 1.383262 0.602334
vt 1.361499 0.500000
vt 1.383262 0.500000
vt 1.242013 1.383262
vt 1.263776 1.361499
vt 1.263776 1.383262
vt 1.361499 0.602334
vt 1.242013 1.361499
vt 1.242013 0.602334
vt 1.263776 0.602334
vt 1.242013 0.500000
vt 0.667521 0.225309
vt 1.093780 0.500000
vt 1.072017 0.602334
vt 1.072017 0.500000
vt 1.263776 1.093780
vt 1.242013 1.072017
vt 1.263776 1.072017
vt 1.093780 0.602334
vt 1.242013 1.093780
vt 1.242013 0.602334
vt 1.263776 0.500000
vt 1.263776 0.602334
vt 1.242013 0.500000
vt 0.848941 0.602334
vt 0.827178 0.500000
vt 0.848941 0.500000
vt 1.242013 0.848941
vt 1.263776 0.827178
vt 1.263776 0.848941
vt 0.827178 0.602334
vt 1.242013 0.827178
vt 1.242013 0.602334
vt 1.242013 0.500000
vt 0.691311 0.330629
vt 0.509621 0.192360
vt 0.514653 0.500000
vt 0.492890 0.602334
vt 0.492890 0.500000
vt 0.764548 0.514653
vt 0.742786 0.492890
vt 0.764548 0.492890
vt 0.514653 0.602334
vt 0.492890 0.500000
vt 0.742786 0.492890
vt 0.742786 0.602334
vt 0.764548 0.500000
vt 0.764548 0.602334
vt 0.742786 0.500000
vt 0.269813 0.602334
vt 0.248051 0.500000
vt 0.269813 0.500000
vt 0.764548 0.269813
vt 0.742786 0.248051
vt 0.764549 0.248051
vt 0.248051 0.602334
vt 0.742786 0.269813
vt 0.764548 0.500000
vt 0.742786 0.602334
vt 0.764548 0.602334
vt 0.742786 0.500000
vt 0.764549 0.602334
vt 0.742786 0.602334
vt 0.679416 0.225309
vt 0.643731 0.225309
vt -0.487965 0.602334
vt -0.509727 0.500000
vt -0.487965 0.500000
vt 0.742786 -0.487965
vt 0.764549 -0.509727
vt 0.764549 -0.487965
vt -0.509727 0.602334
vt -0.487965 0.602334
vt 0.742786 -0.509727
vt 0.764549 0.602334
vt 0.742786 0.500000
vt 0.742786 0.602334
vt 0.764549 0.602334
vt -0.243125 0.500000
vt -0.264888 0.602334
vt -0.264888 0.500000
vt 0.764549 -0.243125
vt 0.742786 -0.264888
vt 0.764549 -0.264888
vt -0.243125 0.602334
vt 0.742786 -0.243125
vt 0.742786 0.602334
vt 0.764549 0.500000
vt 0.764549 0.602334
vt 0.742786 0.500000
vt 0.227192 0.694925
vt 0.206636 0.703368
vt 0.227198 0.703366
vt -0.220057 0.703365
vt -0.253904 0.694923
vt -0.253904 0.703365
vt -0.237319 0.694926
vt -0.253904 0.703368
vt -0.253904 0.694926
vt -0.710137 0.703366
vt -0.726722 0.694925
vt -0.726722 0.703366
vt 0.227341 0.694925
vt 0.266034 0.703366
vt 0.227341 0.703366
vt -0.701871 0.694925
vt -0.701871 0.703366
vt -0.229053 0.703366
vt 0.729826 0.694925
vt 0.729826 0.703366
vt 0.206631 0.694926
vt 0.738092 0.703366
vt 0.754677 0.694925
vt 0.754677 0.703366
vt 0.206781 0.694925
vt 0.206781 0.703366
vt -0.237319 0.703366
vt -0.253904 0.694925
vt -0.253904 0.703366
vt 0.265893 0.694923
vt 0.720830 0.694925
vt -0.229053 0.694925
vt -0.710137 0.694925
vt 0.738092 0.694925
vt 0.210927 0.703366
vt 0.210921 0.694925
vt -0.249613 0.694925
vt -0.220057 0.703366
vt -0.249613 0.703366
vt -0.233029 0.694925
vt -0.722432 0.694925
vt -0.705846 0.703366
vt -0.722432 0.703366
vt 0.261744 0.703366
vt 0.261744 0.694925
vt -0.706162 0.694925
vt -0.706162 0.703366
vt 0.734116 0.694925
vt -0.233343 0.703366
vt 0.734116 0.703366
vt 0.750387 0.694925
vt 0.733802 0.703366
vt 0.750387 0.703366
vt 0.211071 0.694925
vt 0.211071 0.703366
vt -0.233029 0.703366
vt 0.261602 0.694925
vt 0.261608 0.703366
vt -0.233343 0.694925
vt -0.705846 0.694925
vt 0.733802 0.694925
vt -0.253904 0.227192
vt -0.249613 0.210921
vt -0.253904 0.206631
vt -0.253904 0.227198
vt -0.249613 0.210927
vt -0.249613 0.227198
vt -0.220057 0.265899
vt -0.249613 0.261608
vt -0.220057 0.261608
vt -0.220057 0.265893
vt -0.249613 0.261602
vt -0.253904 0.265893
vt -0.237319 0.206631
vt -0.233029 0.210921
vt -0.237319 0.206636
vt -0.253904 0.206636
vt 0.729826 -0.710137
vt 0.734116 -0.722432
vt 0.734116 -0.705846
vt 0.729826 -0.726722
vt 0.754677 0.227341
vt 0.750387 0.261744
vt 0.754677 0.266034
vt 0.750387 0.261744
vt 0.750387 0.227341
vt 0.754677 -0.701871
vt 0.750387 -0.722432
vt 0.750387 -0.706162
vt 0.754677 -0.726722
vt -0.253904 -0.701871
vt -0.249613 -0.722432
vt -0.249613 -0.706162
vt -0.253904 -0.726722
vt -0.233343 -0.705846
vt -0.229053 -0.710137
vt -0.233029 -0.706162
vt -0.237319 -0.701871
vt -0.233029 0.210927
vt 0.738092 0.206781
vt 0.750387 0.211071
vt 0.733802 0.211071
vt 0.754677 0.206781
vt 0.733802 -0.706162
vt 0.738092 -0.701871
vt -0.253904 0.265899
vt -0.249613 0.227192
vt 0.720830 0.266034
vt 0.720830 0.261744
vt -0.233343 -0.722432
vt -0.229053 -0.726722
vt 0.227192 0.819823
vt 0.206636 0.828266
vt 0.227198 0.828265
vt -0.220057 0.828263
vt -0.253904 0.819822
vt -0.253904 0.828263
vt -0.237319 0.819824
vt -0.253904 0.828266
vt -0.253904 0.819824
vt -0.710137 0.828265
vt -0.726722 0.819823
vt -0.726722 0.828265
vt 0.227341 0.819823
vt 0.266034 0.828265
vt 0.227341 0.828265
vt -0.701871 0.819823
vt -0.701871 0.828265
vt -0.229053 0.828265
vt 0.729826 0.819823
vt 0.729826 0.828265
vt 0.206631 0.819824
vt 0.738092 0.828265
vt 0.754677 0.819823
vt 0.754677 0.828265
vt 0.206781 0.819823
vt 0.206781 0.828265
vt -0.237319 0.828265
vt -0.253904 0.819823
vt -0.253904 0.828265
vt 0.265893 0.819822
vt 0.720830 0.819823
vt -0.229053 0.819823
vt -0.710137 0.819823
vt 0.738092 0.819823
vt 0.210927 0.828265
vt 0.210921 0.819823
vt -0.249613 0.819823
vt -0.220057 0.828265
vt -0.249613 0.828265
vt -0.233029 0.819823
vt -0.722432 0.819823
vt -0.705846 0.828265
vt -0.722432 0.828265
vt 0.261744 0.828265
vt 0.261744 0.819823
vt -0.706162 0.819823
vt -0.706162 0.828265
vt 0.734116 0.819823
vt -0.233343 0.828265
vt 0.734116 0.828265
vt 0.750387 0.819823
vt 0.733802 0.828265
vt 0.750387 0.828265
vt 0.211071 0.819823
vt 0.211071 0.828265
vt -0.233029 0.828265
vt 0.261602 0.819823
vt 0.261608 0.828265
vt -0.233343 0.819823
vt -0.705846 0.819823
vt 0.733802 0.819823
vt 0.227192 0.944721
vt 0.206636 0.953164
vt 0.227198 0.953163
vt -0.220057 0.953162
vt -0.253904 0.944720
vt -0.253904 0.953162
vt -0.237319 0.944722
vt -0.253904 0.953164
vt -0.253904 0.944722
vt -0.710137 0.953163
vt -0.726722 0.944721
vt -0.726722 0.953163
vt 0.227341 0.944721
vt 0.266034 0.953163
vt 0.227341 0.953163
vt -0.701871 0.944721
vt -0.701871 0.953163
vt -0.229053 0.953163
vt 0.729826 0.944721
vt 0.729826 0.953163
vt 0.206631 0.944722
vt 0.738092 0.953163
vt 0.754677 0.944721
vt 0.754677 0.953163
vt 0.206781 0.944721
vt 0.206781 0.953163
vt -0.237319 0.953163
vt -0.253904 0.944721
vt -0.253904 0.953163
vt 0.265893 0.944720
vt 0.720830 0.944721
vt -0.229053 0.944721
vt -0.710137 0.944721
vt 0.738092 0.944721
vt 0.210927 0.953163
vt 0.210921 0.944721
vt -0.249613 0.944721
vt -0.220057 0.953163
vt -0.249613 0.953163
vt -0.233029 0.944721
vt -0.722432 0.944721
vt -0.705846 0.953163
vt -0.722432 0.953163
vt 0.261744 0.953163
vt 0.261744 0.944721
vt -0.706162 0.944721
vt -0.706162 0.953163
vt 0.734116 0.944721
vt -0.233343 0.953163
vt 0.734116 0.953163
vt 0.750387 0.944721
vt 0.733802 0.953163
vt 0.750387 0.953163
vt 0.211071 0.944721
vt 0.211071 0.953163
vt -0.233029 0.953163
vt 0.261602 0.944721
vt 0.261608 0.953163
vt -0.233343 0.944721
vt -0.705846 0.944721
vt 0.733802 0.944721
vt 0.753255 0.716287
vt 1.700656 0.705820
vt 1.700656 0.716287
vt 0.683296 0.716287
vt 0.717698 0.705820
vt 0.717698 0.716287
vt 1.719629 0.705820
vt 1.736213 0.716287
vt 1.736213 0.705820
vt 1.253021 0.716283
vt 1.253016 0.705815
vt 0.776301 0.705820
vt 0.760030 0.716287
vt 0.760030 0.705820
vt 1.223701 0.716287
vt -0.223699 0.705820
vt -0.223699 0.716287
vt 0.720830 0.716287
vt -0.242672 0.705820
vt -0.259257 0.716287
vt -0.259257 0.705820
vt 1.242673 0.705820
vt 1.259258 0.716287
vt 1.259258 0.705820
vt 0.776301 0.716287
vt 1.223701 0.705820
vt 1.242673 0.716287
vt 0.753255 0.705820
vt 0.734282 0.716287
vt -0.220057 0.705825
vt -0.259257 0.716292
vt -0.259257 0.705825
vt -0.242672 0.716283
vt -0.259257 0.705815
vt -0.259257 0.716283
vt 1.227101 0.705820
vt 1.183068 0.716292
vt 1.227106 0.716287
vt 1.719629 0.716287
vt 0.734282 0.705820
vt 1.710300 0.705820
vt 0.743612 0.716287
vt 1.710300 0.716287
vt 0.727342 0.705820
vt 0.692939 0.716287
vt 0.727342 0.716287
vt 1.726570 0.716287
vt 1.709985 0.705820
vt 1.726570 0.705820
vt 1.243377 0.716287
vt 0.750387 0.716287
vt 0.766657 0.705820
vt 0.750387 0.705820
vt -0.233343 0.705820
vt 1.233344 0.716287
vt -0.233343 0.716287
vt -0.249613 0.716287
vt -0.233029 0.705820
vt -0.249613 0.705820
vt 1.249614 0.716287
vt 1.233030 0.705820
vt 1.249614 0.705820
vt 1.233344 0.705820
vt 0.766657 0.716287
vt 1.233030 0.716287
vt 0.743612 0.705820
vt 0.743926 0.716287
vt -0.220057 0.705820
vt -0.233029 0.716287
vt 1.192712 0.716287
vt 1.192707 0.705820
vt 1.709985 0.716287
vt 0.743926 0.705820
vt 1.243372 0.705820
vt 1.242673 1.700656
vt 1.233030 0.743612
vt 1.242673 0.753255
vt 1.233030 1.710300
vt 0.760030 0.717698
vt 0.750387 0.692939
vt 0.760030 0.683296
vt 1.223701 1.719629
vt 1.233344 1.726570
vt 1.233344 1.709985
vt 1.223701 1.736213
vt -0.242672 1.253021
vt -0.233029 1.710300
vt -0.242672 1.700656
vt -0.233029 1.243372
vt -0.242672 1.253016
vt 0.766657 0.727342
vt 0.776301 0.717698
vt -0.223699 1.719629
vt -0.233343 1.709985
vt 0.720830 0.683296
vt 0.720830 0.692939
vt 0.692939 0.705820
vt 0.683296 0.705820
vt -0.259257 1.736213
vt -0.249613 1.710300
vt -0.259257 1.700656
vt 1.249614 0.743612
vt 1.259258 0.753255
vt 1.223701 0.734282
vt 0.766657 0.743926
vt 0.776301 0.734282
vt 1.233344 0.743926
vt 1.249614 1.710300
vt 1.259258 1.700656
vt 1.259258 0.717698
vt 1.233344 0.727342
vt 1.223701 0.717698
vt -0.220057 1.183063
vt -0.249613 1.192707
vt -0.220057 1.192707
vt 1.183063 0.705825
vt -0.220057 1.183068
vt -0.249613 1.192712
vt -0.259257 1.183068
vt -0.249613 1.243377
vt -0.233029 1.243377
vt -0.249613 1.243372
vt -0.259257 1.253016
vt 1.259258 1.736213
vt -0.259257 1.227101
vt -0.259257 1.183063
vt -0.259257 1.227106
vt -0.249613 1.227106
vt -0.233343 1.726570
vt -0.223699 1.736213
vt -0.259257 1.253021
vt -0.249613 1.227101
vt 0.753255 0.835537
vt 1.700656 0.825070
vt 1.700656 0.835537
vt 0.683296 0.835537
vt 0.717698 0.825070
vt 0.717698 0.835537
vt 1.719629 0.825070
vt 1.736213 0.835537
vt 1.736213 0.825070
vt 1.253021 0.835533
vt 1.253016 0.825065
vt 0.776301 0.825070
vt 0.760030 0.835537
vt 0.760030 0.825070
vt 1.223701 0.835537
vt -0.223699 0.825070
vt -0.223699 0.835537
vt 0.720830 0.835537
vt -0.242672 0.825070
vt -0.259257 0.835537
vt -0.259257 0.825070
vt 1.242673 0.825070
vt 1.259258 0.835537
vt 1.259258 0.825070
vt 0.776301 0.835537
vt 1.223701 0.825070
vt 1.242673 0.835537
vt 0.753255 0.825070
vt 0.734282 0.835537
vt -0.220057 0.825075
vt -0.259257 0.835542
vt -0.259257 0.825075
vt -0.242672 0.835533
vt -0.259257 0.825065
vt -0.259257 0.835533
vt 1.227101 0.825070
vt 1.183068 0.835542
vt 1.227106 0.835537
vt 1.719629 0.835537
vt 0.734282 0.825070
vt 1.710300 0.825070
vt 0.743612 0.835537
vt 1.710300 0.835537
vt 0.727342 0.825070
vt 0.692939 0.835537
vt 0.727342 0.835537
vt 1.726570 0.835537
vt 1.709985 0.825070
vt 1.726570 0.825070
vt 1.243377 0.835537
vt 0.750387 0.835537
vt 0.766657 0.825070
vt 0.750387 0.825070
vt -0.233343 0.825070
vt 1.233344 0.835537
vt -0.233343 0.835537
vt -0.249613 0.835537
vt -0.233029 0.825070
vt -0.249613 0.825070
vt 1.249614 0.835537
vt 1.233030 0.825070
vt 1.249614 0.825070
vt 1.233344 0.825070
vt 0.766657 0.835537
vt 1.233030 0.835537
vt 0.743612 0.825070
vt 0.743926 0.835537
vt -0.220057 0.825070
vt -0.233029 0.835537
vt 1.192712 0.835537
vt 1.192707 0.825070
vt 1.709985 0.835537
vt 0.743926 0.825070
vt 1.243372 0.825070
vt 0.692939 0.825070
vt 0.683296 0.825070
vt 1.183063 0.825075
vt 0.753255 0.954787
vt 1.700656 0.944320
vt 1.700656 0.954787
vt 0.683296 0.954787
vt 0.717698 0.944320
vt 0.717698 0.954787
vt 1.719629 0.944320
vt 1.736213 0.954787
vt 1.736213 0.944320
vt 1.253021 0.954783
vt 1.253016 0.944315
vt 0.776301 0.944320
vt 0.760030 0.954787
vt 0.760030 0.944320
vt 1.223701 0.954787
vt -0.223699 0.944320
vt -0.223699 0.954787
vt 0.720830 0.954787
vt -0.242672 0.944320
vt -0.259257 0.954787
vt -0.259257 0.944320
vt 1.242673 0.944320
vt 1.259258 0.954787
vt 1.259258 0.944320
vt 0.776301 0.954787
vt 1.223701 0.944320
vt 1.242673 0.954787
vt 0.753255 0.944320
vt 0.734282 0.954787
vt -0.220057 0.944325
vt -0.259257 0.954792
vt -0.259257 0.944325
vt -0.242672 0.954783
vt -0.259257 0.944315
vt -0.259257 0.954783
vt 1.227101 0.944320
vt 1.183068 0.954792
vt 1.227106 0.954787
vt 1.719629 0.954787
vt 0.734282 0.944320
vt 1.710300 0.944320
vt 0.743612 0.954787
vt 1.710300 0.954787
vt 0.727342 0.944320
vt 0.692939 0.954787
vt 0.727342 0.954787
vt 1.726570 0.954787
vt 1.709985 0.944320
vt 1.726570 0.944320
vt 1.243377 0.954787
vt 0.750387 0.954787
vt 0.766657 0.944320
vt 0.750387 0.944320
vt -0.233343 0.944320
vt 1.233344 0.954787
vt -0.233343 0.954787
vt -0.249613 0.954787
vt -0.233029 0.944320
vt -0.249613 0.944320
vt 1.249614 0.954787
vt 1.233030 0.944320
vt 1.249614 0.944320
vt 1.233344 0.944320
vt 0.766657 0.954787
vt 1.233030 0.954787
vt 0.743612 0.944320
vt 0.743926 0.954787
vt -0.220057 0.944320
vt -0.233029 0.954787
vt 1.192712 0.954787
vt 1.192707 0.944320
vt 1.709985 0.954787
vt 0.743926 0.944320
vt 1.243372 0.944320
vt 0.692939 0.944320
vt 0.683296 0.944320
vt 1.183063 0.944325
vt 0.753255 1.074037
vt 1.700656 1.063570
vt 1.700656 1.074037
vt 0.683296 1.074037
vt 0.717698 1.063570
vt 0.717698 1.074037
vt 1.719629 1.063570
vt 1.736213 1.074037
vt 1.736213 1.063570
vt 1.253021 1.074033
vt 1.253016 1.063565
vt 0.776301 1.063570
vt 0.760030 1.074037
vt 0.760030 1.063570
vt 1.223701 1.074037
vt -0.223699 1.063570
vt -0.223699 1.074037
vt 0.720830 1.074037
vt -0.242672 1.063570
vt -0.259257 1.074037
vt -0.259257 1.063570
vt 1.242673 1.063570
vt 1.259258 1.074037
vt 1.259258 1.063570
vt 0.776301 1.074037
vt 1.223701 1.063570
vt 1.242673 1.074037
vt 0.753255 1.063570
vt 0.734282 1.074037
vt -0.220057 1.063575
vt -0.259257 1.074042
vt -0.259257 1.063575
vt -0.242672 1.074033
vt -0.259257 1.063565
vt -0.259257 1.074033
vt 1.227101 1.063570
vt 1.183068 1.074042
vt 1.227106 1.074037
vt 1.719629 1.074037
vt 0.734282 1.063570
vt 1.710300 1.063570
vt 0.743612 1.074037
vt 1.710300 1.074037
vt 0.727342 1.063570
vt 0.692939 1.074037
vt 0.727342 1.074037
vt 1.726570 1.074037
vt 1.709985 1.063570
vt 1.726570 1.063570
vt 1.243377 1.074037
vt 0.750387 1.074037
vt 0.766657 1.063570
vt 0.750387 1.063570
vt -0.233343 1.063570
vt 1.233344 1.074037
vt -0.233343 1.074037
vt -0.249613 1.074037
vt -0.233029 1.063570
vt -0.249613 1.063570
vt 1.249614 1.074037
vt 1.233030 1.063570
vt 1.249614 1.063570
vt 1.233344 1.063570
vt 0.766657 1.074037
vt 1.233030 1.074037
vt 0.743612 1.063570
vt 0.743926 1.074037
vt -0.220057 1.063570
vt -0.233029 1.074037
vt 1.192712 1.074037
vt 1.192707 1.063570
vt 1.709985 1.074037
vt 0.743926 1.063570
vt 1.243372 1.063570
vt 0.692939 1.063570
vt 0.683296 1.063570
vt 0.753255 1.193287
vt 1.700656 1.182820
vt 1.700656 1.193287
vt 0.683296 1.193287
vt 0.717698 1.182820
vt 0.717698 1.193287
vt 1.719629 1.182820
vt 1.736213 1.193287
vt 1.736213 1.182820
vt 1.253021 1.193283
vt 1.253016 1.182815
vt 0.776301 1.182820
vt 0.760030 1.193287
vt 0.760030 1.182820
vt 1.223701 1.193287
vt -0.223699 1.182820
vt -0.223699 1.193287
vt 0.720830 1.193287
vt -0.242672 1.182820
vt -0.259257 1.193287
vt -0.259257 1.182820
vt 1.242673 1.182820
vt 1.259258 1.193287
vt 1.259258 1.182820
vt 0.776301 1.193287
vt 1.223701 1.182820
vt 1.242673 1.193287
vt 0.753255 1.182820
vt 0.734282 1.193287
vt -0.220057 1.182825
vt -0.259257 1.193292
vt -0.259257 1.182825
vt -0.242672 1.193283
vt -0.259257 1.182815
vt -0.259257 1.193283
vt 1.227101 1.182820
vt 1.183068 1.193292
vt 1.227106 1.193287
vt 1.719629 1.193287
vt 0.734282 1.182820
vt 1.710300 1.182820
vt 0.743612 1.193287
vt 1.710300 1.193287
vt 0.727342 1.182820
vt 0.692939 1.193287
vt 0.727342 1.193287
vt 1.726570 1.193287
vt 1.709985 1.182820
vt 1.726570 1.182820
vt 1.243377 1.193287
vt 0.750387 1.193287
vt 0.766657 1.182820
vt 0.750387 1.182820
vt -0.233343 1.182820
vt 1.233344 1.193287
vt -0.233343 1.193287
vt -0.249613 1.193287
vt -0.233029 1.182820
vt -0.249613 1.182820
vt 1.249614 1.193287
vt 1.233030 1.182820
vt 1.249614 1.182820
vt 1.233344 1.182820
vt 0.766657 1.193287
vt 1.233030 1.193287
vt 0.743612 1.182820
vt 0.743926 1.193287
vt -0.220057 1.182820
vt -0.233029 1.193287
vt 1.192712 1.193287
vt 1.192707 1.182820
vt 1.709985 1.193287
vt 0.743926 1.182820
vt 1.243372 1.182820
vt 0.692939 1.182820
vt 0.683296 1.182820
vt 1.183063 1.182825
vt 0.753255 1.312537
vt 1.700656 1.302070
vt 1.700656 1.312537
vt 0.683296 1.312537
vt 0.717698 1.302070
vt 0.717698 1.312537
vt 1.719629 1.302070
vt 1.736213 1.312537
vt 1.736213 1.302070
vt 1.253021 1.312533
vt 1.253016 1.302065
vt 0.776301 1.302070
vt 0.760030 1.312537
vt 0.760030 1.302070
vt 1.223701 1.312537
vt -0.223699 1.302070
vt -0.223699 1.312537
vt 0.720830 1.312537
vt -0.242672 1.302070
vt -0.259257 1.312537
vt -0.259257 1.302070
vt 1.242673 1.302070
vt 1.259258 1.312537
vt 1.259258 1.302070
vt 0.776301 1.312537
vt 1.223701 1.302070
vt 1.242673 1.312537
vt 0.753255 1.302070
vt 0.734282 1.312537
vt -0.220057 1.302075
vt -0.259257 1.312542
vt -0.259257 1.302075
vt -0.242672 1.312533
vt -0.259257 1.302065
vt -0.259257 1.312533
vt 1.227101 1.302070
vt 1.183068 1.312542
vt 1.227106 1.312537
vt 1.719629 1.312537
vt 0.734282 1.302070
vt 1.710300 1.302070
vt 0.743612 1.312537
vt 1.710300 1.312537
vt 0.727342 1.302070
vt 0.692939 1.312537
vt 0.727342 1.312537
vt 1.726570 1.312537
vt 1.709985 1.302070
vt 1.726570 1.302070
vt 1.243377 1.312537
vt 0.750387 1.312537
vt 0.766657 1.302070
vt 0.750387 1.302070
vt -0.233343 1.302070
vt 1.233344 1.312537
vt -0.233343 1.312537
vt -0.249613 1.312537
vt -0.233029 1.302070
vt -0.249613 1.302070
vt 1.249614 1.312537
vt 1.233030 1.302070
vt 1.249614 1.302070
vt 1.233344 1.302070
vt 0.766657 1.312537
vt 1.233030 1.312537
vt 0.743612 1.302070
vt 0.743926 1.312537
vt -0.220057 1.302070
vt -0.233029 1.312537
vt 1.192712 1.312537
vt 1.192707 1.302070
vt 1.709985 1.312537
vt 0.743926 1.302070
vt 1.243372 1.302070
vt 0.692939 1.302070
vt 0.683296 1.302070
vt 1.183063 1.302075
vt 0.932486 0.491659
vt 0.966552 0.359635
vt 0.035357 0.640365
vt 0.035357 0.359634
vt 0.034897 0.640365
vt 0.966092 0.359635
vt 0.034897 0.359634
vt 0.034897 0.640366
vt 0.034897 0.359635
vt 0.966552 0.640366
vt 0.035357 0.359635
vt 0.035357 0.640366
vt 0.261637 0.999949
vt 0.122429 0.687621
vt 0.312342 0.877535
vt 0.160622 0.943457
vt 0.116406 0.721938
vt 0.160622 0.721938
vt 0.264763 0.853814
vt 0.248009 0.909405
vt 0.236634 0.881943
vt 0.738393 0.714181
vt 0.261637 0.500000
vt 0.738393 0.500000
vt 0.261637 -0.000051
vt 0.122429 0.312276
vt 0.000015 0.261571
vt 0.000015 0.738326
vt 0.160622 0.943457
vt 0.248009 0.721938
vt 0.160622 0.721938
vt 0.999949 0.500000
vt 0.738326 0.714181
vt 0.999949 0.714181
vt 1.000015 0.261571
vt 0.877601 0.687621
vt 1.000015 0.738327
vt 0.292224 0.721938
vt 0.248009 0.943457
vt 0.292224 0.943457
vt 0.261571 0.714181
vt 0.738326 0.500000
vt 0.261571 0.500000
vt 0.171997 0.881943
vt 0.116406 0.865189
vt 0.143868 0.853814
vt 0.261571 0.714181
vt -0.000051 0.500000
vt 0.261571 0.500000
vt 0.877601 0.312276
vt 0.687687 0.122363
vt 0.116406 0.777802
vt 0.143868 0.789177
vt 0.000015 0.500000
vt 0.261637 0.714181
vt 0.000015 0.714181
vt 1.000015 0.500000
vt 0.738392 0.714181
vt 1.000015 0.714181
vt 0.116406 0.943457
vt 1.000015 0.738327
vt 0.738393 -0.000051
vt 0.261637 0.999949
vt 0.687687 0.877535
vt 0.738392 0.999949
vt 0.738327 0.714181
vt 0.738327 0.500000
vt 0.264763 0.789177
vt 0.248009 0.733587
vt 0.292224 0.777802
vt 0.171997 0.761048
vt 0.236634 0.761048
vt 0.261637 0.714181
vt 0.738392 0.500000
vt 0.261637 0.500000
vt 0.160622 0.721938
vt 0.160622 0.733587
vt 0.312343 0.122362
vt 0.160622 0.909405
vt 0.292224 0.865189
vt 0.261744 2.403617
vt 1.192939 1.585248
vt 1.192939 2.403618
vt 1.192930 1.565926
vt 1.192909 1.523839
vt 1.192900 1.504517
vt 1.192707 1.092188
vt 0.261707 1.181043
vt 0.261609 0.942181
vt 0.261603 0.929267
vt 1.192519 0.724792
vt 0.261504 0.724792
vt 0.261717 1.203787
vt -0.212894 -0.685712
vt 0.750387 1.456180
vt 0.678947 -0.130828
vt 1.189750 1.456458
vt 0.664993 -0.238938
vt 0.321053 0.922430
vt 0.517840 -0.069338
vt 0.335007 1.481784
vt 0.102641 -1.216003
vt -1.901519 -0.376760
vt 0.283052 -0.943142
vt 1.997884 -0.204049
vt 0.321053 0.384390
vt 0.321053 -0.689687
vt 1.997884 -0.185649
vt 0.664993 0.045350
vt 0.191715 -0.666423
vt 0.678947 0.260477
vt 1.233806 0.554408
vt -0.249613 0.602334
vt 0.678947 0.922478
vt 0.261744 1.136416
vt 0.261744 1.174532
vt 1.212322 -0.414941
vt 0.517840 -0.087738
vt 1.396529 -0.224634
vt -1.538294 -0.626450
vt 0.227332 1.174532
vt 0.261734 1.174520
vt 0.261717 1.136404
vt 0.664993 -0.560296
vt 0.715984 2.753154
vt -0.215211 2.403617
vt 1.249614 0.602334
vt 1.378913 0.255906
vt -0.580296 -0.204049
vt 0.335007 -0.318412
vt 1.420889 -0.227454
vt -1.127560 -0.227455
vt 0.321053 -0.087729
vt -1.861022 -0.265673
vt -1.861022 -0.229335
vt 2.479129 -0.229334
vt -0.350312 -0.203972
vt -0.220057 1.498545
vt -0.588359 -0.415059
vt 2.007960 -0.414982
vt -0.200158 0.105799
vt 0.713668 1.190623
vt -2.028180 -1.052449
vt 1.729729 1.498558
vt 1.192939 2.753154
vt -0.249613 0.261717
vt -1.509694 -1.193302
vt 0.787106 0.764061
vt 1.212896 0.764061
vt 1.212896 1.689851
vt 0.678947 -0.689857
vt 0.664993 -0.649530
vt -1.538294 -0.733424
vt 0.664993 0.780589
vt 0.335007 -0.283876
vt 0.335007 0.191491
vt 0.664993 1.024310
vt 0.298617 -0.185649
vt 0.335007 1.188996
vt 2.346197 -0.071971
vt -0.618996 -0.224634
vt 0.750387 0.602334
vt 0.321053 -0.069338
vt 1.802069 2.461354
vt 1.802069 0.704886
vt 0.924513 -1.843563
vt 1.237751 -0.224634
vt -0.052752 -0.153528
vt 0.321053 1.205238
vt -0.608897 0.554567
vt 0.727342 1.498749
vt 0.922496 1.418737
vt 0.384851 -0.185622
vt -0.220057 1.192930
vt -0.251976 1.174532
vt 0.922496 1.343931
vt 0.335007 -0.752629
vt 0.335007 -0.261770
vt 1.378913 0.002792
vt 0.875430 -0.069338
vt 0.724182 1.456265
vt 1.252774 1.498602
vt 1.192939 2.363962
vt 0.261744 1.264655
vt 0.261744 1.241915
vt 0.692939 1.102656
vt 0.261744 1.203799
vt 0.261744 1.181059
vt 0.261744 0.942181
vt 0.692939 1.092188
vt 0.261744 0.929267
vt 0.261745 0.724792
vt 0.692939 0.724792
vt 0.321053 -0.130828
vt 1.189750 1.456453
vt 1.338691 -0.482884
vt -0.052752 -0.130828
vt 0.321053 -0.544833
vt 0.678947 -0.544833
vt 0.664993 -0.650511
vt 1.021492 0.607290
vt -0.250526 0.070447
vt 0.824236 0.607290
vt 0.678947 -0.153528
vt -0.052752 0.260477
vt 0.321053 0.260477
vt -0.250594 0.331302
vt -0.052752 -0.544833
vt 1.350312 -0.226673
vt 0.321053 0.608402
vt 1.205206 -0.204022
vt 0.949680 -0.899803
vt 0.321053 -0.765430
vt 1.221837 0.837195
vt 0.875430 -0.069338
vt 0.915489 0.837195
vt 0.991492 0.837186
vt 0.875430 -0.087738
vt 0.335007 -0.249021
vt 0.875430 -0.765430
vt 0.955277 0.485201
vt 0.971149 0.895973
vt 0.551330 0.280730
vt 0.452796 0.194076
vt 0.983044 0.895973
vt 0.703206 0.330629
vt 0.988738 0.224043
vt 0.988698 0.467198
vt 0.071442 0.736082
vt 0.987432 0.467198
vt 0.452842 0.194076
vt 0.231541 0.963597
vt 0.976843 0.000633
vt 0.959254 0.672562
vt 0.791453 0.364982
vt 0.736225 0.331895
vt 0.667521 0.331895
vt 0.742786 0.514653
vt 0.742786 0.500000
vt 0.764549 0.500000
vt 0.764549 0.500000
vt -0.220057 0.694923
vt -0.237319 0.703368
vt 0.266034 0.694925
vt -0.237319 0.694925
vt 0.265899 0.703365
vt 0.720830 0.703366
vt -0.220057 0.694925
vt -0.220057 0.261602
vt 0.720830 0.261744
vt -0.220057 0.819822
vt -0.237319 0.828266
vt 0.266034 0.819823
vt -0.237319 0.819823
vt 0.265899 0.828263
vt 0.720830 0.828265
vt -0.220057 0.819823
vt -0.220057 0.944720
vt -0.237319 0.953164
vt 0.266034 0.944721
vt -0.237319 0.944721
vt 0.265899 0.953162
vt 0.720830 0.953163
vt -0.220057 0.944721
vt 0.720830 0.705820
vt -0.242672 0.716287
vt -0.220057 0.716292
vt -0.242672 0.705815
vt -0.220057 0.716287
vt -0.220057 1.192712
vt 0.720830 0.825070
vt -0.242672 0.835537
vt -0.220057 0.835542
vt -0.242672 0.825065
vt -0.220057 0.835537
vt 0.720830 0.944320
vt -0.242672 0.954787
vt -0.220057 0.954792
vt -0.242672 0.944315
vt -0.220057 0.954787
vt 0.720830 1.063570
vt -0.242672 1.074037
vt -0.220057 1.074042
vt -0.242672 1.063565
vt 1.183063 1.063575
vt -0.220057 1.074037
vt 0.720830 1.182820
vt -0.242672 1.193287
vt -0.220057 1.193292
vt -0.242672 1.182815
vt -0.220057 1.193287
vt 0.720830 1.302070
vt -0.242672 1.312537
vt -0.220057 1.312542
vt -0.242672 1.302065
vt -0.220057 1.312537
vt 0.966092 0.640366
vt -0.000051 0.714181
s 1
usemtl GT_MC_Tiling_White_Cladding
f 160/7/4 170/8/4 164/9/4
f 166/10/5 76/11/5 176/12/5
f 183/16/6 224/17/6 182/18/6
f 136/29/5 214/30/5 213/31/5
f 325/35/5 37/36/5 66/37/5
f 214/45/10 255/46/10 213/47/10
f 139/48/1 2/49/1 1/50/1
f 323/51/10 65/52/10 324/53/10
f 116/54/6 139/55/6 142/56/6
f 315/57/5 230/58/5 188/59/5
f 72/60/4 42/61/4 69/62/4
f 25/63/5 182/64/5 181/65/5
f 199/66/1 239/67/1 198/68/1
f 126/69/8 197/70/8 129/71/8
f 164/9/4 169/72/4 163/73/4
f 385/74/10 54/75/10 81/76/10
f 201/78/5 244/79/11 208/80/11
f 99/81/6 175/82/6 102/83/6
f 311/84/10 68/85/10 174/86/10
f 27/87/8 199/88/8 26/89/8
f 320/90/1 70/91/1 171/92/1
f 196/96/6 237/97/6 195/98/6
f 217/99/6 260/100/6 220/101/6
f 79/102/6 52/103/6 80/104/6
f 133/108/1 16/109/1 144/110/1
f 126/69/8 219/111/8 218/112/8
f 88/116/10 315/117/10 188/118/10
f 186/122/4 225/123/4 185/124/4
f 26/89/8 198/125/8 126/69/8
f 213/16/6 256/17/6 216/18/6
f 365/129/14 247/130/14 379/131/14
f 351/132/10 79/11/10 176/12/10
f 91/136/6 171/137/6 172/138/6
f 140/139/5 215/140/5 127/141/5
f 60/144/6 30/145/6 57/146/6
f 70/147/6 43/148/6 71/149/6
f 350/150/5 73/151/5 94/152/5
f 227/153/8 191/154/8 192/155/8
f 25/63/10 125/162/10 26/163/10
f 91/136/6 165/164/6 86/165/6
f 343/166/1 206/167/1 172/168/1
f 203/169/15 242/170/8 202/171/8
f 289/172/14 246/173/14 295/174/14
f 8/177/10 187/178/10 131/179/10
f 67/183/8 316/184/8 335/185/8
f 198/99/6 238/100/6 197/101/6
f 136/186/1 202/112/1 124/69/1
f 124/69/1 196/70/1 195/125/1
f 76/187/1 380/188/1 367/189/1
f 211/190/8 251/191/8 210/192/8
f 96/193/8 298/194/8 93/195/8
f 202/98/4 243/199/4 201/96/4
f 68/203/6 38/204/6 65/205/6
f 99/81/6 166/206/6 176/207/6
f 77/104/4 49/211/4 78/102/4
f 293/212/8 143/213/8 141/214/8
f 350/150/10 78/151/10 371/215/10
f 389/216/1 56/217/1 83/218/1
f 112/224/6 139/55/6 109/225/6
f 372/226/1 204/227/1 85/228/1
f 131/229/8 220/230/8 139/48/8
f 93/195/8 82/231/8 96/193/8
f 175/232/8 84/233/8 179/234/8
f 73/235/4 45/236/4 74/237/4
f 141/238/10 184/239/10 192/240/10
f 162/241/8 100/242/8 178/243/8
f 63/246/6 35/247/6 64/248/6
f 90/249/8 62/250/8 89/251/8
f 75/237/6 48/252/6 76/235/6
f 219/101/4 259/253/4 218/99/4
f 81/254/4 53/255/4 82/256/4
f 131/179/10 10/257/10 8/177/10
f 6/262/5 229/263/5 187/264/5
f 140/139/5 213/31/5 216/239/5
f 108/271/6 133/272/6 105/273/6
f 94/152/10 283/274/10 96/275/10
f 61/248/4 33/280/4 62/246/4
f 200/101/4 241/253/4 199/99/4
f 131/179/10 186/30/10 126/284/10
f 165/285/1 206/167/1 205/286/1
f 185/45/8 226/46/8 184/47/8
f 89/251/8 5/289/8 90/249/8
f 159/290/4 169/72/4 177/291/4
f 28/89/1 195/125/1 194/88/1
f 26/163/10 209/292/10 212/293/10
f 208/80/11 277/294/7 2/295/7
f 395/296/5 75/297/5 166/10/5
f 206/298/6 247/299/6 205/300/6
f 126/284/10 185/140/10 127/141/10
f 128/302/5 28/163/5 13/162/5
f 181/18/4 222/303/4 180/16/4
f 118/304/6 141/305/6 143/306/6
f 287/307/1 204/227/1 289/308/1
f 193/309/5 236/310/5 196/311/5
f 92/313/10 162/314/10 160/315/10
f 362/316/10 47/317/10 75/187/10
f 374/318/21 31/319/21 60/320/21
f 197/311/10 240/321/10 200/309/10
f 91/322/1 86/323/1 159/324/1
f 129/71/8 200/325/8 27/87/8
f 321/326/8 61/327/8 90/249/8
f 124/69/1 201/111/1 129/71/1
f 285/331/5 135/332/5 137/333/5
f 292/334/10 137/335/10 143/336/10
f 96/275/10 78/151/10 94/152/10
f 4/337/1 207/338/1 87/339/1
f 182/192/1 221/343/1 181/190/1
f 313/344/5 41/345/5 70/346/5
f 113/347/6 131/348/6 112/224/6
f 97/349/6 174/350/6 92/351/6
f 122/352/6 140/353/6 141/305/6
f 129/71/1 193/325/1 196/70/1
f 1/50/1 142/357/1 139/48/1
f 19/358/8 144/110/8 16/109/8
f 110/359/6 136/360/6 120/361/6
f 127/141/5 183/292/5 182/64/5
f 28/163/5 183/292/5 124/284/5
f 178/365/4 168/366/4 162/367/4
f 127/141/5 214/30/5 124/284/5
f 84/218/10 383/371/10 384/372/10
f 98/373/6 171/137/6 100/374/6
f 176/12/10 80/375/10 175/376/10
f 322/383/10 66/384/10 89/385/10
f 92/351/6 173/386/6 98/373/6
f 215/18/4 254/303/4 214/16/4
f 66/390/4 40/391/4 67/392/4
f 355/393/8 232/394/8 190/395/8
f 121/396/6 135/397/6 110/359/6
f 85/228/1 58/398/1 59/399/1
f 121/396/6 143/306/6 137/403/6
f 139/48/1 201/111/1 208/404/1
f 180/190/10 223/191/10 183/192/10
f 86/165/6 166/206/6 101/405/6
f 11/409/10 89/385/10 88/116/10
f 190/410/6 231/411/6 189/412/6
f 126/69/8 217/416/8 131/229/8
f 25/63/10 210/64/10 127/141/10
f 14/109/5 134/108/5 20/358/5
f 216/47/1 257/417/1 215/45/1
f 97/349/6 175/82/6 179/420/6
f 288/421/14 245/422/15 203/169/15
f 210/124/6 250/423/6 209/122/6
f 3/424/7 249/425/7 207/426/7
f 184/427/6 227/428/6 192/429/6
f 393/430/10 77/431/10 96/275/10
f 218/434/1 258/435/1 217/436/1
f 394/437/1 58/398/1 95/438/1
f 159/290/4 161/440/4 178/365/4
f 159/441/5 99/442/5 163/443/5
f 195/68/8 234/444/8 194/66/8
f 140/139/10 185/140/10 184/239/10
f 89/385/10 67/446/10 88/116/10
f 212/122/4 253/123/4 211/124/4
f 160/7/4 168/366/4 167/447/4
f 369/448/8 29/449/8 58/450/8
f 310/451/10 67/446/10 335/452/10
f 297/453/1 136/186/1 135/454/1
f 119/455/4 115/456/4 104/457/4
f 88/116/10 7/458/10 11/409/10
f 93/459/10 354/460/10 391/461/10
f 209/192/5 252/343/5 212/190/5
f 194/98/4 235/199/4 193/96/4
f 164/462/8 97/463/8 160/464/8
f 306/465/1 36/466/1 63/467/1
f 163/443/10 102/469/10 164/470/10
f 83/256/6 55/471/6 84/254/6
f 58/472/25 32/473/25 59/474/25
f 90/475/1 72/476/1 69/477/1
f 173/481/8 64/482/8 171/483/8
f 95/484/5 284/485/5 94/152/5
f 27/87/1 194/88/1 193/325/1
f 25/63/5 180/293/5 28/163/5
f 120/361/6 140/353/6 111/486/6
f 26/163/10 211/65/10 25/63/10
f 172/168/1 70/91/1 71/492/1
f 127/141/10 209/292/10 126/284/10
f 187/264/5 228/496/5 186/497/5
f 298/498/10 293/499/10 191/500/10
f 391/501/8 81/502/8 93/195/8
f 108/271/6 138/503/6 134/504/6
f 20/358/10 138/110/10 19/109/10
f 106/511/6 144/512/6 138/503/6
f 26/89/8 17/517/8 27/87/8
f 220/518/10 261/519/10 219/520/10
f 342/521/1 72/476/1 87/339/1
f 179/522/10 189/523/10 174/86/10
f 129/71/8 220/230/8 219/111/8
f 113/347/6 142/56/6 132/530/6
f 308/533/21 248/534/21 206/535/21
f 188/59/5 275/536/5 7/537/5
f 103/538/6 133/272/6 144/512/6
f 10/539/8 142/540/8 269/541/8
f 174/86/10 65/52/10 173/542/10
f 366/543/1 46/544/1 73/545/1
f 95/438/1 287/307/1 279/552/1
f 166/555/1 60/556/1 57/557/1
f 13/558/1 27/87/1 17/517/1
f 327/562/29 44/563/29 72/564/29
f 87/339/1 5/568/1 4/337/1
f 94/152/5 74/570/5 95/484/5
f 286/572/1 203/573/1 136/186/1
f 329/574/10 34/575/10 61/576/10
f 87/339/1 309/577/1 342/521/1
f 71/578/29 336/579/29 326/580/29
f 322/581/8 62/250/8 307/582/8
f 321/583/1 69/477/1 312/584/1
f 65/585/5 333/586/5 324/587/5
f 189/588/5 341/589/5 314/590/5
f 334/600/8 39/601/8 68/602/8
f 62/603/1 318/604/1 307/605/1
f 311/84/10 189/523/10 314/606/10
f 69/607/5 331/608/5 312/562/5
f 207/426/7 345/609/7 309/610/7
f 320/614/8 64/482/8 328/615/8
f 64/616/10 339/617/10 328/618/10
f 343/166/1 71/492/1 326/619/1
f 343/166/1 327/620/1 342/521/1
f 345/609/7 308/533/21 309/610/7
f 336/579/29 327/562/29 326/580/29
f 318/604/1 306/465/1 307/605/1
f 311/84/10 315/117/10 310/451/10
f 324/53/10 322/383/10 323/51/10
f 312/584/1 320/90/1 321/583/1
f 316/184/8 334/600/8 335/185/8
f 307/582/8 323/623/8 322/581/8
f 335/452/10 311/84/10 310/451/10
f 331/608/5 313/344/5 312/562/5
f 342/521/1 308/624/1 343/166/1
f 341/589/5 315/57/5 314/590/5
f 328/615/8 321/326/8 320/614/8
f 339/617/10 329/574/10 328/618/10
f 333/586/5 325/35/5 324/587/5
f 323/623/8 63/625/8 173/481/8
f 78/545/8 353/626/8 371/627/8
f 191/154/8 357/628/8 354/629/8
f 395/630/1 57/557/1 368/631/1
f 59/632/21 359/633/21 375/634/21
f 392/635/8 83/636/8 175/232/8
f 74/545/10 349/626/10 363/627/10
f 390/637/10 190/638/10 179/522/10
f 373/639/1 60/556/1 165/285/1
f 57/640/8 387/641/8 368/642/8
f 392/643/10 80/375/10 347/644/10
f 82/76/1 361/645/1 388/646/1
f 393/650/8 82/231/8 388/651/8
f 346/652/5 50/653/5 77/654/5
f 373/639/1 205/286/1 365/658/1
f 370/662/8 51/317/8 79/187/8
f 364/663/14 246/173/14 204/664/14
f 351/132/5 76/11/5 367/665/5
f 394/669/5 74/570/5 363/670/5
f 390/671/8 84/233/8 384/672/8
f 372/226/1 59/399/1 375/673/1
f 354/460/10 390/637/10 391/461/10
f 380/188/1 366/543/1 367/189/1
f 384/672/8 391/501/8 390/671/8
f 357/628/8 355/393/8 354/629/8
f 368/631/1 394/437/1 395/630/1
f 387/641/8 369/448/8 368/642/8
f 377/678/5 346/652/5 347/679/5
f 353/626/8 370/662/8 371/627/8
f 388/651/8 392/635/8 393/650/8
f 347/644/10 393/430/10 392/643/10
f 361/645/1 389/216/1 388/646/1
f 379/131/14 364/663/14 365/129/14
f 359/633/21 374/318/21 375/634/21
f 367/665/5 350/150/5 351/132/5
f 373/639/1 364/681/1 372/226/1
f 371/215/10 351/132/10 350/150/10
f 349/626/10 362/316/10 363/627/10
f 363/670/5 395/296/5 394/669/5
f 383/371/10 385/74/10 384/372/10
f 372/226/1 374/682/1 373/639/1
f 80/683/5 377/678/5 347/679/5
f 160/7/4 167/447/4 170/8/4
f 166/10/5 75/297/5 76/11/5
f 183/16/6 223/303/6 224/17/6
f 136/29/5 124/284/5 214/30/5
f 325/35/5 332/1909/5 37/36/5
f 214/45/10 254/417/10 255/46/10
f 139/48/1 208/404/1 2/49/1
f 323/51/10 173/542/10 65/52/10
f 116/54/6 109/225/6 139/55/6
f 315/57/5 340/1911/5 230/58/5
f 72/60/4 44/1912/4 42/61/4
f 25/63/5 127/141/5 182/64/5
f 199/66/1 241/444/1 239/67/1
f 126/69/8 198/125/8 197/70/8
f 164/9/4 170/8/4 169/72/4
f 385/74/10 382/1913/10 54/75/10
f 201/78/5 243/1914/5 244/79/11
f 99/81/6 176/207/6 175/82/6
f 311/84/10 334/1915/10 68/85/10
f 27/87/8 200/325/8 199/88/8
f 320/90/1 313/1916/1 70/91/1
f 196/96/6 236/199/6 237/97/6
f 217/99/6 258/253/6 260/100/6
f 79/102/6 51/211/6 52/103/6
f 133/108/1 14/358/1 16/109/1
f 126/69/8 129/71/8 219/111/8
f 88/116/10 310/451/10 315/117/10
f 186/122/4 228/423/4 225/123/4
f 26/89/8 199/88/8 198/125/8
f 213/16/6 255/303/6 256/17/6
f 365/129/14 205/1917/14 247/130/14
f 351/132/10 370/1918/10 79/11/10
f 91/136/6 100/374/6 171/137/6
f 140/139/5 216/239/5 215/140/5
f 60/144/6 31/1919/6 30/145/6
f 70/147/6 41/1920/6 43/148/6
f 350/150/5 366/1921/5 73/151/5
f 227/153/8 233/1922/8 191/154/8
f 25/63/10 128/302/10 125/162/10
f 91/136/6 172/138/6 165/164/6
f 343/166/1 308/624/1 206/167/1
f 203/169/15 245/422/15 242/170/8
f 289/172/14 204/664/14 246/173/14
f 8/177/10 6/1923/10 187/178/10
f 67/183/8 40/1924/8 316/184/8
f 198/99/6 239/253/6 238/100/6
f 136/186/1 203/573/1 202/112/1
f 124/69/1 129/71/1 196/70/1
f 76/187/1 48/317/1 380/188/1
f 211/190/8 253/343/8 251/191/8
f 96/193/8 283/1925/8 298/194/8
f 202/98/4 242/97/4 243/199/4
f 68/203/6 39/1927/6 38/204/6
f 99/81/6 101/405/6 166/206/6
f 77/104/4 50/103/4 49/211/4
f 293/212/8 292/1930/8 143/213/8
f 350/150/10 94/152/10 78/151/10
f 389/216/1 360/1931/1 56/217/1
f 112/224/6 131/348/6 139/55/6
f 372/226/1 364/681/1 204/227/1
f 131/229/8 217/416/8 220/230/8
f 93/195/8 81/502/8 82/231/8
f 175/232/8 83/636/8 84/233/8
f 73/235/4 46/252/4 45/236/4
f 141/238/10 140/139/10 184/239/10
f 162/241/8 98/1932/8 100/242/8
f 63/246/6 36/280/6 35/247/6
f 90/249/8 61/327/8 62/250/8
f 75/237/6 47/236/6 48/252/6
f 219/101/4 261/100/4 259/253/4
f 81/254/4 54/471/4 53/255/4
f 131/179/10 132/1933/10 10/257/10
f 6/262/5 274/1937/5 229/263/5
f 140/139/5 136/29/5 213/31/5
f 108/271/6 134/504/6 133/272/6
f 94/152/10 284/485/10 283/274/10
f 61/248/4 34/247/4 33/280/4
f 200/101/4 240/100/4 241/253/4
f 131/179/10 187/178/10 186/30/10
f 165/285/1 172/168/1 206/167/1
f 185/45/8 225/417/8 226/46/8
f 89/251/8 12/1941/8 5/289/8
f 159/290/4 163/73/4 169/72/4
f 28/89/1 124/69/1 195/125/1
f 26/163/10 126/284/10 209/292/10
f 208/80/11 244/79/11 277/294/7
f 395/296/5 362/1942/5 75/297/5
f 206/298/6 248/1943/6 247/299/6
f 126/284/10 186/30/10 185/140/10
f 128/302/5 25/63/5 28/163/5
f 181/18/4 221/17/4 222/303/4
f 118/304/6 122/352/6 141/305/6
f 287/307/1 85/228/1 204/227/1
f 193/309/5 235/321/5 236/310/5
f 160/315/10 97/1944/10 92/313/10
f 92/313/10 98/1945/10 162/314/10
f 362/316/10 348/678/10 47/317/10
f 374/318/21 358/1946/21 31/319/21
f 197/311/10 238/310/10 240/321/10
f 178/1947/1 100/1948/1 91/322/1
f 86/323/1 101/1949/1 159/324/1
f 178/1947/1 91/322/1 159/324/1
f 129/71/8 197/70/8 200/325/8
f 321/326/8 329/1950/8 61/327/8
f 124/69/1 202/112/1 201/111/1
f 285/331/5 297/1952/5 135/332/5
f 292/334/10 285/1953/10 137/335/10
f 96/275/10 77/431/10 78/151/10
f 4/337/1 3/1954/1 207/338/1
f 182/192/1 224/191/1 221/343/1
f 313/344/5 330/579/5 41/345/5
f 113/347/6 132/530/6 131/348/6
f 97/349/6 179/420/6 174/350/6
f 122/352/6 111/486/6 140/353/6
f 129/71/1 27/87/1 193/325/1
f 1/50/1 269/1956/1 142/357/1
f 19/358/8 138/108/8 144/110/8
f 110/359/6 135/397/6 136/360/6
f 127/141/5 124/284/5 183/292/5
f 28/163/5 180/293/5 183/292/5
f 178/365/4 161/440/4 168/366/4
f 127/141/5 215/140/5 214/30/5
f 84/218/10 55/217/10 383/371/10
f 98/373/6 173/386/6 171/137/6
f 176/12/10 79/11/10 80/375/10
f 322/383/10 325/1960/10 66/384/10
f 92/351/6 174/350/6 173/386/6
f 215/18/4 257/17/4 254/303/4
f 66/390/4 37/1964/4 40/391/4
f 355/393/8 356/1965/8 232/394/8
f 121/396/6 137/403/6 135/397/6
f 85/228/1 95/438/1 58/398/1
f 121/396/6 118/304/6 143/306/6
f 139/48/1 129/71/1 201/111/1
f 180/190/10 222/343/10 223/191/10
f 86/165/6 165/164/6 166/206/6
f 11/409/10 12/1966/10 89/385/10
f 190/410/6 232/1967/6 231/411/6
f 126/69/8 218/112/8 217/416/8
f 25/63/10 211/65/10 210/64/10
f 14/109/5 133/110/5 134/108/5
f 216/47/1 256/46/1 257/417/1
f 97/349/6 102/83/6 175/82/6
f 288/421/14 303/1968/14 245/422/15
f 210/124/6 251/123/6 250/423/6
f 3/424/7 276/1969/7 249/425/7
f 184/427/6 226/1970/6 227/428/6
f 393/430/10 346/1971/10 77/431/10
f 218/434/1 259/1972/1 258/435/1
f 394/437/1 369/1973/1 58/398/1
f 159/290/4 177/291/4 161/440/4
f 159/441/5 101/1974/5 99/442/5
f 195/68/8 237/67/8 234/444/8
f 140/139/10 127/141/10 185/140/10
f 89/385/10 66/384/10 67/446/10
f 212/122/4 252/423/4 253/123/4
f 160/7/4 162/367/4 168/366/4
f 369/448/8 386/1976/8 29/449/8
f 310/451/10 88/116/10 67/446/10
f 297/453/1 286/572/1 136/186/1
f 104/457/4 107/1977/4 119/455/4
f 107/1977/4 117/1978/4 119/455/4
f 119/455/4 114/1979/4 115/456/4
f 88/116/10 188/118/10 7/458/10
f 93/459/10 191/500/10 354/460/10
f 209/192/5 250/191/5 252/343/5
f 194/98/4 234/97/4 235/199/4
f 164/462/8 102/1980/8 97/463/8
f 306/465/1 319/1981/1 36/466/1
f 163/443/10 99/442/10 102/469/10
f 83/256/6 56/255/6 55/471/6
f 58/472/25 29/1982/25 32/473/25
f 90/475/1 87/339/1 72/476/1
f 173/481/8 63/625/8 64/482/8
f 95/484/5 279/1983/5 284/485/5
f 27/87/1 28/89/1 194/88/1
f 25/63/5 181/65/5 180/293/5
f 120/361/6 136/360/6 140/353/6
f 26/163/10 212/293/10 211/65/10
f 172/168/1 171/92/1 70/91/1
f 127/141/10 210/64/10 209/292/10
f 187/264/5 229/263/5 228/496/5
f 293/499/10 141/238/10 192/240/10
f 192/240/10 191/500/10 293/499/10
f 191/500/10 93/459/10 298/498/10
f 391/501/8 385/1986/8 81/502/8
f 108/271/6 106/511/6 138/503/6
f 20/358/10 134/108/10 138/110/10
f 106/511/6 103/538/6 144/512/6
f 26/89/8 125/558/8 17/517/8
f 220/518/10 260/1990/10 261/519/10
f 342/521/1 327/620/1 72/476/1
f 179/522/10 190/638/10 189/523/10
f 129/71/8 139/48/8 220/230/8
f 113/347/6 116/54/6 142/56/6
f 308/533/21 344/1991/21 248/534/21
f 188/59/5 230/58/5 275/536/5
f 103/538/6 105/273/6 133/272/6
f 10/539/8 132/1992/8 142/540/8
f 174/86/10 68/85/10 65/52/10
f 366/543/1 381/1993/1 46/544/1
f 95/438/1 85/228/1 287/307/1
f 166/555/1 165/285/1 60/556/1
f 13/558/1 28/89/1 27/87/1
f 327/562/29 337/2007/29 44/563/29
f 87/339/1 90/475/1 5/568/1
f 94/152/5 73/151/5 74/570/5
f 286/572/1 288/2009/1 203/573/1
f 329/574/10 338/2010/10 34/575/10
f 87/339/1 207/338/1 309/577/1
f 71/578/29 43/2011/29 336/579/29
f 322/581/8 89/251/8 62/250/8
f 321/583/1 90/475/1 69/477/1
f 65/585/5 38/2012/5 333/586/5
f 189/588/5 231/2013/5 341/589/5
f 334/600/8 317/2017/8 39/601/8
f 62/603/1 33/2018/1 318/604/1
f 311/84/10 174/86/10 189/523/10
f 69/607/5 42/2019/5 331/608/5
f 207/426/7 249/425/7 345/609/7
f 320/614/8 171/483/8 64/482/8
f 64/616/10 35/2021/10 339/617/10
f 343/166/1 172/168/1 71/492/1
f 343/166/1 326/619/1 327/620/1
f 345/609/7 344/1991/21 308/533/21
f 336/579/29 337/2007/29 327/562/29
f 318/604/1 319/1981/1 306/465/1
f 311/84/10 314/606/10 315/117/10
f 324/53/10 325/1960/10 322/383/10
f 312/584/1 313/1916/1 320/90/1
f 316/184/8 317/2017/8 334/600/8
f 307/582/8 306/2022/8 323/623/8
f 335/452/10 334/1915/10 311/84/10
f 331/608/5 330/579/5 313/344/5
f 342/521/1 309/577/1 308/624/1
f 341/589/5 340/1911/5 315/57/5
f 328/615/8 329/1950/8 321/326/8
f 339/617/10 338/2010/10 329/574/10
f 333/586/5 332/1909/5 325/35/5
f 323/623/8 306/2022/8 63/625/8
f 78/545/8 49/544/8 353/626/8
f 191/154/8 233/1922/8 357/628/8
f 395/630/1 166/555/1 57/557/1
f 59/632/21 32/2023/21 359/633/21
f 392/635/8 389/2024/8 83/636/8
f 74/545/10 45/544/10 349/626/10
f 390/637/10 355/2025/10 190/638/10
f 373/639/1 374/682/1 60/556/1
f 57/640/8 30/2026/8 387/641/8
f 392/643/10 175/376/10 80/375/10
f 82/76/1 53/75/1 361/645/1
f 393/650/8 96/193/8 82/231/8
f 346/652/5 376/2028/5 50/653/5
f 373/639/1 165/285/1 205/286/1
f 370/662/8 352/2031/8 51/317/8
f 364/663/14 378/2032/14 246/173/14
f 351/132/5 176/12/5 76/11/5
f 394/669/5 95/484/5 74/570/5
f 390/671/8 179/234/8 84/233/8
f 372/226/1 85/228/1 59/399/1
f 354/460/10 355/2025/10 390/637/10
f 380/188/1 381/1993/1 366/543/1
f 384/672/8 385/1986/8 391/501/8
f 357/628/8 356/1965/8 355/393/8
f 368/631/1 369/1973/1 394/437/1
f 387/641/8 386/1976/8 369/448/8
f 377/678/5 376/2028/5 346/652/5
f 353/626/8 352/2031/8 370/662/8
f 388/651/8 389/2024/8 392/635/8
f 347/644/10 346/1971/10 393/430/10
f 361/645/1 360/1931/1 389/216/1
f 379/131/14 378/2032/14 364/663/14
f 359/633/21 358/1946/21 374/318/21
f 367/665/5 366/1921/5 350/150/5
f 373/639/1 365/658/1 364/681/1
f 371/215/10 370/1918/10 351/132/10
f 349/626/10 348/678/10 362/316/10
f 363/670/5 362/1942/5 395/296/5
f 383/371/10 382/1913/10 385/74/10
f 372/226/1 375/673/1 374/682/1
f 80/683/5 52/2033/5 377/678/5
usemtl GT_MC_Tiling_Dark_Metal_Cladding
f 280/4/2 283/5/3 299/6/3
f 278/13/6 285/14/6 300/15/6
f 277/19/7 276/20/7 3/21/7
f 153/22/6 146/23/6 145/24/6
f 281/25/8 299/26/8 282/27/8
f 302/13/9 284/14/4 279/28/9
f 23/32/6 14/33/6 24/34/6
f 290/41/10 295/42/10 303/43/10
f 15/44/4 13/33/4 123/34/4
f 277/19/7 3/21/7 2/77/7
f 112/93/1 146/94/1 113/95/1
f 120/105/10 149/106/10 110/107/10
f 275/113/5 6/114/5 7/115/5
f 15/119/10 21/120/10 18/121/10
f 265/126/12 2/127/13 273/128/13
f 123/133/5 22/134/5 15/135/5
f 130/32/4 125/142/4 18/143/4
f 168/156/10 119/157/10 167/158/10
f 263/159/4 7/160/4 270/161/4
f 122/175/10 154/176/10 111/105/10
f 118/180/5 155/181/5 122/182/5
f 168/196/8 115/197/8 114/198/8
f 108/200/1 152/201/1 106/202/1
f 263/208/10 262/209/10 267/210/10
f 116/95/10 153/219/10 109/93/10
f 281/4/16 292/5/17 293/223/16
f 270/244/5 6/114/5 271/245/5
f 262/159/6 10/258/6 266/259/6
f 264/260/1 268/210/1 9/261/1
f 304/265/18 289/266/19 294/267/19
f 304/265/18 279/28/9 287/276/18
f 264/277/20 5/278/4 268/279/4
f 300/15/6 292/5/17 282/6/17
f 177/287/5 107/288/5 104/197/5
f 24/34/6 20/301/6 22/44/6
f 123/34/4 17/312/4 130/32/4
f 291/328/14 305/329/14 294/330/14
f 299/6/3 284/14/4 301/15/4
f 152/340/6 147/341/6 158/342/6
f 18/143/4 128/301/4 15/44/4
f 296/354/22 288/355/23 286/356/22
f 296/354/22 297/28/6 278/13/6
f 296/362/1 302/363/1 304/364/1
f 111/182/5 150/377/5 120/378/5
f 272/379/24 4/380/20 264/277/20
f 24/381/1 130/382/1 23/120/1
f 149/387/6 150/388/6 154/389/6
f 268/279/4 12/258/4 267/259/4
f 266/259/6 269/278/6 9/279/6
f 105/406/8 148/407/8 108/408/8
f 22/44/6 19/142/6 21/143/6
f 113/413/5 156/414/5 116/415/5
f 21/143/6 16/312/6 23/32/6
f 169/418/10 117/157/10 107/419/10
f 273/432/7 3/21/7 272/433/7
f 109/415/8 145/439/8 112/413/8
f 170/445/8 119/198/8 117/288/8
f 110/378/8 151/468/8 121/180/8
f 281/487/1 298/488/1 280/489/1
f 290/505/26 288/355/23 305/506/27
f 18/135/8 23/507/8 130/508/8
f 121/107/1 157/509/1 118/175/1
f 106/408/5 158/510/5 103/406/5
f 266/245/8 268/513/8 267/244/8
f 177/524/1 115/525/1 161/156/1
f 263/159/4 12/258/4 11/529/4
f 291/531/28 289/266/19 295/532/28
f 271/161/6 8/529/6 262/159/6
f 282/546/10 301/547/10 300/548/10
f 278/549/5 301/550/5 302/551/5
f 275/113/5 274/553/5 6/114/5
f 103/202/10 147/554/10 105/200/10
f 265/126/12 269/278/6 1/569/12
f 304/364/1 305/571/1 296/362/1
f 457/808/8 458/809/8 456/810/8
f 459/811/6 462/812/6 458/813/6
f 463/814/5 460/810/5 462/809/5
f 461/815/4 456/813/4 460/812/4
f 462/816/1 456/817/1 458/818/1
f 459/818/10 461/819/10 463/816/10
f 466/820/8 465/821/8 464/822/8
f 470/823/6 467/824/6 466/825/6
f 468/822/5 471/826/5 470/820/5
f 464/825/4 469/827/4 468/823/4
f 464/828/10 470/829/10 466/830/10
f 469/831/1 467/830/1 471/829/1
f 534/834/8 533/835/8 532/836/8
f 538/837/6 535/838/6 534/839/6
f 536/836/5 539/840/5 538/834/5
f 532/839/4 537/841/4 536/837/4
f 532/842/10 538/843/10 534/844/10
f 537/845/1 535/844/1 539/843/1
f 541/846/8 542/847/8 540/848/8
f 543/849/6 546/850/6 542/851/6
f 547/852/5 544/848/5 546/847/5
f 545/853/4 540/851/4 544/850/4
f 546/854/1 540/855/1 542/856/1
f 543/856/10 545/857/10 547/854/10
f 609/862/1 610/863/1 608/864/1
f 611/865/6 614/866/6 610/867/6
f 615/868/10 612/864/10 614/863/10
f 613/869/4 608/867/4 612/866/4
f 614/870/5 608/871/5 610/872/5
f 611/872/8 613/873/8 615/870/8
f 618/874/1 617/875/1 616/876/1
f 622/877/6 619/878/6 618/879/6
f 620/876/10 623/880/10 622/874/10
f 616/879/4 621/881/4 620/877/4
f 616/882/8 622/883/8 618/884/8
f 621/885/5 619/884/5 623/883/5
f 686/888/1 685/889/1 684/890/1
f 690/891/6 687/892/6 686/893/6
f 688/890/10 691/894/10 690/888/10
f 684/893/4 689/895/4 688/891/4
f 684/896/8 690/897/8 686/898/8
f 689/899/5 687/898/5 691/897/5
f 693/900/1 694/901/1 692/902/1
f 695/903/6 698/904/6 694/905/6
f 699/906/10 696/902/10 698/901/10
f 697/907/4 692/905/4 696/904/4
f 698/908/5 692/909/5 694/910/5
f 695/910/8 697/911/8 699/908/8
f 762/913/1 761/914/1 760/915/1
f 766/916/6 763/917/6 762/918/6
f 764/915/10 767/919/10 766/913/10
f 760/918/4 765/920/4 764/916/4
f 760/921/8 766/922/8 762/923/8
f 765/924/5 763/923/5 767/922/5
f 769/925/1 770/926/1 768/927/1
f 771/928/6 774/929/6 770/930/6
f 775/931/10 772/927/10 774/926/10
f 773/932/4 768/930/4 772/929/4
f 774/933/5 768/934/5 770/935/5
f 771/935/8 773/936/8 775/933/8
f 837/939/1 838/940/1 836/941/1
f 839/942/6 842/943/6 838/944/6
f 843/945/10 840/941/10 842/940/10
f 841/946/4 836/944/4 840/943/4
f 842/947/5 836/948/5 838/949/5
f 839/949/8 841/950/8 843/947/8
f 846/951/1 845/952/1 844/953/1
f 850/954/6 847/955/6 846/956/6
f 848/953/10 851/957/10 850/951/10
f 844/956/4 849/958/4 848/954/4
f 844/959/8 850/960/8 846/961/8
f 849/962/5 847/961/5 851/960/5
f 913/963/10 914/964/10 912/965/10
f 915/966/6 918/967/6 914/968/6
f 919/969/1 916/965/1 918/964/1
f 917/970/4 912/968/4 916/967/4
f 918/971/8 912/972/8 914/973/8
f 915/973/5 917/974/5 919/971/5
f 922/975/10 921/976/10 920/977/10
f 926/978/6 923/979/6 922/980/6
f 924/977/1 927/981/1 926/975/1
f 920/980/4 925/982/4 924/978/4
f 920/972/5 926/983/5 922/984/5
f 925/985/8 923/984/8 927/983/8
f 989/987/10 990/988/10 988/989/10
f 991/990/6 994/991/6 990/992/6
f 995/993/1 992/989/1 994/988/1
f 993/994/4 988/992/4 992/991/4
f 994/995/8 988/996/8 990/997/8
f 991/997/5 993/998/5 995/995/5
f 998/999/10 997/1000/10 996/1001/10
f 1002/1002/6 999/1003/6 998/1004/6
f 1000/1001/1 1003/1005/1 1002/999/1
f 996/1004/4 1001/1006/4 1000/1002/4
f 996/996/5 1002/1007/5 998/997/5
f 1001/1008/8 999/997/8 1003/1007/8
f 1065/1011/10 1066/1012/10 1064/1013/10
f 1067/1014/6 1070/1015/6 1066/1016/6
f 1071/1017/1 1068/1018/1 1070/1012/1
f 1068/1019/4 1065/1014/4 1064/1016/4
f 1070/1020/8 1064/1021/8 1066/1022/8
f 1067/1022/5 1069/1023/5 1071/1020/5
f 1074/1024/10 1073/1025/10 1072/1026/10
f 1074/1027/6 1079/1028/6 1075/1029/6
f 1076/1026/1 1079/1030/1 1078/1024/1
f 1072/1027/4 1077/1028/4 1076/1031/4
f 1072/1032/5 1078/1033/5 1074/1034/5
f 1077/1035/8 1075/1036/8 1079/1037/8
f 1142/1040/10 1141/1041/10 1140/1042/10
f 1146/1043/6 1143/1044/6 1142/1045/6
f 1144/1042/1 1147/1046/1 1146/1047/1
f 1140/1045/4 1145/1048/4 1144/1043/4
f 1142/1049/5 1144/1050/5 1146/1051/5
f 1145/1050/8 1143/1052/8 1147/1051/8
f 1149/1053/10 1150/1054/10 1148/1055/10
f 1151/1056/6 1154/1057/6 1150/1058/6
f 1155/1059/1 1152/1055/1 1154/1054/1
f 1153/1060/4 1148/1058/4 1152/1057/4
f 1154/1061/8 1148/1062/8 1150/1063/8
f 1151/1063/5 1153/1064/5 1155/1061/5
f 1193/1065/1 1177/1066/1 1192/1067/1
f 1195/1068/30 1158/1069/30 1159/1070/30
f 1186/1071/31 1177/1072/31 1176/1073/31
f 1168/1074/1 1156/1075/1 1157/1076/1
f 1161/1077/10 1165/1078/10 1160/1079/10
f 1174/1080/10 1172/1076/10 1173/1075/10
f 1162/1081/1 1170/1075/1 1171/1076/1
f 1188/1082/8 1169/1083/8 1168/1084/8
f 1186/1085/1 1181/1081/1 1187/1066/1
f 1166/1086/8 1184/1087/8 1185/1088/8
f 1182/1081/10 1167/1089/10 1166/1090/10
f 1157/1084/8 1173/1087/8 1172/1088/8
f 1185/1090/10 1161/1077/10 1160/1079/10
f 1181/1091/5 1163/1092/5 1162/1093/5
f 1192/1067/1 1158/1094/1 1193/1065/1
f 1191/1095/5 1165/1088/5 1164/1087/5
f 1178/1096/8 1171/1093/8 1170/1092/8
f 1189/1097/10 1179/1076/10 1178/1075/10
f 1183/1098/5 1175/1088/5 1174/1087/5
f 1233/1065/10 1217/1099/10 1216/1100/10
f 1198/1101/31 1235/1102/31 1199/1103/31
f 1217/1103/30 1226/1104/30 1216/1101/30
f 1196/1105/10 1208/1106/10 1197/1107/10
f 1201/1077/1 1205/1108/1 1204/1109/1
f 1212/1107/1 1214/1110/1 1213/1105/1
f 1210/1105/10 1202/1111/10 1211/1107/10
f 1209/1112/5 1228/1113/5 1208/1114/5
f 1226/1100/10 1221/1111/10 1220/1110/10
f 1224/1115/5 1206/1116/5 1225/1117/5
f 1207/1118/1 1222/1111/1 1206/1119/1
f 1213/1115/5 1197/1114/5 1212/1117/5
f 1201/1077/1 1225/1119/1 1200/1079/1
f 1203/1101/8 1221/1120/8 1202/1103/8
f 1232/1067/10 1198/1121/10 1199/1122/10
f 1205/1117/8 1231/1095/8 1204/1115/8
f 1211/1103/5 1218/1123/5 1210/1101/5
f 1219/1107/1 1229/1124/1 1218/1105/1
f 1215/1117/8 1223/1125/8 1214/1115/8
f 1193/1126/4 1216/1127/32 1176/1128/32
f 1192/1129/6 1217/1130/33 1232/1131/6
f 1195/1132/13 1199/1133/34 1235/1134/13
f 1194/1094/10 1235/1122/10 1234/1121/10
f 1194/1135/24 1198/1136/35 1158/1137/35
f 1186/1138/36 1216/1127/32 1226/1139/36
f 1187/1140/37 1217/1130/33 1177/1141/33
f 1168/1142/6 1197/1143/6 1208/1144/6
f 1169/1142/4 1196/1143/4 1156/1145/4
f 1161/1146/4 1204/1147/4 1164/1148/4
f 1160/1146/6 1205/1149/6 1200/1150/6
f 1174/1151/4 1213/1152/4 1214/1153/4
f 1175/1151/6 1212/1152/6 1172/1154/6
f 1162/1155/6 1211/1156/6 1202/1157/6
f 1163/1155/4 1210/1156/4 1170/1158/4
f 1168/1142/6 1228/1159/6 1188/1160/6
f 1189/1160/4 1209/1144/4 1169/1142/4
f 1186/1138/36 1220/1161/4 1180/1162/4
f 1181/1162/6 1227/1163/37 1187/1140/37
f 1166/1164/6 1225/1165/6 1206/1166/6
f 1167/1164/4 1224/1165/4 1184/1167/4
f 1166/1164/6 1222/1168/6 1182/1169/6
f 1183/1169/4 1207/1166/4 1167/1164/4
f 1172/1154/6 1197/1143/6 1157/1145/6
f 1173/1154/4 1196/1143/4 1213/1152/4
f 1160/1146/6 1225/1165/6 1185/1167/6
f 1161/1146/4 1224/1165/4 1201/1150/4
f 1181/1162/6 1202/1157/6 1221/1161/6
f 1180/1162/4 1203/1157/4 1163/1155/4
f 1192/1129/6 1199/1133/34 1159/1170/34
f 1193/1126/4 1198/1136/35 1233/1171/4
f 1191/1172/4 1204/1147/4 1231/1173/4
f 1190/1078/1 1231/1109/1 1230/1108/1
f 1190/1172/6 1205/1149/6 1165/1148/6
f 1170/1158/4 1218/1174/4 1178/1175/4
f 1171/1158/6 1219/1174/6 1211/1156/6
f 1189/1160/4 1218/1174/4 1229/1159/4
f 1188/1160/6 1219/1174/6 1179/1175/6
f 1183/1169/4 1214/1153/4 1223/1168/4
f 1182/1169/6 1215/1153/6 1175/1151/6
f 1273/1176/1 1257/1177/1 1272/1178/1
f 1275/1179/30 1238/1180/30 1239/1181/30
f 1266/1182/31 1257/1183/31 1256/1184/31
f 1248/1185/1 1236/1186/1 1237/1187/1
f 1241/1188/10 1245/1189/10 1240/1190/10
f 1254/1191/10 1252/1187/10 1253/1186/10
f 1242/1192/1 1250/1186/1 1251/1187/1
f 1268/1193/8 1249/1194/8 1248/1195/8
f 1266/1196/1 1261/1192/1 1267/1177/1
f 1246/1197/8 1264/1198/8 1265/1199/8
f 1262/1192/10 1247/1200/10 1246/1201/10
f 1237/1195/8 1253/1198/8 1252/1199/8
f 1265/1201/10 1241/1188/10 1240/1190/10
f 1261/1202/5 1243/1203/5 1242/1204/5
f 1272/1178/1 1238/1205/1 1273/1176/1
f 1271/1206/5 1245/1199/5 1244/1198/5
f 1258/1207/8 1251/1204/8 1250/1203/8
f 1269/1208/10 1259/1187/10 1258/1186/10
f 1263/1209/5 1255/1199/5 1254/1198/5
f 1313/1176/10 1297/1210/10 1296/1211/10
f 1278/1212/31 1315/1213/31 1279/1214/31
f 1297/1214/30 1306/1215/30 1296/1212/30
f 1276/1216/10 1288/1217/10 1277/1218/10
f 1281/1188/1 1285/1219/1 1284/1220/1
f 1292/1218/1 1294/1221/1 1293/1216/1
f 1290/1216/10 1282/1222/10 1291/1218/10
f 1289/1223/5 1308/1224/5 1288/1225/5
f 1306/1211/10 1301/1222/10 1300/1221/10
f 1304/1226/5 1286/1227/5 1305/1228/5
f 1287/1229/1 1302/1222/1 1286/1230/1
f 1293/1226/5 1277/1225/5 1292/1228/5
f 1281/1188/1 1305/1230/1 1280/1190/1
f 1283/1212/8 1301/1231/8 1282/1214/8
f 1312/1178/10 1278/1232/10 1279/1233/10
f 1285/1228/8 1311/1206/8 1284/1226/8
f 1291/1214/5 1298/1234/5 1290/1212/5
f 1299/1218/1 1309/1235/1 1298/1216/1
f 1295/1228/8 1303/1236/8 1294/1226/8
f 1273/1126/4 1296/1127/32 1256/1128/32
f 1272/1129/6 1297/1130/33 1312/1131/6
f 1275/1132/13 1279/1133/34 1315/1134/13
f 1274/1205/10 1315/1233/10 1314/1232/10
f 1274/1135/24 1278/1136/35 1238/1137/35
f 1266/1138/36 1296/1127/32 1306/1139/36
f 1267/1140/37 1297/1130/33 1257/1141/33
f 1248/1142/6 1277/1143/6 1288/1144/6
f 1249/1142/4 1276/1143/4 1236/1145/4
f 1241/1146/4 1284/1147/4 1244/1148/4
f 1240/1146/6 1285/1149/6 1280/1150/6
f 1254/1151/4 1293/1152/4 1294/1153/4
f 1255/1151/6 1292/1152/6 1252/1154/6
f 1242/1155/6 1291/1156/6 1282/1157/6
f 1243/1155/4 1290/1156/4 1250/1158/4
f 1248/1142/6 1308/1159/6 1268/1160/6
f 1269/1160/4 1289/1144/4 1249/1142/4
f 1266/1138/36 1300/1161/4 1260/1162/4
f 1261/1162/6 1307/1163/17 1267/1140/37
f 1246/1164/6 1305/1165/6 1286/1166/6
f 1247/1164/4 1304/1165/4 1264/1167/4
f 1246/1164/6 1302/1168/6 1262/1169/6
f 1263/1169/4 1287/1166/4 1247/1164/4
f 1252/1154/6 1277/1143/6 1237/1145/6
f 1253/1154/4 1276/1143/4 1293/1152/4
f 1240/1146/6 1305/1165/6 1265/1167/6
f 1241/1146/4 1304/1165/4 1281/1150/4
f 1261/1162/6 1282/1157/6 1301/1161/6
f 1260/1162/4 1283/1157/4 1243/1155/4
f 1272/1129/6 1279/1133/34 1239/1170/34
f 1273/1126/4 1278/1136/35 1313/1171/4
f 1271/1172/4 1284/1147/4 1311/1173/4
f 1270/1189/1 1311/1220/1 1310/1219/1
f 1270/1172/6 1285/1149/6 1245/1148/6
f 1250/1158/4 1298/1174/4 1258/1175/4
f 1251/1158/6 1299/1174/6 1291/1156/6
f 1269/1160/4 1298/1174/4 1309/1159/4
f 1268/1160/6 1299/1174/6 1259/1175/6
f 1263/1169/4 1294/1153/4 1303/1168/4
f 1262/1169/6 1295/1153/6 1255/1151/6
f 1353/1237/1 1337/1238/1 1352/1239/1
f 1355/1240/30 1318/1241/30 1319/1242/30
f 1346/1243/31 1337/1244/31 1336/1245/31
f 1328/1246/1 1316/1247/1 1317/1248/1
f 1321/1249/10 1325/1250/10 1320/1251/10
f 1334/1252/10 1332/1248/10 1333/1247/10
f 1322/1253/1 1330/1247/1 1331/1248/1
f 1348/1254/8 1329/1255/8 1328/1256/8
f 1346/1257/1 1341/1253/1 1347/1238/1
f 1326/1258/8 1344/1259/8 1345/1260/8
f 1342/1253/10 1327/1261/10 1326/1262/10
f 1317/1256/8 1333/1259/8 1332/1260/8
f 1345/1262/10 1321/1249/10 1320/1251/10
f 1341/1263/5 1323/1264/5 1322/1265/5
f 1352/1239/1 1318/1266/1 1353/1237/1
f 1351/1267/5 1325/1260/5 1324/1259/5
f 1338/1268/8 1331/1265/8 1330/1264/8
f 1349/1269/10 1339/1248/10 1338/1247/10
f 1343/1270/5 1335/1260/5 1334/1259/5
f 1393/1237/10 1377/1271/10 1376/1272/10
f 1358/1273/31 1395/1274/31 1359/1275/31
f 1377/1275/30 1386/1276/30 1376/1273/30
f 1356/1277/10 1368/1278/10 1357/1279/10
f 1361/1249/1 1365/1280/1 1364/1281/1
f 1372/1279/1 1374/1282/1 1373/1277/1
f 1370/1277/10 1362/1283/10 1371/1279/10
f 1369/1284/5 1388/1285/5 1368/1286/5
f 1386/1272/10 1381/1283/10 1380/1282/10
f 1384/1287/5 1366/1288/5 1385/1289/5
f 1367/1290/1 1382/1283/1 1366/1291/1
f 1373/1287/5 1357/1286/5 1372/1289/5
f 1361/1249/1 1385/1291/1 1360/1251/1
f 1363/1273/8 1381/1292/8 1362/1275/8
f 1392/1239/10 1358/1293/10 1359/1294/10
f 1365/1289/8 1391/1267/8 1364/1287/8
f 1371/1275/5 1378/1295/5 1370/1273/5
f 1379/1279/1 1389/1296/1 1378/1277/1
f 1375/1289/8 1383/1297/8 1374/1287/8
f 1353/1126/4 1376/1127/32 1336/1128/32
f 1352/1129/6 1377/1130/33 1392/1131/6
f 1355/1132/13 1359/1133/38 1395/1134/13
f 1354/1266/10 1395/1294/10 1394/1293/10
f 1354/1135/24 1358/1136/35 1318/1137/35
f 1346/1138/9 1376/1127/32 1386/1139/9
f 1347/1140/17 1377/1130/33 1337/1141/33
f 1328/1142/6 1357/1143/6 1368/1144/6
f 1329/1142/4 1356/1143/4 1316/1145/4
f 1321/1146/4 1364/1147/4 1324/1148/4
f 1320/1146/6 1365/1149/6 1360/1150/6
f 1334/1151/4 1373/1152/4 1374/1153/4
f 1335/1151/6 1372/1152/6 1332/1154/6
f 1322/1155/6 1371/1156/6 1362/1157/6
f 1323/1155/4 1370/1156/4 1330/1158/4
f 1328/1142/6 1388/1159/6 1348/1160/6
f 1349/1160/4 1369/1144/4 1329/1142/4
f 1346/1138/9 1380/1161/4 1340/1162/4
f 1341/1162/6 1387/1163/17 1347/1140/17
f 1326/1164/6 1385/1165/6 1366/1166/6
f 1327/1164/4 1384/1165/4 1344/1167/4
f 1326/1164/6 1382/1168/6 1342/1169/6
f 1343/1169/4 1367/1166/4 1327/1164/4
f 1332/1154/6 1357/1143/6 1317/1145/6
f 1333/1154/4 1356/1143/4 1373/1152/4
f 1320/1146/6 1385/1165/6 1345/1167/6
f 1321/1146/4 1384/1165/4 1361/1150/4
f 1341/1162/6 1362/1157/6 1381/1161/6
f 1340/1162/4 1363/1157/4 1323/1155/4
f 1352/1129/6 1359/1133/38 1319/1170/38
f 1353/1126/4 1358/1136/35 1393/1171/4
f 1351/1172/4 1364/1147/4 1391/1173/4
f 1350/1250/1 1391/1281/1 1390/1280/1
f 1350/1172/6 1365/1149/6 1325/1148/6
f 1330/1158/4 1378/1174/4 1338/1175/4
f 1331/1158/6 1379/1174/6 1371/1156/6
f 1349/1160/4 1378/1174/4 1389/1159/4
f 1348/1160/6 1379/1174/6 1339/1175/6
f 1343/1169/4 1374/1153/4 1383/1168/4
f 1342/1169/6 1375/1153/6 1335/1151/6
f 1426/1298/10 1402/1299/10 1403/1300/10
f 1404/1301/10 1440/1302/10 1441/1303/10
f 1430/1304/1 1416/1305/1 1417/1306/1
f 1409/1307/1 1437/1299/1 1408/1308/1
f 1434/1309/8 1441/1310/8 1440/1311/8
f 1431/1312/5 1398/1313/5 1399/1314/5
f 1407/1315/8 1405/1311/8 1404/1310/8
f 1418/1299/1 1444/1305/1 1445/1306/1
f 1437/1316/8 1419/1317/8 1418/1318/8
f 1427/1319/5 1396/1320/5 1397/1321/5
f 1432/1322/8 1410/1323/8 1411/1312/8
f 1403/1324/8 1420/1321/8 1421/1320/8
f 1438/1312/8 1442/1321/8 1443/1320/8
f 1397/1325/10 1443/1303/10 1442/1302/10
f 1411/1326/1 1439/1302/1 1438/1303/1
f 1429/1327/14 1414/1328/14 1415/1329/14
f 1409/1330/21 1424/1331/21 1425/1332/21
f 1417/1323/5 1400/1320/5 1401/1321/5
f 1423/1333/1 1414/1334/1 1422/1335/1
f 1421/1300/10 1401/1306/10 1400/1305/10
f 1399/1336/10 1412/1306/10 1413/1305/10
f 1413/1314/5 1445/1318/5 1444/1317/5
f 1433/1337/10 1435/1303/10 1434/1302/10
f 1422/1335/1 1424/1308/1 1423/1333/1
f 1452/1338/1 1476/1339/1 1453/1340/1
f 1490/1341/1 1454/1342/1 1491/1343/1
f 1466/1344/10 1480/1345/10 1467/1346/10
f 1459/1347/10 1487/1338/10 1486/1340/10
f 1491/1348/5 1484/1349/5 1490/1350/5
f 1448/1351/8 1481/1352/8 1449/1353/8
f 1455/1350/5 1457/1315/5 1454/1348/5
f 1494/1344/10 1468/1338/10 1495/1346/10
f 1469/1354/5 1487/1355/5 1468/1356/5
f 1446/1357/8 1477/1358/8 1447/1359/8
f 1460/1360/5 1482/1361/5 1461/1352/5
f 1470/1359/5 1453/1362/5 1471/1357/5
f 1492/1359/5 1488/1352/5 1493/1357/5
f 1493/1343/1 1447/1363/1 1492/1341/1
f 1489/1341/10 1461/1364/10 1488/1343/10
f 1464/1354/21 1479/1365/21 1465/1356/21
f 1474/1356/14 1459/1366/14 1475/1354/14
f 1450/1357/8 1467/1360/8 1451/1359/8
f 1473/1333/10 1464/1367/10 1465/1368/10
f 1451/1346/1 1471/1340/1 1450/1344/1
f 1462/1346/1 1449/1369/1 1463/1344/1
f 1495/1356/8 1463/1353/8 1494/1354/8
f 1485/1343/1 1483/1370/1 1484/1341/1
f 1472/1335/10 1474/1371/10 1475/1347/10
f 1403/1372/6 1476/1373/6 1426/1374/6
f 1427/1374/4 1452/1375/4 1402/1372/4
f 1441/1376/6 1454/1377/6 1404/1378/6
f 1440/1376/4 1455/1377/4 1490/223/4
f 1430/1379/4 1467/1380/4 1480/1381/4
f 1431/1379/6 1466/1380/6 1416/1382/6
f 1409/1383/39 1486/1384/40 1436/1385/40
f 1437/1385/4 1458/1386/41 1408/1387/41
f 1440/1376/4 1484/1388/4 1434/1389/4
f 1441/1376/6 1485/1388/6 1491/223/6
f 1399/1390/6 1481/1381/6 1431/1379/6
f 1430/1379/4 1448/1391/4 1398/1390/4
f 1407/1392/6 1454/1377/6 1457/1393/6
f 1407/1301/1 1456/1394/1 1406/1395/1
f 1406/1392/4 1455/1377/4 1405/1378/4
f 1445/1396/4 1468/1397/4 1418/1398/4
f 1419/1398/6 1494/28/6 1444/1396/6
f 1437/1385/4 1468/1397/4 1487/1384/4
f 1436/1385/40 1469/1397/6 1419/1398/6
f 1427/1374/4 1447/1399/4 1477/1373/4
f 1426/1374/6 1446/1399/6 1396/1400/6
f 1411/1401/6 1482/1402/6 1432/1403/6
f 1433/1403/4 1460/1404/4 1410/1401/4
f 1403/1372/6 1471/1405/6 1453/1375/6
f 1402/1372/4 1470/1405/4 1420/1406/4
f 1443/1407/6 1488/1408/6 1438/1409/6
f 1439/1409/4 1492/5/4 1442/1407/4
f 1442/1407/4 1447/1399/4 1397/1400/4
f 1443/1407/6 1446/1399/6 1493/5/6
f 1411/1401/6 1488/1408/6 1461/1404/6
f 1410/1401/4 1489/1408/4 1439/1409/4
f 1429/1410/18 1465/1411/42 1479/1412/18
f 1429/1413/10 1478/1367/10 1428/1334/10
f 1428/1414/43 1464/1415/44 1414/1416/44
f 1409/1383/39 1475/1417/45 1459/1418/33
f 1408/1387/41 1474/1419/46 1424/1420/47
f 1401/1421/4 1467/1380/4 1417/1382/4
f 1416/1382/6 1450/14/6 1400/1421/6
f 1423/1422/4 1465/1411/42 1415/1423/42
f 1422/1424/6 1464/1415/44 1472/1425/6
f 1400/1421/6 1471/1405/6 1421/1406/6
f 1420/1406/4 1451/14/4 1401/1421/4
f 1399/1390/6 1463/1426/6 1449/1391/6
f 1398/1390/4 1462/1426/4 1412/1427/4
f 1444/1396/6 1463/1426/6 1413/1427/6
f 1445/1396/4 1462/1426/4 1495/28/4
f 1433/1403/4 1484/1388/4 1483/1402/4
f 1432/1403/6 1485/1388/6 1435/1389/6
f 1422/1424/6 1475/1417/45 1425/1428/48
f 1423/1422/4 1474/1419/46 1473/1429/4
f 1526/1430/10 1502/1431/10 1503/1432/10
f 1504/1433/10 1540/1434/10 1541/1435/10
f 1530/1436/1 1516/1437/1 1517/1438/1
f 1509/1439/1 1537/1431/1 1508/1440/1
f 1534/1441/8 1541/1442/8 1540/1443/8
f 1531/1444/5 1498/1445/5 1499/1446/5
f 1507/1447/8 1505/1443/8 1504/1442/8
f 1518/1431/1 1544/1437/1 1545/1438/1
f 1537/1448/8 1519/1449/8 1518/1450/8
f 1527/1451/5 1496/1452/5 1497/1453/5
f 1532/1454/8 1510/1455/8 1511/1444/8
f 1503/1456/8 1520/1453/8 1521/1452/8
f 1538/1444/8 1542/1453/8 1543/1452/8
f 1497/1457/10 1543/1435/10 1542/1434/10
f 1511/1458/1 1539/1434/1 1538/1435/1
f 1529/1459/14 1514/1460/14 1515/1461/14
f 1509/1462/21 1524/1463/21 1525/1464/21
f 1517/1455/5 1500/1452/5 1501/1453/5
f 1523/1465/1 1514/1466/1 1522/1467/1
f 1521/1432/10 1501/1438/10 1500/1437/10
f 1499/1468/10 1512/1438/10 1513/1437/10
f 1513/1446/5 1545/1450/5 1544/1449/5
f 1533/1469/10 1535/1435/10 1534/1434/10
f 1522/1467/1 1524/1440/1 1523/1465/1
f 1552/1470/1 1576/1471/1 1553/1472/1
f 1590/1473/1 1554/1474/1 1591/1475/1
f 1566/1476/10 1580/1477/10 1567/1478/10
f 1559/1479/10 1587/1470/10 1586/1472/10
f 1591/1480/5 1584/1481/5 1590/1482/5
f 1548/1483/8 1581/1484/8 1549/1485/8
f 1555/1482/5 1557/1447/5 1554/1480/5
f 1594/1476/10 1568/1470/10 1595/1478/10
f 1569/1486/5 1587/1487/5 1568/1488/5
f 1546/1489/8 1577/1490/8 1547/1491/8
f 1560/1492/5 1582/1493/5 1561/1484/5
f 1570/1491/5 1553/1494/5 1571/1489/5
f 1592/1491/5 1588/1484/5 1593/1489/5
f 1593/1475/1 1547/1495/1 1592/1473/1
f 1589/1473/10 1561/1496/10 1588/1475/10
f 1564/1486/21 1579/1497/21 1565/1488/21
f 1574/1488/14 1559/1498/14 1575/1486/14
f 1550/1489/8 1567/1492/8 1551/1491/8
f 1573/1465/10 1564/1499/10 1565/1500/10
f 1551/1478/1 1571/1472/1 1550/1476/1
f 1562/1478/1 1549/1501/1 1563/1476/1
f 1595/1488/8 1563/1485/8 1594/1486/8
f 1585/1475/1 1583/1502/1 1584/1473/1
f 1572/1467/10 1574/1503/10 1575/1479/10
f 1503/1372/6 1576/1373/6 1526/1374/6
f 1527/1374/4 1552/1375/4 1502/1372/4
f 1541/1376/6 1554/1377/6 1504/1378/6
f 1540/1376/4 1555/1377/4 1590/223/4
f 1530/1379/4 1567/1380/4 1580/1381/4
f 1531/1379/6 1566/1380/6 1516/1382/6
f 1509/1383/39 1586/1384/40 1536/1385/40
f 1537/1385/4 1558/1386/41 1508/1387/49
f 1540/1376/4 1584/1388/4 1534/1389/4
f 1541/1376/6 1585/1388/6 1591/223/6
f 1499/1390/6 1581/1381/6 1531/1379/6
f 1530/1379/4 1548/1391/4 1498/1390/4
f 1507/1392/6 1554/1377/6 1557/1393/6
f 1507/1433/1 1556/1504/1 1506/1505/1
f 1506/1392/4 1555/1377/4 1505/1378/4
f 1545/1396/4 1568/1397/4 1518/1398/4
f 1519/1398/6 1594/28/6 1544/1396/6
f 1537/1385/4 1568/1397/4 1587/1384/4
f 1536/1385/40 1569/1397/6 1519/1398/6
f 1527/1374/4 1547/1399/4 1577/1373/4
f 1526/1374/6 1546/1399/6 1496/1400/6
f 1511/1401/6 1582/1402/6 1532/1403/6
f 1533/1403/4 1560/1404/4 1510/1401/4
f 1503/1372/6 1571/1405/6 1553/1375/6
f 1502/1372/4 1570/1405/4 1520/1406/4
f 1543/1407/6 1588/1408/6 1538/1409/6
f 1539/1409/4 1592/5/4 1542/1407/4
f 1542/1407/4 1547/1399/4 1497/1400/4
f 1543/1407/6 1546/1399/6 1593/5/6
f 1511/1401/6 1588/1408/6 1561/1404/6
f 1510/1401/4 1589/1408/4 1539/1409/4
f 1529/1410/18 1565/1411/42 1579/1412/18
f 1529/1506/10 1578/1499/10 1528/1466/10
f 1528/1414/43 1564/1415/44 1514/1416/44
f 1509/1383/39 1575/1417/45 1559/1418/33
f 1508/1387/49 1574/1419/46 1524/1420/47
f 1501/1421/4 1567/1380/4 1517/1382/4
f 1516/1382/6 1550/14/6 1500/1421/6
f 1523/1422/4 1565/1411/42 1515/1423/42
f 1522/1424/6 1564/1415/44 1572/1425/6
f 1500/1421/6 1571/1405/6 1521/1406/6
f 1520/1406/4 1551/14/4 1501/1421/4
f 1499/1390/6 1563/1426/6 1549/1391/6
f 1498/1390/4 1562/1426/4 1512/1427/4
f 1544/1396/6 1563/1426/6 1513/1427/6
f 1545/1396/4 1562/1426/4 1595/28/4
f 1533/1403/4 1584/1388/4 1583/1402/4
f 1532/1403/6 1585/1388/6 1535/1389/6
f 1522/1424/6 1575/1417/45 1525/1428/48
f 1523/1422/4 1574/1419/46 1573/1429/4
f 1626/1507/10 1602/1508/10 1603/1509/10
f 1604/1510/10 1640/1511/10 1641/1512/10
f 1630/1513/1 1616/1514/1 1617/1515/1
f 1609/1516/1 1637/1508/1 1608/1517/1
f 1634/1518/8 1641/1519/8 1640/1520/8
f 1631/1521/5 1598/1522/5 1599/1523/5
f 1607/1524/8 1605/1520/8 1604/1519/8
f 1618/1508/1 1644/1514/1 1645/1515/1
f 1637/1525/8 1619/1526/8 1618/1527/8
f 1627/1528/5 1596/1529/5 1597/1530/5
f 1632/1531/8 1610/1532/8 1611/1521/8
f 1603/1533/8 1620/1530/8 1621/1529/8
f 1638/1521/8 1642/1530/8 1643/1529/8
f 1597/1534/10 1643/1512/10 1642/1511/10
f 1611/1535/1 1639/1511/1 1638/1512/1
f 1629/1536/14 1614/1537/14 1615/1538/14
f 1609/1539/21 1624/1540/21 1625/1541/21
f 1617/1532/5 1600/1529/5 1601/1530/5
f 1623/1542/1 1614/1543/1 1622/1544/1
f 1621/1509/10 1601/1515/10 1600/1514/10
f 1599/1545/10 1612/1515/10 1613/1514/10
f 1613/1523/5 1645/1527/5 1644/1526/5
f 1633/1546/10 1635/1512/10 1634/1511/10
f 1622/1544/1 1624/1517/1 1623/1542/1
f 1652/1547/1 1676/1548/1 1653/1549/1
f 1690/1550/1 1654/1551/1 1691/1552/1
f 1666/1553/10 1680/1554/10 1667/1555/10
f 1659/1556/10 1687/1547/10 1686/1549/10
f 1691/1557/5 1684/1558/5 1690/1559/5
f 1648/1560/8 1681/1561/8 1649/1562/8
f 1655/1559/5 1657/1524/5 1654/1557/5
f 1694/1553/10 1668/1547/10 1695/1555/10
f 1669/1563/5 1687/1564/5 1668/1565/5
f 1646/1566/8 1677/1567/8 1647/1568/8
f 1660/1569/5 1682/1570/5 1661/1561/5
f 1670/1568/5 1653/1571/5 1671/1566/5
f 1692/1568/5 1688/1561/5 1693/1566/5
f 1693/1552/1 1647/1572/1 1692/1550/1
f 1689/1550/10 1661/1573/10 1688/1552/10
f 1664/1563/21 1679/1574/21 1665/1565/21
f 1674/1565/14 1659/1575/14 1675/1563/14
f 1650/1566/8 1667/1569/8 1651/1568/8
f 1673/1542/10 1664/1576/10 1665/1577/10
f 1651/1555/1 1671/1549/1 1650/1553/1
f 1662/1555/1 1649/1578/1 1663/1553/1
f 1695/1565/8 1663/1562/8 1694/1563/8
f 1685/1552/1 1683/1579/1 1684/1550/1
f 1672/1544/10 1674/1580/10 1675/1556/10
f 1603/1372/6 1676/1373/6 1626/1374/6
f 1627/1374/4 1652/1375/4 1602/1372/4
f 1641/1376/6 1654/1377/6 1604/1378/6
f 1640/1376/4 1655/1377/4 1690/223/4
f 1630/1379/4 1667/1380/4 1680/1381/4
f 1631/1379/6 1666/1380/6 1616/1382/6
f 1609/1383/39 1686/1384/40 1636/1385/40
f 1637/1385/4 1658/1386/41 1608/1387/49
f 1640/1376/4 1684/1388/4 1634/1389/4
f 1641/1376/6 1685/1388/6 1691/223/6
f 1599/1390/6 1681/1381/6 1631/1379/6
f 1630/1379/4 1648/1391/4 1598/1390/4
f 1607/1392/6 1654/1377/6 1657/1393/6
f 1607/1510/1 1656/1581/1 1606/1582/1
f 1606/1392/4 1655/1377/4 1605/1378/4
f 1645/1396/4 1668/1397/4 1618/1398/4
f 1619/1398/6 1694/28/6 1644/1396/6
f 1637/1385/4 1668/1397/4 1687/1384/4
f 1636/1385/40 1669/1397/6 1619/1398/6
f 1627/1374/4 1647/1399/4 1677/1373/4
f 1626/1374/6 1646/1399/6 1596/1400/6
f 1611/1401/6 1682/1402/6 1632/1403/6
f 1633/1403/4 1660/1404/4 1610/1401/4
f 1603/1372/6 1671/1405/6 1653/1375/6
f 1602/1372/4 1670/1405/4 1620/1406/4
f 1643/1407/6 1688/1408/6 1638/1409/6
f 1639/1409/4 1692/5/4 1642/1407/4
f 1642/1407/4 1647/1399/4 1597/1400/4
f 1643/1407/6 1646/1399/6 1693/5/6
f 1611/1401/6 1688/1408/6 1661/1404/6
f 1610/1401/4 1689/1408/4 1639/1409/4
f 1629/1410/18 1665/1411/42 1679/1412/18
f 1629/1583/10 1678/1576/10 1628/1543/10
f 1628/1414/43 1664/1415/44 1614/1416/44
f 1609/1383/39 1675/1417/45 1659/1418/33
f 1608/1387/49 1674/1419/46 1624/1420/47
f 1601/1421/4 1667/1380/4 1617/1382/4
f 1616/1382/6 1650/14/6 1600/1421/6
f 1623/1422/4 1665/1411/42 1615/1423/42
f 1622/1424/6 1664/1415/44 1672/1425/6
f 1600/1421/6 1671/1405/6 1621/1406/6
f 1620/1406/4 1651/14/4 1601/1421/4
f 1599/1390/6 1663/1426/6 1649/1391/6
f 1598/1390/4 1662/1426/4 1612/1427/4
f 1644/1396/6 1663/1426/6 1613/1427/6
f 1645/1396/4 1662/1426/4 1695/28/4
f 1633/1403/4 1684/1388/4 1683/1402/4
f 1632/1403/6 1685/1388/6 1635/1389/6
f 1622/1424/6 1675/1417/45 1625/1428/48
f 1623/1422/4 1674/1419/46 1673/1429/4
f 1726/1584/10 1702/1585/10 1703/1586/10
f 1704/1587/10 1740/1588/10 1741/1589/10
f 1730/1590/1 1716/1591/1 1717/1592/1
f 1709/1593/1 1737/1585/1 1708/1594/1
f 1734/1595/8 1741/1596/8 1740/1597/8
f 1731/1598/5 1698/1599/5 1699/1600/5
f 1707/1601/8 1705/1597/8 1704/1596/8
f 1718/1585/1 1744/1591/1 1745/1592/1
f 1737/1602/8 1719/1603/8 1718/1604/8
f 1727/1605/5 1696/1606/5 1697/1607/5
f 1732/1608/8 1710/1609/8 1711/1598/8
f 1703/1610/8 1720/1607/8 1721/1606/8
f 1738/1598/8 1742/1607/8 1743/1606/8
f 1697/1611/10 1743/1589/10 1742/1588/10
f 1711/1612/1 1739/1588/1 1738/1589/1
f 1729/1613/14 1714/1614/14 1715/1615/14
f 1709/1616/21 1724/1617/21 1725/1618/21
f 1717/1609/5 1700/1606/5 1701/1607/5
f 1723/1619/1 1714/1620/1 1722/1621/1
f 1721/1586/10 1701/1592/10 1700/1591/10
f 1699/1622/10 1712/1592/10 1713/1591/10
f 1713/1600/5 1745/1604/5 1744/1603/5
f 1733/1623/10 1735/1589/10 1734/1588/10
f 1722/1621/1 1724/1594/1 1723/1619/1
f 1752/1624/1 1776/1625/1 1753/1626/1
f 1790/1627/1 1754/1628/1 1791/1629/1
f 1766/1630/10 1780/1631/10 1767/1632/10
f 1759/1633/10 1787/1624/10 1786/1626/10
f 1791/1634/5 1784/1635/5 1790/1636/5
f 1748/1637/8 1781/1638/8 1749/1639/8
f 1755/1636/5 1757/1601/5 1754/1634/5
f 1794/1630/10 1768/1624/10 1795/1632/10
f 1769/1640/5 1787/1641/5 1768/1642/5
f 1746/1643/8 1777/1644/8 1747/1645/8
f 1760/1646/5 1782/1647/5 1761/1638/5
f 1770/1645/5 1753/1648/5 1771/1643/5
f 1792/1645/5 1788/1638/5 1793/1643/5
f 1793/1629/1 1747/1649/1 1792/1627/1
f 1789/1627/10 1761/1650/10 1788/1629/10
f 1764/1640/21 1779/1651/21 1765/1642/21
f 1774/1642/14 1759/1652/14 1775/1640/14
f 1750/1643/8 1767/1646/8 1751/1645/8
f 1773/1619/10 1764/1653/10 1765/1654/10
f 1751/1632/1 1771/1626/1 1750/1630/1
f 1762/1632/1 1749/1655/1 1763/1630/1
f 1795/1642/8 1763/1639/8 1794/1640/8
f 1785/1629/1 1783/1656/1 1784/1627/1
f 1772/1621/10 1774/1657/10 1775/1633/10
f 1703/1372/6 1776/1373/6 1726/1374/6
f 1727/1374/4 1752/1375/4 1702/1372/4
f 1741/1376/6 1754/1377/6 1704/1378/6
f 1740/1376/4 1755/1377/4 1790/223/4
f 1730/1379/4 1767/1380/4 1780/1381/4
f 1731/1379/6 1766/1380/6 1716/1382/6
f 1709/1383/48 1786/1384/6 1736/1385/6
f 1737/1385/4 1758/1386/49 1708/1387/49
f 1740/1376/4 1784/1388/4 1734/1389/4
f 1741/1376/6 1785/1388/6 1791/223/6
f 1699/1390/6 1781/1381/6 1731/1379/6
f 1730/1379/4 1748/1391/4 1698/1390/4
f 1707/1392/6 1754/1377/6 1757/1393/6
f 1707/1587/1 1756/1658/1 1706/1659/1
f 1706/1392/4 1755/1377/4 1705/1378/4
f 1745/1396/4 1768/1397/4 1718/1398/4
f 1719/1398/6 1794/28/6 1744/1396/6
f 1737/1385/4 1768/1397/4 1787/1384/4
f 1736/1385/6 1769/1397/6 1719/1398/6
f 1727/1374/4 1747/1399/4 1777/1373/4
f 1726/1374/6 1746/1399/6 1696/1400/6
f 1711/1401/6 1782/1402/6 1732/1403/6
f 1733/1403/4 1760/1404/4 1710/1401/4
f 1703/1372/6 1771/1405/6 1753/1375/6
f 1702/1372/4 1770/1405/4 1720/1406/4
f 1743/1407/6 1788/1408/6 1738/1409/6
f 1739/1409/4 1792/5/4 1742/1407/4
f 1742/1407/4 1747/1399/4 1697/1400/4
f 1743/1407/6 1746/1399/6 1793/5/6
f 1711/1401/6 1788/1408/6 1761/1404/6
f 1710/1401/4 1789/1408/4 1739/1409/4
f 1729/1410/18 1765/1411/42 1779/1412/18
f 1728/1620/10 1779/1654/10 1778/1653/10
f 1728/1414/43 1764/1415/44 1714/1416/44
f 1709/1383/48 1775/1417/45 1759/1418/50
f 1708/1387/49 1774/1419/46 1724/1420/47
f 1701/1421/4 1767/1380/4 1717/1382/4
f 1716/1382/6 1750/14/6 1700/1421/6
f 1723/1422/4 1765/1411/42 1715/1423/42
f 1722/1424/6 1764/1415/44 1772/1425/6
f 1700/1421/6 1771/1405/6 1721/1406/6
f 1720/1406/4 1751/14/4 1701/1421/4
f 1699/1390/6 1763/1426/6 1749/1391/6
f 1698/1390/4 1762/1426/4 1712/1427/4
f 1744/1396/6 1763/1426/6 1713/1427/6
f 1745/1396/4 1762/1426/4 1795/28/4
f 1733/1403/4 1784/1388/4 1783/1402/4
f 1732/1403/6 1785/1388/6 1735/1389/6
f 1722/1424/6 1775/1417/45 1725/1428/48
f 1723/1422/4 1774/1419/46 1773/1429/4
f 1826/1660/10 1802/1661/10 1803/1662/10
f 1804/1663/10 1840/1664/10 1841/1665/10
f 1830/1666/1 1816/1667/1 1817/1668/1
f 1809/1669/1 1837/1661/1 1808/1670/1
f 1834/1671/8 1841/1672/8 1840/1673/8
f 1831/1674/5 1798/1675/5 1799/1676/5
f 1807/1677/8 1805/1673/8 1804/1672/8
f 1818/1661/1 1844/1667/1 1845/1668/1
f 1837/1678/8 1819/1679/8 1818/1680/8
f 1827/1681/5 1796/1682/5 1797/1683/5
f 1832/1684/8 1810/1685/8 1811/1674/8
f 1803/1686/8 1820/1683/8 1821/1682/8
f 1838/1674/8 1842/1683/8 1843/1682/8
f 1797/1687/10 1843/1665/10 1842/1664/10
f 1811/1688/1 1839/1664/1 1838/1665/1
f 1829/1689/14 1814/1690/14 1815/1691/14
f 1809/1692/21 1824/1693/21 1825/1694/21
f 1817/1685/5 1800/1682/5 1801/1683/5
f 1823/1695/1 1814/1696/1 1822/1697/1
f 1821/1662/10 1801/1668/10 1800/1667/10
f 1799/1698/10 1812/1668/10 1813/1667/10
f 1813/1676/5 1845/1680/5 1844/1679/5
f 1833/1699/10 1835/1665/10 1834/1664/10
f 1822/1697/1 1824/1670/1 1823/1695/1
f 1852/1700/1 1876/1701/1 1853/1702/1
f 1890/1703/1 1854/1704/1 1891/1705/1
f 1866/1706/10 1880/1707/10 1867/1708/10
f 1859/1709/10 1887/1700/10 1886/1702/10
f 1891/1710/5 1884/1711/5 1890/1712/5
f 1848/1713/8 1881/1714/8 1849/1715/8
f 1855/1712/5 1857/1677/5 1854/1710/5
f 1894/1706/10 1868/1700/10 1895/1708/10
f 1869/1716/5 1887/1717/5 1868/1718/5
f 1846/1719/8 1877/1720/8 1847/1721/8
f 1860/1722/5 1882/1723/5 1861/1714/5
f 1870/1721/5 1853/1724/5 1871/1719/5
f 1892/1721/5 1888/1714/5 1893/1719/5
f 1893/1705/1 1847/1725/1 1892/1703/1
f 1889/1703/10 1861/1726/10 1888/1705/10
f 1864/1716/21 1879/1727/21 1865/1718/21
f 1874/1718/14 1859/1728/14 1875/1716/14
f 1850/1719/8 1867/1722/8 1851/1721/8
f 1873/1695/10 1864/1729/10 1865/1730/10
f 1851/1708/1 1871/1702/1 1850/1706/1
f 1862/1708/1 1849/1731/1 1863/1706/1
f 1895/1718/8 1863/1715/8 1894/1716/8
f 1885/1705/1 1883/1732/1 1884/1703/1
f 1872/1697/10 1874/1733/10 1875/1709/10
f 1803/1372/6 1876/1373/6 1826/1374/6
f 1827/1374/4 1852/1375/4 1802/1372/4
f 1841/1376/6 1854/1377/6 1804/1378/6
f 1840/1376/4 1855/1377/4 1890/223/4
f 1830/1379/4 1867/1380/4 1880/1381/4
f 1831/1379/6 1866/1380/6 1816/1382/6
f 1809/1383/39 1886/1384/40 1836/1385/40
f 1837/1385/4 1858/1386/41 1808/1387/49
f 1840/1376/4 1884/1388/4 1834/1389/4
f 1841/1376/6 1885/1388/6 1891/223/6
f 1799/1390/6 1881/1381/6 1831/1379/6
f 1830/1379/4 1848/1391/4 1798/1390/4
f 1807/1392/6 1854/1377/6 1857/1393/6
f 1807/1663/1 1856/1734/1 1806/1735/1
f 1806/1392/4 1855/1377/4 1805/1378/4
f 1845/1396/4 1868/1397/4 1818/1398/4
f 1819/1398/6 1894/28/6 1844/1396/6
f 1837/1385/4 1868/1397/4 1887/1384/4
f 1836/1385/40 1869/1397/6 1819/1398/6
f 1827/1374/4 1847/1399/4 1877/1373/4
f 1826/1374/6 1846/1399/6 1796/1400/6
f 1811/1401/6 1882/1402/6 1832/1403/6
f 1833/1403/4 1860/1404/4 1810/1401/4
f 1803/1372/6 1871/1405/6 1853/1375/6
f 1802/1372/4 1870/1405/4 1820/1406/4
f 1843/1407/6 1888/1408/6 1838/1409/6
f 1839/1409/4 1892/5/4 1842/1407/4
f 1842/1407/4 1847/1399/4 1797/1400/4
f 1843/1407/6 1846/1399/6 1893/5/6
f 1811/1401/6 1888/1408/6 1861/1404/6
f 1810/1401/4 1889/1408/4 1839/1409/4
f 1829/1410/18 1865/1411/42 1879/1412/18
f 1829/1736/10 1878/1729/10 1828/1696/10
f 1828/1414/43 1864/1415/44 1814/1416/44
f 1809/1383/39 1875/1417/45 1859/1418/33
f 1808/1387/49 1874/1419/46 1824/1420/47
f 1801/1421/4 1867/1380/4 1817/1382/4
f 1816/1382/6 1850/14/6 1800/1421/6
f 1823/1422/4 1865/1411/42 1815/1423/42
f 1822/1424/6 1864/1415/44 1872/1425/6
f 1800/1421/6 1871/1405/6 1821/1406/6
f 1820/1406/4 1851/14/4 1801/1421/4
f 1799/1390/6 1863/1426/6 1849/1391/6
f 1798/1390/4 1862/1426/4 1812/1427/4
f 1844/1396/6 1863/1426/6 1813/1427/6
f 1845/1396/4 1862/1426/4 1895/28/4
f 1833/1403/4 1884/1388/4 1883/1402/4
f 1832/1403/6 1885/1388/6 1835/1389/6
f 1822/1424/6 1875/1417/45 1825/1428/48
f 1823/1422/4 1874/1419/46 1873/1429/4
f 1926/1737/10 1902/1738/10 1903/1739/10
f 1904/1740/10 1940/1741/10 1941/1742/10
f 1930/1743/1 1916/1744/1 1917/1745/1
f 1909/1746/1 1937/1738/1 1908/1747/1
f 1934/1748/8 1941/1749/8 1940/1750/8
f 1931/1751/5 1898/1752/5 1899/1753/5
f 1907/1754/8 1905/1750/8 1904/1749/8
f 1918/1738/1 1944/1744/1 1945/1745/1
f 1937/1755/8 1919/1756/8 1918/1757/8
f 1927/1758/5 1896/1759/5 1897/1760/5
f 1932/1761/8 1910/1762/8 1911/1751/8
f 1903/1763/8 1920/1760/8 1921/1759/8
f 1938/1751/8 1942/1760/8 1943/1759/8
f 1897/1764/10 1943/1742/10 1942/1741/10
f 1911/1765/1 1939/1741/1 1938/1742/1
f 1929/1766/14 1914/1767/14 1915/1768/14
f 1909/1769/21 1924/1770/21 1925/1771/21
f 1917/1762/5 1900/1759/5 1901/1760/5
f 1923/1772/1 1914/1773/1 1922/1774/1
f 1921/1739/10 1901/1745/10 1900/1744/10
f 1899/1775/10 1912/1745/10 1913/1744/10
f 1913/1753/5 1945/1757/5 1944/1756/5
f 1933/1776/10 1935/1742/10 1934/1741/10
f 1922/1774/1 1924/1747/1 1923/1772/1
f 1952/1777/1 1976/1778/1 1953/1779/1
f 1990/1780/1 1954/1781/1 1991/1782/1
f 1966/1783/10 1980/1784/10 1967/1785/10
f 1959/1786/10 1987/1777/10 1986/1779/10
f 1991/1787/5 1984/1788/5 1990/1789/5
f 1948/1790/8 1981/1791/8 1949/1792/8
f 1955/1789/5 1957/1754/5 1954/1787/5
f 1994/1783/10 1968/1777/10 1995/1785/10
f 1969/1793/5 1987/1794/5 1968/1795/5
f 1946/1796/8 1977/1797/8 1947/1798/8
f 1960/1799/5 1982/1800/5 1961/1791/5
f 1970/1798/5 1953/1801/5 1971/1796/5
f 1992/1798/5 1988/1791/5 1993/1796/5
f 1993/1782/1 1947/1802/1 1992/1780/1
f 1989/1780/10 1961/1803/10 1988/1782/10
f 1964/1793/21 1979/1804/21 1965/1795/21
f 1974/1795/14 1959/1805/14 1975/1793/14
f 1950/1796/8 1967/1799/8 1951/1798/8
f 1973/1772/10 1964/1806/10 1965/1807/10
f 1951/1785/1 1971/1779/1 1950/1783/1
f 1962/1785/1 1949/1808/1 1963/1783/1
f 1995/1795/8 1963/1792/8 1994/1793/8
f 1985/1782/1 1983/1809/1 1984/1780/1
f 1972/1774/10 1974/1810/10 1975/1786/10
f 1903/1372/6 1976/1373/6 1926/1374/6
f 1927/1374/4 1952/1375/4 1902/1372/4
f 1941/1376/6 1954/1377/6 1904/1378/6
f 1940/1376/4 1955/1377/4 1990/223/4
f 1930/1379/4 1967/1380/4 1980/1381/4
f 1931/1379/6 1966/1380/6 1916/1382/6
f 1909/1383/39 1986/1384/40 1936/1385/40
f 1937/1385/4 1958/1386/41 1908/1387/41
f 1940/1376/4 1984/1388/4 1934/1389/4
f 1941/1376/6 1985/1388/6 1991/223/6
f 1899/1390/6 1981/1381/6 1931/1379/6
f 1930/1379/4 1948/1391/4 1898/1390/4
f 1907/1392/6 1954/1377/6 1957/1393/6
f 1907/1740/1 1956/1811/1 1906/1812/1
f 1906/1392/4 1955/1377/4 1905/1378/4
f 1945/1396/4 1968/1397/4 1918/1398/4
f 1919/1398/6 1994/28/6 1944/1396/6
f 1937/1385/4 1968/1397/4 1987/1384/4
f 1936/1385/40 1969/1397/6 1919/1398/6
f 1927/1374/4 1947/1399/4 1977/1373/4
f 1926/1374/6 1946/1399/6 1896/1400/6
f 1911/1401/6 1982/1402/6 1932/1403/6
f 1933/1403/4 1960/1404/4 1910/1401/4
f 1903/1372/6 1971/1405/6 1953/1375/6
f 1902/1372/4 1970/1405/4 1920/1406/4
f 1943/1407/6 1988/1408/6 1938/1409/6
f 1939/1409/4 1992/5/4 1942/1407/4
f 1942/1407/4 1947/1399/4 1897/1400/4
f 1943/1407/6 1946/1399/6 1993/5/6
f 1911/1401/6 1988/1408/6 1961/1404/6
f 1910/1401/4 1989/1408/4 1939/1409/4
f 1929/1410/18 1965/1411/42 1979/1412/18
f 1929/1813/10 1978/1806/10 1928/1773/10
f 1928/1414/43 1964/1415/44 1914/1416/44
f 1909/1383/39 1975/1417/45 1959/1418/33
f 1908/1387/41 1974/1419/46 1924/1420/47
f 1901/1421/4 1967/1380/4 1917/1382/4
f 1916/1382/6 1950/14/6 1900/1421/6
f 1923/1422/4 1965/1411/42 1915/1423/42
f 1922/1424/6 1964/1415/44 1972/1425/6
f 1900/1421/6 1971/1405/6 1921/1406/6
f 1920/1406/4 1951/14/4 1901/1421/4
f 1899/1390/6 1963/1426/6 1949/1391/6
f 1898/1390/4 1962/1426/4 1912/1427/4
f 1944/1396/6 1963/1426/6 1913/1427/6
f 1945/1396/4 1962/1426/4 1995/28/4
f 1933/1403/4 1984/1388/4 1983/1402/4
f 1932/1403/6 1985/1388/6 1935/1389/6
f 1922/1424/6 1975/1417/45 1925/1428/48
f 1923/1422/4 1974/1419/46 1973/1429/4
f 280/4/2 298/223/2 283/5/3
f 278/13/6 297/28/6 285/14/6
f 153/22/6 156/1907/6 146/23/6
f 281/25/8 280/1908/8 299/26/8
f 302/13/9 301/15/4 284/14/4
f 23/32/6 16/312/6 14/33/6
f 290/41/10 291/1910/10 295/42/10
f 15/44/4 128/301/4 13/33/4
f 112/93/1 145/219/1 146/94/1
f 120/105/10 150/176/10 149/106/10
f 15/119/10 22/381/10 21/120/10
f 265/126/12 1/569/12 2/127/13
f 123/133/5 24/507/5 22/134/5
f 130/32/4 17/312/4 125/142/4
f 168/156/10 114/525/10 119/157/10
f 263/159/4 11/529/4 7/160/4
f 122/175/10 155/509/10 154/176/10
f 118/180/5 157/468/5 155/181/5
f 168/196/8 161/1926/8 115/197/8
f 108/200/1 148/554/1 152/201/1
f 263/208/10 270/1928/10 271/1929/10
f 262/209/10 266/261/10 267/210/10
f 263/208/10 271/1929/10 262/209/10
f 116/95/10 156/94/10 153/219/10
f 281/4/16 282/6/17 292/5/17
f 270/244/5 7/115/5 6/114/5
f 262/159/6 8/529/6 10/258/6
f 9/261/1 265/1934/1 264/260/1
f 265/1934/1 273/1935/1 272/1936/1
f 264/260/1 265/1934/1 272/1936/1
f 304/265/18 287/276/18 289/266/19
f 304/265/18 302/13/9 279/28/9
f 264/277/20 4/380/20 5/278/4
f 300/15/6 285/14/6 292/5/17
f 177/287/5 169/1940/5 107/288/5
f 24/34/6 14/33/6 20/301/6
f 123/34/4 13/33/4 17/312/4
f 291/328/14 290/1951/14 305/329/14
f 299/6/3 283/5/3 284/14/4
f 152/340/6 148/1955/6 147/341/6
f 18/143/4 125/142/4 128/301/4
f 296/354/22 305/506/27 288/355/23
f 296/354/22 286/356/22 297/28/6
f 296/362/1 278/1957/1 302/363/1
f 111/182/5 154/181/5 150/377/5
f 272/379/24 3/1959/24 4/380/20
f 24/381/1 123/119/1 130/382/1
f 155/1961/6 157/1962/6 154/389/6
f 157/1962/6 151/1963/6 154/389/6
f 151/1963/6 149/387/6 154/389/6
f 268/279/4 5/278/4 12/258/4
f 266/259/6 10/258/6 269/278/6
f 105/406/8 147/510/8 148/407/8
f 22/44/6 20/301/6 19/142/6
f 113/413/5 146/439/5 156/414/5
f 21/143/6 19/142/6 16/312/6
f 169/418/10 170/158/10 117/157/10
f 273/432/7 2/77/7 3/21/7
f 109/415/8 153/414/8 145/439/8
f 170/445/8 167/1975/8 119/198/8
f 110/378/8 149/377/8 151/468/8
f 281/487/1 293/1984/1 298/488/1
f 290/505/26 303/1987/26 288/355/23
f 18/135/8 21/134/8 23/507/8
f 121/107/1 151/106/1 157/509/1
f 106/408/5 152/407/5 158/510/5
f 266/245/8 9/1988/8 268/513/8
f 177/524/1 104/419/1 115/525/1
f 263/159/4 267/259/4 12/258/4
f 291/531/28 294/267/19 289/266/19
f 271/161/6 6/160/6 8/529/6
f 282/546/10 299/1994/10 301/547/10
f 278/549/5 300/1995/5 301/550/5
f 103/202/10 158/201/10 147/554/10
f 265/126/12 9/279/6 269/278/6
f 304/364/1 294/2008/1 305/571/1
f 457/808/8 459/814/8 458/809/8
f 459/811/6 463/815/6 462/812/6
f 463/814/5 461/808/5 460/810/5
f 461/815/4 457/811/4 456/813/4
f 462/816/1 460/819/1 456/817/1
f 459/818/10 457/817/10 461/819/10
f 466/820/8 467/826/8 465/821/8
f 470/823/6 471/827/6 467/824/6
f 468/822/5 469/821/5 471/826/5
f 464/825/4 465/824/4 469/827/4
f 464/828/10 468/831/10 470/829/10
f 469/831/1 465/828/1 467/830/1
f 534/834/8 535/840/8 533/835/8
f 538/837/6 539/841/6 535/838/6
f 536/836/5 537/835/5 539/840/5
f 532/839/4 533/838/4 537/841/4
f 532/842/10 536/845/10 538/843/10
f 537/845/1 533/842/1 535/844/1
f 541/846/8 543/852/8 542/847/8
f 543/849/6 547/853/6 546/850/6
f 547/852/5 545/846/5 544/848/5
f 545/853/4 541/849/4 540/851/4
f 546/854/1 544/857/1 540/855/1
f 543/856/10 541/855/10 545/857/10
f 609/862/1 611/868/1 610/863/1
f 611/865/6 615/869/6 614/866/6
f 615/868/10 613/862/10 612/864/10
f 613/869/4 609/865/4 608/867/4
f 614/870/5 612/873/5 608/871/5
f 611/872/8 609/871/8 613/873/8
f 618/874/1 619/880/1 617/875/1
f 622/877/6 623/881/6 619/878/6
f 620/876/10 621/875/10 623/880/10
f 616/879/4 617/878/4 621/881/4
f 616/882/8 620/885/8 622/883/8
f 621/885/5 617/882/5 619/884/5
f 686/888/1 687/894/1 685/889/1
f 690/891/6 691/895/6 687/892/6
f 688/890/10 689/889/10 691/894/10
f 684/893/4 685/892/4 689/895/4
f 684/896/8 688/899/8 690/897/8
f 689/899/5 685/896/5 687/898/5
f 693/900/1 695/906/1 694/901/1
f 695/903/6 699/907/6 698/904/6
f 699/906/10 697/900/10 696/902/10
f 697/907/4 693/903/4 692/905/4
f 698/908/5 696/911/5 692/909/5
f 695/910/8 693/909/8 697/911/8
f 762/913/1 763/919/1 761/914/1
f 766/916/6 767/920/6 763/917/6
f 764/915/10 765/914/10 767/919/10
f 760/918/4 761/917/4 765/920/4
f 760/921/8 764/924/8 766/922/8
f 765/924/5 761/921/5 763/923/5
f 769/925/1 771/931/1 770/926/1
f 771/928/6 775/932/6 774/929/6
f 775/931/10 773/925/10 772/927/10
f 773/932/4 769/928/4 768/930/4
f 774/933/5 772/936/5 768/934/5
f 771/935/8 769/934/8 773/936/8
f 837/939/1 839/945/1 838/940/1
f 839/942/6 843/946/6 842/943/6
f 843/945/10 841/939/10 840/941/10
f 841/946/4 837/942/4 836/944/4
f 842/947/5 840/950/5 836/948/5
f 839/949/8 837/948/8 841/950/8
f 846/951/1 847/957/1 845/952/1
f 850/954/6 851/958/6 847/955/6
f 848/953/10 849/952/10 851/957/10
f 844/956/4 845/955/4 849/958/4
f 844/959/8 848/962/8 850/960/8
f 849/962/5 845/959/5 847/961/5
f 913/963/10 915/969/10 914/964/10
f 915/966/6 919/970/6 918/967/6
f 919/969/1 917/963/1 916/965/1
f 917/970/4 913/966/4 912/968/4
f 918/971/8 916/974/8 912/972/8
f 915/973/5 913/972/5 917/974/5
f 922/975/10 923/981/10 921/976/10
f 926/978/6 927/982/6 923/979/6
f 924/977/1 925/976/1 927/981/1
f 920/980/4 921/979/4 925/982/4
f 920/972/5 924/985/5 926/983/5
f 925/985/8 921/972/8 923/984/8
f 989/987/10 991/993/10 990/988/10
f 991/990/6 995/994/6 994/991/6
f 995/993/1 993/987/1 992/989/1
f 993/994/4 989/990/4 988/992/4
f 994/995/8 992/998/8 988/996/8
f 991/997/5 989/996/5 993/998/5
f 998/999/10 999/1005/10 997/1000/10
f 1002/1002/6 1003/1006/6 999/1003/6
f 1000/1001/1 1001/1000/1 1003/1005/1
f 996/1004/4 997/1003/4 1001/1006/4
f 996/996/5 1000/1008/5 1002/1007/5
f 1001/1008/8 997/996/8 999/997/8
f 1065/1011/10 1067/1017/10 1066/1012/10
f 1067/1014/6 1071/2051/6 1070/1015/6
f 1071/1017/1 1069/1011/1 1068/1018/1
f 1068/1019/4 1069/2051/4 1065/1014/4
f 1070/1020/8 1068/1023/8 1064/1021/8
f 1067/1022/5 1065/1021/5 1069/1023/5
f 1074/1024/10 1075/1030/10 1073/1025/10
f 1074/1027/6 1078/1031/6 1079/1028/6
f 1076/1026/1 1077/1025/1 1079/1030/1
f 1072/1027/4 1073/1029/4 1077/1028/4
f 1072/1032/5 1076/2052/5 1078/1033/5
f 1077/1035/8 1073/2053/8 1075/1036/8
f 1142/1040/10 1143/1046/10 1141/1041/10
f 1146/1043/6 1147/1048/6 1143/1044/6
f 1144/1042/1 1145/1041/1 1147/1046/1
f 1140/1045/4 1141/1044/4 1145/1048/4
f 1142/1049/5 1140/2054/5 1144/1050/5
f 1145/1050/8 1141/2054/8 1143/1052/8
f 1149/1053/10 1151/1059/10 1150/1054/10
f 1151/1056/6 1155/1060/6 1154/1057/6
f 1155/1059/1 1153/1053/1 1152/1055/1
f 1153/1060/4 1149/1056/4 1148/1058/4
f 1154/1061/8 1152/1064/8 1148/1062/8
f 1151/1063/5 1149/1062/5 1153/1064/5
f 1193/1065/1 1176/1085/1 1177/1066/1
f 1195/1068/30 1194/2055/30 1158/1069/30
f 1186/1071/31 1187/2056/31 1177/1072/31
f 1168/1074/1 1169/1097/1 1156/1075/1
f 1161/1077/10 1164/2057/10 1165/1078/10
f 1174/1080/10 1175/1081/10 1172/1076/10
f 1162/1081/1 1163/1080/1 1170/1075/1
f 1188/1082/8 1189/1096/8 1169/1083/8
f 1186/1085/1 1180/1080/1 1181/1081/1
f 1166/1086/8 1167/1098/8 1184/1087/8
f 1182/1081/10 1183/1080/10 1167/1089/10
f 1157/1084/8 1156/1083/8 1173/1087/8
f 1185/1090/10 1184/1089/10 1161/1077/10
f 1181/1091/5 1180/2058/5 1163/1092/5
f 1192/1067/1 1159/2059/1 1158/1094/1
f 1191/1095/5 1190/2060/5 1165/1088/5
f 1178/1096/8 1179/1082/8 1171/1093/8
f 1189/1097/10 1188/1074/10 1179/1076/10
f 1183/1098/5 1182/1086/5 1175/1088/5
f 1233/1065/10 1232/1067/10 1217/1099/10
f 1198/1101/31 1234/2061/31 1235/1102/31
f 1217/1103/30 1227/1120/30 1226/1104/30
f 1196/1105/10 1209/1124/10 1208/1106/10
f 1201/1077/1 1200/1079/1 1205/1108/1
f 1212/1107/1 1215/1111/1 1214/1110/1
f 1210/1105/10 1203/1110/10 1202/1111/10
f 1209/1112/5 1229/1123/5 1228/1113/5
f 1226/1100/10 1227/1099/10 1221/1111/10
f 1224/1115/5 1207/1125/5 1206/1116/5
f 1207/1118/1 1223/1110/1 1222/1111/1
f 1213/1115/5 1196/1112/5 1197/1114/5
f 1201/1077/1 1224/1118/1 1225/1119/1
f 1203/1101/8 1220/1104/8 1221/1120/8
f 1232/1067/10 1233/1065/10 1198/1121/10
f 1205/1117/8 1230/2060/8 1231/1095/8
f 1211/1103/5 1219/1113/5 1218/1123/5
f 1219/1107/1 1228/1106/1 1229/1124/1
f 1215/1117/8 1222/1116/8 1223/1125/8
f 1193/1126/4 1233/1171/4 1216/1127/32
f 1192/1129/6 1177/1141/33 1217/1130/33
f 1195/1132/13 1159/1170/34 1199/1133/34
f 1194/1094/10 1195/2059/10 1235/1122/10
f 1194/1135/24 1234/2062/24 1198/1136/35
f 1186/1138/36 1176/1128/32 1216/1127/32
f 1187/1140/37 1227/1163/37 1217/1130/33
f 1168/1142/6 1157/1145/6 1197/1143/6
f 1169/1142/4 1209/1144/4 1196/1143/4
f 1161/1146/4 1201/1150/4 1204/1147/4
f 1160/1146/6 1165/1148/6 1205/1149/6
f 1174/1151/4 1173/1154/4 1213/1152/4
f 1175/1151/6 1215/1153/6 1212/1152/6
f 1162/1155/6 1171/1158/6 1211/1156/6
f 1163/1155/4 1203/1157/4 1210/1156/4
f 1168/1142/6 1208/1144/6 1228/1159/6
f 1189/1160/4 1229/1159/4 1209/1144/4
f 1186/1138/36 1226/1139/36 1220/1161/4
f 1181/1162/6 1221/1161/6 1227/1163/37
f 1166/1164/6 1185/1167/6 1225/1165/6
f 1167/1164/4 1207/1166/4 1224/1165/4
f 1166/1164/6 1206/1166/6 1222/1168/6
f 1183/1169/4 1223/1168/4 1207/1166/4
f 1172/1154/6 1212/1152/6 1197/1143/6
f 1173/1154/4 1156/1145/4 1196/1143/4
f 1160/1146/6 1200/1150/6 1225/1165/6
f 1161/1146/4 1184/1167/4 1224/1165/4
f 1181/1162/6 1162/1155/6 1202/1157/6
f 1180/1162/4 1220/1161/4 1203/1157/4
f 1192/1129/6 1232/1131/6 1199/1133/34
f 1193/1126/4 1158/1137/35 1198/1136/35
f 1191/1172/4 1164/1148/4 1204/1147/4
f 1190/1078/1 1191/2057/1 1231/1109/1
f 1190/1172/6 1230/2063/6 1205/1149/6
f 1170/1158/4 1210/1156/4 1218/1174/4
f 1171/1158/6 1179/1175/6 1219/1174/6
f 1189/1160/4 1178/1175/4 1218/1174/4
f 1188/1160/6 1228/1159/6 1219/1174/6
f 1183/1169/4 1174/1151/4 1214/1153/4
f 1182/1169/6 1222/1168/6 1215/1153/6
f 1273/1176/1 1256/1196/1 1257/1177/1
f 1275/1179/30 1274/2064/30 1238/1180/30
f 1266/1182/31 1267/2065/31 1257/1183/31
f 1248/1185/1 1249/1208/1 1236/1186/1
f 1241/1188/10 1244/2066/10 1245/1189/10
f 1254/1191/10 1255/1192/10 1252/1187/10
f 1242/1192/1 1243/1191/1 1250/1186/1
f 1268/1193/8 1269/1207/8 1249/1194/8
f 1266/1196/1 1260/1191/1 1261/1192/1
f 1246/1197/8 1247/1209/8 1264/1198/8
f 1262/1192/10 1263/1191/10 1247/1200/10
f 1237/1195/8 1236/1194/8 1253/1198/8
f 1265/1201/10 1264/1200/10 1241/1188/10
f 1261/1202/5 1260/2067/5 1243/1203/5
f 1272/1178/1 1239/2068/1 1238/1205/1
f 1271/1206/5 1270/2069/5 1245/1199/5
f 1258/1207/8 1259/1193/8 1251/1204/8
f 1269/1208/10 1268/1185/10 1259/1187/10
f 1263/1209/5 1262/1197/5 1255/1199/5
f 1313/1176/10 1312/1178/10 1297/1210/10
f 1278/1212/31 1314/2070/31 1315/1213/31
f 1297/1214/30 1307/1231/30 1306/1215/30
f 1276/1216/10 1289/1235/10 1288/1217/10
f 1281/1188/1 1280/1190/1 1285/1219/1
f 1292/1218/1 1295/1222/1 1294/1221/1
f 1290/1216/10 1283/1221/10 1282/1222/10
f 1289/1223/5 1309/1234/5 1308/1224/5
f 1306/1211/10 1307/1210/10 1301/1222/10
f 1304/1226/5 1287/1236/5 1286/1227/5
f 1287/1229/1 1303/1221/1 1302/1222/1
f 1293/1226/5 1276/1223/5 1277/1225/5
f 1281/1188/1 1304/1229/1 1305/1230/1
f 1283/1212/8 1300/1215/8 1301/1231/8
f 1312/1178/10 1313/1176/10 1278/1232/10
f 1285/1228/8 1310/2069/8 1311/1206/8
f 1291/1214/5 1299/1224/5 1298/1234/5
f 1299/1218/1 1308/1217/1 1309/1235/1
f 1295/1228/8 1302/1227/8 1303/1236/8
f 1273/1126/4 1313/1171/4 1296/1127/32
f 1272/1129/6 1257/1141/33 1297/1130/33
f 1275/1132/13 1239/1170/34 1279/1133/34
f 1274/1205/10 1275/2068/10 1315/1233/10
f 1274/1135/24 1314/2062/24 1278/1136/35
f 1266/1138/36 1256/1128/32 1296/1127/32
f 1267/1140/37 1307/1163/17 1297/1130/33
f 1248/1142/6 1237/1145/6 1277/1143/6
f 1249/1142/4 1289/1144/4 1276/1143/4
f 1241/1146/4 1281/1150/4 1284/1147/4
f 1240/1146/6 1245/1148/6 1285/1149/6
f 1254/1151/4 1253/1154/4 1293/1152/4
f 1255/1151/6 1295/1153/6 1292/1152/6
f 1242/1155/6 1251/1158/6 1291/1156/6
f 1243/1155/4 1283/1157/4 1290/1156/4
f 1248/1142/6 1288/1144/6 1308/1159/6
f 1269/1160/4 1309/1159/4 1289/1144/4
f 1266/1138/36 1306/1139/36 1300/1161/4
f 1261/1162/6 1301/1161/6 1307/1163/17
f 1246/1164/6 1265/1167/6 1305/1165/6
f 1247/1164/4 1287/1166/4 1304/1165/4
f 1246/1164/6 1286/1166/6 1302/1168/6
f 1263/1169/4 1303/1168/4 1287/1166/4
f 1252/1154/6 1292/1152/6 1277/1143/6
f 1253/1154/4 1236/1145/4 1276/1143/4
f 1240/1146/6 1280/1150/6 1305/1165/6
f 1241/1146/4 1264/1167/4 1304/1165/4
f 1261/1162/6 1242/1155/6 1282/1157/6
f 1260/1162/4 1300/1161/4 1283/1157/4
f 1272/1129/6 1312/1131/6 1279/1133/34
f 1273/1126/4 1238/1137/35 1278/1136/35
f 1271/1172/4 1244/1148/4 1284/1147/4
f 1270/1189/1 1271/2066/1 1311/1220/1
f 1270/1172/6 1310/2063/6 1285/1149/6
f 1250/1158/4 1290/1156/4 1298/1174/4
f 1251/1158/6 1259/1175/6 1299/1174/6
f 1269/1160/4 1258/1175/4 1298/1174/4
f 1268/1160/6 1308/1159/6 1299/1174/6
f 1263/1169/4 1254/1151/4 1294/1153/4
f 1262/1169/6 1302/1168/6 1295/1153/6
f 1353/1237/1 1336/1257/1 1337/1238/1
f 1355/1240/30 1354/2071/30 1318/1241/30
f 1346/1243/31 1347/2072/31 1337/1244/31
f 1328/1246/1 1329/1269/1 1316/1247/1
f 1321/1249/10 1324/2073/10 1325/1250/10
f 1334/1252/10 1335/1253/10 1332/1248/10
f 1322/1253/1 1323/1252/1 1330/1247/1
f 1348/1254/8 1349/1268/8 1329/1255/8
f 1346/1257/1 1340/1252/1 1341/1253/1
f 1326/1258/8 1327/1270/8 1344/1259/8
f 1342/1253/10 1343/1252/10 1327/1261/10
f 1317/1256/8 1316/1255/8 1333/1259/8
f 1345/1262/10 1344/1261/10 1321/1249/10
f 1341/1263/5 1340/2074/5 1323/1264/5
f 1352/1239/1 1319/2075/1 1318/1266/1
f 1351/1267/5 1350/2076/5 1325/1260/5
f 1338/1268/8 1339/1254/8 1331/1265/8
f 1349/1269/10 1348/1246/10 1339/1248/10
f 1343/1270/5 1342/1258/5 1335/1260/5
f 1393/1237/10 1392/1239/10 1377/1271/10
f 1358/1273/31 1394/2077/31 1395/1274/31
f 1377/1275/30 1387/1292/30 1386/1276/30
f 1356/1277/10 1369/1296/10 1368/1278/10
f 1361/1249/1 1360/1251/1 1365/1280/1
f 1372/1279/1 1375/1283/1 1374/1282/1
f 1370/1277/10 1363/1282/10 1362/1283/10
f 1369/1284/5 1389/1295/5 1388/1285/5
f 1386/1272/10 1387/1271/10 1381/1283/10
f 1384/1287/5 1367/1297/5 1366/1288/5
f 1367/1290/1 1383/1282/1 1382/1283/1
f 1373/1287/5 1356/1284/5 1357/1286/5
f 1361/1249/1 1384/1290/1 1385/1291/1
f 1363/1273/8 1380/1276/8 1381/1292/8
f 1392/1239/10 1393/1237/10 1358/1293/10
f 1365/1289/8 1390/2076/8 1391/1267/8
f 1371/1275/5 1379/1285/5 1378/1295/5
f 1379/1279/1 1388/1278/1 1389/1296/1
f 1375/1289/8 1382/1288/8 1383/1297/8
f 1353/1126/4 1393/1171/4 1376/1127/32
f 1352/1129/6 1337/1141/33 1377/1130/33
f 1355/1132/13 1319/1170/38 1359/1133/38
f 1354/1266/10 1355/2075/10 1395/1294/10
f 1354/1135/24 1394/2062/24 1358/1136/35
f 1346/1138/9 1336/1128/32 1376/1127/32
f 1347/1140/17 1387/1163/17 1377/1130/33
f 1328/1142/6 1317/1145/6 1357/1143/6
f 1329/1142/4 1369/1144/4 1356/1143/4
f 1321/1146/4 1361/1150/4 1364/1147/4
f 1320/1146/6 1325/1148/6 1365/1149/6
f 1334/1151/4 1333/1154/4 1373/1152/4
f 1335/1151/6 1375/1153/6 1372/1152/6
f 1322/1155/6 1331/1158/6 1371/1156/6
f 1323/1155/4 1363/1157/4 1370/1156/4
f 1328/1142/6 1368/1144/6 1388/1159/6
f 1349/1160/4 1389/1159/4 1369/1144/4
f 1346/1138/9 1386/1139/9 1380/1161/4
f 1341/1162/6 1381/1161/6 1387/1163/17
f 1326/1164/6 1345/1167/6 1385/1165/6
f 1327/1164/4 1367/1166/4 1384/1165/4
f 1326/1164/6 1366/1166/6 1382/1168/6
f 1343/1169/4 1383/1168/4 1367/1166/4
f 1332/1154/6 1372/1152/6 1357/1143/6
f 1333/1154/4 1316/1145/4 1356/1143/4
f 1320/1146/6 1360/1150/6 1385/1165/6
f 1321/1146/4 1344/1167/4 1384/1165/4
f 1341/1162/6 1322/1155/6 1362/1157/6
f 1340/1162/4 1380/1161/4 1363/1157/4
f 1352/1129/6 1392/1131/6 1359/1133/38
f 1353/1126/4 1318/1137/35 1358/1136/35
f 1351/1172/4 1324/1148/4 1364/1147/4
f 1350/1250/1 1351/2073/1 1391/1281/1
f 1350/1172/6 1390/2063/6 1365/1149/6
f 1330/1158/4 1370/1156/4 1378/1174/4
f 1331/1158/6 1339/1175/6 1379/1174/6
f 1349/1160/4 1338/1175/4 1378/1174/4
f 1348/1160/6 1388/1159/6 1379/1174/6
f 1343/1169/4 1334/1151/4 1374/1153/4
f 1342/1169/6 1382/1168/6 1375/1153/6
f 1426/1298/10 1427/1325/10 1402/1299/10
f 1404/1301/10 1405/1395/10 1440/1302/10
f 1430/1304/1 1431/1336/1 1416/1305/1
f 1409/1307/1 1436/1300/1 1437/1299/1
f 1434/1309/8 1435/1322/8 1441/1310/8
f 1431/1312/5 1430/1323/5 1398/1313/5
f 1407/1315/8 1406/2078/8 1405/1311/8
f 1418/1299/1 1419/1300/1 1444/1305/1
f 1437/1316/8 1436/2079/8 1419/1317/8
f 1427/1319/5 1426/1324/5 1396/1320/5
f 1432/1322/8 1433/1309/8 1410/1323/8
f 1403/1324/8 1402/1319/8 1420/1321/8
f 1438/1312/8 1439/1323/8 1442/1321/8
f 1397/1325/10 1396/1298/10 1443/1303/10
f 1411/1326/1 1410/1337/1 1439/1302/1
f 1429/1327/14 1428/2080/14 1414/1328/14
f 1409/1330/21 1408/2081/21 1424/1331/21
f 1417/1323/5 1416/1312/5 1400/1320/5
f 1423/1333/1 1415/1413/1 1414/1334/1
f 1421/1300/10 1420/1299/10 1401/1306/10
f 1399/1336/10 1398/1304/10 1412/1306/10
f 1413/1314/5 1412/1313/5 1445/1318/5
f 1433/1337/10 1432/1326/10 1435/1303/10
f 1422/1335/1 1425/1307/1 1424/1308/1
f 1452/1338/1 1477/1363/1 1476/1339/1
f 1490/1341/1 1455/1394/1 1454/1342/1
f 1466/1344/10 1481/1369/10 1480/1345/10
f 1459/1347/10 1458/1371/10 1487/1338/10
f 1491/1348/5 1485/1361/5 1484/1349/5
f 1448/1351/8 1480/1360/8 1481/1352/8
f 1455/1350/5 1456/2078/5 1457/1315/5
f 1494/1344/10 1469/1340/10 1468/1338/10
f 1469/1354/5 1486/1366/5 1487/1355/5
f 1446/1357/8 1476/1362/8 1477/1358/8
f 1460/1360/5 1483/1349/5 1482/1361/5
f 1470/1359/5 1452/1358/5 1453/1362/5
f 1492/1359/5 1489/1360/5 1488/1352/5
f 1493/1343/1 1446/1339/1 1447/1363/1
f 1489/1341/10 1460/1370/10 1461/1364/10
f 1464/1354/21 1478/2082/21 1479/1365/21
f 1474/1356/14 1458/1355/14 1459/1366/14
f 1450/1357/8 1466/1352/8 1467/1360/8
f 1473/1333/10 1472/1335/10 1464/1367/10
f 1451/1346/1 1470/1338/1 1471/1340/1
f 1462/1346/1 1448/1345/1 1449/1369/1
f 1495/1356/8 1462/1351/8 1463/1353/8
f 1485/1343/1 1482/1364/1 1483/1370/1
f 1472/1335/10 1473/1333/10 1474/1371/10
f 1403/1372/6 1453/1375/6 1476/1373/6
f 1427/1374/4 1477/1373/4 1452/1375/4
f 1441/1376/6 1491/223/6 1454/1377/6
f 1440/1376/4 1405/1378/4 1455/1377/4
f 1430/1379/4 1417/1382/4 1467/1380/4
f 1431/1379/6 1481/1381/6 1466/1380/6
f 1409/1383/39 1459/1418/33 1486/1384/40
f 1437/1385/4 1487/1384/4 1458/1386/41
f 1440/1376/4 1490/223/4 1484/1388/4
f 1441/1376/6 1435/1389/6 1485/1388/6
f 1399/1390/6 1449/1391/6 1481/1381/6
f 1430/1379/4 1480/1381/4 1448/1391/4
f 1407/1392/6 1404/1378/6 1454/1377/6
f 1407/1301/1 1457/1342/1 1456/1394/1
f 1406/1392/4 1456/1393/4 1455/1377/4
f 1445/1396/4 1495/28/4 1468/1397/4
f 1419/1398/6 1469/1397/6 1494/28/6
f 1437/1385/4 1418/1398/4 1468/1397/4
f 1436/1385/40 1486/1384/40 1469/1397/6
f 1427/1374/4 1397/1400/4 1447/1399/4
f 1426/1374/6 1476/1373/6 1446/1399/6
f 1411/1401/6 1461/1404/6 1482/1402/6
f 1433/1403/4 1483/1402/4 1460/1404/4
f 1403/1372/6 1421/1406/6 1471/1405/6
f 1402/1372/4 1452/1375/4 1470/1405/4
f 1443/1407/6 1493/5/6 1488/1408/6
f 1439/1409/4 1489/1408/4 1492/5/4
f 1442/1407/4 1492/5/4 1447/1399/4
f 1443/1407/6 1396/1400/6 1446/1399/6
f 1411/1401/6 1438/1409/6 1488/1408/6
f 1410/1401/4 1460/1404/4 1489/1408/4
f 1429/1410/18 1415/1423/42 1465/1411/42
f 1429/1413/10 1479/1368/10 1478/1367/10
f 1428/1414/43 1478/2083/43 1464/1415/44
f 1409/1383/39 1425/1428/48 1475/1417/45
f 1408/1387/41 1458/1386/41 1474/1419/46
f 1401/1421/4 1451/14/4 1467/1380/4
f 1416/1382/6 1466/1380/6 1450/14/6
f 1423/1422/4 1473/1429/4 1465/1411/42
f 1422/1424/6 1414/1416/44 1464/1415/44
f 1400/1421/6 1450/14/6 1471/1405/6
f 1420/1406/4 1470/1405/4 1451/14/4
f 1399/1390/6 1413/1427/6 1463/1426/6
f 1398/1390/4 1448/1391/4 1462/1426/4
f 1444/1396/6 1494/28/6 1463/1426/6
f 1445/1396/4 1412/1427/4 1462/1426/4
f 1433/1403/4 1434/1389/4 1484/1388/4
f 1432/1403/6 1482/1402/6 1485/1388/6
f 1422/1424/6 1472/1425/6 1475/1417/45
f 1423/1422/4 1424/1420/47 1474/1419/46
f 1526/1430/10 1527/1457/10 1502/1431/10
f 1504/1433/10 1505/1505/10 1540/1434/10
f 1530/1436/1 1531/1468/1 1516/1437/1
f 1509/1439/1 1536/1432/1 1537/1431/1
f 1534/1441/8 1535/1454/8 1541/1442/8
f 1531/1444/5 1530/1455/5 1498/1445/5
f 1507/1447/8 1506/2084/8 1505/1443/8
f 1518/1431/1 1519/1432/1 1544/1437/1
f 1537/1448/8 1536/2085/8 1519/1449/8
f 1527/1451/5 1526/1456/5 1496/1452/5
f 1532/1454/8 1533/1441/8 1510/1455/8
f 1503/1456/8 1502/1451/8 1520/1453/8
f 1538/1444/8 1539/1455/8 1542/1453/8
f 1497/1457/10 1496/1430/10 1543/1435/10
f 1511/1458/1 1510/1469/1 1539/1434/1
f 1529/1459/14 1528/2086/14 1514/1460/14
f 1509/1462/21 1508/2087/21 1524/1463/21
f 1517/1455/5 1516/1444/5 1500/1452/5
f 1523/1465/1 1515/1506/1 1514/1466/1
f 1521/1432/10 1520/1431/10 1501/1438/10
f 1499/1468/10 1498/1436/10 1512/1438/10
f 1513/1446/5 1512/1445/5 1545/1450/5
f 1533/1469/10 1532/1458/10 1535/1435/10
f 1522/1467/1 1525/1439/1 1524/1440/1
f 1552/1470/1 1577/1495/1 1576/1471/1
f 1590/1473/1 1555/1504/1 1554/1474/1
f 1566/1476/10 1581/1501/10 1580/1477/10
f 1559/1479/10 1558/1503/10 1587/1470/10
f 1591/1480/5 1585/1493/5 1584/1481/5
f 1548/1483/8 1580/1492/8 1581/1484/8
f 1555/1482/5 1556/2084/5 1557/1447/5
f 1594/1476/10 1569/1472/10 1568/1470/10
f 1569/1486/5 1586/1498/5 1587/1487/5
f 1546/1489/8 1576/1494/8 1577/1490/8
f 1560/1492/5 1583/1481/5 1582/1493/5
f 1570/1491/5 1552/1490/5 1553/1494/5
f 1592/1491/5 1589/1492/5 1588/1484/5
f 1593/1475/1 1546/1471/1 1547/1495/1
f 1589/1473/10 1560/1502/10 1561/1496/10
f 1564/1486/21 1578/2088/21 1579/1497/21
f 1574/1488/14 1558/1487/14 1559/1498/14
f 1550/1489/8 1566/1484/8 1567/1492/8
f 1573/1465/10 1572/1467/10 1564/1499/10
f 1551/1478/1 1570/1470/1 1571/1472/1
f 1562/1478/1 1548/1477/1 1549/1501/1
f 1595/1488/8 1562/1483/8 1563/1485/8
f 1585/1475/1 1582/1496/1 1583/1502/1
f 1572/1467/10 1573/1465/10 1574/1503/10
f 1503/1372/6 1553/1375/6 1576/1373/6
f 1527/1374/4 1577/1373/4 1552/1375/4
f 1541/1376/6 1591/223/6 1554/1377/6
f 1540/1376/4 1505/1378/4 1555/1377/4
f 1530/1379/4 1517/1382/4 1567/1380/4
f 1531/1379/6 1581/1381/6 1566/1380/6
f 1509/1383/39 1559/1418/33 1586/1384/40
f 1537/1385/4 1587/1384/4 1558/1386/41
f 1540/1376/4 1590/223/4 1584/1388/4
f 1541/1376/6 1535/1389/6 1585/1388/6
f 1499/1390/6 1549/1391/6 1581/1381/6
f 1530/1379/4 1580/1381/4 1548/1391/4
f 1507/1392/6 1504/1378/6 1554/1377/6
f 1507/1433/1 1557/1474/1 1556/1504/1
f 1506/1392/4 1556/1393/4 1555/1377/4
f 1545/1396/4 1595/28/4 1568/1397/4
f 1519/1398/6 1569/1397/6 1594/28/6
f 1537/1385/4 1518/1398/4 1568/1397/4
f 1536/1385/40 1586/1384/40 1569/1397/6
f 1527/1374/4 1497/1400/4 1547/1399/4
f 1526/1374/6 1576/1373/6 1546/1399/6
f 1511/1401/6 1561/1404/6 1582/1402/6
f 1533/1403/4 1583/1402/4 1560/1404/4
f 1503/1372/6 1521/1406/6 1571/1405/6
f 1502/1372/4 1552/1375/4 1570/1405/4
f 1543/1407/6 1593/5/6 1588/1408/6
f 1539/1409/4 1589/1408/4 1592/5/4
f 1542/1407/4 1592/5/4 1547/1399/4
f 1543/1407/6 1496/1400/6 1546/1399/6
f 1511/1401/6 1538/1409/6 1588/1408/6
f 1510/1401/4 1560/1404/4 1589/1408/4
f 1529/1410/18 1515/1423/42 1565/1411/42
f 1529/1506/10 1579/1500/10 1578/1499/10
f 1528/1414/43 1578/2083/43 1564/1415/44
f 1509/1383/39 1525/1428/48 1575/1417/45
f 1508/1387/49 1558/1386/41 1574/1419/46
f 1501/1421/4 1551/14/4 1567/1380/4
f 1516/1382/6 1566/1380/6 1550/14/6
f 1523/1422/4 1573/1429/4 1565/1411/42
f 1522/1424/6 1514/1416/44 1564/1415/44
f 1500/1421/6 1550/14/6 1571/1405/6
f 1520/1406/4 1570/1405/4 1551/14/4
f 1499/1390/6 1513/1427/6 1563/1426/6
f 1498/1390/4 1548/1391/4 1562/1426/4
f 1544/1396/6 1594/28/6 1563/1426/6
f 1545/1396/4 1512/1427/4 1562/1426/4
f 1533/1403/4 1534/1389/4 1584/1388/4
f 1532/1403/6 1582/1402/6 1585/1388/6
f 1522/1424/6 1572/1425/6 1575/1417/45
f 1523/1422/4 1524/1420/47 1574/1419/46
f 1626/1507/10 1627/1534/10 1602/1508/10
f 1604/1510/10 1605/1582/10 1640/1511/10
f 1630/1513/1 1631/1545/1 1616/1514/1
f 1609/1516/1 1636/1509/1 1637/1508/1
f 1634/1518/8 1635/1531/8 1641/1519/8
f 1631/1521/5 1630/1532/5 1598/1522/5
f 1607/1524/8 1606/2089/8 1605/1520/8
f 1618/1508/1 1619/1509/1 1644/1514/1
f 1637/1525/8 1636/2090/8 1619/1526/8
f 1627/1528/5 1626/1533/5 1596/1529/5
f 1632/1531/8 1633/1518/8 1610/1532/8
f 1603/1533/8 1602/1528/8 1620/1530/8
f 1638/1521/8 1639/1532/8 1642/1530/8
f 1597/1534/10 1596/1507/10 1643/1512/10
f 1611/1535/1 1610/1546/1 1639/1511/1
f 1629/1536/14 1628/2091/14 1614/1537/14
f 1609/1539/21 1608/2092/21 1624/1540/21
f 1617/1532/5 1616/1521/5 1600/1529/5
f 1623/1542/1 1615/1583/1 1614/1543/1
f 1621/1509/10 1620/1508/10 1601/1515/10
f 1599/1545/10 1598/1513/10 1612/1515/10
f 1613/1523/5 1612/1522/5 1645/1527/5
f 1633/1546/10 1632/1535/10 1635/1512/10
f 1622/1544/1 1625/1516/1 1624/1517/1
f 1652/1547/1 1677/1572/1 1676/1548/1
f 1690/1550/1 1655/1581/1 1654/1551/1
f 1666/1553/10 1681/1578/10 1680/1554/10
f 1659/1556/10 1658/1580/10 1687/1547/10
f 1691/1557/5 1685/1570/5 1684/1558/5
f 1648/1560/8 1680/1569/8 1681/1561/8
f 1655/1559/5 1656/2089/5 1657/1524/5
f 1694/1553/10 1669/1549/10 1668/1547/10
f 1669/1563/5 1686/1575/5 1687/1564/5
f 1646/1566/8 1676/1571/8 1677/1567/8
f 1660/1569/5 1683/1558/5 1682/1570/5
f 1670/1568/5 1652/1567/5 1653/1571/5
f 1692/1568/5 1689/1569/5 1688/1561/5
f 1693/1552/1 1646/1548/1 1647/1572/1
f 1689/1550/10 1660/1579/10 1661/1573/10
f 1664/1563/21 1678/2093/21 1679/1574/21
f 1674/1565/14 1658/1564/14 1659/1575/14
f 1650/1566/8 1666/1561/8 1667/1569/8
f 1673/1542/10 1672/1544/10 1664/1576/10
f 1651/1555/1 1670/1547/1 1671/1549/1
f 1662/1555/1 1648/1554/1 1649/1578/1
f 1695/1565/8 1662/1560/8 1663/1562/8
f 1685/1552/1 1682/1573/1 1683/1579/1
f 1672/1544/10 1673/1542/10 1674/1580/10
f 1603/1372/6 1653/1375/6 1676/1373/6
f 1627/1374/4 1677/1373/4 1652/1375/4
f 1641/1376/6 1691/223/6 1654/1377/6
f 1640/1376/4 1605/1378/4 1655/1377/4
f 1630/1379/4 1617/1382/4 1667/1380/4
f 1631/1379/6 1681/1381/6 1666/1380/6
f 1609/1383/39 1659/1418/33 1686/1384/40
f 1637/1385/4 1687/1384/4 1658/1386/41
f 1640/1376/4 1690/223/4 1684/1388/4
f 1641/1376/6 1635/1389/6 1685/1388/6
f 1599/1390/6 1649/1391/6 1681/1381/6
f 1630/1379/4 1680/1381/4 1648/1391/4
f 1607/1392/6 1604/1378/6 1654/1377/6
f 1607/1510/1 1657/1551/1 1656/1581/1
f 1606/1392/4 1656/1393/4 1655/1377/4
f 1645/1396/4 1695/28/4 1668/1397/4
f 1619/1398/6 1669/1397/6 1694/28/6
f 1637/1385/4 1618/1398/4 1668/1397/4
f 1636/1385/40 1686/1384/40 1669/1397/6
f 1627/1374/4 1597/1400/4 1647/1399/4
f 1626/1374/6 1676/1373/6 1646/1399/6
f 1611/1401/6 1661/1404/6 1682/1402/6
f 1633/1403/4 1683/1402/4 1660/1404/4
f 1603/1372/6 1621/1406/6 1671/1405/6
f 1602/1372/4 1652/1375/4 1670/1405/4
f 1643/1407/6 1693/5/6 1688/1408/6
f 1639/1409/4 1689/1408/4 1692/5/4
f 1642/1407/4 1692/5/4 1647/1399/4
f 1643/1407/6 1596/1400/6 1646/1399/6
f 1611/1401/6 1638/1409/6 1688/1408/6
f 1610/1401/4 1660/1404/4 1689/1408/4
f 1629/1410/18 1615/1423/42 1665/1411/42
f 1629/1583/10 1679/1577/10 1678/1576/10
f 1628/1414/43 1678/2083/43 1664/1415/44
f 1609/1383/39 1625/1428/48 1675/1417/45
f 1608/1387/49 1658/1386/41 1674/1419/46
f 1601/1421/4 1651/14/4 1667/1380/4
f 1616/1382/6 1666/1380/6 1650/14/6
f 1623/1422/4 1673/1429/4 1665/1411/42
f 1622/1424/6 1614/1416/44 1664/1415/44
f 1600/1421/6 1650/14/6 1671/1405/6
f 1620/1406/4 1670/1405/4 1651/14/4
f 1599/1390/6 1613/1427/6 1663/1426/6
f 1598/1390/4 1648/1391/4 1662/1426/4
f 1644/1396/6 1694/28/6 1663/1426/6
f 1645/1396/4 1612/1427/4 1662/1426/4
f 1633/1403/4 1634/1389/4 1684/1388/4
f 1632/1403/6 1682/1402/6 1685/1388/6
f 1622/1424/6 1672/1425/6 1675/1417/45
f 1623/1422/4 1624/1420/47 1674/1419/46
f 1726/1584/10 1727/1611/10 1702/1585/10
f 1704/1587/10 1705/1659/10 1740/1588/10
f 1730/1590/1 1731/1622/1 1716/1591/1
f 1709/1593/1 1736/1586/1 1737/1585/1
f 1734/1595/8 1735/1608/8 1741/1596/8
f 1731/1598/5 1730/1609/5 1698/1599/5
f 1707/1601/8 1706/2094/8 1705/1597/8
f 1718/1585/1 1719/1586/1 1744/1591/1
f 1737/1602/8 1736/2095/8 1719/1603/8
f 1727/1605/5 1726/1610/5 1696/1606/5
f 1732/1608/8 1733/1595/8 1710/1609/8
f 1703/1610/8 1702/1605/8 1720/1607/8
f 1738/1598/8 1739/1609/8 1742/1607/8
f 1697/1611/10 1696/1584/10 1743/1589/10
f 1711/1612/1 1710/1623/1 1739/1588/1
f 1729/1613/14 1728/2096/14 1714/1614/14
f 1709/1616/21 1708/2097/21 1724/1617/21
f 1717/1609/5 1716/1598/5 1700/1606/5
f 1723/1619/1 1715/2098/1 1714/1620/1
f 1721/1586/10 1720/1585/10 1701/1592/10
f 1699/1622/10 1698/1590/10 1712/1592/10
f 1713/1600/5 1712/1599/5 1745/1604/5
f 1733/1623/10 1732/1612/10 1735/1589/10
f 1722/1621/1 1725/1593/1 1724/1594/1
f 1752/1624/1 1777/1649/1 1776/1625/1
f 1790/1627/1 1755/1658/1 1754/1628/1
f 1766/1630/10 1781/1655/10 1780/1631/10
f 1759/1633/10 1758/1657/10 1787/1624/10
f 1791/1634/5 1785/1647/5 1784/1635/5
f 1748/1637/8 1780/1646/8 1781/1638/8
f 1755/1636/5 1756/2094/5 1757/1601/5
f 1794/1630/10 1769/1626/10 1768/1624/10
f 1769/1640/5 1786/1652/5 1787/1641/5
f 1746/1643/8 1776/1648/8 1777/1644/8
f 1760/1646/5 1783/1635/5 1782/1647/5
f 1770/1645/5 1752/1644/5 1753/1648/5
f 1792/1645/5 1789/1646/5 1788/1638/5
f 1793/1629/1 1746/1625/1 1747/1649/1
f 1789/1627/10 1760/1656/10 1761/1650/10
f 1764/1640/21 1778/2099/21 1779/1651/21
f 1774/1642/14 1758/1641/14 1759/1652/14
f 1750/1643/8 1766/1638/8 1767/1646/8
f 1773/1619/10 1772/1621/10 1764/1653/10
f 1751/1632/1 1770/1624/1 1771/1626/1
f 1762/1632/1 1748/1631/1 1749/1655/1
f 1795/1642/8 1762/1637/8 1763/1639/8
f 1785/1629/1 1782/1650/1 1783/1656/1
f 1772/1621/10 1773/1619/10 1774/1657/10
f 1703/1372/6 1753/1375/6 1776/1373/6
f 1727/1374/4 1777/1373/4 1752/1375/4
f 1741/1376/6 1791/223/6 1754/1377/6
f 1740/1376/4 1705/1378/4 1755/1377/4
f 1730/1379/4 1717/1382/4 1767/1380/4
f 1731/1379/6 1781/1381/6 1766/1380/6
f 1709/1383/48 1759/1418/50 1786/1384/6
f 1737/1385/4 1787/1384/4 1758/1386/49
f 1740/1376/4 1790/223/4 1784/1388/4
f 1741/1376/6 1735/1389/6 1785/1388/6
f 1699/1390/6 1749/1391/6 1781/1381/6
f 1730/1379/4 1780/1381/4 1748/1391/4
f 1707/1392/6 1704/1378/6 1754/1377/6
f 1707/1587/1 1757/1628/1 1756/1658/1
f 1706/1392/4 1756/1393/4 1755/1377/4
f 1745/1396/4 1795/28/4 1768/1397/4
f 1719/1398/6 1769/1397/6 1794/28/6
f 1737/1385/4 1718/1398/4 1768/1397/4
f 1736/1385/6 1786/1384/6 1769/1397/6
f 1727/1374/4 1697/1400/4 1747/1399/4
f 1726/1374/6 1776/1373/6 1746/1399/6
f 1711/1401/6 1761/1404/6 1782/1402/6
f 1733/1403/4 1783/1402/4 1760/1404/4
f 1703/1372/6 1721/1406/6 1771/1405/6
f 1702/1372/4 1752/1375/4 1770/1405/4
f 1743/1407/6 1793/5/6 1788/1408/6
f 1739/1409/4 1789/1408/4 1792/5/4
f 1742/1407/4 1792/5/4 1747/1399/4
f 1743/1407/6 1696/1400/6 1746/1399/6
f 1711/1401/6 1738/1409/6 1788/1408/6
f 1710/1401/4 1760/1404/4 1789/1408/4
f 1729/1410/18 1715/1423/42 1765/1411/42
f 1728/1620/10 1729/2098/10 1779/1654/10
f 1728/1414/43 1778/2083/43 1764/1415/44
f 1709/1383/48 1725/1428/48 1775/1417/45
f 1708/1387/49 1758/1386/49 1774/1419/46
f 1701/1421/4 1751/14/4 1767/1380/4
f 1716/1382/6 1766/1380/6 1750/14/6
f 1723/1422/4 1773/1429/4 1765/1411/42
f 1722/1424/6 1714/1416/44 1764/1415/44
f 1700/1421/6 1750/14/6 1771/1405/6
f 1720/1406/4 1770/1405/4 1751/14/4
f 1699/1390/6 1713/1427/6 1763/1426/6
f 1698/1390/4 1748/1391/4 1762/1426/4
f 1744/1396/6 1794/28/6 1763/1426/6
f 1745/1396/4 1712/1427/4 1762/1426/4
f 1733/1403/4 1734/1389/4 1784/1388/4
f 1732/1403/6 1782/1402/6 1785/1388/6
f 1722/1424/6 1772/1425/6 1775/1417/45
f 1723/1422/4 1724/1420/47 1774/1419/46
f 1826/1660/10 1827/1687/10 1802/1661/10
f 1804/1663/10 1805/1735/10 1840/1664/10
f 1830/1666/1 1831/1698/1 1816/1667/1
f 1809/1669/1 1836/1662/1 1837/1661/1
f 1834/1671/8 1835/1684/8 1841/1672/8
f 1831/1674/5 1830/1685/5 1798/1675/5
f 1807/1677/8 1806/2100/8 1805/1673/8
f 1818/1661/1 1819/1662/1 1844/1667/1
f 1837/1678/8 1836/2101/8 1819/1679/8
f 1827/1681/5 1826/1686/5 1796/1682/5
f 1832/1684/8 1833/1671/8 1810/1685/8
f 1803/1686/8 1802/1681/8 1820/1683/8
f 1838/1674/8 1839/1685/8 1842/1683/8
f 1797/1687/10 1796/1660/10 1843/1665/10
f 1811/1688/1 1810/1699/1 1839/1664/1
f 1829/1689/14 1828/2102/14 1814/1690/14
f 1809/1692/21 1808/2103/21 1824/1693/21
f 1817/1685/5 1816/1674/5 1800/1682/5
f 1823/1695/1 1815/1736/1 1814/1696/1
f 1821/1662/10 1820/1661/10 1801/1668/10
f 1799/1698/10 1798/1666/10 1812/1668/10
f 1813/1676/5 1812/1675/5 1845/1680/5
f 1833/1699/10 1832/1688/10 1835/1665/10
f 1822/1697/1 1825/1669/1 1824/1670/1
f 1852/1700/1 1877/1725/1 1876/1701/1
f 1890/1703/1 1855/1734/1 1854/1704/1
f 1866/1706/10 1881/1731/10 1880/1707/10
f 1859/1709/10 1858/1733/10 1887/1700/10
f 1891/1710/5 1885/1723/5 1884/1711/5
f 1848/1713/8 1880/1722/8 1881/1714/8
f 1855/1712/5 1856/2100/5 1857/1677/5
f 1894/1706/10 1869/1702/10 1868/1700/10
f 1869/1716/5 1886/1728/5 1887/1717/5
f 1846/1719/8 1876/1724/8 1877/1720/8
f 1860/1722/5 1883/1711/5 1882/1723/5
f 1870/1721/5 1852/1720/5 1853/1724/5
f 1892/1721/5 1889/1722/5 1888/1714/5
f 1893/1705/1 1846/1701/1 1847/1725/1
f 1889/1703/10 1860/1732/10 1861/1726/10
f 1864/1716/21 1878/2104/21 1879/1727/21
f 1874/1718/14 1858/1717/14 1859/1728/14
f 1850/1719/8 1866/1714/8 1867/1722/8
f 1873/1695/10 1872/1697/10 1864/1729/10
f 1851/1708/1 1870/1700/1 1871/1702/1
f 1862/1708/1 1848/1707/1 1849/1731/1
f 1895/1718/8 1862/1713/8 1863/1715/8
f 1885/1705/1 1882/1726/1 1883/1732/1
f 1872/1697/10 1873/1695/10 1874/1733/10
f 1803/1372/6 1853/1375/6 1876/1373/6
f 1827/1374/4 1877/1373/4 1852/1375/4
f 1841/1376/6 1891/223/6 1854/1377/6
f 1840/1376/4 1805/1378/4 1855/1377/4
f 1830/1379/4 1817/1382/4 1867/1380/4
f 1831/1379/6 1881/1381/6 1866/1380/6
f 1809/1383/39 1859/1418/33 1886/1384/40
f 1837/1385/4 1887/1384/4 1858/1386/41
f 1840/1376/4 1890/223/4 1884/1388/4
f 1841/1376/6 1835/1389/6 1885/1388/6
f 1799/1390/6 1849/1391/6 1881/1381/6
f 1830/1379/4 1880/1381/4 1848/1391/4
f 1807/1392/6 1804/1378/6 1854/1377/6
f 1807/1663/1 1857/1704/1 1856/1734/1
f 1806/1392/4 1856/1393/4 1855/1377/4
f 1845/1396/4 1895/28/4 1868/1397/4
f 1819/1398/6 1869/1397/6 1894/28/6
f 1837/1385/4 1818/1398/4 1868/1397/4
f 1836/1385/40 1886/1384/40 1869/1397/6
f 1827/1374/4 1797/1400/4 1847/1399/4
f 1826/1374/6 1876/1373/6 1846/1399/6
f 1811/1401/6 1861/1404/6 1882/1402/6
f 1833/1403/4 1883/1402/4 1860/1404/4
f 1803/1372/6 1821/1406/6 1871/1405/6
f 1802/1372/4 1852/1375/4 1870/1405/4
f 1843/1407/6 1893/5/6 1888/1408/6
f 1839/1409/4 1889/1408/4 1892/5/4
f 1842/1407/4 1892/5/4 1847/1399/4
f 1843/1407/6 1796/1400/6 1846/1399/6
f 1811/1401/6 1838/1409/6 1888/1408/6
f 1810/1401/4 1860/1404/4 1889/1408/4
f 1829/1410/18 1815/1423/42 1865/1411/42
f 1829/1736/10 1879/1730/10 1878/1729/10
f 1828/1414/43 1878/2083/43 1864/1415/44
f 1809/1383/39 1825/1428/48 1875/1417/45
f 1808/1387/49 1858/1386/41 1874/1419/46
f 1801/1421/4 1851/14/4 1867/1380/4
f 1816/1382/6 1866/1380/6 1850/14/6
f 1823/1422/4 1873/1429/4 1865/1411/42
f 1822/1424/6 1814/1416/44 1864/1415/44
f 1800/1421/6 1850/14/6 1871/1405/6
f 1820/1406/4 1870/1405/4 1851/14/4
f 1799/1390/6 1813/1427/6 1863/1426/6
f 1798/1390/4 1848/1391/4 1862/1426/4
f 1844/1396/6 1894/28/6 1863/1426/6
f 1845/1396/4 1812/1427/4 1862/1426/4
f 1833/1403/4 1834/1389/4 1884/1388/4
f 1832/1403/6 1882/1402/6 1885/1388/6
f 1822/1424/6 1872/1425/6 1875/1417/45
f 1823/1422/4 1824/1420/47 1874/1419/46
f 1926/1737/10 1927/1764/10 1902/1738/10
f 1904/1740/10 1905/1812/10 1940/1741/10
f 1930/1743/1 1931/1775/1 1916/1744/1
f 1909/1746/1 1936/1739/1 1937/1738/1
f 1934/1748/8 1935/1761/8 1941/1749/8
f 1931/1751/5 1930/1762/5 1898/1752/5
f 1907/1754/8 1906/2105/8 1905/1750/8
f 1918/1738/1 1919/1739/1 1944/1744/1
f 1937/1755/8 1936/2106/8 1919/1756/8
f 1927/1758/5 1926/1763/5 1896/1759/5
f 1932/1761/8 1933/1748/8 1910/1762/8
f 1903/1763/8 1902/1758/8 1920/1760/8
f 1938/1751/8 1939/1762/8 1942/1760/8
f 1897/1764/10 1896/1737/10 1943/1742/10
f 1911/1765/1 1910/1776/1 1939/1741/1
f 1929/1766/14 1928/2107/14 1914/1767/14
f 1909/1769/21 1908/2108/21 1924/1770/21
f 1917/1762/5 1916/1751/5 1900/1759/5
f 1923/1772/1 1915/1813/1 1914/1773/1
f 1921/1739/10 1920/1738/10 1901/1745/10
f 1899/1775/10 1898/1743/10 1912/1745/10
f 1913/1753/5 1912/1752/5 1945/1757/5
f 1933/1776/10 1932/1765/10 1935/1742/10
f 1922/1774/1 1925/1746/1 1924/1747/1
f 1952/1777/1 1977/1802/1 1976/1778/1
f 1990/1780/1 1955/1811/1 1954/1781/1
f 1966/1783/10 1981/1808/10 1980/1784/10
f 1959/1786/10 1958/1810/10 1987/1777/10
f 1991/1787/5 1985/1800/5 1984/1788/5
f 1948/1790/8 1980/1799/8 1981/1791/8
f 1955/1789/5 1956/2105/5 1957/1754/5
f 1994/1783/10 1969/1779/10 1968/1777/10
f 1969/1793/5 1986/1805/5 1987/1794/5
f 1946/1796/8 1976/1801/8 1977/1797/8
f 1960/1799/5 1983/1788/5 1982/1800/5
f 1970/1798/5 1952/1797/5 1953/1801/5
f 1992/1798/5 1989/1799/5 1988/1791/5
f 1993/1782/1 1946/1778/1 1947/1802/1
f 1989/1780/10 1960/1809/10 1961/1803/10
f 1964/1793/21 1978/2109/21 1979/1804/21
f 1974/1795/14 1958/1794/14 1959/1805/14
f 1950/1796/8 1966/1791/8 1967/1799/8
f 1973/1772/10 1972/1774/10 1964/1806/10
f 1951/1785/1 1970/1777/1 1971/1779/1
f 1962/1785/1 1948/1784/1 1949/1808/1
f 1995/1795/8 1962/1790/8 1963/1792/8
f 1985/1782/1 1982/1803/1 1983/1809/1
f 1972/1774/10 1973/1772/10 1974/1810/10
f 1903/1372/6 1953/1375/6 1976/1373/6
f 1927/1374/4 1977/1373/4 1952/1375/4
f 1941/1376/6 1991/223/6 1954/1377/6
f 1940/1376/4 1905/1378/4 1955/1377/4
f 1930/1379/4 1917/1382/4 1967/1380/4
f 1931/1379/6 1981/1381/6 1966/1380/6
f 1909/1383/39 1959/1418/33 1986/1384/40
f 1937/1385/4 1987/1384/4 1958/1386/41
f 1940/1376/4 1990/223/4 1984/1388/4
f 1941/1376/6 1935/1389/6 1985/1388/6
f 1899/1390/6 1949/1391/6 1981/1381/6
f 1930/1379/4 1980/1381/4 1948/1391/4
f 1907/1392/6 1904/1378/6 1954/1377/6
f 1907/1740/1 1957/1781/1 1956/1811/1
f 1906/1392/4 1956/1393/4 1955/1377/4
f 1945/1396/4 1995/28/4 1968/1397/4
f 1919/1398/6 1969/1397/6 1994/28/6
f 1937/1385/4 1918/1398/4 1968/1397/4
f 1936/1385/40 1986/1384/40 1969/1397/6
f 1927/1374/4 1897/1400/4 1947/1399/4
f 1926/1374/6 1976/1373/6 1946/1399/6
f 1911/1401/6 1961/1404/6 1982/1402/6
f 1933/1403/4 1983/1402/4 1960/1404/4
f 1903/1372/6 1921/1406/6 1971/1405/6
f 1902/1372/4 1952/1375/4 1970/1405/4
f 1943/1407/6 1993/5/6 1988/1408/6
f 1939/1409/4 1989/1408/4 1992/5/4
f 1942/1407/4 1992/5/4 1947/1399/4
f 1943/1407/6 1896/1400/6 1946/1399/6
f 1911/1401/6 1938/1409/6 1988/1408/6
f 1910/1401/4 1960/1404/4 1989/1408/4
f 1929/1410/18 1915/1423/42 1965/1411/42
f 1929/1813/10 1979/1807/10 1978/1806/10
f 1928/1414/43 1978/2083/43 1964/1415/44
f 1909/1383/39 1925/1428/48 1975/1417/45
f 1908/1387/41 1958/1386/41 1974/1419/46
f 1901/1421/4 1951/14/4 1967/1380/4
f 1916/1382/6 1966/1380/6 1950/14/6
f 1923/1422/4 1973/1429/4 1965/1411/42
f 1922/1424/6 1914/1416/44 1964/1415/44
f 1900/1421/6 1950/14/6 1971/1405/6
f 1920/1406/4 1970/1405/4 1951/14/4
f 1899/1390/6 1913/1427/6 1963/1426/6
f 1898/1390/4 1948/1391/4 1962/1426/4
f 1944/1396/6 1994/28/6 1963/1426/6
f 1945/1396/4 1912/1427/4 1962/1426/4
f 1933/1403/4 1934/1389/4 1984/1388/4
f 1932/1403/6 1982/1402/6 1985/1388/6
f 1922/1424/6 1972/1425/6 1975/1417/45
f 1923/1422/4 1924/1420/47 1974/1419/46
usemtl GT_MC_Glass_Facade_2
f 378/1/1 277/2/1 244/3/1
f 239/268/8 240/269/8 238/270/8
f 259/281/8 260/282/8 258/283/8
f 235/368/1 237/369/1 236/370/1
f 251/369/10 252/490/10 250/491/10
f 254/493/5 256/494/5 255/495/5
f 221/514/5 223/515/5 222/516/5
f 233/559/10 227/560/10 228/561/10
f 244/3/1 243/1894/1 245/1895/1
f 243/1894/1 242/1896/1 245/1895/1
f 244/3/1 303/1897/1 295/1898/1
f 245/1895/1 303/1897/1 244/3/1
f 295/1898/1 246/1899/1 244/3/1
f 246/1899/1 378/1/1 244/3/1
f 378/1/1 379/1900/1 249/1901/1
f 345/1902/1 379/1900/1 344/1903/1
f 379/1900/1 247/1904/1 344/1903/1
f 247/1904/1 248/1905/1 344/1903/1
f 379/1900/1 345/1902/1 249/1901/1
f 249/1901/1 276/1906/1 378/1/1
f 378/1/1 276/1906/1 277/2/1
f 239/268/8 241/1938/8 240/269/8
f 259/281/8 261/1939/8 260/282/8
f 235/368/1 234/1958/1 237/369/1
f 251/369/10 253/1958/10 252/490/10
f 254/493/5 257/1985/5 256/494/5
f 221/514/5 224/1989/5 223/515/5
f 227/560/10 226/1996/10 225/1896/10
f 228/561/10 229/1997/10 233/559/10
f 229/1997/10 274/1998/10 357/1999/10
f 233/559/10 229/1997/10 357/1999/10
f 274/1998/10 275/2000/10 357/1999/10
f 275/2000/10 230/2001/10 357/1999/10
f 230/2001/10 340/2002/10 356/2003/10
f 340/2002/10 341/2004/10 356/2003/10
f 230/2001/10 356/2003/10 357/1999/10
f 341/2004/10 231/2005/10 232/2006/10
f 232/2006/10 356/2003/10 341/2004/10
f 227/560/10 225/1896/10 228/561/10
usemtl GT_MC_Glass_Facade_3
f 337/38/1 42/39/1 44/40/1
f 36/220/8 339/221/8 35/222/8
f 56/400/8 383/401/8 55/402/8
f 47/478/5 380/479/5 48/480/5
f 358/526/1 30/527/1 31/528/1
f 51/565/10 377/566/10 52/567/10
f 318/591/8 34/592/8 338/593/8
f 43/594/1 330/595/1 336/596/1
f 316/597/10 37/598/10 332/599/10
f 317/611/10 38/612/10 39/613/10
f 338/593/8 319/621/8 318/591/8
f 336/596/1 331/622/1 337/38/1
f 332/599/10 317/611/10 316/597/10
f 353/647/10 50/648/10 376/649/10
f 361/655/8 54/656/8 382/657/8
f 32/659/1 386/660/1 359/661/1
f 381/666/5 45/667/5 46/668/5
f 376/649/10 352/674/10 353/647/10
f 359/661/1 387/675/1 358/526/1
f 381/666/5 348/676/5 349/677/5
f 382/657/8 360/680/8 361/655/8
f 337/38/1 331/622/1 42/39/1
f 36/220/8 319/621/8 339/221/8
f 56/400/8 360/680/8 383/401/8
f 47/478/5 348/676/5 380/479/5
f 358/526/1 387/675/1 30/527/1
f 51/565/10 352/674/10 377/566/10
f 318/591/8 33/2014/8 34/592/8
f 43/594/1 41/2015/1 330/595/1
f 316/597/10 40/2016/10 37/598/10
f 317/611/10 333/2020/10 38/612/10
f 338/593/8 339/221/8 319/621/8
f 336/596/1 330/595/1 331/622/1
f 332/599/10 333/2020/10 317/611/10
f 353/647/10 49/2027/10 50/648/10
f 361/655/8 53/2029/8 54/656/8
f 32/659/1 29/2030/1 386/660/1
f 381/666/5 349/677/5 45/667/5
f 376/649/10 377/566/10 352/674/10
f 359/661/1 386/660/1 387/675/1
f 381/666/5 380/479/5 348/676/5
f 382/657/8 383/401/8 360/680/8
usemtl GT_MC_Tiling_Scratched_Iron_Grey
f 399/684/10 396/685/10 398/686/10
f 407/687/4 396/688/4 404/689/4
f 406/690/6 399/691/6 405/692/6
f 409/693/1 417/694/1 408/695/1
f 401/696/6 405/692/6 403/697/6
f 402/698/4 404/689/4 400/699/4
f 406/700/8 408/701/8 404/702/8
f 406/700/8 410/703/8 409/704/8
f 400/705/8 410/703/8 401/706/8
f 404/702/8 411/707/8 400/705/8
f 396/708/8 413/709/8 412/710/8
f 406/700/8 413/709/8 397/711/8
f 404/702/8 414/712/8 406/700/8
f 396/708/8 415/713/8 404/702/8
f 413/720/1 420/721/1 412/722/1
f 408/723/6 418/724/6 411/725/6
f 412/726/6 422/727/6 415/728/6
f 410/729/4 416/730/4 409/731/4
f 414/732/4 421/733/4 413/734/4
f 411/735/10 419/736/10 410/737/10
f 415/738/10 423/739/10 414/740/10
f 424/741/1 427/742/1 426/743/1
f 424/744/4 431/745/4 428/746/4
f 427/747/6 430/748/6 429/749/6
f 441/750/10 433/751/10 432/752/10
f 429/749/6 401/696/6 403/697/6
f 428/746/4 402/698/4 400/699/4
f 432/753/8 430/754/8 428/755/8
f 430/754/8 434/756/8 401/706/8
f 434/756/8 400/705/8 401/706/8
f 435/757/8 428/755/8 400/705/8
f 424/758/8 437/759/8 425/760/8
f 437/759/8 430/754/8 425/760/8
f 438/761/8 428/755/8 430/754/8
f 428/755/8 436/762/8 424/758/8
f 444/769/10 437/770/10 436/771/10
f 442/772/6 432/773/6 435/774/6
f 446/775/6 436/776/6 439/777/6
f 440/778/4 434/779/4 433/780/4
f 445/781/4 438/782/4 437/783/4
f 443/784/1 435/785/1 434/786/1
f 447/787/1 439/788/1 438/789/1
f 449/790/1 450/791/1 448/792/1
f 451/793/6 454/794/6 450/795/6
f 455/796/10 452/797/10 454/798/10
f 453/799/4 448/800/4 452/801/4
f 454/802/5 448/803/5 450/804/5
f 451/805/8 453/806/8 455/807/8
f 472/685/1 475/684/1 474/686/1
f 472/688/4 483/687/4 480/689/4
f 475/691/6 482/690/6 481/692/6
f 493/694/10 485/693/10 484/695/10
f 481/692/6 477/696/6 479/697/6
f 480/689/4 478/698/4 476/699/4
f 484/701/8 482/700/8 480/702/8
f 482/700/8 486/703/8 477/706/8
f 486/703/8 476/705/8 477/706/8
f 487/707/8 480/702/8 476/705/8
f 488/710/8 473/711/8 472/708/8
f 489/709/8 482/700/8 473/711/8
f 490/712/8 480/702/8 482/700/8
f 480/702/8 488/710/8 472/708/8
f 496/721/10 489/720/10 488/722/10
f 494/724/6 484/723/6 487/725/6
f 498/727/6 488/726/6 491/728/6
f 492/730/4 486/729/4 485/731/4
f 497/733/4 490/732/4 489/734/4
f 495/736/1 487/735/1 486/737/1
f 499/739/1 491/738/1 490/740/1
f 503/742/10 500/741/10 502/743/10
f 507/745/4 500/744/4 504/746/4
f 506/748/6 503/747/6 505/749/6
f 509/751/1 517/750/1 508/752/1
f 477/696/6 505/749/6 479/697/6
f 478/698/4 504/746/4 476/699/4
f 504/755/8 509/832/8 508/753/8
f 506/754/8 510/756/8 509/832/8
f 476/705/8 510/756/8 477/706/8
f 504/755/8 511/757/8 476/705/8
f 500/758/8 513/759/8 512/762/8
f 506/754/8 513/759/8 501/760/8
f 504/755/8 514/761/8 506/754/8
f 500/758/8 515/833/8 504/755/8
f 513/770/1 520/769/1 512/771/1
f 508/773/6 518/772/6 511/774/6
f 512/776/6 522/775/6 515/777/6
f 510/779/4 516/778/4 509/780/4
f 514/782/4 521/781/4 513/783/4
f 511/785/10 519/784/10 510/786/10
f 515/788/10 523/787/10 514/789/10
f 526/791/10 525/790/10 524/792/10
f 530/794/6 527/793/6 526/795/6
f 528/797/1 531/796/1 530/798/1
f 524/800/4 529/799/4 528/801/4
f 524/803/5 530/802/5 526/804/5
f 529/806/8 527/805/8 531/807/8
f 551/684/8 548/685/8 550/686/8
f 559/687/4 548/688/4 556/689/4
f 558/690/6 551/691/6 557/692/6
f 561/693/5 569/694/5 560/695/5
f 555/697/6 558/690/6 557/692/6
f 554/698/4 556/689/4 552/699/4
f 558/700/1 560/701/1 556/702/1
f 558/700/1 562/703/1 561/704/1
f 552/705/1 562/703/1 553/706/1
f 556/702/1 563/707/1 552/705/1
f 549/711/1 564/710/1 548/708/1
f 558/700/1 565/709/1 549/711/1
f 556/702/1 566/712/1 558/700/1
f 556/702/1 564/710/1 567/713/1
f 565/720/5 572/721/5 564/722/5
f 560/723/6 570/724/6 563/725/6
f 564/726/6 574/727/6 567/728/6
f 562/729/4 568/730/4 561/731/4
f 566/732/4 573/733/4 565/734/4
f 563/735/8 571/736/8 562/737/8
f 567/738/8 575/739/8 566/740/8
f 576/741/5 579/742/5 578/743/5
f 580/746/4 578/858/4 583/745/4
f 579/747/6 582/748/6 581/749/6
f 593/750/8 585/751/8 584/752/8
f 581/749/6 553/696/6 555/697/6
f 580/746/4 554/698/4 552/699/4
f 584/753/1 582/754/1 580/755/1
f 582/754/1 586/756/1 553/706/1
f 586/756/1 552/705/1 553/706/1
f 587/757/1 580/755/1 552/705/1
f 588/762/1 577/760/1 576/758/1
f 577/760/1 590/761/1 582/754/1
f 590/761/1 580/755/1 582/754/1
f 591/833/1 576/758/1 580/755/1
f 596/769/8 589/770/8 588/771/8
f 594/772/6 584/773/6 587/774/6
f 591/777/6 596/859/6 588/776/6
f 592/778/4 586/779/4 585/780/4
f 597/781/4 590/782/4 589/783/4
f 595/784/5 587/785/5 586/786/5
f 599/787/5 591/788/5 590/789/5
f 601/790/5 602/791/5 600/792/5
f 602/795/6 607/860/6 606/794/6
f 607/796/8 604/797/8 606/798/8
f 605/799/4 600/800/4 604/801/4
f 602/804/10 604/861/10 600/803/10
f 603/805/1 605/806/1 607/807/1
f 624/685/5 627/684/5 626/686/5
f 624/688/4 635/687/4 632/689/4
f 627/691/6 634/690/6 633/692/6
f 645/694/8 637/693/8 636/695/8
f 633/692/6 629/696/6 631/697/6
f 632/689/4 630/698/4 628/699/4
f 636/701/1 634/700/1 632/702/1
f 634/700/1 638/703/1 629/706/1
f 638/703/1 628/705/1 629/706/1
f 639/707/1 632/702/1 628/705/1
f 640/710/1 625/711/1 624/708/1
f 641/709/1 634/700/1 625/711/1
f 642/712/1 632/702/1 634/700/1
f 643/713/1 624/708/1 632/702/1
f 648/721/8 641/720/8 640/722/8
f 646/724/6 636/723/6 639/725/6
f 650/727/6 640/726/6 643/728/6
f 644/730/4 638/729/4 637/731/4
f 649/733/4 642/732/4 641/734/4
f 647/736/5 639/735/5 638/737/5
f 651/739/5 643/738/5 642/740/5
f 655/742/8 652/741/8 654/743/8
f 659/745/4 652/744/4 656/746/4
f 657/749/6 653/886/6 655/747/6
f 661/751/5 669/750/5 660/752/5
f 631/697/6 658/748/6 657/749/6
f 630/698/4 656/746/4 628/699/4
f 658/754/1 660/753/1 656/755/1
f 658/754/1 662/756/1 661/832/1
f 628/705/1 662/756/1 629/706/1
f 656/755/1 663/757/1 628/705/1
f 653/760/1 664/762/1 652/758/1
f 658/754/1 665/759/1 653/760/1
f 656/755/1 666/761/1 658/754/1
f 652/758/1 667/833/1 656/755/1
f 665/770/5 672/769/5 664/771/5
f 660/773/6 670/772/6 663/774/6
f 664/776/6 674/775/6 667/777/6
f 662/779/4 668/778/4 661/780/4
f 666/782/4 673/781/4 665/783/4
f 663/785/8 671/784/8 662/786/8
f 667/788/8 675/787/8 666/789/8
f 678/791/8 677/790/8 676/792/8
f 682/794/6 679/793/6 678/795/6
f 680/797/5 683/796/5 682/798/5
f 680/801/4 677/887/4 681/799/4
f 676/803/10 682/802/10 678/804/10
f 681/806/1 679/805/1 683/807/1
f 700/685/5 703/684/5 702/686/5
f 700/688/4 711/687/4 708/689/4
f 703/691/6 710/690/6 709/692/6
f 721/694/8 713/693/8 712/695/8
f 709/692/6 705/696/6 707/697/6
f 704/699/4 711/687/4 706/698/4
f 708/702/1 713/704/1 710/700/1
f 710/700/1 714/703/1 705/706/1
f 714/703/1 704/705/1 705/706/1
f 715/707/1 708/702/1 704/705/1
f 716/710/1 701/711/1 700/708/1
f 717/709/1 710/700/1 701/711/1
f 718/712/1 708/702/1 710/700/1
f 708/702/1 716/710/1 700/708/1
f 724/721/8 717/720/8 716/722/8
f 722/724/6 712/723/6 715/725/6
f 719/728/6 724/912/6 716/726/6
f 720/730/4 714/729/4 713/731/4
f 725/733/4 718/732/4 717/734/4
f 723/736/5 715/735/5 714/737/5
f 727/739/5 719/738/5 718/740/5
f 731/742/8 728/741/8 730/743/8
f 735/745/4 728/744/4 732/746/4
f 733/749/6 729/886/6 731/747/6
f 737/751/5 745/750/5 736/752/5
f 705/696/6 733/749/6 707/697/6
f 706/698/4 732/746/4 704/699/4
f 734/754/1 736/753/1 732/755/1
f 734/754/1 738/756/1 737/832/1
f 704/705/1 738/756/1 705/706/1
f 732/755/1 739/757/1 704/705/1
f 728/758/1 741/759/1 740/762/1
f 729/760/1 742/761/1 741/759/1
f 732/755/1 742/761/1 734/754/1
f 728/758/1 743/833/1 732/755/1
f 741/770/5 748/769/5 740/771/5
f 736/773/6 746/772/6 739/774/6
f 740/776/6 750/775/6 743/777/6
f 738/779/4 744/778/4 737/780/4
f 742/782/4 749/781/4 741/783/4
f 739/785/8 747/784/8 738/786/8
f 743/788/8 751/787/8 742/789/8
f 754/791/8 753/790/8 752/792/8
f 758/794/6 755/793/6 754/795/6
f 756/797/5 759/796/5 758/798/5
f 752/800/4 757/799/4 756/801/4
f 752/803/10 758/802/10 754/804/10
f 757/806/1 755/805/1 759/807/1
f 779/684/8 776/685/8 778/686/8
f 787/687/4 776/688/4 784/689/4
f 785/692/6 777/937/6 779/691/6
f 789/693/5 797/694/5 788/695/5
f 781/696/6 785/692/6 783/697/6
f 782/698/4 784/689/4 780/699/4
f 786/700/1 788/701/1 784/702/1
f 786/700/1 790/703/1 789/704/1
f 780/705/1 790/703/1 781/706/1
f 784/702/1 791/707/1 780/705/1
f 777/711/1 792/710/1 776/708/1
f 786/700/1 793/709/1 777/711/1
f 784/702/1 794/712/1 786/700/1
f 776/708/1 795/713/1 784/702/1
f 793/720/5 800/721/5 792/722/5
f 788/723/6 798/724/6 791/725/6
f 792/726/6 802/727/6 795/728/6
f 790/729/4 796/730/4 789/731/4
f 793/734/4 803/938/4 801/733/4
f 791/735/8 799/736/8 790/737/8
f 795/738/8 803/739/8 794/740/8
f 804/741/5 807/742/5 806/743/5
f 804/744/4 811/745/4 808/746/4
f 807/747/6 810/748/6 809/749/6
f 821/750/8 813/751/8 812/752/8
f 809/749/6 781/696/6 783/697/6
f 808/746/4 782/698/4 780/699/4
f 812/753/1 810/754/1 808/755/1
f 810/754/1 814/756/1 781/706/1
f 814/756/1 780/705/1 781/706/1
f 815/757/1 808/755/1 780/705/1
f 816/762/1 805/760/1 804/758/1
f 817/759/1 810/754/1 805/760/1
f 818/761/1 808/755/1 810/754/1
f 819/833/1 804/758/1 808/755/1
f 824/769/8 817/770/8 816/771/8
f 822/772/6 812/773/6 815/774/6
f 826/775/6 816/776/6 819/777/6
f 820/778/4 814/779/4 813/780/4
f 825/781/4 818/782/4 817/783/4
f 823/784/5 815/785/5 814/786/5
f 827/787/5 819/788/5 818/789/5
f 829/790/5 830/791/5 828/792/5
f 831/793/6 834/794/6 830/795/6
f 835/796/8 832/797/8 834/798/8
f 833/799/4 828/800/4 832/801/4
f 834/802/10 828/803/10 830/804/10
f 831/805/1 833/806/1 835/807/1
f 855/684/5 852/685/5 854/686/5
f 863/687/4 852/688/4 860/689/4
f 861/692/6 853/937/6 855/691/6
f 865/693/8 873/694/8 864/695/8
f 857/696/6 861/692/6 859/697/6
f 858/698/4 860/689/4 856/699/4
f 860/702/10 865/704/10 864/701/10
f 862/700/10 866/703/10 865/704/10
f 856/705/10 866/703/10 857/706/10
f 860/702/10 867/707/10 856/705/10
f 853/711/10 868/710/10 852/708/10
f 853/711/10 870/712/10 869/709/10
f 860/702/10 870/712/10 862/700/10
f 852/708/10 871/713/10 860/702/10
f 869/720/8 876/721/8 868/722/8
f 864/723/6 874/724/6 867/725/6
f 868/726/6 878/727/6 871/728/6
f 866/729/4 872/730/4 865/731/4
f 869/734/4 879/938/4 877/733/4
f 867/735/5 875/736/5 866/737/5
f 871/738/5 879/739/5 870/740/5
f 880/741/8 883/742/8 882/743/8
f 884/746/4 882/858/4 887/745/4
f 883/747/6 886/748/6 885/749/6
f 897/750/5 889/751/5 888/752/5
f 885/749/6 857/696/6 859/697/6
f 884/746/4 858/698/4 856/699/4
f 888/753/10 886/754/10 884/755/10
f 886/754/10 890/756/10 857/706/10
f 890/756/10 856/705/10 857/706/10
f 891/757/10 884/755/10 856/705/10
f 880/758/10 893/759/10 881/760/10
f 893/759/10 886/754/10 881/760/10
f 894/761/10 884/755/10 886/754/10
f 884/755/10 892/762/10 880/758/10
f 900/769/5 893/770/5 892/771/5
f 898/772/6 888/773/6 891/774/6
f 895/777/6 900/859/6 892/776/6
f 896/778/4 890/779/4 889/780/4
f 901/781/4 894/782/4 893/783/4
f 899/784/8 891/785/8 890/786/8
f 903/787/8 895/788/8 894/789/8
f 905/790/8 906/791/8 904/792/8
f 907/793/6 910/794/6 906/795/6
f 911/796/5 908/797/5 910/798/5
f 909/799/4 904/800/4 908/801/4
f 910/802/1 904/803/1 906/804/1
f 907/805/10 909/806/10 911/807/10
f 931/684/5 928/685/5 930/686/5
f 939/687/4 928/688/4 936/689/4
f 938/690/6 931/691/6 937/692/6
f 941/693/8 949/694/8 940/695/8
f 933/696/6 937/692/6 935/697/6
f 934/698/4 936/689/4 932/699/4
f 938/700/10 940/701/10 936/702/10
f 938/700/10 942/703/10 941/704/10
f 932/705/10 942/703/10 933/706/10
f 936/702/10 943/707/10 932/705/10
f 929/711/10 944/710/10 928/708/10
f 938/700/10 945/709/10 929/711/10
f 936/702/10 946/712/10 938/700/10
f 928/708/10 947/713/10 936/702/10
f 945/720/8 952/721/8 944/722/8
f 940/723/6 950/724/6 943/725/6
f 944/726/6 954/727/6 947/728/6
f 942/729/4 948/730/4 941/731/4
f 946/732/4 953/733/4 945/734/4
f 943/735/5 951/736/5 942/737/5
f 947/738/5 955/739/5 946/740/5
f 956/741/8 959/742/8 958/743/8
f 956/744/4 963/745/4 960/746/4
f 959/747/6 962/748/6 961/749/6
f 973/750/5 965/751/5 964/752/5
f 961/749/6 933/696/6 935/697/6
f 960/746/4 934/698/4 932/699/4
f 964/753/10 962/754/10 960/755/10
f 962/754/10 966/756/10 933/706/10
f 966/756/10 932/705/10 933/706/10
f 967/757/10 960/755/10 932/705/10
f 968/762/10 957/760/10 956/758/10
f 969/759/10 962/754/10 957/760/10
f 970/761/10 960/755/10 962/754/10
f 960/755/10 968/762/10 956/758/10
f 976/769/5 969/770/5 968/771/5
f 967/774/6 973/986/6 964/773/6
f 978/775/6 968/776/6 971/777/6
f 972/778/4 966/779/4 965/780/4
f 977/781/4 970/782/4 969/783/4
f 975/784/8 967/785/8 966/786/8
f 979/787/8 971/788/8 970/789/8
f 981/790/8 982/791/8 980/792/8
f 983/793/6 986/794/6 982/795/6
f 987/796/5 984/797/5 986/798/5
f 985/799/4 980/800/4 984/801/4
f 986/802/1 980/803/1 982/804/1
f 983/805/10 985/806/10 987/807/10
f 1007/684/5 1004/685/5 1006/686/5
f 1015/687/4 1004/688/4 1012/689/4
f 1014/690/6 1007/691/6 1013/692/6
f 1017/693/8 1025/694/8 1016/695/8
f 1009/696/6 1013/692/6 1011/697/6
f 1010/698/4 1012/689/4 1008/699/4
f 1014/700/10 1016/701/10 1012/702/10
f 1014/700/10 1018/703/10 1017/704/10
f 1008/705/10 1018/703/10 1009/706/10
f 1012/702/10 1019/707/10 1008/705/10
f 1004/708/10 1021/709/10 1020/710/10
f 1014/700/10 1021/709/10 1005/711/10
f 1012/702/10 1022/712/10 1014/700/10
f 1012/702/10 1020/710/10 1023/713/10
f 1021/720/8 1028/721/8 1020/722/8
f 1016/723/6 1026/724/6 1019/725/6
f 1020/726/6 1030/727/6 1023/728/6
f 1017/731/4 1027/1009/4 1024/730/4
f 1022/732/4 1029/733/4 1021/734/4
f 1019/735/5 1027/736/5 1018/737/5
f 1023/738/5 1031/739/5 1022/740/5
f 1032/741/8 1035/742/8 1034/743/8
f 1032/744/4 1039/745/4 1036/746/4
f 1035/747/6 1038/748/6 1037/749/6
f 1049/750/5 1041/751/5 1040/752/5
f 1037/749/6 1009/696/6 1011/697/6
f 1008/699/4 1039/745/4 1010/698/4
f 1040/753/10 1038/754/10 1036/755/10
f 1038/754/10 1042/756/10 1009/706/10
f 1009/706/10 1043/757/10 1008/705/10
f 1043/757/10 1036/755/10 1008/705/10
f 1032/758/10 1045/759/10 1033/760/10
f 1033/760/10 1046/761/10 1038/754/10
f 1046/761/10 1036/755/10 1038/754/10
f 1047/833/10 1032/758/10 1036/755/10
f 1052/769/5 1045/770/5 1044/771/5
f 1050/772/6 1040/773/6 1043/774/6
f 1054/775/6 1044/776/6 1047/777/6
f 1048/778/4 1042/779/4 1041/780/4
f 1053/781/4 1046/782/4 1045/783/4
f 1051/784/8 1043/785/8 1042/786/8
f 1055/787/8 1047/788/8 1046/789/8
f 1057/790/8 1058/791/8 1056/792/8
f 1059/793/6 1062/794/6 1058/795/6
f 1063/796/5 1060/797/5 1062/798/5
f 1061/799/4 1056/800/4 1060/801/4
f 1062/802/1 1056/803/1 1058/804/1
f 1059/805/10 1061/806/10 1063/807/10
f 1080/685/8 1083/684/8 1082/686/8
f 1080/688/4 1091/687/4 1088/689/4
f 1089/692/6 1081/937/6 1090/690/6
f 1101/694/5 1093/693/5 1092/695/5
f 1089/692/6 1085/696/6 1087/697/6
f 1088/689/4 1086/698/4 1084/699/4
f 1092/701/10 1090/700/10 1088/702/10
f 1090/700/10 1094/703/10 1085/706/10
f 1094/703/10 1084/705/10 1085/706/10
f 1095/707/10 1088/702/10 1084/705/10
f 1096/710/10 1081/711/10 1080/708/10
f 1097/709/10 1090/700/10 1081/711/10
f 1098/712/10 1088/702/10 1090/700/10
f 1099/713/10 1080/708/10 1088/702/10
f 1104/721/5 1097/720/5 1096/722/5
f 1102/724/6 1092/723/6 1095/725/6
f 1106/727/6 1096/726/6 1099/728/6
f 1100/730/4 1094/729/4 1093/731/4
f 1097/734/4 1107/938/4 1098/732/4
f 1103/736/8 1095/735/8 1094/737/8
f 1107/739/8 1099/738/8 1098/740/8
f 1111/742/5 1108/741/5 1110/743/5
f 1115/745/4 1108/744/4 1112/746/4
f 1113/749/6 1109/886/6 1111/747/6
f 1117/751/8 1125/750/8 1116/752/8
f 1085/696/6 1113/749/6 1087/697/6
f 1086/698/4 1112/746/4 1084/699/4
f 1114/754/10 1116/753/10 1112/755/10
f 1114/754/10 1118/756/10 1117/832/10
f 1084/705/10 1118/756/10 1085/706/10
f 1112/755/10 1119/757/10 1084/705/10
f 1109/760/10 1120/762/10 1108/758/10
f 1114/754/10 1121/759/10 1109/760/10
f 1112/755/10 1122/761/10 1114/754/10
f 1108/758/10 1123/833/10 1112/755/10
f 1121/770/8 1128/769/8 1120/771/8
f 1116/773/6 1126/772/6 1119/774/6
f 1120/776/6 1130/775/6 1123/777/6
f 1117/780/4 1127/1038/4 1124/778/4
f 1121/783/4 1131/1039/4 1129/781/4
f 1119/785/5 1127/784/5 1118/786/5
f 1123/788/5 1131/787/5 1122/789/5
f 1134/791/5 1133/790/5 1132/792/5
f 1138/794/6 1135/793/6 1134/795/6
f 1136/797/8 1139/796/8 1138/798/8
f 1132/800/4 1137/799/4 1136/801/4
f 1132/803/1 1138/802/1 1134/804/1
f 1137/806/10 1135/805/10 1139/807/10
f 1999/684/1 1996/685/1 1998/686/1
f 2007/687/4 1996/688/4 2004/689/4
f 2006/690/6 1999/691/6 2005/692/6
f 2009/693/10 2017/694/10 2008/695/10
f 2001/696/6 2005/692/6 2003/697/6
f 2000/699/4 2007/687/4 2004/689/4
f 2006/700/5 2008/701/5 2004/702/5
f 2006/700/5 2010/703/5 2009/704/5
f 2000/705/5 2010/703/5 2001/706/5
f 2004/702/5 2011/707/5 2000/705/5
f 1997/711/5 2012/710/5 1996/708/5
f 1997/711/5 2014/712/5 2013/709/5
f 2004/702/5 2014/712/5 2006/700/5
f 1996/708/5 2015/713/5 2004/702/5
f 2013/720/10 2020/721/10 2012/722/10
f 2008/723/6 2018/724/6 2011/725/6
f 2012/726/6 2022/727/6 2015/728/6
f 2010/729/4 2016/730/4 2009/731/4
f 2014/732/4 2021/733/4 2013/734/4
f 2011/735/1 2019/736/1 2010/737/1
f 2015/738/1 2023/739/1 2014/740/1
f 2024/741/10 2027/742/10 2026/743/10
f 2024/744/4 2031/745/4 2028/746/4
f 2027/747/6 2030/748/6 2029/749/6
f 2041/750/1 2033/751/1 2032/752/1
f 2029/749/6 2001/696/6 2003/697/6
f 2028/746/4 2002/698/4 2000/699/4
f 2032/753/5 2030/754/5 2028/755/5
f 2030/754/5 2034/756/5 2001/706/5
f 2034/756/5 2000/705/5 2001/706/5
f 2035/757/5 2028/755/5 2000/705/5
f 2036/762/5 2025/760/5 2024/758/5
f 2025/760/5 2038/761/5 2030/754/5
f 2038/761/5 2028/755/5 2030/754/5
f 2039/833/5 2024/758/5 2028/755/5
f 2044/769/1 2037/770/1 2036/771/1
f 2042/772/6 2032/773/6 2035/774/6
f 2046/775/6 2036/776/6 2039/777/6
f 2040/778/4 2034/779/4 2033/780/4
f 2045/781/4 2038/782/4 2037/783/4
f 2043/784/10 2035/785/10 2034/786/10
f 2047/787/10 2039/788/10 2038/789/10
f 2051/684/1 2048/685/1 2050/686/1
f 2059/687/4 2048/688/4 2056/689/4
f 2058/690/6 2051/691/6 2057/692/6
f 2061/693/10 2069/694/10 2060/695/10
f 2053/696/6 2057/692/6 2055/697/6
f 2054/698/4 2056/689/4 2052/699/4
f 2058/700/5 2060/701/5 2056/702/5
f 2058/700/5 2062/703/5 2061/704/5
f 2052/705/5 2062/703/5 2053/706/5
f 2056/702/5 2063/707/5 2052/705/5
f 2049/711/5 2064/710/5 2048/708/5
f 2058/700/5 2065/709/5 2049/711/5
f 2056/702/5 2066/712/5 2058/700/5
f 2056/702/5 2064/710/5 2067/713/5
f 2065/720/10 2072/721/10 2064/722/10
f 2060/723/6 2070/724/6 2063/725/6
f 2064/726/6 2074/727/6 2067/728/6
f 2062/729/4 2068/730/4 2061/731/4
f 2066/732/4 2073/733/4 2065/734/4
f 2063/735/1 2071/736/1 2062/737/1
f 2067/738/1 2075/739/1 2066/740/1
f 2076/741/10 2079/742/10 2078/743/10
f 2076/744/4 2083/745/4 2080/746/4
f 2079/747/6 2082/748/6 2081/749/6
f 2093/750/1 2085/751/1 2084/752/1
f 2081/749/6 2053/696/6 2055/697/6
f 2080/746/4 2054/698/4 2052/699/4
f 2084/753/5 2082/754/5 2080/755/5
f 2082/754/5 2086/756/5 2053/706/5
f 2053/706/5 2087/757/5 2052/705/5
f 2087/757/5 2080/755/5 2052/705/5
f 2088/762/5 2077/760/5 2076/758/5
f 2089/759/5 2082/754/5 2077/760/5
f 2090/761/5 2080/755/5 2082/754/5
f 2080/755/5 2088/762/5 2076/758/5
f 2096/769/1 2089/770/1 2088/771/1
f 2094/772/6 2084/773/6 2087/774/6
f 2098/775/6 2088/776/6 2091/777/6
f 2092/778/4 2086/779/4 2085/780/4
f 2097/781/4 2090/782/4 2089/783/4
f 2095/784/10 2087/785/10 2086/786/10
f 2099/787/10 2091/788/10 2090/789/10
f 2100/685/10 2103/684/10 2102/686/10
f 2108/689/4 2102/1814/4 2111/687/4
f 2103/691/6 2110/690/6 2109/692/6
f 2121/694/1 2113/693/1 2112/695/1
f 2109/692/6 2105/696/6 2107/697/6
f 2104/699/4 2111/687/4 2106/698/4
f 2112/701/5 2110/700/5 2108/702/5
f 2110/700/5 2114/703/5 2105/706/5
f 2114/703/5 2104/705/5 2105/706/5
f 2115/707/5 2108/702/5 2104/705/5
f 2116/710/5 2101/711/5 2100/708/5
f 2117/709/5 2110/700/5 2101/711/5
f 2118/712/5 2108/702/5 2110/700/5
f 2108/702/5 2116/710/5 2100/708/5
f 2124/721/1 2117/720/1 2116/722/1
f 2122/724/6 2112/723/6 2115/725/6
f 2126/727/6 2116/726/6 2119/728/6
f 2120/730/4 2114/729/4 2113/731/4
f 2117/734/4 2127/938/4 2118/732/4
f 2123/736/10 2115/735/10 2114/737/10
f 2127/739/10 2119/738/10 2118/740/10
f 2131/742/1 2128/741/1 2130/743/1
f 2135/745/4 2128/744/4 2132/746/4
f 2134/748/6 2131/747/6 2133/749/6
f 2137/751/10 2145/750/10 2136/752/10
f 2105/696/6 2133/749/6 2107/697/6
f 2106/698/4 2132/746/4 2104/699/4
f 2134/754/5 2136/753/5 2132/755/5
f 2134/754/5 2138/756/5 2137/832/5
f 2104/705/5 2138/756/5 2105/706/5
f 2132/755/5 2139/757/5 2104/705/5
f 2129/760/5 2140/762/5 2128/758/5
f 2134/754/5 2141/759/5 2129/760/5
f 2132/755/5 2142/761/5 2134/754/5
f 2128/758/5 2143/833/5 2132/755/5
f 2141/770/10 2148/769/10 2140/771/10
f 2136/773/6 2146/772/6 2139/774/6
f 2140/776/6 2150/775/6 2143/777/6
f 2138/779/4 2144/778/4 2137/780/4
f 2142/782/4 2149/781/4 2141/783/4
f 2139/785/1 2147/784/1 2138/786/1
f 2143/788/1 2151/787/1 2142/789/1
f 2155/684/8 2152/685/8 2154/686/8
f 2163/687/4 2152/688/4 2160/689/4
f 2162/690/6 2155/691/6 2161/692/6
f 2165/693/5 2173/694/5 2164/695/5
f 2157/696/6 2161/692/6 2159/697/6
f 2158/698/4 2160/689/4 2156/699/4
f 2162/700/1 2164/701/1 2160/702/1
f 2162/700/1 2166/703/1 2165/704/1
f 2156/705/1 2166/703/1 2157/706/1
f 2160/702/1 2167/707/1 2156/705/1
f 2153/711/1 2168/710/1 2152/708/1
f 2153/711/1 2170/712/1 2169/709/1
f 2160/702/1 2170/712/1 2162/700/1
f 2152/708/1 2171/713/1 2160/702/1
f 2169/720/5 2176/721/5 2168/722/5
f 2164/723/6 2174/724/6 2167/725/6
f 2168/726/6 2178/727/6 2171/728/6
f 2166/729/4 2172/730/4 2165/731/4
f 2170/732/4 2177/733/4 2169/734/4
f 2167/735/8 2175/736/8 2166/737/8
f 2171/738/8 2179/739/8 2170/740/8
f 2180/741/5 2183/742/5 2182/743/5
f 2180/744/4 2187/745/4 2184/746/4
f 2183/747/6 2186/748/6 2185/749/6
f 2197/750/8 2189/751/8 2188/752/8
f 2185/749/6 2157/696/6 2159/697/6
f 2184/746/4 2158/698/4 2156/699/4
f 2188/753/1 2186/754/1 2184/755/1
f 2186/754/1 2190/756/1 2157/706/1
f 2190/756/1 2156/705/1 2157/706/1
f 2191/757/1 2184/755/1 2156/705/1
f 2192/762/1 2181/760/1 2180/758/1
f 2193/759/1 2186/754/1 2181/760/1
f 2194/761/1 2184/755/1 2186/754/1
f 2195/833/1 2180/758/1 2184/755/1
f 2200/769/8 2193/770/8 2192/771/8
f 2198/772/6 2188/773/6 2191/774/6
f 2202/775/6 2192/776/6 2195/777/6
f 2196/778/4 2190/779/4 2189/780/4
f 2201/781/4 2194/782/4 2193/783/4
f 2199/784/5 2191/785/5 2190/786/5
f 2203/787/5 2195/788/5 2194/789/5
f 399/684/10 397/2034/10 396/685/10
f 407/687/4 398/1814/4 396/688/4
f 406/690/6 397/937/6 399/691/6
f 409/693/1 416/2035/1 417/694/1
f 401/696/6 406/690/6 405/692/6
f 402/698/4 407/687/4 404/689/4
f 406/700/8 409/704/8 408/701/8
f 406/700/8 401/706/8 410/703/8
f 400/705/8 411/707/8 410/703/8
f 404/702/8 408/701/8 411/707/8
f 396/708/8 397/711/8 413/709/8
f 406/700/8 414/712/8 413/709/8
f 404/702/8 415/713/8 414/712/8
f 396/708/8 412/710/8 415/713/8
f 413/720/1 421/2038/1 420/721/1
f 408/723/6 417/2039/6 418/724/6
f 412/726/6 420/912/6 422/727/6
f 410/729/4 419/1009/4 416/730/4
f 414/732/4 423/938/4 421/733/4
f 411/735/10 418/2040/10 419/736/10
f 415/738/10 422/2041/10 423/739/10
f 424/741/1 425/2042/1 427/742/1
f 424/744/4 426/858/4 431/745/4
f 427/747/6 425/886/6 430/748/6
f 441/750/10 440/2043/10 433/751/10
f 429/749/6 430/748/6 401/696/6
f 428/746/4 431/745/4 402/698/4
f 432/753/8 433/832/8 430/754/8
f 430/754/8 433/832/8 434/756/8
f 434/756/8 435/757/8 400/705/8
f 435/757/8 432/753/8 428/755/8
f 424/758/8 436/762/8 437/759/8
f 437/759/8 438/761/8 430/754/8
f 438/761/8 439/833/8 428/755/8
f 428/755/8 439/833/8 436/762/8
f 444/769/10 445/2045/10 437/770/10
f 442/772/6 441/986/6 432/773/6
f 446/775/6 444/859/6 436/776/6
f 440/778/4 443/1038/4 434/779/4
f 445/781/4 447/1039/4 438/782/4
f 443/784/1 442/2046/1 435/785/1
f 447/787/1 446/2047/1 439/788/1
f 449/790/1 451/2048/1 450/791/1
f 451/793/6 455/860/6 454/794/6
f 455/796/10 453/2049/10 452/797/10
f 453/799/4 449/887/4 448/800/4
f 454/802/5 452/861/5 448/803/5
f 451/805/8 449/2050/8 453/806/8
f 472/685/1 473/2034/1 475/684/1
f 472/688/4 474/1814/4 483/687/4
f 475/691/6 473/937/6 482/690/6
f 493/694/10 492/2035/10 485/693/10
f 481/692/6 482/690/6 477/696/6
f 480/689/4 483/687/4 478/698/4
f 484/701/8 485/704/8 482/700/8
f 482/700/8 485/704/8 486/703/8
f 486/703/8 487/707/8 476/705/8
f 487/707/8 484/701/8 480/702/8
f 488/710/8 489/709/8 473/711/8
f 489/709/8 490/712/8 482/700/8
f 490/712/8 491/713/8 480/702/8
f 480/702/8 491/713/8 488/710/8
f 496/721/10 497/2038/10 489/720/10
f 494/724/6 493/2039/6 484/723/6
f 498/727/6 496/912/6 488/726/6
f 492/730/4 495/1009/4 486/729/4
f 497/733/4 499/938/4 490/732/4
f 495/736/1 494/2040/1 487/735/1
f 499/739/1 498/2041/1 491/738/1
f 503/742/10 501/2042/10 500/741/10
f 507/745/4 502/858/4 500/744/4
f 506/748/6 501/886/6 503/747/6
f 509/751/1 516/2043/1 517/750/1
f 477/696/6 506/748/6 505/749/6
f 478/698/4 507/745/4 504/746/4
f 504/755/8 506/754/8 509/832/8
f 506/754/8 477/706/8 510/756/8
f 476/705/8 511/757/8 510/756/8
f 504/755/8 508/753/8 511/757/8
f 500/758/8 501/760/8 513/759/8
f 506/754/8 514/761/8 513/759/8
f 504/755/8 515/833/8 514/761/8
f 500/758/8 512/762/8 515/833/8
f 513/770/1 521/2045/1 520/769/1
f 508/773/6 517/986/6 518/772/6
f 512/776/6 520/859/6 522/775/6
f 510/779/4 519/1038/4 516/778/4
f 514/782/4 523/1039/4 521/781/4
f 511/785/10 518/2046/10 519/784/10
f 515/788/10 522/2047/10 523/787/10
f 526/791/10 527/2048/10 525/790/10
f 530/794/6 531/860/6 527/793/6
f 528/797/1 529/2049/1 531/796/1
f 524/800/4 525/887/4 529/799/4
f 524/803/5 528/861/5 530/802/5
f 529/806/8 525/2050/8 527/805/8
f 551/684/8 549/2034/8 548/685/8
f 559/687/4 550/1814/4 548/688/4
f 558/690/6 549/937/6 551/691/6
f 561/693/5 568/2035/5 569/694/5
f 555/697/6 553/696/6 558/690/6
f 554/698/4 559/687/4 556/689/4
f 558/700/1 561/704/1 560/701/1
f 558/700/1 553/706/1 562/703/1
f 552/705/1 563/707/1 562/703/1
f 556/702/1 560/701/1 563/707/1
f 549/711/1 565/709/1 564/710/1
f 558/700/1 566/712/1 565/709/1
f 556/702/1 567/713/1 566/712/1
f 556/702/1 548/708/1 564/710/1
f 565/720/5 573/2038/5 572/721/5
f 560/723/6 569/2039/6 570/724/6
f 564/726/6 572/912/6 574/727/6
f 562/729/4 571/1009/4 568/730/4
f 566/732/4 575/938/4 573/733/4
f 563/735/8 570/2040/8 571/736/8
f 567/738/8 574/2041/8 575/739/8
f 576/741/5 577/2042/5 579/742/5
f 580/746/4 576/744/4 578/858/4
f 579/747/6 577/886/6 582/748/6
f 593/750/8 592/2043/8 585/751/8
f 581/749/6 582/748/6 553/696/6
f 580/746/4 583/745/4 554/698/4
f 584/753/1 585/832/1 582/754/1
f 582/754/1 585/832/1 586/756/1
f 586/756/1 587/757/1 552/705/1
f 587/757/1 584/753/1 580/755/1
f 588/762/1 589/759/1 577/760/1
f 577/760/1 589/759/1 590/761/1
f 590/761/1 591/833/1 580/755/1
f 591/833/1 588/762/1 576/758/1
f 596/769/8 597/2045/8 589/770/8
f 594/772/6 593/986/6 584/773/6
f 591/777/6 598/775/6 596/859/6
f 592/778/4 595/1038/4 586/779/4
f 597/781/4 599/1039/4 590/782/4
f 595/784/5 594/2046/5 587/785/5
f 599/787/5 598/2047/5 591/788/5
f 601/790/5 603/2048/5 602/791/5
f 602/795/6 603/793/6 607/860/6
f 607/796/8 605/2049/8 604/797/8
f 605/799/4 601/887/4 600/800/4
f 602/804/10 606/802/10 604/861/10
f 603/805/1 601/2050/1 605/806/1
f 624/685/5 625/2034/5 627/684/5
f 624/688/4 626/1814/4 635/687/4
f 627/691/6 625/937/6 634/690/6
f 645/694/8 644/2035/8 637/693/8
f 633/692/6 634/690/6 629/696/6
f 632/689/4 635/687/4 630/698/4
f 636/701/1 637/704/1 634/700/1
f 634/700/1 637/704/1 638/703/1
f 638/703/1 639/707/1 628/705/1
f 639/707/1 636/701/1 632/702/1
f 640/710/1 641/709/1 625/711/1
f 641/709/1 642/712/1 634/700/1
f 642/712/1 643/713/1 632/702/1
f 643/713/1 640/710/1 624/708/1
f 648/721/8 649/2038/8 641/720/8
f 646/724/6 645/2039/6 636/723/6
f 650/727/6 648/912/6 640/726/6
f 644/730/4 647/1009/4 638/729/4
f 649/733/4 651/938/4 642/732/4
f 647/736/5 646/2040/5 639/735/5
f 651/739/5 650/2041/5 643/738/5
f 655/742/8 653/2042/8 652/741/8
f 659/745/4 654/858/4 652/744/4
f 657/749/6 658/748/6 653/886/6
f 661/751/5 668/2043/5 669/750/5
f 631/697/6 629/696/6 658/748/6
f 630/698/4 659/745/4 656/746/4
f 658/754/1 661/832/1 660/753/1
f 658/754/1 629/706/1 662/756/1
f 628/705/1 663/757/1 662/756/1
f 656/755/1 660/753/1 663/757/1
f 653/760/1 665/759/1 664/762/1
f 658/754/1 666/761/1 665/759/1
f 656/755/1 667/833/1 666/761/1
f 652/758/1 664/762/1 667/833/1
f 665/770/5 673/2045/5 672/769/5
f 660/773/6 669/986/6 670/772/6
f 664/776/6 672/859/6 674/775/6
f 662/779/4 671/1038/4 668/778/4
f 666/782/4 675/1039/4 673/781/4
f 663/785/8 670/2046/8 671/784/8
f 667/788/8 674/2047/8 675/787/8
f 678/791/8 679/2048/8 677/790/8
f 682/794/6 683/860/6 679/793/6
f 680/797/5 681/2049/5 683/796/5
f 680/801/4 676/800/4 677/887/4
f 676/803/10 680/861/10 682/802/10
f 681/806/1 677/2050/1 679/805/1
f 700/685/5 701/2034/5 703/684/5
f 700/688/4 702/1814/4 711/687/4
f 703/691/6 701/937/6 710/690/6
f 721/694/8 720/2035/8 713/693/8
f 709/692/6 710/690/6 705/696/6
f 704/699/4 708/689/4 711/687/4
f 708/702/1 712/701/1 713/704/1
f 710/700/1 713/704/1 714/703/1
f 714/703/1 715/707/1 704/705/1
f 715/707/1 712/701/1 708/702/1
f 716/710/1 717/709/1 701/711/1
f 717/709/1 718/712/1 710/700/1
f 718/712/1 719/713/1 708/702/1
f 708/702/1 719/713/1 716/710/1
f 724/721/8 725/2038/8 717/720/8
f 722/724/6 721/2039/6 712/723/6
f 719/728/6 726/727/6 724/912/6
f 720/730/4 723/1009/4 714/729/4
f 725/733/4 727/938/4 718/732/4
f 723/736/5 722/2040/5 715/735/5
f 727/739/5 726/2041/5 719/738/5
f 731/742/8 729/2042/8 728/741/8
f 735/745/4 730/858/4 728/744/4
f 733/749/6 734/748/6 729/886/6
f 737/751/5 744/2043/5 745/750/5
f 705/696/6 734/748/6 733/749/6
f 706/698/4 735/745/4 732/746/4
f 734/754/1 737/832/1 736/753/1
f 734/754/1 705/706/1 738/756/1
f 704/705/1 739/757/1 738/756/1
f 732/755/1 736/753/1 739/757/1
f 728/758/1 729/760/1 741/759/1
f 729/760/1 734/754/1 742/761/1
f 732/755/1 743/833/1 742/761/1
f 728/758/1 740/762/1 743/833/1
f 741/770/5 749/2045/5 748/769/5
f 736/773/6 745/986/6 746/772/6
f 740/776/6 748/859/6 750/775/6
f 738/779/4 747/1038/4 744/778/4
f 742/782/4 751/1039/4 749/781/4
f 739/785/8 746/2046/8 747/784/8
f 743/788/8 750/2047/8 751/787/8
f 754/791/8 755/2048/8 753/790/8
f 758/794/6 759/860/6 755/793/6
f 756/797/5 757/2049/5 759/796/5
f 752/800/4 753/887/4 757/799/4
f 752/803/10 756/861/10 758/802/10
f 757/806/1 753/2050/1 755/805/1
f 779/684/8 777/2034/8 776/685/8
f 787/687/4 778/1814/4 776/688/4
f 785/692/6 786/690/6 777/937/6
f 789/693/5 796/2035/5 797/694/5
f 781/696/6 786/690/6 785/692/6
f 782/698/4 787/687/4 784/689/4
f 786/700/1 789/704/1 788/701/1
f 786/700/1 781/706/1 790/703/1
f 780/705/1 791/707/1 790/703/1
f 784/702/1 788/701/1 791/707/1
f 777/711/1 793/709/1 792/710/1
f 786/700/1 794/712/1 793/709/1
f 784/702/1 795/713/1 794/712/1
f 776/708/1 792/710/1 795/713/1
f 793/720/5 801/2038/5 800/721/5
f 788/723/6 797/2039/6 798/724/6
f 792/726/6 800/912/6 802/727/6
f 790/729/4 799/1009/4 796/730/4
f 793/734/4 794/732/4 803/938/4
f 791/735/8 798/2040/8 799/736/8
f 795/738/8 802/2041/8 803/739/8
f 804/741/5 805/2042/5 807/742/5
f 804/744/4 806/858/4 811/745/4
f 807/747/6 805/886/6 810/748/6
f 821/750/8 820/2043/8 813/751/8
f 809/749/6 810/748/6 781/696/6
f 808/746/4 811/745/4 782/698/4
f 812/753/1 813/832/1 810/754/1
f 810/754/1 813/832/1 814/756/1
f 814/756/1 815/757/1 780/705/1
f 815/757/1 812/753/1 808/755/1
f 816/762/1 817/759/1 805/760/1
f 817/759/1 818/761/1 810/754/1
f 818/761/1 819/833/1 808/755/1
f 819/833/1 816/762/1 804/758/1
f 824/769/8 825/2045/8 817/770/8
f 822/772/6 821/986/6 812/773/6
f 826/775/6 824/859/6 816/776/6
f 820/778/4 823/1038/4 814/779/4
f 825/781/4 827/1039/4 818/782/4
f 823/784/5 822/2046/5 815/785/5
f 827/787/5 826/2047/5 819/788/5
f 829/790/5 831/2048/5 830/791/5
f 831/793/6 835/860/6 834/794/6
f 835/796/8 833/2049/8 832/797/8
f 833/799/4 829/887/4 828/800/4
f 834/802/10 832/861/10 828/803/10
f 831/805/1 829/2050/1 833/806/1
f 855/684/5 853/2034/5 852/685/5
f 863/687/4 854/1814/4 852/688/4
f 861/692/6 862/690/6 853/937/6
f 865/693/8 872/2035/8 873/694/8
f 857/696/6 862/690/6 861/692/6
f 858/698/4 863/687/4 860/689/4
f 860/702/10 862/700/10 865/704/10
f 862/700/10 857/706/10 866/703/10
f 856/705/10 867/707/10 866/703/10
f 860/702/10 864/701/10 867/707/10
f 853/711/10 869/709/10 868/710/10
f 853/711/10 862/700/10 870/712/10
f 860/702/10 871/713/10 870/712/10
f 852/708/10 868/710/10 871/713/10
f 869/720/8 877/2038/8 876/721/8
f 864/723/6 873/2039/6 874/724/6
f 868/726/6 876/912/6 878/727/6
f 866/729/4 875/1009/4 872/730/4
f 869/734/4 870/732/4 879/938/4
f 867/735/5 874/2040/5 875/736/5
f 871/738/5 878/2041/5 879/739/5
f 880/741/8 881/2042/8 883/742/8
f 884/746/4 880/744/4 882/858/4
f 883/747/6 881/886/6 886/748/6
f 897/750/5 896/2043/5 889/751/5
f 885/749/6 886/748/6 857/696/6
f 884/746/4 887/745/4 858/698/4
f 888/753/10 889/832/10 886/754/10
f 886/754/10 889/832/10 890/756/10
f 890/756/10 891/757/10 856/705/10
f 891/757/10 888/753/10 884/755/10
f 880/758/10 892/762/10 893/759/10
f 893/759/10 894/761/10 886/754/10
f 894/761/10 895/833/10 884/755/10
f 884/755/10 895/833/10 892/762/10
f 900/769/5 901/2045/5 893/770/5
f 898/772/6 897/986/6 888/773/6
f 895/777/6 902/775/6 900/859/6
f 896/778/4 899/1038/4 890/779/4
f 901/781/4 903/1039/4 894/782/4
f 899/784/8 898/2046/8 891/785/8
f 903/787/8 902/2047/8 895/788/8
f 905/790/8 907/2048/8 906/791/8
f 907/793/6 911/860/6 910/794/6
f 911/796/5 909/2049/5 908/797/5
f 909/799/4 905/887/4 904/800/4
f 910/802/1 908/861/1 904/803/1
f 907/805/10 905/2050/10 909/806/10
f 931/684/5 929/2034/5 928/685/5
f 939/687/4 930/1814/4 928/688/4
f 938/690/6 929/937/6 931/691/6
f 941/693/8 948/2035/8 949/694/8
f 933/696/6 938/690/6 937/692/6
f 934/698/4 939/687/4 936/689/4
f 938/700/10 941/704/10 940/701/10
f 938/700/10 933/706/10 942/703/10
f 932/705/10 943/707/10 942/703/10
f 936/702/10 940/701/10 943/707/10
f 929/711/10 945/709/10 944/710/10
f 938/700/10 946/712/10 945/709/10
f 936/702/10 947/713/10 946/712/10
f 928/708/10 944/710/10 947/713/10
f 945/720/8 953/2038/8 952/721/8
f 940/723/6 949/2039/6 950/724/6
f 944/726/6 952/912/6 954/727/6
f 942/729/4 951/1009/4 948/730/4
f 946/732/4 955/938/4 953/733/4
f 943/735/5 950/2040/5 951/736/5
f 947/738/5 954/2041/5 955/739/5
f 956/741/8 957/2042/8 959/742/8
f 956/744/4 958/858/4 963/745/4
f 959/747/6 957/886/6 962/748/6
f 973/750/5 972/2043/5 965/751/5
f 961/749/6 962/748/6 933/696/6
f 960/746/4 963/745/4 934/698/4
f 964/753/10 965/832/10 962/754/10
f 962/754/10 965/832/10 966/756/10
f 966/756/10 967/757/10 932/705/10
f 967/757/10 964/753/10 960/755/10
f 968/762/10 969/759/10 957/760/10
f 969/759/10 970/761/10 962/754/10
f 970/761/10 971/833/10 960/755/10
f 960/755/10 971/833/10 968/762/10
f 976/769/5 977/2045/5 969/770/5
f 967/774/6 974/772/6 973/986/6
f 978/775/6 976/859/6 968/776/6
f 972/778/4 975/1038/4 966/779/4
f 977/781/4 979/1039/4 970/782/4
f 975/784/8 974/2046/8 967/785/8
f 979/787/8 978/2047/8 971/788/8
f 981/790/8 983/2048/8 982/791/8
f 983/793/6 987/860/6 986/794/6
f 987/796/5 985/2049/5 984/797/5
f 985/799/4 981/887/4 980/800/4
f 986/802/1 984/861/1 980/803/1
f 983/805/10 981/2050/10 985/806/10
f 1007/684/5 1005/2034/5 1004/685/5
f 1015/687/4 1006/1814/4 1004/688/4
f 1014/690/6 1005/937/6 1007/691/6
f 1017/693/8 1024/2035/8 1025/694/8
f 1009/696/6 1014/690/6 1013/692/6
f 1010/698/4 1015/687/4 1012/689/4
f 1014/700/10 1017/704/10 1016/701/10
f 1014/700/10 1009/706/10 1018/703/10
f 1008/705/10 1019/707/10 1018/703/10
f 1012/702/10 1016/701/10 1019/707/10
f 1004/708/10 1005/711/10 1021/709/10
f 1014/700/10 1022/712/10 1021/709/10
f 1012/702/10 1023/713/10 1022/712/10
f 1012/702/10 1004/708/10 1020/710/10
f 1021/720/8 1029/2038/8 1028/721/8
f 1016/723/6 1025/2039/6 1026/724/6
f 1020/726/6 1028/912/6 1030/727/6
f 1017/731/4 1018/729/4 1027/1009/4
f 1022/732/4 1031/938/4 1029/733/4
f 1019/735/5 1026/2040/5 1027/736/5
f 1023/738/5 1030/2041/5 1031/739/5
f 1032/741/8 1033/2042/8 1035/742/8
f 1032/744/4 1034/858/4 1039/745/4
f 1035/747/6 1033/886/6 1038/748/6
f 1049/750/5 1048/2043/5 1041/751/5
f 1037/749/6 1038/748/6 1009/696/6
f 1008/699/4 1036/746/4 1039/745/4
f 1040/753/10 1041/832/10 1038/754/10
f 1038/754/10 1041/832/10 1042/756/10
f 1009/706/10 1042/756/10 1043/757/10
f 1043/757/10 1040/753/10 1036/755/10
f 1032/758/10 1044/762/10 1045/759/10
f 1033/760/10 1045/759/10 1046/761/10
f 1046/761/10 1047/833/10 1036/755/10
f 1047/833/10 1044/762/10 1032/758/10
f 1052/769/5 1053/2045/5 1045/770/5
f 1050/772/6 1049/986/6 1040/773/6
f 1054/775/6 1052/859/6 1044/776/6
f 1048/778/4 1051/1038/4 1042/779/4
f 1053/781/4 1055/1039/4 1046/782/4
f 1051/784/8 1050/2046/8 1043/785/8
f 1055/787/8 1054/2047/8 1047/788/8
f 1057/790/8 1059/2048/8 1058/791/8
f 1059/793/6 1063/860/6 1062/794/6
f 1063/796/5 1061/2049/5 1060/797/5
f 1061/799/4 1057/887/4 1056/800/4
f 1062/802/1 1060/861/1 1056/803/1
f 1059/805/10 1057/2050/10 1061/806/10
f 1080/685/8 1081/2034/8 1083/684/8
f 1080/688/4 1082/1814/4 1091/687/4
f 1089/692/6 1083/691/6 1081/937/6
f 1101/694/5 1100/2035/5 1093/693/5
f 1089/692/6 1090/690/6 1085/696/6
f 1088/689/4 1091/687/4 1086/698/4
f 1092/701/10 1093/704/10 1090/700/10
f 1090/700/10 1093/704/10 1094/703/10
f 1094/703/10 1095/707/10 1084/705/10
f 1095/707/10 1092/701/10 1088/702/10
f 1096/710/10 1097/709/10 1081/711/10
f 1097/709/10 1098/712/10 1090/700/10
f 1098/712/10 1099/713/10 1088/702/10
f 1099/713/10 1096/710/10 1080/708/10
f 1104/721/5 1105/2038/5 1097/720/5
f 1102/724/6 1101/2039/6 1092/723/6
f 1106/727/6 1104/912/6 1096/726/6
f 1100/730/4 1103/1009/4 1094/729/4
f 1097/734/4 1105/733/4 1107/938/4
f 1103/736/8 1102/2040/8 1095/735/8
f 1107/739/8 1106/2041/8 1099/738/8
f 1111/742/5 1109/2042/5 1108/741/5
f 1115/745/4 1110/858/4 1108/744/4
f 1113/749/6 1114/748/6 1109/886/6
f 1117/751/8 1124/2043/8 1125/750/8
f 1085/696/6 1114/748/6 1113/749/6
f 1086/698/4 1115/745/4 1112/746/4
f 1114/754/10 1117/832/10 1116/753/10
f 1114/754/10 1085/706/10 1118/756/10
f 1084/705/10 1119/757/10 1118/756/10
f 1112/755/10 1116/753/10 1119/757/10
f 1109/760/10 1121/759/10 1120/762/10
f 1114/754/10 1122/761/10 1121/759/10
f 1112/755/10 1123/833/10 1122/761/10
f 1108/758/10 1120/762/10 1123/833/10
f 1121/770/8 1129/2045/8 1128/769/8
f 1116/773/6 1125/986/6 1126/772/6
f 1120/776/6 1128/859/6 1130/775/6
f 1117/780/4 1118/779/4 1127/1038/4
f 1121/783/4 1122/782/4 1131/1039/4
f 1119/785/5 1126/2046/5 1127/784/5
f 1123/788/5 1130/2047/5 1131/787/5
f 1134/791/5 1135/2048/5 1133/790/5
f 1138/794/6 1139/860/6 1135/793/6
f 1136/797/8 1137/2049/8 1139/796/8
f 1132/800/4 1133/887/4 1137/799/4
f 1132/803/1 1136/861/1 1138/802/1
f 1137/806/10 1133/2050/10 1135/805/10
f 1999/684/1 1997/2034/1 1996/685/1
f 2007/687/4 1998/1814/4 1996/688/4
f 2006/690/6 1997/937/6 1999/691/6
f 2009/693/10 2016/2035/10 2017/694/10
f 2001/696/6 2006/690/6 2005/692/6
f 2000/699/4 2002/698/4 2007/687/4
f 2006/700/5 2009/704/5 2008/701/5
f 2006/700/5 2001/706/5 2010/703/5
f 2000/705/5 2011/707/5 2010/703/5
f 2004/702/5 2008/701/5 2011/707/5
f 1997/711/5 2013/709/5 2012/710/5
f 1997/711/5 2006/700/5 2014/712/5
f 2004/702/5 2015/713/5 2014/712/5
f 1996/708/5 2012/710/5 2015/713/5
f 2013/720/10 2021/2038/10 2020/721/10
f 2008/723/6 2017/2039/6 2018/724/6
f 2012/726/6 2020/912/6 2022/727/6
f 2010/729/4 2019/1009/4 2016/730/4
f 2014/732/4 2023/938/4 2021/733/4
f 2011/735/1 2018/2040/1 2019/736/1
f 2015/738/1 2022/2041/1 2023/739/1
f 2024/741/10 2025/2042/10 2027/742/10
f 2024/744/4 2026/858/4 2031/745/4
f 2027/747/6 2025/886/6 2030/748/6
f 2041/750/1 2040/2043/1 2033/751/1
f 2029/749/6 2030/748/6 2001/696/6
f 2028/746/4 2031/745/4 2002/698/4
f 2032/753/5 2033/832/5 2030/754/5
f 2030/754/5 2033/832/5 2034/756/5
f 2034/756/5 2035/757/5 2000/705/5
f 2035/757/5 2032/753/5 2028/755/5
f 2036/762/5 2037/759/5 2025/760/5
f 2025/760/5 2037/759/5 2038/761/5
f 2038/761/5 2039/833/5 2028/755/5
f 2039/833/5 2036/762/5 2024/758/5
f 2044/769/1 2045/2045/1 2037/770/1
f 2042/772/6 2041/986/6 2032/773/6
f 2046/775/6 2044/859/6 2036/776/6
f 2040/778/4 2043/1038/4 2034/779/4
f 2045/781/4 2047/1039/4 2038/782/4
f 2043/784/10 2042/2046/10 2035/785/10
f 2047/787/10 2046/2047/10 2039/788/10
f 2051/684/1 2049/2034/1 2048/685/1
f 2059/687/4 2050/1814/4 2048/688/4
f 2058/690/6 2049/937/6 2051/691/6
f 2061/693/10 2068/2035/10 2069/694/10
f 2053/696/6 2058/690/6 2057/692/6
f 2054/698/4 2059/687/4 2056/689/4
f 2058/700/5 2061/704/5 2060/701/5
f 2058/700/5 2053/706/5 2062/703/5
f 2052/705/5 2063/707/5 2062/703/5
f 2056/702/5 2060/701/5 2063/707/5
f 2049/711/5 2065/709/5 2064/710/5
f 2058/700/5 2066/712/5 2065/709/5
f 2056/702/5 2067/713/5 2066/712/5
f 2056/702/5 2048/708/5 2064/710/5
f 2065/720/10 2073/2038/10 2072/721/10
f 2060/723/6 2069/2039/6 2070/724/6
f 2064/726/6 2072/912/6 2074/727/6
f 2062/729/4 2071/1009/4 2068/730/4
f 2066/732/4 2075/938/4 2073/733/4
f 2063/735/1 2070/2040/1 2071/736/1
f 2067/738/1 2074/2041/1 2075/739/1
f 2076/741/10 2077/2042/10 2079/742/10
f 2076/744/4 2078/858/4 2083/745/4
f 2079/747/6 2077/886/6 2082/748/6
f 2093/750/1 2092/2043/1 2085/751/1
f 2081/749/6 2082/748/6 2053/696/6
f 2080/746/4 2083/745/4 2054/698/4
f 2084/753/5 2085/832/5 2082/754/5
f 2082/754/5 2085/832/5 2086/756/5
f 2053/706/5 2086/756/5 2087/757/5
f 2087/757/5 2084/753/5 2080/755/5
f 2088/762/5 2089/759/5 2077/760/5
f 2089/759/5 2090/761/5 2082/754/5
f 2090/761/5 2091/833/5 2080/755/5
f 2080/755/5 2091/833/5 2088/762/5
f 2096/769/1 2097/2045/1 2089/770/1
f 2094/772/6 2093/986/6 2084/773/6
f 2098/775/6 2096/859/6 2088/776/6
f 2092/778/4 2095/1038/4 2086/779/4
f 2097/781/4 2099/1039/4 2090/782/4
f 2095/784/10 2094/2046/10 2087/785/10
f 2099/787/10 2098/2047/10 2091/788/10
f 2100/685/10 2101/2034/10 2103/684/10
f 2108/689/4 2100/688/4 2102/1814/4
f 2103/691/6 2101/937/6 2110/690/6
f 2121/694/1 2120/2035/1 2113/693/1
f 2109/692/6 2110/690/6 2105/696/6
f 2104/699/4 2108/689/4 2111/687/4
f 2112/701/5 2113/704/5 2110/700/5
f 2110/700/5 2113/704/5 2114/703/5
f 2114/703/5 2115/707/5 2104/705/5
f 2115/707/5 2112/701/5 2108/702/5
f 2116/710/5 2117/709/5 2101/711/5
f 2117/709/5 2118/712/5 2110/700/5
f 2118/712/5 2119/713/5 2108/702/5
f 2108/702/5 2119/713/5 2116/710/5
f 2124/721/1 2125/2038/1 2117/720/1
f 2122/724/6 2121/2039/6 2112/723/6
f 2126/727/6 2124/912/6 2116/726/6
f 2120/730/4 2123/1009/4 2114/729/4
f 2117/734/4 2125/733/4 2127/938/4
f 2123/736/10 2122/2040/10 2115/735/10
f 2127/739/10 2126/2041/10 2119/738/10
f 2131/742/1 2129/2042/1 2128/741/1
f 2135/745/4 2130/858/4 2128/744/4
f 2134/748/6 2129/886/6 2131/747/6
f 2137/751/10 2144/2043/10 2145/750/10
f 2105/696/6 2134/748/6 2133/749/6
f 2106/698/4 2135/745/4 2132/746/4
f 2134/754/5 2137/832/5 2136/753/5
f 2134/754/5 2105/706/5 2138/756/5
f 2104/705/5 2139/757/5 2138/756/5
f 2132/755/5 2136/753/5 2139/757/5
f 2129/760/5 2141/759/5 2140/762/5
f 2134/754/5 2142/761/5 2141/759/5
f 2132/755/5 2143/833/5 2142/761/5
f 2128/758/5 2140/762/5 2143/833/5
f 2141/770/10 2149/2045/10 2148/769/10
f 2136/773/6 2145/986/6 2146/772/6
f 2140/776/6 2148/859/6 2150/775/6
f 2138/779/4 2147/1038/4 2144/778/4
f 2142/782/4 2151/1039/4 2149/781/4
f 2139/785/1 2146/2046/1 2147/784/1
f 2143/788/1 2150/2047/1 2151/787/1
f 2155/684/8 2153/2034/8 2152/685/8
f 2163/687/4 2154/1814/4 2152/688/4
f 2162/690/6 2153/937/6 2155/691/6
f 2165/693/5 2172/2035/5 2173/694/5
f 2157/696/6 2162/690/6 2161/692/6
f 2158/698/4 2163/687/4 2160/689/4
f 2162/700/1 2165/704/1 2164/701/1
f 2162/700/1 2157/706/1 2166/703/1
f 2156/705/1 2167/707/1 2166/703/1
f 2160/702/1 2164/701/1 2167/707/1
f 2153/711/1 2169/709/1 2168/710/1
f 2153/711/1 2162/700/1 2170/712/1
f 2160/702/1 2171/713/1 2170/712/1
f 2152/708/1 2168/710/1 2171/713/1
f 2169/720/5 2177/2038/5 2176/721/5
f 2164/723/6 2173/2039/6 2174/724/6
f 2168/726/6 2176/912/6 2178/727/6
f 2166/729/4 2175/1009/4 2172/730/4
f 2170/732/4 2179/938/4 2177/733/4
f 2167/735/8 2174/2040/8 2175/736/8
f 2171/738/8 2178/2041/8 2179/739/8
f 2180/741/5 2181/2042/5 2183/742/5
f 2180/744/4 2182/858/4 2187/745/4
f 2183/747/6 2181/886/6 2186/748/6
f 2197/750/8 2196/2043/8 2189/751/8
f 2185/749/6 2186/748/6 2157/696/6
f 2184/746/4 2187/745/4 2158/698/4
f 2188/753/1 2189/832/1 2186/754/1
f 2186/754/1 2189/832/1 2190/756/1
f 2190/756/1 2191/757/1 2156/705/1
f 2191/757/1 2188/753/1 2184/755/1
f 2192/762/1 2193/759/1 2181/760/1
f 2193/759/1 2194/761/1 2186/754/1
f 2194/761/1 2195/833/1 2184/755/1
f 2195/833/1 2192/762/1 2180/758/1
f 2200/769/8 2201/2045/8 2193/770/8
f 2198/772/6 2197/986/6 2188/773/6
f 2202/775/6 2200/859/6 2192/776/6
f 2196/778/4 2199/1038/4 2190/779/4
f 2201/781/4 2203/1039/4 2194/782/4
f 2199/784/5 2198/2046/5 2191/785/5
f 2203/787/5 2202/2047/5 2195/788/5
usemtl GT_MC_Facade_1
f 416/714/8 418/715/8 417/716/8
f 421/717/8 422/718/8 420/719/8
f 442/763/8 440/764/8 441/765/8
f 446/766/8 445/767/8 444/768/8
f 494/715/8 492/714/8 493/716/8
f 498/718/8 497/717/8 496/719/8
f 516/764/8 518/763/8 517/765/8
f 521/767/8 522/766/8 520/768/8
f 568/714/1 570/715/1 569/716/1
f 573/717/1 574/718/1 572/719/1
f 594/763/1 592/764/1 593/765/1
f 598/766/1 597/767/1 596/768/1
f 646/715/1 644/714/1 645/716/1
f 650/718/1 649/717/1 648/719/1
f 668/764/1 670/763/1 669/765/1
f 673/767/1 674/766/1 672/768/1
f 722/715/1 720/714/1 721/716/1
f 726/718/1 725/717/1 724/719/1
f 744/764/1 746/763/1 745/765/1
f 749/767/1 750/766/1 748/768/1
f 796/714/1 798/715/1 797/716/1
f 801/717/1 802/718/1 800/719/1
f 822/763/1 820/764/1 821/765/1
f 826/766/1 825/767/1 824/768/1
f 872/714/10 874/715/10 873/716/10
f 877/717/10 878/718/10 876/719/10
f 898/763/10 896/764/10 897/765/10
f 902/766/10 901/767/10 900/768/10
f 948/714/10 950/715/10 949/716/10
f 953/717/10 954/718/10 952/719/10
f 974/763/10 972/764/10 973/765/10
f 978/766/10 977/767/10 976/768/10
f 1024/714/10 1026/715/10 1025/716/10
f 1029/717/10 1030/718/10 1028/719/10
f 1049/765/10 1051/1010/10 1048/764/10
f 1054/766/10 1053/767/10 1052/768/10
f 1102/715/10 1100/714/10 1101/716/10
f 1106/718/10 1105/717/10 1104/719/10
f 1124/764/10 1126/763/10 1125/765/10
f 1129/767/10 1130/766/10 1128/768/10
f 2016/714/5 2018/715/5 2017/716/5
f 2021/717/5 2022/718/5 2020/719/5
f 2042/763/5 2040/764/5 2041/765/5
f 2046/766/5 2045/767/5 2044/768/5
f 2068/714/5 2070/715/5 2069/716/5
f 2073/717/5 2074/718/5 2072/719/5
f 2094/763/5 2092/764/5 2093/765/5
f 2098/766/5 2097/767/5 2096/768/5
f 2122/715/5 2120/714/5 2121/716/5
f 2126/718/5 2125/717/5 2124/719/5
f 2144/764/5 2146/763/5 2145/765/5
f 2149/767/5 2150/766/5 2148/768/5
f 2172/714/1 2174/715/1 2173/716/1
f 2177/717/1 2178/718/1 2176/719/1
f 2198/763/1 2196/764/1 2197/765/1
f 2202/766/1 2201/767/1 2200/768/1
f 416/714/8 419/2036/8 418/715/8
f 421/717/8 423/2037/8 422/718/8
f 442/763/8 443/1010/8 440/764/8
f 446/766/8 447/2044/8 445/767/8
f 494/715/8 495/2036/8 492/714/8
f 498/718/8 499/2037/8 497/717/8
f 516/764/8 519/1010/8 518/763/8
f 521/767/8 523/2044/8 522/766/8
f 568/714/1 571/2036/1 570/715/1
f 573/717/1 575/2037/1 574/718/1
f 594/763/1 595/1010/1 592/764/1
f 598/766/1 599/2044/1 597/767/1
f 646/715/1 647/2036/1 644/714/1
f 650/718/1 651/2037/1 649/717/1
f 668/764/1 671/1010/1 670/763/1
f 673/767/1 675/2044/1 674/766/1
f 722/715/1 723/2036/1 720/714/1
f 726/718/1 727/2037/1 725/717/1
f 744/764/1 747/1010/1 746/763/1
f 749/767/1 751/2044/1 750/766/1
f 796/714/1 799/2036/1 798/715/1
f 801/717/1 803/2037/1 802/718/1
f 822/763/1 823/1010/1 820/764/1
f 826/766/1 827/2044/1 825/767/1
f 872/714/10 875/2036/10 874/715/10
f 877/717/10 879/2037/10 878/718/10
f 898/763/10 899/1010/10 896/764/10
f 902/766/10 903/2044/10 901/767/10
f 948/714/10 951/2036/10 950/715/10
f 953/717/10 955/2037/10 954/718/10
f 974/763/10 975/1010/10 972/764/10
f 978/766/10 979/2044/10 977/767/10
f 1024/714/10 1027/2036/10 1026/715/10
f 1029/717/10 1031/2037/10 1030/718/10
f 1049/765/10 1050/763/10 1051/1010/10
f 1054/766/10 1055/2044/10 1053/767/10
f 1102/715/10 1103/2036/10 1100/714/10
f 1106/718/10 1107/2037/10 1105/717/10
f 1124/764/10 1127/1010/10 1126/763/10
f 1129/767/10 1131/2044/10 1130/766/10
f 2016/714/5 2019/2036/5 2018/715/5
f 2021/717/5 2023/2037/5 2022/718/5
f 2042/763/5 2043/1010/5 2040/764/5
f 2046/766/5 2047/2044/5 2045/767/5
f 2068/714/5 2071/2036/5 2070/715/5
f 2073/717/5 2075/2037/5 2074/718/5
f 2094/763/5 2095/1010/5 2092/764/5
f 2098/766/5 2099/2044/5 2097/767/5
f 2122/715/5 2123/2036/5 2120/714/5
f 2126/718/5 2127/2037/5 2125/717/5
f 2144/764/5 2147/1010/5 2146/763/5
f 2149/767/5 2151/2044/5 2150/766/5
f 2172/714/1 2175/2036/1 2174/715/1
f 2177/717/1 2179/2037/1 2178/718/1
f 2198/763/1 2199/1010/1 2196/764/1
f 2202/766/1 2203/2044/1 2201/767/1
s 0
usemtl GT_MC_Light
f 2256/1829/52 2242/1830/52 2235/1831/52
f 2247/1832/53 2244/1833/53 2245/1834/53
f 2254/1842/1 2238/1843/1 2239/1844/1
f 2231/1851/54 2244/1852/54 2246/1853/54
f 2255/1857/55 2252/1858/55 2253/1859/55
f 2253/1859/56 2258/1865/56 2259/1866/56
f 2239/1844/57 2252/1873/57 2254/1842/57
f 2249/1881/60 2250/1882/60 2248/1883/60
f 2257/1884/61 2250/1882/61 2251/1885/61
f 2250/1852/10 2235/1831/10 2225/1843/10
f 2225/1843/62 2248/1853/62 2250/1852/62
f 2248/1883/63 2247/1832/63 2249/1881/63
f 2258/1842/8 2241/1843/8 2242/1889/8
f 2245/1834/6 2253/1859/6 2257/1884/6
f 2257/1884/64 2258/1865/64 2256/1890/64
f 2254/1892/65 2245/1834/65 2244/1833/65
f 2246/1852/5 2230/1831/5 2231/1843/5
f 2304/1829/52 2290/1830/52 2283/1831/52
f 2295/1832/66 2292/1833/66 2293/1834/66
f 2302/1842/1 2286/1843/1 2287/1844/1
f 2279/1851/54 2292/1852/54 2294/1853/54
f 2301/1859/69 2302/1892/69 2300/1858/69
f 2301/1859/70 2306/1865/70 2307/1866/70
f 2287/1844/57 2300/1873/57 2302/1842/57
f 2299/1885/71 2296/1883/71 2297/1881/71
f 2305/1884/72 2298/1882/72 2299/1885/72
f 2298/1852/10 2283/1831/10 2273/1843/10
f 2273/1843/58 2296/1853/58 2298/1852/58
f 2296/1883/73 2295/1832/73 2297/1881/73
f 2306/1842/8 2289/1843/8 2290/1889/8
f 2299/1885/6 2297/1881/6 2301/1859/6
f 2307/1866/74 2304/1890/74 2305/1884/74
f 2292/1833/65 2303/1857/65 2293/1834/65
f 2294/1852/5 2278/1831/5 2279/1843/5
f 2352/1829/1 2338/1830/1 2331/1831/1
f 2341/1834/72 2342/1893/72 2340/1833/72
f 2350/1842/58 2334/1843/58 2335/1844/58
f 2327/1851/10 2340/1852/10 2342/1853/10
f 2351/1857/75 2348/1858/75 2349/1859/75
f 2349/1859/66 2354/1865/66 2355/1866/66
f 2335/1844/5 2348/1873/5 2350/1842/5
f 2347/1885/70 2344/1883/70 2345/1881/70
f 2353/1884/76 2346/1882/76 2347/1885/76
f 2346/1852/57 2331/1831/57 2321/1843/57
f 2321/1843/8 2344/1853/8 2346/1852/8
f 2342/1893/77 2345/1881/77 2344/1883/77
f 2354/1842/54 2337/1843/54 2338/1889/54
f 2341/1834/6 2349/1859/6 2353/1884/6
f 2355/1866/78 2352/1890/78 2353/1884/78
f 2350/1892/71 2341/1834/71 2340/1833/71
f 2342/1852/52 2326/1831/52 2327/1843/52
f 2400/1829/1 2386/1830/1 2379/1831/1
f 2389/1834/72 2390/1893/72 2388/1833/72
f 2398/1842/58 2382/1843/58 2383/1844/58
f 2375/1851/10 2388/1852/10 2390/1853/10
f 2399/1857/73 2396/1858/73 2397/1859/73
f 2397/1859/66 2402/1865/66 2403/1866/66
f 2383/1844/5 2396/1873/5 2398/1842/5
f 2395/1885/70 2392/1883/70 2393/1881/70
f 2401/1884/76 2394/1882/76 2395/1885/76
f 2394/1852/57 2379/1831/57 2369/1843/57
f 2369/1843/8 2392/1853/8 2394/1852/8
f 2392/1883/64 2391/1832/64 2393/1881/64
f 2402/1842/54 2385/1843/54 2386/1889/54
f 2397/1859/6 2401/1884/6 2393/1881/6
f 2403/1866/81 2400/1890/81 2401/1884/81
f 2388/1833/82 2399/1857/82 2389/1834/82
f 2390/1852/52 2374/1831/52 2375/1843/52
f 2448/1829/1 2434/1830/1 2427/1831/1
f 2437/1834/72 2438/1893/72 2436/1833/72
f 2446/1842/58 2430/1843/58 2431/1844/58
f 2423/1851/10 2436/1852/10 2438/1853/10
f 2447/1857/75 2444/1858/75 2445/1859/75
f 2445/1859/66 2450/1865/66 2451/1866/66
f 2431/1844/5 2444/1873/5 2446/1842/5
f 2443/1885/70 2440/1883/70 2441/1881/70
f 2449/1884/55 2442/1882/55 2443/1885/55
f 2442/1852/57 2427/1831/57 2417/1843/57
f 2417/1843/8 2440/1853/8 2442/1852/8
f 2440/1883/83 2439/1832/83 2441/1881/83
f 2450/1842/54 2433/1843/54 2434/1889/54
f 2445/1859/6 2449/1884/6 2441/1881/6
f 2451/1866/84 2448/1890/84 2449/1884/84
f 2436/1833/60 2447/1857/60 2437/1834/60
f 2438/1852/52 2422/1831/52 2423/1843/52
f 2256/1829/52 2258/1873/52 2242/1830/52
f 2247/1832/85 2246/1893/85 2244/1833/85
f 2254/1842/1 2244/1852/1 2238/1843/1
f 2231/1851/54 2238/1843/54 2244/1852/54
f 2255/1857/55 2254/1892/55 2252/1858/55
f 2253/1859/70 2252/1858/70 2258/1865/70
f 2239/1844/57 2241/1830/57 2252/1873/57
f 2249/1881/86 2251/1885/86 2250/1882/86
f 2257/1884/72 2256/1890/72 2250/1882/72
f 2250/1852/10 2256/1829/10 2235/1831/10
f 2225/1843/58 2230/1851/58 2248/1853/58
f 2248/1883/63 2246/1893/63 2247/1832/63
f 2258/1842/8 2252/1852/8 2241/1843/8
f 2249/1881/6 2247/1832/6 2245/1834/6
f 2245/1834/51 2255/1857/51 2253/1859/51
f 2253/1859/6 2259/1866/6 2257/1884/6
f 2257/1884/6 2251/1885/6 2249/1881/6
f 2249/1881/6 2245/1834/6 2257/1884/6
f 2257/1884/64 2259/1866/64 2258/1865/64
f 2254/1892/84 2255/1857/84 2245/1834/84
f 2246/1852/5 2248/1829/5 2230/1831/5
f 2304/1829/52 2306/1873/52 2290/1830/52
f 2295/1832/87 2294/1893/87 2292/1833/87
f 2302/1842/1 2292/1852/1 2286/1843/1
f 2279/1851/54 2286/1843/54 2292/1852/54
f 2301/1859/69 2303/1857/69 2302/1892/69
f 2301/1859/88 2300/1858/88 2306/1865/88
f 2287/1844/57 2289/1830/57 2300/1873/57
f 2299/1885/82 2298/1882/82 2296/1883/82
f 2305/1884/91 2304/1890/91 2298/1882/91
f 2298/1852/10 2304/1829/10 2283/1831/10
f 2273/1843/58 2278/1851/58 2296/1853/58
f 2296/1883/63 2294/1893/63 2295/1832/63
f 2306/1842/8 2300/1852/8 2289/1843/8
f 2297/1881/6 2295/1832/6 2301/1859/6
f 2295/1832/6 2293/1834/6 2301/1859/6
f 2293/1834/51 2303/1857/51 2301/1859/51
f 2301/1859/6 2307/1866/6 2305/1884/6
f 2305/1884/6 2299/1885/6 2301/1859/6
f 2307/1866/74 2306/1865/74 2304/1890/74
f 2292/1833/84 2302/1892/84 2303/1857/84
f 2294/1852/5 2296/1829/5 2278/1831/5
f 2352/1829/1 2354/1873/1 2338/1830/1
f 2341/1834/72 2343/1832/72 2342/1893/72
f 2350/1842/58 2340/1852/58 2334/1843/58
f 2327/1851/10 2334/1843/10 2340/1852/10
f 2351/1857/63 2350/1892/63 2348/1858/63
f 2349/1859/85 2348/1858/85 2354/1865/85
f 2335/1844/5 2337/1830/5 2348/1873/5
f 2347/1885/56 2346/1882/56 2344/1883/56
f 2353/1884/69 2352/1890/69 2346/1882/69
f 2346/1852/57 2352/1829/57 2331/1831/57
f 2321/1843/8 2326/1851/8 2344/1853/8
f 2342/1893/64 2343/1832/64 2345/1881/64
f 2354/1842/54 2348/1852/54 2337/1843/54
f 2345/1881/6 2343/1832/6 2341/1834/6
f 2341/1834/6 2351/1857/6 2349/1859/6
f 2349/1859/6 2355/1866/6 2353/1884/6
f 2353/1884/6 2347/1885/6 2345/1881/6
f 2345/1881/6 2341/1834/6 2353/1884/6
f 2355/1866/65 2354/1865/65 2352/1890/65
f 2350/1892/82 2351/1857/82 2341/1834/82
f 2342/1852/52 2344/1829/52 2326/1831/52
f 2400/1829/1 2402/1873/1 2386/1830/1
f 2389/1834/91 2391/1832/91 2390/1893/91
f 2398/1842/58 2388/1852/58 2382/1843/58
f 2375/1851/10 2382/1843/10 2388/1852/10
f 2399/1857/63 2398/1892/63 2396/1858/63
f 2397/1859/85 2396/1858/85 2402/1865/85
f 2383/1844/5 2385/1830/5 2396/1873/5
f 2395/1885/70 2394/1882/70 2392/1883/70
f 2401/1884/55 2400/1890/55 2394/1882/55
f 2394/1852/57 2400/1829/57 2379/1831/57
f 2369/1843/8 2374/1851/8 2392/1853/8
f 2392/1883/64 2390/1893/64 2391/1832/64
f 2402/1842/54 2396/1852/54 2385/1843/54
f 2393/1881/16 2391/1832/16 2389/1834/16
f 2389/1834/6 2399/1857/6 2393/1881/6
f 2399/1857/6 2397/1859/6 2393/1881/6
f 2397/1859/6 2403/1866/6 2401/1884/6
f 2401/1884/6 2395/1885/6 2393/1881/6
f 2403/1866/65 2402/1865/65 2400/1890/65
f 2388/1833/82 2398/1892/82 2399/1857/82
f 2390/1852/52 2392/1829/52 2374/1831/52
f 2448/1829/1 2450/1873/1 2434/1830/1
f 2437/1834/61 2439/1832/61 2438/1893/61
f 2446/1842/58 2436/1852/58 2430/1843/58
f 2423/1851/10 2430/1843/10 2436/1852/10
f 2447/1857/63 2446/1892/63 2444/1858/63
f 2445/1859/85 2444/1858/85 2450/1865/85
f 2431/1844/5 2433/1830/5 2444/1873/5
f 2443/1885/70 2442/1882/70 2440/1883/70
f 2449/1884/55 2448/1890/55 2442/1882/55
f 2442/1852/57 2448/1829/57 2427/1831/57
f 2417/1843/8 2422/1851/8 2440/1853/8
f 2440/1883/64 2438/1893/64 2439/1832/64
f 2450/1842/54 2444/1852/54 2433/1843/54
f 2441/1881/6 2439/1832/6 2445/1859/6
f 2439/1832/6 2437/1834/6 2445/1859/6
f 2437/1834/6 2447/1857/6 2445/1859/6
f 2445/1859/6 2451/1866/6 2449/1884/6
f 2449/1884/6 2443/1885/6 2441/1881/6
f 2451/1866/65 2450/1865/65 2448/1890/65
f 2436/1833/60 2446/1892/60 2447/1857/60
f 2438/1852/52 2440/1829/52 2422/1831/52
s 1
usemtl GT_MC_Transparent_Glass
f 2209/1815/8 2208/1816/8 2210/1817/8
f 2213/1818/1 2211/1819/1 2212/1820/1
f 2205/1819/10 2204/1821/10 2206/1822/10
f 2218/1823/5 2216/1824/5 2217/1825/5
f 2209/1815/8 2207/1823/8 2208/1816/8
f 2213/1818/1 2214/2110/1 2211/1819/1
f 2205/1819/10 2219/2110/10 2204/1821/10
f 2218/1823/5 2215/1815/5 2216/1824/5
s 0
usemtl GT_MC_Tiling_X_Dark_Concrete
f 2236/1826/51 2238/1827/51 2231/1828/51
f 2234/1835/8 2265/1836/8 2266/1837/8
f 2220/1838/6 2239/1839/6 2233/1840/6
f 2261/1841/4 2227/1839/4 2264/1840/4
f 2260/1845/54 2232/1846/54 2236/1847/54
f 2267/1848/4 2222/1849/4 2262/1850/4
f 2233/1854/1 2261/1855/1 2264/1856/1
f 2243/1860/52 2266/1861/52 2267/1862/52
f 2222/1849/4 2221/1863/4 2223/1864/4
f 2264/1867/57 2220/1868/57 2233/1869/57
f 2262/1870/58 2237/1871/58 2240/1872/58
f 2240/1874/51 2235/1863/51 2243/1848/51
f 2265/1838/4 2223/1864/4 2266/1875/4
f 2233/1840/59 2238/1827/59 2232/1841/59
f 2260/1876/4 2224/1827/4 2261/1841/4
f 2236/1826/6 2230/1877/6 2237/1878/6
f 2234/1875/6 2235/1863/6 2242/1864/6
f 2263/1878/4 2222/1849/4 2228/1877/4
f 2240/1879/10 2267/1862/10 2262/1880/10
f 2263/1878/4 2229/1828/4 2260/1876/4
f 2236/1886/5 2263/1887/5 2260/1888/5
f 2237/1878/6 2225/1849/6 2240/1874/6
f 2234/1875/6 2241/1891/6 2220/1838/6
f 2265/1838/4 2227/1839/4 2226/1891/4
f 2266/1875/4 2221/1863/4 2267/1848/4
f 2280/1841/6 2279/1828/6 2284/1826/6
f 2282/1835/8 2313/1836/8 2314/1837/8
f 2281/1840/6 2289/1891/6 2287/1839/6
f 2309/1841/67 2275/1839/67 2312/1840/67
f 2308/1845/54 2280/1846/54 2284/1847/54
f 2315/1848/68 2270/1849/68 2310/1850/68
f 2281/1854/1 2309/1855/1 2312/1856/1
f 2291/1860/52 2314/1861/52 2315/1862/52
f 2275/1839/4 2277/1828/4 2270/1849/4
f 2312/1867/57 2268/1868/57 2281/1869/57
f 2310/1870/58 2285/1871/58 2288/1872/58
f 2288/1874/51 2283/1863/51 2291/1848/51
f 2313/1838/4 2271/1864/4 2314/1875/4
f 2281/1840/59 2286/1827/59 2280/1841/59
f 2309/1841/4 2277/1828/4 2272/1827/4
f 2284/1826/6 2278/1877/6 2285/1878/6
f 2291/1848/59 2290/1864/59 2282/1875/59
f 2310/1850/67 2276/1877/67 2311/1878/67
f 2288/1879/10 2315/1862/10 2310/1880/10
f 2311/1878/4 2277/1828/4 2308/1876/4
f 2284/1886/5 2311/1887/5 2308/1888/5
f 2288/1874/6 2278/1877/6 2273/1849/6
f 2282/1875/6 2289/1891/6 2268/1838/6
f 2312/1840/4 2274/1891/4 2313/1838/4
f 2315/1848/4 2271/1864/4 2269/1863/4
f 2332/1826/16 2334/1827/16 2327/1828/16
f 2330/1835/54 2361/1836/54 2362/1837/54
f 2316/1838/6 2335/1839/6 2329/1840/6
f 2357/1841/68 2323/1839/68 2360/1840/68
f 2356/1845/10 2328/1846/10 2332/1847/10
f 2358/1850/4 2317/1863/4 2318/1849/4
f 2329/1854/58 2357/1855/58 2360/1856/58
f 2339/1860/1 2362/1861/1 2363/1862/1
f 2317/1863/4 2319/1864/4 2325/1828/4
f 2360/1867/5 2316/1868/5 2329/1869/5
f 2358/1870/8 2333/1871/8 2336/1872/8
f 2336/1874/51 2331/1863/51 2339/1848/51
f 2362/1875/4 2322/1891/4 2319/1864/4
f 2328/1841/6 2335/1839/6 2334/1827/6
f 2356/1876/67 2320/1827/67 2357/1841/67
f 2333/1878/51 2327/1828/51 2326/1877/51
f 2339/1848/6 2338/1864/6 2330/1875/6
f 2358/1850/4 2324/1877/4 2359/1878/4
f 2336/1879/57 2363/1862/57 2358/1880/57
f 2359/1878/68 2325/1828/68 2356/1876/68
f 2332/1886/52 2359/1887/52 2356/1888/52
f 2336/1874/6 2326/1877/6 2321/1849/6
f 2330/1875/51 2337/1891/51 2316/1838/51
f 2361/1838/4 2323/1839/4 2322/1891/4
f 2363/1848/2 2319/1864/2 2317/1863/2
f 2376/1841/59 2375/1828/59 2380/1826/59
f 2378/1835/54 2409/1836/54 2410/1837/54
f 2364/1838/6 2383/1839/6 2377/1840/6
f 2405/1841/68 2371/1839/68 2408/1840/68
f 2404/1845/10 2376/1846/10 2380/1847/10
f 2411/1848/67 2366/1849/67 2406/1850/67
f 2377/1854/58 2405/1855/58 2408/1856/58
f 2387/1860/1 2410/1861/1 2411/1862/1
f 2371/1839/4 2373/1828/4 2366/1849/4
f 2408/1867/5 2364/1868/5 2377/1869/5
f 2406/1870/8 2381/1871/8 2384/1872/8
f 2387/1848/6 2369/1849/6 2379/1863/6
f 2410/1875/4 2370/1891/4 2367/1864/4
f 2376/1841/6 2383/1839/6 2382/1827/6
f 2405/1841/79 2373/1828/79 2368/1827/79
f 2381/1878/51 2375/1828/51 2374/1877/51
f 2387/1848/80 2386/1864/80 2378/1875/80
f 2406/1850/4 2372/1877/4 2407/1878/4
f 2384/1879/57 2411/1862/57 2406/1880/57
f 2407/1878/68 2373/1828/68 2404/1876/68
f 2380/1886/52 2407/1887/52 2404/1888/52
f 2384/1874/6 2374/1877/6 2369/1849/6
f 2378/1875/6 2385/1891/6 2364/1838/6
f 2409/1838/4 2371/1839/4 2370/1891/4
f 2411/1848/79 2367/1864/79 2365/1863/79
f 2424/1841/59 2423/1828/59 2428/1826/59
f 2426/1835/54 2457/1836/54 2458/1837/54
f 2425/1840/6 2433/1891/6 2431/1839/6
f 2453/1841/68 2419/1839/68 2456/1840/68
f 2452/1845/10 2424/1846/10 2428/1847/10
f 2459/1848/67 2414/1849/67 2454/1850/67
f 2425/1854/58 2453/1855/58 2456/1856/58
f 2435/1860/1 2458/1861/1 2459/1862/1
f 2414/1849/4 2413/1863/4 2415/1864/4
f 2456/1867/5 2412/1868/5 2425/1869/5
f 2454/1870/8 2429/1871/8 2432/1872/8
f 2432/1874/51 2427/1863/51 2435/1848/51
f 2458/1875/4 2418/1891/4 2415/1864/4
f 2424/1841/6 2431/1839/6 2430/1827/6
f 2453/1841/79 2421/1828/79 2416/1827/79
f 2428/1826/6 2422/1877/6 2429/1878/6
f 2435/1848/80 2434/1864/80 2426/1875/80
f 2454/1850/4 2420/1877/4 2455/1878/4
f 2432/1879/57 2459/1862/57 2454/1880/57
f 2455/1878/68 2421/1828/68 2452/1876/68
f 2428/1886/52 2455/1887/52 2452/1888/52
f 2429/1878/6 2417/1849/6 2432/1874/6
f 2426/1875/6 2433/1891/6 2412/1838/6
f 2456/1840/4 2418/1891/4 2457/1838/4
f 2459/1848/79 2415/1864/79 2413/1863/79
f 2236/1826/6 2232/1841/6 2238/1827/6
f 2234/1835/8 2220/1868/8 2265/1836/8
f 2220/1838/6 2241/1891/6 2239/1839/6
f 2261/1841/68 2224/1827/68 2227/1839/68
f 2260/1845/54 2261/1855/54 2232/1846/54
f 2267/1848/67 2221/1863/67 2222/1849/67
f 2233/1854/1 2232/1846/1 2261/1855/1
f 2243/1860/52 2234/2111/52 2266/1861/52
f 2223/1864/4 2226/1891/4 2229/1828/4
f 2226/1891/67 2227/1839/67 2229/1828/67
f 2227/1839/4 2224/1827/4 2229/1828/4
f 2229/1828/4 2228/1877/4 2223/1864/4
f 2228/1877/68 2222/1849/68 2223/1864/68
f 2264/1867/57 2265/1836/57 2220/1868/57
f 2262/1870/58 2263/1887/58 2237/1871/58
f 2240/1874/6 2225/1849/6 2235/1863/6
f 2265/1838/4 2226/1891/4 2223/1864/4
f 2233/1840/6 2239/1839/6 2238/1827/6
f 2260/1876/4 2229/1828/4 2224/1827/4
f 2236/1826/6 2231/1828/6 2230/1877/6
f 2234/1875/6 2243/1848/6 2235/1863/6
f 2263/1878/4 2262/1850/4 2222/1849/4
f 2240/1879/10 2243/1860/10 2267/1862/10
f 2263/1878/4 2228/1877/4 2229/1828/4
f 2236/1886/5 2237/1871/5 2263/1887/5
f 2237/1878/59 2230/1877/59 2225/1849/59
f 2234/1875/6 2242/1864/6 2241/1891/6
f 2265/1838/4 2264/1840/4 2227/1839/4
f 2266/1875/4 2223/1864/4 2221/1863/4
f 2280/1841/6 2286/1827/6 2279/1828/6
f 2282/1835/8 2268/1868/8 2313/1836/8
f 2281/1840/51 2268/1838/51 2289/1891/51
f 2309/1841/4 2272/1827/4 2275/1839/4
f 2308/1845/54 2309/1855/54 2280/1846/54
f 2315/1848/4 2269/1863/4 2270/1849/4
f 2281/1854/1 2280/1846/1 2309/1855/1
f 2291/1860/52 2282/2111/52 2314/1861/52
f 2271/1864/4 2274/1891/4 2275/1839/4
f 2275/1839/4 2272/1827/4 2277/1828/4
f 2277/1828/4 2276/1877/4 2270/1849/4
f 2270/1849/4 2269/1863/4 2271/1864/4
f 2271/1864/4 2275/1839/4 2270/1849/4
f 2312/1867/57 2313/1836/57 2268/1868/57
f 2310/1870/58 2311/1887/58 2285/1871/58
f 2288/1874/89 2273/1849/89 2283/1863/89
f 2313/1838/4 2274/1891/4 2271/1864/4
f 2281/1840/90 2287/1839/90 2286/1827/90
f 2309/1841/68 2308/1876/68 2277/1828/68
f 2284/1826/6 2279/1828/6 2278/1877/6
f 2291/1848/6 2283/1863/6 2290/1864/6
f 2310/1850/4 2270/1849/4 2276/1877/4
f 2288/1879/10 2291/1860/10 2315/1862/10
f 2311/1878/4 2276/1877/4 2277/1828/4
f 2284/1886/5 2285/1871/5 2311/1887/5
f 2288/1874/6 2285/1878/6 2278/1877/6
f 2282/1875/6 2290/1864/6 2289/1891/6
f 2312/1840/4 2275/1839/4 2274/1891/4
f 2315/1848/4 2314/1875/4 2271/1864/4
f 2332/1826/51 2328/1841/51 2334/1827/51
f 2330/1835/54 2316/1868/54 2361/1836/54
f 2316/1838/6 2337/1891/6 2335/1839/6
f 2357/1841/4 2320/1827/4 2323/1839/4
f 2356/1845/10 2357/1855/10 2328/1846/10
f 2358/1850/67 2363/1848/67 2317/1863/67
f 2329/1854/58 2328/1846/58 2357/1855/58
f 2339/1860/1 2330/2111/1 2362/1861/1
f 2319/1864/4 2322/1891/4 2323/1839/4
f 2323/1839/4 2320/1827/4 2319/1864/4
f 2320/1827/4 2325/1828/4 2319/1864/4
f 2325/1828/4 2324/1877/4 2318/1849/4
f 2318/1849/4 2317/1863/4 2325/1828/4
f 2360/1867/5 2361/1836/5 2316/1868/5
f 2358/1870/8 2359/1887/8 2333/1871/8
f 2336/1874/59 2321/1849/59 2331/1863/59
f 2362/1875/67 2361/1838/67 2322/1891/67
f 2328/1841/59 2329/1840/59 2335/1839/59
f 2356/1876/79 2325/1828/79 2320/1827/79
f 2333/1878/59 2332/1826/59 2327/1828/59
f 2339/1848/80 2331/1863/80 2338/1864/80
f 2358/1850/4 2318/1849/4 2324/1877/4
f 2336/1879/57 2339/1860/57 2363/1862/57
f 2359/1878/4 2324/1877/4 2325/1828/4
f 2332/1886/52 2333/1871/52 2359/1887/52
f 2336/1874/6 2333/1878/6 2326/1877/6
f 2330/1875/6 2338/1864/6 2337/1891/6
f 2361/1838/68 2360/1840/68 2323/1839/68
f 2363/1848/68 2362/1875/68 2319/1864/68
f 2376/1841/80 2382/1827/80 2375/1828/80
f 2378/1835/54 2364/1868/54 2409/1836/54
f 2364/1838/6 2385/1891/6 2383/1839/6
f 2405/1841/4 2368/1827/4 2371/1839/4
f 2404/1845/10 2405/1855/10 2376/1846/10
f 2411/1848/4 2365/1863/4 2366/1849/4
f 2377/1854/58 2376/1846/58 2405/1855/58
f 2387/1860/1 2378/2111/1 2410/1861/1
f 2367/1864/4 2370/1891/4 2371/1839/4
f 2371/1839/4 2368/1827/4 2373/1828/4
f 2373/1828/4 2372/1877/4 2366/1849/4
f 2366/1849/4 2365/1863/4 2367/1864/4
f 2367/1864/4 2371/1839/4 2366/1849/4
f 2408/1867/5 2409/1836/5 2364/1868/5
f 2406/1870/8 2407/1887/8 2381/1871/8
f 2387/1848/6 2384/1874/6 2369/1849/6
f 2410/1875/67 2409/1838/67 2370/1891/67
f 2376/1841/59 2377/1840/59 2383/1839/59
f 2405/1841/67 2404/1876/67 2373/1828/67
f 2381/1878/59 2380/1826/59 2375/1828/59
f 2387/1848/16 2379/1863/16 2386/1864/16
f 2406/1850/4 2366/1849/4 2372/1877/4
f 2384/1879/57 2387/1860/57 2411/1862/57
f 2407/1878/4 2372/1877/4 2373/1828/4
f 2380/1886/52 2381/1871/52 2407/1887/52
f 2384/1874/6 2381/1878/6 2374/1877/6
f 2378/1875/51 2386/1864/51 2385/1891/51
f 2409/1838/4 2408/1840/4 2371/1839/4
f 2411/1848/2 2410/1875/2 2367/1864/2
f 2424/1841/80 2430/1827/80 2423/1828/80
f 2426/1835/54 2412/1868/54 2457/1836/54
f 2425/1840/6 2412/1838/6 2433/1891/6
f 2453/1841/4 2416/1827/4 2419/1839/4
f 2452/1845/10 2453/1855/10 2424/1846/10
f 2459/1848/4 2413/1863/4 2414/1849/4
f 2425/1854/58 2424/1846/58 2453/1855/58
f 2435/1860/1 2426/2111/1 2458/1861/1
f 2415/1864/4 2418/1891/4 2419/1839/4
f 2419/1839/4 2416/1827/4 2415/1864/4
f 2416/1827/4 2421/1828/4 2415/1864/4
f 2421/1828/4 2420/1877/4 2415/1864/4
f 2420/1877/4 2414/1849/4 2415/1864/4
f 2456/1867/5 2457/1836/5 2412/1868/5
f 2454/1870/8 2455/1887/8 2429/1871/8
f 2432/1874/59 2417/1849/59 2427/1863/59
f 2458/1875/67 2457/1838/67 2418/1891/67
f 2424/1841/59 2425/1840/59 2431/1839/59
f 2453/1841/67 2452/1876/67 2421/1828/67
f 2428/1826/6 2423/1828/6 2422/1877/6
f 2435/1848/16 2427/1863/16 2434/1864/16
f 2454/1850/4 2414/1849/4 2420/1877/4
f 2432/1879/57 2435/1860/57 2459/1862/57
f 2455/1878/4 2420/1877/4 2421/1828/4
f 2428/1886/52 2429/1871/52 2455/1887/52
f 2429/1878/6 2422/1877/6 2417/1849/6
f 2426/1875/51 2434/1864/51 2433/1891/51
f 2456/1840/4 2419/1839/4 2418/1891/4
f 2459/1848/2 2458/1875/2 2415/1864/2
