# Blender 5.1.0
# www.blender.org
mtllib building16.mtl
o GT_MC_Large_Building.016
v 10.406051 116.904541 17.672649
v -9.082927 116.904541 23.379194
v 8.890329 117.929382 -22.690683
v 11.495818 117.929382 -18.833969
v -11.960887 117.929382 -19.119160
v 9.082995 117.929382 23.379194
v 11.495819 117.929382 18.833969
v -10.405978 116.904541 17.672649
v -9.082927 117.929382 23.379194
v -11.960887 117.929382 19.119162
v -8.890261 117.929382 -22.690683
v -8.890260 117.929382 22.690683
v 11.960957 117.929382 -19.119162
v 8.890329 117.929382 22.690683
v -11.495749 117.929382 -18.833969
v -9.082927 117.929382 -23.379194
v -11.495749 117.929382 18.833969
v 9.082995 117.929382 -23.379194
v 11.960957 117.929382 19.119160
v 0.000035 120.696472 -21.750257
v 8.723104 120.696472 -22.093090
v 11.960957 116.904541 19.119160
v 10.662610 120.696472 -18.323107
v 11.495819 120.696487 18.833969
v -8.545134 120.696472 21.457348
v -10.662540 120.696472 18.323107
v 0.000035 120.696472 21.750257
v 8.545203 120.696487 21.457348
v -10.405978 116.904541 -17.672649
v 10.406051 116.904541 -17.672649
v 8.266176 116.904541 -20.840145
v -8.266105 116.904541 20.840145
v -8.890262 120.696487 -22.690683
v 8.266176 116.904541 20.840145
v -9.082926 116.904541 -23.379194
v -10.662540 120.696487 -18.323107
v -11.960887 116.904541 -19.119160
v -11.960887 116.904541 19.119162
v -8.266105 116.904541 -20.840145
v 9.082995 116.904541 23.379194
v 8.627168 -0.000000 21.750257
v 8.890329 120.696472 22.690683
v 0.000035 120.696472 22.093090
v -8.627099 -0.000000 21.750257
v -8.890262 120.696487 22.690683
v 10.860492 -0.000000 18.444435
v 10.662610 120.696487 18.323107
v -10.860422 -0.000000 18.444433
v -10.860422 -0.000000 -18.444435
v -11.092031 120.696472 0.000000
v 10.860492 -0.000000 -18.444433
v 8.627167 -0.000000 -21.750257
v 8.545203 120.696472 -21.457348
v 11.092101 120.696472 -18.586439
v -8.627099 -0.000000 -21.750257
v -8.545135 120.696487 -21.457348
v -11.092031 120.696472 -18.586439
v 8.266176 6.206348 20.840145
v 12.672240 5.103502 20.022144
v 8.627167 5.103502 21.750257
v -9.541101 6.206351 24.656836
v -8.627099 5.103502 21.750257
v -10.405978 6.206348 17.672649
v -10.860422 5.103502 18.444433
v 12.672240 6.206351 20.022144
v 10.860492 5.103502 -18.444433
v 8.627168 5.103502 -21.750257
v 10.406051 6.206348 -17.672649
v 9.541169 6.206351 -24.656836
v -8.627098 5.103502 -21.750257
v -8.266105 6.206348 -20.840145
v -12.672172 5.103502 -20.022144
v -10.405978 6.206348 -17.672649
v 10.860492 5.103502 18.444433
v 12.672239 5.103502 -20.022144
v -12.672172 6.206351 20.022144
v 9.541171 5.103502 -24.656836
v 8.266178 6.206348 -20.840143
v 12.672239 6.206351 -20.022144
v 10.406051 6.206348 17.672649
v -9.541101 5.103502 -24.656836
v -10.860422 5.103502 -18.444433
v -12.672171 6.206351 -20.022144
v 9.541171 5.103502 24.656836
v -8.266106 6.206348 20.840143
v -12.672171 5.103502 20.022144
v -9.541101 6.206351 -24.656836
v -9.541101 5.103502 24.656836
v 9.541171 6.206351 24.656836
v -10.860422 120.696472 0.000000
v -10.860422 120.696472 -18.444433
v -11.092031 120.696472 0.000000
v -11.092031 120.696472 18.586439
v -8.723035 120.696472 -22.093090
v 0.000035 120.696472 -22.093090
v 8.723104 120.696472 22.093090
v 0.000035 120.696472 22.093090
v 11.092101 120.696472 0.000000
v 11.092101 120.696472 -18.586439
v -8.627099 120.696472 -21.750257
v -8.723035 120.696472 22.093090
v -8.627099 120.696472 21.750257
v 0.000035 120.696472 -21.750257
v 8.627168 120.696472 -21.750257
v 8.723104 120.696472 -22.093090
v -11.092031 120.696472 -18.586439
v 11.092101 120.696472 18.586439
v 8.627168 120.696472 21.750257
v 0.000035 120.696472 21.750257
v -10.860422 120.696472 18.444433
v 10.860492 120.696472 0.000000
v 10.860492 120.696472 -18.444433
v 10.860492 120.696472 18.444433
v -10.860422 120.696472 0.000000
v -10.860422 120.696472 -18.444433
v -8.627099 120.696472 -21.750257
v 8.627168 120.696472 21.750257
v -10.860422 120.696472 18.444433
v -8.627099 120.696472 21.750257
v 10.860492 120.696472 0.000000
v 10.860492 120.696472 -18.444433
v 8.627168 120.696472 -21.750257
v 10.860492 120.696472 18.444433
v -10.860422 122.719315 -18.444433
v 8.599846 122.719315 21.652622
v -8.572455 122.719315 21.554985
v 10.794531 122.719315 -18.403992
v -10.899024 122.719315 18.710522
v -11.053430 122.719315 -18.320353
v 8.691126 122.719315 21.978815
v 10.899093 122.719315 -18.710522
v -8.768259 122.719315 -21.864536
v -8.659077 122.719315 21.864536
v 8.627167 122.719315 -21.750257
v 8.723104 122.719315 -22.093092
v 11.053499 122.719315 18.320353
v -10.662540 122.719315 -18.323107
v -8.599777 122.719315 -21.652622
v -10.728501 122.719315 18.501629
v 10.728571 122.719315 18.363550
v 8.572525 122.719315 -21.554985
v -11.092031 120.696472 18.586439
v -8.723035 120.696472 22.093090
v 11.092101 120.696472 18.586439
v 8.723104 120.696472 22.093090
v 11.960957 116.904541 -19.119162
v -11.495749 120.696472 -18.833969
v -8.723035 120.696472 -22.093090
v 9.082995 116.904541 -23.379194
v -11.495749 120.696487 18.833969
v 11.092101 120.696472 0.000000
v 11.495818 120.696472 -18.833969
v 8.890329 120.696472 -22.690683
v 0.000035 120.696472 -22.093090
v 8.299815 123.134224 -14.438148
v 8.299816 123.134224 14.438149
v 6.775957 124.982239 17.060072
v 8.545858 124.982239 14.513470
v -6.799393 124.982239 -17.025280
v -8.545789 123.134224 14.513472
v -8.545789 124.982239 14.513472
v -8.299747 124.982239 -14.438149
v 8.299815 124.982224 -14.438148
v -6.788438 128.920502 -17.114748
v 6.788506 128.920502 -17.114748
v -6.788436 128.920502 17.114748
v -8.545789 128.920502 14.513470
v 8.936031 128.045792 -14.752697
v 6.788507 128.045792 -17.114748
v -6.788436 128.045792 -17.114748
v -8.935962 128.045792 14.752697
v -8.935962 128.045792 -14.752699
v 6.788507 128.920502 17.114748
v 8.545858 128.920502 14.513470
v -6.788436 128.045792 17.114748
v -8.545789 128.920502 -14.513472
v 8.545858 128.045792 -14.513470
v 8.936031 128.045792 14.752699
v -8.545789 128.045792 14.513470
v 8.545858 128.045792 14.513472
v 6.950120 128.045792 17.692291
v -8.545789 120.070656 -14.513470
v -6.950051 128.045792 -17.692291
v 6.950121 128.045792 -17.692291
v 6.788506 120.070656 -17.114748
v -8.935962 130.331573 14.752699
v -8.545789 120.070663 14.513470
v -6.788438 120.070663 -17.114748
v 8.545858 128.920502 -14.513470
v 8.545858 120.070663 -14.513470
v -6.950051 128.045792 17.692291
v -6.788438 120.070663 17.114748
v 6.788507 120.070663 17.114748
v 8.545858 120.070656 14.513470
v -8.545789 130.331573 14.513470
v -8.545789 130.331558 -14.513470
v 8.545858 130.331558 14.513470
v 6.788507 130.331573 17.114748
v 8.936031 130.331573 14.752699
v 8.545858 130.331573 -14.513470
v -8.935962 130.331573 -14.752699
v -6.950051 130.331558 17.692291
v 8.936031 130.331573 -14.752699
v -6.788436 130.331558 17.114748
v 6.788507 130.331573 -17.114748
v -6.788436 130.331558 -17.114748
v 6.950120 130.331558 -17.692291
v -6.950051 130.331573 -17.692291
v 6.950121 130.331573 17.692291
v -8.299747 123.134224 14.438148
v -8.299747 124.982224 14.438148
v -6.707931 123.134224 -17.087410
v 6.657798 123.134224 -16.868708
v -8.545789 123.134224 -14.513472
v -8.299747 123.134224 -14.438148
v -8.545789 124.982239 -14.513470
v -8.545789 128.045792 -14.513472
v 8.545858 123.134224 14.513472
v 6.800344 124.982239 -16.950722
v 6.788507 123.134224 -17.114748
v -6.822059 124.982239 16.991728
v 6.708000 123.134224 17.087410
v 8.299816 124.982239 14.438149
v 6.788507 128.045792 17.114748
v -6.788438 123.134224 17.114748
v -6.657728 123.134224 16.868708
v 8.545858 123.134224 -14.513472
v 8.545858 124.982239 -14.513472
v 11.230244 6.206351 13.609137
v 11.262249 119.232910 13.579079
v 11.193666 119.232910 12.969597
v 11.230244 6.206351 12.939540
v 10.490883 6.206351 13.579079
v 10.527460 119.232910 13.609137
v 10.490883 6.206351 12.969597
v 10.458877 119.232910 12.939540
v 11.230244 6.206351 6.795198
v 11.262249 119.232910 6.765141
v 11.193666 119.232910 6.155658
v 11.230244 6.206351 6.125601
v 10.490883 6.206351 6.765141
v 10.527460 119.232910 6.795198
v 10.490883 6.206351 6.155658
v 10.458878 119.232910 6.125601
v 11.230244 6.206351 -0.018740
v 11.262249 119.232910 -0.048797
v 11.193666 119.232910 -0.658279
v 11.230244 6.206351 -0.688337
v 10.490883 6.206351 -0.048797
v 10.527460 119.232910 -0.018740
v 10.490883 6.206351 -0.658279
v 10.458877 119.232910 -0.688337
v 11.230244 6.206351 -6.832678
v 11.262249 119.232910 -6.862735
v 11.193666 119.232910 -7.472218
v 11.230244 6.206351 -7.502275
v 10.490883 6.206351 -6.862735
v 10.527460 119.232910 -6.832678
v 10.490883 6.206351 -7.472218
v 10.458877 119.232910 -7.502275
v 11.230244 6.206351 -13.646616
v 11.262249 119.232910 -13.676674
v 11.193666 119.232910 -14.286154
v 11.230244 6.206351 -14.316212
v 10.490883 6.206351 -13.676674
v 10.527460 119.232910 -13.646616
v 10.490883 6.206351 -14.286155
v 10.458877 119.232910 -14.316212
v 0.304892 119.232910 22.071981
v 0.334950 6.206352 22.119989
v -0.334880 119.232910 21.417206
v 0.304892 6.206352 21.348623
v 0.334950 119.232910 21.380629
v 6.744152 119.232910 22.151995
v 6.714095 6.206352 22.119989
v 7.353635 119.232910 22.083412
v 7.383693 6.206352 22.119989
v 6.744153 6.206352 21.380629
v 6.714095 119.232910 21.417206
v 7.353635 6.206352 21.380629
v 7.383693 119.232910 21.348623
v -0.304823 119.232910 -22.071981
v 0.334950 6.206352 -22.083412
v 0.304892 119.232910 -22.151995
v 0.334950 119.232910 -21.417206
v 0.304892 6.206352 -21.348623
v 8.266213 9.418716 -20.840145
v 10.406087 9.418716 -17.672649
v 10.465553 9.418716 17.709110
v 8.266213 9.418716 20.840145
v 10.406087 9.059280 17.672651
v 10.465553 9.059280 -17.709108
v -8.310597 9.059280 -20.898827
v 8.310667 9.059280 20.898827
v -8.315408 9.418716 -21.016191
v 8.315477 9.418715 -21.016191
v 10.525021 9.418716 -17.745567
v 8.315477 9.418716 21.016191
v 10.525021 9.059280 17.745571
v 8.271023 9.059280 -20.957508
v 8.266213 13.019899 -20.840145
v 10.406087 13.019899 17.672651
v 10.406087 13.019899 -17.672649
v 8.266213 13.019899 20.840145
v 8.290845 12.660462 -20.928167
v 10.425909 12.660462 -17.767794
v -8.266143 12.660462 -20.840145
v 8.271023 12.660462 20.957508
v 8.315477 13.019899 -21.016191
v 10.525021 13.019899 -17.745567
v 10.525020 13.019899 17.745571
v 8.315477 13.019899 21.016191
v 10.505198 12.660462 17.650427
v -8.315409 12.660462 -21.016191
v -8.266144 16.621082 -20.840145
v 10.445731 16.621082 17.738453
v 8.290845 16.621082 -20.928167
v 10.485375 16.621082 -17.679768
v 8.266213 16.621082 20.840145
v 10.406087 16.261646 17.672651
v 10.406087 16.261646 -17.672649
v 8.266212 16.261646 -20.840145
v 8.290845 16.261646 20.928167
v -8.315408 16.621082 -21.016191
v 8.315477 16.621082 21.016191
v 10.525021 16.261646 17.745571
v 10.525020 16.261646 -17.745571
v 8.315478 16.261646 -21.016191
v 8.266213 20.222265 -20.840145
v 10.445731 20.222265 17.738453
v 10.406087 20.222265 -17.672649
v 8.266213 20.222265 20.840145
v 10.406087 19.862827 17.672651
v 10.465553 19.862827 -17.709108
v 8.290845 19.862827 -20.928167
v 8.271023 19.862827 20.957508
v -8.315408 20.222265 -21.016191
v 8.315477 20.222265 -21.016191
v 10.525021 20.222265 -17.745567
v 8.315477 20.222265 21.016191
v 10.525021 19.862827 17.745571
v 8.266213 23.823448 -20.840145
v 10.406087 23.823448 17.672651
v 10.406087 23.823448 -17.672649
v 8.266213 23.823448 20.840145
v 10.425909 23.464012 -17.767794
v 8.310667 23.464012 -20.898827
v 8.271023 23.464012 20.957508
v -8.315408 23.823448 -21.016191
v 8.315477 23.823448 -21.016191
v 10.525021 23.823448 -17.745567
v 10.525020 23.823448 17.745571
v 8.315477 23.823448 21.016191
v 10.505198 23.464012 17.650427
v -8.270954 23.464012 -20.957508
v 8.266213 27.424629 -20.840145
v 10.406087 27.424629 -17.672649
v 10.465553 27.424629 17.709110
v 8.266213 27.424629 20.840143
v 10.406087 27.065193 17.672651
v 10.465553 27.065193 -17.709108
v 8.310667 27.065193 -20.898827
v 8.271023 27.065193 20.957508
v -8.315408 27.424629 -21.016191
v 8.315477 27.424629 -21.016191
v 10.525021 27.424629 -17.745567
v 8.315477 27.424629 21.016191
v 10.525021 27.065193 17.745571
v -8.270954 27.065193 -20.957508
v 8.266213 31.025816 -20.840145
v 10.406087 31.025816 -17.672649
v 10.465553 31.025816 17.709110
v 8.251202 31.025816 20.986849
v 10.406087 30.666378 17.672651
v 10.465553 30.666378 -17.709108
v 8.310667 30.666378 -20.898827
v 8.266212 30.666378 20.840145
v -8.315408 31.025816 -21.016191
v 8.315477 31.025816 -21.016191
v 10.525021 31.025816 -17.745567
v 10.525021 30.666378 17.745571
v -8.270954 30.666378 -20.957508
v 8.315478 30.666378 21.016191
v 8.330489 34.626995 -20.869486
v 10.465553 34.626995 -17.709108
v 10.465553 34.626995 17.709110
v 8.251202 34.626995 20.986849
v 10.406087 34.267559 17.672649
v 10.406087 34.267559 -17.672649
v 8.266212 34.267559 -20.840145
v 8.266212 34.267559 20.840145
v -8.315408 34.626995 -21.016191
v 10.525021 34.267559 17.745571
v 10.525020 34.267559 -17.745571
v 8.315478 34.267559 -21.016191
v 8.315478 34.267559 21.016191
v -8.266144 38.228180 -20.840145
v 8.266213 38.228180 -20.840143
v 10.406087 38.228180 -17.672649
v 10.465553 38.228180 17.709110
v 8.330490 38.228180 20.869486
v 10.406087 37.868744 17.672651
v 10.465553 37.868744 -17.709108
v 8.290845 37.868744 -20.928167
v 8.266212 37.868744 20.840145
v 8.315477 38.228180 -21.016191
v 10.525021 38.228180 -17.745567
v 10.525021 37.868744 17.745571
v 8.315478 37.868744 21.016191
v 8.266213 41.829361 -20.840145
v 10.406087 41.829361 -17.672649
v 10.465553 41.829361 17.709110
v 8.266213 41.829361 20.840145
v 10.406087 41.469925 17.672651
v 10.465553 41.469925 -17.709108
v 8.290845 41.469925 -20.928167
v 8.290845 41.469925 20.928167
v -8.315408 41.829361 -21.016191
v 8.315477 41.829361 -21.016191
v 10.525021 41.829361 -17.745567
v 8.315477 41.829361 21.016191
v 10.525021 41.469925 17.745571
v -8.266144 45.430546 -20.840145
v 10.406087 45.430546 17.672651
v 8.266213 45.430546 -20.840143
v 10.406087 45.430546 -17.672649
v 8.266213 45.430546 20.840145
v 8.290845 45.071110 -20.928167
v 10.425909 45.071110 -17.767794
v -8.290776 45.071110 -20.928167
v 8.271023 45.071110 20.957508
v -8.315408 45.430546 -21.016191
v 8.315477 45.430546 -21.016191
v 10.525021 45.430546 -17.745567
v 10.525020 45.430546 17.745571
v 8.315477 45.430546 21.016191
v 10.505198 45.071110 17.650427
v -8.266144 49.031723 -20.840145
v 8.290845 49.031723 -20.928167
v 10.465553 49.031723 -17.709108
v 10.465553 49.031723 17.709110
v 8.266213 49.031723 20.840145
v 8.266213 48.672287 -20.840143
v 10.406087 48.672287 17.672651
v 10.406087 48.672287 -17.672649
v -8.310597 48.672287 -20.898827
v 8.290845 48.672287 20.928167
v -8.315408 49.031723 -21.016191
v 8.315477 49.031723 21.016191
v 10.525021 48.672287 17.745571
v 10.525020 48.672287 -17.745571
v 8.315478 48.672287 -21.016191
v -8.266144 52.632908 -20.840145
v 8.290845 52.632908 -20.928167
v 10.465553 52.632908 -17.709108
v 10.465553 52.632908 17.709110
v 8.266213 52.632908 20.840145
v 10.406087 52.273472 17.672649
v 10.406087 52.273472 -17.672649
v 8.266212 52.273472 -20.840145
v 8.271023 52.273472 20.957508
v -8.315408 52.632908 -21.016191
v 8.315477 52.632908 21.016191
v 8.315477 52.273472 -21.016191
v 10.525021 52.273472 17.745571
v 10.525020 52.273472 -17.745571
v -8.270954 52.273472 -20.957508
v -8.266144 56.234089 -20.840145
v 8.290845 56.234089 -20.928167
v 10.445731 56.234089 -17.738451
v 10.406087 56.234089 17.672649
v 8.266213 56.234089 20.840145
v 8.266213 55.874653 -20.840143
v 10.406087 55.874653 -17.672649
v -8.310597 55.874653 -20.898827
v 8.271023 55.874653 20.957508
v -8.315408 56.234089 -21.016191
v 10.525021 56.234089 17.745569
v 8.315477 56.234089 21.016191
v 10.505198 55.874653 17.650427
v 10.525020 55.874653 -17.745571
v 8.315478 55.874653 -21.016191
v 8.266213 59.835281 -20.840145
v 10.406087 59.835281 -17.672649
v 10.465553 59.835281 17.709110
v 8.266213 59.835274 20.840143
v 10.406087 59.475845 17.672651
v 10.465553 59.475845 -17.709108
v 8.290845 59.475845 -20.928167
v 8.310667 59.475845 20.898827
v 8.315477 59.835281 -21.016191
v 10.525021 59.835281 -17.745567
v 8.315477 59.835281 21.016191
v 10.525021 59.475845 17.745571
v -8.266144 63.436455 -20.840145
v 8.266213 63.436455 -20.840143
v 10.406087 63.436455 -17.672649
v 8.290845 63.436455 20.928167
v 10.406087 63.077019 17.672651
v 10.465553 63.077019 -17.709108
v 8.310667 63.077019 -20.898827
v 8.266213 63.077019 20.840143
v 8.315477 63.436455 -21.016191
v 10.485375 63.436455 17.679770
v 10.525020 63.436455 -17.745571
v 10.525021 63.077019 17.745571
v -8.270954 63.077019 -20.957508
v 8.315478 63.077019 21.016191
v 8.266213 67.037636 -20.840145
v 10.406087 67.037636 -17.672649
v 10.465553 67.037636 17.709110
v 8.290845 67.037636 20.928167
v 10.406087 66.678200 17.672649
v 10.425909 66.678200 -17.767794
v 8.310667 66.678200 -20.898827
v 8.266212 66.678200 20.840145
v 8.315477 67.037636 -21.016191
v 10.525021 67.037636 -17.745567
v 10.525021 66.678200 17.745571
v -8.315409 66.678200 -21.016191
v 8.315478 66.678200 21.016191
v -8.266144 70.638824 -20.840145
v 8.266213 70.638824 -20.840143
v 10.406087 70.638824 -17.672649
v 10.406087 70.638824 17.672649
v 8.266213 70.638824 20.840143
v 8.290845 70.279388 -20.928167
v 10.425909 70.279388 -17.767794
v -8.290776 70.279388 -20.928167
v 8.310667 70.279388 20.898827
v -8.315408 70.638824 -21.016191
v 10.525021 70.638824 17.745569
v 8.315477 70.638824 -21.016191
v 10.525020 70.638824 -17.745571
v 8.315477 70.638824 21.016191
v 10.505198 70.279388 17.650427
v 8.266213 74.240013 -20.840145
v 10.406087 74.240013 -17.672649
v 8.290845 74.240013 20.928167
v 8.290845 73.880577 -20.928167
v 10.406087 73.880577 17.672651
v 10.505198 73.880577 -17.650427
v -8.266143 73.880577 -20.840145
v 8.266213 73.880577 20.840143
v 10.485375 74.240013 17.679770
v 8.315477 74.240013 -21.016191
v 10.525020 74.240013 -17.745571
v 10.525020 73.880577 17.745571
v -8.315409 73.880577 -21.016191
v 8.315478 73.880577 21.016191
v 8.266213 77.841202 -20.840145
v 10.406087 77.841202 -17.672649
v 8.266213 77.841202 20.840145
v 8.290845 77.481758 -20.928167
v 10.406087 77.481758 17.672651
v 10.465553 77.481758 -17.709108
v -8.266143 77.481758 -20.840145
v 8.310667 77.481758 20.898827
v 8.315477 77.841202 -21.016191
v 10.485375 77.841202 17.679770
v 10.525020 77.841194 -17.745571
v 8.315477 77.841202 21.016191
v 10.525021 77.481758 17.745571
v -8.315409 77.481758 -21.016191
v 8.330489 81.442383 -20.869486
v 10.445731 81.442383 -17.738451
v 10.406087 81.442383 17.672649
v 8.266213 81.442383 20.840145
v 10.406087 81.082947 -17.672649
v 8.266212 81.082947 -20.840145
v 8.310667 81.082947 20.898827
v -8.315408 81.442383 -21.016191
v 10.525021 81.442383 17.745569
v 8.315477 81.442383 21.016191
v 10.505198 81.082947 17.650427
v 10.525020 81.082947 -17.745571
v 8.315478 81.082947 -21.016191
v 8.266213 85.043564 -20.840145
v 10.406087 85.043564 -17.672649
v 10.406087 85.043564 17.672649
v 8.266213 85.043564 20.840145
v 10.425909 84.684135 -17.767794
v -8.266143 84.684135 -20.840145
v 8.290845 84.684135 20.928167
v 8.315477 85.043564 -21.016191
v 10.525021 85.043564 17.745569
v 10.525020 85.043564 -17.745571
v 8.315477 85.043564 21.016191
v 10.505198 84.684135 17.650427
v 8.271023 84.684135 -20.957508
v -8.266144 88.644753 -20.840145
v 10.406087 88.644753 17.672651
v 8.290845 88.644753 -20.928167
v 10.465553 88.644753 -17.709108
v 8.266213 88.644753 20.840145
v 10.465553 88.285316 17.709110
v 10.406087 88.285316 -17.672649
v 8.266212 88.285316 -20.840145
v 8.310667 88.285316 20.898827
v -8.315408 88.644753 -21.016191
v 10.525021 88.644753 17.745569
v 8.315477 88.644753 21.016191
v 8.315477 88.285316 -21.016191
v 10.525021 88.285316 -17.745569
v -8.270954 88.285316 -20.957508
v 8.266213 92.245949 -20.840145
v 10.406087 92.245949 -17.672649
v 10.406087 92.245941 17.672649
v 8.266213 92.245949 20.840145
v 10.425909 91.886505 -17.767794
v -8.266143 91.886505 -20.840145
v 8.310667 91.886505 20.898827
v 8.315477 92.245949 -21.016191
v 10.525021 92.245949 17.745569
v 10.525020 92.245941 -17.745571
v 8.315477 92.245949 21.016191
v 10.505198 91.886505 17.650427
v 8.271023 91.886505 -20.957508
v -8.266144 95.847122 -20.840145
v 10.445731 95.847122 -17.738451
v 10.406087 95.847122 17.672649
v 8.266213 95.847122 20.840145
v 10.406087 95.487686 -17.672649
v 8.266212 95.487686 -20.840145
v 8.290845 95.487686 20.928167
v 8.251201 95.847122 -20.986849
v 10.525021 95.847122 17.745569
v 8.315477 95.847122 21.016191
v 10.505198 95.487686 17.650427
v 10.525020 95.487686 -17.745571
v 8.315478 95.487686 -21.016191
v -8.266144 99.448311 -20.840145
v 10.406087 99.448311 17.672651
v 8.290845 99.448311 -20.928167
v 10.465553 99.448311 -17.709108
v 8.266213 99.448311 20.840145
v 10.465553 99.088882 17.709110
v 10.406087 99.088882 -17.672649
v 8.266212 99.088882 -20.840145
v 8.290845 99.088882 20.928167
v -8.315408 99.448311 -21.016191
v 10.525021 99.448311 17.745569
v 8.315477 99.448311 21.016191
v 10.525021 99.088882 -17.745569
v 8.315478 99.088882 -21.016191
v -8.266144 103.049500 -20.840145
v 8.266213 103.049500 -20.840143
v 10.406087 103.049500 -17.672649
v 10.465553 103.049500 17.709110
v 8.266213 103.049500 20.840145
v 10.406087 102.690056 17.672649
v 8.290845 102.690056 -20.928167
v 10.425909 102.690056 -17.767794
v -8.290776 102.690056 -20.928167
v 8.290845 102.690056 20.928167
v -8.315408 103.049500 -21.016191
v 8.315477 103.049500 -21.016191
v 10.525021 103.049500 -17.745567
v 8.315477 103.049500 21.016191
v 10.525021 102.690056 17.745571
v 8.266213 106.650688 -20.840145
v 10.406087 106.650688 -17.672649
v 10.465553 106.650688 17.709110
v 8.266213 106.650688 20.840145
v 8.290845 106.291245 -20.928167
v 10.406087 106.291245 17.672651
v 10.465553 106.291245 -17.709108
v -8.266143 106.291245 -20.840145
v 8.290845 106.291245 20.928167
v 8.315477 106.650681 -21.016191
v 10.525021 106.650688 -17.745567
v 8.315477 106.650688 21.016191
v 10.525021 106.291245 17.745571
v -8.315409 106.291245 -21.016191
v 8.266213 110.251869 -20.840145
v 10.445731 110.251869 17.738453
v 10.406087 110.251869 -17.672649
v 8.251202 110.251869 20.986849
v 8.290845 109.892433 -20.928167
v 10.406087 109.892433 17.672651
v 10.505198 109.892433 -17.650427
v -8.266143 109.892433 -20.840145
v 8.266212 109.892433 20.840145
v 8.315477 110.251869 -21.016191
v 10.525021 110.251869 -17.745567
v 10.525020 109.892433 17.745571
v -8.315409 109.892433 -21.016191
v 8.315478 109.892433 21.016191
v 8.266213 113.853050 -20.840145
v 10.406087 113.853050 17.672651
v 10.406087 113.853050 -17.672649
v 8.266213 113.853050 20.840143
v 10.425909 113.493629 17.767794
v 10.505198 113.493629 -17.650427
v 8.310667 113.493629 -20.898827
v 8.310667 113.493629 20.898827
v 8.315477 113.853050 -21.016191
v 10.525021 113.853050 -17.745567
v 10.525020 113.853050 17.745571
v 8.315477 113.853050 21.016191
v -8.315409 113.493629 -21.016191
v 6.714095 6.206352 -22.119989
v 6.744153 119.232910 -22.083412
v 7.383693 6.206352 -22.119989
v 7.353635 119.232910 -22.151997
v 6.744153 6.206352 -21.380629
v 6.714095 119.232910 -21.348623
v 7.383693 119.232910 -21.417206
v 7.353635 6.206352 -21.380629
v -11.230174 6.206351 13.609137
v -11.193597 119.232910 13.579079
v -11.230174 6.206351 12.939540
v -11.262179 119.232910 12.969597
v -10.490813 6.206351 13.579079
v -10.458807 119.232910 13.609137
v -10.527390 119.232910 12.939540
v -10.490813 6.206351 12.969597
v -11.230174 6.206351 6.795198
v -11.193597 119.232910 6.765141
v -11.230174 6.206351 6.125601
v -11.262179 119.232910 6.155658
v -10.490813 6.206351 6.765141
v -10.458808 119.232910 6.795198
v -10.527390 119.232910 6.125601
v -10.490813 6.206351 6.155658
v -11.230174 6.206351 -0.018740
v -11.193597 119.232910 -0.048797
v -11.230174 6.206351 -0.688337
v -11.262179 119.232910 -0.658279
v -10.490813 6.206351 -0.048797
v -10.458807 119.232910 -0.018740
v -10.527390 119.232910 -0.688337
v -10.490813 6.206351 -0.658279
v -11.230174 6.206351 -6.832678
v -11.193597 119.232910 -6.862735
v -11.230174 6.206351 -7.502275
v -11.262179 119.232910 -7.472218
v -10.490813 6.206351 -6.862735
v -10.458807 119.232910 -6.832678
v -10.527390 119.232910 -7.502275
v -10.490813 6.206351 -7.472218
v -11.230174 6.206351 -13.646616
v -11.193597 119.232910 -13.676674
v -11.230174 6.206351 -14.316212
v -11.262179 119.232910 -14.286155
v -10.490813 6.206351 -13.676674
v -10.458807 119.232910 -13.646616
v -10.527390 119.232910 -14.316212
v -10.490813 6.206351 -14.286155
v -0.334880 6.206352 22.083412
v -0.304823 119.232910 22.151995
v -0.304823 6.206352 21.428637
v -6.714025 6.206352 22.119989
v -6.744083 119.232910 22.083412
v -7.383624 6.206352 22.119989
v -7.353566 119.232910 22.151997
v -6.744083 6.206352 21.380629
v -6.714025 119.232910 21.348623
v -7.383624 119.232910 21.417206
v -7.353566 6.206352 21.380629
v -0.334880 6.206352 -22.119989
v -0.304823 6.206352 -21.428637
v -0.334880 119.232910 -21.380629
v -8.266144 9.418715 -20.840143
v -10.465484 9.418716 -17.709110
v -10.465484 9.418716 17.709108
v -8.290775 9.418716 20.928167
v -10.406017 9.059279 17.672649
v -10.406017 9.059280 -17.672651
v -8.266144 9.059279 20.840143
v -10.524950 9.059279 17.745571
v -10.524951 9.059280 -17.745571
v -8.315409 9.059280 21.016191
v -10.465485 13.019899 17.709108
v -8.251132 13.019899 -20.986849
v -10.465484 13.019899 -17.709110
v -8.290775 13.019899 20.928167
v -10.406017 12.660462 17.672649
v -10.406017 12.660462 -17.672649
v -8.266143 12.660462 20.840145
v -10.524950 12.660462 17.745571
v -10.524951 12.660462 -17.745571
v -8.315408 12.660462 21.016191
v -10.445662 16.621082 -17.738453
v -10.406017 16.621082 17.672649
v -8.266144 16.621082 20.840143
v -10.465485 16.261646 17.709108
v -8.290776 16.261646 -20.928169
v -10.406017 16.261646 -17.672651
v -8.290776 16.261646 20.928169
v -10.524951 16.621082 17.745567
v -8.315408 16.621082 21.016191
v -10.524951 16.261646 -17.745571
v -10.445662 20.222265 17.738451
v -8.266144 20.222265 -20.840143
v -10.406017 20.222265 -17.672649
v -8.290775 20.222265 20.928167
v -8.290776 19.862827 -20.928169
v -10.406017 19.862827 17.672649
v -10.505129 19.862827 -17.650427
v -8.266143 19.862827 20.840145
v -10.524951 20.222265 -17.745569
v -10.524950 19.862827 17.745571
v -8.315408 19.862827 21.016191
v -8.266144 23.823448 -20.840143
v -10.445662 23.823448 -17.738453
v -10.485306 23.823448 17.679768
v -8.290775 23.823448 20.928167
v -10.406017 23.464012 17.672649
v -10.406017 23.464012 -17.672651
v -8.266143 23.464012 20.840145
v -10.524950 23.464012 17.745571
v -10.524951 23.464012 -17.745571
v -8.315408 23.464012 21.016191
v -10.406017 27.424629 17.672649
v -8.266144 27.424629 -20.840143
v -10.406017 27.424629 -17.672649
v -8.266144 27.424629 20.840145
v -10.425839 27.065193 17.767794
v -10.505129 27.065193 -17.650427
v -8.310597 27.065193 20.898827
v -10.524951 27.424629 -17.745569
v -10.524950 27.424629 17.745571
v -8.315408 27.424629 21.016191
v -10.406017 31.025816 17.672649
v -8.266144 31.025816 -20.840143
v -10.465484 31.025816 -17.709110
v -8.266144 31.025816 20.840145
v -10.425839 30.666378 17.767794
v -10.406017 30.666378 -17.672649
v -8.290776 30.666378 20.928169
v -10.524951 31.025816 17.745567
v -8.315408 31.025816 21.016191
v -10.524951 30.666378 -17.745571
v -8.266144 34.626995 -20.840143
v -10.406017 34.626995 -17.672651
v -10.465484 34.626995 17.709108
v -8.266144 34.626995 20.840145
v -8.290776 34.267559 -20.928169
v -10.406017 34.267559 17.672649
v -10.505129 34.267559 -17.650427
v -8.290776 34.267559 20.928169
v -10.524951 34.626995 -17.745569
v -8.315408 34.626995 21.016191
v -10.524950 34.267559 17.745571
v -10.465484 38.228180 -17.709110
v -10.406017 38.228180 17.672649
v -8.266144 38.228180 20.840143
v -10.465485 37.868744 17.709108
v -8.290776 37.868744 -20.928169
v -10.406017 37.868744 -17.672651
v -8.290776 37.868744 20.928169
v -8.315408 38.228180 -21.016191
v -10.524950 38.228180 17.745571
v -8.315408 38.228180 21.016191
v -10.524951 37.868744 -17.745571
v -8.266144 41.829361 -20.840143
v -10.465484 41.829361 -17.709110
v -10.406017 41.829361 17.672649
v -8.266144 41.829361 20.840143
v -10.465485 41.469925 17.709108
v -8.290776 41.469925 -20.928169
v -10.406017 41.469925 -17.672651
v -8.290776 41.469925 20.928169
v -10.524950 41.829361 17.745571
v -8.315408 41.829361 21.016191
v -10.524951 41.469925 -17.745571
v -10.406017 45.430546 -17.672651
v -10.406017 45.430546 17.672649
v -8.266144 45.430546 20.840143
v -10.425839 45.071110 17.767794
v -10.505129 45.071110 -17.650427
v -8.310597 45.071110 20.898827
v -10.524951 45.430546 17.745567
v -10.524950 45.430546 -17.745571
v -8.315408 45.430546 21.016191
v -10.445662 49.031723 17.738451
v -10.406017 49.031723 -17.672649
v -8.290775 49.031723 20.928167
v -10.406017 48.672287 17.672649
v -10.505129 48.672287 -17.650427
v -8.266143 48.672287 20.840145
v -10.524951 49.031723 -17.745569
v -10.524950 48.672287 17.745571
v -8.315409 48.672287 21.016191
v -10.445662 52.632908 -17.738453
v -10.485306 52.632908 17.679768
v -8.290775 52.632908 20.928167
v -10.406017 52.273472 17.672649
v -10.406017 52.273472 -17.672651
v -8.266143 52.273472 20.840145
v -10.524950 52.273472 17.745571
v -10.524951 52.273472 -17.745571
v -8.315408 52.273472 21.016191
v -10.445662 56.234089 17.738451
v -10.485306 56.234089 -17.679770
v -8.290775 56.234089 20.928167
v -10.406017 55.874653 17.672649
v -10.406017 55.874653 -17.672651
v -8.266143 55.874653 20.840145
v -10.524950 55.874653 17.745571
v -10.524951 55.874653 -17.745571
v -8.315408 55.874653 21.016191
v -8.266144 59.835274 -20.840143
v -10.406017 59.835281 -17.672651
v -10.406017 59.835274 17.672649
v -8.266144 59.835281 20.840145
v -8.290776 59.475845 -20.928169
v -10.425839 59.475845 -17.767794
v -8.270954 59.475845 20.957508
v -10.524951 59.835281 17.745567
v -8.315408 59.835274 -21.016191
v -10.524950 59.835274 -17.745571
v -8.315408 59.835274 21.016191
v -10.505129 59.475845 17.650427
v -10.406017 63.436455 -17.672651
v -10.406017 63.436455 17.672649
v -8.266144 63.436455 20.840145
v -10.425839 63.077019 -17.767794
v -8.310597 63.077019 20.898827
v -10.524951 63.436455 17.745567
v -8.315408 63.436455 -21.016191
v -10.524950 63.436455 -17.745571
v -8.315408 63.436455 21.016191
v -10.505129 63.077019 17.650427
v -10.406017 67.037636 17.672649
v -8.290776 67.037636 -20.928167
v -10.485306 67.037636 -17.679770
v -8.266144 67.037636 20.840145
v -8.266144 66.678200 -20.840143
v -10.425839 66.678200 17.767794
v -10.406017 66.678200 -17.672649
v -8.290776 66.678200 20.928169
v -10.524950 67.037636 17.745571
v -8.315408 67.037636 21.016191
v -10.524951 66.678200 -17.745571
v -10.406017 70.638824 17.672649
v -10.465484 70.638824 -17.709110
v -8.266144 70.638824 20.840145
v -10.465485 70.279388 17.709108
v -10.406017 70.279388 -17.672651
v -8.270954 70.279388 20.957508
v -10.524951 70.638824 17.745567
v -8.315408 70.638824 21.016191
v -10.524951 70.279388 -17.745571
v -10.406017 74.240013 17.672649
v -8.251132 74.240013 -20.986849
v -10.465484 74.240013 -17.709110
v -8.266144 74.240013 20.840145
v -10.425839 73.880577 17.767794
v -10.406017 73.880577 -17.672649
v -8.310597 73.880577 20.898827
v -10.524951 74.240013 17.745567
v -8.315408 74.240013 21.016191
v -10.524951 73.880577 -17.745571
v -10.465485 77.841202 17.709108
v -8.290776 77.841202 -20.928167
v -10.465484 77.841202 -17.709110
v -8.290775 77.841202 20.928167
v -10.406017 77.481758 17.672649
v -10.406017 77.481758 -17.672649
v -8.266144 77.481758 20.840143
v -10.524950 77.481758 17.745571
v -10.524951 77.481758 -17.745571
v -8.315409 77.481758 21.016191
v -10.445662 81.442383 17.738451
v -8.266144 81.442383 -20.840143
v -10.485306 81.442383 -17.679770
v -8.290775 81.442383 20.928167
v -10.406017 81.082947 17.672649
v -8.290776 81.082947 -20.928169
v -10.406017 81.082947 -17.672651
v -8.266144 81.082947 20.840143
v -10.524950 81.082947 17.745571
v -10.524951 81.082947 -17.745571
v -8.315409 81.082947 21.016191
v -8.290776 85.043564 -20.928167
v -10.445662 85.043564 -17.738453
v -10.485306 85.043564 17.679768
v -8.290775 85.043564 20.928167
v -10.406017 84.684128 17.672649
v -10.406017 84.684135 -17.672651
v -8.266143 84.684135 20.840145
v -10.524950 84.684128 17.745571
v -8.315408 84.684128 -21.016191
v -10.524951 84.684135 -17.745571
v -8.315409 84.684135 21.016191
v -10.406017 88.644753 -17.672651
v -10.485306 88.644753 17.679768
v -8.290775 88.644753 20.928167
v -10.406017 88.285316 17.672649
v -10.505129 88.285316 -17.650427
v -8.266144 88.285316 20.840143
v -10.524950 88.644753 -17.745571
v -10.524950 88.285316 17.745571
v -8.315409 88.285316 21.016191
v -10.445662 92.245949 17.738451
v -8.290776 92.245949 -20.928167
v -10.485306 92.245949 -17.679770
v -8.290775 92.245949 20.928167
v -10.406017 91.886505 17.672649
v -10.406017 91.886505 -17.672651
v -8.266144 91.886505 20.840143
v -8.315408 91.886505 -21.016191
v -10.524951 91.886505 17.745569
v -10.524950 91.886505 -17.745571
v -8.315409 91.886505 21.016191
v -10.445662 95.847122 17.738451
v -10.406017 95.847122 -17.672649
v -8.251131 95.847122 20.986849
v -10.406017 95.487686 17.672649
v -8.290776 95.487686 -20.928169
v -10.425839 95.487686 -17.767794
v -8.266143 95.487686 20.840145
v -8.315408 95.847122 -21.016191
v -10.524951 95.847122 -17.745569
v -10.524951 95.487686 17.745569
v -8.315409 95.487686 21.016191
v -10.406017 99.448311 -17.672651
v -10.485306 99.448311 17.679768
v -8.266144 99.448311 20.840143
v -8.290776 99.088882 -20.928169
v -10.406017 99.088882 17.672649
v -10.465484 99.088882 -17.709110
v -8.290776 99.088882 20.928169
v -10.524950 99.448311 -17.745571
v -8.315408 99.448311 21.016191
v -10.524951 99.088882 17.745569
v -10.406017 103.049500 -17.672651
v -10.465484 103.049500 17.709108
v -8.251131 103.049500 20.986849
v -10.406017 102.690056 17.672649
v -10.505129 102.690056 -17.650427
v -8.266143 102.690056 20.840145
v -10.524951 103.049500 -17.745569
v -10.524950 102.690056 17.745571
v -8.315409 102.690056 21.016191
v -10.445662 106.650688 17.738451
v -8.251132 106.650688 -20.986849
v -10.485306 106.650688 -17.679770
v -8.290775 106.650688 20.928167
v -10.406017 106.291245 17.672649
v -10.406017 106.291245 -17.672649
v -8.266143 106.291245 20.840145
v -10.524950 106.291245 17.745571
v -10.524951 106.291245 -17.745571
v -8.315409 106.291245 21.016191
v -8.251132 110.251869 -20.986849
v -10.465484 110.251869 -17.709110
v -10.465484 110.251869 17.709108
v -8.266144 110.251869 20.840145
v -10.406017 109.892433 17.672649
v -10.406017 109.892433 -17.672651
v -8.290776 109.892433 20.928169
v -8.315408 110.251869 21.016191
v -10.524951 109.892433 17.745569
v -10.524950 109.892433 -17.745571
v -10.445662 113.853050 17.738451
v -8.290776 113.853050 -20.928167
v -10.485306 113.853050 -17.679770
v -8.266144 113.853050 20.840145
v -8.266144 113.493614 -20.840143
v -10.406017 113.493629 17.672649
v -10.406017 113.493614 -17.672649
v -8.270954 113.493629 20.957508
v -8.315408 113.853050 21.016191
v -10.524951 113.493629 17.745569
v -10.524950 113.493614 -17.745571
v -6.744083 119.232910 -22.151995
v -6.714025 6.206352 -22.119989
v -7.353566 119.232910 -22.083412
v -7.383624 6.206352 -22.119989
v -6.744083 6.206352 -21.380629
v -6.714025 119.232910 -21.417206
v -7.353566 6.206352 -21.380629
v -7.383624 119.232910 -21.348623
v 8.797154 120.696472 -0.527953
v 7.090204 128.280670 -0.527953
v 8.797154 128.280670 -0.527953
v 7.090203 120.696472 -4.910185
v 8.797153 120.696472 -4.910185
v 7.090202 128.280670 -4.910185
v 8.797153 128.280670 -4.910185
v 7.090202 120.696472 -5.966089
v 8.797153 120.696472 -5.966089
v 7.090202 128.280670 -5.966089
v 8.797153 128.280670 -5.966089
v 7.090202 120.696472 -10.348322
v 8.797153 120.696472 -10.348322
v 7.090202 128.280670 -10.348322
v 8.797153 128.280670 -10.348322
v 7.090202 120.696472 -11.404227
v 8.797153 120.696472 -11.404227
v 7.090202 128.280670 -11.404227
v 8.797153 128.280670 -11.404227
v 8.797154 128.280670 0.527951
v 7.090204 120.696487 -0.527953
v 7.090204 120.696472 0.527952
v 8.797154 120.696487 0.527951
v 7.090204 128.280670 0.527952
v 7.090204 120.696472 4.910184
v 8.797156 120.696472 4.910184
v 7.090204 128.280670 4.910184
v 8.797156 128.280670 4.910184
v 7.090204 120.696472 5.966088
v 8.797156 120.696472 5.966088
v 7.090204 128.280670 5.966088
v 8.797156 128.280670 5.966088
v 7.090205 120.696472 10.348320
v 8.797156 120.696472 10.348320
v 7.090205 128.280670 10.348320
v 8.797156 128.280670 10.348320
v 7.090205 120.696472 11.404225
v 8.797156 120.696472 11.404225
v 7.090205 128.280670 11.404225
v 8.797156 128.280670 11.404225
v -8.797085 120.696472 -0.527951
v -7.090134 128.280670 -0.527951
v -8.797085 128.280670 -0.527951
v -7.090135 120.696472 -4.910184
v -8.797086 120.696472 -4.910184
v -7.090134 128.280670 -4.910184
v -8.797086 128.280670 -4.910184
v -7.090134 120.696472 -5.966088
v -8.797086 120.696472 -5.966088
v -7.090134 128.280670 -5.966088
v -8.797086 128.280670 -5.966088
v -7.090135 120.696472 -10.348320
v -8.797086 120.696472 -10.348320
v -7.090135 128.280670 -10.348320
v -8.797086 128.280670 -10.348320
v -7.090135 120.696472 -11.404225
v -8.797086 120.696472 -11.404225
v -7.090135 128.280670 -11.404225
v -8.797086 128.280670 -11.404225
v -8.797085 128.280670 0.527953
v -7.090134 120.696487 -0.527951
v -7.090134 120.696472 0.527953
v -8.797085 120.696487 0.527953
v -7.090134 128.280670 0.527953
v -7.090134 120.696472 4.910185
v -8.797086 120.696472 4.910185
v -7.090134 128.280670 4.910185
v -8.797086 128.280670 4.910185
v -7.090134 120.696472 5.966089
v -8.797086 120.696472 5.966089
v -7.090134 128.280670 5.966089
v -8.797086 128.280670 5.966089
v -7.090133 120.696472 10.348322
v -8.797085 120.696472 10.348322
v -7.090133 128.280670 10.348322
v -8.797085 128.280670 10.348322
v -7.090133 120.696472 11.404227
v -8.797085 120.696472 11.404227
v -7.090133 128.280670 11.404227
v -8.797085 128.280670 11.404227
v 0.218033 16.066366 21.745201
v 0.204594 16.077305 21.459826
v 6.754151 8.968699 21.437971
v 6.468195 8.735936 21.451082
v 6.767591 8.979639 21.767048
v 6.481635 8.746875 21.753939
v 0.203809 15.365222 21.738234
v 1.084710 15.365222 21.527115
v 5.967076 7.870001 21.368773
v 6.847978 10.625484 21.602512
v 5.967077 7.870001 21.836248
v 5.967077 10.625486 21.602512
v 6.847978 7.870002 21.602512
v 0.088767 16.554882 21.759768
v 0.586210 16.546129 21.767050
v 0.092329 16.550505 21.445259
v 0.608554 16.546129 21.437973
v 0.597405 16.559855 21.451084
v 0.133155 16.546129 21.437973
v 0.597405 16.532406 21.753942
v 0.110811 16.546129 21.767052
v 1.084710 17.727036 21.376314
v 1.084710 17.727036 21.828714
v 0.218034 17.025892 21.745201
v 0.204594 17.014952 21.459826
v 6.767591 24.112617 21.437971
v 6.468195 24.356321 21.451082
v 6.754151 24.123556 21.767048
v 6.481635 24.345383 21.753939
v 0.203809 17.727036 21.376314
v 0.203810 17.727034 21.828714
v 5.967076 25.222254 21.602510
v 6.847978 22.466772 21.368773
v 5.967077 22.466770 21.602510
v 6.847978 25.222254 21.602512
v 6.847978 22.466772 21.836248
v 0.218034 33.418621 21.745201
v 0.204594 33.429562 21.459826
v 6.767590 26.331890 21.437971
v 6.468195 26.088188 21.451082
v 6.754150 26.320951 21.767048
v 6.481635 26.099127 21.753939
v 0.203809 32.717472 21.738234
v 1.084710 32.717472 21.466795
v 5.967077 25.222254 21.602510
v 6.847978 27.977734 21.368773
v 5.967077 27.977743 21.602512
v 6.847978 25.222254 21.602512
v 6.847978 27.977734 21.836248
v 0.088764 33.907131 21.759768
v 0.586210 33.898380 21.767050
v 0.092326 33.902756 21.445259
v 0.608554 33.898380 21.437973
v 0.597404 33.884655 21.451084
v 0.133154 33.898376 21.437973
v 0.597404 33.912102 21.753942
v 0.110810 33.898376 21.767052
v 1.084710 35.079285 21.828714
v 0.218034 34.378143 21.745201
v 0.204595 34.367207 21.459826
v 6.754150 41.475811 21.437971
v 6.468195 41.708576 21.451082
v 6.767590 41.464867 21.767048
v 6.481634 41.697636 21.753939
v 0.203809 35.079285 21.376314
v 1.084710 35.079285 21.376312
v 0.203810 35.079285 21.828714
v 5.967077 42.574509 21.680424
v 6.847978 39.819027 21.680424
v 5.967076 39.819027 21.524599
v 6.847978 42.574509 21.524599
v 0.218034 50.770870 21.745201
v 0.204594 50.781811 21.459826
v 6.767590 43.684139 21.437971
v 6.468195 43.440441 21.451082
v 6.754151 43.673203 21.767048
v 6.481636 43.451382 21.753939
v 0.203809 50.069725 21.376314
v 0.203810 50.069725 21.828714
v 1.084710 50.069725 21.466795
v 5.967077 42.574509 21.680424
v 6.847978 45.329987 21.680424
v 5.967077 45.329987 21.524599
v 6.847978 42.574509 21.524599
v 0.088764 51.259384 21.759768
v 0.586210 51.250633 21.767050
v 0.092327 51.255005 21.445259
v 0.608554 51.250633 21.437973
v 0.597405 51.236904 21.451084
v 0.133156 51.250629 21.437973
v 0.597405 51.264355 21.753942
v 0.110810 51.250633 21.767052
v 1.084710 52.431534 21.828714
v 0.203809 52.431534 21.738234
v 0.218034 51.730392 21.745201
v 0.204594 51.719456 21.459826
v 6.754151 58.828056 21.437971
v 6.468196 59.060825 21.451082
v 6.767591 58.817120 21.767048
v 6.481637 59.049881 21.753939
v 1.084710 52.431534 21.376312
v 5.967077 59.926765 21.680424
v 6.847978 57.171272 21.680424
v 5.967076 57.171272 21.524599
v 6.847978 59.926765 21.524599
v 0.218035 68.123123 21.745201
v 0.204595 68.134064 21.459826
v 6.754151 61.025459 21.437971
v 6.468199 60.792690 21.451082
v 6.767590 61.036396 21.767048
v 6.481637 60.803627 21.753939
v 0.203809 67.421982 21.677914
v 5.967077 59.926765 21.680424
v 6.847978 62.682236 21.680424
v 5.967077 62.682236 21.524599
v 6.847978 59.926765 21.524599
v 0.088763 68.594124 21.759768
v 0.586213 68.602882 21.767050
v 0.092327 68.598511 21.445259
v 0.608556 68.602882 21.437973
v 0.608577 68.602882 21.451084
v 0.133158 68.602890 21.437973
v 0.586233 68.602882 21.753942
v 0.110812 68.602882 21.767052
v 1.084710 67.421982 21.376314
v 1.084710 67.421982 21.828714
v 0.203810 69.783791 21.828714
v 0.218033 69.082649 21.745201
v 0.204593 69.071709 21.459826
v 6.754148 76.180305 21.437971
v 6.468195 76.413078 21.451082
v 6.767589 76.169373 21.767048
v 6.481635 76.402138 21.753939
v 0.203809 69.783791 21.376314
v 1.084710 69.783791 21.527115
v 5.967077 77.279007 21.680424
v 6.847978 74.523529 21.680424
v 5.967076 74.523529 21.524599
v 6.847978 77.279007 21.524599
v 0.218033 85.475372 21.745201
v 0.204593 85.486320 21.459826
v 6.754153 78.377708 21.437971
v 6.468198 78.144943 21.451082
v 6.767592 78.388649 21.767048
v 6.481637 78.155884 21.753939
v 0.203809 84.774231 21.677914
v 1.084710 84.774231 21.376312
v 5.967077 77.279007 21.680424
v 6.847978 80.034485 21.680424
v 5.967077 80.034485 21.524599
v 6.847978 77.279007 21.524599
v 0.088764 85.946388 21.759768
v 0.586211 85.955139 21.767050
v 0.092327 85.950768 21.445259
v 0.608555 85.955139 21.437973
v 0.608579 85.955139 21.451084
v 0.133155 85.955139 21.437973
v 0.586234 85.955139 21.753942
v 0.110811 85.955147 21.767052
v 1.084710 87.136047 21.466795
v 1.084710 84.774231 21.828714
v 0.203810 87.136047 21.828714
v 0.218034 86.434906 21.745201
v 0.204596 86.423965 21.459826
v 6.754152 93.532570 21.437971
v 6.468195 93.765335 21.451082
v 6.767592 93.521629 21.767048
v 6.481634 93.754395 21.753939
v 0.203809 87.136047 21.376314
v 5.967077 94.631271 21.680424
v 6.847978 91.875778 21.680424
v 5.967076 91.875778 21.524599
v 6.847978 94.631271 21.524599
v 0.218034 102.827629 21.745201
v 0.204594 102.838570 21.459826
v 6.754154 95.729973 21.437971
v 6.468194 95.497200 21.451082
v 6.767593 95.740906 21.767048
v 6.481634 95.508141 21.753939
v 0.203809 102.126495 21.738234
v 5.967077 94.631271 21.680424
v 6.847978 97.386749 21.680424
v 5.967077 97.386749 21.524599
v 6.847978 94.631271 21.524599
v 0.088763 103.316154 21.759768
v 0.586209 103.307396 21.767050
v 0.092326 103.311775 21.445259
v 0.608556 103.307396 21.437973
v 0.608579 103.307396 21.451084
v 0.133155 103.307396 21.437973
v 0.586235 103.307396 21.753942
v 0.110810 103.307396 21.767052
v 1.084710 102.126495 21.376314
v 1.084710 102.126495 21.828714
v 0.218033 103.787163 21.745201
v 0.204595 103.776222 21.459826
v 6.754156 110.884834 21.437971
v 6.468198 111.117584 21.451082
v 6.767596 110.873886 21.767048
v 6.481639 111.106659 21.753939
v 0.203809 104.488304 21.376314
v 0.203810 104.488304 21.828714
v 1.084710 104.488304 21.527115
v 5.967077 111.983536 21.680424
v 6.847978 109.228035 21.680424
v 5.967076 109.228035 21.524599
v 6.847978 111.983536 21.524599
v 0.152709 16.310068 21.437975
v 0.019995 16.473110 21.777975
v 0.016661 16.505280 21.788900
v 0.152709 16.782188 21.437975
v 0.139269 16.793129 21.767050
v 0.152709 33.662319 21.437973
v 0.139269 33.651382 21.767050
v 0.019995 33.825363 21.777975
v 0.152708 34.134441 21.437973
v 0.152707 51.014568 21.437973
v 0.019994 51.177612 21.774334
v 0.016662 51.209782 21.788900
v 0.152710 51.486694 21.437973
v 0.139270 51.497635 21.767050
v 0.152708 68.366821 21.437973
v 0.033287 68.623314 21.416124
v 0.152708 68.838943 21.437973
v 0.152711 85.719078 21.437973
v 0.033287 85.975571 21.416124
v 0.152707 86.191200 21.437973
v 0.079232 86.133186 21.775789
v 0.152707 103.071335 21.437975
v 0.019995 103.234375 21.777975
v 0.033287 103.327827 21.416124
v 0.152708 103.543457 21.437973
v 0.139269 103.554390 21.767050
v 0.000035 16.519869 21.788900
v 0.005207 16.300816 21.736462
v -0.006736 16.337805 21.459826
v -0.005137 16.791441 21.736462
v 0.005207 16.791441 21.468565
v 0.000035 33.872116 21.788900
v 0.005207 33.653069 21.736462
v -0.006736 33.690052 21.459826
v -0.005137 34.143696 21.736462
v 0.005207 34.143696 21.468565
v 0.000035 51.224369 21.788900
v 0.005207 51.005322 21.736462
v -0.006736 51.042305 21.459826
v -0.005137 51.495945 21.736462
v 0.005207 51.495945 21.468565
v 0.005207 68.357574 21.736462
v -0.005137 68.357574 21.468565
v 0.000035 68.629143 21.788900
v -0.005137 68.848198 21.736462
v 0.006805 68.811211 21.459826
v 0.005207 85.709824 21.736462
v -0.005137 85.709824 21.468565
v 0.000035 85.981400 21.788900
v -0.005137 86.200455 21.736462
v 0.006805 86.163467 21.459826
v 0.000035 103.281136 21.788900
v 0.005208 103.062080 21.736462
v -0.006737 103.099068 21.459826
v -0.005137 103.552704 21.736462
v 0.005206 103.552704 21.468565
v 0.090235 16.251514 21.684782
v 0.000035 16.546129 21.428612
v -0.090576 16.841175 21.684782
v 0.000035 33.898380 21.428610
v 0.033288 33.877953 21.416124
v 0.090646 34.193428 21.684782
v 0.090238 50.956017 21.684782
v 0.000035 51.250633 21.428610
v 0.000035 51.250633 21.416124
v -0.090577 51.545681 21.684782
v 0.090235 68.308266 21.684782
v -0.019926 68.529861 21.774334
v 0.000035 68.602890 21.428610
v -0.033218 68.582458 21.416124
v 0.090645 68.897934 21.684782
v 0.019995 68.675903 21.777975
v 0.090242 85.660522 21.684782
v -0.019925 85.882118 21.774334
v 0.000035 85.955139 21.428610
v -0.090571 86.250183 21.684782
v 0.090236 103.012779 21.684782
v 0.000035 103.307396 21.428610
v -0.090571 103.602432 21.684782
v -0.217964 16.066366 21.745201
v -0.204524 16.077305 21.459826
v -6.754082 8.968699 21.437971
v -6.468126 8.735936 21.451082
v -6.767521 8.979639 21.767048
v -6.481565 8.746875 21.753939
v -1.084641 15.365222 21.527115
v -5.967006 7.870001 21.368773
v -6.847908 10.625484 21.602512
v -5.967007 7.870001 21.836248
v -5.967007 10.625486 21.602510
v -6.847908 7.870002 21.602512
v -0.133063 16.546129 21.753941
v -0.586140 16.546129 21.767050
v -0.110718 16.546129 21.451086
v -0.608485 16.546129 21.437973
v -0.597335 16.559855 21.451084
v -0.133085 16.546129 21.437973
v -0.597335 16.532404 21.753942
v -0.110741 16.546129 21.767052
v -1.084641 17.727036 21.376314
v -1.084641 17.727036 21.828714
v -0.203740 15.365222 21.738234
v -0.217964 17.025892 21.745201
v -0.204525 17.014952 21.459826
v -6.767521 24.112617 21.437971
v -6.468126 24.356321 21.451082
v -6.754082 24.123556 21.767048
v -6.481565 24.345383 21.753939
v -0.203740 17.727036 21.376314
v -0.203740 17.727034 21.828714
v -5.967007 25.222254 21.602510
v -6.847908 22.466772 21.368773
v -5.967007 22.466770 21.602512
v -6.847908 25.222254 21.602512
v -6.847908 22.466772 21.836248
v -0.217964 33.418621 21.745201
v -0.204525 33.429562 21.459826
v -6.767521 26.331890 21.437971
v -6.468126 26.088188 21.451082
v -6.754081 26.320951 21.767048
v -6.481565 26.099127 21.753939
v -1.084641 32.717472 21.376312
v -5.967007 25.222254 21.602510
v -6.847908 27.977734 21.368773
v -5.967007 27.977743 21.602510
v -6.847908 25.222254 21.602512
v -6.847908 27.977734 21.836248
v -0.133061 33.898376 21.753941
v -0.586141 33.898380 21.767050
v -0.110716 33.898376 21.451086
v -0.608485 33.898380 21.437973
v -0.597335 33.884655 21.451084
v -0.133085 33.898376 21.437973
v -0.597335 33.912102 21.753942
v -0.110741 33.898376 21.767052
v -1.084641 32.717472 21.828714
v -0.203740 32.717472 21.738234
v -0.217965 34.378143 21.745201
v -0.204525 34.367207 21.459826
v -6.754081 41.475811 21.437971
v -6.468125 41.708576 21.451082
v -6.767520 41.464867 21.767048
v -6.481565 41.697636 21.753939
v -0.203740 35.079285 21.376314
v -0.203740 35.079285 21.828714
v -1.084641 35.079285 21.466795
v -5.967007 42.574509 21.680424
v -6.847908 39.819027 21.680424
v -5.967007 39.819027 21.524599
v -6.847908 42.574509 21.524599
v -0.217964 50.770870 21.745201
v -0.204525 50.781811 21.459826
v -6.754081 43.673203 21.437971
v -6.468126 43.440441 21.451082
v -6.767521 43.684139 21.767048
v -6.481566 43.451382 21.753939
v -0.203740 50.069725 21.376314
v -1.084641 50.069725 21.376312
v -0.203740 50.069725 21.828714
v -5.967007 42.574509 21.680424
v -6.847908 45.329987 21.680424
v -5.967007 45.329987 21.524599
v -6.847908 42.574509 21.524599
v -0.133061 51.250629 21.753941
v -0.586141 51.250633 21.767050
v -0.110716 51.250629 21.451086
v -0.608485 51.250633 21.437973
v -0.608508 51.250629 21.451084
v -0.133086 51.250629 21.437973
v -0.586163 51.250633 21.753942
v -0.110742 51.250629 21.767052
v -1.084641 50.069725 21.828714
v -0.217964 51.730392 21.745201
v -0.204525 51.719456 21.459826
v -6.754082 58.828056 21.437971
v -6.468128 59.060825 21.451082
v -6.767521 58.817120 21.767048
v -6.481567 59.049881 21.753939
v -0.203740 52.431534 21.738234
v -1.084641 52.431534 21.466795
v -5.967007 59.926765 21.680424
v -6.847908 57.171272 21.680424
v -5.967007 57.171272 21.524599
v -6.847908 59.926765 21.524599
v -0.217965 68.123123 21.745201
v -0.204526 68.134064 21.459826
v -6.754081 61.025459 21.437971
v -6.468128 60.792690 21.451082
v -6.767521 61.036396 21.767048
v -6.481568 60.803627 21.753939
v -0.203740 67.421982 21.376314
v -5.967007 59.926765 21.680424
v -6.847908 62.682236 21.680424
v -5.967007 62.682236 21.524599
v -6.847908 59.926765 21.524599
v -0.133061 68.602882 21.753941
v -0.586143 68.602882 21.767050
v -0.110717 68.602882 21.451086
v -0.608485 68.602882 21.437973
v -0.608508 68.602882 21.451084
v -0.133087 68.602882 21.437973
v -0.586163 68.602882 21.753942
v -0.110743 68.602882 21.767052
v -1.084641 67.421982 21.376314
v -1.084641 67.421982 21.828714
v -0.203740 67.421982 21.828714
v -0.217964 69.082649 21.745201
v -0.204523 69.071709 21.459826
v -6.754080 76.180313 21.437971
v -6.468126 76.413078 21.451082
v -6.767518 76.169373 21.767048
v -6.481565 76.402138 21.753939
v -0.203740 69.783791 21.677914
v -1.084641 69.783791 21.527115
v -5.967007 77.279007 21.680424
v -6.847908 74.523529 21.680424
v -5.967007 74.523529 21.524599
v -6.847908 77.279007 21.524599
v -0.217964 85.475372 21.745201
v -0.204524 85.486320 21.459826
v -6.754083 78.377708 21.437971
v -6.468128 78.144943 21.451082
v -6.767523 78.388649 21.767048
v -6.481568 78.155884 21.753939
v -0.203740 84.774231 21.677914
v -1.084641 84.774231 21.376312
v -5.967007 77.279007 21.680424
v -6.847908 80.034485 21.680424
v -5.967007 80.034485 21.524599
v -6.847908 77.279007 21.524599
v -0.133061 85.955139 21.753941
v -0.586141 85.955139 21.767050
v -0.110717 85.955139 21.451086
v -0.608485 85.955139 21.437973
v -0.608510 85.955139 21.451084
v -0.133086 85.955139 21.437973
v -0.586165 85.955139 21.753942
v -0.110742 85.955147 21.767052
v -1.084641 84.774231 21.828714
v -0.203740 87.136047 21.828714
v -0.217965 86.434906 21.745201
v -0.204526 86.423965 21.459826
v -6.754082 93.532570 21.437971
v -6.468125 93.765335 21.451082
v -6.767522 93.521629 21.767048
v -6.481565 93.754395 21.753939
v -0.203740 87.136047 21.376314
v -1.084641 87.136047 21.466795
v -5.967007 94.631271 21.680424
v -6.847908 91.875778 21.680424
v -5.967007 91.875778 21.524599
v -6.847908 94.631271 21.524599
v -0.217964 102.827629 21.745201
v -0.204525 102.838570 21.459826
v -6.754084 95.729973 21.437971
v -6.468125 95.497200 21.451082
v -6.767523 95.740906 21.767048
v -6.481565 95.508141 21.753939
v -0.203740 102.126495 21.376314
v -1.084641 102.126495 21.376312
v -5.967007 94.631271 21.680424
v -6.847908 97.386749 21.680424
v -5.967007 97.386749 21.524599
v -6.847908 94.631271 21.524599
v -0.133059 103.307396 21.753941
v -0.586143 103.307404 21.767050
v -0.110717 103.307404 21.451086
v -0.608485 103.307396 21.437973
v -0.608508 103.307396 21.451084
v -0.133087 103.307396 21.437973
v -0.586165 103.307396 21.753942
v -0.110742 103.307396 21.767052
v -1.084641 102.126495 21.828714
v -0.203740 102.126495 21.828714
v -0.217965 103.787163 21.745201
v -0.204525 103.776215 21.459826
v -6.754086 110.884834 21.437971
v -6.468131 111.117584 21.451082
v -6.767524 110.873886 21.767048
v -6.481569 111.106659 21.753939
v -0.203740 104.488304 21.677914
v -1.084641 104.488304 21.466795
v -5.967007 111.983536 21.680424
v -6.847908 109.228035 21.680424
v -5.967007 109.228035 21.524599
v -6.847908 111.983536 21.524599
v -0.152639 16.310068 21.437975
v -0.139200 16.299128 21.767050
v -0.019925 16.619148 21.774334
v -0.016591 16.586979 21.788900
v 0.000035 16.546129 21.416124
v -0.152639 16.782188 21.437975
v -0.152640 33.662319 21.437973
v -0.090166 33.603767 21.684782
v -0.079166 34.076427 21.772512
v 0.000035 33.898376 21.788900
v -0.033217 33.918804 21.416124
v -0.152639 34.134441 21.437973
v -0.152637 51.014568 21.437973
v -0.139198 51.003632 21.767050
v -0.019925 51.323650 21.777975
v -0.016591 51.291485 21.788900
v -0.152640 51.486694 21.437973
v -0.152638 68.366821 21.437973
v -0.139198 68.355888 21.767050
v 0.000035 68.602882 21.788900
v -0.152639 68.838943 21.437973
v -0.139199 68.849884 21.767050
v -0.152641 85.719078 21.437973
v -0.139203 85.708130 21.767050
v 0.000033 85.955147 21.788900
v -0.033220 85.934715 21.416124
v -0.152638 86.191200 21.437973
v -0.152638 103.071335 21.437975
v -0.139198 103.060387 21.767050
v -0.019927 103.380417 21.774334
v 0.000036 103.307396 21.788900
v -0.033217 103.286972 21.416124
v -0.152639 103.543457 21.437973
v 0.218033 16.066366 -21.745201
v 0.204594 16.077305 -21.459826
v 6.754151 8.968699 -21.437971
v 6.468195 8.735936 -21.451082
v 6.767591 8.979639 -21.767048
v 6.481635 8.746875 -21.753939
v 1.084710 15.365222 -21.527115
v 5.967076 7.870001 -21.368773
v 6.847978 10.625484 -21.602512
v 5.967077 7.870001 -21.836248
v 5.967077 10.625486 -21.602510
v 6.847978 7.870002 -21.602512
v 0.133132 16.546129 -21.753941
v 0.586210 16.546129 -21.767050
v 0.110788 16.546129 -21.451086
v 0.608554 16.546129 -21.437973
v 0.608577 16.546129 -21.451084
v 0.133155 16.546129 -21.437973
v 0.586233 16.546129 -21.753942
v 0.110810 16.546129 -21.767052
v 1.084710 17.727036 -21.376314
v 1.084710 17.727036 -21.828714
v 0.203809 15.365222 -21.738234
v 0.218034 17.025892 -21.745201
v 0.204594 17.014952 -21.459826
v 6.754151 24.123556 -21.437971
v 6.468195 24.356321 -21.451082
v 6.767591 24.112617 -21.767048
v 6.481635 24.345383 -21.753939
v 0.203809 17.727036 -21.376314
v 0.203810 17.727034 -21.828714
v 5.967076 25.222254 -21.368773
v 6.847978 22.466770 -21.602510
v 5.967077 25.222254 -21.836248
v 5.967077 22.466770 -21.602512
v 6.847978 25.222254 -21.602512
v 0.218034 33.418621 -21.745201
v 0.204595 33.429562 -21.459826
v 6.754150 26.320951 -21.437971
v 6.468195 26.088188 -21.451082
v 6.767590 26.331890 -21.767048
v 6.481635 26.099127 -21.753939
v 1.084710 32.717472 -21.376312
v 5.967076 25.222254 -21.368773
v 6.847978 27.977734 -21.602510
v 5.967077 25.222254 -21.836248
v 5.967077 27.977743 -21.602510
v 6.847978 25.222254 -21.602512
v 0.133130 33.898376 -21.753941
v 0.586210 33.898380 -21.767050
v 0.110785 33.898376 -21.451086
v 0.608554 33.898376 -21.437973
v 0.597404 33.912102 -21.451084
v 0.133154 33.898376 -21.437973
v 0.597404 33.884655 -21.753942
v 0.110810 33.898376 -21.767052
v 1.084710 32.717472 -21.828714
v 0.203809 32.717472 -21.738234
v 0.218034 34.378143 -21.745201
v 0.204594 34.367207 -21.459826
v 6.767590 41.464867 -21.437971
v 6.468195 41.708576 -21.451082
v 6.754150 41.475811 -21.767048
v 6.481634 41.697636 -21.753939
v 0.203809 35.079285 -21.376314
v 0.203810 35.079285 -21.828714
v 1.084710 35.079285 -21.466795
v 5.967077 42.574509 -21.680424
v 6.847978 39.819027 -21.680424
v 5.967077 39.819027 -21.524599
v 6.847978 42.574509 -21.524599
v 0.218034 50.770870 -21.745201
v 0.204594 50.781811 -21.459826
v 6.754151 43.673203 -21.437971
v 6.468195 43.440441 -21.451082
v 6.767591 43.684139 -21.767048
v 6.481636 43.451382 -21.753939
v 0.203809 50.069725 -21.376314
v 0.203810 50.069725 -21.828714
v 1.084710 50.069725 -21.527115
v 5.967077 42.574509 -21.680424
v 6.847978 45.329987 -21.680424
v 5.967076 45.329987 -21.524599
v 6.847978 42.574509 -21.524599
v 0.133130 51.250629 -21.753941
v 0.586210 51.250633 -21.767050
v 0.110786 51.250629 -21.451086
v 0.608554 51.250633 -21.437973
v 0.608577 51.250629 -21.451084
v 0.133156 51.250629 -21.437973
v 0.586232 51.250633 -21.753942
v 0.110811 51.250629 -21.767052
v 1.084710 52.431534 -21.376314
v 1.084710 52.431534 -21.828714
v 0.218034 51.730392 -21.745201
v 0.204594 51.719456 -21.459826
v 6.754151 58.828056 -21.437971
v 6.468197 59.060825 -21.451082
v 6.767591 58.817120 -21.767048
v 6.481637 59.049881 -21.753939
v 0.203809 52.431534 -21.738234
v 5.967077 59.926765 -21.680424
v 6.847978 57.171272 -21.680424
v 5.967077 57.171272 -21.524599
v 6.847978 59.926765 -21.524599
v 0.218035 68.123123 -21.745201
v 0.204595 68.134064 -21.459826
v 6.754151 61.025459 -21.437971
v 6.468198 60.792690 -21.451082
v 6.767590 61.036396 -21.767048
v 6.481637 60.803627 -21.753939
v 0.203809 67.421982 -21.677914
v 5.967077 59.926765 -21.680424
v 6.847978 62.682236 -21.680424
v 5.967076 62.682236 -21.524599
v 6.847978 59.926765 -21.524599
v 0.133130 68.602882 -21.753941
v 0.586213 68.602882 -21.767050
v 0.110786 68.602882 -21.451086
v 0.608555 68.602882 -21.437973
v 0.608577 68.602882 -21.451084
v 0.133156 68.602882 -21.437973
v 0.586233 68.602882 -21.753942
v 0.110813 68.602882 -21.767052
v 1.084710 67.421982 -21.376314
v 1.084710 67.421982 -21.828714
v 0.203810 69.783791 -21.828714
v 0.218033 69.082649 -21.745201
v 0.204593 69.071709 -21.459826
v 6.754149 76.180313 -21.437971
v 6.468195 76.413078 -21.451082
v 6.767587 76.169373 -21.767048
v 6.481635 76.402138 -21.753939
v 0.203809 69.783791 -21.376314
v 1.084710 69.783791 -21.527115
v 5.967077 77.279007 -21.680424
v 6.847978 74.523529 -21.680424
v 5.967077 74.523529 -21.524599
v 6.847978 77.279007 -21.524599
v 0.218033 85.475372 -21.745201
v 0.204593 85.486320 -21.459826
v 6.754152 78.377708 -21.437971
v 6.468198 78.144943 -21.451082
v 6.767593 78.388649 -21.767048
v 6.481637 78.155884 -21.753939
v 0.203809 84.774231 -21.677914
v 1.084710 84.774231 -21.376312
v 5.967077 77.279007 -21.680424
v 6.847978 80.034485 -21.680424
v 5.967076 80.034485 -21.524599
v 6.847978 77.279007 -21.524599
v 0.133131 85.955139 -21.753941
v 0.586211 85.955139 -21.767050
v 0.110786 85.955139 -21.451086
v 0.608555 85.955139 -21.437973
v 0.608579 85.955139 -21.451084
v 0.133155 85.955139 -21.437973
v 0.586234 85.955139 -21.753942
v 0.110811 85.955147 -21.767052
v 1.084710 84.774231 -21.828714
v 0.203810 87.136047 -21.828714
v 0.218034 86.434906 -21.745201
v 0.204596 86.423965 -21.459826
v 6.754152 93.532570 -21.437971
v 6.468195 93.765335 -21.451082
v 6.767592 93.521629 -21.767048
v 6.481634 93.754395 -21.753939
v 0.203809 87.136047 -21.376314
v 1.084710 87.136047 -21.466795
v 5.967077 94.631271 -21.680424
v 6.847978 91.875778 -21.680424
v 5.967077 91.875778 -21.524599
v 6.847978 94.631271 -21.524599
v 0.218034 102.827629 -21.745201
v 0.204594 102.838570 -21.459826
v 6.767592 95.740906 -21.437971
v 6.468194 95.497200 -21.451082
v 6.754153 95.729973 -21.767048
v 6.481634 95.508141 -21.753939
v 0.203809 102.126495 -21.376314
v 5.967077 94.631271 -21.680424
v 6.847978 97.386749 -21.680424
v 5.967076 97.386749 -21.524599
v 6.847978 94.631271 -21.524599
v 0.133128 103.307396 -21.753941
v 0.586212 103.307404 -21.767050
v 0.092327 103.311775 -21.445259
v 0.608554 103.307396 -21.437973
v 0.597406 103.293678 -21.451084
v 0.133156 103.307396 -21.437973
v 0.597406 103.321121 -21.753942
v 0.110811 103.307396 -21.767052
v 1.084710 102.126495 -21.466795
v 1.084710 104.488304 -21.828714
v 0.203810 102.126495 -21.828714
v 0.218034 103.787163 -21.745201
v 0.204594 103.776215 -21.459826
v 6.754155 110.884834 -21.437971
v 6.468200 111.117584 -21.451082
v 6.767594 110.873886 -21.767048
v 6.481639 111.106659 -21.753939
v 0.203809 104.488304 -21.677914
v 1.084710 104.488304 -21.376312
v 5.967077 111.983536 -21.680424
v 6.847978 109.228035 -21.680424
v 5.967077 109.228035 -21.524599
v 6.847978 111.983536 -21.524599
v 0.152708 16.310068 -21.437975
v 0.139269 16.299128 -21.767050
v 0.019995 16.619148 -21.774334
v 0.016661 16.586979 -21.788900
v 0.000035 16.546129 -21.416124
v 0.152709 16.782188 -21.437975
v 0.152709 33.662319 -21.437973
v 0.090235 33.603767 -21.684782
v 0.079235 34.076427 -21.772512
v 0.000035 33.898376 -21.788900
v 0.033286 33.918804 -21.416124
v 0.152708 34.134441 -21.437973
v 0.152707 51.014568 -21.437973
v 0.139268 51.003632 -21.767050
v 0.016660 51.291485 -21.788900
v 0.152710 51.486694 -21.437973
v 0.152707 68.366821 -21.437973
v 0.139268 68.355888 -21.767050
v 0.079235 68.780930 -21.772512
v 0.000035 68.602882 -21.788900
v 0.152708 68.838943 -21.437973
v 0.152711 85.719078 -21.437973
v 0.090242 85.660522 -21.684782
v 0.019995 86.028160 -21.777975
v 0.000036 85.955147 -21.788900
v 0.033289 85.934715 -21.416124
v 0.152707 86.191200 -21.437973
v 0.152707 103.071335 -21.437975
v 0.090236 103.012779 -21.684782
v 0.000034 103.307396 -21.788900
v 0.033286 103.286972 -21.416124
v 0.152708 103.543457 -21.437973
v 0.000035 16.519869 -21.788900
v -0.005137 16.300816 -21.736462
v 0.006806 16.337805 -21.459826
v 0.005207 16.791441 -21.736462
v -0.005137 16.791441 -21.468565
v -0.005137 33.653069 -21.736462
v 0.006806 33.690052 -21.459826
v 0.007217 34.080463 -21.745201
v -0.005137 34.143696 -21.468565
v 0.000035 51.224369 -21.788900
v -0.005137 51.005322 -21.736462
v 0.006806 51.042305 -21.459826
v 0.005207 51.495945 -21.736462
v -0.005137 51.495945 -21.468565
v -0.005137 68.357574 -21.736462
v 0.005207 68.357574 -21.468565
v 0.000035 68.629143 -21.788900
v 0.005207 68.848198 -21.736462
v -0.006736 68.811211 -21.459826
v -0.005137 85.709824 -21.736462
v 0.005207 85.709824 -21.468565
v 0.000035 85.981400 -21.788900
v 0.005206 86.200455 -21.736462
v -0.006736 86.163467 -21.459826
v 0.000035 103.281136 -21.788900
v -0.005138 103.062080 -21.736462
v 0.006806 103.099068 -21.459826
v 0.005206 103.552704 -21.736462
v -0.005137 103.552704 -21.468565
v -0.090165 16.251514 -21.684782
v 0.000035 16.546129 -21.428612
v 0.090645 16.841175 -21.684782
v 0.000035 33.898380 -21.428610
v -0.033218 33.877953 -21.416124
v -0.090576 34.193428 -21.684782
v -0.090169 50.956017 -21.684782
v 0.019994 51.177612 -21.774334
v 0.000035 51.250633 -21.428610
v 0.000035 51.250633 -21.416124
v 0.090647 51.545681 -21.684782
v -0.090165 68.308266 -21.684782
v 0.000035 68.602890 -21.428610
v 0.033287 68.582458 -21.416124
v -0.090576 68.897934 -21.684782
v 0.000035 85.955139 -21.428610
v 0.090641 86.250183 -21.684782
v 0.019995 103.234375 -21.777975
v 0.000035 103.307396 -21.428610
v 0.090641 103.602432 -21.684782
v -0.217964 16.066366 -21.745201
v -0.204524 16.077305 -21.459826
v -6.754081 8.968699 -21.437971
v -6.468126 8.735936 -21.451082
v -6.767521 8.979639 -21.767048
v -6.481565 8.746875 -21.753939
v -0.203740 15.365222 -21.738234
v -1.084641 15.365222 -21.527115
v -5.967006 7.870001 -21.368773
v -6.847908 10.625484 -21.602512
v -5.967007 7.870001 -21.836248
v -5.967007 10.625486 -21.602512
v -6.847908 7.870002 -21.602512
v -0.088697 16.554882 -21.759768
v -0.586140 16.546129 -21.767050
v -0.092260 16.550505 -21.445259
v -0.608484 16.546129 -21.437973
v -0.608508 16.546129 -21.451084
v -0.133085 16.546129 -21.437973
v -0.586163 16.546129 -21.753942
v -0.110741 16.546129 -21.767052
v -1.084641 17.727036 -21.376314
v -1.084641 17.727036 -21.828714
v -0.217964 17.025892 -21.745201
v -0.204525 17.014952 -21.459826
v -6.754082 24.123556 -21.437971
v -6.468125 24.356321 -21.451082
v -6.767521 24.112617 -21.767048
v -6.481565 24.345383 -21.753939
v -0.203740 17.727036 -21.376314
v -0.203740 17.727034 -21.828714
v -5.967006 25.222254 -21.368773
v -6.847908 22.466770 -21.602512
v -5.967007 25.222254 -21.836248
v -5.967007 22.466770 -21.602510
v -6.847908 25.222254 -21.602512
v -0.217965 33.418621 -21.745201
v -0.204525 33.429562 -21.459826
v -6.767520 26.331890 -21.437971
v -6.468126 26.088188 -21.451082
v -6.754081 26.320951 -21.767048
v -6.481565 26.099127 -21.753939
v -0.203740 32.717472 -21.738234
v -5.967007 25.222254 -21.602510
v -6.847908 27.977734 -21.368773
v -5.967007 27.977743 -21.602512
v -6.847908 25.222254 -21.602512
v -6.847908 27.977734 -21.836248
v -0.088694 33.889626 -21.759768
v -0.586141 33.898380 -21.767050
v -0.092257 33.902756 -21.445259
v -0.608485 33.898376 -21.437973
v -0.597335 33.884655 -21.451084
v -0.133085 33.898376 -21.437973
v -0.597335 33.912102 -21.753942
v -0.110741 33.898376 -21.767052
v -1.084641 32.717472 -21.376314
v -1.084641 32.717472 -21.828714
v -0.217965 34.378143 -21.745201
v -0.204525 34.367207 -21.459826
v -6.754081 41.475811 -21.437971
v -6.468125 41.708576 -21.451082
v -6.767520 41.464867 -21.767048
v -6.481565 41.697636 -21.753939
v -0.203740 35.079285 -21.376314
v -0.203740 35.079285 -21.828714
v -1.084641 35.079285 -21.527115
v -5.967007 42.574509 -21.680424
v -6.847908 39.819027 -21.680424
v -5.967007 39.819027 -21.524599
v -6.847908 42.574509 -21.524599
v -0.217965 50.770870 -21.745201
v -0.204525 50.781811 -21.459826
v -6.754081 43.673203 -21.437971
v -6.468126 43.440441 -21.451082
v -6.767521 43.684139 -21.767048
v -6.481566 43.451382 -21.753939
v -0.203740 50.069725 -21.376314
v -0.203740 50.069725 -21.828714
v -1.084641 50.069725 -21.466795
v -5.967007 42.574509 -21.680424
v -6.847908 45.329987 -21.680424
v -5.967007 45.329987 -21.524599
v -6.847908 42.574509 -21.524599
v -0.088695 51.259384 -21.759768
v -0.586141 51.250633 -21.767050
v -0.092257 51.255005 -21.445259
v -0.608485 51.250633 -21.437973
v -0.608507 51.250629 -21.451084
v -0.133086 51.250629 -21.437973
v -0.586164 51.250629 -21.753942
v -0.110741 51.250633 -21.767052
v -1.084641 52.431534 -21.828714
v -0.203740 52.431534 -21.738234
v -0.217964 51.730392 -21.745201
v -0.204525 51.719456 -21.459826
v -6.754082 58.828056 -21.437971
v -6.468127 59.060825 -21.451082
v -6.767521 58.817120 -21.767048
v -6.481567 59.049881 -21.753939
v -1.084641 52.431534 -21.376312
v -5.967007 59.926765 -21.680424
v -6.847908 57.171272 -21.680424
v -5.967007 57.171272 -21.524599
v -6.847908 59.926765 -21.524599
v -0.217965 68.123123 -21.745201
v -0.204526 68.134064 -21.459826
v -6.754081 61.025459 -21.437971
v -6.468129 60.792690 -21.451082
v -6.767521 61.036396 -21.767048
v -6.481568 60.803627 -21.753939
v -0.203740 67.421982 -21.376314
v -5.967007 59.926765 -21.680424
v -6.847908 62.682236 -21.680424
v -5.967007 62.682236 -21.524599
v -6.847908 59.926765 -21.524599
v -0.088694 68.594124 -21.759768
v -0.586142 68.602882 -21.767050
v -0.092257 68.598511 -21.445259
v -0.608486 68.602882 -21.437973
v -0.608508 68.602882 -21.451084
v -0.133088 68.602890 -21.437973
v -0.586163 68.602882 -21.753942
v -0.110742 68.602882 -21.767052
v -1.084641 67.421982 -21.376314
v -1.084641 67.421982 -21.828714
v -0.203740 67.421982 -21.828714
v -0.217963 69.082649 -21.745201
v -0.204524 69.071709 -21.459826
v -6.754078 76.180305 -21.437971
v -6.468126 76.413078 -21.451082
v -6.767519 76.169373 -21.767048
v -6.481565 76.402138 -21.753939
v -0.203740 69.783791 -21.677914
v -1.084641 69.783791 -21.527115
v -5.967007 77.279007 -21.680424
v -6.847908 74.523529 -21.680424
v -5.967007 74.523529 -21.524599
v -6.847908 77.279007 -21.524599
v -0.217964 85.475372 -21.745201
v -0.204523 85.486320 -21.459826
v -6.754084 78.377708 -21.437971
v -6.468128 78.144943 -21.451082
v -6.767523 78.388649 -21.767048
v -6.481568 78.155884 -21.753939
v -0.203740 84.774231 -21.677914
v -1.084641 84.774231 -21.527115
v -5.967007 77.279007 -21.680424
v -6.847908 80.034485 -21.680424
v -5.967007 80.034485 -21.524599
v -6.847908 77.279007 -21.524599
v -0.088695 85.946388 -21.759768
v -0.586141 85.955139 -21.767050
v -0.092258 85.950768 -21.445259
v -0.608485 85.955139 -21.437973
v -0.608510 85.955139 -21.451084
v -0.133086 85.955139 -21.437973
v -0.586165 85.955139 -21.753942
v -0.110742 85.955147 -21.767052
v -1.084641 87.136047 -21.376314
v -1.084641 87.136047 -21.828714
v -0.203740 87.136047 -21.828714
v -0.217965 86.434906 -21.745201
v -0.204526 86.423965 -21.459826
v -6.754082 93.532570 -21.437971
v -6.468125 93.765335 -21.451082
v -6.767522 93.521629 -21.767048
v -6.481565 93.754395 -21.753939
v -0.203740 87.136047 -21.376314
v -5.967007 94.631271 -21.680424
v -6.847908 91.875778 -21.680424
v -5.967007 91.875778 -21.524599
v -6.847908 94.631271 -21.524599
v -0.217965 102.827629 -21.745201
v -0.204525 102.838570 -21.459826
v -6.754085 95.729973 -21.437971
v -6.468125 95.497200 -21.451082
v -6.767523 95.740906 -21.767048
v -6.481565 95.508141 -21.753939
v -0.203740 102.126495 -21.376314
v -5.967007 94.631271 -21.680424
v -6.847908 97.386749 -21.680424
v -5.967007 97.386749 -21.524599
v -6.847908 94.631271 -21.524599
v -0.088694 103.316154 -21.759768
v -0.586140 103.307396 -21.767050
v -0.110716 103.307396 -21.451086
v -0.608487 103.307396 -21.437973
v -0.608510 103.307396 -21.451084
v -0.133086 103.307396 -21.437973
v -0.586165 103.307396 -21.753942
v -0.110741 103.307396 -21.767052
v -1.084641 102.126495 -21.376314
v -1.084641 102.126495 -21.828714
v -0.203740 102.126495 -21.828714
v -0.217964 103.787163 -21.745201
v -0.204526 103.776222 -21.459826
v -6.754087 110.884834 -21.437971
v -6.468129 111.117584 -21.451082
v -6.767526 110.873886 -21.767048
v -6.481569 111.106659 -21.753939
v -0.203740 104.488304 -21.677914
v -1.084641 104.488304 -21.527115
v -5.967007 111.983536 -21.680424
v -6.847908 109.228035 -21.680424
v -5.967007 109.228035 -21.524599
v -6.847908 111.983536 -21.524599
v -0.152639 16.310068 -21.437975
v -0.019925 16.473110 -21.777975
v -0.016591 16.505280 -21.788900
v -0.152639 16.782188 -21.437975
v -0.139200 16.793129 -21.767050
v -0.152640 33.662319 -21.437973
v -0.139200 33.651382 -21.767050
v -0.019926 33.825363 -21.777975
v -0.152639 34.134441 -21.437973
v -0.152637 51.014568 -21.437973
v -0.016592 51.209782 -21.788900
v -0.152640 51.486694 -21.437973
v -0.079166 51.428677 -21.775789
v -0.152638 68.366821 -21.437973
v -0.019926 68.529861 -21.777975
v -0.033218 68.623314 -21.416124
v -0.152639 68.838943 -21.437973
v -0.152641 85.719078 -21.437973
v -0.139203 85.708130 -21.767050
v -0.019925 85.882118 -21.774334
v -0.033218 85.975571 -21.416124
v -0.152638 86.191200 -21.437973
v -0.139198 86.202141 -21.767050
v -0.152638 103.071335 -21.437975
v -0.139198 103.060387 -21.767050
v -0.033218 103.327827 -21.416124
v -0.152639 103.543457 -21.437973
v -0.079162 103.485435 -21.772512
v 10.654504 16.299128 6.204211
v 10.667615 16.077305 6.482846
v 10.983581 16.310068 6.190469
v 10.970471 16.066366 6.496587
v 10.983582 8.979639 13.193204
v 10.970472 8.735936 12.887085
v 10.654505 8.968699 13.179462
v 10.667616 8.746875 12.900827
v 11.045244 15.365222 6.482044
v 11.045243 15.365222 7.382724
v 10.592842 15.365222 6.482046
v 10.592843 15.365222 7.382725
v 11.052780 7.870001 12.374716
v 11.052781 10.625484 13.275395
v 10.585305 7.870001 12.374716
v 10.819043 10.625486 12.374716
v 10.819043 7.870002 13.275395
v 10.585305 10.625484 13.275395
v 10.667614 16.546129 6.386936
v 10.654505 16.546129 6.895877
v 10.970471 16.546129 6.409781
v 10.983582 16.546129 6.873031
v 10.970472 16.546129 6.873056
v 10.983582 16.546129 6.409803
v 10.667616 16.546129 6.895902
v 10.654506 16.546129 6.386958
v 11.045244 17.727036 7.382724
v 10.592843 17.727036 7.382726
v 10.592843 17.727036 6.482046
v 10.654504 16.793129 6.204211
v 10.667615 17.014952 6.482846
v 10.983581 16.782188 6.190470
v 10.970471 17.025892 6.496587
v 10.983582 24.112617 13.193204
v 10.970472 24.356321 12.887086
v 10.654505 24.123556 13.179462
v 10.667616 24.345383 12.900827
v 11.045243 17.727034 6.482043
v 11.052780 25.222254 12.374716
v 11.052781 22.466772 13.275395
v 10.585305 25.222254 12.374716
v 10.819043 22.466770 12.374716
v 10.819043 25.222254 13.275395
v 10.585305 22.466772 13.275395
v 10.654504 33.651382 6.204210
v 10.667615 33.429562 6.482846
v 10.983581 33.662319 6.190469
v 10.970471 33.418621 6.496587
v 10.983582 26.331890 13.193204
v 10.970472 26.088188 12.887085
v 10.654506 26.320951 13.179461
v 10.667616 26.099127 12.900827
v 11.045243 32.717472 6.482043
v 11.045243 32.717472 7.382724
v 10.592843 32.717472 7.382725
v 11.052780 25.222254 12.374716
v 11.052781 27.977734 13.275395
v 10.585305 25.222254 12.374716
v 10.819043 27.977743 12.374716
v 10.819043 25.222254 13.275395
v 10.585305 27.977734 13.275395
v 10.667614 33.898380 6.386935
v 10.654505 33.898380 6.895877
v 10.970471 33.898380 6.409781
v 10.983582 33.898380 6.873032
v 10.970472 33.898376 6.873055
v 10.983582 33.898376 6.409803
v 10.667616 33.898376 6.895901
v 10.654506 33.898376 6.386958
v 11.045244 35.079285 7.382724
v 10.592843 35.079285 7.382726
v 10.592843 32.717472 6.482046
v 10.654504 34.145382 6.204212
v 10.667615 34.367207 6.482846
v 10.983581 34.134441 6.190471
v 10.970471 34.378143 6.496588
v 10.983582 41.464867 13.193203
v 10.970472 41.708576 12.887085
v 10.654505 41.475811 13.179461
v 10.667616 41.697636 12.900826
v 11.045244 35.079285 6.482044
v 10.592842 35.079285 6.482046
v 11.052780 42.574509 12.374716
v 11.052780 39.819023 12.374716
v 11.052781 42.574509 13.275395
v 11.052781 39.819023 13.275395
v 10.585305 42.574509 12.374716
v 10.585305 39.819023 12.374716
v 10.585305 42.574509 13.275395
v 10.585305 39.819023 13.275395
v 10.654504 51.003632 6.204212
v 10.667615 50.781811 6.482846
v 10.983581 51.014568 6.190471
v 10.970471 50.770870 6.496588
v 10.983582 43.684139 13.193204
v 10.970472 43.440441 12.887085
v 10.654506 43.673203 13.179462
v 10.667616 43.451382 12.900827
v 11.045243 50.069725 6.482043
v 10.592842 50.069725 6.482046
v 10.592843 50.069725 7.382725
v 11.052780 42.574509 12.374716
v 11.052780 45.329987 12.374716
v 11.052781 42.574509 13.275395
v 11.052781 45.329987 13.275395
v 10.585305 42.574509 12.374716
v 10.585305 45.329987 12.374716
v 10.585305 42.574509 13.275395
v 10.585305 45.329987 13.275395
v 10.667614 51.250629 6.386937
v 10.654505 51.250633 6.895877
v 10.970471 51.250629 6.409782
v 10.983582 51.250629 6.873032
v 10.970472 51.250633 6.873055
v 10.983582 51.250629 6.409804
v 10.667616 51.250629 6.895902
v 10.654505 51.250633 6.386958
v 11.045244 50.069725 7.382724
v 10.592843 52.431534 7.382726
v 10.592843 52.431534 6.482046
v 10.654504 51.497635 6.204212
v 10.667615 51.719456 6.482846
v 10.983581 51.486694 6.190470
v 10.970471 51.730392 6.496588
v 10.983582 58.817120 13.193204
v 10.970472 59.060825 12.887087
v 10.654506 58.828056 13.179464
v 10.667616 59.049889 12.900829
v 11.045244 52.431534 6.482044
v 11.045243 52.431534 7.382724
v 11.052780 59.926758 12.374716
v 11.052780 57.171272 12.374716
v 11.052781 59.926758 13.275395
v 11.052781 57.171272 13.275395
v 10.585305 59.926758 12.374716
v 10.585305 57.171272 12.374716
v 10.585305 59.926758 13.275395
v 10.585305 57.171272 13.275395
v 10.654504 68.355888 6.204212
v 10.667615 68.134064 6.482846
v 10.983581 68.366821 6.190470
v 10.970471 68.123123 6.496588
v 10.983582 61.036396 13.193204
v 10.970472 60.792690 12.887090
v 10.654506 61.025459 13.179462
v 10.667616 60.803627 12.900829
v 11.045244 67.421982 6.482044
v 10.592842 67.421974 6.482046
v 11.052780 59.926758 12.374716
v 11.052780 62.682236 12.374716
v 11.052781 59.926758 13.275395
v 11.052781 62.682236 13.275395
v 10.585305 59.926758 12.374716
v 10.585305 62.682236 12.374716
v 10.585305 59.926758 13.275395
v 10.585305 62.682236 13.275395
v 10.667614 68.602882 6.386936
v 10.654505 68.602882 6.895878
v 10.970471 68.602882 6.409781
v 10.983582 68.602882 6.873034
v 10.970472 68.602882 6.873056
v 10.983582 68.602890 6.409807
v 10.667616 68.602882 6.895902
v 10.654506 68.602882 6.386959
v 11.045244 67.421982 7.382724
v 10.592843 67.421982 7.382726
v 10.592843 69.783791 6.482046
v 10.654504 68.849884 6.204213
v 10.667615 69.071709 6.482845
v 10.983581 68.838943 6.190471
v 10.970471 69.082649 6.496587
v 10.983582 76.169373 13.193200
v 10.970472 76.413078 12.887086
v 10.654505 76.180313 13.179461
v 10.667616 76.402138 12.900827
v 11.045243 69.783791 6.482043
v 11.045243 69.783791 7.382724
v 10.592843 69.783791 7.382725
v 11.052780 77.279007 12.374716
v 11.052780 74.523529 12.374716
v 11.052781 77.279007 13.275395
v 11.052781 74.523529 13.275395
v 10.585305 77.279007 12.374716
v 10.585305 74.523529 12.374716
v 10.585305 77.279007 13.275395
v 10.585305 74.523529 13.275395
v 10.654504 85.708130 6.204209
v 10.667615 85.486320 6.482845
v 10.983581 85.719070 6.190468
v 10.970471 85.475372 6.496586
v 10.983582 78.388649 13.193206
v 10.970472 78.144943 12.887088
v 10.654505 78.377708 13.179464
v 10.667616 78.155884 12.900830
v 11.045243 84.774231 6.482043
v 11.045243 84.774231 7.382724
v 10.592842 84.774231 6.482046
v 11.052780 77.279007 12.374716
v 11.052780 80.034485 12.374716
v 11.052781 77.279007 13.275395
v 11.052781 80.034485 13.275395
v 10.585305 77.279007 12.374716
v 10.585305 80.034485 12.374716
v 10.585305 77.279007 13.275395
v 10.585305 80.034485 13.275395
v 10.667614 85.955139 6.386936
v 10.654505 85.955139 6.895878
v 10.970471 85.955139 6.409781
v 10.983582 85.955139 6.873032
v 10.970472 85.941414 6.884480
v 10.983582 85.955139 6.409804
v 10.667616 85.968864 6.884480
v 10.654506 85.955147 6.386959
v 11.045244 87.136047 7.382724
v 10.592843 84.774231 7.382726
v 10.592843 87.136047 6.482046
v 10.654504 86.202141 6.204212
v 10.667615 86.423965 6.482847
v 10.983581 86.191200 6.190472
v 10.970471 86.434906 6.496587
v 10.983582 93.532570 13.179463
v 10.970472 93.765335 12.887085
v 10.654505 93.521629 13.193205
v 10.667616 93.754395 12.900826
v 11.045244 87.136047 6.482044
v 10.592843 87.136047 7.382725
v 11.052780 94.631271 12.374716
v 11.052780 91.875778 12.374716
v 11.052781 94.631271 13.275395
v 11.052781 91.875778 13.275395
v 10.585305 94.631271 12.374716
v 10.585305 91.875778 12.374716
v 10.585305 94.631271 13.275395
v 10.585305 91.875778 13.275395
v 10.654504 103.060387 6.204212
v 10.667615 102.838570 6.482847
v 10.983581 103.071335 6.190470
v 10.970471 102.827629 6.496587
v 10.983582 95.740906 13.193207
v 10.970472 95.497200 12.887085
v 10.654506 95.729973 13.179464
v 10.667616 95.508141 12.900826
v 11.045244 102.126495 6.482044
v 11.052780 94.631271 12.374716
v 11.052780 97.386749 12.374716
v 11.052781 94.631271 13.275395
v 11.052781 97.386749 13.275395
v 10.585305 94.631271 12.374716
v 10.585305 97.386749 12.374716
v 10.585305 94.631271 13.275395
v 10.585305 97.386749 13.275395
v 10.667614 103.307396 6.386932
v 10.654505 103.307396 6.895877
v 10.970471 103.307396 6.409778
v 10.983582 103.307404 6.873034
v 10.970472 103.293671 6.884481
v 10.983582 103.307396 6.409804
v 10.667616 103.321121 6.884480
v 10.654506 103.307396 6.386958
v 11.045244 102.126495 7.382724
v 10.592843 102.126495 7.382726
v 10.592843 102.126495 6.482046
v 10.654504 103.554390 6.204208
v 10.667615 103.776222 6.482845
v 10.983581 103.543457 6.190467
v 10.970471 103.787163 6.496588
v 10.983582 110.884834 13.179468
v 10.970472 111.117584 12.887089
v 10.654505 110.873886 13.193209
v 10.667616 111.106659 12.900831
v 11.045243 104.488304 6.482043
v 11.045243 104.488304 7.382724
v 10.592842 104.488304 6.482046
v 10.592843 104.488304 7.382725
v 11.052780 111.983528 12.374716
v 11.052780 109.228035 12.374716
v 11.052781 111.983528 13.275395
v 11.052781 109.228035 13.275395
v 10.585305 111.983528 12.374716
v 10.585305 109.228035 12.374716
v 10.585305 111.983528 13.275395
v 10.585305 109.228035 13.275395
v 10.983581 16.310068 6.429795
v 10.970470 16.077305 6.137420
v 10.654504 16.299128 6.416055
v 10.667614 16.066366 6.123679
v 10.676352 8.756644 -0.348004
v 10.961727 8.769704 -0.348004
v 10.592841 15.365222 6.138222
v 10.592841 15.365222 5.237542
v 11.045241 15.365222 5.237540
v 11.052776 7.870002 0.245551
v 10.819040 10.625485 0.245551
v 10.970470 16.546129 6.210485
v 10.983581 16.546129 5.724388
v 10.667614 16.546129 6.233330
v 10.654503 16.546129 5.747234
v 10.654504 16.546129 5.724365
v 10.667614 16.546129 6.210462
v 10.983579 16.546129 5.747211
v 10.970469 16.546129 6.233308
v 10.592841 17.727036 5.237542
v 11.045242 17.727036 5.237540
v 11.045242 15.365222 6.138220
v 10.983581 16.782188 6.429795
v 10.970470 17.014952 6.137419
v 10.654504 16.793129 6.416053
v 10.667614 17.025892 6.123678
v 10.676352 24.335613 -0.348004
v 10.592842 17.727034 6.138223
v 11.045242 17.727034 6.138220
v 10.585301 22.466770 0.245551
v 11.052778 25.222254 0.245551
v 10.983581 33.662319 6.429796
v 10.970470 33.429558 6.137419
v 10.654504 33.651382 6.416055
v 10.667614 33.418621 6.123678
v 10.961727 26.121956 -0.348004
v 10.592842 32.717472 6.138223
v 10.592841 32.717472 5.237542
v 11.045242 32.717472 6.138220
v 11.052778 25.222254 0.245551
v 10.819040 27.977743 0.245551
v 10.970470 33.898380 6.210485
v 10.983581 33.898380 5.724388
v 10.667614 33.898380 6.233330
v 10.654503 33.898380 5.747234
v 10.654504 33.884655 5.735787
v 10.667614 33.898376 6.210463
v 10.983579 33.912102 5.735788
v 10.970469 33.898376 6.233308
v 10.592841 35.079285 5.237542
v 11.045242 32.717472 5.237540
v 11.045242 35.079285 6.138220
v 10.983581 34.134441 6.429794
v 10.970470 34.367207 6.137419
v 10.654504 34.145382 6.416053
v 10.667614 34.378143 6.123677
v 10.592841 35.079285 6.138222
v 11.045241 35.079285 5.237540
v 10.585301 39.819023 0.245551
v 11.052776 42.574509 0.245551
v 10.983581 51.014572 6.429793
v 10.970470 50.781811 6.137419
v 10.654504 51.003632 6.416053
v 10.667614 50.770870 6.123677
v 10.676352 43.461147 -0.348004
v 10.961727 43.474209 -0.348004
v 10.592842 50.069725 6.138223
v 10.592841 50.069725 5.237542
v 11.045241 50.069725 5.237540
v 10.585301 45.329987 0.245551
v 11.052776 42.574509 0.245551
v 10.970470 51.250629 6.210484
v 10.983581 51.250633 5.724388
v 10.667614 51.250629 6.233329
v 10.654503 51.250629 5.747234
v 10.654504 51.250629 5.724365
v 10.667614 51.250633 6.210462
v 10.983579 51.250629 5.747211
v 10.970469 51.250633 6.233307
v 10.592841 52.431534 5.237542
v 11.045242 52.431534 5.237540
v 11.045242 50.069725 6.138220
v 10.983581 51.486694 6.429795
v 10.970470 51.719456 6.137419
v 10.654504 51.497635 6.416053
v 10.667614 51.730392 6.123678
v 10.592841 52.431534 6.138222
v 11.045242 52.431534 6.138220
v 10.585301 57.171272 0.245551
v 11.052776 59.926765 0.245551
v 11.052778 57.171272 0.245551
v 10.983581 68.366821 6.429795
v 10.970470 68.134064 6.137419
v 10.654504 68.355888 6.416052
v 10.667614 68.123123 6.123676
v 10.676352 60.813396 -0.348004
v 10.961727 60.826462 -0.348003
v 10.592841 67.421982 6.138222
v 10.585301 62.682236 0.245551
v 11.052776 59.926765 0.245551
v 11.052778 62.682236 0.245551
v 10.970470 68.602890 6.210483
v 10.983581 68.602882 5.724388
v 10.667614 68.602882 6.233330
v 10.654503 68.602882 5.747231
v 10.654504 68.602882 5.724366
v 10.667614 68.602890 6.210459
v 10.983579 68.602882 5.747213
v 10.970469 68.602882 6.233306
v 10.592841 67.421982 5.237542
v 11.045242 67.421982 5.237540
v 11.045242 67.421982 6.138220
v 10.983581 68.838943 6.429793
v 10.970470 69.071709 6.137420
v 10.654504 68.849884 6.416053
v 10.667614 69.082649 6.123679
v 10.676352 76.392372 -0.348004
v 10.592842 69.783791 6.138223
v 10.592841 69.783791 5.237542
v 11.045242 69.783791 6.138220
v 11.045241 69.783791 5.237540
v 10.585301 74.523529 0.245551
v 11.052778 77.279007 0.245551
v 10.983581 85.719078 6.429797
v 10.970470 85.486320 6.137421
v 10.654504 85.708130 6.416057
v 10.667614 85.475372 6.123679
v 10.676352 78.165649 -0.348004
v 10.961727 78.178711 -0.348004
v 10.592841 84.774231 6.138222
v 11.045242 84.774231 6.138220
v 11.045241 84.774231 5.237540
v 10.585301 80.034485 0.245551
v 11.052778 77.279007 0.245551
v 10.970470 85.955139 6.210485
v 10.983581 85.955139 5.724388
v 10.667614 85.955139 6.233330
v 10.654503 85.955139 5.747234
v 10.654504 85.955139 5.724364
v 10.667614 85.955139 6.210461
v 10.983579 85.955139 5.747211
v 10.970469 85.955147 6.233306
v 10.592841 84.774231 5.237542
v 11.045242 87.136047 5.237540
v 11.045242 87.136047 6.138220
v 10.983581 86.191200 6.429793
v 10.970470 86.423965 6.137418
v 10.654504 86.202141 6.416053
v 10.667614 86.434906 6.123678
v 10.592842 87.136047 6.138223
v 10.592841 87.136047 5.237542
v 10.585301 91.875778 0.245551
v 11.052776 94.631271 0.245551
v 11.052778 91.875778 0.245551
v 10.983581 103.071335 6.429795
v 10.970470 102.838570 6.137418
v 10.654504 103.060387 6.416053
v 10.667614 102.827629 6.123678
v 10.676352 95.517906 -0.348004
v 10.961727 95.530968 -0.348004
v 10.592841 102.126495 6.138222
v 10.592841 102.126495 5.237542
v 11.045242 102.126495 6.138220
v 11.045241 102.126495 5.237540
v 10.585301 97.386749 0.245551
v 11.052778 94.631271 0.245551
v 10.970470 103.307396 6.210488
v 10.983581 103.307396 5.724386
v 10.667614 103.307396 6.233333
v 10.654503 103.307404 5.747232
v 10.654504 103.307396 5.724365
v 10.667614 103.307396 6.210461
v 10.983579 103.307396 5.747211
v 10.970469 103.307396 6.233308
v 10.592841 104.488304 5.237542
v 11.045242 104.488304 5.237540
v 11.045242 104.488304 6.138220
v 10.983581 103.543457 6.429798
v 10.970470 103.776222 6.137418
v 10.654504 103.554390 6.416057
v 10.667614 103.787163 6.123677
v 10.592842 104.488304 6.138223
v 10.585301 109.228035 0.245551
v 11.052778 111.983528 0.245551
v -10.654434 16.299128 6.204211
v -10.667545 16.077305 6.482846
v -10.983511 16.310068 6.190469
v -10.970402 16.066366 6.496587
v -10.983513 8.968699 13.179462
v -10.970403 8.735936 12.887086
v -10.654435 8.979639 13.193204
v -10.667546 8.746875 12.900827
v -11.045175 15.365222 6.482044
v -11.045174 15.365222 7.382724
v -10.592773 15.365222 7.382725
v -11.052711 7.870001 12.374716
v -11.052711 10.625484 13.275395
v -10.585236 7.870001 12.374716
v -10.818974 10.625486 12.374716
v -10.818974 7.870002 13.275395
v -10.585236 10.625484 13.275395
v -10.667544 16.546129 6.386935
v -10.654435 16.546129 6.895877
v -10.970402 16.546129 6.409781
v -10.983512 16.546129 6.873032
v -10.970403 16.546129 6.895902
v -10.983512 16.546129 6.409804
v -10.667546 16.546129 6.873056
v -10.654436 16.546129 6.386958
v -11.045175 17.727036 7.382724
v -10.592773 17.727036 7.382726
v -10.592773 15.365222 6.482046
v -10.654434 16.793129 6.204211
v -10.667545 17.014952 6.482846
v -10.983511 16.782188 6.190470
v -10.970402 17.025892 6.496587
v -10.983513 24.123556 13.179462
v -10.970403 24.356321 12.887085
v -10.654435 24.112617 13.193204
v -10.667546 24.345383 12.900827
v -11.045174 17.727034 6.482043
v -10.592772 17.727034 6.482046
v -11.052711 25.222254 12.374716
v -11.052711 22.466772 13.275395
v -10.585236 25.222254 12.374716
v -10.818974 22.466770 12.374716
v -10.818974 25.222254 13.275395
v -10.585236 22.466772 13.275395
v -10.654434 33.651382 6.204210
v -10.667545 33.429562 6.482846
v -10.983511 33.662319 6.190469
v -10.970402 33.418621 6.496587
v -10.983513 26.331892 13.193204
v -10.970403 26.088188 12.887086
v -10.654436 26.320951 13.179461
v -10.667546 26.099127 12.900827
v -11.045174 32.717472 6.482043
v -11.045174 32.717472 7.382724
v -11.052711 25.222254 12.374716
v -11.052711 27.977734 13.275395
v -10.585236 25.222254 12.374716
v -10.818974 27.977743 12.374716
v -10.818974 25.222254 13.275395
v -10.585236 27.977734 13.275395
v -10.667544 33.898380 6.386936
v -10.654435 33.898380 6.895877
v -10.970402 33.898380 6.409781
v -10.983512 33.898380 6.873032
v -10.970403 33.898376 6.873055
v -10.983512 33.898380 6.409803
v -10.667546 33.898376 6.895901
v -10.654436 33.898376 6.386958
v -11.045175 35.079285 7.382724
v -10.592773 32.717472 7.382726
v -10.592773 32.717472 6.482046
v -10.654434 34.145382 6.204212
v -10.667545 34.367207 6.482846
v -10.983511 34.134441 6.190471
v -10.970402 34.378143 6.496588
v -10.983513 41.464867 13.193203
v -10.970403 41.708576 12.887085
v -10.654435 41.475811 13.179461
v -10.667546 41.697636 12.900826
v -11.045175 35.079285 6.482044
v -10.592772 35.079285 6.482046
v -10.592773 35.079285 7.382725
v -11.052711 42.574509 12.374716
v -11.052711 39.819023 12.374716
v -11.052711 42.574509 13.275395
v -11.052711 39.819023 13.275395
v -10.585236 42.574509 12.374716
v -10.585236 39.819023 12.374716
v -10.585236 42.574509 13.275395
v -10.585236 39.819023 13.275395
v -10.654434 51.003632 6.204212
v -10.667545 50.781811 6.482846
v -10.983511 51.014568 6.190472
v -10.970402 50.770870 6.496588
v -10.983513 43.684139 13.193204
v -10.970403 43.440441 12.887086
v -10.654436 43.673203 13.179462
v -10.667546 43.451382 12.900827
v -11.045174 50.069725 6.482043
v -11.052711 42.574509 12.374716
v -11.052711 45.329987 12.374716
v -11.052711 42.574509 13.275395
v -11.052711 45.329987 13.275395
v -10.585236 42.574509 12.374716
v -10.585236 45.329987 12.374716
v -10.585236 42.574509 13.275395
v -10.585236 45.329987 13.275395
v -10.667544 51.250629 6.386937
v -10.654435 51.250633 6.895877
v -10.970402 51.250629 6.409782
v -10.983512 51.250633 6.873032
v -10.970403 51.250629 6.873056
v -10.983512 51.250629 6.409804
v -10.667546 51.250629 6.895902
v -10.654435 51.250629 6.386959
v -11.045175 50.069725 7.382724
v -10.592773 50.069725 7.382726
v -10.592773 50.069725 6.482046
v -10.654434 51.497635 6.204212
v -10.667545 51.719456 6.482846
v -10.983511 51.486694 6.190470
v -10.970402 51.730392 6.496588
v -10.983513 58.817120 13.193204
v -10.970403 59.060825 12.887088
v -10.654436 58.828056 13.179462
v -10.667546 59.049881 12.900829
v -11.045175 52.431534 6.482044
v -11.045174 52.431534 7.382724
v -10.592772 52.431534 6.482046
v -10.592773 52.431534 7.382725
v -11.052711 59.926758 12.374716
v -11.052711 57.171272 12.374716
v -11.052711 59.926758 13.275395
v -11.052711 57.171272 13.275395
v -10.585236 59.926758 12.374716
v -10.585236 57.171272 12.374716
v -10.585236 59.926758 13.275395
v -10.585236 57.171272 13.275395
v -10.654434 68.355888 6.204212
v -10.667545 68.134064 6.482846
v -10.983511 68.366821 6.190471
v -10.970402 68.123123 6.496588
v -10.983513 61.036396 13.193204
v -10.970403 60.792690 12.887088
v -10.654436 61.025459 13.179462
v -10.667546 60.803627 12.900830
v -11.045175 67.421982 6.482044
v -10.592772 67.421974 6.482046
v -10.592773 67.421974 7.382725
v -11.052711 59.926758 12.374716
v -11.052711 62.682236 12.374716
v -11.052711 59.926758 13.275395
v -11.052711 62.682236 13.275395
v -10.585236 59.926758 12.374716
v -10.585236 62.682236 12.374716
v -10.585236 59.926758 13.275395
v -10.585236 62.682236 13.275395
v -10.667544 68.602882 6.386936
v -10.654435 68.602882 6.895879
v -10.970402 68.602890 6.409783
v -10.983512 68.602882 6.873033
v -10.970403 68.602882 6.873056
v -10.983512 68.602882 6.409806
v -10.667546 68.602882 6.895902
v -10.654436 68.602882 6.386961
v -11.045175 67.421982 7.382724
v -10.592773 69.783791 7.382726
v -10.592773 69.783791 6.482046
v -10.654434 68.849884 6.204212
v -10.667545 69.071709 6.482846
v -10.983511 68.838943 6.190472
v -10.970402 69.082649 6.496586
v -10.983513 76.169373 13.193203
v -10.970403 76.413078 12.887086
v -10.654435 76.180305 13.179459
v -10.667546 76.402138 12.900827
v -11.045174 69.783791 6.482043
v -11.045174 69.783791 7.382724
v -11.052711 77.279007 12.374716
v -11.052711 74.523529 12.374716
v -11.052711 77.279007 13.275395
v -11.052711 74.523529 13.275395
v -10.585236 77.279007 12.374716
v -10.585236 74.523529 12.374716
v -10.585236 77.279007 13.275395
v -10.585236 74.523529 13.275395
v -10.654434 85.708130 6.204209
v -10.667545 85.486320 6.482844
v -10.983511 85.719070 6.190468
v -10.970402 85.475372 6.496586
v -10.983513 78.388649 13.193206
v -10.970403 78.144943 12.887088
v -10.654435 78.377708 13.179464
v -10.667546 78.155884 12.900830
v -11.045174 84.774231 6.482043
v -11.045174 84.774231 7.382724
v -10.592772 84.774231 6.482046
v -11.052711 77.279007 12.374716
v -11.052711 80.034485 12.374716
v -11.052711 77.279007 13.275395
v -11.052711 80.034485 13.275395
v -10.585236 77.279007 12.374716
v -10.585236 80.034485 12.374716
v -10.585236 77.279007 13.275395
v -10.585236 80.034485 13.275395
v -10.667544 85.955139 6.386936
v -10.654435 85.955139 6.895878
v -10.970402 85.955139 6.409781
v -10.983512 85.955139 6.873032
v -10.970403 85.941414 6.884480
v -10.983512 85.955139 6.409804
v -10.667546 85.968864 6.884480
v -10.654436 85.955147 6.386959
v -11.045175 87.136047 7.382724
v -10.592773 84.774231 7.382726
v -10.592773 87.136047 6.482046
v -10.654434 86.202141 6.204213
v -10.667545 86.423965 6.482847
v -10.983511 86.191200 6.190472
v -10.970402 86.434906 6.496588
v -10.983513 93.532570 13.179463
v -10.970403 93.765335 12.887085
v -10.654435 93.521629 13.193205
v -10.667546 93.754395 12.900826
v -11.045175 87.136047 6.482044
v -10.592773 87.136047 7.382725
v -11.052711 94.631271 12.374716
v -11.052711 91.875778 12.374716
v -11.052711 94.631271 13.275395
v -11.052711 91.875778 13.275395
v -10.585236 94.631271 12.374716
v -10.585236 91.875778 12.374716
v -10.585236 94.631271 13.275395
v -10.585236 91.875778 13.275395
v -10.654434 103.060387 6.204212
v -10.667545 102.838570 6.482845
v -10.983511 103.071335 6.190471
v -10.970402 102.827629 6.496587
v -10.983513 95.740906 13.193206
v -10.970403 95.497200 12.887085
v -10.654436 95.729973 13.179464
v -10.667546 95.508141 12.900826
v -11.045175 102.126495 6.482044
v -11.052711 94.631271 12.374716
v -11.052711 97.386749 12.374716
v -11.052711 94.631271 13.275395
v -11.052711 97.386749 13.275395
v -10.585236 94.631271 12.374716
v -10.585236 97.386749 12.374716
v -10.585236 94.631271 13.275395
v -10.585236 97.386749 13.275395
v -10.667544 103.307396 6.386932
v -10.654435 103.307404 6.895879
v -10.970402 103.307396 6.409779
v -10.983512 103.307396 6.873031
v -10.970403 103.293678 6.884480
v -10.983512 103.307396 6.409806
v -10.667546 103.321121 6.884480
v -10.654436 103.307396 6.386959
v -11.045175 102.126495 7.382724
v -10.592773 102.126495 7.382726
v -10.592773 102.126495 6.482046
v -10.654434 103.554390 6.204208
v -10.667545 103.776222 6.482846
v -10.983511 103.543457 6.190467
v -10.970402 103.787163 6.496587
v -10.983513 110.884834 13.179466
v -10.970403 111.117584 12.887090
v -10.654435 110.873886 13.193208
v -10.667546 111.106659 12.900831
v -11.045174 104.488304 6.482043
v -11.045174 104.488304 7.382724
v -10.592772 104.488304 6.482046
v -10.592773 104.488304 7.382725
v -11.052711 111.983528 12.374716
v -11.052711 109.228035 12.374716
v -11.052711 111.983528 13.275395
v -11.052711 109.228035 13.275395
v -10.585236 111.983528 12.374716
v -10.585236 109.228035 12.374716
v -10.585236 111.983528 13.275395
v -10.585236 109.228035 13.275395
v -10.983511 16.310068 6.429795
v -10.970401 16.077305 6.137420
v -10.654434 16.299128 6.416055
v -10.667544 16.066366 6.123679
v -10.592772 15.365222 6.138222
v -10.592772 15.365222 5.237542
v -11.045172 15.365222 5.237540
v -10.585233 10.625485 0.245551
v -11.052708 7.870002 0.245551
v -10.970401 16.546129 6.210485
v -10.983511 16.546129 5.724388
v -10.667544 16.546129 6.233330
v -10.654433 16.546129 5.747234
v -10.654434 16.546129 5.724365
v -10.667544 16.546129 6.210462
v -10.983510 16.546129 5.747211
v -10.970400 16.546129 6.233308
v -10.592772 17.727036 5.237542
v -11.045173 17.727036 5.237540
v -11.045173 15.365222 6.138220
v -10.983511 16.782188 6.429795
v -10.970401 17.014952 6.137420
v -10.654434 16.793129 6.416054
v -10.667544 17.025892 6.123678
v -10.961658 24.322554 -0.348004
v -10.592772 17.727034 6.138223
v -11.045173 17.727034 6.138220
v -11.052709 25.222254 0.245551
v -10.818971 22.466770 0.245551
v -10.983511 33.662319 6.429796
v -10.970401 33.429558 6.137419
v -10.654434 33.651382 6.416055
v -10.667544 33.418621 6.123678
v -10.592772 32.717472 6.138222
v -10.592772 32.717472 5.237542
v -11.045173 32.717472 6.138220
v -10.585233 27.977741 0.245551
v -11.052709 25.222254 0.245551
v -11.052709 27.977741 0.245551
v -10.970401 33.898380 6.210485
v -10.983511 33.898380 5.724388
v -10.667544 33.898380 6.233331
v -10.654433 33.898380 5.747234
v -10.654434 33.898376 5.724364
v -10.667544 33.898380 6.210463
v -10.983510 33.898376 5.747211
v -10.970400 33.898376 6.233308
v -10.592772 35.079285 5.237542
v -11.045173 32.717472 5.237540
v -11.045173 35.079285 6.138220
v -10.983511 34.134441 6.429794
v -10.970401 34.367207 6.137419
v -10.654434 34.145382 6.416053
v -10.667544 34.378143 6.123677
v -10.961658 41.674809 -0.348004
v -10.592772 35.079285 6.138223
v -11.045172 35.079285 5.237540
v -10.585233 42.574509 0.245551
v -10.585233 39.819023 0.245551
v -11.052709 42.574509 0.245551
v -11.052709 39.819023 0.245551
v -10.983511 51.014572 6.429793
v -10.970401 50.781811 6.137419
v -10.654434 51.003628 6.416053
v -10.667544 50.770870 6.123677
v -10.592772 50.069725 6.138223
v -10.592772 50.069725 5.237542
v -11.045172 50.069725 5.237540
v -10.585233 42.574509 0.245551
v -10.585233 45.329987 0.245551
v -11.052709 42.574509 0.245551
v -11.052709 45.329987 0.245551
v -10.970401 51.250629 6.210484
v -10.983511 51.250633 5.724388
v -10.667544 51.250629 6.233329
v -10.654433 51.250629 5.747234
v -10.654434 51.250629 5.724365
v -10.667544 51.250629 6.210461
v -10.983510 51.250629 5.747211
v -10.970400 51.250629 6.233306
v -10.592772 52.431534 5.237542
v -11.045173 52.431534 5.237540
v -11.045173 50.069725 6.138220
v -10.983511 51.486694 6.429795
v -10.970401 51.719456 6.137419
v -10.654434 51.497635 6.416054
v -10.667544 51.730392 6.123678
v -10.676282 59.040115 -0.348005
v -10.961658 59.027058 -0.348004
v -10.592772 52.431534 6.138222
v -11.045173 52.431534 6.138220
v -10.585233 59.926758 0.245551
v -10.585233 57.171272 0.245551
v -11.052709 59.926758 0.245551
v -10.983511 68.366821 6.429795
v -10.970401 68.134064 6.137419
v -10.654434 68.355888 6.416053
v -10.667544 68.123123 6.123676
v -10.592772 67.421982 6.138222
v -10.592772 67.421974 5.237542
v -10.585233 59.926758 0.245551
v -10.585233 62.682236 0.245551
v -11.052709 59.926758 0.245551
v -10.970401 68.602882 6.210485
v -10.983511 68.602882 5.724386
v -10.667544 68.602882 6.233329
v -10.654433 68.602882 5.747231
v -10.654434 68.602882 5.724366
v -10.667544 68.602890 6.210459
v -10.983510 68.602882 5.747213
v -10.970400 68.602882 6.233305
v -10.592772 69.783791 5.237542
v -11.045173 67.421982 5.237540
v -11.045173 67.421982 6.138220
v -10.983511 68.838943 6.429794
v -10.970401 69.071709 6.137419
v -10.654434 68.849884 6.416052
v -10.667544 69.082649 6.123679
v -10.676282 76.392372 -0.348004
v -10.961658 76.379311 -0.348004
v -10.592772 69.783791 6.138223
v -11.045173 69.783791 6.138220
v -11.045172 69.783791 5.237540
v -10.585233 77.279007 0.245551
v -10.585233 74.523529 0.245551
v -11.052709 77.279007 0.245551
v -10.983511 85.719070 6.429797
v -10.970401 85.486320 6.137421
v -10.654434 85.708130 6.416056
v -10.667544 85.475372 6.123679
v -10.592772 84.774231 6.138222
v -10.592772 84.774231 5.237542
v -11.045173 84.774231 6.138220
v -10.585233 77.279007 0.245551
v -10.585233 80.034485 0.245551
v -11.052709 77.279007 0.245551
v -11.052709 80.034485 0.245551
v -10.970401 85.955139 6.210485
v -10.983511 85.955139 5.724388
v -10.667544 85.955139 6.233330
v -10.654433 85.955139 5.747234
v -10.654434 85.955139 5.724364
v -10.667544 85.955139 6.210461
v -10.983510 85.955139 5.747211
v -10.970400 85.955147 6.233306
v -10.592772 87.136047 5.237542
v -11.045173 84.774231 5.237540
v -11.045173 87.136047 6.138220
v -10.983511 86.191200 6.429793
v -10.970401 86.423965 6.137418
v -10.654434 86.202141 6.416052
v -10.667544 86.434906 6.123678
v -10.676282 93.744629 -0.348004
v -10.961658 93.731575 -0.348004
v -10.592772 87.136047 6.138223
v -11.045172 87.136047 5.237540
v -10.585233 94.631271 0.245551
v -10.585233 91.875778 0.245551
v -11.052709 94.631271 0.245551
v -11.052709 91.875778 0.245551
v -10.983511 103.071335 6.429795
v -10.970401 102.838570 6.137420
v -10.654434 103.060387 6.416053
v -10.667544 102.827629 6.123679
v -10.592772 102.126495 6.138223
v -11.045173 102.126495 6.138220
v -11.045172 102.126495 5.237540
v -10.585233 94.631271 0.245551
v -10.585233 97.386749 0.245551
v -11.052709 94.631271 0.245551
v -11.052709 97.386749 0.245551
v -10.970401 103.307396 6.210488
v -10.983511 103.307404 5.724387
v -10.667544 103.307396 6.233333
v -10.654433 103.307396 5.747234
v -10.654434 103.307396 5.724365
v -10.667544 103.307396 6.210460
v -10.983510 103.307404 5.747212
v -10.970400 103.307396 6.233307
v -10.592772 102.126495 5.237542
v -11.045173 104.488304 5.237540
v -11.045173 104.488304 6.138220
v -10.983511 103.543457 6.429798
v -10.970401 103.776222 6.137418
v -10.654434 103.554390 6.416057
v -10.667544 103.787163 6.123678
v -10.676282 111.096878 -0.348005
v -10.961658 111.083832 -0.348004
v -10.592772 104.488304 6.138222
v -10.592772 104.488304 5.237542
v -10.585233 111.983528 0.245551
v -10.585233 109.228035 0.245551
v -11.052709 111.983528 0.245551
v -11.052709 109.228035 0.245551
v 10.961727 9.249907 -0.348004
v 10.585301 7.870002 0.245551
v 11.052776 10.625485 -0.941559
v 10.676352 9.222456 -0.348004
v 10.676352 23.869799 -0.348004
v 10.585301 25.222254 0.245551
v 11.052776 22.466770 0.245551
v 10.961727 23.842348 -0.348004
v 10.961727 26.574707 -0.348004
v 10.585301 25.222254 0.245551
v 11.052776 27.977737 -0.941559
v 10.676352 26.602160 -0.348004
v 10.676352 41.222050 -0.348004
v 10.585301 42.574509 0.245551
v 11.052776 39.819027 0.245551
v 10.961727 41.194603 -0.348004
v 10.961726 43.954411 -0.348004
v 10.585301 42.574509 0.245551
v 11.052776 45.329987 0.245551
v 10.676352 43.926960 -0.348004
v 10.676352 58.574306 -0.348004
v 10.585301 59.926765 0.245551
v 11.052776 57.171272 -0.941559
v 10.961727 58.546856 -0.348004
v 10.961727 61.306664 -0.348004
v 10.585301 59.926765 0.245551
v 11.052776 62.682236 -0.941559
v 10.676352 61.279213 -0.348004
v 10.676352 75.912834 -0.336582
v 10.585301 77.279007 0.245551
v 11.052776 74.523529 0.245551
v 10.961727 75.912834 -0.359427
v 10.961727 78.658920 -0.348004
v 10.585301 77.279007 0.245551
v 11.052776 80.034485 0.245551
v 10.676352 78.631470 -0.348004
v 10.676352 93.265091 -0.336581
v 10.585301 94.631271 0.245551
v 11.052776 91.875778 -0.941559
v 10.961727 93.265091 -0.359427
v 10.961727 96.011169 -0.348004
v 10.585301 94.631271 0.245551
v 11.052776 97.386749 0.245551
v 10.676352 95.983719 -0.348004
v 10.676352 110.631073 -0.348005
v 10.585301 111.983536 0.245551
v 11.052776 109.228035 0.245551
v 10.961727 110.603607 -0.348006
v -10.676282 9.222456 -0.348004
v -10.585233 7.870002 0.245551
v -11.052708 10.625485 0.245551
v -10.961658 9.249907 -0.348004
v -10.961658 23.842348 -0.348004
v -10.585233 25.222254 0.245551
v -11.052708 22.466770 -0.941559
v -10.676282 23.869799 -0.348004
v -10.676282 26.574707 -0.348004
v -10.585233 25.222254 0.245551
v -11.052708 27.977737 -0.941559
v -10.961658 26.602160 -0.348004
v -10.961658 41.194603 -0.348004
v -10.585233 42.574509 -0.941559
v -11.052708 39.819027 -0.941559
v -10.676282 41.222050 -0.348004
v -10.676282 43.926960 -0.348004
v -10.585233 42.574509 -0.941559
v -11.052708 45.329987 -0.941559
v -10.961657 43.954411 -0.348004
v -10.961658 58.546856 -0.348004
v -10.585233 59.926765 -0.941559
v -11.052708 57.171272 0.245551
v -10.676282 58.574306 -0.348004
v -10.676282 61.279213 -0.348004
v -10.585233 59.926765 -0.941559
v -11.052708 62.682236 0.245551
v -10.961658 61.306664 -0.348004
v -10.961658 75.899109 -0.348004
v -10.585233 77.279007 -0.941559
v -11.052708 74.523529 0.245551
v -10.676282 75.926559 -0.348004
v -10.676282 78.645195 -0.336582
v -10.585233 77.279007 -0.941559
v -11.052708 80.034485 -0.941559
v -10.961658 78.645195 -0.359427
v -10.961658 93.251366 -0.348004
v -10.585233 94.631271 -0.941559
v -11.052708 91.875778 -0.941559
v -10.676282 93.278816 -0.348004
v -10.676282 95.983719 -0.348004
v -10.585233 94.631271 -0.941559
v -11.052708 97.386749 -0.941559
v -10.961658 96.011169 -0.348004
v -10.961658 110.603607 -0.348002
v -10.585233 111.983536 -0.941559
v -11.052708 109.228035 -0.941559
v -10.676282 110.631073 -0.348003
v 10.654504 16.299128 -6.900219
v 10.667615 16.077305 -7.178854
v 10.983581 16.310068 -6.886478
v 10.970471 16.066366 -7.192595
v 10.983582 8.979639 -13.889212
v 10.970472 8.735935 -13.583095
v 10.654506 8.968699 -13.875471
v 10.667616 8.746874 -13.596836
v 11.045243 15.365222 -7.178051
v 11.045243 15.365222 -8.078732
v 11.052780 7.870001 -13.070724
v 11.052781 10.625484 -13.971404
v 10.585305 7.870001 -13.070724
v 10.819043 10.625486 -13.070724
v 10.819043 7.870002 -13.971404
v 10.585305 10.625484 -13.971404
v 10.667614 16.546129 -7.082944
v 10.654505 16.546129 -7.591886
v 10.970471 16.546129 -7.105789
v 10.983582 16.546129 -7.569040
v 10.970472 16.532406 -7.580487
v 10.983582 16.546129 -7.105812
v 10.667616 16.559855 -7.580487
v 10.654506 16.546129 -7.082965
v 11.045244 17.727036 -8.078732
v 10.592843 15.365222 -8.078734
v 10.592843 15.365222 -7.178054
v 10.654504 16.793129 -6.900220
v 10.667615 17.014952 -7.178854
v 10.983581 16.782188 -6.886479
v 10.970471 17.025892 -7.192595
v 10.983582 24.123556 -13.875471
v 10.970472 24.356321 -13.583095
v 10.654505 24.112617 -13.889212
v 10.667616 24.345383 -13.596836
v 11.045244 17.727036 -7.178053
v 10.592842 17.727034 -7.178054
v 10.592843 17.727034 -8.078733
v 11.052780 25.222254 -13.070724
v 11.052781 22.466772 -13.971404
v 10.585305 25.222254 -13.070724
v 10.819043 22.466770 -13.070724
v 10.819043 25.222254 -13.971404
v 10.585305 22.466772 -13.971404
v 10.654504 33.651382 -6.900219
v 10.667615 33.429562 -7.178854
v 10.983581 33.662319 -6.886478
v 10.970471 33.418621 -7.192596
v 10.983582 26.320951 -13.875471
v 10.970472 26.088188 -13.583095
v 10.654505 26.331890 -13.889212
v 10.667616 26.099127 -13.596836
v 11.045243 32.717472 -7.178051
v 11.045243 32.717472 -8.078732
v 10.592843 32.717472 -8.078733
v 11.052780 25.222254 -13.070724
v 11.052781 27.977734 -13.971404
v 10.585305 25.222254 -13.070724
v 10.819043 27.977743 -13.070724
v 10.819043 25.222254 -13.971404
v 10.585305 27.977734 -13.971404
v 10.667614 33.898380 -7.082944
v 10.654505 33.898380 -7.591886
v 10.970471 33.898380 -7.105789
v 10.983582 33.898380 -7.569040
v 10.970472 33.912102 -7.580486
v 10.983582 33.898376 -7.105812
v 10.667616 33.884655 -7.580486
v 10.654506 33.898376 -7.082965
v 11.045244 35.079285 -8.078732
v 10.592843 35.079285 -8.078734
v 10.592843 32.717472 -7.178054
v 10.654504 34.145382 -6.900221
v 10.667615 34.367207 -7.178855
v 10.983581 34.134441 -6.886479
v 10.970471 34.378143 -7.192596
v 10.983582 41.464867 -13.889212
v 10.970472 41.708576 -13.583095
v 10.654505 41.475811 -13.875471
v 10.667616 41.697636 -13.596836
v 11.045244 35.079285 -7.178053
v 10.592842 35.079285 -7.178054
v 11.052780 42.574509 -13.070724
v 11.052780 39.819023 -13.070724
v 11.052781 42.574509 -13.971404
v 11.052781 39.819023 -13.971404
v 10.585305 42.574509 -13.070724
v 10.585305 39.819023 -13.070724
v 10.585305 42.574509 -13.971404
v 10.585305 39.819023 -13.971404
v 10.654504 51.003632 -6.900221
v 10.667615 50.781811 -7.178854
v 10.983581 51.014568 -6.886480
v 10.970471 50.770870 -7.192596
v 10.983582 43.684139 -13.889212
v 10.970472 43.440441 -13.583095
v 10.654506 43.673203 -13.875471
v 10.667616 43.451378 -13.596836
v 11.045243 50.069725 -7.178051
v 10.592842 50.069725 -7.178054
v 10.592843 50.069725 -8.078733
v 11.052780 42.574509 -13.070724
v 11.052780 45.329987 -13.070724
v 11.052781 42.574509 -13.971404
v 11.052781 45.329987 -13.971404
v 10.585305 42.574509 -13.070724
v 10.585305 45.329987 -13.070724
v 10.585305 42.574509 -13.971404
v 10.585305 45.329987 -13.971404
v 10.667614 51.250629 -7.082945
v 10.654505 51.250633 -7.591886
v 10.970471 51.250629 -7.105791
v 10.983582 51.250633 -7.569040
v 10.970472 51.250629 -7.569065
v 10.983582 51.250629 -7.105813
v 10.667616 51.250629 -7.591910
v 10.654506 51.250629 -7.082967
v 11.045244 50.069725 -8.078732
v 10.592843 52.431534 -8.078734
v 10.592843 52.431534 -7.178054
v 10.654504 51.497635 -6.900220
v 10.667615 51.719456 -7.178854
v 10.983581 51.486694 -6.886479
v 10.970471 51.730392 -7.192596
v 10.983582 58.817120 -13.889214
v 10.970472 59.060825 -13.583097
v 10.654506 58.828056 -13.875471
v 10.667616 59.049889 -13.596837
v 11.045244 52.431534 -7.178053
v 11.045243 52.431534 -8.078732
v 11.052780 59.926758 -13.070724
v 11.052780 57.171272 -13.070724
v 11.052781 59.926758 -13.971404
v 11.052781 57.171272 -13.971404
v 10.585305 59.926758 -13.070724
v 10.585305 57.171272 -13.070724
v 10.585305 59.926758 -13.971404
v 10.585305 57.171272 -13.971404
v 10.654504 68.355888 -6.900221
v 10.667615 68.134064 -7.178855
v 10.983581 68.366821 -6.886479
v 10.970471 68.123123 -7.192597
v 10.983582 61.036396 -13.889212
v 10.970472 60.792690 -13.583097
v 10.654506 61.025459 -13.875471
v 10.667616 60.803627 -13.596839
v 11.045243 67.421974 -7.178051
v 10.592843 67.421974 -8.078733
v 11.052780 59.926758 -13.070724
v 11.052780 62.682236 -13.070724
v 11.052781 59.926758 -13.971404
v 11.052781 62.682236 -13.971404
v 10.585305 59.926758 -13.070724
v 10.585305 62.682236 -13.070724
v 10.585305 59.926758 -13.971404
v 10.585305 62.682236 -13.971404
v 10.667614 68.602882 -7.082944
v 10.654505 68.602882 -7.591887
v 10.970471 68.602890 -7.105791
v 10.983582 68.602882 -7.569041
v 10.970472 68.602882 -7.569065
v 10.983582 68.602882 -7.105814
v 10.667616 68.602882 -7.591910
v 10.654506 68.602882 -7.082968
v 11.045244 67.421982 -8.078732
v 10.592843 69.783791 -8.078734
v 10.592843 67.421982 -7.178054
v 10.654504 68.849884 -6.900221
v 10.667615 69.071709 -7.178854
v 10.983581 68.838943 -6.886480
v 10.970471 69.082649 -7.192595
v 10.983582 76.169373 -13.889212
v 10.970472 76.413078 -13.583095
v 10.654505 76.180305 -13.875467
v 10.667616 76.402138 -13.596836
v 11.045244 69.783791 -7.178053
v 11.045243 69.783791 -8.078732
v 10.592842 69.783791 -7.178054
v 11.052780 77.279007 -13.070724
v 11.052780 74.523529 -13.070724
v 11.052781 77.279007 -13.971404
v 11.052781 74.523529 -13.971404
v 10.585305 77.279007 -13.070724
v 10.585305 74.523529 -13.070724
v 10.585305 77.279007 -13.971404
v 10.585305 74.523529 -13.971404
v 10.654504 85.708130 -6.900218
v 10.667615 85.486320 -7.178853
v 10.983581 85.719070 -6.886476
v 10.970471 85.475372 -7.192595
v 10.983582 78.388649 -13.889215
v 10.970472 78.144943 -13.583097
v 10.654506 78.377708 -13.875472
v 10.667616 78.155884 -13.596839
v 11.045243 84.774231 -7.178051
v 10.592842 84.774231 -7.178054
v 11.052780 77.279007 -13.070724
v 11.052780 80.034485 -13.070724
v 11.052781 77.279007 -13.971404
v 11.052781 80.034485 -13.971404
v 10.585305 77.279007 -13.070724
v 10.585305 80.034485 -13.070724
v 10.585305 77.279007 -13.971404
v 10.585305 80.034485 -13.971404
v 10.667614 85.955139 -7.082944
v 10.654505 85.955139 -7.591886
v 10.970471 85.955139 -7.105790
v 10.983582 85.955139 -7.569041
v 10.970472 85.955139 -7.569066
v 10.983582 85.955139 -7.105813
v 10.667616 85.955139 -7.591911
v 10.654506 85.955147 -7.082967
v 11.045244 84.774231 -8.078732
v 10.592843 84.774231 -8.078734
v 10.592843 87.136047 -7.178054
v 10.654504 86.202141 -6.900221
v 10.667615 86.423965 -7.178853
v 10.983581 86.191200 -6.886479
v 10.970471 86.434906 -7.192596
v 10.983582 93.521629 -13.889214
v 10.970472 93.765335 -13.583095
v 10.654506 93.532570 -13.875472
v 10.667616 93.754395 -13.596836
v 11.045244 87.136047 -7.178053
v 11.045243 87.136047 -8.078732
v 10.592843 87.136047 -8.078733
v 11.052780 94.631271 -13.070724
v 11.052780 91.875778 -13.070724
v 11.052781 94.631271 -13.971404
v 11.052781 91.875778 -13.971404
v 10.585305 94.631271 -13.070724
v 10.585305 91.875778 -13.070724
v 10.585305 94.631271 -13.971404
v 10.585305 91.875778 -13.971404
v 10.654504 103.060387 -6.900220
v 10.667615 102.838570 -7.178854
v 10.983581 103.071335 -6.886479
v 10.970471 102.827629 -7.192595
v 10.983582 95.740906 -13.889215
v 10.970472 95.497200 -13.583093
v 10.654506 95.729973 -13.875472
v 10.667616 95.508141 -13.596836
v 11.045244 102.126495 -7.178053
v 10.592843 102.126495 -8.078733
v 11.052780 94.631271 -13.070724
v 11.052780 97.386749 -13.070724
v 11.052781 94.631271 -13.971404
v 11.052781 97.386749 -13.971404
v 10.585305 94.631271 -13.070724
v 10.585305 97.386749 -13.070724
v 10.585305 94.631271 -13.971404
v 10.585305 97.386749 -13.971404
v 10.667614 103.307396 -7.082941
v 10.654505 103.307404 -7.591887
v 10.970471 103.307396 -7.105786
v 10.983582 103.307404 -7.569043
v 10.970472 103.307396 -7.569067
v 10.983582 103.307396 -7.105814
v 10.667616 103.307396 -7.591911
v 10.654506 103.307396 -7.082966
v 11.045244 102.126495 -8.078732
v 10.592843 104.488304 -8.078734
v 10.592843 102.126495 -7.178054
v 10.654504 103.554390 -6.900217
v 10.667615 103.776222 -7.178855
v 10.983581 103.543457 -6.886476
v 10.970471 103.787163 -7.192597
v 10.983582 110.873886 -13.889218
v 10.970472 111.117584 -13.583099
v 10.654506 110.884834 -13.875476
v 10.667616 111.106659 -13.596841
v 11.045243 104.488304 -7.178051
v 11.045243 104.488304 -8.078732
v 10.592842 104.488304 -7.178054
v 11.052780 111.983528 -13.070724
v 11.052780 109.228035 -13.070724
v 11.052781 111.983528 -13.971404
v 11.052781 109.228035 -13.971404
v 10.585305 111.983528 -13.070724
v 10.585305 109.228035 -13.070724
v 10.585305 111.983528 -13.971404
v 10.585305 109.228035 -13.971404
v 10.983581 16.310068 -7.125804
v 10.970470 16.077305 -6.833428
v 10.654504 16.299128 -7.112062
v 10.667614 16.066366 -6.819687
v 10.592841 15.365222 -6.834229
v 10.592841 15.365222 -5.933550
v 11.045241 15.365222 -5.933548
v 10.585301 7.870001 -0.941559
v 10.585301 10.625485 -0.941559
v 11.052778 7.870001 -0.941559
v 10.970470 16.546129 -6.906494
v 10.983581 16.546129 -6.420397
v 10.667614 16.546129 -6.929339
v 10.654503 16.546129 -6.443243
v 10.654504 16.546129 -6.420373
v 10.667614 16.546129 -6.906470
v 10.983579 16.546129 -6.443220
v 10.970469 16.546129 -6.929316
v 10.592841 17.727036 -5.933550
v 11.045242 17.727036 -5.933548
v 11.045242 15.365222 -6.834229
v 10.983581 16.782188 -7.125804
v 10.970470 17.014952 -6.833428
v 10.654504 16.793129 -7.112062
v 10.667614 17.025892 -6.819686
v 10.961727 24.322554 -0.348004
v 10.592842 17.727034 -6.834230
v 11.045242 17.727034 -6.834229
v 10.585301 25.222254 -0.941559
v 10.585301 22.466770 -0.941559
v 11.052776 25.222254 -0.941559
v 11.052778 22.466770 -0.941559
v 10.983581 33.662319 -7.125804
v 10.970470 33.429558 -6.833428
v 10.654504 33.651382 -7.112063
v 10.667614 33.418621 -6.819686
v 10.676352 26.108896 -0.348004
v 10.592841 32.717472 -6.834229
v 11.045242 32.717472 -6.834229
v 10.585301 25.222254 -0.941559
v 10.585301 27.977737 -0.941559
v 11.052776 25.222254 -0.941559
v 10.970470 33.898380 -6.906494
v 10.983581 33.898380 -6.420396
v 10.667614 33.898380 -6.929339
v 10.654503 33.898380 -6.443243
v 10.654504 33.884655 -6.431795
v 10.667614 33.898376 -6.906471
v 10.983579 33.912102 -6.431796
v 10.970469 33.898376 -6.929316
v 10.592841 32.717472 -5.933550
v 11.045242 32.717472 -5.933548
v 11.045242 35.079285 -6.834229
v 10.983581 34.134441 -7.125803
v 10.970470 34.367207 -6.833428
v 10.654504 34.145382 -7.112062
v 10.667614 34.378143 -6.819685
v 10.676352 41.687870 -0.348004
v 10.961727 41.674809 -0.348004
v 10.592842 35.079285 -6.834230
v 10.592841 35.079285 -5.933550
v 11.045241 35.079285 -5.933548
v 10.585301 42.574509 -0.941559
v 10.585301 39.819027 -0.941559
v 11.052778 42.574509 -0.941559
v 11.052778 39.819023 -0.941559
v 10.983581 51.014568 -7.125802
v 10.970470 50.781811 -6.833428
v 10.654504 51.003628 -7.112061
v 10.667614 50.770870 -6.819686
v 10.592842 50.069725 -6.834230
v 11.045242 50.069725 -6.834229
v 10.585301 42.574509 -0.941559
v 10.585301 45.329987 -0.941559
v 11.052778 42.574509 -0.941559
v 11.052778 45.329987 -0.941559
v 10.970470 51.250629 -6.906492
v 10.983581 51.250633 -6.420396
v 10.667614 51.250629 -6.929338
v 10.654503 51.250633 -6.443243
v 10.654504 51.250629 -6.420373
v 10.667614 51.250629 -6.906469
v 10.983579 51.250629 -6.443219
v 10.970469 51.250629 -6.929315
v 10.592841 50.069725 -5.933550
v 11.045242 50.069725 -5.933548
v 11.045242 52.431534 -6.834229
v 10.983581 51.486694 -7.125803
v 10.970470 51.719456 -6.833428
v 10.654504 51.497635 -7.112062
v 10.667614 51.730392 -6.819686
v 10.676352 59.040115 -0.348004
v 10.961727 59.027058 -0.348004
v 10.592841 52.431534 -6.834229
v 10.592841 52.431534 -5.933550
v 11.045241 52.431534 -5.933548
v 10.585301 59.926758 -0.941559
v 10.585301 57.171272 -0.941559
v 11.052778 59.926758 -0.941559
v 10.983581 68.366821 -7.125803
v 10.970470 68.134064 -6.833428
v 10.654504 68.355888 -7.112062
v 10.667614 68.123123 -6.819685
v 10.592842 67.421974 -6.834230
v 10.585301 59.926758 -0.941559
v 10.585301 62.682236 -0.941559
v 11.052778 59.926758 -0.941559
v 10.970470 68.602882 -6.906493
v 10.983581 68.602882 -6.420395
v 10.667614 68.602882 -6.929338
v 10.654503 68.602882 -6.443241
v 10.654504 68.616608 -6.431798
v 10.667614 68.602890 -6.906466
v 10.983579 68.589157 -6.431798
v 10.970469 68.602882 -6.929314
v 10.592841 67.421982 -5.933550
v 11.045242 67.421982 -5.933548
v 11.045242 67.421982 -6.834229
v 10.983581 68.838943 -7.125802
v 10.970470 69.071709 -6.833428
v 10.654504 68.849884 -7.112060
v 10.667614 69.082649 -6.819688
v 10.961727 76.379311 -0.348004
v 10.592841 69.783791 -6.834229
v 10.592841 69.783791 -5.933550
v 11.045242 69.783791 -6.834229
v 11.045241 69.783791 -5.933548
v 10.585301 77.279007 -0.941559
v 10.585301 74.523529 -0.941559
v 11.052776 77.279007 -0.941559
v 11.052778 74.523529 -0.941559
v 10.983581 85.719070 -7.125805
v 10.970470 85.486320 -6.833429
v 10.654504 85.708130 -7.112065
v 10.667614 85.475372 -6.819687
v 10.592842 84.774231 -6.834230
v 11.045241 84.774231 -5.933548
v 10.585301 77.279007 -0.941559
v 10.585301 80.034485 -0.941559
v 11.052776 77.279007 -0.941559
v 11.052778 80.034485 -0.941559
v 10.970470 85.955139 -6.906493
v 10.983581 85.955139 -6.420396
v 10.667614 85.955139 -6.929338
v 10.654503 85.955139 -6.443242
v 10.654504 85.968864 -6.431795
v 10.667614 85.955139 -6.906469
v 10.983579 85.941414 -6.431797
v 10.970469 85.955147 -6.929315
v 10.592841 84.774231 -5.933550
v 11.045242 87.136047 -5.933548
v 11.045242 84.774231 -6.834229
v 10.983581 86.191200 -7.125802
v 10.970470 86.423965 -6.833426
v 10.654504 86.202141 -7.112060
v 10.667614 86.434906 -6.819686
v 10.676352 93.744629 -0.348004
v 10.961727 93.731575 -0.348004
v 10.592841 87.136047 -6.834229
v 10.592841 87.136047 -5.933550
v 11.045242 87.136047 -6.834229
v 10.585301 94.631271 -0.941559
v 10.585301 91.875778 -0.941559
v 11.052778 94.631271 -0.941559
v 10.983581 103.071335 -7.125803
v 10.970470 102.838570 -6.833428
v 10.654504 103.060387 -7.112062
v 10.667614 102.827629 -6.819688
v 10.592841 102.126495 -6.834229
v 11.045242 102.126495 -6.834229
v 11.045241 102.126495 -5.933548
v 10.585301 94.631271 -0.941559
v 10.585301 97.386749 -0.941559
v 11.052776 94.631271 -0.941559
v 11.052778 97.386749 -0.941559
v 10.970470 103.307396 -6.906497
v 10.983581 103.307404 -6.420395
v 10.667614 103.307396 -6.929342
v 10.654503 103.307396 -6.443243
v 10.654504 103.307396 -6.420373
v 10.667614 103.307396 -6.906468
v 10.983579 103.307404 -6.443221
v 10.970469 103.307396 -6.929315
v 10.592841 102.126495 -5.933550
v 11.045242 104.488304 -5.933548
v 11.045242 104.488304 -6.834229
v 10.983581 103.543457 -7.125805
v 10.970470 103.776222 -6.833428
v 10.654504 103.554390 -7.112065
v 10.667614 103.787163 -6.819686
v 10.676352 111.096878 -0.348004
v 10.961727 111.083832 -0.348004
v 10.592842 104.488304 -6.834230
v 10.592841 104.488304 -5.933550
v 10.585301 111.983528 -0.941559
v 10.585301 109.228035 -0.941559
v 11.052776 111.983536 -0.941559
v 11.052778 109.228035 -0.941559
v -10.654434 16.299128 -6.900220
v -10.667545 16.077305 -7.178854
v -10.983511 16.310068 -6.886478
v -10.970402 16.066366 -7.192595
v -10.983513 8.979639 -13.889212
v -10.970403 8.735935 -13.583095
v -10.654436 8.968699 -13.875471
v -10.667546 8.746874 -13.596836
v -11.045175 15.365222 -7.178053
v -11.045174 15.365222 -8.078732
v -11.052711 7.870001 -13.070724
v -11.052711 10.625484 -13.971404
v -10.585236 7.870001 -13.070724
v -10.818974 10.625486 -13.070724
v -10.818974 7.870002 -13.971404
v -10.585236 10.625484 -13.971404
v -10.667544 16.546129 -7.082944
v -10.654435 16.546129 -7.591886
v -10.970402 16.546129 -7.105789
v -10.983512 16.546129 -7.569040
v -10.970403 16.546129 -7.569065
v -10.983512 16.546129 -7.105812
v -10.667546 16.546129 -7.591910
v -10.654436 16.546129 -7.082965
v -11.045175 17.727036 -8.078732
v -10.592773 15.365222 -8.078734
v -10.592773 15.365222 -7.178054
v -10.654434 16.793129 -6.900220
v -10.667545 17.014952 -7.178854
v -10.983511 16.782188 -6.886479
v -10.970402 17.025892 -7.192595
v -10.983513 24.112617 -13.889214
v -10.970403 24.356321 -13.583095
v -10.654435 24.123556 -13.875471
v -10.667546 24.345383 -13.596836
v -11.045174 17.727034 -7.178051
v -10.592772 17.727034 -7.178054
v -10.592773 17.727034 -8.078733
v -11.052711 25.222254 -13.070724
v -11.052711 22.466772 -13.971404
v -10.585236 25.222254 -13.070724
v -10.818974 22.466770 -13.070724
v -10.818974 25.222254 -13.971404
v -10.585236 22.466772 -13.971404
v -10.654434 33.651382 -6.900219
v -10.667545 33.429562 -7.178854
v -10.983511 33.662319 -6.886478
v -10.970402 33.418621 -7.192596
v -10.983513 26.331890 -13.889212
v -10.970403 26.088188 -13.583095
v -10.654436 26.320951 -13.875471
v -10.667546 26.099127 -13.596836
v -11.045174 32.717472 -7.178051
v -11.045174 32.717472 -8.078732
v -11.052711 25.222254 -13.070724
v -11.052711 27.977734 -13.971404
v -10.585236 25.222254 -13.070724
v -10.818974 27.977743 -13.070724
v -10.818974 25.222254 -13.971404
v -10.585236 27.977734 -13.971404
v -10.667544 33.898380 -7.082944
v -10.654435 33.898380 -7.591886
v -10.970402 33.898380 -7.105789
v -10.983512 33.898380 -7.569040
v -10.970403 33.898376 -7.569064
v -10.983512 33.898376 -7.105812
v -10.667546 33.898376 -7.591909
v -10.654436 33.898376 -7.082965
v -11.045175 35.079285 -8.078732
v -10.592773 32.717472 -8.078734
v -10.592773 32.717472 -7.178054
v -10.654434 34.145382 -6.900221
v -10.667545 34.367207 -7.178855
v -10.983511 34.134441 -6.886479
v -10.970402 34.378143 -7.192596
v -10.983513 41.464867 -13.889212
v -10.970403 41.708576 -13.583095
v -10.654435 41.475811 -13.875471
v -10.667546 41.697636 -13.596836
v -11.045175 35.079285 -7.178053
v -10.592772 35.079285 -7.178054
v -10.592773 35.079285 -8.078733
v -11.052711 42.574509 -13.070724
v -11.052711 39.819023 -13.070724
v -11.052711 42.574509 -13.971404
v -11.052711 39.819023 -13.971404
v -10.585236 42.574509 -13.070724
v -10.585236 39.819023 -13.070724
v -10.585236 42.574509 -13.971404
v -10.585236 39.819023 -13.971404
v -10.654434 51.003632 -6.900221
v -10.667545 50.781811 -7.178854
v -10.983511 51.014568 -6.886479
v -10.970402 50.770870 -7.192596
v -10.983513 43.684139 -13.889212
v -10.970403 43.440441 -13.583095
v -10.654436 43.673203 -13.875471
v -10.667546 43.451378 -13.596836
v -11.045174 50.069725 -7.178051
v -10.592772 50.069725 -7.178054
v -10.592773 50.069725 -8.078733
v -11.052711 42.574509 -13.070724
v -11.052711 45.329987 -13.070724
v -11.052711 42.574509 -13.971404
v -11.052711 45.329987 -13.971404
v -10.585236 42.574509 -13.070724
v -10.585236 45.329987 -13.070724
v -10.585236 42.574509 -13.971404
v -10.585236 45.329987 -13.971404
v -10.667544 51.250629 -7.082945
v -10.654435 51.250633 -7.591886
v -10.970402 51.250629 -7.105791
v -10.983512 51.250633 -7.569040
v -10.970403 51.250633 -7.569064
v -10.983512 51.250629 -7.105813
v -10.667546 51.250629 -7.591910
v -10.654436 51.250633 -7.082965
v -11.045175 50.069725 -8.078732
v -10.592773 52.431534 -8.078734
v -10.592773 52.431534 -7.178054
v -10.654434 51.497635 -6.900220
v -10.667545 51.719456 -7.178854
v -10.983511 51.486694 -6.886479
v -10.970402 51.730392 -7.192596
v -10.983513 58.817120 -13.889214
v -10.970403 59.060825 -13.583097
v -10.654436 58.828064 -13.875472
v -10.667546 59.049889 -13.596837
v -11.045175 52.431534 -7.178053
v -11.045174 52.431534 -8.078732
v -11.052711 59.926758 -13.070724
v -11.052711 57.171272 -13.070724
v -11.052711 59.926758 -13.971404
v -11.052711 57.171272 -13.971404
v -10.585236 59.926758 -13.070724
v -10.585236 57.171272 -13.070724
v -10.585236 59.926758 -13.971404
v -10.585236 57.171272 -13.971404
v -10.654434 68.355888 -6.900221
v -10.667545 68.134064 -7.178855
v -10.983511 68.366821 -6.886479
v -10.970402 68.123123 -7.192597
v -10.983513 61.036396 -13.889212
v -10.970403 60.792690 -13.583097
v -10.654436 61.025459 -13.875471
v -10.667546 60.803627 -13.596839
v -11.045175 67.421982 -7.178053
v -10.592773 67.421974 -8.078733
v -11.052711 59.926758 -13.070724
v -11.052711 62.682236 -13.070724
v -11.052711 59.926758 -13.971404
v -11.052711 62.682236 -13.971404
v -10.585236 59.926758 -13.070724
v -10.585236 62.682236 -13.070724
v -10.585236 59.926758 -13.971404
v -10.585236 62.682236 -13.971404
v -10.667544 68.602882 -7.082945
v -10.654435 68.602882 -7.591887
v -10.970402 68.602890 -7.105792
v -10.983512 68.602882 -7.569043
v -10.970403 68.602882 -7.569065
v -10.983512 68.602890 -7.105815
v -10.667546 68.602882 -7.591910
v -10.654436 68.602882 -7.082967
v -11.045175 67.421982 -8.078732
v -10.592773 69.783791 -8.078734
v -10.592773 67.421982 -7.178054
v -10.654434 68.849884 -6.900221
v -10.667545 69.071709 -7.178853
v -10.983511 68.838943 -6.886480
v -10.970402 69.082649 -7.192595
v -10.983513 76.169373 -13.889209
v -10.970403 76.413078 -13.583095
v -10.654435 76.180313 -13.875471
v -10.667546 76.402138 -13.596836
v -11.045174 69.783791 -7.178051
v -11.045174 69.783791 -8.078732
v -10.592772 69.783791 -7.178054
v -11.052711 77.279007 -13.070724
v -11.052711 74.523529 -13.070724
v -11.052711 77.279007 -13.971404
v -11.052711 74.523529 -13.971404
v -10.585236 77.279007 -13.070724
v -10.585236 74.523529 -13.070724
v -10.585236 77.279007 -13.971404
v -10.585236 74.523529 -13.971404
v -10.654434 85.708130 -6.900217
v -10.667545 85.486320 -7.178853
v -10.983511 85.719070 -6.886477
v -10.970402 85.475372 -7.192595
v -10.983513 78.388649 -13.889215
v -10.970403 78.144943 -13.583097
v -10.654435 78.377708 -13.875472
v -10.667546 78.155884 -13.596839
v -11.045174 84.774231 -7.178051
v -10.592772 84.774231 -7.178054
v -10.592773 84.774231 -8.078733
v -11.052711 77.279007 -13.070724
v -11.052711 80.034485 -13.070724
v -11.052711 77.279007 -13.971404
v -11.052711 80.034485 -13.971404
v -10.585236 77.279007 -13.070724
v -10.585236 80.034485 -13.070724
v -10.585236 77.279007 -13.971404
v -10.585236 80.034485 -13.971404
v -10.667544 85.955139 -7.082944
v -10.654435 85.955139 -7.591887
v -10.970402 85.955139 -7.105790
v -10.983512 85.955139 -7.569040
v -10.970403 85.941414 -7.580489
v -10.983512 85.955139 -7.105813
v -10.667546 85.968864 -7.580489
v -10.654436 85.955147 -7.082967
v -11.045175 84.774231 -8.078732
v -10.592773 87.136047 -8.078734
v -10.592773 87.136047 -7.178054
v -10.654434 86.202141 -6.900221
v -10.667545 86.423965 -7.178855
v -10.983511 86.191200 -6.886480
v -10.970402 86.434906 -7.192596
v -10.983513 93.532570 -13.875472
v -10.970403 93.765335 -13.583095
v -10.654435 93.521629 -13.889214
v -10.667546 93.754395 -13.596836
v -11.045175 87.136047 -7.178053
v -11.045174 87.136047 -8.078732
v -11.052711 94.631271 -13.070724
v -11.052711 91.875778 -13.070724
v -11.052711 94.631271 -13.971404
v -11.052711 91.875778 -13.971404
v -10.585236 94.631271 -13.070724
v -10.585236 91.875778 -13.070724
v -10.585236 94.631271 -13.971404
v -10.585236 91.875778 -13.971404
v -10.654434 103.060387 -6.900221
v -10.667545 102.838570 -7.178855
v -10.983511 103.071335 -6.886479
v -10.970402 102.827629 -7.192596
v -10.983513 95.740906 -13.889215
v -10.970403 95.497200 -13.583093
v -10.654436 95.729973 -13.875474
v -10.667546 95.508141 -13.596836
v -11.045175 102.126495 -7.178053
v -10.592773 102.126495 -8.078733
v -11.052711 94.631271 -13.070724
v -11.052711 97.386749 -13.070724
v -11.052711 94.631271 -13.971404
v -11.052711 97.386749 -13.971404
v -10.585236 94.631271 -13.070724
v -10.585236 97.386749 -13.070724
v -10.585236 94.631271 -13.971404
v -10.585236 97.386749 -13.971404
v -10.667544 103.307396 -7.082941
v -10.654435 103.307396 -7.591886
v -10.970402 103.307396 -7.105786
v -10.983512 103.307404 -7.569043
v -10.970403 103.293671 -7.580490
v -10.983512 103.307396 -7.105813
v -10.667546 103.321121 -7.580489
v -10.654436 103.307396 -7.082965
v -11.045175 102.126495 -8.078732
v -10.592773 104.488304 -8.078734
v -10.592773 102.126495 -7.178054
v -10.654434 103.554390 -6.900217
v -10.667545 103.776222 -7.178853
v -10.983511 103.543457 -6.886476
v -10.970402 103.787163 -7.192597
v -10.983513 110.884834 -13.875477
v -10.970403 111.117584 -13.583097
v -10.654435 110.873886 -13.889218
v -10.667546 111.106659 -13.596841
v -11.045174 104.488304 -7.178051
v -11.045174 104.488304 -8.078732
v -10.592772 104.488304 -7.178054
v -11.052711 111.983528 -13.070724
v -11.052711 109.228035 -13.070724
v -11.052711 111.983528 -13.971404
v -11.052711 109.228035 -13.971404
v -10.585236 111.983528 -13.070724
v -10.585236 109.228035 -13.070724
v -10.585236 111.983528 -13.971404
v -10.585236 109.228035 -13.971404
v -10.983511 16.310068 -7.125804
v -10.970401 16.077305 -6.833428
v -10.654434 16.299128 -7.112062
v -10.667544 16.066366 -6.819686
v -10.676282 8.756644 -0.348004
v -10.961658 8.769704 -0.348004
v -10.592772 15.365222 -6.834229
v -10.592772 15.365222 -5.933550
v -11.045172 15.365222 -5.933548
v -10.585233 7.870001 -0.941559
v -10.585233 10.625485 -0.941559
v -11.052709 7.870001 -0.941559
v -11.052709 10.625485 -0.941559
v -10.970401 16.546129 -6.906494
v -10.983511 16.546129 -6.420397
v -10.667544 16.546129 -6.929339
v -10.654433 16.546129 -6.443243
v -10.654434 16.546129 -6.420373
v -10.667544 16.546129 -6.906471
v -10.983510 16.546129 -6.443220
v -10.970400 16.546129 -6.929316
v -10.592772 17.727036 -5.933550
v -11.045173 17.727036 -5.933548
v -11.045173 15.365222 -6.834229
v -10.983511 16.782188 -7.125803
v -10.970401 17.014952 -6.833428
v -10.654434 16.793129 -7.112062
v -10.667544 17.025892 -6.819686
v -10.676282 24.335613 -0.348004
v -10.592772 17.727034 -6.834230
v -11.045173 17.727034 -6.834229
v -10.585233 25.222254 -0.941559
v -10.585233 22.466770 -0.941559
v -11.052708 25.222254 -0.941559
v -10.983511 33.662319 -7.125804
v -10.970401 33.429558 -6.833428
v -10.654434 33.651382 -7.112062
v -10.667544 33.418621 -6.819686
v -10.676282 26.108896 -0.348004
v -10.961658 26.121956 -0.348004
v -10.592772 32.717472 -6.834229
v -10.592772 32.717472 -5.933550
v -11.045173 32.717472 -6.834229
v -10.585233 25.222254 -0.941559
v -10.585233 27.977737 -0.941559
v -11.052708 25.222254 -0.941559
v -10.970401 33.898380 -6.906494
v -10.983511 33.898380 -6.420396
v -10.667544 33.898376 -6.929339
v -10.654433 33.898380 -6.443243
v -10.654434 33.898376 -6.420372
v -10.667544 33.898376 -6.906471
v -10.983510 33.898376 -6.443219
v -10.970400 33.898376 -6.929316
v -10.592772 35.079285 -5.933550
v -11.045173 32.717472 -5.933548
v -11.045173 35.079285 -6.834229
v -10.983511 34.134441 -7.125803
v -10.970401 34.367207 -6.833428
v -10.654434 34.145382 -7.112062
v -10.667544 34.378143 -6.819685
v -10.676282 41.687870 -0.348004
v -10.592772 35.079285 -6.834230
v -11.045172 35.079285 -5.933548
v -10.585233 39.819027 -0.941559
v -11.052708 42.574509 -0.941559
v -10.983511 51.014568 -7.125802
v -10.970401 50.781811 -6.833428
v -10.654434 51.003632 -7.112062
v -10.667544 50.770870 -6.819686
v -10.676282 43.461147 -0.348004
v -10.961658 43.474209 -0.348004
v -10.592772 50.069725 -6.834230
v -11.045172 50.069725 -5.933548
v -10.585233 45.329987 -0.941559
v -11.052708 42.574509 -0.941559
v -10.970401 51.250629 -6.906492
v -10.983511 51.250633 -6.420396
v -10.667544 51.250629 -6.929338
v -10.654433 51.250633 -6.443243
v -10.654434 51.250629 -6.420373
v -10.667544 51.250633 -6.906470
v -10.983510 51.250629 -6.443219
v -10.970400 51.250633 -6.929316
v -10.592772 50.069725 -5.933550
v -11.045173 52.431534 -5.933548
v -11.045173 50.069725 -6.834229
v -10.983511 51.486694 -7.125803
v -10.970401 51.719456 -6.833428
v -10.654434 51.497635 -7.112062
v -10.667544 51.730392 -6.819686
v -10.592772 52.431534 -6.834229
v -10.592772 52.431534 -5.933550
v -11.045173 52.431534 -6.834229
v -10.585233 57.171272 -0.941559
v -11.052708 59.926765 -0.941559
v -11.052709 57.171272 -0.941559
v -10.983511 68.366821 -7.125802
v -10.970401 68.134064 -6.833428
v -10.654434 68.355888 -7.112061
v -10.667544 68.123123 -6.819685
v -10.676282 60.813396 -0.348004
v -10.961658 60.826462 -0.348005
v -10.592772 67.421974 -6.834230
v -10.592772 67.421974 -5.933550
v -10.585233 62.682236 -0.941559
v -11.052708 59.926765 -0.941559
v -11.052709 62.682236 -0.941559
v -10.970401 68.602890 -6.906492
v -10.983511 68.602882 -6.420396
v -10.667544 68.602882 -6.929338
v -10.654433 68.602882 -6.443240
v -10.654434 68.602882 -6.420374
v -10.667544 68.602890 -6.906466
v -10.983510 68.602882 -6.443221
v -10.970400 68.602882 -6.929315
v -10.592772 69.783791 -5.933550
v -11.045173 67.421982 -5.933548
v -11.045173 67.421982 -6.834229
v -10.983511 68.838943 -7.125802
v -10.970401 69.071709 -6.833428
v -10.654434 68.849884 -7.112061
v -10.667544 69.082649 -6.819687
v -10.592772 69.783791 -6.834229
v -11.045173 69.783791 -6.834229
v -11.045172 69.783791 -5.933548
v -10.585233 74.523529 -0.941559
v -11.052708 77.279007 -0.941559
v -11.052709 74.523529 -0.941559
v -10.983511 85.719078 -7.125805
v -10.970401 85.486320 -6.833429
v -10.654434 85.708130 -7.112065
v -10.667544 85.475372 -6.819687
v -10.676282 78.165649 -0.348004
v -10.961658 78.178711 -0.348004
v -10.592772 84.774231 -6.834230
v -10.592772 84.774231 -5.933550
v -11.045172 84.774231 -5.933548
v -10.585233 80.034485 -0.941559
v -11.052708 77.279007 -0.941559
v -10.970401 85.955139 -6.906493
v -10.983511 85.955139 -6.420396
v -10.667544 85.955139 -6.929338
v -10.654433 85.955139 -6.443242
v -10.654434 85.941414 -6.431796
v -10.667544 85.955139 -6.906469
v -10.983510 85.968864 -6.431796
v -10.970400 85.955147 -6.929315
v -10.592772 87.136047 -5.933550
v -11.045173 87.136047 -5.933548
v -11.045173 84.774231 -6.834229
v -10.983511 86.191200 -7.125802
v -10.970401 86.423965 -6.833427
v -10.654434 86.202141 -7.112061
v -10.667544 86.434906 -6.819686
v -10.592772 87.136047 -6.834229
v -11.045173 87.136047 -6.834229
v -10.585233 91.875778 -0.941559
v -11.052708 94.631271 -0.941559
v -10.983511 103.071335 -7.125803
v -10.970401 102.838570 -6.833427
v -10.654434 103.060387 -7.112062
v -10.667544 102.827629 -6.819686
v -10.676282 95.517906 -0.348004
v -10.961658 95.530968 -0.348004
v -10.592772 102.126495 -6.834229
v -10.592772 102.126495 -5.933550
v -11.045173 102.126495 -6.834229
v -11.045172 102.126495 -5.933548
v -10.585233 97.386749 -0.941559
v -11.052708 94.631271 -0.941559
v -10.970401 103.307396 -6.906497
v -10.983511 103.307396 -6.420396
v -10.667544 103.307396 -6.929342
v -10.654433 103.307404 -6.443241
v -10.654434 103.307396 -6.420373
v -10.667544 103.307396 -6.906470
v -10.983510 103.307396 -6.443219
v -10.970400 103.307396 -6.929316
v -10.592772 104.488304 -5.933550
v -11.045173 104.488304 -5.933548
v -11.045173 104.488304 -6.834229
v -10.983511 103.543457 -7.125806
v -10.970401 103.776222 -6.833429
v -10.654434 103.554390 -7.112065
v -10.667544 103.787163 -6.819685
v -10.592772 104.488304 -6.834230
v -10.585233 109.228035 -0.941559
v -11.052708 111.983536 -0.941559
v 5.590655 131.195007 -9.525552
v -4.452450 132.573196 -11.210250
v 5.871912 134.857910 9.694042
v 4.460765 134.857910 11.246156
v -4.257907 135.510239 -10.521497
v 4.460765 134.857910 -11.246178
v 4.257977 135.510239 -10.521497
v -4.257907 135.510239 10.521474
v 5.615529 134.857910 9.536846
v 5.871912 134.857910 -9.694065
v -4.460696 134.857910 -11.246178
v 5.125954 135.510239 -9.236695
v 5.125954 135.510239 9.236671
v -5.871843 134.857910 9.694042
v -5.871843 134.857910 -9.694065
v 4.257977 135.510239 10.521474
v -4.460696 134.857910 11.246156
v -5.125885 135.510239 -9.236695
v -5.615459 135.510239 9.536844
v -4.566894 134.857910 -11.625684
v -5.615459 134.857910 -9.536868
v -5.615459 134.857910 9.536844
v -5.615459 128.910278 -9.536867
v 4.566963 134.857910 -11.625684
v 4.460765 128.910278 -11.246178
v -5.871843 136.562576 -9.694065
v -5.615459 128.910278 9.536845
v 5.615529 128.910278 -9.536868
v -4.566893 134.857910 11.625661
v -4.460696 128.910278 11.246156
v 4.566962 134.857910 11.625661
v 4.460765 128.910278 11.246155
v 5.615529 128.910278 9.536844
v -5.615459 136.562576 9.536844
v -5.615459 136.562576 -9.536867
v 4.460765 136.562576 11.246155
v 5.871912 136.562576 9.694041
v 4.566963 136.562576 11.625661
v 5.615529 136.562576 9.536846
v 5.615529 136.562576 -9.536867
v -5.871843 136.562576 9.694041
v -4.566894 136.562576 -11.625684
v -4.566893 136.562576 11.625661
v 5.871912 136.562576 -9.694065
v -4.460696 136.562576 11.246156
v 4.410704 136.562576 -11.499182
v -4.460696 136.562576 -11.246178
v -5.534621 131.195007 9.560234
v -5.553276 132.573196 9.532620
v -4.423820 131.195007 -11.156358
v -4.460696 128.910278 -11.246178
v -5.590586 131.195007 -9.525552
v -5.534621 132.573196 -9.512121
v 5.534690 132.573196 -9.463986
v 5.556737 131.195007 9.575734
v 4.464655 132.573196 -11.192286
v 4.413932 131.195007 -11.219232
v -4.452449 132.573196 11.210227
v 4.436025 132.573196 11.138371
v 4.413932 131.195007 11.219209
v 5.588583 132.573196 9.480461
v -4.385233 131.195007 11.165318
v 5.615529 134.857910 -9.536868
v -5.262531 129.083572 -14.937880
v -4.879087 129.044189 -14.936201
v -4.897228 129.083572 -14.543260
v -5.280671 129.044189 -14.544937
v -5.169855 131.632294 -14.753864
v -4.970562 131.539185 -14.846283
v -4.969964 131.535690 -14.630652
v -5.183447 132.089828 -14.740569
v -4.974010 132.089828 -14.844137
v -4.977954 132.089828 -14.637001
v -5.183446 134.186218 -14.844137
v -4.976309 134.186218 -14.748940
v -5.183446 134.186218 -14.638645
v -5.134276 137.559906 -14.740571
v -5.031352 137.559906 -14.781254
v -5.020998 137.559906 -14.699888
v -5.079876 137.946060 -14.740571
v -5.028046 130.209854 -14.975094
v -5.028046 128.920502 -14.824667
v -4.732301 128.939026 -14.692776
v -4.732301 130.191330 -15.106986
v -4.733190 130.195023 -14.689070
v -4.733190 128.935318 -15.110691
v -4.739955 129.633423 -15.089431
v -4.739810 129.467682 -15.036248
v -4.739985 129.632584 -14.981531
v -5.028046 130.209854 -14.504422
v -5.028046 128.920502 -14.353995
v -4.732301 128.939026 -14.222105
v -4.732300 130.191330 -14.636314
v -4.733190 130.195023 -14.218399
v -4.733190 128.935318 -14.640019
v -4.739955 129.633423 -14.618761
v -4.739810 129.467667 -14.565579
v -4.739985 129.632584 -14.510860
v -4.794636 131.693848 -15.815152
v -4.767861 131.589767 -15.612309
v -5.378754 131.649231 -15.764466
v -5.374340 134.162277 -15.790009
v -4.771123 134.172241 -15.706704
v -5.287294 134.131958 -15.859396
v -4.797611 134.131958 -15.663342
v -5.362248 131.728531 -15.663342
v -4.872564 131.728531 -15.859396
v -5.142623 133.904404 -14.801781
v -5.079929 133.883499 -15.619814
v -5.017236 133.862610 -14.801781
v -5.079929 133.891571 -14.989140
v -5.079930 133.856903 -14.932952
v -5.079929 132.779312 -15.636492
v -5.246440 131.820389 -15.545822
v -5.246440 132.073547 -15.471831
v -4.913418 131.946976 -15.508826
v -5.976912 134.196411 -14.566178
v -6.051666 134.148071 -14.548891
v -5.674312 131.589767 -14.042059
v -5.920699 131.589767 -13.951661
v -5.700303 134.164185 -14.010728
v -6.112138 134.166656 -14.193137
v -6.114877 131.670700 -14.479807
v -5.851368 131.728531 -13.952387
v -5.821570 134.131958 -13.997422
v -6.150375 134.131958 -14.337477
v -5.983508 134.131958 -14.522985
v -5.821923 131.728531 -13.997337
v -6.130749 131.728531 -14.404511
v -5.862154 133.852158 -14.319216
v -5.138045 133.883499 -14.701085
v -5.815135 133.946198 -14.237775
v -5.860925 132.779312 -14.283731
v -5.300301 133.891571 -14.607408
v -5.251641 133.856903 -14.635502
v -5.763226 131.946976 -14.147867
v -5.881678 132.010254 -14.464019
v -5.612617 131.883682 -14.330956
v -4.477594 134.185669 -14.037451
v -4.215553 131.645279 -13.980198
v -4.479436 131.607117 -14.030193
v -4.182878 131.589767 -14.566121
v -4.182878 134.196411 -14.566121
v -4.021769 131.696503 -14.447336
v -4.093532 134.148071 -14.533215
v -4.009148 134.167770 -14.319094
v -4.252462 134.164185 -13.959863
v -4.029040 134.131958 -14.404455
v -4.337866 134.131958 -13.997281
v -4.176281 131.728516 -14.522928
v -4.009414 131.728531 -14.337419
v -4.338218 131.728531 -13.997366
v -4.990398 133.820816 -14.755322
v -4.313308 133.883514 -14.292014
v -5.037418 133.914856 -14.673883
v -4.298865 132.779312 -14.283672
v -4.859488 133.891571 -14.607351
v -4.908148 133.856903 -14.635446
v -4.422288 131.946976 -14.547203
v -4.540740 131.883682 -14.231052
v -4.271680 132.010254 -14.364113
v -4.794636 134.577927 -15.815152
v -4.767861 134.473862 -15.612309
v -5.378754 134.533325 -15.764466
v -5.377669 137.041824 -15.770744
v -4.776607 137.059021 -15.738439
v -5.287294 137.016052 -15.859396
v -4.797611 137.016052 -15.663342
v -5.337173 134.612610 -15.789839
v -4.811962 134.612610 -15.744823
v -5.142623 136.746704 -15.619814
v -5.017236 136.788513 -15.619814
v -5.079929 136.767609 -14.801781
v -5.077009 135.646088 -15.608397
v -5.081390 135.672089 -15.650537
v -5.079930 136.758331 -14.961047
v -5.246440 134.704483 -15.545822
v -5.246440 134.957626 -15.471831
v -4.913418 134.831055 -15.508826
v -5.976912 137.080505 -14.566177
v -6.132263 134.570984 -14.455092
v -6.051666 137.032166 -14.548891
v -5.976912 134.473862 -14.566178
v -5.696333 134.577927 -14.021184
v -5.934452 134.527222 -13.963635
v -5.688051 137.061172 -14.015826
v -6.112138 137.050751 -14.193137
v -5.889697 137.016052 -13.980887
v -6.089108 137.016052 -14.460461
v -5.821923 134.612610 -13.997337
v -6.130749 134.612610 -14.404511
v -5.846481 136.767609 -14.292068
v -5.122371 136.736252 -14.673938
v -5.169391 136.830292 -14.755379
v -5.860922 135.663422 -14.283731
v -5.300301 136.775665 -14.607408
v -5.251641 136.741013 -14.635502
v -5.763226 134.831055 -14.147867
v -5.881678 134.894348 -14.464019
v -5.612617 134.767761 -14.330956
v -4.461593 137.048279 -14.011549
v -4.182878 134.473862 -14.566123
v -4.182878 137.080505 -14.566121
v -3.995532 134.524323 -14.366745
v -4.010087 137.030930 -14.427495
v -4.184681 137.064407 -14.015062
v -4.131036 134.612610 -14.552598
v -4.340728 134.543228 -13.963180
v -4.020882 137.016052 -14.345469
v -4.438419 137.016052 -14.028924
v -4.039632 134.612610 -14.418686
v -4.338218 134.612610 -13.997366
v -4.344654 136.704910 -14.237719
v -4.297635 136.798965 -14.319160
v -5.021745 136.767609 -14.701030
v -4.324654 135.646088 -14.295190
v -4.285972 135.672089 -14.277915
v -4.883818 136.758331 -14.621396
v -4.422288 134.831055 -14.547203
v -4.296657 134.767761 -14.320853
v -4.540740 134.894348 -14.231052
v -5.124327 129.564880 -14.451703
v -5.124327 130.142654 -15.029495
v -5.246551 130.142654 -14.451703
v -5.246551 129.564880 -15.029495
v -2.873565 129.015625 -14.740616
v -2.916428 128.979477 -14.740616
v -5.067324 132.725204 -14.740616
v -2.984183 128.920547 -14.740616
v -2.858118 128.952072 -14.772134
v -2.952667 129.046616 -14.709099
v -5.061890 132.725204 -14.765481
v -6.172335 128.997559 -16.632753
v -5.110451 132.725204 -14.737445
v -6.116824 129.015091 -16.561819
v -6.136186 128.983582 -16.696207
v -6.229603 128.952072 -16.605881
v -5.086140 132.725204 -14.729718
v -6.179086 128.988510 -12.864717
v -6.158740 129.015625 -12.815848
v -6.182300 128.983582 -12.957182
v -6.088881 128.952072 -12.866854
v -6.218038 129.015091 -12.832248
v -5.285024 133.167358 -14.808980
v -5.285024 132.757065 -14.672216
v -4.874733 132.757065 -14.808980
v -4.874733 133.167358 -14.672216
v -5.663151 131.844986 -14.270454
v -5.671189 131.843170 -14.245105
v -5.692481 131.842255 -14.265932
v -5.536019 130.551941 -14.338799
v -5.544092 130.544785 -14.313310
v -5.565140 130.541061 -14.334215
v -5.166507 130.069061 -14.544683
v -5.227237 130.058533 -14.596555
v -5.207792 130.083008 -14.605344
v -5.204034 130.053726 -14.610174
v -5.085309 131.843719 -15.461633
v -5.074553 131.842026 -15.489372
v -5.056621 131.843155 -15.469682
v -5.080815 130.129578 -15.331349
v -5.100945 129.990128 -15.289931
v -5.069410 130.148758 -15.364493
v -5.014407 129.866776 -14.957308
v -5.015844 129.898483 -14.975195
v -5.012153 129.934433 -14.884035
v -5.145144 131.844986 -15.451825
v -5.163078 131.843170 -15.471462
v -5.134392 131.842255 -15.479486
v -5.143983 130.517715 -15.297106
v -5.166854 130.652893 -15.352541
v -5.140642 130.543610 -15.336122
v -5.082220 130.065826 -14.915263
v -5.080942 130.073792 -14.873023
v -5.080894 130.079956 -14.900676
v -5.094022 134.736099 -15.453731
v -5.073795 134.732895 -15.505896
v -5.040074 134.735031 -15.468869
v -5.081631 133.029343 -15.316010
v -5.114912 133.003326 -15.346728
v -5.060699 133.037888 -15.372002
v -5.078988 132.810410 -15.180867
v -5.067246 132.866699 -15.174112
v -5.012284 132.839905 -14.881813
v -5.015928 132.770828 -14.906280
v -5.012224 132.799942 -14.930069
v -5.145933 134.738449 -15.435303
v -5.179659 134.735031 -15.472228
v -5.125714 134.733322 -15.487316
v -5.167370 133.439346 -15.308013
v -5.146761 133.417053 -15.358502
v -5.113141 133.433197 -15.323045
v -5.080973 132.963531 -14.858849
v -5.079884 132.944916 -14.915436
v -5.080694 132.982193 -14.904610
v -5.697503 131.844299 -14.387966
v -5.705589 131.843155 -14.362593
v -5.726906 131.842590 -14.383414
v -5.603387 130.167755 -14.428460
v -5.618605 130.118317 -14.422745
v -5.621947 130.152405 -14.449382
v -5.411793 129.949707 -14.547393
v -5.432404 129.934097 -14.558679
v -5.381798 129.912445 -14.556079
v -5.240808 129.921494 -14.723842
v -5.205649 129.903076 -14.659936
v -5.259880 129.926132 -14.711740
v -5.261280 129.907455 -14.713797
v -5.663100 131.844986 -14.328383
v -5.671138 131.843170 -14.303035
v -5.692429 131.842255 -14.323862
v -5.535969 130.551941 -14.396728
v -5.544040 130.544785 -14.371241
v -5.565088 130.541061 -14.392146
v -5.166455 130.069061 -14.602612
v -5.227185 130.058548 -14.654485
v -5.207737 130.083008 -14.663276
v -5.203981 130.053726 -14.668104
v -5.697503 134.742096 -14.387966
v -5.705589 134.740967 -14.362593
v -5.726907 134.740402 -14.383413
v -5.603391 133.065582 -14.428458
v -5.618608 133.016144 -14.422744
v -5.621950 133.050232 -14.449382
v -5.411836 132.847534 -14.547367
v -5.432446 132.831940 -14.558655
v -5.381788 132.810257 -14.556086
v -5.240812 132.819290 -14.723840
v -5.205651 132.800888 -14.659933
v -5.259882 132.823914 -14.711740
v -5.261279 132.805252 -14.713799
v -5.663137 134.742798 -14.328362
v -5.671175 134.740967 -14.303013
v -5.692467 134.740067 -14.323845
v -5.536001 133.449738 -14.396709
v -5.544074 133.442566 -14.371222
v -5.565118 133.438858 -14.392127
v -5.166492 132.966873 -14.602591
v -5.227219 132.956360 -14.654468
v -5.207776 132.980820 -14.663254
v -5.204019 132.951523 -14.668083
v -5.663128 134.742798 -14.270386
v -5.671166 134.740967 -14.245035
v -5.692458 134.740067 -14.265869
v -5.535993 133.449738 -14.338733
v -5.544063 133.442566 -14.313244
v -5.565109 133.438858 -14.334149
v -5.166483 132.966873 -14.544612
v -5.227211 132.956360 -14.596489
v -5.207766 132.980820 -14.605278
v -5.204010 132.951523 -14.610105
v -4.464792 134.741302 -14.383015
v -4.435959 134.739594 -14.375685
v -4.459156 134.740158 -14.356987
v -4.558179 133.052246 -14.430613
v -4.535604 133.047882 -14.449971
v -4.527645 133.052017 -14.422434
v -4.744753 132.838928 -14.538760
v -4.730366 132.826447 -14.562133
v -4.728416 132.811142 -14.536965
v -4.991468 132.817581 -14.612700
v -4.982264 132.794479 -14.609515
v -4.974274 132.822418 -14.602086
v -4.380197 134.741989 -14.471584
v -4.351425 134.739258 -14.464301
v -4.374605 134.740173 -14.445584
v -4.492253 133.473083 -14.534358
v -4.477073 133.441620 -14.553347
v -4.476526 133.443817 -14.522771
v -4.906030 132.964523 -14.701483
v -4.880722 132.946014 -14.687056
v -4.880744 132.968994 -14.686157
v -5.205891 137.840378 -14.848939
v -4.953873 137.839401 -14.632345
v -4.952518 137.840378 -14.848947
v -5.200922 138.212509 -14.749230
v -4.958841 138.212509 -14.732053
v -5.207245 137.839401 -14.632337
v 4.511617 129.079620 -14.748049
v 4.790725 129.041870 -15.022685
v 5.052972 129.079620 -14.733090
v 4.773866 129.041870 -14.458453
v 4.734651 131.661926 -14.807761
v 4.937739 131.535690 -14.735639
v 4.779696 131.540802 -14.589103
v 4.636990 132.089828 -14.741731
v 4.782296 132.089828 -14.887036
v 4.861447 132.089828 -14.673252
v 4.635828 134.186218 -14.740569
v 4.849611 134.186218 -14.819722
v 4.781133 134.186218 -14.595265
v 4.749575 137.559906 -14.707852
v 4.782296 137.559906 -14.806013
v 4.847737 137.559906 -14.740573
v 4.782296 137.945297 -14.740573
v 5.042999 128.932846 -14.924944
v 4.741372 130.197495 -15.226570
v 5.019274 130.197495 -14.901217
v 4.717648 128.932846 -15.202846
v 4.778852 129.631882 -15.226978
v 4.778872 129.498535 -15.226912
v 4.847205 129.499695 -15.155194
v 4.848184 129.629807 -15.153952
v 5.375813 128.932846 -14.592131
v 5.074183 130.197510 -14.893759
v 5.352087 130.197510 -14.568406
v 5.050457 128.932846 -14.870035
v 5.111665 129.631882 -14.894167
v 5.111685 129.498535 -14.894097
v 5.180020 129.499695 -14.822378
v 5.180999 129.629807 -14.821136
v 4.371645 134.164185 -15.595490
v 4.173196 131.666855 -15.703647
v 3.963609 131.589767 -15.131241
v 3.963608 134.196411 -15.131241
v 3.859735 131.629410 -15.414816
v 3.882034 134.142685 -15.195027
v 3.921968 134.164185 -15.526699
v 3.893047 131.705399 -15.179026
v 4.387548 131.641800 -15.572597
v 3.871011 134.131958 -15.360869
v 4.330401 134.131958 -15.593425
v 3.914001 131.728531 -15.199368
v 4.345517 131.728531 -15.572728
v 3.957366 131.728531 -15.557773
v 4.694645 133.883499 -14.739486
v 4.160541 133.883499 -15.362253
v 4.783307 133.883499 -14.828149
v 4.148746 132.779312 -15.374045
v 4.606494 133.891571 -14.916299
v 4.646225 133.856903 -14.876569
v 4.082038 131.883682 -15.205273
v 4.376370 132.010254 -15.264164
v 4.278280 131.946976 -15.479995
v 4.271310 134.196411 -13.982958
v 4.230384 131.663239 -13.780573
v 4.238792 134.144852 -13.901184
v 4.836975 131.641800 -13.727186
v 4.849157 134.159576 -13.770570
v 4.457621 134.164185 -13.604232
v 4.755104 134.131958 -13.635775
v 4.266295 134.131958 -13.829412
v 4.819827 131.728531 -13.771302
v 4.295811 131.728531 -13.711008
v 4.527085 133.852158 -13.889475
v 4.769085 133.883514 -14.671521
v 4.617919 133.946198 -13.865135
v 4.553046 132.779312 -13.865252
v 4.720593 133.891571 -14.490547
v 4.735136 133.856903 -14.544820
v 4.746926 131.946976 -13.945473
v 4.410889 132.010254 -13.978061
v 4.453977 131.820389 -14.138867
v 5.709751 134.148071 -14.670445
v 5.915195 131.671387 -14.763463
v 5.696562 131.589767 -14.666913
v 5.539924 134.196411 -15.251492
v 5.812380 131.682266 -15.238470
v 5.565661 131.624451 -15.266362
v 5.779490 134.160141 -15.281490
v 5.916202 134.168777 -14.787640
v 5.765634 134.131958 -15.251988
v 5.832446 134.131958 -14.740033
v 5.575130 131.728516 -15.225614
v 5.825212 131.728531 -15.221079
v 5.832137 131.728531 -14.739797
v 4.835135 133.883499 -14.814274
v 5.641521 133.883514 -14.965441
v 4.867587 133.883499 -14.693159
v 5.657630 132.779312 -14.969756
v 5.033093 133.891571 -14.799388
v 4.991252 133.865585 -14.792713
v 5.598424 131.946976 -15.126276
v 5.631014 132.010254 -14.790239
v 5.405561 131.883682 -14.988406
v 4.380578 137.061172 -15.588303
v 4.247256 134.557114 -15.687945
v 4.391551 134.473862 -15.559183
v 3.950735 134.553146 -15.144114
v 3.963609 137.080505 -15.131241
v 3.882034 137.026794 -15.195027
v 3.921968 137.048279 -15.526699
v 3.831004 134.536942 -15.355527
v 3.871011 137.016052 -15.360869
v 4.330401 137.016052 -15.593425
v 3.914001 134.612610 -15.199368
v 4.345517 134.612610 -15.572728
v 3.957366 134.612610 -15.557773
v 4.694645 136.767609 -14.739486
v 4.160541 136.767609 -15.362253
v 4.783307 136.767609 -14.828149
v 4.168612 135.646088 -15.354180
v 4.128882 135.680740 -15.393910
v 4.626359 136.758331 -14.896434
v 4.082038 134.767761 -15.205273
v 4.376370 134.894348 -15.264164
v 4.278280 134.831055 -15.479995
v 4.231507 137.046371 -13.803960
v 4.231616 134.533325 -13.806223
v 4.855890 134.473862 -13.826320
v 4.830326 137.056335 -13.712305
v 4.792914 134.569931 -13.633513
v 4.755104 137.016052 -13.635775
v 4.266295 137.016052 -13.829412
v 4.819827 134.612610 -13.771302
v 4.295811 134.612610 -13.711008
v 4.617921 136.767609 -13.865137
v 4.496806 136.767609 -13.897587
v 4.769085 136.767609 -14.671521
v 4.553047 135.663422 -13.865255
v 4.720593 136.775665 -14.490547
v 4.735136 136.741013 -14.544822
v 4.746926 134.831055 -13.945473
v 4.396526 134.831055 -13.924458
v 4.453977 134.831055 -14.138867
v 5.696562 137.080505 -14.666913
v 5.928307 134.501617 -14.860558
v 5.756203 134.473862 -14.655264
v 5.764635 137.040222 -14.660356
v 5.547461 134.493683 -15.253511
v 5.570013 137.043686 -15.277579
v 5.914662 137.048279 -15.009620
v 5.756569 134.612610 -14.670232
v 5.802390 134.566360 -15.262123
v 5.765634 137.016052 -15.251988
v 5.832446 137.016052 -14.740033
v 5.575130 134.612610 -15.225614
v 5.825212 134.612610 -15.221079
v 5.832137 134.612610 -14.739797
v 5.641521 136.767609 -14.965441
v 4.843248 136.736252 -14.783995
v 4.867587 136.830292 -14.693159
v 5.657628 135.663422 -14.969755
v 5.033093 136.775665 -14.799388
v 4.991251 136.749680 -14.792713
v 5.598424 134.831055 -15.126276
v 5.631014 134.894348 -14.790239
v 5.405561 134.767761 -14.988406
v 4.955125 129.564880 -14.504880
v 4.546566 130.142654 -14.913440
v 4.868700 130.142654 -14.418455
v 4.460141 129.564880 -14.827015
v 6.344697 129.006592 -16.283213
v 4.791140 132.725204 -14.749479
v 6.292229 128.979477 -16.290216
v 6.255228 128.952072 -16.231398
v 6.375570 129.015091 -16.244766
v 6.308713 128.983582 -16.356197
v 4.770144 132.725204 -14.743822
v 2.699794 128.979477 -15.327596
v 2.657858 129.006592 -15.295296
v 2.757985 128.983582 -15.282979
v 2.628058 128.952072 -15.285166
v 2.652529 129.046616 -15.376493
v 5.326247 129.015625 -12.602202
v 4.785541 132.725204 -14.728468
v 5.358548 128.988510 -12.644139
v 5.271970 129.015091 -12.669552
v 5.385583 128.983582 -12.732623
v 5.387768 128.952057 -12.602696
v 4.782275 132.962204 -14.450470
v 4.492155 132.962204 -14.740590
v 5.072395 132.962204 -14.740590
v 4.782275 132.757065 -15.030709
v 4.782275 133.167358 -15.030709
v 4.702281 131.844986 -13.995712
v 4.714522 131.843170 -13.972102
v 4.684738 131.842255 -13.971778
v 4.740696 130.687317 -14.093155
v 4.726372 130.514801 -14.127371
v 4.743016 130.568359 -14.095945
v 4.789277 130.079697 -14.559195
v 4.779604 130.057663 -14.533134
v 4.785341 130.082214 -14.550278
v 4.281888 131.844299 -15.245976
v 4.255929 131.842590 -15.260519
v 4.283180 131.843155 -15.272575
v 4.359824 130.155029 -15.175795
v 4.330618 130.161301 -15.165543
v 4.335047 130.143219 -15.188728
v 4.512213 129.941803 -15.022882
v 4.487089 129.930771 -15.007949
v 4.502757 129.912399 -15.024299
v 4.731925 129.919495 -14.886948
v 4.724165 129.898285 -14.891418
v 4.718144 129.926575 -14.901487
v 4.233211 131.844986 -15.197353
v 4.207312 131.842255 -15.211837
v 4.234539 131.843170 -15.223914
v 4.331726 130.553192 -15.092463
v 4.306166 130.541229 -15.106565
v 4.332595 130.547119 -15.119484
v 4.616095 130.056900 -14.799436
v 4.680768 130.066971 -14.841477
v 4.660868 130.057114 -14.860662
v 4.667163 130.080872 -14.852436
v 4.293026 134.737167 -15.233679
v 4.244216 134.733963 -15.261026
v 4.295455 134.735031 -15.283701
v 4.399748 132.935211 -15.142136
v 4.357671 132.894669 -15.110433
v 4.374307 132.861771 -15.156570
v 4.731295 132.835114 -14.884270
v 4.742774 132.793259 -14.876667
v 4.708471 132.789398 -14.910774
v 4.244337 134.738449 -15.185112
v 4.195632 134.733322 -15.212347
v 4.246833 134.735031 -15.235058
v 4.342012 133.453308 -15.081053
v 4.294888 133.428894 -15.106456
v 4.345019 133.439560 -15.131009
v 4.688933 132.962570 -14.833882
v 4.651432 132.928757 -14.869369
v 4.652953 132.978897 -14.869785
v 4.594897 131.844299 -14.054515
v 4.607121 131.843155 -14.030855
v 4.577325 131.842590 -14.030502
v 4.638143 130.112808 -14.163652
v 4.620347 130.102371 -14.140640
v 4.607011 130.121536 -14.158605
v 4.702429 129.931335 -14.402875
v 4.689423 129.903580 -14.398546
v 4.667338 129.902252 -14.552596
v 4.679629 129.927979 -14.616173
v 4.750200 129.903015 -14.594808
v 4.673088 129.906708 -14.595876
v 4.661354 131.844986 -14.036711
v 4.673595 131.843170 -14.013103
v 4.643811 131.842255 -14.012777
v 4.699770 130.687332 -14.134153
v 4.685446 130.514816 -14.168368
v 4.702089 130.568359 -14.136944
v 4.748350 130.079697 -14.600193
v 4.738678 130.057663 -14.574133
v 4.744414 130.082214 -14.591273
v 4.594897 134.742096 -14.054515
v 4.607121 134.740967 -14.030855
v 4.577326 134.740402 -14.030502
v 4.638143 133.010620 -14.163651
v 4.620345 133.000198 -14.140639
v 4.607010 133.019348 -14.158603
v 4.702429 132.829163 -14.402877
v 4.689419 132.801407 -14.398532
v 4.667337 132.800049 -14.552598
v 4.679627 132.825775 -14.616169
v 4.750201 132.800842 -14.594805
v 4.673087 132.804489 -14.595877
v 4.661343 134.742798 -14.036669
v 4.673584 134.740967 -14.013062
v 4.643798 134.740067 -14.012735
v 4.699758 133.585144 -14.134110
v 4.685437 133.412598 -14.168340
v 4.702083 133.466141 -14.136912
v 4.748340 132.977509 -14.600151
v 4.738667 132.955460 -14.574095
v 4.744403 132.980026 -14.591232
v 4.702346 134.742798 -13.995678
v 4.714587 134.740967 -13.972071
v 4.684801 134.740067 -13.971745
v 4.740761 133.585144 -14.093121
v 4.726440 133.412598 -14.127351
v 4.743085 133.466141 -14.095922
v 4.789343 132.977509 -14.559162
v 4.779670 132.955460 -14.533104
v 4.785406 132.980026 -14.550241
v 5.470056 134.741302 -14.922670
v 5.484434 134.740158 -14.945088
v 5.499632 134.739594 -14.919466
v 5.365508 133.049911 -14.908616
v 5.397463 133.051147 -14.906033
v 5.381511 133.050232 -14.882980
v 5.160960 132.838684 -14.834554
v 5.156740 132.826614 -14.861779
v 5.174063 132.811096 -14.844914
v 4.940329 132.821701 -14.715253
v 4.924661 132.800018 -14.787320
v 4.963111 132.819733 -14.722054
v 4.963006 132.804840 -14.719978
v 5.467246 134.741989 -15.045118
v 5.481571 134.740173 -15.067523
v 5.496752 134.739258 -15.041887
v 5.326729 133.448883 -15.012000
v 5.340897 133.441299 -15.034447
v 5.356125 133.438171 -15.008915
v 4.916531 132.966095 -14.908772
v 4.933836 132.977295 -14.835260
v 4.945825 132.944244 -14.840649
v 4.959649 132.974945 -14.842405
v 4.621033 137.848114 -14.740184
v 4.782786 137.838486 -14.910620
v 4.781698 137.834702 -14.570617
v 4.943450 137.841431 -14.741051
v 4.684529 138.214233 -14.665071
v 4.879955 138.214233 -14.816164
v 11.661177 6.332224 -19.453270
v -11.661034 6.332224 19.453171
v -9.263068 6.332224 22.939796
v 11.661177 6.332224 19.453169
v 9.263210 6.332224 22.939796
v -11.661034 6.332224 -19.453272
v -9.263068 6.332224 -22.939898
v 9.263210 6.332224 -22.939898
v 11.661177 117.659042 -19.453272
v -11.661034 117.659042 19.453171
v -9.263068 117.659042 -22.939898
v 9.263210 117.659042 22.939796
v 9.263210 117.659042 -22.939898
v 11.661177 117.659042 19.453169
v -9.263067 117.659042 22.939796
v -11.661034 117.659042 -19.453272
v 12.372087 5.468451 19.037413
v 9.343465 5.461959 23.709511
v 12.022602 66.732330 18.975981
v 9.351525 119.826416 23.646654
v 12.109859 119.825874 19.000847
v 12.288372 5.380884 11.996039
v 12.025725 66.733841 12.010259
v 12.024444 119.916946 12.008305
v 5.781213 5.371111 23.582747
v 6.209702 66.734428 23.575226
v 6.211801 119.916931 23.578413
v 10.083261 5.476751 17.657236
v 8.355042 5.480875 20.230097
v 9.796007 119.800964 17.746862
v 8.349777 119.799828 20.278444
v 10.150652 5.360406 11.996557
v 9.792300 119.915108 12.012129
v 5.780862 5.369520 20.325060
v 6.209702 66.734428 20.332317
v 6.211802 119.916946 20.329130
v 12.218022 5.473072 -0.776489
v 12.024443 118.672821 -0.789628
v 12.282688 5.472807 -6.679352
v 12.025148 65.490334 -7.975281
v 12.024443 118.672821 -7.977442
v 9.886732 65.482986 -1.061310
v 9.886732 118.672783 -1.061310
v 9.886732 65.482986 -7.977438
v 9.886729 118.672791 -7.977434
v 11.419930 6.707162 18.464674
v 8.932864 6.704725 22.266861
v 11.074605 118.580330 18.528948
v 8.940406 118.581490 22.266907
v 11.419828 6.708054 13.308105
v 11.105792 118.580688 13.323934
v 6.651974 6.703668 21.953779
v 7.074680 66.727127 22.266861
v 7.074680 118.581490 22.266861
v 11.007883 6.703808 18.216436
v 8.755065 6.703808 21.640694
v 10.696804 118.580666 18.229492
v 8.755064 118.581490 21.640694
v 10.943312 6.704971 13.311047
v 10.749609 118.581490 13.319869
v 7.165959 118.577263 21.640694
v 11.355307 5.463267 -0.776718
v 11.161565 117.337349 -0.789630
v 11.419828 5.463912 -6.679338
v 11.161565 65.485115 -6.665873
v 11.161565 117.337349 -6.665873
v 10.749609 65.482986 -1.061310
v 10.749609 117.337349 -1.061310
v 10.749609 65.482986 -6.665873
v 10.749609 117.337349 -6.665873
v -12.371948 5.468451 19.037413
v -9.343327 5.461959 23.709511
v -12.022464 66.732330 18.975981
v -9.351387 119.826416 23.646654
v -12.109720 119.825874 19.000847
v -12.288233 5.380884 11.996039
v -12.025586 66.733841 12.010259
v -12.024305 119.916946 12.008305
v -5.781074 5.371111 23.582747
v -6.209563 66.734428 23.575226
v -6.211662 119.916931 23.578413
v -10.083121 5.476751 17.657236
v -8.354904 5.480875 20.230097
v -9.795869 119.800964 17.746862
v -8.349639 119.799828 20.278444
v -10.150514 5.360406 11.996557
v -9.792161 119.915108 12.012129
v -5.780723 5.369520 20.325060
v -6.209563 66.734428 20.332317
v -6.211663 119.916946 20.329130
v -12.217883 6.717212 -0.776489
v -12.024304 119.916962 -0.789628
v -12.282549 6.716948 -6.679352
v -12.025009 66.734474 -7.975281
v -12.024304 119.916962 -7.977442
v -9.886593 66.727127 -1.061310
v -9.886593 119.916924 -1.061310
v -9.886593 66.727127 -7.977438
v -9.886591 119.916931 -7.977434
v -11.419792 6.707162 18.464674
v -8.932726 6.704725 22.266861
v -11.074466 118.580330 18.528948
v -8.940268 118.581490 22.266907
v -11.419690 6.708054 13.308105
v -11.105654 118.580688 13.323934
v -6.651835 6.703668 21.953779
v -7.074541 66.727127 22.266861
v -7.074541 118.581490 22.266861
v -11.007744 6.703808 18.216436
v -8.754926 6.703808 21.640694
v -10.696666 118.580666 18.229492
v -8.754926 118.581490 21.640694
v -10.943172 6.704971 13.311047
v -10.749471 118.581490 13.319869
v -7.165821 118.577263 21.640694
v -11.355167 6.707407 -0.776718
v -11.161427 118.581490 -0.789630
v -11.419690 6.708053 -6.679338
v -11.161427 66.729256 -6.665873
v -11.161427 118.581490 -6.665873
v -10.749471 66.727127 -1.061310
v -10.749471 118.581490 -1.061310
v -10.749471 66.727127 -6.665873
v -10.749471 118.581490 -6.665873
v 8.423064 43.793869 21.235676
v -10.603481 43.793869 18.008066
v -8.422995 43.793869 21.235676
v 10.603552 43.793869 18.008064
v -8.422996 43.793869 -21.235676
v -10.603482 43.793869 -18.008064
v 10.603550 43.793869 -18.008066
v 8.423063 43.793869 -21.235676
v -10.603482 45.375870 -18.008066
v 8.423064 45.375870 -21.235676
v 10.603550 45.375870 -18.008066
v 10.603552 45.375870 18.008066
v -8.422995 45.375870 -21.235676
v -8.422996 45.375870 21.235676
v -10.603481 45.375870 18.008066
v 8.423063 45.375870 21.235676
v 8.423063 84.115936 21.235676
v -10.603481 84.115936 18.008066
v -8.422996 84.115936 21.235676
v 10.603552 84.115936 18.008064
v -10.603482 84.115936 -18.008064
v 10.603550 84.115936 -18.008066
v 8.423063 84.115936 -21.235676
v -8.422996 84.115936 -21.235676
v 10.603552 85.697922 18.008066
v -10.603482 85.697922 18.008064
v 8.423064 85.697922 -21.235676
v 10.603552 85.697922 -18.008064
v -10.603481 85.697922 -18.008066
v -8.422995 85.697922 -21.235676
v -8.422996 85.697922 21.235676
v 8.423063 85.697922 21.235676
v -12.314787 2.436161 10.423263
v -12.133292 0.002728 10.467373
v -12.133292 2.491849 10.467373
v -12.330009 2.445442 9.166556
v -12.320267 2.399036 9.514495
v -12.326529 0.058416 10.432085
v -12.322259 0.049135 9.514495
v -12.347185 0.707666 9.424420
v -12.302997 1.784031 9.432151
v -12.381541 1.768244 9.418898
v -12.314788 2.422239 8.257789
v -12.133294 0.002728 8.213679
v -12.133294 2.491849 8.213679
v -12.326530 0.072338 8.248967
v -12.298347 0.095541 9.166556
v -12.347187 0.707667 9.256632
v -12.302998 1.784031 9.248900
v -12.381541 1.768244 9.262154
v -11.861038 2.506148 8.215319
v -11.861036 2.506148 10.465743
v -12.576652 -0.000000 11.236636
v -12.576652 3.096048 11.236636
v -12.576654 -0.000000 7.444415
v -12.576654 3.096048 7.444415
v -10.275958 -0.000000 11.236634
v -10.275958 3.096048 11.236634
v -10.275959 -0.000000 7.444413
v -10.275959 3.096048 7.444413
v -12.576653 2.506148 8.215319
v -11.861038 -0.000000 8.215319
v -11.861036 -0.000000 10.465743
v -12.576652 2.506148 10.465744
v -12.576653 -0.000000 8.215319
v -12.576652 -0.000000 10.465744
v -12.063171 2.436161 14.145473
v -11.881678 0.002728 14.189583
v -11.881678 2.491849 14.189583
v -12.078394 2.445442 13.236708
v -12.074914 0.058416 14.154295
v -12.070644 0.049135 13.236708
v -12.051384 0.710546 13.138900
v -12.095572 1.786911 13.146631
v -12.129924 0.726332 13.152154
v -12.063172 2.422239 11.980000
v -11.881679 0.002728 11.935890
v -11.881679 2.491849 11.935890
v -12.068651 2.399036 12.888767
v -12.074915 0.072338 11.971177
v -12.046732 0.095541 12.888767
v -12.095572 0.707667 12.978843
v -12.051384 1.784031 12.971111
v -12.129924 1.768244 12.984365
v -11.609423 2.506148 11.937529
v -11.609423 2.506148 14.187956
v -12.325036 -0.000000 14.958848
v -12.325036 3.096048 14.958848
v -12.325037 -0.000000 11.166627
v -12.325037 3.096048 11.166627
v -10.506242 -0.000000 14.958848
v -10.506242 3.096048 14.958848
v -10.506248 -0.000000 11.166625
v -10.506248 3.096048 11.166625
v -12.325037 2.506148 11.937531
v -11.609423 -0.000000 11.937529
v -11.609423 -0.000000 14.187956
v -12.325037 2.506148 14.187956
v -12.325037 -0.000000 11.937531
v -12.325037 -0.000000 14.187955
v -12.063177 2.422240 4.535576
v -11.881684 0.002728 4.491467
v -11.881684 2.491849 4.491467
v -11.881683 2.491849 6.745160
v -12.078396 2.452072 5.792283
v -12.068657 2.399036 5.444344
v -12.074919 0.072338 4.526754
v -12.046738 0.095540 5.444344
v -12.095576 0.707667 5.534419
v -12.051388 1.784031 5.526688
v -12.129930 1.768244 5.539941
v -12.063174 2.422239 6.701050
v -11.881683 0.002728 6.745160
v -12.074917 0.058416 6.709872
v -12.070647 0.049135 5.792283
v -12.095576 0.707667 5.702208
v -12.051388 1.784031 5.709939
v -12.129930 1.768244 5.696686
v -11.609427 2.506148 6.743519
v -11.609429 2.506148 4.493095
v -12.325042 -0.000000 3.722203
v -12.325042 3.096048 3.722203
v -12.325041 -0.000000 7.514425
v -12.325040 3.096048 7.514425
v -10.506251 -0.000000 3.722201
v -10.506251 3.096048 3.722201
v -10.506248 -0.000000 7.514423
v -10.506248 3.096048 7.514423
v -12.325042 2.506148 6.743520
v -11.609427 -0.000000 6.743519
v -11.609429 -0.000000 4.493095
v -12.325042 2.506148 4.493095
v -12.325042 -0.000000 6.743520
v -12.325042 -0.000000 4.493096
v -12.314792 2.436161 -10.423261
v -12.133299 0.002728 -10.467370
v -12.133299 2.491849 -10.467370
v -12.330014 2.436161 -9.166554
v -12.133301 0.002728 -8.213678
v -12.320272 2.399036 -9.514493
v -12.326535 0.058416 -10.432083
v -12.322265 0.058416 -9.514493
v -12.347192 0.707667 -9.424419
v -12.303004 1.784031 -9.432151
v -12.381547 1.768245 -9.418898
v -12.314793 2.436161 -8.257787
v -12.133301 2.491849 -8.213678
v -12.326535 0.058416 -8.248965
v -12.298352 0.095541 -9.166554
v -12.347192 0.707667 -9.256630
v -12.303004 1.784031 -9.248899
v -12.381547 1.768245 -9.262153
v -11.861043 2.506148 -8.215319
v -11.861044 2.506148 -10.465743
v -12.576659 -0.000000 -11.236634
v -12.576659 3.096048 -11.236634
v -12.576659 -0.000000 -7.444413
v -12.576659 3.096048 -7.444413
v -10.275965 -0.000000 -11.236634
v -10.275965 3.096048 -11.236634
v -10.275964 -0.000000 -7.444413
v -10.275964 3.096048 -7.444413
v -12.576658 2.506148 -8.215318
v -11.861043 -0.000000 -8.215319
v -11.861044 -0.000000 -10.465743
v -12.576658 2.506148 -10.465742
v -12.576658 -0.000000 -8.215318
v -12.576658 -0.000000 -10.465742
v -12.063180 2.422239 -14.145473
v -11.881687 0.002728 -14.189583
v -11.881687 2.491849 -14.189583
v -12.078403 2.445442 -13.236708
v -11.881686 0.002728 -11.935890
v -12.074924 0.072338 -14.154295
v -12.046741 0.095541 -13.236708
v -12.051390 0.710546 -13.138900
v -12.095579 1.786911 -13.146630
v -12.129932 0.726333 -13.152152
v -12.063180 2.436161 -11.980000
v -11.881686 2.491849 -11.935890
v -12.068660 2.399036 -12.888767
v -12.074923 0.058416 -11.971178
v -12.070653 0.049135 -12.888767
v -12.095579 0.707666 -12.978842
v -12.051390 1.784031 -12.971111
v -12.129932 1.768245 -12.984364
v -11.609430 2.506148 -11.937529
v -11.609431 2.506148 -14.187956
v -12.325046 -0.000000 -14.958848
v -12.325046 3.096048 -14.958848
v -12.325045 -0.000000 -11.166625
v -12.325045 3.096048 -11.166625
v -10.506251 -0.000000 -14.958848
v -10.506251 3.096048 -14.958848
v -10.506254 -0.000000 -11.166625
v -10.506254 3.096048 -11.166625
v -12.325045 2.506148 -11.937529
v -11.609430 -0.000000 -11.937529
v -11.609431 -0.000000 -14.187956
v -12.325046 2.506148 -14.187956
v -12.325045 -0.000000 -11.937529
v -12.325046 -0.000000 -14.187955
v -12.063180 2.422240 -4.535576
v -11.881687 0.002728 -4.491467
v -11.881687 2.491849 -4.491467
v -11.881688 2.491849 -6.745160
v -12.078402 2.452072 -5.444343
v -12.074923 0.072338 -4.526754
v -12.070652 0.049134 -5.444343
v -12.095579 0.707668 -5.534418
v -12.051393 1.784031 -5.526687
v -12.129934 1.768244 -5.539940
v -12.063179 2.422239 -6.701050
v -11.881688 0.002728 -6.745160
v -12.068658 2.399036 -5.792283
v -12.074922 0.058416 -6.709872
v -12.046740 0.095541 -5.792283
v -12.095579 0.707668 -5.702207
v -12.051393 1.784031 -5.709938
v -12.129934 1.768244 -5.696685
v -11.609431 2.506148 -6.743519
v -11.609432 2.506148 -4.493094
v -12.325045 -0.000000 -3.722202
v -12.325045 3.096048 -3.722202
v -12.325046 -0.000000 -7.514423
v -12.325044 3.096048 -7.514423
v -10.506253 -0.000000 -3.722201
v -10.506253 3.096048 -3.722201
v -10.506253 -0.000000 -7.514423
v -10.506253 3.096048 -7.514423
v -12.325046 2.506148 -6.743519
v -11.609431 -0.000000 -6.743519
v -11.609432 -0.000000 -4.493094
v -12.325045 2.506148 -4.493094
v -12.325046 -0.000000 -6.743519
v -12.325045 -0.000000 -4.493095
v 12.314923 2.436161 -10.423253
v 12.133429 0.002728 -10.467363
v 12.133429 2.491849 -10.467363
v 12.330148 2.445442 -9.514485
v 12.133432 0.002728 -8.213671
v 12.326666 0.058416 -10.432075
v 12.322398 0.049135 -9.514484
v 12.347325 0.707667 -9.424411
v 12.303137 1.784031 -9.432142
v 12.381680 1.768244 -9.418888
v 12.314926 2.422239 -8.257778
v 12.133432 2.491849 -8.213671
v 12.320405 2.399036 -9.166546
v 12.326669 0.072338 -8.248957
v 12.298486 0.095541 -9.166546
v 12.303137 0.710546 -9.264354
v 12.347325 1.786911 -9.256622
v 12.381680 0.726333 -9.251100
v 11.861176 2.506148 -8.215310
v 11.861175 2.506148 -10.465735
v 12.576788 -0.000000 -11.236628
v 12.576788 3.096048 -11.236628
v 12.576790 -0.000000 -7.444407
v 12.576790 3.096048 -7.444407
v 10.276094 -0.000000 -11.236627
v 10.276094 3.096048 -11.236627
v 10.276094 -0.000000 -7.444405
v 10.276094 3.096048 -7.444405
v 12.576790 2.506148 -8.215309
v 11.861176 -0.000000 -8.215310
v 11.861175 -0.000000 -10.465735
v 12.576788 2.506148 -10.465735
v 12.576790 -0.000000 -8.215309
v 12.576788 -0.000000 -10.465735
v 12.063312 2.422239 -14.145466
v 11.881817 0.002728 -14.189576
v 11.881817 2.491849 -14.189576
v 12.078532 2.452072 -12.888759
v 12.068790 2.399036 -13.236698
v 12.075053 0.072338 -14.154288
v 12.070783 0.049135 -13.236698
v 12.095708 0.707666 -13.146624
v 12.051520 1.784031 -13.154354
v 12.130062 1.768245 -13.141101
v 12.063312 2.422239 -11.979992
v 11.881815 0.002728 -11.935883
v 11.881815 2.491849 -11.935883
v 12.075053 0.058416 -11.971169
v 12.046871 0.095541 -12.888759
v 12.095708 0.707666 -12.978834
v 12.051520 1.784031 -12.971103
v 12.130062 1.768245 -12.984356
v 11.609561 2.506148 -11.937521
v 11.609563 2.506148 -14.187948
v 12.325176 -0.000000 -14.958839
v 12.325176 3.096048 -14.958839
v 12.325176 -0.000000 -11.166617
v 12.325176 3.096048 -11.166617
v 10.506383 -0.000000 -14.958838
v 10.506383 3.096048 -14.958838
v 10.506385 -0.000000 -11.166617
v 10.506385 3.096048 -11.166617
v 12.325176 2.506148 -11.937521
v 11.609561 -0.000000 -11.937521
v 11.609563 -0.000000 -14.187948
v 12.325176 2.506148 -14.187946
v 12.325176 -0.000000 -11.937521
v 12.325176 -0.000000 -14.187946
v 12.063313 2.422240 -4.535568
v 11.881820 2.491849 -4.491458
v 11.881820 2.491849 -6.745152
v 12.078532 2.452072 -5.792274
v 11.881820 0.002728 -4.491459
v 12.068793 2.399036 -5.444335
v 12.075056 0.058416 -4.526746
v 12.046874 0.095540 -5.444335
v 12.095712 0.707668 -5.534410
v 12.051524 1.784031 -5.526680
v 12.130066 1.768244 -5.539933
v 12.063312 2.422239 -6.701042
v 11.881820 0.002728 -6.745151
v 12.075053 0.072338 -6.709864
v 12.070783 0.049135 -5.792274
v 12.095712 0.707668 -5.702199
v 12.051524 1.784031 -5.709930
v 12.130066 1.768244 -5.696677
v 11.609563 2.506148 -6.743511
v 11.609565 2.506148 -4.493086
v 12.325178 -0.000000 -3.722194
v 12.325178 3.096048 -3.722194
v 12.325178 -0.000000 -7.514416
v 12.325176 3.096048 -7.514416
v 10.506387 -0.000000 -3.722193
v 10.506387 3.096048 -3.722193
v 10.506385 -0.000000 -7.514415
v 10.506385 3.096048 -7.514415
v 12.325178 2.506148 -6.743512
v 11.609563 -0.000000 -6.743511
v 11.609565 -0.000000 -4.493086
v 12.325178 2.506148 -4.493086
v 12.325178 -0.000000 -6.743512
v 12.325178 -0.000000 -4.493087
v 12.314925 2.422239 10.423271
v 12.133431 0.002728 10.467380
v 12.133431 2.491849 10.467380
v 12.330145 2.445443 9.166565
v 12.320402 2.399036 9.514503
v 12.326668 0.072338 10.432093
v 12.298483 0.095541 9.514503
v 12.347322 0.707667 9.424429
v 12.303132 1.784031 9.432158
v 12.381678 1.768244 9.418907
v 12.314925 2.436161 8.257797
v 12.133431 0.002728 8.213687
v 12.133431 2.491849 8.213687
v 12.326669 0.058416 8.248976
v 12.322396 0.049134 9.166565
v 12.347323 0.707666 9.256639
v 12.303135 1.784031 9.248908
v 12.381678 1.768245 9.262161
v 11.861175 2.506148 8.215326
v 11.861175 2.506148 10.465751
v 12.576790 -0.000000 11.236644
v 12.576790 3.096048 11.236644
v 12.576793 -0.000000 7.444422
v 12.576793 3.096048 7.444422
v 10.276097 -0.000000 11.236643
v 10.276097 3.096048 11.236643
v 10.276097 -0.000000 7.444421
v 10.276097 3.096048 7.444421
v 12.576790 2.506148 8.215326
v 11.861175 -0.000000 8.215326
v 11.861175 -0.000000 10.465751
v 12.576790 2.506148 10.465752
v 12.576790 -0.000000 8.215326
v 12.576790 -0.000000 10.465752
v 12.063312 2.422239 14.145480
v 11.881817 0.002728 14.189590
v 11.881817 2.491849 14.189590
v 12.078532 2.452072 12.888775
v 12.068790 2.399036 13.236714
v 12.075053 0.058416 14.154303
v 12.070783 0.058416 13.236714
v 12.095709 0.707666 13.146639
v 12.051520 1.784031 13.154370
v 12.130064 1.768245 13.141117
v 12.063312 2.422239 11.980007
v 11.881817 0.002728 11.935899
v 11.881817 2.491849 11.935899
v 12.075053 0.058416 11.971185
v 12.046872 0.095541 12.888775
v 12.095709 0.707666 12.978850
v 12.051520 1.784031 12.971119
v 12.130064 1.768245 12.984372
v 11.609563 2.506148 11.937537
v 11.609563 2.506148 14.187963
v 12.325176 -0.000000 14.958856
v 12.325176 3.096048 14.958856
v 12.325176 -0.000000 11.166635
v 12.325176 3.096048 11.166635
v 10.506383 -0.000000 14.958856
v 10.506383 3.096048 14.958856
v 10.506385 -0.000000 11.166634
v 10.506385 3.096048 11.166634
v 12.325176 2.506148 11.937538
v 11.609563 -0.000000 11.937537
v 11.609563 -0.000000 14.187963
v 12.325176 2.506148 14.187964
v 12.325176 -0.000000 11.937538
v 12.325176 -0.000000 14.187963
v 12.063313 2.422240 4.535584
v 11.881822 0.002728 4.491475
v 11.881822 2.491849 4.491475
v 11.881822 2.491849 6.745169
v 12.078532 2.445442 5.792291
v 12.068793 2.399036 5.444351
v 12.075056 0.072338 4.526762
v 12.046874 0.095540 5.444351
v 12.095712 0.707668 5.534427
v 12.051524 1.784031 5.526696
v 12.130066 1.768244 5.539949
v 12.063312 2.436161 6.701059
v 11.881822 0.002728 6.745169
v 12.075053 0.058416 6.709881
v 12.070783 0.049135 5.792291
v 12.095712 0.707668 5.702216
v 12.051524 1.784031 5.709947
v 12.130066 1.768244 5.696693
v 11.609563 2.506148 6.743527
v 11.609565 2.506148 4.493103
v 12.325178 -0.000000 3.722211
v 12.325178 3.096048 3.722211
v 12.325178 -0.000000 7.514433
v 12.325176 3.096048 7.514433
v 10.506387 -0.000000 3.722210
v 10.506387 3.096048 3.722210
v 10.506385 -0.000000 7.514431
v 10.506385 3.096048 7.514431
v 12.325178 2.506148 6.743528
v 11.609563 -0.000000 6.743527
v 11.609565 -0.000000 4.493103
v 12.325178 2.506148 4.493103
v 12.325178 -0.000000 6.743528
v 12.325178 -0.000000 4.493104
v 5.615529 135.510239 9.536846
v -4.460696 135.510239 11.246155
v -4.460697 135.510239 -11.246178
v -5.615459 135.510239 -9.536867
v 4.460766 135.510239 11.246156
v 5.615529 135.510239 -9.536867
v 4.460765 135.510239 -11.246178
v -5.125885 135.510239 9.236671
v 6.145879 121.621758 20.305567
v 6.145879 121.621758 19.345940
v 7.105506 121.621758 20.305567
v 7.105506 121.621758 19.345940
v 7.052832 121.653717 19.398617
v 7.052832 121.653717 20.252893
v 6.145879 121.685677 20.305567
v 6.198554 121.653717 20.252893
v 6.198554 121.653717 19.398617
v 6.145879 121.685677 19.345940
v 7.105506 121.685677 20.305567
v 7.105506 121.685677 19.345940
v 7.046928 120.696487 20.257107
v 7.117073 121.679230 20.274771
v 7.011856 121.679230 20.248278
v 6.204457 120.696487 20.257107
v 6.134313 121.679230 20.274771
v 6.239530 121.679230 20.248278
v 7.046928 120.696487 19.394398
v 7.117073 121.679230 19.376738
v 7.011856 121.679230 19.403229
v 6.204457 120.696487 19.394398
v 6.134313 121.679230 19.376738
v 6.239530 121.679230 19.403229
v 7.112234 121.600601 19.407013
v 6.145912 120.763412 19.400753
v 6.165011 120.848015 19.425789
v 6.150837 120.754303 20.244495
v 6.165008 120.848015 20.244495
v 7.112234 121.600601 20.244495
v 6.913022 121.662560 20.332241
v 7.131640 121.737923 20.245331
v 7.127098 121.544136 20.199970
v 6.338364 121.662567 20.332241
v 6.119745 121.737923 20.245331
v 6.124287 121.544136 20.199970
v 6.913022 121.662567 19.319265
v 7.131640 121.737923 19.406176
v 7.127098 121.544136 19.451536
v 6.338364 121.662560 19.319265
v 6.119745 121.737923 19.406176
v 6.124287 121.544136 19.451536
v 6.188174 120.782860 20.313126
v 6.225729 120.765991 20.306690
v 6.206951 121.600616 19.339231
v 7.025657 120.765991 20.306690
v 7.063211 120.782860 20.313126
v 7.044434 121.600616 19.339233
v 7.079169 122.573105 20.279230
v 6.172217 122.573105 19.372276
v 6.145879 122.605064 20.305567
v 6.198554 122.573105 20.252892
v 7.052831 122.573105 19.398615
v 7.105506 122.605064 19.345940
v 7.052832 122.637009 19.398617
v 7.052832 122.637009 20.252893
v 7.105506 122.637009 20.305567
v 6.145879 122.637009 19.345940
v 6.198554 122.637009 20.252893
v 6.198554 122.637009 19.398617
v 6.204457 121.647820 19.394400
v 6.134313 122.630577 19.376740
v 6.239530 122.630577 19.403231
v 7.046928 121.647820 19.394398
v 7.117073 122.630577 19.376738
v 7.011856 122.630577 19.403229
v 6.204458 121.647820 20.257107
v 6.134313 122.630577 20.274771
v 6.239530 122.630577 20.248278
v 7.046928 121.647820 20.257107
v 7.117073 122.630577 20.274769
v 7.011856 122.630577 20.248278
v 7.100547 121.705643 20.244495
v 7.086378 121.799355 20.244495
v 6.139152 122.551949 20.244493
v 7.100550 121.705643 19.407013
v 7.086377 121.799355 19.407013
v 6.139152 122.551949 19.407013
v 6.338364 122.613899 19.319265
v 6.119745 122.689262 19.406176
v 6.124287 122.495499 19.451536
v 6.913021 122.613899 19.319265
v 7.131640 122.689262 19.406176
v 7.127098 122.495499 19.451536
v 6.338365 122.613899 20.332241
v 6.119745 122.689262 20.245331
v 6.124287 122.495499 20.199970
v 6.913022 122.613899 20.332241
v 7.131640 122.689262 20.245331
v 7.127099 122.495499 20.199970
v 7.063211 121.734207 19.338381
v 7.025657 121.717331 19.344814
v 7.044434 122.551964 20.312275
v 6.225729 121.717331 19.344814
v 6.188174 121.734207 19.338381
v 6.206952 122.551964 20.312271
v 6.145879 123.657608 20.305567
v 6.172217 123.657608 19.372276
v 7.079169 123.657608 20.279230
v 7.052831 123.657608 19.398615
v 6.145879 123.721512 20.305567
v 6.198554 123.689568 20.252893
v 6.198554 123.721512 19.398617
v 6.145879 123.721512 19.345940
v 7.105506 123.721512 20.305567
v 7.105506 123.689568 19.345940
v 7.052832 123.721512 19.398617
v 7.052832 123.721512 20.252893
v 7.046928 122.732323 20.257107
v 7.117073 123.715080 20.274771
v 7.011856 123.715080 20.248278
v 6.291762 122.732323 20.290642
v 6.160805 122.732323 20.230282
v 6.204457 123.715080 20.257107
v 7.046928 122.732323 19.394398
v 7.117073 123.715080 19.376738
v 7.011856 123.715080 19.403229
v 6.204457 122.732323 19.394398
v 6.134313 123.715080 19.376738
v 6.239530 123.715080 19.403229
v 7.112234 123.636452 19.407013
v 6.145912 122.799263 19.400753
v 6.165011 122.883858 19.425789
v 6.150837 122.790154 20.244495
v 6.165008 122.883858 20.244495
v 7.112234 123.636452 20.244495
v 6.913022 123.698402 20.332241
v 7.131640 123.773766 20.245331
v 7.127098 123.579994 20.199970
v 6.338364 123.698418 20.332241
v 6.119745 123.773766 20.245331
v 6.124287 123.579994 20.199970
v 6.913022 123.698418 19.319265
v 7.131640 123.773766 19.406176
v 7.127098 123.579994 19.451536
v 6.338364 123.698402 19.319265
v 6.119745 123.773766 19.406176
v 6.124287 123.579994 19.451536
v 6.188174 122.818710 20.313124
v 6.225729 122.801826 20.306692
v 6.206952 123.636467 19.339231
v 7.025657 122.801826 20.306692
v 7.063211 122.818710 20.313124
v 7.044434 123.636467 19.339233
v 7.105506 124.608955 20.305567
v 6.145879 124.608955 20.305567
v 7.052831 124.608955 19.398615
v 6.198554 124.608955 19.398615
v 7.105506 124.640915 19.345940
v 7.052832 124.672874 19.398617
v 7.052832 124.608955 20.252893
v 7.079169 124.672874 20.279230
v 6.145879 124.640915 19.345940
v 6.145879 124.672859 20.305567
v 6.198554 124.640915 20.252893
v 6.198554 124.672874 19.398617
v 6.291762 123.683685 19.360865
v 6.160805 123.683685 19.421227
v 6.204457 124.666420 19.394400
v 7.046928 123.683685 19.394398
v 7.117073 124.666420 19.376738
v 7.011856 124.666420 19.403229
v 6.204458 123.683685 20.257107
v 6.134313 124.666420 20.274771
v 6.239530 124.666420 20.248278
v 6.959623 123.683685 20.290640
v 7.090580 123.683685 20.230280
v 7.046928 124.666420 20.257107
v 7.100550 123.741470 20.244493
v 7.086373 123.835190 20.244493
v 6.139152 124.587799 20.244493
v 7.100549 123.741470 19.407013
v 7.086372 123.835190 19.407013
v 6.139152 124.587799 19.407013
v 6.338364 124.649765 19.319265
v 6.119745 124.725113 19.406176
v 6.124287 124.531326 19.451536
v 6.913021 124.649765 19.319265
v 7.131640 124.725113 19.406176
v 7.127098 124.531326 19.451536
v 6.338365 124.649765 20.332241
v 6.119745 124.725113 20.245331
v 6.124287 124.531326 20.199970
v 6.913022 124.649765 20.332241
v 7.131640 124.725113 20.245331
v 7.127099 124.531326 20.199970
v 7.063211 123.770058 19.338381
v 7.025657 123.753174 19.344814
v 7.044434 124.587807 20.312275
v 6.225729 123.753174 19.344814
v 6.188174 123.770058 19.338381
v 6.206952 124.587807 20.312273
v 6.145879 125.693451 19.345940
v 7.105506 125.693451 20.305567
v 7.105506 125.725410 19.345940
v 7.052832 125.693451 19.398617
v 7.052832 125.693451 20.252893
v 6.145879 125.693451 20.305567
v 6.198554 125.725410 20.252893
v 6.198554 125.693451 19.398617
v 6.145879 125.757362 20.305567
v 6.172217 125.757370 19.372276
v 7.079169 125.757370 20.279230
v 7.052831 125.757362 19.398615
v 6.959623 124.768181 20.290642
v 7.090580 124.768181 20.230282
v 7.046928 125.750923 20.257107
v 6.291762 124.768181 20.290642
v 6.160805 124.768181 20.230282
v 6.204457 125.750923 20.257107
v 7.046928 124.768181 19.394398
v 7.117073 125.750923 19.376738
v 7.011856 125.750923 19.403229
v 6.204457 124.768181 19.394398
v 6.134313 125.750923 19.376738
v 6.239530 125.750923 19.403229
v 7.112234 125.672295 19.407013
v 6.145909 124.835098 19.400753
v 6.165011 124.919708 19.425789
v 6.150835 124.825974 20.244493
v 6.165008 124.919708 20.244493
v 7.112234 125.672295 20.244493
v 6.913022 125.734253 20.332241
v 7.131640 125.809616 20.245331
v 7.127098 125.615829 20.199970
v 6.338364 125.734261 20.332241
v 6.119745 125.809616 20.245331
v 6.124287 125.615829 20.199970
v 6.913022 125.734261 19.319265
v 7.131640 125.809616 19.406176
v 7.127098 125.615829 19.451536
v 6.338364 125.734253 19.319265
v 6.119745 125.809616 19.406176
v 6.124287 125.615829 19.451536
v 6.188174 124.854553 20.313124
v 6.225729 124.837677 20.306690
v 6.206952 125.672310 19.339231
v 7.025657 124.837677 20.306690
v 7.063211 124.854553 20.313124
v 7.044434 125.672310 19.339231
v 7.105506 126.676750 20.305567
v 6.172217 126.644791 19.372276
v 6.198554 126.644791 20.252893
v 7.052831 126.644791 19.398615
v 7.105506 126.676750 19.345940
v 7.052832 126.708710 19.398617
v 7.052832 126.644791 20.252893
v 6.145879 126.708710 19.345940
v 6.145879 126.676750 20.305567
v 6.198554 126.708710 20.252892
v 7.052831 126.708710 20.252892
v 6.198554 126.708710 19.398617
v 6.291762 125.719521 19.360865
v 6.160805 125.719521 19.421227
v 6.204457 126.702271 19.394400
v 7.046928 125.719521 19.394398
v 7.117073 126.702271 19.376738
v 7.011856 126.702271 19.403229
v 6.204458 125.719521 20.257107
v 6.134313 126.702271 20.274771
v 6.239530 126.702271 20.248278
v 6.959623 125.719521 20.290640
v 7.090580 125.719521 20.230280
v 7.046928 126.702271 20.257107
v 7.100545 125.777336 20.244493
v 7.086373 125.871056 20.244493
v 6.139153 126.623642 20.244493
v 7.100547 125.777321 19.407013
v 7.086373 125.871056 19.407013
v 6.139154 126.623634 19.407013
v 6.338364 126.685600 19.319265
v 6.119745 126.760963 19.406176
v 6.124287 126.567192 19.451536
v 6.913021 126.685600 19.319265
v 7.131640 126.760963 19.406176
v 7.127098 126.567192 19.451536
v 6.338365 126.685600 20.332241
v 6.119745 126.760963 20.245331
v 6.124287 126.567192 20.199970
v 6.913022 126.685600 20.332241
v 7.131640 126.760963 20.245331
v 7.127099 126.567192 20.199970
v 7.063211 125.805901 19.338383
v 7.025657 125.789024 19.344814
v 7.044434 126.623657 20.312275
v 6.225729 125.789024 19.344814
v 6.188174 125.805901 19.338383
v 6.206952 126.623657 20.312271
v 6.145879 127.729301 19.345940
v 7.052832 127.729301 19.398617
v 7.052831 127.729301 20.252892
v 6.145879 127.761261 20.305567
v 6.198554 127.729301 20.252893
v 6.198554 127.729301 19.398617
v 6.172217 127.793205 19.372276
v 7.105506 127.761261 20.305567
v 7.105506 127.761261 19.345940
v 7.052831 127.793205 19.398615
v 6.198554 127.793205 20.252892
v 7.052832 127.793205 20.252893
v 6.959623 126.804016 20.290642
v 7.090580 126.804016 20.230282
v 7.046928 127.786774 20.257107
v 6.204457 126.804016 20.257107
v 6.134313 127.786774 20.274771
v 6.239530 127.786774 20.248278
v 7.046928 126.804016 19.394398
v 7.117073 127.786774 19.376738
v 7.011856 127.786774 19.403229
v 6.204457 126.804016 19.394398
v 6.134313 127.786774 19.376738
v 6.239530 127.786774 19.403229
v 6.150841 126.861832 19.407013
v 6.165012 126.955551 19.407013
v 7.112234 127.708145 19.407013
v 6.150837 126.861832 20.244495
v 6.165011 126.955551 20.244495
v 7.112233 127.708145 20.244495
v 6.913022 127.770096 20.332241
v 7.131640 127.845459 20.245331
v 7.127098 127.651688 20.199970
v 6.338364 127.770111 20.332241
v 6.119745 127.845459 20.245331
v 6.124287 127.651688 20.199970
v 6.913022 127.770111 19.319265
v 7.131640 127.845459 19.406176
v 7.127098 127.651688 19.451536
v 6.338364 127.770096 19.319265
v 6.119745 127.845459 19.406176
v 6.124287 127.651688 19.451536
v 6.188174 126.890404 20.313122
v 6.225729 126.873528 20.306690
v 6.206952 127.708160 19.339231
v 7.025657 126.873528 20.306690
v 7.063211 126.890404 20.313122
v 7.044434 127.708160 19.339235
v 7.079169 128.680649 19.372276
v 7.105506 128.680634 20.305567
v 6.145879 128.712601 19.345940
v 6.198554 128.680634 20.252892
v 6.198554 128.680649 19.398617
v 7.105506 128.744568 19.345940
v 7.052832 128.744568 19.398617
v 7.052832 128.712601 20.252893
v 7.105506 128.744568 20.305567
v 6.145879 128.712601 20.305567
v 6.198554 128.744568 20.252893
v 6.198554 128.744553 19.398615
v 6.291762 127.755356 19.360865
v 6.160805 127.755356 19.421227
v 6.204457 128.738113 19.394400
v 7.046928 127.755356 19.394398
v 7.117073 128.738113 19.376738
v 7.011856 128.738113 19.403229
v 6.204458 127.755356 20.257107
v 6.134313 128.738113 20.274771
v 6.239530 128.738113 20.248278
v 6.959623 127.755356 20.290642
v 7.090580 127.755356 20.230280
v 7.046928 128.738113 20.257107
v 7.100550 127.813171 20.244493
v 7.086373 127.906891 20.244493
v 6.139154 128.659500 20.244493
v 7.100549 127.813171 19.407013
v 7.086372 127.906891 19.407013
v 6.139153 128.659500 19.407013
v 6.338364 128.721451 19.319265
v 6.119745 128.796799 19.406176
v 6.124287 128.603027 19.451536
v 6.913021 128.721451 19.319265
v 7.131640 128.796799 19.406176
v 7.127098 128.603027 19.451536
v 6.338365 128.721451 20.332241
v 6.119745 128.796799 20.245331
v 6.124287 128.603027 20.199970
v 6.913022 128.721451 20.332241
v 7.131640 128.796799 20.245331
v 7.127099 128.603027 20.199970
v 7.063211 127.841736 19.338377
v 7.025657 127.824860 19.344810
v 7.044434 128.659500 20.312277
v 6.225729 127.824860 19.344812
v 6.188174 127.841736 19.338379
v 6.206952 128.659500 20.312277
v 6.172217 129.765152 19.372276
v 7.105506 129.797104 20.305567
v 7.105506 129.765152 19.345940
v 7.052832 129.765152 20.252893
v 6.145879 129.797104 20.305567
v 6.198554 129.765152 20.252893
v 6.198554 129.829071 19.398617
v 6.145879 129.829071 19.345940
v 7.105506 129.829056 19.345940
v 7.052832 129.797104 19.398617
v 6.198554 129.829056 20.252892
v 7.052831 129.829056 20.252892
v 6.959623 128.839859 20.290642
v 7.090580 128.839859 20.230282
v 7.046928 129.822617 20.257107
v 6.204457 128.839859 20.257107
v 6.134313 129.822617 20.274771
v 6.239530 129.822617 20.248278
v 6.959623 128.839859 19.360865
v 7.090580 128.839859 19.421225
v 7.046928 129.822617 19.394398
v 6.291762 128.839859 19.360865
v 6.160805 128.839859 19.421225
v 6.204457 129.822617 19.394398
v 6.150836 128.897675 19.407013
v 6.165015 128.991409 19.407013
v 7.112232 129.743988 19.407013
v 6.150836 128.897675 20.244495
v 6.165015 128.991409 20.244495
v 7.112232 129.743988 20.244495
v 6.913022 129.805939 20.332241
v 7.131640 129.881302 20.245331
v 7.127098 129.687531 20.199970
v 6.338364 129.805954 20.332241
v 6.119745 129.881302 20.245331
v 6.124287 129.687531 20.199970
v 6.913022 129.805954 19.319265
v 7.131640 129.881302 19.406176
v 7.127098 129.687531 19.451536
v 6.338364 129.805939 19.319265
v 6.119745 129.881302 19.406176
v 6.124287 129.687531 19.451536
v 6.188174 128.926239 20.313122
v 6.225729 128.909378 20.306690
v 6.206952 129.744003 19.339231
v 7.025657 128.909378 20.306690
v 7.063211 128.926239 20.313122
v 7.044434 129.744003 19.339231
v 7.079169 130.716476 20.279230
v 6.172217 130.716476 19.372276
v 6.198554 130.716476 20.252892
v 7.052831 130.716476 19.398615
v 7.105506 130.748444 19.345940
v 7.052832 130.780396 19.398617
v 7.052832 130.780396 20.252893
v 7.105506 130.780396 20.305567
v 6.145879 130.780396 19.345940
v 6.145879 130.748444 20.305567
v 6.198554 130.780396 20.252893
v 6.198554 130.780396 19.398617
v 6.291762 129.791199 19.360865
v 6.160805 129.791199 19.421227
v 6.204457 130.773972 19.394400
v 7.046928 129.791199 19.394398
v 7.117073 130.773972 19.376738
v 7.011856 130.773972 19.403229
v 6.204458 129.791199 20.257107
v 6.134313 130.773972 20.274771
v 6.239530 130.773972 20.248278
v 6.959623 129.791199 20.290642
v 7.090580 129.791199 20.230280
v 7.046928 130.773972 20.257107
v 7.100547 129.849014 20.244493
v 7.086375 129.942749 20.244493
v 6.139153 130.695343 20.244493
v 7.100546 129.849014 19.407013
v 7.086374 129.942749 19.407013
v 6.139154 130.695328 19.407013
v 6.338364 130.757294 19.319265
v 6.119745 130.832642 19.406176
v 6.124287 130.638885 19.451536
v 6.913021 130.757294 19.319265
v 7.131640 130.832642 19.406176
v 7.127098 130.638885 19.451536
v 6.338365 130.757294 20.332241
v 6.119745 130.832642 20.245331
v 6.124287 130.638885 20.199970
v 6.913022 130.757294 20.332241
v 7.131640 130.832642 20.245331
v 7.127099 130.638885 20.199970
v 7.063211 129.877579 19.338379
v 7.025657 129.860703 19.344812
v 7.044434 130.695358 20.312277
v 6.225729 129.860703 19.344810
v 6.188174 129.877579 19.338375
v 6.206952 130.695358 20.312277
v 6.172217 131.800980 19.372276
v 7.079169 131.800980 20.279230
v 7.105506 131.800980 19.345940
v 7.052832 131.832947 19.398617
v 6.198554 131.800980 20.252892
v 6.145879 131.832947 20.305567
v 6.198554 131.864899 20.252893
v 6.198554 131.864899 19.398617
v 6.145879 131.864899 19.345940
v 7.105506 131.864899 20.305567
v 7.105506 131.864899 19.345940
v 7.052832 131.864899 20.252893
v 7.046928 130.875702 20.257107
v 7.117073 131.858459 20.274771
v 7.011856 131.858459 20.248278
v 6.291762 130.875702 20.290642
v 6.160805 130.875702 20.230282
v 6.204457 131.858459 20.257107
v 7.046928 130.875702 19.394398
v 7.117073 131.858459 19.376738
v 7.011856 131.858459 19.403229
v 6.204457 130.875702 19.394398
v 6.134313 131.858459 19.376738
v 6.239530 131.858459 19.403229
v 7.112232 131.779831 19.407013
v 6.145912 130.942642 19.400753
v 6.165011 131.027237 19.425789
v 6.150839 130.933517 20.244495
v 6.165011 131.027252 20.244495
v 7.112230 131.779831 20.244495
v 6.913022 131.841797 20.332241
v 7.131640 131.917145 20.245331
v 7.127098 131.723389 20.199970
v 6.338364 131.841797 20.332241
v 6.119745 131.917145 20.245331
v 6.124287 131.723389 20.199970
v 6.913022 131.841797 19.319265
v 7.131640 131.917145 19.406176
v 7.127098 131.723389 19.451536
v 6.338364 131.841797 19.319265
v 6.119745 131.917145 19.406176
v 6.124287 131.723389 19.451536
v 6.188174 130.962082 20.313128
v 6.225729 130.945206 20.306696
v 6.206952 131.779861 19.339231
v 7.025657 130.945206 20.306696
v 7.063211 130.962067 20.313131
v 7.044434 131.779861 19.339231
v 7.105506 132.784302 20.305567
v 6.145879 132.784302 19.345940
v 6.198554 132.752350 20.252893
v 6.198554 132.752350 19.398617
v 7.105506 132.784302 19.345940
v 7.052832 132.752350 19.398617
v 7.052832 132.752350 20.252893
v 6.145879 132.784302 20.305567
v 6.198554 132.816254 20.252892
v 7.052831 132.816254 20.252892
v 7.052831 132.816254 19.398615
v 6.198554 132.816254 19.398615
v 6.204457 131.827042 19.394400
v 6.134313 132.809814 19.376740
v 6.239530 132.809814 19.403231
v 7.046928 131.827042 19.394398
v 7.117073 132.809814 19.376738
v 7.011856 132.809814 19.403229
v 6.204458 131.827042 20.257107
v 6.134313 132.809814 20.274771
v 6.239530 132.809814 20.248278
v 7.046928 131.827042 20.257107
v 7.117073 132.809814 20.274769
v 7.011856 132.809814 20.248276
v 7.100550 131.884857 20.244493
v 7.086373 131.978577 20.244493
v 6.139154 132.731186 20.244493
v 7.100549 131.884857 19.407013
v 7.086372 131.978577 19.407013
v 6.139153 132.731186 19.407013
v 6.338364 132.793121 19.319265
v 6.119745 132.868484 19.406176
v 6.124287 132.674713 19.451536
v 6.913021 132.793121 19.319265
v 7.131640 132.868484 19.406176
v 7.127098 132.674713 19.451536
v 6.338365 132.793121 20.332241
v 6.119745 132.868484 20.245331
v 6.124287 132.674713 20.199970
v 6.913022 132.793121 20.332241
v 7.131640 132.868484 20.245331
v 7.127099 132.674713 20.199970
v 7.063211 131.913437 19.338377
v 7.025657 131.896561 19.344810
v 7.044434 132.731201 20.312277
v 6.225729 131.896561 19.344812
v 6.188174 131.913437 19.338379
v 6.206952 132.731201 20.312277
v 6.145879 133.836838 20.305567
v 6.145879 133.836838 19.345940
v 7.105506 133.868805 20.305567
v 7.105506 133.836838 19.345940
v 7.052832 133.836838 20.252893
v 6.163437 133.900757 20.296787
v 6.198554 133.836838 20.252893
v 6.198554 133.868805 19.398617
v 6.145879 133.900757 19.345940
v 7.105506 133.900757 19.345940
v 7.052832 133.868805 19.398617
v 7.052831 133.900757 20.252892
v 7.046928 132.911545 20.257107
v 7.117073 133.894318 20.274771
v 7.011856 133.894318 20.248278
v 6.204457 132.911545 20.257107
v 6.134313 133.894318 20.274771
v 6.239530 133.894318 20.248278
v 7.046928 132.911545 19.394398
v 7.117073 133.894318 19.376738
v 7.011856 133.894318 19.403229
v 6.204457 132.911545 19.394398
v 6.134313 133.894318 19.376738
v 6.239530 133.894318 19.403229
v 7.112232 133.815689 19.407013
v 6.145911 132.978485 19.400753
v 6.165011 133.063080 19.425789
v 6.150836 132.969360 20.244495
v 6.165013 133.063080 20.244495
v 7.112232 133.815689 20.244495
v 6.913022 133.877625 20.332241
v 7.131640 133.952988 20.245331
v 7.127098 133.759216 20.199970
v 6.338364 133.877640 20.332241
v 6.119745 133.952988 20.245331
v 6.124287 133.759216 20.199970
v 6.913022 133.877640 19.319265
v 7.131640 133.952988 19.406176
v 7.127098 133.759216 19.451536
v 6.338364 133.877625 19.319265
v 6.119745 133.952988 19.406176
v 6.124287 133.759216 19.451536
v 6.188174 132.997940 20.313129
v 6.225729 132.981049 20.306696
v 6.206952 133.815704 19.339231
v 7.025657 132.981049 20.306696
v 7.063211 132.997940 20.313128
v 7.044434 133.815704 19.339231
v 6.145879 134.788177 19.345940
v 6.145879 134.820145 20.305567
v 6.198554 134.788177 20.252893
v 7.052831 134.788177 20.252892
v 6.198554 134.788177 19.398617
v 7.105506 134.820145 19.345940
v 7.052832 134.788177 19.398617
v 7.052832 134.852097 20.252893
v 7.105506 134.820145 20.305567
v 6.172217 134.852097 19.372276
v 6.198554 134.852097 20.252892
v 7.052831 134.852097 19.398615
v 6.204457 133.862900 19.394400
v 6.134313 134.845657 19.376740
v 6.239530 134.845657 19.403231
v 7.046928 133.862900 19.394398
v 7.117073 134.845657 19.376738
v 7.011856 134.845657 19.403229
v 6.204458 133.862900 20.257107
v 6.134313 134.845657 20.274771
v 6.239530 134.845657 20.248278
v 6.959623 133.862900 20.290642
v 7.090580 133.862900 20.230280
v 7.046928 134.845657 20.257107
v 7.100547 133.920715 20.244493
v 7.086375 134.014450 20.244493
v 6.139153 134.767029 20.244493
v 7.100546 133.920715 19.407013
v 7.086374 134.014450 19.407013
v 6.139154 134.767029 19.407013
v 6.338364 134.828979 19.319265
v 6.119745 134.904343 19.406176
v 6.124287 134.710556 19.451536
v 6.913021 134.828979 19.319265
v 7.131640 134.904343 19.406176
v 7.127098 134.710556 19.451536
v 6.338365 134.828979 20.332241
v 6.119745 134.904343 20.245331
v 6.124287 134.710556 20.199970
v 6.913022 134.828979 20.332241
v 7.131640 134.904343 20.245331
v 7.127099 134.710556 20.199970
v 7.063211 133.949280 19.338379
v 7.025657 133.932404 19.344812
v 7.044434 134.767044 20.312277
v 6.225729 133.932404 19.344810
v 6.188174 133.949265 19.338375
v 6.206952 134.767044 20.312277
v 6.172217 135.872681 19.372276
v 7.079169 135.872681 20.279230
v 7.105506 135.872681 19.345940
v 6.198554 135.872681 20.252892
v 6.145879 135.904633 20.305567
v 6.198554 135.936600 20.252893
v 6.198554 135.936600 19.398617
v 6.145879 135.936600 19.345940
v 7.105506 135.936600 20.305567
v 7.105506 135.936600 19.345940
v 7.052832 135.904633 19.398617
v 7.052832 135.936600 20.252893
v 7.046928 134.947403 20.257107
v 7.117073 135.930161 20.274771
v 7.011856 135.930161 20.248278
v 6.204457 134.947403 20.257107
v 6.134313 135.930161 20.274771
v 6.239530 135.930161 20.248278
v 6.959623 134.947403 19.360865
v 7.090580 134.947403 19.421225
v 7.046928 135.930161 19.394398
v 6.204457 134.947403 19.394398
v 6.134313 135.930161 19.376738
v 6.239530 135.930161 19.403229
v 7.112232 135.851517 19.407013
v 6.145912 135.014328 19.400753
v 6.165011 135.098938 19.425789
v 6.150839 135.005219 20.244495
v 6.165011 135.098938 20.244495
v 7.112230 135.851517 20.244495
v 6.913022 135.913483 20.332241
v 7.131640 135.988846 20.245331
v 7.127098 135.795059 20.199970
v 6.338364 135.913483 20.332241
v 6.119745 135.988846 20.245331
v 6.124287 135.795059 20.199970
v 6.913022 135.913483 19.319265
v 7.131640 135.988846 19.406176
v 7.127098 135.795059 19.451536
v 6.338364 135.913483 19.319265
v 6.119745 135.988846 19.406176
v 6.124287 135.795059 19.451536
v 6.188174 135.033783 20.313128
v 6.225729 135.016907 20.306696
v 6.206952 135.851547 19.339231
v 7.025657 135.016907 20.306696
v 7.063211 135.033768 20.313131
v 7.044434 135.851547 19.339231
v 6.145879 136.824036 19.345940
v 6.145879 136.856003 20.305567
v 6.198554 136.824036 20.252893
v 7.052831 136.824020 20.252892
v 6.198554 136.824036 19.398617
v 7.105506 136.856003 19.345940
v 7.052832 136.824036 19.398617
v 7.052832 136.887955 20.252893
v 7.105506 136.856003 20.305567
v 6.172217 136.887955 19.372276
v 6.198554 136.887939 20.252892
v 7.052831 136.887939 19.398615
v 6.291762 135.898743 19.360865
v 6.160805 135.898743 19.421227
v 6.204457 136.881516 19.394400
v 7.046928 135.898743 19.394398
v 7.117073 136.881516 19.376738
v 7.011856 136.881516 19.403229
v 6.204458 135.898743 20.257107
v 6.134313 136.881516 20.274771
v 6.239530 136.881516 20.248278
v 6.959623 135.898743 20.290642
v 7.090580 135.898743 20.230280
v 7.046928 136.881516 20.257107
v 7.100550 135.956558 20.244493
v 7.086373 136.050278 20.244493
v 6.139155 136.802872 20.244493
v 7.100549 135.956558 19.407013
v 7.086372 136.050278 19.407013
v 6.139154 136.802872 19.407013
v 6.338364 136.864822 19.319265
v 6.119745 136.940186 19.406176
v 6.124287 136.746399 19.451536
v 6.913021 136.864822 19.319265
v 7.131640 136.940186 19.406176
v 7.127098 136.746399 19.451536
v 6.338365 136.864822 20.332241
v 6.119745 136.940186 20.245331
v 6.124287 136.746399 20.199970
v 6.913022 136.864822 20.332241
v 7.131640 136.940186 20.245331
v 7.127099 136.746399 20.199970
v 7.063211 135.985123 19.338377
v 7.025657 135.968246 19.344810
v 7.044434 136.802887 20.312271
v 6.225729 135.968246 19.344812
v 6.188174 135.985123 19.338379
v 6.206952 136.802887 20.312273
v 6.145879 137.940506 19.345940
v 7.105506 137.940506 20.305567
v 7.052832 137.908539 19.398617
v 6.198554 137.908524 20.252892
v 7.052832 137.908539 20.252893
v 6.145879 137.940506 20.305567
v 6.198554 137.972458 20.252893
v 6.198554 137.908539 19.398617
v 7.105506 137.940506 19.345940
v 7.052831 137.972443 19.398615
v 6.198554 137.972443 19.398615
v 7.052831 137.972443 20.252892
v 7.046928 136.983246 20.257107
v 7.117073 137.966003 20.274771
v 7.011856 137.966003 20.248278
v 6.204457 136.983246 20.257107
v 6.134313 137.966003 20.274771
v 6.239530 137.966003 20.248278
v 7.046928 136.983246 19.394398
v 7.117073 137.966003 19.376738
v 7.011856 137.966003 19.403229
v 6.204457 136.983246 19.394398
v 6.134313 137.966003 19.376738
v 6.239530 137.966003 19.403229
v 7.112232 137.887390 19.407013
v 6.145911 137.050186 19.400753
v 6.165011 137.134781 19.425789
v 6.150836 137.041061 20.244495
v 6.165013 137.134781 20.244495
v 7.112232 137.887390 20.244495
v 6.913022 137.949326 20.332241
v 7.131640 138.024689 20.245331
v 7.127098 137.830902 20.199970
v 6.338364 137.949326 20.332241
v 6.119745 138.024689 20.245331
v 6.124287 137.830902 20.199970
v 6.913022 137.949326 19.319265
v 7.131640 138.024689 19.406176
v 7.127098 137.830902 19.451536
v 6.338364 137.949326 19.319265
v 6.119745 138.024689 19.406176
v 6.124287 137.830902 19.451536
v 6.188174 137.069626 20.313129
v 6.225729 137.052750 20.306696
v 6.206952 137.887390 19.339231
v 7.025657 137.052750 20.306696
v 7.063211 137.069626 20.313128
v 7.044434 137.887390 19.339231
v 7.079169 138.859879 20.279230
v 6.145879 138.859879 19.345940
v 6.145879 138.859879 20.305567
v 6.198554 138.891815 20.252893
v 7.105506 138.891815 19.345940
v 7.052832 138.859879 19.398617
v 7.052832 138.923782 20.252893
v 7.105506 138.923782 20.305567
v 6.145879 138.923782 19.345940
v 6.145879 138.923782 20.305567
v 7.052831 138.923782 19.398615
v 6.198554 138.891815 19.398617
v 6.204457 137.934586 19.394400
v 6.134313 138.917358 19.376740
v 6.239530 138.917358 19.403231
v 7.046928 137.934586 19.394398
v 7.117073 138.917358 19.376738
v 7.011856 138.917358 19.403229
v 6.204458 137.934586 20.257107
v 6.134313 138.917358 20.274771
v 6.239530 138.917358 20.248278
v 6.959623 137.934586 20.290642
v 7.090580 137.934586 20.230280
v 7.046928 138.917358 20.257107
v 7.100547 137.992401 20.244495
v 7.086375 138.086136 20.244495
v 6.139154 138.838715 20.244493
v 7.100546 137.992401 19.407013
v 7.086374 138.086136 19.407013
v 6.139153 138.838715 19.407013
v 6.338364 138.900665 19.319265
v 6.119745 138.976028 19.406176
v 6.124287 138.782257 19.451536
v 6.913021 138.900665 19.319265
v 7.131640 138.976028 19.406176
v 7.127098 138.782257 19.451536
v 6.338365 138.900665 20.332241
v 6.119745 138.976028 20.245331
v 6.124287 138.782257 20.199970
v 6.913022 138.900665 20.332241
v 7.131640 138.976028 20.245331
v 7.127099 138.782257 20.199970
v 7.063211 138.020981 19.338379
v 7.025657 138.004089 19.344812
v 7.044434 138.838745 20.312275
v 6.225729 138.004089 19.344810
v 6.188174 138.020966 19.338375
v 6.206952 138.838745 20.312275
v 6.626184 120.714264 19.564083
v 6.859831 120.717590 19.910782
v 6.556490 120.736450 20.052853
v 6.379695 120.719032 19.787285
v 6.735669 121.004532 19.676920
v 6.771528 121.087303 19.856180
v 6.479856 121.087303 19.795328
v 6.665188 123.004234 19.703880
v 6.747602 123.018692 19.868526
v 6.576108 123.010475 19.943649
v 6.502177 123.003883 19.788561
v 6.661479 123.457565 19.705050
v 6.511646 123.466377 19.778606
v 6.748265 123.463852 19.835514
v 6.582360 123.462029 19.944931
v 6.659500 125.294136 19.708714
v 6.503305 125.291267 19.809881
v 6.746508 125.292923 19.847860
v 6.594114 125.294136 19.945755
v 6.716304 144.424683 19.791624
v 6.535085 144.424683 19.859884
v 6.625704 144.433273 19.825745
v 6.682386 144.620789 19.829765
v 6.569022 144.620789 19.821720
v 7.052832 120.753960 19.398697
v 6.198554 120.753960 19.398697
v 7.052831 120.753960 20.252972
v 6.145879 120.722000 20.305649
v 6.198554 120.753960 20.252972
v 6.198554 120.690041 19.398697
v 6.145879 120.722000 19.346022
v 7.105506 120.722000 20.305649
v 7.105506 120.722000 19.346022
v 7.052831 120.690041 19.398697
v 6.198554 120.690041 20.252972
v 7.052832 120.690041 20.252972
v 6.913022 120.713150 20.332323
v 7.131640 120.637787 20.245413
v 7.127098 120.831566 20.200052
v 6.338364 120.713150 20.332323
v 6.119745 120.637787 20.245413
v 6.124287 120.831566 20.200052
v 6.913022 120.713150 19.319345
v 7.131640 120.637787 19.406256
v 7.127098 120.831566 19.451618
v 6.338364 120.713150 19.319345
v 6.119745 120.637787 19.406256
v 6.124287 120.831566 19.451618
v -6.596286 121.621758 20.305567
v -6.596286 121.621758 19.345940
v -5.636659 121.621758 20.305567
v -5.636659 121.621758 19.345940
v -5.689334 121.653717 20.252893
v -6.596286 121.685677 20.305567
v -6.543612 121.653717 20.252893
v -6.543612 121.653717 19.398617
v -6.596286 121.685677 19.345940
v -5.636659 121.685677 20.305567
v -5.636659 121.685677 19.345940
v -5.689334 121.653717 19.398617
v -5.695237 120.696487 20.257107
v -5.625093 121.679230 20.274771
v -5.730309 121.679230 20.248278
v -6.537708 120.696487 20.257107
v -6.607852 121.679230 20.274771
v -6.502635 121.679230 20.248278
v -5.695237 120.696487 19.394398
v -5.625093 121.679230 19.376738
v -5.730309 121.679230 19.403229
v -6.537708 120.696487 19.394398
v -6.607852 121.679230 19.376738
v -6.502635 121.679230 19.403229
v -6.591328 120.754303 19.407013
v -6.577157 120.848015 19.407013
v -5.629932 121.600601 19.407013
v -6.591328 120.754303 20.244495
v -6.577157 120.848015 20.244495
v -5.629932 121.600601 20.244495
v -5.829144 121.662560 20.332241
v -5.610525 121.737923 20.245331
v -5.615067 121.544136 20.199970
v -6.403801 121.662567 20.332241
v -6.622420 121.737923 20.245331
v -6.617878 121.544136 20.199970
v -5.829144 121.662567 19.319265
v -5.610525 121.737923 19.406176
v -5.615067 121.544136 19.451536
v -6.403801 121.662560 19.319265
v -6.622420 121.737923 19.406176
v -6.617878 121.544136 19.451536
v -6.553991 120.782860 20.313126
v -6.516437 120.765991 20.306690
v -6.535214 121.600616 19.339231
v -5.716508 120.765991 20.306690
v -5.678954 120.782860 20.313126
v -5.697731 121.600616 19.339233
v -5.662996 122.573105 20.279230
v -6.596286 122.573105 19.345940
v -6.596286 122.573105 20.305567
v -6.543612 122.605064 20.252893
v -5.689334 122.573105 19.398615
v -6.543612 122.605064 19.398617
v -5.636659 122.605064 19.345940
v -5.689334 122.637009 19.398617
v -5.689334 122.637009 20.252893
v -5.636659 122.637009 20.305567
v -6.596286 122.637009 19.345940
v -6.596286 122.637009 20.305567
v -6.537708 121.647820 19.394400
v -6.607852 122.630577 19.376740
v -6.502635 122.630577 19.403231
v -5.695238 121.647820 19.394398
v -5.625093 122.630577 19.376738
v -5.730310 122.630577 19.403229
v -6.537708 121.647820 20.257107
v -6.607852 122.630577 20.274771
v -6.502635 122.630577 20.248278
v -5.695237 121.647820 20.257107
v -5.625093 122.630577 20.274769
v -5.730309 122.630577 20.248278
v -5.641619 121.705643 20.244495
v -5.655788 121.799355 20.244495
v -6.603014 122.551949 20.244493
v -5.641615 121.705643 19.407013
v -5.655788 121.799355 19.407013
v -6.603014 122.551949 19.407013
v -6.403801 122.613899 19.319265
v -6.622420 122.689262 19.406176
v -6.617879 122.495499 19.451536
v -5.829144 122.613899 19.319265
v -5.610525 122.689262 19.406176
v -5.615067 122.495499 19.451536
v -6.403800 122.613899 20.332241
v -6.622420 122.689262 20.245331
v -6.617878 122.495499 20.199970
v -5.829144 122.613899 20.332241
v -5.610525 122.689262 20.245331
v -5.615067 122.495499 20.199970
v -5.678954 121.734207 19.338381
v -5.716508 121.717331 19.344814
v -5.697731 122.551964 20.312273
v -6.516437 121.717331 19.344814
v -6.553991 121.734207 19.338381
v -6.535214 122.551964 20.312271
v -6.596286 123.657608 20.305567
v -6.596286 123.657608 19.345940
v -5.662996 123.657608 20.279230
v -5.636659 123.657608 19.345940
v -5.689334 123.689568 19.398617
v -6.596286 123.721512 20.305567
v -6.543612 123.689568 20.252893
v -6.543612 123.689568 19.398617
v -6.596286 123.721512 19.345940
v -5.636659 123.721512 20.305567
v -5.636659 123.721512 19.345940
v -5.689334 123.721512 20.252893
v -5.695237 122.732323 20.257107
v -5.625093 123.715080 20.274771
v -5.730309 123.715080 20.248278
v -6.537708 122.732323 20.257107
v -6.607852 123.715080 20.274771
v -6.502635 123.715080 20.248278
v -5.695237 122.732323 19.394398
v -5.625093 123.715080 19.376738
v -5.730309 123.715080 19.403229
v -6.537708 122.732323 19.394398
v -6.607852 123.715080 19.376738
v -6.502635 123.715080 19.403229
v -6.591328 122.790154 19.407013
v -6.577157 122.883858 19.407013
v -5.629932 123.636452 19.407013
v -6.591328 122.790154 20.244495
v -6.577157 122.883858 20.244495
v -5.629932 123.636452 20.244495
v -5.829144 123.698402 20.332241
v -5.610525 123.773766 20.245331
v -5.615067 123.579994 20.199970
v -6.403801 123.698418 20.332241
v -6.622420 123.773766 20.245331
v -6.617878 123.579994 20.199970
v -5.829144 123.698418 19.319265
v -5.610525 123.773766 19.406176
v -5.615067 123.579994 19.451536
v -6.403801 123.698402 19.319265
v -6.622420 123.773766 19.406176
v -6.617878 123.579994 19.451536
v -6.553991 122.818710 20.313124
v -6.516437 122.801826 20.306692
v -6.535214 123.636467 19.339231
v -5.716508 122.801826 20.306692
v -5.678954 122.818710 20.313124
v -5.697731 123.636467 19.339233
v -5.636659 124.608955 20.305567
v -6.596286 124.608955 19.345940
v -6.543612 124.608955 20.252893
v -6.543612 124.608955 19.398617
v -5.636659 124.608955 19.345940
v -5.689334 124.640915 19.398617
v -5.689334 124.608955 20.252893
v -5.636659 124.672859 19.345940
v -5.662996 124.672874 20.279230
v -6.569949 124.672874 19.372276
v -6.596286 124.640915 20.305567
v -6.543611 124.672859 20.252892
v -6.537708 123.683685 19.394400
v -6.607852 124.666420 19.376740
v -6.502635 124.666420 19.403231
v -5.695238 123.683685 19.394398
v -5.625093 124.666420 19.376738
v -5.730310 124.666420 19.403229
v -6.537708 123.683685 20.257107
v -6.607852 124.666420 20.274771
v -6.502635 124.666420 20.248278
v -5.782542 123.683685 20.290640
v -5.651585 123.683685 20.230280
v -5.695237 124.666420 20.257107
v -5.641615 123.741470 20.244493
v -5.655793 123.835190 20.244493
v -6.603013 124.587799 20.244493
v -5.641616 123.741470 19.407013
v -5.655793 123.835190 19.407013
v -6.603014 124.587799 19.407013
v -6.403801 124.649765 19.319265
v -6.622420 124.725113 19.406176
v -6.617879 124.531326 19.451536
v -5.829144 124.649765 19.319265
v -5.610525 124.725113 19.406176
v -5.615067 124.531326 19.451536
v -6.403800 124.649765 20.332241
v -6.622420 124.725113 20.245331
v -6.617878 124.531326 20.199970
v -5.829144 124.649765 20.332241
v -5.610525 124.725113 20.245331
v -5.615067 124.531326 20.199970
v -5.678954 123.770058 19.338381
v -5.716508 123.753174 19.344814
v -5.697731 124.587807 20.312273
v -6.516437 123.753174 19.344814
v -6.553991 123.770058 19.338381
v -6.535214 124.587807 20.312273
v -6.596286 125.693451 19.345940
v -5.636659 125.693451 20.305567
v -5.689334 125.693451 19.398617
v -5.689334 125.693451 20.252893
v -6.596286 125.725410 20.305567
v -6.543612 125.693451 20.252893
v -6.543612 125.693451 19.398617
v -6.569949 125.757370 19.372276
v -5.662996 125.757370 20.279230
v -5.636659 125.725410 19.345940
v -5.689334 125.757362 19.398615
v -6.543611 125.757362 20.252892
v -5.782542 124.768181 20.290642
v -5.651585 124.768181 20.230282
v -5.695237 125.750923 20.257107
v -6.450403 124.768181 20.290642
v -6.581360 124.768181 20.230282
v -6.537708 125.750923 20.257107
v -5.782542 124.768181 19.360865
v -5.651585 124.768181 19.421225
v -5.695237 125.750923 19.394398
v -6.450403 124.768181 19.360865
v -6.581360 124.768181 19.421225
v -6.537708 125.750923 19.394398
v -6.591331 124.825974 19.407013
v -6.577157 124.919708 19.407013
v -5.629932 125.672295 19.407013
v -6.591331 124.825974 20.244493
v -6.577157 124.919708 20.244493
v -5.629932 125.672295 20.244493
v -5.829144 125.734253 20.332241
v -5.610525 125.809616 20.245331
v -5.615067 125.615829 20.199970
v -6.403801 125.734261 20.332241
v -6.622420 125.809616 20.245331
v -6.617878 125.615829 20.199970
v -5.829144 125.734261 19.319265
v -5.610525 125.809616 19.406176
v -5.615067 125.615829 19.451536
v -6.403801 125.734253 19.319265
v -6.622420 125.809616 19.406176
v -6.617878 125.615829 19.451536
v -6.553991 124.854553 20.313124
v -6.516437 124.837677 20.306690
v -6.535214 125.672310 19.339231
v -5.716508 124.837677 20.306690
v -5.678954 124.854553 20.313124
v -5.697731 125.672310 19.339231
v -5.636659 126.676750 20.305567
v -6.596286 126.644791 19.345940
v -6.543612 126.644791 20.252893
v -6.543612 126.644791 19.398617
v -5.636659 126.644791 19.345940
v -5.689334 126.676750 19.398617
v -5.689334 126.644791 20.252893
v -5.636659 126.708710 19.345940
v -6.569949 126.708710 19.372276
v -6.596286 126.676750 20.305567
v -6.543611 126.708710 20.252892
v -5.689334 126.708710 20.252892
v -6.537708 125.719521 19.394400
v -6.607852 126.702271 19.376740
v -6.502635 126.702271 19.403231
v -5.695238 125.719521 19.394398
v -5.625093 126.702271 19.376738
v -5.730310 126.702271 19.403229
v -6.537708 125.719521 20.257107
v -6.607852 126.702271 20.274771
v -6.502635 126.702271 20.248278
v -5.782542 125.719521 20.290640
v -5.651585 125.719521 20.230280
v -5.695237 126.702271 20.257107
v -5.641620 125.777336 20.244493
v -5.655794 125.871056 20.244493
v -6.603013 126.623642 20.244493
v -5.641618 125.777336 19.407013
v -5.655792 125.871056 19.407013
v -6.603011 126.623634 19.407013
v -6.403801 126.685600 19.319265
v -6.622420 126.760963 19.406176
v -6.617879 126.567192 19.451536
v -5.829144 126.685600 19.319265
v -5.610525 126.760963 19.406176
v -5.615067 126.567192 19.451536
v -6.403800 126.685600 20.332241
v -6.622420 126.760963 20.245331
v -6.617878 126.567192 20.199970
v -5.829144 126.685600 20.332241
v -5.610525 126.760963 20.245331
v -5.615067 126.567192 20.199970
v -5.678954 125.805901 19.338383
v -5.716508 125.789024 19.344814
v -5.697731 126.623657 20.312273
v -6.516437 125.789024 19.344814
v -6.553991 125.805901 19.338383
v -6.535214 126.623657 20.312271
v -6.596286 127.729301 19.345940
v -5.636659 127.729301 20.305567
v -5.636659 127.729301 19.345940
v -6.543611 127.729301 20.252892
v -5.689334 127.729301 20.252893
v -6.596286 127.761261 20.305567
v -6.543612 127.793205 20.252893
v -6.543612 127.729301 19.398617
v -6.569949 127.793205 19.372276
v -5.662996 127.793205 20.279230
v -5.636659 127.793205 19.345940
v -5.689334 127.761261 19.398617
v -5.782542 126.804016 20.290642
v -5.651585 126.804016 20.230282
v -5.695237 127.786774 20.257107
v -6.450403 126.804016 20.290642
v -6.581360 126.804016 20.230282
v -6.537708 127.786774 20.257107
v -5.782542 126.804016 19.360865
v -5.651585 126.804016 19.421225
v -5.695237 127.786774 19.394398
v -6.450403 126.804016 19.360865
v -6.581360 126.804016 19.421225
v -6.537708 127.786774 19.394398
v -6.591325 126.861832 19.407013
v -6.577153 126.955551 19.407013
v -5.629932 127.708145 19.407013
v -6.591328 126.861832 20.244495
v -6.577154 126.955551 20.244495
v -5.629932 127.708145 20.244495
v -5.829144 127.770096 20.332241
v -5.610525 127.845459 20.245331
v -5.615067 127.651688 20.199970
v -6.403801 127.770111 20.332241
v -6.622420 127.845459 20.245331
v -6.617878 127.651688 20.199970
v -5.829144 127.770111 19.319265
v -5.610525 127.845459 19.406176
v -5.615067 127.651688 19.451536
v -6.403801 127.770096 19.319265
v -6.622420 127.845459 19.406176
v -6.617878 127.651688 19.451536
v -6.553991 126.890404 20.313122
v -6.516437 126.873528 20.306690
v -6.535214 127.708160 19.339231
v -5.716508 126.873528 20.306690
v -5.678954 126.890404 20.313122
v -5.697731 127.708160 19.339235
v -5.636659 128.712601 20.305567
v -6.596286 128.680649 19.345940
v -6.543612 128.680649 20.252893
v -6.543612 128.680649 19.398617
v -5.636659 128.680649 19.345940
v -5.689334 128.712601 19.398617
v -5.689334 128.680649 20.252893
v -5.636659 128.744553 19.345940
v -6.569949 128.744568 19.372276
v -6.596286 128.712601 20.305567
v -6.543611 128.744553 20.252892
v -5.689334 128.744553 20.252892
v -6.450403 127.755356 19.360865
v -6.581360 127.755356 19.421227
v -6.537708 128.738113 19.394400
v -5.695238 127.755356 19.394398
v -5.625093 128.738113 19.376738
v -5.730310 128.738113 19.403229
v -6.537708 127.755356 20.257107
v -6.607852 128.738113 20.274771
v -6.502635 128.738113 20.248278
v -5.782542 127.755356 20.290642
v -5.651585 127.755356 20.230280
v -5.695237 128.738113 20.257107
v -5.641615 127.813171 20.244493
v -5.655793 127.906891 20.244493
v -6.603012 128.659500 20.244493
v -5.641616 127.813171 19.407013
v -5.655793 127.906891 19.407013
v -6.603013 128.659500 19.407013
v -6.403801 128.721451 19.319265
v -6.622420 128.796799 19.406176
v -6.617879 128.603027 19.451536
v -5.829144 128.721451 19.319265
v -5.610525 128.796799 19.406176
v -5.615067 128.603027 19.451536
v -6.403800 128.721451 20.332241
v -6.622420 128.796799 20.245331
v -6.617878 128.603027 20.199970
v -5.829144 128.721451 20.332241
v -5.610525 128.796799 20.245331
v -5.615067 128.603027 20.199970
v -5.678954 127.841736 19.338377
v -5.716508 127.824860 19.344810
v -5.697731 128.659500 20.312275
v -6.516437 127.824860 19.344812
v -6.553991 127.841736 19.338379
v -6.535214 128.659500 20.312277
v -6.596286 129.797104 19.345940
v -5.636659 129.765137 20.305567
v -5.636659 129.765137 19.345940
v -5.689334 129.765152 19.398617
v -6.596286 129.797104 20.305567
v -6.543612 129.765152 20.252893
v -6.543612 129.765152 19.398617
v -5.636659 129.829071 20.305567
v -5.654217 129.829071 19.354719
v -6.543611 129.829056 19.398615
v -6.543611 129.829056 20.252892
v -5.689334 129.797104 20.252893
v -5.782542 128.839859 20.290642
v -5.651585 128.839859 20.230282
v -5.695237 129.822617 20.257107
v -6.450403 128.839859 20.290642
v -6.581360 128.839859 20.230282
v -6.537708 129.822617 20.257107
v -5.782542 128.839859 19.360865
v -5.651585 128.839859 19.421225
v -5.695237 129.822617 19.394398
v -6.450403 128.839859 19.360865
v -6.581360 128.839859 19.421225
v -6.537708 129.822617 19.394398
v -6.591330 128.897675 19.407013
v -6.577150 128.991409 19.407013
v -5.629934 129.743988 19.407013
v -6.591330 128.897675 20.244495
v -6.577150 128.991409 20.244495
v -5.629934 129.743988 20.244495
v -5.829144 129.805939 20.332241
v -5.610525 129.881302 20.245331
v -5.615067 129.687531 20.199970
v -6.403801 129.805954 20.332241
v -6.622420 129.881302 20.245331
v -6.617878 129.687531 20.199970
v -5.829144 129.805954 19.319265
v -5.610525 129.881302 19.406176
v -5.615067 129.687531 19.451536
v -6.403801 129.805939 19.319265
v -6.622420 129.881302 19.406176
v -6.617878 129.687531 19.451536
v -6.553991 128.926239 20.313122
v -6.516437 128.909378 20.306690
v -6.535214 129.744003 19.339231
v -5.716508 128.909378 20.306690
v -5.678954 128.926239 20.313122
v -5.697731 129.744003 19.339231
v -5.636659 130.716476 19.345940
v -5.636659 130.748444 20.305567
v -6.596286 130.716476 19.345940
v -6.596286 130.716476 20.305567
v -6.543612 130.716476 20.252893
v -5.636659 130.780396 19.345940
v -5.689334 130.748444 19.398617
v -5.689334 130.716476 20.252893
v -6.596286 130.780396 19.345940
v -6.569949 130.780396 20.279230
v -5.689334 130.780396 20.252892
v -6.543612 130.748444 19.398617
v -6.450403 129.791199 19.360865
v -6.581360 129.791199 19.421227
v -6.537708 130.773972 19.394400
v -5.695238 129.791199 19.394398
v -5.625093 130.773972 19.376738
v -5.730310 130.773972 19.403229
v -6.537708 129.791199 20.257107
v -6.607852 130.773972 20.274771
v -6.502635 130.773972 20.248278
v -5.782542 129.791199 20.290642
v -5.651585 129.791199 20.230280
v -5.695237 130.773972 20.257107
v -5.641619 129.849014 20.244493
v -5.655791 129.942749 20.244493
v -6.603013 130.695343 20.244493
v -5.641619 129.849014 19.407013
v -5.655791 129.942749 19.407013
v -6.603011 130.695328 19.407013
v -6.403801 130.757294 19.319265
v -6.622420 130.832642 19.406176
v -6.617879 130.638885 19.451536
v -5.829144 130.757294 19.319265
v -5.610525 130.832642 19.406176
v -5.615067 130.638885 19.451536
v -6.403800 130.757294 20.332241
v -6.622420 130.832642 20.245331
v -6.617878 130.638885 20.199970
v -5.829144 130.757294 20.332241
v -5.610525 130.832642 20.245331
v -5.615067 130.638885 20.199970
v -5.678954 129.877579 19.338379
v -5.716508 129.860703 19.344812
v -5.697731 130.695358 20.312275
v -6.516437 129.860703 19.344810
v -6.553991 129.877579 19.338375
v -6.535214 130.695358 20.312277
v -6.552391 131.800980 19.381056
v -5.636659 131.800980 20.305567
v -5.636659 131.800980 19.345940
v -5.689334 131.832947 19.398617
v -6.543611 131.800980 20.252892
v -6.596286 131.832947 20.305567
v -6.543612 131.864899 20.252893
v -6.596286 131.864899 19.345940
v -5.636659 131.864899 20.305567
v -5.636659 131.864899 19.345940
v -6.543611 131.864899 19.398615
v -5.689334 131.832947 20.252893
v -5.782542 130.875702 20.290642
v -5.651585 130.875702 20.230282
v -5.695237 131.858459 20.257107
v -6.450403 130.875702 20.290642
v -6.581360 130.875702 20.230282
v -6.537708 131.858459 20.257107
v -5.782542 130.875702 19.360865
v -5.651585 130.875702 19.421225
v -5.695237 131.858459 19.394398
v -6.450403 130.875702 19.360865
v -6.581360 130.875702 19.421225
v -6.537708 131.858459 19.394398
v -6.591327 130.933517 19.407013
v -6.577154 131.027252 19.407013
v -5.629933 131.779846 19.407013
v -6.591327 130.933517 20.244495
v -6.577154 131.027252 20.244495
v -5.629935 131.779831 20.244495
v -5.829144 131.841797 20.332241
v -5.610525 131.917145 20.245331
v -5.615067 131.723389 20.199970
v -6.403801 131.841797 20.332241
v -6.622420 131.917145 20.245331
v -6.617878 131.723389 20.199970
v -5.829144 131.841797 19.319265
v -5.610525 131.917145 19.406176
v -5.615067 131.723389 19.451536
v -6.403801 131.841797 19.319265
v -6.622420 131.917145 19.406176
v -6.617878 131.723389 19.451536
v -6.553991 130.962082 20.313128
v -6.516437 130.945206 20.306696
v -6.535214 131.779861 19.339231
v -5.716508 130.945206 20.306696
v -5.678954 130.962067 20.313131
v -5.697731 131.779861 19.339231
v -5.636659 132.752335 20.305567
v -6.596286 132.752350 19.345940
v -6.596286 132.752350 20.305567
v -6.543612 132.752350 19.398617
v -5.636659 132.752350 19.345940
v -5.689334 132.784302 19.398617
v -5.689334 132.784302 20.252893
v -5.636659 132.816254 19.345940
v -5.636659 132.816269 20.305567
v -6.569949 132.816269 19.372276
v -6.596286 132.816254 20.305567
v -6.543612 132.784302 20.252893
v -6.450403 131.827042 19.360865
v -6.581360 131.827042 19.421227
v -6.537708 132.809814 19.394400
v -5.695238 131.827042 19.394398
v -5.625093 132.809814 19.376738
v -5.730310 132.809814 19.403229
v -6.537708 131.827042 20.257107
v -6.607852 132.809814 20.274771
v -6.502635 132.809814 20.248278
v -5.782542 131.827042 20.290642
v -5.651585 131.827042 20.230280
v -5.695237 132.809814 20.257107
v -5.641615 131.884857 20.244493
v -5.655793 131.978577 20.244493
v -6.603012 132.731186 20.244493
v -5.641616 131.884857 19.407013
v -5.655793 131.978577 19.407013
v -6.603013 132.731186 19.407013
v -6.403801 132.793121 19.319265
v -6.622420 132.868484 19.406176
v -6.617879 132.674713 19.451536
v -5.829144 132.793121 19.319265
v -5.610525 132.868484 19.406176
v -5.615067 132.674713 19.451536
v -6.403800 132.793121 20.332241
v -6.622420 132.868484 20.245331
v -6.617878 132.674713 20.199970
v -5.829144 132.793121 20.332241
v -5.610525 132.868484 20.245331
v -5.615067 132.674713 20.199970
v -5.678954 131.913437 19.338377
v -5.716508 131.896561 19.344810
v -5.697731 132.731201 20.312275
v -6.516437 131.896561 19.344812
v -6.553991 131.913437 19.338379
v -6.535214 132.731201 20.312277
v -6.596286 133.836838 19.345940
v -5.636659 133.836838 20.305567
v -5.636659 133.836838 19.345940
v -6.596286 133.868805 20.305567
v -6.543612 133.836838 20.252893
v -6.543612 133.836838 19.398617
v -6.569949 133.900757 19.372276
v -5.636659 133.900757 20.305567
v -5.636659 133.900757 19.345940
v -5.689334 133.868805 19.398617
v -6.543611 133.900757 20.252892
v -5.689334 133.868805 20.252893
v -5.695237 132.911545 20.257107
v -5.625093 133.894318 20.274771
v -5.730309 133.894318 20.248278
v -6.450403 132.911545 20.290642
v -6.581360 132.911545 20.230282
v -6.537708 133.894318 20.257107
v -5.782542 132.911545 19.360865
v -5.651585 132.911545 19.421225
v -5.695237 133.894318 19.394398
v -6.537708 132.911545 19.394398
v -6.607852 133.894318 19.376738
v -6.502635 133.894318 19.403229
v -6.591330 132.969360 19.407013
v -6.577153 133.063080 19.407013
v -5.629934 133.815689 19.407013
v -6.591330 132.969360 20.244495
v -6.577152 133.063080 20.244495
v -5.629934 133.815689 20.244495
v -5.829144 133.877625 20.332241
v -5.610525 133.952988 20.245331
v -5.615067 133.759216 20.199970
v -6.403801 133.877640 20.332241
v -6.622420 133.952988 20.245331
v -6.617878 133.759216 20.199970
v -5.829144 133.877640 19.319265
v -5.610525 133.952988 19.406176
v -5.615067 133.759216 19.451536
v -6.403801 133.877625 19.319265
v -6.622420 133.952988 19.406176
v -6.617878 133.759216 19.451536
v -6.553991 132.997940 20.313129
v -6.516437 132.981049 20.306696
v -6.535214 133.815704 19.339231
v -5.716508 132.981049 20.306696
v -5.678954 132.997940 20.313128
v -5.697731 133.815704 19.339231
v -5.636659 134.788177 20.305567
v -6.569949 134.788177 19.372276
v -6.596286 134.788177 20.305567
v -5.636659 134.788177 19.345940
v -5.689334 134.820145 19.398617
v -5.689334 134.820145 20.252893
v -5.636659 134.852097 19.345940
v -5.636659 134.852097 20.305567
v -6.596286 134.852097 19.345940
v -6.596286 134.852097 20.305567
v -6.543612 134.820145 20.252893
v -6.543612 134.852097 19.398617
v -6.450403 133.862900 19.360865
v -6.581360 133.862900 19.421227
v -6.537708 134.845657 19.394400
v -5.695238 133.862900 19.394398
v -5.625093 134.845657 19.376738
v -5.730310 134.845657 19.403229
v -6.537708 133.862900 20.257107
v -6.607852 134.845657 20.274771
v -6.502635 134.845657 20.248278
v -5.695237 133.862900 20.257107
v -5.625093 134.845657 20.274769
v -5.730309 134.845657 20.248276
v -5.641619 133.920715 20.244493
v -5.655791 134.014450 20.244493
v -6.603013 134.767029 20.244493
v -5.641619 133.920715 19.407013
v -5.655791 134.014450 19.407013
v -6.603011 134.767029 19.407013
v -6.403801 134.828979 19.319265
v -6.622420 134.904343 19.406176
v -6.617879 134.710556 19.451536
v -5.829144 134.828979 19.319265
v -5.610525 134.904343 19.406176
v -5.615067 134.710556 19.451536
v -6.403800 134.828979 20.332241
v -6.622420 134.904343 20.245331
v -6.617878 134.710556 20.199970
v -5.829144 134.828979 20.332241
v -5.610525 134.904343 20.245331
v -5.615067 134.710556 20.199970
v -5.678954 133.949280 19.338379
v -5.716508 133.932404 19.344812
v -5.697731 134.767044 20.312275
v -6.516437 133.932404 19.344810
v -6.553991 133.949265 19.338375
v -6.535214 134.767044 20.312277
v -6.596286 135.872681 19.345940
v -5.636659 135.904633 20.305567
v -5.636659 135.872681 19.345940
v -5.689334 135.904633 19.398617
v -6.543611 135.872681 20.252892
v -5.689334 135.872681 20.252893
v -6.596286 135.904633 20.305567
v -6.543612 135.936600 20.252893
v -6.543612 135.872681 19.398617
v -6.569949 135.936600 19.372276
v -5.636659 135.936600 19.345940
v -5.689334 135.936600 20.252892
v -5.695237 134.947403 20.257107
v -5.625093 135.930161 20.274771
v -5.730309 135.930161 20.248278
v -6.537708 134.947403 20.257107
v -6.607852 135.930161 20.274771
v -6.502635 135.930161 20.248278
v -5.695237 134.947403 19.394398
v -5.625093 135.930161 19.376738
v -5.730309 135.930161 19.403229
v -6.537708 134.947403 19.394398
v -6.607852 135.930161 19.376738
v -6.502635 135.930161 19.403229
v -6.591327 135.005219 19.407013
v -6.577154 135.098938 19.407013
v -5.629933 135.851532 19.407013
v -6.591327 135.005219 20.244495
v -6.577154 135.098938 20.244495
v -5.629935 135.851517 20.244495
v -5.829144 135.913483 20.332241
v -5.610525 135.988846 20.245331
v -5.615067 135.795059 20.199970
v -6.403801 135.913483 20.332241
v -6.622420 135.988846 20.245331
v -6.617878 135.795059 20.199970
v -5.829144 135.913483 19.319265
v -5.610525 135.988846 19.406176
v -5.615067 135.795059 19.451536
v -6.403801 135.913483 19.319265
v -6.622420 135.988846 19.406176
v -6.617878 135.795059 19.451536
v -6.553991 135.033783 20.313128
v -6.516437 135.016907 20.306696
v -6.535214 135.851547 19.339231
v -5.716508 135.016907 20.306696
v -5.678954 135.033768 20.313131
v -5.697731 135.851547 19.339231
v -5.645438 136.824036 20.288008
v -6.596286 136.824036 19.345940
v -6.596286 136.824020 20.305567
v -6.543612 136.856003 20.252893
v -6.543612 136.856003 19.398617
v -5.636659 136.856003 19.345940
v -5.689334 136.824036 19.398617
v -5.689334 136.887955 20.252893
v -5.636659 136.887939 20.305567
v -6.596286 136.887939 19.345940
v -6.596286 136.887955 20.305567
v -5.689334 136.887939 19.398615
v -6.537708 135.898743 19.394400
v -6.607852 136.881516 19.376740
v -6.502635 136.881516 19.403231
v -5.695238 135.898743 19.394398
v -5.625093 136.881516 19.376738
v -5.730310 136.881516 19.403229
v -6.537708 135.898743 20.257107
v -6.607852 136.881516 20.274771
v -6.502635 136.881516 20.248278
v -5.695237 135.898743 20.257107
v -5.625093 136.881516 20.274769
v -5.730309 136.881516 20.248276
v -5.641615 135.956558 20.244493
v -5.655793 136.050278 20.244493
v -6.603011 136.802872 20.244493
v -5.641616 135.956558 19.407013
v -5.655793 136.050278 19.407013
v -6.603011 136.802872 19.407013
v -6.403801 136.864822 19.319265
v -6.622420 136.940186 19.406176
v -6.617879 136.746399 19.451536
v -5.829144 136.864822 19.319265
v -5.610525 136.940186 19.406176
v -5.615067 136.746399 19.451536
v -6.403800 136.864822 20.332241
v -6.622420 136.940186 20.245331
v -6.617878 136.746399 20.199970
v -5.829144 136.864822 20.332241
v -5.610525 136.940186 20.245331
v -5.615067 136.746399 20.199970
v -5.678954 135.985123 19.338377
v -5.716508 135.968246 19.344810
v -5.697731 136.802887 20.312271
v -6.516437 135.968246 19.344812
v -6.553991 135.985123 19.338379
v -6.535214 136.802887 20.312273
v -6.596286 137.908539 19.345940
v -5.636659 137.940506 20.305567
v -5.689334 137.908524 19.398615
v -5.689334 137.908539 20.252893
v -6.596286 137.940506 20.305567
v -6.543612 137.908539 20.252893
v -6.543612 137.908539 19.398617
v -6.569949 137.972458 19.372276
v -5.636659 137.940506 19.345940
v -5.689334 137.972458 19.398617
v -6.543611 137.972443 20.252892
v -5.689334 137.972443 20.252892
v -5.695237 136.983246 20.257107
v -5.625093 137.966003 20.274771
v -5.730309 137.966003 20.248278
v -6.537708 136.983246 20.257107
v -6.607852 137.966003 20.274771
v -6.502635 137.966003 20.248278
v -5.782542 136.983246 19.360865
v -5.651585 136.983246 19.421225
v -5.695237 137.966003 19.394398
v -6.537708 136.983246 19.394398
v -6.607852 137.966003 19.376738
v -6.502635 137.966003 19.403229
v -6.591330 137.041061 19.407013
v -6.577153 137.134781 19.407013
v -5.629934 137.887390 19.407013
v -6.591330 137.041061 20.244495
v -6.577152 137.134781 20.244495
v -5.629934 137.887390 20.244495
v -5.829144 137.949326 20.332241
v -5.610525 138.024689 20.245331
v -5.615067 137.830902 20.199970
v -6.403801 137.949326 20.332241
v -6.622420 138.024689 20.245331
v -6.617878 137.830902 20.199970
v -5.829144 137.949326 19.319265
v -5.610525 138.024689 19.406176
v -5.615067 137.830902 19.451536
v -6.403801 137.949326 19.319265
v -6.622420 138.024689 19.406176
v -6.617878 137.830902 19.451536
v -6.553991 137.069626 20.313129
v -6.516437 137.052750 20.306696
v -6.535214 137.887390 19.339231
v -5.716508 137.052750 20.306696
v -5.678954 137.069626 20.313128
v -5.697731 137.887390 19.339231
v -5.662996 138.859879 20.279230
v -6.569949 138.859879 19.372276
v -6.596286 138.859879 20.305567
v -5.636659 138.859879 19.345940
v -5.689334 138.891815 19.398617
v -5.689334 138.923782 20.252893
v -5.636659 138.923782 19.345940
v -5.636659 138.923782 20.305567
v -6.596286 138.923782 19.345940
v -6.596286 138.923782 20.305567
v -6.543612 138.891815 20.252893
v -6.543612 138.923782 19.398617
v -6.537708 137.934586 19.394400
v -6.607852 138.917358 19.376740
v -6.502635 138.917358 19.403231
v -5.695238 137.934586 19.394398
v -5.625093 138.917358 19.376738
v -5.730310 138.917358 19.403229
v -6.537708 137.934586 20.257107
v -6.607852 138.917358 20.274771
v -6.502635 138.917358 20.248278
v -5.695237 137.934586 20.257107
v -5.625093 138.917358 20.274769
v -5.730309 138.917358 20.248276
v -5.641619 137.992401 20.244495
v -5.655791 138.086136 20.244495
v -6.603011 138.838715 20.244493
v -5.641619 137.992401 19.407013
v -5.655791 138.086136 19.407013
v -6.603012 138.838715 19.407013
v -6.403801 138.900665 19.319265
v -6.622420 138.976028 19.406176
v -6.617879 138.782257 19.451536
v -5.829144 138.900665 19.319265
v -5.610525 138.976028 19.406176
v -5.615067 138.782257 19.451536
v -6.403800 138.900665 20.332241
v -6.622420 138.976028 20.245331
v -6.617878 138.782257 20.199970
v -5.829144 138.900665 20.332241
v -5.610525 138.976028 20.245331
v -5.615067 138.782257 20.199970
v -5.678954 138.020981 19.338379
v -5.716508 138.004089 19.344812
v -5.697731 138.838745 20.312275
v -6.516437 138.004089 19.344810
v -6.553991 138.020966 19.338375
v -6.535214 138.838745 20.312275
v -6.115982 120.714264 19.564083
v -5.882334 120.717590 19.910784
v -6.185675 120.736450 20.052853
v -6.362470 120.719032 19.787285
v -6.006496 121.004532 19.676920
v -5.970637 121.087303 19.856180
v -6.262311 121.087303 19.795328
v -6.076977 123.004234 19.703880
v -5.991943 123.010475 19.857479
v -6.157335 122.999901 19.948990
v -6.242016 123.021255 19.803774
v -6.239600 123.462143 19.781935
v -6.025153 123.466904 19.740635
v -6.054371 123.461372 19.945477
v -6.085169 125.294136 19.706091
v -6.238898 125.290329 19.811523
v -5.993956 125.293785 19.841379
v -6.147612 125.294136 19.945734
v -6.025862 144.424683 19.791624
v -6.207080 144.424683 19.859884
v -6.116462 144.433273 19.825745
v -6.059780 144.620789 19.829765
v -6.173144 144.620789 19.821720
v -6.569949 120.753960 19.372358
v -5.636659 120.753960 20.305649
v -5.636659 120.753960 19.346022
v -5.689334 120.722000 20.252972
v -6.596286 120.722000 20.305649
v -6.543612 120.753960 20.252972
v -6.543612 120.690041 19.398697
v -6.596286 120.690041 19.346022
v -5.636659 120.690041 20.305649
v -5.636659 120.690041 19.346020
v -5.689334 120.722000 19.398697
v -6.543611 120.690041 20.252972
v -5.829144 120.713150 20.332323
v -5.610525 120.637787 20.245413
v -5.615067 120.831566 20.200052
v -6.403801 120.713150 20.332323
v -6.622420 120.637787 20.245413
v -6.617878 120.831566 20.200052
v -5.829144 120.713150 19.319345
v -5.610525 120.637787 19.406256
v -5.615067 120.831566 19.451618
v -6.403801 120.713150 19.319345
v -6.622420 120.637787 19.406256
v -6.617878 120.831566 19.451618
v -5.258256 140.842468 -9.317898
v 4.312906 140.842468 -10.717538
v -4.312697 140.567398 -10.717538
v 5.170171 140.475708 9.282223
v -0.163227 140.395111 10.521474
v -5.258256 140.842468 9.317876
v -5.056520 140.415268 -9.373461
v -5.125816 140.395111 -0.241779
v 5.126024 140.395111 0.241755
v 5.084027 140.415268 -9.329944
v 4.312905 140.842468 10.717515
v -4.155757 140.427353 -10.551718
v 5.258464 140.475708 -9.317898
v -5.258256 140.475708 -9.317899
v -5.178792 140.475708 9.250670
v -4.287161 140.475708 10.570484
v 0.163435 140.395111 -10.521497
v 4.287370 140.475708 -10.570507
v 4.163445 140.453735 10.629081
v 5.258464 140.842468 9.317875
v -4.312697 140.842468 10.717515
v 5.258464 140.842468 -9.317899
v -5.125816 135.510239 9.236671
v 5.126024 135.510239 9.236672
v 4.258047 135.510239 10.521474
v 5.126024 135.510239 -9.236696
v -4.257839 135.510239 10.521474
v -4.257839 135.510239 -10.521497
v 0.163435 136.745087 -10.521497
v 0.000104 137.496429 -10.521497
v 0.000104 138.489517 -10.521497
v 0.000104 139.482620 -10.521497
v -5.125816 135.510239 -9.236696
v 4.229321 137.254669 10.522881
v 4.324043 138.247757 10.460419
v 4.324043 139.240845 10.460419
v -4.229113 137.254669 -10.522903
v -4.300813 138.247757 -10.481740
v -4.229113 139.240845 -10.522903
v -5.125816 138.489517 -0.000012
v -5.125816 136.745087 -0.241778
v -4.300813 137.738190 10.481717
v -4.300813 138.731277 10.481717
v 5.126024 139.724380 0.241755
v 5.126024 138.489517 -0.000012
v 5.126024 136.745087 0.241755
v 5.126507 139.240845 -9.191633
v 5.095452 138.247757 -9.307089
v 5.095452 137.254669 -9.307089
v 4.324043 139.724380 -10.460442
v 4.301021 138.731277 -10.481740
v 4.324043 137.738190 -10.460442
v 4.258048 135.510239 -10.521497
v -0.163227 138.731277 10.521474
v 0.000104 137.496429 10.521474
v -0.163227 136.745087 10.521474
v -5.126299 137.254669 9.191609
v 4.937259 139.724213 -9.252448
v 4.299683 140.232986 -10.239061
v 4.094716 139.724380 -10.521497
v 4.093438 140.232742 -10.391401
v 5.126507 139.724380 9.191609
v 5.050696 140.232574 8.992724
v -4.229113 139.724380 10.522881
v -0.163227 139.724380 10.391306
v -4.093224 140.232742 10.391377
v -5.125816 139.724380 0.241755
v -5.037926 140.232742 8.993006
v -5.025321 140.233185 0.241717
v -5.126299 139.724380 -9.191632
v -5.037878 139.724380 -0.241778
v -5.050488 140.232574 -8.992758
v -0.163227 139.724380 -10.391330
v -4.140785 139.724304 -10.313678
v -0.163189 140.233170 -10.372743
v 4.972133 139.724380 -0.241778
v 5.067399 139.724380 -8.994921
v 5.038135 140.232742 -8.993019
v 5.025529 140.233185 -0.241740
v -5.104631 139.724380 9.269042
v -4.291057 140.232574 10.226942
v -4.956021 140.232574 9.330318
v 4.298925 139.724380 10.240063
v 4.938722 140.232178 9.303633
v 4.312303 140.232742 10.257178
v -4.373331 139.724380 -10.350542
v -4.312090 140.232742 -10.257207
v 0.163435 139.724380 10.521474
v 4.094720 139.724380 10.417339
v 0.163397 140.233170 10.372720
v 0.163435 136.745087 10.391306
v 4.094718 136.745087 10.391306
v 0.163435 137.254669 10.372711
v 0.163435 137.738190 10.391306
v 4.094716 137.908035 10.521474
v 0.163435 138.247757 10.372711
v 0.163435 138.731277 10.391306
v 4.094716 138.901138 10.521474
v 0.163435 139.240845 10.372711
v -4.298716 136.745087 -10.240088
v -4.968869 136.745087 -9.346290
v -4.216914 137.738190 -10.256232
v -4.298714 138.731277 -10.240091
v 4.311361 136.745087 10.258472
v 4.957231 136.745102 9.328738
v 5.010531 137.254669 9.407627
v 4.215766 137.738190 10.255437
v 4.215765 138.731277 10.255436
v -4.960578 136.745087 9.333993
v -4.373331 136.745087 10.350518
v -4.290425 137.254669 10.227793
v -4.936556 137.738190 9.252247
v -4.290423 138.247757 10.227795
v -4.968873 138.247757 9.346261
v -5.118271 138.731277 9.230905
v -4.298713 139.240845 10.240069
v -5.010323 139.240845 9.407627
v 5.020499 136.745087 -0.241779
v 5.050649 136.745087 -8.994932
v 5.126024 137.254669 -8.994927
v 5.025524 137.254669 -0.241778
v 5.126024 137.738190 -0.241779
v 5.050649 137.738190 -8.994927
v 5.126024 138.247757 -8.994927
v 5.025524 138.247757 -0.241778
v 5.020499 138.731277 -0.241779
v 5.050649 138.731277 -8.994920
v 5.025524 139.240845 -0.241778
v -0.163227 136.745087 -10.391330
v -4.094511 136.745087 -10.391330
v -0.163227 137.254669 -10.372734
v -0.163227 137.738190 -10.391330
v -4.094507 137.908035 -10.521497
v -0.163227 138.247757 -10.372734
v -0.163227 138.731277 -10.309975
v -4.094507 138.731277 -10.391330
v -0.163227 139.240845 -10.372734
v -5.037878 136.745087 -8.994921
v -5.020291 137.254669 -0.241778
v -5.067191 137.254669 -8.994920
v -5.126299 137.738190 -9.191632
v -5.025316 137.738190 -0.241778
v -4.973391 138.247757 -0.241778
v -5.050441 138.247757 -8.994914
v -5.126299 138.731277 -9.191632
v -5.025316 138.731277 -0.241778
v -5.020291 139.240845 -0.241779
v -5.125816 139.240845 -8.994927
v -5.020291 136.745087 0.241755
v -5.050440 136.745087 8.994897
v -5.025316 137.254669 0.241755
v -5.125816 137.738190 0.241755
v -5.050441 137.738190 8.994891
v -5.025316 138.247757 0.241755
v -5.020291 138.731277 0.241755
v -5.025316 139.240845 0.241755
v -4.094511 136.745087 10.391306
v -0.163227 137.254669 10.309952
v -4.094507 137.254669 10.417339
v -4.094507 137.738190 10.521474
v -0.163227 137.738190 10.372711
v -4.094507 138.247757 10.391306
v -4.094507 138.731277 10.521474
v -0.163227 139.240845 10.391306
v -4.116047 139.240753 10.329379
v 5.038086 136.745087 8.994910
v 5.020499 137.254669 0.241755
v 5.126024 137.254669 8.994905
v 5.126507 137.738190 9.191609
v 5.025524 137.738190 0.241755
v 4.973598 138.247757 0.241755
v 5.126024 138.247757 8.994905
v 5.126507 138.731277 9.191609
v 5.025524 138.731277 0.241755
v 5.020499 139.240845 0.241755
v 5.067399 139.240845 8.994898
v 4.094718 136.745087 -10.391330
v 0.163435 137.254669 -10.309975
v 4.094716 137.254669 -10.417363
v 4.094716 137.738190 -10.521497
v 0.163435 137.738190 -10.372734
v 0.163435 138.247757 -10.391330
v 4.094716 138.247757 -10.391330
v 4.094716 138.731277 -10.521497
v 0.163435 138.731277 -10.372734
v 0.163435 139.240845 -10.391330
v 4.094718 139.240845 -10.391330
v 4.948348 136.745102 -9.315613
v 4.323797 136.745087 -10.276904
v 4.373539 137.254669 -10.350542
v 4.948351 137.738190 -9.315608
v 4.298921 138.247757 -10.240092
v 4.960787 138.731277 -9.334017
v 4.298924 139.240845 -10.240088
v 4.182571 140.704254 -10.251781
v 4.217074 140.626801 -10.443486
v 0.000104 140.736038 10.261138
v -5.020489 140.663956 -9.151464
v -4.949941 140.736038 -0.000012
v 4.950149 140.736038 -0.000012
v 5.020691 140.663940 -9.151453
v 5.033974 140.625397 9.134979
v -4.205185 140.656219 -10.337177
v -5.034372 140.614243 9.111722
v -4.201833 140.625870 10.367269
v 0.000104 140.736038 -10.261162
v 4.171402 140.673889 10.384080
v -4.949942 135.510239 -9.128846
v 4.950168 135.510239 9.128776
v 4.185146 135.510239 10.261167
v -4.184956 135.510239 10.261155
v -4.184956 135.510239 -10.261178
v 0.163435 136.745087 -10.261162
v 0.163435 139.724380 -10.307104
v -4.950637 139.240906 -9.105198
v -4.936556 138.247757 -9.252270
v -4.937599 137.254669 -9.251345
v 4.183337 139.240891 10.255804
v -4.197078 138.247757 -10.243780
v -4.949941 136.745087 -0.241778
v 4.950149 136.745087 0.241755
v 4.938400 138.247757 -9.146723
v 4.938406 137.254669 -9.146752
v 4.950161 135.510239 -9.128810
v 4.950374 137.254669 9.103907
v 4.950675 138.247757 9.105283
v 4.936506 139.240738 9.246908
v 4.185147 135.510239 -10.261189
v -0.163227 138.247757 10.309952
v -0.163227 136.745087 10.261139
v -4.996040 138.247757 9.030293
v -4.949943 135.510239 9.128821
v 4.886168 140.233948 -9.223566
v 4.183437 139.724380 -10.254937
v 0.163435 140.233948 -10.261162
v 4.950149 139.724380 8.994905
v 4.950487 140.064102 0.241755
v -4.094507 139.724380 10.261139
v -0.163227 140.233948 10.261139
v -4.949941 139.724380 0.241755
v -4.949941 139.724380 8.994905
v -4.949941 139.724380 -8.994927
v -4.949941 140.233948 -0.241779
v -4.094507 140.233948 -10.261162
v -4.939054 139.337585 9.146120
v -4.248970 139.724380 10.166432
v 4.886170 139.724380 9.223540
v -4.886606 140.064117 -9.224520
v 0.163435 139.724380 10.261139
v 4.094716 140.233948 10.261139
v 4.094716 137.254669 10.261139
v 4.094716 138.247757 10.261139
v -4.248968 137.254669 -10.166457
v -4.885962 137.738190 -9.223564
v -4.948143 138.986069 -9.315603
v -4.248967 139.240845 -10.166459
v 4.249177 137.254669 10.166433
v 4.948351 137.992966 9.315584
v 4.249177 138.247757 10.166433
v 4.886170 138.731277 9.223540
v -4.248968 136.745087 10.166433
v -4.885961 137.254669 9.223542
v -4.885962 138.731277 9.223540
v 4.950149 137.738190 -0.241779
v 4.950149 139.240845 -8.994927
v -4.094507 137.254669 -10.261162
v -4.094507 139.240845 -10.261162
v -4.949941 137.738190 -8.994927
v -4.949941 138.731277 -8.994927
v -4.949941 137.254669 8.994905
v -4.949941 137.738190 0.241755
v -5.055468 138.986069 8.994900
v -4.196669 137.738190 10.245053
v -4.197104 138.731277 10.243766
v -0.163227 138.731277 10.261139
v 4.950149 137.738190 8.994905
v 4.950149 138.731277 8.994905
v 4.196701 137.641479 -10.245011
v 4.197285 138.731277 -10.243780
v 4.886167 139.240845 -9.223568
v -4.559587 140.133987 -8.079843
v -4.559587 140.133987 8.079817
v 3.749527 139.815964 -9.199074
v -4.495786 139.815964 -8.094148
v 4.521505 139.815964 -7.976236
v 4.559786 140.133987 -8.079844
v 3.739862 140.133987 9.293488
v 4.495985 139.815964 8.094121
v -3.669670 139.815964 -9.236850
v -4.521307 139.815964 7.976210
v -3.762089 139.815964 9.180159
v 3.682629 139.815964 9.217935
v 3.739864 140.133987 -9.293513
v -3.739664 140.133987 -9.293513
v -3.739664 140.133987 9.293488
v 4.559786 140.133987 8.079817
v -4.444745 135.510239 -8.009429
v 3.692294 135.510239 9.123494
v 4.444944 135.510239 8.009402
v 4.444944 135.510239 -8.009429
v -4.444745 135.510239 8.009402
v -3.692095 135.510239 9.123494
v 3.692293 135.510239 -9.123522
v -3.692095 135.510239 -9.123521
vn 0.8286 -0.0000 0.5598
vn 0.8280 0.0382 -0.5594
vn -0.0000 1.0000 -0.0000
vn 1.0000 -0.0000 -0.0000
vn 0.8278 0.0447 -0.5592
vn -0.8278 0.0447 0.5592
vn -0.0000 -1.0000 -0.0000
vn -1.0000 -0.0000 -0.0000
vn 0.9995 0.0326 -0.0000
vn -0.0000 -0.0000 1.0000
vn 0.9998 0.0191 -0.0000
vn 0.8278 0.0447 0.5592
vn -0.0000 -0.0000 -1.0000
vn 0.9979 0.0651 -0.0000
vn 0.8286 -0.0000 -0.5598
vn -0.9998 0.0191 -0.0000
vn -0.8286 -0.0000 0.5598
vn 0.8280 0.0382 0.5594
vn -0.8280 0.0382 -0.5594
vn -0.0000 0.0482 -0.9988
vn -0.0000 0.0961 -0.9954
vn -0.0001 1.0000 -0.0000
vn -0.0000 0.0482 0.9988
vn -0.8286 -0.0000 -0.5598
vn -0.0000 0.1123 0.9937
vn -0.0000 0.0564 0.9984
vn -0.8278 0.0447 -0.5592
vn -0.9979 0.0651 -0.0000
vn -0.0000 0.0564 -0.9984
vn -0.8280 0.0382 0.5594
vn -0.0000 0.0961 0.9954
vn -0.0000 0.1123 -0.9937
vn -0.0000 -0.0292 -0.9996
vn -0.0001 -1.0000 -0.0000
vn -0.8286 -0.0134 -0.5597
vn 0.0001 -1.0000 -0.0000
vn 0.8286 -0.0134 0.5597
vn -0.0164 0.0154 0.9997
vn -0.0000 -0.0401 0.9992
vn -0.8135 0.0266 -0.5809
vn 0.8643 -0.0244 0.5023
vn 0.8135 0.0266 0.5809
vn -0.8286 -0.0134 0.5597
vn -0.8648 -0.0259 -0.5015
vn 0.8553 -0.0886 -0.5104
vn -0.8603 -0.1096 0.4978
vn 0.0164 0.0344 -0.9993
vn -0.0050 -0.0178 0.9998
vn -0.0406 -0.0003 -0.9992
vn -0.0406 -0.0003 0.9992
vn 0.9992 -0.0003 -0.0389
vn -0.0520 -0.3316 -0.9420
vn -0.1297 0.0003 -0.9916
vn -0.0545 -0.0001 -0.9985
vn -0.0512 0.3531 0.9342
vn 0.1291 -0.0006 0.9916
vn 0.1342 0.1265 0.9828
vn 0.9992 -0.0003 -0.0406
vn -0.9992 -0.0003 -0.0406
vn 0.9992 -0.0002 0.0409
vn -0.9866 0.1631 0.0017
vn -0.8135 -0.1903 0.5496
vn -0.8235 -0.1892 -0.5349
vn -0.0000 -0.1611 -0.9869
vn 0.9866 0.1634 0.0017
vn 0.8135 -0.1903 -0.5496
vn 0.8027 -0.1948 0.5637
vn -0.9985 -0.0551 -0.0000
vn -0.8135 -0.1903 -0.5496
vn -0.0017 -0.2378 -0.9713
vn 0.9985 -0.0551 -0.0000
vn 0.8135 -0.1903 0.5496
vn 0.0052 0.2375 0.9714
vn -0.9939 0.1098 -0.0011
vn -0.8135 0.1903 0.5496
vn -0.8237 -0.1875 -0.5352
vn 0.0051 0.2382 -0.9712
vn 0.9765 0.2154 0.0011
vn 0.8135 0.1903 -0.5496
vn 0.8031 -0.1931 0.5637
vn -0.9940 0.1094 0.0011
vn -0.8238 -0.1859 -0.5355
vn -0.0000 -0.2379 -0.9713
vn 0.9765 0.2155 0.0022
vn 0.8034 -0.1914 0.5638
vn -0.0000 -0.3104 -0.9506
vn 0.0082 0.3782 -0.9257
vn -0.8135 0.1903 -0.5496
vn 0.8135 0.1903 0.5496
vn -0.9866 0.1632 -0.0000
vn 0.0082 0.3776 -0.9259
vn 0.9866 0.1632 -0.0000
vn -0.0000 -0.2379 0.9713
vn 0.0082 0.3776 0.9259
vn 0.0001 1.0000 -0.0000
vn -0.0000 -0.1611 0.9869
vn -0.9940 0.1094 -0.0011
vn 0.9985 -0.0545 -0.0022
vn -0.8235 -0.1892 -0.5348
vn -0.9765 0.2154 0.0022
vn 0.0052 0.2375 -0.9714
vn 0.9939 0.1098 0.0011
vn 0.0051 0.2382 0.9712
vn -0.9985 -0.0555 0.0017
vn 0.9985 -0.0548 0.0011
vn -0.0002 -1.0000 -0.0000
vn -0.9866 0.1631 -0.0017
vn 0.9866 0.1634 -0.0017
vn 0.0082 0.3782 0.9257
vn -0.0017 -0.2378 0.9713
vn 0.0002 1.0000 -0.0000
vn 0.8031 -0.1931 0.5638
vn -0.0002 1.0000 -0.0000
vn 0.9985 -0.0545 0.0022
vn 0.9992 -0.0003 0.0406
vn -0.9992 -0.0003 0.0406
vn -0.1112 -0.0003 -0.9938
vn -0.0867 -0.6275 -0.7738
vn -0.0012 0.6288 -0.7776
vn 0.0406 -0.0003 -0.9992
vn 0.0406 -0.0003 0.9992
vn -0.9938 -0.0003 0.1114
vn -0.9651 -0.2381 0.1086
vn -0.9805 0.1964 0.0004
vn -0.9989 -0.0003 -0.0459
vn 0.1112 -0.0003 0.9938
vn 0.0867 -0.6275 0.7738
vn 0.0012 0.6288 0.7776
vn -0.9991 -0.0003 0.0434
vn 0.0516 -0.3319 0.9419
vn -0.1291 0.0006 0.9916
vn -0.1226 -0.1188 0.9853
vn 0.0512 0.3531 -0.9342
vn -0.1291 -0.0006 -0.9916
vn -0.1342 0.1265 -0.9828
vn 0.8235 -0.1892 0.5349
vn -0.0052 0.2375 -0.9714
vn -0.8027 -0.1948 -0.5637
vn -0.0051 0.2382 0.9712
vn -0.0082 0.3782 0.9257
vn 0.9940 0.1094 -0.0011
vn 0.8237 -0.1875 0.5352
vn -0.9765 0.2155 -0.0022
vn -0.8031 -0.1931 -0.5637
vn 0.9940 0.1094 0.0011
vn -0.9985 -0.0545 0.0022
vn -0.0000 -0.3104 0.9506
vn 0.8238 -0.1859 0.5355
vn -0.9765 0.2154 -0.0011
vn -0.8034 -0.1914 -0.5638
vn 0.9985 -0.0555 -0.0017
vn -0.9866 0.1634 -0.0017
vn 0.0017 -0.2378 0.9713
vn 0.0017 -0.2380 0.9713
vn 0.9866 0.1631 0.0017
vn 0.8237 -0.1875 -0.5352
vn -0.9985 -0.0546 0.0017
vn -0.8031 -0.1931 0.5637
vn 0.9866 0.1631 -0.0017
vn 0.0017 -0.2380 -0.9713
vn 0.9765 0.2154 -0.0011
vn 0.8135 -0.1903 0.5495
vn -0.0052 0.2375 0.9714
vn 0.9984 -0.0557 -0.0022
vn -0.0051 0.2382 -0.9712
vn 0.9765 0.2154 0.0022
vn -0.9985 -0.0548 0.0011
vn -0.9765 0.2154 0.0011
vn 0.0002 -1.0000 -0.0000
vn 0.9985 -0.0554 0.0011
vn -0.0082 0.3782 -0.9257
vn 0.0017 -0.2378 -0.9713
vn -0.9765 0.2155 0.0022
vn -0.9939 0.1098 0.0011
vn -0.8031 -0.1931 0.5638
vn 0.9939 0.1098 -0.0011
vn 0.8238 -0.1859 -0.5355
vn -0.8034 -0.1914 0.5638
vn -0.0000 -1.0000 -0.0001
vn 0.6313 -0.7755 -0.0000
vn 0.1193 0.2196 0.9683
vn -0.5830 0.2986 0.7556
vn -0.7911 0.4255 0.4395
vn 0.2565 -0.0000 -0.9666
vn 0.2565 -0.0000 0.9666
vn 0.2313 -0.1232 0.9650
vn -0.2305 -0.1474 -0.9618
vn -0.7731 -0.6316 0.0571
vn -0.5817 0.3001 -0.7560
vn 0.1293 0.2163 -0.9677
vn -0.7896 0.4278 -0.4399
vn 0.7731 0.6317 0.0573
vn 0.7548 -0.6532 -0.0606
vn 0.5269 0.3012 0.7948
vn -0.0740 0.3245 0.9430
vn 0.5160 -0.0537 0.8549
vn 0.3780 -0.2071 0.9024
vn -0.8927 0.4018 -0.2039
vn 0.6313 0.7755 -0.0000
vn -0.5838 -0.2978 0.7553
vn 0.9884 0.1455 0.0443
vn -0.2565 -0.0000 -0.9666
vn -0.0000 0.0845 0.9964
vn -0.7731 0.6316 0.0571
vn -0.5809 -0.3009 -0.7563
vn -0.7907 -0.4261 -0.4396
vn 0.7756 -0.6291 0.0526
vn 0.7548 0.6532 -0.0606
vn -0.9871 0.1510 0.0533
vn 0.5281 -0.3003 0.7944
vn 0.6313 -0.7756 -0.0000
vn 0.1204 0.2181 0.9685
vn -0.5838 0.2978 0.7553
vn -0.7900 0.4273 0.4397
vn -0.0000 -0.0845 -0.9964
vn -0.0000 -0.0845 0.9964
vn 0.2914 -0.1449 0.9456
vn -0.2914 -0.1449 -0.9456
vn -0.5809 0.3009 -0.7563
vn 0.1281 0.2178 -0.9675
vn -0.7908 0.4260 -0.4396
vn 0.7755 0.6291 0.0526
vn 0.3780 -0.2071 0.9023
vn -0.5830 -0.2986 0.7556
vn 0.9884 0.1455 0.0442
vn -0.1739 0.0556 -0.9832
vn 0.1739 0.0556 0.9832
vn -0.7732 0.6316 0.0571
vn -0.5817 -0.3002 -0.7560
vn -0.7896 -0.4279 -0.4399
vn 0.7755 -0.6291 -0.0526
vn 0.1203 0.2182 0.9685
vn -0.7900 0.4273 0.4398
vn -0.1739 -0.0556 -0.9832
vn 0.1739 -0.0556 0.9832
vn 0.3763 -0.1403 0.9158
vn 0.1281 0.2179 -0.9675
vn -0.3763 0.1403 -0.9158
vn -0.5817 -0.3001 -0.7560
vn -0.9868 0.1509 0.0594
vn 0.4983 -0.2821 0.8198
vn 0.1208 0.2187 0.9683
vn -0.3216 -0.1199 -0.9393
vn -0.7731 -0.6317 0.0571
vn -0.5817 0.3002 -0.7560
vn 0.1277 0.2172 -0.9677
vn 0.7731 0.6317 0.0570
vn 0.5273 0.3002 0.7949
vn -0.0596 0.3221 0.9448
vn 0.5135 -0.0605 0.8560
vn 0.9884 0.1455 0.0441
vn 0.3216 0.1199 0.9393
vn -0.9868 0.1510 0.0594
vn 0.4978 -0.2832 0.8198
vn -0.9114 -0.3518 -0.2134
vn 0.1207 0.2187 0.9683
vn 0.5135 -0.0606 0.8560
vn 0.6313 0.7756 -0.0000
vn 0.3763 0.1403 0.9158
vn -0.7731 0.6317 0.0571
vn -0.9871 0.1510 0.0532
vn 0.5276 -0.3013 0.7943
vn -0.3763 -0.1403 -0.9158
vn 0.7756 -0.6291 -0.0526
vn 0.9425 0.1804 0.2814
vn -0.2152 0.7303 0.6484
vn -0.4911 0.1447 0.8590
vn -0.2696 0.2852 0.9198
vn 0.9364 -0.3473 0.0498
vn -0.1639 -0.7236 0.6705
vn -0.2803 -0.2504 0.9267
vn -0.4869 -0.0815 0.8696
vn 0.8252 0.5624 0.0524
vn 0.5234 0.8521 -0.0000
vn 0.9564 -0.1157 0.2681
vn 0.9415 0.1845 0.2821
vn -0.2070 0.7551 0.6221
vn -0.4997 0.1497 0.8532
vn -0.2652 0.3002 0.9163
vn 0.9362 -0.3478 0.0498
vn 0.5236 -0.8520 -0.0000
vn 0.9563 0.1145 0.2692
vn 0.9424 -0.1821 0.2805
vn 0.5235 -0.8521 -0.0000
vn 0.9705 -0.0236 0.2400
vn 0.5235 -0.8520 -0.0000
vn -0.2117 0.7445 0.6332
vn -0.5034 0.1358 0.8533
vn -0.7400 0.2360 -0.6298
vn -0.0689 0.9087 -0.4117
vn 0.2593 0.6774 -0.6884
vn -0.8898 -0.3463 -0.2971
vn -0.2588 -0.6777 -0.6883
vn -0.1275 -0.8933 -0.4310
vn -0.0688 0.9087 -0.4117
vn -0.1274 -0.8933 -0.4310
vn -0.8899 0.3463 -0.2968
vn 0.0690 0.9087 -0.4117
vn -0.2593 0.6774 -0.6884
vn -0.7406 -0.2364 -0.6290
vn 0.2588 -0.6777 -0.6883
vn -0.2619 -0.8740 -0.4093
vn -0.7330 0.2464 -0.6340
vn -0.0699 0.9014 -0.4272
vn -0.8851 -0.3566 -0.2990
vn -0.1195 -0.8870 -0.4460
vn -0.6313 -0.7755 -0.0000
vn -0.1193 0.2196 0.9683
vn 0.5830 0.2986 0.7556
vn -0.9991 -0.0001 0.0434
vn -0.0000 0.0845 -0.9964
vn -0.2565 -0.0000 0.9666
vn -0.2313 -0.1232 0.9650
vn 0.2305 -0.1474 -0.9618
vn 0.7731 -0.6316 0.0571
vn -0.1216 0.2180 -0.9683
vn 0.5817 0.3001 -0.7560
vn 0.7896 0.4279 -0.4399
vn -0.7755 0.6291 -0.0526
vn -0.7548 -0.6532 -0.0606
vn -0.4079 -0.0059 0.9130
vn 0.9843 0.1693 0.0501
vn -0.5236 0.3120 0.7928
vn 0.8700 0.4237 -0.2523
vn -0.6313 0.7756 -0.0000
vn 0.5838 -0.2978 0.7553
vn 0.7900 -0.4273 0.4398
vn 0.7731 0.6316 0.0571
vn 0.5809 -0.3009 -0.7563
vn 0.7908 -0.4260 -0.4396
vn -0.7755 -0.6291 0.0526
vn -0.7548 0.6532 -0.0606
vn -0.5229 -0.3120 0.7932
vn -0.0296 0.0864 0.9958
vn 0.0220 -0.9997 0.0142
vn -0.1205 0.2181 0.9685
vn 0.5593 0.2832 0.7791
vn -0.9993 -0.0000 0.0363
vn 0.3763 -0.1403 -0.9158
vn -0.1204 0.2196 -0.9681
vn 0.5809 0.3009 -0.7563
vn 0.7907 0.4261 -0.4396
vn -0.7756 0.6291 0.0526
vn -0.4079 -0.0060 0.9130
vn 0.8700 0.4236 -0.2523
vn 0.5830 -0.2986 0.7556
vn 0.7911 -0.4255 0.4395
vn 0.1739 0.0556 -0.9832
vn -0.1739 0.0556 0.9832
vn -0.3763 0.1403 0.9158
vn 0.5817 -0.3002 -0.7560
vn 0.7896 -0.4278 -0.4399
vn -0.7731 -0.6317 0.0573
vn 0.0219 -0.9997 0.0142
vn -0.6313 -0.7756 -0.0000
vn -0.1209 0.2187 0.9683
vn -0.9991 -0.0000 0.0433
vn 0.1739 -0.0556 -0.9832
vn -0.1739 -0.0556 0.9832
vn -0.1200 0.2189 -0.9683
vn -0.7756 0.6291 -0.0526
vn -0.6313 0.7755 -0.0000
vn -0.2914 0.1449 0.9456
vn 0.2914 0.1449 -0.9456
vn 0.7731 0.6317 0.0571
vn 0.5817 -0.3001 -0.7560
vn -0.7731 -0.6317 0.0570
vn 0.5817 0.3002 -0.7560
vn -0.0304 -0.0840 -0.9960
vn 0.0220 0.9997 0.0142
vn -0.1674 0.1249 0.9779
vn 0.1674 0.1249 -0.9779
vn -0.2878 0.2165 0.9329
vn 0.8494 -0.4690 -0.2420
vn 0.3216 -0.1199 -0.9393
vn 0.7731 -0.6317 0.0571
vn -0.4079 -0.0057 0.9130
vn -0.9991 -0.0001 0.0433
vn -0.2305 0.1474 0.9618
vn 0.2313 0.1232 -0.9650
vn 0.0335 -0.7400 0.6718
vn 0.4880 -0.1593 0.8582
vn 0.2659 -0.3009 0.9158
vn -0.9362 0.3478 0.0498
vn -0.9414 -0.1861 0.2812
vn -0.5234 -0.8521 -0.0000
vn -0.9704 -0.0220 0.2404
vn 0.0279 -0.7429 0.6688
vn 0.5040 -0.1364 0.8528
vn 0.2703 -0.2858 0.9194
vn -0.9364 0.3473 0.0498
vn -0.9424 -0.1821 0.2805
vn 0.1686 -0.7116 0.6820
vn 0.4907 -0.0664 0.8688
vn 0.2847 -0.2341 0.9296
vn -0.8247 0.5632 0.0524
vn -0.1496 0.7087 0.6895
vn 0.2652 0.3002 0.9163
vn 0.4997 0.1497 0.8532
vn -0.5236 0.8520 -0.0000
vn -0.9362 -0.3478 0.0498
vn 0.1687 -0.7116 0.6820
vn -0.8247 0.5631 0.0524
vn -0.5235 0.8521 -0.0000
vn -0.9560 -0.1181 0.2686
vn 0.0235 -0.7536 0.6570
vn 0.5003 -0.1502 0.8527
vn 0.2659 -0.3008 0.9158
vn -0.5235 0.8520 -0.0000
vn 0.8899 0.3463 -0.2968
vn 0.7406 -0.2364 -0.6290
vn 0.7400 0.2360 -0.6298
vn 0.8899 0.3464 -0.2968
vn 0.8898 -0.3463 -0.2971
vn 0.8852 0.3567 -0.2986
vn 0.7336 -0.2468 -0.6332
vn 0.1231 0.2239 -0.9668
vn -0.5830 0.2986 -0.7556
vn 0.9991 -0.0000 -0.0433
vn 0.2313 -0.1232 -0.9650
vn -0.2305 -0.1474 0.9618
vn -0.7731 -0.6316 -0.0571
vn 0.1201 0.2189 0.9683
vn -0.5817 0.3001 0.7560
vn -0.7896 0.4279 0.4399
vn 0.7756 0.6291 0.0526
vn 0.7548 -0.6532 0.0606
vn 0.4079 -0.0059 -0.9130
vn -0.9843 0.1693 -0.0501
vn 0.5236 0.3120 -0.7928
vn -0.8700 0.4237 0.2523
vn -0.5830 -0.2986 -0.7556
vn -0.7547 -0.4023 -0.5183
vn -0.7731 0.6316 -0.0571
vn -0.5817 -0.3002 0.7560
vn -0.7896 -0.4278 0.4399
vn 0.7731 -0.6317 -0.0570
vn 0.7548 0.6532 0.0606
vn 0.5229 -0.3120 -0.7932
vn 0.0296 0.0864 -0.9958
vn -0.0220 -0.9997 -0.0142
vn 0.1193 0.2196 -0.9683
vn -0.5584 0.2841 -0.7794
vn 0.9993 -0.0000 -0.0363
vn -0.3763 -0.1403 0.9158
vn 0.1215 0.2180 0.9684
vn 0.4132 0.0145 -0.9105
vn -0.7848 0.3709 0.4966
vn -0.5838 -0.2978 -0.7553
vn -0.7900 -0.4273 -0.4398
vn 0.3763 0.1403 -0.9158
vn -0.5809 -0.3009 0.7563
vn -0.7908 -0.4260 0.4396
vn 0.5316 -0.3120 -0.7874
vn -0.0333 -0.8550 -0.5176
vn 0.1209 0.2187 -0.9683
vn 0.1200 0.2189 0.9683
vn -0.8700 0.4236 0.2523
vn -0.7911 -0.4255 -0.4395
vn -0.7731 0.6317 -0.0571
vn -0.5817 -0.3001 0.7560
vn -0.0219 -0.9997 -0.0142
vn -0.3216 -0.1199 0.9393
vn -0.5817 0.3002 0.7560
vn 0.0304 -0.0840 0.9960
vn -0.0220 0.9997 -0.0142
vn 0.3216 0.1199 -0.9393
vn 0.2878 0.2165 -0.9329
vn -0.8494 -0.4690 0.2420
vn -0.7731 -0.6317 -0.0571
vn 0.1205 0.2181 -0.9685
vn -0.5838 0.2978 -0.7553
vn 0.9991 -0.0000 -0.0434
vn 0.1205 0.2195 0.9681
vn -0.5809 0.3009 0.7563
vn -0.7907 0.4261 0.4396
vn 0.7755 0.6291 -0.0526
vn 0.4079 -0.0058 -0.9130
vn -0.9114 0.3518 0.2134
vn -0.3216 0.1199 0.9393
vn 0.7731 -0.6317 -0.0572
vn -0.2104 -0.7416 -0.6370
vn -0.4880 -0.1593 -0.8582
vn -0.2659 -0.3009 -0.9158
vn 0.9362 0.3478 -0.0498
vn 0.9414 -0.1861 -0.2812
vn 0.5234 -0.8521 -0.0000
vn 0.9704 -0.0220 -0.2404
vn -0.3518 -0.6831 -0.6400
vn -0.4907 -0.0664 -0.8688
vn -0.2847 -0.2341 -0.9296
vn 0.8247 0.5632 -0.0524
vn 0.9560 -0.1181 -0.2686
vn -0.2068 -0.7556 -0.6215
vn -0.5003 -0.1503 -0.8527
vn 0.9892 0.1391 -0.0450
vn 0.5236 0.8520 -0.0000
vn 0.9563 0.1145 -0.2692
vn 0.5235 0.8521 -0.0000
vn 0.9424 -0.1821 -0.2805
vn 0.9425 0.1804 -0.2814
vn 0.5235 0.8520 -0.0000
vn 0.9564 -0.1157 -0.2682
vn -0.8899 0.3463 0.2968
vn -0.2593 0.6774 0.6884
vn -0.1273 0.8930 0.4317
vn -0.8898 -0.3463 0.2971
vn 0.0688 -0.9090 0.4110
vn -0.2588 -0.6777 0.6883
vn -0.1273 0.8930 0.4316
vn 0.0688 -0.9090 0.4111
vn -0.7400 0.2360 0.6298
vn 0.2593 0.6774 0.6884
vn -0.2621 0.8737 0.4099
vn -0.7406 -0.2364 0.6290
vn -0.0687 -0.9090 0.4111
vn 0.2588 -0.6777 0.6883
vn -0.8899 0.3464 0.2968
vn -0.2620 0.8737 0.4099
vn -0.8852 0.3567 0.2986
vn -0.1193 0.8867 0.4466
vn -0.7336 -0.2468 0.6332
vn -0.0698 -0.9017 0.4266
vn -0.1208 0.2187 -0.9683
vn 0.5830 0.2986 -0.7556
vn 0.7911 0.4255 -0.4395
vn -0.2313 -0.1232 -0.9650
vn 0.2305 -0.1474 0.9618
vn 0.7731 -0.6316 -0.0571
vn 0.5817 0.3001 0.7560
vn -0.1277 0.2172 0.9677
vn 0.7896 0.4278 0.4399
vn -0.7731 0.6317 -0.0570
vn -0.7548 -0.6532 0.0606
vn -0.5269 0.3012 -0.7948
vn 0.0740 0.3245 -0.9430
vn -0.4102 -0.2998 -0.8613
vn -0.3780 -0.2071 -0.9024
vn 0.8927 0.4018 0.2039
vn 0.5830 -0.2986 -0.7556
vn -0.9884 0.1455 -0.0441
vn 0.7731 0.6316 -0.0571
vn 0.5817 -0.3002 0.7560
vn 0.7896 -0.4279 0.4399
vn -0.7756 -0.6291 0.0526
vn -0.7548 0.6532 0.0606
vn 0.9871 0.1510 -0.0533
vn -0.5281 -0.3003 -0.7944
vn -0.1227 0.2234 -0.9670
vn 0.5838 0.2978 -0.7553
vn 0.7537 0.4038 -0.5186
vn 0.5809 0.3009 0.7563
vn -0.1281 0.2178 0.9675
vn 0.7908 0.4260 0.4396
vn -0.5273 0.3002 -0.7949
vn 0.1104 0.3166 -0.9421
vn -0.4076 -0.3026 -0.8616
vn 0.9063 0.4226 -0.0074
vn -0.9884 0.1455 -0.0442
vn -0.3216 0.1199 -0.9393
vn 0.7732 0.6316 -0.0571
vn 0.9871 0.1510 -0.0532
vn -0.5349 -0.3022 -0.7890
vn -0.3780 -0.2071 -0.9023
vn 0.5817 -0.3001 0.7560
vn 0.7731 -0.6317 -0.0571
vn 0.5817 0.3002 0.7560
vn 0.0596 0.3221 -0.9448
vn -0.1674 0.1249 -0.9779
vn 0.1674 0.1249 0.9779
vn -0.5276 -0.3013 -0.7943
vn 0.9114 -0.3518 0.2134
vn -0.1674 -0.1249 -0.9779
vn 0.1674 -0.1249 0.9779
vn -0.4975 0.2820 -0.8204
vn 0.7731 0.6317 -0.0571
vn 0.9868 0.1510 -0.0594
vn 0.8494 0.4690 0.2420
vn -0.0304 0.0840 0.9960
vn 0.0224 -0.9994 -0.0268
vn -0.9425 0.1804 -0.2814
vn 0.0379 0.7287 -0.6838
vn 0.4911 0.1447 -0.8590
vn 0.2696 0.2852 -0.9198
vn -0.9364 -0.3473 -0.0498
vn -0.0238 -0.7063 -0.7075
vn 0.2803 -0.2504 -0.9267
vn 0.4869 -0.0815 -0.8696
vn -0.8252 0.5624 -0.0524
vn -0.5234 0.8521 -0.0000
vn -0.9564 -0.1157 -0.2681
vn -0.9705 -0.0236 -0.2400
vn -0.5236 -0.8520 -0.0000
vn -0.9425 0.1804 -0.2813
vn -0.0195 -0.6942 -0.7195
vn 0.2847 -0.2341 -0.9296
vn 0.4907 -0.0664 -0.8688
vn -0.5235 -0.8521 -0.0000
vn -0.8247 0.5631 -0.0524
vn 0.0234 0.7531 -0.6575
vn 0.4997 0.1497 -0.8532
vn 0.2652 0.3002 -0.9163
vn -0.9362 -0.3478 -0.0498
vn -0.1492 -0.7092 -0.6891
vn 0.2659 -0.3008 -0.9158
vn 0.5003 -0.1502 -0.8527
vn -0.5235 -0.8520 -0.0000
vn -0.9892 0.1391 -0.0450
vn 0.7400 0.2360 0.6298
vn 0.7406 -0.2364 0.6290
vn 0.8899 0.3463 0.2968
vn 0.8898 -0.3463 0.2971
vn 0.7330 0.2464 0.6340
vn 0.8851 -0.3566 0.2990
vn -0.0000 -0.7824 -0.6228
vn 0.9835 0.1632 0.0775
vn 0.9587 0.2207 0.1794
vn 0.8303 0.3897 0.3985
vn -0.9934 0.1124 0.0243
vn -0.9404 0.2386 -0.2422
vn -0.9131 0.2913 -0.2853
vn 0.9647 -0.0818 0.2503
vn -0.9647 -0.0818 0.2503
vn -0.0579 -0.6400 -0.7662
vn 0.9406 0.2411 -0.2389
vn 0.9932 0.1122 0.0293
vn 0.9132 0.2922 -0.2840
vn -0.0533 0.6375 0.7686
vn -0.0578 -0.6609 0.7483
vn -0.9582 0.2109 0.1932
vn -0.9834 0.1811 0.0092
vn -0.8504 0.4016 0.3399
vn 0.0551 0.6812 -0.7300
vn -0.0000 0.7824 -0.6228
vn 0.9587 -0.2207 0.1794
vn 0.6951 0.2596 -0.6703
vn -0.9404 -0.2386 -0.2422
vn -0.6444 0.2311 0.7289
vn 0.9647 -0.0818 -0.2504
vn -0.9647 0.0818 0.2503
vn -0.0579 0.6400 -0.7662
vn 0.9406 -0.2411 -0.2389
vn 0.9132 -0.2922 -0.2840
vn -0.0533 -0.6375 0.7686
vn 0.0545 0.6173 0.7848
vn -0.9582 -0.2110 0.1931
vn -0.8284 -0.4294 0.3595
vn -0.0533 -0.5957 -0.8014
vn 0.9835 0.1631 0.0776
vn -0.9934 0.1124 0.0242
vn -0.9404 0.2386 -0.2421
vn -0.9838 0.1792 0.0091
vn -0.8284 0.4294 0.3596
vn -0.8285 -0.4294 0.3595
vn 0.9639 0.2063 0.1682
vn 0.6950 -0.0000 -0.7190
vn -0.0000 0.7823 0.6228
vn -0.8504 -0.4016 0.3399
vn -0.0000 -0.7823 -0.6228
vn 0.9587 0.2206 0.1794
vn 0.9132 0.2922 -0.2839
vn -0.8285 0.4294 0.3596
vn 0.0551 0.6813 -0.7300
vn -0.0000 0.7823 -0.6228
vn -0.8284 -0.4295 0.3595
vn -0.9934 0.1116 0.0252
vn 0.9932 0.1131 0.0284
vn -0.0001 0.7824 -0.6228
vn -0.9405 -0.2395 -0.2409
vn -0.6438 0.2312 0.7294
vn 0.9405 -0.2403 -0.2401
vn 0.9132 -0.2923 -0.2841
vn 0.0533 -0.6375 0.7686
vn 0.8303 0.3896 0.3985
vn -0.0578 -0.6608 0.7483
vn -0.8285 0.4294 0.3595
vn 0.0001 0.7823 -0.6228
vn -0.0000 0.7824 0.6228
vn -0.9582 -0.2110 0.1932
vn -0.9834 0.1587 -0.0882
vn -0.9585 0.2211 -0.1799
vn -0.8285 0.4303 -0.3583
vn 0.0296 -0.6458 0.7630
vn -0.7037 0.2216 -0.6751
vn -0.9917 0.1259 0.0246
vn -0.9956 0.0259 -0.0902
vn 0.0532 0.6401 -0.7664
vn 0.0578 -0.6609 -0.7483
vn 0.9584 0.2105 -0.1927
vn 0.9838 0.1791 0.0068
vn 0.8302 0.3887 -0.3995
vn -0.0533 0.5957 0.8014
vn -0.9585 -0.2211 -0.1799
vn -0.6962 0.2596 0.6693
vn 0.0296 0.6458 0.7630
vn -0.9270 -0.3751 -0.0000
vn -0.9956 -0.0259 -0.0902
vn -0.0613 -0.6370 -0.7685
vn -0.0545 0.6173 -0.7848
vn 0.9584 -0.2106 -0.1927
vn 0.8302 -0.3887 -0.3995
vn -0.0533 -0.5957 0.8014
vn -0.0000 -0.7824 0.6228
vn -0.9830 0.1604 -0.0890
vn -0.9585 0.2210 -0.1798
vn 0.0295 -0.6458 0.7630
vn -0.6971 0.2237 -0.6812
vn -0.9918 0.1249 0.0254
vn -0.9956 0.0256 -0.0903
vn 0.0613 0.6370 -0.7684
vn -0.9638 -0.2067 -0.1686
vn -0.6983 0.2588 0.6674
vn -0.9340 -0.3574 -0.0000
vn -0.0613 -0.6370 -0.7684
vn -0.9638 0.2066 -0.1686
vn -0.6967 0.2236 -0.6816
vn -0.6962 -0.0001 0.7179
vn 0.0295 0.6458 0.7630
vn -0.9638 0.2067 -0.1686
vn 0.8302 0.3888 -0.3995
vn -0.9638 -0.2066 -0.1686
vn -0.6994 -0.0000 0.7148
vn -0.9270 -0.3750 -0.0000
vn -0.9956 -0.0256 -0.0904
vn -0.0615 -0.6370 -0.7684
vn -0.9834 0.1588 -0.0882
vn -0.9340 -0.3573 -0.0000
vn 0.9636 -0.1968 -0.1807
vn -0.9835 0.1632 0.0775
vn -0.9587 0.2207 0.1794
vn -0.6929 -0.0000 -0.7211
vn 0.9933 0.1123 0.0257
vn 0.9405 0.2395 -0.2409
vn 0.6417 0.0001 0.7670
vn -0.9647 0.0818 -0.2504
vn 0.0579 -0.6400 -0.7662
vn -0.9933 0.1123 0.0254
vn -0.9405 0.2403 -0.2401
vn -0.9132 0.2923 -0.2841
vn -0.0545 -0.6173 0.7848
vn 0.9830 0.1604 0.0895
vn 0.9582 0.2110 0.1931
vn 0.8504 0.4016 0.3399
vn 0.0533 0.5957 -0.8014
vn -0.9587 -0.2207 0.1794
vn -0.8303 -0.3897 0.3985
vn 0.9405 -0.2395 -0.2409
vn 0.9132 -0.2913 -0.2851
vn -0.9647 0.0818 0.2504
vn 0.9647 0.0818 0.2503
vn 0.0579 0.6400 -0.7662
vn -0.9405 -0.2403 -0.2401
vn -0.9132 -0.2923 -0.2840
vn 0.0578 -0.6401 0.7662
vn 0.0578 0.6609 0.7483
vn 0.9582 -0.2109 0.1932
vn 0.8285 -0.4294 0.3595
vn -0.0551 -0.6812 -0.7300
vn -0.0000 -0.7823 0.6228
vn 0.9934 0.1124 0.0242
vn 0.9404 0.2386 -0.2422
vn 0.6428 -0.0001 0.7660
vn -0.9933 0.1122 0.0269
vn -0.9406 0.2411 -0.2389
vn -0.9132 0.2922 -0.2840
vn 0.0533 0.6375 0.7686
vn 0.8284 0.4294 0.3595
vn -0.8303 -0.3896 0.3985
vn 0.9404 -0.2386 -0.2422
vn 0.9131 -0.2913 -0.2853
vn -0.9406 -0.2411 -0.2389
vn -0.9132 -0.2922 -0.2840
vn 0.8504 -0.4016 0.3399
vn -0.6929 0.0001 -0.7211
vn 0.9934 0.1124 0.0243
vn 0.8504 0.4017 0.3399
vn 0.9833 0.1588 0.0887
vn -0.9832 0.1649 0.0783
vn -0.9587 0.2206 0.1794
vn 0.9934 0.1116 0.0252
vn 0.6423 0.0001 0.7665
vn -0.9932 0.1131 0.0260
vn 0.9582 0.2110 0.1932
vn 0.8285 0.4294 0.3595
vn 0.0580 -0.6400 0.7661
vn 0.8284 -0.4294 0.3596
vn 0.0001 -0.7824 -0.6228
vn 0.9833 0.1588 0.0886
vn -0.0551 -0.6813 -0.7300
vn 0.9834 0.1588 -0.0882
vn 0.9585 0.2211 -0.1799
vn 0.6940 -0.0001 0.7200
vn -0.0296 -0.6458 0.7630
vn 0.9270 0.3751 -0.0000
vn 0.9956 0.0259 -0.0902
vn 0.7037 0.2236 -0.6744
vn 0.0613 0.6370 -0.7685
vn 0.0545 -0.6173 -0.7848
vn -0.9832 0.1649 -0.0787
vn -0.9584 0.2106 -0.1927
vn -0.8302 0.3887 -0.3995
vn 0.0533 0.5957 0.8014
vn 0.9585 -0.2211 -0.1799
vn 0.8285 -0.4303 -0.3583
vn -0.0296 0.6458 0.7630
vn 0.9917 0.1259 0.0247
vn 0.9956 -0.0259 -0.0902
vn -0.0532 -0.6401 -0.7664
vn -0.0578 0.6609 -0.7483
vn -0.9584 -0.2105 -0.1927
vn -0.8520 -0.3634 -0.3768
vn 0.0533 -0.5957 0.8014
vn 0.9585 0.2210 -0.1798
vn 0.6962 -0.0001 0.7179
vn 0.9340 0.3574 -0.0000
vn 0.6967 0.2236 -0.6816
vn -0.9832 0.1649 -0.0788
vn -0.9584 0.2105 -0.1927
vn 0.9638 -0.2067 -0.1686
vn 0.9830 0.1604 -0.0890
vn 0.9638 0.2066 -0.1686
vn 0.6962 -0.0000 0.7179
vn -0.0295 -0.6458 0.7630
vn 0.6967 0.2236 -0.6817
vn -0.9835 0.1632 -0.0779
vn -0.0295 0.6458 0.7630
vn -0.8302 -0.3887 -0.3995
vn 0.9638 0.2067 -0.1686
vn 0.6994 -0.0000 0.7148
vn -0.9835 0.1632 -0.0780
vn 0.6940 -0.0000 0.7200
vn 0.9956 0.0256 -0.0904
vn 0.0615 0.6370 -0.7684
vn -0.0578 0.6608 -0.7483
vn -0.8302 -0.3888 -0.3995
vn 0.0612 0.6370 -0.7685
vn 0.0533 0.5957 0.8015
vn -0.9636 -0.1968 -0.1807
vn -0.9956 0.0278 -0.0897
vn -0.9270 0.3751 -0.0000
vn -0.7037 0.2209 -0.6753
vn -0.9956 0.0281 -0.0895
vn -0.9270 0.3750 -0.0000
vn -0.7037 0.2210 -0.6753
vn -0.9961 0.0264 -0.0845
vn -0.9959 0.0271 -0.0867
vn 0.9956 -0.0278 -0.0897
vn 0.9270 -0.3750 -0.0000
vn 0.7036 0.2230 -0.6747
vn 0.9956 -0.0281 -0.0895
vn 0.9270 -0.3751 -0.0000
vn 0.7033 0.2229 -0.6751
vn 0.9835 0.1632 -0.0775
vn 0.9587 0.2207 -0.1794
vn 0.6929 -0.0001 0.7211
vn -0.9934 0.1116 -0.0252
vn -0.9404 0.2386 0.2422
vn -0.6423 0.0001 -0.7665
vn 0.9647 0.0818 0.2504
vn -0.9647 -0.0818 -0.2503
vn -0.0579 -0.6400 0.7662
vn 0.9932 0.1131 -0.0260
vn 0.9406 0.2411 0.2389
vn 0.9132 0.2922 0.2840
vn -0.0533 0.6375 -0.7686
vn -0.9830 0.1604 -0.0895
vn -0.9635 0.1972 -0.1811
vn -0.8504 0.4017 -0.3399
vn 0.9587 -0.2207 -0.1794
vn 0.8303 -0.3897 -0.3985
vn -0.9405 -0.2395 0.2409
vn -0.9132 -0.2913 0.2851
vn 0.9647 0.0818 -0.2503
vn -0.9647 0.0818 -0.2503
vn -0.0579 0.6400 0.7662
vn 0.9405 -0.2403 0.2401
vn 0.9132 -0.2923 0.2840
vn -0.0580 -0.6400 -0.7661
vn -0.9582 -0.2109 -0.1932
vn -0.8284 -0.4294 -0.3596
vn 0.0551 -0.6812 0.7300
vn 0.6929 -0.0000 0.7211
vn -0.9933 0.1131 -0.0248
vn -0.9405 0.2395 0.2409
vn -0.6423 -0.0002 -0.7665
vn 0.9934 0.1115 -0.0264
vn 0.9405 0.2403 0.2401
vn 0.9132 0.2923 0.2841
vn 0.0533 0.6375 -0.7686
vn -0.9582 0.2110 -0.1931
vn -0.8284 0.4294 -0.3595
vn 0.8303 -0.3896 -0.3985
vn -0.9404 -0.2386 0.2422
vn -0.9131 -0.2913 0.2853
vn 0.9406 -0.2411 0.2389
vn 0.9132 -0.2922 0.2840
vn -0.0533 -0.6375 -0.7686
vn -0.8504 -0.4016 -0.3399
vn 0.9827 0.1672 -0.0793
vn 0.9587 0.2206 -0.1794
vn -0.9934 0.1124 -0.0242
vn -0.6428 -0.0001 -0.7660
vn 0.9933 0.1122 -0.0269
vn -0.9833 0.1588 -0.0887
vn -0.9582 0.2109 -0.1931
vn -0.8285 0.4294 -0.3595
vn 0.8521 -0.3644 -0.3758
vn -0.8285 -0.4294 -0.3595
vn 0.9132 0.2922 0.2839
vn 0.0551 -0.6813 0.7300
vn 0.6950 0.0001 0.7190
vn -0.9833 0.1588 -0.0886
vn -0.8284 0.4295 -0.3595
vn 0.9639 -0.2063 -0.1682
vn -0.9635 -0.1972 -0.1811
vn 0.6950 -0.0000 0.7190
vn 0.0550 -0.6813 0.7300
vn -0.9834 0.1588 0.0882
vn -0.9585 0.2211 0.1799
vn -0.6940 -0.0000 -0.7200
vn 0.0296 -0.6458 -0.7630
vn -0.7037 0.2236 0.6744
vn -0.0613 0.6370 0.7685
vn 0.9835 0.1632 0.0780
vn 0.9584 0.2106 0.1927
vn 0.8302 0.3887 0.3995
vn -0.0533 0.5957 -0.8014
vn -0.9585 -0.2211 0.1799
vn -0.8285 -0.4303 0.3583
vn 0.0296 0.6458 -0.7630
vn 0.0532 -0.6401 0.7664
vn 0.9584 -0.2105 0.1927
vn 0.8302 -0.3887 0.3995
vn -0.7040 0.2238 0.6740
vn 0.0613 0.6370 0.7685
vn 0.0534 -0.6401 0.7664
vn -0.9830 0.1604 0.0890
vn -0.9585 0.2210 0.1798
vn -0.6967 0.2236 0.6817
vn -0.9340 0.3574 -0.0000
vn -0.0613 0.6370 0.7684
vn 0.9832 0.1649 0.0787
vn 0.9584 0.2105 0.1927
vn 0.8520 0.3634 0.3768
vn -0.6972 0.2234 0.6812
vn -0.9585 -0.2210 0.1798
vn 0.0615 -0.6370 0.7684
vn -0.9830 0.1604 0.0891
vn -0.9638 0.2066 0.1686
vn -0.6962 -0.0001 -0.7179
vn -0.8505 -0.4026 0.3386
vn 0.0295 0.6458 -0.7630
vn -0.6940 -0.0001 -0.7200
vn 0.0295 -0.6458 -0.7630
vn -0.0612 0.6370 0.7685
vn -0.0533 0.5957 -0.8015
vn 0.9584 -0.2106 0.1928
vn 0.8520 -0.3634 0.3768
vn -0.9835 0.1632 -0.0775
vn -0.9587 0.2207 -0.1794
vn -0.8303 0.3897 -0.3985
vn 0.9934 0.1124 -0.0243
vn 0.9404 0.2386 0.2422
vn 0.9131 0.2913 0.2853
vn 0.9647 -0.0818 -0.2503
vn 0.0579 -0.6400 0.7662
vn -0.9406 0.2411 0.2389
vn -0.9932 0.1122 -0.0293
vn -0.9132 0.2922 0.2840
vn 0.9582 0.2109 -0.1932
vn 0.9834 0.1811 -0.0092
vn 0.8504 0.4016 -0.3399
vn -0.0551 0.6812 0.7300
vn -0.9587 -0.2207 -0.1794
vn -0.6951 0.2596 0.6703
vn 0.9404 -0.2386 0.2422
vn 0.6444 0.2311 -0.7289
vn -0.9647 -0.0818 0.2504
vn 0.0579 0.6400 0.7662
vn -0.9406 -0.2411 0.2389
vn -0.9132 -0.2922 0.2840
vn 0.0533 -0.6375 -0.7686
vn 0.9582 -0.2110 -0.1931
vn 0.8285 -0.4294 -0.3595
vn 0.9934 0.1124 -0.0242
vn 0.9838 0.1792 -0.0091
vn 0.8284 0.4294 -0.3596
vn -0.9832 0.1649 -0.0783
vn -0.9587 0.2206 -0.1794
vn 0.9582 0.2109 -0.1931
vn 0.8285 0.4294 -0.3595
vn 0.9582 -0.2110 -0.1932
vn 0.9404 0.2386 0.2421
vn -0.9132 0.2922 0.2839
vn 0.0532 -0.5957 0.8014
vn 0.9934 0.1116 -0.0252
vn -0.9932 0.1131 -0.0284
vn 0.9635 0.1972 -0.1811
vn 0.9405 -0.2395 0.2409
vn 0.6438 0.2312 -0.7294
vn -0.9405 -0.2403 0.2401
vn -0.9132 -0.2923 0.2841
vn 0.8284 -0.4295 -0.3595
vn -0.0550 0.6812 0.7300
vn -0.0544 0.6173 -0.7848
vn 0.8284 -0.4294 -0.3595
vn 0.9834 0.1588 0.0882
vn 0.9585 0.2211 0.1799
vn 0.8285 0.4303 0.3583
vn -0.0296 -0.6458 -0.7630
vn 0.7037 0.2216 0.6751
vn -0.0532 0.6401 0.7664
vn -0.9584 0.2105 0.1927
vn -0.9838 0.1791 -0.0068
vn -0.8302 0.3887 0.3995
vn 0.9585 -0.2211 0.1799
vn 0.6962 0.2596 -0.6693
vn -0.0296 0.6458 -0.7630
vn 0.0613 -0.6370 0.7685
vn -0.9584 -0.2106 0.1927
vn -0.8302 -0.3887 0.3995
vn 0.0533 -0.5957 -0.8014
vn 0.9834 0.1587 0.0882
vn -0.0295 -0.6458 -0.7630
vn -0.9835 0.1809 -0.0069
vn -0.8520 0.3634 0.3768
vn 0.9585 0.2210 0.1798
vn 0.6967 0.2236 0.6816
vn 0.9340 -0.3574 -0.0000
vn 0.0613 -0.6370 0.7684
vn -0.8302 0.3888 0.3995
vn 0.0532 0.5957 -0.8014
vn -0.0295 0.6458 -0.7630
vn 0.0612 -0.6370 0.7685
vn 0.9638 0.2066 0.1686
vn 0.7041 0.2217 0.6746
vn -0.0615 0.6370 0.7684
vn 0.6962 -0.0001 -0.7179
vn 0.0533 0.5957 -0.8015
vn 0.9340 -0.3573 -0.0000
vn -0.9956 -0.0717 0.0602
vn -0.7036 0.2230 0.6747
vn -0.7033 0.2229 0.6751
vn 0.9956 0.0717 0.0602
vn 0.7037 0.2210 0.6753
vn 0.7032 0.2211 0.6757
vn 0.9961 0.0264 -0.0845
vn 0.9956 0.0719 0.0600
vn 0.7033 0.2208 0.6757
vn 0.9959 0.0694 0.0583
vn -0.9999 -0.0135 0.0029
vn -0.8286 -0.0118 -0.5598
vn -0.0000 0.0118 -0.9999
vn 0.0020 -0.0236 -0.9997
vn -0.0061 0.0586 0.9983
vn 0.8493 -0.0468 -0.5258
vn -0.0071 0.0394 -0.9992
vn -0.8128 0.0360 -0.5815
vn 0.9994 -0.0354 -0.0028
vn 0.8286 -0.0118 -0.5598
vn 0.8209 0.0203 0.5707
vn -0.9999 0.0109 -0.0000
vn 0.8208 0.0236 0.5707
vn -0.8286 -0.0118 0.5598
vn -0.8427 -0.0385 -0.5370
vn 0.9999 -0.0118 -0.0000
vn 0.8500 -0.0210 -0.5263
vn -0.8346 -0.0586 0.5477
vn -0.0000 -0.0471 0.9989
vn -0.8249 0.0947 0.5573
vn 0.9992 0.0405 0.0018
vn -0.0071 0.0198 -0.9998
vn 0.8210 0.0236 -0.5704
vn -0.8284 0.0236 0.5596
vn -0.0000 0.0118 0.9999
vn 0.9999 0.0109 -0.0000
vn 0.8206 -0.0358 0.5704
vn -0.0978 0.9952 0.0004
vn -0.9968 0.0805 0.0014
vn 0.8212 0.1060 0.5607
vn 0.6901 0.0802 -0.7193
vn -0.7416 0.0279 -0.6703
vn -0.7300 0.0206 0.6831
vn 0.5114 0.0197 0.8591
vn 0.4076 0.0314 -0.9126
vn 0.7218 -0.0073 0.6921
vn -0.9988 -0.0498 -0.0016
vn 0.9998 0.0033 0.0190
vn -0.4091 -0.0180 -0.9123
vn -0.4678 0.0427 0.8828
vn -0.9983 0.0351 -0.0470
vn 0.9998 0.0213 0.0023
vn 0.9998 0.0222 -0.0024
vn -0.4191 0.0140 -0.9078
vn -0.7333 -0.4118 -0.5410
vn -0.7516 -0.4743 0.4585
vn 0.7342 -0.4216 0.5321
vn 0.7482 -0.4709 -0.4674
vn -0.6917 -0.0837 -0.7174
vn -0.4071 -0.0030 0.9134
vn 0.0587 0.9982 -0.0087
vn 1.0000 -0.0007 -0.0021
vn -0.2407 0.0103 0.9705
vn -0.9111 -0.0066 -0.4121
vn 0.9213 0.0438 -0.3863
vn 0.9492 0.0029 -0.3148
vn 0.3709 0.0640 -0.9265
vn 0.2542 0.4542 0.8539
vn -0.2542 -0.4542 0.8539
vn -0.3547 -0.4041 0.8432
vn -0.0000 0.2805 -0.9598
vn -0.2118 -0.0218 -0.9771
vn -0.8306 0.4169 0.3692
vn 0.6977 -0.0625 -0.7137
vn 0.4478 -0.0064 0.8941
vn -0.1681 -0.0848 0.9821
vn -0.9434 -0.3314 -0.0126
vn -0.9422 -0.0660 0.3286
vn -0.7434 0.0126 -0.6687
vn 0.9540 0.0587 -0.2940
vn 0.9382 -0.0677 -0.3393
vn -0.7965 -0.0234 0.6041
vn 0.7999 0.2675 -0.5372
vn 0.3535 -0.7071 0.6124
vn -0.3535 0.7071 -0.6124
vn -0.4148 -0.9095 -0.0267
vn 0.0742 0.9954 0.0602
vn 0.4918 -0.8638 0.1092
vn 0.5934 -0.0000 -0.8049
vn 0.0755 0.9952 0.0623
vn -0.8750 -0.0000 -0.4842
vn 0.8888 0.0022 0.4583
vn -0.5447 0.1299 0.8285
vn 0.4305 -0.0067 0.9026
vn -0.9540 -0.0587 -0.2940
vn -0.9382 0.0677 -0.3393
vn 0.7189 -0.0001 0.6951
vn -0.7999 -0.2675 -0.5372
vn -0.7424 -0.3983 -0.5387
vn 0.7434 -0.0126 -0.6687
vn 0.4148 -0.9095 -0.0267
vn -0.2415 0.0025 0.9704
vn -0.9271 -0.0105 -0.3747
vn 0.9195 0.0412 -0.3910
vn 0.9345 0.0110 -0.3558
vn 0.3715 0.0292 -0.9280
vn 0.0854 -0.0306 -0.9959
vn -0.1065 0.4809 0.8703
vn -0.2917 -0.4696 0.8333
vn -0.3456 -0.4521 0.8223
vn -0.3161 0.9487 -0.0000
vn 0.3161 -0.9487 -0.0000
vn -0.9961 -0.0463 0.0750
vn 0.9961 0.0463 -0.0750
vn -0.4688 -0.8763 0.1106
vn -0.2064 -0.0305 -0.9780
vn -0.0502 0.9969 0.0613
vn 0.8892 -0.0020 -0.4574
vn -0.1697 0.9732 0.1550
vn -0.4610 0.1132 0.8802
vn 0.4543 0.1713 0.8742
vn -0.1376 -0.0734 0.9878
vn -0.9322 -0.1093 0.3451
vn -0.7965 -0.0266 0.6041
vn 0.7732 0.3149 -0.5505
vn 0.8240 -0.4237 -0.3762
vn 0.8891 -0.2776 -0.3640
vn -0.4146 -0.9096 -0.0267
vn -0.9676 -0.0515 -0.2474
vn 0.2524 -0.0000 -0.9676
vn 0.0592 -0.9926 0.1056
vn 0.5090 -0.0282 0.8603
vn -0.5004 -0.1774 0.8474
vn 0.7038 -0.1147 0.7011
vn 0.6038 0.0356 0.7964
vn 0.8157 -0.0240 0.5780
vn -0.7064 0.4494 -0.5468
vn -0.5878 -0.3496 -0.7295
vn -0.5245 -0.4905 -0.6959
vn -0.3537 0.7070 0.6124
vn 0.3537 -0.7070 -0.6124
vn 0.4331 -0.0463 -0.9002
vn -0.4331 0.0463 0.9002
vn 0.4585 0.8887 -0.0061
vn -0.9580 -0.2027 0.2027
vn 0.9580 -0.2027 -0.2027
vn 0.3015 -0.3015 0.9045
vn -0.4319 0.5035 -0.7483
vn 0.4320 -0.5035 0.7482
vn 0.4391 -0.8867 0.1447
vn -0.4391 0.8867 -0.1447
vn -0.3015 -0.3015 -0.9045
vn -0.1556 0.0366 -0.9871
vn 0.9488 0.0768 0.3063
vn -0.6931 -0.1052 0.7131
vn -0.3503 0.2903 -0.8905
vn -0.3382 0.2790 -0.8988
vn -0.3439 0.2836 -0.8952
vn 0.7909 0.4236 0.4416
vn 0.7961 0.4174 0.4381
vn 0.7828 0.4344 0.4456
vn -0.4122 -0.6450 0.6435
vn -0.4125 -0.6447 0.6436
vn -0.4115 -0.6457 0.6433
vn -0.0983 -0.9711 0.2176
vn -0.1024 -0.9701 0.2200
vn -0.1213 -0.9630 0.2408
vn 0.2708 0.0737 0.9598
vn -0.9326 -0.0255 -0.3601
vn 0.7399 -0.0472 -0.6711
vn 0.8721 -0.3392 -0.3527
vn -0.9216 0.2266 0.3152
vn 0.9101 0.3783 -0.1692
vn 0.9133 0.3779 -0.1520
vn 0.9088 0.3656 -0.2008
vn 0.9327 0.0351 0.3590
vn -0.7397 0.0692 0.6693
vn -0.2711 -0.1043 -0.9569
vn -0.9553 -0.2523 -0.1538
vn -0.9884 -0.1372 0.0649
vn -0.9890 -0.1404 0.0462
vn -0.9885 -0.1298 0.0771
vn 0.7713 0.4886 0.4080
vn 0.8024 0.4252 0.4187
vn 0.7770 0.4681 0.4210
vn 0.2708 0.0794 0.9594
vn -0.9325 -0.0110 -0.3609
vn 0.7399 -0.0473 -0.6711
vn 0.8367 0.4002 0.3739
vn 0.0554 -0.6449 -0.7622
vn -0.7702 0.3793 0.5128
vn -0.9741 0.0125 0.2256
vn 0.9510 -0.1671 -0.2601
vn 0.9107 -0.3248 -0.2552
vn 0.9108 -0.3245 -0.2554
vn 0.9106 -0.3250 -0.2552
vn -0.9683 -0.0238 0.2488
vn -0.9696 -0.0477 0.2398
vn -0.9684 -0.0289 0.2478
vn 0.9325 0.0541 0.3572
vn -0.7397 0.0777 0.6684
vn -0.2710 -0.0895 -0.9584
vn 0.3801 0.6569 0.6512
vn 0.3798 0.6574 0.6508
vn 0.3793 0.6584 0.6501
vn -0.9361 -0.3061 -0.1735
vn -0.9352 -0.3103 -0.1709
vn -0.9321 -0.3221 -0.1659
vn 0.7903 -0.3753 -0.4843
vn 0.7925 -0.3871 -0.4712
vn 0.7915 -0.3787 -0.4798
vn -0.1546 0.0289 -0.9876
vn 0.9512 0.0460 0.3052
vn -0.6967 -0.0601 0.7149
vn 0.2998 0.6225 -0.7229
vn 0.6957 0.4247 0.5793
vn -0.3534 -0.7598 0.5458
vn -0.4374 0.7653 -0.4722
vn -0.4232 0.7646 -0.4861
vn -0.4306 0.7646 -0.4796
vn 0.7233 0.3447 0.5984
vn 0.7107 0.3445 0.6133
vn 0.7420 0.3561 0.5680
vn -0.4308 -0.8083 -0.4014
vn -0.4683 -0.8150 -0.3413
vn -0.4519 -0.8074 -0.3794
vn -0.6302 -0.0587 0.7742
vn -0.6553 -0.0891 0.7501
vn -0.6516 -0.0865 0.7536
vn -0.6931 -0.1053 0.7131
vn -0.3504 0.2902 -0.8905
vn -0.3383 0.2789 -0.8987
vn -0.3441 0.2835 -0.8951
vn 0.7910 0.4234 0.4417
vn 0.7961 0.4172 0.4383
vn 0.7828 0.4342 0.4457
vn -0.4115 -0.6456 0.6433
vn -0.0989 -0.9710 0.2177
vn -0.1030 -0.9700 0.2202
vn -0.1219 -0.9628 0.2410
vn 0.9512 0.0460 0.3051
vn -0.6966 -0.0601 0.7149
vn 0.3001 0.6224 -0.7229
vn 0.6959 0.4250 0.5789
vn -0.3531 -0.7596 0.5462
vn -0.4372 0.7654 -0.4723
vn -0.4229 0.7647 -0.4862
vn -0.4303 0.7647 -0.4797
vn 0.7232 0.3449 0.5983
vn 0.7107 0.3447 0.6132
vn 0.7420 0.3564 0.5679
vn -0.4314 -0.8080 -0.4012
vn -0.4690 -0.8146 -0.3412
vn -0.4526 -0.8070 -0.3793
vn -0.6310 -0.0590 0.7735
vn -0.6561 -0.0894 0.7494
vn -0.6524 -0.0868 0.7528
vn -0.1554 0.0366 -0.9872
vn 0.9488 0.0768 0.3064
vn -0.3505 0.2902 -0.8905
vn -0.3384 0.2789 -0.8987
vn -0.3442 0.2835 -0.8951
vn 0.7905 0.4237 0.4422
vn 0.7957 0.4176 0.4387
vn 0.7824 0.4345 0.4462
vn -0.4125 -0.6449 0.6434
vn -0.4128 -0.6446 0.6435
vn -0.4118 -0.6456 0.6431
vn -0.0983 -0.9710 0.2178
vn -0.1024 -0.9701 0.2202
vn -0.1213 -0.9629 0.2410
vn -0.6932 -0.1053 0.7130
vn -0.3506 0.2901 -0.8905
vn -0.3385 0.2788 -0.8987
vn -0.3443 0.2834 -0.8951
vn 0.7907 0.4237 0.4419
vn 0.7959 0.4176 0.4385
vn 0.7825 0.4345 0.4459
vn -0.4125 -0.6449 0.6433
vn -0.4128 -0.6447 0.6434
vn -0.9758 0.0479 0.2132
vn -0.9758 0.0479 0.2134
vn -0.9759 0.0479 0.2131
vn 0.2479 0.0279 -0.9684
vn 0.6258 -0.0555 0.7780
vn -0.4038 0.6705 -0.6224
vn 0.7923 -0.5940 -0.1395
vn -0.2530 -0.2353 0.9384
vn 0.0744 0.8503 -0.5211
vn 0.0679 0.8504 -0.5217
vn 0.0730 0.8503 -0.5212
vn 0.2053 -0.7919 -0.5751
vn 0.1917 -0.7945 -0.5763
vn 0.1643 -0.8016 -0.5749
vn -0.2366 0.0136 0.9715
vn -0.2876 0.0129 0.9577
vn -0.2558 0.0149 0.9666
vn -0.9738 0.0754 0.2147
vn 0.2490 0.0423 -0.9676
vn 0.6231 -0.0952 0.7764
vn -0.3716 0.0221 0.9281
vn -0.3782 0.0173 0.9256
vn -0.3752 0.0194 0.9267
vn -0.1354 0.4097 -0.9021
vn -0.1596 0.3987 -0.9031
vn -0.1434 0.4052 -0.9029
vn 0.7807 -0.6225 -0.0557
vn 0.7743 -0.6303 -0.0569
vn 0.7603 -0.6471 -0.0567
vn -0.0000 0.2582 0.9661
vn 0.0001 -1.0000 -0.0045
vn -0.0000 0.2588 -0.9659
vn 0.9999 0.0150 0.0063
vn -0.9999 0.0150 -0.0062
vn -0.0602 0.9978 0.0281
vn -0.8863 0.0606 0.4591
vn 0.9881 0.1001 0.1170
vn -0.3624 0.0738 -0.9291
vn -0.9930 0.0329 -0.1134
vn 0.3735 0.0153 0.9275
vn 0.9626 0.0086 0.2708
vn -0.3466 0.0306 -0.9375
vn -0.9948 -0.0145 0.1011
vn 0.8849 0.1271 0.4481
vn 0.8917 0.0283 -0.4517
vn -0.6929 -0.0220 -0.7207
vn -0.4109 0.0456 0.9105
vn -0.9930 -0.1160 0.0222
vn 0.6814 0.0251 0.7315
vn 0.4346 -0.0096 -0.9006
vn 0.2403 -0.1050 -0.9650
vn -0.9366 -0.3500 -0.0186
vn -0.0349 -0.5975 0.8011
vn 0.9389 -0.3441 0.0087
vn 0.0449 -0.5858 -0.8092
vn -0.6493 -0.0264 0.7601
vn 0.6493 -0.0264 -0.7601
vn -0.6492 -0.0264 0.7601
vn 0.6492 -0.0264 -0.7601
vn -0.8684 -0.4229 0.2590
vn -0.5607 -0.0000 0.8280
vn 0.7212 -0.0000 0.6927
vn 0.0447 0.9978 -0.0495
vn -0.3352 0.9095 -0.2458
vn 0.0692 -0.1561 -0.9853
vn -0.8884 0.2065 -0.4099
vn 0.4301 -0.0983 -0.8974
vn -0.4509 0.0568 -0.8908
vn 0.4258 -0.5107 0.7470
vn 0.6197 0.0508 0.7832
vn 0.4224 -0.3703 0.8273
vn -0.4076 0.9095 -0.0815
vn -0.9258 -0.0152 -0.3777
vn 0.0846 -0.0807 -0.9931
vn 0.8315 -0.0758 0.5504
vn -0.8842 -0.2095 0.4175
vn -0.8356 0.1291 0.5340
vn -0.0444 0.4364 -0.8986
vn 0.2633 -0.4944 -0.8284
vn 0.3541 -0.3825 -0.8534
vn 0.6831 -0.7070 0.1830
vn -0.6831 0.7070 -0.1830
vn -0.1946 -0.6593 0.7263
vn 0.1946 0.6593 -0.7263
vn 0.1425 0.9882 -0.0567
vn 0.2383 -0.9652 -0.1079
vn -0.9771 -0.0110 0.2127
vn 0.9511 -0.0496 -0.3048
vn 0.9854 0.0642 -0.1580
vn 0.9228 -0.1903 0.3350
vn 0.9999 -0.0001 -0.0144
vn -0.8933 0.0354 0.4481
vn -0.9325 -0.3186 0.1703
vn -0.9667 -0.2247 0.1227
vn 0.0181 -0.0124 -0.9998
vn 0.3937 -0.9096 0.1331
vn 0.6848 -0.0072 0.7287
vn -0.8997 0.1817 -0.3969
vn -0.5661 0.0276 -0.8239
vn 0.4397 -0.0940 -0.8932
vn 0.4258 -0.5106 0.7470
vn -0.7071 -0.0000 0.7071
vn 0.7071 -0.0000 -0.7071
vn -0.4074 0.9096 -0.0815
vn -0.0321 0.0009 -0.9995
vn 0.9499 -0.0044 0.3125
vn 0.9289 -0.0665 0.3643
vn -0.9092 -0.2569 0.3276
vn -0.8844 0.2483 0.3953
vn -0.0445 0.4364 -0.8986
vn -0.0981 -0.0037 0.9952
vn 0.4799 0.8478 0.2257
vn -0.9442 -0.0201 0.3288
vn 0.6305 -0.0847 -0.7715
vn 0.9736 0.1233 -0.1920
vn 0.9846 -0.1536 -0.0837
vn 0.3936 -0.9096 0.1331
vn -0.5341 -0.2027 0.8207
vn 0.5341 -0.2027 -0.8207
vn 0.1830 -0.7071 -0.6830
vn -0.1830 0.7071 0.6830
vn -0.3693 -0.9045 -0.2132
vn 0.3693 0.9045 0.2132
vn -0.3162 -0.8944 0.3162
vn 0.3162 0.8944 0.3162
vn -0.8081 0.0435 -0.5874
vn 0.8878 0.0678 -0.4552
vn 0.0138 -0.0964 0.9952
vn 0.9966 0.0175 0.0810
vn -0.8292 0.3751 -0.4143
vn -0.8553 0.3277 -0.4015
vn -0.8131 0.2954 -0.5017
vn 0.5576 -0.5175 0.6491
vn 0.5508 -0.5020 0.6668
vn 0.5147 -0.4905 0.7032
vn 0.9978 0.0480 0.0464
vn -0.4899 0.0275 0.8713
vn -0.4030 -0.0573 -0.9134
vn 0.3682 0.6819 0.6320
vn -0.8681 -0.4580 0.1915
vn 0.5277 -0.2040 -0.8246
vn -0.2063 0.8556 0.4748
vn -0.1920 0.8566 0.4790
vn -0.2136 0.8553 0.4721
vn -0.3758 -0.7304 0.5703
vn -0.3811 -0.7292 0.5683
vn -0.3803 -0.7294 0.5686
vn 0.4785 -0.0185 -0.8779
vn 0.4867 -0.0175 -0.8734
vn 0.9959 0.0789 0.0444
vn -0.4905 0.0332 0.8708
vn -0.4004 -0.1041 -0.9104
vn 0.8383 0.5135 -0.1834
vn 0.8539 0.4892 -0.1776
vn 0.8476 0.4989 -0.1807
vn -0.5786 0.1451 0.8026
vn -0.5843 0.1525 0.7971
vn -0.5813 0.1481 0.8001
vn -0.1649 -0.6067 -0.7776
vn -0.1664 -0.6054 -0.7784
vn -0.1612 -0.6105 -0.7755
vn 0.3249 0.7753 0.5416
vn 0.3387 0.7677 0.5440
vn 0.3269 0.7743 0.5419
vn 0.9971 0.0614 0.0458
vn -0.4904 0.0410 0.8705
vn -0.4020 -0.0788 -0.9122
vn -0.3177 0.6946 0.6454
vn -0.3317 0.6981 0.6345
vn -0.3257 0.6963 0.6396
vn -0.4679 -0.7565 0.4569
vn -0.4627 -0.7586 0.4588
vn -0.4395 -0.7691 0.4641
vn 0.9959 0.0790 0.0444
vn -0.4905 0.0334 0.8708
vn -0.4003 -0.1044 -0.9104
vn 0.8395 0.5096 -0.1886
vn 0.8530 0.4884 -0.1841
vn 0.8466 0.4983 -0.1868
vn -0.5424 0.0452 0.8389
vn -0.5508 0.0558 0.8328
vn -0.5466 0.0496 0.8359
vn -0.2013 -0.5457 -0.8134
vn -0.2047 -0.5425 -0.8147
vn -0.1940 -0.5550 -0.8089
vn -0.8077 0.0299 -0.5889
vn 0.8883 0.0510 -0.4565
vn 0.0130 -0.0628 0.9979
vn 0.1703 0.8718 -0.4592
vn 0.8127 -0.3356 0.4764
vn -0.8677 -0.4788 0.1336
vn 0.9048 -0.3285 0.2709
vn 0.9055 -0.3288 0.2682
vn 0.9073 -0.3316 0.2587
vn 0.0568 -0.9870 -0.1503
vn 0.0242 -0.9845 -0.1739
vn 0.0107 -0.9837 -0.1796
vn 0.0139 -0.0964 0.9952
vn -0.8302 0.3742 -0.4132
vn -0.8561 0.3268 -0.4004
vn -0.8141 0.2945 -0.5006
vn 0.5575 -0.5175 0.6491
vn 0.5506 -0.5021 0.6669
vn 0.5146 -0.4905 0.7033
vn -0.8077 0.0299 -0.5888
vn 0.1702 0.8718 -0.4593
vn 0.8125 -0.3357 0.4765
vn 0.9046 -0.3289 0.2712
vn 0.9053 -0.3293 0.2685
vn 0.9070 -0.3320 0.2590
vn 0.0567 -0.9871 -0.1500
vn 0.0241 -0.9845 -0.1736
vn 0.0106 -0.9838 -0.1792
vn -0.8081 0.0435 -0.5875
vn 0.9966 0.0176 0.0810
vn -0.8291 0.3753 -0.4144
vn -0.8552 0.3277 -0.4015
vn -0.8129 0.2954 -0.5019
vn 0.5578 -0.5174 0.6490
vn 0.5510 -0.5020 0.6667
vn 0.5150 -0.4904 0.7031
vn -0.8301 0.3743 -0.4132
vn -0.8140 0.2945 -0.5007
vn 0.5573 -0.5176 0.6492
vn 0.5505 -0.5021 0.6670
vn 0.5144 -0.4906 0.7033
vn -0.1060 0.0289 0.9939
vn -0.8397 0.0474 -0.5410
vn 0.8582 -0.0560 -0.5103
vn -0.6010 0.7105 0.3661
vn 0.0888 -0.3225 -0.9424
vn 0.7037 -0.5364 0.4659
vn -0.3029 0.8545 -0.4219
vn -0.3078 0.8538 -0.4200
vn -0.3008 0.8549 -0.4227
vn -0.1286 -0.7435 -0.6562
vn -0.1436 -0.7443 -0.6522
vn -0.1738 -0.7506 -0.6375
vn 0.5158 0.0021 0.8567
vn 0.4455 -0.0090 0.8952
vn 0.4909 0.0026 0.8712
vn 0.8262 -0.0977 -0.5548
vn 0.8397 -0.1333 -0.5264
vn 0.8360 -0.1283 -0.5335
vn -0.1054 0.0366 0.9938
vn -0.8372 0.0769 -0.5415
vn 0.8540 -0.1052 -0.5095
vn 0.1186 0.2848 0.9512
vn 0.1003 0.2697 0.9577
vn 0.1087 0.2756 0.9551
vn -0.6486 0.4205 -0.6344
vn -0.6540 0.4156 -0.6321
vn -0.6412 0.4279 -0.6370
vn 0.5675 -0.6496 -0.5060
vn 0.5677 -0.6494 -0.5060
vn 0.5665 -0.6505 -0.5059
vn -0.0373 0.9818 -0.1861
vn -0.0180 0.9788 -0.2040
vn -0.0359 0.9815 -0.1880
vn 0.6966 0.2539 0.6711
vn -0.6934 0.2583 -0.6727
vn 0.7259 -0.0149 -0.6876
vn -0.7264 -0.0150 0.6871
vn 0.8239 -0.0000 0.5667
vn -0.8239 -0.0000 0.5667
vn 0.8239 -0.0000 -0.5667
vn -0.8239 -0.0000 -0.5667
vn 1.0000 -0.0008 -0.0059
vn 1.0000 0.0050 -0.0058
vn 0.8507 0.0034 0.5256
vn -0.0189 0.0012 0.9998
vn -1.0000 -0.0027 -0.0056
vn -1.0000 -0.0028 -0.0056
vn -1.0000 -0.0026 -0.0056
vn -0.8484 -0.0005 -0.5294
vn -0.8484 -0.0006 -0.5294
vn -0.8484 -0.0000 -0.5294
vn -0.0559 -0.0003 -0.9984
vn -0.0529 -0.0068 -0.9986
vn -0.0368 -0.0133 -0.9992
vn -0.0040 -1.0000 -0.0029
vn 0.0330 -0.9994 -0.0074
vn -0.0087 0.9999 -0.0053
vn -0.0086 1.0000 -0.0048
vn -0.0102 0.9998 0.0163
vn -0.0101 0.9998 0.0161
vn -0.0102 0.9998 0.0162
vn -0.0022 -0.9999 0.0161
vn 0.0026 0.0001 -1.0000
vn -0.0017 -0.0000 -1.0000
vn 0.0388 0.9992 -0.0101
vn 0.0390 0.9992 -0.0103
vn 0.0389 0.9992 -0.0102
vn -1.0000 0.0070 0.0001
vn 0.9999 0.0017 -0.0125
vn -1.0000 -0.0028 -0.0060
vn -0.8502 -0.0010 -0.5264
vn -0.8502 -0.0011 -0.5264
vn -0.8502 -0.0005 -0.5265
vn 0.9999 0.0017 0.0108
vn 0.8498 0.0007 0.5271
vn 0.8498 0.0005 0.5271
vn 0.1472 0.0021 0.9891
vn -0.0039 1.0000 -0.0022
vn -0.0001 1.0000 -0.0008
vn -0.0002 1.0000 -0.0009
vn -0.0003 -1.0000 0.0001
vn -0.0008 -1.0000 -0.0001
vn -0.0095 1.0000 0.0001
vn 0.0062 -0.0001 1.0000
vn 0.9895 -0.0000 0.1443
vn -0.9999 -0.0043 -0.0109
vn -0.0003 0.0001 1.0000
vn 0.0103 -0.9999 -0.0000
vn -0.6043 -0.0111 -0.7967
vn -0.2085 -0.0000 0.9780
vn 0.0037 -1.0000 -0.0020
vn -1.0000 -0.0008 -0.0059
vn -1.0000 0.0050 -0.0058
vn -0.8507 0.0034 0.5256
vn -0.8590 -0.0018 0.5119
vn -0.8590 -0.0018 0.5120
vn 0.0511 -0.0004 0.9987
vn 0.0482 -0.0063 0.9988
vn 0.0336 -0.0123 0.9994
vn 1.0000 -0.0028 -0.0056
vn 1.0000 -0.0027 -0.0056
vn 1.0000 -0.0026 -0.0056
vn 0.8484 -0.0006 -0.5294
vn 0.8484 -0.0000 -0.5294
vn 0.0198 0.0010 -0.9998
vn 0.0040 -1.0000 -0.0029
vn -0.0330 -0.9994 -0.0074
vn 0.0087 0.9999 -0.0053
vn 0.0101 0.9998 0.0161
vn 0.0102 0.9998 0.0163
vn 0.0102 0.9998 0.0162
vn 0.0022 -0.9999 0.0161
vn 0.0002 0.0002 -1.0000
vn 0.0017 -0.0000 -1.0000
vn -0.0394 0.9992 -0.0102
vn -0.0393 0.9992 -0.0101
vn 1.0000 0.0070 -0.0000
vn -0.9999 0.0045 0.0110
vn 1.0000 -0.0031 -0.0000
vn 0.8502 -0.0011 -0.5264
vn 0.8502 -0.0010 -0.5264
vn 0.8502 -0.0005 -0.5265
vn -0.1360 0.0042 -0.9907
vn -0.9999 0.0017 0.0108
vn -0.8498 0.0005 0.5271
vn -0.8498 0.0007 0.5271
vn 0.0041 1.0000 -0.0023
vn 0.0002 1.0000 -0.0008
vn 0.0001 1.0000 -0.0009
vn 0.0002 1.0000 -0.0009
vn 0.0003 -1.0000 0.0001
vn 0.0008 -1.0000 -0.0001
vn 0.0058 1.0000 0.0004
vn 0.0056 1.0000 0.0004
vn -0.0027 -1.0000 0.0071
vn -0.9895 -0.0000 0.1443
vn 0.9999 -0.0017 0.0153
vn 0.0002 0.0001 1.0000
vn -0.0114 -0.9999 0.0002
vn 0.6043 -0.0111 -0.7967
vn 0.2084 -0.0000 0.9780
vn 0.2084 -0.0001 0.9780
vn -0.0037 -1.0000 -0.0020
vn -0.0034 -1.0000 -0.0017
vn -0.3532 0.6676 0.6554
vn -0.7950 -0.4153 0.4420
vn -0.3116 -0.6826 0.6610
vn -0.8725 -0.4881 -0.0214
vn -0.9982 -0.0585 0.0144
vn -0.8730 0.4878 -0.0005
vn -0.8003 0.4154 0.4324
vn -0.8418 0.0164 -0.5396
vn -0.2327 0.0044 -0.9725
vn -0.1796 -0.0000 -0.9837
vn -0.3267 -0.9450 -0.0137
vn -0.3368 0.9413 -0.0237
vn -0.9715 0.2366 -0.0100
vn -0.8102 0.3910 -0.4367
vn -0.0000 -0.0000 -0.0000
vn -0.3509 0.6674 0.6568
vn -0.8728 -0.4876 -0.0222
vn -0.7981 0.4152 0.4367
vn -0.3425 0.9394 -0.0183
vn -0.8718 0.4899 -0.0036
vn -0.8414 -0.0042 -0.5403
vn -0.9976 -0.0682 -0.0146
vn -0.9712 0.2380 -0.0092
vn -0.3389 0.9406 -0.0225
vn -0.8669 0.4984 -0.0027
vn -0.3319 0.9429 0.0291
vn -0.8421 -0.0041 -0.5393
vn -0.9980 -0.0611 -0.0145
vn -0.2328 0.0044 0.9725
vn -0.7951 -0.4153 0.4420
vn -0.8078 0.3921 0.4402
vn -0.7947 -0.4177 -0.4403
vn -0.2326 0.0044 -0.9726
vn -0.3176 -0.6835 0.6572
vn -0.8805 -0.4735 0.0219
vn -0.3570 0.6682 0.6527
vn -0.2905 0.9569 -0.0003
vn -0.8774 0.4798 -0.0017
vn -0.8426 0.0012 -0.5386
vn -0.9975 -0.0694 -0.0148
vn -0.8029 -0.4128 0.4301
vn -0.9682 0.2498 0.0142
vn -0.8004 0.4150 0.4325
vn -0.2327 0.0044 0.9725
vn -0.8039 -0.3956 0.4441
vn -0.1796 -0.0000 0.9837
vn -0.8728 -0.4876 -0.0213
vn -0.3223 -0.9465 0.0178
vn -0.3318 0.9429 0.0291
vn -0.8031 -0.4109 -0.4315
vn -0.2328 0.0044 -0.9725
vn -0.3130 -0.6828 -0.6602
vn -0.8421 -0.0042 -0.5393
vn -0.9750 0.2221 -0.0117
vn 0.2326 0.0044 -0.9726
vn 0.7947 -0.4177 -0.4406
vn 0.1796 -0.0000 -0.9837
vn 0.3268 -0.9450 0.0132
vn 0.8637 -0.5036 0.0187
vn 0.3426 0.9393 0.0174
vn 0.7974 0.4193 -0.4340
vn 0.2933 0.9560 -0.0000
vn 0.8418 0.0164 0.5396
vn 0.2327 0.0044 0.9725
vn 0.1796 -0.0000 0.9837
vn 0.8414 -0.0042 0.5403
vn 0.9976 -0.0682 0.0146
vn 0.8595 0.5111 -0.0017
vn 0.9712 0.2380 0.0092
vn 0.2328 0.0044 -0.9725
vn 0.8039 -0.3956 -0.4441
vn 0.8677 -0.4964 0.0236
vn 0.3225 -0.9464 -0.0171
vn 0.9983 -0.0572 -0.0136
vn 0.8681 0.4963 0.0004
vn 0.8402 0.0013 -0.5423
vn 0.8459 0.0166 0.5331
vn 0.2328 0.0044 0.9725
vn 0.2719 -0.9623 0.0005
vn 0.3318 0.9429 0.0291
vn 0.3389 0.9406 -0.0225
vn 0.9752 0.2208 0.0125
vn 0.8104 0.3890 0.4380
vn 0.8031 -0.4109 0.4315
vn 0.3130 -0.6828 0.6602
vn 0.8728 -0.4876 0.0213
vn 0.3389 0.9406 0.0225
vn 0.8669 0.4984 0.0027
vn 0.3318 0.9429 -0.0291
vn 0.8421 -0.0042 0.5393
vn 0.9980 -0.0611 0.0145
vn 0.9750 0.2221 0.0117
vn 0.3223 -0.9465 -0.0178
vn 0.8078 0.3921 -0.4402
vn 0.7947 -0.4177 -0.4405
vn 0.7947 -0.4181 0.4401
vn 0.3178 -0.6835 0.6571
vn 0.8799 -0.4747 -0.0210
vn 0.8402 0.0012 0.5423
vn 0.9983 -0.0572 0.0136
vn 0.8681 0.4963 -0.0004
vn 0.8449 0.0166 -0.5347
vn 0.2777 -0.9607 0.0001
vn 0.9682 0.2499 -0.0141
vn 0.8104 0.3890 -0.4380
vn 0.2327 0.0044 -0.9725
vn 0.8418 0.0164 -0.5396
vn 0.8728 -0.4876 -0.0222
vn 0.3267 -0.9450 -0.0137
vn 0.3415 -0.9398 -0.0161
vn 0.8718 0.4899 -0.0036
vn 0.3425 0.9393 -0.0183
vn 0.3509 0.6674 0.6568
vn 0.9976 -0.0682 -0.0146
vn 0.9712 0.2379 -0.0092
vn 0.8414 -0.0042 -0.5403
vn 0.7950 -0.4153 0.4420
vn 0.3116 -0.6826 0.6610
vn 0.7981 0.4152 0.4367
vn -0.0000 -0.8550 0.5187
vn 0.5184 -0.8551 -0.0000
vn -0.0000 -0.8549 -0.5188
vn -0.5184 -0.8551 -0.0000
vn -0.0000 0.8549 0.5187
vn 0.5187 0.8550 -0.0000
vn -0.0000 0.8549 -0.5188
vn -0.5187 0.8549 -0.0000
vn 0.2442 -0.0000 -0.9697
vn -0.2442 -0.0000 -0.9697
vn 0.2442 -0.0000 0.9697
vn -0.2442 -0.0000 0.9697
vn -0.2801 0.3300 -0.9015
vn -0.4241 0.2158 -0.8795
vn 0.4241 -0.2158 0.8795
vn 0.4240 0.2158 -0.8795
vn -0.4240 0.2158 0.8796
vn 0.4241 0.2158 0.8795
vn -0.4241 -0.2158 -0.8795
vn 0.4128 0.6936 0.5904
vn -0.4127 0.6936 0.5904
vn 0.0128 -0.3855 0.9226
vn -0.0128 -0.3855 -0.9226
vn -0.0152 -0.8615 0.5075
vn 0.0152 -0.8615 -0.5075
vn 0.0299 -0.0000 -0.9996
vn -0.9282 -0.3710 0.0278
vn -0.0299 -0.0000 0.9996
vn 0.9282 -0.3710 -0.0278
vn -0.0289 0.8672 0.4971
vn 0.0336 0.9989 -0.0333
vn 0.0288 0.8672 -0.4971
vn -0.0334 0.9989 0.0333
vn 0.2441 -0.0000 -0.9697
vn 0.4241 0.2159 0.8795
vn -0.4241 0.2158 0.8795
vn 0.4241 0.2158 -0.8795
vn -0.4128 0.6936 -0.5904
vn 0.4127 0.6936 -0.5904
vn -0.0000 -0.3810 0.9246
vn -0.0149 -0.8482 -0.5295
vn 0.9265 -0.3759 -0.0141
vn 0.0004 1.0000 -0.0000
vn -0.0000 0.8550 -0.5186
vn 0.0331 0.9989 -0.0333
vn -0.4186 -0.0062 0.9082
vn 0.4186 0.0062 -0.9082
vn 0.4240 0.2158 -0.8796
vn -0.4240 0.2159 0.8796
vn 0.4127 0.6936 0.5904
vn -0.4131 0.6935 0.5903
vn 0.0333 -0.9989 -0.0333
vn -0.0000 -0.8550 -0.5187
vn -0.4972 -0.8672 -0.0289
vn -0.0000 -0.0001 1.0000
vn -0.0000 0.3809 0.9246
vn -0.0149 0.8483 -0.5294
vn -0.0000 0.8550 -0.5187
vn -0.4974 0.8671 -0.0289
vn -0.9282 0.3710 0.0278
vn -0.4186 -0.0062 -0.9082
vn 0.4186 0.0062 0.9082
vn 0.4186 -0.0062 0.9082
vn -0.4186 0.0062 -0.9082
vn -0.4240 -0.2158 -0.8795
vn -0.4240 0.2158 0.8795
vn -0.4130 0.6935 -0.5903
vn 0.4131 0.6935 -0.5903
vn 0.0289 -0.8671 -0.4972
vn 0.0329 -0.9989 -0.0333
vn -0.0128 0.3854 -0.9226
vn 0.0152 0.8616 -0.5073
vn -0.0150 0.8482 -0.5294
vn 0.9265 0.3760 -0.0141
vn -0.9282 0.3711 0.0278
vn -0.2800 0.3300 -0.9015
vn 0.4129 0.6936 0.5903
vn -0.0128 -0.3854 -0.9226
vn -0.0000 -0.8549 0.5188
vn 0.5187 -0.8550 -0.0000
vn 0.5188 0.8549 -0.0000
vn 0.0289 0.8671 -0.4972
vn -0.0333 0.9989 0.0333
vn -0.0329 -0.9989 0.0333
vn -0.0128 0.3855 -0.9226
vn -0.0000 0.8550 0.5186
vn 0.9281 0.3712 -0.0278
vn -0.0000 -0.0001 -1.0000
vn 0.4240 0.2159 0.8795
vn 0.9246 -0.3810 -0.0000
vn -0.0289 -0.8671 0.4974
vn -0.5295 -0.8482 0.0149
vn -0.5187 -0.8550 -0.0000
vn -0.0000 0.0001 -1.0000
vn 0.0278 -0.3710 0.9282
vn -0.0289 0.8671 0.4973
vn -0.5186 0.8550 -0.0000
vn -0.0333 0.9989 -0.0333
vn -0.5188 0.8549 -0.0000
vn -0.4124 0.6937 -0.5905
vn 0.4124 0.6937 -0.5905
vn -0.0260 -0.3899 -0.9205
vn 0.0149 -0.8482 0.5295
vn 0.4972 -0.8672 0.0289
vn 0.9282 -0.3711 -0.0278
vn -0.0335 0.9989 0.0333
vn 0.4970 0.8673 0.0289
vn 0.4186 -0.0062 -0.9082
vn -0.4186 0.0062 0.9082
vn 0.4124 0.6937 0.5905
vn -0.4124 0.6937 0.5905
vn 0.0128 -0.3854 0.9227
vn 0.0333 0.9989 -0.0333
vn -0.4240 -0.2159 -0.8795
vn -0.4240 0.2159 0.8795
vn 0.4240 0.2159 -0.8795
vn -0.4240 0.2159 -0.8795
vn 0.4240 -0.2159 0.8795
vn -0.4123 0.6937 -0.5905
vn -0.0000 -0.3809 -0.9246
vn -0.9265 -0.3761 0.0141
vn -0.0000 0.8550 0.5187
vn 0.0003 1.0000 -0.0000
vn -0.4241 0.2159 0.8795
vn -0.4241 -0.2159 -0.8795
vn 0.5186 0.8550 -0.0000
vn -0.0000 0.0001 1.0000
vn 0.4240 0.2158 0.8796
vn -0.4240 -0.2158 -0.8796
vn -0.4240 0.2158 -0.8796
vn 0.4240 -0.2158 0.8796
vn -0.4126 0.6937 -0.5904
vn -0.9635 0.2671 0.0178
vn -0.0000 -0.8548 0.5189
vn 0.5190 -0.8548 -0.0000
vn 0.0333 -0.9989 0.0330
vn 0.5256 0.8507 -0.0097
vn 0.4973 0.8671 0.0289
vn -0.0411 0.5502 -0.8340
vn 0.4240 0.2159 0.8796
vn 0.4125 0.6937 0.5905
vn -0.0333 -0.9989 0.0333
vn 0.0152 0.8615 -0.5075
vn 0.9282 0.3710 -0.0278
vn -0.4125 0.6937 -0.5905
vn -0.0332 0.9989 0.0333
vn -0.4127 0.6936 -0.5904
vn -0.0000 -0.8549 0.5189
vn -0.0000 0.8549 0.5188
vn 0.4123 0.6938 0.5905
vn -0.0149 -0.8482 -0.5294
vn 0.0289 -0.8672 -0.4971
vn -0.9281 -0.3712 0.0278
vn 0.0330 0.9989 -0.0333
vn -0.4126 0.6936 -0.5904
vn -0.6679 0.7337 0.1252
vn 0.5392 -0.8192 -0.1951
vn -0.5285 -0.1085 0.8420
vn 0.8860 -0.3143 0.3407
vn 0.6789 0.7249 -0.1166
vn 0.3850 -0.3917 -0.8356
vn 0.0492 -0.7920 -0.6085
vn 0.8978 -0.0054 0.4404
vn 0.4978 -0.6434 -0.5816
vn 0.5469 -0.0934 -0.8320
vn -0.9678 -0.1284 -0.2166
vn -0.4840 -0.1400 0.8638
vn 0.9768 -0.1014 0.1885
vn 0.1435 0.9792 0.1432
vn 0.6231 0.0346 -0.7813
vn -0.9702 -0.0082 -0.2421
vn -0.4046 -0.5441 0.7351
vn 0.9682 -0.0455 0.2460
vn 0.0206 -0.5087 -0.8607
vn -0.9438 -0.3207 -0.0803
vn 0.9112 -0.3475 0.2212
vn -0.0000 0.8549 -0.5187
vn 0.5187 0.8549 -0.0000
vn -0.0000 -0.8549 0.5187
vn 0.4240 -0.2158 -0.8796
vn -0.4240 -0.2158 0.8796
vn 0.0260 -0.3900 0.9205
vn -0.0150 -0.8482 -0.5295
vn 0.5183 0.8552 -0.0000
vn -0.9265 -0.3759 0.0141
vn -0.0289 -0.8671 0.4973
vn 0.0128 0.3854 0.9227
vn -0.0000 0.3810 -0.9246
vn -0.0152 0.8616 0.5073
vn 0.0149 0.8483 0.5294
vn -0.9265 0.3760 0.0141
vn 0.9282 0.3711 -0.0278
vn 0.4972 0.8671 0.0289
vn 0.0149 0.8482 0.5295
vn 0.9282 0.3709 -0.0278
vn -0.0289 -0.8671 0.4972
vn -0.0004 -1.0000 -0.0000
vn 0.0128 0.3855 0.9226
vn 0.0150 0.8483 0.5294
vn -0.0152 0.8616 0.5074
vn 0.9635 0.2671 -0.0178
vn -0.0333 -0.9989 -0.0330
vn -0.5190 -0.8548 -0.0000
vn -0.5257 0.8506 0.0097
vn 0.0411 0.5502 0.8340
vn 0.0333 -0.9989 0.0333
vn 0.4974 -0.8670 0.0289
vn -0.9204 0.3900 0.0260
vn 0.5295 0.8482 -0.0149
vn -0.0278 0.3710 -0.9282
vn -0.4123 0.6938 -0.5905
vn -0.0000 -0.4815 -0.8764
vn 0.0205 -0.8456 0.5335
vn 0.9907 -0.1361 -0.0000
vn -0.5187 0.8550 -0.0000
vn -0.0260 0.3900 -0.9205
vn -0.5185 0.8551 -0.0000
vn 0.9265 -0.3761 -0.0141
vn -0.0097 -0.8504 -0.5260
vn -0.8341 -0.5501 0.0412
vn -0.0000 -0.2649 0.9643
vn 0.0289 -0.8670 -0.4974
vn -0.0260 -0.3900 -0.9204
vn 0.0149 -0.8483 0.5294
vn -0.4464 -0.0995 0.8893
vn -0.6679 0.7338 0.1243
vn 0.7405 -0.6441 -0.1920
vn 0.8539 -0.4150 0.3141
vn 0.6684 0.7337 -0.1226
vn 0.4423 -0.2342 -0.8658
vn -0.2216 -0.9531 -0.2060
vn 0.9770 -0.2022 -0.0672
vn -0.6230 -0.1296 -0.7714
vn 0.5042 -0.0910 -0.8588
vn -0.9875 -0.0834 -0.1340
vn -0.4940 -0.0799 0.8658
vn 0.9772 -0.1495 0.1506
vn 0.6224 0.0361 -0.7819
vn -0.9702 -0.0043 -0.2423
vn -0.4054 -0.5426 0.7357
vn 0.9677 -0.0443 0.2483
vn -0.0260 0.3900 -0.9204
vn 0.0150 0.8481 0.5296
vn -0.0289 0.8671 0.4972
vn 0.0050 -0.6923 -0.7216
vn -0.0074 -0.3725 0.9280
vn -0.7975 -0.2715 0.5388
vn 0.7903 -0.0000 -0.6127
vn 0.9721 -0.2345 0.0046
vn -0.0066 -0.7432 0.6690
vn -0.3442 -0.8985 -0.2723
vn -0.9772 -0.2125 0.0042
vn -0.0311 0.9766 -0.2130
vn 0.7351 -0.4061 0.5429
vn -0.2880 -0.9576 -0.0043
vn 0.6794 -0.7338 0.0032
vn 0.0119 -0.3728 -0.9278
vn 0.8559 0.2805 -0.4345
vn 0.6663 -0.5896 -0.4565
vn 0.0575 -0.9747 -0.2162
vn 0.8621 -0.1543 -0.4828
vn -0.5658 -0.1465 -0.8114
vn 0.9269 -0.0086 -0.3753
vn -0.3643 -0.1774 0.9142
vn 0.6828 0.0065 0.7306
vn -0.8654 -0.5011 -0.0006
vn -0.9474 0.1871 0.2596
vn -0.9758 -0.1279 -0.1775
vn -0.9902 0.1192 0.0729
vn -0.0260 0.4602 -0.8874
vn 0.9647 -0.0658 -0.2551
vn -0.4456 0.0798 -0.8916
vn 0.9853 0.0547 0.1617
vn 0.9677 -0.2521 -0.0048
vn 0.9791 -0.0000 -0.2035
vn -0.6184 -0.6381 0.4586
vn -0.3476 -0.0114 0.9376
vn 0.7469 0.3075 0.5896
vn 0.6563 -0.5813 0.4810
vn 0.9408 0.0787 0.3298
vn -0.8372 -0.0558 -0.5440
vn -0.8943 0.0445 -0.4453
vn -0.5454 -0.1859 0.8173
vn 0.4993 0.2432 0.8316
vn 0.2230 0.7983 0.5595
vn -0.6759 -0.0117 0.7369
vn 0.5631 -0.1224 0.8172
vn 0.0260 0.4602 0.8874
vn 0.1974 0.0428 0.9794
vn 0.0303 0.1569 0.9871
vn 0.4917 0.0650 0.8683
vn 0.1068 0.9575 0.2681
vn 0.2573 -0.0000 0.9663
vn 0.0326 0.1555 0.9873
vn 0.6665 -0.2192 0.7126
vn -0.7953 0.1096 -0.5963
vn -0.6502 0.0152 -0.7596
vn -0.8410 -0.2704 -0.4686
vn -0.7114 0.3531 -0.6077
vn -0.8529 -0.2794 -0.4410
vn -0.7491 0.2988 -0.5913
vn -0.8426 -0.1150 -0.5261
vn 0.8182 0.0857 0.5684
vn 0.5691 0.0165 0.8221
vn 0.8176 0.0598 0.5727
vn 0.7099 0.3560 0.6077
vn 0.8593 -0.1240 0.4962
vn 0.6938 0.4072 0.5940
vn 0.8553 -0.2867 0.4317
vn -0.8268 0.0666 0.5586
vn -0.8516 -0.0071 0.5242
vn -0.7354 -0.3274 0.5933
vn -0.8529 0.2794 0.4410
vn -0.7509 -0.3196 0.5779
vn -0.6446 -0.0168 0.7643
vn -0.7337 -0.2612 0.6272
vn -0.8413 -0.0092 0.5404
vn 0.9831 0.0245 0.1812
vn 0.4905 0.8701 -0.0481
vn 0.9034 -0.1878 -0.3856
vn 0.9899 -0.0000 0.1421
vn 0.2647 0.9640 -0.0259
vn 0.8408 0.1658 -0.5153
vn 0.9153 0.4027 0.0032
vn 0.9721 -0.0569 0.2276
vn 0.9670 0.0489 -0.2499
vn -0.2230 0.7983 -0.5595
vn 0.6759 -0.0117 -0.7369
vn -0.5631 -0.1224 -0.8172
vn -0.1398 0.0309 -0.9897
vn -0.0152 0.1071 -0.9941
vn -0.6734 -0.0000 -0.7393
vn -0.0431 0.6412 -0.7662
vn 0.5402 -0.0737 -0.8383
vn -0.9973 0.0730 -0.0100
vn -0.9759 -0.2182 0.0052
vn -0.9615 -0.0058 0.2747
vn -0.9770 -0.0653 -0.2031
vn -0.8425 -0.5386 0.0074
vn -0.9330 -0.0000 0.3598
vn -0.9426 0.0642 -0.3277
vn -0.9744 -0.2244 0.0117
vn -1.0000 -0.0000 0.0025
vn -0.9406 -0.0090 -0.3394
vn -0.9033 -0.1878 0.3856
vn -0.9439 0.0139 -0.3298
vn -0.9688 -0.2479 0.0073
vn -0.8408 0.1658 0.5153
vn -0.9128 0.4084 -0.0099
vn -0.9977 -0.0673 0.0023
vn -0.6788 -0.1411 0.7206
vn -0.0329 0.1091 0.9935
vn -0.0431 -0.6412 0.7662
vn 0.3474 0.0234 0.9374
vn -0.0564 -0.9546 0.2925
vn -0.7459 -0.0987 0.6587
vn -0.0088 -0.4008 0.9161
vn 0.4014 -0.0000 0.9159
vn 0.0003 -0.2601 0.9656
vn 0.7582 -0.0816 0.6469
vn 0.9973 0.0730 0.0100
vn 0.9744 -0.2244 -0.0117
vn 1.0000 -0.0003 -0.0018
vn 0.9770 -0.0653 0.2031
vn 0.8391 -0.5437 -0.0146
vn 1.0000 -0.0000 -0.0025
vn 0.8848 -0.0895 0.4573
vn 0.9770 -0.2132 -0.0052
vn 0.9577 -0.0000 -0.2878
vn 0.0329 0.1091 -0.9935
vn 0.0466 -0.6397 -0.7672
vn -0.2533 0.0340 -0.9668
vn 0.6734 -0.0000 -0.7393
vn 0.0339 -0.4560 -0.8894
vn -0.3452 -0.0281 -0.9381
vn 0.0564 -0.9546 -0.2925
vn 0.0379 -0.4537 -0.8903
vn -0.3422 0.0281 -0.9392
vn 0.8258 0.0832 -0.5579
vn 0.9902 -0.0256 -0.1371
vn 0.8215 -0.0451 -0.5684
vn 0.8500 0.2504 -0.4635
vn 0.7227 -0.3115 -0.6170
vn 0.8478 0.2090 -0.4874
vn 0.7469 -0.3075 -0.5896
vn 0.4071 0.8700 -0.2782
vn 0.0011 -1.0000 0.0085
vn -0.0044 -1.0000 -0.0027
vn -0.1399 -0.0006 0.9902
vn -0.1400 -0.0008 0.9902
vn -0.1401 -0.0013 0.9901
vn -0.7846 0.1443 0.6029
vn -0.2404 -0.0800 0.9674
vn -0.2403 -0.0800 0.9674
vn -0.2403 -0.0805 0.9674
vn -0.2661 -0.0866 0.9601
vn -0.0012 -0.0097 1.0000
vn -0.8325 -0.0006 0.5541
vn -0.8325 -0.0003 0.5540
vn -0.8324 -0.0010 0.5541
vn -0.9985 -0.0543 -0.0065
vn -0.9993 -0.0132 -0.0354
vn -1.0000 -0.0034 0.0093
vn -0.9999 -0.0034 0.0096
vn -1.0000 -0.0034 0.0089
vn -0.9701 0.0497 -0.2377
vn -0.9700 0.0507 -0.2379
vn -0.9700 0.0502 -0.2377
vn -0.1122 0.9530 -0.2815
vn -0.0264 -0.0007 -0.9997
vn -0.0263 -0.0007 -0.9997
vn -0.0265 -0.0007 -0.9996
vn 0.3651 0.0498 -0.9296
vn 0.3651 0.0501 -0.9296
vn 0.9705 0.0678 -0.2314
vn 0.9705 0.0673 -0.2313
vn 0.9705 0.0676 -0.2314
vn 0.9885 -0.1512 0.0075
vn 0.8432 0.1250 0.5229
vn 0.2734 0.9606 -0.0497
vn 1.0000 -0.0025 -0.0080
vn 1.0000 -0.0025 -0.0081
vn 0.9445 0.0580 0.3234
vn 0.9444 0.0585 0.3235
vn 0.9444 0.0583 0.3235
vn -0.0000 1.0000 0.0001
vn -0.6374 -0.0223 0.7702
vn -0.6374 -0.0227 0.7702
vn -0.0146 -0.2212 0.9751
vn -0.0145 -0.2212 0.9751
vn -0.3396 -0.0973 0.9355
vn -0.9655 0.0605 0.2534
vn -0.9656 0.0597 0.2531
vn -0.9656 0.0596 0.2531
vn -0.9884 -0.1515 -0.0068
vn -0.8797 0.0924 -0.4664
vn 0.8218 0.0342 -0.5688
vn 0.7589 0.0667 -0.6478
vn 0.7592 0.0653 -0.6476
vn 0.7591 0.0659 -0.6477
vn 0.8333 0.0081 -0.5527
vn 0.9681 0.0664 -0.2415
vn 0.9681 0.0675 -0.2414
vn 0.9681 0.0668 -0.2415
vn -0.7897 0.1696 -0.5896
vn -0.8913 0.0279 -0.4525
vn -0.8913 0.0273 -0.4525
vn -0.8913 0.0276 -0.4525
vn -0.8229 -0.0437 -0.5665
vn -0.5497 0.0710 -0.8324
vn -0.5495 0.0722 -0.8324
vn -0.5496 0.0714 -0.8324
vn 0.6509 0.0587 0.7569
vn 0.6509 0.0585 0.7569
vn 0.8190 0.1143 0.5624
vn 0.4678 0.0563 0.8820
vn 0.4675 0.0573 0.8821
vn 0.4679 0.0560 0.8820
vn 0.7287 0.0689 -0.6814
vn 0.7287 0.0686 -0.6814
vn 0.0267 -0.2174 -0.9757
vn 0.0266 -0.2174 -0.9757
vn 0.7987 0.1289 -0.5877
vn 0.2253 0.7934 -0.5654
vn -0.7787 0.0091 -0.6273
vn 0.0909 -0.8764 -0.4730
vn 0.1879 0.0937 -0.9777
vn -0.0329 0.1874 -0.9817
vn 0.1887 -0.0000 -0.9820
vn -0.0283 -0.2248 -0.9740
vn 0.6567 -0.1696 -0.7349
vn 0.8268 0.0666 0.5586
vn 0.7977 0.0586 0.6002
vn 0.9189 0.0123 0.3944
vn -0.4834 0.0013 0.8754
vn 0.7910 0.1618 0.5900
vn 0.9999 0.0151 -0.0065
vn 0.8108 -0.0032 0.5853
vn -0.8249 0.0950 -0.5573
vn -0.9140 0.0115 -0.4057
vn -0.9999 0.0003 -0.0107
vn -0.9362 -0.0000 -0.3514
vn 0.2107 -0.0060 -0.9775
vn 0.7947 -0.1330 -0.5923
vn -0.0358 0.0555 -0.9978
vn 0.1747 -0.0012 -0.9846
vn 0.8521 -0.1479 -0.5021
vn 0.4378 0.0808 -0.8954
vn 0.8583 0.0096 -0.5130
vn -0.6681 0.7377 -0.0972
vn -0.8029 0.0007 0.5960
vn -0.9880 -0.1540 0.0097
vn -0.9421 -0.1468 -0.3016
vn -0.8041 -0.0000 0.5945
vn -0.9837 0.1455 -0.1056
vn -0.9950 0.1002 0.0037
vn -0.8554 0.0363 0.5167
vn -0.9940 -0.1098 0.0038
vn -0.9433 -0.1042 -0.3152
vn -0.2253 0.7934 0.5654
vn 0.7756 0.0097 0.6312
vn -0.0909 -0.8762 0.4732
vn -0.1879 0.0937 0.9777
vn 0.0327 0.1873 0.9818
vn 0.0317 -0.1287 0.9912
vn -0.5029 -0.1113 0.8571
vn 0.8289 -0.0051 0.5594
vn -0.0015 -0.1335 0.9910
vn -0.3555 0.1143 0.9277
vn 0.9882 -0.1528 0.0091
vn 0.9157 0.0217 0.4012
vn 0.3080 0.9502 -0.0480
vn 0.9831 -0.1002 -0.1533
vn 0.9145 -0.0006 0.4047
vn 0.9943 0.1068 0.0041
vn 0.9312 0.1000 -0.3505
vn 0.9884 -0.1516 0.0078
vn 0.6681 0.7377 0.0972
vn 0.8822 0.0208 -0.4705
vn 0.9881 -0.1540 -0.0015
vn 0.9420 -0.1469 0.3016
vn 0.9123 -0.0693 -0.4037
vn 0.9837 0.1455 0.1056
vn 0.9956 0.0941 0.0024
vn 0.9880 -0.1540 -0.0079
vn 0.9102 -0.1419 0.3892
vn 0.8204 0.0002 -0.5718
vn 0.0314 0.1287 -0.9912
vn 0.8204 -0.0004 -0.5718
vn 0.0043 -0.1004 -0.9949
vn 0.2920 -0.0961 -0.9516
vn 0.0151 -0.2694 -0.9629
vn -0.9884 -0.1516 -0.0078
vn -0.7981 -0.0085 -0.6025
vn -0.3148 0.9479 0.0490
vn -0.9831 -0.1002 0.1532
vn -0.9943 0.1068 -0.0026
vn -0.9445 0.1014 0.3126
vn -0.9940 -0.1087 -0.0093
vn -0.9993 -0.0092 -0.0355
vn -0.8207 0.0001 0.5713
vn -0.0283 0.1287 0.9913
vn 0.5029 0.1113 0.8571
vn -0.0149 -0.1757 0.9843
vn -0.8208 -0.0002 0.5712
vn 0.1883 -0.0648 0.9800
vn -0.0128 -0.1716 0.9851
vn -0.8296 -0.0053 0.5584
vn -0.8258 0.0832 0.5579
vn -0.0415 -0.0011 0.9991
vn -0.9983 -0.0000 -0.0588
vn -0.7876 -0.1699 0.5922
vn -0.1105 0.0709 0.9913
vn -0.4751 0.0022 -0.8799
vn 0.8083 -0.2020 0.5530
vn -0.0177 -0.8501 -0.5263
vn 0.8834 -0.4685 -0.0011
vn 0.0177 -0.8501 0.5263
vn -0.8609 -0.1508 -0.4858
vn -0.6756 -0.7372 0.0079
vn -0.0158 -0.8339 -0.5517
vn 0.6397 0.4677 -0.6100
vn -0.9945 -0.0890 0.0554
vn 0.1298 -0.1676 0.9773
vn 0.0003 1.0000 0.0002
vn 0.2555 -0.2701 -0.9283
vn -0.6961 -0.5383 -0.4751
vn 0.0147 -0.8596 0.5107
vn -0.0225 -0.6081 -0.7935
vn -0.0230 -0.6121 -0.7905
vn -0.9929 0.1049 -0.0553
vn -0.9164 0.0259 0.3995
vn -0.1314 -0.0688 -0.9889
vn 0.8370 -0.3435 0.4260
vn 0.9899 0.1308 0.0551
vn 0.9636 -0.1060 -0.2454
vn -0.8598 -0.3203 -0.3976
vn 0.8229 0.0528 -0.5658
vn 0.1315 -0.0584 0.9896
vn -0.1282 0.2280 0.9652
vn -0.9005 -0.1791 -0.3963
vn 0.9454 0.1214 0.3025
vn -0.9013 -0.1826 -0.3928
vn 0.0249 -0.6282 0.7776
vn 0.5064 -0.3110 0.8043
vn 0.9500 -0.3121 -0.0058
vn -0.5251 0.0906 -0.8462
vn -0.5063 -0.3110 -0.8043
vn 0.0123 0.9453 0.3261
vn -0.6980 0.2130 -0.6837
vn -0.8000 -0.4681 0.3754
vn -0.6981 0.2129 -0.6836
vn 0.8792 -0.1519 0.4515
vn 0.1282 0.2280 -0.9652
vn 0.9013 -0.1826 0.3929
vn 0.9929 -0.1190 0.0016
vn 0.8286 -0.0104 -0.5598
vn -0.0048 -0.3354 0.9421
vn -0.8155 -0.2657 0.5142
vn 0.8152 -0.2658 -0.5146
vn -0.0000 -0.0132 0.9999
vn 0.0049 -0.2845 -0.9587
vn -0.9805 -0.1966 -0.0016
vn -0.9999 -0.0119 -0.0000
vn -0.7798 -0.2721 -0.5638
vn 0.7791 -0.2742 0.5638
vn -0.0000 -0.0175 -0.9998
vn 0.9999 -0.0119 -0.0000
vn -0.8286 -0.0104 0.5598
vn 0.8286 -0.0104 0.5598
vn -0.8286 -0.0104 -0.5598
vn 0.8144 0.0773 -0.5751
vn 0.8410 -0.0000 -0.5410
vn -0.8119 0.0908 0.5766
vn 0.8148 0.0775 -0.5746
vn 1.0000 -0.0000 0.0018
vn 0.9955 0.0947 -0.0042
vn 0.8371 0.0889 0.5397
vn -0.0130 0.1120 -0.9936
vn 0.9988 0.0489 0.0018
vn -0.9979 0.0650 0.0036
vn 0.8371 0.0763 0.5418
vn -0.8174 -0.0000 -0.5760
vn -0.9955 0.0947 0.0042
vn 0.8119 0.0913 -0.5766
vn 0.8478 0.0736 0.5252
vn -0.7975 0.0936 0.5960
vn 0.0057 0.0723 -0.9974
vn -0.0066 0.0845 0.9964
vn 0.0057 0.0959 -0.9954
vn -0.8369 0.0875 -0.5404
vn -0.0066 0.0280 0.9996
vn -0.9995 0.0326 -0.0018
vn -0.0057 0.0959 0.9954
vn -0.9954 0.0952 0.0042
vn -0.8149 0.0761 0.5746
vn -0.8373 0.0870 -0.5398
vn -0.8144 0.0775 0.5751
vn -0.0057 0.0723 0.9974
vn 0.0066 0.0844 -0.9964
vn 0.9954 0.0952 -0.0042
vn 0.8369 0.0871 0.5404
vn -0.8372 0.0749 -0.5418
vn -0.0020 0.0090 -1.0000
vn -0.0050 -0.0669 0.9977
vn 0.8127 -0.0280 -0.5820
vn -0.8210 -0.0000 -0.5709
vn 0.8572 -0.0000 0.5150
vn -0.8209 -0.0000 0.5710
vn -0.8572 -0.0000 -0.5150
vn 0.0055 -0.0534 -0.9986
vn 0.0055 -0.0448 -0.9990
vn 0.0020 0.0090 1.0000
vn 0.8212 -0.0000 0.5707
vn 0.0409 0.0003 -0.9992
vn 0.0409 0.0003 0.9992
vn -0.9948 -0.0003 0.1015
vn -0.9662 -0.2378 0.0990
vn -0.9805 0.1964 0.0003
vn -0.9805 0.1965 0.0001
vn 0.9651 -0.2381 -0.1086
vn 0.9805 0.1964 -0.0004
vn 0.9938 -0.0003 -0.1114
vn 0.9805 0.1965 0.0001
vn 0.9991 0.0003 0.0434
vn -0.1194 0.3934 -0.9116
vn 0.9992 0.0003 0.0409
vn -0.9992 0.0003 0.0409
vn -0.1014 -0.0003 -0.9948
vn -0.0797 -0.6276 -0.7744
vn -0.0001 0.6288 -0.7776
vn -0.0004 0.6289 -0.7775
vn 0.0008 0.6288 0.7776
vn -0.0004 0.6289 0.7775
vn 0.9992 0.0002 -0.0409
vn -0.1194 0.3937 0.9115
vn -0.1216 -0.3520 -0.9280
vn 0.0034 -0.3103 0.9506
vn -0.9866 -0.1631 -0.0017
vn -0.8034 0.1901 -0.5643
vn 0.9866 -0.1634 -0.0017
vn 0.0067 -0.3105 0.9506
vn 0.8230 0.1904 0.5351
vn 0.0052 -0.2375 0.9714
vn -0.9640 -0.2659 0.0022
vn 0.0067 -0.3103 -0.9506
vn 0.0053 0.0804 -0.9967
vn 0.9641 -0.2657 -0.0022
vn -0.9765 0.2154 -0.0000
vn -0.8030 0.1919 -0.5643
vn 0.9940 0.1096 -0.0000
vn 0.8229 0.1921 0.5348
vn 0.0035 -0.1607 -0.9870
vn 0.0035 -0.1615 -0.9869
vn -0.8034 0.1902 -0.5643
vn 0.0034 -0.3103 -0.9506
vn -0.0035 -0.1607 0.9870
vn 0.0052 -0.2375 -0.9714
vn 0.0051 -0.2382 0.9712
vn -0.0035 -0.1615 -0.9869
vn -0.9640 -0.2660 0.0027
vn 0.9765 0.2154 0.0005
vn 0.0034 -0.3104 0.9506
vn -0.0035 -0.1607 -0.9870
vn 0.0034 -0.3104 -0.9506
vn -0.9866 0.1633 -0.0006
vn 0.0067 -0.3105 -0.9506
vn 0.9641 -0.2657 -0.0027
vn -0.9640 -0.2660 -0.0027
vn 0.9940 0.1095 -0.0006
vn -0.8037 0.1885 -0.5644
vn 0.0051 -0.2382 -0.9712
vn 0.8232 0.1888 0.5354
vn 0.0067 -0.3103 0.9506
vn -0.9640 -0.2660 0.0022
vn -0.9866 -0.1631 0.0017
vn 0.9866 -0.1634 0.0017
vn 0.0053 0.0804 0.9967
vn -0.8135 0.1903 0.5495
vn 0.8135 0.1903 -0.5495
vn 0.8231 0.1904 0.5351
vn 0.9765 0.2154 -0.0005
vn -0.9640 -0.2660 -0.0022
vn 0.9640 -0.2657 0.0022
vn 0.0034 -0.3105 0.9506
vn 0.9992 0.0003 -0.0409
vn -0.9992 0.0003 -0.0409
vn 0.1014 -0.0003 0.9948
vn 0.0797 -0.6276 0.7744
vn 0.0001 0.6288 0.7776
vn 0.0004 0.6289 0.7775
vn 0.0004 0.6289 -0.7775
vn -0.0409 0.0003 -0.9992
vn -0.0409 0.0003 0.9992
vn 0.9948 -0.0003 -0.1015
vn 0.9662 -0.2378 -0.0990
vn 0.9805 0.1964 -0.0003
vn 0.9805 0.1965 -0.0001
vn -0.9805 0.1965 -0.0001
vn -0.9992 0.0002 0.0409
vn 0.1216 -0.3520 0.9280
vn -0.9991 0.0003 -0.0434
vn 0.8034 0.1902 0.5643
vn -0.0034 -0.3104 -0.9506
vn -0.8230 0.1904 -0.5351
vn 0.0035 -0.1615 0.9869
vn -0.0052 -0.2375 0.9714
vn 0.9866 -0.1631 0.0017
vn 0.8030 0.1919 0.5643
vn -0.0051 -0.2382 -0.9712
vn -0.9866 -0.1634 0.0017
vn -0.8229 0.1921 -0.5348
vn 0.9640 -0.2660 -0.0027
vn -0.9765 0.2154 -0.0005
vn -0.0035 -0.1615 0.9869
vn 0.9765 0.2154 -0.0000
vn -0.9940 0.1096 -0.0000
vn 0.9640 -0.2659 -0.0022
vn -0.9641 -0.2657 0.0022
vn 0.9866 0.1633 0.0006
vn 0.8034 0.1901 0.5643
vn -0.0052 -0.2375 -0.9714
vn -0.9641 -0.2657 0.0027
vn -0.0053 0.0804 0.9967
vn -0.0053 0.0823 0.9966
vn 0.8034 0.1902 -0.5643
vn -0.9866 0.1632 -0.0006
vn -0.8230 0.1905 0.5351
vn -0.0053 0.0823 -0.9966
vn -0.0051 -0.2382 0.9712
vn -0.0034 -0.3104 0.9506
vn -0.0067 -0.3105 -0.9506
vn -0.0067 -0.3103 0.9506
vn 0.8037 0.1885 0.5644
vn -0.8232 0.1888 -0.5354
vn 0.9640 -0.2659 0.0022
vn -0.0034 -0.3103 -0.9506
vn -0.9641 -0.2657 -0.0022
vn -0.0034 -0.3103 0.9506
vn -0.0067 -0.3105 0.9506
vn 0.0035 -0.1607 0.9870
vn -0.8135 0.1903 -0.5495
vn -0.9940 0.1095 -0.0006
vn 0.9940 0.1097 -0.0006
vn -0.0053 0.0804 -0.9967
vn -0.9641 -0.2657 -0.0027
vn 0.9866 -0.1631 -0.0017
vn 0.8037 0.1885 -0.5644
vn -0.9866 -0.1634 -0.0017
vn -0.8232 0.1888 0.5354
vn -0.8230 0.1904 0.5351
vn 0.8030 0.1919 -0.5642
vn -0.8229 0.1921 0.5348
vn -0.0001 -1.0000 -0.0001
vn -0.0008 0.6288 -0.7776
vn -0.0000 -0.0637 -0.9980
vn -0.7755 -0.6291 -0.0527
vn 0.9884 0.1453 -0.0439
vn 0.7910 -0.6095 0.0537
vn -0.3719 0.9281 -0.0171
vn -0.7900 -0.4272 0.4397
vn -0.0000 -0.0383 0.9993
vn -0.7755 0.6291 -0.0527
vn 0.7910 0.6095 0.0537
vn 0.2359 -0.3216 0.9170
vn 0.7731 0.6317 -0.0573
vn -0.7911 -0.4255 0.4394
vn -0.0000 -0.0383 -0.9993
vn 0.7731 -0.6317 0.0573
vn -0.1021 0.0381 0.9940
vn 0.1021 -0.0381 -0.9940
vn -0.1684 -0.0628 0.9837
vn 0.9884 0.1453 -0.0441
vn 0.1684 0.0628 -0.9837
vn 0.7731 -0.6317 0.0570
vn 0.2220 -0.3314 0.9170
vn 0.3826 0.2236 0.8964
vn -0.3720 -0.9281 -0.0171
vn 0.1021 0.0381 -0.9940
vn -0.7755 -0.6291 -0.0526
vn 0.7756 0.6291 -0.0526
vn -0.3720 0.9281 -0.0171
vn -0.1021 -0.0381 0.9940
vn 0.8367 0.5437 0.0658
vn 0.2127 0.9768 -0.0238
vn 0.9262 0.3770 -0.0000
vn 0.8319 -0.5317 -0.1587
vn 0.2113 -0.9771 -0.0238
vn 0.8366 0.5437 0.0665
vn 0.8317 -0.5316 -0.1603
vn 0.8319 0.5317 -0.1587
vn 0.8367 -0.5437 0.0658
vn 0.7689 0.4805 -0.4218
vn 0.4570 0.8547 0.2462
vn 0.8348 -0.5434 0.0882
vn 0.8367 0.5438 0.0658
vn 0.0142 0.0288 0.9995
vn 0.4022 -0.1641 0.9007
vn 0.4371 -0.1416 0.8882
vn 0.0736 -0.0048 0.9973
vn 0.3619 0.1629 0.9179
vn -0.9863 0.1560 -0.0542
vn -0.0391 0.3240 -0.9452
vn 0.5496 -0.2766 -0.7883
vn 0.4741 0.2056 -0.8561
vn -0.7465 0.6647 -0.0288
vn -0.7244 0.6893 0.0077
vn 0.3132 0.3148 -0.8960
vn 0.5584 0.2780 -0.7816
vn -0.7381 -0.6722 -0.0580
vn -0.7765 -0.6300 0.0124
vn -0.9863 0.1560 -0.0541
vn -0.0617 0.3193 -0.9456
vn 0.5579 -0.2780 -0.7820
vn 0.4943 0.2213 -0.8407
vn -0.7912 0.6008 -0.1145
vn 0.2400 0.3220 -0.9158
vn 0.5504 0.2766 -0.7878
vn -0.7407 -0.6713 0.0286
vn -0.7290 -0.6844 0.0081
vn -0.7291 -0.6844 0.0081
vn -0.7465 0.6648 -0.0288
vn -0.9859 0.1559 -0.0603
vn 0.5190 -0.2599 -0.8143
vn 0.7911 0.4255 0.4394
vn 0.7755 -0.6291 -0.0527
vn -0.9883 0.1463 -0.0439
vn -0.7731 0.6317 0.0573
vn -0.7910 -0.6095 0.0537
vn -0.5094 0.1116 0.8532
vn -0.2893 -0.2293 0.9293
vn 0.1900 0.9817 0.0140
vn 0.7755 0.6291 -0.0527
vn -0.7731 -0.6317 -0.0573
vn -0.0304 0.0853 -0.9959
vn -0.7910 0.6095 0.0537
vn -0.4319 0.2764 0.8585
vn 0.0394 -0.9992 0.0029
vn 0.7900 0.4272 0.4397
vn -0.1021 0.0381 -0.9940
vn -0.9883 0.1463 -0.0440
vn -0.7731 0.6317 -0.0573
vn -0.2894 -0.2293 0.9293
vn 0.1021 -0.0381 0.9940
vn -0.0000 0.0383 0.9993
vn -0.0000 0.0383 -0.9993
vn -0.9883 0.1463 -0.0441
vn -0.7731 0.6317 0.0570
vn -0.7756 -0.6291 -0.0526
vn 0.0393 -0.9992 0.0029
vn -0.0296 -0.0877 0.9957
vn 0.0393 0.9992 0.0029
vn -0.6314 0.7755 -0.0000
vn -0.0000 0.0637 0.9980
vn -0.0000 0.0637 -0.9980
vn 0.1900 -0.9817 0.0140
vn 0.1684 -0.0628 0.9837
vn -0.5094 0.1117 0.8532
vn -0.7910 -0.6094 0.0537
vn -0.4318 0.2764 0.8585
vn -0.2113 -0.9771 -0.0239
vn -0.9262 -0.3770 -0.0000
vn -0.8317 0.5315 -0.1603
vn -0.8366 -0.5437 0.0665
vn -0.7676 0.4796 -0.4251
vn -0.4591 0.8528 0.2487
vn -0.8347 -0.5434 0.0891
vn -0.2113 -0.9771 -0.0238
vn -0.8319 0.5317 -0.1587
vn -0.8367 -0.5437 0.0658
vn -0.2114 -0.9771 -0.0238
vn -0.8366 0.5437 0.0665
vn -0.2127 0.9768 -0.0238
vn -0.8317 -0.5316 -0.1603
vn -0.8317 0.5316 -0.1603
vn -0.8366 -0.5438 0.0665
vn -0.0736 0.0047 0.9973
vn -0.3864 0.1474 0.9105
vn -0.0736 -0.0048 0.9973
vn -0.0142 -0.0288 0.9995
vn -0.4389 -0.1541 0.8852
vn -0.3997 -0.2491 -0.8821
vn 0.1049 0.3163 -0.9429
vn -0.5472 -0.2868 -0.7863
vn 0.9890 0.1389 -0.0512
vn 0.7407 0.6713 0.0286
vn 0.7290 0.6844 0.0081
vn -0.5556 0.2872 -0.7803
vn -0.4338 -0.2993 -0.8499
vn 0.7912 -0.6007 -0.1145
vn 0.7244 -0.6893 0.0077
vn -0.4657 -0.2266 -0.8555
vn 0.1428 0.3077 -0.9407
vn -0.5560 -0.2872 -0.7799
vn 0.7381 0.6722 -0.0580
vn 0.7765 0.6299 0.0124
vn -0.5465 0.2868 -0.7868
vn -0.4233 -0.2829 -0.8607
vn 0.7465 -0.6648 -0.0288
vn 0.7765 0.6300 0.0124
vn -0.4233 -0.2830 -0.8607
vn 0.1048 0.3163 -0.9429
vn 0.7406 0.6713 0.0286
vn 0.7291 0.6844 0.0081
vn -0.7911 0.4255 -0.4394
vn -0.0000 -0.0637 0.9980
vn -0.7755 -0.6291 0.0527
vn 0.9883 0.1463 0.0441
vn 0.7731 0.6317 -0.0570
vn 0.7910 -0.6095 -0.0537
vn 0.3420 0.3004 -0.8904
vn 0.2893 -0.2293 -0.9293
vn -0.1900 0.9817 -0.0140
vn -0.7755 0.6291 0.0527
vn 0.0304 0.0853 0.9959
vn 0.7910 0.6095 -0.0537
vn 0.4943 0.1894 -0.8484
vn -0.0394 -0.9992 -0.0029
vn 0.1021 0.0381 0.9940
vn 0.9883 0.1463 0.0439
vn 0.0296 -0.0876 -0.9957
vn -0.0394 0.9992 -0.0029
vn -0.1021 -0.0381 -0.9940
vn 0.4950 0.2288 -0.8383
vn -0.8223 -0.5657 -0.0607
vn 0.2894 -0.2293 -0.9293
vn -0.0393 -0.9992 -0.0029
vn -0.1684 -0.0628 -0.9837
vn 0.0296 -0.0877 -0.9957
vn -0.0393 0.9992 -0.0029
vn 0.6314 0.7755 -0.0000
vn 0.1684 0.0628 0.9837
vn -0.1900 -0.9817 -0.0140
vn 0.7755 -0.6291 0.0526
vn 0.4943 0.1893 -0.8484
vn -0.7900 0.4272 -0.4397
vn 0.9883 0.1463 0.0440
vn 0.7731 0.6317 0.0572
vn 0.7910 -0.6094 -0.0537
vn -0.1837 0.9822 -0.0382
vn -0.1684 0.0628 -0.9837
vn -0.0398 -0.9992 0.0089
vn 0.2113 -0.9771 0.0239
vn 0.9262 -0.3770 -0.0000
vn 0.8317 0.5315 0.1603
vn 0.8366 -0.5437 -0.0665
vn 0.7676 0.4796 0.4251
vn 0.4591 0.8528 -0.2487
vn 0.8347 -0.5434 -0.0891
vn 0.2113 -0.9771 0.0238
vn 0.8366 0.5437 -0.0665
vn 0.8317 -0.5316 0.1603
vn 0.2114 -0.9771 0.0238
vn 0.4591 0.8529 -0.2487
vn 0.8348 -0.5434 -0.0891
vn 0.8319 0.5317 0.1587
vn 0.8367 -0.5437 -0.0658
vn 0.8367 0.5438 -0.0658
vn 0.8319 -0.5317 0.1587
vn 0.3619 0.1629 -0.9179
vn 0.4371 -0.1416 -0.8882
vn 0.0644 -0.0037 -0.9979
vn 0.3864 0.1473 -0.9105
vn 0.4389 -0.1541 -0.8852
vn 0.0736 0.0047 -0.9973
vn 0.2400 -0.3220 0.9158
vn -0.0839 0.3228 0.9427
vn 0.5504 -0.2767 0.7878
vn -0.9888 0.1390 0.0540
vn -0.7407 0.6713 -0.0286
vn -0.7290 0.6844 -0.0081
vn 0.5579 0.2780 0.7820
vn 0.4943 -0.2213 0.8407
vn -0.7912 -0.6007 0.1145
vn -0.7244 -0.6893 -0.0077
vn 0.3756 -0.3038 0.8756
vn -0.1428 0.3077 0.9407
vn 0.5560 -0.2872 0.7799
vn -0.9890 0.1389 0.0512
vn -0.7381 0.6722 0.0580
vn -0.7765 0.6299 -0.0124
vn 0.5465 0.2868 0.7868
vn 0.4901 -0.1903 0.8506
vn -0.7465 -0.6648 0.0288
vn -0.7765 0.6300 -0.0124
vn 0.2962 -0.3221 0.8992
vn -0.1048 0.3163 0.9429
vn 0.5472 -0.2868 0.7863
vn -0.7406 0.6713 -0.0286
vn -0.7291 0.6844 -0.0081
vn 0.5556 0.2872 0.7803
vn 0.5092 -0.2094 0.8348
vn -0.9887 0.1389 0.0573
vn -0.8047 0.5699 -0.1662
vn 0.5256 0.2711 0.8064
vn 0.5092 -0.2095 0.8348
vn -0.1049 0.3163 0.9429
vn 0.7755 -0.6291 0.0527
vn -0.9884 0.1453 0.0441
vn -0.7910 -0.6095 -0.0537
vn 0.3719 0.9281 0.0171
vn 0.7911 -0.4255 -0.4394
vn 0.7755 0.6291 0.0527
vn -0.7731 -0.6317 -0.0570
vn -0.7910 0.6095 -0.0537
vn -0.3542 -0.2512 -0.9008
vn -0.9884 0.1453 0.0439
vn -0.1684 0.0628 0.9837
vn -0.4281 -0.2246 -0.8754
vn 0.8922 -0.4506 0.0289
vn -0.7755 0.6291 0.0526
vn -0.3457 -0.2619 -0.9010
vn -0.3826 0.2236 -0.8964
vn 0.3720 -0.9281 0.0171
vn -0.3458 -0.2618 -0.9010
vn 0.3820 0.9226 0.0534
vn -0.3543 -0.2511 -0.9008
vn -0.8367 0.5437 -0.0658
vn -0.2127 0.9768 0.0238
vn -0.9262 0.3770 -0.0000
vn -0.8319 -0.5317 0.1587
vn -0.2113 -0.9771 0.0238
vn -0.7688 0.4805 0.4218
vn -0.4570 0.8547 -0.2462
vn -0.8348 -0.5434 -0.0882
vn -0.8367 0.5438 -0.0659
vn -0.2113 -0.9771 0.0239
vn -0.8366 0.5437 -0.0665
vn -0.8317 -0.5316 0.1603
vn -0.7677 0.4796 0.4251
vn -0.4591 0.8528 -0.2487
vn -0.8347 -0.5434 -0.0891
vn -0.0644 -0.0037 -0.9979
vn -0.0736 -0.0047 -0.9973
vn -0.3620 0.1629 -0.9178
vn -0.4022 -0.1641 -0.9007
vn -0.3619 0.1629 -0.9179
vn -0.0142 0.0288 -0.9995
vn 0.9864 0.1559 0.0514
vn 0.0625 0.3194 0.9455
vn -0.5465 -0.2868 0.7868
vn -0.4233 0.2830 0.8607
vn 0.7465 0.6647 0.0288
vn 0.7244 0.6893 -0.0077
vn -0.4657 0.2266 0.8555
vn -0.5560 0.2872 0.7799
vn 0.7381 -0.6722 0.0580
vn 0.7765 -0.6300 -0.0124
vn 0.9863 0.1560 0.0541
vn 0.0617 0.3193 0.9456
vn -0.5579 -0.2780 0.7820
vn -0.4141 0.3174 0.8531
vn 0.7912 0.6008 0.1145
vn -0.3572 0.2510 0.8997
vn -0.5504 0.2766 0.7878
vn 0.7407 -0.6713 -0.0286
vn 0.7290 -0.6844 -0.0081
vn 0.7291 -0.6844 -0.0081
vn 0.9863 0.1560 0.0542
vn 0.0391 0.3240 0.9452
vn -0.5496 -0.2766 0.7883
vn -0.4042 0.3032 0.8630
vn 0.7465 0.6648 0.0288
vn -0.4207 0.2385 0.8753
vn -0.5584 0.2780 0.7816
vn 0.9885 -0.1390 0.0601
vn -0.4042 0.3032 0.8629
vn 0.7386 0.6636 -0.1187
vn 0.7974 0.6032 -0.0144
vn -0.5285 0.2616 0.8077
vn 0.9647 0.0818 -0.2504
vn 0.0534 -0.6375 -0.7686
vn 0.6421 0.2299 0.7313
vn 0.0578 0.6401 0.7662
vn 0.0545 -0.6173 0.7848
vn -0.6972 0.2075 -0.6862
vn 0.8303 -0.3897 0.3985
vn -0.9131 -0.2913 -0.2853
vn 0.0534 0.6375 -0.7686
vn -0.0578 0.6609 0.7483
vn 0.0551 -0.6812 -0.7300
vn -0.0000 0.7823 0.6229
vn -0.0000 -0.7823 0.6229
vn 0.6428 0.2298 0.7308
vn 0.0580 0.6401 0.7661
vn -0.0532 0.5957 -0.8014
vn -0.9132 -0.2913 -0.2851
vn -0.0580 -0.6400 0.7661
vn 0.0551 -0.6813 -0.7300
vn 0.9778 0.0829 0.1925
vn -0.0576 -0.6430 0.7637
vn -0.0613 0.6370 -0.7685
vn -0.0545 -0.6173 -0.7848
vn 0.6962 0.2075 0.6872
vn 0.0551 0.6812 0.7300
vn -0.8285 -0.4303 -0.3583
vn -0.0576 0.6430 0.7637
vn 0.0532 -0.6401 -0.7664
vn 0.0578 0.6609 -0.7483
vn -0.0534 0.6401 -0.7664
vn -0.8505 -0.4026 -0.3386
vn 0.0534 -0.6401 -0.7664
vn -0.0613 0.6370 -0.7684
vn 0.0578 0.6608 -0.7483
vn -0.0612 0.6370 -0.7685
vn 0.6983 0.2069 0.6852
vn 0.0550 -0.6812 0.7300
vn -0.8303 0.3897 0.3985
vn 0.9132 0.2913 -0.2851
vn -0.0534 -0.6375 -0.7686
vn -0.6433 0.2320 0.7296
vn 0.0578 -0.6609 0.7483
vn 0.6977 0.2437 -0.6737
vn -0.0551 0.6812 -0.7300
vn -0.9647 -0.0818 -0.2504
vn -0.0534 0.6375 -0.7686
vn -0.0545 0.6173 0.7848
vn 0.9131 0.2913 -0.2853
vn -0.6422 0.2321 0.7306
vn -0.0578 0.6401 0.7662
vn -0.0578 -0.6401 0.7662
vn -0.8521 0.3644 0.3758
vn -0.6428 0.2319 0.7301
vn -0.0580 0.6400 0.7661
vn 0.0579 -0.6609 0.7483
vn 0.0001 0.7824 -0.6228
vn -0.8521 0.3644 0.3757
vn 0.0578 -0.6608 0.7483
vn 0.8285 0.4303 -0.3583
vn 0.0576 -0.6430 0.7637
vn -0.0532 0.6401 -0.7664
vn -0.0578 -0.6609 -0.7483
vn -0.6967 0.2438 0.6746
vn -0.9778 -0.0829 0.1925
vn 0.0576 0.6430 0.7637
vn 0.0613 -0.6370 -0.7685
vn 0.0545 0.6173 -0.7848
vn -0.0551 -0.6812 0.7300
vn 0.8505 0.4025 -0.3386
vn 0.0613 -0.6370 -0.7684
vn -0.0551 0.6813 0.7300
vn 0.0612 -0.6370 -0.7685
vn -0.0578 -0.6608 -0.7483
vn -0.6989 0.2430 0.6727
vn -0.9918 0.1259 0.0238
vn -0.9909 -0.1322 0.0242
vn 0.9778 -0.0829 0.1925
vn 0.9917 0.1259 0.0243
vn 0.9909 0.1322 0.0242
vn 0.9916 0.1269 0.0237
vn -0.9778 0.0829 0.1925
vn 0.8303 0.3897 -0.3985
vn -0.9131 0.2913 0.2853
vn 0.0534 -0.6375 0.7686
vn 0.6428 0.2319 -0.7301
vn 0.0580 0.6401 -0.7661
vn -0.6993 -0.2069 0.6843
vn 0.9647 -0.0818 0.2504
vn 0.0534 0.6375 0.7686
vn -0.9132 0.2913 0.2851
vn 0.6427 0.2322 -0.7301
vn -0.0580 0.6400 -0.7661
vn -0.6977 0.2437 0.6737
vn -0.0000 0.7823 -0.6229
vn 0.0580 -0.6401 -0.7661
vn 0.8521 0.3644 -0.3758
vn 0.6422 0.2321 -0.7306
vn 0.0578 0.6401 -0.7662
vn 0.0578 -0.6401 -0.7662
vn -0.0000 -0.7823 -0.6229
vn -0.6998 0.2430 0.6717
vn -0.7024 -0.2059 0.6813
vn -0.8285 0.4303 0.3583
vn -0.0576 -0.6430 -0.7637
vn -0.9917 0.1259 -0.0247
vn 0.0532 0.6401 0.7664
vn 0.6967 0.2438 -0.6746
vn -0.0576 0.6430 -0.7637
vn -0.0613 -0.6370 0.7685
vn -0.9918 0.1249 -0.0254
vn -0.0534 0.6401 0.7664
vn -0.0613 -0.6370 0.7684
vn -0.8505 0.4025 0.3386
vn -0.9916 0.1270 -0.0249
vn 0.0534 0.6401 0.7664
vn -0.0534 -0.6401 0.7664
vn -0.0534 -0.6375 0.7686
vn -0.6421 0.2299 -0.7313
vn -0.0578 0.6401 -0.7662
vn 0.6972 0.2075 0.6862
vn -0.8303 -0.3897 -0.3985
vn 0.9131 -0.2913 0.2853
vn -0.0534 0.6375 0.7686
vn -0.0578 -0.6401 -0.7662
vn -0.8521 -0.3644 -0.3758
vn -0.0551 -0.6813 0.7300
vn -0.6428 0.2298 -0.7308
vn 0.6993 0.2069 0.6843
vn 0.9132 -0.2913 0.2851
vn 0.0580 -0.6400 -0.7661
vn -0.0550 -0.6813 0.7300
vn 0.0576 -0.6430 -0.7637
vn 0.9917 0.1259 -0.0242
vn -0.6962 0.2075 -0.6872
vn 0.8285 -0.4303 0.3583
vn 0.0576 0.6430 -0.7637
vn -0.0532 -0.6401 0.7664
vn 0.0613 0.6370 0.7684
vn 0.0577 -0.6430 -0.7637
vn 0.9919 0.1249 -0.0249
vn 0.0612 0.6370 0.7685
vn -0.0550 -0.6813 -0.7300
vn -0.9917 0.1259 -0.0243
vn -0.9916 0.1269 -0.0237
vn -0.9909 0.1322 -0.0242
vn 0.9918 0.1259 -0.0238
vn 0.9919 0.1249 -0.0236
vn 0.9909 -0.1322 -0.0242
vn 0.9917 0.1269 -0.0232
vn -0.9992 0.0406 -0.0010
vn -0.9994 -0.0354 -0.0010
vn -0.0061 0.0356 0.9993
vn 0.7719 0.1171 -0.6248
vn -0.9996 -0.0272 -0.0000
vn 0.8284 -0.0236 0.5596
vn -0.0000 -0.0157 -0.9999
vn -0.9994 0.0353 0.0029
vn -0.8428 -0.0356 -0.5371
vn 0.9997 -0.0233 -0.0028
vn -0.8286 0.0118 -0.5598
vn 0.8208 0.0205 0.5708
vn 0.8286 0.0118 0.5598
vn -0.8358 -0.0238 0.5485
vn -0.8127 0.0387 -0.5814
vn 0.0081 -0.0322 0.9994
vn 0.8198 0.0587 -0.5696
vn -0.8130 0.0007 0.5822
vn 0.0277 0.2349 0.9716
vn 0.0081 -0.0157 0.9998
vn -0.8522 -0.0000 0.5232
vn 0.0020 -0.0390 -0.9992
vn 0.8286 0.0118 -0.5598
vn -0.8121 0.0474 0.5816
vn 0.9997 0.0257 0.0018
vn 0.0140 0.0753 -0.9971
vn -0.4071 0.0030 -0.9134
vn -0.6917 0.0837 0.7174
vn 0.0586 -0.9982 0.0087
vn 1.0000 0.0007 0.0021
vn 0.9643 0.2649 0.0014
vn 0.9628 -0.1595 0.2179
vn 0.9994 -0.0256 -0.0223
vn 0.9629 -0.1595 0.2178
vn 0.9994 -0.0257 -0.0223
vn 0.0280 -0.8879 -0.4592
vn 0.9912 -0.0036 -0.1327
vn -0.1373 0.0360 0.9899
vn -0.9406 -0.0149 -0.3392
vn -0.3709 -0.0640 -0.9265
vn 0.3547 0.4041 0.8432
vn 0.3162 0.9487 -0.0000
vn -0.3162 -0.9487 -0.0000
vn -0.0000 -0.2805 0.9598
vn -0.0491 -0.9898 -0.1337
vn -0.5601 0.8169 -0.1379
vn 0.3397 -0.1649 0.9260
vn -0.0252 0.9972 0.0704
vn 0.8954 0.0145 -0.4451
vn -0.0271 -0.9985 0.0476
vn 0.1581 0.2484 0.9557
vn -0.7189 0.0001 0.6951
vn 0.7424 0.3983 -0.5387
vn 0.5000 -0.0000 0.8661
vn -0.5000 -0.0000 -0.8660
vn 0.4148 0.9095 0.0267
vn 0.1237 -0.9872 0.1004
vn 0.3344 -0.0232 -0.9421
vn 0.5352 0.7955 -0.2840
vn -0.8734 -0.0007 -0.4869
vn -0.0601 -0.9981 0.0114
vn 0.0947 -0.9940 0.0541
vn 0.8838 -0.0385 0.4663
vn -0.1514 0.9874 0.0455
vn 0.7965 0.0234 0.6041
vn 0.3536 0.7071 -0.6124
vn -0.3536 -0.7071 0.6124
vn 0.5000 -0.0000 -0.8660
vn -0.5000 -0.0000 0.8660
vn -0.4148 0.9095 0.0267
vn 0.9912 -0.0031 -0.1324
vn -0.0550 0.0485 0.9973
vn -0.9404 -0.0198 -0.3395
vn -0.0675 0.4694 0.8804
vn -0.5817 -0.0000 -0.8134
vn 0.8854 -0.0000 -0.4647
vn 0.2239 -0.9721 0.0703
vn 0.0025 -0.9986 0.0526
vn -0.9231 0.0249 0.3838
vn 0.7123 0.4511 -0.5377
vn 0.3536 0.7071 0.6124
vn -0.3536 -0.7071 -0.6124
vn 0.5000 -0.0000 0.8660
vn 0.4146 0.9096 0.0267
vn 0.1129 -0.9833 0.1427
vn -0.0576 0.9979 0.0290
vn -0.8935 -0.0000 -0.4491
vn 0.7384 -0.2135 -0.6397
vn 0.6273 0.0089 -0.7787
vn 0.2540 0.9668 0.0291
vn 0.3053 0.9270 0.2177
vn 0.9857 0.0972 0.1376
vn -0.7890 0.2890 -0.5422
vn -0.4585 -0.8887 0.0061
vn -0.9580 0.2027 -0.2027
vn 0.9580 0.2027 0.2027
vn -0.3016 0.3015 -0.9045
vn -0.9155 0.3587 0.1822
vn 0.9155 -0.3587 -0.1822
vn -0.4119 -0.9045 0.1103
vn 0.4119 0.9045 -0.1103
vn 0.3015 0.3015 -0.9045
vn -0.3015 0.3015 0.9045
vn -0.1682 0.0355 -0.9851
vn 0.9442 0.0759 0.3204
vn -0.6913 -0.1052 0.7148
vn 0.7196 0.6475 -0.2509
vn 0.7146 0.6536 -0.2495
vn 0.7078 0.6612 -0.2486
vn -0.4826 -0.6626 0.5728
vn -0.4698 -0.6723 0.5720
vn -0.4906 -0.6553 0.5744
vn -0.6025 0.0650 -0.7955
vn -0.5879 0.0437 -0.8078
vn -0.5748 0.0329 -0.8176
vn 0.8525 0.1166 -0.5096
vn 0.8559 0.1180 -0.5036
vn 0.8497 0.1159 -0.5144
vn 0.9431 0.0135 0.3324
vn 0.8319 0.0442 0.5532
vn -0.8905 -0.0362 -0.4535
vn 0.1129 0.8428 0.5263
vn 0.9846 -0.0498 -0.1674
vn -0.9744 -0.1083 0.1970
vn -0.9623 -0.1314 0.2382
vn -0.9703 -0.1130 0.2138
vn 0.9956 0.0117 0.0930
vn -0.8661 0.0571 0.4967
vn 0.2018 -0.0980 -0.9745
vn 0.9780 0.1955 0.0732
vn 0.9701 0.2223 0.0974
vn 0.9718 0.2115 0.1041
vn 0.9744 0.1962 0.1097
vn 0.9869 -0.0032 -0.1616
vn 0.9879 -0.0132 -0.1548
vn 0.9885 -0.0179 -0.1503
vn 0.9362 0.0087 0.3513
vn -0.6991 0.0525 0.7130
vn -0.3813 -0.0757 -0.9214
vn 0.9736 -0.1874 -0.1300
vn 0.9746 0.1899 -0.1187
vn 0.9621 0.2429 -0.1238
vn 0.9653 0.2342 -0.1160
vn 0.9672 0.2281 -0.1121
vn 0.2754 0.0892 0.9572
vn -0.9326 -0.0541 -0.3568
vn 0.7408 -0.0771 -0.6673
vn 0.9266 0.3268 0.1858
vn 0.9310 0.3096 0.1932
vn 0.9375 0.2875 0.1958
vn -0.9911 -0.1161 0.0657
vn -0.9864 -0.1439 0.0795
vn -0.9893 -0.1260 0.0732
vn 0.9920 0.0028 -0.1261
vn 0.9919 0.0035 -0.1272
vn 0.9915 0.0055 -0.1301
vn 0.7256 0.0573 -0.6858
vn 0.3872 -0.0126 0.9219
vn -0.9970 -0.0636 0.0437
vn 0.0686 0.5235 -0.8493
vn 0.4861 -0.0488 0.8725
vn -0.7708 -0.4375 -0.4632
vn 0.4010 0.8878 0.2257
vn 0.4138 0.8850 0.2132
vn 0.4209 0.8841 0.2032
vn 0.0915 0.9877 0.1267
vn 0.1392 0.9840 0.1112
vn 0.1079 0.9870 0.1194
vn -0.1183 -0.9811 -0.1530
vn -0.1154 -0.9813 -0.1542
vn -0.1079 -0.9816 -0.1577
vn 0.4203 -0.7848 -0.4555
vn 0.4330 -0.7883 -0.4372
vn 0.4251 -0.7854 -0.4500
vn -0.6914 -0.1052 0.7148
vn 0.7196 0.6474 -0.2509
vn 0.7146 0.6536 -0.2494
vn 0.7079 0.6612 -0.2485
vn -0.4828 -0.6625 0.5727
vn -0.4700 -0.6723 0.5719
vn -0.4907 -0.6553 0.5743
vn -0.6024 0.0651 -0.7956
vn -0.5877 0.0438 -0.8079
vn -0.5747 0.0330 -0.8177
vn 0.8525 0.1165 -0.5096
vn 0.8559 0.1179 -0.5035
vn 0.8497 0.1157 -0.5143
vn 0.7256 0.0573 -0.6857
vn 0.0687 0.5235 -0.8493
vn -0.7709 -0.4375 -0.4630
vn 0.4002 0.8886 0.2241
vn 0.4130 0.8858 0.2116
vn 0.4200 0.8848 0.2016
vn 0.0913 0.9877 0.1267
vn 0.1390 0.9840 0.1113
vn 0.1077 0.9870 0.1194
vn -0.1175 -0.9813 -0.1528
vn -0.1146 -0.9814 -0.1540
vn -0.1071 -0.9817 -0.1575
vn 0.4206 -0.7847 -0.4553
vn 0.4333 -0.7882 -0.4370
vn 0.4253 -0.7854 -0.4498
vn -0.1684 0.0355 -0.9851
vn -0.6914 -0.1052 0.7147
vn 0.7198 0.6473 -0.2507
vn 0.7148 0.6534 -0.2493
vn 0.7081 0.6610 -0.2484
vn -0.4826 -0.6626 0.5727
vn -0.4699 -0.6724 0.5719
vn -0.4906 -0.6553 0.5743
vn -0.6025 0.0651 -0.7955
vn -0.5879 0.0438 -0.8078
vn 0.8522 0.1166 -0.5100
vn 0.8556 0.1180 -0.5040
vn 0.8494 0.1159 -0.5148
vn 0.9443 0.0759 0.3203
vn 0.7148 0.6534 -0.2492
vn 0.7081 0.6610 -0.2483
vn -0.4827 -0.6626 0.5727
vn -0.4700 -0.6724 0.5719
vn -0.6025 0.0650 -0.7954
vn -0.5879 0.0436 -0.8078
vn -0.5748 0.0328 -0.8176
vn 0.8521 0.1166 -0.5103
vn 0.8555 0.1180 -0.5042
vn 0.8493 0.1159 -0.5151
vn -0.6435 0.0571 -0.7633
vn 0.9615 -0.0447 -0.2712
vn -0.2589 -0.0269 0.9655
vn -0.4134 0.6727 -0.6136
vn 0.7827 -0.5029 -0.3666
vn -0.3597 -0.1521 0.9206
vn 0.0866 0.8049 -0.5871
vn 0.0502 0.8087 -0.5861
vn 0.0131 0.8167 -0.5769
vn 0.1931 0.0283 -0.9808
vn 0.1043 0.0041 -0.9945
vn 0.1547 0.0245 -0.9877
vn -0.2744 -0.2750 0.9214
vn -0.2772 -0.2746 0.9207
vn -0.2729 -0.2752 0.9218
vn -0.6933 0.0966 -0.7142
vn 0.9954 -0.0956 -0.0109
vn -0.5945 -0.0011 0.8041
vn -0.6069 0.2327 0.7599
vn -0.6163 0.2236 0.7551
vn -0.6253 0.2130 0.7508
vn 0.5034 -0.1929 -0.8423
vn 0.4949 -0.1980 -0.8461
vn 0.5103 -0.1882 -0.8391
vn -0.2788 -0.0872 0.9564
vn -0.3075 -0.0984 0.9464
vn -0.2899 -0.0928 0.9526
vn -0.0675 0.2993 0.9518
vn -0.0001 -1.0000 -0.0045
vn 0.0675 0.3000 -0.9515
vn -0.7601 0.0264 0.6493
vn 0.7601 0.0264 -0.6493
vn 0.7826 -0.2664 -0.5627
vn 0.5110 -0.2650 -0.8177
vn 0.4470 0.2194 -0.8672
vn 0.8996 0.1027 -0.4245
vn 0.7826 -0.2665 -0.5626
vn -0.0224 -0.9881 -0.1523
vn -0.0122 0.9967 -0.0799
vn 0.7514 0.0107 0.6597
vn -0.0163 -0.9910 -0.1325
vn -0.6170 0.0024 0.7870
vn -0.5440 0.8390 -0.0111
vn -0.0101 -0.9978 -0.0659
vn -0.7774 -0.0074 -0.6290
vn -0.9924 -0.0258 -0.1201
vn -0.0385 -0.0088 -0.9992
vn 0.6335 0.2922 0.7165
vn 0.7072 -0.0000 -0.7071
vn 0.4076 -0.9095 0.0815
vn -0.4965 0.8096 0.3131
vn 0.0395 0.9971 0.0654
vn 0.3439 -0.0178 -0.9388
vn 0.0121 -0.9984 0.0561
vn 0.9314 0.0800 0.3551
vn 0.1141 -0.0529 0.9921
vn -0.3680 0.0412 0.9289
vn -0.1108 0.4898 -0.8647
vn 0.9659 -0.0000 0.2588
vn -0.9659 -0.0000 -0.2588
vn 0.4042 -0.0008 0.9147
vn -0.0453 0.9944 0.0959
vn -0.9597 0.0053 0.2809
vn 0.3135 -0.9454 -0.0895
vn -0.1236 0.0045 -0.9923
vn 0.0948 -0.9955 -0.0088
vn -0.2354 0.9691 0.0731
vn -0.1818 0.2183 -0.9588
vn -0.8643 0.2093 0.4573
vn 0.9913 0.0229 -0.1294
vn -0.1853 0.0463 -0.9816
vn 0.1852 -0.0463 0.9816
vn -0.3937 0.9096 -0.1331
vn -0.2256 -0.9137 -0.3380
vn 0.6640 -0.0056 -0.7477
vn -0.0696 -0.9909 0.1154
vn -0.6156 -0.0009 0.7880
vn -0.0384 0.9963 -0.0772
vn 0.7390 0.0107 0.6737
vn 0.0197 -0.9979 -0.0623
vn -0.0752 0.9966 -0.0338
vn -0.9634 0.0928 -0.2514
vn 0.6335 0.2922 0.7164
vn 0.4074 -0.9096 0.0815
vn 0.1504 0.0451 -0.9876
vn -0.0722 -0.9019 0.4258
vn 0.8771 0.1093 0.4677
vn 0.0854 -0.9944 -0.0628
vn 0.9706 0.0233 0.2395
vn 0.2594 -0.9374 -0.2325
vn 0.0398 0.9969 -0.0684
vn -0.9793 0.0106 0.2023
vn 0.0236 -0.9996 -0.0130
vn 0.7600 0.0677 0.6464
vn -0.0380 0.9960 -0.0808
vn 0.8886 0.0875 -0.4502
vn 0.5220 0.8525 -0.0262
vn -0.8643 0.2094 0.4573
vn -0.1831 0.7071 -0.6830
vn 0.1830 -0.7071 0.6830
vn -0.1854 0.0463 -0.9816
vn 0.1853 -0.0463 0.9816
vn -0.3936 0.9096 -0.1331
vn -0.8207 0.2027 0.5341
vn 0.8207 0.2027 -0.5341
vn -0.0607 0.3587 -0.9315
vn 0.0606 -0.3587 0.9315
vn 0.4616 -0.8867 -0.0261
vn -0.4616 0.8867 0.0261
vn -0.4130 0.3587 -0.8371
vn 0.4130 -0.3587 0.8371
vn -0.8371 -0.3588 -0.4130
vn 0.8371 0.3588 0.4130
vn -0.7071 -0.0000 -0.7071
vn 0.3162 -0.8944 0.3162
vn -0.3162 0.8944 0.3162
vn 0.6984 0.0830 -0.7109
vn 0.9991 0.0186 0.0387
vn -0.8046 -0.0940 0.5863
vn -0.9527 0.1333 -0.2731
vn 0.9428 -0.1822 0.2792
vn 0.9443 -0.1890 0.2692
vn 0.9421 -0.1759 0.2856
vn -0.9862 0.0432 -0.1597
vn -0.9855 0.0343 -0.1663
vn -0.9849 0.0297 -0.1708
vn 0.3412 0.0547 0.9384
vn -0.9876 -0.0522 -0.1479
vn 0.4734 -0.0290 -0.8804
vn 0.1583 0.6477 0.7453
vn -0.7857 -0.6155 -0.0620
vn 0.5873 -0.1505 -0.7953
vn -0.3462 0.6257 0.6991
vn -0.3100 0.6349 0.7076
vn -0.2677 0.6535 0.7080
vn -0.4440 0.0598 0.8940
vn -0.3758 0.0428 0.9257
vn -0.4160 0.0575 0.9075
vn 0.5103 -0.2885 -0.8102
vn 0.5079 -0.2891 -0.8115
vn 0.5016 -0.2907 -0.8148
vn 0.9969 0.0772 0.0147
vn -0.4945 0.0328 0.8685
vn -0.4180 -0.1043 -0.9024
vn 0.7237 0.1615 -0.6710
vn 0.7023 0.1804 -0.6886
vn 0.6629 0.1985 -0.7219
vn 0.4700 0.6171 0.6311
vn 0.4632 0.6273 0.6261
vn 0.4580 0.6332 0.6240
vn -0.6567 -0.6404 -0.3984
vn -0.6670 -0.6239 -0.4074
vn -0.6614 -0.6337 -0.4012
vn 0.3330 -0.9145 0.2298
vn 0.3282 -0.9152 0.2337
vn 0.3252 -0.9158 0.2359
vn 0.5530 0.0749 0.8298
vn -0.9548 -0.0823 -0.2856
vn 0.5623 -0.0324 -0.8263
vn 0.5857 -0.0438 -0.8093
vn 0.6669 0.1886 -0.7209
vn 0.6744 0.1828 -0.7154
vn 0.6788 0.1787 -0.7123
vn -0.5127 -0.0446 0.8574
vn -0.4854 -0.0391 0.8734
vn -0.5317 -0.0428 0.8459
vn -0.4627 -0.5183 0.7192
vn -0.5052 -0.4637 0.7279
vn -0.5570 -0.4278 0.7119
vn 0.9962 0.0788 0.0383
vn -0.4877 0.0336 0.8724
vn -0.4195 -0.1042 -0.9018
vn 0.7874 0.2530 -0.5622
vn 0.7985 0.2354 -0.5541
vn 0.8079 0.2147 -0.5489
vn -0.6953 -0.1679 0.6988
vn -0.6930 -0.1700 0.7006
vn -0.6980 -0.1653 0.6967
vn 0.5748 -0.0697 -0.8153
vn 0.5892 -0.0801 -0.8040
vn 0.5819 -0.0756 -0.8098
vn -0.1437 0.0587 -0.9879
vn 0.7976 -0.0319 0.6023
vn -0.8292 -0.0557 0.5561
vn 0.7139 0.6368 -0.2912
vn 0.8285 -0.3160 0.4622
vn -0.8727 -0.4708 0.1292
vn -0.7737 0.6313 0.0536
vn -0.7776 0.6271 0.0454
vn -0.7829 0.6211 0.0373
vn 0.2292 0.9723 -0.0452
vn 0.2373 0.9677 -0.0857
vn 0.2287 0.9719 -0.0566
vn 0.1604 -0.9870 -0.0058
vn 0.1615 -0.9868 0.0091
vn 0.1614 -0.9868 0.0103
vn 0.0093 -0.6354 -0.7722
vn 0.0217 -0.6377 -0.7699
vn 0.0137 -0.6361 -0.7715
vn 0.9991 0.0186 0.0385
vn -0.9862 0.0432 -0.1598
vn -0.9855 0.0344 -0.1664
vn -0.9848 0.0298 -0.1709
vn 0.7976 -0.0319 0.6024
vn 0.7138 0.6369 -0.2912
vn 0.8287 -0.3158 0.4621
vn -0.7738 0.6312 0.0536
vn -0.7777 0.6270 0.0454
vn -0.7829 0.6210 0.0374
vn 0.2293 0.9723 -0.0452
vn 0.2287 0.9718 -0.0567
vn 0.1609 -0.9870 -0.0057
vn 0.1620 -0.9867 0.0091
vn 0.1620 -0.9867 0.0104
vn 0.0095 -0.6352 -0.7723
vn 0.0219 -0.6375 -0.7701
vn 0.0139 -0.6359 -0.7716
vn 0.6986 0.0830 -0.7106
vn 0.9991 0.0186 0.0382
vn -0.9527 0.1332 -0.2730
vn 0.9428 -0.1821 0.2792
vn 0.9444 -0.1890 0.2692
vn 0.9421 -0.1759 0.2855
vn 0.6986 0.0830 -0.7107
vn 0.9991 0.0186 0.0384
vn 0.9429 -0.1821 0.2790
vn 0.9444 -0.1889 0.2690
vn 0.9421 -0.1758 0.2854
vn -0.9862 0.0432 -0.1599
vn -0.9848 0.0298 -0.1710
vn -0.8472 0.0568 0.5282
vn 0.0816 -0.0272 -0.9963
vn 0.8223 -0.0452 0.5672
vn -0.7373 0.6524 -0.1751
vn 0.3429 -0.4889 -0.8021
vn 0.3646 -0.1706 0.9154
vn 0.1816 0.8498 0.4948
vn 0.1616 0.8480 0.5047
vn 0.1483 0.8448 0.5141
vn -0.1412 0.9746 -0.1740
vn -0.2047 0.9646 -0.1663
vn -0.1661 0.9717 -0.1682
vn 0.0641 -0.9872 0.1457
vn 0.0557 -0.9875 0.1474
vn 0.0484 -0.9876 0.1491
vn -0.5794 -0.7375 0.3469
vn -0.5826 -0.7419 0.3319
vn -0.5811 -0.7388 0.3414
vn -0.0915 0.0354 0.9952
vn -0.8314 0.0762 -0.5505
vn 0.8484 -0.1051 -0.5189
vn -0.7064 0.6495 0.2813
vn -0.7015 0.6550 0.2810
vn -0.6956 0.6612 0.2812
vn 0.6186 -0.6767 -0.3992
vn 0.5943 -0.6943 -0.4059
vn 0.6355 -0.6612 -0.3987
vn 0.5612 -0.2916 0.7746
vn 0.5978 -0.2843 0.7496
vn 0.6199 -0.2718 0.7361
vn -0.8673 -0.4410 0.2311
vn -0.8666 -0.4416 0.2324
vn -0.8660 -0.4422 0.2337
vn 0.5767 0.3333 0.7459
vn 0.0300 -0.9995 -0.0110
vn -0.0712 -0.9974 -0.0113
vn -0.5760 0.3363 -0.7451
vn 0.8684 0.0199 0.4954
vn 0.8598 0.0117 0.5105
vn 0.8578 0.0022 0.5140
vn 0.8590 -0.0018 0.5120
vn 0.8590 -0.0018 0.5119
vn -0.0010 -0.0013 1.0000
vn -0.0511 -0.0004 0.9987
vn -0.0337 -0.0123 0.9994
vn -0.0482 -0.0063 0.9988
vn -1.0000 -0.0029 -0.0056
vn -1.0000 -0.0030 -0.0056
vn -0.8509 -0.0009 -0.5254
vn -0.8509 -0.0015 -0.5254
vn -0.0000 -0.0010 -1.0000
vn -0.0198 0.0010 -0.9998
vn -0.0087 0.9999 -0.0052
vn -0.0110 0.9998 0.0159
vn -0.0111 0.9998 0.0160
vn -0.0002 0.0002 -1.0000
vn 0.0394 0.9992 -0.0102
vn 0.0393 0.9992 -0.0101
vn -1.0000 0.0070 -0.0000
vn 0.9999 0.0045 0.0110
vn 0.0005 -0.0000 -1.0000
vn -1.0000 -0.0031 -0.0000
vn -0.8555 -0.0011 -0.5177
vn -0.8556 -0.0018 -0.5177
vn -0.8555 -0.0012 -0.5177
vn 0.1360 0.0042 -0.9907
vn 0.9999 0.0028 -0.0132
vn 0.8552 0.0018 0.5184
vn 0.8552 0.0016 0.5184
vn -0.0040 1.0000 -0.0023
vn -0.0007 -1.0000 -0.0002
vn -0.0022 -1.0000 -0.0002
vn -0.0056 1.0000 0.0004
vn -0.0058 1.0000 0.0004
vn -0.0114 -0.0001 0.9999
vn 0.0027 -1.0000 0.0071
vn 0.9564 -0.0052 -0.2921
vn -0.9999 -0.0017 0.0153
vn -0.0002 0.0001 1.0000
vn 0.0114 -0.9999 0.0002
vn -0.6042 -0.0111 -0.7968
vn -0.2084 -0.0001 0.9780
vn -0.2084 -0.0000 0.9780
vn 0.0034 -1.0000 -0.0017
vn -0.8578 0.0022 0.5140
vn -0.8598 0.0117 0.5105
vn -0.8684 0.0199 0.4954
vn 0.0010 -0.0013 1.0000
vn 0.0189 0.0012 0.9998
vn 1.0000 -0.0029 -0.0056
vn 1.0000 -0.0030 -0.0056
vn 0.8509 -0.0009 -0.5254
vn 0.8509 -0.0015 -0.5254
vn 0.0001 -0.0010 -1.0000
vn 0.0559 -0.0003 -0.9984
vn 0.0368 -0.0133 -0.9992
vn 0.0529 -0.0068 -0.9986
vn 0.0087 0.9999 -0.0052
vn 0.0111 0.9998 0.0160
vn 0.0110 0.9998 0.0159
vn -0.0026 0.0001 -1.0000
vn -0.0388 0.9992 -0.0101
vn -0.0389 0.9992 -0.0102
vn -0.0390 0.9992 -0.0103
vn 1.0000 0.0070 0.0001
vn -0.9999 0.0017 -0.0125
vn -0.0005 -0.0000 -1.0000
vn 1.0000 -0.0028 -0.0060
vn 0.8555 -0.0012 -0.5177
vn 0.8556 -0.0018 -0.5177
vn 0.8555 -0.0011 -0.5177
vn -0.9999 0.0028 -0.0132
vn -0.8552 0.0016 0.5184
vn -0.8552 0.0018 0.5184
vn -0.1472 0.0021 0.9891
vn 0.0039 1.0000 -0.0022
vn 0.0007 -1.0000 -0.0002
vn 0.0022 -1.0000 -0.0002
vn 0.0095 1.0000 0.0001
vn -0.0062 -0.0001 1.0000
vn 0.0114 -0.0001 0.9999
vn -0.9564 -0.0052 -0.2921
vn 0.9999 -0.0043 -0.0109
vn 0.0003 0.0001 1.0000
vn -0.0103 -0.9999 -0.0000
vn 0.6042 -0.0111 -0.7968
vn 0.2085 -0.0000 0.9780
vn -0.0038 -1.0000 -0.0020
vn -1.0000 -0.0016 -0.0000
vn -1.0000 -0.0015 -0.0000
vn -0.3415 -0.9398 -0.0161
vn 0.2524 0.9676 -0.0000
vn 0.2528 0.9675 -0.0000
vn 0.2480 0.9688 -0.0000
vn -0.3626 0.9317 -0.0216
vn -0.3636 0.9312 -0.0265
vn -0.9790 0.1887 -0.0767
vn -0.9770 0.1893 -0.0978
vn -0.9785 0.1896 -0.0814
vn -0.2769 -0.9609 -0.0000
vn -0.2933 0.9560 -0.0000
vn 0.9892 0.0015 0.1465
vn 0.9957 0.0015 0.0928
vn 0.9969 0.0015 0.0792
vn 0.9968 0.0015 0.0804
vn 1.0000 0.0015 -0.0000
vn 0.9965 0.0015 0.0841
vn 0.2769 -0.9609 -0.0000
vn 0.3415 -0.9398 0.0161
vn 0.3626 0.9317 0.0216
vn 0.3636 0.9312 -0.0265
vn 0.6086 -0.7778 0.1566
vn 0.6126 -0.7840 0.1003
vn 0.6097 -0.7753 0.1648
vn 0.3636 0.9312 0.0265
vn 1.0000 -0.0015 -0.0000
vn 0.9988 -0.0015 0.0495
vn 0.9991 -0.0015 0.0412
vn 0.9869 -0.0015 0.1616
vn 0.9878 -0.0016 0.1555
vn 0.9917 -0.0015 0.1286
vn 0.4224 -0.9064 -0.0000
vn 0.4194 -0.9078 -0.0000
vn 0.4196 -0.9077 -0.0000
vn 0.3626 0.9317 -0.0216
vn 0.9791 -0.1889 0.0756
vn 0.9807 -0.1895 0.0482
vn 0.9809 -0.1902 0.0402
vn 0.5189 -0.8548 -0.0000
vn -0.0000 -0.8549 -0.5187
vn 0.2801 -0.3300 0.9015
vn -0.4240 -0.2158 0.8795
vn -0.4127 -0.6936 -0.5904
vn 0.4128 -0.6936 -0.5904
vn 0.9226 -0.3855 0.0128
vn -0.9226 -0.3856 -0.0128
vn 0.5076 -0.8615 -0.0152
vn -0.5076 -0.8615 0.0152
vn -0.0000 -0.3810 -0.9246
vn -0.0000 -0.3811 0.9245
vn -0.2441 -0.0000 0.9697
vn 0.4241 -0.2158 -0.8795
vn -0.4241 -0.2158 0.8795
vn 0.4127 -0.6936 0.5904
vn -0.4128 -0.6936 0.5904
vn -0.9205 -0.3899 -0.0260
vn 0.0282 -0.0000 0.9996
vn 0.5295 -0.8482 0.0149
vn 0.5076 -0.8614 -0.0152
vn 0.0141 -0.3760 -0.9265
vn 0.5406 0.8407 0.0314
vn -0.0373 0.9986 0.0373
vn 0.4240 -0.2159 -0.8796
vn 0.4131 -0.6935 -0.5903
vn -0.0373 -0.9986 0.0374
vn 0.5187 -0.8549 -0.0000
vn 0.5415 -0.8401 0.0314
vn 0.9227 0.3854 0.0128
vn 0.5074 0.8616 -0.0152
vn 0.5412 0.8403 0.0314
vn 0.0141 0.3759 -0.9265
vn 0.4240 -0.2158 -0.8795
vn 0.4131 -0.6935 0.5903
vn -0.4130 -0.6935 0.5903
vn 0.5414 -0.8402 0.0314
vn 0.5189 -0.8549 -0.0000
vn -0.9204 0.3901 -0.0260
vn 0.5295 0.8482 0.0150
vn -0.0000 0.3810 0.9246
vn 0.2800 -0.3300 0.9015
vn 0.4129 -0.6936 -0.5903
vn -0.9226 -0.3855 -0.0128
vn -0.5075 -0.8615 0.0152
vn -0.5187 -0.8549 -0.0000
vn -0.9226 0.3855 -0.0128
vn -0.5071 0.8617 0.0152
vn -0.0000 0.3811 0.9245
vn 0.4127 -0.6936 -0.5904
vn 0.9996 -0.0000 -0.0282
vn 0.0128 -0.3854 -0.9226
vn 0.0315 -0.8402 -0.5414
vn -0.0152 -0.8615 -0.5075
vn -0.9265 -0.3760 -0.0141
vn 0.0314 0.8403 -0.5413
vn 0.0370 0.9986 0.0374
vn -0.0000 0.8551 -0.5185
vn 0.4124 -0.6937 0.5905
vn -0.4124 -0.6937 0.5905
vn -0.5073 -0.8616 0.0152
vn -0.5412 -0.8403 -0.0314
vn -0.0141 -0.3760 0.9265
vn 0.0373 0.9986 -0.0374
vn -0.0000 0.8550 0.5185
vn -0.5406 0.8407 -0.0314
vn -0.4124 -0.6937 -0.5905
vn 0.4124 -0.6937 -0.5905
vn 0.9227 -0.3854 0.0128
vn 0.5075 -0.8615 -0.0152
vn 0.4240 -0.2159 -0.8795
vn -0.4240 -0.2159 0.8795
vn -0.4126 -0.6937 0.5904
vn -0.0282 -0.0000 -0.9996
vn 0.9204 -0.3900 0.0260
vn -0.5296 -0.8481 -0.0149
vn -0.5189 0.8548 -0.0000
vn -0.5415 0.8401 -0.0314
vn 0.4241 -0.2159 -0.8795
vn -0.5188 -0.8549 -0.0000
vn -0.0046 0.1373 0.9905
vn -0.0373 -0.9986 -0.0374
vn -0.5411 -0.8404 -0.0314
vn 0.0247 0.8655 0.5002
vn 0.8814 0.4720 0.0177
vn -0.5189 -0.8548 -0.0000
vn 0.5189 0.8548 -0.0000
vn -0.5077 0.8614 0.0152
vn -0.4125 -0.6937 0.5904
vn -0.9227 -0.3854 -0.0128
vn 0.9205 -0.3899 0.0260
vn -0.5074 -0.8616 0.0152
vn -0.5298 -0.8480 -0.0149
vn -0.5412 0.8403 -0.0314
vn -0.5186 -0.8550 -0.0000
vn -0.4127 -0.6936 0.5904
vn -0.0000 0.8551 0.5185
vn 0.5072 -0.8617 -0.0152
vn -0.0314 -0.8404 0.5411
vn 0.5185 -0.8551 -0.0000
vn -0.0373 0.9986 0.0374
vn -0.0314 0.8403 0.5412
vn -0.0708 -0.0000 0.9975
vn 0.0708 -0.0000 -0.9975
vn -0.0314 -0.8403 0.5412
vn -0.0314 0.8404 0.5411
vn 0.5186 -0.8550 -0.0000
vn -0.5294 -0.8482 -0.0149
vn -0.5409 0.8405 -0.0314
vn 0.0373 -0.9986 -0.0374
vn 0.9205 0.3899 0.0260
vn -0.5295 0.8482 -0.0150
vn -0.5074 0.8616 0.0152
vn -0.0000 0.3809 -0.9246
vn -0.0141 0.3760 0.9265
vn -0.9227 0.3854 -0.0128
vn -0.5413 -0.8402 -0.0314
vn 0.0374 -0.9986 -0.0374
vn -0.5410 -0.8404 -0.0314
vn 0.9204 0.3901 0.0260
vn -0.5292 0.8484 -0.0149
vn -0.0141 0.3761 0.9265
vn 0.0278 0.3711 -0.9282
vn -0.5411 -0.8403 -0.0314
vn 0.0046 0.1373 -0.9905
vn -0.5185 -0.8551 -0.0000
vn 0.0314 -0.8402 -0.5414
vn 0.0374 -0.9986 0.0374
vn -0.0247 0.8656 -0.5002
vn -0.5183 0.8552 -0.0000
vn -0.8814 0.4721 -0.0177
vn -0.0376 -0.9986 -0.0374
vn -0.0128 0.3854 0.9227
vn 0.0152 0.8615 0.5075
vn 0.9265 0.3759 0.0141
vn -0.8192 -0.5731 -0.0191
vn -0.0383 -0.0000 -0.9993
vn -0.5149 -0.8572 0.0052
vn 0.0314 -0.8403 -0.5413
vn 0.9999 -0.0000 -0.0101
vn 0.0374 0.9986 -0.0374
vn -0.0099 -0.2636 0.9646
vn -0.0000 -0.8549 -0.5189
vn 0.5413 -0.8403 0.0314
vn -0.9205 0.3900 -0.0260
vn -0.9204 -0.3900 -0.0260
vn -0.4125 -0.6937 0.5905
vn -0.9226 0.3854 -0.0128
vn 0.0185 -0.0000 0.9998
vn 0.5004 -0.8654 -0.0247
vn 0.0177 -0.4721 -0.8814
vn 0.9905 -0.1373 0.0046
vn -0.0373 0.9986 0.0376
vn -0.0278 0.3711 0.9282
vn 0.9204 -0.3901 0.0260
vn -0.9204 -0.3901 -0.0260
vn -0.5292 -0.8484 -0.0149
vn 0.5294 -0.8482 0.0149
vn -0.0141 -0.3761 0.9265
vn 0.0314 0.8403 -0.5412
vn 0.0314 -0.8403 -0.5412
vn 0.3275 -0.9448 -0.0034
vn 0.3321 -0.9074 -0.2575
vn -0.0000 -0.2218 0.9751
vn -0.6525 -0.7578 0.0028
vn 0.7975 -0.2715 -0.5388
vn -0.4085 -0.8504 -0.3316
vn -0.0012 -0.7646 -0.6446
vn 0.8032 -0.2461 0.5426
vn 0.9988 0.0485 -0.0016
vn 0.0225 -0.1161 -0.9930
vn -0.0400 0.6780 -0.7340
vn 0.0021 -0.5944 -0.8041
vn 0.2497 0.2407 -0.9379
vn 0.8977 -0.4406 -0.0005
vn -0.0021 -0.5944 0.8042
vn -0.9096 -0.0996 -0.4033
vn -0.8479 -0.5301 -0.0012
vn -0.9988 -0.0490 -0.0077
vn -0.0179 0.3999 -0.9164
vn 0.0001 -0.6766 -0.7364
vn -0.5960 0.0294 -0.8024
vn 0.9923 0.1239 -0.0063
vn 0.9848 0.0561 0.1645
vn 0.8479 -0.5301 0.0012
vn 0.9482 -0.0995 -0.3018
vn -0.9943 -0.0812 0.0687
vn -0.7181 -0.4990 0.4851
vn 0.2257 -0.1296 0.9656
vn 0.7859 -0.3399 0.5165
vn 0.9872 -0.0207 -0.1579
vn -0.7627 -0.2739 -0.5859
vn -0.3730 0.2108 -0.9036
vn 0.0263 0.1011 0.9945
vn -0.0088 -0.6860 0.7275
vn -0.0000 0.1048 0.9945
vn -0.0311 -0.5390 0.8418
vn 0.3699 0.0339 0.9284
vn -0.0329 -0.0046 0.9994
vn -0.0644 -0.3329 0.9408
vn 0.5961 0.0293 0.8024
vn -0.0285 -0.1029 0.9943
vn -0.0615 -0.2935 0.9540
vn 0.3700 0.0339 0.9284
vn -0.8274 0.0555 -0.5589
vn 0.1357 0.1734 -0.9755
vn -0.9772 0.0159 -0.2118
vn -0.3044 -0.0000 -0.9525
vn -0.9792 -0.0785 0.1870
vn -0.5712 -0.0000 -0.8208
vn -0.9900 0.0663 -0.1241
vn 0.8265 0.0713 0.5584
vn 0.9667 -0.1348 0.2174
vn 0.9631 0.0156 0.2687
vn 0.5712 -0.0000 0.8208
vn 0.9641 -0.1072 -0.2427
vn 0.2794 -0.0000 0.9602
vn 0.8842 -0.0000 -0.4671
vn -0.8658 -0.0117 0.5002
vn -0.9673 0.1014 -0.2326
vn -0.6151 0.0202 0.7882
vn -0.9992 -0.0000 -0.0409
vn -0.8303 -0.1271 0.5426
vn 0.1266 -0.1722 0.9769
vn -0.9892 0.0660 0.1306
vn -0.8199 0.0042 0.5725
vn 0.9980 0.0625 -0.0081
vn 0.9846 -0.1456 -0.0964
vn 0.9790 -0.2035 0.0112
vn 0.9770 -0.0096 -0.2132
vn 0.9952 0.0977 -0.0086
vn 0.9196 -0.3928 0.0106
vn 0.9954 0.0959 -0.0058
vn 0.9768 -0.2140 0.0110
vn 0.9131 -0.0090 -0.4076
vn -0.0000 0.1048 -0.9945
vn 0.0311 -0.5390 -0.8418
vn -0.3699 0.0339 -0.9284
vn 0.0329 -0.0046 -0.9994
vn 0.0797 -0.5609 -0.8241
vn -0.5961 0.0293 -0.8024
vn 0.0204 0.1754 -0.9843
vn -0.8261 -0.0689 -0.5592
vn -0.9040 0.1872 -0.3845
vn -0.9926 -0.1213 0.0001
vn -0.8346 -0.0480 0.5488
vn -0.8041 0.0819 -0.5889
vn -0.9877 -0.1566 -0.0041
vn -0.9196 0.3927 0.0104
vn -0.9749 0.0096 -0.2224
vn -1.0000 -0.0010 0.0001
vn -0.9980 0.0625 0.0081
vn -0.9790 -0.2035 -0.0110
vn -0.9770 -0.0096 0.2132
vn -0.9873 0.1584 0.0085
vn -0.6875 0.1231 -0.7156
vn -0.9245 -0.3813 0.0031
vn -0.9719 0.0224 -0.2345
vn -0.9790 -0.2035 -0.0093
vn -0.9131 -0.0090 0.4076
vn -0.8699 0.1891 0.4556
vn 0.0271 -0.1206 0.9923
vn 0.7634 -0.0330 0.6451
vn 0.0318 0.5393 0.8415
vn 0.0204 -0.1754 0.9843
vn -0.1835 0.2433 0.9524
vn -0.6012 0.1978 0.7742
vn -0.0145 -0.3744 0.9272
vn -0.1780 0.3406 0.9232
vn 0.9040 0.1872 0.3845
vn 1.0000 -0.0010 -0.0001
vn 0.6225 -0.1074 -0.7752
vn 0.8041 0.0819 0.5889
vn 1.0000 -0.0010 -0.0000
vn 0.9196 0.3927 -0.0104
vn 0.9926 -0.1213 -0.0001
vn 0.8699 0.1891 -0.4556
vn -0.0272 -0.0759 -0.9967
vn -0.7634 -0.0330 -0.6451
vn -0.0318 0.5393 -0.8415
vn 0.5961 -0.0293 -0.8024
vn -0.0000 -0.1838 -0.9830
vn 0.2498 0.2397 -0.9382
vn -0.0000 -0.1415 -0.9899
vn 0.1835 0.2433 -0.9524
vn 0.8369 0.0631 -0.5437
vn 0.3770 -0.1684 -0.9108
vn 0.1831 -0.0364 -0.9824
vn 0.9981 0.0244 0.0574
vn 0.0578 -0.0000 -0.9983
vn 0.9979 -0.0244 0.0602
vn 0.4835 0.0862 -0.8711
vn -0.0489 0.9265 -0.3730
vn -0.0220 0.9391 -0.3428
vn -0.0178 0.9398 -0.3414
vn 0.0056 -0.9991 0.0427
vn -0.7567 0.6537 0.0011
vn -0.7599 0.6498 0.0167
vn -0.7798 0.6252 0.0323
vn -0.0624 0.7995 0.5975
vn -0.0336 0.8187 0.5732
vn -0.0055 0.8220 0.5695
vn -0.0039 0.8289 -0.5593
vn -0.0320 0.8259 -0.5629
vn -0.0612 0.8071 -0.5872
vn 0.7625 0.6461 0.0324
vn 0.7415 0.6707 0.0166
vn 0.7381 0.6747 0.0008
vn 0.0011 -1.0000 -0.0021
vn 0.0268 -0.9996 0.0121
vn -0.0034 -1.0000 0.0042
vn -0.8488 -0.1977 0.4904
vn 0.0305 -0.2795 0.9597
vn 0.0304 -0.2795 0.9597
vn -0.9996 0.0288 0.0011
vn -0.9991 -0.0401 0.0119
vn -0.9991 -0.0401 0.0124
vn -0.9991 -0.0401 0.0121
vn -0.9412 0.1828 0.2841
vn -0.9412 0.1831 0.2840
vn -0.9413 0.1825 0.2841
vn 0.0328 -0.1411 -0.9895
vn -0.3602 -0.2309 -0.9039
vn -0.0320 -0.0601 -0.9977
vn -0.0333 -0.0601 -0.9976
vn -0.0325 -0.0601 -0.9977
vn -0.9915 0.0309 -0.1264
vn -0.9915 0.0321 -0.1263
vn -0.9915 0.0328 -0.1262
vn 0.9996 0.0281 -0.0000
vn 0.9327 0.1600 0.3232
vn 0.9328 0.1595 0.3232
vn 0.9329 0.1585 0.3233
vn 1.0000 -0.0028 0.0012
vn 1.0000 -0.0028 0.0013
vn 1.0000 -0.0028 0.0011
vn 0.9999 -0.0037 0.0100
vn 0.9700 -0.1674 -0.1764
vn 0.9977 -0.0666 -0.0111
vn 0.9977 -0.0666 -0.0115
vn 0.9977 -0.0666 -0.0113
vn 0.7594 0.1482 -0.6335
vn 0.7591 0.1500 -0.6334
vn 0.7589 0.1512 -0.6334
vn 0.0286 0.1942 0.9805
vn 0.0279 0.1942 0.9806
vn 0.0290 0.1942 0.9805
vn -0.2495 -0.0353 0.9677
vn -0.0012 1.0000 -0.0000
vn -0.8845 -0.0742 0.4606
vn -0.8808 -0.0680 0.4685
vn -0.8790 -0.0587 0.4732
vn -0.9994 -0.0340 -0.0013
vn -0.9994 -0.0340 -0.0015
vn -0.9994 -0.0340 -0.0011
vn 0.9050 0.1192 -0.4083
vn 0.9050 0.1195 -0.4083
vn 0.9051 0.1190 -0.4082
vn 0.7910 -0.1736 -0.5866
vn -0.8603 -0.1136 -0.4970
vn 0.6793 0.0434 -0.7326
vn 0.6792 0.0423 -0.7328
vn 0.6791 0.0404 -0.7329
vn -0.8309 -0.1084 -0.5458
vn -0.2554 0.0340 -0.9662
vn -0.2547 0.0367 -0.9663
vn -0.2545 0.0388 -0.9663
vn 0.8274 0.0170 0.5613
vn 0.8752 -0.1331 0.4652
vn 0.0376 0.3229 -0.9457
vn -0.9640 -0.0848 -0.2519
vn -0.9642 -0.0830 -0.2519
vn -0.9642 -0.0821 -0.2520
vn -0.0286 0.2832 -0.9586
vn -0.0288 0.2832 -0.9586
vn -0.0284 0.2832 -0.9586
vn 0.6861 -0.1801 -0.7049
vn -0.0284 -0.0047 -0.9996
vn 0.3699 -0.0339 -0.9284
vn -0.0471 -0.0000 -0.9989
vn 0.2899 -0.0349 -0.9564
vn 0.7946 0.1171 0.5958
vn 0.9781 -0.0215 -0.2070
vn -0.5563 -0.0654 0.8284
vn 0.8332 -0.1200 0.5398
vn 0.8246 0.0612 0.5624
vn 0.8340 -0.0187 0.5514
vn -0.4045 -0.0920 0.9099
vn -0.8185 0.0824 -0.5686
vn -0.9995 0.0006 0.0318
vn -0.8338 0.0437 -0.5503
vn 0.6213 -0.0652 -0.7808
vn -0.7991 0.1637 -0.5785
vn -0.8334 0.0438 -0.5509
vn -0.8384 0.0214 -0.5447
vn -0.6470 0.0986 -0.7561
vn 0.7552 0.1138 -0.6456
vn 0.9870 0.0625 0.1478
vn 0.8540 0.1194 -0.5064
vn 0.9255 -0.0543 0.3748
vn 0.9932 0.0787 -0.0854
vn 0.8283 0.0350 -0.5593
vn 0.0593 -0.9907 -0.1223
vn -0.9967 0.0815 -0.0034
vn -0.9895 0.0098 -0.1440
vn -0.9733 0.2294 -0.0112
vn -0.9739 0.2271 -0.0034
vn -0.9360 -0.1846 -0.2997
vn -0.9997 -0.0221 0.0086
vn -0.9962 0.0098 -0.0868
vn -0.6844 -0.1805 0.7064
vn 0.0284 -0.0030 0.9996
vn -0.3699 -0.0339 0.9284
vn -0.2899 -0.0349 0.9564
vn -0.0198 0.2956 0.9551
vn -0.9651 -0.0648 0.2537
vn 0.0282 0.1106 0.9935
vn 0.9973 0.0721 -0.0100
vn 0.9537 0.1317 -0.2704
vn 0.8913 0.0513 0.4505
vn 0.9997 0.0210 0.0086
vn 0.9351 0.1844 -0.3028
vn 0.9997 0.0231 0.0086
vn 0.9909 -0.0098 -0.1344
vn 0.9993 0.0090 0.0351
vn 0.9967 0.0815 0.0034
vn 0.9364 -0.1847 0.2983
vn 0.9997 -0.0231 -0.0086
vn 0.9895 0.0098 0.1440
vn 0.9968 0.0803 0.0017
vn 0.7575 0.0297 -0.6522
vn 0.9962 0.0098 0.0868
vn -0.0329 0.1071 -0.9937
vn -0.0257 -0.3403 -0.9400
vn 0.8875 0.0235 -0.4603
vn -0.0198 -0.2956 -0.9551
vn -0.6012 0.1978 -0.7742
vn -0.9973 0.0721 0.0100
vn -0.9537 0.1317 0.2704
vn -1.0000 -0.0024 -0.0086
vn -1.0000 0.0003 0.0034
vn -1.0000 -0.0031 -0.0086
vn -0.9959 -0.0098 0.0898
vn 0.0008 -1.0000 -0.0000
vn -0.8695 0.2001 -0.4515
vn 0.0329 0.1071 0.9937
vn 0.0249 -0.4123 0.9107
vn -0.8830 0.0239 0.4688
vn 0.2899 0.0349 0.9564
vn -0.0000 -0.2919 0.9565
vn -0.0000 -0.2715 0.9624
vn -0.8343 0.1006 0.5420
vn 0.1868 -0.0085 0.9824
vn -0.9993 -0.0071 -0.0373
vn -0.7689 0.2248 0.5985
vn -0.8499 -0.1749 0.4971
vn -0.7368 0.2736 0.6183
vn -0.0863 0.0100 0.9962
vn -0.8596 0.1205 0.4966
vn -0.9501 -0.0734 -0.3031
vn 0.5443 -0.7780 -0.3137
vn -0.9456 -0.0829 0.3147
vn 0.8883 0.4590 0.0178
vn 0.7363 -0.1485 -0.6601
vn 0.8830 -0.1186 0.4541
vn -0.7363 -0.1485 0.6602
vn 0.9674 -0.0625 -0.2456
vn 0.2592 -0.1900 0.9470
vn -0.6810 0.4225 -0.5981
vn -0.1546 -0.1604 0.9749
vn 1.0000 0.0001 -0.0000
vn -0.9866 0.0477 0.1558
vn -0.8833 0.1160 0.4543
vn -0.0182 0.8389 -0.5439
vn -0.9332 -0.2185 -0.2851
vn -0.9222 -0.0584 -0.3823
vn -0.7620 0.2401 -0.6014
vn -0.9784 0.0723 0.1938
vn 0.7427 0.2099 0.6358
vn 0.0299 -0.3332 0.9424
vn 0.3013 -0.9181 -0.2575
vn -0.6264 0.0926 0.7740
vn -0.6263 0.0926 0.7741
vn 0.7367 0.1453 0.6605
vn 0.8833 0.1160 -0.4543
vn 0.0182 0.8382 0.5451
vn 0.9178 -0.0454 0.3945
vn 0.8833 0.1160 -0.4542
vn -0.7367 -0.1453 0.6605
vn -0.7370 0.1420 0.6608
vn 0.0003 -1.0000 -0.0000
vn -0.7367 0.1453 -0.6604
vn -0.9731 0.2300 -0.0106
vn 0.9343 -0.0882 -0.3453
vn 0.9342 -0.0906 -0.3451
vn 0.7370 0.1424 -0.6608
vn 0.7339 -0.1689 -0.6580
vn -0.9440 -0.0817 0.3197
vn -0.9344 -0.0882 0.3451
vn 0.6002 0.0567 0.7979
vn -0.3602 0.9120 0.1964
vn 0.8454 -0.0206 -0.5337
vn -0.8205 -0.1397 0.5543
vn 0.8205 -0.1397 -0.5543
vn 0.9805 -0.1967 -0.0000
vn -0.0051 -0.0219 0.9997
vn -0.0000 -0.1754 -0.9845
vn -0.9928 -0.1195 -0.0000
vn -0.9998 -0.0178 -0.0016
vn -0.8205 -0.1397 -0.5543
vn 0.8205 -0.1397 0.5543
vn 0.0051 -0.0263 -0.9996
vn 0.9998 -0.0178 0.0016
vn -0.8457 -0.0208 0.5333
vn -0.0000 -0.2311 0.9729
vn 0.8099 -0.0211 0.5862
vn -0.8102 -0.0211 -0.5857
vt -0.398469 2.739956
vt -0.245757 2.849523
vt -0.398469 2.849523
vt -0.124950 2.849523
vt -0.000846 2.929620
vt -0.000846 2.849523
vt -0.136548 0.500000
vt -0.136548 1.230333
vt 1.245757 2.699376
vt -0.245757 2.739956
vt -0.245757 2.699376
vt 1.374806 2.849523
vt 1.235956 2.929620
vt 1.235956 2.849523
vt 1.150123 -0.235956
vt 1.150123 0.500000
vt -0.374806 2.849523
vt -0.235956 2.929620
vt -0.235956 2.849523
vt 1.021074 1.398469
vt 1.150123 1.235956
vt 1.173786 1.245757
vt 1.005650 2.849523
vt 1.136549 2.929620
vt 1.136549 2.849523
vt 1.245757 2.739956
vt 1.398469 2.739956
vt 1.037912 -0.439119
vt 0.015509 -0.325194
vt -0.037912 -0.439119
vt -0.214436 1.262595
vt -0.005650 1.361231
vt -0.011273 1.374806
vt -0.150123 1.235956
vt -0.245757 2.849523
vt -0.245757 2.739956
vt -0.262595 -1.683871
vt 1.262595 -1.727540
vt 1.262595 -1.683871
vt 1.199773 2.691623
vt 1.199773 -1.691623
vt -0.199773 -1.691623
vt 1.225529 2.849523
vt -0.225529 2.929620
vt -0.225529 2.849523
vt 1.214436 1.262595
vt 0.984492 1.325194
vt 1.109913 1.199773
vt -0.150123 -0.235956
vt -0.011273 -0.374806
vt 1.005650 2.929620
vt 0.500000 2.849523
vt 1.011273 -0.374806
vt -0.235956 2.929620
vt -0.005650 2.849523
vt -0.136548 2.929620
vt -0.136548 2.849523
vt -0.011273 2.849523
vt 1.011273 2.929620
vt -0.230333 2.929620
vt -0.230333 2.849523
vt 1.037912 1.439119
vt -0.037912 1.439119
vt -0.021074 2.739956
vt 1.021074 2.849523
vt 1.021074 2.739956
vt 1.230333 2.929620
vt 1.245757 2.849523
vt 1.398469 2.849523
vt 1.214436 -0.262595
vt 1.136549 1.230333
vt -0.230333 -1.929620
vt 1.230333 -1.727540
vt 1.230333 -1.929620
vt 1.235956 2.929620
vt 1.011273 1.374806
vt 0.500000 1.374806
vt -0.398469 2.699376
vt 1.021074 2.739956
vt -0.021074 2.849523
vt -0.021074 2.739956
vt -0.214436 1.262595
vt 0.015509 1.325194
vt 0.500000 2.699376
vt 1.230333 2.849523
vt -0.005650 2.929620
vt 1.136549 -0.230333
vt 1.005650 -0.361231
vt 0.984492 -1.691623
vt 1.109913 2.691623
vt 0.984492 2.691623
vt 1.021074 -0.398469
vt 1.398469 2.699376
vt 1.000846 2.849523
vt -0.245757 2.739956
vt -0.245757 2.699376
vt 0.500000 -0.374806
vt 1.136549 -1.727540
vt 1.005650 -1.929620
vt 1.005650 -1.727540
vt -0.150123 0.500000
vt -0.021074 -0.398469
vt -0.173786 -0.245757
vt -0.262595 -1.727540
vt -0.439119 -1.683871
vt -0.439119 -1.727540
vt -0.000846 2.849523
vt -0.124950 2.929620
vt -0.021074 1.398469
vt -0.214436 -0.262595
vt -0.109913 1.199773
vt 1.136549 0.500000
vt 1.005650 2.929620
vt 1.173786 -0.245757
vt 1.439119 -1.727540
vt 1.000846 2.849523
vt 1.000846 2.929620
vt 0.015508 -1.691623
vt -0.109913 2.691623
vt 0.015508 2.691623
vt -0.011273 2.929620
vt 1.011273 2.849523
vt 1.011273 2.929620
vt -0.005650 -1.727540
vt -0.005650 -1.929620
vt -0.005650 2.929620
vt 0.500000 -0.386638
vt 0.984492 -0.325194
vt 1.016174 -0.386638
vt 1.005650 1.361231
vt -0.004048 1.357365
vt -0.124950 1.225529
vt -0.005650 1.361231
vt 0.500000 -0.361231
vt -0.173786 1.245757
vt 0.500000 1.361231
vt 1.037912 -1.683871
vt -0.037912 -1.727540
vt -0.037912 -1.683871
vt 1.214436 -0.262595
vt 1.225529 2.929620
vt -0.161955 1.240856
vt 0.015508 1.325194
vt -0.109913 -0.199773
vt 0.984492 2.691623
vt 0.984492 -1.691623
vt 1.021074 2.739956
vt 1.005650 -1.929620
vt -0.005650 -1.727540
vt 1.124950 2.849523
vt -0.262595 -1.683871
vt -0.262595 -1.727540
vt -0.136548 -0.230333
vt -0.214436 -0.262595
vt 0.015508 -0.325194
vt -0.124950 -0.225529
vt 1.000846 -0.349633
vt 1.374806 2.929620
vt 1.262595 -1.727540
vt 1.439119 -1.683871
vt -0.037912 -0.439119
vt -0.021074 2.699376
vt 1.021074 2.699376
vt -0.005650 -0.361231
vt 0.015508 -1.691623
vt 1.011273 1.374806
vt -0.008461 1.368019
vt -0.136548 -1.727540
vt -0.037912 -1.727540
vt 1.037912 -1.683871
vt -0.021074 2.699376
vt 1.021074 2.699376
vt 1.005650 -0.361231
vt -0.374806 2.929620
vt 1.124950 2.929620
vt 1.124950 1.225529
vt -0.000846 1.349633
vt -0.230333 -1.929620
vt 1.109913 -0.199773
vt -0.136546 0.687163
vt -0.005648 0.758169
vt -0.005648 0.687163
vt -0.165609 1.242369
vt -0.005648 1.361229
vt -0.136546 1.230331
vt -0.136546 0.395993
vt -0.005648 0.395993
vt -0.005648 0.395993
vt 1.230331 0.709689
vt 1.230331 0.616696
vt -0.230331 0.616696
vt 1.230331 0.643147
vt 1.230331 0.488986
vt -0.230331 0.488986
vt -0.005648 0.687163
vt -0.136546 0.758169
vt -0.005648 0.643147
vt 1.005648 0.643147
vt -0.005648 0.488986
vt -0.136546 -0.230331
vt -0.165609 -0.242369
vt 1.165609 -0.242369
vt 1.005648 -0.361229
vt 1.136546 -0.230331
vt 1.242369 0.643147
vt -0.242369 0.758170
vt -0.242369 0.643147
vt -0.136546 0.643147
vt 1.136546 1.230331
vt 1.165609 1.242369
vt -0.005648 0.241831
vt 1.005648 0.395993
vt 1.005648 0.241831
vt 1.005648 0.488986
vt 1.136546 0.643147
vt 1.005648 0.643147
vt 1.165609 -0.242369
vt 1.136546 0.488986
vt 1.005648 0.488986
vt 1.136546 0.488986
vt -0.017686 1.390292
vt 1.230331 0.395993
vt -0.230331 0.395993
vt -0.230331 0.395993
vt 1.005648 0.709689
vt -0.005648 0.616696
vt 1.005648 0.616696
vt 1.230331 0.687163
vt -0.230331 0.758169
vt -0.230331 0.687163
vt -0.005648 0.488986
vt -0.005648 0.395993
vt -0.230331 0.643147
vt -0.230331 0.488986
vt 1.230331 0.488986
vt 1.230331 0.758169
vt 1.230331 0.687163
vt 1.136546 0.709689
vt 1.230331 0.488986
vt 1.230331 0.241831
vt -0.230331 0.241831
vt 1.005648 0.241831
vt 1.136546 0.395993
vt 1.005648 0.395993
vt -0.005648 0.616696
vt -0.136546 0.709689
vt -0.005648 0.709689
vt 1.230331 0.643147
vt 1.136546 0.241831
vt -0.005648 1.361229
vt 1.005648 1.361229
vt 1.017686 0.758170
vt -0.017686 0.643147
vt 1.017686 0.643147
vt 1.005648 0.616696
vt 1.005648 0.709689
vt -0.005648 -0.361229
vt -0.017686 -0.390292
vt -0.005648 0.709689
vt 1.005648 0.687163
vt 1.005648 0.758169
vt 1.005648 1.361229
vt 1.165609 0.758170
vt 1.017686 -0.390292
vt -0.230331 0.488986
vt 1.136546 0.687163
vt -0.230331 0.709689
vt -0.230331 0.616696
vt -0.242369 0.643147
vt 1.005648 0.758169
vt 1.005648 0.687163
vt 1.017686 1.390292
vt -0.005648 0.241831
vt -0.136546 0.241831
vt 1.136546 0.758169
vt -0.136546 0.488986
vt -0.136546 0.488986
vt -0.230331 0.395993
vt -0.230331 0.241831
vt 1.017686 0.758169
vt -0.165609 0.758170
vt -0.017686 0.758169
vt 1.112952 2.737721
vt 1.158220 -1.737721
vt 1.114999 -1.737721
vt 1.116604 2.737721
vt 1.114999 -1.737721
vt 1.112952 2.737721
vt 1.116604 2.737721
vt 1.112952 2.737720
vt 1.158220 -1.737721
vt 1.116604 2.737721
vt 1.158220 -1.737721
vt -0.343216 2.737720
vt -0.379251 -1.737721
vt -0.343216 -1.737721
vt 0.519361 2.737720
vt 0.517868 -1.737721
vt 0.514932 2.737721
vt 0.519630 -1.737721
vt 0.519296 -1.737721
vt -0.379251 -1.737721
vt -0.347374 2.737721
vt 1.379251 -1.737721
vt 1.347375 2.737721
vt 1.343216 -1.737721
vt 0.079547 0.495724
vt 0.079547 0.504276
vt 0.920453 0.504276
vt 0.866462 0.495724
vt 0.791103 0.504276
vt 0.791103 0.495724
vt 0.791103 0.495724
vt 0.792838 0.495724
vt 0.792838 0.504276
vt 0.792838 0.504276
vt 0.077812 0.504276
vt 0.077812 0.495724
vt 0.922188 0.504276
vt 0.870650 0.495724
vt 0.792838 0.495724
vt 0.868556 0.078679
vt 0.870650 0.922188
vt 0.866462 0.920453
vt 0.868556 0.921321
vt 0.870650 0.077812
vt 0.866462 0.079547
vt 0.792838 1.000000
vt 0.791103 0.995812
vt 0.920453 0.495724
vt 0.079547 0.504276
vt 0.791103 0.004188
vt 0.791971 0.997906
vt 0.792838 1.000000
vt 0.791103 0.995812
vt 0.870650 0.922188
vt 0.792838 0.000000
vt 0.791103 0.004188
vt 0.866462 0.079547
vt 0.792838 0.000000
vt 0.791971 0.002094
vt 0.792115 0.998255
vt 0.922188 0.504276
vt 0.077812 0.504276
vt 0.870650 0.077812
vt 0.868207 0.921176
vt 0.791826 0.002443
vt 0.868905 0.078535
vt 0.922188 0.495724
vt 0.869254 0.921610
vt 0.870650 0.922188
vt 0.792260 0.001396
vt 0.818115 -0.347282
vt 0.780301 -0.375871
vt 0.819548 -0.375871
vt 0.784999 2.737721
vt 0.817786 2.737720
vt 0.819548 -1.737721
vt 1.114999 -0.013189
vt 1.158220 -0.038872
vt 1.158220 -0.012359
vt -0.035699 2.737721
vt -0.015533 2.737721
vt -0.015533 -1.737721
vt 1.112952 2.737720
vt 1.114999 0.256619
vt 1.158220 0.230935
vt 1.158220 0.257448
vt 0.234109 2.737721
vt 0.254275 2.737721
vt 0.254275 -1.737721
vt 1.114999 0.526426
vt 1.158220 0.500742
vt 1.158220 0.527256
vt 0.503916 2.737721
vt 0.524082 2.737721
vt 0.524082 -1.737721
vt 1.114999 0.796233
vt 1.158220 0.770549
vt 1.158220 0.797063
vt 0.773723 2.737721
vt 0.793889 2.737721
vt 0.793889 -1.737721
vt 1.114999 1.066040
vt 1.158220 1.040357
vt 1.158220 1.066870
vt 1.043530 2.737721
vt 1.063696 2.737721
vt 1.063696 -1.737721
vt 1.343216 2.737720
vt 0.920453 0.495724
vt 0.920453 0.504276
vt 0.922188 0.495724
vt 0.791826 0.997557
vt 0.866462 0.920453
vt 0.791971 0.002094
vt 0.079547 0.495724
vt 0.077812 0.504276
vt 0.870650 0.077812
vt 0.791971 0.997906
vt 0.868556 0.078679
vt 0.868207 0.078824
vt 0.791971 0.002094
vt 0.868556 0.921321
vt 0.867858 0.078969
vt 0.791681 0.997208
vt 0.868556 0.078679
vt 0.791681 0.002792
vt 0.077812 0.495724
vt 0.791971 0.997906
vt 0.867858 0.921032
vt 0.792115 0.001745
vt 0.114304 0.654543
vt 0.189143 0.345457
vt 0.189143 0.654543
vt 0.114304 0.345457
vt 0.189143 0.654543
vt 0.114304 0.284721
vt 0.189143 0.238426
vt 0.189143 0.284721
vt 0.189143 0.345457
vt 0.114304 0.238426
vt 0.189143 0.284721
vt 0.238426 0.654543
vt 0.284721 0.345457
vt 0.284721 0.654543
vt 0.238426 0.345457
vt 0.114304 0.046294
vt 0.189143 0.000000
vt 0.189143 0.046294
vt 0.114304 0.000000
vt 0.000000 0.654543
vt 0.046294 0.345457
vt 0.046294 0.654543
vt 0.000000 0.345457
vt 0.523147 0.654543
vt 0.476853 0.345457
vt 0.476853 0.654543
vt 0.189143 0.523147
vt 0.114304 0.523147
vt 0.189143 0.476853
vt 0.114304 0.345457
vt 0.189143 0.761574
vt 0.114304 0.715279
vt 0.189143 0.715279
vt 0.114304 0.654543
vt 0.114304 0.761574
vt 0.715279 0.345457
vt 0.761574 0.654543
vt 0.715279 0.654543
vt 0.761574 0.345457
vt 0.189143 1.000000
vt 0.114304 0.953706
vt 0.189143 0.953706
vt 0.114304 1.000000
vt 0.953706 0.345457
vt 1.000000 0.654543
vt 0.953706 0.654543
vt 1.000000 0.345457
vt 0.810857 0.345457
vt 0.885696 0.654543
vt 0.810857 0.654543
vt 0.885696 0.345457
vt 0.810857 0.238426
vt 0.885696 0.284721
vt 0.810857 0.284721
vt 0.885696 0.238426
vt 0.810857 0.000000
vt 0.885696 0.046294
vt 0.810857 0.046294
vt 0.885696 0.000000
vt 0.885696 0.523147
vt 0.810857 0.523147
vt 0.810857 0.476853
vt 0.885696 0.715279
vt 0.810857 0.761574
vt 0.810857 0.715279
vt 0.885696 0.761574
vt 0.885696 0.953706
vt 0.810857 1.000000
vt 0.810857 0.953706
vt 0.885696 1.000000
vt 0.810857 0.476853
vt 0.513852 0.036551
vt 0.487570 0.005572
vt 0.486494 0.035208
vt 0.135315 0.198599
vt 0.913994 0.006785
vt 0.920164 0.036551
vt 0.131326 0.152225
vt 0.141758 0.253953
vt 0.187407 0.197873
vt 0.500000 0.208305
vt 0.463845 0.152225
vt 0.536155 0.152225
vt 0.500000 0.187407
vt 0.536155 0.131326
vt 0.463845 0.131326
vt 0.187407 0.197873
vt 0.131327 0.152225
vt 0.515300 0.098601
vt 0.484700 0.912588
vt 0.515300 0.912588
vt 0.913743 0.005572
vt 0.135315 0.198599
vt 0.919885 0.035208
vt 0.515300 0.921329
vt 0.484700 0.141670
vt 0.515300 0.141670
vt 0.484700 0.203770
vt 0.515300 0.148359
vt 0.484700 0.148359
vt 0.135879 0.148359
vt 0.103341 0.171646
vt 0.111210 0.150441
vt 0.108083 0.154283
vt 0.098600 0.165933
vt 0.515300 0.165933
vt 0.484700 0.167786
vt 0.484700 0.165933
vt 0.511805 0.006785
vt 0.486148 0.036551
vt 0.487570 0.005572
vt 0.913994 0.006785
vt 0.104316 0.173365
vt 0.463845 0.187407
vt 0.536155 0.187407
vt 0.085678 0.208305
vt 0.500000 0.085678
vt 0.463845 0.141758
vt 0.536155 0.141758
vt 0.463845 0.152225
vt 0.521693 0.152225
vt 0.913743 0.005572
vt 0.920164 0.036551
vt 0.484700 0.921329
vt 0.134556 0.197981
vt 0.135879 0.148359
vt 0.513506 0.035208
vt 0.487570 0.005572
vt 0.486148 0.036551
vt 0.135315 0.198599
vt 0.913994 0.006785
vt 0.919885 0.035208
vt 0.500000 0.085678
vt 0.913743 0.005572
vt 0.135315 0.198599
vt 0.920164 0.036551
vt 0.135879 0.148359
vt 0.103341 0.171646
vt 0.111210 0.150441
vt 0.484700 0.167786
vt 0.511805 0.006785
vt 0.486494 0.035208
vt 0.487570 0.005572
vt 0.913994 0.006785
vt 0.104316 0.173365
vt 0.536155 0.197873
vt 0.478307 0.197873
vt 0.463845 0.197873
vt 0.913743 0.005572
vt 0.919885 0.035208
vt 0.134556 0.197981
vt 0.513506 0.035208
vt 0.487570 0.005572
vt 0.486148 0.036551
vt 0.135315 0.198599
vt 0.913994 0.006785
vt 0.919885 0.035208
vt 0.478307 0.187407
vt 0.913743 0.005572
vt 0.920164 0.036551
vt 0.103341 0.171646
vt 0.484700 0.167786
vt 0.511805 0.006785
vt 0.486494 0.035208
vt 0.487570 0.005571
vt 0.913994 0.006785
vt 0.104316 0.173365
vt 0.521693 0.131326
vt 0.913743 0.005571
vt 0.919885 0.035208
vt 0.135879 0.148359
vt 0.513852 0.036551
vt 0.487570 0.005572
vt 0.486494 0.035208
vt 0.134650 0.198058
vt 0.913994 0.006785
vt 0.920164 0.036551
vt 0.187407 0.197873
vt 0.913743 0.005572
vt 0.135980 0.199140
vt 0.919885 0.035208
vt 0.511805 0.006785
vt 0.486494 0.035208
vt 0.913994 0.006785
vt 0.104316 0.173365
vt 0.919885 0.035208
vt 0.134556 0.197981
vt 0.484700 0.167786
vt 0.513852 0.036551
vt 0.487570 0.005572
vt 0.486494 0.035208
vt 0.134651 0.198058
vt 0.913994 0.006785
vt 0.920164 0.036551
vt 0.913743 0.005572
vt 0.135980 0.199140
vt 0.919885 0.035208
vt 0.135879 0.148359
vt 0.513852 0.036551
vt 0.486494 0.035208
vt 0.487570 0.005571
vt 0.913994 0.006784
vt 0.104316 0.173365
vt 0.913743 0.005571
vt 0.134556 0.197981
vt 0.135879 0.148359
vt 0.513852 0.036551
vt 0.487570 0.005572
vt 0.486494 0.035208
vt 0.134650 0.198058
vt 0.920164 0.036551
vt 0.131327 0.152224
vt 0.913743 0.005572
vt 0.135980 0.199140
vt 0.919885 0.035208
vt 0.135879 0.148359
vt 0.103341 0.171646
vt 0.111210 0.150441
vt 0.484700 0.167786
vt 0.511806 0.006784
vt 0.486494 0.035208
vt 0.487570 0.005571
vt 0.913994 0.006784
vt 0.104315 0.173365
vt 0.463845 0.152224
vt 0.521693 0.152225
vt 0.913742 0.005571
vt 0.919885 0.035208
vt 0.135879 0.148359
vt 0.484700 0.168713
vt 0.104252 0.165637
vt 0.105712 0.148359
vt 0.111760 0.148359
vt 0.104293 0.165614
vt 0.111774 0.148359
vt 0.105712 0.148359
vt 0.484700 0.102835
vt 0.515300 0.100718
vt 0.515300 0.100718
vt 0.104293 0.165614
vt 0.111760 0.148359
vt 0.515300 0.100718
vt 0.484700 0.102835
vt 0.515300 0.100718
vt 0.515300 0.100718
vt 0.484700 0.102835
vt 0.515300 0.100718
vt 0.484700 0.157545
vt 0.104252 0.165637
vt 0.105712 0.148359
vt 0.111760 0.148359
vt 0.104340 0.148359
vt 0.105599 0.164903
vt 0.104340 0.148359
vt 0.111774 0.148359
vt 0.104341 0.148359
vt 0.105600 0.164903
vt 0.111761 0.148359
vt 0.104340 0.148359
vt 0.111774 0.148359
vt 0.104340 0.148359
vt 0.105600 0.164903
vt 0.111760 0.148359
vt 0.104341 0.148359
vt 0.111774 0.148359
vt 0.104340 0.148359
vt 0.105600 0.164903
vt 0.104341 0.148359
vt 0.111774 0.148359
vt 0.105600 0.164903
vt 0.111760 0.148359
vt 0.104341 0.148359
vt 0.105600 0.164903
vt 0.111774 0.148359
vt 0.511805 0.006785
vt 0.486494 0.035208
vt 0.135315 0.198599
vt 0.913994 0.006785
vt 0.500000 0.208305
vt 0.919885 0.035208
vt 0.105619 0.174427
vt 0.134556 0.197981
vt 0.513506 0.035208
vt 0.487570 0.005572
vt 0.486148 0.036551
vt 0.919885 0.035208
vt 0.913743 0.005572
vt 0.920164 0.036551
vt 0.515300 0.166860
vt 0.511805 0.006785
vt 0.486148 0.036551
vt 0.135315 0.198599
vt 0.920164 0.036551
vt 0.105619 0.174427
vt 0.513852 0.036551
vt 0.486494 0.035208
vt 0.913994 0.006785
vt 0.920164 0.036551
vt 0.919885 0.035208
vt 0.515300 0.166860
vt 0.511805 0.006785
vt 0.486494 0.035208
vt 0.134650 0.198058
vt 0.913994 0.006785
vt 0.104316 0.173365
vt 0.135980 0.199140
vt 0.919885 0.035208
vt 0.105619 0.174427
vt 0.513852 0.036551
vt 0.920164 0.036551
vt 0.515300 0.166860
vt 0.511805 0.006785
vt 0.486494 0.035208
vt 0.487570 0.005572
vt 0.913994 0.006785
vt 0.913743 0.005572
vt 0.919885 0.035208
vt 0.104290 0.173344
vt 0.103341 0.172109
vt 0.105619 0.174427
vt 0.134556 0.197981
vt 0.513852 0.036551
vt 0.487570 0.005572
vt 0.486494 0.035208
vt 0.920164 0.036551
vt 0.131326 0.152225
vt 0.913743 0.005572
vt 0.919885 0.035208
vt 0.511805 0.006785
vt 0.486494 0.035208
vt 0.487570 0.005572
vt 0.913994 0.006785
vt 0.512052 0.131326
vt 0.913743 0.005572
vt 0.919885 0.035208
vt 0.104290 0.173344
vt 0.103341 0.172109
vt 0.105619 0.174427
vt 0.135879 0.148359
vt 0.913994 0.006785
vt 0.920164 0.036551
vt 0.919885 0.035208
vt 0.135879 0.148359
vt 0.511805 0.006785
vt 0.486494 0.035208
vt 0.913994 0.006785
vt 0.104316 0.173365
vt 0.536155 0.197873
vt 0.478307 0.197873
vt 0.135980 0.199140
vt 0.919885 0.035208
vt 0.105619 0.174427
vt 0.135879 0.148359
vt 0.913994 0.006784
vt 0.920164 0.036551
vt 0.187407 0.197873
vt 0.913743 0.005572
vt 0.919885 0.035208
vt 0.135879 0.148359
vt 0.515300 0.166860
vt 0.104204 0.165662
vt 0.105712 0.148359
vt 0.484700 0.157536
vt 0.104252 0.165637
vt 0.105712 0.148359
vt 0.104252 0.165637
vt 0.105712 0.148359
vt 0.104293 0.165614
vt 0.105712 0.148359
vt 0.104252 0.165637
vt 0.105712 0.148359
vt 0.104204 0.165663
vt 0.104341 0.148359
vt 0.104341 0.148359
vt 0.134650 0.198058
vt 0.135980 0.199140
vt 0.513506 0.035208
vt 0.486148 0.036551
vt 0.919885 0.035208
vt 0.920164 0.036551
vt 0.487949 0.187407
vt 0.486148 0.036551
vt 0.131326 0.152225
vt 0.513852 0.036551
vt 0.487570 0.005572
vt 0.486494 0.035208
vt 0.920164 0.036551
vt 0.478307 0.197873
vt 0.536155 0.197873
vt 0.919885 0.035208
vt 0.104252 0.165637
vt 0.104293 0.165614
vt 0.111774 0.148359
vt 0.108083 0.163551
vt 0.104120 0.165708
vt 0.135879 0.148359
vt 0.511805 0.006785
vt 0.486494 0.035208
vt 0.487570 0.005571
vt 0.913994 0.006785
vt 0.913743 0.005571
vt 0.919885 0.035208
vt 0.513852 0.036551
vt 0.486494 0.035208
vt 0.487570 0.005571
vt 0.913994 0.006784
vt 0.913743 0.005571
vt 0.919885 0.035208
vt 0.104290 0.173344
vt 0.103341 0.172109
vt 0.104252 0.165637
vt 0.105712 0.148359
vt 0.104293 0.165614
vt 0.105712 0.148359
vt 0.484700 0.157536
vt 0.486178 0.104460
vt 0.512520 0.134122
vt 0.513201 0.104728
vt 0.108083 0.176432
vt 0.135979 0.148359
vt 0.104460 0.148359
vt 0.132187 0.196052
vt 0.914512 0.009286
vt 0.919404 0.032887
vt 0.500000 0.208305
vt 0.463845 0.197873
vt 0.536155 0.152225
vt 0.512520 0.914512
vt 0.913743 0.005572
vt 0.920139 0.036435
vt 0.513507 0.919404
vt 0.515300 0.203770
vt 0.512520 0.148359
vt 0.132185 0.148359
vt 0.104290 0.173344
vt 0.108083 0.148359
vt 0.515300 0.168713
vt 0.487570 0.135979
vt 0.513506 0.105712
vt 0.512520 0.134122
vt 0.135979 0.148359
vt 0.132185 0.196051
vt 0.108084 0.176433
vt 0.500000 0.085678
vt 0.512520 0.914512
vt 0.920139 0.036435
vt 0.513507 0.919404
vt 0.513506 0.148359
vt 0.486178 0.104460
vt 0.512520 0.134121
vt 0.513506 0.105712
vt 0.104460 0.148359
vt 0.913743 0.005572
vt 0.920139 0.036435
vt 0.513506 0.919404
vt 0.513506 0.105712
vt 0.512520 0.134122
vt 0.463845 0.253953
vt 0.536155 0.208305
vt 0.463845 0.085678
vt 0.913743 0.005572
vt 0.920139 0.036434
vt 0.513506 0.919404
vt 0.513506 0.148359
vt 0.486178 0.104460
vt 0.104460 0.148359
vt 0.536155 0.085678
vt 0.913743 0.005572
vt 0.920139 0.036435
vt 0.513506 0.919404
vt 0.487570 0.148359
vt 0.104290 0.173344
vt 0.513201 0.104728
vt 0.512520 0.134122
vt 0.512520 0.007390
vt 0.486178 0.036435
vt 0.487570 0.005571
vt 0.913743 0.005571
vt 0.513201 0.148359
vt 0.513506 0.105712
vt 0.135979 0.148359
vt 0.463845 0.152225
vt 0.913743 0.005572
vt 0.920140 0.036435
vt 0.487570 0.135979
vt 0.513506 0.105712
vt 0.512520 0.134121
vt 0.135979 0.148359
vt 0.512520 0.007390
vt 0.486178 0.036434
vt 0.487570 0.005572
vt 0.463845 0.197873
vt 0.913743 0.005572
vt 0.920139 0.036434
vt 0.486178 0.104460
vt 0.513506 0.105712
vt 0.135979 0.148359
vt 0.104460 0.148359
vt 0.512520 0.914512
vt 0.913743 0.005572
vt 0.920139 0.036435
vt 0.487570 0.135979
vt 0.513506 0.105712
vt 0.512520 0.134122
vt 0.135979 0.148359
vt 0.512520 0.007390
vt 0.486494 0.035208
vt 0.487570 0.005571
vt 0.913742 0.005571
vt 0.486494 0.919404
vt 0.486178 0.104460
vt 0.512520 0.134122
vt 0.513506 0.105712
vt 0.135979 0.148359
vt 0.104460 0.148359
vt 0.913743 0.005572
vt 0.920139 0.036435
vt 0.487570 0.135979
vt 0.513506 0.105712
vt 0.512520 0.134122
vt 0.135979 0.148359
vt 0.512520 0.007390
vt 0.486494 0.035208
vt 0.487570 0.005571
vt 0.536155 0.152225
vt 0.913742 0.005571
vt 0.486494 0.919404
vt 0.135979 0.148359
vt 0.500000 0.208305
vt 0.488048 0.914512
vt 0.511769 0.914512
vt 0.895957 0.037746
vt 0.515300 0.886473
vt 0.512520 0.148359
vt 0.486494 0.148359
vt 0.486494 0.105712
vt 0.513822 0.104460
vt 0.488048 0.914512
vt 0.511769 0.914512
vt 0.914834 0.010836
vt 0.484700 0.886473
vt 0.104460 0.148359
vt 0.486494 0.148359
vt 0.486494 0.105712
vt 0.513822 0.104460
vt 0.104290 0.173344
vt 0.892302 0.042236
vt 0.486799 0.104728
vt 0.513822 0.104460
vt 0.512520 0.134122
vt 0.488268 0.914512
vt 0.914926 0.011284
vt 0.487570 0.148359
vt 0.104460 0.148359
vt 0.486799 0.148359
vt 0.104290 0.173344
vt 0.488268 0.914512
vt 0.104460 0.148359
vt 0.486799 0.104728
vt 0.513822 0.104460
vt 0.512520 0.134122
vt 0.135979 0.148359
vt 0.914927 0.011284
vt 0.104460 0.148359
vt 0.487570 0.148359
vt 0.104460 0.148359
vt 0.486494 0.105712
vt 0.512520 0.134122
vt 0.914834 0.010836
vt 0.487570 0.148359
vt 0.486494 0.105712
vt 0.513822 0.104459
vt 0.488268 0.914512
vt 0.104459 0.148359
vt 0.486494 0.105712
vt 0.513822 0.104460
vt 0.512520 0.134122
vt 0.914834 0.010836
vt 0.104460 0.148359
vt 0.135979 0.148359
vt 0.463845 0.197873
vt 0.536155 0.152224
vt 0.488048 0.914512
vt 0.486494 0.105712
vt 0.513822 0.104460
vt 0.512308 0.134950
vt 0.511769 0.914512
vt 0.914721 0.010294
vt 0.104460 0.148359
vt 0.487570 0.135979
vt 0.513201 0.104728
vt 0.512520 0.007390
vt 0.486494 0.035208
vt 0.487570 0.005572
vt 0.913743 0.005572
vt 0.486494 0.919404
vt 0.486178 0.104460
vt 0.513506 0.105712
vt 0.104460 0.148359
vt 0.913743 0.005571
vt 0.487570 0.135979
vt 0.513506 0.105712
vt 0.512520 0.007390
vt 0.486178 0.036435
vt 0.487570 0.005572
vt 0.913743 0.005572
vt 0.913743 0.005572
vt 0.920139 0.036434
vt 0.487570 0.135979
vt 0.513201 0.104728
vt 0.135979 0.148359
vt 0.512520 0.007390
vt 0.486178 0.036435
vt 0.920139 0.036435
vt 0.513506 0.919404
vt 0.513506 0.035208
vt 0.487570 0.005572
vt 0.512520 0.914512
vt 0.513506 0.105712
vt 0.512520 0.007390
vt 0.487570 0.005572
vt 0.920139 0.036435
vt 0.920139 0.036435
vt 0.487570 0.135979
vt 0.513506 0.105712
vt 0.135979 0.148359
vt 0.512520 0.007390
vt 0.486178 0.036435
vt 0.920139 0.036435
vt 0.513507 0.919404
vt 0.486781 0.148359
vt 0.104460 0.148359
vt 0.513506 0.105712
vt 0.512520 0.134121
vt 0.512520 0.007390
vt 0.486178 0.036435
vt 0.487570 0.005572
vt 0.913743 0.005572
vt 0.920140 0.036435
vt 0.513506 0.919404
vt 0.486781 0.148359
vt 0.104460 0.148359
vt 0.513822 0.036434
vt 0.486494 0.035208
vt 0.920139 0.036434
vt 0.486494 0.105712
vt 0.513822 0.104460
vt 0.914834 0.010836
vt 0.513219 0.148359
vt 0.914721 0.010294
vt 0.486494 0.105712
vt 0.513219 0.103595
vt 0.513219 0.148359
vt 0.486799 0.104728
vt 0.513822 0.104460
vt 0.914721 0.010294
vt 0.104460 0.148359
vt 0.486494 0.105712
vt 0.513822 0.104460
vt 0.914721 0.010294
vt 0.488268 0.914512
vt 0.487570 0.148359
vt 0.104460 0.148359
vt 0.513822 0.104460
vt 0.914721 0.010294
vt 0.486494 0.105712
vt 0.513822 0.104460
vt 0.486494 0.148359
vt 0.486494 0.105712
vt 0.512520 0.134121
vt 0.135979 0.148359
vt 0.914834 0.010837
vt 0.486494 0.148359
vt 0.486494 0.105712
vt 0.513822 0.104460
vt 0.512308 0.148359
vt 0.892302 0.042236
vt 0.914830 0.010820
vt 0.914830 0.010820
vt 0.914830 0.010820
vt 0.914830 0.010820
vt 0.892302 0.042236
vt 0.914830 0.010820
vt 0.914830 0.010820
vt 0.892302 0.042236
vt 0.914830 0.010819
vt 0.914830 0.010820
vt 0.914830 0.010820
vt 0.892302 0.042236
vt 0.914830 0.010820
vt 0.914830 0.010820
vt 0.892302 0.042236
vt 0.914830 0.010820
vt 0.487570 0.135979
vt 0.513202 0.104728
vt 0.512308 0.134950
vt 0.512520 0.007390
vt 0.486178 0.036434
vt 0.487570 0.005572
vt 0.920139 0.036434
vt 0.920139 0.036434
vt 0.913743 0.005572
vt 0.512520 0.134121
vt 0.512520 0.007390
vt 0.486494 0.035208
vt 0.487570 0.005572
vt 0.913743 0.005572
vt 0.486494 0.919404
vt 0.486178 0.104460
vt 0.513201 0.104728
vt 0.512520 0.914512
vt 0.913743 0.005572
vt 0.920139 0.036435
vt 0.512520 0.007390
vt 0.487570 0.005572
vt 0.913743 0.005572
vt 0.486781 0.103595
vt 0.920139 0.036435
vt 0.513506 0.105712
vt 0.512520 0.007390
vt 0.512520 0.134122
vt 0.920139 0.036435
vt 0.487570 0.135979
vt 0.512520 0.007390
vt 0.513506 0.035208
vt 0.920140 0.036435
vt 0.104460 0.148359
vt 0.913742 0.005572
vt 0.920139 0.036434
vt 0.512308 0.148359
vt 0.513506 0.105712
vt 0.512308 0.134950
vt 0.913743 0.005572
vt 0.920139 0.036435
vt 0.486178 0.104460
vt 0.512308 0.134950
vt 0.513506 0.105712
vt 0.104460 0.148359
vt 0.913742 0.005572
vt 0.487570 0.148359
vt 0.486494 0.105712
vt 0.914834 0.010836
vt 0.135979 0.148359
vt 0.914834 0.010837
vt 0.486494 0.105712
vt 0.512520 0.134122
vt 0.513822 0.104460
vt 0.486799 0.104728
vt 0.513219 0.103594
vt 0.914721 0.010294
vt 0.135979 0.148359
vt 0.914927 0.011284
vt 0.486494 0.105712
vt 0.914721 0.010294
vt 0.486494 0.105712
vt 0.135979 0.148359
vt 0.914834 0.010837
vt 0.513219 0.148359
vt 0.920139 0.036435
vt 0.512520 0.007390
vt 0.486178 0.036435
vt 0.487570 0.005572
vt 0.920140 0.036435
vt 0.513506 0.035208
vt 0.486178 0.036435
vt 0.920140 0.036435
vt 0.512520 0.007390
vt 0.513507 0.035208
vt 0.486178 0.036435
vt 0.920140 0.036435
vt 0.513506 0.035208
vt 0.512520 0.007390
vt 0.487570 0.005571
vt 0.913743 0.005571
vt 0.486781 0.148359
vt 0.913743 0.005572
vt 0.513506 0.105712
vt 0.486178 0.036434
vt 0.920139 0.036434
vt 0.104460 0.148359
vt 0.512308 0.148359
vt 0.486178 0.104460
vt 0.513506 0.105712
vt 0.512520 0.007390
vt 0.486494 0.035208
vt 0.487570 0.005571
vt 0.913742 0.005571
vt 0.486494 0.919404
vt 0.513506 0.035208
vt 0.487570 0.005572
vt 0.486178 0.036435
vt 0.487570 0.135979
vt 0.512520 0.007390
vt 0.486494 0.035208
vt 0.487570 0.005571
vt 0.913742 0.005571
vt 0.486494 0.919404
vt 0.104460 0.148359
vt 0.914834 0.010836
vt 0.513219 0.103594
vt 0.914834 0.010837
vt 0.914721 0.010294
vt 0.486494 0.105712
vt 0.513822 0.104460
vt 0.486494 0.105712
vt 0.513822 0.104460
vt 0.135979 0.148359
vt 0.914721 0.010294
vt 0.486494 0.105712
vt 0.513822 0.104459
vt 0.104459 0.148359
vt 0.487570 0.135979
vt 0.513822 0.104460
vt 0.914834 0.010836
vt 0.486494 0.105712
vt 0.512520 0.134122
vt 0.914721 0.010294
vt 0.914830 0.010819
vt 0.892302 0.042236
vt 0.914830 0.010820
vt 0.914830 0.010820
vt 0.914830 0.010820
vt 0.914830 0.010820
vt 0.892302 0.042236
vt 0.914830 0.010820
vt 0.892302 0.042236
vt 0.914830 0.010820
vt 0.914830 0.010820
vt 0.914830 0.010820
vt 0.914830 0.010820
vt 0.914830 0.010820
vt -0.005648 0.758169
vt -0.005648 1.361229
vt -0.230331 0.616696
vt -0.005648 0.687163
vt 1.005648 -0.361229
vt 1.017686 0.758169
vt 1.136546 -0.230331
vt 1.165609 0.758169
vt 1.165609 0.643147
vt -0.005648 0.488986
vt -0.005648 0.643147
vt -0.005648 0.241831
vt -0.017686 1.390292
vt -0.005648 0.616696
vt -0.005648 0.395993
vt -0.230331 0.488986
vt 1.230331 0.395993
vt -0.017686 1.390292
vt -0.005648 0.488986
vt -0.005648 0.709689
vt -0.230331 0.643147
vt -0.230331 0.687163
vt -0.242369 0.758169
vt 1.242369 0.758169
vt -0.136546 1.230331
vt -0.165609 0.758169
vt -0.165609 0.643147
vt -0.005648 0.758169
vt 1.005648 0.488986
vt 1.011667 1.375761
vt 1.017686 -0.390292
vt -0.005648 -0.361229
vt -0.136546 0.241831
vt -0.017686 0.643147
vt -0.017686 0.758169
vt 1.136546 0.488986
vt 0.502865 0.803289
vt 0.500000 0.782296
vt 0.504818 0.782546
vt 0.497135 0.803289
vt 0.495183 0.782546
vt 0.504818 0.782017
vt 0.495183 0.782296
vt 0.507833 0.552658
vt 0.492167 0.552657
vt 0.507833 0.552655
vt 0.500713 0.552659
vt 0.492167 0.552658
vt 0.507833 0.409958
vt 0.500000 0.409962
vt 0.492167 0.409958
vt 0.507833 0.409967
vt 0.492167 0.409962
vt 0.507481 0.372243
vt 0.501113 0.372174
vt 0.507357 0.372469
vt 0.492519 0.372243
vt 0.492656 0.372494
vt 0.512007 0.204990
vt 0.487671 0.202019
vt 0.511873 0.204939
vt 0.488127 0.204939
vt 0.512620 0.202286
vt 0.487993 0.204990
vt 0.513577 0.513577
vt 0.486424 0.486424
vt 0.486424 0.513577
vt 0.468581 0.628001
vt 0.526888 0.371999
vt 0.468581 0.371999
vt 0.526888 0.628001
vt 0.468581 0.514934
vt 0.526888 0.455200
vt 0.526888 0.544800
vt 0.541133 0.624333
vt 0.458880 0.375679
vt 0.541858 0.374942
vt 0.468581 0.514934
vt 0.541133 0.624333
vt 0.546272 0.300705
vt 0.453728 0.699295
vt 0.453728 0.300705
vt 0.546272 0.689438
vt 0.453728 0.321921
vt 0.453728 0.689438
vt 0.689438 0.449904
vt 0.321921 0.435275
vt 0.689438 0.435275
vt 0.458944 0.321921
vt 0.541056 0.689438
vt 0.458944 0.689438
vt 0.525462 0.355324
vt 0.474538 0.335970
vt 0.474538 0.374679
vt 0.525952 0.386770
vt 0.531731 0.617022
vt 0.524281 0.621722
vt 0.478133 0.391236
vt 0.521089 0.384750
vt 0.479491 0.378278
vt 0.528261 0.621722
vt 0.471739 0.378278
vt 0.528261 0.378278
vt 0.524281 0.378278
vt 0.525448 0.618966
vt 0.527992 0.391236
vt 0.471739 0.615701
vt 0.526831 0.615701
vt 0.543713 0.391236
vt 0.548183 0.615702
vt 0.516041 0.548183
vt 0.478764 0.536355
vt 0.525075 0.526831
vt 0.485454 0.391236
vt 0.514546 0.615701
vt 0.514546 0.391236
vt 0.474925 0.391236
vt 0.525075 0.615701
vt 0.474925 0.615701
vt 0.450133 0.592497
vt 0.526531 0.598353
vt 0.526531 0.586643
vt 0.494145 0.526531
vt 0.500000 0.450133
vt 0.502455 0.526531
vt 0.493003 0.505800
vt 0.484449 0.526531
vt 0.515551 0.520589
vt 0.521327 0.544933
vt 0.483606 0.549867
vt 0.528261 0.524281
vt 0.477367 0.543628
vt 0.516394 0.549867
vt 0.471739 0.524281
vt 0.535488 0.382093
vt 0.528261 0.378278
vt 0.471739 0.621722
vt 0.471739 0.378278
vt 0.524813 0.620464
vt 0.471739 0.391236
vt 0.483960 0.548183
vt 0.521236 0.536355
vt 0.474925 0.526831
vt 0.485454 0.391236
vt 0.514546 0.615701
vt 0.514546 0.391236
vt 0.536471 0.615701
vt 0.526831 0.391236
vt 0.543713 0.615701
vt 0.548183 0.391236
vt 0.515551 0.511743
vt 0.484449 0.505800
vt 0.493003 0.526531
vt 0.321921 0.441765
vt 0.476184 0.321921
vt 0.493804 0.689438
vt 0.523816 0.321921
vt 0.500000 0.581648
vt 0.509587 0.456560
vt 0.490413 0.456560
vt 0.479953 0.458306
vt 0.650030 0.557294
vt 0.483922 0.451871
vt 0.500000 0.647381
vt 0.500447 0.479953
vt 0.499553 0.479953
vt 0.528261 0.524281
vt 0.479491 0.545752
vt 0.521055 0.545206
vt 0.535217 0.386542
vt 0.505452 0.549867
vt 0.471739 0.528074
vt 0.528261 0.524281
vt 0.528261 0.378278
vt 0.471739 0.621722
vt 0.471739 0.527992
vt 0.523912 0.537985
vt 0.485454 0.615701
vt 0.538121 0.615701
vt 0.528261 0.621722
vt 0.471739 0.378278
vt 0.529467 0.391236
vt 0.516394 0.549867
vt 0.528261 0.528367
vt 0.479023 0.543754
vt 0.525556 0.618712
vt 0.528140 0.615701
vt 0.536355 0.391236
vt 0.544239 0.615701
vt 0.491725 0.615701
vt 0.450133 0.592498
vt 0.505855 0.526531
vt 0.500000 0.450133
vt 0.497546 0.526531
vt 0.525465 0.487756
vt 0.465007 0.591633
vt 0.529415 0.490192
vt 0.500000 0.590014
vt 0.500273 0.487756
vt 0.499727 0.487756
vt 0.497201 0.526531
vt 0.431976 0.287773
vt 0.568028 0.151721
vt 0.431976 0.151721
vt 0.568028 0.287773
vt 0.877294 0.029685
vt 0.869113 0.000000
vt 0.898798 0.008907
vt 0.113969 0.022391
vt 0.365917 0.900140
vt 0.377351 0.900140
vt 0.370964 0.891627
vt 0.118606 0.013879
vt 0.382398 0.891627
vt 0.105512 0.938183
vt 0.126910 0.960490
vt 0.131170 0.928672
vt 0.327333 1.000000
vt 0.423945 0.903389
vt 0.327333 0.903389
vt 0.423945 1.000000
vt 0.490662 0.467759
vt 0.491702 0.389953
vt 0.492004 0.467636
vt 0.529907 0.381447
vt 0.540823 0.467759
vt 0.542160 0.467636
vt 0.490482 0.390094
vt 0.489441 0.467636
vt 0.490783 0.467512
vt 0.528648 0.381894
vt 0.503612 0.347505
vt 0.530395 0.381237
vt 0.502257 0.346870
vt 0.503999 0.345968
vt 0.494964 0.504006
vt 0.495062 0.502197
vt 0.489514 0.502448
vt 0.471195 0.351933
vt 0.464255 0.467635
vt 0.466027 0.467713
vt 0.464642 0.467558
vt 0.473649 0.346634
vt 0.466414 0.467635
vt 0.533999 0.352620
vt 0.542482 0.467558
vt 0.540711 0.467635
vt 0.474625 0.339478
vt 0.469330 0.352615
vt 0.528080 0.345723
vt 0.511355 0.336989
vt 0.531978 0.351933
vt 0.507697 0.337554
vt 0.470081 0.467759
vt 0.475129 0.381093
vt 0.468312 0.467636
vt 0.536582 0.386999
vt 0.542671 0.467759
vt 0.544439 0.467636
vt 0.470470 0.467636
vt 0.468700 0.467512
vt 0.484818 0.346933
vt 0.475354 0.386999
vt 0.510622 0.346856
vt 0.509235 0.347649
vt 0.531073 0.379166
vt 0.510113 0.347505
vt 0.533552 0.380314
vt 0.471729 0.549270
vt 0.463308 0.664478
vt 0.466639 0.664623
vt 0.464035 0.664332
vt 0.472793 0.547652
vt 0.467367 0.664478
vt 0.534192 0.549400
vt 0.543430 0.664332
vt 0.540100 0.664478
vt 0.474076 0.537722
vt 0.467912 0.550147
vt 0.474595 0.534971
vt 0.468871 0.548652
vt 0.533914 0.547652
vt 0.519145 0.536847
vt 0.531164 0.549270
vt 0.478295 0.535743
vt 0.509063 0.533329
vt 0.524057 0.534267
vt 0.524122 0.537600
vt 0.507983 0.530711
vt 0.520104 0.534284
vt 0.507375 0.534183
vt 0.470690 0.664711
vt 0.473999 0.577362
vt 0.467362 0.664478
vt 0.532578 0.577746
vt 0.541724 0.664711
vt 0.545049 0.664478
vt 0.474888 0.576214
vt 0.471421 0.664478
vt 0.468094 0.664245
vt 0.477213 0.578249
vt 0.487163 0.544960
vt 0.484589 0.544164
vt 0.478076 0.577242
vt 0.510156 0.544960
vt 0.534599 0.576214
vt 0.531548 0.577362
vt 0.498758 0.467713
vt 0.499799 0.354410
vt 0.500100 0.467635
vt 0.531119 0.354228
vt 0.538849 0.467713
vt 0.540189 0.467635
vt 0.498578 0.355458
vt 0.497537 0.467635
vt 0.498880 0.467558
vt 0.517129 0.339021
vt 0.531361 0.353278
vt 0.514525 0.337073
vt 0.516334 0.339902
vt 0.531523 0.351835
vt 0.502873 0.337463
vt 0.502886 0.336261
vt 0.503158 0.335957
vt 0.500610 0.335625
vt 0.494075 0.467759
vt 0.495115 0.389953
vt 0.495417 0.467636
vt 0.527933 0.381447
vt 0.538849 0.467759
vt 0.540185 0.467636
vt 0.493895 0.390094
vt 0.492854 0.467636
vt 0.494196 0.467512
vt 0.526673 0.381895
vt 0.501638 0.347505
vt 0.528421 0.381237
vt 0.500283 0.346870
vt 0.502024 0.345968
vt 0.498378 0.502031
vt 0.498475 0.500223
vt 0.492927 0.500473
vt 0.498758 0.664959
vt 0.499799 0.551656
vt 0.500100 0.664882
vt 0.531119 0.551475
vt 0.538849 0.664959
vt 0.540189 0.664882
vt 0.498578 0.552704
vt 0.497537 0.664882
vt 0.498880 0.664804
vt 0.517132 0.536269
vt 0.531361 0.550525
vt 0.514524 0.534320
vt 0.516338 0.537149
vt 0.531524 0.549082
vt 0.502872 0.534709
vt 0.502886 0.533507
vt 0.503158 0.533203
vt 0.500610 0.532872
vt 0.494075 0.665006
vt 0.495115 0.587200
vt 0.495417 0.664882
vt 0.527935 0.578692
vt 0.538851 0.665006
vt 0.540188 0.664882
vt 0.493895 0.587341
vt 0.492854 0.664882
vt 0.494196 0.664758
vt 0.526675 0.579140
vt 0.501641 0.544751
vt 0.528423 0.578482
vt 0.500286 0.544116
vt 0.502027 0.543214
vt 0.498378 0.502034
vt 0.498475 0.500225
vt 0.492927 0.500476
vt 0.490657 0.665006
vt 0.491697 0.587201
vt 0.491999 0.664882
vt 0.529908 0.578692
vt 0.540824 0.665006
vt 0.542161 0.664882
vt 0.490477 0.587341
vt 0.489436 0.664882
vt 0.490778 0.664758
vt 0.528648 0.579140
vt 0.503613 0.544751
vt 0.530395 0.578482
vt 0.502258 0.544116
vt 0.504000 0.543214
vt 0.494960 0.504007
vt 0.495057 0.502198
vt 0.489509 0.502449
vt 0.456512 0.664904
vt 0.463314 0.550678
vt 0.454786 0.664827
vt 0.468735 0.550375
vt 0.466351 0.664904
vt 0.464624 0.664827
vt 0.466905 0.664827
vt 0.469196 0.550612
vt 0.465178 0.664750
vt 0.475679 0.536069
vt 0.470465 0.550609
vt 0.474483 0.536868
vt 0.463685 0.550375
vt 0.461798 0.550612
vt 0.470939 0.550747
vt 0.484643 0.533407
vt 0.489448 0.534746
vt 0.484100 0.534747
vt 0.486950 0.489022
vt 0.477599 0.476769
vt 0.476325 0.477583
vt 0.488123 0.533558
vt 0.483910 0.532188
vt 0.483367 0.533528
vt 0.458854 0.664951
vt 0.467875 0.580692
vt 0.457131 0.664827
vt 0.462520 0.578476
vt 0.458350 0.664951
vt 0.457446 0.664765
vt 0.458906 0.664827
vt 0.463085 0.578801
vt 0.490746 0.544696
vt 0.472372 0.567900
vt 0.477019 0.544065
vt 0.463535 0.581952
vt 0.490853 0.543159
vt 0.469121 0.578476
vt 0.466265 0.578512
vt 0.128803 0.983496
vt 0.272895 0.761977
vt 0.124267 0.761977
vt 0.848806 0.110363
vt 0.151223 0.889533
vt 0.796456 0.941885
vt 0.275922 0.983496
vt 0.131830 0.761977
vt 0.280458 0.761977
vt 0.202333 0.983496
vt 0.246056 0.761977
vt 0.158669 0.761977
vt 0.202391 0.983496
vt 0.158669 0.761977
vt 0.502065 0.803089
vt 0.499747 0.782341
vt 0.504818 0.782295
vt 0.497935 0.803089
vt 0.495183 0.782295
vt 0.504818 0.782295
vt 0.495183 0.782341
vt 0.492167 0.552654
vt 0.507833 0.552659
vt 0.500712 0.552659
vt 0.507833 0.409961
vt 0.500708 0.409962
vt 0.492167 0.409962
vt 0.507833 0.409962
vt 0.492167 0.409961
vt 0.492710 0.372591
vt 0.507703 0.371839
vt 0.507481 0.372243
vt 0.492518 0.372243
vt 0.501678 0.372088
vt 0.512084 0.204462
vt 0.487733 0.202077
vt 0.512084 0.204464
vt 0.487916 0.204464
vt 0.512564 0.202260
vt 0.487916 0.204462
vt 0.455200 0.628001
vt 0.544800 0.371999
vt 0.455200 0.371999
vt 0.541408 0.624609
vt 0.458892 0.375692
vt 0.541847 0.374953
vt 0.541442 0.624642
vt 0.458880 0.375679
vt 0.541860 0.374940
vt 0.453728 0.460245
vt 0.453728 0.447130
vt 0.473159 0.418352
vt 0.300705 0.460245
vt 0.699295 0.460245
vt 0.316736 0.447130
vt 0.453728 0.699295
vt 0.526841 0.418352
vt 0.689438 0.450792
vt 0.321921 0.418352
vt 0.689438 0.431451
vt 0.541056 0.321921
vt 0.511674 0.490503
vt 0.525462 0.456560
vt 0.474538 0.466483
vt 0.532146 0.385696
vt 0.532619 0.617261
vt 0.536660 0.615701
vt 0.502617 0.526531
vt 0.515551 0.505800
vt 0.484449 0.516166
vt 0.515551 0.520149
vt 0.484449 0.411638
vt 0.515551 0.399817
vt 0.515551 0.423459
vt 0.471739 0.524281
vt 0.520286 0.545975
vt 0.480098 0.544352
vt 0.528261 0.524281
vt 0.471739 0.526838
vt 0.471739 0.621722
vt 0.526018 0.617621
vt 0.537880 0.615701
vt 0.542847 0.615701
vt 0.548002 0.391236
vt 0.493142 0.505800
vt 0.515551 0.520657
vt 0.650018 0.557314
vt 0.485253 0.449714
vt 0.532145 0.385696
vt 0.529703 0.619460
vt 0.535286 0.382199
vt 0.525770 0.618207
vt 0.500207 0.450133
vt 0.484449 0.516965
vt 0.515551 0.526531
vt 0.529937 0.391236
vt 0.530731 0.616963
vt 0.528261 0.524281
vt 0.528261 0.530731
vt 0.503226 0.549867
vt 0.528261 0.621722
vt 0.471739 0.378278
vt 0.960490 0.029685
vt 0.934782 0.014842
vt 0.960490 0.000000
vt 0.128898 0.927361
vt 0.126910 0.960490
vt 0.108837 0.950055
vt 0.141759 0.065218
vt 0.119810 0.043614
vt 0.111644 0.072426
vt 0.548308 1.000000
vt 0.451696 0.951693
vt 0.548308 0.903389
vt 0.423945 0.548308
vt 0.327333 0.451696
vt 0.327333 0.548308
vt 0.423945 0.451696
vt 0.491702 0.388594
vt 0.532815 0.389289
vt 0.490035 0.386098
vt 0.531350 0.381974
vt 0.502888 0.347562
vt 0.528727 0.378884
vt 0.469761 0.353374
vt 0.534885 0.353739
vt 0.540327 0.467713
vt 0.542098 0.467635
vt 0.534916 0.352610
vt 0.522307 0.338958
vt 0.533096 0.353903
vt 0.469359 0.352610
vt 0.475829 0.340866
vt 0.470927 0.353739
vt 0.533140 0.352846
vt 0.521627 0.337651
vt 0.521375 0.340128
vt 0.505455 0.481005
vt 0.520911 0.478995
vt 0.520432 0.477721
vt 0.508052 0.336367
vt 0.520615 0.338809
vt 0.474729 0.381401
vt 0.534048 0.380502
vt 0.543052 0.467636
vt 0.544820 0.467512
vt 0.476468 0.381706
vt 0.484725 0.345995
vt 0.510011 0.346112
vt 0.532212 0.381706
vt 0.532539 0.381401
vt 0.510889 0.345968
vt 0.485619 0.346733
vt 0.489691 0.347649
vt 0.489467 0.346040
vt 0.469569 0.550431
vt 0.530066 0.544139
vt 0.539378 0.664623
vt 0.542709 0.664478
vt 0.529762 0.542409
vt 0.507379 0.534202
vt 0.529077 0.544849
vt 0.503531 0.482443
vt 0.521597 0.479904
vt 0.520358 0.477704
vt 0.473780 0.578292
vt 0.534896 0.576914
vt 0.542440 0.664478
vt 0.545764 0.664245
vt 0.477008 0.579072
vt 0.484467 0.545468
vt 0.509325 0.543608
vt 0.531385 0.579072
vt 0.531927 0.578292
vt 0.511616 0.542069
vt 0.499799 0.355664
vt 0.529198 0.350955
vt 0.498578 0.354783
vt 0.505406 0.337548
vt 0.530087 0.351479
vt 0.514379 0.336344
vt 0.530927 0.350296
vt 0.500615 0.335619
vt 0.513941 0.338119
vt 0.503158 0.335828
vt 0.495115 0.388594
vt 0.530841 0.389290
vt 0.493448 0.386098
vt 0.529376 0.381974
vt 0.500913 0.347562
vt 0.526753 0.378884
vt 0.499799 0.552909
vt 0.529199 0.548202
vt 0.498578 0.552029
vt 0.505406 0.534794
vt 0.530087 0.548725
vt 0.514380 0.533591
vt 0.530927 0.547543
vt 0.500615 0.532865
vt 0.513940 0.535366
vt 0.503158 0.533074
vt 0.495115 0.585842
vt 0.530844 0.586536
vt 0.493448 0.583344
vt 0.529377 0.579218
vt 0.500916 0.544808
vt 0.526754 0.576129
vt 0.491697 0.585842
vt 0.532817 0.586536
vt 0.490030 0.583344
vt 0.531350 0.579218
vt 0.502889 0.544808
vt 0.528727 0.576129
vt 0.462435 0.550580
vt 0.469582 0.550585
vt 0.461795 0.550612
vt 0.455962 0.664827
vt 0.454236 0.664750
vt 0.464234 0.550620
vt 0.474904 0.536753
vt 0.474183 0.535211
vt 0.463616 0.550548
vt 0.470973 0.550580
vt 0.474333 0.537060
vt 0.469194 0.550612
vt 0.489967 0.484875
vt 0.477475 0.476697
vt 0.476401 0.477627
vt 0.485369 0.533558
vt 0.488617 0.533095
vt 0.485061 0.532186
vt 0.466924 0.578696
vt 0.458043 0.664765
vt 0.462458 0.578770
vt 0.456625 0.664827
vt 0.458307 0.664827
vt 0.469484 0.579241
vt 0.477022 0.544070
vt 0.464140 0.579241
vt 0.469014 0.578770
vt 0.490228 0.481545
vt 0.488722 0.480550
vt 0.492555 0.477502
vt 0.132203 0.983496
vt 0.263587 0.761977
vt 0.130798 0.761977
vt 0.272826 0.983496
vt 0.141137 0.761977
vt 0.273927 0.761977
vt 0.212872 0.983496
vt 0.191853 0.983496
vt 1.199773 -1.691770
vt 1.199773 2.691770
vt -0.199773 -1.691770
vt 0.015509 -1.691770
vt -0.109913 2.691770
vt -0.109913 -1.691770
vt -0.199773 -1.691770
vt -0.199773 2.691770
vt 1.199773 2.691770
vt 1.109913 2.691770
vt 0.984492 2.691770
vt 0.984492 -1.691770
vt 0.015509 2.691770
vt 0.015508 -1.691770
vt 0.984492 -1.691770
vt 1.109913 -1.691770
vt 0.015508 2.691770
vt 0.332916 0.662154
vt 0.051073 2.764405
vt 0.052075 0.662094
vt 0.049598 -1.763734
vt 0.333490 -1.767201
vt -0.138769 -1.763991
vt 1.072585 -1.763991
vt 0.880540 0.662177
vt 0.854282 -1.767588
vt 0.105244 -1.763405
vt 0.332995 2.767939
vt 0.333469 -1.768012
vt 0.001512 -1.763242
vt 0.104307 2.763421
vt 1.012012 -1.763242
vt 1.010920 2.763369
vt 1.258186 0.049598
vt 1.012012 0.001512
vt 1.117921 0.105244
vt 0.854282 -0.133658
vt 1.072585 -0.138769
vt 1.242116 0.051073
vt 1.010920 0.001510
vt 1.074055 -0.138773
vt 1.236881 0.332995
vt 1.101753 0.104307
vt 1.253055 0.333490
vt 1.122051 0.333469
vt 1.236960 0.662154
vt 1.122051 -1.768012
vt 1.105877 2.767939
vt 1.236881 2.768012
vt 0.880669 -0.133484
vt 0.880669 -0.002480
vt -0.133484 2.768011
vt -0.002609 0.662177
vt -0.133355 0.662177
vt -0.133658 -1.767588
vt -0.002316 -1.767651
vt 1.138686 0.662179
vt 0.848977 2.768012
vt 0.848476 -1.714263
vt 1.138773 0.661888
vt 0.859931 2.768010
vt 1.138772 2.768011
vt 1.236881 1.138773
vt 1.105877 0.859931
vt 1.236881 0.848977
vt 1.236924 0.662179
vt 1.105877 2.768011
vt 1.236881 2.768012
vt 0.280590 -1.714650
vt 0.073128 2.715086
vt 0.280116 2.715101
vt -0.080605 -1.714782
vt 0.072690 -1.714685
vt 1.047422 -1.714782
vt 0.933548 0.661888
vt 1.047893 2.715132
vt 0.280116 2.715132
vt 0.082698 2.715100
vt 0.280590 -1.714748
vt -0.055360 -1.714818
vt 0.082698 -1.714818
vt 1.036526 -1.714818
vt 0.933548 2.714965
vt 0.907644 -1.714818
vt 1.199835 0.072690
vt 1.036526 -0.055360
vt 1.047422 -0.080605
vt 0.907644 -0.067983
vt 1.184002 0.073128
vt 1.047893 -0.080605
vt 1.158756 0.082698
vt 1.184002 0.280116
vt 1.199829 0.280590
vt 1.174584 0.082698
vt 1.184002 2.715101
vt 1.174584 -1.714748
vt 1.199829 -1.714650
vt 0.933548 -0.080605
vt -0.055360 2.714965
vt -0.080605 2.715132
vt -0.080605 0.661888
vt 1.085894 0.661972
vt 0.848977 2.715132
vt 1.085894 2.715132
vt 1.086436 -1.714650
vt 0.848475 -1.714651
vt 0.859931 0.661888
vt 1.085894 0.661888
vt 1.158756 0.859931
vt 1.184002 1.085894
vt 1.184002 0.848977
vt 1.158756 2.715132
vt 1.184002 0.661972
vt 1.184002 2.715132
vt 1.252713 -1.714263
vt 1.199835 -1.714651
vt 1.252707 1.086437
vt 1.199835 0.848475
vt 1.199829 1.086436
vt 1.252707 -1.714298
vt 1.158756 1.085894
vt 1.105877 0.661888
vt 1.105877 2.768010
vt 1.105877 1.138773
vt 0.332995 2.768012
vt -0.138773 2.764419
vt -0.072585 -1.763991
vt 0.119459 0.662177
vt -0.074055 2.764419
vt -0.012012 -1.763242
vt 0.145740 -1.767651
vt -0.258186 0.049598
vt -0.012012 0.001512
vt -0.072585 -0.138769
vt 0.145718 -0.133658
vt -0.010920 0.001510
vt -0.242116 0.051073
vt -0.074055 -0.138773
vt -0.101753 0.104307
vt -0.236881 0.332995
vt -0.253055 0.333490
vt -0.117921 0.105244
vt -0.236960 0.662154
vt -0.122051 -1.768012
vt -0.253055 -1.767201
vt -0.105877 2.767939
vt -0.236881 2.768012
vt 0.119331 -0.133484
vt 1.138773 2.768012
vt 1.086437 -1.714298
vt -0.105877 0.859931
vt -0.236881 1.138773
vt -0.236881 0.848977
vt -0.105877 2.768011
vt -0.236924 0.662179
vt -0.236881 2.768012
vt -0.047893 2.715132
vt 0.066452 2.715132
vt 0.066452 0.661888
vt -0.047422 -1.714782
vt 0.092356 -1.714818
vt -0.036526 -1.714818
vt 0.066452 2.714965
vt -0.036526 2.715132
vt -0.199835 0.072690
vt -0.036526 -0.055360
vt -0.174584 0.082698
vt 0.092356 -0.067983
vt -0.047422 -0.080605
vt -0.184002 0.073128
vt -0.047893 -0.080605
vt -0.184002 0.280116
vt -0.158756 0.082698
vt -0.199829 0.280590
vt -0.174584 0.280590
vt 0.066452 -0.080605
vt 0.066452 -0.055360
vt 0.848475 -1.714651
vt -0.184002 1.085894
vt -0.158756 0.859931
vt -0.184002 0.848977
vt -0.184002 0.661972
vt -0.158756 2.715132
vt -0.184002 2.715132
vt -0.252713 -1.714263
vt -0.252707 1.086437
vt -0.199835 0.848475
vt -0.252713 0.848476
vt -0.252707 -1.714298
vt -0.158756 1.085894
vt -0.105877 1.138773
vt -0.105877 0.661888
vt -0.105877 2.768010
vt -0.236924 1.138686
vt 0.206438 1.000000
vt 0.869557 0.924005
vt 0.793562 1.000000
vt 0.793562 0.000000
vt 0.130443 0.075995
vt 0.206438 0.000000
vt 0.206438 0.000000
vt 0.869557 0.075995
vt 0.793562 0.000000
vt 0.793562 1.000000
vt 0.130443 0.924005
vt 0.206438 1.000000
vt 0.206438 0.475018
vt 0.130443 0.524982
vt 0.130443 0.475018
vt 0.206438 0.475018
vt 0.206438 0.524982
vt 0.793562 0.475018
vt 0.869557 0.524982
vt 0.869557 0.475018
vt 0.793562 0.475018
vt 0.793562 0.524982
vt 0.075995 0.475018
vt 0.924005 0.524982
vt 0.924005 0.475018
vt 0.924005 0.475018
vt 0.075995 0.524982
vt 0.075995 0.475018
vt 0.206438 0.000000
vt 0.869557 0.075995
vt 0.206438 0.475018
vt 0.924005 0.524982
vt 0.793562 0.524982
vt 0.075995 0.524982
vt 0.439913 0.859578
vt 0.419613 0.617687
vt 0.439913 0.617687
vt 0.114533 0.736082
vt 0.134833 0.736082
vt 0.134833 0.845588
vt 0.124236 0.500445
vt 0.127045 0.725797
vt 0.095480 0.726996
vt 0.484327 0.424310
vt 0.445385 0.323979
vt 0.484327 0.323979
vt 0.441179 0.859578
vt 0.461479 0.617687
vt 0.461479 0.859578
vt 0.114533 0.955094
vt 0.113267 0.955094
vt 0.092967 0.845588
vt 0.113267 0.736082
vt 0.093233 0.501944
vt 0.003218 0.497004
vt 0.444818 0.323979
vt 0.405876 0.424310
vt 0.405876 0.323979
vt 0.236808 0.741452
vt 0.240089 0.842206
vt 0.232806 0.844508
vt 0.461311 0.399862
vt 0.397625 0.600137
vt 0.461311 0.600137
vt 0.461311 0.362234
vt 0.397625 0.585268
vt 0.461311 0.585268
vt 0.600137 0.362234
vt 0.399862 0.585268
vt 0.600137 0.585268
vt 0.331257 0.637766
vt 0.397625 0.637766
vt 0.602375 0.362234
vt 0.397625 0.362234
vt 0.602375 0.637766
vt 0.397625 0.362234
vt 0.602375 0.668743
vt 0.397625 0.331257
vt 0.602375 0.331257
vt 0.114533 0.736082
vt 0.113267 0.736082
vt 0.003763 0.729876
vt 0.093233 0.725797
vt 0.124236 0.727295
vt 0.124236 0.500445
vt 0.236809 0.741452
vt 0.239725 0.842571
vt 0.483703 0.068605
vt 0.420018 0.268881
vt 0.483703 0.268881
vt 0.483703 0.362234
vt 0.420018 0.585268
vt 0.483703 0.585268
vt 0.268881 0.362234
vt 0.068605 0.585268
vt 0.268881 0.585268
vt 0.000000 0.637766
vt 0.420018 0.637766
vt 0.581880 0.362234
vt 0.420018 0.362234
vt 0.581880 0.637766
vt 0.581880 0.362234
vt 0.581880 0.337487
vt 0.420018 0.000000
vt 0.581880 0.000000
vt 0.216515 0.729876
vt 0.096229 0.727395
vt 0.096042 0.500445
vt 0.127045 0.501944
vt 0.216381 0.498076
vt 0.916228 0.595981
vt 0.919508 0.495226
vt 0.912226 0.492925
vt 0.134833 0.955094
vt 0.420018 0.731119
vt 0.483703 0.931395
vt 0.483703 0.731119
vt 0.931395 0.585268
vt 0.731119 0.362234
vt 0.731119 0.585268
vt 0.662513 0.637766
vt 1.000000 0.637766
vt 0.581880 1.000000
vt 0.420018 0.662513
vt 0.581880 0.662513
vt 0.092967 0.736082
vt 0.217195 0.730948
vt 0.095106 0.726796
vt 0.124548 0.500612
vt 0.916228 0.595981
vt 0.919508 0.495226
vt 0.002538 0.495931
vt 0.397625 0.399862
vt 0.668743 0.637766
vt 0.397625 0.668743
vt 0.216381 0.498076
vt 0.096042 0.500445
vt 0.710430 0.922833
vt 0.713346 0.821713
vt 0.706428 0.819776
vt 0.124798 0.726996
vt 0.337487 0.637766
vt 0.420018 0.337487
vt 0.003763 0.729876
vt 0.124548 0.727129
vt 0.124236 0.500445
vt 0.002538 0.495931
vt 0.236808 0.741452
vt 0.240089 0.842206
vt 0.124236 0.727295
vt 0.124236 0.500445
vt 0.720357 0.922832
vt 0.717441 0.821713
vt 0.724359 0.819776
vt 0.124798 0.500745
vt 0.095730 0.727129
vt 0.002538 0.495931
vt 0.236808 0.741452
vt 0.240089 0.842207
vt 0.114533 0.736082
vt 0.113267 0.955095
vt 0.095730 0.727129
vt 0.096042 0.500445
vt 0.217061 0.497004
vt 0.916228 0.595981
vt 0.216515 0.729876
vt 0.096042 0.727295
vt 0.217061 0.497004
vt 0.916396 0.595812
vt 0.092967 0.955094
vt 0.124548 0.500612
vt 0.919508 0.495226
vt 0.095480 0.726996
vt 0.017339 -0.305733
vt 0.982661 -0.305733
vt -0.081051 1.207343
vt -0.005648 1.361229
vt 1.081050 1.207343
vt 0.982661 1.305733
vt 1.081051 -0.207343
vt -0.081051 -0.207343
vt 0.850957 0.827609
vt 0.850957 0.601437
vt 0.866021 0.601437
vt 0.015064 0.650806
vt 0.015064 0.876978
vt 0.000000 0.876978
vt 0.238587 0.238587
vt 0.226172 0.452344
vt 0.226172 0.226172
vt 0.238587 0.439929
vt 0.452344 0.452344
vt 0.439929 0.439929
vt 0.452344 0.226172
vt 0.439929 0.238587
vt 0.835894 0.601437
vt 0.837701 0.452344
vt 0.837701 0.226172
vt 0.852765 0.452344
vt 0.000000 0.226172
vt 0.012415 0.439929
vt 0.000000 0.452344
vt 0.226172 0.226172
vt 0.012415 0.238587
vt 0.226172 0.452344
vt 0.213757 0.238587
vt 0.213757 0.439929
vt 0.884008 0.457796
vt 0.880317 0.226172
vt 0.892805 0.226172
vt 0.377033 0.650806
vt 0.373341 0.882430
vt 0.364545 0.650806
vt 0.360853 0.882430
vt 0.352057 0.650806
vt 0.473628 0.694871
vt 0.477320 0.926495
vt 0.464832 0.926495
vt 0.976669 0.547235
vt 0.981095 0.262264
vt 0.985520 0.547235
vt 0.867829 0.000000
vt 0.915787 0.027908
vt 0.867829 0.055820
vt 0.179073 0.816648
vt 0.147808 0.766811
vt 0.182195 0.762447
vt 0.885659 0.519323
vt 0.837701 0.547235
vt 0.837701 0.491415
vt 0.867829 0.083731
vt 0.915787 0.055820
vt 0.915787 0.111640
vt 0.915787 0.167460
vt 0.867829 0.139551
vt 0.915787 0.111640
vt 0.293530 0.816648
vt 0.262265 0.766811
vt 0.296652 0.762446
vt 0.969021 0.886407
vt 0.964595 0.601437
vt 0.973447 0.601437
vt 0.991149 0.601437
vt 0.986724 0.886407
vt 0.982298 0.601437
vt 0.860296 0.226172
vt 0.867829 0.452344
vt 0.860299 0.226172
vt 0.852765 0.000000
vt 0.867829 0.000000
vt 0.238587 0.213757
vt 0.446137 0.219965
vt 0.226172 0.226172
vt 0.439929 0.012415
vt 0.232380 0.006208
vt 0.452344 0.000000
vt 0.060255 0.650806
vt 0.045191 0.852149
vt 0.045191 0.650806
vt 0.075319 0.650806
vt 0.060255 0.852149
vt 0.060255 0.650806
vt 0.213526 0.852148
vt 0.228590 0.650806
vt 0.228590 0.852148
vt 0.243654 0.650806
vt 0.243654 0.852149
vt 0.000000 0.226172
vt 0.213757 0.213757
vt 0.000000 0.000000
vt 0.012415 0.213757
vt 0.226172 0.000000
vt 0.012415 0.012415
vt 0.213757 0.012415
vt 0.914088 0.226172
vt 0.917780 0.457796
vt 0.905292 0.457796
vt 0.464832 0.463248
vt 0.461140 0.694871
vt 0.452344 0.463248
vt 0.526562 0.463248
vt 0.522870 0.694871
vt 0.514074 0.463248
vt 0.901601 0.226172
vt 0.905292 0.457796
vt 0.892805 0.457796
vt 0.444883 0.905629
vt 0.396925 0.877721
vt 0.444883 0.849809
vt 0.676499 0.860713
vt 0.645234 0.810876
vt 0.679621 0.806511
vt 0.183399 0.880057
vt 0.231357 0.852149
vt 0.231357 0.907968
vt 0.075319 0.880060
vt 0.027361 0.907968
vt 0.027361 0.852148
vt 0.915787 0.223280
vt 0.867829 0.195371
vt 0.915787 0.167460
vt 0.400047 0.795608
vt 0.431312 0.845445
vt 0.396925 0.849809
vt 0.977872 0.601437
vt 0.982298 0.886407
vt 0.973447 0.886407
vt 0.976669 0.262264
vt 0.972244 0.547235
vt 0.967818 0.262264
vt 0.866021 0.827609
vt 0.843427 0.827609
vt 0.232380 0.446137
vt 0.446137 0.232379
vt 0.198463 0.852149
vt 0.213526 0.650806
vt 0.213526 0.852149
vt 0.183399 0.852149
vt 0.190929 0.650806
vt 0.198463 0.852149
vt 0.045191 0.650806
vt 0.030128 0.852148
vt 0.030128 0.650806
vt 0.452344 0.231624
vt 0.464714 0.000000
vt 0.489453 0.231624
vt 0.501171 0.463248
vt 0.514074 0.694871
vt 0.489453 0.694871
vt 0.867829 0.083731
vt 0.969021 0.886407
vt 0.986723 0.886407
vt 0.452344 0.226172
vt 0.226172 0.226172
vt 0.439929 0.213757
vt 0.226172 0.000000
vt 0.238587 0.012415
vt 0.213523 0.852148
vt 0.228587 0.852149
vt 0.236120 0.650806
vt 0.867829 0.226172
vt 0.696163 0.601437
vt 0.688633 0.827609
vt 0.681100 0.601437
vt 0.006207 0.219965
vt 0.075322 0.852149
vt 0.538931 0.463248
vt 0.526562 0.231624
vt 0.563671 0.231624
vt 0.464832 0.694871
vt 0.477735 0.463248
vt 0.489453 0.694871
vt 0.576040 0.231624
vt 0.563671 0.000000
vt 0.600779 0.000000
vt 0.556516 0.694871
vt 0.569419 0.463248
vt 0.581137 0.694871
vt 0.396925 0.877718
vt 0.183399 0.880060
vt 0.075319 0.880057
vt 0.867829 0.195368
vt 0.843427 0.827609
vt 0.852765 0.226172
vt 0.006208 0.232380
vt 0.219965 0.446137
vt 0.198463 0.650806
vt 0.045191 0.852148
vt 0.576040 0.463248
vt 0.563671 0.231624
vt 0.600779 0.231624
vt 0.605758 0.694871
vt 0.618661 0.463248
vt 0.630379 0.694871
vt 0.969021 0.886407
vt 0.986724 0.886407
vt 0.860297 0.226172
vt 0.060255 0.852149
vt 0.075319 0.852149
vt 0.183399 0.650806
vt 0.030128 0.852149
vt 0.015064 0.650806
vt 0.030128 0.650806
vt 0.986723 0.886407
vt 0.837698 -0.000000
vt 0.852765 0.226172
vt 0.837698 0.226172
vt 0.860294 0.226172
vt 0.852762 0.452344
vt 0.446137 0.006207
vt 0.060258 0.650806
vt 0.052726 0.852149
vt 0.228587 0.650806
vt 0.228587 0.650806
vt 0.243651 0.852149
vt 0.576040 0.231624
vt 0.569419 0.463248
vt 0.396925 0.877718
vt 0.183399 0.880060
vt 0.075319 0.880057
vt 0.977872 0.601437
vt 0.972243 0.547235
vt 0.835897 0.827609
vt 0.850961 0.601437
vt 0.183396 0.852149
vt 0.198459 0.650806
vt 0.007529 0.650806
vt 0.015061 0.876979
vt 0.015067 0.650806
vt 0.037663 0.852148
vt 0.030131 0.650806
vt 0.373341 0.882430
vt 0.489453 0.463248
vt 0.501823 0.231624
vt 0.526562 0.463248
vt 0.642097 0.463248
vt 0.655000 0.694871
vt 0.477083 0.231624
vt 0.489453 0.463248
vt 0.452344 0.463248
vt 0.655000 0.694871
vt 0.667903 0.463248
vt 0.679621 0.694871
vt 0.969021 0.886407
vt 0.986723 0.886407
vt 0.860297 0.226172
vt 0.396925 0.877719
vt 0.183399 0.880059
vt 0.075319 0.880058
vt 0.867829 0.195370
vt 0.000000 0.650806
vt 0.845233 0.226172
vt 0.015064 0.852148
vt 0.037659 0.852148
vt 0.915787 0.027910
vt 0.885659 0.519325
vt 0.867829 0.083730
vt 0.867829 0.139550
vt 0.045194 0.650807
vt 0.060258 0.650806
vt 0.213526 0.650806
vt 0.228587 0.852148
vt 0.866024 0.827609
vt 0.866024 0.601437
vt 0.850961 0.827609
vt -0.000003 0.876978
vt 0.222682 0.229662
vt 0.219964 0.006208
vt 0.835894 0.827609
vt 0.075322 0.650806
vt 0.060258 0.852149
vt 0.860300 0.226172
vt 0.852768 0.000000
vt 0.060258 0.852149
vt 0.977872 0.601437
vt 0.972244 0.547235
vt 0.030131 0.650806
vt 0.015067 0.852148
vt 0.213523 0.852149
vt 0.183396 0.650806
vt 0.198459 0.852149
vt 0.852765 0.226172
vt 0.696163 0.827609
vt 0.860296 0.226172
vt 0.221060 0.650806
vt 0.977872 0.601437
vt 0.019366 0.000000
vt 0.029966 1.000000
vt 0.020194 1.000000
vt 0.011698 1.000000
vt 0.002270 0.000000
vt 0.001659 1.000000
vt 0.032834 0.000000
vt 0.036163 1.000000
vt 0.106202 0.094068
vt 0.102922 0.000000
vt 0.114582 0.000000
vt 0.124737 0.000000
vt 0.117858 0.094068
vt 0.097184 0.094068
vt 0.091763 0.000000
vt 0.088976 0.109819
vt 0.109736 0.101253
vt 0.109736 0.110258
vt 0.088975 0.117699
vt 0.109736 0.117368
vt 0.109736 0.129432
vt 0.088975 0.100690
vt 0.109736 0.095082
vt 0.065544 0.000000
vt 0.079005 0.098653
vt 0.065296 0.098653
vt 0.053674 0.000000
vt 0.053148 0.098653
vt 0.040703 0.000000
vt 0.040081 0.098653
vt 0.079531 0.000000
vt 0.087569 0.098653
vt 0.137995 0.032267
vt 0.132533 0.048251
vt 0.126620 0.032146
vt 0.134876 0.018301
vt 0.149457 0.012019
vt 0.143824 0.002353
vt 0.143382 0.050004
vt 0.150679 0.048950
vt 0.148837 0.060271
vt 0.132323 0.076833
vt 0.126238 0.066630
vt 0.134197 0.061923
vt 0.198463 0.650806
vt 0.386031 0.639913
vt 0.396925 0.650806
vt 0.198463 0.452344
vt 0.209356 0.639912
vt 0.396925 0.452344
vt 0.209356 0.463238
vt 0.386031 0.463238
vt 0.955442 0.024817
vt 0.968660 0.201492
vt 0.955442 0.201492
vt 0.519423 0.927366
vt 0.506205 0.750691
vt 0.519423 0.750691
vt 0.187569 0.463238
vt 0.198463 0.452344
vt 0.010894 0.463238
vt 0.010894 0.639913
vt 0.198463 0.650807
vt 0.187569 0.639913
vt 0.942223 0.201492
vt 0.955441 0.024817
vt 0.955441 0.201492
vt 0.929191 0.799899
vt 0.915972 0.976574
vt 0.915972 0.799899
vt 0.984306 0.225983
vt 0.942223 0.250473
vt 0.942223 0.201492
vt 0.937205 0.547235
vt 0.979287 0.571725
vt 0.918203 0.586209
vt 0.623635 0.964094
vt 0.596200 0.920363
vt 0.626374 0.916533
vt 0.929191 0.887801
vt 0.971273 0.912292
vt 0.929191 0.936782
vt 0.227164 0.955530
vt 0.199730 0.911798
vt 0.229904 0.907969
vt 0.349364 0.955902
vt 0.391446 0.931411
vt 0.391446 0.980393
vt 0.884008 0.457796
vt 0.360853 0.882430
vt 0.473628 0.694871
vt 0.262265 0.766811
vt 0.969021 0.886407
vt 0.221057 0.650806
vt 0.681100 0.827609
vt 0.914088 0.226172
vt 0.901601 0.226172
vt 0.645234 0.810876
vt 0.431312 0.845445
vt 0.972244 0.547235
vt 0.037661 0.852148
vt 0.837701 0.226172
vt 0.852765 0.000000
vt 0.219965 0.006207
vt 0.067789 0.852149
vt 0.845232 0.226172
vt 0.006207 0.232379
vt 0.576040 0.463248
vt 0.464714 0.000000
vt 0.501823 0.231624
vt 0.477083 0.231624
vt 0.969021 0.886407
vt 0.845233 0.000000
vt 0.067787 0.852149
vt 0.845230 -0.000000
vt 0.852762 0.226172
vt 0.852768 0.226172
vt 0.067790 0.852149
vt 0.538931 0.463248
vt 0.576040 0.231624
vt 0.972243 0.547235
vt -0.000003 0.650806
vt 0.845230 0.226172
vt 0.837698 0.452344
vt 0.003490 0.448854
vt 0.022599 0.852149
vt 0.969021 0.886407
vt 0.867829 0.226172
vt 0.219965 0.219965
vt 0.235869 0.442647
vt 0.022596 0.852149
vt 0.867826 0.226172
vt 0.681103 0.827609
vt 0.681103 0.601437
vt 0.236119 0.650806
vt 0.835897 0.601437
vt 0.232379 0.006207
vt 0.236122 0.650806
vt 0.007532 0.650806
vt 0.696167 0.601437
vt 0.449626 0.223454
vt 0.852762 0.226172
vt 0.867826 0.452344
vt 0.221055 0.650806
vt 0.972244 0.547235
vt 0.198460 0.852149
vt 0.213523 0.650806
vt 0.843429 0.827609
vt 0.045194 0.852149
vt 0.067786 0.852149
vt 0.236123 0.650806
vt 0.837701 0.000000
vt 0.019546 1.000000
vt 0.015259 0.000000
vt 0.027855 1.000000
vt 0.011335 1.000000
vt 0.002270 0.000000
vt 0.002284 1.000000
vt 0.032833 0.000000
vt 0.035653 1.000000
vt 0.106067 0.094068
vt 0.108093 0.000000
vt 0.120191 0.000000
vt 0.124748 0.094068
vt 0.126238 0.000000
vt 0.097469 0.094068
vt 0.091763 0.000000
vt 0.088975 0.111219
vt 0.109736 0.101253
vt 0.109736 0.112121
vt 0.109736 0.120908
vt 0.088975 0.124937
vt 0.109736 0.130167
vt 0.088975 0.097564
vt 0.109736 0.095082
vt 0.064947 0.000000
vt 0.079004 0.098653
vt 0.040124 0.000000
vt 0.040081 0.098653
vt 0.079531 0.000000
vt 0.087569 0.098653
vt 0.137995 0.032267
vt 0.126620 0.032146
vt 0.134876 0.018301
vt 0.149457 0.012019
vt 0.143824 0.002353
vt 0.143382 0.050004
vt 0.150679 0.048950
vt 0.132323 0.076833
vt 0.126238 0.066630
vt 0.134197 0.061923
vt 0.915787 0.223280
vt 0.915787 0.024817
vt 0.929005 0.223280
vt 0.203910 0.645359
vt 0.930998 0.424634
vt 0.917780 0.226172
vt 0.930998 0.226172
vt 0.935614 0.223280
vt 0.929005 0.024817
vt 0.942223 0.024817
vt 0.922582 0.976574
vt 0.596200 0.920363
vt 0.202174 1.000000
vt 0.795143 0.993522
vt 0.500000 0.990854
vt 0.797826 0.607271
vt 0.202174 0.624381
vt 0.202174 0.607271
vt 0.136877 0.624381
vt 0.136877 0.607271
vt 0.797826 0.607271
vt 0.863123 0.624381
vt 0.863123 0.607271
vt 0.934703 0.607271
vt 0.065297 0.624381
vt 0.065297 0.607271
vt 0.794792 0.007325
vt 0.204857 0.006478
vt 0.500000 0.009146
vt 0.136877 0.934703
vt 0.205962 0.990854
vt 0.146023 0.930915
vt 0.136877 0.065297
vt 0.863123 0.065297
vt 0.797826 1.000000
vt 0.934703 0.607271
vt 0.136877 0.934703
vt 0.797826 0.624381
vt 0.146023 0.500000
vt 0.863123 0.934703
vt 0.857331 0.067696
vt 0.853977 0.500000
vt 0.202174 0.611548
vt 0.794038 0.375619
vt 0.488721 0.433228
vt 0.205962 0.375619
vt 0.799877 0.569198
vt 0.846002 0.572219
vt 0.848641 0.553394
vt 0.794038 0.607271
vt 0.851168 0.603298
vt 0.802013 0.595992
vt 0.500000 0.560940
vt 0.782759 0.572219
vt 0.507520 0.599751
vt 0.510355 0.571295
vt 0.782759 0.595992
vt 0.073407 0.565262
vt 0.080364 0.595992
vt 0.069085 0.607271
vt 0.492480 0.599751
vt 0.488721 0.572219
vt 0.511279 0.572219
vt 0.206683 0.569697
vt 0.217241 0.595992
vt 0.205962 0.607271
vt 0.488721 0.595992
vt 0.926593 0.565262
vt 0.919636 0.595992
vt 0.930915 0.607271
vt 0.206683 0.552184
vt 0.210615 0.602618
vt 0.217241 0.572219
vt 0.919636 0.572219
vt 0.926593 0.556619
vt 0.492480 0.599751
vt 0.511279 0.595992
vt 0.153998 0.595992
vt 0.197987 0.595992
vt 0.149079 0.565262
vt 0.146023 0.607271
vt 0.799877 0.552683
vt 0.848641 0.568487
vt 0.802013 0.572219
vt 0.789385 0.602618
vt 0.846002 0.595992
vt 0.853977 0.607271
vt 0.014985 0.552683
vt 0.021413 0.595992
vt 0.009146 0.607271
vt 0.151359 0.568487
vt 0.197987 0.572219
vt 0.985661 0.553596
vt 0.978587 0.595992
vt 0.990854 0.607271
vt 0.511279 0.433228
vt 0.793317 0.459523
vt 0.782759 0.433228
vt 0.511279 0.457001
vt 0.500000 0.468280
vt 0.511279 0.479558
vt 0.799877 0.506352
vt 0.782759 0.487483
vt 0.488721 0.525889
vt 0.511279 0.503331
vt 0.511279 0.525889
vt 0.782759 0.533813
vt 0.511279 0.549662
vt 0.205962 0.375619
vt 0.156861 0.433228
vt 0.203140 0.433228
vt 0.151359 0.475826
vt 0.146023 0.375619
vt 0.206683 0.459523
vt 0.158277 0.458446
vt 0.197987 0.479558
vt 0.200769 0.507266
vt 0.153998 0.503331
vt 0.151359 0.522157
vt 0.203139 0.525889
vt 0.158292 0.537775
vt 0.842321 0.433228
vt 0.797719 0.433228
vt 0.848641 0.475826
vt 0.853977 0.375619
vt 0.846002 0.457001
vt 0.802013 0.479558
vt 0.846002 0.503331
vt 0.848641 0.522157
vt 0.789299 0.525151
vt 0.841724 0.551202
vt 0.157434 0.433228
vt 0.014339 0.475624
vt 0.017121 0.433228
vt 0.009146 0.421949
vt 0.200769 0.475624
vt 0.151359 0.460733
vt 0.203712 0.457001
vt 0.153998 0.479558
vt 0.200769 0.521954
vt 0.197987 0.503331
vt 0.151383 0.522191
vt 0.153998 0.549662
vt 0.203140 0.549662
vt 0.919636 0.433228
vt 0.930915 0.468280
vt 0.930915 0.375619
vt 0.919636 0.457001
vt 0.930915 0.514610
vt 0.919636 0.479558
vt 0.500000 0.514610
vt 0.919636 0.503331
vt 0.919636 0.525889
vt 0.217241 0.433228
vt 0.488721 0.457001
vt 0.488721 0.479558
vt 0.217241 0.487483
vt 0.488721 0.503331
vt 0.217241 0.525889
vt 0.488721 0.549662
vt 0.926593 0.472601
vt 0.926593 0.518932
vt 0.919636 0.549662
vt 0.080364 0.433228
vt 0.073407 0.463958
vt 0.069085 0.375619
vt 0.072016 0.517541
vt 0.080364 0.479558
vt 0.079218 0.505399
vt 0.080364 0.549662
vt 0.076632 0.568487
vt 0.217241 0.457001
vt 0.217241 0.479558
vt 0.489613 0.504224
vt 0.217241 0.503331
vt 0.217241 0.549662
vt 0.080364 0.457001
vt 0.073407 0.472601
vt 0.080364 0.503331
vt 0.073407 0.518932
vt 0.799877 0.476537
vt 0.782759 0.457001
vt 0.782759 0.479558
vt 0.799231 0.521954
vt 0.782759 0.503331
vt 0.782759 0.525889
vt 0.782759 0.549662
vt 0.841708 0.433228
vt 0.985015 0.476537
vt 0.982879 0.433228
vt 0.990854 0.421949
vt 0.848641 0.460733
vt 0.802013 0.457001
vt 0.846002 0.479558
vt 0.848641 0.507063
vt 0.802013 0.503331
vt 0.842566 0.525889
vt 0.796860 0.549662
vt 0.788826 0.978271
vt 0.846639 0.927525
vt 0.791291 0.986643
vt 0.847198 0.071894
vt 0.208916 0.016277
vt 0.152998 0.071974
vt 0.153416 0.927476
vt 0.791864 0.986704
vt 0.074116 0.375619
vt 0.925884 0.375619
vt 0.786087 0.570843
vt 0.793425 0.595992
vt 0.788826 0.617933
vt 0.978271 0.617933
vt 0.930302 0.595992
vt 0.925701 0.617931
vt 0.933811 0.570281
vt 0.500000 0.619416
vt 0.074114 0.560940
vt 0.488721 0.588069
vt 0.074299 0.617931
vt 0.216460 0.551073
vt 0.211174 0.617933
vt 0.075700 0.555307
vt 0.074297 0.617932
vt 0.922397 0.550856
vt 0.925703 0.617933
vt 0.214443 0.571110
vt 0.211174 0.617933
vt 0.159827 0.561162
vt 0.206575 0.572219
vt 0.206575 0.595992
vt 0.158606 0.617932
vt 0.064788 0.595992
vt 0.793425 0.572219
vt 0.786008 0.551075
vt 0.066015 0.595992
vt 0.021729 0.617933
vt 0.788826 0.617933
vt 0.930302 0.588069
vt 0.978271 0.617933
vt 0.789007 0.375619
vt 0.783545 0.478140
vt 0.158168 0.375619
vt 0.210993 0.375619
vt 0.206575 0.457001
vt 0.214409 0.478514
vt 0.162586 0.479558
vt 0.161827 0.505271
vt 0.212557 0.504413
vt 0.159038 0.558721
vt 0.974291 0.549662
vt 0.977017 0.510290
vt 0.978709 0.560940
vt 0.841832 0.375619
vt 0.793425 0.457001
vt 0.065404 0.491445
vt 0.077566 0.504511
vt 0.077475 0.458038
vt 0.025709 0.503331
vt 0.021789 0.473149
vt 0.022764 0.518369
vt 0.206575 0.433228
vt 0.210993 0.375619
vt 0.212658 0.478450
vt 0.162029 0.478135
vt 0.162586 0.457001
vt 0.022935 0.472477
vt 0.022847 0.503331
vt 0.022984 0.518932
vt 0.206575 0.503331
vt 0.158169 0.514610
vt 0.212555 0.524808
vt 0.025709 0.549662
vt 0.021291 0.560940
vt 0.162586 0.525889
vt 0.924320 0.458082
vt 0.924160 0.504542
vt 0.925886 0.468280
vt 0.925886 0.514610
vt 0.074114 0.468280
vt 0.080364 0.525889
vt 0.785688 0.473619
vt 0.787443 0.524807
vt 0.977027 0.468117
vt 0.977726 0.503331
vt 0.977017 0.518930
vt 0.934596 0.479558
vt 0.838173 0.570281
vt 0.837413 0.549662
vt 0.841832 0.514610
vt 0.853977 0.069085
vt 0.789007 0.021291
vt 0.841832 0.074116
vt 0.205962 0.990854
vt 0.789007 0.978709
vt 0.210993 0.978709
vt 0.205962 0.009146
vt 0.794038 0.009146
vt 0.158168 0.074116
vt 0.210993 0.021291
vt 0.158168 0.925884
vt 0.853977 0.930915
vt 0.841832 0.925884
vt 0.794038 0.990854
vt 0.938890 0.595992
vt 0.985015 0.569198
vt 0.977728 0.595992
vt 0.974291 0.572219
vt 0.511279 0.984782
vt 0.782759 0.978709
vt 0.782759 0.990854
vt 0.782759 0.984785
vt 0.511279 0.978709
vt 0.511279 0.990854
vt 0.853977 0.488721
vt 0.841832 0.080364
vt 0.853977 0.080364
vt 0.853977 0.595992
vt 0.841832 0.588069
vt 0.853977 0.572219
vt 0.848775 0.080364
vt 0.841832 0.488721
vt 0.488721 0.015218
vt 0.217241 0.021291
vt 0.217241 0.009146
vt 0.217241 0.015215
vt 0.488721 0.021291
vt 0.488721 0.009146
vt 0.146023 0.080364
vt 0.158168 0.488721
vt 0.146023 0.488721
vt 0.152092 0.595992
vt 0.158168 0.572219
vt 0.146023 0.572219
vt 0.152096 0.511279
vt 0.158168 0.919636
vt 0.146023 0.919636
vt 0.151225 0.919636
vt 0.158168 0.511279
vt 0.146023 0.511279
vt 0.488721 0.983914
vt 0.217241 0.978709
vt 0.217241 0.990854
vt 0.153998 0.061110
vt 0.206575 0.025709
vt 0.162586 0.069698
vt 0.022845 0.595992
vt 0.025709 0.572219
vt 0.014339 0.568285
vt 0.069698 0.572219
vt 0.061110 0.572219
vt 0.153998 0.938890
vt 0.206575 0.974291
vt 0.197987 0.982879
vt 0.938890 0.572219
vt 0.202278 0.978587
vt 0.162586 0.930302
vt 0.782759 0.014004
vt 0.511279 0.021291
vt 0.511279 0.009146
vt 0.511279 0.016086
vt 0.782759 0.021291
vt 0.782759 0.009146
vt 0.511279 0.016086
vt 0.978890 0.472605
vt 0.985661 0.507266
vt 0.935455 0.503331
vt 0.930302 0.479558
vt 0.938890 0.479558
vt 0.206575 0.549662
vt 0.162587 0.930303
vt 0.802013 0.017121
vt 0.837414 0.069698
vt 0.846002 0.061110
vt 0.014985 0.506352
vt 0.837414 0.525889
vt 0.197987 0.433228
vt 0.847037 0.511279
vt 0.841832 0.919636
vt 0.853977 0.919636
vt 0.848772 0.919636
vt 0.841832 0.511279
vt 0.853977 0.511279
vt 0.488721 0.983914
vt 0.153310 0.457001
vt 0.158168 0.433228
vt 0.146023 0.433228
vt 0.152963 0.511279
vt 0.146023 0.525889
vt 0.158168 0.549662
vt 0.146023 0.549662
vt 0.152963 0.488721
vt 0.158168 0.080364
vt 0.151228 0.080364
vt 0.019014 0.457001
vt 0.021291 0.433228
vt 0.009146 0.433228
vt 0.488721 0.016086
vt 0.015218 0.549662
vt 0.021291 0.525889
vt 0.009146 0.525889
vt 0.847904 0.433228
vt 0.841832 0.457001
vt 0.853977 0.457001
vt 0.846690 0.457001
vt 0.841832 0.433228
vt 0.853977 0.433228
vt 0.847037 0.488721
vt 0.853977 0.479558
vt 0.841832 0.503331
vt 0.853977 0.503331
vt 0.980986 0.457001
vt 0.978709 0.433228
vt 0.990854 0.433228
vt 0.511279 0.983914
vt 0.837414 0.457001
vt 0.802013 0.982879
vt 0.837414 0.930302
vt 0.793425 0.974291
vt 0.938890 0.503331
vt 0.934703 0.624381
vt 0.794038 0.375619
vt 0.797826 0.607271
vt 0.202174 1.000000
vt 0.863123 0.934703
vt 0.794038 0.375619
vt 0.934703 0.624381
vt 0.930915 0.607271
vt 0.797826 0.624381
vt 0.794038 0.607271
vt 0.136877 0.934703
vt 1.037912 1.439119
vt -0.130749 -0.227931
vt -0.230333 -1.727540
vt 1.136549 -0.230333
vt 1.109913 -1.691623
vt -0.199773 2.691623
vt 1.136549 -1.929620
vt -0.000846 2.929620
vt -0.109913 -1.691623
vt 1.000846 2.929620
vt 1.037912 -1.727540
vt 1.124950 -0.225529
vt -0.000846 -0.349633
vt -0.136548 -1.929620
vt 1.000846 1.349633
vt 1.142205 1.232676
vt 1.242369 0.758170
vt 1.230331 0.395993
vt 1.242369 0.758170
vt -0.165609 0.758170
vt 1.136546 0.616696
vt -0.136546 0.616696
vt -0.230331 0.395993
vt 1.230331 0.709689
vt -0.230331 0.709689
vt 1.156248 2.737721
vt 1.160096 -0.037682
vt 1.156248 -0.014363
vt 1.116604 -0.037534
vt 1.160096 2.737720
vt 1.114999 -0.038043
vt 1.114999 -0.013189
vt -0.035699 -1.737721
vt 1.112952 -0.012539
vt -0.015533 2.737721
vt 1.156248 2.737721
vt 1.160096 0.232125
vt 1.156248 0.255445
vt 1.116604 0.232274
vt 1.160096 2.737721
vt 1.114999 0.231765
vt 1.114999 0.256619
vt 1.158220 0.230935
vt 0.234109 -1.737721
vt 1.112952 0.257268
vt 0.234109 2.737721
vt 1.160096 0.501932
vt 1.156248 0.525252
vt 1.116604 0.502081
vt 1.114999 0.501572
vt 1.114999 0.526426
vt 1.158220 0.500742
vt 0.503916 -1.737721
vt 1.112952 0.527075
vt 1.160096 0.771739
vt 1.156248 0.795059
vt 1.116604 0.771888
vt 1.114999 0.771379
vt 1.114999 0.796233
vt 0.773723 -1.737721
vt 1.112952 0.796883
vt 1.160096 1.041547
vt 1.156248 1.064866
vt 1.116604 1.041695
vt 1.160096 2.737721
vt 1.114999 1.041186
vt 1.043530 -1.737721
vt 1.112952 1.066690
vt -0.374314 2.737721
vt 0.518205 -1.737721
vt 0.519361 -0.345847
vt 0.518908 -0.347374
vt 0.517373 -0.374314
vt -0.374620 2.737721
vt 0.782063 -0.377139
vt 0.817503 -0.374620
vt 0.781024 -0.347374
vt -0.379251 2.737720
vt 0.781734 -0.347282
vt 0.819452 2.737720
vt 0.818115 -1.737721
vt 0.781734 -1.737721
vt 0.819452 -0.344929
vt 0.782063 2.737720
vt 0.780302 -1.737721
vt 0.814850 2.737721
vt 0.519630 -0.375871
vt 0.519296 -0.375003
vt 0.517868 -0.348496
vt 0.518205 -0.346263
vt 1.379251 2.737720
vt 0.517868 1.377139
vt 0.517373 1.374314
vt 0.518908 1.347375
vt 0.517868 2.737720
vt 0.518205 1.346263
vt 0.517868 1.348496
vt 0.519296 1.375003
vt 0.866462 0.504276
vt 0.870650 0.504276
vt 0.792260 0.998604
vt 0.868207 0.078824
vt 0.791971 0.002094
vt 0.869254 0.078390
vt 0.867858 0.921031
vt 0.780397 -0.344929
vt 0.818826 -0.347374
vt 0.782346 -0.374620
vt -0.374620 2.737721
vt 0.780397 2.737720
vt 0.817786 -0.377139
vt 0.780302 -1.737721
vt 1.112952 -0.038692
vt 1.116604 -0.013698
vt 1.156248 -0.036869
vt 1.156248 2.737720
vt 1.160096 -0.013549
vt 1.112952 0.231115
vt 1.116604 0.256110
vt 1.156248 0.232939
vt 1.114999 0.231765
vt 1.160096 0.256258
vt 1.112952 0.500922
vt 1.116604 0.525917
vt 1.156248 0.502746
vt 1.160096 0.526066
vt 1.112952 0.770729
vt 1.116604 0.795724
vt 1.156248 0.772553
vt 1.114999 0.771379
vt 1.160096 0.795873
vt 1.112952 1.040537
vt 1.116604 1.065531
vt 1.156248 1.042360
vt 1.160096 1.065680
vt -0.379251 2.737720
vt 0.517868 -0.377139
vt 1.374314 2.737721
vt 0.519361 1.345847
vt 0.519630 1.375871
vt 0.868556 0.921321
vt 0.869254 0.921610
vt 0.792260 0.001396
vt 0.868905 0.921465
vt 0.868905 0.078535
vt 0.792260 0.998604
vt 0.114304 0.476853
vt 0.523147 0.345457
vt 0.885696 0.476853
vt 0.511805 0.006785
vt 0.536155 0.197873
vt 0.487949 0.197873
vt 0.484700 0.098601
vt 0.105714 0.174503
vt 0.513506 0.035208
vt 0.919885 0.035208
vt 0.500000 0.197873
vt 0.536155 0.253953
vt 0.105714 0.174503
vt 0.511805 0.006785
vt 0.105714 0.174503
vt 0.513852 0.036551
vt 0.920164 0.036551
vt 0.511805 0.006785
vt 0.512052 0.152225
vt 0.105714 0.174503
vt 0.111211 0.150441
vt 0.511805 0.006785
vt 0.105714 0.174503
vt 0.511805 0.006784
vt 0.105714 0.174503
vt 0.513852 0.036551
vt 0.920164 0.036551
vt 0.111210 0.150441
vt 0.513852 0.104341
vt 0.492037 0.111760
vt 0.484700 0.102835
vt 0.484700 0.102835
vt 0.515300 0.100718
vt 0.486494 0.105712
vt 0.492049 0.111774
vt 0.513852 0.104340
vt 0.513852 0.104340
vt 0.492037 0.111760
vt 0.484700 0.102835
vt 0.484700 0.102835
vt 0.515300 0.100718
vt 0.513852 0.104341
vt 0.492037 0.111761
vt 0.486494 0.105712
vt 0.492037 0.111760
vt 0.105072 0.156146
vt 0.105054 0.156149
vt 0.135954 0.199119
vt 0.134681 0.148359
vt 0.488665 0.134681
vt 0.491874 0.112905
vt 0.508126 0.112905
vt 0.512015 0.135879
vt 0.134681 0.148359
vt 0.512015 0.135879
vt 0.488665 0.134681
vt 0.135954 0.199119
vt 0.134681 0.148359
vt 0.488665 0.134681
vt 0.512015 0.135879
vt 0.134681 0.148359
vt 0.512015 0.135879
vt 0.488665 0.134681
vt 0.134681 0.148359
vt 0.488665 0.134681
vt 0.512015 0.135879
vt 0.134681 0.148359
vt 0.512015 0.135879
vt 0.488665 0.134681
vt 0.103341 0.172109
vt 0.134681 0.148359
vt 0.488665 0.134681
vt 0.134681 0.148359
vt 0.512015 0.135879
vt 0.488665 0.134681
vt 0.103341 0.172109
vt 0.134681 0.148359
vt 0.488665 0.134681
vt 0.135954 0.199119
vt 0.103341 0.172109
vt 0.134681 0.148359
vt 0.488665 0.134681
vt 0.512015 0.135879
vt 0.513506 0.035208
vt 0.511805 0.006785
vt 0.104290 0.173344
vt 0.105714 0.174503
vt 0.104290 0.173344
vt 0.513852 0.036551
vt 0.920164 0.036551
vt 0.513852 0.036551
vt 0.920164 0.036551
vt 0.511806 0.006785
vt 0.513852 0.036551
vt 0.511806 0.006784
vt 0.492049 0.111774
vt 0.486494 0.105712
vt 0.492037 0.111760
vt 0.513852 0.104341
vt 0.492049 0.111774
vt 0.513852 0.104341
vt 0.492049 0.111774
vt 0.486494 0.105712
vt 0.486494 0.105712
vt 0.492037 0.111760
vt 0.513852 0.104340
vt 0.492049 0.111774
vt 0.486494 0.105712
vt 0.513852 0.104340
vt 0.492049 0.111774
vt 0.134681 0.148359
vt 0.512015 0.135879
vt 0.488665 0.134681
vt 0.134681 0.148359
vt 0.488665 0.134681
vt 0.512015 0.135879
vt 0.134681 0.148359
vt 0.512015 0.135879
vt 0.488665 0.134681
vt 0.488665 0.134681
vt 0.512015 0.135879
vt 0.135954 0.199119
vt 0.513852 0.036551
vt 0.920164 0.036551
vt 0.513506 0.035208
vt 0.105054 0.156149
vt 0.105054 0.156149
vt 0.105072 0.156146
vt 0.488665 0.134681
vt 0.513852 0.036551
vt 0.511806 0.006784
vt 0.920164 0.036551
vt 0.486494 0.105712
vt 0.492049 0.111774
vt 0.512015 0.135879
vt 0.513507 0.035208
vt 0.512520 0.007390
vt 0.500000 0.197873
vt 0.500000 0.187407
vt 0.486178 0.104460
vt 0.513507 0.035208
vt 0.512520 0.007390
vt 0.487570 0.135979
vt 0.513506 0.035208
vt 0.486178 0.036435
vt 0.487570 0.005572
vt 0.486178 0.036434
vt 0.487570 0.005572
vt 0.512520 0.007390
vt 0.463845 0.208305
vt 0.513506 0.035208
vt 0.487570 0.005572
vt 0.486178 0.104460
vt 0.513506 0.035208
vt 0.513506 0.035208
vt 0.512520 0.007390
vt 0.487570 0.005572
vt 0.513506 0.035208
vt 0.487570 0.135979
vt 0.513507 0.035208
vt 0.512520 0.007390
vt 0.486178 0.104460
vt 0.104460 0.148359
vt 0.513822 0.036434
vt 0.920139 0.036434
vt 0.487570 0.135979
vt 0.513506 0.035208
vt 0.512520 0.007390
vt 0.487570 0.005572
vt 0.486178 0.036435
vt 0.486178 0.104460
vt 0.104460 0.148359
vt 0.513822 0.036434
vt 0.487570 0.135979
vt 0.500000 0.085678
vt 0.487570 0.135979
vt 0.487570 0.135979
vt 0.513822 0.104460
vt 0.487570 0.135979
vt 0.486494 0.105712
vt 0.487570 0.135979
vt 0.487570 0.135979
vt 0.487570 0.135979
vt 0.486494 0.105712
vt 0.487570 0.135979
vt 0.512520 0.134122
vt 0.135873 0.199053
vt 0.487570 0.135979
vt 0.513822 0.036435
vt 0.487570 0.135979
vt 0.513822 0.036435
vt 0.512520 0.007390
vt 0.486494 0.035208
vt 0.487570 0.005571
vt 0.486178 0.104460
vt 0.513201 0.104728
vt 0.513507 0.035208
vt 0.486178 0.036434
vt 0.513506 0.105712
vt 0.512520 0.007390
vt 0.486178 0.104460
vt 0.513507 0.035208
vt 0.512520 0.007390
vt 0.486178 0.036435
vt 0.486781 0.103594
vt 0.513507 0.035208
vt 0.486178 0.104460
vt 0.513506 0.105712
vt 0.512520 0.134122
vt 0.486781 0.103594
vt 0.513506 0.035208
vt 0.486178 0.104460
vt 0.512520 0.007390
vt 0.486494 0.105712
vt 0.487570 0.135979
vt 0.513219 0.103595
vt 0.487570 0.135979
vt 0.486494 0.105712
vt 0.513822 0.104460
vt 0.487570 0.135979
vt 0.487570 0.135979
vt 0.135873 0.199053
vt 0.487570 0.135979
vt 0.513506 0.035208
vt 0.135873 0.199053
vt 0.486178 0.104460
vt 0.513822 0.036434
vt 0.486494 0.035208
vt 0.486494 0.919404
vt 0.513822 0.036435
vt 0.920139 0.036435
vt 0.486178 0.036435
vt 0.487570 0.005572
vt 0.486781 0.103595
vt 0.512520 0.007390
vt 0.513507 0.035208
vt 0.486178 0.036435
vt 0.486178 0.036435
vt 0.135873 0.199053
vt 0.486178 0.104460
vt 0.487570 0.135979
vt 0.512308 0.134950
vt 0.513506 0.105712
vt 0.487570 0.005572
vt 0.486178 0.036434
vt 0.513506 0.035208
vt 0.512520 0.007390
vt 0.487570 0.135979
vt 0.513506 0.035208
vt 0.487570 0.005572
vt 0.486494 0.105712
vt 0.487570 0.135979
vt 0.486494 0.105712
vt 0.487570 0.135979
vt 0.512520 0.134122
vt 0.487570 0.135979
vt 0.486799 0.104728
vt 0.487570 0.135979
vt 0.486494 0.105712
vt 0.512520 0.134122
vt 0.513219 0.103594
vt 0.513202 0.104728
vt 0.512520 0.007390
vt 0.513507 0.035208
vt 0.513506 0.105712
vt 0.512520 0.007390
vt 0.486781 0.103595
vt 0.513506 0.035208
vt 0.512520 0.007390
vt 0.487570 0.005572
vt 0.486781 0.103595
vt 0.513507 0.035208
vt 0.486178 0.104460
vt 0.512308 0.134950
vt 0.104460 0.148359
vt 0.512520 0.007390
vt 0.513822 0.036435
vt 0.920139 0.036435
vt 0.513822 0.104460
vt 0.487570 0.135979
vt 0.486494 0.105712
vt 0.512520 0.134122
vt -0.230331 0.488986
vt -0.005648 0.395993
vt -0.230331 0.758169
vt -0.230331 0.395993
vt 0.513577 0.486424
vt 0.468580 0.485067
vt 0.458133 0.625068
vt 0.527047 0.488924
vt 0.535032 0.511335
vt 0.518639 0.510801
vt 0.468581 0.485066
vt 0.526750 0.488697
vt 0.535109 0.511039
vt 0.518587 0.510769
vt 0.546272 0.457708
vt 0.458307 0.442257
vt 0.538035 0.434291
vt 0.300705 0.457708
vt 0.318548 0.434291
vt 0.694232 0.451738
vt 0.546272 0.699295
vt 0.546272 0.321921
vt 0.321921 0.449904
vt 0.490413 0.581648
vt 0.509587 0.581648
vt 0.500000 0.456560
vt 0.647381 0.561590
vt 0.652681 0.552998
vt 0.482607 0.454004
vt 0.471739 0.524281
vt 0.523313 0.538648
vt 0.528261 0.524281
vt 0.528261 0.531731
vt 0.505505 0.549867
vt 0.538000 0.378278
vt 0.471739 0.528875
vt 0.485454 0.615701
vt 0.528098 0.489380
vt 0.462383 0.590014
vt 0.467631 0.593251
vt 0.528261 0.524642
vt 0.533417 0.617476
vt 0.471739 0.533417
vt 0.528261 0.621722
vt 0.528261 0.526831
vt 0.480113 0.543862
vt 0.521303 0.544958
vt 0.524936 0.380017
vt 0.450133 0.586643
vt 0.450133 0.598353
vt 0.526531 0.592498
vt 0.500000 0.526531
vt 0.502454 0.450133
vt 0.494145 0.450133
vt 0.528098 0.489380
vt 0.538035 0.434291
vt 0.318549 0.434291
vt 0.693787 0.450991
vt 0.471739 0.525807
vt 0.497546 0.450133
vt 0.505855 0.450133
vt 0.526531 0.592498
vt 0.528098 0.489380
vt 0.471739 0.524281
vt 0.480119 0.546380
vt 0.523982 0.537049
vt 0.536470 0.618299
vt 0.483606 0.549867
vt 0.471739 0.529467
vt 0.525556 0.384758
vt 0.885067 0.013879
vt 0.895160 0.022391
vt 0.378811 0.896066
vt 0.371641 0.900140
vt 0.110165 0.022391
vt 0.121599 0.022391
vt 0.046781 0.022391
vt 0.055521 0.013879
vt 0.494139 0.895883
vt 0.137450 0.057753
vt 0.108386 0.050209
vt 0.116052 0.080060
vt 0.490360 0.389981
vt 0.489139 0.390030
vt 0.495062 0.345833
vt 0.495062 0.347641
vt 0.489949 0.346870
vt 0.469026 0.352625
vt 0.541213 0.467674
vt 0.474924 0.340332
vt 0.510739 0.335580
vt 0.507390 0.336183
vt 0.476790 0.378930
vt 0.485817 0.345936
vt 0.488110 0.347505
vt 0.541044 0.664550
vt 0.521064 0.475521
vt 0.505292 0.481269
vt 0.507639 0.480144
vt 0.544102 0.664361
vt 0.486489 0.542255
vt 0.509965 0.542342
vt 0.508505 0.545232
vt 0.498456 0.354663
vt 0.497236 0.355396
vt 0.540737 0.467597
vt 0.498067 0.500610
vt 0.503158 0.501152
vt 0.503158 0.499780
vt 0.493773 0.389982
vt 0.492552 0.390031
vt 0.498475 0.345833
vt 0.498475 0.347641
vt 0.493362 0.346870
vt 0.498456 0.551911
vt 0.497236 0.552642
vt 0.540737 0.664843
vt 0.498067 0.500610
vt 0.493773 0.587227
vt 0.492552 0.587277
vt 0.498475 0.543079
vt 0.498475 0.544888
vt 0.493362 0.544116
vt 0.490355 0.587227
vt 0.489134 0.587277
vt 0.495057 0.543079
vt 0.495057 0.544888
vt 0.489944 0.544116
vt 0.455099 0.664788
vt 0.474847 0.536777
vt 0.476546 0.478331
vt 0.489448 0.485014
vt 0.487193 0.488822
vt 0.490595 0.533374
vt 0.489270 0.532186
vt 0.492555 0.544841
vt 0.492662 0.543304
vt 0.480555 0.544967
vt 0.480518 0.543166
vt 0.269567 0.983496
vt 0.203574 0.058012
vt 0.133101 0.983496
vt 0.544800 0.628001
vt 0.458456 0.624745
vt 0.535062 0.511436
vt 0.518600 0.510936
vt 0.518461 0.489294
vt 0.535626 0.489183
vt 0.458439 0.624762
vt 0.535061 0.511436
vt 0.518600 0.510936
vt 0.518461 0.489294
vt 0.535625 0.489183
vt 0.546272 0.460245
vt 0.536556 0.428067
vt 0.546272 0.452984
vt 0.489983 0.418352
vt 0.453728 0.460245
vt 0.692670 0.444079
vt 0.453728 0.444079
vt 0.546272 0.451782
vt 0.321921 0.446316
vt 0.321921 0.454439
vt 0.541056 0.454439
vt 0.458944 0.446316
vt 0.497343 0.418352
vt 0.500434 0.456560
vt 0.482615 0.453990
vt 0.528261 0.532619
vt 0.502865 0.549867
vt 0.471739 0.528742
vt 0.471739 0.530463
vt 0.539668 0.615701
vt 0.540245 0.391236
vt 0.529768 0.391236
vt 0.506204 0.391236
vt 0.528095 0.489378
vt 0.536692 0.380381
vt 0.519041 0.547220
vt 0.531211 0.616646
vt 0.526836 0.381548
vt 0.480577 0.546838
vt 0.471739 0.526831
vt 0.518319 0.546634
vt 0.520746 0.537851
vt 0.483799 0.548002
vt 0.485454 0.615701
vt 0.537851 0.391236
vt 0.499633 0.526531
vt 0.528089 0.489375
vt 0.463688 0.590819
vt 0.500273 0.593251
vt 0.499727 0.593251
vt 0.500000 0.490993
vt 0.467379 0.424132
vt 0.312933 0.435949
vt 0.695906 0.456083
vt 0.312946 0.457836
vt 0.490020 0.418352
vt 0.453728 0.460245
vt 0.546272 0.456083
vt 0.453728 0.456069
vt 0.540437 0.441743
vt 0.500433 0.456560
vt 0.475888 0.542149
vt 0.524444 0.538778
vt 0.549867 0.391236
vt 0.510409 0.391236
vt 0.536159 0.391236
vt 0.528095 0.489378
vt 0.528261 0.529731
vt 0.529731 0.378278
vt 0.478231 0.544492
vt 0.471739 0.528803
vt 0.516394 0.380870
vt 0.528261 0.391236
vt 0.481232 0.547492
vt 0.528261 0.529937
vt 0.497623 0.450133
vt 0.528089 0.489375
vt 0.463689 0.590819
vt 0.500000 0.490993
vt 0.378595 0.895883
vt 0.506608 0.013879
vt 0.493405 0.013879
vt 0.500006 0.891627
vt 0.898798 0.514848
vt 0.890372 0.485164
vt 0.869113 0.502573
vt 0.944479 0.013879
vt 0.953219 0.022391
vt 0.505861 0.895883
vt 0.376681 0.891627
vt 0.115204 0.013879
vt 0.126638 0.013879
vt 0.500741 0.895884
vt 0.062123 0.013879
vt 0.053382 0.022391
vt 0.371641 0.900140
vt 0.327333 0.951693
vt 0.490360 0.388685
vt 0.489139 0.392374
vt 0.542706 0.467574
vt 0.465528 0.467597
vt 0.474619 0.339486
vt 0.519885 0.477400
vt 0.507697 0.485219
vt 0.505459 0.481294
vt 0.507745 0.334995
vt 0.508587 0.484679
vt 0.507020 0.485583
vt 0.510453 0.489467
vt 0.465701 0.664405
vt 0.471121 0.543250
vt 0.474020 0.544947
vt 0.508603 0.533303
vt 0.520864 0.476352
vt 0.505241 0.481184
vt 0.507666 0.480350
vt 0.507766 0.530710
vt 0.490740 0.543608
vt 0.484315 0.542082
vt 0.478892 0.566618
vt 0.498456 0.355598
vt 0.497236 0.354803
vt 0.540737 0.467597
vt 0.502940 0.336246
vt 0.498073 0.500615
vt 0.493773 0.388684
vt 0.492552 0.392375
vt 0.540731 0.467574
vt 0.498456 0.552844
vt 0.497236 0.552048
vt 0.540737 0.664843
vt 0.502940 0.533492
vt 0.498073 0.500615
vt 0.493773 0.585931
vt 0.492552 0.589620
vt 0.540734 0.664820
vt 0.490355 0.585931
vt 0.489134 0.589620
vt 0.542707 0.664820
vt 0.466041 0.664788
vt 0.476324 0.536105
vt 0.476561 0.478330
vt 0.487259 0.488580
vt 0.486958 0.489011
vt 0.488146 0.489697
vt 0.480518 0.544145
vt 0.476574 0.543159
vt 0.466545 0.567506
vt 0.481474 0.543024
vt 0.481545 0.544833
vt 0.266136 0.983496
vt 0.170006 0.136898
vt 0.103751 0.842060
vt 0.896282 0.157836
vt 0.835100 0.903241
vt 0.138588 0.983496
vt 0.984492 2.691770
vt 1.074055 2.764419
vt 0.880669 2.768011
vt 0.001510 2.763369
vt 0.880669 2.768012
vt 0.854260 -1.767651
vt 0.854260 -0.002316
vt 1.105877 0.332995
vt 1.253055 -1.767201
vt -0.002480 2.768012
vt 1.105877 1.138772
vt 0.933548 2.715132
vt -0.055360 2.715132
vt 1.036526 2.715132
vt 1.158756 0.280116
vt 1.174584 0.280590
vt 0.933548 -0.055360
vt -0.067983 -1.714818
vt 0.859931 2.715132
vt 1.158756 0.661888
vt 1.252713 0.848476
vt 1.236924 1.138686
vt 0.119331 2.768011
vt 0.145718 -1.767588
vt -0.010920 2.763369
vt 0.119331 2.768012
vt 0.145740 -0.002316
vt -0.105877 0.332995
vt -0.122051 0.333469
vt 0.119331 -0.002480
vt -0.105877 1.138772
vt -0.158756 0.280116
vt -0.184002 2.715101
vt -0.199829 -1.714650
vt -0.174584 -1.714748
vt -0.158756 0.661888
vt -0.199835 -1.714651
vt -0.199829 1.086436
vt 0.130443 0.924005
vt 0.206438 0.524982
vt 0.869557 0.924005
vt 0.130443 0.075995
vt 0.419613 0.859578
vt 0.217195 0.730948
vt 0.445385 0.424310
vt 0.706428 0.924097
vt 0.710430 0.821041
vt 0.713710 0.921796
vt 0.441179 0.617687
vt 0.444818 0.424310
vt 0.720357 0.821041
vt 0.724359 0.924097
vt 0.717077 0.921796
vt 0.399862 0.362234
vt 0.399862 0.362234
vt 0.331257 0.362234
vt 0.668743 0.362234
vt 0.912226 0.597245
vt 0.916228 0.494189
vt 0.919815 0.594638
vt 0.710430 0.922832
vt 0.716770 0.921489
vt 0.420018 0.068605
vt 0.068605 0.362234
vt 0.068605 0.362234
vt 0.000000 0.362234
vt 0.337487 0.362234
vt 0.420018 0.637766
vt 0.420018 0.585268
vt 0.710430 0.821041
vt 0.713710 0.921796
vt 0.236808 0.741452
vt 0.240089 0.842206
vt 0.717077 0.921796
vt 0.420018 0.931395
vt 0.931395 0.362234
vt 1.000000 0.362234
vt 0.931395 0.362234
vt 0.662513 0.362234
vt 0.420018 1.000000
vt 0.710430 0.821041
vt 0.713710 0.921796
vt 0.236808 0.741452
vt 0.240089 0.842206
vt 0.720357 0.821041
vt 0.717077 0.921796
vt 0.003084 0.730948
vt 0.236977 0.741620
vt 0.720557 0.820841
vt 0.710430 0.821041
vt 0.713710 0.921796
vt 0.717077 0.921796
vt 0.919144 0.494862
vt 0.714017 0.921490
vt 0.236808 0.843243
vt 0.232806 0.740187
vt 0.240395 0.742795
vt 0.916228 0.595981
vt 0.919508 0.495226
vt 0.710430 0.821041
vt 0.713710 0.921796
vt 0.720357 0.821041
vt 0.717077 0.921796
vt 0.710230 0.820841
vt 0.239725 0.842571
vt 0.716770 0.921490
vt 0.713710 0.921796
vt 0.236808 0.741452
vt 0.240089 0.842207
vt 0.720357 0.821041
vt 0.710430 0.821041
vt 0.017339 1.305733
vt 0.600779 0.463248
vt 0.563671 0.463248
vt 0.588045 0.231624
vt 0.476719 0.231624
vt 0.452344 0.000000
vt 0.489453 0.000000
vt 0.513828 0.463248
vt 0.489453 0.231624
vt 0.526562 0.231624
vt 0.452344 0.231624
vt 0.465078 0.463248
vt 0.832968 0.000000
vt 0.826879 0.299261
vt 0.819331 0.015748
vt 0.805065 0.300718
vt 0.812267 0.001526
vt 0.819331 0.284970
vt 0.794442 0.600178
vt 0.786725 0.300718
vt 0.800961 0.316466
vt 0.300978 0.870850
vt 0.272289 0.818960
vt 0.332242 0.821013
vt 0.887577 0.547235
vt 0.890700 0.601437
vt 0.856313 0.597072
vt 0.946893 0.887802
vt 0.938042 0.887802
vt 0.942467 0.601437
vt 0.945690 0.547235
vt 0.941265 0.260870
vt 0.950116 0.260870
vt 0.688633 0.601437
vt 0.563671 0.463248
vt 0.526562 0.463248
vt 0.550936 0.231624
vt 0.513828 0.231624
vt 0.489453 0.000000
vt 0.526562 0.000000
vt 0.550937 0.231624
vt 0.563671 0.000000
vt 0.588045 0.000000
vt 0.771285 0.001526
vt 0.778489 0.300718
vt 0.764221 0.284970
vt 0.796827 0.000000
vt 0.789110 0.299460
vt 0.782591 0.015748
vt 0.778488 0.300718
vt 0.771285 0.599911
vt 0.764221 0.316466
vt 0.825850 0.301977
vt 0.833567 0.601437
vt 0.819331 0.585689
vt 0.623501 0.806511
vt 0.626623 0.860713
vt 0.592236 0.856348
vt 0.570503 0.806511
vt 0.573625 0.860713
vt 0.539238 0.856348
vt 0.941265 0.547235
vt 0.932414 0.547235
vt 0.936839 0.260870
vt 0.960170 0.601437
vt 0.964595 0.887802
vt 0.955744 0.887802
vt 0.007530 0.876978
vt 0.022597 0.650806
vt 0.272289 0.818960
vt 0.942468 0.601437
vt 0.945690 0.547235
vt 0.213523 0.650806
vt 0.845232 0.226172
vt 0.052725 0.650806
vt 0.771285 0.001526
vt 0.778488 0.300718
vt 0.796828 0.000000
vt 0.789110 0.299460
vt 0.778488 0.300718
vt 0.771285 0.599911
vt 0.825850 0.301977
vt 0.833568 0.601437
vt 0.832969 0.000000
vt 0.826877 0.299262
vt 0.805064 0.300718
vt 0.812267 0.001526
vt 0.794443 0.600178
vt 0.786724 0.300718
vt 0.942467 0.601437
vt 0.945690 0.547235
vt 0.688632 0.601437
vt 0.771285 0.001526
vt 0.778489 0.300718
vt 0.796829 0.000000
vt 0.789109 0.299460
vt 0.778489 0.300718
vt 0.771285 0.599911
vt 0.825851 0.301978
vt 0.833569 0.601437
vt 0.858491 0.601437
vt 0.808025 0.302244
vt 0.815230 0.601437
vt 0.800961 0.585689
vt 0.833569 0.000000
vt 0.825850 0.299460
vt 0.805064 0.300718
vt 0.812267 0.001528
vt 0.794444 0.600179
vt 0.786723 0.300718
vt 0.945690 0.547235
vt 0.867832 0.226172
vt 0.860300 0.000000
vt 0.067790 0.650806
vt 0.771285 0.001526
vt 0.778487 0.300718
vt 0.796827 0.000000
vt 0.789110 0.299460
vt 0.778487 0.300718
vt 0.771285 0.599911
vt 0.825850 0.301977
vt 0.833567 0.601437
vt 0.936839 0.260870
vt 0.960169 0.601437
vt 0.858492 0.601437
vt 0.205991 0.852149
vt 0.808025 0.302244
vt 0.815228 0.601437
vt 0.833569 0.000000
vt 0.825850 0.299460
vt 0.805064 0.300718
vt 0.812267 0.001526
vt 0.794442 0.600178
vt 0.786724 0.300718
vt 0.942468 0.601437
vt 0.945691 0.547235
vt 0.778488 0.300718
vt 0.796828 0.000000
vt 0.778488 0.300718
vt 0.833568 0.601437
vt 0.858489 0.601437
vt 0.205994 0.852149
vt 0.832967 0.000000
vt 0.826879 0.299261
vt 0.805064 0.300718
vt 0.812266 0.001528
vt 0.794443 0.600177
vt 0.786724 0.300718
vt 0.045194 0.852149
vt 0.243651 0.650807
vt 0.588045 0.000000
vt 0.837698 0.226172
vt 0.845230 0.452344
vt 0.190928 0.852149
vt 0.832968 0.000000
vt 0.826877 0.299262
vt 0.805065 0.300718
vt 0.786725 0.300718
vt 0.272288 0.818961
vt 0.688635 0.601437
vt 0.771286 0.001528
vt 0.789109 0.299459
vt 0.771286 0.599909
vt 0.825850 0.301978
vt 0.936839 0.260870
vt 0.960170 0.601436
vt 0.030131 0.852148
vt 0.052722 0.650806
vt 0.771285 0.001526
vt 0.789110 0.299460
vt 0.778489 0.300718
vt 0.771285 0.599911
vt 0.825850 0.301977
vt 0.833568 0.601437
vt 0.124173 0.094068
vt 0.090403 0.094068
vt 0.038883 0.128108
vt 0.046386 0.125490
vt 0.038446 0.133564
vt 0.088975 0.128711
vt 0.088975 0.094772
vt 0.087903 0.000000
vt 0.053233 0.100511
vt 0.060673 0.116833
vt 0.038780 0.107596
vt 0.046970 0.122845
vt 0.149368 0.967994
vt 0.236755 0.967994
vt 0.193061 0.696610
vt 0.929191 0.976574
vt 0.968660 0.024817
vt 0.506205 0.927366
vt 0.091675 0.974231
vt 0.088936 0.926670
vt 0.119110 0.930500
vt 0.179207 0.926670
vt 0.181946 0.974231
vt 0.151772 0.970401
vt 0.588045 0.231624
vt 0.476719 0.231624
vt 0.513828 0.463248
vt 0.465078 0.463248
vt 0.808025 0.302244
vt 0.815228 0.601437
vt 0.833568 0.000000
vt 0.825850 0.299460
vt 0.812267 0.001526
vt 0.786725 0.300718
vt 0.272289 0.818960
vt 0.332242 0.821013
vt 0.550936 0.231624
vt 0.588045 0.000000
vt 0.771285 0.001526
vt 0.778489 0.300718
vt 0.796827 0.000000
vt 0.778488 0.300718
vt 0.771285 0.599911
vt 0.825850 0.301977
vt 0.272289 0.818960
vt 0.942467 0.601437
vt 0.221057 0.852148
vt 0.771285 0.001526
vt 0.796828 0.000000
vt 0.825850 0.301977
vt 0.833569 0.601437
vt 0.808025 0.302244
vt 0.815228 0.601437
vt 0.833568 0.000000
vt 0.825850 0.299460
vt 0.805064 0.300718
vt 0.812267 0.001526
vt 0.794442 0.600178
vt 0.786724 0.300718
vt 0.221058 0.852148
vt 0.771285 0.001526
vt 0.778489 0.300718
vt 0.796829 0.000000
vt 0.789110 0.299460
vt 0.825850 0.301978
vt 0.205993 0.852149
vt 0.815230 0.601437
vt 0.825850 0.299460
vt 0.805064 0.300718
vt 0.812267 0.001528
vt 0.794444 0.600179
vt 0.688635 0.601437
vt 0.221055 0.852148
vt 0.771285 0.001526
vt 0.796827 0.000000
vt 0.789110 0.299460
vt 0.778487 0.300718
vt 0.771285 0.599911
vt 0.825850 0.301977
vt 0.960169 0.601437
vt 0.843429 0.601437
vt 0.037663 0.650806
vt 0.808025 0.302244
vt 0.815228 0.601437
vt 0.825850 0.299460
vt 0.805064 0.300718
vt 0.812267 0.001526
vt 0.786724 0.300718
vt 0.942468 0.601437
vt 0.860297 0.452344
vt 0.236122 0.852149
vt 0.796828 0.000000
vt 0.808025 0.302244
vt 0.815228 0.601437
vt 0.833568 0.000000
vt 0.825850 0.299460
vt 0.812266 0.001528
vt 0.794443 0.600177
vt 0.786725 0.300718
vt 0.850960 0.827609
vt 0.815227 0.601437
vt 0.833567 0.000000
vt 0.588045 0.000000
vt 0.272288 0.818960
vt 0.052726 0.650806
vt 0.845230 0.226172
vt 0.852762 0.000000
vt 0.771286 0.001528
vt 0.789109 0.299459
vt 0.771286 0.599909
vt 0.960170 0.601437
vt 0.221060 0.852148
vt 0.771285 0.001526
vt 0.789110 0.299460
vt 0.771285 0.599911
vt 0.825850 0.301977
vt 0.117858 0.094068
vt 0.090624 0.094068
vt 0.088975 0.094068
vt 0.053233 0.100511
vt 0.060673 0.116833
vt 0.038780 0.107596
vt 0.046970 0.122845
vt 0.193061 0.696610
vt 0.922582 0.799899
vt 0.915972 0.601437
vt 0.929191 0.601437
vt 0.948832 0.201492
vt 0.929005 0.024817
vt 0.917780 0.424634
vt 0.151772 0.970401
vt 0.142669 0.067696
vt 0.202174 -0.000000
vt 0.797826 0.000000
vt 0.022274 0.572219
vt 0.149811 0.601913
vt 0.982879 0.572219
vt 0.985661 0.460935
vt 0.982879 0.525889
vt 0.014339 0.460935
vt 0.017121 0.525889
vt 0.017121 0.457001
vt 0.014339 0.521954
vt 0.017121 0.549662
vt 0.798578 0.433228
vt 0.982879 0.457001
vt 0.985661 0.521954
vt 0.982879 0.549662
vt 0.500000 0.978709
vt 0.790406 0.016361
vt 0.158168 0.500000
vt 0.500000 0.021291
vt 0.209371 0.982624
vt 0.841832 0.500000
vt 0.080364 0.572219
vt 0.162586 0.595992
vt 0.837414 0.572219
vt 0.162586 0.572219
vt 0.974291 0.525889
vt 0.069698 0.433228
vt 0.025709 0.457001
vt 0.069698 0.525889
vt 0.162586 0.503331
vt 0.930302 0.433228
vt 0.930302 0.525889
vt 0.146023 0.069085
vt 0.842566 0.935455
vt 0.793425 0.974291
vt 0.796863 0.977728
vt 0.846002 0.938890
vt 0.990854 0.572219
vt 0.978709 0.572219
vt 0.984785 0.595992
vt 0.990854 0.595992
vt 0.978709 0.595992
vt 0.984782 0.572219
vt 0.841832 0.572219
vt 0.848775 0.595992
vt 0.009146 0.572219
vt 0.021291 0.572219
vt 0.015215 0.595992
vt 0.009146 0.595992
vt 0.021291 0.595992
vt 0.015218 0.572219
vt 0.152963 0.595992
vt 0.151225 0.595992
vt 0.146023 0.595992
vt 0.158168 0.595992
vt 0.152096 0.572219
vt 0.981454 0.572219
vt 0.197987 0.017121
vt 0.837414 0.069698
vt 0.796861 0.022274
vt 0.016086 0.595992
vt 0.014004 0.572219
vt 0.009146 0.457001
vt 0.021291 0.457001
vt 0.015218 0.433228
vt 0.511279 0.015218
vt 0.009146 0.487483
vt 0.021291 0.503331
vt 0.021291 0.479558
vt 0.009146 0.533813
vt 0.021291 0.549662
vt 0.206575 0.974291
vt 0.158292 0.934596
vt 0.162586 0.930302
vt 0.204699 0.976166
vt 0.157434 0.935455
vt 0.203139 0.977726
vt 0.206575 0.974291
vt 0.793425 0.025709
vt 0.794835 0.024300
vt 0.794835 0.024300
vt 0.793425 0.025709
vt 0.841708 0.065404
vt 0.206575 0.025709
vt 0.157434 0.064545
vt 0.203712 0.022847
vt 0.162586 0.069698
vt 0.158292 0.065404
vt 0.203140 0.022274
vt 0.162587 0.069697
vt 0.848772 0.433228
vt 0.841832 0.479558
vt 0.847037 0.503331
vt 0.848772 0.479558
vt 0.853977 0.549662
vt 0.841832 0.549662
vt 0.848772 0.525889
vt 0.990854 0.457001
vt 0.978709 0.457001
vt 0.984782 0.433228
vt 0.488721 0.984782
vt 0.990854 0.487483
vt 0.978709 0.503331
vt 0.978709 0.479558
vt 0.990854 0.549662
vt 0.978709 0.549662
vt 0.984782 0.525889
vt 0.152096 0.919636
vt 0.146023 0.479558
vt 0.158168 0.479558
vt 0.151228 0.503331
vt 0.158168 0.525889
vt 0.153310 0.511279
vt 0.146023 0.457001
vt 0.158168 0.457001
vt 0.151228 0.433228
vt 0.152963 0.503331
vt 0.153310 0.488721
vt 0.217241 0.015218
vt 0.009146 0.479558
vt 0.015218 0.503331
vt 0.018339 0.549662
vt 0.847904 0.080364
vt 0.846690 0.488721
vt 0.843451 0.488721
vt 0.853977 0.525889
vt 0.841832 0.525889
vt 0.849929 0.549662
vt 0.782759 0.984782
vt 0.990854 0.479558
vt 0.984782 0.503331
vt 0.990854 0.525889
vt 0.978709 0.525889
vt 0.984782 0.549662
vt 0.841708 0.934596
vt 0.796861 0.977726
vt 0.796860 0.977726
vt 0.837413 0.930303
vt 0.863123 0.065297
vt 0.136877 0.065297
vt 0.797826 -0.000000
vt 0.202174 -0.000000
s 0
usemtl GT_MC_Tiling_Dark_Concrete_Slab
f 14/1/1 24/2/1 42/3/1
f 26/4/2 126/5/2 25/6/2
f 114/7/3 91/8/3 90/7/3
f 146/9/4 19/10/4 22/11/4
f 105/12/5 131/13/5 99/14/5
f 144/15/3 98/16/3 107/15/3
f 101/17/6 128/18/6 93/19/6
f 153/20/3 54/21/3 152/22/3
f 122/23/2 127/24/2 121/25/2
f 13/26/3 3/27/3 4/26/3
f 89/28/3 85/29/3 61/30/3
f 72/31/7 70/32/7 82/8/7
f 148/33/3 106/34/3 94/33/3
f 150/35/8 15/26/8 17/36/8
f 5/26/3 11/27/3 16/27/3
f 65/37/4 75/38/4 79/39/4
f 36/43/9 139/44/9 26/45/9
f 79/46/3 78/47/3 68/48/3
f 142/49/3 101/50/3 93/49/3
f 104/23/10 134/51/10 103/52/10
f 145/53/3 107/15/3 96/53/3
f 99/14/11 136/54/11 98/52/11
f 100/55/12 129/56/12 91/57/12
f 94/58/13 135/59/13 95/52/13
f 120/52/14 140/60/14 123/61/14
f 77/62/7 70/32/7 81/63/7
f 11/64/13 153/65/13 3/66/13
f 118/61/8 124/67/8 114/52/8
f 152/68/15 3/27/15 153/69/15
f 59/70/7 66/71/7 75/46/7
f 48/72/8 82/73/8 49/74/8
f 92/52/16 129/75/16 106/14/16
f 21/76/3 95/77/3 105/76/3
f 10/36/17 2/78/17 9/1/17
f 14/79/10 45/80/10 12/81/10
f 83/82/3 71/83/3 87/63/3
f 19/10/3 14/1/3 6/1/3
f 22/11/7 30/84/7 146/9/7
f 123/25/18 125/51/18 117/23/18
f 111/52/16 131/67/16 112/85/16
f 115/57/19 138/86/19 116/55/19
f 123/87/3 108/88/3 113/87/3
f 42/92/3 144/15/3 145/53/3
f 13/26/15 149/93/15 18/27/15
f 25/6/20 126/5/20 28/94/20
f 4/26/4 24/2/4 7/95/4
f 93/19/16 129/75/16 92/52/16
f 22/11/7 1/96/7 30/84/7
f 38/96/8 5/26/8 37/9/8
f 143/50/3 97/97/3 101/50/3
f 66/98/15 52/99/15 67/100/15
f 90/52/11 128/60/11 110/61/11
f 50/101/3 93/49/3 92/101/3
f 110/57/5 133/86/5 102/55/5
f 45/102/3 142/49/3 150/103/3
f 59/104/1 89/105/1 84/106/1
f 56/107/1 137/108/1 36/4/1
f 57/34/3 92/101/3 106/34/3
f 33/109/3 21/76/3 153/20/3
f 112/25/17 134/51/17 104/23/17
f 121/85/9 127/67/9 120/52/9
f 76/110/3 73/111/3 83/82/3
f 120/112/3 113/87/3 111/112/3
f 20/52/21 141/113/21 122/23/21
f 24/114/22 54/21/22 151/16/22
f 77/115/15 79/39/15 75/38/15
f 53/116/23 141/117/23 56/107/23
f 11/27/24 147/68/24 33/69/24
f 150/35/17 12/1/17 45/3/17
f 97/52/25 133/121/25 101/58/25
f 116/55/20 138/86/20 20/52/20
f 96/122/26 130/123/26 97/52/26
f 70/124/13 52/99/13 55/125/13
f 98/52/11 136/54/11 107/19/11
f 108/23/27 136/24/27 113/25/27
f 103/52/26 132/126/26 100/55/26
f 114/52/8 124/67/8 115/85/8
f 117/23/23 125/51/23 27/52/23
f 2/127/7 34/128/7 40/129/7
f 77/62/7 67/130/7 70/32/7
f 138/131/3 124/8/3 137/132/3
f 33/109/3 148/33/3 154/77/3
f 52/130/7 49/8/7 55/133/7
f 117/88/3 109/134/3 108/88/3
f 154/77/3 94/33/3 95/77/3
f 150/103/3 57/34/3 147/135/3
f 116/133/3 103/136/3 100/133/3
f 69/137/13 81/138/13 87/139/13
f 65/140/3 58/128/3 89/28/3
f 151/16/3 99/21/3 98/16/3
f 47/45/28 127/141/28 23/43/28
f 37/142/7 39/143/7 29/111/7
f 59/70/7 60/88/7 74/87/7
f 76/110/3 85/29/3 63/144/3
f 6/147/3 12/81/3 9/81/3
f 102/55/29 133/86/29 109/52/29
f 113/61/16 131/67/16 111/52/16
f 45/102/3 145/53/3 43/97/3
f 33/109/3 57/34/3 148/33/3
f 41/148/1 74/98/1 60/100/1
f 41/148/10 62/149/10 44/125/10
f 37/9/7 8/96/7 38/96/7
f 23/150/30 141/117/30 53/116/30
f 88/106/17 76/151/17 86/152/17
f 40/78/1 19/10/1 6/1/1
f 121/71/3 111/112/3 112/71/3
f 72/31/7 64/153/7 86/154/7
f 2/127/7 32/155/7 34/128/7
f 150/103/3 142/49/3 50/101/3
f 26/156/3 28/157/3 36/132/3
f 106/14/27 132/158/27 94/12/27
f 22/11/7 40/78/7 1/96/7
f 72/159/24 87/160/24 81/115/24
f 88/161/7 60/88/7 84/28/7
f 35/162/13 18/147/13 149/163/13
f 119/55/30 139/56/30 118/57/30
f 95/52/13 135/59/13 105/122/13
f 27/134/3 102/164/3 109/134/3
f 122/130/3 112/71/3 104/130/3
f 135/166/3 132/167/3 134/130/3
f 38/96/7 32/78/7 2/78/7
f 27/52/31 126/126/31 119/55/31
f 55/125/24 82/168/24 70/124/24
f 109/52/32 130/113/32 108/23/32
f 115/8/3 100/133/3 91/8/3
f 88/161/7 62/164/7 60/88/7
f 75/46/7 67/130/7 77/62/7
f 10/36/3 12/1/3 17/36/3
f 61/139/10 88/169/10 89/170/10
f 86/154/7 62/164/7 88/161/7
f 146/9/7 31/93/7 149/93/7
f 6/147/10 2/171/10 40/172/10
f 41/173/7 44/164/7 48/153/7
f 59/70/7 74/87/7 66/71/7
f 91/85/11 128/60/11 90/52/11
f 107/19/12 130/174/12 96/17/12
f 20/136/3 104/130/3 103/136/3
f 28/94/19 140/175/19 47/150/19
f 64/168/17 44/125/17 62/149/17
f 119/164/3 110/153/3 102/164/3
f 43/97/3 96/53/3 97/97/3
f 54/21/3 105/76/3 99/21/3
f 23/176/3 56/177/3 36/132/3
f 35/93/24 5/26/24 16/27/24
f 118/153/3 90/7/3 110/153/3
f 51/74/4 66/73/4 46/178/4
f 65/140/3 68/48/3 80/179/3
f 19/10/3 4/26/3 7/95/3
f 83/39/8 72/159/8 76/151/8
f 1079/413/13 1097/414/13 1078/415/13
f 1081/416/10 1082/417/10 1080/414/10
f 1083/418/3 1086/419/3 1082/420/3
f 1087/413/13 1084/421/13 1086/417/13
f 1085/422/7 1080/423/7 1084/419/7
f 1086/424/8 1080/425/8 1082/426/8
f 1083/426/4 1085/427/4 1087/424/4
f 1089/416/10 1090/417/10 1088/421/10
f 1091/428/3 1094/429/3 1090/430/3
f 1095/413/13 1092/421/13 1094/417/13
f 1093/431/7 1088/430/7 1092/429/7
f 1094/432/8 1088/433/8 1090/434/8
f 1091/434/4 1093/435/4 1095/432/4
f 1096/436/4 1077/437/4 1079/438/4
f 1100/439/3 1096/440/3 1078/441/3
f 1098/414/10 1096/413/10 1100/415/10
f 1097/437/8 1100/436/8 1078/438/8
f 1103/415/13 1102/442/13 1101/414/13
f 1107/443/3 1104/444/3 1103/445/3
f 1105/414/10 1108/446/10 1107/415/10
f 1101/445/7 1106/447/7 1105/443/7
f 1101/448/8 1107/449/8 1103/450/8
f 1106/451/4 1104/450/4 1108/449/4
f 1111/415/13 1110/442/13 1109/414/13
f 1115/452/3 1112/453/3 1111/454/3
f 1113/414/10 1116/446/10 1115/415/10
f 1109/454/7 1114/455/7 1113/452/7
f 1109/456/8 1115/457/8 1111/458/8
f 1114/459/4 1112/458/4 1116/457/4
f 1097/441/7 1099/440/7 1098/439/7
f 1137/460/13 1119/461/13 1118/462/13
f 1122/462/10 1121/463/10 1120/460/10
f 1126/464/3 1123/465/3 1122/466/3
f 1124/460/13 1127/461/13 1126/462/13
f 1120/466/7 1125/467/7 1124/464/7
f 1120/425/4 1126/424/4 1122/426/4
f 1125/427/8 1123/426/8 1127/424/8
f 1130/462/10 1129/463/10 1128/460/10
f 1134/468/3 1131/469/3 1130/470/3
f 1132/460/13 1135/461/13 1134/462/13
f 1128/470/7 1133/471/7 1132/468/7
f 1128/433/4 1134/432/4 1130/434/4
f 1133/435/8 1131/434/8 1135/432/8
f 1117/437/8 1136/436/8 1119/438/8
f 1136/472/3 1140/473/3 1118/474/3
f 1136/461/10 1138/460/10 1140/462/10
f 1140/436/4 1137/437/4 1118/438/4
f 1142/463/13 1143/462/13 1141/460/13
f 1144/475/3 1147/476/3 1143/477/3
f 1148/461/10 1145/460/10 1147/462/10
f 1146/478/7 1141/477/7 1145/476/7
f 1147/449/4 1141/448/4 1143/450/4
f 1144/450/8 1146/451/8 1148/449/8
f 1150/463/13 1151/462/13 1149/460/13
f 1152/479/3 1155/480/3 1151/481/3
f 1156/461/10 1153/460/10 1155/462/10
f 1154/482/7 1149/481/7 1153/480/7
f 1155/457/4 1149/456/4 1151/458/4
f 1152/458/8 1154/459/8 1156/457/8
f 1139/472/7 1137/483/7 1138/473/7
f 5017/2122/3 5019/2123/3 5020/2124/3
f 5013/2125/3 5014/2126/3 5015/2127/3
f 5026/2128/7 5024/2129/7 5028/2130/7
f 5022/2131/7 5021/2132/7 5025/2133/7
f 5017/2134/1 5021/2135/1 5018/2136/1
f 5015/2137/13 5026/2138/13 5013/2139/13
f 5013/2139/24 5024/2140/24 5016/2141/24
f 5014/2136/15 5026/2138/15 5015/2137/15
f 5020/2142/10 5022/2143/10 5017/2134/10
f 5016/2144/8 5023/2145/8 5019/2146/8
f 5019/2141/17 5022/2143/17 5020/2142/17
f 5018/2147/4 5027/2148/4 5014/2149/4
f 5036/2122/3 5034/2123/3 5035/2124/3
f 5031/2150/3 5029/2130/3 5032/2151/3
f 5043/2128/7 5037/2129/7 5044/2130/7
f 5039/2131/7 5041/2132/7 5042/2133/7
f 5036/2134/1 5041/2135/1 5033/2136/1
f 5029/2142/24 5037/2140/24 5032/2141/24
f 5030/2136/15 5043/2138/15 5031/2152/15
f 5035/2142/10 5039/2143/10 5036/2134/10
f 5032/2144/8 5040/2153/8 5034/2146/8
f 5034/2141/17 5039/2143/17 5035/2142/17
f 5031/2152/13 5044/2154/13 5029/2142/13
f 5033/2147/4 5038/2155/4 5030/2149/4
f 14/1/1 7/95/1 24/2/1
f 26/4/2421 139/108/2421 126/5/2421
f 114/7/3 115/8/3 91/8/3
f 146/9/4 13/26/4 19/10/4
f 105/12/2422 135/158/2422 131/13/2422
f 144/15/3 151/16/3 98/16/3
f 101/17/2423 133/174/2423 128/18/2423
f 153/20/3 21/76/3 54/21/3
f 122/23/2424 141/113/2424 127/24/2424
f 13/26/3 18/27/3 3/27/3
f 89/28/3 58/128/3 85/29/3
f 18/147/3 16/81/3 11/64/3
f 72/31/7 81/63/7 70/32/7
f 148/33/3 57/34/3 106/34/3
f 150/35/8 147/68/8 15/26/8
f 2/171/10 6/147/10 9/81/10
f 5/26/3 15/26/3 11/27/3
f 65/37/4 59/104/4 75/38/4
f 24/114/22 151/16/22 144/15/22
f 36/43/2425 137/141/2425 139/44/2425
f 79/46/3 69/3209/3 78/47/3
f 142/49/3 143/50/3 101/50/3
f 145/53/3 144/15/3 107/15/3
f 99/14/2426 131/13/2426 136/54/2426
f 100/55/2427 132/126/2427 129/56/2427
f 94/58/2428 132/121/2428 135/59/2428
f 139/3210/22 137/132/22 124/8/22
f 120/52/2429 127/67/2429 140/60/2429
f 11/64/13 33/80/13 153/65/13
f 118/61/2430 139/60/2430 124/67/2430
f 152/68/15 4/26/15 3/27/15
f 48/72/8 64/3211/8 82/73/8
f 5/26/3 10/36/3 17/36/3
f 21/76/3 154/77/3 95/77/3
f 46/3212/7 48/153/7 51/71/7
f 48/153/7 52/130/7 51/71/7
f 10/36/17 38/96/17 2/78/17
f 83/82/3 73/111/3 71/83/3
f 19/10/3 7/95/3 14/1/3
f 69/3209/3 71/83/3 78/47/3
f 123/25/2431 140/24/2431 125/51/2431
f 115/57/2432 124/56/2432 138/86/2432
f 123/87/3 117/88/3 108/88/3
f 42/92/22 24/114/22 144/15/22
f 13/26/15 146/9/15 149/93/15
f 4/26/4 152/68/4 24/2/4
f 93/19/2433 128/18/2433 129/75/2433
f 38/96/8 10/36/8 5/26/8
f 143/50/3 43/97/3 97/97/3
f 76/151/8 72/159/8 86/152/8
f 66/98/15 51/3215/15 52/99/15
f 41/173/7 48/153/7 46/3212/7
f 50/101/3 142/49/3 93/49/3
f 110/57/2434 128/56/2434 133/86/2434
f 45/102/3 143/50/3 142/49/3
f 59/104/1 65/37/1 89/105/1
f 56/107/2435 138/3216/2435 137/108/2435
f 57/34/3 50/101/3 92/101/3
f 33/109/3 154/77/3 21/76/3
f 112/25/2436 131/24/2436 134/51/2436
f 18/147/3 11/64/3 3/66/3
f 76/110/3 63/144/3 73/111/3
f 120/112/3 123/87/3 113/87/3
f 20/52/2437 138/86/2437 141/113/2437
f 24/114/3 152/22/3 54/21/3
f 77/115/15 69/160/15 79/39/15
f 11/27/24 15/26/24 147/68/24
f 150/35/17 17/36/17 12/1/17
f 97/52/2438 130/123/2438 133/121/2438
f 28/94/2439 126/5/2439 125/3218/2439
f 108/23/2440 130/113/2440 136/24/2440
f 103/52/2441 134/51/2441 132/126/2441
f 8/144/7 37/142/7 29/111/7
f 37/9/7 35/93/7 39/93/7
f 52/130/7 48/153/7 49/8/7
f 117/88/3 27/134/3 109/134/3
f 154/77/3 148/33/3 94/33/3
f 150/103/95 50/101/95 57/34/95
f 116/133/3 20/136/3 103/136/3
f 69/137/13 77/3219/13 81/138/13
f 65/140/3 80/179/3 58/128/3
f 151/16/3 54/21/3 99/21/3
f 47/45/2442 140/44/2442 127/141/2442
f 59/70/7 84/28/7 60/88/7
f 76/110/3 61/30/3 85/29/3
f 56/107/2443 141/117/2443 138/3216/2443
f 66/73/4 74/3211/4 46/178/4
f 6/147/3 14/79/3 12/81/3
f 113/61/2444 136/60/2444 131/67/2444
f 45/102/3 42/92/3 145/53/3
f 33/109/3 147/135/3 57/34/3
f 5/26/3 17/36/3 15/26/3
f 41/148/1 46/3215/1 74/98/1
f 41/148/10 60/100/10 62/149/10
f 23/150/2445 127/175/2445 141/117/2445
f 35/162/7 149/163/7 31/163/7
f 88/106/17 61/105/17 76/151/17
f 40/78/1 22/11/1 19/10/1
f 121/71/3 120/112/3 111/112/3
f 72/31/7 82/8/7 64/153/7
f 36/132/3 28/157/3 47/3220/3
f 26/156/3 25/3221/3 28/157/3
f 106/14/2446 129/75/2446 132/158/2446
f 72/159/24 83/39/24 87/160/24
f 16/81/13 18/147/13 35/162/13
f 52/99/13 70/124/13 67/100/13
f 1/179/7 40/129/7 34/128/7
f 119/55/2447 126/126/2447 139/56/2447
f 45/102/3 43/97/3 143/50/3
f 27/134/3 119/164/3 102/164/3
f 122/130/3 121/71/3 112/71/3
f 89/170/10 88/169/10 84/3219/10
f 38/96/7 8/96/7 32/78/7
f 27/52/2448 125/51/2448 126/126/2448
f 55/125/24 49/3222/24 82/168/24
f 35/162/7 31/163/7 39/171/7
f 109/52/2449 133/86/2449 130/113/2449
f 115/8/3 116/133/3 100/133/3
f 42/65/10 45/80/10 14/79/10
f 69/3209/3 87/63/3 71/83/3
f 75/46/7 66/71/7 67/130/7
f 10/36/3 9/1/3 12/1/3
f 86/154/7 64/153/7 62/164/7
f 146/9/7 30/84/7 31/93/7
f 91/85/2450 129/67/2450 128/60/2450
f 107/19/2451 136/54/2451 130/174/2451
f 20/136/3 122/130/3 104/130/3
f 28/94/2452 125/3218/2452 140/175/2452
f 64/168/17 48/3222/17 44/125/17
f 119/164/3 118/153/3 110/153/3
f 43/97/3 145/53/3 96/53/3
f 54/21/3 21/76/3 105/76/3
f 36/132/3 47/3220/3 23/176/3
f 23/176/3 53/3223/3 56/177/3
f 35/93/24 37/9/24 5/26/24
f 118/153/3 114/7/3 90/7/3
f 65/140/3 79/46/3 68/48/3
f 131/3224/3 135/166/3 134/130/3
f 19/10/3 13/26/3 4/26/3
f 1096/440/3 1079/3355/3 1078/441/3
f 1079/413/13 1077/416/13 1097/414/13
f 1081/416/10 1083/413/10 1082/417/10
f 1083/418/3 1087/422/3 1086/419/3
f 1087/413/13 1085/416/13 1084/421/13
f 1085/422/7 1081/418/7 1080/423/7
f 1086/424/8 1084/427/8 1080/425/8
f 1083/426/4 1081/425/4 1085/427/4
f 1089/416/10 1091/413/10 1090/417/10
f 1091/428/3 1095/431/3 1094/429/3
f 1095/413/13 1093/416/13 1092/421/13
f 1093/431/7 1089/428/7 1088/430/7
f 1094/432/8 1092/435/8 1088/433/8
f 1091/434/4 1089/433/4 1093/435/4
f 1077/3355/7 1099/440/7 1097/441/7
f 1096/436/4 1099/3356/4 1077/437/4
f 1098/414/10 1099/416/10 1096/413/10
f 1097/437/8 1098/3356/8 1100/436/8
f 1103/415/13 1104/446/13 1102/442/13
f 1107/443/3 1108/447/3 1104/444/3
f 1105/414/10 1106/442/10 1108/446/10
f 1101/445/7 1102/444/7 1106/447/7
f 1101/448/8 1105/451/8 1107/449/8
f 1106/451/4 1102/448/4 1104/450/4
f 1111/415/13 1112/446/13 1110/442/13
f 1115/452/3 1116/455/3 1112/453/3
f 1113/414/10 1114/442/10 1116/446/10
f 1109/454/7 1110/453/7 1114/455/7
f 1109/456/8 1113/459/8 1115/457/8
f 1114/459/4 1110/456/4 1112/458/4
f 1118/474/3 1119/3357/3 1136/472/3
f 1137/460/13 1117/463/13 1119/461/13
f 1122/462/10 1123/461/10 1121/463/10
f 1126/464/3 1127/467/3 1123/465/3
f 1124/460/13 1125/463/13 1127/461/13
f 1120/466/7 1121/465/7 1125/467/7
f 1120/425/4 1124/427/4 1126/424/4
f 1125/427/8 1121/425/8 1123/426/8
f 1130/462/10 1131/461/10 1129/463/10
f 1134/468/3 1135/471/3 1131/469/3
f 1132/460/13 1133/463/13 1135/461/13
f 1128/470/7 1129/469/7 1133/471/7
f 1128/433/4 1132/435/4 1134/432/4
f 1133/435/8 1129/433/8 1131/434/8
f 1137/483/7 1139/472/7 1117/3357/7
f 1117/437/8 1139/3356/8 1136/436/8
f 1136/461/10 1139/463/10 1138/460/10
f 1140/436/4 1138/3356/4 1137/437/4
f 1142/463/13 1144/461/13 1143/462/13
f 1144/475/3 1148/478/3 1147/476/3
f 1148/461/10 1146/463/10 1145/460/10
f 1146/478/7 1142/475/7 1141/477/7
f 1147/449/4 1145/451/4 1141/448/4
f 1144/450/8 1142/448/8 1146/451/8
f 1150/463/13 1152/461/13 1151/462/13
f 1152/479/3 1156/482/3 1155/480/3
f 1156/461/10 1154/463/10 1153/460/10
f 1154/482/7 1150/479/7 1149/481/7
f 1155/457/4 1153/459/4 1149/456/4
f 1152/458/8 1150/456/8 1154/459/8
f 5017/2122/3 5016/2151/3 5019/2123/3
f 5017/2122/3 5013/2125/3 5016/2151/3
f 5013/2125/3 5017/2122/3 5014/2126/3
f 5017/2122/3 5018/3974/3 5014/2126/3
f 5024/2129/7 5022/2131/7 5023/2123/7
f 5022/2131/7 5024/2129/7 5021/2132/7
f 5021/2132/7 5024/2129/7 5027/2126/7
f 5024/2129/7 5026/2128/7 5027/2126/7
f 5017/2134/10 5022/2143/10 5025/3975/10
f 5017/2134/1 5025/3975/1 5021/2135/1
f 5013/2139/24 5028/2154/24 5024/2140/24
f 5014/2136/15 5027/2135/15 5026/2138/15
f 5016/2144/8 5024/2148/8 5023/2145/8
f 5019/2141/17 5023/2140/17 5022/2143/17
f 5013/2139/13 5026/2138/13 5028/2154/13
f 5018/2147/4 5021/2145/4 5027/2148/4
f 5036/2122/3 5033/3974/3 5034/2123/3
f 5033/3974/3 5032/2151/3 5034/2123/3
f 5033/3974/3 5031/2150/3 5032/2151/3
f 5031/2150/3 5033/3974/3 5030/2126/3
f 5037/2129/7 5039/2131/7 5040/3976/7
f 5039/2131/7 5037/2129/7 5041/2132/7
f 5037/2129/7 5038/3977/7 5041/2132/7
f 5037/2129/7 5043/2128/7 5038/3977/7
f 5036/2134/10 5039/2143/10 5042/3975/10
f 5032/2144/8 5037/2148/8 5040/2153/8
f 5036/2134/1 5042/3975/1 5041/2135/1
f 5029/2142/24 5044/2154/24 5037/2140/24
f 5030/2136/15 5038/2135/15 5043/2138/15
f 5034/2141/17 5040/2140/17 5039/2143/17
f 5031/2152/13 5043/2138/13 5044/2154/13
f 5033/2147/4 5041/2145/4 5038/2155/4
usemtl GT_MC_Glass_Facade_3
f 29/40/8 73/41/8 63/42/8
f 58/89/1 1/90/1 34/91/1
f 71/118/24 29/119/24 39/120/24
f 71/118/13 31/145/13 78/146/13
f 58/89/10 32/120/10 85/165/10
f 68/41/4 30/40/4 80/42/4
f 8/119/17 85/165/17 32/120/17
f 30/90/15 78/146/15 31/145/15
f 58/89/1 80/3213/1 1/90/1
f 30/40/4 1/3214/4 80/42/4
f 63/42/8 8/3214/8 29/40/8
f 71/118/24 73/3217/24 29/119/24
f 71/118/13 39/120/13 31/145/13
f 58/89/10 34/91/10 32/120/10
f 8/119/17 63/3217/17 85/165/17
f 30/90/15 68/3213/15 78/146/15
usemtl GT_MC_Tiling_Wide_Brick
f 167/180/15 204/181/15 166/182/15
f 172/183/7 170/184/7 217/185/7
f 210/186/3 225/187/3 226/188/3
f 217/192/8 216/193/8 161/194/8
f 164/195/1 196/196/1 176/180/1
f 170/197/33 169/198/33 159/199/33
f 172/183/34 179/200/34 171/201/34
f 178/202/7 224/203/7 180/204/7
f 168/205/4 199/206/4 178/207/4
f 159/199/35 217/208/35 170/197/35
f 178/202/36 177/209/36 168/210/36
f 188/211/13 220/212/13 185/213/13
f 157/214/37 180/215/37 224/216/37
f 203/210/3 197/204/3 199/217/3
f 163/218/7 219/219/7 228/220/7
f 201/183/3 206/184/3 208/221/3
f 215/222/3 160/223/3 210/224/3
f 176/228/4 195/229/4 167/230/4
f 224/216/39 175/197/39 221/231/39
f 188/211/40 214/186/40 212/232/40
f 180/233/4 158/234/4 228/235/4
f 174/230/8 200/236/8 189/237/8
f 211/234/36 216/193/36 162/239/36
f 160/223/8 182/240/8 187/241/8
f 193/242/42 218/243/42 222/244/42
f 167/200/3 173/203/3 189/209/3
f 179/208/43 221/231/43 175/197/43
f 177/248/4 180/233/4 228/235/4
f 220/212/15 227/243/15 190/249/15
f 188/250/7 185/251/7 190/209/7
f 156/243/3 222/244/3 218/243/3
f 209/252/10 191/253/10 181/254/10
f 171/201/7 175/257/7 191/258/7
f 193/203/7 192/257/7 187/200/7
f 215/186/3 212/232/3 214/186/3
f 165/260/10 205/261/10 164/195/10
f 203/210/3 205/262/3 200/209/3
f 181/254/1 199/263/1 209/252/1
f 199/217/3 198/203/3 209/264/3
f 208/221/3 206/184/3 205/262/3
f 163/193/34 158/234/34 223/265/34
f 191/258/7 175/257/7 224/203/7
f 189/266/17 205/261/17 165/260/17
f 171/269/8 186/206/8 172/205/8
f 166/182/13 198/270/13 173/271/13
f 190/249/15 185/213/15 220/212/15
f 208/221/3 205/262/3 207/272/3
f 192/273/17 160/186/17 187/274/17
f 221/231/48 157/214/48 224/216/48
f 173/271/24 197/275/24 174/266/24
f 211/276/7 221/231/7 161/277/7
f 155/243/3 220/212/3 213/212/3
f 218/278/4 194/279/4 190/240/4
f 178/202/34 180/204/34 177/209/34
f 183/253/13 207/280/13 184/254/13
f 201/281/24 208/282/24 183/253/24
f 186/201/3 204/257/3 195/200/3
f 191/258/7 224/203/7 181/264/7
f 209/264/3 204/257/3 202/258/3
f 168/210/7 169/251/7 184/272/7
f 4213/180/15 4239/1244/15 5454/182/15
f 4209/183/34 4205/1245/34 4215/185/34
f 5455/1247/1 4229/196/1 5456/180/1
f 4224/257/7 4227/204/7 4226/1248/7
f 4225/254/10 4232/1249/10 4223/253/10
f 4209/183/7 4216/200/7 4208/201/7
f 4197/217/36 4198/1248/36 4203/1250/36
f 4218/254/15 4238/1251/15 4204/1252/15
f 4196/1253/1052 4215/208/1052 4205/1254/1052
f 4245/1255/1053 4251/212/1053 4219/213/1053
f 4238/210/3 4233/1250/3 4231/217/3
f 4197/1252/1 4232/1249/1 4225/254/1
f 4196/1253/1054 4200/198/1054 4250/219/1054
f 4220/183/3 4241/1245/3 4236/1256/3
f 4250/219/1056 4257/215/1056 4248/218/1056
f 4251/212/1057 4245/1255/1057 4244/1258/1057
f 4246/186/1058 4244/1258/1058 4245/1255/1058
f 4255/1259/1059 4248/239/1059 4257/248/1059
f 4257/215/1060 4250/219/1060 4200/198/1060
f 4246/1260/1062 4217/240/1062 4221/279/1062
f 5456/237/4 4228/229/4 4213/230/4
f 4226/213/1063 4249/243/1063 4254/212/1063
f 4214/1261/7 4200/251/7 4205/1245/7
f 4216/208/1064 4252/1262/1064 4211/197/1064
f 4203/1264/1066 4255/1259/1066 4257/248/1066
f 5453/1265/8 4234/236/8 5458/237/8
f 4208/269/8 4235/1266/8 4220/1267/8
f 4245/184/7 4219/251/7 4222/209/7
f 4238/210/3 4234/209/3 4233/1250/3
f 4235/201/95 4229/1268/95 4220/183/95
f 4208/201/7 4211/257/7 4223/258/7
f 4223/253/17 4235/1269/17 4208/1270/17
f 5459/260/10 4241/1271/10 5455/1247/10
f 4211/197/1069 4253/1272/1069 4198/198/1069
f 4238/210/3 4240/1273/3 4234/209/3
f 4231/217/3 4230/1248/3 4232/1274/3
f 4223/258/7 4211/257/7 4198/1248/7
f 5458/266/1070 4240/270/1070 5459/260/1070
f 4204/205/4 4238/1267/4 4197/269/4
f 4232/1274/3 4230/1248/3 4239/1275/3
f 4208/269/8 4220/1267/8 4209/205/8
f 5454/182/13 4239/1244/13 5457/260/13
f 4195/243/1073 4219/213/1073 4251/212/1073
f 4224/1255/1074 4242/186/1074 4221/1276/1074
f 4254/212/1075 4224/1255/1075 4226/213/1075
f 4214/1277/24 4220/1269/24 4236/1278/24
f 5457/260/24 4233/275/24 5453/266/24
f 4195/1260/1076 4227/279/1076 4222/240/1076
f 4255/1279/1077 4198/198/1077 4253/1272/1077
f 4235/201/3 4239/1275/3 4228/200/3
f 4223/258/7 4198/1248/7 4225/264/7
f 4232/1274/3 4239/1275/3 4237/258/3
f 4204/210/7 4200/251/7 4218/272/7
f 4911/1945/1588 4909/1946/1588 4907/1947/1588
f 4911/1945/1589 4905/1948/1589 4910/1949/1589
f 4907/1947/1590 4906/1950/1590 4905/1948/1590
f 4906/1951/1591 4914/1952/1591 4913/1953/1591
f 4916/1954/1592 4921/1955/1593 4920/1956/1594
f 4917/1957/1595 4918/1958/1596 4916/1954/1597
f 4917/1959/1598 4923/1952/1599 4919/1960/1600
f 4905/1961/1601 4917/1962/1601 4916/1963/1601
f 4913/1964/1602 4917/1962/1602 4906/1965/1602
f 4909/1966/1603 4919/1967/1604 4908/1968/1603
f 4912/1969/1605 4918/1970/1606 4909/1966/1607
f 4910/1971/1608 4916/1963/1608 4920/1972/1608
f 4911/1973/1609 4920/1974/1609 4921/1975/1609
f 4911/1973/1610 4921/1975/1610 4912/1976/1610
f 4915/1977/1611 4919/1967/1612 4924/1978/1613
f 4915/1979/8 4923/1980/8 4914/1981/8
f 4913/1982/1614 4923/1980/1614 4922/1983/1614
f 4928/1984/1615 4926/1985/1615 4925/1986/1615
f 4932/1987/8 4931/1988/8 4933/1989/8
f 4929/1990/3 4931/1991/3 4926/1992/3
f 4928/1993/13 4933/1994/13 4929/1995/13
f 4938/1996/1616 4936/1997/1616 4939/1998/1616
f 4935/1999/1617 4936/1997/1618 4934/2000/1619
f 4935/2001/13 4941/2002/13 4937/2003/13
f 4948/2004/1620 4945/2005/1620 4947/2006/1620
f 4945/2005/1621 4944/2007/1622 4943/2008/1622
f 4944/2009/1623 4949/2010/1623 4940/2011/1623
f 4934/2012/1624 4944/2013/1624 4935/2014/1624
f 4944/2013/1625 4940/2015/1626 4935/2014/1626
f 4946/2013/1627 4936/2016/1627 4937/2017/1627
f 4945/2018/1628 4939/2019/1628 4936/2016/1628
f 4938/2020/1629 4943/2021/1629 4934/2012/1629
f 4939/2022/1630 4947/2023/1630 4938/2024/1630
f 4942/2025/7 4946/2013/7 4937/2017/7
f 4949/2026/1631 4942/2027/1631 4941/2028/1631
f 4953/2029/8 4951/2030/8 4954/2031/8
f 4952/2032/1632 4950/2033/1632 4953/2029/1632
f 4958/2031/4 4955/2034/4 4957/2035/4
f 4956/2036/7 4954/2037/7 4951/2038/7
f 4958/2039/10 4953/2040/10 4954/2041/10
f 4925/2042/1633 4951/2041/1633 4950/2043/1633
f 4927/2044/1634 4950/2045/1634 4952/2046/1634
f 4927/2047/1635 4953/2040/1635 4928/1993/1635
f 4930/1991/7 4957/2048/7 4955/2036/7
f 4930/2049/10 4956/2039/10 4931/2050/10
f 4926/1995/1636 4956/2039/1636 4951/2041/1636
f 4932/2051/1637 4953/2037/1637 4957/2048/1637
f 4965/1945/1638 4963/1946/1638 4966/2052/1638
f 4959/1948/1639 4965/1945/1639 4964/1949/1639
f 4960/1950/1640 4961/1947/1640 4959/1948/1640
f 4961/1947/1641 4962/2053/1641 4963/1946/1642
f 4960/2054/1643 4968/2055/1644 4962/2056/1645
f 4975/1955/1646 4970/1954/1647 4974/1956/1648
f 4972/1958/1649 4971/1957/1649 4970/1954/1650
f 4971/2057/1651 4977/2055/1651 4976/2058/1651
f 4959/2059/1652 4971/2060/1652 4960/2061/1652
f 4971/2060/1653 4967/2062/1653 4960/2061/1653
f 4973/2063/1654 4963/2064/1654 4962/2065/1654
f 4972/2066/1655 4966/2067/1656 4963/2064/1657
f 4964/2068/1658 4970/2069/1658 4959/2059/1658
f 4965/2070/1659 4974/2071/1659 4964/2072/1659
f 4975/2073/1660 4965/2070/1660 4966/2074/1660
f 4969/2075/1661 4973/2063/1662 4962/2065/1661
f 4977/1980/4 4969/1979/4 4968/1981/4
f 4967/1982/1663 4977/1980/1663 4968/1981/1663
f 4982/1984/8 4980/1985/8 4983/2076/8
f 4981/2077/1664 4979/1986/1664 4982/1984/1664
f 4986/1987/4 4985/1988/4 4984/2034/4
f 4985/2078/3 4983/2079/3 4980/2080/3
f 4987/2081/13 4982/2082/13 4983/2083/13
f 4992/1996/1665 4990/1997/1665 4988/2000/1665
f 4990/1997/1666 4989/1999/1667 4988/2000/1668
f 4991/2084/13 4996/2085/13 4995/2086/13
f 4989/2087/1669 4995/2086/1669 4994/2088/1669
f 4999/2005/1670 5002/2004/1670 5001/2006/1670
f 4998/2007/1671 4999/2005/1672 4997/2008/1671
f 4998/2089/10 5003/2090/10 5000/2091/10
f 4988/2092/1673 4998/2093/1673 4997/2094/1673
f 4994/2095/1674 4998/2093/1675 4989/2096/1676
f 4990/2097/1677 5000/2093/1677 4991/2098/1677
f 4993/2099/1678 4999/2100/1678 4990/2097/1678
f 4992/2101/1679 4997/2094/1680 5001/2102/1680
f 4996/2103/1681 5000/2093/1681 5003/2104/1681
f 4996/2027/1682 5003/2026/1682 4995/2028/1682
f 5007/2029/1683 5005/2030/1683 5004/2105/1683
f 5009/2034/8 5012/2031/8 5011/2035/8
f 5008/2106/7 5010/2107/7 5005/2108/7
f 5007/2109/10 5012/2110/10 5008/2111/10
f 4979/2112/1684 5005/2111/1684 4980/2083/1684
f 4981/2113/1685 5004/2114/1685 4979/2115/1685
f 5007/2109/1686 4981/2116/1686 4982/2082/1686
f 4984/2078/7 5011/2117/7 4986/2118/7
f 5010/2110/10 4984/2119/10 4985/2120/10
f 4980/2083/1687 5010/2110/1688 4985/2120/1687
f 4986/2118/1689 5007/2106/1690 4982/2121/1689
f 4202/2295/3 5457/1248/3 4210/2296/3
f 4212/2297/3 5455/2298/3 5456/1268/3
f 4206/2299/3 5459/251/3 4201/2300/3
f 4207/2301/3 5457/1248/3 5453/1250/3
f 4212/2297/3 4213/200/3 5460/2302/3
f 4206/2299/3 5453/1250/3 5458/209/3
f 5460/2302/3 5454/257/3 4202/2295/3
f 7568/2802/2405 7569/3198/2405 7571/2804/2405
f 7575/3200/2407 7578/2795/2407 7574/2796/2407
f 7574/2796/2408 7565/2797/2408 7573/2798/2408
f 7576/2813/3 7577/3201/3 7569/3202/3
f 7566/2794/2409 7569/2800/2409 7568/2801/2409
f 7572/2796/2411 7576/2816/2411 7566/2794/2411
f 7573/2804/2412 7564/3204/2412 7567/2814/2412
f 7567/2798/2414 7577/2795/2414 7572/2796/2414
f 7571/2801/2415 7570/3206/2415 7575/3200/2415
f 7569/3202/3 7577/3201/3 7564/3208/3
f 167/180/15 195/196/15 204/181/15
f 172/183/7 183/1256/7 170/184/7
f 210/186/95 160/186/95 225/187/95
f 186/206/8 201/3225/8 172/205/8
f 164/195/1 206/181/1 196/196/1
f 193/203/7 188/250/7 194/204/7
f 188/250/7 190/209/7 194/204/7
f 189/209/3 173/203/3 174/204/3
f 227/3226/4 218/278/4 190/240/4
f 172/183/36 217/185/36 179/200/36
f 203/263/15 168/1252/15 184/254/15
f 178/202/7 181/264/7 224/203/7
f 184/254/15 207/280/15 203/263/15
f 223/218/7 158/218/7 157/214/7
f 168/205/4 203/3227/4 199/206/4
f 212/232/2453 220/212/2453 188/211/2453
f 161/194/8 179/233/8 217/192/8
f 203/210/3 200/209/3 197/204/3
f 201/183/95 196/1268/95 206/184/95
f 215/222/95 214/222/95 160/223/95
f 219/219/2455 169/198/2455 228/220/2455
f 216/276/2456 217/208/2456 159/199/2456
f 188/211/24 182/1276/24 214/186/24
f 189/209/3 164/250/3 176/185/3
f 186/3228/17 171/1270/17 191/253/17
f 177/215/15 228/220/15 169/198/15
f 189/209/3 165/251/3 164/250/3
f 174/230/8 197/229/8 200/236/8
f 211/234/34 161/194/34 216/193/34
f 160/223/8 214/222/8 182/240/8
f 176/228/4 196/236/4 195/229/4
f 193/242/1 194/249/1 218/243/1
f 189/209/3 176/185/3 167/200/3
f 167/200/3 166/257/3 173/203/3
f 183/1256/7 184/272/7 169/251/7
f 179/208/2458 161/277/2458 221/231/2458
f 162/276/36 216/276/36 159/199/36
f 188/250/7 187/200/7 182/1268/7
f 201/183/3 186/201/3 195/200/3
f 183/1256/7 169/251/7 170/184/7
f 201/183/3 195/200/3 196/1268/3
f 193/242/10 225/187/10 192/273/10
f 171/201/7 179/200/7 175/257/7
f 188/250/7 193/203/7 187/200/7
f 191/253/17 202/1278/17 186/3228/17
f 203/210/3 207/272/3 205/262/3
f 181/254/1 178/1252/1 199/263/1
f 199/217/3 197/204/3 198/203/3
f 169/198/2460 219/219/2460 159/199/2460
f 226/188/3 225/187/3 222/244/3
f 163/193/36 228/235/36 158/234/36
f 191/253/10 209/252/10 202/1278/10
f 156/3231/3 218/278/3 227/3226/3
f 189/266/17 200/275/17 205/261/17
f 213/212/3 220/212/3 212/232/3
f 166/182/13 204/181/13 198/270/13
f 192/273/17 225/187/17 160/186/17
f 222/244/2462 225/187/2462 193/242/2462
f 183/253/24 172/1270/24 201/281/24
f 155/222/95 156/3231/95 227/3226/95
f 173/271/24 198/270/24 197/275/24
f 155/243/22 227/243/22 220/212/22
f 164/195/10 205/261/10 206/181/10
f 158/218/2463 180/215/2463 157/214/2463
f 183/253/13 208/282/13 207/280/13
f 186/201/3 202/258/3 204/257/3
f 209/264/3 198/203/3 204/257/3
f 168/210/7 177/209/7 169/251/7
f 4213/180/15 4228/196/15 4239/1244/15
f 4209/183/7 4214/1261/7 4205/1245/7
f 4215/248/3070 4247/193/3070 4243/3637/3070
f 5455/1247/1 4241/1271/1 4229/196/1
f 4224/257/7 4221/200/7 4227/204/7
f 4221/200/7 4222/209/7 4227/204/7
f 4209/183/36 4215/185/36 4216/200/36
f 4256/3638/3071 4224/1255/3071 4254/212/3071
f 4197/217/7 4225/264/7 4198/1248/7
f 4218/254/3072 4240/280/3072 4238/1251/3072
f 4204/210/7 4203/1250/7 4257/209/7
f 4243/3637/3073 4216/233/3073 4215/248/3073
f 4198/198/3074 4255/1279/3074 4203/215/3074
f 4197/1252/1 4231/1251/1 4232/1249/1
f 4196/1253/3075 4205/1254/3075 4200/198/3075
f 4242/3231/3076 4246/1260/3076 4221/279/3076
f 4220/183/3 4229/1268/3 4241/1245/3
f 4247/276/3077 4215/208/3077 4196/1253/3077
f 4245/1255/3079 4217/1276/3079 4246/186/3079
f 5457/260/13 4239/1244/13 4230/270/13
f 5456/237/4 4229/236/4 4228/229/4
f 4226/213/3081 4227/249/3081 4249/243/3081
f 4214/1261/7 4218/272/7 4200/251/7
f 4216/208/3082 4243/276/3082 4252/1262/3082
f 5453/1265/8 4233/3639/8 4234/236/8
f 4245/184/7 4221/200/7 4217/1268/7
f 4221/200/7 4245/184/7 4222/209/7
f 4235/201/22 4228/200/22 4229/1268/22
f 4208/201/34 4216/200/34 4211/257/34
f 4223/253/17 4237/1278/17 4235/1269/17
f 5459/260/3087 4240/270/3087 4241/1271/3087
f 4211/197/3088 4252/1262/3088 4253/1272/3088
f 4231/217/3 4233/1250/3 4230/1248/3
f 4223/253/10 4232/1249/10 4237/1278/10
f 4236/1278/13 4218/254/13 4214/1277/13
f 5458/266/3089 4234/275/3089 4240/270/3089
f 4197/269/4 4238/1267/4 4231/1266/4
f 4195/243/3091 4222/249/3091 4219/213/3091
f 4236/1256/3 4241/1245/3 4240/1273/3
f 4224/1255/3092 4256/3638/3092 4242/186/3092
f 4214/1277/24 4209/1270/24 4220/1269/24
f 5457/260/24 4230/270/24 4233/275/24
f 4195/1260/3093 4249/3640/3093 4227/279/3093
f 4204/210/7 4197/217/7 4203/1250/7
f 4218/254/3094 4236/1278/3094 4240/280/3094
f 4235/201/3 4237/258/3 4239/1275/3
f 4204/210/36 4257/209/36 4200/251/36
f 4911/1945/1588 4912/2052/1588 4909/1946/1588
f 4911/1945/1589 4907/1947/1589 4905/1948/1589
f 4907/1947/3562 4908/2053/3563 4906/1950/3564
f 4907/1947/3565 4909/1946/3566 4908/2053/3565
f 4908/3937/3567 4915/3938/3567 4914/1952/3567
f 4906/1951/3568 4908/3937/3569 4914/1952/3570
f 4916/1954/3571 4918/1958/3572 4921/1955/3571
f 4917/1957/3573 4919/3939/3574 4918/1958/3573
f 4923/1952/3575 4924/3940/3575 4919/1960/3575
f 4917/1959/3576 4922/3941/3576 4923/1952/3576
f 4905/1961/1601 4906/1965/1601 4917/1962/1601
f 4913/1964/1602 4922/3942/1602 4917/1962/1602
f 4909/1966/1603 4918/1970/3577 4919/1967/1603
f 4912/1969/3578 4921/3943/3579 4918/1970/3579
f 4910/1971/1608 4905/1961/1608 4916/1963/1608
f 4911/1973/3580 4910/3944/3580 4920/1974/3580
f 4915/1977/3581 4908/1968/3581 4919/1967/3582
f 4915/1979/8 4924/3945/8 4923/1980/8
f 4913/1982/3583 4914/1981/3583 4923/1980/3583
f 4928/1984/4 4929/2076/4 4926/1985/4
f 4927/2077/3584 4928/1984/3584 4925/1986/3584
f 4932/1987/8 4930/2034/8 4931/1988/8
f 4929/1990/3 4933/3946/3 4931/1991/3
f 4928/1993/3585 4932/2049/3585 4933/1994/3585
f 4938/1996/3586 4934/2000/3586 4936/1997/3586
f 4935/1999/3587 4937/2027/3588 4936/1997/3589
f 4937/2003/13 4941/2002/13 4942/3947/13
f 4935/2001/3590 4940/2011/3590 4941/2002/3590
f 4947/2006/3591 4945/2005/3591 4943/2008/3591
f 4945/2005/3592 4946/3948/3592 4944/2007/3593
f 4944/2009/10 4946/3949/10 4949/2010/10
f 4934/2012/3594 4943/2021/3594 4944/2013/3594
f 4946/2013/3595 4945/2018/3595 4936/2016/3595
f 4945/2018/3596 4948/3950/3596 4939/2019/3596
f 4938/2020/3597 4947/3951/3597 4943/2021/3598
f 4948/2039/3599 4947/2023/3599 4939/2022/3599
f 4942/2025/3600 4949/3952/3600 4946/2013/3600
f 4940/3953/3601 4949/2026/3601 4941/2028/3601
f 4953/2029/3602 4950/2033/3602 4951/2030/3602
f 4958/2031/4 4956/3954/4 4955/2034/4
f 4956/2036/7 4958/2048/7 4954/2037/7
f 4958/2039/10 4957/3955/10 4953/2040/10
f 4925/2042/3603 4926/1995/3603 4951/2041/3603
f 4927/2044/3604 4925/3956/3604 4950/2045/3604
f 4927/2047/3605 4952/2024/3605 4953/2040/3605
f 4930/1991/7 4932/2051/7 4957/2048/7
f 4930/2049/10 4955/3955/10 4956/2039/10
f 4926/1995/3606 4931/2050/3607 4956/2039/3607
f 4932/2051/1637 4928/3957/3608 4953/2037/1637
f 4965/1945/1638 4961/1947/1638 4963/1946/1638
f 4959/1948/1639 4961/1947/1639 4965/1945/1639
f 4960/1950/3609 4962/2053/3610 4961/1947/3611
f 4968/2055/3612 4969/3958/3612 4962/2056/3612
f 4960/2054/3613 4967/3959/3613 4968/2055/3613
f 4975/1955/3614 4972/1958/3615 4970/1954/3614
f 4972/1958/3616 4973/3939/3617 4971/1957/3616
f 4973/3960/3618 4978/3961/3575 4977/2055/3618
f 4971/2057/3619 4973/3960/3620 4977/2055/3621
f 4959/2059/1652 4970/2069/1652 4971/2060/1652
f 4971/2060/1653 4976/3962/1653 4967/2062/1653
f 4973/2063/1654 4972/2066/3622 4963/2064/1654
f 4972/2066/3623 4975/3963/3623 4966/2067/3624
f 4964/2068/1658 4974/3964/1658 4970/2069/1658
f 4965/2070/3625 4975/2073/3625 4974/2071/3625
f 4969/2075/3626 4978/3965/3627 4973/2063/3628
f 4977/1980/4 4978/3945/4 4969/1979/4
f 4967/1982/3629 4976/1983/3629 4977/1980/3629
f 4982/1984/3630 4979/1986/3630 4980/1985/3630
f 4986/1987/4 4987/1989/4 4985/1988/4
f 4985/2078/3 4987/3966/3 4983/2079/3
f 4987/2081/3631 4986/2119/3631 4982/2082/3631
f 4992/1996/3632 4993/1998/3632 4990/1997/3632
f 4990/1997/3633 4991/2027/3634 4989/1999/3635
f 4989/2087/13 4991/2084/13 4995/2086/13
f 4997/2008/3636 4999/2005/3636 5001/2006/3636
f 4998/2007/3637 5000/3948/3638 4999/2005/3638
f 4998/2089/3639 4994/2088/3639 5003/2090/3639
f 4988/2092/3640 4989/2096/3640 4998/2093/3640
f 4990/2097/3641 4999/2100/3641 5000/2093/3641
f 4993/2099/3642 5002/3967/3642 4999/2100/3642
f 4992/2101/3643 4988/2092/3643 4997/2094/3643
f 4993/3968/3644 4992/3969/3644 5001/3970/3644
f 4993/3968/3645 5001/3970/3645 5002/2110/3645
f 4996/2103/7 4991/2098/7 5000/2093/7
f 4995/2028/3646 5003/2026/3646 4994/3953/3646
f 5007/2029/4 5008/2031/4 5005/2030/4
f 5006/2032/3647 5007/2029/3647 5004/2105/3647
f 5009/2034/8 5010/3954/8 5012/2031/8
f 5008/2106/7 5012/2117/7 5010/2107/7
f 5007/2109/10 5011/3971/10 5012/2110/10
f 4979/2112/3648 5004/3972/3648 5005/2111/3648
f 4981/2113/3649 5006/3973/3649 5004/2114/3649
f 5007/2109/3650 5006/3969/3650 4981/2116/3650
f 4984/2078/7 5009/2107/7 5011/2117/7
f 5010/2110/10 5009/3971/10 4984/2119/10
f 4980/2083/1687 5005/2111/3651 5010/2110/1687
f 4986/2118/3652 5011/2117/1689 5007/2106/3652
f 4202/2295/3 5454/257/3 5457/1248/3
f 4199/4047/3 4201/2300/3 5455/2298/3
f 4212/2297/3 4199/4047/3 5455/2298/3
f 4206/2299/3 5458/209/3 5459/251/3
f 4207/2301/3 4210/2296/3 5457/1248/3
f 4201/2300/3 5459/251/3 5455/2298/3
f 4212/2297/3 5456/1268/3 4213/200/3
f 4206/2299/3 4207/2301/3 5453/1250/3
f 5460/2302/3 4213/200/3 5454/257/3
f 7574/2796/4195 7578/2795/4195 7565/2797/4195
f 7579/4492/3 7569/3202/3 7565/4493/3
f 7565/4493/3 7570/4494/3 7579/4492/3
f 7566/2794/4196 7576/2816/4196 7569/2800/4196
f 7571/2804/4197 7569/3198/4197 7579/2803/4197
f 7565/4493/3 7578/4495/3 7570/4494/3
f 7572/2796/4199 7577/2795/4199 7576/2816/4199
f 7573/2804/4200 7565/2803/4200 7564/3204/4200
f 7567/2798/4202 7564/2797/4202 7577/2795/4202
f 7571/2801/4203 7579/2800/4203 7570/3206/4203
f 7575/3200/4207 7570/3206/4207 7578/2795/4207
f 7565/4493/3 7569/3202/3 7564/3208/3
usemtl GT_MC_Facade_1
f 162/189/8 215/190/8 210/191/8
f 157/225/38 226/226/38 222/227/38
f 222/227/41 223/238/41 157/225/41
f 212/245/44 162/246/44 159/247/44
f 163/238/45 213/255/45 219/256/45
f 211/246/46 226/226/46 221/259/46
f 159/247/47 213/255/47 212/245/47
f 155/190/4 223/267/4 156/268/4
f 4243/267/1051 4246/190/1051 4242/1246/1051
f 4253/225/1055 4256/1257/1055 4254/227/1055
f 4254/227/1061 4255/238/1061 4253/225/1061
f 4244/245/1065 4247/246/1065 4196/1263/1065
f 4248/238/1067 4251/255/1067 4250/256/1067
f 4243/246/1068 4256/1257/1068 4252/259/1068
f 4195/190/1071 4248/189/1071 4249/268/1071
f 4244/245/1072 4250/256/1072 4251/255/1072
s 1
f 5045/2165/1697 5051/2166/1694 5050/2167/1692
f 5059/2177/1703 5055/2178/1704 5058/2179/1698
f 5079/2165/1708 5084/2166/1707 5083/2167/1692
f 5093/2177/1713 5088/2178/1711 5092/2179/1698
f 5120/2166/1713 5113/2165/1717 5119/2167/1698
f 5124/2178/1721 5127/2177/1707 5126/2179/1720
f 5154/2166/1725 5147/2165/1729 5153/2167/1722
f 5158/2178/1733 5161/2177/1732 5160/2179/1731
f 5187/2166/1703 5181/2165/1704 5186/2167/1698
f 5191/2178/1697 5195/2177/1694 5194/2179/1692
f 5215/2165/1721 5221/2166/1737 5220/2167/1735
f 5229/2177/1744 5225/2178/1743 5228/2179/1740
f 5249/2165/1751 5255/2166/1749 5254/2167/1746
f 5263/2177/1759 5259/2178/1756 5262/2179/1753
f 5283/2165/1766 5289/2166/1762 5288/2167/1761
f 5297/2177/1772 5293/2178/1773 5296/2179/1767
f 5324/2166/1782 5317/2165/1780 5323/2167/1774
f 5328/2178/1784 5331/2177/1776 5330/2179/1761
f 5357/2166/1759 5351/2165/1756 5356/2167/1753
f 5361/2178/1751 5365/2177/1749 5364/2179/1785
f 5391/2166/1788 5385/2165/1789 5390/2167/1786
f 5395/2178/1795 5399/2177/1794 5398/2179/1792
f 5419/2165/1806 5426/2166/1805 5425/2167/1797
f 5433/2177/1798 5430/2178/1809 5432/2179/1807
s 0
f 157/225/2454 221/259/2454 226/226/2454
f 222/227/2457 156/3229/2457 223/238/2457
f 212/245/2459 215/3230/2459 162/246/2459
f 163/238/15 155/3229/15 213/255/15
f 211/246/17 210/3230/17 226/226/17
f 155/190/4 163/3232/4 223/267/4
f 213/255/2461 159/247/2461 219/256/2461
f 210/191/8 211/3233/8 162/189/8
f 4243/267/3069 4247/3232/3069 4246/190/3069
f 4248/189/3078 4255/3233/3078 4249/268/3078
f 4254/227/3080 4249/3229/3080 4255/238/3080
f 4244/245/3083 4246/3230/3083 4247/246/3083
f 4256/1257/3084 4253/225/3084 4252/259/3084
f 4248/238/3085 4195/3229/3085 4251/255/3085
f 4243/246/3086 4242/3230/3086 4256/1257/3086
f 4244/245/3090 4196/1263/3090 4250/256/3090
s 1
f 5045/2165/1697 5049/3980/1695 5051/2166/1694
f 5059/2177/1703 5048/3985/1696 5055/2178/1704
f 5079/2165/1708 5082/3980/1710 5084/2166/1707
f 5093/2177/1713 5091/3985/1712 5088/2178/1711
f 5120/2166/1713 5118/3980/1718 5113/2165/1717
f 5124/2178/1721 5117/3985/1715 5127/2177/1707
f 5154/2166/1725 5152/3980/1730 5147/2165/1729
f 5158/2178/1733 5150/3985/1728 5161/2177/1732
f 5187/2166/1703 5184/3980/1696 5181/2165/1704
f 5191/2178/1697 5193/3985/1695 5195/2177/1694
f 5215/2165/1721 5219/3980/1715 5221/2166/1737
f 5229/2177/1744 5227/3985/1718 5225/2178/1743
f 5249/2165/1751 5252/3980/1758 5255/2166/1749
f 5263/2177/1759 5261/3985/1757 5259/2178/1756
f 5283/2165/1766 5287/3980/1764 5289/2166/1762
f 5297/2177/1772 5286/3985/1765 5293/2178/1773
f 5324/2166/1782 5322/3980/1781 5317/2165/1780
f 5328/2178/1784 5320/3985/1778 5331/2177/1776
f 5357/2166/1759 5355/3980/1757 5351/2165/1756
f 5361/2178/1751 5354/3985/1758 5365/2177/1749
f 5391/2166/1788 5389/3980/1790 5385/2165/1789
f 5395/2178/1795 5388/3985/1791 5399/2177/1794
f 5419/2165/1806 5424/3980/1804 5426/2166/1805
f 5433/2177/1798 5423/3985/1801 5430/2178/1809
s 0
usemtl GT_MC_Tiling_X_Dark_Concrete
f 236/283/49 232/284/49 235/285/49
f 229/284/50 234/286/50 233/287/50
f 244/288/49 240/284/49 243/285/49
f 237/284/50 242/289/50 241/287/50
f 252/290/49 248/291/49 251/285/49
f 245/291/50 250/292/50 249/287/50
f 260/290/49 256/284/49 259/285/49
f 253/284/50 258/292/50 257/287/50
f 268/290/49 264/293/49 267/287/49
f 261/284/50 266/292/50 265/285/50
f 273/294/51 270/295/51 272/296/51
s 1
f 273/297/52 752/298/53 271/299/54
f 270/300/55 269/299/56 750/301/57
s 0
f 281/294/58 277/302/58 280/296/58
f 275/302/59 279/303/59 278/296/59
f 283/304/60 285/305/60 286/306/60
f 291/307/61 289/308/61 288/309/61
f 292/310/62 287/311/62 300/312/62
f 290/311/63 291/310/63 294/313/63
f 300/314/64 295/315/64 296/316/64
f 289/317/65 299/318/65 297/319/65
f 296/316/66 292/320/66 300/314/66
f 299/320/67 298/315/67 294/321/67
f 289/322/3 297/323/3 288/324/3
f 292/325/7 299/326/7 291/327/7
f 288/324/3 296/328/3 287/329/3
f 303/309/68 306/330/68 302/331/68
f 306/310/62 301/311/62 305/312/62
f 304/311/69 313/310/69 308/312/69
f 305/321/70 775/315/70 309/316/70
f 311/317/71 313/318/71 310/319/71
f 309/316/66 306/320/66 305/321/66
f 313/320/72 312/315/72 308/314/72
f 304/332/3 311/326/3 302/327/3
f 303/324/3 309/328/3 301/329/3
f 315/311/73 322/313/73 317/311/73
f 318/309/74 320/307/74 316/331/74
f 321/310/75 317/311/75 322/313/75
f 319/311/76 320/310/76 323/313/76
f 328/314/77 324/315/77 317/316/77
f 316/317/78 326/318/78 318/319/78
f 317/316/79 327/320/79 328/314/79
f 326/320/80 325/315/80 323/314/80
f 317/333/3 324/334/3 315/329/3
f 322/335/7 327/336/7 321/324/7
f 321/324/7 326/326/7 320/327/7
f 331/309/81 333/307/81 330/331/81
f 334/310/62 329/311/62 335/313/62
f 332/311/82 333/310/82 336/312/82
f 335/314/83 337/315/83 338/316/83
f 330/317/84 341/318/84 339/319/84
f 338/316/66 334/320/66 335/314/66
f 341/320/85 340/315/85 336/314/85
f 334/325/7 341/326/7 333/327/7
f 331/324/3 338/328/3 329/329/3
f 344/309/68 346/330/68 343/331/68
f 346/310/62 342/311/62 347/313/62
f 345/311/69 354/310/69 348/312/69
f 347/321/86 349/315/86 350/316/86
f 352/317/71 354/318/71 351/319/71
f 350/316/66 346/320/66 347/321/66
f 354/320/72 353/315/72 348/314/72
f 345/332/3 352/326/3 343/327/3
f 344/324/3 350/328/3 342/329/3
f 360/307/61 358/308/61 357/309/61
f 361/310/62 356/311/62 362/313/62
f 363/312/86 818/311/86 359/311/86
f 359/311/82 360/310/82 363/312/82
f 362/321/86 364/315/86 365/316/86
f 358/317/65 368/318/65 366/319/65
f 365/316/66 361/320/66 362/321/66
f 368/320/85 367/315/85 363/314/85
f 358/322/3 366/323/3 357/324/3
f 361/325/7 368/326/7 360/327/7
f 357/324/3 365/328/3 356/329/3
f 374/307/61 372/308/61 371/309/61
f 375/310/62 370/311/62 376/313/62
f 377/313/87 828/311/87 373/311/87
f 373/311/88 374/310/88 377/313/88
f 376/321/86 378/315/86 379/316/86
f 372/317/65 381/318/65 380/319/65
f 379/316/66 375/320/66 376/321/66
f 381/320/89 373/315/89 383/314/89
f 372/322/22 380/323/22 371/324/22
f 375/325/7 381/326/7 374/327/7
f 371/324/3 379/328/3 370/329/3
f 374/327/7 383/337/7 377/338/7
f 389/330/90 386/308/90 385/309/90
f 389/310/75 384/311/75 390/313/75
f 391/313/87 838/311/87 387/311/87
f 387/311/88 388/310/88 391/313/88
f 395/314/91 392/315/91 384/316/91
f 386/317/92 393/318/92 385/319/92
f 384/316/79 394/320/79 395/314/79
f 393/320/89 387/315/89 396/314/89
f 390/335/7 394/336/7 389/324/7
f 388/339/7 396/337/7 391/338/7
f 397/311/93 404/313/93 398/311/93
f 402/307/61 400/308/61 399/309/61
f 403/310/62 398/311/62 404/313/62
f 401/311/88 402/310/88 405/313/88
f 400/317/65 408/318/65 407/319/65
f 406/316/66 403/320/66 404/314/66
f 855/316/94 409/314/94 401/316/94
f 408/320/89 401/316/89 409/314/89
f 398/329/3 406/328/3 397/329/3
f 400/322/22 407/323/22 399/324/22
f 403/325/7 408/326/7 402/327/7
f 399/324/3 406/328/3 398/329/3
f 402/327/7 409/337/7 405/338/7
f 414/307/61 412/308/61 411/309/61
f 415/310/62 410/311/62 416/313/62
f 413/311/76 414/310/76 417/313/76
f 416/314/83 418/315/83 419/316/83
f 412/317/65 422/318/65 420/319/65
f 419/316/66 415/320/66 416/314/66
f 422/320/80 421/315/80 417/314/80
f 412/322/3 420/323/3 411/324/3
f 415/325/7 422/326/7 414/327/7
f 411/324/95 419/328/95 410/329/95
f 423/311/93 428/312/93 425/311/93
f 426/309/68 429/330/68 424/331/68
f 429/310/62 425/311/62 428/312/62
f 427/311/69 437/310/69 431/312/69
f 428/321/83 432/315/83 433/316/83
f 435/317/71 437/318/71 434/319/71
f 433/316/66 429/320/66 428/321/66
f 876/316/96 431/314/96 436/316/96
f 437/320/72 436/316/72 431/314/72
f 427/332/3 435/326/3 424/327/3
f 425/329/3 432/334/3 423/329/3
f 427/332/3 876/340/3 436/340/3
f 426/324/3 433/328/3 425/329/3
f 438/311/73 443/312/73 439/311/73
f 444/307/90 441/308/90 440/309/90
f 445/310/75 439/311/75 443/312/75
f 442/311/76 444/310/76 447/312/76
f 452/314/77 448/315/77 439/316/77
f 441/317/92 450/318/92 440/319/92
f 439/316/79 451/320/79 452/314/79
f 450/320/80 449/315/80 447/321/80
f 439/333/3 448/334/3 438/329/3
f 447/341/7 885/337/7 882/338/7
f 443/329/7 451/336/7 445/324/7
f 445/324/7 450/326/7 444/327/7
f 453/311/73 460/313/73 454/311/73
f 459/330/90 456/308/90 455/309/90
f 459/310/75 454/311/75 460/313/75
f 457/311/82 458/310/82 461/312/82
f 464/321/77 462/315/77 454/316/77
f 456/317/92 465/318/92 455/319/92
f 454/316/79 466/320/79 464/321/79
f 465/320/85 463/315/85 461/314/85
f 454/333/3 462/334/3 453/329/3
f 460/335/7 466/336/7 459/324/7
f 460/335/7 467/342/7 464/328/7
f 468/311/73 473/312/73 469/311/73
f 474/330/97 471/308/97 470/309/97
f 474/310/75 469/311/75 473/312/75
f 472/311/69 480/310/69 476/312/69
f 482/314/77 477/315/77 469/316/77
f 480/318/98 470/343/98 478/344/98
f 469/316/79 481/320/79 482/314/79
f 480/320/72 479/315/72 476/314/72
f 472/332/3 478/345/3 471/339/3
f 469/333/3 477/334/3 468/329/3
f 473/329/7 481/336/7 474/324/7
f 471/339/3 478/345/3 470/346/3
f 487/307/61 485/308/61 484/309/61
f 488/310/62 483/311/62 489/313/62
f 490/313/64 907/311/64 486/311/64
f 486/311/99 487/310/99 490/313/99
f 485/317/65 494/318/65 492/319/65
f 491/316/66 488/320/66 489/314/66
f 494/320/67 493/315/67 490/321/67
f 485/322/22 492/323/22 484/324/22
f 488/325/34 494/326/34 487/327/34
f 484/324/3 491/328/3 483/329/3
f 495/311/96 501/313/96 496/311/96
f 499/307/100 504/308/100 497/309/100
f 500/310/62 496/311/62 501/313/62
f 502/312/101 918/311/101 498/311/101
f 498/311/88 499/310/88 502/312/88
f 506/318/102 505/343/102 504/344/102
f 503/316/66 500/320/66 501/321/66
f 924/316/103 508/314/103 498/316/103
f 506/320/89 498/316/89 508/314/89
f 496/329/3 503/328/3 495/329/3
f 502/332/7 508/337/7 920/347/7
f 497/324/3 504/348/3 505/336/3
f 500/325/7 506/326/7 499/327/7
f 497/324/95 503/328/95 496/329/95
f 499/327/7 508/337/7 502/332/7
f 514/330/104 511/308/104 510/309/104
f 514/310/62 509/311/62 515/313/62
f 516/313/101 929/311/101 512/311/101
f 512/311/88 513/310/88 516/313/88
f 511/317/65 519/318/65 518/319/65
f 517/316/66 514/320/66 515/321/66
f 935/316/103 521/314/103 512/316/103
f 519/320/89 512/316/89 521/314/89
f 511/322/3 518/323/3 510/324/3
f 510/324/3 517/328/3 509/329/3
f 513/339/7 521/337/7 516/338/7
f 522/311/93 527/312/93 523/311/93
f 528/330/68 525/308/68 524/309/68
f 528/310/62 523/311/62 527/312/62
f 530/313/64 939/311/64 526/311/64
f 526/311/69 536/310/69 530/313/69
f 527/321/83 531/315/83 533/316/83
f 536/318/71 534/343/71 532/344/71
f 533/316/66 528/320/66 527/321/66
f 536/320/72 535/315/72 530/321/72
f 526/332/3 532/345/3 525/339/3
f 523/329/3 531/334/3 522/329/3
f 524/324/22 532/345/22 534/336/22
f 525/339/3 532/345/3 524/324/3
f 524/324/3 533/328/3 523/329/3
f 541/307/100 545/308/100 538/309/100
f 542/310/62 537/311/62 540/312/62
f 544/312/101 949/311/101 539/311/101
f 539/311/88 541/310/88 544/312/88
f 540/321/70 947/315/70 546/316/70
f 542/349/105 547/343/105 545/344/105
f 546/316/66 542/320/66 540/321/66
f 954/316/103 550/314/103 539/316/103
f 548/320/89 539/316/89 550/314/89
f 544/332/7 550/337/7 952/347/7
f 538/324/22 545/348/22 547/336/22
f 538/324/3 546/328/3 537/329/3
f 541/327/7 550/337/7 544/332/7
f 541/327/106 542/350/106 548/326/106
f 555/307/100 560/308/100 552/309/100
f 556/310/62 551/311/62 554/312/62
f 553/311/63 555/310/63 558/313/63
f 563/318/102 561/343/102 560/344/102
f 559/316/66 556/320/66 554/321/66
f 563/320/67 562/315/67 558/321/67
f 552/324/95 560/348/95 561/336/95
f 556/325/7 563/326/7 555/327/7
f 552/324/3 559/328/3 551/329/3
f 569/330/97 567/308/97 566/309/97
f 569/310/75 565/311/75 570/313/75
f 568/311/69 575/310/69 571/313/69
f 577/314/91 572/315/91 565/316/91
f 575/318/98 566/343/98 573/344/98
f 565/316/79 576/320/79 577/314/79
f 575/320/72 574/315/72 571/321/72
f 568/332/3 573/345/3 567/339/3
f 570/335/7 576/336/7 569/324/7
f 567/339/95 573/345/95 566/346/95
f 582/330/68 580/308/68 579/309/68
f 582/310/62 578/311/62 590/312/62
f 581/311/69 589/310/69 584/312/69
f 589/318/71 587/343/71 586/344/71
f 585/316/66 582/320/66 590/314/66
f 589/320/72 588/315/72 584/321/72
f 581/332/3 586/345/3 580/339/3
f 584/341/7 987/337/7 983/338/7
f 579/324/3 586/345/3 587/336/3
f 580/339/3 586/345/3 579/324/3
f 579/324/3 585/328/3 578/329/3
f 591/311/73 598/313/73 593/311/73
f 594/309/107 597/330/107 592/331/107
f 597/310/75 593/311/75 598/313/75
f 595/311/69 596/310/69 599/313/69
f 603/321/77 600/315/77 593/316/77
f 604/349/108 594/343/108 601/344/108
f 593/316/79 604/320/79 603/321/79
f 596/320/72 602/315/72 599/321/72
f 595/332/3 601/345/3 592/327/3
f 593/333/3 600/334/3 591/329/3
f 598/335/7 604/351/7 597/324/7
f 598/335/7 605/342/7 603/328/7
f 610/330/68 608/308/68 607/309/68
f 610/310/62 606/311/62 618/312/62
f 609/311/69 617/310/69 612/313/69
f 617/318/71 615/343/71 614/344/71
f 613/316/66 610/320/66 618/314/66
f 617/320/72 616/315/72 612/321/72
f 609/332/22 614/345/22 608/339/22
f 607/324/3 614/345/3 615/336/3
f 608/339/3 614/345/3 607/324/3
f 607/324/3 613/328/3 606/329/3
f 619/311/109 624/313/109 626/311/109
f 623/330/97 621/308/97 620/309/97
f 623/310/75 626/311/75 624/313/75
f 622/311/69 629/310/69 625/312/69
f 629/318/98 620/343/98 627/344/98
f 626/316/79 630/320/79 631/314/79
f 1010/316/110 625/321/110 628/316/110
f 629/320/72 628/316/72 625/321/72
f 622/332/3 627/345/3 621/339/3
f 625/341/7 1018/337/7 1014/338/7
f 624/335/7 630/336/7 623/324/7
f 622/332/3 1010/352/3 628/340/3
f 621/339/111 627/345/111 620/346/111
f 632/311/73 639/313/73 634/311/73
f 635/309/107 638/330/107 633/331/107
f 638/310/75 634/311/75 639/313/75
f 636/311/69 637/310/69 640/313/69
f 645/314/77 641/315/77 634/316/77
f 644/349/108 635/343/108 642/344/108
f 634/316/79 644/320/79 645/314/79
f 1027/316/93 640/314/93 643/316/93
f 637/320/72 643/316/72 640/314/72
f 636/332/3 642/345/3 633/327/3
f 634/333/3 641/334/3 632/329/3
f 639/335/34 644/351/34 638/324/34
f 636/332/3 1027/340/3 643/340/3
f 646/311/93 652/312/93 647/311/93
f 653/330/104 649/308/104 648/309/104
f 653/310/62 647/311/62 652/312/62
f 650/311/76 651/310/76 655/312/76
f 652/321/83 656/315/83 657/316/83
f 649/317/65 660/318/65 658/319/65
f 657/316/66 653/320/66 652/321/66
f 1031/316/110 655/321/110 659/316/110
f 660/320/80 659/316/80 655/321/80
f 647/329/3 656/334/3 646/329/3
f 655/341/7 1037/337/7 1034/338/7
f 650/332/3 1031/352/3 659/340/3
f 649/322/3 658/323/3 648/324/3
f 648/324/3 657/328/3 647/329/3
f 666/307/61 663/308/61 662/309/61
f 667/310/62 661/311/62 665/312/62
f 664/311/76 666/310/76 669/312/76
f 665/321/70 1039/315/70 670/316/70
f 663/317/65 673/318/65 671/319/65
f 670/316/66 667/320/66 665/321/66
f 673/320/112 672/315/112 669/321/112
f 669/341/7 1047/337/7 1044/338/7
f 663/322/113 671/323/113 662/324/113
f 667/325/7 673/326/7 666/327/7
f 662/324/3 670/328/3 661/329/3
f 677/309/81 680/307/81 676/331/81
f 681/310/62 675/311/62 679/312/62
f 683/313/87 1051/311/87 678/311/87
f 678/311/88 680/310/88 683/313/88
f 679/321/70 1048/315/70 684/316/70
f 676/317/114 681/349/114 685/319/114
f 684/316/66 681/320/66 679/321/66
f 686/320/89 678/315/89 688/314/89
f 677/324/3 684/328/3 675/329/3
f 680/327/36 688/337/36 683/338/36
f 680/327/106 681/350/106 686/326/106
f 691/309/68 693/307/68 690/331/68
f 694/310/62 689/311/62 695/313/62
f 696/313/64 1061/311/64 692/311/64
f 692/311/69 693/310/69 696/313/69
f 699/317/71 694/349/71 698/319/71
f 697/316/66 694/320/66 695/321/66
f 693/320/72 700/315/72 696/321/72
f 692/332/95 699/326/95 690/327/95
f 691/324/3 697/328/3 689/329/3
f 704/302/115 708/303/115 709/296/115
f 707/294/116 702/302/116 706/296/116
f 709/353/7 702/354/7 704/355/7
s 1
f 703/356/117 705/357/118 704/358/119
s 0
f 712/284/120 716/292/120 717/285/120
f 715/290/121 710/284/121 714/287/121
f 717/359/7 710/360/7 712/361/7
s 1
f 711/362/122 713/363/123 712/364/124
s 0
f 720/284/120 724/292/120 725/285/120
f 723/365/121 718/284/121 722/285/121
f 725/366/7 718/367/7 720/368/7
s 1
f 719/369/122 721/370/123 720/371/124
s 0
f 728/291/120 732/292/120 733/287/120
f 731/290/121 726/284/121 730/287/121
f 733/372/7 726/373/7 728/374/7
s 1
f 727/375/122 729/376/123 728/377/124
s 0
f 736/284/120 740/292/120 741/287/120
f 739/290/121 734/284/121 738/285/121
f 741/378/7 734/379/7 736/380/7
s 1
f 735/381/122 737/382/123 736/383/124
s 0
f 744/293/120 748/292/120 749/287/120
f 747/290/121 742/284/121 746/285/121
f 749/384/7 742/385/7 744/386/7
s 1
f 743/387/122 745/388/123 744/389/124
s 0
f 750/295/125 271/303/125 752/296/125
f 755/302/59 759/303/59 760/296/59
f 758/294/58 753/302/58 757/296/58
f 760/353/7 753/354/7 755/355/7
s 1
f 754/356/126 756/357/127 755/358/128
s 0
f 763/390/129 761/304/129 762/306/129
s 1
f 763/297/130 762/298/131 285/299/132
f 761/300/133 282/299/134 283/301/135
s 0
f 293/313/96 287/311/96 764/311/96
f 766/308/92 769/391/92 765/392/92
f 764/311/136 769/310/136 293/313/136
f 290/311/137 770/312/137 767/311/137
f 768/310/79 767/311/79 770/312/79
f 772/393/90 766/317/90 765/319/90
f 772/320/138 295/315/138 293/321/138
f 773/314/139 298/315/139 767/316/139
f 767/316/75 771/320/75 773/314/75
f 295/334/3 764/329/3 287/329/3
f 773/337/7 770/332/7 294/347/7
f 772/336/7 293/394/7 769/395/7
f 767/396/3 298/337/3 290/332/3
f 770/332/7 771/326/7 768/339/7
f 768/339/7 772/336/7 769/395/7
f 307/313/140 301/311/140 775/311/140
f 778/397/92 776/309/92 774/308/92
f 775/311/89 779/310/89 307/313/89
f 304/311/137 780/313/137 777/311/137
f 778/310/79 777/311/79 780/313/79
f 776/343/90 782/393/90 774/398/90
f 782/320/88 775/315/88 314/314/88
f 783/321/139 312/315/139 777/316/139
f 777/316/75 781/320/75 783/321/75
f 782/336/7 307/335/7 779/324/7
f 777/396/3 312/337/3 304/332/3
f 782/336/7 779/324/7 778/339/7
f 780/338/7 781/326/7 778/339/7
f 785/308/141 789/391/141 784/392/141
f 315/311/142 789/310/142 788/312/142
f 319/311/83 790/312/83 786/311/83
f 787/310/66 786/311/66 790/312/66
f 784/343/143 793/393/143 791/398/143
f 793/320/144 324/315/144 788/321/144
f 790/321/93 325/315/93 792/316/93
f 792/316/62 787/320/62 790/321/62
f 791/399/3 786/332/3 785/339/3
f 793/336/7 788/400/7 789/395/7
f 786/332/3 325/337/3 319/332/3
f 791/399/3 785/339/3 784/346/3
f 787/401/7 793/336/7 789/395/7
f 788/400/7 328/334/7 322/335/7
f 798/312/93 329/311/93 795/311/93
f 799/397/145 796/309/145 794/308/145
f 795/311/72 800/310/72 798/312/72
f 332/311/137 801/313/137 797/311/137
f 799/310/79 797/311/79 801/313/79
f 800/393/146 794/317/146 802/319/146
f 800/320/69 337/315/69 798/321/69
f 804/321/139 340/315/139 797/316/139
f 797/316/75 803/320/75 804/321/75
f 337/334/3 795/329/3 329/329/3
f 796/324/3 802/351/3 794/402/3
f 797/396/3 340/337/3 332/332/3
f 795/329/3 802/351/3 796/324/3
f 801/338/7 803/326/7 799/339/7
f 355/312/147 342/311/147 805/311/147
f 807/308/102 810/391/102 806/392/102
f 805/311/148 810/310/148 355/312/148
f 345/311/137 811/313/137 808/311/137
f 809/310/79 808/311/79 811/313/79
f 806/343/149 813/393/149 807/398/149
f 813/320/150 349/315/150 355/314/150
f 814/321/139 353/315/139 808/316/139
f 808/316/75 812/320/75 814/321/75
f 349/334/3 805/329/3 342/329/3
f 813/336/7 355/342/7 810/395/7
f 808/396/3 353/337/3 345/332/3
f 811/338/7 812/326/7 809/339/7
f 809/339/7 813/336/7 810/395/7
f 369/312/147 356/311/147 816/311/147
f 819/397/71 817/309/71 815/308/71
f 816/311/72 820/310/72 369/312/72
f 819/310/66 818/311/66 821/313/66
f 820/393/68 823/317/68 822/319/68
f 820/320/69 364/315/69 369/314/69
f 821/321/147 367/315/147 824/316/147
f 824/316/62 819/320/62 821/321/62
f 823/326/3 818/332/3 815/339/3
f 364/334/3 816/329/3 356/329/3
f 817/324/3 822/351/3 815/339/3
f 816/329/3 822/351/3 817/324/3
f 382/312/147 370/311/147 826/311/147
f 829/397/151 827/309/151 825/308/151
f 826/311/148 830/310/148 382/312/148
f 829/310/66 828/311/66 831/312/66
f 827/343/152 834/393/152 832/398/152
f 834/320/150 378/315/150 382/314/150
f 831/321/153 373/315/153 833/316/153
f 833/316/62 829/320/62 831/321/62
f 832/399/3 828/332/3 825/339/3
f 378/334/3 826/329/3 370/329/3
f 383/337/7 831/403/7 377/338/7
f 827/404/95 832/399/95 825/339/95
f 834/336/7 382/342/7 830/324/7
f 834/336/7 830/324/7 829/405/7
f 839/312/154 384/311/154 835/311/154
f 837/308/155 840/397/155 836/392/155
f 835/311/72 841/310/72 839/312/72
f 840/310/156 838/311/156 842/312/156
f 841/393/157 837/317/157 843/319/157
f 841/320/69 392/315/69 839/321/69
f 842/321/153 387/315/153 844/316/153
f 844/316/158 845/320/158 842/321/158
f 392/334/3 835/329/3 384/406/3
f 396/337/7 842/403/7 391/338/7
f 843/351/3 837/407/3 836/395/3
f 835/329/3 843/351/3 836/395/3
f 842/403/7 845/326/7 840/339/7
f 839/400/7 395/334/7 390/335/7
f 847/308/159 851/391/159 846/392/159
f 397/311/142 851/310/142 850/312/142
f 401/311/160 852/312/160 848/311/160
f 849/310/66 848/311/66 852/312/66
f 406/316/83 850/321/83 853/316/83
f 856/393/152 854/317/152 846/319/152
f 856/320/144 853/316/144 850/321/144
f 855/316/62 849/320/62 852/321/62
f 854/326/3 848/332/3 847/339/3
f 409/337/7 852/403/7 405/338/7
f 856/336/7 850/400/7 851/395/7
f 848/332/3 855/340/3 401/408/3
f 849/401/7 856/336/7 851/395/7
f 862/312/93 410/311/93 857/311/93
f 859/308/159 863/391/159 858/392/159
f 857/311/142 863/310/142 862/312/142
f 413/311/83 864/312/83 860/311/83
f 861/310/66 860/311/66 864/312/66
f 867/393/152 865/317/152 858/319/152
f 867/320/144 418/315/144 862/321/144
f 864/321/93 421/315/93 866/316/93
f 866/316/62 861/320/62 864/321/62
f 865/326/3 860/332/3 859/339/3
f 418/334/3 857/329/3 410/329/3
f 867/336/7 862/400/7 863/395/7
f 860/332/3 421/337/3 413/332/3
f 861/401/7 867/336/7 863/395/7
f 869/308/71 871/397/71 868/392/71
f 423/311/72 872/310/72 430/313/72
f 427/311/64 873/313/64 870/311/64
f 871/310/66 870/311/66 873/313/66
f 875/343/68 872/393/68 874/398/68
f 872/320/69 432/315/69 430/314/69
f 876/316/62 871/320/62 873/321/62
f 874/399/3 870/332/3 869/339/3
f 870/332/3 876/340/3 427/332/3
f 874/399/22 869/339/22 868/395/22
f 423/329/3 875/336/3 868/395/3
f 880/397/145 878/309/145 877/308/145
f 438/311/72 881/310/72 446/313/72
f 442/311/137 882/313/137 879/311/137
f 880/310/79 879/311/79 882/313/79
f 881/393/146 877/317/146 883/319/146
f 881/320/69 448/315/69 446/321/69
f 885/314/139 449/315/139 879/316/139
f 879/316/75 884/320/75 885/314/75
f 878/324/22 883/351/22 877/402/22
f 879/396/3 449/337/3 442/332/3
f 438/329/3 883/351/3 878/324/3
f 882/338/7 884/326/7 880/339/7
f 887/308/102 890/391/102 886/392/102
f 453/311/148 890/310/148 467/312/148
f 457/311/137 891/313/137 888/311/137
f 889/310/79 888/311/79 891/313/79
f 886/343/149 893/393/149 887/398/149
f 893/320/150 462/315/150 467/314/150
f 894/321/139 463/315/139 888/316/139
f 888/316/75 892/320/75 894/321/75
f 893/336/7 467/342/7 890/395/7
f 888/396/3 463/337/3 457/332/3
f 891/338/7 892/326/7 889/339/7
f 889/339/36 893/336/36 890/395/36
f 899/391/161 896/309/161 895/308/161
f 468/311/136 899/310/136 475/313/136
f 472/311/137 900/313/137 897/311/137
f 898/310/79 897/311/79 900/313/79
f 902/393/81 895/317/81 896/319/81
f 902/320/138 477/315/138 475/321/138
f 903/321/139 479/315/139 897/316/139
f 897/316/75 901/320/75 903/321/75
f 902/336/7 475/394/7 899/395/7
f 897/396/3 479/337/3 472/332/3
f 900/338/7 901/326/7 898/339/7
f 898/339/36 902/336/36 899/395/36
f 908/312/93 483/311/93 904/311/93
f 906/308/71 909/391/71 905/392/71
f 904/311/162 909/310/162 908/312/162
f 915/310/66 907/311/66 910/312/66
f 491/316/83 908/321/83 912/316/83
f 913/343/68 915/409/68 911/398/68
f 909/320/69 912/316/69 908/321/69
f 910/314/96 493/315/96 914/316/96
f 914/316/62 915/320/62 910/314/62
f 911/399/3 907/332/3 906/339/3
f 491/328/3 904/329/3 483/329/3
f 911/399/22 906/339/22 905/395/22
f 904/329/3 913/336/3 905/395/3
f 917/308/71 919/391/71 916/392/71
f 495/311/72 919/310/72 507/312/72
f 925/310/66 918/311/66 920/313/66
f 503/316/64 507/314/64 922/316/64
f 923/343/68 925/409/68 921/398/68
f 919/320/69 922/316/69 507/314/69
f 924/316/62 925/320/62 920/321/62
f 921/399/3 918/332/3 917/339/3
f 921/399/3 917/339/3 916/395/3
f 495/329/3 923/336/3 916/395/3
f 930/312/163 509/311/163 927/311/163
f 931/397/164 928/309/164 926/308/164
f 927/311/89 932/310/89 930/312/89
f 931/310/66 929/311/66 933/312/66
f 517/316/165 520/314/165 927/316/165
f 936/393/74 934/317/74 928/319/74
f 936/320/88 927/316/88 520/314/88
f 935/316/62 931/320/62 933/321/62
f 934/326/3 929/332/3 926/339/3
f 517/328/3 927/410/3 509/329/3
f 521/337/7 933/403/7 516/338/7
f 936/336/34 930/329/34 932/324/34
f 936/336/7 932/324/7 931/405/7
f 930/329/7 520/334/7 515/394/7
f 941/391/159 938/309/159 937/308/159
f 522/311/142 941/310/142 529/313/142
f 940/310/66 939/311/66 942/312/66
f 938/343/152 945/393/152 943/398/152
f 945/320/144 531/315/144 529/314/144
f 942/314/96 535/315/96 944/316/96
f 944/316/62 940/320/62 942/314/62
f 943/399/3 939/332/3 937/339/3
f 938/404/95 943/399/95 937/339/95
f 945/336/7 529/410/7 941/395/7
f 940/401/7 945/336/7 941/395/7
f 543/313/140 537/311/140 947/311/140
f 950/397/151 948/309/151 946/308/151
f 947/311/89 951/310/89 543/313/89
f 950/310/66 949/311/66 952/313/66
f 948/343/152 955/393/152 953/398/152
f 955/320/88 947/315/88 549/314/88
f 954/316/62 950/320/62 952/321/62
f 953/399/3 949/332/3 946/339/3
f 948/404/3 953/399/3 946/339/3
f 955/336/7 543/335/7 951/324/7
f 955/336/34 951/324/34 950/405/34
f 557/313/163 551/311/163 957/311/163
f 960/397/92 958/309/92 956/308/92
f 957/311/89 961/310/89 557/313/89
f 553/311/137 962/312/137 959/311/137
f 960/310/79 959/311/79 962/312/79
f 559/316/165 564/314/165 957/316/165
f 958/343/90 964/393/90 956/398/90
f 964/320/88 957/316/88 564/314/88
f 965/314/139 562/315/139 959/316/139
f 959/316/75 963/320/75 965/314/75
f 559/328/3 957/410/3 551/329/3
f 965/337/7 962/332/7 558/347/7
f 964/336/7 557/335/7 961/324/7
f 959/396/3 562/337/3 553/332/3
f 964/336/36 961/324/36 960/339/36
f 962/332/7 963/326/7 960/339/7
f 971/312/154 565/311/154 967/311/154
f 972/391/161 968/309/161 966/308/161
f 967/311/142 972/310/142 971/312/142
f 568/311/137 973/312/137 969/311/137
f 970/310/79 969/311/79 973/312/79
f 975/393/81 966/317/81 968/319/81
f 975/320/144 572/315/144 971/321/144
f 976/314/139 574/315/139 969/316/139
f 969/316/75 974/320/75 976/314/75
f 572/334/3 967/329/3 565/406/3
f 976/337/7 973/332/7 571/347/7
f 975/336/34 971/400/34 972/395/34
f 969/396/3 574/337/3 568/332/3
f 973/332/7 974/326/7 970/339/7
f 970/339/36 975/336/36 972/395/36
f 971/400/7 577/334/7 570/335/7
f 583/313/163 578/311/163 977/311/163
f 979/308/102 982/391/102 978/392/102
f 977/311/89 982/310/89 583/313/89
f 581/311/137 983/313/137 980/311/137
f 981/310/79 980/311/79 983/313/79
f 585/316/165 985/321/165 977/316/165
f 978/343/149 986/393/149 979/398/149
f 986/320/88 977/316/88 985/321/88
f 987/314/139 588/315/139 980/316/139
f 980/316/75 984/320/75 987/314/75
f 585/328/3 977/410/3 578/329/3
f 986/336/34 583/335/34 982/395/34
f 980/396/3 588/337/3 581/332/3
f 983/338/7 984/326/7 981/339/7
f 981/339/36 986/336/36 982/395/36
f 989/308/166 991/397/166 988/392/166
f 591/311/72 992/310/72 605/312/72
f 595/311/137 993/312/137 990/311/137
f 991/310/79 990/311/79 993/312/79
f 994/343/167 992/393/167 989/398/167
f 992/320/69 600/315/69 605/314/69
f 996/314/139 602/315/139 990/316/139
f 990/316/75 995/320/75 996/314/75
f 996/337/7 993/332/7 599/347/7
f 990/396/3 602/337/3 595/332/3
f 591/329/3 994/336/3 988/395/3
f 993/332/7 995/326/7 991/339/7
f 611/313/163 606/311/163 998/311/163
f 1002/391/161 999/309/161 997/308/161
f 998/311/89 1002/310/89 611/313/89
f 609/311/137 1003/312/137 1000/311/137
f 1001/310/79 1000/311/79 1003/312/79
f 613/316/165 1004/321/165 998/316/165
f 1005/409/168 997/317/168 999/319/168
f 1006/320/88 998/316/88 1004/321/88
f 1007/314/139 616/315/139 1000/316/139
f 1000/316/75 1005/320/75 1007/314/75
f 613/328/3 998/410/3 606/329/3
f 1007/337/7 1003/332/7 612/347/7
f 1006/336/7 611/335/7 1002/395/7
f 1000/396/3 616/337/3 609/332/3
f 1003/332/7 1005/345/7 1001/339/7
f 1001/339/169 1005/345/169 1002/395/169
f 1013/391/170 1009/309/170 1008/308/170
f 619/311/72 1013/310/72 1012/312/72
f 622/311/171 1014/313/171 1010/311/171
f 1011/310/79 1010/311/79 1014/313/79
f 626/316/172 1012/321/172 1015/316/172
f 1017/409/173 1008/317/173 1016/319/173
f 1013/320/69 1015/316/69 1012/321/69
f 1010/316/75 1017/320/75 1018/314/75
f 1009/324/113 1016/351/113 1008/402/113
f 619/329/3 1016/351/3 1009/324/3
f 1014/338/7 1017/345/7 1011/339/7
f 1011/339/106 1017/345/106 1013/411/106
f 1012/400/7 631/334/7 624/335/7
f 1020/308/166 1023/397/166 1019/392/166
f 632/311/72 1024/310/72 1022/312/72
f 636/311/83 1025/312/83 1021/311/83
f 1023/310/156 1021/311/156 1025/312/156
f 1026/343/174 1028/409/174 1020/398/174
f 1024/320/69 641/315/69 1022/321/69
f 1027/316/175 1028/320/175 1025/321/175
f 1021/332/3 1027/340/3 636/332/3
f 1028/345/7 1024/404/7 1023/339/7
f 632/329/3 1026/336/3 1019/395/3
f 1025/403/7 1028/345/7 1023/339/7
f 1022/400/7 645/334/7 639/335/7
f 1030/308/155 1032/397/155 1029/392/155
f 646/311/72 1033/310/72 654/313/72
f 650/311/171 1034/313/171 1031/311/171
f 1032/310/79 1031/311/79 1034/313/79
f 1033/393/157 1030/317/157 1035/319/157
f 1033/320/69 656/315/69 654/314/69
f 1031/316/75 1036/320/75 1037/314/75
f 1035/351/3 1030/407/3 1029/395/3
f 646/329/3 1035/351/3 1029/395/3
f 1034/338/7 1036/326/7 1032/339/7
f 668/313/140 661/311/140 1039/311/140
f 1042/397/176 1040/309/176 1038/308/176
f 1039/311/89 1043/310/89 668/313/89
f 664/311/137 1044/313/137 1041/311/137
f 1042/310/79 1041/311/79 1044/313/79
f 1046/393/81 1038/317/81 1040/319/81
f 1046/320/88 1039/315/88 674/314/88
f 1047/314/139 672/315/139 1041/316/139
f 1041/316/75 1045/320/75 1047/314/75
f 1046/336/7 668/335/7 1043/324/7
f 1041/396/3 672/337/3 664/332/3
f 1046/336/7 1043/324/7 1042/339/7
f 1044/338/7 1045/326/7 1042/339/7
f 682/313/140 675/311/140 1048/311/140
f 1050/308/92 1053/391/92 1049/392/92
f 1048/311/89 1053/310/89 682/313/89
f 1052/310/156 1051/311/156 1054/312/156
f 1056/409/90 1050/317/90 1049/319/90
f 1057/320/88 1048/315/88 687/314/88
f 1054/321/153 678/315/153 1055/316/153
f 1055/316/158 1056/320/158 1054/321/158
f 688/337/7 1054/403/7 683/338/7
f 1057/336/7 682/335/7 1053/395/7
f 1054/403/7 1056/345/7 1052/339/7
f 1052/339/169 1056/345/169 1053/395/169
f 1062/312/163 689/311/163 1059/311/163
f 1063/397/176 1060/309/176 1058/308/176
f 1059/311/89 1064/310/89 1062/312/89
f 1063/310/177 1061/311/177 1065/312/177
f 697/316/165 701/314/165 1059/316/165
f 1067/409/168 1058/317/168 1060/319/168
f 1068/320/88 1059/316/88 701/314/88
f 1065/314/96 700/315/96 1066/316/96
f 1066/316/178 1067/320/178 1065/314/178
f 697/328/3 1059/410/3 689/329/3
f 1068/336/7 1062/329/7 1064/324/7
f 1067/345/7 1064/324/7 1063/339/7
f 1065/412/7 1067/345/7 1063/339/7
f 1062/329/179 701/334/179 695/394/179
f 1076/294/116 1072/302/116 1075/296/116
f 1070/302/115 1074/303/115 1073/296/115
f 1161/484/180 1160/485/180 1159/486/180
s 1
f 1176/487/181 1162/488/182 1161/489/183
s 0
f 1165/490/184 1166/491/184 1169/492/184
f 1166/491/185 1167/490/185 1169/492/185
f 1168/493/8 1165/494/8 1167/495/8
f 1169/496/7 1167/497/7 1165/498/7
f 1179/499/186 1163/490/186 1164/492/186
f 1186/500/187 1164/492/187 1163/490/187
f 1177/501/188 1160/502/188 1162/503/188
s 1
f 1160/504/189 1174/505/190 1159/506/191
s 0
f 1161/507/192 1174/508/192 1176/509/192
f 1173/510/193 1157/511/193 1158/512/193
s 1
f 1157/513/194 1170/514/195 1391/515/196
s 0
f 1391/516/197 1170/514/197 1390/517/197
f 1390/518/198 1172/519/198 1392/520/198
f 1185/521/199 1182/522/199 1183/523/199
s 1
f 1176/487/181 1185/524/200 1177/525/201
s 0
f 1178/526/3 1187/497/3 1179/527/3
f 1188/490/202 1189/491/202 1190/528/202
f 1188/490/203 1192/491/203 1191/492/203
f 1190/529/7 1189/530/7 1192/531/7
f 1186/532/8 1163/533/8 1187/495/8
f 1183/502/204 1177/501/204 1185/503/204
s 1
f 1174/505/190 1183/534/205 1182/535/206
s 0
f 1176/509/207 1182/536/207 1184/507/207
f 1180/511/208 1173/510/208 1181/512/208
s 1
f 1170/514/195 1171/537/209 1180/538/210
s 0
f 1197/539/211 1196/540/211 1195/541/211
s 1
f 1212/542/212 1198/543/213 1197/544/214
s 0
f 1201/490/215 1202/491/215 1204/492/215
f 1205/491/216 1201/490/216 1204/492/216
f 1202/530/3 1203/545/3 1205/531/3
f 1214/492/217 1199/490/217 1200/492/217
f 1221/490/218 1200/492/218 1199/490/218
f 1213/501/188 1196/502/188 1198/503/188
s 1
f 1196/546/219 1210/547/220 1195/548/221
s 0
f 1195/536/222 1212/509/222 1197/507/222
f 1209/510/193 1193/511/193 1194/512/193
s 1
f 1193/549/194 1206/550/195 1396/551/196
s 0
f 1396/516/223 1206/550/223 1395/517/223
f 1395/518/198 1208/552/198 1397/520/198
f 1220/553/199 1217/554/199 1218/555/199
s 1
f 1212/542/212 1220/556/224 1213/557/225
s 0
f 1222/526/3 1223/497/3 1214/527/3
f 1227/492/226 1226/528/226 1224/490/226
f 1224/490/227 1225/491/227 1227/492/227
f 1214/558/4 1200/559/4 1222/560/4
f 1221/494/8 1199/533/8 1223/495/8
f 1218/502/228 1213/501/228 1220/503/228
s 1
f 1210/547/220 1218/561/229 1217/562/230
s 0
f 1219/507/231 1210/508/231 1217/536/231
f 1215/511/208 1209/510/208 1216/512/208
s 1
f 1206/550/195 1207/563/209 1215/549/210
s 0
f 1232/564/180 1231/565/180 1230/566/180
s 1
f 1247/567/232 1233/568/213 1232/569/233
s 0
f 1236/570/7 1235/497/7 1234/498/7
f 1239/528/234 1240/492/234 1237/490/234
f 1238/491/235 1237/490/235 1240/492/235
f 1249/492/236 1235/490/236 1236/492/236
f 1250/533/8 1234/494/8 1235/495/8
f 1248/501/188 1231/502/188 1233/503/188
s 1
f 1231/571/219 1245/505/237 1230/572/221
s 0
f 1230/536/222 1247/509/222 1232/507/222
f 1244/510/193 1228/511/193 1229/512/193
s 1
f 1228/549/194 1241/573/195 1401/551/196
s 0
f 1401/516/223 1241/573/223 1400/517/223
f 1400/518/198 1243/574/198 1402/520/198
f 1256/575/199 1253/576/199 1254/577/199
s 1
f 1247/567/232 1256/578/224 1248/579/225
s 0
f 1257/526/3 1250/580/3 1249/527/3
f 1261/492/226 1260/528/226 1258/490/226
f 1258/490/227 1259/491/227 1261/492/227
f 1249/558/4 1236/559/4 1257/560/4
f 1257/492/238 1234/490/238 1250/490/238
f 1254/502/204 1248/501/204 1256/503/204
s 1
f 1245/505/237 1254/581/239 1253/582/230
s 0
f 1255/507/231 1245/508/231 1253/536/231
f 1251/511/208 1244/510/208 1252/512/208
s 1
f 1241/573/195 1242/563/240 1251/583/241
s 0
f 1266/584/180 1265/585/180 1264/586/180
s 1
f 1279/587/242 1267/588/182 1266/589/183
s 0
f 1271/528/234 1272/492/234 1269/490/234
f 1270/491/235 1269/490/235 1272/492/235
f 1290/490/243 1281/590/243 1268/490/243
f 1280/501/244 1265/502/244 1267/503/244
s 1
f 1265/591/245 1277/592/246 1264/593/191
s 0
f 1266/507/247 1277/508/247 1279/509/247
f 1276/510/193 1262/511/193 1263/512/193
s 1
f 1262/513/248 1273/550/249 1405/551/250
s 0
f 1289/594/199 1286/595/199 1287/565/199
s 1
f 1279/587/242 1289/596/224 1280/597/251
s 0
f 1295/492/226 1294/528/226 1292/490/226
f 1292/490/227 1293/491/227 1295/492/227
f 1283/490/252 1282/590/252 1291/492/252
f 1287/502/228 1280/501/228 1289/503/228
s 1
f 1277/592/246 1287/571/229 1286/598/230
s 0
f 1288/507/231 1277/508/231 1286/536/231
f 1284/511/208 1276/510/208 1285/512/208
s 1
f 1273/550/249 1274/599/253 1284/583/254
s 0
f 1275/600/255 1407/518/255 1409/520/255
f 1300/601/211 1299/602/211 1298/603/211
s 1
f 1314/604/256 1301/605/182 1300/606/183
s 0
f 1306/528/234 1307/492/234 1304/490/234
f 1305/491/235 1304/490/235 1307/492/235
f 1316/559/4 1317/558/4 1303/560/4
f 1325/490/243 1303/492/243 1302/490/243
f 1315/501/188 1299/502/188 1301/503/188
s 1
f 1299/607/245 1312/608/246 1298/609/191
s 0
f 1300/507/247 1312/508/247 1314/509/247
f 1311/510/193 1296/511/193 1297/512/193
s 1
f 1296/610/248 1308/550/249 1410/551/257
s 0
f 1323/611/258 1321/612/258 1322/613/258
s 1
f 1314/604/256 1324/614/224 1315/615/251
s 0
f 1329/492/226 1328/528/226 1326/490/226
f 1326/490/227 1327/491/227 1329/492/227
f 1318/490/259 1317/492/259 1316/492/259
f 1322/502/260 1315/501/260 1324/503/260
s 1
f 1312/608/246 1322/616/229 1321/569/230
s 0
f 1323/507/231 1312/508/231 1321/536/231
f 1319/511/208 1311/510/208 1320/512/208
s 1
f 1308/550/249 1309/617/261 1319/618/262
s 0
f 1310/600/255 1412/518/255 1414/520/255
f 1334/619/180 1333/620/180 1332/621/180
s 1
f 1347/622/242 1335/543/182 1334/623/183
s 0
f 1339/528/234 1340/492/234 1337/490/234
f 1338/491/235 1337/490/235 1340/492/235
f 1357/624/263 1349/590/263 1336/490/263
f 1348/501/188 1333/502/188 1335/503/188
s 1
f 1333/625/245 1345/626/246 1332/627/191
s 0
f 1334/507/247 1345/508/247 1347/509/247
f 1344/510/193 1330/511/193 1331/512/193
s 1
f 1330/628/194 1341/629/195 1416/630/196
s 0
f 1416/516/223 1341/629/223 1415/517/223
f 1415/518/198 1343/631/198 1417/520/198
f 1356/632/199 1353/633/199 1354/634/199
s 1
f 1347/622/242 1356/635/224 1348/636/251
s 0
f 1363/492/226 1362/528/226 1360/490/226
f 1360/490/227 1361/491/227 1363/492/227
f 1358/490/252 1350/590/252 1359/492/252
f 1357/637/8 1336/638/8 1358/495/8
f 1354/502/260 1348/501/260 1356/503/260
s 1
f 1345/626/246 1354/639/239 1353/640/230
s 0
f 1355/507/264 1345/508/264 1353/536/264
f 1351/511/208 1344/510/208 1352/512/208
s 1
f 1341/629/195 1342/563/209 1351/641/210
s 0
f 1364/511/265 1365/642/265 1420/512/265
s 1
f 1652/643/266 1368/644/267 1422/645/268
s 0
f 1365/642/269 1367/511/269 1368/512/269
s 1
f 1371/646/270 1657/647/271 1370/648/272
s 0
f 1369/511/273 1371/642/273 1370/512/273
f 1659/649/274 1424/650/274 1660/651/274
f 1371/642/275 1372/511/275 1425/512/275
f 1373/511/276 1374/642/276 1426/512/276
s 1
f 1664/652/277 1377/644/278 1429/653/279
s 0
f 1374/642/280 1376/511/280 1377/512/280
f 1379/654/281 1669/655/281 1433/656/281
f 1378/511/282 1435/642/282 1430/512/282
f 1435/642/283 1380/511/283 1434/512/283
f 1382/657/284 1674/658/284 1675/659/284
f 1381/511/285 1384/660/285 1436/512/285
f 1387/654/286 1680/649/286 1681/650/286
f 1385/511/265 1386/642/265 1440/512/265
s 1
f 1679/661/287 1389/662/288 1442/663/268
s 0
f 1386/642/269 1388/511/269 1389/512/269
s 1
f 1388/664/289 1441/665/290 1442/663/291
f 1385/666/292 1440/667/293 1441/665/294
f 1383/668/289 1438/669/295 1439/670/291
f 1381/671/292 1436/672/293 1438/669/296
f 1380/673/297 1432/674/298 1434/675/299
f 1378/676/292 1430/677/293 1432/674/294
f 1376/678/289 1427/679/290 1429/653/291
f 1373/680/292 1426/681/293 1427/679/296
f 1372/664/297 1423/682/298 1425/683/299
f 1369/664/300 1657/647/301 1423/682/302
f 1367/684/303 1421/685/304 1422/645/291
f 1364/684/305 1420/686/293 1421/685/306
s 0
f 1448/687/307 1445/688/307 1446/485/307
s 1
f 1461/689/308 1448/690/309 1462/525/310
s 0
f 1450/490/311 1451/491/311 1453/528/311
f 1452/490/312 1451/491/312 1454/492/312
f 1450/494/4 1453/691/4 1452/495/4
f 1465/490/313 1464/499/313 1449/492/313
f 1449/492/314 1472/500/314 1465/490/314
f 1446/502/315 1462/501/315 1448/503/315
s 1
f 1459/505/316 1446/504/317 1445/692/318
s 0
f 1447/507/319 1459/508/319 1445/536/319
f 1443/511/320 1458/510/320 1444/512/320
s 1
f 1455/693/321 1456/694/322 1443/583/323
s 0
f 1457/642/324 1390/518/324 1392/520/324
f 1470/695/325 1469/696/325 1468/697/325
s 1
f 1461/689/308 1471/524/326 1470/698/327
s 0
f 1463/526/3 1473/497/3 1472/498/3
f 1474/490/311 1475/491/311 1477/492/311
f 1478/491/203 1474/490/203 1477/492/203
f 1475/530/7 1476/545/7 1478/531/7
f 1465/533/4 1472/532/4 1473/495/4
f 1462/501/328 1469/502/328 1471/503/328
s 1
f 1469/699/329 1459/505/316 1468/700/330
s 0
f 1468/536/331 1461/509/331 1470/507/331
f 1458/510/332 1466/511/332 1467/512/332
s 1
f 1466/583/333 1456/694/322 1455/693/321
s 0
f 1393/516/334 1455/693/334 1170/514/334
f 1170/701/335 1457/642/335 1172/519/335
f 1484/702/307 1481/703/307 1482/540/307
s 1
f 1497/542/336 1484/543/337 1498/557/338
s 0
f 1485/526/7 1500/580/7 1499/527/7
f 1486/490/184 1487/491/184 1488/528/184
f 1486/490/216 1490/491/216 1489/492/216
f 1488/529/3 1487/530/3 1490/531/3
f 1499/558/8 1509/559/8 1485/560/8
f 1485/492/339 1507/490/339 1500/490/339
f 1482/502/315 1498/501/315 1484/503/315
s 1
f 1495/704/340 1482/546/341 1481/705/342
s 0
f 1497/509/343 1481/536/343 1483/507/343
f 1479/511/320 1494/510/320 1480/512/320
s 1
f 1491/706/344 1492/563/322 1479/583/323
s 0
f 1493/642/345 1395/518/345 1397/520/345
f 1505/707/325 1504/555/325 1503/708/325
s 1
f 1497/542/336 1506/709/346 1505/710/347
s 0
f 1509/570/3 1508/497/3 1507/498/3
f 1512/528/348 1513/492/348 1510/490/348
f 1511/491/349 1510/490/349 1513/492/349
f 1499/492/350 1508/490/350 1509/492/350
f 1500/533/4 1507/494/4 1508/495/4
f 1498/501/328 1504/502/328 1506/503/328
s 1
f 1504/561/351 1495/704/340 1503/711/352
s 0
f 1505/507/353 1495/508/353 1497/509/353
f 1494/510/332 1501/511/332 1502/512/332
s 1
f 1501/549/333 1492/563/322 1491/706/344
s 0
f 1398/516/334 1491/706/334 1206/550/334
f 1206/712/354 1493/642/354 1208/552/354
f 1519/713/355 1516/714/355 1517/565/355
s 1
f 1533/715/356 1519/716/309 1534/717/357
s 0
f 1521/526/7 1522/497/7 1535/527/7
f 1526/492/358 1525/528/358 1523/490/358
f 1523/490/359 1524/491/359 1526/492/359
f 1535/558/8 1543/559/8 1521/560/8
f 1520/494/4 1542/533/4 1522/495/4
f 1517/502/315 1534/501/315 1519/503/315
s 1
f 1531/718/360 1517/571/317 1516/719/318
s 0
f 1518/507/361 1531/508/361 1516/536/361
f 1514/511/320 1530/510/320 1515/512/320
s 1
f 1527/720/344 1528/563/322 1514/583/323
s 0
f 1529/642/345 1400/518/345 1402/520/345
f 1540/721/362 1539/523/362 1538/576/362
s 1
f 1533/715/356 1541/596/346 1540/722/347
s 0
f 1546/528/348 1547/492/348 1544/490/348
f 1545/491/349 1544/490/349 1547/492/349
f 1535/492/363 1542/490/363 1543/492/363
f 1520/490/364 1543/492/364 1542/490/364
f 1534/501/365 1539/502/365 1541/503/365
s 1
f 1539/534/366 1531/718/360 1538/582/352
s 0
f 1540/507/367 1531/508/367 1533/509/367
f 1530/510/332 1536/511/332 1537/512/332
s 1
f 1536/583/333 1528/563/322 1527/720/344
s 0
f 1403/516/334 1527/720/334 1241/573/334
f 1241/723/354 1529/642/354 1243/574/354
f 1553/724/307 1550/725/307 1551/726/307
s 1
f 1565/715/356 1553/727/309 1566/717/357
s 0
f 1567/526/7 1569/497/7 1568/527/7
f 1558/492/358 1557/528/358 1555/490/358
f 1555/490/359 1556/491/359 1558/492/359
f 1551/502/315 1566/501/315 1553/503/315
s 1
f 1563/592/360 1551/728/368 1550/729/318
s 0
f 1552/507/319 1563/508/319 1550/536/319
f 1406/516/369 1561/730/369 1275/731/369
f 1548/511/320 1562/510/320 1549/512/320
s 1
f 1559/732/344 1560/733/322 1548/513/323
s 0
f 1561/642/370 1273/712/370 1275/600/370
f 1574/734/325 1573/735/325 1572/736/325
s 1
f 1565/715/356 1575/727/346 1574/737/347
s 0
f 1580/528/348 1581/492/348 1578/490/348
f 1579/491/349 1578/490/349 1581/492/349
f 1568/590/371 1576/490/371 1577/492/371
f 1554/738/372 1577/492/372 1576/490/372
f 1566/501/365 1573/502/365 1575/503/365
s 1
f 1573/739/351 1563/592/360 1572/740/352
s 0
f 1574/507/367 1563/508/367 1565/509/367
f 1562/510/332 1570/511/332 1571/512/332
s 1
f 1570/583/333 1560/733/322 1559/732/344
s 0
f 1408/516/373 1559/732/373 1407/517/373
f 1407/518/374 1561/642/374 1409/520/374
f 1587/741/307 1584/742/307 1585/743/307
s 1
f 1600/604/356 1587/744/309 1601/615/357
s 0
f 1589/526/7 1588/745/7 1602/527/7
f 1593/492/358 1592/528/358 1590/490/358
f 1590/490/359 1591/491/359 1593/492/359
f 1602/558/8 1611/559/8 1589/560/8
f 1589/492/375 1610/490/375 1588/490/375
f 1585/502/376 1601/501/376 1587/503/376
s 1
f 1598/608/360 1585/746/368 1584/747/318
s 0
f 1586/507/319 1598/508/319 1584/536/319
f 1411/516/369 1596/748/369 1310/749/369
f 1582/511/320 1597/510/320 1583/512/320
s 1
f 1594/750/377 1595/617/322 1582/751/323
s 0
f 1596/642/370 1308/712/370 1310/600/370
f 1608/611/325 1607/613/325 1606/612/325
s 1
f 1600/604/356 1609/752/346 1608/753/347
s 0
f 1611/570/3 1603/497/3 1610/498/3
f 1614/528/348 1615/492/348 1612/490/348
f 1613/491/349 1612/490/349 1615/492/349
f 1602/492/350 1603/490/350 1611/492/350
f 1601/501/365 1607/502/365 1609/503/365
s 1
f 1607/616/351 1598/608/360 1606/754/352
s 0
f 1608/507/367 1598/508/367 1600/509/367
f 1597/510/332 1604/511/332 1605/512/332
s 1
f 1604/755/333 1595/617/322 1594/750/377
s 0
f 1413/516/373 1594/750/373 1412/517/373
f 1412/518/374 1596/642/374 1414/520/374
f 1621/756/307 1618/757/307 1619/620/307
s 1
f 1634/622/356 1621/758/309 1635/759/378
s 0
f 1623/526/7 1637/497/7 1636/527/7
f 1627/492/358 1626/528/358 1624/490/358
f 1624/490/359 1625/491/359 1627/492/359
f 1636/760/8 1645/761/8 1623/560/8
f 1619/502/376 1635/501/376 1621/503/376
s 1
f 1632/762/360 1619/625/368 1618/763/318
s 0
f 1620/507/361 1632/508/361 1618/536/361
f 1616/511/320 1631/510/320 1617/512/320
s 1
f 1628/764/321 1629/563/322 1616/765/323
s 0
f 1630/642/345 1415/518/345 1417/520/345
s 1
f 1634/622/356 1643/766/346 1642/767/347
s 0
f 1648/528/348 1649/492/348 1646/490/348
f 1647/491/349 1646/490/349 1649/492/349
f 1636/590/379 1644/490/379 1645/768/379
f 1622/738/380 1645/768/380 1644/490/380
f 1635/501/365 1641/502/365 1643/503/365
s 1
f 1641/769/366 1632/762/360 1640/770/352
s 0
f 1642/507/367 1632/508/367 1634/509/367
f 1631/510/332 1638/511/332 1639/512/332
s 1
f 1638/771/333 1629/563/322 1628/764/321
s 0
f 1418/516/334 1628/764/334 1341/629/334
f 1341/772/335 1630/642/335 1343/631/335
s 1
f 1365/773/381 1651/774/382 1420/686/383
s 0
f 1652/642/384 1650/511/384 1651/512/384
f 1655/511/385 1652/642/385 1422/512/385
f 1659/649/386 1660/651/386 1424/650/386
f 1658/775/387 1656/511/387 1657/512/387
s 1
f 1374/776/388 1663/777/389 1426/681/390
s 0
f 1664/642/391 1662/511/391 1663/512/391
f 1666/511/392 1664/642/392 1429/512/392
s 1
f 1431/778/393 1668/779/394 1430/677/395
s 0
f 1431/642/396 1667/511/396 1668/512/396
s 1
f 1435/780/397 1434/675/398 1671/781/399
s 0
f 1433/656/400 1669/655/400 1379/654/400
f 1670/511/401 1431/642/401 1671/512/401
s 1
f 1437/782/402 1673/783/394 1436/672/395
s 0
f 1437/642/403 1672/511/403 1673/512/403
f 1675/659/404 1674/658/404 1382/657/404
f 1676/511/405 1437/642/405 1439/512/405
s 1
f 1386/784/406 1678/779/407 1440/667/408
s 0
f 1679/642/384 1677/511/384 1678/512/384
f 1681/650/409 1680/649/409 1387/654/409
f 1682/511/385 1679/642/385 1442/512/385
s 1
f 1682/664/410 1442/663/291 1441/665/290
f 1677/666/411 1441/665/294 1440/667/293
f 1676/785/410 1439/670/291 1438/669/295
f 1672/671/411 1438/669/296 1436/672/293
f 1670/678/412 1434/675/299 1432/674/298
f 1667/786/411 1432/674/294 1430/677/293
f 1666/678/413 1429/653/291 1427/679/290
f 1662/680/411 1427/679/296 1426/681/293
f 1661/664/412 1425/683/299 1423/682/298
f 1656/664/414 1423/682/302 1657/647/301
f 1655/676/415 1422/645/291 1421/685/304
f 1650/684/416 1421/685/306 1420/686/293
s 0
f 1688/687/180 1685/688/180 1686/485/180
s 1
f 1701/787/417 1688/690/418 1702/525/419
s 0
f 1690/490/203 1691/491/203 1693/528/203
f 1692/490/184 1691/491/184 1694/492/184
f 1690/494/8 1693/691/8 1692/495/8
f 1705/490/420 1704/499/420 1689/492/420
f 1689/492/421 1712/500/421 1705/490/421
f 1686/502/422 1702/501/422 1688/503/422
s 1
f 1699/788/423 1686/504/424 1685/692/425
s 0
f 1687/507/426 1699/508/426 1685/536/426
f 1683/511/427 1698/510/427 1684/512/427
s 1
f 1695/693/428 1696/694/429 1683/583/430
s 0
f 1697/642/431 1922/518/431 1924/520/431
f 1710/721/199 1709/696/199 1708/486/199
s 1
f 1701/787/417 1711/524/432 1710/722/433
s 0
f 1703/526/3 1713/497/3 1712/498/3
f 1714/490/185 1715/491/185 1718/492/185
f 1715/491/184 1716/490/184 1718/492/184
f 1717/493/8 1714/494/8 1716/495/8
f 1718/496/3 1716/497/3 1714/498/3
f 1705/533/8 1712/532/8 1713/495/8
f 1702/501/434 1709/502/434 1711/503/434
s 1
f 1709/699/435 1699/788/423 1708/506/436
s 0
f 1710/507/437 1699/508/437 1701/509/437
f 1698/510/438 1706/511/438 1707/512/438
s 1
f 1706/583/439 1696/694/429 1695/693/428
s 0
f 1925/516/440 1695/693/440 1984/514/440
f 1984/701/441 1697/642/441 1986/519/441
f 1724/702/211 1721/595/211 1722/540/211
s 1
f 1737/547/442 1724/543/443 1738/557/444
s 0
f 1725/526/7 1740/580/7 1739/527/7
f 1726/490/203 1727/491/203 1729/528/203
f 1728/490/184 1727/491/184 1730/492/184
f 1726/494/8 1729/691/8 1728/495/8
f 1739/558/4 1749/559/4 1725/560/4
f 1725/492/445 1747/490/445 1740/490/445
f 1722/502/422 1738/501/422 1724/503/422
s 1
f 1735/704/446 1722/546/424 1721/598/425
s 0
f 1723/507/222 1735/508/222 1721/536/222
f 1719/511/427 1734/510/427 1720/512/427
s 1
f 1731/706/447 1732/563/429 1719/583/430
s 0
f 1733/642/448 2019/712/448 1928/520/448
f 1745/789/258 1744/555/258 1743/790/258
s 1
f 1737/547/442 1746/709/449 1745/791/450
s 0
f 1749/570/3 1748/497/3 1747/498/3
f 1752/528/349 1753/492/349 1750/490/349
f 1751/491/348 1750/490/348 1753/492/348
f 1739/492/451 1748/490/451 1749/492/451
f 1740/533/8 1747/494/8 1748/495/8
f 1738/501/434 1744/502/434 1746/503/434
s 1
f 1744/561/452 1735/704/446 1743/792/453
s 0
f 1743/536/231 1737/509/231 1745/507/231
f 1734/510/438 1741/511/438 1742/512/438
s 1
f 1741/549/454 1732/563/429 1731/706/447
s 0
f 1929/518/455 1733/642/455 2021/552/455
f 1759/713/211 1756/714/211 1757/565/211
s 1
f 1773/715/456 1759/716/418 1774/717/419
s 0
f 1766/492/359 1765/528/359 1763/490/359
f 1763/490/358 1764/491/358 1766/492/358
f 1761/490/375 1776/492/375 1762/492/375
f 1760/494/8 1783/533/8 1761/495/8
f 1757/502/422 1774/501/422 1759/503/422
s 1
f 1771/718/457 1757/571/424 1756/719/425
s 0
f 1758/507/426 1771/508/426 1756/536/426
f 1754/511/427 1770/510/427 1755/512/427
s 1
f 1767/720/428 1768/563/429 1754/583/430
s 0
f 1769/642/458 1931/518/458 1933/520/458
f 1781/721/199 1780/523/199 1779/576/199
s 1
f 1773/715/456 1782/596/432 1781/722/459
s 0
f 1786/528/349 1787/492/349 1784/490/349
f 1785/491/348 1784/490/348 1787/492/348
f 1760/490/350 1775/492/350 1783/490/350
f 1774/501/460 1780/502/460 1782/503/460
s 1
f 1780/534/461 1771/718/457 1779/582/436
s 0
f 1781/507/437 1771/508/437 1773/509/437
f 1770/510/438 1777/511/438 1778/512/438
s 1
f 1777/583/439 1768/563/429 1767/720/428
s 0
f 1934/516/440 1767/720/440 2055/573/440
f 2055/723/462 1769/642/462 2057/574/462
f 1793/724/180 1790/725/180 1791/726/180
s 1
f 1805/715/456 1793/727/418 1806/717/419
s 0
f 1807/526/7 1794/745/7 1808/527/7
f 1798/492/359 1797/528/359 1795/490/359
f 1795/490/358 1796/491/358 1798/492/358
f 1807/590/463 1816/490/463 1794/490/463
f 1791/502/422 1806/501/422 1793/503/422
s 1
f 1803/592/457 1791/728/464 1790/729/425
s 0
f 1792/507/222 1803/508/222 1790/536/222
f 1937/516/465 1801/730/465 2089/731/465
f 1788/511/427 1802/510/427 1789/512/427
s 1
f 1799/732/428 1800/733/429 1788/513/430
s 0
f 1801/642/466 2087/712/466 2089/600/466
f 1814/734/258 1813/735/258 1812/736/258
s 1
f 1805/715/456 1815/727/432 1814/737/459
s 0
f 1817/793/3 1809/497/3 1816/498/3
f 1820/528/349 1821/492/349 1818/490/349
f 1819/491/348 1818/490/348 1821/492/348
f 1808/590/467 1809/490/467 1817/492/467
f 1806/501/460 1813/502/460 1815/503/460
s 1
f 1813/739/435 1803/592/457 1812/740/436
s 0
f 1814/507/437 1803/508/437 1805/509/437
f 1802/510/438 1810/511/438 1811/512/438
s 1
f 1810/583/439 1800/733/429 1799/732/428
s 0
f 1939/516/468 1799/732/468 1938/517/468
f 1938/518/469 1801/642/469 1940/520/469
f 1827/741/180 1824/742/180 1825/743/180
s 1
f 1840/604/456 1827/744/418 1841/615/419
s 0
f 1829/526/7 1828/745/7 1842/527/7
f 1833/492/359 1832/528/359 1830/490/359
f 1830/490/358 1831/491/358 1833/492/358
f 1842/558/4 1851/559/4 1829/560/4
f 1829/492/463 1850/490/463 1828/490/463
f 1825/502/470 1841/501/470 1827/503/470
s 1
f 1838/608/457 1825/746/464 1824/747/425
s 0
f 1826/507/222 1838/508/222 1824/536/222
f 1942/516/465 1836/748/465 2124/749/465
f 1822/511/427 1837/510/427 1823/512/427
s 1
f 1834/750/428 1835/617/429 1822/751/430
s 0
f 1836/642/466 2122/712/466 2124/600/466
f 1848/611/258 1847/613/258 1846/612/258
s 1
f 1840/604/456 1849/752/432 1848/753/459
s 0
f 1851/570/3 1843/497/3 1850/498/3
f 1854/528/349 1855/492/349 1852/490/349
f 1853/491/348 1852/490/348 1855/492/348
f 1842/492/451 1843/490/451 1851/492/451
f 1841/501/460 1847/502/460 1849/503/460
s 1
f 1847/616/435 1838/608/457 1846/754/436
s 0
f 1848/507/437 1838/508/437 1840/509/437
f 1837/510/438 1844/511/438 1845/512/438
s 1
f 1844/755/439 1835/617/429 1834/750/428
s 0
f 1944/516/468 1834/750/468 1943/517/468
f 1943/518/469 1836/642/469 1945/520/469
f 1861/756/180 1858/794/180 1859/620/180
s 1
f 1873/542/471 1861/758/472 1874/759/473
s 0
f 1866/492/359 1865/528/359 1863/490/359
f 1863/490/358 1864/491/358 1866/492/358
f 1877/795/339 1876/768/339 1875/492/339
f 1859/502/470 1874/501/470 1861/503/470
s 1
f 1871/547/474 1859/625/475 1858/700/476
s 0
f 1873/509/477 1858/536/477 1860/507/477
f 1856/511/427 1870/510/427 1857/512/427
s 1
f 1867/764/478 1868/563/429 1856/765/430
s 0
f 1869/631/479 1946/518/479 1948/520/479
f 1882/796/258 1881/797/258 1880/798/258
s 1
f 1873/542/471 1883/766/432 1882/799/459
s 0
f 1888/528/349 1889/492/349 1886/490/349
f 1887/491/348 1886/490/348 1889/492/348
f 1875/800/4 1876/801/4 1885/560/4
f 1862/738/480 1885/492/480 1884/490/480
f 1874/501/460 1881/502/460 1883/503/460
s 1
f 1881/769/461 1871/547/474 1880/802/436
s 0
f 1882/507/481 1871/508/481 1873/509/481
f 1870/510/438 1878/511/438 1879/512/438
s 1
f 1878/771/439 1868/563/429 1867/764/478
s 0
f 1949/516/440 1867/764/440 2155/629/440
s 1
f 2179/773/482 1891/774/483 1951/686/484
s 0
f 1892/642/485 1890/511/485 1891/512/485
f 1895/511/486 1892/642/486 1953/512/486
f 1899/649/487 1900/651/487 1955/650/487
f 1898/775/488 1896/511/488 1897/512/488
s 1
f 1958/803/489 1903/777/490 1957/681/491
s 0
f 1958/642/492 1902/511/492 1903/512/492
f 1905/511/493 1958/642/493 1961/512/493
s 1
f 2192/804/494 1907/779/495 1962/677/484
s 0
f 1908/775/496 1906/511/496 1907/512/496
f 1964/656/497 1909/655/497 2193/654/497
f 1913/642/498 1911/511/498 1912/512/498
f 1915/659/499 1914/658/499 2198/657/499
f 1916/511/500 1913/642/500 1967/512/500
f 1968/642/501 1917/511/501 1918/512/501
f 1920/650/502 1919/649/502 2203/654/502
f 1921/511/503 1968/642/503 1970/512/503
s 1
f 1921/664/504 1970/663/505 1969/665/506
f 1917/666/507 1969/665/508 1918/667/509
f 1916/785/504 1967/670/505 1966/669/510
f 1911/671/507 1966/669/511 1912/805/509
f 1910/678/512 1965/675/513 1963/806/514
f 1906/786/515 1963/807/516 1962/677/517
f 1905/678/518 1961/653/505 1959/679/506
f 1902/680/515 1959/679/516 1957/681/517
f 1901/664/512 1956/683/513 1954/682/519
f 1896/664/507 1954/682/511 1897/647/509
f 1895/676/520 1953/645/505 1952/685/521
f 1890/684/522 1952/685/523 1951/686/517
f 1990/622/524 1976/488/525 1975/722/526
s 0
f 1979/490/312 1980/491/312 1983/492/312
f 1980/491/202 1981/490/202 1983/492/202
f 1982/493/4 1979/494/4 1981/495/4
f 1983/496/7 1981/497/7 1979/498/7
f 1993/499/527 1977/490/527 1978/492/527
f 2000/500/528 1978/492/528 1977/490/528
f 1991/501/529 1974/502/529 1976/503/529
s 1
f 1974/504/530 1988/788/531 1973/506/532
s 0
f 1975/507/533 1988/508/533 1990/509/533
f 1987/510/534 1971/511/534 1972/512/534
s 1
f 1971/513/535 1984/514/536 1923/515/537
s 0
f 1923/516/538 1984/514/538 1922/517/538
f 1922/518/539 1986/519/539 1924/520/539
f 1999/521/362 1996/688/362 1997/523/362
s 1
f 1990/622/524 1999/524/540 1991/525/541
s 0
f 1992/526/3 2001/497/3 1993/527/3
f 2002/490/216 2003/491/216 2005/528/216
f 2004/490/202 2003/491/202 2006/492/202
f 2002/494/4 2005/691/4 2004/495/4
f 2000/532/4 1977/533/4 2001/495/4
f 1997/502/542 1991/501/542 1999/503/542
s 1
f 1988/788/531 1997/534/543 1996/692/544
s 0
f 1998/507/545 1988/508/545 1996/536/545
f 1994/511/546 1987/510/546 1995/512/546
s 1
f 1984/514/536 1985/537/547 1994/538/548
s 0
f 2011/539/355 2010/540/355 2009/541/355
s 1
f 2025/542/549 2012/543/550 2011/544/551
s 0
f 2014/490/216 2015/491/216 2017/492/216
f 2018/491/215 2014/490/215 2017/492/215
f 2015/530/3 2016/545/3 2018/531/3
f 2035/490/236 2027/492/236 2013/490/236
f 2026/501/529 2010/502/529 2012/503/529
s 1
f 2010/546/552 2023/547/553 2009/548/554
s 0
f 2009/536/319 2025/509/319 2011/507/319
f 2022/510/534 2007/511/534 2008/512/534
s 1
f 2007/549/555 2019/550/556 1927/551/557
s 0
f 2019/712/558 2021/552/558 1928/520/558
f 2034/553/362 2031/554/362 2032/555/362
s 1
f 2025/542/549 2034/556/540 2026/557/559
s 0
f 2041/492/227 2040/528/227 2038/490/227
f 2038/490/226 2039/491/226 2041/492/226
f 2036/490/560 2028/492/560 2037/492/560
f 2035/494/4 2013/533/4 2036/495/4
f 2032/502/561 2026/501/561 2034/503/561
s 1
f 2023/547/553 2032/561/543 2031/562/544
s 0
f 2033/507/331 2023/508/331 2031/536/331
f 2029/511/546 2022/510/546 2030/512/546
s 1
f 2019/550/556 2020/563/562 2029/549/563
f 2061/587/524 2047/568/525 2046/722/526
s 0
f 2050/570/7 2049/497/7 2048/498/7
f 2053/528/235 2054/492/235 2051/490/235
f 2052/491/234 2051/490/234 2054/492/234
f 2063/492/263 2049/490/263 2050/492/263
f 2064/533/4 2048/494/4 2049/495/4
f 2062/501/529 2045/502/529 2047/503/529
s 1
f 2045/571/530 2059/592/531 2044/719/532
s 0
f 2046/507/533 2059/508/533 2061/509/533
f 2058/510/534 2042/511/534 2043/512/534
s 1
f 2042/549/535 2055/573/536 1932/551/537
s 0
f 1932/516/564 2055/573/564 1931/517/564
f 1931/518/539 2057/574/539 1933/520/539
f 2070/575/362 2067/576/362 2068/577/362
s 1
f 2061/587/524 2070/578/540 2062/579/541
s 0
f 2071/526/3 2064/580/3 2063/527/3
f 2075/492/227 2074/528/227 2072/490/227
f 2072/490/226 2073/491/226 2075/492/226
f 2063/558/8 2050/559/8 2071/560/8
f 2071/492/259 2048/490/259 2064/490/259
f 2068/502/542 2062/501/542 2070/503/542
s 1
f 2059/592/531 2068/581/565 2067/582/544
s 0
f 2069/507/545 2059/508/545 2067/536/545
f 2065/511/546 2058/510/546 2066/512/546
s 1
f 2055/573/536 2056/563/547 2065/583/548
s 0
f 2080/584/307 2079/585/307 2078/586/307
s 1
f 2093/587/524 2081/588/525 2080/589/526
s 0
f 2095/526/7 2097/497/7 2082/498/7
f 2085/528/235 2086/492/235 2083/490/235
f 2084/491/234 2083/490/234 2086/492/234
f 2094/501/566 2079/502/566 2081/503/566
s 1
f 2079/591/567 2091/592/531 2078/593/532
s 0
f 2080/507/533 2091/508/533 2093/509/533
f 2090/510/534 2076/511/534 2077/512/534
s 1
f 2076/513/555 2087/550/568 1936/551/557
s 0
f 2103/594/362 2100/595/362 2101/565/362
s 1
f 2093/587/524 2103/596/540 2094/597/541
s 0
f 2109/492/227 2108/528/227 2106/490/227
f 2106/490/226 2107/491/226 2109/492/226
f 2104/490/569 2096/590/569 2105/492/569
f 2105/492/570 2082/738/570 2104/490/570
f 2101/502/561 2094/501/561 2103/503/561
s 1
f 2091/592/531 2101/571/543 2100/598/544
s 0
f 2102/507/331 2091/508/331 2100/536/331
f 2098/511/546 2090/510/546 2099/512/546
s 1
f 2087/550/568 2088/733/562 2098/808/571
s 0
f 2089/600/572 1938/518/572 1940/520/572
f 2114/601/355 2113/602/355 2112/603/355
s 1
f 2128/604/524 2115/605/525 2114/606/526
s 0
f 2120/528/235 2121/492/235 2118/490/235
f 2119/491/234 2118/490/234 2121/492/234
f 2131/492/573 2116/490/573 2117/492/573
f 2139/490/574 2117/492/574 2116/490/574
f 2129/501/529 2113/502/529 2115/503/529
s 1
f 2113/607/567 2126/608/531 2112/609/532
s 0
f 2114/507/533 2126/508/533 2128/509/533
f 2125/510/534 2110/511/534 2111/512/534
s 1
f 2110/610/575 2122/550/568 1941/551/557
s 0
f 2138/809/362 2135/810/362 2136/811/362
s 1
f 2128/604/524 2138/812/540 2129/615/541
s 0
f 2130/526/3 2132/497/3 2131/527/3
f 2143/492/227 2142/528/227 2140/490/227
f 2140/490/226 2141/491/226 2143/492/226
f 2136/502/576 2129/501/576 2138/503/576
s 1
f 2126/608/531 2136/813/543 2135/814/544
s 0
f 2137/507/331 2126/508/331 2135/536/331
f 2133/511/546 2125/510/546 2134/512/546
s 1
f 2122/550/568 2123/694/577 2133/618/571
s 0
f 2124/600/572 1943/518/572 1945/520/572
f 2148/619/307 2147/620/307 2146/621/307
s 1
f 2161/622/524 2149/543/525 2148/623/526
s 0
f 2163/526/7 2165/497/7 2150/498/7
f 2153/528/235 2154/492/235 2151/490/235
f 2152/491/234 2151/490/234 2154/492/234
f 2162/501/529 2147/502/529 2149/503/529
s 1
f 2147/625/567 2159/626/531 2146/627/532
s 0
f 2148/507/533 2159/508/533 2161/509/533
f 2158/510/534 2144/511/534 2145/512/534
s 1
f 2144/628/535 2155/629/536 1947/630/537
s 0
f 1947/516/564 2155/629/564 1946/517/564
f 1946/518/578 2157/642/578 1948/520/578
f 2170/815/325 2168/816/325 2169/817/325
s 1
f 2161/622/524 2171/818/540 2162/636/541
s 0
f 2177/492/227 2176/528/227 2174/490/227
f 2174/490/226 2175/491/226 2177/492/226
f 2172/490/569 2164/590/569 2173/492/569
f 2173/492/570 2150/738/570 2172/490/570
f 2169/502/561 2162/501/561 2171/503/561
s 1
f 2159/626/531 2169/819/565 2168/820/544
s 0
f 2170/507/331 2159/508/331 2168/536/331
f 1950/516/579 2157/821/579 1869/822/579
f 2166/511/546 2158/510/546 2167/512/546
s 1
f 2155/629/536 2156/563/547 2166/641/548
s 0
f 2157/642/580 2155/772/580 1869/631/580
f 2178/511/581 2179/642/581 1951/512/581
s 1
f 1892/643/582 2182/644/583 1953/645/584
s 0
f 2179/642/585 2181/511/585 2182/512/585
s 1
f 2185/646/586 1897/647/587 2184/648/588
s 0
f 2183/511/589 2185/642/589 2184/512/589
f 1899/649/590 1955/650/590 1900/651/590
f 2185/642/591 2186/511/591 1956/512/591
f 2187/511/592 2190/660/592 1957/512/592
f 2193/654/593 1909/655/593 1964/656/593
f 2191/511/594 2192/642/594 1962/512/594
f 2192/642/591 2194/511/591 1965/512/591
s 1
f 2197/823/595 1912/805/596 2196/824/597
s 0
f 2198/657/598 1914/658/598 1915/659/598
f 2195/511/599 2197/642/599 2196/512/599
s 1
f 1913/825/600 2200/826/601 1967/670/602
s 0
f 2197/642/603 2199/511/603 2200/512/603
s 1
f 1968/784/604 1918/667/605 2202/777/606
s 0
f 2203/654/607 1919/649/607 1920/650/607
f 2201/511/608 2205/827/608 2202/512/608
s 1
f 2204/664/609 1969/665/506 1970/663/505
f 2201/666/610 1918/667/509 1969/665/508
f 2199/668/609 1966/669/510 1967/670/505
f 2195/671/610 1912/805/509 1966/669/511
f 2194/673/611 1963/806/514 1965/675/513
f 2191/676/612 1962/677/517 1963/807/516
f 2189/678/609 1959/679/506 1961/653/505
f 2187/680/612 1957/681/517 1959/679/516
f 2186/664/611 1954/682/519 1956/683/513
f 2183/664/610 1897/647/509 1954/682/511
f 2181/684/613 1952/685/521 1953/645/505
f 2178/684/614 1951/686/517 1952/685/523
s 0
f 2208/828/615 2207/829/615 2206/830/615
s 1
f 2226/831/616 2209/832/617 2208/833/618
f 2230/834/619 2213/835/620 2212/836/621
s 0
f 2215/526/7 2216/497/7 2214/498/7
f 2218/490/622 2219/491/622 2222/492/622
f 2223/491/623 2220/490/623 2222/492/623
f 2221/837/13 2218/494/13 2220/495/13
f 2233/499/8 2216/490/8 2217/492/8
f 2232/838/10 2217/558/10 2215/560/10
f 2234/839/13 2214/494/13 2216/495/13
f 2231/501/624 2211/502/624 2213/840/624
s 1
f 2211/841/625 2228/834/626 2210/842/627
s 0
f 2210/536/628 2230/509/628 2212/843/628
f 2209/512/629 2225/844/629 2207/845/629
s 1
f 2207/846/630 2224/847/631 2206/848/632
s 0
f 2208/512/633 2224/849/633 2226/642/633
f 2238/850/634 2235/851/634 2236/852/634
s 1
f 2226/831/616 2238/853/635 2227/854/636
f 2230/834/619 2242/835/637 2231/855/638
s 0
f 2232/526/3 2234/497/3 2233/527/3
f 2244/490/639 2245/491/639 2247/528/639
f 2246/490/640 2249/491/640 2248/492/640
f 2244/494/13 2247/837/13 2246/495/13
f 2249/531/7 2247/856/7 2245/530/7
f 2232/499/4 2214/490/4 2243/490/4
f 2240/502/641 2231/501/641 2242/857/641
s 1
f 2228/834/626 2240/571/642 2239/858/643
s 0
f 2230/509/644 2239/536/644 2241/859/644
f 2238/512/645 2225/844/645 2227/510/645
s 1
f 2224/847/631 2236/846/646 2235/848/647
s 0
f 2237/512/648 2224/849/648 2235/860/648
f 2252/861/615 2251/862/615 2250/863/615
s 1
f 2269/831/649 2253/853/617 2252/864/618
f 2273/834/650 2257/835/651 2256/836/621
s 0
f 2259/526/7 2277/497/7 2258/498/7
f 2261/490/622 2262/491/622 2265/492/622
f 2266/491/623 2263/490/623 2265/492/623
f 2264/837/13 2261/494/13 2263/495/13
f 2276/492/8 2277/490/8 2260/492/8
f 2275/560/10 2260/558/10 2259/560/10
f 2286/490/4 2259/492/4 2258/490/4
f 2274/501/624 2255/502/624 2257/840/624
s 1
f 2255/865/625 2271/834/626 2254/866/627
s 0
f 2254/536/628 2273/509/628 2256/867/628
f 2253/512/629 2268/844/629 2251/845/629
s 1
f 2251/846/630 2267/831/652 2250/848/653
s 0
f 2252/512/633 2267/849/633 2269/642/633
f 2281/850/634 2278/868/634 2279/869/634
s 1
f 2269/831/649 2281/853/635 2270/854/636
f 2273/834/650 2285/835/637 2274/855/638
s 0
f 2275/526/3 2287/497/3 2276/527/3
f 2290/492/4 2289/528/4 2288/490/4
f 2294/558/10 2291/870/10 2290/560/10
f 2292/490/8 2295/491/8 2294/492/8
f 2288/494/13 2293/871/13 2292/495/13
f 2288/498/3 2294/527/3 2290/526/3
f 2295/531/7 2289/872/7 2291/530/7
f 2286/494/13 2277/495/13 2287/495/13
f 2283/502/641 2274/501/641 2285/857/641
s 1
f 2271/834/626 2283/873/642 2282/874/643
s 0
f 2273/509/644 2282/536/644 2284/875/644
f 2281/512/645 2268/844/645 2270/510/645
s 1
f 2267/831/652 2279/846/646 2278/848/654
s 0
f 2280/512/648 2267/849/648 2278/876/648
f 2298/877/615 2297/862/615 2296/851/615
s 1
f 2317/831/616 2299/846/655 2298/878/618
f 2321/834/650 2303/835/651 2302/836/621
s 0
f 2323/526/7 2305/497/7 2304/498/7
f 2308/528/4 2309/492/4 2307/490/4
f 2310/870/10 2313/558/10 2309/560/10
f 2314/491/8 2311/490/8 2313/492/8
f 2312/871/13 2307/494/13 2311/495/13
f 2313/527/7 2307/498/7 2309/526/7
f 2314/531/3 2308/872/3 2312/879/3
f 2324/492/8 2305/490/8 2306/492/8
f 2334/490/4 2323/492/4 2304/490/4
f 2325/495/13 2304/494/13 2305/495/13
f 2322/501/624 2301/502/624 2303/840/624
s 1
f 2301/880/625 2319/834/626 2300/881/627
s 0
f 2300/536/628 2321/509/628 2302/882/628
f 2299/883/629 2316/844/629 2297/845/629
s 1
f 2297/846/630 2315/884/631 2296/848/653
s 0
f 2298/512/633 2315/849/633 2317/642/633
f 2329/850/634 2326/885/634 2327/886/634
s 1
f 2317/831/616 2329/853/635 2318/854/656
s 0
f 2333/887/657 2330/888/657 2331/889/657
s 1
f 2321/834/650 2333/835/637 2322/855/638
s 0
f 2335/526/3 2325/497/3 2324/527/3
f 2338/492/4 2337/528/4 2336/490/4
f 2342/558/10 2339/870/10 2338/560/10
f 2340/490/8 2343/491/8 2342/492/8
f 2336/494/13 2341/871/13 2340/495/13
f 2336/498/3 2342/527/3 2338/526/3
f 2343/531/7 2337/872/7 2339/530/7
f 2324/558/10 2323/560/10 2335/560/10
f 2331/502/641 2322/501/641 2333/857/641
s 1
f 2319/834/626 2331/890/642 2330/858/643
s 0
f 2321/509/644 2330/536/644 2332/882/644
f 2329/512/645 2316/844/645 2318/510/645
s 1
f 2315/884/631 2327/846/646 2326/848/658
s 0
f 2328/512/648 2315/849/648 2326/891/648
f 2346/861/659 2345/862/659 2344/892/659
s 1
f 2364/831/649 2347/893/660 2346/864/618
f 2368/834/650 2351/835/620 2350/836/621
s 0
f 2370/526/7 2353/497/7 2352/498/7
f 2355/528/4 2356/492/4 2354/490/4
f 2357/870/10 2360/558/10 2356/560/10
f 2361/491/8 2358/490/8 2360/492/8
f 2359/871/13 2354/494/13 2358/495/13
f 2360/527/7 2354/498/7 2356/526/7
f 2361/531/3 2355/872/3 2359/879/3
f 2372/495/13 2352/894/13 2353/495/13
f 2369/501/624 2349/502/624 2351/857/624
s 1
f 2349/895/625 2366/834/626 2348/896/661
s 0
f 2348/536/628 2368/509/628 2350/882/628
f 2347/512/629 2363/844/629 2345/845/629
s 1
f 2345/846/630 2362/831/652 2344/848/662
s 0
f 2346/512/663 2362/849/663 2364/642/663
f 2376/897/664 2373/898/664 2374/899/664
s 1
f 2364/831/649 2376/900/635 2365/854/636
s 0
f 2380/901/657 2377/902/657 2378/903/657
s 1
f 2368/834/650 2380/835/637 2369/855/638
s 0
f 2382/526/3 2372/497/3 2383/527/3
f 2386/492/4 2385/528/4 2384/490/4
f 2390/558/10 2387/870/10 2386/560/10
f 2388/490/8 2391/491/8 2390/492/8
f 2384/494/13 2389/871/13 2388/495/13
f 2384/498/3 2390/527/3 2386/526/3
f 2391/531/7 2385/872/7 2387/530/7
f 2372/490/8 2371/590/8 2383/492/8
f 2383/558/10 2370/904/10 2382/560/10
f 2382/492/4 2352/738/4 2381/490/4
f 2378/502/641 2369/501/641 2380/857/641
s 1
f 2366/834/626 2378/905/642 2377/906/643
s 0
f 2368/509/644 2377/536/644 2379/875/644
f 2376/512/645 2363/844/645 2365/510/645
s 1
f 2362/831/652 2374/846/646 2373/848/665
s 0
f 2375/512/648 2362/849/648 2373/876/648
f 2394/907/615 2393/886/615 2392/908/615
s 1
f 2413/831/616 2395/909/617 2394/910/618
f 2417/834/666 2399/835/620 2398/836/621
s 0
f 2401/526/7 2402/497/7 2400/498/7
f 2404/528/4 2405/492/4 2403/490/4
f 2406/870/10 2409/558/10 2405/560/10
f 2410/491/8 2407/490/8 2409/492/8
f 2408/871/13 2403/494/13 2407/495/13
f 2409/527/7 2403/498/7 2405/526/7
f 2410/531/3 2404/872/3 2408/879/3
f 2419/560/10 2420/558/10 2401/560/10
f 2430/490/4 2401/492/4 2400/490/4
f 2421/495/13 2400/494/13 2402/495/13
f 2418/501/624 2397/502/624 2399/911/624
s 1
f 2397/912/625 2415/834/667 2396/913/627
s 0
f 2396/536/628 2417/509/628 2398/859/628
f 2395/512/629 2412/844/629 2393/845/629
s 1
f 2393/846/630 2411/831/652 2392/848/653
s 0
f 2394/512/633 2411/849/633 2413/642/633
f 2425/914/668 2422/915/668 2423/916/668
s 1
f 2413/831/616 2425/917/635 2414/854/636
s 0
f 2429/918/657 2426/919/657 2427/920/657
s 1
f 2417/834/666 2429/835/669 2418/855/670
s 0
f 2419/526/3 2421/497/3 2431/527/3
f 2434/492/4 2433/528/4 2432/490/4
f 2438/558/10 2435/870/10 2434/560/10
f 2436/490/8 2439/491/8 2438/492/8
f 2432/494/13 2437/871/13 2436/495/13
f 2432/498/3 2438/527/3 2434/526/3
f 2439/531/7 2433/872/7 2435/530/7
f 2421/490/8 2420/492/8 2431/492/8
f 2427/502/641 2418/501/641 2429/857/641
s 1
f 2415/834/667 2427/921/671 2426/836/672
s 0
f 2428/507/673 2415/508/673 2426/922/673
f 2425/512/645 2412/844/645 2414/510/645
s 1
f 2411/831/652 2423/846/646 2422/848/665
s 0
f 2424/512/648 2411/849/648 2422/860/648
f 2442/923/615 2441/924/615 2440/925/615
s 1
f 2459/831/616 2443/926/617 2442/927/674
f 2463/834/666 2447/835/620 2446/836/621
s 0
f 2465/526/7 2467/497/7 2448/498/7
f 2450/528/4 2451/492/4 2449/490/4
f 2452/870/10 2455/558/10 2451/560/10
f 2456/491/8 2453/490/8 2455/492/8
f 2454/871/13 2449/494/13 2453/495/13
f 2455/527/7 2449/498/7 2451/526/7
f 2456/531/3 2450/872/3 2454/879/3
f 2464/501/624 2445/502/624 2447/857/624
s 1
f 2445/928/625 2461/834/667 2444/929/627
s 0
f 2444/536/628 2463/509/628 2446/867/628
f 2443/512/675 2458/844/675 2441/845/675
s 1
f 2441/846/630 2457/831/652 2440/848/676
s 0
f 2442/512/633 2457/849/633 2459/642/633
f 2471/930/677 2468/931/677 2469/932/677
s 1
f 2459/831/616 2471/933/635 2460/854/636
s 0
f 2475/934/678 2472/935/678 2473/936/678
s 1
f 2463/834/666 2475/835/669 2464/855/670
s 0
f 2477/526/22 2478/497/22 2479/527/22
f 2482/492/4 2481/528/4 2480/490/4
f 2486/558/10 2483/870/10 2482/560/10
f 2484/490/8 2487/491/8 2486/492/8
f 2480/494/13 2485/871/13 2484/495/13
f 2480/498/3 2486/527/3 2482/526/3
f 2487/531/7 2481/872/7 2483/530/7
f 2478/490/8 2466/590/8 2479/492/8
f 2479/558/10 2465/904/10 2477/560/10
f 2477/492/4 2448/738/4 2476/490/4
f 2476/494/13 2467/937/13 2478/495/13
f 2473/502/641 2464/501/641 2475/857/641
s 1
f 2461/834/667 2473/938/671 2472/836/672
s 0
f 2474/507/673 2461/508/673 2472/939/673
f 2471/512/645 2458/844/645 2460/510/645
s 1
f 2457/831/652 2469/846/679 2468/848/647
s 0
f 2470/512/648 2457/849/648 2468/860/648
s 1
f 2501/831/680 2491/940/681 2490/848/682
s 0
f 2495/526/7 2509/497/7 2494/498/7
f 2498/941/10 3149/494/10 2497/495/10
f 2508/499/4 2509/490/4 2496/492/4
f 2507/838/13 2496/558/13 2495/560/13
f 2506/501/683 2492/942/683 2493/943/683
s 1
f 2504/855/684 2503/834/685 3151/944/686
s 0
f 3148/945/687 2503/508/687 2505/509/687
f 2491/512/688 2500/844/688 2489/946/688
s 1
f 2489/846/689 2499/831/690 2488/833/691
s 0
f 2488/511/692 2501/642/692 2490/947/692
f 2512/948/678 2510/949/678 2511/886/678
s 1
f 2501/831/680 2513/853/693 2502/854/694
s 0
f 2507/526/3 2516/497/3 2508/527/3
f 2518/490/4 3154/528/4 3556/490/4
f 3153/494/10 3154/871/10 2518/495/10
f 3154/879/7 2517/872/7 3555/872/7
f 2507/499/8 2494/490/8 2515/490/8
f 2515/494/10 2509/495/10 2516/495/10
f 2514/950/695 2506/501/695 3551/951/695
s 1
f 2514/952/696 3152/944/697 2504/855/684
s 0
f 3155/945/698 2503/508/698 3152/953/698
f 2513/512/699 2500/844/699 2502/510/699
s 1
f 2499/831/690 2511/846/700 2510/954/701
s 0
f 2501/642/702 2510/511/702 2512/955/702
f 2521/956/703 2520/899/703 2519/957/703
s 1
f 2531/958/704 2522/853/705 2521/848/682
s 0
f 2525/526/7 2526/497/7 2524/498/7
f 3158/528/4 2527/490/4 3567/490/4
f 2528/941/10 3157/494/10 2527/495/10
f 2537/560/13 2538/558/13 2525/560/13
f 2544/490/8 2525/492/8 2524/490/8
f 2539/495/10 2524/494/10 2526/495/10
f 2536/501/706 3562/950/706 2523/943/706
s 1
f 2534/855/707 2533/834/708 3159/959/709
s 0
f 3159/953/710 2535/509/710 3156/945/710
f 2522/512/688 2530/844/688 2520/946/688
s 1
f 2520/846/689 2529/831/690 2519/864/691
s 0
f 2519/511/692 2531/642/692 2521/955/692
f 2542/960/678 2540/961/678 2541/962/678
s 1
f 2531/958/704 2543/846/711 2532/854/712
s 0
f 2537/526/3 2539/497/3 2545/527/3
f 3161/494/10 3162/871/10 2547/495/10
f 3162/879/7 2546/872/7 3589/872/7
f 2539/490/4 2538/492/4 2545/492/4
f 3583/963/695 2536/501/695 3584/951/695
s 1
f 3583/964/713 3160/944/697 2534/855/707
s 0
f 3163/945/714 2533/508/714 3160/953/714
f 2543/965/699 2530/844/699 2532/510/699
s 1
f 2529/831/690 2541/846/700 2540/966/701
s 0
f 2531/642/702 2540/511/702 2542/967/702
s 1
f 2561/968/704 2551/846/715 2550/848/682
s 0
f 2555/526/7 2569/497/7 2554/498/7
f 3166/871/10 3165/494/10 2558/495/10
f 2568/492/4 2569/490/4 2556/492/4
f 2567/560/13 2556/558/13 2555/560/13
f 2574/490/8 2555/492/8 2554/490/8
f 2566/501/683 2552/969/683 2553/951/683
s 1
f 2564/855/716 2563/834/685 3167/944/686
s 0
f 3164/945/687 2563/508/687 2565/509/687
f 2551/965/688 2560/844/688 2549/845/688
s 1
f 2549/846/689 2559/831/690 2548/970/691
s 0
f 2548/511/692 2561/642/692 2550/947/692
f 2572/971/678 2570/972/678 2571/973/678
s 1
f 2561/968/704 2573/974/693 2562/854/717
s 0
f 2567/526/3 2575/497/3 2568/527/3
f 3169/494/10 2578/871/10 2577/495/10
f 2574/494/10 2569/495/10 2575/495/10
f 3617/969/718 2566/501/718 3618/951/718
s 1
f 3617/975/713 3168/944/697 2564/855/716
s 0
f 3171/945/714 2563/508/714 3168/953/714
f 2573/512/699 2560/844/699 2562/510/699
s 1
f 2559/831/690 2571/846/700 2570/976/701
s 0
f 2561/642/702 2570/511/702 2572/967/702
s 1
f 2591/831/680 2582/846/719 2581/848/682
s 0
f 2597/526/7 2599/497/7 2585/498/7
f 2588/871/10 3173/494/10 2587/495/10
f 3174/879/3 2586/872/3 2588/879/3
f 2596/501/683 2583/963/683 2584/951/683
s 1
f 2594/855/684 2593/834/685 3175/944/686
s 0
f 3172/945/687 2593/508/687 2595/509/687
f 2582/977/688 2590/844/688 2580/946/688
s 1
f 2580/846/689 2589/831/690 2579/978/720
s 0
f 2579/511/692 2591/642/692 2581/955/692
f 2602/979/678 2600/957/678 2601/980/678
s 1
f 2591/831/680 2603/846/721 2592/854/722
s 0
f 2606/526/3 2607/497/3 2608/527/3
f 2610/490/4 3178/528/4 3655/490/4
f 3177/494/10 3178/871/10 2610/495/10
f 3178/879/7 2609/872/7 3654/872/7
f 2607/490/4 2598/590/4 2608/492/4
f 2608/558/13 2597/904/13 2606/560/13
f 2606/492/8 2585/738/8 2605/490/8
f 2605/494/10 2599/937/10 2607/495/10
f 2604/950/718 2596/501/718 3648/951/718
s 1
f 2604/981/723 3176/944/724 2594/855/684
s 0
f 3179/945/725 2593/508/725 3176/953/725
f 2603/982/699 2590/844/699 2592/510/699
s 1
f 2589/831/690 2601/846/700 2600/864/701
s 0
f 2591/642/702 2600/511/702 2602/955/702
f 2613/983/703 2612/869/703 2611/984/703
s 1
f 2624/831/680 2614/900/705 2613/848/682
s 0
f 2630/526/7 2618/497/7 2617/498/7
f 3182/528/4 2621/490/4 3665/490/4
f 3182/871/10 3181/494/10 2621/495/10
f 2631/492/4 2618/490/4 2619/492/4
f 2632/495/10 2617/494/10 2618/495/10
f 2629/501/683 2615/985/683 2616/951/683
s 1
f 2627/855/684 2626/834/685 3183/944/686
s 0
f 3180/945/687 2626/508/687 2628/509/687
f 2614/512/688 2623/844/688 2612/845/688
s 1
f 2612/846/689 2622/831/690 2611/986/691
s 0
f 2611/511/692 2624/642/692 2613/955/692
f 2635/987/657 2633/988/657 2634/989/657
s 1
f 2624/831/680 2636/893/693 2625/854/694
s 0
f 2638/526/3 2632/497/3 2631/527/3
f 3185/494/10 2641/871/10 2640/495/10
f 3186/879/7 2639/872/7 3688/872/7
f 2631/558/13 2630/560/13 2638/560/13
f 2638/492/8 2617/490/8 2637/490/8
f 3682/942/718 2629/501/718 3683/943/718
s 1
f 3682/990/723 3184/944/724 2627/855/684
s 0
f 3187/945/725 2626/508/725 3184/953/725
f 2636/512/699 2623/844/699 2625/510/699
s 1
f 2622/831/690 2634/846/700 2633/991/701
s 0
f 2624/642/702 2633/511/702 2635/955/702
s 1
f 2656/831/726 2645/992/681 2644/848/682
s 0
f 2649/526/7 2650/497/7 2648/498/7
f 3190/528/4 2653/490/4 3699/490/4
f 3190/871/10 3189/494/10 2653/495/10
f 2663/768/4 2650/490/4 2651/492/4
f 2662/993/13 2651/558/13 2649/560/13
f 2664/994/10 2648/894/10 2650/495/10
f 2661/501/683 2646/995/683 2647/951/683
s 1
f 2659/855/716 2658/834/685 3191/944/686
s 0
f 3188/945/687 2658/508/687 2660/509/687
f 2645/512/688 2655/844/688 2643/946/688
s 1
f 2643/846/689 2654/831/690 2642/927/691
s 0
f 2642/511/692 2656/642/692 2644/947/692
f 2667/996/657 2665/997/657 2666/998/657
s 1
f 2656/831/726 2668/926/693 2657/854/694
s 0
f 2662/526/3 2664/497/3 2663/527/3
f 2671/490/4 3194/528/4 3722/490/4
f 3193/494/10 3194/871/10 2671/495/10
f 3194/879/7 2670/872/7 3721/872/7
f 2662/768/8 2648/738/8 2669/490/8
f 3716/963/718 2661/501/718 3717/999/718
s 1
f 3716/1000/727 3192/944/697 2659/855/716
s 0
f 3195/945/698 2658/508/698 3192/953/698
f 2668/512/699 2655/844/699 2657/510/699
s 1
f 2654/831/690 2666/846/728 2665/1001/701
s 0
f 2656/642/702 2665/511/702 2667/955/702
f 2675/1002/615 2672/1003/615 2673/829/615
s 1
f 2691/831/729 2675/832/730 2692/854/731
s 0
f 2679/1004/703 2676/1005/703 2677/1006/703
s 1
f 2695/834/732 2679/835/733 2696/855/734
s 0
f 2681/526/7 2699/497/7 2682/527/7
f 2683/490/735 2684/491/735 2686/528/735
f 2685/490/622 2688/491/622 2687/492/622
f 2683/494/13 2686/837/13 2685/495/13
f 2688/531/3 2686/856/3 2684/530/3
f 2699/490/4 2698/499/4 2682/492/4
f 2682/558/10 2697/838/10 2681/560/10
f 2677/502/736 2696/501/736 2679/840/736
s 1
f 2693/834/737 2677/1007/738 2676/836/739
s 0
f 2678/507/628 2693/508/628 2676/1008/628
f 2675/512/740 2690/844/740 2692/510/740
s 1
f 2689/958/741 2673/846/742 2672/848/743
s 0
f 2674/512/744 2689/849/744 2672/891/744
f 2702/1009/634 2701/852/634 2700/1010/634
s 1
f 2691/831/729 2703/974/745 2702/1011/746
f 2695/834/732 2707/835/747 2706/842/748
s 0
f 2697/526/3 2709/497/3 2708/498/3
f 2710/490/749 2711/491/749 2714/492/749
f 2715/491/750 2712/490/750 2714/492/750
f 2713/837/13 2710/494/13 2712/495/13
f 2680/490/8 2697/499/8 2708/490/8
f 2699/495/13 2708/494/13 2709/495/13
f 2696/501/751 2705/502/751 2707/840/751
s 1
f 2705/1012/752 2693/834/737 2704/836/753
s 0
f 2706/507/754 2693/508/754 2695/509/754
f 2703/512/755 2690/844/755 2701/845/755
s 1
f 2701/846/756 2689/958/741 2700/848/757
s 0
f 2702/512/758 2689/849/758 2691/642/758
f 2719/1013/615 2716/1014/615 2717/862/615
s 1
f 2734/831/729 2719/893/730 2735/854/731
s 0
f 2723/1015/759 2720/1016/759 2721/1017/759
s 1
f 2738/834/760 2723/835/761 2739/855/762
s 0
f 2725/526/7 2742/497/7 2741/527/7
f 2726/490/735 2727/491/735 2729/528/735
f 2728/490/622 2731/491/622 2730/492/622
f 2726/494/13 2729/837/13 2728/495/13
f 2731/531/3 2729/856/3 2727/530/3
f 2741/558/10 2740/560/10 2725/560/10
f 2725/492/8 2751/490/8 2724/490/8
f 2721/502/736 2739/501/736 2723/840/736
s 1
f 2736/834/763 2721/1018/764 2720/913/765
s 0
f 2738/509/766 2720/536/766 2722/867/766
f 2719/512/740 2733/844/740 2735/510/740
s 1
f 2732/847/741 2717/846/742 2716/848/767
s 0
f 2718/512/744 2732/849/744 2716/860/744
s 1
f 2734/831/729 2746/974/745 2745/966/768
f 2738/834/760 2750/835/769 2749/836/770
s 0
f 2740/526/3 2752/497/3 2751/498/3
f 2755/528/8 2756/492/8 2754/490/8
f 2757/870/10 2760/558/10 2756/560/10
f 2761/491/4 2758/490/4 2760/492/4
f 2759/871/13 2754/494/13 2758/495/13
f 2760/527/3 2754/498/3 2756/526/3
f 2761/531/7 2755/872/7 2759/879/7
f 2741/492/4 2752/490/4 2753/492/4
f 2742/495/13 2751/494/13 2752/495/13
f 2739/501/751 2748/502/751 2750/857/751
s 1
f 2748/1019/771 2736/834/763 2747/1020/772
s 0
f 2747/536/673 2738/509/673 2749/859/673
f 2746/512/755 2733/844/755 2744/845/755
s 1
f 2744/846/756 2732/847/741 2743/848/773
s 0
f 2745/512/758 2732/849/758 2734/642/758
f 2765/1021/615 2762/1022/615 2763/862/615
s 1
f 2781/831/729 2765/1023/730 2782/854/774
s 0
f 2769/1024/703 2766/1025/703 2767/903/703
s 1
f 2785/834/775 2769/835/761 2786/855/762
s 0
f 2787/526/7 2789/497/7 2788/527/7
f 2773/492/8 2772/528/8 2771/490/8
f 2777/558/10 2774/870/10 2773/560/10
f 2775/490/4 2778/491/4 2777/492/4
f 2771/494/13 2776/871/13 2775/495/13
f 2771/498/7 2777/527/7 2773/526/7
f 2778/531/3 2772/872/3 2774/530/3
f 2787/492/8 2798/490/8 2770/490/8
f 2767/502/736 2786/501/736 2769/840/736
s 1
f 2783/834/763 2767/905/764 2766/1026/765
s 0
f 2785/509/766 2766/536/766 2768/1027/766
f 2765/512/740 2780/844/740 2782/510/740
s 1
f 2779/884/741 2763/846/742 2762/848/776
s 0
f 2764/512/744 2779/849/744 2762/891/744
s 1
f 2781/831/729 2793/974/745 2792/976/746
s 0
f 2796/1028/657 2795/1029/657 2794/888/657
s 1
f 2785/834/775 2797/835/769 2796/836/770
s 0
f 2799/526/3 2800/497/3 2798/498/3
f 2803/528/8 2804/492/8 2802/490/8
f 2805/870/10 2808/558/10 2804/560/10
f 2809/491/4 2806/490/4 2808/492/4
f 2807/871/13 2802/494/13 2806/495/13
f 2808/527/3 2802/498/3 2804/526/3
f 2809/531/7 2803/872/7 2807/879/7
f 2788/492/4 2800/490/4 2801/492/4
f 2787/560/10 2801/558/10 2799/560/10
f 2789/495/13 2798/494/13 2800/495/13
f 2786/501/751 2795/502/751 2797/1030/751
s 1
f 2795/912/771 2783/834/763 2794/858/772
s 0
f 2794/536/673 2785/509/673 2796/875/673
f 2793/512/755 2780/844/755 2791/845/755
s 1
f 2791/846/756 2779/884/741 2790/848/757
s 0
f 2792/512/758 2779/849/758 2781/642/758
f 2813/1013/615 2810/1031/615 2811/862/615
s 1
f 2831/831/729 2813/893/730 2832/854/774
s 0
f 2817/1032/759 2814/1016/759 2815/1033/759
s 1
f 2835/834/775 2817/835/761 2836/855/762
s 0
f 2837/526/7 2819/497/7 2820/527/7
f 2823/492/8 2822/528/8 2821/490/8
f 2827/558/10 2824/870/10 2823/560/10
f 2825/490/4 2828/491/4 2827/492/4
f 2821/494/13 2826/871/13 2825/495/13
f 2821/498/7 2827/527/7 2823/526/7
f 2828/531/3 2822/872/3 2824/530/3
f 2819/490/4 2838/492/4 2820/492/4
f 2818/894/13 2839/495/13 2819/495/13
f 2815/502/736 2836/501/736 2817/840/736
s 1
f 2833/834/763 2815/1019/764 2814/1034/765
s 0
f 2835/509/766 2814/536/766 2816/1027/766
f 2813/512/740 2830/844/740 2832/510/740
s 1
f 2829/831/777 2811/846/742 2810/848/767
s 0
f 2812/512/744 2829/849/744 2810/860/744
s 1
f 2831/831/729 2843/900/745 2842/864/746
f 2835/834/775 2847/835/769 2846/836/770
s 0
f 2849/526/3 2839/497/3 2848/498/3
f 2851/528/8 2852/492/8 2850/490/8
f 2853/870/10 2856/558/10 2852/560/10
f 2857/491/4 2854/490/4 2856/492/4
f 2855/871/13 2850/494/13 2854/495/13
f 2856/527/3 2850/498/3 2852/526/3
f 2857/531/7 2851/872/7 2855/879/7
f 2837/904/10 2838/558/10 2849/560/10
f 2818/738/8 2849/492/8 2848/490/8
f 2836/501/751 2845/502/751 2847/857/751
s 1
f 2845/905/771 2833/834/763 2844/1035/772
s 0
f 2844/536/673 2835/509/673 2846/859/673
f 2843/512/755 2830/844/755 2841/845/755
s 1
f 2841/846/756 2829/831/777 2840/848/757
s 0
f 2842/512/758 2829/849/758 2831/642/758
f 2861/1036/615 2858/1037/615 2859/852/615
s 1
f 2879/831/778 2861/1038/779 2880/854/774
s 0
f 2865/1039/759 2862/1040/759 2863/1029/759
s 1
f 2883/834/780 2865/835/761 2884/855/781
s 0
f 2867/526/7 2868/497/7 2886/527/7
f 2871/492/8 2870/528/8 2869/490/8
f 2875/558/10 2872/870/10 2871/560/10
f 2873/490/4 2876/491/4 2875/492/4
f 2869/494/13 2874/871/13 2873/495/13
f 2869/498/7 2875/527/7 2871/526/7
f 2876/531/3 2870/872/3 2872/530/3
f 2886/558/10 2885/560/10 2867/560/10
f 2867/492/8 2896/490/8 2866/490/8
f 2866/494/13 2887/495/13 2868/495/13
f 2863/502/736 2884/501/736 2865/911/736
s 1
f 2881/834/782 2863/912/764 2862/1041/765
s 0
f 2883/509/766 2862/536/766 2864/1042/766
f 2861/512/740 2878/844/740 2880/510/740
s 1
f 2877/831/777 2859/846/783 2858/848/784
s 0
f 2860/1043/744 2877/849/744 2858/860/744
s 1
f 2879/831/778 2891/893/745 2890/1044/746
f 2883/834/780 2895/835/747 2894/874/748
s 0
f 2885/526/3 2887/497/3 2896/498/3
f 2899/528/8 2900/492/8 2898/490/8
f 2901/870/10 2904/558/10 2900/560/10
f 2905/491/4 2902/490/4 2904/492/4
f 2903/871/13 2898/494/13 2902/495/13
f 2904/527/3 2898/498/3 2900/526/3
f 2905/531/7 2899/872/7 2903/879/7
f 2886/492/4 2887/490/4 2897/492/4
f 2884/501/751 2893/502/751 2895/857/751
s 1
f 2893/921/752 2881/834/782 2892/836/753
s 0
f 2894/507/785 2881/508/785 2883/509/785
f 2891/512/755 2878/844/755 2889/946/755
s 1
f 2889/846/756 2877/831/777 2888/848/786
s 0
f 2890/512/758 2877/849/758 2879/642/758
f 2909/914/787 2906/1045/787 2907/1046/787
s 1
f 2925/831/778 2909/917/730 2926/854/731
s 0
f 2913/1047/703 2910/1048/703 2911/1049/703
s 1
f 2929/834/780 2913/835/761 2930/855/781
s 0
f 2931/526/7 2933/497/7 2932/527/7
f 2917/492/8 2916/528/8 2915/490/8
f 2921/558/10 2918/870/10 2917/560/10
f 2919/490/4 2922/491/4 2921/492/4
f 2915/494/13 2920/871/13 2919/495/13
f 2915/498/7 2921/527/7 2917/526/7
f 2922/531/3 2916/872/3 2918/530/3
f 2911/502/736 2930/501/736 2913/857/736
s 1
f 2927/834/782 2911/1050/764 2910/1051/765
s 0
f 2929/509/766 2910/536/766 2912/1052/766
f 2909/512/740 2924/844/740 2926/510/740
s 1
f 2923/831/788 2907/846/742 2906/848/784
s 0
f 2908/1053/744 2923/849/744 2906/876/744
s 1
f 2925/831/778 2937/933/745 2936/1054/746
s 0
f 2940/1055/678 2939/613/678 2938/1056/678
s 1
f 2929/834/780 2941/835/747 2940/1057/748
s 0
f 2943/526/3 2944/497/3 2942/498/3
f 2947/528/8 2948/492/8 2946/490/8
f 2949/870/10 2952/558/10 2948/560/10
f 2953/491/4 2950/490/4 2952/492/4
f 2951/871/13 2946/494/13 2950/495/13
f 2952/527/3 2946/498/3 2948/526/3
f 2953/531/7 2947/872/7 2951/879/7
f 2932/590/4 2944/490/4 2945/492/4
f 2931/904/10 2945/558/10 2943/560/10
f 2914/738/8 2943/492/8 2942/490/8
f 2933/937/13 2942/494/13 2944/495/13
f 2930/501/751 2939/502/751 2941/857/751
s 1
f 2939/616/752 2927/834/782 2938/836/753
s 0
f 2940/507/785 2927/508/785 2929/509/785
f 2937/512/755 2924/844/755 2935/845/755
s 1
f 2935/846/756 2923/831/788 2934/848/786
s 0
f 2936/512/789 2923/849/789 2925/642/789
f 2956/1058/703 2954/1059/703 2955/973/703
s 1
f 2965/831/790 2957/940/791 2966/854/792
s 0
f 2959/526/7 2973/497/7 2960/527/7
f 3197/494/10 3198/871/10 2962/495/10
f 3198/879/3 2961/872/3 4016/872/3
f 2973/490/8 2972/499/8 2960/492/8
f 2960/558/13 2971/838/13 2959/560/13
f 4010/942/793 2970/501/793 4011/951/793
s 1
f 4010/1060/794 3196/944/795 2968/855/796
s 0
f 3199/945/797 2967/508/797 3196/953/797
f 2957/512/798 2964/844/798 2966/510/798
s 1
f 2963/831/799 2955/846/800 2954/833/801
s 0
f 2965/642/802 2954/511/802 2956/947/802
s 1
f 2965/831/790 2977/974/803 2976/848/804
s 0
f 2971/526/3 2980/497/3 2979/498/3
f 3202/528/8 2981/490/8 4039/490/8
f 2982/941/10 3201/494/10 2981/495/10
f 2958/490/4 2971/499/4 2979/490/4
f 2973/495/10 2979/494/10 2980/495/10
f 2970/501/805 4034/950/805 2978/951/805
s 1
f 2968/855/796 2967/834/806 3203/944/807
s 0
f 3200/945/808 2967/508/808 2969/509/808
f 2977/512/809 2964/844/809 2975/946/809
s 1
f 2975/846/810 2963/831/799 2974/848/811
s 0
f 2974/1061/812 2965/642/812 2976/955/812
f 2985/956/703 2983/957/703 2984/899/703
s 1
f 2995/831/790 2986/853/813 2996/854/814
s 0
f 2988/526/7 2989/497/7 3002/527/7
f 2991/490/8 3206/528/8 4051/490/8
f 3205/494/10 2992/871/10 2991/495/10
f 3206/879/3 2990/872/3 4050/872/3
f 3002/558/13 3001/560/13 2988/560/13
f 2987/494/10 3003/495/10 2989/495/10
f 4044/985/793 3000/501/793 4045/943/793
s 1
f 4044/1062/815 3204/944/795 2998/855/816
s 0
f 3207/945/797 2997/508/797 3204/953/797
f 2986/512/798 2994/844/798 2996/510/798
s 1
f 2993/831/817 2984/846/818 2983/864/801
s 0
f 2995/642/802 2983/511/802 2985/955/802
f 3006/1063/678 3005/962/678 3004/1064/678
s 1
f 2995/831/790 3007/846/819 3006/848/804
s 0
f 3001/526/3 3003/497/3 3009/498/3
f 3210/528/8 3013/490/8 4071/490/8
f 3014/871/10 3011/494/10 3013/495/10
f 4071/497/3 3011/498/3 3209/498/3
f 3210/879/7 3012/872/7 3014/879/7
f 3002/492/8 3003/490/8 3010/492/8
f 2987/490/4 3001/492/4 3009/490/4
f 3000/501/805 4067/942/805 3008/951/805
s 1
f 2998/855/816 2997/834/806 3211/944/807
s 0
f 3208/945/808 2997/508/808 2999/509/808
f 3007/883/809 2994/844/809 3005/946/809
s 1
f 3005/846/810 2993/831/817 3004/848/811
s 0
f 3004/1065/812 2995/642/812 3006/947/812
f 3017/1066/703 3015/1067/703 3016/862/703
s 1
f 3028/968/820 3018/846/821 3029/854/822
s 0
f 3020/526/7 3036/497/7 3021/527/7
f 3024/490/8 3214/528/8 4081/490/8
f 3022/494/10 3025/871/10 3024/495/10
f 3022/498/7 4081/497/7 3213/498/7
f 3036/490/8 3035/492/8 3021/492/8
f 3021/558/13 3034/560/13 3020/560/13
f 3020/492/4 3043/490/4 3019/490/4
f 4076/969/823 3033/501/823 4077/951/823
s 1
f 4076/1068/815 3212/944/795 3031/855/824
s 0
f 3215/945/710 3030/508/710 3212/953/710
f 3018/965/798 3027/844/798 3029/510/798
s 1
f 3026/831/825 3016/846/818 3015/1069/801
s 0
f 3028/642/802 3015/511/802 3017/967/802
s 1
f 3028/968/820 3040/974/803 3039/848/804
s 0
f 3034/526/3 3044/497/3 3043/498/3
f 3218/528/8 3047/490/8 4101/490/8
f 3218/871/10 3045/494/10 3047/495/10
f 4101/497/3 3045/498/3 3217/498/3
f 3036/495/10 3043/494/10 3044/495/10
f 3033/501/826 3041/969/826 3042/951/826
s 1
f 3031/855/824 3030/834/806 3219/944/807
s 0
f 3216/945/808 3030/508/808 3032/509/808
f 3040/512/809 3027/844/809 3038/946/809
s 1
f 3038/846/810 3026/831/825 3037/976/827
s 0
f 3037/511/812 3028/642/812 3039/947/812
f 3050/1070/703 3048/1071/703 3049/899/703
s 1
f 3059/831/790 3051/846/828 3060/854/829
s 0
f 3053/526/7 3067/497/7 3066/527/7
f 3056/490/8 3222/528/8 4112/490/8
f 3054/494/10 3222/871/10 3056/495/10
f 3054/498/7 4112/497/7 3221/498/7
f 3066/760/13 3065/560/13 3053/560/13
f 4107/963/793 3064/501/793 4108/951/793
s 1
f 4107/1072/815 3220/944/795 3062/855/816
s 0
f 3223/945/797 3061/508/797 3220/953/797
f 3051/977/798 3058/844/798 3060/510/798
s 1
f 3057/831/830 3049/846/800 3048/927/801
s 0
f 3059/642/802 3048/511/802 3050/955/802
s 1
f 3059/831/790 3071/846/819 3070/848/804
s 0
f 3065/526/3 3075/497/3 3074/498/3
f 3226/528/8 3079/490/8 4133/490/8
f 3226/871/10 3077/494/10 3079/495/10
f 4133/497/3 3077/498/3 3225/498/3
f 3066/590/8 3075/490/8 3076/492/8
f 3052/738/4 3065/492/4 3074/490/4
f 3067/937/10 3074/494/10 3075/495/10
f 3064/501/805 3072/1073/805 3073/951/805
s 1
f 3062/855/816 3061/834/806 3227/944/807
s 0
f 3224/945/808 3061/508/808 3063/509/808
f 3071/1074/809 3058/844/809 3069/845/809
s 1
f 3069/846/810 3057/831/830 3068/1075/827
s 0
f 3068/511/812 3059/642/812 3070/955/812
f 3082/983/703 3080/1076/703 3081/869/703
s 1
f 3093/831/790 3083/900/813 3094/854/831
s 0
f 3085/526/7 3086/497/7 3100/527/7
f 3089/490/8 3230/528/8 4145/490/8
f 3087/494/10 3090/871/10 3089/495/10
f 3087/498/7 4145/497/7 3229/498/7
f 3230/879/3 3088/872/3 4144/872/3
f 3100/558/13 3099/560/13 3085/560/13
f 3084/494/10 3101/495/10 3086/495/10
f 4139/985/793 3098/501/793 4140/951/793
s 1
f 4139/1077/815 3228/944/832 3096/855/816
s 0
f 3231/945/833 3095/508/833 3228/953/833
f 3083/512/798 3092/844/798 3094/510/798
s 1
f 3091/831/825 3081/846/818 3080/910/801
s 0
f 3093/642/802 3080/511/802 3082/955/802
f 3104/1078/678 3103/989/678 3102/1079/678
s 1
f 3093/831/790 3105/893/803 3104/848/804
s 0
f 3099/526/3 3101/497/3 3108/498/3
f 3234/528/8 3112/490/8 4164/490/8
f 3113/871/10 3110/494/10 3112/495/10
f 4164/497/3 3110/498/3 3233/498/3
f 3234/879/7 3111/872/7 3113/879/7
f 3100/492/8 3101/490/8 3109/492/8
f 3084/490/4 3099/492/4 3108/490/4
f 3098/501/826 3106/942/826 3107/943/826
s 1
f 3096/855/816 3095/834/806 3235/944/807
s 0
f 3232/945/808 3095/508/808 3097/509/808
f 3105/512/834 3092/844/834 3103/946/834
s 1
f 3103/846/810 3091/831/825 3102/1044/835
s 0
f 3102/511/812 3093/642/812 3104/1080/812
f 3116/1081/703 3114/972/703 3115/1082/703
s 1
f 3127/831/790 3117/1083/791 3128/854/831
s 0
f 3133/526/7 3119/497/7 3120/527/7
f 3123/490/8 3238/528/8 4176/490/8
f 3121/494/10 3124/871/10 3123/495/10
f 3121/498/7 4176/497/7 3237/498/7
f 3238/879/3 3122/872/3 4175/872/3
f 3119/490/8 3134/768/8 3120/492/8
f 3133/590/4 3142/624/4 3118/490/4
f 3118/494/10 3135/994/10 3119/495/10
f 4169/995/823 3132/501/823 4170/951/823
s 1
f 4169/1084/794 3236/944/795 3130/855/796
s 0
f 3239/945/836 3129/508/836 3236/953/836
f 3117/512/798 3126/844/798 3128/510/798
s 1
f 3125/831/830 3115/846/800 3114/976/801
s 0
f 3127/642/837 3114/511/837 3116/1085/837
f 3138/1086/678 3137/998/678 3136/1087/678
s 1
f 3127/831/790 3139/926/803 3138/848/804
s 0
f 3143/526/3 3135/497/3 3142/498/3
f 3242/528/8 3146/490/8 4194/490/8
f 3147/871/10 3144/494/10 3146/495/10
f 4194/497/3 3144/498/3 3241/498/3
f 3242/879/7 3145/872/7 3147/879/7
f 3133/904/13 3134/801/13 3143/560/13
f 3132/501/826 3140/963/826 3141/999/826
s 1
f 3130/855/796 3129/834/806 3243/944/807
s 0
f 3240/945/808 3129/508/808 3131/509/808
f 3139/512/809 3126/844/809 3137/1088/809
s 1
f 3137/846/838 3125/831/830 3136/1054/835
s 0
f 3136/511/812 3127/642/812 3138/947/812
f 3145/528/4 3241/490/4 3144/490/4
f 3237/490/4 3122/528/4 3121/490/4
s 1
f 3239/1089/839 4170/1090/840 3132/855/841
s 0
f 3111/528/4 3233/490/4 3110/490/4
f 3229/490/4 3088/528/4 3087/490/4
s 1
f 3231/944/842 4140/1091/843 3098/855/844
s 0
f 3078/528/4 3225/490/4 3077/490/4
f 3221/490/4 3055/528/4 3054/490/4
s 1
f 3223/1089/839 4108/1092/840 3064/855/841
s 0
f 3046/528/4 3217/490/4 3045/490/4
f 3213/490/4 3023/528/4 3022/490/4
s 1
f 3215/944/845 4077/1093/840 3033/855/844
s 0
f 3012/528/4 3209/490/4 3011/490/4
f 3205/490/4 4050/528/4 2990/528/4
s 1
f 3207/1094/839 4045/1095/840 3000/855/844
s 0
f 3197/490/4 4016/528/4 2961/528/4
s 1
f 3199/944/846 4011/1096/840 2970/855/844
f 3195/1097/847 3717/1098/848 2661/855/849
f 3187/944/850 3683/1099/848 2629/855/849
f 3179/944/850 3648/1100/848 2596/855/849
f 3171/1101/847 3618/1102/851 2566/855/849
f 3163/1101/847 3584/1103/851 2536/855/852
s 0
f 3153/490/8 3555/528/8 2517/528/8
s 1
f 3155/1104/847 3551/1105/851 2506/855/849
s 0
f 3247/1106/703 3244/1107/703 3245/1108/703
s 1
f 3262/831/853 3247/940/854 3263/854/855
s 0
f 3251/1109/615 3248/1110/615 3249/1111/615
s 1
f 3266/834/856 3251/835/857 3267/855/858
s 0
f 3253/526/7 3270/497/7 3269/527/7
f 3254/490/859 3255/491/859 3257/528/859
f 3256/490/860 3259/491/860 3258/492/860
f 3254/494/10 3257/837/10 3256/495/10
f 3259/531/3 3257/856/3 3255/530/3
f 3269/558/13 3268/838/13 3253/560/13
f 3253/492/4 3279/500/4 3252/490/4
f 3249/502/861 3267/501/861 3251/857/861
s 1
f 3264/834/862 3249/841/863 3248/1112/864
s 0
f 3266/509/865 3248/536/865 3250/882/865
f 3247/512/798 3261/844/798 3263/510/798
s 1
f 3260/847/866 3245/846/867 3244/848/868
s 0
f 3246/512/692 3260/849/692 3244/891/692
s 1
f 3262/831/853 3274/853/869 3273/954/870
f 3266/834/856 3278/835/871 3277/1113/872
s 0
f 3268/526/3 3280/497/3 3279/498/3
f 3282/490/873 3283/491/873 3286/492/873
f 3287/491/874 3284/490/874 3286/492/874
f 3285/837/10 3282/494/10 3284/495/10
f 3269/492/8 3280/490/8 3281/492/8
f 3270/495/10 3279/532/10 3280/495/10
f 3267/501/875 3276/502/875 3278/857/875
s 1
f 3276/1114/876 3264/834/862 3275/836/877
s 0
f 3277/507/878 3264/508/878 3266/509/878
f 3274/512/809 3261/844/809 3272/845/809
s 1
f 3272/846/879 3260/847/866 3271/848/880
s 0
f 3273/512/881 3260/849/881 3262/642/881
f 3291/1021/703 3288/863/703 3289/1115/703
s 1
f 3307/831/853 3291/1023/854 3308/854/882
s 0
f 3295/1116/659 3292/1117/659 3293/1118/659
s 1
f 3311/834/883 3295/835/884 3312/855/885
s 0
f 3297/526/7 3315/497/7 3298/527/7
f 3299/490/859 3300/491/859 3302/528/859
f 3301/490/860 3304/491/860 3303/492/860
f 3299/494/10 3302/837/10 3301/495/10
f 3304/531/3 3302/856/3 3300/530/3
f 3315/490/8 3314/492/8 3298/492/8
f 3298/558/13 3313/560/13 3297/560/13
f 3297/492/4 3324/490/4 3296/490/4
f 3293/502/861 3312/501/861 3295/840/861
s 1
f 3309/834/886 3293/1119/887 3292/836/888
s 0
f 3294/507/889 3309/508/889 3292/1120/889
f 3291/512/798 3306/844/798 3308/510/798
s 1
f 3305/847/866 3289/846/890 3288/848/891
s 0
f 3290/512/692 3305/849/692 3288/860/692
f 3318/1121/678 3317/869/678 3316/1122/678
s 1
f 3307/831/853 3319/974/869 3318/954/892
f 3311/834/883 3323/835/893 3322/836/894
s 0
f 3313/526/3 3325/497/3 3324/498/3
f 3327/528/4 3328/492/4 3326/490/4
f 3329/870/13 3332/558/13 3328/560/13
f 3333/491/8 3330/490/8 3332/492/8
f 3331/871/10 3326/494/10 3330/495/10
f 3332/527/3 3326/498/3 3328/526/3
f 3333/531/7 3327/872/7 3331/879/7
f 3315/495/10 3324/494/10 3325/495/10
f 3312/501/875 3321/502/875 3323/1123/875
s 1
f 3321/1124/895 3309/834/886 3320/1125/896
s 0
f 3320/536/897 3311/509/897 3322/859/897
f 3319/512/809 3306/844/809 3317/845/809
s 1
f 3317/846/879 3305/847/866 3316/848/898
s 0
f 3318/512/881 3305/849/881 3307/642/881
f 3337/1021/703 3334/1010/703 3335/1115/703
s 1
f 3355/831/899 3337/1023/900 3356/854/882
s 0
f 3341/1126/615 3338/1110/615 3339/1127/615
s 1
f 3359/834/901 3341/835/857 3360/855/902
s 0
f 3361/526/7 3343/497/7 3344/527/7
f 3347/492/4 3346/528/4 3345/490/4
f 3351/558/13 3348/870/13 3347/560/13
f 3349/490/8 3352/491/8 3351/492/8
f 3345/494/10 3350/871/10 3349/495/10
f 3345/498/7 3351/527/7 3347/526/7
f 3352/531/3 3346/872/3 3348/530/3
f 3343/490/8 3362/492/8 3344/492/8
f 3361/492/4 3372/490/4 3342/490/4
f 3342/494/10 3363/495/10 3343/495/10
f 3339/502/861 3360/501/861 3341/857/861
s 1
f 3357/834/903 3339/1128/863 3338/1112/864
s 0
f 3359/509/865 3338/536/865 3340/882/865
f 3337/512/798 3354/844/798 3356/510/798
s 1
f 3353/831/904 3335/846/905 3334/848/906
s 0
f 3336/1043/692 3353/849/692 3334/860/692
f 3366/1129/678 3365/852/678 3364/892/678
s 1
f 3355/831/899 3367/974/869 3366/848/907
f 3359/834/901 3371/835/893 3370/836/894
s 0
f 3373/526/3 3363/497/3 3372/498/3
f 3375/528/4 3376/492/4 3374/490/4
f 3377/870/13 3380/558/13 3376/560/13
f 3381/491/8 3378/490/8 3380/492/8
f 3379/871/10 3374/494/10 3378/495/10
f 3380/527/3 3374/498/3 3376/526/3
f 3381/531/7 3375/872/7 3379/879/7
f 3361/560/13 3362/558/13 3373/560/13
f 3360/501/875 3369/502/875 3371/857/875
s 1
f 3369/546/895 3357/834/903 3368/1130/896
s 0
f 3368/536/897 3359/509/897 3370/875/897
f 3367/512/809 3354/844/809 3365/845/809
s 1
f 3365/846/879 3353/831/904 3364/848/908
s 0
f 3366/1043/881 3353/849/881 3355/642/881
f 3385/1106/759 3382/1131/759 3383/899/759
s 1
f 3402/831/853 3385/940/854 3403/854/882
s 0
f 3389/1132/659 3386/1016/659 3387/903/659
s 1
f 3406/834/901 3389/835/857 3407/855/902
s 0
f 3408/526/7 3410/497/7 3391/527/7
f 3394/492/4 3393/528/4 3392/490/4
f 3398/558/13 3395/870/13 3394/560/13
f 3396/490/8 3399/491/8 3398/492/8
f 3392/494/10 3397/871/10 3396/495/10
f 3392/498/7 3398/527/7 3394/526/7
f 3399/531/3 3393/872/3 3395/530/3
f 3410/795/8 3409/492/8 3391/492/8
f 3408/590/4 3419/490/4 3390/490/4
f 3387/502/861 3407/501/861 3389/840/861
s 1
f 3404/834/903 3387/905/863 3386/1034/909
s 0
f 3406/509/865 3386/536/865 3388/882/865
f 3385/512/798 3401/844/798 3403/510/798
s 1
f 3400/831/904 3383/846/890 3382/848/906
s 0
f 3384/512/692 3400/849/692 3382/860/692
f 3413/923/657 3412/1133/657 3411/851/657
s 1
f 3402/831/853 3414/900/869 3413/927/870
f 3406/834/901 3418/835/893 3417/836/894
s 0
f 3420/526/3 3421/497/3 3419/498/3
f 3423/528/4 3424/492/4 3422/490/4
f 3425/870/13 3428/558/13 3424/560/13
f 3429/491/8 3426/490/8 3428/492/8
f 3427/871/10 3422/494/10 3426/495/10
f 3428/527/3 3422/498/3 3424/526/3
f 3429/531/7 3423/872/7 3427/879/7
f 3408/904/13 3409/558/13 3420/560/13
f 3410/937/10 3419/494/10 3421/495/10
f 3407/501/875 3416/502/875 3418/857/875
s 1
f 3416/1128/895 3404/834/903 3415/1134/896
s 0
f 3415/536/897 3406/509/897 3417/859/897
f 3414/512/809 3401/844/809 3412/845/809
s 1
f 3412/846/879 3400/831/904 3411/848/908
s 0
f 3413/512/910 3400/849/910 3402/642/910
f 3433/1135/703 3430/908/703 3431/852/703
s 1
f 3450/831/853 3433/1038/854 3451/854/911
s 0
f 3435/540/659 3437/1136/659 3436/1137/659
s 1
f 3454/834/901 3437/835/857 3455/855/902
s 0
f 3456/526/7 3439/497/7 3457/527/7
f 3442/492/4 3441/528/4 3440/490/4
f 3446/558/13 3443/870/13 3442/560/13
f 3444/490/8 3447/491/8 3446/492/8
f 3440/494/10 3445/871/10 3444/495/10
f 3440/498/7 3446/527/7 3442/526/7
f 3447/531/3 3441/872/3 3443/530/3
f 3456/492/4 3467/490/4 3438/490/4
f 3438/494/10 3458/495/10 3439/495/10
f 3435/502/861 3455/501/861 3437/911/861
s 1
f 3452/834/903 3435/546/863 3434/1138/864
s 0
f 3454/509/865 3434/536/865 3436/882/865
f 3433/512/798 3449/844/798 3451/510/798
s 1
f 3448/831/912 3431/846/890 3430/848/913
s 0
f 3432/512/692 3448/849/692 3430/860/692
s 1
f 3450/831/853 3462/846/914 3461/1139/870
f 3454/834/901 3466/835/893 3465/836/894
s 0
f 3468/526/3 3458/497/3 3467/498/3
f 3471/528/4 3472/492/4 3470/490/4
f 3473/870/13 3476/558/13 3472/560/13
f 3477/491/8 3474/490/8 3476/492/8
f 3475/871/10 3470/494/10 3474/495/10
f 3476/527/3 3470/498/3 3472/526/3
f 3477/531/7 3471/872/7 3475/879/7
f 3457/492/8 3458/490/8 3469/492/8
f 3456/560/13 3469/558/13 3468/560/13
f 3455/501/875 3464/502/875 3466/1123/875
s 1
f 3464/1140/895 3452/834/903 3463/1141/896
s 0
f 3463/536/897 3454/509/897 3465/867/897
f 3462/883/809 3449/844/809 3460/1142/809
s 1
f 3460/846/915 3448/831/912 3459/848/908
s 0
f 3461/512/881 3448/849/881 3450/642/881
f 3481/914/703 3478/1143/703 3479/1144/703
s 1
f 3498/831/853 3481/917/854 3499/854/916
f 3502/834/901 3485/835/857 3503/855/902
s 0
f 3504/526/7 3506/497/7 3487/527/7
f 3490/492/4 3489/528/4 3488/490/4
f 3494/558/13 3491/870/13 3490/560/13
f 3492/490/8 3495/491/8 3494/492/8
f 3488/494/10 3493/871/10 3492/495/10
f 3488/498/7 3494/527/7 3490/526/7
f 3495/531/3 3489/872/3 3491/530/3
f 3506/795/8 3505/768/8 3487/492/8
f 3483/502/861 3503/501/861 3485/857/861
s 1
f 3500/834/903 3483/1145/863 3482/1146/864
s 0
f 3502/509/865 3482/536/865 3484/882/865
f 3481/512/798 3497/844/798 3499/510/798
s 1
f 3496/831/904 3479/846/867 3478/848/906
s 0
f 3480/512/692 3496/849/692 3478/876/692
f 3509/1147/657 3508/1148/657 3507/1149/657
s 1
f 3498/831/853 3510/846/914 3509/1150/870
f 3502/834/901 3514/835/893 3513/836/894
s 0
f 3516/526/3 3517/497/3 3515/498/3
f 3519/528/4 3520/492/4 3518/490/4
f 3521/870/13 3524/558/13 3520/560/13
f 3525/491/8 3522/490/8 3524/492/8
f 3523/871/10 3518/494/10 3522/495/10
f 3524/527/3 3518/498/3 3520/526/3
f 3525/531/7 3519/872/7 3523/879/7
f 3504/904/13 3505/801/13 3516/560/13
f 3486/738/4 3516/492/4 3515/490/4
f 3506/937/10 3515/494/10 3517/495/10
f 3503/501/875 3512/502/875 3514/857/875
s 1
f 3512/1151/895 3500/834/903 3511/1026/896
s 0
f 3511/536/897 3502/509/897 3513/867/897
f 3510/1152/809 3497/844/809 3508/1142/809
s 1
f 3508/846/915 3496/831/904 3507/848/880
s 0
f 3509/512/917 3496/849/917 3498/642/917
f 3528/1153/615 3526/1059/615 3527/829/615
s 1
f 3538/831/918 3529/1023/919 3539/854/920
s 0
f 3531/526/7 3546/497/7 3532/527/7
f 3535/490/4 3150/528/4 2497/490/4
f 3533/494/13 3150/871/13 3535/495/13
f 3533/498/7 2497/497/7 3149/498/7
f 3546/490/4 3545/499/4 3532/492/4
f 3532/558/10 3544/838/10 3531/560/10
f 2492/942/921 3543/501/921 2493/943/921
s 1
f 3151/944/686 3541/855/922 2492/1154/840
s 0
f 3148/945/923 3540/508/923 3151/953/923
f 3529/512/740 3537/844/740 3539/510/740
s 1
f 3536/831/924 3527/846/925 3526/833/926
s 0
f 3538/642/927 3526/511/927 3528/955/927
s 1
f 3538/831/918 3550/1155/928 3549/848/929
s 0
f 3544/526/3 3553/497/3 3552/498/3
f 3557/871/13 3554/494/13 3556/495/13
f 3556/497/3 3554/498/3 3153/498/3
f 3154/879/7 3555/872/7 3557/879/7
f 3530/490/8 3544/499/8 3552/490/8
f 3546/495/13 3552/494/13 3553/495/13
f 3543/501/930 2514/950/930 3551/951/930
s 1
f 3541/855/922 3152/944/697 2514/952/696
s 0
f 3155/945/931 3540/508/931 3542/509/931
f 3550/512/755 3537/844/755 3548/946/755
s 1
f 3548/846/932 3536/831/924 3547/833/933
s 0
f 3547/511/648 3538/642/648 3549/955/648
f 3560/1153/615 3558/1067/615 3559/899/615
s 1
f 3570/831/918 3561/893/919 3571/854/920
s 0
f 3576/526/7 3564/497/7 3577/527/7
f 3565/494/13 3158/871/13 3567/495/13
f 3565/498/7 3567/497/7 3157/498/7
f 3563/494/13 3578/495/13 3564/495/13
f 3562/950/921 3575/501/921 2523/943/921
s 1
f 3159/959/709 3573/855/934 3562/1156/840
s 0
f 3574/509/935 3159/953/935 3156/945/935
f 3561/512/740 3569/844/740 3571/510/740
s 1
f 3568/831/924 3559/846/925 3558/1069/926
s 0
f 3570/642/927 3558/511/927 3560/955/927
f 3581/1157/634 3580/1158/634 3579/1159/634
s 1
f 3570/831/918 3582/1155/928 3581/848/929
s 0
f 3586/526/3 3578/497/3 3585/498/3
f 3162/528/4 3590/490/4 2547/490/4
f 3591/871/13 3588/494/13 3590/495/13
f 2547/497/3 3588/498/3 3161/498/3
f 3162/879/7 3589/872/7 3591/879/7
f 3577/492/4 3578/490/4 3587/492/4
f 3576/560/10 3587/558/10 3586/560/10
f 3563/490/8 3586/492/8 3585/490/8
f 3575/501/930 3583/963/930 3584/951/930
s 1
f 3573/855/934 3160/944/697 3583/964/713
s 0
f 3163/945/936 3572/508/936 3574/509/936
f 3582/512/755 3569/844/755 3580/946/755
s 1
f 3580/846/932 3568/831/924 3579/978/933
s 0
f 3579/511/648 3570/642/648 3581/947/648
f 3594/1160/615 3592/1161/615 3593/899/615
s 1
f 3604/968/937 3595/893/938 3605/854/920
s 0
f 3610/526/7 3597/497/7 3611/527/7
f 3600/490/4 3166/528/4 2558/490/4
f 3598/494/13 3601/871/13 3600/495/13
f 3598/498/7 2558/497/7 3165/498/7
f 3610/492/8 3619/490/8 3596/490/8
f 3596/494/13 3612/495/13 3597/495/13
f 2552/969/921 3609/501/921 2553/951/921
s 1
f 3167/944/686 3607/855/939 2552/1162/940
s 0
f 3164/945/941 3606/508/941 3167/953/941
f 3595/512/740 3603/844/740 3605/510/740
s 1
f 3602/831/942 3593/846/943 3592/848/944
s 0
f 3604/642/927 3592/1065/927 3594/967/927
s 1
f 3604/968/937 3616/853/928 3615/848/929
s 0
f 3620/526/3 3612/497/3 3619/498/3
f 3170/528/4 3624/490/4 2577/490/4
f 3170/871/13 3622/494/13 3624/495/13
f 2577/497/3 3622/498/3 3169/498/3
f 3611/492/4 3612/490/4 3621/492/4
f 3610/560/10 3621/558/10 3620/560/10
f 3609/501/930 3617/969/930 3618/951/930
s 1
f 3607/855/939 3168/944/697 3617/975/713
s 0
f 3171/945/931 3606/508/931 3608/509/931
f 3616/512/755 3603/844/755 3614/946/755
s 1
f 3614/846/932 3602/831/942 3613/978/933
s 0
f 3613/511/648 3604/642/648 3615/947/648
f 3627/1070/615 3625/1159/615 3626/899/615
s 1
f 3635/831/918 3628/1163/919 3636/854/920
s 0
f 3641/526/7 3643/497/7 3642/527/7
f 3632/490/4 3174/528/4 2587/490/4
f 3630/494/13 3174/871/13 3632/495/13
f 3630/498/7 2587/497/7 3173/498/7
f 3174/879/3 3631/872/3 2586/872/3
f 3641/590/8 3649/490/8 3629/490/8
f 2583/963/921 3640/501/921 2584/951/921
s 1
f 3175/944/686 3638/855/945 2583/1164/940
s 0
f 3172/945/941 3637/508/941 3175/953/941
f 3628/512/740 3634/844/740 3636/510/740
s 1
f 3633/831/924 3626/846/925 3625/978/926
s 0
f 3635/642/927 3625/511/927 3627/955/927
s 1
f 3635/831/918 3647/900/946 3646/848/929
s 0
f 3650/526/3 3651/497/3 3649/498/3
f 3656/871/13 3653/494/13 3655/495/13
f 3655/497/3 3653/498/3 3177/498/3
f 3178/879/7 3654/872/7 3656/879/7
f 3642/590/4 3651/490/4 3652/492/4
f 3641/904/10 3652/558/10 3650/560/10
f 3643/937/13 3649/494/13 3651/495/13
f 3640/501/930 2604/950/930 3648/951/930
s 1
f 3638/855/945 3176/944/724 2604/981/723
s 0
f 3176/953/947 3639/509/947 3179/945/947
f 3647/512/755 3634/844/755 3645/845/755
s 1
f 3645/846/932 3633/831/924 3644/976/933
s 0
f 3644/511/648 3635/642/648 3646/947/648
f 3659/1165/615 3657/1076/615 3658/852/615
s 1
f 3669/847/948 3660/846/949 3670/854/950
s 0
f 3675/526/7 3677/497/7 3662/527/7
f 3663/494/13 3666/871/13 3665/495/13
f 3663/498/7 3665/497/7 3181/498/7
f 3182/879/3 3664/872/3 2620/872/3
f 3677/490/4 3676/492/4 3662/492/4
f 3675/492/8 3684/490/8 3661/490/8
f 2615/985/921 3674/501/921 2616/951/921
s 1
f 3183/944/686 3672/855/945 2615/1166/940
s 0
f 3180/945/941 3671/508/941 3183/953/941
f 3660/982/740 3668/844/740 3670/510/740
s 1
f 3667/831/924 3658/846/943 3657/910/926
s 0
f 3669/642/927 3657/511/927 3659/947/927
s 1
f 3669/847/948 3681/917/928 3680/848/951
s 0
f 3685/526/3 3686/497/3 3684/498/3
f 3186/528/4 3689/490/4 2640/490/4
f 3186/871/13 3687/494/13 3689/495/13
f 2640/497/3 3687/498/3 3185/498/3
f 3675/560/10 3676/558/10 3685/560/10
f 3677/495/13 3684/494/13 3686/495/13
f 3674/501/952 3682/942/952 3683/943/952
s 1
f 3672/855/945 3184/944/724 3682/990/723
s 0
f 3184/953/947 3673/509/947 3187/945/947
f 3681/512/755 3668/844/755 3679/946/755
s 1
f 3679/846/932 3667/831/924 3678/1139/933
s 0
f 3678/511/648 3669/642/648 3680/967/648
f 3692/1167/615 3690/1071/615 3691/1082/615
s 1
f 3703/831/918 3693/1168/938 3704/854/953
s 0
f 3709/526/7 3695/497/7 3696/527/7
f 3697/494/13 3700/871/13 3699/495/13
f 3697/498/7 3699/497/7 3189/498/7
f 3695/490/4 3710/768/4 3696/492/4
f 3694/894/13 3711/994/13 3695/495/13
f 2646/995/954 3708/501/954 2647/951/954
s 1
f 3191/944/686 3706/855/922 2646/1169/840
s 0
f 3188/945/955 3705/508/955 3191/953/955
f 3693/512/740 3702/844/740 3704/510/740
s 1
f 3701/831/942 3691/846/943 3690/927/926
s 0
f 3703/642/956 3690/511/956 3692/947/956
s 1
f 3703/831/918 3715/992/928 3714/848/929
s 0
f 3719/526/3 3711/497/3 3718/498/3
f 3723/871/13 3720/494/13 3722/495/13
f 3722/497/3 3720/498/3 3193/498/3
f 3194/879/7 3721/872/7 3723/879/7
f 3709/904/10 3710/801/10 3719/560/10
f 3694/738/8 3719/492/8 3718/490/8
f 3708/501/952 3716/963/952 3717/999/952
s 1
f 3706/855/922 3192/944/697 3716/1000/727
s 0
f 3195/945/931 3705/508/931 3707/509/931
f 3715/512/755 3702/844/755 3713/946/755
s 1
f 3713/846/957 3701/831/942 3712/848/958
s 0
f 3712/1170/648 3703/642/648 3714/955/648
s 1
f 3742/831/959 3727/974/960 3726/833/961
f 3746/834/962 3731/835/963 3730/836/964
s 0
f 3733/526/7 3750/497/7 3732/498/7
f 3734/490/860 3735/491/860 3738/492/860
f 3739/491/965 3736/490/965 3738/492/965
f 3737/837/10 3734/494/10 3736/495/10
f 3748/838/13 3749/558/13 3733/560/13
f 3747/501/966 3729/502/966 3731/857/966
s 1
f 3729/841/967 3744/834/968 3728/1171/969
s 0
f 3728/536/889 3746/509/889 3730/882/889
f 3727/512/688 3741/844/688 3725/845/688
s 1
f 3725/846/970 3740/847/971 3724/848/972
s 0
f 3726/512/973 3740/849/973 3742/642/973
f 3754/850/678 3751/1010/678 3752/869/678
s 1
f 3742/831/959 3754/853/974 3743/854/975
s 0
f 3758/1172/634 3755/1173/634 3756/1174/634
s 1
f 3746/834/962 3758/835/976 3747/855/977
s 0
f 3748/526/3 3760/497/3 3761/527/3
f 3762/490/978 3763/491/978 3765/528/978
f 3764/490/873 3767/491/873 3766/492/873
f 3762/494/10 3765/837/10 3764/495/10
f 3767/531/7 3765/856/7 3763/530/7
f 3760/490/4 3749/492/4 3761/492/4
f 3748/499/8 3732/490/8 3759/490/8
f 3759/494/10 3750/495/10 3760/495/10
f 3756/502/979 3747/501/979 3758/857/979
s 1
f 3744/834/968 3756/1114/980 3755/1175/981
s 0
f 3746/509/982 3755/536/982 3757/859/982
f 3754/512/699 3741/844/699 3743/510/699
s 1
f 3740/847/971 3752/846/983 3751/848/984
s 0
f 3753/512/812 3740/849/812 3751/860/812
s 1
f 3786/831/959 3771/893/960 3770/833/961
s 0
f 3774/1176/615 3773/1118/615 3772/1177/615
s 1
f 3790/834/985 3775/835/963 3774/836/964
s 0
f 3777/526/7 3794/497/7 3776/498/7
f 3778/490/860 3779/491/860 3782/492/860
f 3783/491/965 3780/490/965 3782/492/965
f 3781/837/10 3778/494/10 3780/495/10
f 3792/560/13 3793/558/13 3777/560/13
f 3803/490/8 3777/492/8 3776/490/8
f 3791/501/966 3773/502/966 3775/1030/966
s 1
f 3773/1119/967 3788/834/968 3772/1178/969
s 0
f 3772/536/889 3790/509/889 3774/882/889
f 3771/512/688 3785/844/688 3769/845/688
s 1
f 3769/846/970 3784/831/986 3768/848/987
s 0
f 3770/512/973 3784/849/973 3786/642/973
f 3798/850/678 3795/868/678 3796/869/678
s 1
f 3786/831/959 3798/853/974 3787/854/975
s 0
f 3802/1179/664 3801/1180/664 3799/1181/664
s 1
f 3790/834/985 3802/835/976 3791/855/977
s 0
f 3792/526/3 3804/497/3 3805/527/3
f 3808/492/8 3807/528/8 3806/490/8
f 3812/558/13 3809/870/13 3808/560/13
f 3810/490/4 3813/491/4 3812/492/4
f 3806/494/10 3811/871/10 3810/495/10
f 3806/498/3 3812/527/3 3808/526/3
f 3813/531/7 3807/872/7 3809/530/7
f 3804/490/4 3793/492/4 3805/492/4
f 3803/494/10 3794/495/10 3804/495/10
f 3800/502/979 3791/501/979 3802/1123/979
s 1
f 3788/834/968 3800/1124/980 3799/1182/981
s 0
f 3790/509/982 3799/536/982 3801/859/982
f 3798/512/699 3785/844/699 3787/510/699
s 1
f 3784/831/986 3796/846/983 3795/848/984
s 0
f 3797/512/812 3784/849/812 3795/876/812
f 3816/877/703 3815/1115/703 3814/1010/703
s 1
f 3835/831/988 3817/893/989 3816/878/961
s 0
f 3820/1183/615 3819/1127/615 3818/1110/615
s 1
f 3839/834/962 3821/835/963 3820/836/964
s 0
f 3841/526/7 3823/497/7 3822/498/7
f 3826/528/8 3827/492/8 3825/490/8
f 3828/870/13 3831/558/13 3827/560/13
f 3832/491/4 3829/490/4 3831/492/4
f 3830/871/10 3825/494/10 3829/495/10
f 3831/527/7 3825/498/7 3827/526/7
f 3832/531/3 3826/872/3 3830/879/3
f 3842/492/4 3823/490/4 3824/492/4
f 3852/490/8 3841/492/8 3822/490/8
f 3843/495/10 3822/494/10 3823/495/10
f 3840/501/966 3819/502/966 3821/857/966
s 1
f 3819/1128/967 3837/834/968 3818/1112/969
s 0
f 3818/536/889 3839/509/889 3820/1027/889
f 3817/512/688 3834/844/688 3815/845/688
s 1
f 3815/846/990 3833/831/986 3814/848/991
s 0
f 3816/512/973 3833/849/973 3835/642/973
f 3847/850/678 3844/892/678 3845/852/678
s 1
f 3835/831/988 3847/853/974 3836/854/975
s 0
f 3851/1184/664 3848/1173/664 3849/1185/664
s 1
f 3839/834/962 3851/835/976 3840/855/977
s 0
f 3853/526/3 3843/497/3 3842/527/3
f 3856/492/8 3855/528/8 3854/490/8
f 3860/558/13 3857/870/13 3856/560/13
f 3858/490/4 3861/491/4 3860/492/4
f 3854/494/10 3859/871/10 3858/495/10
f 3854/498/3 3860/527/3 3856/526/3
f 3861/531/7 3855/872/7 3857/530/7
f 3842/558/13 3841/560/13 3853/560/13
f 3849/502/979 3840/501/979 3851/857/979
s 1
f 3837/834/968 3849/1186/980 3848/1175/981
s 0
f 3839/509/982 3848/536/982 3850/882/982
f 3847/512/699 3834/844/699 3836/510/699
s 1
f 3833/831/986 3845/846/992 3844/848/984
s 0
f 3846/1187/812 3833/849/812 3844/860/812
f 3864/923/703 3863/899/703 3862/851/703
s 1
f 3882/831/988 3865/940/989 3864/927/961
f 3886/834/985 3869/835/993 3868/836/964
s 0
f 3888/526/7 3890/497/7 3870/498/7
f 3873/528/8 3874/492/8 3872/490/8
f 3875/870/13 3878/558/13 3874/560/13
f 3879/491/4 3876/490/4 3878/492/4
f 3877/871/10 3872/494/10 3876/495/10
f 3878/527/7 3872/498/7 3874/526/7
f 3879/531/3 3873/872/3 3877/879/3
f 3889/492/4 3890/795/4 3871/492/4
f 3887/501/966 3867/502/966 3869/840/966
s 1
f 3867/1188/967 3884/834/968 3866/1034/994
s 0
f 3866/536/889 3886/509/889 3868/1027/889
f 3865/512/688 3881/844/688 3863/946/688
s 1
f 3863/846/990 3880/831/986 3862/848/991
s 0
f 3864/512/973 3880/849/973 3882/642/973
f 3894/897/657 3891/1189/657 3892/899/657
s 1
f 3882/831/988 3894/900/974 3883/854/975
s 0
f 3898/1126/664 3895/1190/664 3896/1127/664
s 1
f 3886/834/985 3898/835/976 3887/855/977
s 0
f 3900/526/3 3901/497/3 3889/527/3
f 3904/492/8 3903/528/8 3902/490/8
f 3908/558/13 3905/870/13 3904/560/13
f 3906/490/4 3909/491/4 3908/492/4
f 3902/494/10 3907/871/10 3906/495/10
f 3902/498/3 3908/527/3 3904/526/3
f 3909/531/7 3903/872/7 3905/530/7
f 3889/558/13 3888/904/13 3900/560/13
f 3900/492/8 3870/738/8 3899/490/8
f 3899/494/10 3890/937/10 3901/495/10
f 3896/502/979 3887/501/979 3898/857/979
s 1
f 3884/834/968 3896/1128/980 3895/1191/981
s 0
f 3886/509/982 3895/536/982 3897/843/982
f 3894/512/699 3881/844/699 3883/510/699
s 1
f 3880/831/986 3892/846/983 3891/848/984
s 0
f 3893/1187/995 3880/849/995 3891/860/995
s 1
f 3931/831/959 3913/1038/960 3912/1192/961
f 3935/834/996 3917/835/993 3916/836/964
s 0
f 3937/526/7 3919/497/7 3918/498/7
f 3922/528/8 3923/492/8 3921/490/8
f 3924/870/13 3927/558/13 3923/560/13
f 3928/491/4 3925/490/4 3927/492/4
f 3926/871/10 3921/494/10 3925/495/10
f 3927/527/7 3921/498/7 3923/526/7
f 3928/531/3 3922/872/3 3926/879/3
f 3938/492/4 3919/490/4 3920/492/4
f 3948/490/8 3937/492/8 3918/490/8
f 3939/495/10 3918/494/10 3919/495/10
f 3936/501/966 3915/502/966 3917/911/966
s 1
f 3915/546/967 3933/834/997 3914/1138/969
s 0
f 3914/536/889 3935/509/889 3916/859/889
f 3913/512/688 3930/844/688 3911/1193/688
s 1
f 3911/846/998 3929/831/986 3910/848/991
s 0
f 3912/512/973 3929/849/973 3931/642/973
f 3942/1194/678 3940/1195/678 3941/932/678
s 1
f 3931/831/959 3943/1023/974 3932/854/975
s 0
f 3947/1196/664 3944/1197/664 3945/1198/664
s 1
f 3935/834/996 3947/835/999 3936/855/1000
s 0
f 3949/526/3 3939/497/3 3938/527/3
f 3952/492/8 3951/528/8 3950/490/8
f 3956/558/13 3953/870/13 3952/560/13
f 3954/490/4 3957/491/4 3956/492/4
f 3950/494/10 3955/871/10 3954/495/10
f 3950/498/3 3956/527/3 3952/526/3
f 3957/531/7 3951/872/7 3953/530/7
f 3938/558/13 3937/560/13 3949/560/13
f 3945/502/979 3936/501/979 3947/857/979
s 1
f 3933/834/997 3945/1199/1001 3944/836/1002
s 0
f 3946/507/897 3933/508/897 3944/1200/897
f 3943/512/699 3930/844/699 3932/510/699
s 1
f 3929/831/986 3941/846/983 3940/848/1003
s 0
f 3942/512/812 3929/849/812 3940/876/812
f 3960/923/703 3959/924/703 3958/1143/703
s 1
f 3978/831/959 3961/992/960 3960/927/961
s 0
f 3964/1201/659 3963/1202/659 3962/1203/659
s 1
f 3982/834/996 3965/835/963 3964/836/964
s 0
f 3984/526/7 3986/497/7 3966/498/7
f 3969/528/8 3970/492/8 3968/490/8
f 3971/870/13 3974/558/13 3970/560/13
f 3975/491/4 3972/490/4 3974/492/4
f 3973/871/10 3968/494/10 3972/495/10
f 3974/527/7 3968/498/7 3970/526/7
f 3975/531/3 3969/872/3 3973/879/3
f 3985/768/4 3986/795/4 3967/492/4
f 3983/501/966 3963/502/966 3965/1123/966
s 1
f 3963/1145/967 3980/834/997 3962/1146/969
s 0
f 3962/536/889 3982/509/889 3964/875/889
f 3961/512/688 3977/844/688 3959/845/688
s 1
f 3959/846/970 3976/831/986 3958/848/991
s 0
f 3960/512/1004 3976/849/1004 3978/642/1004
f 3990/1204/657 3987/1149/657 3988/932/657
s 1
f 3978/831/959 3990/992/974 3979/854/975
s 0
f 3994/1205/634 3991/1206/634 3992/1207/634
s 1
f 3982/834/996 3994/835/999 3983/855/1000
s 0
f 3996/526/22 3997/497/22 3985/527/22
f 4000/492/8 3999/528/8 3998/490/8
f 4004/558/13 4001/870/13 4000/560/13
f 4002/490/4 4005/491/4 4004/492/4
f 3998/494/10 4003/871/10 4002/495/10
f 3998/498/3 4004/527/3 4000/526/3
f 4005/531/7 3999/872/7 4001/530/7
f 3985/801/13 3984/904/13 3996/560/13
f 3996/492/8 3966/738/8 3995/490/8
f 3995/494/10 3986/937/10 3997/495/10
f 3992/502/979 3983/501/979 3994/857/979
s 1
f 3980/834/997 3992/1208/1001 3991/836/1002
s 0
f 3993/507/897 3980/508/897 3991/1209/897
f 3990/512/1005 3977/844/1005 3979/510/1005
s 1
f 3976/831/986 3988/846/983 3987/848/1006
s 0
f 3989/512/812 3976/849/812 3987/860/812
s 1
f 4021/831/1007 4009/853/1008 4008/848/1009
s 0
f 4013/526/7 4029/497/7 4012/498/7
f 3198/528/8 4017/490/8 2962/490/8
f 4018/871/13 4015/494/13 4017/495/13
f 2962/497/7 4015/498/7 3197/498/7
f 3198/879/3 4016/872/3 4018/879/3
f 4028/499/8 4029/490/8 4014/492/8
f 4027/838/10 4014/558/10 4013/560/10
f 4026/501/1010 4010/942/1010 4011/951/1010
s 1
f 4024/855/1011 3196/944/795 4010/1060/794
s 0
f 3199/945/1012 4023/508/1012 4025/509/1012
f 4009/512/629 4020/844/629 4007/946/629
s 1
f 4007/846/1013 4019/831/1014 4006/1210/1015
s 0
f 4006/511/744 4021/642/744 4008/955/744
f 4032/948/634 4030/949/634 4031/973/634
s 1
f 4021/831/1007 4033/1155/1016 4022/854/1017
s 0
f 4027/526/3 4036/497/3 4028/527/3
f 4037/494/13 3202/871/13 4039/495/13
f 4037/498/3 4039/497/3 3201/498/3
f 4027/499/4 4012/490/4 4035/490/4
f 4035/494/13 4029/495/13 4036/495/13
f 4034/950/1018 4026/501/1018 2978/951/1018
s 1
f 3203/944/807 4024/855/1011 4034/1211/851
s 0
f 3200/945/1019 4023/508/1019 3203/953/1019
f 4033/512/645 4020/844/645 4022/510/645
s 1
f 4019/831/1014 4031/846/1020 4030/954/1021
s 0
f 4021/642/1022 4030/511/1022 4032/955/1022
f 4042/1153/615 4041/899/615 4040/1212/615
s 1
f 4054/831/1023 4043/893/1008 4042/848/1009
s 0
f 4047/526/7 4048/497/7 4046/498/7
f 3206/871/13 4049/494/13 4051/495/13
f 4051/497/7 4049/498/7 3205/498/7
f 4060/560/10 4061/558/10 4047/560/10
f 4062/495/13 4046/494/13 4048/495/13
f 4059/501/1024 4044/985/1024 4045/943/1024
s 1
f 4057/855/1011 3204/944/795 4044/1062/815
s 0
f 3207/945/1012 4056/508/1012 4058/509/1012
f 4043/512/629 4053/844/629 4041/946/629
s 1
f 4041/846/1013 4052/831/1025 4040/848/1026
s 0
f 4040/1061/744 4054/642/744 4042/955/744
f 4065/1157/634 4063/1071/634 4064/1158/634
s 1
f 4054/831/1023 4066/1155/1016 4055/854/1017
s 0
f 4060/526/3 4062/497/3 4069/527/3
f 3209/494/13 3210/871/13 4071/495/13
f 4062/490/8 4061/492/8 4069/492/8
f 4060/492/4 4046/490/4 4068/490/4
f 4067/942/1018 4059/501/1018 3008/951/1018
s 1
f 3211/944/807 4057/855/1011 4067/1213/851
s 0
f 3208/945/1019 4056/508/1019 3211/953/1019
f 4066/512/645 4053/844/645 4055/510/645
s 1
f 4052/831/1025 4064/846/1020 4063/927/1021
s 0
f 4054/642/1022 4063/511/1022 4065/947/1022
s 1
f 4084/831/1023 4075/893/1027 4074/848/1009
s 0
f 4090/526/7 4092/497/7 4078/498/7
f 3214/871/13 3213/494/13 4081/495/13
f 4091/492/8 4092/490/8 4079/492/8
f 4097/490/4 4090/492/4 4078/490/4
f 4089/501/1010 4076/969/1010 4077/951/1010
s 1
f 4087/855/1028 3212/944/795 4076/1068/815
s 0
f 3215/945/1012 4086/508/1012 4088/509/1012
f 4075/512/629 4083/844/629 4073/946/629
s 1
f 4073/846/1013 4082/831/1025 4072/848/1026
s 0
f 4072/1065/744 4084/642/744 4074/955/744
f 4095/1157/634 4093/1071/634 4094/973/634
s 1
f 4084/831/1023 4096/853/1016 4085/854/1017
s 0
f 4098/526/3 4099/497/3 4091/527/3
f 3217/494/13 4102/871/13 4101/495/13
f 3218/879/7 4100/872/7 3046/872/7
f 4091/558/10 4090/560/10 4098/560/10
f 4097/494/13 4092/495/13 4099/495/13
f 3041/969/1018 4089/501/1018 3042/951/1018
s 1
f 3219/944/807 4087/855/1028 3041/1214/1029
s 0
f 3216/945/1030 4086/508/1030 3219/953/1030
f 4096/512/645 4083/844/645 4085/510/645
s 1
f 4082/831/1025 4094/846/1020 4093/927/1021
s 0
f 4084/642/1022 4093/511/1022 4095/947/1022
f 4105/1215/615 4104/899/615 4103/1216/615
s 1
f 4116/831/1023 4106/1163/1008 4105/848/1009
s 0
f 4110/526/34 4124/497/34 4109/498/34
f 4113/871/13 3221/494/13 4112/495/13
f 3222/879/3 4111/872/3 4113/879/3
f 4122/560/10 4123/760/10 4110/560/10
f 4129/490/4 4110/492/4 4109/490/4
f 4121/501/1010 4107/963/1010 4108/951/1010
s 1
f 4119/855/1028 3220/944/795 4107/1072/815
s 0
f 3223/945/1012 4118/508/1012 4120/509/1012
f 4106/512/629 4115/844/629 4104/946/629
s 1
f 4104/846/1013 4114/831/1014 4103/954/1031
s 0
f 4103/511/1032 4116/642/1032 4105/955/1032
f 4127/1217/634 4125/1218/634 4126/980/634
s 1
f 4116/831/1023 4128/1219/1016 4117/854/1017
s 0
f 4122/526/3 4130/497/3 4131/527/3
f 3225/494/13 4134/871/13 4133/495/13
f 3226/879/7 4132/872/7 3078/872/7
f 4130/490/8 4123/590/8 4131/492/8
f 4129/494/13 4124/937/13 4130/495/13
f 3072/1073/1033 4121/501/1033 3073/951/1033
s 1
f 3227/944/807 4119/855/1028 3072/1220/1029
s 0
f 3224/945/1034 4118/508/1034 3227/953/1034
f 4128/512/645 4115/844/645 4117/510/645
s 1
f 4114/831/1014 4126/846/1020 4125/864/1021
s 0
f 4116/642/1022 4125/511/1022 4127/947/1022
f 4137/1221/615 4136/852/615 4135/1222/615
s 1
f 4148/831/1007 4138/846/1035 4137/848/1009
s 0
f 4142/526/7 4156/497/7 4141/498/7
f 3230/871/13 3229/494/13 4145/495/13
f 4155/492/8 4156/490/8 4143/492/8
f 4154/560/10 4143/558/10 4142/560/10
f 4161/490/4 4142/492/4 4141/490/4
f 4153/501/1010 4139/985/1010 4140/951/1010
s 1
f 4151/855/1036 3228/944/832 4139/1077/815
s 0
f 3228/953/1037 4152/509/1037 3231/945/1037
f 4138/982/629 4147/844/629 4136/845/629
s 1
f 4136/846/1013 4146/831/1014 4135/1223/1015
s 0
f 4135/511/744 4148/642/744 4137/955/744
f 4160/1224/634 4157/1225/634 4158/989/634
s 1
f 4148/831/1007 4160/917/1016 4149/854/1038
s 0
f 4154/526/3 4162/497/3 4155/527/3
f 3233/494/13 3234/871/13 4164/495/13
f 3234/879/7 4163/872/7 3111/872/7
f 4161/494/13 4156/495/13 4162/495/13
f 3106/942/1033 4153/501/1033 3107/943/1033
s 1
f 3235/944/807 4151/855/1036 3106/1226/851
s 0
f 3232/945/1030 4150/508/1030 3235/953/1030
f 4160/512/645 4147/844/645 4149/510/645
s 1
f 4146/831/1014 4158/846/1020 4157/1139/1021
s 0
f 4148/642/1022 4157/511/1022 4159/1085/1022
s 1
f 4179/831/1007 4168/926/1027 4167/848/1009
s 0
f 4172/526/7 4173/497/7 4171/498/7
f 3238/871/13 3237/494/13 4176/495/13
f 4186/768/8 4173/490/8 4174/492/8
f 4185/993/10 4174/558/10 4172/560/10
f 4187/994/13 4171/894/13 4173/495/13
f 4184/501/1010 4169/995/1010 4170/951/1010
s 1
f 4182/855/1028 3236/944/795 4169/1084/794
s 0
f 3239/945/1012 4181/508/1012 4183/509/1012
f 4168/512/629 4178/844/629 4166/946/629
s 1
f 4166/846/1013 4177/831/1014 4165/927/1015
s 0
f 4165/511/1039 4179/642/1039 4167/947/1039
f 4190/1227/664 4188/1216/664 4189/1228/664
s 1
f 4179/831/1007 4191/992/1016 4180/854/1017
s 0
f 4185/526/3 4187/497/3 4186/527/3
f 3241/494/13 3242/871/13 4194/495/13
f 4185/768/4 4171/738/4 4192/490/4
f 3140/963/1033 4184/501/1033 3141/999/1033
s 1
f 3243/944/807 4182/855/1028 3140/1229/1040
s 0
f 3240/945/1030 4181/508/1030 3243/953/1030
f 4191/512/645 4178/844/645 4180/510/645
s 1
f 4177/831/1014 4189/846/1020 4188/954/1021
s 0
f 4179/642/1022 4188/511/1022 4190/955/1022
s 1
f 3240/1097/1041 3141/1230/723 4184/855/1042
f 3232/1231/1041 3107/1232/696 4153/855/1043
f 3224/1101/1041 3073/1233/696 4121/855/1042
f 3216/1101/1041 3042/1234/696 4089/855/1042
f 3208/1101/1041 3008/1235/696 4059/855/1042
s 0
f 4049/490/4 4050/528/4 3205/490/4
s 1
f 3200/1236/1041 2978/1237/696 4026/855/1042
s 0
f 4015/490/4 4016/528/4 3197/490/4
f 3721/528/8 3193/490/8 3720/490/8
f 3189/490/8 3698/528/8 3697/490/8
s 1
f 3188/1238/1044 2647/1092/794 3708/855/1045
s 0
f 3688/528/8 3185/490/8 3687/490/8
f 3181/490/8 3664/528/8 3663/490/8
s 1
f 3180/1238/1044 2616/1239/794 3674/855/1046
s 0
f 3654/528/8 3177/490/8 3653/490/8
f 3173/490/8 3631/528/8 3630/490/8
s 1
f 3172/1238/1044 2584/1240/794 3640/855/1046
s 0
f 3623/528/8 3169/490/8 3622/490/8
f 3165/490/8 3599/528/8 3598/490/8
s 1
f 3164/944/1047 2553/1241/794 3609/855/1045
s 0
f 3589/528/8 3161/490/8 3588/490/8
s 1
f 3156/944/1048 2523/1242/794 3575/855/1049
s 0
f 3554/490/8 3555/528/8 3153/490/8
s 1
f 3148/944/1050 2493/1243/794 3543/855/1045
s 0
f 4569/1680/1351 4572/1681/1351 4567/1682/1351
f 236/283/2464 231/3234/2464 232/284/2464
f 230/3235/3 231/3236/3 234/3237/3
f 229/284/2465 230/3238/2465 234/286/2465
f 233/3239/7 235/3240/7 232/361/7
f 233/3239/7 232/361/7 229/360/7
s 1
f 234/362/2466 236/363/2467 235/364/2468
f 235/364/2468 233/3241/2469 234/362/2466
s 0
f 236/3242/3 234/3237/3 231/3236/3
s 1
f 230/362/2470 229/3241/2471 231/3243/2472
f 229/3241/2471 232/364/2473 231/3243/2472
s 0
f 244/288/2464 239/3244/2464 240/284/2464
f 238/3245/3 239/3246/3 242/3247/3
f 237/284/2465 238/3248/2465 242/289/2465
f 241/3249/7 243/3250/7 240/368/7
f 241/3249/7 240/368/7 237/3251/7
s 1
f 242/369/2466 244/370/2467 243/371/124
f 243/371/124 241/3252/2469 242/369/2466
s 0
f 244/3253/3 242/3247/3 239/3246/3
s 1
f 238/3254/2470 237/3252/2471 239/370/2472
f 237/3252/2471 240/371/2473 239/370/2472
s 0
f 252/290/2464 247/3234/2464 248/291/2464
f 246/3255/3 247/3256/3 250/3257/3
f 245/291/2465 246/3238/2465 250/292/2465
f 249/3258/7 251/3259/7 248/374/7
f 249/3258/7 248/374/7 245/3260/7
s 1
f 250/375/2466 252/376/2467 251/377/2468
f 251/377/2468 249/3261/2469 250/375/2466
s 0
f 252/3262/3 250/3257/3 247/3256/3
s 1
f 246/375/2470 245/3261/2471 247/376/2472
f 245/3261/2471 248/377/2473 247/376/2472
s 0
f 260/290/2464 255/3234/2464 256/284/2464
f 254/3263/3 255/3264/3 258/3265/3
f 253/284/2465 254/3248/2465 258/292/2465
f 257/3266/7 259/3267/7 256/380/7
f 257/3266/7 256/380/7 253/379/7
s 1
f 258/381/2466 260/382/2467 259/383/124
f 259/383/124 257/3268/2469 258/381/2466
s 0
f 260/3269/3 258/3265/3 255/3264/3
s 1
f 254/381/2470 253/3268/2471 255/382/2472
f 253/3268/2471 256/383/2473 255/382/2472
s 0
f 268/290/2464 263/3234/2464 264/293/2464
f 262/3270/3 263/3271/3 266/3272/3
f 261/284/2465 262/3273/2465 266/292/2465
f 265/3274/7 267/384/7 264/386/7
f 265/3274/7 264/386/7 261/385/7
s 1
f 266/387/2466 268/388/2467 267/389/2468
f 267/389/2468 265/3275/2469 266/387/2466
s 0
f 268/3276/3 266/3272/3 263/3271/3
s 1
f 262/387/2470 261/3275/2471 263/388/2472
f 261/3275/2471 264/389/2473 263/388/2472
s 0
f 273/294/2474 269/3277/2474 270/295/2474
s 1
f 273/297/52 272/3278/2475 752/298/53
s 0
f 273/3279/3 271/3280/3 269/3281/3
f 281/294/2476 276/3282/2476 277/302/2476
f 274/3283/3 276/3284/3 279/3285/3
f 275/302/2477 274/3286/2477 279/303/2477
f 278/3287/7 280/353/7 275/354/7
f 280/353/7 277/355/7 275/354/7
s 1
f 279/356/2478 281/3288/2479 280/3289/2480
f 280/3289/2480 278/3290/2481 279/356/2478
s 0
f 281/3291/3 279/3285/3 276/3284/3
s 1
f 274/3292/127 275/3293/2482 276/3294/126
f 275/3293/2482 277/358/2483 276/3294/126
s 0
f 270/3295/7 750/3296/7 752/3297/7
f 270/3295/7 752/3297/7 272/3298/7
f 283/304/2484 284/3299/2484 285/305/2484
s 1
f 762/298/131 286/3278/2485 285/299/132
s 0
f 284/3300/3 282/3301/3 285/3302/3
s 1
f 282/299/134 284/3303/2486 283/301/135
s 0
f 286/3304/7 762/3305/7 283/3306/7
f 287/311/2487 293/313/2487 300/312/2487
f 288/309/2488 292/330/2488 291/307/2488
f 292/310/62 288/3307/62 287/311/62
f 290/311/2489 289/3307/2489 291/310/2489
f 299/318/2490 292/393/2490 297/319/2490
f 296/316/66 297/3308/66 292/320/66
f 298/315/2491 773/314/2491 294/321/2491
f 299/320/2492 289/3308/2492 298/315/2492
f 290/332/3 298/337/3 289/322/3
f 287/329/3 296/328/3 295/334/3
f 288/324/3 297/323/3 296/328/3
f 291/327/7 299/326/7 294/347/7
f 301/311/2493 307/313/2493 305/312/2493
f 306/330/2494 313/397/2494 302/331/2494
f 306/310/62 303/3307/62 301/311/62
f 308/312/2495 780/313/2495 304/311/2495
f 304/311/69 302/3307/69 313/310/69
f 305/321/2496 314/314/2496 775/315/2496
f 313/318/2497 306/393/2497 310/319/2497
f 309/316/66 310/3308/66 306/320/66
f 313/320/72 311/3308/72 312/315/72
f 304/332/3 312/337/3 311/326/3
f 301/329/3 309/328/3 775/3309/3
f 303/324/3 302/327/3 310/323/3
f 302/327/3 311/326/3 310/323/3
f 303/324/3 310/323/3 309/328/3
f 305/410/7 307/335/7 314/334/7
f 318/309/2498 321/330/2498 320/307/2498
f 321/310/75 318/3307/75 317/311/75
f 319/311/2499 316/3307/2499 320/310/2499
f 326/318/2500 327/393/2500 318/319/2500
f 317/316/79 318/3308/79 327/320/79
f 326/320/2501 316/3308/2501 325/315/2501
f 319/332/3 325/337/3 316/3310/3
f 322/335/7 328/334/7 327/336/7
f 321/324/7 327/336/7 326/326/7
f 320/327/7 326/326/7 323/3311/7
f 331/309/2488 334/330/2488 333/307/2488
f 334/310/62 331/3307/62 329/311/62
f 336/312/2495 801/313/2495 332/311/2495
f 332/311/2499 330/3307/2499 333/310/2499
f 341/318/2490 334/393/2490 339/319/2490
f 338/316/66 339/3308/66 334/320/66
f 341/320/2501 330/3308/2501 340/315/2501
f 332/332/3 340/337/3 330/3310/3
f 329/329/3 338/328/3 337/334/3
f 331/324/3 330/3310/3 339/323/3
f 331/324/3 339/323/3 338/328/3
f 333/327/7 341/326/7 336/412/7
f 346/330/2494 354/397/2494 343/331/2494
f 346/310/62 344/3307/62 342/311/62
f 348/312/2495 811/313/2495 345/311/2495
f 345/311/69 343/3307/69 354/310/69
f 347/321/2502 355/314/2502 349/315/2502
f 354/318/2497 346/393/2497 351/319/2497
f 350/316/66 351/3308/66 346/320/66
f 354/320/72 352/3308/72 353/315/72
f 345/332/3 353/337/3 352/326/3
f 342/329/3 350/328/3 349/334/3
f 344/324/3 343/327/3 351/323/3
f 343/327/3 352/326/3 351/323/3
f 344/324/3 351/323/3 350/328/3
f 357/309/2488 361/330/2488 360/307/2488
f 361/310/62 357/3307/62 356/311/62
f 363/312/2503 821/313/2503 818/311/2503
f 359/311/2504 358/3307/2504 360/310/2504
f 362/321/2502 369/314/2502 364/315/2502
f 368/318/2490 361/393/2490 366/319/2490
f 365/316/66 366/3308/66 361/320/66
f 368/320/2492 358/3308/2492 367/315/2492
f 359/332/3 367/337/3 358/322/3
f 356/329/3 365/328/3 364/334/3
f 359/332/3 818/332/3 367/337/3
f 357/324/3 366/323/3 365/328/3
f 360/327/7 368/326/7 363/412/7
f 371/309/2488 375/330/2488 374/307/2488
f 375/310/62 371/3307/62 370/311/62
f 373/311/88 372/3307/88 374/310/88
f 376/321/2502 382/314/2502 378/315/2502
f 381/318/2490 375/393/2490 380/319/2490
f 379/316/66 380/3308/66 375/320/66
f 381/320/89 372/3308/89 373/315/89
f 370/329/3 379/328/3 378/334/3
f 371/324/3 380/323/3 379/328/3
f 374/327/7 381/326/7 383/337/7
f 389/330/90 388/397/90 386/308/90
f 389/310/75 385/3307/75 384/311/75
f 387/311/88 386/3307/88 388/310/88
f 393/318/92 394/393/92 385/319/92
f 384/316/79 385/3308/79 394/320/79
f 393/320/89 386/3308/89 387/315/89
f 390/335/7 395/334/7 394/336/7
f 389/324/7 394/336/7 393/326/7
f 388/339/7 393/326/7 396/337/7
f 388/339/7 389/324/7 393/326/7
f 399/309/2488 403/330/2488 402/307/2488
f 403/310/62 399/3307/62 398/311/62
f 401/311/88 400/3307/88 402/310/88
f 408/318/2490 403/393/2490 407/319/2490
f 406/316/66 407/3308/66 403/320/66
f 408/320/89 400/3308/89 401/316/89
f 399/324/3 407/323/3 406/328/3
f 402/327/7 408/326/7 409/337/7
f 411/309/2488 415/330/2488 414/307/2488
f 415/310/62 411/3307/62 410/311/62
f 413/311/2489 412/3307/2489 414/310/2489
f 422/318/2490 415/393/2490 420/319/2490
f 419/316/66 420/3308/66 415/320/66
f 422/320/2492 412/3308/2492 421/315/2492
f 413/332/3 421/337/3 412/322/3
f 410/329/3 419/328/3 418/334/3
f 411/324/3 420/323/3 419/328/3
f 414/327/7 422/326/7 417/3311/7
f 423/311/93 430/313/93 428/312/93
f 429/330/2494 437/397/2494 424/331/2494
f 429/310/62 426/3307/62 425/311/62
f 431/312/2505 873/313/2505 427/311/2505
f 427/311/69 424/3307/69 437/310/69
f 428/321/83 430/314/83 432/315/83
f 437/318/2497 429/393/2497 434/319/2497
f 433/316/66 434/3308/66 429/320/66
f 437/320/72 435/3308/72 436/316/72
f 427/332/3 436/340/3 435/326/3
f 425/329/3 433/328/3 432/334/3
f 426/324/95 424/327/95 434/323/95
f 424/327/3 435/326/3 434/323/3
f 426/324/3 434/323/3 433/328/3
f 438/311/2506 446/313/2506 443/312/2506
f 440/309/90 445/330/90 444/307/90
f 445/310/75 440/3307/75 439/311/75
f 447/312/2507 882/313/2507 442/311/2507
f 442/311/2489 441/3307/2489 444/310/2489
f 450/318/92 451/393/92 440/319/92
f 439/316/79 440/3308/79 451/320/79
f 449/315/2508 885/314/2508 447/321/2508
f 450/320/2492 441/3308/2492 449/315/2492
f 442/332/3 449/337/3 441/322/3
f 443/329/7 452/334/7 451/336/7
f 445/324/7 451/336/7 450/326/7
f 444/327/7 450/326/7 447/341/7
f 443/329/7 446/394/7 452/334/7
f 459/330/90 458/397/90 456/308/90
f 459/310/75 455/3307/75 454/311/75
f 461/312/2495 891/313/2495 457/311/2495
f 457/311/2504 456/3307/2504 458/310/2504
f 464/321/2509 467/314/2509 462/315/2509
f 465/318/92 466/393/92 455/319/92
f 454/316/79 455/3308/79 466/320/79
f 465/320/2492 456/3308/2492 463/315/2492
f 457/332/3 463/337/3 456/322/3
f 460/335/7 464/328/7 466/336/7
f 459/324/7 466/336/7 465/326/7
f 458/339/7 465/326/7 461/412/7
f 458/339/34 459/324/34 465/326/34
f 468/311/2506 475/313/2506 473/312/2506
f 474/330/2510 480/397/2510 471/308/2510
f 474/310/75 470/3307/75 469/311/75
f 476/312/2495 900/313/2495 472/311/2495
f 472/311/69 471/3307/69 480/310/69
f 480/318/2511 481/393/2511 470/343/2511
f 469/316/79 470/3308/79 481/320/79
f 480/320/72 478/3308/72 479/315/72
f 472/332/3 479/337/3 478/345/3
f 473/329/7 482/334/7 481/336/7
f 474/324/7 481/336/7 480/3312/7
f 473/329/7 475/394/7 482/334/7
f 484/309/2488 488/330/2488 487/307/2488
f 488/310/62 484/3307/62 483/311/62
f 486/311/2489 485/3307/2489 487/310/2489
f 494/318/2490 488/393/2490 492/319/2490
f 491/316/66 492/3308/66 488/320/66
f 493/315/2512 910/314/2512 490/321/2512
f 494/320/2492 485/3308/2492 493/315/2492
f 486/332/95 493/337/95 485/322/95
f 486/332/3 907/332/3 493/337/3
f 484/324/3 492/323/3 491/328/3
f 487/327/36 494/326/36 490/347/36
f 497/309/2488 500/330/2488 499/307/2488
f 500/310/62 497/3307/62 496/311/62
f 502/312/2513 920/313/2513 918/311/2513
f 498/311/88 504/3307/88 499/310/88
f 501/321/2514 507/314/2514 503/316/2514
f 506/318/2490 500/393/2490 505/343/2490
f 503/316/66 505/3308/66 500/320/66
f 506/320/89 504/3308/89 498/316/89
f 498/341/3 918/332/3 924/340/3
f 497/324/3 505/336/3 503/328/3
f 499/327/7 506/326/7 508/337/7
f 514/330/2515 513/397/2515 511/308/2515
f 514/310/62 510/3307/62 509/311/62
f 512/311/88 511/3307/88 513/310/88
f 515/321/2516 520/314/2516 517/316/2516
f 519/318/2517 514/393/2517 518/319/2517
f 517/316/66 518/3308/66 514/320/66
f 519/320/89 511/3308/89 512/316/89
f 512/341/3 929/332/3 935/340/3
f 510/324/22 518/323/22 517/328/22
f 513/339/36 519/326/36 521/337/36
f 513/339/7 514/3313/7 519/326/7
f 522/311/93 529/313/93 527/312/93
f 528/330/2494 536/397/2494 525/308/2494
f 528/310/62 524/3307/62 523/311/62
f 526/311/69 525/3307/69 536/310/69
f 527/321/83 529/314/83 531/315/83
f 536/318/2497 528/393/2497 534/343/2497
f 533/316/66 534/3308/66 528/320/66
f 535/315/2512 942/314/2512 530/321/2512
f 536/320/72 532/3308/72 535/315/72
f 526/332/22 535/337/22 532/345/22
f 523/329/3 533/328/3 531/334/3
f 526/332/3 939/332/3 535/337/3
f 524/324/3 534/336/3 533/328/3
f 537/311/2493 543/313/2493 540/312/2493
f 538/309/2518 542/330/2518 541/307/2518
f 542/310/62 538/3307/62 537/311/62
f 544/312/2513 952/313/2513 949/311/2513
f 539/311/88 545/3307/88 541/310/88
f 540/321/2496 549/314/2496 947/315/2496
f 545/344/2519 548/318/2519 542/349/2519
f 546/316/66 547/3308/66 542/320/66
f 548/320/89 545/3308/89 539/316/89
f 537/329/3 546/328/3 947/3309/3
f 539/341/3 949/332/3 954/340/3
f 538/324/3 547/336/3 546/328/3
f 541/327/7 548/326/7 550/337/7
f 540/410/7 543/335/7 549/334/7
f 551/311/2493 557/313/2493 554/312/2493
f 552/309/2488 556/330/2488 555/307/2488
f 556/310/62 552/3307/62 551/311/62
f 553/311/2520 560/3307/2520 555/310/2520
f 554/321/2521 564/314/2521 559/316/2521
f 563/318/2490 556/393/2490 561/343/2490
f 559/316/66 561/3308/66 556/320/66
f 562/315/2491 965/314/2491 558/321/2491
f 563/320/2522 560/3308/2522 562/315/2522
f 553/332/3 562/337/3 560/348/3
f 552/324/95 561/336/95 559/328/95
f 555/327/7 563/326/7 558/347/7
f 554/410/7 557/335/7 564/334/7
f 569/330/2510 575/397/2510 567/308/2510
f 569/310/75 566/3307/75 565/311/75
f 568/311/69 567/3307/69 575/310/69
f 575/318/2511 576/393/2511 566/343/2511
f 565/316/79 566/3308/79 576/320/79
f 574/315/2491 976/314/2491 571/321/2491
f 575/320/72 573/3308/72 574/315/72
f 568/332/3 574/337/3 573/345/3
f 570/335/7 577/334/7 576/336/7
f 569/324/34 576/336/34 575/3312/34
f 578/311/2523 583/313/2523 590/312/2523
f 582/330/2524 589/397/2524 580/308/2524
f 582/310/62 579/3307/62 578/311/62
f 584/312/2507 983/313/2507 581/311/2507
f 581/311/69 580/3307/69 589/310/69
f 589/318/2497 582/393/2497 587/343/2497
f 585/316/66 587/3308/66 582/320/66
f 588/315/2508 987/314/2508 584/321/2508
f 589/320/72 586/3308/72 588/315/72
f 581/332/3 588/337/3 586/345/3
f 579/324/3 587/336/3 585/328/3
f 597/330/2525 596/397/2525 592/331/2525
f 597/310/75 594/3307/75 593/311/75
f 595/311/69 592/3307/69 596/310/69
f 603/321/2509 605/314/2509 600/315/2509
f 601/344/2526 596/318/2526 604/349/2526
f 593/316/79 594/3308/79 604/320/79
f 602/315/2491 996/314/2491 599/321/2491
f 596/320/72 601/3308/72 602/315/72
f 595/332/3 602/337/3 601/345/3
f 594/325/3 592/327/3 601/345/3
f 598/335/7 603/328/7 604/351/7
f 596/322/36 597/324/36 604/351/36
f 606/311/2523 611/313/2523 618/312/2523
f 610/330/2494 617/397/2494 608/308/2494
f 610/310/62 607/3307/62 606/311/62
f 609/311/69 608/3307/69 617/310/69
f 617/318/2497 610/393/2497 615/343/2497
f 613/316/66 615/3308/66 610/320/66
f 616/315/2491 1007/314/2491 612/321/2491
f 617/320/72 614/3308/72 616/315/72
f 609/332/3 616/337/3 614/345/3
f 607/324/95 615/336/95 613/328/95
f 623/330/2510 629/397/2510 621/308/2510
f 623/310/75 620/3307/75 626/311/75
f 625/312/2507 1014/313/2507 622/311/2507
f 622/311/69 621/3307/69 629/310/69
f 629/318/2511 630/393/2511 620/343/2511
f 626/316/79 620/3308/79 630/320/79
f 1010/316/2527 1018/314/2527 625/321/2527
f 629/320/72 627/3308/72 628/316/72
f 622/332/3 628/340/3 627/345/3
f 624/335/7 631/334/7 630/336/7
f 623/324/106 630/336/106 629/3312/106
f 638/330/2525 637/397/2525 633/331/2525
f 638/310/2528 635/3307/2528 634/311/2528
f 636/311/69 633/3307/69 637/310/69
f 642/344/2526 637/318/2526 644/349/2526
f 634/316/2529 635/3308/2529 644/320/2529
f 637/320/72 642/3308/72 643/316/72
f 636/332/3 643/340/3 642/345/3
f 635/325/22 633/327/22 642/345/22
f 639/335/36 645/334/36 644/351/36
f 637/322/7 638/324/7 644/351/7
f 646/311/93 654/313/93 652/312/93
f 653/330/2515 651/397/2515 649/308/2515
f 653/310/62 648/3307/62 647/311/62
f 655/312/2507 1034/313/2507 650/311/2507
f 650/311/2504 649/3307/2504 651/310/2504
f 652/321/83 654/314/83 656/315/83
f 660/318/2517 653/393/2517 658/319/2517
f 657/316/66 658/3308/66 653/320/66
f 1031/316/2527 1037/314/2527 655/321/2527
f 660/320/2492 649/3308/2492 659/316/2492
f 650/332/3 659/340/3 649/322/3
f 647/329/3 657/328/3 656/334/3
f 648/324/95 658/323/95 657/328/95
f 651/339/36 660/326/36 655/341/36
f 651/339/7 653/3313/7 660/326/7
f 661/311/2493 668/313/2493 665/312/2493
f 662/309/2488 667/330/2488 666/307/2488
f 667/310/62 662/3307/62 661/311/62
f 669/312/2507 1044/313/2507 664/311/2507
f 664/311/2489 663/3307/2489 666/310/2489
f 665/321/2496 674/314/2496 1039/315/2496
f 673/318/2490 667/393/2490 671/319/2490
f 670/316/66 671/3308/66 667/320/66
f 672/315/2508 1047/314/2508 669/321/2508
f 673/320/2530 663/3308/2530 672/315/2530
f 664/332/3 672/337/3 663/322/3
f 661/329/3 670/328/3 1039/3309/3
f 662/324/95 671/323/95 670/328/95
f 666/327/7 673/326/7 669/341/7
f 665/410/7 668/335/7 674/334/7
f 675/311/2493 682/313/2493 679/312/2493
f 677/309/2518 681/330/2518 680/307/2518
f 681/310/62 677/3307/62 675/311/62
f 678/311/88 676/3307/88 680/310/88
f 679/321/2496 687/314/2496 1048/315/2496
f 676/317/2531 686/318/2531 681/349/2531
f 684/316/66 685/3308/66 681/320/66
f 686/320/89 676/3308/89 678/315/89
f 675/329/3 684/328/3 1048/3309/3
f 677/324/111 676/3310/111 685/323/111
f 677/324/22 685/323/22 684/328/22
f 680/327/34 686/326/34 688/337/34
f 679/410/7 682/335/7 687/334/7
f 691/309/2532 694/330/2532 693/307/2532
f 694/310/62 691/3307/62 689/311/62
f 692/311/69 690/3307/69 693/310/69
f 695/321/2516 701/314/2516 697/316/2516
f 699/317/2533 693/318/2533 694/349/2533
f 697/316/66 698/3308/66 694/320/66
f 700/315/2534 1065/314/2534 696/321/2534
f 693/320/72 699/3308/72 700/315/72
f 692/332/3 700/337/3 699/326/3
f 691/324/111 690/327/111 698/323/111
f 692/332/3 1061/332/3 700/337/3
f 690/327/113 699/326/113 698/323/113
f 691/324/3 698/323/3 697/328/3
f 704/302/2535 705/3286/2535 708/303/2535
f 707/3314/3 708/3315/3 703/3316/3
f 707/294/2536 703/3317/2536 702/302/2536
f 709/353/7 706/3287/7 702/354/7
s 1
f 708/3294/2537 707/3318/2538 706/3290/2539
f 706/3290/2539 709/3289/2540 708/3294/2537
s 0
f 705/3319/3 703/3316/3 708/3315/3
s 1
f 704/358/119 702/3320/2541 703/356/117
s 0
f 712/284/2542 713/3273/2542 716/292/2542
f 715/3321/3 716/3322/3 711/3323/3
f 715/290/2543 711/3324/2543 710/284/2543
f 717/359/7 714/3239/7 710/360/7
s 1
f 716/3243/2544 715/362/2545 714/3241/2546
f 714/3241/2546 717/364/2547 716/3243/2544
s 0
f 713/3325/3 711/3323/3 716/3322/3
s 1
f 712/364/124 710/3241/2548 711/362/122
s 0
f 720/284/2542 721/3273/2542 724/292/2542
f 723/3326/3 724/3327/3 719/3328/3
f 723/365/2543 719/3244/2543 718/284/2543
f 725/366/7 722/3329/7 718/367/7
s 1
f 724/370/2544 723/3254/2545 722/3252/2471
f 722/3252/2471 725/371/2547 724/370/2544
s 0
f 721/3330/3 719/3328/3 724/3327/3
s 1
f 720/371/124 718/3252/2548 719/369/122
s 0
f 728/291/2542 729/3238/2542 732/292/2542
f 731/3331/3 732/3332/3 727/3333/3
f 731/290/2543 727/3324/2543 726/284/2543
f 733/372/7 730/3258/7 726/373/7
s 1
f 732/376/2544 731/375/2545 730/3261/2546
f 730/3261/2546 733/377/2547 732/376/2544
s 0
f 729/3334/3 727/3333/3 732/3332/3
s 1
f 728/377/124 726/3261/2548 727/375/122
s 0
f 736/284/2542 737/3248/2542 740/292/2542
f 739/3335/3 740/3336/3 735/3337/3
f 739/290/2543 735/3234/2543 734/284/2543
f 741/378/7 738/3338/7 734/379/7
s 1
f 740/382/2544 739/381/2545 738/3268/2471
f 738/3268/2471 741/383/2547 740/382/2544
s 0
f 737/3339/3 735/3337/3 740/3336/3
s 1
f 736/383/124 734/3268/2548 735/381/122
s 0
f 744/293/2542 745/3273/2542 748/292/2542
f 747/3340/3 748/3341/3 743/3342/3
f 747/290/2543 743/3234/2543 742/284/2543
f 749/384/7 746/3274/7 742/385/7
s 1
f 748/388/2544 747/387/2545 746/3275/2546
f 746/3275/2546 749/389/2547 748/388/2544
s 0
f 745/3343/3 743/3342/3 748/3341/3
s 1
f 744/389/124 742/3275/2548 743/387/122
s 0
f 750/295/2549 751/3344/2549 271/303/2549
f 751/3345/3 269/3281/3 271/3280/3
s 1
f 269/299/56 751/3303/2550 750/301/57
s 0
f 755/302/2477 756/3286/2477 759/303/2477
f 758/3314/3 759/3315/3 754/3316/3
f 758/294/2476 754/3317/2476 753/302/2476
f 760/353/7 757/3287/7 753/354/7
s 1
f 759/3294/2478 758/3318/2479 757/3290/2480
f 757/3290/2480 760/3289/2481 759/3294/2478
s 0
f 756/3319/3 754/3316/3 759/3315/3
s 1
f 755/358/128 753/3320/2483 754/356/126
s 0
f 763/390/2551 282/3346/2551 761/304/2551
f 763/3347/3 285/3302/3 282/3301/3
f 761/3348/7 283/3306/7 762/3305/7
f 766/308/92 768/397/92 769/391/92
f 764/311/2552 765/3307/2552 769/310/2552
f 290/311/2502 294/313/2502 770/312/2502
f 768/310/79 766/3307/79 767/311/79
f 295/315/2553 300/314/2553 293/321/2553
f 772/393/90 771/318/90 766/317/90
f 772/320/2554 765/3308/2554 295/315/2554
f 767/316/75 766/3308/75 771/320/75
f 764/329/3 295/334/3 765/3349/3
f 770/332/7 773/337/7 771/326/7
f 768/339/7 771/326/7 772/336/7
f 778/397/92 779/330/92 776/309/92
f 775/311/89 776/3307/89 779/310/89
f 778/310/79 774/3307/79 777/311/79
f 782/393/90 781/318/90 774/398/90
f 782/320/88 776/3308/88 775/315/88
f 783/321/2555 308/314/2555 312/315/2555
f 777/316/75 774/3308/75 781/320/75
f 308/412/7 783/340/7 780/338/7
f 782/336/7 314/334/7 307/335/7
f 780/338/7 783/340/7 781/326/7
f 778/339/7 781/326/7 782/336/7
f 788/312/2556 322/313/2556 315/311/2556
f 785/308/2557 787/397/2557 789/391/2557
f 315/311/2558 784/3307/2558 789/310/2558
f 319/311/83 323/313/83 790/312/83
f 787/310/66 785/3307/66 786/311/66
f 324/315/2559 328/314/2559 788/321/2559
f 793/393/2560 787/318/2560 791/398/2560
f 793/320/2561 784/3308/2561 324/315/2561
f 790/321/93 323/314/93 325/315/93
f 792/316/62 791/3308/62 787/320/62
f 791/399/3 792/340/3 786/332/3
f 786/332/3 792/340/3 325/337/3
f 315/329/3 324/334/3 784/346/3
f 798/312/93 335/313/93 329/311/93
f 799/397/2562 800/330/2562 796/309/2562
f 795/311/72 796/3307/72 800/310/72
f 799/310/79 794/3307/79 797/311/79
f 337/315/83 335/314/83 798/321/83
f 800/393/2563 803/318/2563 794/317/2563
f 800/320/69 802/3308/69 337/315/69
f 804/321/2555 336/314/2555 340/315/2555
f 797/316/75 794/3308/75 803/320/75
f 336/412/7 804/340/7 801/338/7
f 795/329/3 337/334/3 802/351/3
f 801/338/7 804/340/7 803/326/7
f 799/339/7 803/326/7 800/3350/7
f 355/312/2564 347/313/2564 342/311/2564
f 807/308/2565 809/397/2565 810/391/2565
f 805/311/2558 806/3307/2558 810/310/2558
f 809/310/79 807/3307/79 808/311/79
f 813/393/2566 812/318/2566 807/398/2566
f 813/320/2561 806/3308/2561 349/315/2561
f 814/321/2555 348/314/2555 353/315/2555
f 808/316/75 807/3308/75 812/320/75
f 348/412/7 814/340/7 811/338/7
f 805/329/3 349/334/3 806/346/3
f 811/338/7 814/340/7 812/326/7
f 809/339/7 812/326/7 813/336/7
f 369/312/2564 362/313/2564 356/311/2564
f 819/397/2567 820/330/2567 817/309/2567
f 816/311/72 817/3307/72 820/310/72
f 819/310/66 815/3307/66 818/311/66
f 820/393/2568 819/318/2568 823/317/2568
f 820/320/69 822/3308/69 364/315/69
f 821/321/2506 363/314/2506 367/315/2506
f 824/316/62 823/3308/62 819/320/62
f 823/326/3 824/340/3 818/332/3
f 818/332/3 824/340/3 367/337/3
f 822/351/3 823/326/3 815/339/3
f 816/329/3 364/334/3 822/351/3
f 382/312/2564 376/313/2564 370/311/2564
f 829/397/2569 830/330/2569 827/309/2569
f 826/311/2570 827/3307/2570 830/310/2570
f 828/311/2571 377/313/2571 831/312/2571
f 829/310/66 825/3307/66 828/311/66
f 834/393/2572 829/318/2572 832/398/2572
f 834/320/2554 827/3308/2554 378/315/2554
f 831/321/2573 383/314/2573 373/315/2573
f 833/316/62 832/3308/62 829/320/62
f 832/399/3 833/340/3 828/332/3
f 828/332/3 833/340/3 373/3351/3
f 826/329/3 378/334/3 827/404/3
f 839/312/2574 390/313/2574 384/311/2574
f 840/397/2562 841/330/2562 836/392/2562
f 835/311/72 836/3307/72 841/310/72
f 838/311/2571 391/313/2571 842/312/2571
f 840/310/2575 837/3307/2575 838/311/2575
f 392/315/2559 395/314/2559 839/321/2559
f 841/393/2576 845/318/2576 837/317/2576
f 841/320/69 843/3308/69 392/315/69
f 842/321/2573 396/314/2573 387/315/2573
f 844/316/2577 837/3308/2577 845/320/2577
f 837/407/3 844/340/3 838/332/3
f 838/332/3 844/340/3 387/3351/3
f 835/329/3 392/334/3 843/351/3
f 840/339/7 845/326/7 841/3350/7
f 850/312/93 404/313/93 397/311/93
f 847/308/2557 849/397/2557 851/391/2557
f 397/311/2570 846/3307/2570 851/310/2570
f 401/311/2578 405/313/2578 852/312/2578
f 849/310/66 847/3307/66 848/311/66
f 406/316/83 404/314/83 850/321/83
f 856/393/2560 849/318/2560 854/317/2560
f 856/320/2554 846/3308/2554 853/316/2554
f 852/321/2579 409/314/2579 855/316/2579
f 855/316/62 854/3308/62 849/320/62
f 854/326/3 855/340/3 848/332/3
f 406/328/3 853/328/3 397/329/3
f 846/3349/3 854/326/3 847/339/3
f 397/329/3 853/328/3 846/3349/3
f 862/312/93 416/313/93 410/311/93
f 859/308/2557 861/397/2557 863/391/2557
f 857/311/2552 858/3307/2552 863/310/2552
f 413/311/83 417/313/83 864/312/83
f 861/310/66 859/3307/66 860/311/66
f 418/315/83 416/314/83 862/321/83
f 867/393/2560 861/318/2560 865/317/2560
f 867/320/2554 858/3308/2554 418/315/2554
f 864/321/93 417/314/93 421/315/93
f 866/316/62 865/3308/62 861/320/62
f 865/326/3 866/340/3 860/332/3
f 860/332/3 866/340/3 421/337/3
f 858/3349/3 865/326/3 859/339/3
f 857/329/95 418/334/95 858/3349/95
f 871/397/2567 872/330/2567 868/392/2567
f 423/311/72 868/3307/72 872/310/72
f 871/310/66 869/3307/66 870/311/66
f 872/393/2568 871/318/2568 874/398/2568
f 872/320/69 875/3308/69 432/315/69
f 873/321/2580 431/314/2580 876/316/2580
f 876/316/62 874/3308/62 871/320/62
f 874/399/3 876/340/3 870/332/3
f 868/395/3 875/336/3 874/399/3
f 423/329/3 432/334/3 875/336/3
f 880/397/2562 881/330/2562 878/309/2562
f 438/311/72 878/3307/72 881/310/72
f 880/310/79 877/3307/79 879/311/79
f 448/315/2581 452/314/2581 446/321/2581
f 881/393/2563 884/318/2563 877/317/2563
f 881/320/69 883/3308/69 448/315/69
f 879/316/75 877/3308/75 884/320/75
f 438/329/3 448/334/3 883/351/3
f 882/338/7 885/337/7 884/326/7
f 880/339/36 884/326/36 881/3350/36
f 467/312/2582 460/313/2582 453/311/2582
f 887/308/2565 889/397/2565 890/391/2565
f 453/311/2558 886/3307/2558 890/310/2558
f 889/310/79 887/3307/79 888/311/79
f 893/393/2566 892/318/2566 887/398/2566
f 893/320/2561 886/3308/2561 462/315/2561
f 894/321/2555 461/314/2555 463/315/2555
f 888/316/75 887/3308/75 892/320/75
f 461/412/7 894/340/7 891/338/7
f 453/329/3 462/334/3 886/346/3
f 891/338/7 894/340/7 892/326/7
f 889/339/7 892/326/7 893/336/7
f 895/308/2500 898/397/2500 899/391/2500
f 468/311/2583 896/3307/2583 899/310/2583
f 898/310/79 895/3307/79 897/311/79
f 477/315/2581 482/314/2581 475/321/2581
f 902/393/2498 901/318/2498 895/317/2498
f 902/320/2584 896/3308/2584 477/315/2584
f 903/321/2555 476/314/2555 479/315/2555
f 897/316/75 895/3308/75 901/320/75
f 476/412/7 903/340/7 900/338/7
f 468/329/22 477/334/22 896/3352/22
f 900/338/7 903/340/7 901/326/7
f 898/339/34 901/326/34 902/336/34
f 908/312/93 489/313/93 483/311/93
f 906/308/2585 915/397/2585 909/391/2585
f 904/311/72 905/3307/72 909/310/72
f 907/311/2586 490/313/2586 910/312/2586
f 915/310/66 906/3307/66 907/311/66
f 491/316/83 489/314/83 908/321/83
f 913/343/2587 909/393/2587 915/409/2587
f 909/320/69 913/3308/69 912/316/69
f 914/316/62 911/3308/62 915/320/62
f 911/399/3 914/340/3 907/332/3
f 491/328/3 912/328/3 904/329/3
f 905/395/3 913/336/3 911/399/3
f 907/332/3 914/340/3 493/337/3
f 904/329/3 912/328/3 913/336/3
f 507/312/2588 501/313/2588 495/311/2588
f 917/308/2585 925/397/2585 919/391/2585
f 495/311/72 916/3307/72 919/310/72
f 925/310/66 917/3307/66 918/311/66
f 923/343/2587 919/393/2587 925/409/2587
f 919/320/69 923/3308/69 922/316/69
f 920/321/2589 508/314/2589 924/316/2589
f 924/316/62 921/3308/62 925/320/62
f 921/399/3 924/340/3 918/332/3
f 503/328/3 922/328/3 495/329/3
f 916/395/3 923/336/3 921/399/3
f 495/329/3 922/328/3 923/336/3
f 930/312/2590 515/313/2590 509/311/2590
f 931/397/2511 932/330/2511 928/309/2511
f 927/311/89 928/3307/89 932/310/89
f 929/311/2571 516/313/2571 933/312/2571
f 931/310/66 926/3307/66 929/311/66
f 936/393/2572 931/318/2572 934/317/2572
f 936/320/88 928/3308/88 927/316/88
f 933/321/2579 521/314/2579 935/316/2579
f 935/316/62 934/3308/62 931/320/62
f 934/326/3 935/340/3 929/332/3
f 936/336/7 520/334/7 930/329/7
f 928/3352/95 934/326/95 926/339/95
f 937/308/2557 940/397/2557 941/391/2557
f 522/311/2570 938/3307/2570 941/310/2570
f 939/311/2586 530/313/2586 942/312/2586
f 940/310/66 937/3307/66 939/311/66
f 945/393/2560 940/318/2560 943/398/2560
f 945/320/2554 938/3308/2554 531/315/2554
f 944/316/62 943/3308/62 940/320/62
f 943/399/3 944/340/3 939/332/3
f 939/332/3 944/340/3 535/337/3
f 522/329/3 531/334/3 938/404/3
f 950/397/2569 951/330/2569 948/309/2569
f 947/311/89 948/3307/89 951/310/89
f 950/310/66 946/3307/66 949/311/66
f 955/393/2572 950/318/2572 953/398/2572
f 955/320/88 948/3308/88 947/315/88
f 952/321/2589 550/314/2589 954/316/2589
f 954/316/62 953/3308/62 950/320/62
f 953/399/3 954/340/3 949/332/3
f 955/336/7 549/334/7 543/335/7
f 960/397/92 961/330/92 958/309/92
f 957/311/89 958/3307/89 961/310/89
f 553/311/2502 558/313/2502 962/312/2502
f 960/310/79 956/3307/79 959/311/79
f 964/393/90 963/318/90 956/398/90
f 964/320/88 958/3308/88 957/316/88
f 959/316/75 956/3308/75 963/320/75
f 964/336/34 564/334/34 557/335/34
f 962/332/7 965/337/7 963/326/7
f 960/339/34 963/326/34 964/336/34
f 971/312/2574 570/313/2574 565/311/2574
f 966/308/2500 970/397/2500 972/391/2500
f 967/311/2583 968/3307/2583 972/310/2583
f 568/311/2502 571/313/2502 973/312/2502
f 970/310/79 966/3307/79 969/311/79
f 572/315/2559 577/314/2559 971/321/2559
f 975/393/2498 974/318/2498 966/317/2498
f 975/320/2584 968/3308/2584 572/315/2584
f 969/316/75 966/3308/75 974/320/75
f 967/329/3 572/334/3 968/3352/3
f 973/332/7 976/337/7 974/326/7
f 970/339/7 974/326/7 975/336/7
f 979/308/2565 981/397/2565 982/391/2565
f 977/311/89 978/3307/89 982/310/89
f 981/310/79 979/3307/79 980/311/79
f 585/316/2503 590/314/2503 985/321/2503
f 986/393/2566 984/318/2566 979/398/2566
f 986/320/2591 978/3308/2591 977/316/2591
f 980/316/75 979/3308/75 984/320/75
f 986/336/36 985/328/36 583/335/36
f 983/338/7 987/337/7 984/326/7
f 981/339/7 984/326/7 986/336/7
f 583/335/7 985/328/7 590/342/7
f 605/312/2582 598/313/2582 591/311/2582
f 991/397/2562 992/330/2562 988/392/2562
f 591/311/72 988/3307/72 992/310/72
f 595/311/2502 599/313/2502 993/312/2502
f 991/310/79 989/3307/79 990/311/79
f 992/393/2592 995/318/2592 989/398/2592
f 992/320/69 994/3308/69 600/315/69
f 990/316/75 989/3308/75 995/320/75
f 988/395/3 994/336/3 989/3353/3
f 591/329/3 600/334/3 994/336/3
f 993/332/36 996/337/36 995/326/36
f 991/339/169 995/326/169 992/3350/169
f 997/308/2500 1001/397/2500 1002/391/2500
f 998/311/89 999/3307/89 1002/310/89
f 609/311/2502 612/313/2502 1003/312/2502
f 1001/310/79 997/3307/79 1000/311/79
f 613/316/2503 618/314/2503 1004/321/2503
f 999/319/2566 1006/393/2566 1005/409/2566
f 1006/320/88 999/3308/88 998/316/88
f 1000/316/75 997/3308/75 1005/320/75
f 1006/336/7 1004/328/7 611/335/7
f 1005/345/34 1006/336/34 1002/395/34
f 1003/332/7 1007/337/7 1005/345/7
f 611/335/7 1004/328/7 618/342/7
f 1012/312/2556 624/313/2556 619/311/2556
f 1008/308/2593 1011/397/2593 1013/391/2593
f 619/311/72 1009/3307/72 1013/310/72
f 1011/310/79 1008/3307/79 1010/311/79
f 626/316/2594 631/314/2594 1012/321/2594
f 1016/319/2595 1013/393/2595 1017/409/2595
f 1013/320/69 1016/3308/69 1015/316/69
f 1010/316/75 1008/3308/75 1017/320/75
f 626/3354/3 1015/328/3 619/329/3
f 619/329/3 1015/328/3 1016/351/3
f 1014/338/7 1018/337/7 1017/345/7
f 1022/312/2556 639/313/2556 632/311/2556
f 1023/397/2596 1024/330/2596 1019/392/2596
f 632/311/72 1019/3307/72 1024/310/72
f 636/311/83 640/313/83 1025/312/83
f 1023/310/2597 1020/3307/2597 1021/311/2597
f 641/315/2559 645/314/2559 1022/321/2559
f 1026/343/2598 1024/393/2598 1028/409/2598
f 1024/320/69 1026/3308/69 641/315/69
f 1025/321/93 640/314/93 1027/316/93
f 1027/316/2599 1020/3308/2599 1028/320/2599
f 1020/3353/3 1027/340/3 1021/332/3
f 1019/395/3 1026/336/3 1020/3353/3
f 632/329/3 641/334/3 1026/336/3
f 1032/397/2562 1033/330/2562 1029/392/2562
f 646/311/72 1029/3307/72 1033/310/72
f 1032/310/79 1030/3307/79 1031/311/79
f 1033/393/2576 1036/318/2576 1030/317/2576
f 1033/320/69 1035/3308/69 656/315/69
f 1031/316/75 1030/3308/75 1036/320/75
f 646/329/3 656/334/3 1035/351/3
f 1034/338/7 1037/337/7 1036/326/7
f 1032/339/7 1036/326/7 1033/3350/7
f 1042/397/2565 1043/330/2565 1040/309/2565
f 1039/311/89 1040/3307/89 1043/310/89
f 1042/310/79 1038/3307/79 1041/311/79
f 1046/393/2498 1045/318/2498 1038/317/2498
f 1046/320/88 1040/3308/88 1039/315/88
f 1041/316/75 1038/3308/75 1045/320/75
f 1046/336/34 674/334/34 668/335/34
f 1044/338/34 1047/337/34 1045/326/34
f 1042/339/106 1045/326/106 1046/336/106
f 1050/308/92 1052/397/92 1053/391/92
f 1048/311/89 1049/3307/89 1053/310/89
f 1051/311/2571 683/313/2571 1054/312/2571
f 1052/310/2575 1050/3307/2575 1051/311/2575
f 1049/319/90 1057/393/90 1056/409/90
f 1057/320/88 1049/3308/88 1048/315/88
f 1054/321/2573 688/314/2573 678/315/2573
f 1055/316/2600 1050/3308/2600 1056/320/2600
f 1050/407/95 1055/340/95 1051/332/95
f 1057/336/7 687/334/7 682/335/7
f 1051/332/3 1055/340/3 678/3351/3
f 1056/345/106 1057/336/106 1053/395/106
f 1062/312/2590 695/313/2590 689/311/2590
f 1063/397/2565 1064/330/2565 1060/309/2565
f 1059/311/89 1060/3307/89 1064/310/89
f 1061/311/2553 696/313/2553 1065/312/2553
f 1063/310/2601 1058/3307/2601 1061/311/2601
f 1060/319/2566 1068/393/2566 1067/409/2566
f 1068/320/88 1060/3308/88 1059/316/88
f 1066/316/2602 1058/3308/2602 1067/320/2602
f 1058/402/3 1066/340/3 1061/332/3
f 1068/336/2603 701/334/2603 1062/329/2603
f 1061/332/3 1066/340/3 700/337/3
f 1067/345/7 1068/336/7 1064/324/7
f 1076/294/2536 1071/3282/2536 1072/302/2536
f 1069/3283/3 1071/3284/3 1074/3285/3
f 1070/302/2535 1069/3286/2535 1074/303/2535
f 1073/3287/7 1075/353/7 1070/354/7
f 1075/353/7 1072/355/7 1070/354/7
s 1
f 1074/356/2537 1076/3288/2538 1075/3289/2539
f 1075/3289/2539 1073/3290/2540 1074/356/2537
s 0
f 1076/3291/3 1074/3285/3 1071/3284/3
s 1
f 1069/3292/118 1070/3293/2604 1071/3294/117
f 1070/3293/2604 1072/358/2541 1071/3294/117
s 0
f 1161/484/180 1162/3358/180 1160/485/180
s 1
f 1176/487/181 1177/525/201 1162/488/182
s 0
f 1165/490/311 1168/528/311 1166/491/311
f 1166/491/203 1168/528/203 1167/490/203
f 1178/838/4 1179/3359/4 1164/3360/4
f 1186/500/2605 1178/499/2605 1164/492/2605
f 1177/501/2606 1175/3361/2606 1160/502/2606
s 1
f 1160/504/189 1175/3362/2607 1174/505/190
s 0
f 1161/507/477 1159/536/477 1174/508/477
f 1173/510/2608 1171/844/2608 1157/511/2608
s 1
f 1157/513/194 1171/537/209 1170/514/195
s 0
f 1390/518/2609 1170/701/2609 1172/519/2609
f 1185/521/199 1184/3363/199 1182/522/199
s 1
f 1176/487/181 1184/3364/2610 1185/524/200
s 0
f 1178/526/3 1186/498/3 1187/497/3
f 1188/490/311 1191/492/311 1189/491/311
f 1191/3365/4 1192/3366/4 1189/870/4
f 1188/490/312 1190/528/312 1192/491/312
f 1187/490/2611 1163/490/2611 1179/499/2611
f 1183/502/2612 1175/3361/2612 1177/501/2612
s 1
f 1174/505/190 1175/3362/2607 1183/534/205
s 0
f 1176/509/481 1174/508/481 1182/536/481
f 1180/511/2613 1171/844/2613 1173/510/2613
s 1
f 1393/515/2614 1170/514/195 1180/538/210
s 0
f 1197/539/211 1198/702/211 1196/540/211
s 1
f 1212/542/212 1213/557/225 1198/543/213
s 0
f 1201/490/202 1203/528/202 1202/491/202
f 1202/870/4 1205/3366/4 1204/3365/4
f 1205/491/312 1203/528/312 1201/490/312
f 1213/501/2606 1211/3361/2606 1196/502/2606
s 1
f 1196/546/219 1211/3367/2607 1210/547/220
s 0
f 1195/536/2615 1210/508/2615 1212/509/2615
f 1209/510/2608 1207/844/2608 1193/511/2608
s 1
f 1193/549/194 1207/563/209 1206/550/195
s 0
f 1395/518/2609 1206/712/2609 1208/552/2609
f 1220/553/199 1219/796/199 1217/554/199
s 1
f 1212/542/212 1219/799/2616 1220/556/224
s 0
f 1222/526/3 1221/498/3 1223/497/3
f 1227/492/358 1225/491/358 1226/528/358
f 1224/490/359 1226/528/359 1225/491/359
f 1223/490/2611 1199/490/2611 1214/492/2611
f 1222/492/2617 1200/492/2617 1221/490/2617
f 1218/502/2612 1211/3361/2612 1213/501/2612
s 1
f 1210/547/220 1211/3367/2607 1218/561/229
s 0
f 1219/507/2618 1212/509/2618 1210/508/2618
f 1215/511/2613 1207/844/2613 1209/510/2613
s 1
f 1398/515/2614 1206/550/195 1215/549/210
s 0
f 1232/564/211 1233/3368/211 1231/565/211
s 1
f 1247/567/232 1248/579/225 1233/568/213
s 0
f 1239/528/348 1238/491/348 1240/492/348
f 1238/491/349 1239/528/349 1237/490/349
f 1249/492/2619 1250/490/2619 1235/490/2619
f 1248/501/2606 1246/3361/2606 1231/502/2606
s 1
f 1231/571/219 1246/3369/2607 1245/505/237
s 0
f 1230/536/2615 1245/508/2615 1247/509/2615
f 1244/510/2608 1242/844/2608 1228/511/2608
s 1
f 1228/549/194 1242/563/240 1241/573/195
s 0
f 1400/518/2609 1241/723/2609 1243/574/2609
f 1256/575/199 1255/3370/199 1253/576/199
s 1
f 1247/567/232 1255/3371/2616 1256/578/224
s 0
f 1261/492/358 1259/491/358 1260/528/358
f 1258/490/359 1260/528/359 1259/491/359
f 1257/492/2620 1236/492/2620 1234/490/2620
f 1254/502/2612 1246/3361/2612 1248/501/2612
s 1
f 1245/505/237 1246/3369/2607 1254/581/239
s 0
f 1255/507/2618 1247/509/2618 1245/508/2618
f 1251/511/2613 1242/844/2613 1244/510/2613
s 1
f 1403/515/2614 1241/573/195 1251/583/241
s 0
f 1266/584/211 1267/3372/211 1265/585/211
s 1
f 1279/587/242 1280/597/251 1267/588/182
s 0
f 1281/526/7 1282/527/7 1268/745/7
f 1271/528/348 1270/491/348 1272/492/348
f 1270/491/349 1271/528/349 1269/490/349
f 1282/590/2621 1283/490/2621 1268/490/2621
f 1283/495/8 1290/494/8 1268/3373/8
f 1280/501/2606 1278/3361/2606 1265/502/2606
s 1
f 1265/591/245 1278/3374/2622 1277/592/246
s 0
f 1266/507/477 1264/536/477 1277/508/477
f 1276/510/2608 1274/844/2608 1262/511/2608
s 1
f 1262/513/248 1274/599/253 1273/550/249
s 0
f 1289/594/199 1288/584/199 1286/595/199
s 1
f 1279/587/242 1288/589/2616 1289/596/224
s 0
f 1291/793/3 1290/498/3 1283/497/3
f 1295/492/358 1293/491/358 1294/528/358
f 1292/490/359 1294/528/359 1293/491/359
f 1291/3360/4 1282/760/4 1281/904/4
f 1291/492/2623 1281/590/2623 1290/490/2623
f 1287/502/319 1278/3361/319 1280/501/319
s 1
f 1277/592/246 1278/3374/2622 1287/571/229
s 0
f 1288/507/2624 1279/509/2624 1277/508/2624
f 1284/511/2613 1274/844/2613 1276/510/2613
s 1
f 1408/3375/2625 1273/550/249 1284/583/254
s 0
f 1408/516/2626 1407/517/2626 1273/550/2626
f 1275/600/2627 1273/712/2627 1407/518/2627
f 1300/601/180 1301/3376/180 1299/602/180
s 1
f 1314/604/256 1315/615/251 1301/605/182
s 0
f 1303/526/7 1317/527/7 1302/745/7
f 1306/528/348 1305/491/348 1307/492/348
f 1305/491/349 1306/528/349 1304/490/349
f 1317/492/2621 1318/490/2621 1302/490/2621
f 1325/490/2628 1316/492/2628 1303/492/2628
f 1318/495/8 1325/494/8 1302/3373/8
f 1315/501/2629 1313/3361/2629 1299/502/2629
s 1
f 1299/607/245 1313/3377/2622 1312/608/246
s 0
f 1300/507/2630 1298/536/2630 1312/508/2630
f 1311/510/2608 1309/844/2608 1296/511/2608
s 1
f 1296/610/248 1309/617/261 1308/550/249
s 0
f 1324/3378/199 1323/611/199 1322/613/199
s 1
f 1314/604/256 1323/753/2616 1324/614/224
s 0
f 1316/570/3 1325/498/3 1318/497/3
f 1329/492/358 1327/491/358 1328/528/358
f 1326/490/359 1328/528/359 1327/491/359
f 1322/502/2612 1313/3361/2612 1315/501/2612
s 1
f 1312/608/246 1313/3377/2622 1322/616/229
s 0
f 1323/507/2624 1314/509/2624 1312/508/2624
f 1319/511/2613 1309/844/2613 1311/510/2613
s 1
f 1413/3375/2625 1308/550/249 1319/618/262
s 0
f 1413/516/2626 1412/517/2626 1308/550/2626
f 1310/600/2627 1308/712/2627 1412/518/2627
f 1334/619/180 1335/702/180 1333/620/180
s 1
f 1347/622/242 1348/636/251 1335/543/182
s 0
f 1349/526/7 1350/527/7 1336/580/7
f 1339/528/348 1338/491/348 1340/492/348
f 1338/491/349 1339/528/349 1337/490/349
f 1348/501/2606 1346/3361/2606 1333/502/2606
s 1
f 1333/625/245 1346/3379/2622 1345/626/246
s 0
f 1334/507/2630 1332/536/2630 1345/508/2630
f 1344/510/2608 1342/844/2608 1330/511/2608
s 1
f 1330/628/194 1342/563/209 1341/629/195
s 0
f 1415/518/2631 1341/772/2631 1343/631/2631
f 1356/632/258 1355/3380/258 1353/633/258
s 1
f 1347/622/242 1355/3381/2616 1356/635/224
s 0
f 1359/793/3 1357/498/3 1358/497/3
f 1363/492/358 1361/491/358 1362/528/358
f 1360/490/359 1362/528/359 1361/491/359
f 1358/490/2632 1336/490/2632 1350/590/2632
f 1359/3360/4 1350/760/4 1349/904/4
f 1359/492/2623 1349/590/2623 1357/624/2623
f 1354/502/2612 1346/3361/2612 1348/501/2612
s 1
f 1345/626/246 1346/3379/2622 1354/639/239
s 0
f 1355/507/2624 1347/509/2624 1345/508/2624
f 1351/511/2613 1342/844/2613 1344/510/2613
s 1
f 1418/3382/2614 1341/629/195 1351/641/210
s 0
f 1364/511/2633 1421/849/2633 1365/642/2633
f 1367/3383/2634 1422/3384/2634 1368/1157/2634
f 1653/3385/2635 1366/3386/2635 1654/3387/2635
f 1365/642/2636 1421/849/2636 1367/511/2636
f 1370/3388/2637 1657/3389/2637 1369/3390/2637
f 1369/511/2633 1423/849/2633 1371/642/2633
f 1371/642/2636 1423/849/2636 1372/511/2636
f 1373/511/2638 1427/849/2638 1374/642/2638
f 1376/3391/2634 1429/3392/2634 1377/1157/2634
f 1665/3393/2635 1375/3394/2635 1428/3395/2635
f 1374/642/2639 1427/849/2639 1376/511/2639
f 1378/511/2640 1432/849/2640 1435/642/2640
f 1435/642/2641 1432/849/2641 1380/511/2641
f 1381/511/2642 1438/849/2642 1384/660/2642
f 1383/3396/2643 1439/3397/2643 1384/3398/2643
f 1384/660/2644 1438/849/2644 1383/511/2644
f 1385/511/2645 1441/849/2645 1386/642/2645
f 1388/3390/2634 1442/3399/2634 1389/956/2634
f 1386/642/2636 1441/849/2636 1388/511/2636
f 1389/662/2646 1679/661/2646 1386/784/2646
f 1437/782/2647 1436/672/2647 1384/3400/2647
f 1431/778/2648 1430/677/2648 1435/780/2648
f 1377/644/2649 1664/652/2649 1374/776/2649
f 1425/683/2650 1658/3401/2650 1371/646/2650
f 1368/644/2646 1652/643/2646 1365/773/2646
s 1
f 1344/3402/2651 1343/822/2652 1352/3403/2653
f 1343/822/2652 1419/3382/2654 1352/3403/2653
s 0
f 1352/3404/2655 1419/3405/2655 1418/3406/2655
f 1352/3404/2656 1418/3406/2656 1351/3407/2656
s 1
f 1417/630/2657 1343/822/2652 1331/3408/2658
f 1343/822/2652 1344/3402/2651 1331/3408/2658
s 0
f 1330/3409/2659 1416/3406/2659 1417/3405/2659
f 1330/3409/2660 1417/3405/2660 1331/3410/2660
s 1
f 1311/3411/2661 1310/749/2662 1320/3412/2663
f 1310/749/2662 1414/3375/2664 1320/3412/2663
s 0
f 1320/3413/2665 1414/3405/2665 1413/3406/2665
f 1320/3413/2656 1413/3406/2656 1319/3414/2656
s 1
f 1411/551/2666 1310/749/2662 1297/3415/2667
f 1310/749/2662 1311/3411/2661 1297/3415/2667
s 0
f 1296/3416/2668 1410/3406/2668 1411/3405/2668
f 1296/3416/2669 1411/3405/2669 1297/3417/2669
s 1
f 1276/3411/2661 1275/731/2662 1285/3418/2663
f 1275/731/2662 1409/3375/2664 1285/3418/2663
s 0
f 1285/3419/2665 1409/3405/2665 1408/3406/2665
f 1285/3419/2656 1408/3406/2656 1284/3420/2656
s 1
f 1406/551/2666 1275/731/2662 1263/3421/2667
f 1275/731/2662 1276/3411/2661 1263/3421/2667
s 0
f 1262/3422/2668 1405/3406/2668 1406/3405/2668
f 1262/3422/2670 1406/3405/2670 1263/3423/2670
s 1
f 1244/3411/2651 1243/3424/2652 1252/3425/2653
f 1243/3424/2652 1404/515/2654 1252/3425/2653
s 0
f 1252/3426/2671 1404/3405/2671 1403/3406/2671
f 1252/3426/2656 1403/3406/2656 1251/3420/2656
s 1
f 1402/551/2657 1243/3424/2652 1229/3427/2658
f 1243/3424/2652 1244/3411/2651 1229/3427/2658
s 0
f 1228/3428/2659 1401/3406/2659 1402/3405/2659
f 1228/3428/2660 1402/3405/2660 1229/3429/2660
s 1
f 1209/3411/2672 1208/3430/2652 1216/3431/2673
f 1208/3430/2652 1399/515/2654 1216/3431/2673
s 0
f 1216/3432/2671 1399/3405/2671 1398/3406/2671
f 1216/3432/2656 1398/3406/2656 1215/3428/2656
s 1
f 1397/551/2657 1208/3430/2652 1194/3427/2658
f 1208/3430/2652 1209/3411/2672 1194/3427/2658
s 0
f 1193/3428/2659 1396/3406/2659 1397/3405/2659
f 1193/3428/2660 1397/3405/2660 1194/3429/2660
s 1
f 1173/3433/2651 1172/3434/2652 1181/3435/2653
f 1172/3434/2652 1394/515/2654 1181/3435/2653
s 0
f 1181/3436/2671 1394/3405/2671 1393/3406/2671
f 1181/3436/2656 1393/3406/2656 1180/3437/2656
s 1
f 1392/515/2657 1172/3434/2652 1158/3421/2658
f 1172/3434/2652 1173/3433/2651 1158/3421/2658
s 0
f 1157/3422/2659 1391/3406/2659 1392/3405/2659
f 1157/3422/2660 1392/3405/2660 1158/3423/2660
f 1448/687/307 1447/484/307 1445/688/307
s 1
f 1461/689/308 1447/489/2674 1448/690/309
s 0
f 1450/490/202 1454/492/202 1451/491/202
f 1452/490/203 1453/528/203 1451/491/203
f 1454/496/7 1450/498/7 1452/497/7
f 1449/3360/8 1464/3359/8 1463/838/8
f 1449/492/2605 1463/499/2605 1472/500/2605
f 1446/502/2675 1460/3361/2675 1462/501/2675
s 1
f 1459/505/316 1460/3362/2676 1446/504/317
s 0
f 1447/507/2677 1461/509/2677 1459/508/2677
f 1443/511/2678 1456/844/2678 1458/510/2678
s 1
f 1391/515/2679 1455/693/321 1443/583/323
s 0
f 1391/516/2680 1390/517/2680 1455/693/2680
f 1457/642/2681 1455/849/2681 1390/518/2681
f 1470/695/362 1471/521/362 1469/696/362
s 1
f 1461/689/308 1462/525/310 1471/524/326
s 0
f 1463/526/3 1464/527/3 1473/497/3
f 1474/490/184 1476/528/184 1475/491/184
f 1475/870/8 1478/3366/8 1477/3365/8
f 1478/491/185 1476/528/185 1474/490/185
f 1464/499/2611 1465/490/2611 1473/490/2611
f 1462/501/2682 1460/3361/2682 1469/502/2682
s 1
f 1469/699/329 1460/3362/2676 1459/505/316
s 0
f 1468/536/2683 1459/508/2683 1461/509/2683
f 1394/516/2684 1172/3434/2684 1457/847/2684
f 1458/510/2685 1456/844/2685 1466/511/2685
s 1
f 1455/693/321 1393/515/2686 1466/583/333
s 0
f 1170/701/2687 1455/849/2687 1457/642/2687
f 1484/702/355 1483/3438/355 1481/703/355
s 1
f 1497/542/336 1483/598/2688 1484/543/337
s 0
f 1486/490/215 1489/492/215 1487/491/215
f 1489/3365/8 1490/3366/8 1487/870/8
f 1486/490/185 1488/528/185 1490/491/185
f 1485/492/2689 1509/492/2689 1507/490/2689
f 1482/502/2675 1496/3361/2675 1498/501/2675
s 1
f 1495/704/340 1496/3367/2690 1482/546/341
s 0
f 1497/509/2691 1495/508/2691 1481/536/2691
f 1479/511/2678 1492/844/2678 1494/510/2678
s 1
f 1396/551/2679 1491/706/344 1479/583/323
s 0
f 1396/516/2692 1395/517/2692 1491/706/2692
f 1493/642/2681 1491/849/2681 1395/518/2681
f 1505/707/362 1506/3439/362 1504/555/362
s 1
f 1497/542/336 1498/557/338 1506/709/346
s 0
f 1512/528/234 1511/491/234 1513/492/234
f 1511/491/235 1512/528/235 1510/490/235
f 1499/492/2693 1500/490/2693 1508/490/2693
f 1498/501/2682 1496/3361/2682 1504/502/2682
s 1
f 1504/561/351 1496/3367/2690 1495/704/340
s 0
f 1505/507/2629 1503/536/2629 1495/508/2629
f 1399/516/2684 1208/3430/2684 1493/3440/2684
f 1494/510/2685 1492/844/2685 1501/511/2685
s 1
f 1491/706/344 1398/515/2686 1501/549/333
s 0
f 1206/712/2687 1491/849/2687 1493/642/2687
f 1519/713/307 1518/3370/307 1516/714/307
s 1
f 1533/715/356 1518/3371/2674 1519/716/309
s 0
f 1521/526/7 1520/498/7 1522/497/7
f 1526/492/226 1524/491/226 1525/528/226
f 1523/490/227 1525/528/227 1524/491/227
f 1522/490/2694 1542/490/2694 1535/492/2694
f 1521/492/2695 1543/492/2695 1520/490/2695
f 1517/502/2675 1532/3361/2675 1534/501/2675
s 1
f 1531/718/360 1532/3441/2696 1517/571/317
s 0
f 1518/507/2697 1533/509/2697 1531/508/2697
f 1514/511/2678 1528/844/2678 1530/510/2678
s 1
f 1401/551/2679 1527/720/344 1514/583/323
s 0
f 1401/516/2692 1400/517/2692 1527/720/2692
f 1529/642/2681 1527/849/2681 1400/518/2681
f 1540/721/325 1541/594/325 1539/523/325
s 1
f 1533/715/356 1534/717/357 1541/596/346
s 0
f 1546/528/234 1545/491/234 1547/492/234
f 1545/491/235 1546/528/235 1544/490/235
f 1534/501/2682 1532/3361/2682 1539/502/2682
s 1
f 1539/534/366 1532/3441/2696 1531/718/360
s 0
f 1540/507/2698 1538/536/2698 1531/508/2698
f 1404/516/2684 1243/3424/2684 1529/3442/2684
f 1530/510/2685 1528/844/2685 1536/511/2685
s 1
f 1527/720/344 1403/515/2686 1536/583/333
s 0
f 1241/723/2699 1527/849/2699 1529/642/2699
f 1553/724/307 1552/3443/307 1550/725/307
s 1
f 1565/715/356 1552/3444/2674 1553/727/309
s 0
f 1567/526/7 1554/498/7 1569/497/7
f 1558/492/226 1556/491/226 1557/528/226
f 1555/490/227 1557/528/227 1556/491/227
f 1551/502/2675 1564/3361/2675 1566/501/2675
s 1
f 1563/592/360 1564/3374/2696 1551/728/368
s 0
f 1552/507/2697 1565/509/2697 1563/508/2697
f 1548/511/2678 1560/844/2678 1562/510/2678
s 1
f 1405/551/2679 1559/732/344 1548/513/323
s 0
f 1405/516/2700 1273/550/2700 1559/732/2700
f 1561/642/2701 1559/849/2701 1273/712/2701
f 1574/734/2702 1575/724/2702 1573/735/2702
s 1
f 1565/715/356 1566/717/357 1575/727/346
s 0
f 1580/528/234 1579/491/234 1581/492/234
f 1579/491/235 1580/528/235 1578/490/235
f 1568/590/2703 1569/795/2703 1576/490/2703
f 1567/904/8 1568/760/8 1577/3360/8
f 1554/738/2704 1567/590/2704 1577/492/2704
f 1569/937/4 1554/894/4 1576/3373/4
f 1566/501/2682 1564/3361/2682 1573/502/2682
s 1
f 1573/739/351 1564/3374/2696 1563/592/360
s 0
f 1574/507/2698 1572/536/2698 1563/508/2698
f 1562/510/2685 1560/844/2685 1570/511/2685
s 1
f 1559/732/344 1408/3375/2686 1570/583/333
s 0
f 1407/518/2705 1559/849/2705 1561/642/2705
f 1587/741/355 1586/3445/355 1584/742/355
s 1
f 1600/604/356 1586/3446/2674 1587/744/309
s 0
f 1593/492/226 1591/491/226 1592/528/226
f 1590/490/227 1592/528/227 1591/491/227
f 1588/490/2706 1603/490/2706 1602/492/2706
f 1589/492/2689 1611/492/2689 1610/490/2689
f 1588/3373/4 1610/494/4 1603/495/4
f 1585/502/231 1599/3361/231 1601/501/231
s 1
f 1598/608/360 1599/3377/2696 1585/746/368
s 0
f 1586/507/2697 1600/509/2697 1598/508/2697
f 1582/511/2678 1595/844/2678 1597/510/2678
s 1
f 1410/551/2707 1594/750/377 1582/751/323
s 0
f 1410/516/2700 1308/550/2700 1594/750/2700
f 1596/642/2701 1594/849/2701 1308/712/2701
f 1608/611/362 1609/3447/362 1607/613/362
s 1
f 1600/604/356 1601/615/357 1609/752/346
s 0
f 1614/528/234 1613/491/234 1615/492/234
f 1613/491/235 1614/528/235 1612/490/235
f 1601/501/2682 1599/3361/2682 1607/502/2682
s 1
f 1607/616/351 1599/3377/2696 1598/608/360
s 0
f 1608/507/2629 1606/536/2629 1598/508/2629
f 1597/510/2685 1595/844/2685 1604/511/2685
s 1
f 1594/750/377 1413/3375/2686 1604/755/333
s 0
f 1412/518/2705 1594/849/2705 1596/642/2705
f 1621/756/355 1620/3380/355 1618/757/355
s 1
f 1634/622/356 1620/3381/2674 1621/758/309
s 0
f 1623/526/7 1622/498/7 1637/497/7
f 1627/492/226 1625/491/226 1626/528/226
f 1624/490/227 1626/528/227 1625/491/227
f 1623/492/2695 1645/768/2695 1622/738/2695
f 1619/502/2675 1633/3361/2675 1635/501/2675
s 1
f 1632/762/360 1633/3374/2696 1619/625/368
s 0
f 1620/507/2697 1634/509/2697 1632/508/2697
f 1616/511/2708 1629/844/2708 1631/510/2708
s 1
f 1416/630/2679 1628/764/321 1616/765/323
s 0
f 1416/516/2692 1415/517/2692 1628/764/2692
f 1630/642/2681 1628/849/2681 1415/518/2681
f 1642/3448/362 1643/3449/362 1641/797/362
f 1642/3448/325 1641/797/325 1640/798/325
s 1
f 1634/622/356 1635/759/378 1643/766/346
s 0
f 1648/528/234 1647/491/234 1649/492/234
f 1647/491/235 1648/528/235 1646/490/235
f 1636/590/2703 1637/795/2703 1644/490/2703
f 1637/937/4 1622/894/4 1644/3373/4
f 1635/501/2682 1633/3361/2682 1641/502/2682
s 1
f 1641/769/366 1633/3374/2696 1632/762/360
s 0
f 1642/507/2629 1640/536/2629 1632/508/2629
f 1419/516/2684 1343/822/2684 1630/821/2684
f 1631/510/2685 1629/844/2685 1638/511/2685
s 1
f 1628/764/321 1418/3382/2709 1638/771/333
s 0
f 1341/772/2687 1628/849/2687 1630/642/2687
f 1650/3383/2710 1420/3450/2710 1651/3451/2710
f 1366/3386/2711 1653/3385/2711 1654/3387/2711
f 1652/642/2712 1421/849/2712 1650/511/2712
f 1655/511/2713 1421/849/2713 1652/642/2713
f 1658/775/2714 1423/849/2714 1656/511/2714
f 1658/1063/2715 1425/3452/2715 1661/3390/2715
f 1661/511/2716 1423/849/2716 1658/775/2716
f 1662/3453/2717 1426/3454/2717 1663/1217/2717
f 1375/3394/2711 1665/3393/2711 1428/3395/2711
f 1664/642/2718 1427/849/2718 1662/511/2718
f 1666/511/2719 1427/849/2719 1664/642/2719
f 1667/3455/2720 1430/3456/2720 1668/3457/2720
f 1431/642/2721 1432/849/2721 1667/511/2721
f 1671/3458/2722 1434/3459/2722 1670/3391/2722
f 1670/511/2723 1432/849/2723 1431/642/2723
f 1672/3460/2710 1436/3461/2710 1673/3462/2710
f 1437/642/2721 1438/849/2721 1672/511/2721
f 1676/511/2723 1438/849/2723 1437/642/2723
f 1677/3463/2710 1440/3464/2710 1678/3457/2710
f 1679/642/2724 1441/849/2724 1677/511/2724
f 1682/511/2725 1441/849/2725 1679/642/2725
f 1678/779/2726 1386/784/2726 1679/661/2726
f 1384/3400/2727 1439/670/2727 1437/782/2727
f 1435/780/2728 1671/781/2728 1431/778/2728
f 1663/777/2729 1374/776/2729 1664/652/2729
f 1657/647/2730 1371/646/2730 1658/3401/2730
f 1651/774/2726 1365/773/2726 1652/643/2726
s 1
f 1419/3382/2731 1630/821/2732 1639/3465/2733
f 1630/821/2732 1631/3402/2734 1639/3465/2733
s 0
f 1638/3466/2735 1418/3406/2735 1419/3405/2735
f 1638/3466/2736 1419/3405/2736 1639/3467/2736
s 1
f 1631/3402/2734 1630/821/2732 1617/3468/2737
f 1630/821/2732 1417/630/2738 1617/3468/2737
s 0
f 1617/3469/2739 1417/3405/2739 1416/3406/2739
f 1617/3469/2740 1416/3406/2740 1616/3470/2740
s 1
f 1414/3375/2741 1596/748/2742 1605/3471/2743
f 1596/748/2742 1597/3411/2734 1605/3471/2743
s 0
f 1604/3472/2744 1413/3406/2744 1414/3405/2744
f 1604/3472/2745 1414/3405/2745 1605/3473/2745
s 1
f 1597/3411/2734 1596/748/2742 1583/3415/2746
f 1596/748/2742 1411/551/2747 1583/3415/2746
s 0
f 1583/3474/2748 1411/3405/2748 1410/3406/2748
f 1583/3474/2740 1410/3406/2740 1582/3475/2740
s 1
f 1409/3375/2741 1561/730/2742 1571/3418/2743
f 1561/730/2742 1562/3411/2734 1571/3418/2743
s 0
f 1570/3420/2744 1408/3406/2744 1409/3405/2744
f 1570/3420/2749 1409/3405/2749 1571/3419/2749
s 1
f 1562/3411/2734 1561/730/2742 1549/3435/2746
f 1561/730/2742 1406/551/2750 1549/3435/2746
s 0
f 1549/3436/2748 1406/3405/2748 1405/3406/2748
f 1549/3436/2740 1405/3406/2740 1548/3422/2740
s 1
f 1404/515/2731 1529/3442/2751 1537/3425/2733
f 1529/3442/2751 1530/3411/2734 1537/3425/2733
s 0
f 1536/3420/2752 1403/3406/2752 1404/3405/2752
f 1536/3420/2753 1404/3405/2753 1537/3426/2753
s 1
f 1530/3411/2734 1529/3442/2751 1515/3421/2737
f 1529/3442/2751 1402/551/2738 1515/3421/2737
s 0
f 1515/3423/2739 1402/3405/2739 1401/3406/2739
f 1515/3423/2740 1401/3406/2740 1514/3420/2740
s 1
f 1399/515/2731 1493/3440/2751 1502/3403/2733
f 1493/3440/2751 1494/3411/2734 1502/3403/2733
s 0
f 1501/3428/2752 1398/3406/2752 1399/3405/2752
f 1501/3428/2736 1399/3405/2736 1502/3404/2736
s 1
f 1494/3411/2734 1493/3440/2751 1480/3421/2737
f 1493/3440/2751 1397/551/2738 1480/3421/2737
s 0
f 1480/3423/2739 1397/3405/2739 1396/3406/2739
f 1480/3423/2740 1396/3406/2740 1479/3420/2740
s 1
f 1394/515/2731 1457/847/2732 1467/3435/2733
f 1457/847/2732 1458/3476/2734 1467/3435/2733
s 0
f 1466/3420/2735 1393/3406/2735 1394/3405/2735
f 1466/3420/2736 1394/3405/2736 1467/3436/2736
s 1
f 1458/3476/2734 1457/847/2732 1444/3421/2737
f 1457/847/2732 1392/515/2738 1444/3421/2737
s 0
f 1444/3423/2739 1392/3405/2739 1391/3406/2739
f 1444/3423/2740 1391/3406/2740 1443/3420/2740
f 1688/687/180 1687/484/180 1685/688/180
s 1
f 1701/787/417 1687/489/2754 1688/690/418
s 0
f 1690/490/185 1694/492/185 1691/491/185
f 1692/490/311 1693/528/311 1691/491/311
f 1694/496/7 1690/498/7 1692/497/7
f 1689/3360/4 1704/3359/4 1703/838/4
f 1689/492/2755 1703/499/2755 1712/500/2755
f 1686/502/2756 1700/3361/2756 1702/501/2756
s 1
f 1699/788/423 1700/3362/2757 1686/504/424
s 0
f 1687/507/2758 1701/509/2758 1699/508/2758
f 1683/511/2759 1696/844/2759 1698/510/2759
s 1
f 1923/515/2760 1695/693/428 1683/583/430
s 0
f 1923/516/2761 1922/517/2761 1695/693/2761
f 1697/642/2762 1695/849/2762 1922/518/2762
f 1710/721/258 1711/521/258 1709/696/258
s 1
f 1701/787/417 1702/525/419 1711/524/432
s 0
f 1703/526/3 1704/527/3 1713/497/3
f 1714/490/216 1717/528/216 1715/491/216
f 1715/491/215 1717/528/215 1716/490/215
f 1704/499/2617 1705/490/2617 1713/490/2617
f 1702/501/2763 1700/3361/2763 1709/502/2763
s 1
f 1709/699/435 1700/3362/2757 1699/788/423
s 0
f 1710/507/207 1708/536/207 1699/508/207
f 1926/516/2764 1986/3434/2764 1697/847/2764
f 1698/510/2765 1696/844/2765 1706/511/2765
s 1
f 1695/693/428 1925/515/2766 1706/583/439
s 0
f 1984/701/2767 1695/849/2767 1697/642/2767
f 1724/702/211 1723/3477/211 1721/595/211
s 1
f 1737/547/442 1723/3478/2754 1724/543/443
s 0
f 1726/490/185 1730/492/185 1727/491/185
f 1728/490/311 1729/528/311 1727/491/311
f 1730/496/7 1726/498/7 1728/497/7
f 1725/492/2768 1749/492/2768 1747/490/2768
f 1722/502/2756 1736/3361/2756 1738/501/2756
s 1
f 1735/704/446 1736/3367/2769 1722/546/424
s 0
f 1723/507/2615 1737/509/2615 1735/508/2615
f 1719/511/2759 1732/844/2759 1734/510/2759
s 1
f 1927/551/2760 1731/706/447 1719/583/430
s 0
f 1927/516/2770 2019/550/2770 1731/706/2770
f 1733/642/2771 1731/849/2771 2019/712/2771
f 1745/789/199 1746/3439/199 1744/555/199
s 1
f 1737/547/442 1738/557/444 1746/709/449
s 0
f 1752/528/235 1751/491/235 1753/492/235
f 1751/491/234 1752/528/234 1750/490/234
f 1739/492/2772 1740/490/2772 1748/490/2772
f 1738/501/2763 1736/3361/2763 1744/502/2763
s 1
f 1744/561/452 1736/3367/2769 1735/704/446
s 0
f 1743/536/2618 1735/508/2618 1737/509/2618
f 1930/516/2764 2021/3430/2764 1733/3440/2764
f 1734/510/2765 1732/844/2765 1741/511/2765
s 1
f 1731/706/447 1929/515/2773 1741/549/454
s 0
f 1929/518/2774 1731/849/2774 1733/642/2774
f 1759/713/180 1758/3370/180 1756/714/180
s 1
f 1773/715/456 1758/3371/2754 1759/716/418
s 0
f 1762/793/7 1760/498/7 1761/497/7
f 1766/492/227 1764/491/227 1765/528/227
f 1763/490/226 1765/528/226 1764/491/226
f 1761/490/2689 1783/490/2689 1776/492/2689
f 1762/3360/4 1776/558/4 1775/560/4
f 1762/492/2706 1775/492/2706 1760/490/2706
f 1757/502/2756 1772/3361/2756 1774/501/2756
s 1
f 1771/718/457 1772/3441/2757 1757/571/424
s 0
f 1758/507/2758 1773/509/2758 1771/508/2758
f 1754/511/2759 1768/844/2759 1770/510/2759
s 1
f 1932/551/2760 1767/720/428 1754/583/430
s 0
f 1932/516/2775 1931/517/2775 1767/720/2775
f 1769/642/2762 1767/849/2762 1931/518/2762
f 1781/721/258 1782/594/258 1780/523/258
s 1
f 1773/715/456 1774/717/419 1782/596/432
s 0
f 1775/526/3 1776/527/3 1783/580/3
f 1786/528/235 1785/491/235 1787/492/235
f 1785/491/234 1786/528/234 1784/490/234
f 1774/501/2763 1772/3361/2763 1780/502/2763
s 1
f 1780/534/461 1772/3441/2757 1771/718/457
s 0
f 1781/507/207 1779/536/207 1771/508/207
f 1935/516/2764 2057/3424/2764 1769/3442/2764
f 1770/510/2765 1768/844/2765 1777/511/2765
s 1
f 1767/720/428 1934/515/2766 1777/583/439
s 0
f 2055/723/2776 1767/849/2776 1769/642/2776
f 1793/724/180 1792/3443/180 1790/725/180
s 1
f 1805/715/456 1792/3444/2754 1793/727/418
s 0
f 1798/492/227 1796/491/227 1797/528/227
f 1795/490/226 1797/528/226 1796/491/226
f 1794/490/2777 1809/490/2777 1808/590/2777
f 1794/3373/8 1816/494/8 1809/495/8
f 1791/502/2756 1804/3361/2756 1806/501/2756
s 1
f 1803/592/457 1804/3374/2757 1791/728/464
s 0
f 1792/507/2758 1805/509/2758 1803/508/2758
f 1788/511/2759 1800/844/2759 1802/510/2759
s 1
f 1936/551/2760 1799/732/428 1788/513/430
s 0
f 1936/516/2778 2087/550/2778 1799/732/2778
f 1801/642/2779 1799/849/2779 2087/712/2779
f 1814/734/2780 1815/724/2780 1813/735/2780
s 1
f 1805/715/456 1806/717/419 1815/727/432
s 0
f 1820/528/235 1819/491/235 1821/492/235
f 1819/491/234 1820/528/234 1818/490/234
f 1807/904/4 1808/760/4 1817/3360/4
f 1816/490/2781 1807/590/2781 1817/492/2781
f 1806/501/2763 1804/3361/2763 1813/502/2763
s 1
f 1813/739/435 1804/3374/2757 1803/592/457
s 0
f 1814/507/207 1812/536/207 1803/508/207
f 1802/510/2765 1800/844/2765 1810/511/2765
s 1
f 1799/732/428 1939/3375/2766 1810/583/439
s 0
f 1938/518/2782 1799/849/2782 1801/642/2782
f 1827/741/211 1826/3445/211 1824/742/211
s 1
f 1840/604/456 1826/3446/2754 1827/744/418
s 0
f 1833/492/227 1831/491/227 1832/528/227
f 1830/490/226 1832/528/226 1831/491/226
f 1828/490/2777 1843/490/2777 1842/492/2777
f 1829/492/2768 1851/492/2768 1850/490/2768
f 1828/3373/8 1850/494/8 1843/495/8
f 1825/502/331 1839/3361/331 1841/501/331
s 1
f 1838/608/457 1839/3377/2757 1825/746/464
s 0
f 1826/507/2758 1840/509/2758 1838/508/2758
f 1822/511/2759 1835/844/2759 1837/510/2759
s 1
f 1941/551/2760 1834/750/428 1822/751/430
s 0
f 1941/516/2778 2122/550/2778 1834/750/2778
f 1836/642/2779 1834/849/2779 2122/712/2779
f 1848/611/199 1849/3447/199 1847/613/199
s 1
f 1840/604/456 1841/615/419 1849/752/432
s 0
f 1854/528/235 1853/491/235 1855/492/235
f 1853/491/234 1854/528/234 1852/490/234
f 1841/501/2763 1839/3361/2763 1847/502/2763
s 1
f 1847/616/435 1839/3377/2757 1838/608/457
s 0
f 1848/507/2783 1846/536/2783 1838/508/2783
f 1837/510/2765 1835/844/2765 1844/511/2765
s 1
f 1834/750/428 1944/3375/2784 1844/755/439
s 0
f 1943/518/2782 1834/849/2782 1836/642/2782
f 1861/756/180 1860/3479/180 1858/794/180
s 1
f 1873/542/471 1860/814/2785 1861/758/472
s 0
f 1875/570/7 1862/498/7 1877/497/7
f 1866/492/227 1864/491/227 1865/528/227
f 1863/490/226 1865/528/226 1864/491/226
f 1859/502/2756 1872/3361/2756 1874/501/2756
s 1
f 1871/547/474 1872/3374/2786 1859/625/475
s 0
f 1873/509/2787 1871/508/2787 1858/536/2787
f 1856/511/2788 1868/844/2788 1870/510/2788
s 1
f 1947/630/2760 1867/764/478 1856/765/430
s 0
f 1947/516/2775 1946/517/2775 1867/764/2775
f 1869/631/2789 1867/849/2789 1946/518/2789
f 1882/796/199 1883/3449/199 1881/797/199
s 1
f 1873/542/471 1874/759/473 1883/766/432
s 0
f 1885/526/3 1876/527/3 1884/745/3
f 1888/528/235 1887/491/235 1889/492/235
f 1887/491/234 1888/528/234 1886/490/234
f 1876/768/2790 1877/795/2790 1884/490/2790
f 1862/738/2693 1875/492/2693 1885/492/2693
f 1877/937/8 1862/894/8 1884/3373/8
f 1874/501/2763 1872/3361/2763 1881/502/2763
s 1
f 1881/769/461 1872/3374/2786 1871/547/474
s 0
f 1882/507/2783 1880/536/2783 1871/508/2783
f 1870/510/2765 1868/844/2765 1878/511/2765
s 1
f 1867/764/478 1949/3382/2784 1878/771/439
s 0
f 2155/772/2791 1867/849/2791 1869/631/2791
f 1890/3383/2792 1951/3450/2792 1891/3451/2792
f 2180/3386/2793 1893/3385/2793 1894/3387/2793
f 1892/642/2794 1952/849/2794 1890/511/2794
f 1895/511/2795 1952/849/2795 1892/642/2795
f 1898/775/2796 1954/849/2796 1896/511/2796
f 1898/1063/2797 1956/3452/2797 1901/3390/2797
f 1901/511/2798 1954/849/2798 1898/775/2798
f 1902/3453/2799 1957/3454/2799 1903/1217/2799
f 2188/3394/2793 1904/3393/2793 1960/3395/2793
f 1958/642/2800 1959/849/2800 1902/511/2800
f 1905/511/2801 1959/849/2801 1958/642/2801
f 1906/3455/2802 1962/3456/2802 1907/3457/2802
f 1908/775/2796 1963/849/2796 1906/511/2796
f 1908/3458/2803 1965/3459/2803 1910/3391/2803
f 1910/511/2804 1963/849/2804 1908/775/2804
f 1913/642/2805 1966/849/2805 1911/511/2805
f 1916/511/2806 1966/849/2806 1913/642/2806
f 1968/642/2807 1969/849/2807 1917/511/2807
f 1921/511/2808 1969/849/2808 1968/642/2808
f 2205/3480/2809 1970/663/2809 1968/784/2809
f 1912/805/2810 2197/823/2810 1913/825/2810
f 1907/779/2811 2192/804/2811 1908/3481/2811
f 2190/3482/2812 1961/653/2812 1958/803/2812
f 1897/647/2813 2185/646/2813 1898/3401/2813
f 1891/774/2814 2179/773/2814 1892/643/2814
s 1
f 1950/3382/2815 1869/822/2816 1879/3465/2817
f 1869/822/2816 1870/3402/2818 1879/3465/2817
s 0
f 1878/3466/2819 1949/3406/2819 1950/3405/2819
f 1878/3466/2820 1950/3405/2820 1879/3467/2820
s 1
f 1870/3402/2818 1869/822/2816 1857/3468/2821
f 1869/822/2816 1948/630/2822 1857/3468/2821
s 0
f 1857/3469/2823 1948/3405/2823 1947/3406/2823
f 1857/3469/2824 1947/3406/2824 1856/3470/2824
s 1
f 1945/3375/2825 1836/748/2826 1845/3471/2827
f 1836/748/2826 1837/3411/2828 1845/3471/2827
s 0
f 1844/3472/2829 1944/3406/2829 1945/3405/2829
f 1844/3472/2830 1945/3405/2830 1845/3473/2830
s 1
f 1837/3411/2828 1836/748/2826 1823/3415/2831
f 1836/748/2826 1942/551/2832 1823/3415/2831
s 0
f 1823/3474/2833 1942/3405/2833 1941/3406/2833
f 1823/3474/2824 1941/3406/2824 1822/3475/2824
s 1
f 1940/3375/2825 1801/730/2826 1811/3418/2827
f 1801/730/2826 1802/3411/2828 1811/3418/2827
s 0
f 1810/3420/2829 1939/3406/2829 1940/3405/2829
f 1810/3420/2834 1940/3405/2834 1811/3419/2834
s 1
f 1802/3411/2828 1801/730/2826 1789/3435/2831
f 1801/730/2826 1937/551/2832 1789/3435/2831
s 0
f 1789/3436/2833 1937/3405/2833 1936/3406/2833
f 1789/3436/2824 1936/3406/2824 1788/3422/2824
s 1
f 1935/515/2835 1769/3442/2836 1778/3425/2837
f 1769/3442/2836 1770/3411/2828 1778/3425/2837
s 0
f 1777/3420/2838 1934/3406/2838 1935/3405/2838
f 1777/3420/2839 1935/3405/2839 1778/3426/2839
s 1
f 1770/3411/2828 1769/3442/2836 1755/3421/2840
f 1769/3442/2836 1933/551/2841 1755/3421/2840
s 0
f 1755/3423/2823 1933/3405/2823 1932/3406/2823
f 1755/3423/2824 1932/3406/2824 1754/3420/2824
s 1
f 1930/515/2835 1733/3440/2836 1742/3403/2837
f 1733/3440/2836 1734/3411/2842 1742/3403/2837
s 0
f 1741/3428/2843 1929/3406/2843 1930/3405/2843
f 1741/3428/2820 1930/3405/2820 1742/3404/2820
s 1
f 1734/3411/2842 1733/3440/2836 1720/3435/2844
f 1733/3440/2836 1928/551/2845 1720/3435/2844
s 0
f 1720/3483/2823 1928/3405/2823 1927/3406/2823
f 1720/3483/2824 1927/3406/2824 1719/3420/2824
s 1
f 1926/515/2835 1697/847/2846 1707/3435/2837
f 1697/847/2846 1698/3476/2828 1707/3435/2837
s 0
f 1706/3420/2819 1925/3406/2819 1926/3405/2819
f 1706/3420/2820 1926/3405/2820 1707/3436/2820
s 1
f 1698/3476/2828 1697/847/2846 1684/3421/2840
f 1697/847/2846 1924/515/2845 1684/3421/2840
s 0
f 1684/3423/2823 1924/3405/2823 1923/3406/2823
f 1684/3423/2824 1923/3406/2824 1683/3420/2824
f 1975/721/355 1976/3358/355 1973/486/355
f 1976/3358/307 1974/485/307 1973/486/307
s 1
f 1990/622/524 1991/525/541 1976/488/525
s 0
f 1979/490/203 1982/528/203 1980/491/203
f 1980/491/311 1982/528/311 1981/490/311
f 1992/838/8 1993/3359/8 1978/3360/8
f 2000/500/2755 1992/499/2755 1978/492/2755
f 1991/501/2847 1989/3361/2847 1974/502/2847
s 1
f 1974/504/530 1989/3362/2848 1988/788/531
s 0
f 1975/507/343 1973/536/343 1988/508/343
f 1987/510/2849 1985/844/2849 1971/511/2849
s 1
f 1971/513/535 1985/537/547 1984/514/536
s 0
f 1922/518/2850 1984/701/2850 1986/519/2850
f 1999/521/362 1998/484/362 1996/688/362
s 1
f 1990/622/524 1998/489/2851 1999/524/540
s 0
f 1992/526/3 2000/498/3 2001/497/3
f 2002/490/312 2006/492/312 2003/491/312
f 2004/490/215 2005/528/215 2003/491/215
f 2006/496/3 2002/498/3 2004/497/3
f 2001/490/2617 1977/490/2617 1993/499/2617
f 1997/502/2852 1989/3361/2852 1991/501/2852
s 1
f 1988/788/531 1989/3362/2848 1997/534/543
s 0
f 1998/507/2853 1990/509/2853 1988/508/2853
f 1994/511/2854 1985/844/2854 1987/510/2854
s 1
f 1925/515/2855 1984/514/536 1994/538/548
s 0
f 2011/539/355 2012/702/355 2010/540/355
s 1
f 2025/542/549 2026/557/559 2012/543/550
s 0
f 2027/526/7 2028/527/7 2013/580/7
f 2014/490/185 2016/528/185 2015/491/185
f 2015/870/8 2018/3366/8 2017/3365/8
f 2018/491/184 2016/528/184 2014/490/184
f 2026/501/2847 2024/3361/2847 2010/502/2847
s 1
f 2010/546/552 2024/3367/2856 2023/547/553
s 0
f 2009/536/2677 2023/508/2677 2025/509/2677
f 2022/510/2849 2020/844/2849 2007/511/2849
s 1
f 2007/549/555 2020/563/562 2019/550/556
s 0
f 2034/553/362 2033/796/362 2031/554/362
s 1
f 2025/542/549 2033/799/2851 2034/556/540
s 0
f 2037/793/3 2035/498/3 2036/497/3
f 2041/492/359 2039/491/359 2040/528/359
f 2038/490/358 2040/528/358 2039/491/358
f 2036/490/2620 2013/490/2620 2028/492/2620
f 2037/3360/8 2028/558/8 2027/560/8
f 2037/492/2857 2027/492/2857 2035/490/2857
f 2032/502/2852 2024/3361/2852 2026/501/2852
s 1
f 2023/547/553 2024/3367/2856 2032/561/543
s 0
f 2033/507/2683 2025/509/2683 2023/508/2683
f 2029/511/2854 2020/844/2854 2022/510/2854
s 1
f 1929/515/2858 2019/550/556 2029/549/563
s 0
f 2021/552/2859 2019/712/2859 1929/518/2859
f 2046/721/307 2047/3368/307 2044/714/307
f 2047/3368/355 2045/565/355 2044/714/355
s 1
f 2061/587/524 2062/579/541 2047/568/525
s 0
f 2053/528/349 2052/491/349 2054/492/349
f 2052/491/348 2053/528/348 2051/490/348
f 2063/492/2628 2064/490/2628 2049/490/2628
f 2062/501/2847 2060/3361/2847 2045/502/2847
s 1
f 2045/571/530 2060/3369/2848 2059/592/531
s 0
f 2046/507/343 2044/536/343 2059/508/343
f 2058/510/2849 2056/844/2849 2042/511/2849
s 1
f 2042/549/535 2056/563/547 2055/573/536
s 0
f 1931/518/2850 2055/723/2850 2057/574/2850
f 2070/575/362 2069/3370/362 2067/576/362
s 1
f 2061/587/524 2069/3371/2851 2070/578/540
s 0
f 2075/492/359 2073/491/359 2074/528/359
f 2072/490/358 2074/528/358 2073/491/358
f 2071/492/2632 2050/492/2632 2048/490/2632
f 2068/502/2852 2060/3361/2852 2062/501/2852
s 1
f 2059/592/531 2060/3369/2848 2068/581/565
s 0
f 2069/507/2853 2061/509/2853 2059/508/2853
f 2065/511/2854 2056/844/2854 2058/510/2854
s 1
f 1934/515/2855 2055/573/536 2065/583/548
s 0
f 2080/584/355 2081/3372/355 2079/585/355
s 1
f 2093/587/524 2094/597/541 2081/588/525
s 0
f 2095/526/7 2096/527/7 2097/497/7
f 2085/528/349 2084/491/349 2086/492/349
f 2084/491/348 2085/528/348 2083/490/348
f 2094/501/2847 2092/3361/2847 2079/502/2847
s 1
f 2079/591/567 2092/3374/2848 2091/592/531
s 0
f 2080/507/2860 2078/536/2860 2091/508/2860
f 2090/510/2849 2088/844/2849 2076/511/2849
s 1
f 2076/513/555 2088/733/562 2087/550/568
s 0
f 2103/594/362 2102/584/362 2100/595/362
s 1
f 2093/587/524 2102/589/2851 2103/596/540
s 0
f 2109/492/359 2107/491/359 2108/528/359
f 2106/490/358 2108/528/358 2107/491/358
f 2104/490/2704 2097/795/2704 2096/590/2704
f 2105/3360/8 2096/760/8 2095/904/8
f 2105/492/2703 2095/590/2703 2082/738/2703
f 2104/3373/4 2082/894/4 2097/937/4
f 2101/502/222 2092/3361/222 2094/501/222
s 1
f 2091/592/531 2092/3374/2848 2101/571/543
s 0
f 2102/507/2853 2093/509/2853 2091/508/2853
f 2098/511/2854 2088/844/2854 2090/510/2854
s 1
f 1939/3375/2861 2087/550/568 2098/808/571
s 0
f 1939/516/2862 1938/517/2862 2087/550/2862
f 2089/600/2863 2087/712/2863 1938/518/2863
f 2114/601/307 2115/3376/307 2113/602/307
s 1
f 2128/604/524 2129/615/541 2115/605/525
s 0
f 2120/528/349 2119/491/349 2121/492/349
f 2119/491/348 2120/528/348 2118/490/348
f 2131/492/2605 2132/490/2605 2116/490/2605
f 2130/560/8 2131/558/8 2117/3360/8
f 2139/490/2755 2130/492/2755 2117/492/2755
f 2132/495/4 2139/494/4 2116/3373/4
f 2129/501/2783 2127/3361/2783 2113/502/2783
s 1
f 2113/607/567 2127/3377/2848 2126/608/531
s 0
f 2114/507/343 2112/536/343 2126/508/343
f 2125/510/2849 2123/844/2849 2110/511/2849
s 1
f 2110/610/575 2123/694/577 2122/550/568
s 0
f 2138/809/325 2137/3484/325 2135/810/325
s 1
f 2128/604/524 2137/705/2851 2138/812/540
s 0
f 2130/526/3 2139/498/3 2132/497/3
f 2143/492/359 2141/491/359 2142/528/359
f 2140/490/358 2142/528/358 2141/491/358
f 2136/502/2852 2127/3361/2852 2129/501/2852
s 1
f 2126/608/531 2127/3377/2848 2136/813/543
s 0
f 2137/507/2853 2128/509/2853 2126/508/2853
f 2133/511/2854 2123/844/2854 2125/510/2854
s 1
f 1944/3375/2864 2122/550/568 2133/618/571
s 0
f 1944/516/2862 1943/517/2862 2122/550/2862
f 2124/600/2863 2122/712/2863 1943/518/2863
f 2148/619/307 2149/702/307 2147/620/307
s 1
f 2161/622/524 2162/636/541 2149/543/525
s 0
f 2163/526/7 2164/527/7 2165/497/7
f 2153/528/349 2152/491/349 2154/492/349
f 2152/491/348 2153/528/348 2151/490/348
f 2162/501/2847 2160/3361/2847 2147/502/2847
s 1
f 2147/625/567 2160/3379/2848 2159/626/531
s 0
f 2148/507/343 2146/536/343 2159/508/343
f 2158/510/2849 2156/844/2849 2144/511/2849
s 1
f 2144/628/535 2156/563/547 2155/629/536
s 0
f 1946/518/2865 2155/772/2865 2157/642/2865
f 2171/3485/362 2170/815/362 2169/817/362
s 1
f 2161/622/524 2170/3486/2851 2171/818/540
s 0
f 2177/492/359 2175/491/359 2176/528/359
f 2174/490/358 2176/528/358 2175/491/358
f 2172/490/2704 2165/795/2704 2164/590/2704
f 2173/3360/8 2164/760/8 2163/904/8
f 2173/492/2703 2163/590/2703 2150/738/2703
f 2172/3373/4 2150/894/4 2165/937/4
f 2169/502/2852 2160/3361/2852 2162/501/2852
s 1
f 2159/626/531 2160/3379/2848 2169/819/565
s 0
f 2170/507/2853 2161/509/2853 2159/508/2853
f 2166/511/2854 2156/844/2854 2158/510/2854
s 1
f 1949/3382/2866 2155/629/536 2166/641/548
s 0
f 2178/511/2867 1952/849/2867 2179/642/2867
f 2181/3383/2868 1953/3384/2868 2182/1157/2868
f 1893/3385/2869 2180/3386/2869 1894/3387/2869
f 2179/642/2870 1952/849/2870 2181/511/2870
f 2184/3388/2871 1897/3389/2871 2183/3390/2871
f 2183/511/2867 1954/849/2867 2185/642/2867
f 2185/642/2870 1954/849/2870 2186/511/2870
f 2187/511/2872 1959/849/2872 2190/660/2872
f 2189/3391/2873 1961/3392/2873 2190/1157/2873
f 1904/3393/2869 2188/3394/2869 1960/3395/2869
f 2190/660/2874 1959/849/2874 2189/511/2874
f 2191/511/2875 1963/849/2875 2192/642/2875
f 2192/642/2870 1963/849/2870 2194/511/2870
f 2196/3487/2876 1912/3488/2876 2195/3460/2876
f 2195/511/2877 1966/849/2877 2197/642/2877
f 2199/3396/2868 1967/3397/2868 2200/3398/2868
f 2197/642/2878 1966/849/2878 2199/511/2878
f 2202/1217/2876 1918/3464/2876 2201/3463/2876
f 2201/511/2879 1969/849/2879 2205/827/2879
f 2204/3390/2880 1970/3399/2880 2205/956/2880
f 2205/827/2881 1969/849/2881 2204/511/2881
f 1968/784/2882 2202/777/2882 2205/3480/2882
f 2200/826/2883 1913/825/2883 2197/823/2883
f 1965/675/2884 1908/3481/2884 2192/804/2884
f 1958/803/2885 1957/681/2885 2190/3482/2885
f 1956/683/2886 1898/3401/2886 2185/646/2886
f 2182/644/2887 1892/643/2887 2179/773/2887
s 1
f 2158/3402/2888 2157/821/2889 2167/3403/2890
f 2157/821/2889 1950/3382/2891 2167/3403/2890
s 0
f 2167/3404/2892 1950/3405/2892 1949/3406/2892
f 2167/3404/2893 1949/3406/2893 2166/3407/2893
s 1
f 1948/630/2894 2157/821/2889 2145/3408/2895
f 2157/821/2889 2158/3402/2888 2145/3408/2895
s 0
f 2144/3409/2896 1947/3406/2896 1948/3405/2896
f 2144/3409/2897 1948/3405/2897 2145/3410/2897
s 1
f 2125/3411/2898 2124/749/2899 2134/3412/2900
f 2124/749/2899 1945/3375/2901 2134/3412/2900
s 0
f 2134/3413/2902 1945/3405/2902 1944/3406/2902
f 2134/3413/2893 1944/3406/2893 2133/3414/2893
s 1
f 1942/551/2903 2124/749/2899 2111/3415/2904
f 2124/749/2899 2125/3411/2898 2111/3415/2904
s 0
f 2110/3416/2905 1941/3406/2905 1942/3405/2905
f 2110/3416/2906 1942/3405/2906 2111/3417/2906
s 1
f 2090/3411/2898 2089/731/2899 2099/3418/2900
f 2089/731/2899 1940/3375/2901 2099/3418/2900
s 0
f 2099/3419/2902 1940/3405/2902 1939/3406/2902
f 2099/3419/2893 1939/3406/2893 2098/3489/2893
s 1
f 1937/551/2903 2089/731/2899 2077/3421/2904
f 2089/731/2899 2090/3411/2898 2077/3421/2904
s 0
f 2076/3422/2905 1936/3406/2905 1937/3405/2905
f 2076/3422/2907 1937/3405/2907 2077/3423/2907
s 1
f 2058/3411/2908 2057/3424/2909 2066/3425/2910
f 2057/3424/2909 1935/515/2911 2066/3425/2910
s 0
f 2066/3426/2912 1935/3405/2912 1934/3406/2912
f 2066/3426/2893 1934/3406/2893 2065/3420/2893
s 1
f 1933/551/2913 2057/3424/2909 2043/3427/2914
f 2057/3424/2909 2058/3411/2908 2043/3427/2914
s 0
f 2042/3428/2896 1932/3406/2896 1933/3405/2896
f 2042/3428/2897 1933/3405/2897 2043/3429/2897
s 1
f 2022/3411/2915 2021/3430/2909 2030/3403/2910
f 2021/3430/2909 1930/515/2916 2030/3403/2910
s 0
f 2030/3404/2917 1930/3405/2917 1929/3406/2917
f 2030/3404/2918 1929/3406/2918 2029/3428/2918
s 1
f 1928/551/2913 2021/3430/2909 2008/3421/2919
f 2021/3430/2909 2022/3411/2915 2008/3421/2919
s 0
f 2007/3428/2896 1927/3406/2896 1928/3405/2896
f 2007/3428/2897 1928/3405/2897 2008/3423/2897
s 1
f 1987/3433/2908 1986/3434/2909 1995/3435/2910
f 1986/3434/2909 1926/515/2911 1995/3435/2910
s 0
f 1995/3436/2912 1926/3405/2912 1925/3406/2912
f 1995/3436/2893 1925/3406/2893 1994/3437/2893
s 1
f 1924/515/2913 1986/3434/2909 1972/3421/2914
f 1986/3434/2909 1987/3433/2908 1972/3421/2914
s 0
f 1971/3422/2896 1923/3406/2896 1924/3405/2896
f 1971/3422/2897 1924/3405/2897 1972/3423/2897
f 2208/828/615 2209/1002/615 2207/829/615
s 1
f 2226/831/616 2227/854/636 2209/832/617
s 0
f 2212/3490/759 2213/3491/759 2211/1111/759
f 2212/3490/703 2211/1111/703 2210/888/703
s 1
f 2230/834/619 2231/855/638 2213/835/620
s 0
f 2215/526/7 2217/527/7 2216/497/7
f 2218/490/2920 2221/528/2920 2219/491/2920
f 2219/870/10 2223/3366/10 2222/3492/10
f 2223/491/874 2221/528/874 2220/490/874
f 2222/3493/7 2220/497/7 2218/498/7
f 2223/531/3 2219/530/3 2221/856/3
f 2233/499/8 2234/500/8 2216/490/8
f 2232/838/10 2233/3359/10 2217/558/10
f 2214/490/4 2232/499/4 2215/492/4
f 2231/501/2921 2229/3361/2921 2211/502/2921
s 1
f 2211/841/625 2229/855/2922 2228/834/626
s 0
f 2210/536/2923 2228/508/2923 2230/509/2923
f 2209/512/2924 2227/510/2924 2225/844/2924
s 1
f 2207/846/630 2225/854/2925 2224/847/631
s 0
f 2208/512/927 2206/891/927 2224/849/927
f 2238/850/634 2237/3494/634 2235/851/634
s 1
f 2226/831/616 2237/864/2926 2238/853/635
s 0
f 2239/888/657 2240/565/657 2241/3495/657
f 2240/565/657 2242/3496/657 2241/3495/657
s 1
f 2230/834/619 2241/836/2927 2242/835/637
s 0
f 2232/526/3 2243/498/3 2234/497/3
f 2244/490/750 2248/492/750 2245/491/750
f 2248/3492/10 2249/3366/10 2245/870/10
f 2246/490/860 2247/528/860 2249/491/860
f 2244/498/3 2246/497/3 2248/3493/3
f 2243/494/13 2214/494/13 2234/839/13
f 2240/502/2928 2229/3361/2928 2231/501/2928
s 1
f 2228/834/626 2229/855/2922 2240/571/642
s 0
f 2230/509/754 2228/508/754 2239/536/754
f 2238/512/2929 2236/845/2929 2225/844/2929
s 1
f 2224/847/631 2225/854/2925 2236/846/646
s 0
f 2237/512/2930 2226/642/2930 2224/849/2930
f 2252/861/615 2253/3497/615 2251/862/615
s 1
f 2269/831/649 2270/854/636 2253/853/617
s 0
f 2256/3498/703 2257/1015/703 2254/3499/703
f 2257/1015/703 2255/3500/703 2254/3499/703
s 1
f 2273/834/650 2274/855/638 2257/835/651
s 0
f 2259/526/7 2260/527/7 2277/497/7
f 2261/490/2920 2264/528/2920 2262/491/2920
f 2262/870/10 2266/3366/10 2265/3492/10
f 2266/491/874 2264/528/874 2263/490/874
f 2265/3493/7 2263/497/7 2261/498/7
f 2266/531/3 2262/530/3 2264/856/3
f 2275/560/10 2276/558/10 2260/558/10
f 2286/490/4 2275/492/4 2259/492/4
f 2277/495/13 2286/494/13 2258/494/13
f 2274/501/2921 2272/3361/2921 2255/502/2921
s 1
f 2255/865/625 2272/855/2922 2271/834/626
s 0
f 2254/536/2923 2271/508/2923 2273/509/2923
f 2253/512/2924 2270/510/2924 2268/844/2924
s 1
f 2251/846/630 2268/854/2925 2267/831/652
s 0
f 2252/512/927 2250/860/927 2267/849/927
f 2281/850/634 2280/1009/634 2278/868/634
s 1
f 2269/831/649 2280/1011/2926 2281/853/635
s 0
f 2282/3501/657 2283/3502/657 2284/539/657
f 2283/3502/657 2285/3503/657 2284/539/657
s 1
f 2273/834/650 2284/836/2927 2285/835/637
s 0
f 2275/526/3 2286/498/3 2287/497/3
f 2290/492/4 2291/491/4 2289/528/4
f 2294/558/10 2295/3366/10 2291/870/10
f 2292/490/8 2293/528/8 2295/491/8
f 2288/494/13 2289/3504/13 2293/871/13
f 2288/498/3 2292/497/3 2294/527/3
f 2295/531/7 2293/879/7 2289/872/7
f 2287/490/8 2277/490/8 2276/492/8
f 2283/502/2928 2272/3361/2928 2274/501/2928
s 1
f 2271/834/626 2272/855/2922 2283/873/642
s 0
f 2273/509/754 2271/508/754 2282/536/754
f 2281/512/2929 2279/845/2929 2268/844/2929
s 1
f 2267/831/652 2268/854/2925 2279/846/646
s 0
f 2280/512/2930 2269/642/2930 2267/849/2930
f 2298/877/615 2299/1106/615 2297/862/615
s 1
f 2317/831/616 2318/854/656 2299/846/655
s 0
f 2302/3505/703 2303/1024/703 2300/1025/703
f 2303/1024/703 2301/3506/703 2300/1025/703
s 1
f 2321/834/650 2322/855/638 2303/835/651
s 0
f 2323/526/7 2306/527/7 2305/497/7
f 2308/528/4 2310/491/4 2309/492/4
f 2310/870/10 2314/3366/10 2313/558/10
f 2314/491/8 2312/528/8 2311/490/8
f 2312/871/13 2308/3504/13 2307/494/13
f 2313/527/7 2311/497/7 2307/498/7
f 2314/531/3 2310/530/3 2308/872/3
f 2324/492/8 2325/490/8 2305/490/8
f 2323/560/10 2324/558/10 2306/558/10
f 2325/495/13 2334/494/13 2304/494/13
f 2322/501/2921 2320/3361/2921 2301/502/2921
s 1
f 2301/880/625 2320/855/2922 2319/834/626
s 0
f 2300/536/2923 2319/508/2923 2321/509/2923
f 2299/883/2924 2318/510/2924 2316/844/2924
s 1
f 2297/846/630 2316/854/2925 2315/884/631
s 0
f 2298/512/927 2296/860/927 2315/849/927
f 2329/850/634 2328/3507/634 2326/885/634
s 1
f 2317/831/616 2328/976/2926 2329/853/635
s 0
f 2333/887/2931 2332/3508/2931 2330/888/2931
s 1
f 2321/834/650 2332/836/2927 2333/835/637
s 0
f 2335/526/3 2334/498/3 2325/497/3
f 2338/492/4 2339/491/4 2337/528/4
f 2342/558/10 2343/3366/10 2339/870/10
f 2340/490/8 2341/528/8 2343/491/8
f 2336/494/13 2337/3504/13 2341/871/13
f 2336/498/3 2340/497/3 2342/527/3
f 2343/531/7 2341/879/7 2337/872/7
f 2335/492/4 2323/492/4 2334/490/4
f 2331/502/2928 2320/3361/2928 2322/501/2928
s 1
f 2319/834/626 2320/855/2922 2331/890/642
s 0
f 2321/509/754 2319/508/754 2330/536/754
f 2329/512/2929 2327/845/2929 2316/844/2929
s 1
f 2315/884/631 2316/854/2925 2327/846/646
s 0
f 2328/512/2930 2317/642/2930 2315/849/2930
f 2346/861/615 2347/1013/615 2345/862/615
s 1
f 2364/831/649 2365/854/636 2347/893/660
s 0
f 2350/3509/2932 2351/3510/2932 2349/3511/2932
f 2350/3509/759 2349/3511/759 2348/1016/759
s 1
f 2368/834/650 2369/855/638 2351/835/620
s 0
f 2370/526/7 2371/527/7 2353/497/7
f 2355/528/4 2357/491/4 2356/492/4
f 2357/870/10 2361/3366/10 2360/558/10
f 2361/491/8 2359/528/8 2358/490/8
f 2359/871/13 2355/3504/13 2354/494/13
f 2360/527/7 2358/497/7 2354/498/7
f 2361/531/3 2357/530/3 2355/872/3
f 2371/590/8 2372/490/8 2353/490/8
f 2369/501/2921 2367/3361/2921 2349/502/2921
s 1
f 2349/895/625 2367/855/2922 2366/834/626
s 0
f 2348/536/2923 2366/508/2923 2368/509/2923
f 2347/512/2924 2365/510/2924 2363/844/2924
s 1
f 2345/846/630 2363/854/2925 2362/831/652
s 0
f 2346/512/927 2344/860/927 2362/849/927
f 2376/897/664 2375/3507/664 2373/898/664
s 1
f 2364/831/649 2375/976/2926 2376/900/635
s 0
f 2380/901/657 2379/3512/657 2377/902/657
s 1
f 2368/834/650 2379/836/2927 2380/835/637
s 0
f 2382/526/3 2381/498/3 2372/497/3
f 2386/492/4 2387/491/4 2385/528/4
f 2390/558/10 2391/3366/10 2387/870/10
f 2388/490/8 2389/528/8 2391/491/8
f 2384/494/13 2385/3504/13 2389/871/13
f 2384/498/3 2388/497/3 2390/527/3
f 2391/531/7 2389/879/7 2385/872/7
f 2383/558/10 2371/760/10 2370/904/10
f 2382/492/4 2370/590/4 2352/738/4
f 2381/494/13 2352/894/13 2372/495/13
f 2378/502/2928 2367/3361/2928 2369/501/2928
s 1
f 2366/834/626 2367/855/2922 2378/905/642
s 0
f 2368/509/754 2366/508/754 2377/536/754
f 2376/512/2929 2374/946/2929 2363/844/2929
s 1
f 2362/831/652 2363/854/2925 2374/846/646
s 0
f 2375/512/2930 2364/642/2930 2362/849/2930
f 2394/907/615 2395/3513/615 2393/886/615
s 1
f 2413/831/616 2414/854/636 2395/909/617
s 0
f 2398/3514/759 2399/3515/759 2397/1029/759
f 2398/3514/759 2397/1029/759 2396/1016/759
s 1
f 2417/834/666 2418/855/670 2399/835/620
s 0
f 2401/526/7 2420/527/7 2402/497/7
f 2404/528/4 2406/491/4 2405/492/4
f 2406/870/10 2410/3366/10 2409/558/10
f 2410/491/8 2408/528/8 2407/490/8
f 2408/871/13 2404/3504/13 2403/494/13
f 2409/527/7 2407/497/7 2403/498/7
f 2410/531/3 2406/530/3 2404/872/3
f 2420/492/8 2421/490/8 2402/490/8
f 2430/490/4 2419/492/4 2401/492/4
f 2421/495/13 2430/494/13 2400/494/13
f 2418/501/982 2416/3361/982 2397/502/982
s 1
f 2397/912/625 2416/855/2933 2415/834/667
s 0
f 2396/536/2934 2415/508/2934 2417/509/2934
f 2395/512/2924 2414/510/2924 2412/844/2924
s 1
f 2393/846/630 2412/854/2925 2411/831/652
s 0
f 2394/512/2935 2392/860/2935 2411/849/2935
f 2425/914/634 2424/3516/634 2422/915/634
s 1
f 2413/831/616 2424/3517/2926 2425/917/635
s 0
f 2429/918/657 2428/3518/657 2426/919/657
s 1
f 2417/834/666 2428/3519/2936 2429/835/669
s 0
f 2419/526/3 2430/498/3 2421/497/3
f 2434/492/4 2435/491/4 2433/528/4
f 2438/558/10 2439/3366/10 2435/870/10
f 2436/490/8 2437/528/8 2439/491/8
f 2432/494/13 2433/3504/13 2437/871/13
f 2432/498/3 2436/497/3 2438/527/3
f 2439/531/7 2437/879/7 2433/872/7
f 2431/558/10 2420/558/10 2419/560/10
f 2427/502/2928 2416/3361/2928 2418/501/2928
s 1
f 2415/834/667 2416/855/2933 2427/921/671
s 0
f 2428/507/2937 2417/509/2937 2415/508/2937
f 2425/512/2929 2423/845/2929 2412/844/2929
s 1
f 2411/831/652 2412/854/2925 2423/846/646
s 0
f 2424/512/2930 2413/642/2930 2411/849/2930
f 2442/923/659 2443/3520/659 2441/924/659
s 1
f 2459/831/616 2460/854/636 2443/926/617
s 0
f 2446/3521/2932 2447/3522/2932 2445/3523/2932
f 2446/3521/703 2445/3523/703 2444/3524/703
s 1
f 2463/834/666 2464/855/670 2447/835/620
s 0
f 2465/526/7 2466/527/7 2467/497/7
f 2450/528/4 2452/491/4 2451/492/4
f 2452/870/10 2456/3366/10 2455/558/10
f 2456/491/8 2454/528/8 2453/490/8
f 2454/871/13 2450/3504/13 2449/494/13
f 2455/527/7 2453/497/7 2449/498/7
f 2456/531/3 2452/530/3 2450/872/3
f 2464/501/982 2462/3361/982 2445/502/982
s 1
f 2445/928/625 2462/855/2933 2461/834/667
s 0
f 2444/536/2934 2461/508/2934 2463/509/2934
f 2443/512/2924 2460/510/2924 2458/844/2924
s 1
f 2441/846/630 2458/854/2925 2457/831/652
s 0
f 2442/512/927 2440/876/927 2457/849/927
f 2471/930/634 2470/3525/634 2468/931/634
s 1
f 2459/831/616 2470/3526/2926 2471/933/635
s 0
f 2475/934/657 2474/3527/657 2472/935/657
s 1
f 2463/834/666 2474/874/2936 2475/835/669
s 0
f 2477/526/3 2476/498/3 2478/497/3
f 2482/492/4 2483/491/4 2481/528/4
f 2486/558/10 2487/3366/10 2483/870/10
f 2484/490/8 2485/528/8 2487/491/8
f 2480/494/13 2481/3504/13 2485/871/13
f 2480/498/3 2484/497/3 2486/527/3
f 2487/531/7 2485/879/7 2481/872/7
f 2478/490/8 2467/795/8 2466/590/8
f 2479/558/10 2466/760/10 2465/904/10
f 2477/492/4 2465/590/4 2448/738/4
f 2476/494/13 2448/894/13 2467/937/13
f 2473/502/2928 2462/3361/2928 2464/501/2928
s 1
f 2461/834/667 2462/855/2933 2473/938/671
s 0
f 2474/507/2937 2463/509/2937 2461/508/2937
f 2471/512/2929 2469/845/2929 2458/844/2929
s 1
f 2457/831/652 2458/854/2925 2469/846/679
s 0
f 2470/512/2938 2459/642/2938 2457/849/2938
f 2490/1058/703 2491/3528/703 2489/973/703
f 2490/1058/703 2489/973/703 2488/1059/703
s 1
f 2501/831/680 2502/854/694 2491/940/681
s 0
f 2495/526/7 2496/527/7 2509/497/7
f 3150/528/2939 2498/528/2939 2497/490/2939
f 3150/879/3 3534/872/3 2498/3529/3
f 2507/838/13 2508/3359/13 2496/558/13
f 2494/490/8 2507/499/8 2495/492/8
f 2506/501/2940 2504/3361/2940 2492/942/2940
s 1
f 2492/1154/840 2504/855/684 3151/944/686
s 0
f 3148/945/2941 3151/953/2941 2503/508/2941
f 2491/512/2942 2502/510/2942 2500/844/2942
s 1
f 2489/846/689 2500/854/2943 2499/831/690
s 0
f 2488/511/2944 2499/849/2944 2501/642/2944
f 2513/3530/657 2512/948/657 2511/886/657
s 1
f 2501/831/680 2512/848/2945 2513/853/693
s 0
f 2507/526/3 2515/498/3 2516/497/3
f 3153/494/10 2517/3504/10 3154/871/10
f 3153/498/3 2518/497/3 3556/497/3
f 2516/490/4 2509/490/4 2508/499/4
f 2515/494/10 2494/494/10 2509/495/10
f 2514/950/2946 2504/3361/2946 2506/501/2946
s 1
f 3152/944/697 2503/834/685 2504/855/684
s 0
f 3155/945/2947 2505/509/2947 2503/508/2947
f 2513/512/2948 2511/845/2948 2500/844/2948
s 1
f 2499/831/690 2500/854/2943 2511/846/700
s 0
f 2501/642/881 2499/849/881 2510/511/881
f 2521/956/703 2522/3530/703 2520/899/703
s 1
f 2531/958/704 2532/854/712 2522/853/705
s 0
f 2525/526/7 2538/527/7 2526/497/7
f 3158/528/2939 2528/528/2939 2527/490/2939
f 3567/497/7 2527/497/7 3157/498/7
f 3158/879/3 3566/872/3 2528/3529/3
f 2538/492/4 2539/490/4 2526/490/4
f 2544/490/8 2537/492/8 2525/492/8
f 2539/495/10 2544/494/10 2524/494/10
f 2536/501/2940 2534/3361/2940 3562/950/2940
s 1
f 3562/1156/840 2534/855/707 3159/959/709
s 0
f 3159/953/2949 2533/508/2949 2535/509/2949
f 2522/512/2942 2532/510/2942 2530/844/2942
s 1
f 2520/846/689 2530/854/2943 2529/831/690
s 0
f 2519/511/2944 2529/849/2944 2531/642/2944
f 2543/3531/678 2542/960/678 2541/962/678
s 1
f 2531/958/704 2542/848/2950 2543/846/711
s 0
f 2537/526/3 2544/498/3 2539/497/3
f 3161/494/10 2546/3504/10 3162/871/10
f 2545/558/13 2538/558/13 2537/560/13
f 3583/963/2946 2534/3361/2946 2536/501/2946
s 1
f 3160/944/697 2533/834/708 2534/855/707
s 0
f 3163/945/2951 2535/509/2951 2533/508/2951
f 2543/965/2948 2541/946/2948 2530/844/2948
s 1
f 2529/831/690 2530/854/2943 2541/846/700
s 0
f 2531/642/881 2529/849/881 2540/511/881
f 2550/1086/703 2551/1021/703 2549/862/703
f 2550/1086/703 2549/862/703 2548/3532/703
s 1
f 2561/968/704 2562/854/717 2551/846/715
s 0
f 2555/526/7 2556/527/7 2569/497/7
f 3166/871/10 2557/3504/10 3165/494/10
f 3166/879/3 3599/872/3 2557/872/3
f 2567/560/13 2568/558/13 2556/558/13
f 2574/490/8 2567/492/8 2555/492/8
f 2569/495/10 2574/494/10 2554/494/10
f 2566/501/2940 2564/3361/2940 2552/969/2940
s 1
f 2552/1162/940 2564/855/716 3167/944/686
s 0
f 3164/945/2952 3167/953/2952 2563/508/2952
f 2551/965/2942 2562/510/2942 2560/844/2942
s 1
f 2549/846/689 2560/854/2943 2559/831/690
s 0
f 2548/511/2944 2559/849/2944 2561/642/2944
f 2573/3533/678 2572/971/678 2571/973/678
s 1
f 2561/968/704 2572/848/2950 2573/974/693
s 0
f 2567/526/3 2574/498/3 2575/497/3
f 2577/490/4 2578/528/4 3170/528/4
f 3169/494/10 2576/3504/10 2578/871/10
f 3170/879/7 2578/879/7 2576/872/7
f 2575/490/4 2569/490/4 2568/492/4
f 3617/969/2946 2564/3361/2946 2566/501/2946
s 1
f 3168/944/697 2563/834/685 2564/855/716
s 0
f 3171/945/2947 2565/509/2947 2563/508/2947
f 2573/512/2948 2571/946/2948 2560/844/2948
s 1
f 2559/831/690 2560/854/2943 2571/846/700
s 0
f 2561/642/881 2559/849/881 2570/511/881
f 2581/3534/703 2582/3535/703 2579/1159/703
f 2582/3535/703 2580/899/703 2579/1159/703
s 1
f 2591/831/680 2592/854/722 2582/846/719
s 0
f 2597/526/7 2598/527/7 2599/497/7
f 3174/528/4 2588/528/4 2587/490/4
f 2588/871/10 2586/3504/10 3173/494/10
f 2596/501/2940 2594/3361/2940 2583/963/2940
s 1
f 2583/1164/940 2594/855/684 3175/944/686
s 0
f 3172/945/2941 3175/953/2941 2593/508/2941
f 2582/977/2942 2592/510/2942 2590/844/2942
s 1
f 2580/846/689 2590/854/2943 2589/831/690
s 0
f 2579/511/2944 2589/849/2944 2591/642/2944
f 2603/3536/657 2602/979/657 2601/980/657
s 1
f 2591/831/680 2602/848/2945 2603/846/721
s 0
f 2606/526/3 2605/498/3 2607/497/3
f 3177/494/10 2609/3504/10 3178/871/10
f 3177/498/3 2610/497/3 3655/497/3
f 2607/490/4 2599/795/4 2598/590/4
f 2608/558/13 2598/760/13 2597/904/13
f 2606/492/8 2597/590/8 2585/738/8
f 2605/494/10 2585/894/10 2599/937/10
f 2604/950/2946 2594/3361/2946 2596/501/2946
s 1
f 3176/944/724 2593/834/685 2594/855/684
s 0
f 3179/945/2947 2595/509/2947 2593/508/2947
f 2603/982/2948 2601/845/2948 2590/844/2948
s 1
f 2589/831/690 2590/854/2943 2601/846/700
s 0
f 2591/642/881 2589/849/881 2600/511/881
f 2613/983/703 2614/897/703 2612/869/703
s 1
f 2624/831/680 2625/854/694 2614/900/705
s 0
f 2630/526/7 2619/527/7 2618/497/7
f 3182/871/10 2620/3504/10 3181/494/10
f 3665/497/7 2621/497/7 3181/498/7
f 2631/492/4 2632/490/4 2618/490/4
f 2630/560/13 2631/558/13 2619/558/13
f 2629/501/2940 2627/3361/2940 2615/985/2940
s 1
f 2615/1166/940 2627/855/684 3183/944/686
s 0
f 3180/945/2941 3183/953/2941 2626/508/2941
f 2614/512/2942 2625/510/2942 2623/844/2942
s 1
f 2612/846/689 2623/854/2943 2622/831/690
s 0
f 2611/511/2944 2622/849/2944 2624/642/2944
f 2636/3537/657 2635/987/657 2634/989/657
s 1
f 2624/831/680 2635/848/2945 2636/893/693
s 0
f 2638/526/3 2637/498/3 2632/497/3
f 2640/490/4 2641/528/4 3186/528/4
f 3185/494/10 2639/3504/10 2641/871/10
f 3186/879/7 2641/879/7 2639/872/7
f 2638/492/8 2630/492/8 2617/490/8
f 2637/494/10 2617/494/10 2632/495/10
f 3682/942/2946 2627/3361/2946 2629/501/2946
s 1
f 3184/944/724 2626/834/685 2627/855/684
s 0
f 3187/945/2947 2628/509/2947 2626/508/2947
f 2636/512/2953 2634/946/2953 2623/844/2953
s 1
f 2622/831/690 2623/854/2943 2634/846/700
s 0
f 2624/642/881 2622/849/881 2633/511/881
f 2644/3538/703 2645/3539/703 2643/3540/703
f 2644/3538/703 2643/3540/703 2642/1071/703
s 1
f 2656/831/726 2657/854/694 2645/992/681
s 0
f 2649/526/7 2651/527/7 2650/497/7
f 3190/871/10 2652/3504/10 3189/494/10
f 3699/497/7 2653/497/7 3189/498/7
f 3190/879/3 3698/872/3 2652/872/3
f 2663/768/4 2664/624/4 2650/490/4
f 2662/993/13 2663/801/13 2651/558/13
f 2648/738/8 2662/768/8 2649/492/8
f 2661/501/2940 2659/3361/2940 2646/995/2940
s 1
f 2646/1169/840 2659/855/716 3191/944/686
s 0
f 3188/945/2954 3191/953/2954 2658/508/2954
f 2645/512/2942 2657/510/2942 2655/844/2942
s 1
f 2643/846/689 2655/3541/2955 2654/831/690
s 0
f 2642/511/2944 2654/849/2944 2656/642/2944
f 2668/3542/657 2667/996/657 2666/998/657
s 1
f 2656/831/726 2667/848/2945 2668/926/693
s 0
f 2662/526/3 2669/498/3 2664/497/3
f 3193/494/10 2670/3504/10 3194/871/10
f 3193/498/3 2671/497/3 3722/497/3
f 2669/494/10 2648/894/10 2664/994/10
f 3716/963/2946 2659/3361/2946 2661/501/2946
s 1
f 3192/944/697 2658/834/685 2659/855/716
s 0
f 3195/945/2947 2660/509/2947 2658/508/2947
f 2668/512/2948 2666/1088/2948 2655/844/2948
s 1
f 2654/831/690 2655/3541/2955 2666/846/728
s 0
f 2656/642/2956 2654/849/2956 2665/511/2956
f 2675/1002/615 2674/828/615 2672/1003/615
s 1
f 2691/831/729 2674/833/2957 2675/832/730
s 0
f 2679/1004/759 2678/3543/759 2676/1005/759
s 1
f 2695/834/732 2678/1026/2958 2679/835/733
s 0
f 2681/526/7 2680/498/7 2699/497/7
f 2683/490/623 2687/492/623 2684/491/623
f 2687/3492/10 2688/3366/10 2684/870/10
f 2685/490/873 2686/528/873 2688/491/873
f 2683/498/7 2685/497/7 2687/3493/7
f 2682/558/10 2698/3359/10 2697/838/10
f 2681/492/8 2697/499/8 2680/490/8
f 2677/502/2959 2694/3361/2959 2696/501/2959
s 1
f 2693/834/737 2694/855/2960 2677/1007/738
s 0
f 2678/507/2923 2695/509/2923 2693/508/2923
f 2675/512/2961 2673/845/2961 2690/844/2961
s 1
f 2689/958/741 2690/854/2962 2673/846/742
s 0
f 2674/512/2963 2691/642/2963 2689/849/2963
f 2702/1009/634 2703/3544/634 2701/852/634
s 1
f 2691/831/729 2692/854/731 2703/974/745
s 0
f 2706/3545/657 2707/3546/657 2704/3547/657
f 2707/3546/678 2705/3548/678 2704/3547/678
s 1
f 2695/834/732 2696/855/734 2707/835/747
s 0
f 2697/526/3 2698/527/3 2709/497/3
f 2710/490/2964 2713/528/2964 2711/491/2964
f 2711/870/10 2715/3366/10 2714/3492/10
f 2715/491/965 2713/528/965 2712/490/965
f 2714/3493/3 2712/497/3 2710/498/3
f 2715/531/7 2711/530/7 2713/856/7
f 2698/499/4 2699/490/4 2709/490/4
f 2699/495/13 2680/494/13 2708/494/13
f 2696/501/2965 2694/3361/2965 2705/502/2965
s 1
f 2705/1012/752 2694/855/2960 2693/834/737
s 0
f 2706/507/644 2704/1008/644 2693/508/644
f 2703/512/2966 2692/510/2966 2690/844/2966
s 1
f 2701/846/756 2690/854/2962 2689/958/741
s 0
f 2702/512/1022 2700/860/1022 2689/849/1022
f 2719/1013/615 2718/923/615 2716/1014/615
s 1
f 2734/831/729 2718/927/2957 2719/893/730
s 0
f 2723/1015/703 2722/3498/703 2720/1016/703
s 1
f 2738/834/760 2722/836/2967 2723/835/761
s 0
f 2725/526/7 2724/498/7 2742/497/7
f 2726/490/623 2730/492/623 2727/491/623
f 2730/3492/10 2731/3366/10 2727/870/10
f 2728/490/873 2729/528/873 2731/491/873
f 2726/498/7 2728/497/7 2730/3493/7
f 2725/492/8 2740/492/8 2751/490/8
f 2724/494/13 2751/494/13 2742/495/13
f 2721/502/2959 2737/3361/2959 2739/501/2959
s 1
f 2736/834/763 2737/855/2968 2721/1018/764
s 0
f 2738/509/2969 2736/508/2969 2720/536/2969
f 2719/512/2961 2717/845/2961 2733/844/2961
s 1
f 2732/847/741 2733/854/2962 2717/846/742
s 0
f 2718/512/2963 2734/642/2963 2732/849/2963
f 2745/3549/634 2746/3533/634 2743/3550/634
f 2746/3533/634 2744/869/634 2743/3550/634
s 1
f 2734/831/729 2735/854/731 2746/974/745
s 0
f 2749/3551/657 2750/3503/657 2748/1033/657
f 2749/3551/657 2748/1033/657 2747/3552/657
s 1
f 2738/834/760 2739/855/762 2750/835/769
s 0
f 2740/526/3 2753/527/3 2752/497/3
f 2755/528/8 2757/491/8 2756/492/8
f 2757/870/10 2761/3366/10 2760/558/10
f 2761/491/4 2759/528/4 2758/490/4
f 2759/871/13 2755/3504/13 2754/494/13
f 2760/527/3 2758/497/3 2754/498/3
f 2761/531/7 2757/530/7 2755/872/7
f 2741/492/4 2742/490/4 2752/490/4
f 2740/560/10 2741/558/10 2753/558/10
f 2739/501/2965 2737/3361/2965 2748/502/2965
s 1
f 2748/1019/771 2737/855/2968 2736/834/763
s 0
f 2747/536/2970 2736/508/2970 2738/509/2970
f 2746/512/2966 2735/510/2966 2733/844/2966
s 1
f 2744/846/756 2733/854/2962 2732/847/741
s 0
f 2745/512/1022 2743/891/1022 2732/849/1022
f 2765/1021/615 2764/907/615 2762/1022/615
s 1
f 2781/831/729 2764/910/2957 2765/1023/730
s 0
f 2769/1024/703 2768/3505/703 2766/1025/703
s 1
f 2785/834/775 2768/836/2967 2769/835/761
s 0
f 2787/526/7 2770/498/7 2789/497/7
f 2773/492/8 2774/491/8 2772/528/8
f 2777/558/10 2778/3366/10 2774/870/10
f 2775/490/4 2776/528/4 2778/491/4
f 2771/494/13 2772/3504/13 2776/871/13
f 2771/498/7 2775/497/7 2777/527/7
f 2778/531/3 2776/879/3 2772/872/3
f 2770/494/13 2798/494/13 2789/495/13
f 2767/502/2959 2784/3361/2959 2786/501/2959
s 1
f 2783/834/763 2784/855/2968 2767/905/764
s 0
f 2785/509/2969 2783/508/2969 2766/536/2969
f 2765/512/2961 2763/845/2961 2780/844/2961
s 1
f 2779/884/741 2780/854/2962 2763/846/742
s 0
f 2764/512/2963 2781/642/2963 2779/849/2963
f 2792/3507/634 2793/3544/634 2791/886/634
f 2792/3507/634 2791/886/634 2790/3553/634
s 1
f 2781/831/729 2782/854/774 2793/974/745
s 0
f 2796/1028/657 2797/3554/657 2795/1029/657
s 1
f 2785/834/775 2786/855/762 2797/835/769
s 0
f 2799/526/3 2801/527/3 2800/497/3
f 2803/528/8 2805/491/8 2804/492/8
f 2805/870/10 2809/3366/10 2808/558/10
f 2809/491/4 2807/528/4 2806/490/4
f 2807/871/13 2803/3504/13 2802/494/13
f 2808/527/3 2806/497/3 2802/498/3
f 2809/531/7 2805/530/7 2803/872/7
f 2788/492/4 2789/490/4 2800/490/4
f 2787/560/10 2788/558/10 2801/558/10
f 2798/490/8 2787/492/8 2799/492/8
f 2786/501/2965 2784/3361/2965 2795/502/2965
s 1
f 2795/912/771 2784/855/2968 2783/834/763
s 0
f 2794/536/2970 2783/508/2970 2785/509/2970
f 2793/512/2966 2782/510/2966 2780/844/2966
s 1
f 2791/846/756 2780/854/2962 2779/884/741
s 0
f 2792/512/1022 2790/860/1022 2779/849/1022
f 2813/1013/615 2812/1121/615 2810/1031/615
s 1
f 2831/831/729 2812/954/2957 2813/893/730
s 0
f 2817/1032/2932 2816/3509/2932 2814/1016/2932
s 1
f 2835/834/775 2816/836/2967 2817/835/761
s 0
f 2837/526/7 2818/498/7 2819/497/7
f 2823/492/8 2824/491/8 2822/528/8
f 2827/558/10 2828/3366/10 2824/870/10
f 2825/490/4 2826/528/4 2828/491/4
f 2821/494/13 2822/3504/13 2826/871/13
f 2821/498/7 2825/497/7 2827/527/7
f 2828/531/3 2826/879/3 2822/872/3
f 2819/490/4 2839/490/4 2838/492/4
f 2820/558/10 2838/558/10 2837/904/10
f 2815/502/2959 2834/3361/2959 2836/501/2959
s 1
f 2833/834/763 2834/855/2968 2815/1019/764
s 0
f 2835/509/2969 2833/508/2969 2814/536/2969
f 2813/512/2961 2811/845/2961 2830/844/2961
s 1
f 2829/831/777 2830/854/2962 2811/846/742
s 0
f 2812/512/2963 2831/642/2963 2829/849/2963
f 2842/3555/664 2843/897/664 2840/1010/664
f 2843/897/634 2841/1133/634 2840/1010/634
s 1
f 2831/831/729 2832/854/774 2843/900/745
s 0
f 2846/3556/2931 2847/3557/2931 2844/3558/2931
f 2847/3557/657 2845/903/657 2844/3558/657
s 1
f 2835/834/775 2836/855/762 2847/835/769
s 0
f 2849/526/3 2838/527/3 2839/497/3
f 2851/528/8 2853/491/8 2852/492/8
f 2853/870/10 2857/3366/10 2856/558/10
f 2857/491/4 2855/528/4 2854/490/4
f 2855/871/13 2851/3504/13 2850/494/13
f 2856/527/3 2854/497/3 2850/498/3
f 2857/531/7 2853/530/7 2851/872/7
f 2818/738/8 2837/590/8 2849/492/8
f 2839/495/13 2818/894/13 2848/494/13
f 2836/501/865 2834/3361/865 2845/502/865
s 1
f 2845/905/771 2834/855/2968 2833/834/763
s 0
f 2844/536/2970 2833/508/2970 2835/509/2970
f 2843/512/2966 2832/510/2966 2830/844/2966
s 1
f 2841/846/756 2830/854/2962 2829/831/777
s 0
f 2842/512/1022 2840/860/1022 2829/849/1022
f 2861/1036/615 2860/3559/615 2858/1037/615
s 1
f 2879/831/778 2860/848/2971 2861/1038/779
s 0
f 2865/1039/759 2864/3560/759 2862/1040/759
s 1
f 2883/834/780 2864/836/2967 2865/835/761
s 0
f 2867/526/7 2866/498/7 2868/497/7
f 2871/492/8 2872/491/8 2870/528/8
f 2875/558/10 2876/3366/10 2872/870/10
f 2873/490/4 2874/528/4 2876/491/4
f 2869/494/13 2870/3504/13 2874/871/13
f 2869/498/7 2873/497/7 2875/527/7
f 2876/531/3 2874/879/3 2870/872/3
f 2868/490/4 2887/490/4 2886/492/4
f 2867/492/8 2885/492/8 2896/490/8
f 2866/494/13 2896/494/13 2887/495/13
f 2863/502/2959 2882/3361/2959 2884/501/2959
s 1
f 2881/834/782 2882/855/2972 2863/912/764
s 0
f 2883/509/2973 2881/508/2973 2862/536/2973
f 2861/512/2974 2859/845/2974 2878/844/2974
s 1
f 2877/831/777 2878/854/2962 2859/846/783
s 0
f 2860/1043/2963 2879/642/2963 2877/849/2963
f 2890/3561/634 2891/1013/634 2888/3562/634
f 2891/1013/2975 2889/3563/2975 2888/3562/2975
s 1
f 2879/831/778 2880/854/774 2891/893/745
s 0
f 2894/3527/657 2895/918/657 2893/920/657
f 2894/3527/657 2893/920/657 2892/3547/657
s 1
f 2883/834/780 2884/855/781 2895/835/747
s 0
f 2885/526/3 2897/527/3 2887/497/3
f 2899/528/8 2901/491/8 2900/492/8
f 2901/870/10 2905/3366/10 2904/558/10
f 2905/491/4 2903/528/4 2902/490/4
f 2903/871/13 2899/3504/13 2898/494/13
f 2904/527/3 2902/497/3 2898/498/3
f 2905/531/7 2901/530/7 2899/872/7
f 2885/560/10 2886/558/10 2897/558/10
f 2884/501/2965 2882/3361/2965 2893/502/2965
s 1
f 2893/921/752 2882/855/2972 2881/834/782
s 0
f 2894/507/644 2892/1209/644 2881/508/644
f 2891/512/2966 2880/510/2966 2878/844/2966
s 1
f 2889/846/756 2878/854/2962 2877/831/777
s 0
f 2890/512/1022 2888/860/1022 2877/849/1022
f 2909/914/615 2908/3564/615 2906/1045/615
s 1
f 2925/831/778 2908/848/2976 2909/917/730
s 0
f 2913/1047/759 2912/3565/759 2910/1048/759
s 1
f 2929/834/780 2912/836/2967 2913/835/761
s 0
f 2931/526/7 2914/498/7 2933/497/7
f 2917/492/8 2918/491/8 2916/528/8
f 2921/558/10 2922/3366/10 2918/870/10
f 2919/490/4 2920/528/4 2922/491/4
f 2915/494/13 2916/3504/13 2920/871/13
f 2915/498/7 2919/497/7 2921/527/7
f 2922/531/3 2920/879/3 2916/872/3
f 2911/502/2959 2928/3361/2959 2930/501/2959
s 1
f 2927/834/782 2928/855/2972 2911/1050/764
s 0
f 2929/509/2973 2927/508/2973 2910/536/2973
f 2909/512/2977 2907/845/2977 2924/844/2977
s 1
f 2923/831/788 2924/854/2962 2907/846/742
s 0
f 2908/1053/2963 2925/642/2963 2923/849/2963
f 2936/3566/664 2937/930/664 2934/931/664
f 2937/930/664 2935/1133/664 2934/931/664
s 1
f 2925/831/778 2926/854/731 2937/933/745
s 0
f 2940/1055/657 2941/3567/657 2939/613/657
s 1
f 2929/834/780 2930/855/781 2941/835/747
s 0
f 2943/526/95 2945/527/95 2944/497/95
f 2947/528/8 2949/491/8 2948/492/8
f 2949/870/10 2953/3366/10 2952/558/10
f 2953/491/4 2951/528/4 2950/490/4
f 2951/871/13 2947/3504/13 2946/494/13
f 2952/527/3 2950/497/3 2946/498/3
f 2953/531/7 2949/530/7 2947/872/7
f 2932/590/4 2933/795/4 2944/490/4
f 2931/904/10 2932/760/10 2945/558/10
f 2914/738/8 2931/590/8 2943/492/8
f 2933/937/13 2914/894/13 2942/494/13
f 2930/501/2965 2928/3361/2965 2939/502/2965
s 1
f 2939/616/752 2928/855/2972 2927/834/782
s 0
f 2940/507/644 2938/1200/644 2927/508/644
f 2937/512/2966 2926/510/2966 2924/844/2966
s 1
f 2935/846/756 2924/854/2962 2923/831/788
s 0
f 2936/512/1022 2934/860/1022 2923/849/1022
f 2957/3528/759 2956/1058/759 2955/973/759
s 1
f 2965/831/790 2956/848/2978 2957/940/791
s 0
f 2959/526/7 2958/498/7 2973/497/7
f 3197/494/10 2961/3504/10 3198/871/10
f 2960/558/13 2972/3359/13 2971/838/13
f 2959/492/4 2971/499/4 2958/490/4
f 4010/942/2979 2968/3361/2979 2970/501/2979
s 1
f 3196/944/795 2967/834/806 2968/855/796
s 0
f 3199/945/2980 2969/509/2980 2967/508/2980
f 2957/512/2981 2955/946/2981 2964/844/2981
s 1
f 2963/831/799 2964/854/2982 2955/846/800
s 0
f 2965/642/973 2963/849/973 2954/511/973
f 2976/3568/678 2977/3569/678 2975/973/678
f 2976/3568/657 2975/973/657 2974/3570/657
s 1
f 2965/831/790 2966/854/792 2977/974/803
s 0
f 2971/526/3 2972/527/3 2980/497/3
f 3202/528/2983 2982/528/2983 2981/490/2983
f 4039/497/3 2981/497/3 3201/498/3
f 3202/879/7 4038/872/7 2982/3529/7
f 2972/499/8 2973/490/8 2980/490/8
f 2973/495/10 2958/494/10 2979/494/10
f 2970/501/2984 2968/3361/2984 4034/950/2984
s 1
f 4034/1211/851 2968/855/796 3203/944/807
s 0
f 3200/945/2985 3203/953/2985 2967/508/2985
f 2977/512/2986 2966/510/2986 2964/844/2986
s 1
f 2975/846/810 2964/854/2982 2963/831/799
s 0
f 2974/1061/2987 2963/849/2987 2965/642/2987
f 2986/3530/703 2985/956/703 2984/899/703
s 1
f 2995/831/790 2985/848/2978 2986/853/813
s 0
f 2988/526/7 2987/498/7 2989/497/7
f 2991/490/8 2992/528/8 3206/528/8
f 3205/494/10 2990/3504/10 2992/871/10
f 3205/498/7 2991/497/7 4051/497/7
f 3206/879/3 2992/879/3 2990/872/3
f 2989/490/8 3003/490/8 3002/492/8
f 2988/492/4 3001/492/4 2987/490/4
f 4044/985/2979 2998/3361/2979 3000/501/2979
s 1
f 3204/944/795 2997/834/806 2998/855/816
s 0
f 3207/945/2980 2999/509/2980 2997/508/2980
f 2986/512/2981 2984/946/2981 2994/844/2981
s 1
f 2993/831/817 2994/854/2982 2984/846/818
s 0
f 2995/642/973 2993/849/973 2983/511/973
f 3006/1063/678 3007/3571/678 3005/962/678
s 1
f 2995/831/790 2996/854/814 3007/846/819
s 0
f 3001/526/3 3010/527/3 3003/497/3
f 3210/528/8 3014/528/8 3013/490/8
f 3014/871/10 3012/3504/10 3011/494/10
f 4071/497/3 3013/497/3 3011/498/3
f 3210/879/7 4070/872/7 3012/872/7
f 3001/560/13 3002/558/13 3010/558/13
f 3003/495/10 2987/494/10 3009/494/10
f 3000/501/2984 2998/3361/2984 4067/942/2984
s 1
f 4067/1213/851 2998/855/816 3211/944/807
s 0
f 3208/945/2985 3211/953/2985 2997/508/2985
f 3007/883/2986 2996/510/2986 2994/844/2986
s 1
f 3005/846/810 2994/854/2982 2993/831/817
s 0
f 3004/1065/2987 2993/849/2987 2995/642/2987
f 3018/1021/703 3017/1066/703 3016/862/703
s 1
f 3028/968/820 3017/848/2988 3018/846/821
s 0
f 3020/526/7 3019/498/7 3036/497/7
f 3024/490/8 3025/528/8 3214/528/8
f 3022/494/10 3023/3504/10 3025/871/10
f 3022/498/7 3024/497/7 4081/497/7
f 3214/879/3 3025/879/3 3023/872/3
f 3021/558/13 3035/558/13 3034/560/13
f 3020/492/4 3034/492/4 3043/490/4
f 3019/494/10 3043/494/10 3036/495/10
f 4076/969/2979 3031/3361/2979 3033/501/2979
s 1
f 3212/944/795 3030/834/806 3031/855/824
s 0
f 3215/945/2980 3032/509/2980 3030/508/2980
f 3018/965/2981 3016/845/2981 3027/844/2981
s 1
f 3026/831/825 3027/854/2982 3016/846/818
s 0
f 3028/642/973 3026/849/973 3015/511/973
f 3039/3572/678 3040/3569/678 3038/973/678
f 3039/3572/657 3038/973/657 3037/972/657
s 1
f 3028/968/820 3029/854/822 3040/974/803
s 0
f 3034/526/3 3035/527/3 3044/497/3
f 3218/871/10 3046/3504/10 3045/494/10
f 4101/497/3 3047/497/3 3045/498/3
f 3035/492/8 3036/490/8 3044/490/8
f 3033/501/2984 3031/3361/2984 3041/969/2984
s 1
f 3041/1214/1029 3031/855/824 3219/944/807
s 0
f 3216/945/2989 3219/953/2989 3030/508/2989
f 3040/512/2986 3029/510/2986 3027/844/2986
s 1
f 3038/846/810 3027/854/2982 3026/831/825
s 0
f 3037/511/2987 3026/849/2987 3028/642/2987
f 3051/3535/703 3050/1070/703 3049/899/703
s 1
f 3059/831/790 3050/848/2978 3051/846/828
s 0
f 3053/526/7 3052/498/7 3067/497/7
f 3054/494/10 3055/3504/10 3222/871/10
f 3054/498/7 3056/497/7 4112/497/7
f 3053/492/4 3065/492/4 3052/738/4
f 4107/963/2979 3062/3361/2979 3064/501/2979
s 1
f 3220/944/795 3061/834/806 3062/855/816
s 0
f 3223/945/2980 3063/509/2980 3061/508/2980
f 3051/977/2981 3049/946/2981 3058/844/2981
s 1
f 3057/831/830 3058/854/2982 3049/846/800
s 0
f 3059/642/2990 3057/849/2990 3048/511/2990
f 3070/3534/657 3071/3539/657 3069/1133/657
f 3070/3534/657 3069/1133/657 3068/3573/657
s 1
f 3059/831/790 3060/854/829 3071/846/819
s 0
f 3065/526/3 3076/527/3 3075/497/3
f 3226/871/10 3078/3504/10 3077/494/10
f 4133/497/3 3079/497/3 3077/498/3
f 3066/590/8 3067/795/8 3075/490/8
f 3065/560/13 3066/760/13 3076/558/13
f 3067/937/10 3052/894/10 3074/494/10
f 3064/501/2984 3062/3361/2984 3072/1073/2984
s 1
f 3072/1220/1029 3062/855/816 3227/944/807
s 0
f 3224/945/2991 3227/953/2991 3061/508/2991
f 3071/1074/2986 3060/510/2986 3058/844/2986
s 1
f 3069/846/810 3058/854/2982 3057/831/830
s 0
f 3068/511/2987 3057/849/2987 3059/642/2987
f 3083/897/703 3082/983/703 3081/869/703
s 1
f 3093/831/790 3082/848/2978 3083/900/813
s 0
f 3085/526/7 3084/498/7 3086/497/7
f 3089/490/8 3090/528/8 3230/528/8
f 3087/494/10 3088/3504/10 3090/871/10
f 3087/498/7 3089/497/7 4145/497/7
f 3230/879/3 3090/879/3 3088/872/3
f 3086/490/8 3101/490/8 3100/492/8
f 3085/492/4 3099/492/4 3084/490/4
f 4139/985/2979 3096/3361/2979 3098/501/2979
s 1
f 3228/944/832 3095/834/806 3096/855/816
s 0
f 3231/945/2980 3097/509/2980 3095/508/2980
f 3083/512/2981 3081/845/2981 3092/844/2981
s 1
f 3091/831/825 3092/854/2982 3081/846/818
s 0
f 3093/642/973 3091/849/973 3080/511/973
f 3104/1078/678 3105/3574/678 3103/989/678
s 1
f 3093/831/790 3094/854/831 3105/893/803
s 0
f 3099/526/3 3109/527/3 3101/497/3
f 3234/528/8 3113/528/8 3112/490/8
f 3113/871/10 3111/3504/10 3110/494/10
f 4164/497/3 3112/497/3 3110/498/3
f 3099/560/13 3100/558/13 3109/558/13
f 3101/495/10 3084/494/10 3108/494/10
f 3098/501/2984 3096/3361/2984 3106/942/2984
s 1
f 3106/1226/851 3096/855/816 3235/944/807
s 0
f 3232/945/2991 3235/953/2991 3095/508/2991
f 3105/512/2986 3094/510/2986 3092/844/2986
s 1
f 3103/846/810 3092/854/2982 3091/831/825
s 0
f 3102/511/2987 3091/849/2987 3093/642/2987
f 3117/3575/759 3116/1081/759 3115/1082/759
s 1
f 3127/831/790 3116/848/2978 3117/1083/791
s 0
f 3133/526/7 3118/498/7 3119/497/7
f 3123/490/8 3124/528/8 3238/528/8
f 3121/494/10 3122/3504/10 3124/871/10
f 3121/498/7 3123/497/7 4176/497/7
f 3238/879/3 3124/879/3 3122/872/3
f 3119/490/8 3135/624/8 3134/768/8
f 3120/558/13 3134/801/13 3133/904/13
f 3118/494/10 3142/637/10 3135/994/10
f 4169/995/2979 3130/3361/2979 3132/501/2979
s 1
f 3236/944/795 3129/834/806 3130/855/796
s 0
f 3239/945/2980 3131/509/2980 3129/508/2980
f 3117/512/2992 3115/946/2992 3126/844/2992
s 1
f 3125/831/830 3126/3576/2993 3115/846/800
s 0
f 3127/642/973 3125/849/973 3114/511/973
f 3138/1086/657 3139/3577/657 3137/998/657
s 1
f 3127/831/790 3128/854/831 3139/926/803
s 0
f 3143/526/3 3134/527/3 3135/497/3
f 3242/528/8 3147/528/8 3146/490/8
f 3147/871/10 3145/3504/10 3144/494/10
f 4194/497/3 3146/497/3 3144/498/3
f 3242/879/7 4193/872/7 3145/872/7
f 3142/624/4 3133/590/4 3143/492/4
f 3132/501/2984 3130/3361/2984 3140/963/2984
s 1
f 3140/1229/1040 3130/855/796 3243/944/807
s 0
f 3240/945/2989 3243/953/2989 3129/508/2989
f 3139/512/2986 3128/510/2986 3126/844/2986
s 1
f 3137/846/838 3126/3576/2993 3125/831/830
s 0
f 3136/511/2987 3125/849/2987 3127/642/2987
f 3145/528/4 4193/528/4 3241/490/4
s 1
f 3240/1097/1041 3131/834/2994 3132/855/841
f 3132/855/841 3141/1230/723 3240/1097/1041
s 0
f 3237/490/4 4175/528/4 3122/528/4
s 1
f 3132/855/841 3131/834/2994 3239/1089/839
f 3232/1231/1041 3097/834/2994 3098/855/844
f 3098/855/844 3107/1232/696 3232/1231/1041
s 0
f 3229/490/4 4144/528/4 3088/528/4
s 1
f 3098/855/844 3097/834/2994 3231/944/842
f 3224/1101/1041 3063/834/2994 3064/855/841
f 3064/855/841 3073/1233/696 3224/1101/1041
f 3064/855/841 3063/834/2994 3223/1089/839
f 3216/1101/1041 3032/834/2995 3033/855/844
f 3033/855/844 3042/1234/696 3216/1101/1041
f 3033/855/844 3032/834/2995 3215/944/845
s 0
f 3012/528/4 4070/528/4 3209/490/4
s 1
f 3208/1101/1041 2999/834/2994 3000/855/844
f 3000/855/844 3008/1235/696 3208/1101/1041
f 3000/855/844 2999/834/2994 3207/1094/839
s 0
f 3201/490/2996 2982/528/2996 4038/528/2996
s 1
f 3200/1236/1041 2969/834/2995 2970/855/844
f 2970/855/844 2978/1237/696 3200/1236/1041
f 2970/855/844 2969/834/2995 3199/944/846
s 0
f 3193/490/8 3721/528/8 2670/528/8
s 1
f 2661/855/849 2660/834/2997 3195/1097/847
s 0
f 2652/528/8 3698/528/8 3189/490/8
s 1
f 3188/1238/1044 2660/834/2997 2661/855/849
f 2661/855/849 2647/1092/794 3188/1238/1044
s 0
f 3185/490/8 3688/528/8 2639/528/8
s 1
f 2629/855/849 2628/834/2997 3187/944/850
f 3180/1238/1044 2628/834/2997 2629/855/849
f 2629/855/849 2616/1239/794 3180/1238/1044
s 0
f 3177/490/8 3654/528/8 2609/528/8
s 1
f 2596/855/849 2595/834/2997 3179/944/850
f 3172/1238/1044 2595/834/2997 2596/855/849
f 2596/855/849 2584/1240/794 3172/1238/1044
f 2566/855/849 2565/834/2998 3171/1101/847
s 0
f 2557/528/8 3599/528/8 3165/490/8
s 1
f 3164/944/1047 2565/834/2998 2566/855/849
f 2566/855/849 2553/1241/794 3164/944/1047
s 0
f 3161/490/8 3589/528/8 2546/528/8
s 1
f 2536/855/852 2535/834/2999 3163/1101/847
s 0
f 3157/490/3000 2528/528/3000 3566/528/3000
s 1
f 3156/944/1048 2535/834/2999 2536/855/852
f 2536/855/852 2523/1242/794 3156/944/1048
f 2506/855/849 2505/834/2997 3155/1104/847
s 0
f 3149/490/3000 2498/528/3000 3534/528/3000
s 1
f 3148/944/1050 2505/834/2997 2506/855/849
f 2506/855/849 2493/1243/794 3148/944/1050
s 0
f 3247/1106/703 3246/828/703 3244/1107/703
s 1
f 3262/831/853 3246/833/3001 3247/940/854
s 0
f 3251/1109/659 3250/3578/659 3248/1110/659
s 1
f 3266/834/856 3250/836/3002 3251/835/857
s 0
f 3253/526/7 3252/498/7 3270/497/7
f 3254/490/965 3258/492/965 3255/491/965
f 3258/3492/13 3259/3366/13 3255/870/13
f 3256/490/640 3257/528/640 3259/491/640
f 3254/498/7 3256/497/7 3258/3493/7
f 3253/492/4 3268/499/4 3279/500/4
f 3252/494/10 3279/532/10 3270/495/10
f 3249/502/3003 3265/3361/3003 3267/501/3003
s 1
f 3264/834/862 3265/855/3004 3249/841/863
s 0
f 3266/509/3005 3264/508/3005 3248/536/3005
f 3247/512/2981 3245/1193/2981 3261/844/2981
s 1
f 3260/847/866 3261/3579/3006 3245/846/867
s 0
f 3246/512/2944 3262/642/2944 3260/849/2944
f 3273/3580/678 3274/850/678 3271/3553/678
f 3274/850/678 3272/829/678 3271/3553/678
s 1
f 3262/831/853 3263/854/855 3274/853/869
s 0
f 3277/3581/664 3278/1172/664 3275/3582/664
f 3278/1172/664 3276/1174/664 3275/3582/664
s 1
f 3266/834/856 3267/855/858 3278/835/871
s 0
f 3268/526/3 3281/527/3 3280/497/3
f 3282/490/3007 3285/528/3007 3283/491/3007
f 3283/870/13 3287/3366/13 3286/3492/13
f 3287/491/623 3285/528/623 3284/490/623
f 3286/3493/3 3284/497/3 3282/498/3
f 3287/531/7 3283/530/7 3285/856/7
f 3269/492/8 3270/490/8 3280/490/8
f 3268/838/13 3269/558/13 3281/558/13
f 3267/501/3008 3265/3361/3008 3276/502/3008
s 1
f 3276/1114/876 3265/855/3004 3264/834/862
s 0
f 3277/507/982 3275/3583/982 3264/508/982
f 3274/512/2986 3263/510/2986 3261/844/2986
s 1
f 3272/846/879 3261/3579/3006 3260/847/866
s 0
f 3273/512/702 3271/860/702 3260/849/702
f 3291/1021/703 3290/828/703 3288/863/703
s 1
f 3307/831/853 3290/833/3001 3291/1023/854
s 0
f 3295/1116/615 3294/3584/615 3292/1117/615
s 1
f 3311/834/883 3294/3585/3009 3295/835/884
s 0
f 3297/526/7 3296/498/7 3315/497/7
f 3299/490/965 3303/492/965 3300/491/965
f 3303/3492/13 3304/3366/13 3300/870/13
f 3301/490/640 3302/528/640 3304/491/640
f 3299/498/7 3301/497/7 3303/3493/7
f 3298/558/13 3314/558/13 3313/560/13
f 3297/492/4 3313/492/4 3324/490/4
f 3296/494/10 3324/494/10 3315/495/10
f 3293/502/3003 3310/3361/3003 3312/501/3003
s 1
f 3309/834/886 3310/855/3010 3293/1119/887
s 0
f 3294/507/3011 3311/509/3011 3309/508/3011
f 3291/512/2981 3289/845/2981 3306/844/2981
s 1
f 3305/847/866 3306/854/3012 3289/846/890
s 0
f 3290/512/2944 3307/642/2944 3305/849/2944
f 3318/1121/678 3319/3533/678 3317/869/678
s 1
f 3307/831/853 3308/854/882 3319/974/869
s 0
f 3322/1180/3013 3323/1179/3013 3320/3586/3013
f 3323/1179/664 3321/3587/664 3320/3586/664
s 1
f 3311/834/883 3312/855/885 3323/835/893
s 0
f 3313/526/3 3314/527/3 3325/497/3
f 3327/528/4 3329/491/4 3328/492/4
f 3329/870/13 3333/3366/13 3332/558/13
f 3333/491/8 3331/528/8 3330/490/8
f 3331/871/10 3327/3504/10 3326/494/10
f 3332/527/3 3330/497/3 3326/498/3
f 3333/531/7 3329/530/7 3327/872/7
f 3314/492/8 3315/490/8 3325/490/8
f 3312/501/3008 3310/3361/3008 3321/502/3008
s 1
f 3321/1124/895 3310/855/3010 3309/834/886
s 0
f 3320/536/3014 3309/508/3014 3311/509/3014
f 3319/512/2986 3308/510/2986 3306/844/2986
s 1
f 3317/846/879 3306/854/3012 3305/847/866
s 0
f 3318/512/702 3316/891/702 3305/849/702
f 3337/1021/703 3336/3588/703 3334/1010/703
s 1
f 3355/831/899 3336/848/3015 3337/1023/900
s 0
f 3341/1126/659 3340/1183/659 3338/1110/659
s 1
f 3359/834/901 3340/836/3002 3341/835/857
s 0
f 3361/526/7 3342/498/7 3343/497/7
f 3347/492/4 3348/491/4 3346/528/4
f 3351/558/13 3352/3366/13 3348/870/13
f 3349/490/8 3350/528/8 3352/491/8
f 3345/494/10 3346/3504/10 3350/871/10
f 3345/498/7 3349/497/7 3351/527/7
f 3352/531/3 3350/879/3 3346/872/3
f 3343/490/8 3363/490/8 3362/492/8
f 3344/558/13 3362/558/13 3361/560/13
f 3342/494/10 3372/494/10 3363/495/10
f 3339/502/3003 3358/3361/3003 3360/501/3003
s 1
f 3357/834/903 3358/855/3016 3339/1128/863
s 0
f 3359/509/3017 3357/508/3017 3338/536/3017
f 3337/512/2981 3335/845/2981 3354/844/2981
s 1
f 3353/831/904 3354/854/3012 3335/846/905
s 0
f 3336/1043/2944 3355/642/2944 3353/849/2944
f 3366/1129/678 3367/3533/678 3365/852/678
s 1
f 3355/831/899 3356/854/882 3367/974/869
s 0
f 3370/1028/3013 3371/3589/3013 3369/540/3013
f 3370/1028/664 3369/540/664 3368/1173/664
s 1
f 3359/834/901 3360/855/902 3371/835/893
s 0
f 3373/526/3 3362/527/3 3363/497/3
f 3375/528/4 3377/491/4 3376/492/4
f 3377/870/13 3381/3366/13 3380/558/13
f 3381/491/8 3379/528/8 3378/490/8
f 3379/871/10 3375/3504/10 3374/494/10
f 3380/527/3 3378/497/3 3374/498/3
f 3381/531/7 3377/530/7 3375/872/7
f 3372/490/4 3361/492/4 3373/492/4
f 3360/501/3008 3358/3361/3008 3369/502/3008
s 1
f 3369/546/895 3358/855/3016 3357/834/903
s 0
f 3368/536/3018 3357/508/3018 3359/509/3018
f 3367/512/2986 3356/510/2986 3354/844/2986
s 1
f 3365/846/879 3354/854/3012 3353/831/904
s 0
f 3366/1043/702 3364/860/702 3353/849/702
f 3385/1106/703 3384/3525/703 3382/1131/703
s 1
f 3402/831/853 3384/3526/3001 3385/940/854
s 0
f 3389/1132/3019 3388/1137/3019 3386/1016/3019
s 1
f 3406/834/901 3388/836/3002 3389/835/857
s 0
f 3408/526/7 3390/498/7 3410/497/7
f 3394/492/4 3395/491/4 3393/528/4
f 3398/558/13 3399/3366/13 3395/870/13
f 3396/490/8 3397/528/8 3399/491/8
f 3392/494/10 3393/3504/10 3397/871/10
f 3392/498/7 3396/497/7 3398/527/7
f 3399/531/3 3397/879/3 3393/872/3
f 3391/558/13 3409/558/13 3408/904/13
f 3390/494/10 3419/494/10 3410/937/10
f 3387/502/3003 3405/3361/3003 3407/501/3003
s 1
f 3404/834/903 3405/855/3016 3387/905/863
s 0
f 3406/509/3017 3404/508/3017 3386/536/3017
f 3385/512/2981 3383/946/2981 3401/844/2981
s 1
f 3400/831/904 3401/854/3012 3383/846/890
s 0
f 3384/512/2944 3402/642/2944 3400/849/2944
f 3413/923/657 3414/897/657 3412/1133/657
s 1
f 3402/831/853 3403/854/882 3414/900/869
s 0
f 3417/3590/3013 3418/1126/3013 3416/1127/3013
f 3417/3590/664 3416/1127/664 3415/3591/664
s 1
f 3406/834/901 3407/855/902 3418/835/893
s 0
f 3420/526/3 3409/527/3 3421/497/3
f 3423/528/4 3425/491/4 3424/492/4
f 3425/870/13 3429/3366/13 3428/558/13
f 3429/491/8 3427/528/8 3426/490/8
f 3427/871/10 3423/3504/10 3422/494/10
f 3428/527/3 3426/497/3 3422/498/3
f 3429/531/7 3425/530/7 3423/872/7
f 3409/492/8 3410/795/8 3421/490/8
f 3419/490/4 3408/590/4 3420/492/4
f 3407/501/766 3405/3361/766 3416/502/766
s 1
f 3416/1128/895 3405/855/3016 3404/834/903
s 0
f 3415/536/3018 3404/508/3018 3406/509/3018
f 3414/512/2986 3403/510/2986 3401/844/2986
s 1
f 3412/846/879 3401/854/3012 3400/831/904
s 0
f 3413/512/702 3411/860/702 3400/849/702
f 3433/1135/703 3432/3525/703 3430/908/703
s 1
f 3450/831/853 3432/3526/3001 3433/1038/854
s 0
f 3434/3592/659 3435/540/659 3436/1137/659
s 1
f 3454/834/901 3436/836/3002 3437/835/857
s 0
f 3456/526/7 3438/498/7 3439/497/7
f 3442/492/4 3443/491/4 3441/528/4
f 3446/558/13 3447/3366/13 3443/870/13
f 3444/490/8 3445/528/8 3447/491/8
f 3440/494/10 3441/3504/10 3445/871/10
f 3440/498/7 3444/497/7 3446/527/7
f 3447/531/3 3445/879/3 3441/872/3
f 3439/490/8 3458/490/8 3457/492/8
f 3438/494/10 3467/494/10 3458/495/10
f 3435/502/673 3453/3361/673 3455/501/673
s 1
f 3452/834/903 3453/855/3016 3435/546/863
s 0
f 3454/509/3017 3452/508/3017 3434/536/3017
f 3433/512/2981 3431/845/2981 3449/844/2981
s 1
f 3448/831/912 3449/3593/3020 3431/846/890
s 0
f 3432/512/2944 3450/642/2944 3448/849/2944
f 3461/3594/678 3462/3595/678 3460/3596/678
f 3461/3594/657 3460/3596/657 3459/3597/657
s 1
f 3450/831/853 3451/854/911 3462/846/914
s 0
f 3465/1183/3013 3466/1196/3013 3464/3598/3013
f 3465/1183/664 3464/3598/664 3463/3599/664
s 1
f 3454/834/901 3455/855/902 3466/835/893
s 0
f 3468/526/3 3469/527/3 3458/497/3
f 3471/528/4 3473/491/4 3472/492/4
f 3473/870/13 3477/3366/13 3476/558/13
f 3477/491/8 3475/528/8 3474/490/8
f 3475/871/10 3471/3504/10 3470/494/10
f 3476/527/3 3474/497/3 3470/498/3
f 3477/531/7 3473/530/7 3471/872/7
f 3456/560/13 3457/558/13 3469/558/13
f 3467/490/4 3456/492/4 3468/492/4
f 3455/501/3008 3453/3361/3008 3464/502/3008
s 1
f 3464/1140/895 3453/855/3016 3452/834/903
s 0
f 3463/536/3018 3452/508/3018 3454/509/3018
f 3462/883/2986 3451/510/2986 3449/844/2986
s 1
f 3460/846/915 3449/3593/3020 3448/831/912
s 0
f 3461/512/702 3459/876/702 3448/849/702
f 3481/914/703 3480/1121/703 3478/1143/703
s 1
f 3498/831/853 3480/954/3001 3481/917/854
s 0
f 3482/1203/659 3483/1202/659 3484/3600/659
f 3483/1202/659 3485/3601/659 3484/3600/659
s 1
f 3502/834/901 3484/836/3002 3485/835/857
s 0
f 3504/526/7 3486/498/7 3506/497/7
f 3490/492/4 3491/491/4 3489/528/4
f 3494/558/13 3495/3366/13 3491/870/13
f 3492/490/8 3493/528/8 3495/491/8
f 3488/494/10 3489/3504/10 3493/871/10
f 3488/498/7 3492/497/7 3494/527/7
f 3495/531/3 3493/879/3 3489/872/3
f 3487/558/13 3505/801/13 3504/904/13
f 3483/502/3003 3501/3361/3003 3503/501/3003
s 1
f 3500/834/903 3501/855/3016 3483/1145/863
s 0
f 3502/509/3017 3500/508/3017 3482/536/3017
f 3481/512/2992 3479/1193/2992 3497/844/2992
s 1
f 3496/831/904 3497/3576/3021 3479/846/867
s 0
f 3480/512/2944 3498/642/2944 3496/849/2944
f 3509/1147/678 3510/3602/678 3508/1148/678
s 1
f 3498/831/853 3499/854/916 3510/846/914
s 0
f 3513/3603/664 3514/1205/664 3512/3604/664
f 3513/3603/634 3512/3604/634 3511/1025/634
s 1
f 3502/834/901 3503/855/902 3514/835/893
s 0
f 3516/526/95 3505/527/95 3517/497/95
f 3519/528/4 3521/491/4 3520/492/4
f 3521/870/13 3525/3366/13 3524/558/13
f 3525/491/8 3523/528/8 3522/490/8
f 3523/871/10 3519/3504/10 3518/494/10
f 3524/527/3 3522/497/3 3518/498/3
f 3525/531/7 3521/530/7 3519/872/7
f 3505/768/8 3506/795/8 3517/490/8
f 3486/738/4 3504/590/4 3516/492/4
f 3506/937/10 3486/894/10 3515/494/10
f 3503/501/766 3501/3361/766 3512/502/766
s 1
f 3512/1151/895 3501/855/3016 3500/834/903
s 0
f 3511/536/3018 3500/508/3018 3502/509/3018
f 3510/1152/2986 3499/510/2986 3497/844/2986
s 1
f 3508/846/915 3497/3576/3021 3496/831/904
s 0
f 3509/512/702 3507/860/702 3496/849/702
f 3529/1021/615 3528/1153/615 3527/829/615
s 1
f 3538/831/918 3528/848/3022 3529/1023/919
s 0
f 3531/526/7 3530/498/7 3546/497/7
f 3533/494/13 3534/3504/13 3150/871/13
f 3533/498/7 3535/497/7 2497/497/7
f 3532/558/10 3545/3359/10 3544/838/10
f 3531/492/8 3544/499/8 3530/490/8
f 2492/942/3023 3541/3361/3023 3543/501/3023
s 1
f 3151/944/686 3540/834/3024 3541/855/922
s 0
f 3148/945/3025 3542/509/3025 3540/508/3025
f 3529/512/2961 3527/845/2961 3537/844/2961
s 1
f 3536/831/924 3537/854/3026 3527/846/925
s 0
f 3538/642/633 3536/849/633 3526/511/633
f 3549/3605/634 3550/3531/634 3547/1059/634
f 3550/3531/634 3548/973/634 3547/1059/634
s 1
f 3538/831/918 3539/854/920 3550/1155/928
s 0
f 3544/526/3 3545/527/3 3553/497/3
f 3154/528/4 3557/528/4 3556/490/4
f 3557/871/13 3555/3504/13 3554/494/13
f 3545/499/4 3546/490/4 3553/490/4
f 3546/495/13 3530/494/13 3552/494/13
f 3543/501/3027 3541/3361/3027 2514/950/3027
s 1
f 3540/834/3024 3152/944/697 3541/855/922
s 0
f 3155/945/3028 3152/953/3028 3540/508/3028
f 3550/512/2966 3539/510/2966 3537/844/2966
s 1
f 3548/846/932 3537/854/3026 3536/831/924
s 0
f 3547/511/2930 3536/849/2930 3538/642/2930
f 3561/3537/615 3560/1153/615 3559/899/615
s 1
f 3570/831/918 3560/848/3022 3561/893/919
s 0
f 3576/526/7 3563/498/7 3564/497/7
f 3565/494/13 3566/3504/13 3158/871/13
f 3564/490/4 3578/490/4 3577/492/4
f 3562/950/3023 3573/3361/3023 3575/501/3023
s 1
f 3159/959/709 3572/834/3029 3573/855/934
s 0
f 3574/509/3030 3572/508/3030 3159/953/3030
f 3561/512/2961 3559/946/2961 3569/844/2961
s 1
f 3568/831/924 3569/854/3026 3559/846/925
s 0
f 3570/642/633 3568/849/633 3558/511/633
f 3581/1157/634 3582/3531/634 3580/1158/634
s 1
f 3570/831/918 3571/854/920 3582/1155/928
s 0
f 3586/526/3 3587/527/3 3578/497/3
f 3162/528/4 3591/528/4 3590/490/4
f 3591/871/13 3589/3504/13 3588/494/13
f 2547/497/3 3590/497/3 3588/498/3
f 3576/560/10 3577/558/10 3587/558/10
f 3563/490/8 3576/492/8 3586/492/8
f 3578/495/13 3563/494/13 3585/494/13
f 3575/501/3027 3573/3361/3027 3583/963/3027
s 1
f 3572/834/3029 3160/944/697 3573/855/934
s 0
f 3163/945/3031 3160/953/3031 3572/508/3031
f 3582/512/2966 3571/510/2966 3569/844/2966
s 1
f 3580/846/932 3569/854/3026 3568/831/924
s 0
f 3579/511/2930 3568/849/2930 3570/642/2930
f 3595/3537/615 3594/1160/615 3593/899/615
s 1
f 3604/968/937 3594/848/3032 3595/893/938
s 0
f 3610/526/7 3596/498/7 3597/497/7
f 3600/490/4 3601/528/4 3166/528/4
f 3598/494/13 3599/3504/13 3601/871/13
f 3598/498/7 3600/497/7 2558/497/7
f 3166/879/3 3601/879/3 3599/872/3
f 3597/490/4 3612/490/4 3611/492/4
f 3596/494/13 3619/494/13 3612/495/13
f 2552/969/3023 3607/3361/3023 3609/501/3023
s 1
f 3167/944/686 3606/834/3024 3607/855/939
s 0
f 3164/945/3025 3608/509/3025 3606/508/3025
f 3595/512/2961 3593/946/2961 3603/844/2961
s 1
f 3602/831/942 3603/854/3026 3593/846/943
s 0
f 3604/642/633 3602/849/633 3592/1065/633
f 3615/1157/634 3616/3530/634 3614/973/634
f 3615/1157/634 3614/973/634 3613/1159/634
s 1
f 3604/968/937 3605/854/920 3616/853/928
s 0
f 3620/526/3 3621/527/3 3612/497/3
f 3170/871/13 3623/3504/13 3622/494/13
f 2577/497/3 3624/497/3 3622/498/3
f 3170/879/7 2576/872/7 3623/872/7
f 3610/560/10 3611/558/10 3621/558/10
f 3619/490/8 3610/492/8 3620/492/8
f 3609/501/3027 3607/3361/3027 3617/969/3027
s 1
f 3606/834/3024 3168/944/697 3607/855/939
s 0
f 3171/945/3031 3168/953/3031 3606/508/3031
f 3616/512/2966 3605/510/2966 3603/844/2966
s 1
f 3614/846/932 3603/854/3026 3602/831/942
s 0
f 3613/511/2930 3602/849/2930 3604/642/2930
f 3628/3606/659 3627/1070/659 3626/899/659
s 1
f 3635/831/918 3627/848/3022 3628/1163/919
s 0
f 3641/526/7 3629/498/7 3643/497/7
f 3630/494/13 3631/3504/13 3174/871/13
f 3630/498/7 3632/497/7 2587/497/7
f 3629/494/13 3649/494/13 3643/937/13
f 2583/963/3023 3638/3361/3023 3640/501/3023
s 1
f 3175/944/686 3637/834/3033 3638/855/945
s 0
f 3172/945/3034 3639/509/3034 3637/508/3034
f 3628/512/2961 3626/946/2961 3634/844/2961
s 1
f 3633/831/924 3634/854/3026 3626/846/925
s 0
f 3635/642/633 3633/849/633 3625/511/633
f 3646/3607/3013 3647/3608/3013 3645/3609/3013
f 3646/3607/634 3645/3609/634 3644/972/634
s 1
f 3635/831/918 3636/854/920 3647/900/946
s 0
f 3650/526/3 3652/527/3 3651/497/3
f 3178/528/4 3656/528/4 3655/490/4
f 3656/871/13 3654/3504/13 3653/494/13
f 3642/590/4 3643/795/4 3651/490/4
f 3641/904/10 3642/760/10 3652/558/10
f 3649/490/8 3641/590/8 3650/492/8
f 3640/501/3027 3638/3361/3027 2604/950/3027
s 1
f 3637/834/3033 3176/944/724 3638/855/945
s 0
f 3176/953/3035 3637/508/3035 3639/509/3035
f 3647/512/2966 3636/510/2966 3634/844/2966
s 1
f 3645/846/932 3634/854/3026 3633/831/924
s 0
f 3644/511/2930 3633/849/2930 3635/642/2930
f 3660/3610/615 3659/1165/615 3658/852/615
s 1
f 3669/847/948 3659/848/3022 3660/846/949
s 0
f 3675/526/7 3661/498/7 3677/497/7
f 3665/490/4 3666/528/4 3182/528/4
f 3663/494/13 3664/3504/13 3666/871/13
f 3182/879/3 3666/879/3 3664/872/3
f 3662/558/10 3676/558/10 3675/560/10
f 3661/494/13 3684/494/13 3677/495/13
f 2615/985/3023 3672/3361/3023 3674/501/3023
s 1
f 3183/944/686 3671/834/3033 3672/855/945
s 0
f 3180/945/3034 3673/509/3034 3671/508/3034
f 3660/982/2961 3658/845/2961 3668/844/2961
s 1
f 3667/831/924 3668/854/3026 3658/846/943
s 0
f 3669/642/633 3667/849/633 3657/511/633
f 3680/3611/634 3681/1224/634 3678/1225/634
f 3681/1224/634 3679/989/634 3678/1225/634
s 1
f 3669/847/948 3670/854/950 3681/917/928
s 0
f 3685/526/3 3676/527/3 3686/497/3
f 3186/871/13 3688/3504/13 3687/494/13
f 2640/497/3 3689/497/3 3687/498/3
f 3676/492/4 3677/490/4 3686/490/4
f 3684/490/8 3675/492/8 3685/492/8
f 3674/501/3027 3672/3361/3027 3682/942/3027
s 1
f 3671/834/3033 3184/944/724 3672/855/945
s 0
f 3184/953/3035 3671/508/3035 3673/509/3035
f 3681/512/2966 3670/510/2966 3668/844/2966
s 1
f 3679/846/932 3668/854/3026 3667/831/924
s 0
f 3678/511/2930 3667/849/2930 3669/642/2930
f 3693/3612/659 3692/1167/659 3691/1082/659
s 1
f 3703/831/918 3692/848/3022 3693/1168/938
s 0
f 3709/526/7 3694/498/7 3695/497/7
f 3699/490/4 3700/528/4 3190/528/4
f 3697/494/13 3698/3504/13 3700/871/13
f 3190/879/3 3700/879/3 3698/872/3
f 3695/490/4 3711/624/4 3710/768/4
f 3696/558/10 3710/801/10 3709/904/10
f 2646/995/3023 3706/3361/3023 3708/501/3023
s 1
f 3191/944/686 3705/834/3024 3706/855/922
s 0
f 3188/945/3025 3707/509/3025 3705/508/3025
f 3693/512/2977 3691/946/2977 3702/844/2977
s 1
f 3701/831/942 3702/854/3026 3691/846/943
s 0
f 3703/642/633 3701/849/633 3690/511/633
f 3714/3613/664 3715/3536/664 3713/3614/664
f 3714/3613/664 3713/3614/664 3712/3615/664
s 1
f 3703/831/918 3704/854/953 3715/992/928
s 0
f 3719/526/3 3710/527/3 3711/497/3
f 3194/528/4 3723/528/4 3722/490/4
f 3723/871/13 3721/3504/13 3720/494/13
f 3694/738/8 3709/590/8 3719/492/8
f 3711/994/13 3694/894/13 3718/494/13
f 3708/501/3027 3706/3361/3027 3716/963/3027
s 1
f 3705/834/3024 3192/944/697 3706/855/922
s 0
f 3195/945/3028 3192/953/3028 3705/508/3028
f 3715/512/2966 3704/510/2966 3702/844/2966
s 1
f 3713/846/957 3702/854/3026 3701/831/942
s 0
f 3712/1170/2930 3701/849/2930 3703/642/2930
f 3726/828/703 3727/3533/703 3724/3616/703
f 3727/3533/703 3725/829/703 3724/3616/703
s 1
f 3742/831/959 3743/854/975 3727/974/960
s 0
f 3730/3578/615 3731/3617/615 3729/1111/615
f 3730/3578/659 3729/1111/659 3728/1177/659
s 1
f 3746/834/962 3747/855/977 3731/835/963
s 0
f 3733/526/7 3749/527/7 3750/497/7
f 3734/490/749 3737/528/749 3735/491/749
f 3735/870/13 3739/3366/13 3738/3492/13
f 3739/491/750 3737/528/750 3736/490/750
f 3738/3493/7 3736/497/7 3734/498/7
f 3739/531/3 3735/530/3 3737/856/3
f 3732/490/8 3748/499/8 3733/492/8
f 3747/501/3036 3745/3361/3036 3729/502/3036
s 1
f 3729/841/967 3745/855/3037 3744/834/968
s 0
f 3728/536/3038 3744/508/3038 3746/509/3038
f 3727/512/2942 3743/510/2942 3741/844/2942
s 1
f 3725/846/970 3741/854/3039 3740/847/971
s 0
f 3726/512/802 3724/891/802 3740/849/802
f 3754/850/678 3753/1121/678 3751/1010/678
s 1
f 3742/831/959 3753/954/3040 3754/853/974
s 0
f 3758/1172/664 3757/3618/664 3755/1173/664
s 1
f 3746/834/962 3757/836/3041 3758/835/976
s 0
f 3748/526/3 3759/498/3 3760/497/3
f 3762/490/735 3766/492/735 3763/491/735
f 3766/3492/13 3767/3366/13 3763/870/13
f 3764/490/622 3765/528/622 3767/491/622
f 3762/498/3 3764/497/3 3766/3493/3
f 3760/490/4 3750/490/4 3749/492/4
f 3761/558/13 3749/558/13 3748/838/13
f 3759/494/10 3732/494/10 3750/495/10
f 3756/502/3042 3745/3361/3042 3747/501/3042
s 1
f 3744/834/968 3745/855/3037 3756/1114/980
s 0
f 3746/509/3043 3744/508/3043 3755/536/3043
f 3754/512/2948 3752/845/2948 3741/844/2948
s 1
f 3740/847/971 3741/854/3039 3752/846/983
s 0
f 3753/512/2987 3742/642/2987 3740/849/2987
f 3770/828/703 3771/1013/703 3768/3619/703
f 3771/1013/703 3769/1115/703 3768/3619/703
s 1
f 3786/831/959 3787/854/975 3771/893/960
s 0
f 3774/1176/615 3775/3620/615 3773/1118/615
s 1
f 3790/834/985 3791/855/977 3775/835/963
s 0
f 3777/526/7 3793/527/7 3794/497/7
f 3778/490/749 3781/528/749 3779/491/749
f 3779/870/13 3783/3366/13 3782/3492/13
f 3783/491/750 3781/528/750 3780/490/750
f 3782/3493/7 3780/497/7 3778/498/7
f 3783/531/3 3779/530/3 3781/856/3
f 3803/490/8 3792/492/8 3777/492/8
f 3794/495/10 3803/494/10 3776/494/10
f 3791/501/3036 3789/3361/3036 3773/502/3036
s 1
f 3773/1119/967 3789/855/3037 3788/834/968
s 0
f 3772/536/3038 3788/508/3038 3790/509/3038
f 3771/512/2942 3787/510/2942 3785/844/2942
s 1
f 3769/846/970 3785/854/3039 3784/831/986
s 0
f 3770/512/802 3768/860/802 3784/849/802
f 3798/850/678 3797/1121/678 3795/868/678
s 1
f 3786/831/959 3797/954/3040 3798/853/974
s 0
f 3799/1181/664 3800/3587/664 3802/1179/664
s 1
f 3790/834/985 3801/836/3041 3802/835/976
s 0
f 3792/526/3 3803/498/3 3804/497/3
f 3808/492/8 3809/491/8 3807/528/8
f 3812/558/13 3813/3366/13 3809/870/13
f 3810/490/4 3811/528/4 3813/491/4
f 3806/494/10 3807/3504/10 3811/871/10
f 3806/498/3 3810/497/3 3812/527/3
f 3813/531/7 3811/879/7 3807/872/7
f 3804/490/4 3794/490/4 3793/492/4
f 3805/558/13 3793/558/13 3792/560/13
f 3800/502/3042 3789/3361/3042 3791/501/3042
s 1
f 3788/834/968 3789/855/3037 3800/1124/980
s 0
f 3790/509/3043 3788/508/3043 3799/536/3043
f 3798/512/2948 3796/845/2948 3785/844/2948
s 1
f 3784/831/986 3785/854/3039 3796/846/983
s 0
f 3797/512/2987 3786/642/2987 3784/849/2987
f 3816/877/703 3817/1013/703 3815/1115/703
s 1
f 3835/831/988 3836/854/975 3817/893/989
s 0
f 3820/1183/615 3821/1126/615 3819/1127/615
s 1
f 3839/834/962 3840/855/977 3821/835/963
s 0
f 3841/526/7 3824/527/7 3823/497/7
f 3826/528/8 3828/491/8 3827/492/8
f 3828/870/13 3832/3366/13 3831/558/13
f 3832/491/4 3830/528/4 3829/490/4
f 3830/871/10 3826/3504/10 3825/494/10
f 3831/527/7 3829/497/7 3825/498/7
f 3832/531/3 3828/530/3 3826/872/3
f 3842/492/4 3843/490/4 3823/490/4
f 3841/560/13 3842/558/13 3824/558/13
f 3843/495/10 3852/494/10 3822/494/10
f 3840/501/3036 3838/3361/3036 3819/502/3036
s 1
f 3819/1128/967 3838/855/3037 3837/834/968
s 0
f 3818/536/3038 3837/508/3038 3839/509/3038
f 3817/512/2942 3836/510/2942 3834/844/2942
s 1
f 3815/846/990 3834/854/3039 3833/831/986
s 0
f 3816/512/802 3814/860/802 3833/849/802
f 3847/850/678 3846/3621/678 3844/892/678
s 1
f 3835/831/988 3846/848/3044 3847/853/974
s 0
f 3851/1184/664 3850/3622/664 3848/1173/664
s 1
f 3839/834/962 3850/836/3041 3851/835/976
s 0
f 3853/526/3 3852/498/3 3843/497/3
f 3856/492/8 3857/491/8 3855/528/8
f 3860/558/13 3861/3366/13 3857/870/13
f 3858/490/4 3859/528/4 3861/491/4
f 3854/494/10 3855/3504/10 3859/871/10
f 3854/498/3 3858/497/3 3860/527/3
f 3861/531/7 3859/879/7 3855/872/7
f 3853/492/8 3841/492/8 3852/490/8
f 3849/502/3042 3838/3361/3042 3840/501/3042
s 1
f 3837/834/968 3838/855/3037 3849/1186/980
s 0
f 3839/509/3043 3837/508/3043 3848/536/3043
f 3847/512/2948 3845/845/2948 3834/844/2948
s 1
f 3833/831/986 3834/854/3039 3845/846/992
s 0
f 3846/1187/2987 3835/642/2987 3833/849/2987
f 3864/923/703 3865/3528/703 3863/899/703
s 1
f 3882/831/988 3883/854/975 3865/940/989
s 0
f 3868/1137/3019 3869/3623/3019 3866/1016/3019
f 3869/3623/659 3867/3624/659 3866/1016/659
s 1
f 3886/834/985 3887/855/977 3869/835/993
s 0
f 3888/526/7 3871/527/7 3890/497/7
f 3873/528/8 3875/491/8 3874/492/8
f 3875/870/13 3879/3366/13 3878/558/13
f 3879/491/4 3877/528/4 3876/490/4
f 3877/871/10 3873/3504/10 3872/494/10
f 3878/527/7 3876/497/7 3872/498/7
f 3879/531/3 3875/530/3 3873/872/3
f 3888/904/13 3889/558/13 3871/558/13
f 3887/501/3036 3885/3361/3036 3867/502/3036
s 1
f 3867/1188/967 3885/855/3037 3884/834/968
s 0
f 3866/536/3038 3884/508/3038 3886/509/3038
f 3865/512/2942 3883/510/2942 3881/844/2942
s 1
f 3863/846/990 3881/854/3039 3880/831/986
s 0
f 3864/512/802 3862/860/802 3880/849/802
f 3894/897/657 3893/3625/657 3891/1189/657
s 1
f 3882/831/988 3893/848/3044 3894/900/974
s 0
f 3898/1126/664 3897/3626/664 3895/1190/664
s 1
f 3886/834/985 3897/836/3041 3898/835/976
s 0
f 3900/526/3 3899/498/3 3901/497/3
f 3904/492/8 3905/491/8 3903/528/8
f 3908/558/13 3909/3366/13 3905/870/13
f 3906/490/4 3907/528/4 3909/491/4
f 3902/494/10 3903/3504/10 3907/871/10
f 3902/498/3 3906/497/3 3908/527/3
f 3909/531/7 3907/879/7 3903/872/7
f 3901/490/4 3890/795/4 3889/492/4
f 3900/492/8 3888/590/8 3870/738/8
f 3899/494/10 3870/894/10 3890/937/10
f 3896/502/3042 3885/3361/3042 3887/501/3042
s 1
f 3884/834/968 3885/855/3037 3896/1128/980
s 0
f 3886/509/3043 3884/508/3043 3895/536/3043
f 3894/512/2948 3892/946/2948 3881/844/2948
s 1
f 3880/831/986 3881/854/3039 3892/846/983
s 0
f 3893/1187/3045 3882/642/3045 3880/849/3045
f 3912/3627/703 3913/1135/703 3910/1037/703
f 3913/1135/703 3911/3628/703 3910/1037/703
s 1
f 3931/831/959 3932/854/975 3913/1038/960
s 0
f 3916/3514/659 3917/1136/659 3915/540/659
f 3916/3514/615 3915/540/615 3914/3592/615
s 1
f 3935/834/996 3936/855/1000 3917/835/993
s 0
f 3937/526/7 3920/527/7 3919/497/7
f 3922/528/8 3924/491/8 3923/492/8
f 3924/870/13 3928/3366/13 3927/558/13
f 3928/491/4 3926/528/4 3925/490/4
f 3926/871/10 3922/3504/10 3921/494/10
f 3927/527/7 3925/497/7 3921/498/7
f 3928/531/3 3924/530/3 3922/872/3
f 3938/492/4 3939/490/4 3919/490/4
f 3937/560/13 3938/558/13 3920/558/13
f 3939/495/10 3948/494/10 3918/494/10
f 3936/501/644 3934/3361/644 3915/502/644
s 1
f 3915/546/967 3934/855/3046 3933/834/997
s 0
f 3914/536/3011 3933/508/3011 3935/509/3011
f 3913/512/2942 3932/510/2942 3930/844/2942
s 1
f 3911/846/998 3930/3576/3047 3929/831/986
s 0
f 3912/512/802 3910/860/802 3929/849/802
f 3943/1021/678 3942/1194/678 3941/932/678
s 1
f 3931/831/959 3942/3629/3040 3943/1023/974
s 0
f 3947/1196/664 3946/3518/664 3944/1197/664
s 1
f 3935/834/996 3946/3519/3048 3947/835/999
s 0
f 3949/526/3 3948/498/3 3939/497/3
f 3952/492/8 3953/491/8 3951/528/8
f 3956/558/13 3957/3366/13 3953/870/13
f 3954/490/4 3955/528/4 3957/491/4
f 3950/494/10 3951/3504/10 3955/871/10
f 3950/498/3 3954/497/3 3956/527/3
f 3957/531/7 3955/879/7 3951/872/7
f 3949/492/8 3937/492/8 3948/490/8
f 3945/502/3042 3934/3361/3042 3936/501/3042
s 1
f 3933/834/997 3934/855/3046 3945/1199/1001
s 0
f 3946/507/3049 3935/509/3049 3933/508/3049
f 3943/512/2948 3941/845/2948 3930/844/2948
s 1
f 3929/831/986 3930/3576/3047 3941/846/983
s 0
f 3942/512/2987 3931/642/2987 3929/849/2987
f 3960/923/759 3961/1204/759 3959/924/759
s 1
f 3978/831/959 3979/854/975 3961/992/960
s 0
f 3964/1201/659 3965/3630/659 3963/1202/659
s 1
f 3982/834/996 3983/855/1000 3965/835/963
s 0
f 3984/526/7 3967/527/7 3986/497/7
f 3969/528/8 3971/491/8 3970/492/8
f 3971/870/13 3975/3366/13 3974/558/13
f 3975/491/4 3973/528/4 3972/490/4
f 3973/871/10 3969/3504/10 3968/494/10
f 3974/527/7 3972/497/7 3968/498/7
f 3975/531/3 3971/530/3 3969/872/3
f 3984/904/13 3985/801/13 3967/558/13
f 3983/501/644 3981/3361/644 3963/502/644
s 1
f 3963/1145/967 3981/855/3046 3980/834/997
s 0
f 3962/536/3011 3980/508/3011 3982/509/3011
f 3961/512/2942 3979/510/2942 3977/844/2942
s 1
f 3959/846/970 3977/854/3039 3976/831/986
s 0
f 3960/512/802 3958/876/802 3976/849/802
f 3990/1204/678 3989/1147/678 3987/1149/678
s 1
f 3978/831/959 3989/1150/3040 3990/992/974
s 0
f 3994/1205/664 3993/3631/664 3991/1206/664
s 1
f 3982/834/996 3993/3632/3048 3994/835/999
s 0
f 3996/526/3 3995/498/3 3997/497/3
f 4000/492/8 4001/491/8 3999/528/8
f 4004/558/13 4005/3366/13 4001/870/13
f 4002/490/4 4003/528/4 4005/491/4
f 3998/494/10 3999/3504/10 4003/871/10
f 3998/498/3 4002/497/3 4004/527/3
f 4005/531/7 4003/879/7 3999/872/7
f 3997/490/4 3986/795/4 3985/768/4
f 3996/492/8 3984/590/8 3966/738/8
f 3995/494/10 3966/894/10 3986/937/10
f 3992/502/3042 3981/3361/3042 3983/501/3042
s 1
f 3980/834/997 3981/855/3046 3992/1208/1001
s 0
f 3993/507/3049 3982/509/3049 3980/508/3049
f 3990/512/2948 3988/845/2948 3977/844/2948
s 1
f 3976/831/986 3977/854/3039 3988/846/983
s 0
f 3989/512/3050 3978/642/3050 3976/849/3050
f 4008/1153/615 4009/3530/615 4006/3633/615
f 4009/3530/615 4007/973/615 4006/3633/615
s 1
f 4021/831/1007 4022/854/1017 4009/853/1008
s 0
f 4013/526/7 4014/527/7 4029/497/7
f 3198/528/8 4018/528/8 4017/490/8
f 4018/871/13 4016/3504/13 4015/494/13
f 2962/497/7 4017/497/7 4015/498/7
f 4027/838/10 4028/3359/10 4014/558/10
f 4012/490/4 4027/499/4 4013/492/4
f 4026/501/3051 4024/3361/3051 4010/942/3051
s 1
f 4023/834/3052 3196/944/795 4024/855/1011
s 0
f 3199/945/935 3196/953/935 4023/508/935
f 4009/512/2924 4022/510/2924 4020/844/2924
s 1
f 4007/846/1013 4020/854/3053 4019/831/1014
s 0
f 4006/511/2963 4019/849/2963 4021/642/2963
f 4033/3531/664 4032/948/664 4031/973/664
s 1
f 4021/831/1007 4032/848/3054 4033/1155/1016
s 0
f 4027/526/3 4035/498/3 4036/497/3
f 4037/494/13 4038/3504/13 3202/871/13
f 4036/490/8 4029/490/8 4028/499/8
f 4035/494/13 4012/494/13 4029/495/13
f 4034/950/3055 4024/3361/3055 4026/501/3055
s 1
f 3203/944/807 4023/834/3052 4024/855/1011
s 0
f 3200/945/3056 4025/509/3056 4023/508/3056
f 4033/512/2929 4031/946/2929 4020/844/2929
s 1
f 4019/831/1014 4020/854/3053 4031/846/1020
s 0
f 4021/642/758 4019/849/758 4030/511/758
f 4042/1153/615 4043/3574/615 4041/899/615
s 1
f 4054/831/1023 4055/854/1017 4043/893/1008
s 0
f 4047/526/7 4061/527/7 4048/497/7
f 3206/871/13 4050/3504/13 4049/494/13
f 4061/492/8 4062/490/8 4048/490/8
f 4046/490/4 4060/492/4 4047/492/4
f 4059/501/3051 4057/3361/3051 4044/985/3051
s 1
f 4056/834/3052 3204/944/795 4057/855/1011
s 0
f 3207/945/935 3204/953/935 4056/508/935
f 4043/512/2924 4055/510/2924 4053/844/2924
s 1
f 4041/846/1013 4053/854/3053 4052/831/1025
s 0
f 4040/1061/2963 4052/849/2963 4054/642/2963
f 4066/3531/634 4065/1157/634 4064/1158/634
s 1
f 4054/831/1023 4065/848/3054 4066/1155/1016
s 0
f 4060/526/3 4068/498/3 4062/497/3
f 3209/494/13 4070/3504/13 3210/871/13
f 4069/558/10 4061/558/10 4060/560/10
f 4068/494/13 4046/494/13 4062/495/13
f 4067/942/3055 4057/3361/3055 4059/501/3055
s 1
f 3211/944/807 4056/834/3052 4057/855/1011
s 0
f 3208/945/3056 4058/509/3056 4056/508/3056
f 4066/512/2929 4064/946/2929 4053/844/2929
s 1
f 4052/831/1025 4053/854/3053 4064/846/1020
s 0
f 4054/642/758 4052/849/758 4063/511/758
f 4074/948/615 4075/3574/615 4073/899/615
f 4074/948/615 4073/899/615 4072/3570/615
s 1
f 4084/831/1023 4085/854/1017 4075/893/1027
s 0
f 4090/526/7 4079/527/7 4092/497/7
f 3214/871/13 4080/3504/13 3213/494/13
f 3214/879/3 3023/872/3 4080/872/3
f 4090/560/10 4091/558/10 4079/558/10
f 4092/495/13 4097/494/13 4078/494/13
f 4089/501/3051 4087/3361/3051 4076/969/3051
s 1
f 4086/834/3052 3212/944/795 4087/855/1028
s 0
f 3215/945/3057 3212/953/3057 4086/508/3057
f 4075/512/2924 4085/510/2924 4083/844/2924
s 1
f 4073/846/1013 4083/854/3053 4082/831/1025
s 0
f 4072/1065/2963 4082/849/2963 4084/642/2963
f 4096/3530/634 4095/1157/634 4094/973/634
s 1
f 4084/831/1023 4095/848/3054 4096/853/1016
s 0
f 4098/526/3 4097/498/3 4099/497/3
f 4101/490/8 4102/528/8 3218/528/8
f 3217/494/13 4100/3504/13 4102/871/13
f 3218/879/7 4102/879/7 4100/872/7
f 4099/490/8 4092/490/8 4091/492/8
f 4098/492/4 4090/492/4 4097/490/4
f 3041/969/3055 4087/3361/3055 4089/501/3055
s 1
f 3219/944/807 4086/834/3052 4087/855/1028
s 0
f 3216/945/3056 4088/509/3056 4086/508/3056
f 4096/512/2929 4094/946/2929 4083/844/2929
s 1
f 4082/831/1025 4083/854/3053 4094/846/1020
s 0
f 4084/642/758 4082/849/758 4093/511/758
f 4105/1215/615 4106/3606/615 4104/899/615
s 1
f 4116/831/1023 4117/854/1017 4106/1163/1008
s 0
f 4110/526/7 4123/527/7 4124/497/7
f 3222/528/8 4113/528/8 4112/490/8
f 4113/871/13 4111/3504/13 3221/494/13
f 3222/879/3 3055/872/3 4111/872/3
f 4129/490/4 4122/492/4 4110/492/4
f 4124/937/13 4129/494/13 4109/494/13
f 4121/501/3058 4119/3361/3058 4107/963/3058
s 1
f 4118/834/3052 3220/944/795 4119/855/1028
s 0
f 3223/945/3057 3220/953/3057 4118/508/3057
f 4106/512/2924 4117/510/2924 4115/844/2924
s 1
f 4104/846/1013 4115/854/3053 4114/831/1014
s 0
f 4103/511/2963 4114/849/2963 4116/642/2963
f 4128/3634/3013 4127/1217/3013 4126/980/3013
s 1
f 4116/831/1023 4127/848/3054 4128/1219/1016
s 0
f 4122/526/3 4129/498/3 4130/497/3
f 4133/490/8 4134/528/8 3226/528/8
f 3225/494/13 4132/3504/13 4134/871/13
f 3226/879/7 4134/879/7 4132/872/7
f 4130/490/8 4124/795/8 4123/590/8
f 4131/558/10 4123/760/10 4122/560/10
f 3072/1073/3055 4119/3361/3055 4121/501/3055
s 1
f 3227/944/807 4118/834/3052 4119/855/1028
s 0
f 3224/945/3056 4120/509/3056 4118/508/3056
f 4128/512/2929 4126/845/2929 4115/844/2929
s 1
f 4114/831/1014 4115/854/3053 4126/846/1020
s 0
f 4116/642/758 4114/849/758 4125/511/758
f 4137/1221/615 4138/3610/615 4136/852/615
s 1
f 4148/831/1007 4149/854/1038 4138/846/1035
s 0
f 4142/526/7 4143/527/7 4156/497/7
f 3230/871/13 4144/3504/13 3229/494/13
f 4154/560/10 4155/558/10 4143/558/10
f 4161/490/4 4154/492/4 4142/492/4
f 4156/495/13 4161/494/13 4141/494/13
f 4153/501/3051 4151/3361/3051 4139/985/3051
s 1
f 4150/834/3059 3228/944/832 4151/855/1036
s 0
f 3228/953/3034 4150/508/3034 4152/509/3034
f 4138/982/2924 4149/510/2924 4147/844/2924
s 1
f 4136/846/1013 4147/854/3053 4146/831/1014
s 0
f 4135/511/2963 4146/849/2963 4148/642/2963
f 4160/1224/664 4159/3635/664 4157/1225/664
s 1
f 4148/831/1007 4159/848/3054 4160/917/1016
s 0
f 4154/526/3 4161/498/3 4162/497/3
f 3233/494/13 4163/3504/13 3234/871/13
f 4162/490/8 4156/490/8 4155/492/8
f 3106/942/3055 4151/3361/3055 4153/501/3055
s 1
f 3235/944/807 4150/834/3059 4151/855/1036
s 0
f 3232/945/3035 4152/509/3035 4150/508/3035
f 4160/512/2929 4158/946/2929 4147/844/2929
s 1
f 4146/831/1014 4147/854/3053 4158/846/1020
s 0
f 4148/642/758 4146/849/758 4157/511/758
f 4167/3538/659 4168/3542/659 4166/3636/659
f 4167/3538/615 4166/3636/615 4165/1071/615
s 1
f 4179/831/1007 4180/854/1017 4168/926/1027
s 0
f 4172/526/7 4174/527/7 4173/497/7
f 3238/871/13 4175/3504/13 3237/494/13
f 4186/768/8 4187/624/8 4173/490/8
f 4185/993/10 4186/801/10 4174/558/10
f 4171/738/4 4185/768/4 4172/492/4
f 4184/501/3051 4182/3361/3051 4169/995/3051
s 1
f 4181/834/3052 3236/944/795 4182/855/1028
s 0
f 3239/945/3060 3236/953/3060 4181/508/3060
f 4168/512/2924 4180/510/2924 4178/844/2924
s 1
f 4166/846/1013 4178/854/3053 4177/831/1014
s 0
f 4165/511/2963 4177/849/2963 4179/642/2963
f 4191/1204/664 4190/1227/664 4189/1228/664
s 1
f 4179/831/1007 4190/848/3054 4191/992/1016
s 0
f 4185/526/3 4192/498/3 4187/497/3
f 3241/494/13 4193/3504/13 3242/871/13
f 4192/494/13 4171/894/13 4187/994/13
f 3140/963/3055 4182/3361/3055 4184/501/3055
s 1
f 3243/944/807 4181/834/3052 4182/855/1028
s 0
f 3240/945/3056 4183/509/3056 4181/508/3056
f 4191/512/2929 4189/946/2929 4178/844/2929
s 1
f 4177/831/1014 4178/854/3053 4189/846/1020
s 0
f 4179/642/3061 4177/849/3061 4188/511/3061
s 1
f 4184/855/1042 4183/834/3062 3240/1097/1041
f 3239/1089/839 4183/834/3062 4184/855/1042
f 4184/855/1042 4170/1090/840 3239/1089/839
s 0
f 3233/490/4 3111/528/4 4163/528/4
s 1
f 4153/855/1043 4152/834/3063 3232/1231/1041
f 3231/944/842 4152/834/3063 4153/855/1043
f 4153/855/1043 4140/1091/843 3231/944/842
s 0
f 3225/490/4 3078/528/4 4132/528/4
s 1
f 4121/855/1042 4120/834/3062 3224/1101/1041
s 0
f 4111/528/4 3055/528/4 3221/490/4
s 1
f 3223/1089/839 4120/834/3062 4121/855/1042
f 4121/855/1042 4108/1092/840 3223/1089/839
s 0
f 3217/490/4 3046/528/4 4100/528/4
s 1
f 4089/855/1042 4088/834/3064 3216/1101/1041
s 0
f 4080/528/4 3023/528/4 3213/490/4
s 1
f 3215/944/845 4088/834/3064 4089/855/1042
f 4089/855/1042 4077/1093/840 3215/944/845
f 4059/855/1042 4058/834/3062 3208/1101/1041
f 3207/1094/839 4058/834/3062 4059/855/1042
f 4059/855/1042 4045/1095/840 3207/1094/839
s 0
f 4037/490/4 3201/490/4 4038/528/4
s 1
f 4026/855/1042 4025/834/3062 3200/1236/1041
f 3199/944/846 4025/834/3062 4026/855/1042
f 4026/855/1042 4011/1096/840 3199/944/846
f 3195/1097/847 3707/834/3065 3708/855/1045
f 3708/855/1045 3717/1098/848 3195/1097/847
f 3708/855/1045 3707/834/3065 3188/1238/1044
f 3187/944/850 3673/834/3066 3674/855/1046
f 3674/855/1046 3683/1099/848 3187/944/850
s 0
f 3181/490/8 2620/528/8 3664/528/8
s 1
f 3674/855/1046 3673/834/3066 3180/1238/1044
f 3179/944/850 3639/834/3066 3640/855/1046
f 3640/855/1046 3648/1100/848 3179/944/850
s 0
f 3173/490/8 2586/528/8 3631/528/8
s 1
f 3640/855/1046 3639/834/3066 3172/1238/1044
s 0
f 3623/528/8 2576/528/8 3169/490/8
s 1
f 3171/1101/847 3608/834/3067 3609/855/1045
f 3609/855/1045 3618/1102/851 3171/1101/847
f 3609/855/1045 3608/834/3067 3164/944/1047
f 3163/1101/847 3574/834/3068 3575/855/1049
f 3575/855/1049 3584/1103/851 3163/1101/847
s 0
f 3565/490/8 3157/490/8 3566/528/8
s 1
f 3575/855/1049 3574/834/3068 3156/944/1048
f 3155/1104/847 3542/834/3067 3543/855/1045
f 3543/855/1045 3551/1105/851 3155/1104/847
s 0
f 3533/490/8 3149/490/8 3534/528/8
s 1
f 3543/855/1045 3542/834/3067 3148/944/1050
s 0
f 4572/1681/3323 4569/1680/3323 4568/3777/3323
f 4886/3931/3559 4885/3932/3559 4884/3933/3559
f 4883/3934/3560 4884/3933/3560 4885/3932/3560
s 1
usemtl GT_MC_Tiling_Dirty_Metal
f 4274/1280/1078 4271/1281/1079 4273/1282/1080
f 4274/1283/1078 4273/1284/1080 4272/1285/1081
f 4274/1283/1078 4272/1285/1081 4271/1286/1079
f 4271/1281/1079 4268/1287/1082 4270/1288/1083
f 4273/1282/1080 4270/1288/1083 4269/1289/1084
f 4271/1286/1079 4269/1290/1085 4268/1291/1082
f 4267/1292/1086 4270/1288/1083 4265/1293/1087
f 4269/1290/1084 4267/1294/1086 4266/1295/1088
f 4268/1291/1082 4266/1295/1089 4265/1296/1087
f 4264/1297/1090 4265/1293/1087 4262/1298/1091
f 4263/1299/1092 4267/1294/1086 4264/1300/1093
f 4265/1296/1087 4263/1299/1094 4262/1301/1091
f 4262/1298/1091 4258/1302/1095 4261/1303/1096
f 4264/1297/1090 4261/1303/1096 4260/1304/1097
f 4263/1299/1092 4260/1305/1097 4259/1306/1098
f 4262/1301/1091 4259/1306/1098 4258/1307/1095
f 4259/1308/1098 4261/1309/1096 4258/1310/1095
s 0
f 4294/1323/1103 4296/1324/1103 4295/1325/1103
s 1
f 4297/1326/1104 4295/1327/1105 4296/1328/1106
s 0
f 4310/1335/1111 4308/1336/1111 4309/1337/1111
f 4317/1338/1112 4312/1339/1112 4311/1340/1112
f 4318/1341/1113 4317/1342/1113 4314/1343/1113
f 4311/1344/1114 4313/1345/1114 4317/1346/1114
f 4313/1347/1115 4315/1348/1115 4318/1349/1115
s 1
f 4312/1339/1116 4318/1341/1117 4315/1350/1118
s 0
f 4325/1363/1124 4326/1364/1124 4324/1365/1124
f 4326/1366/1125 4325/1367/1125 4324/1368/1125
f 4332/1369/1126 4330/1370/1126 4331/1371/1126
f 4341/1372/1127 4340/1373/1127 4333/1374/1127
f 4338/1375/1128 4334/1376/1128 4336/1377/1128
f 4336/1347/1129 4337/1340/1129 4338/1378/1129
f 4337/1377/1130 4333/1374/1130 4340/1373/1130
f 4335/1379/1131 4337/1380/1131 4336/1381/1131
s 1
f 4333/1382/1132 4338/1383/1133 4339/1350/1134
s 0
f 4354/1394/1141 4353/1395/1141 4355/1396/1141
f 4357/1323/1142 4359/1324/1142 4358/1325/1142
s 1
f 4360/1326/1143 4358/1327/1144 4359/1328/1145
s 0
f 4367/1401/1151 4366/1402/1151 4365/1403/1151
f 4367/1401/1152 4365/1403/1152 4366/1402/1152
f 4368/1404/1153 4370/1405/1153 4369/1406/1153
f 4370/1407/1154 4368/1408/1154 4369/1409/1154
f 4373/1335/1111 4371/1336/1111 4372/1337/1111
f 4377/1410/1155 4379/1411/1155 4375/1412/1155
f 4375/1413/1156 4376/1339/1156 4374/1340/1156
f 4381/1414/1157 4380/1415/1157 4374/1416/1157
f 4377/1417/1158 4380/1418/1158 4378/1381/1158
s 1
f 4379/1373/1159 4378/1419/1160 4375/1420/1161
f 4376/1339/1162 4378/1383/1160 4380/1350/1163
s 0
f 4394/1369/1168 4392/1370/1168 4393/1371/1168
f 4395/1423/1169 4396/1424/1169 4402/1346/1169
f 4396/1347/1170 4397/1340/1170 4401/1425/1170
s 1
f 4400/1426/1171 4395/1427/1172 4399/1428/1173
f 4395/1429/1172 4401/1383/1174 4399/1350/1173
s 0
f 4409/1434/1180 4407/1365/1180 4408/1364/1180
f 4407/1435/1181 4409/1436/1181 4408/1437/1181
f 4410/1438/1182 4412/1439/1182 4411/1440/1182
f 4412/1441/1183 4410/1442/1183 4411/1443/1183
f 4413/1395/1184 4415/1394/1184 4414/1444/1184
f 4418/1445/1185 4419/1446/1185 4416/1447/1185
f 4417/1448/1186 4416/1447/1186 4419/1446/1186
f 4425/1449/1187 4423/1450/1187 4424/1451/1187
f 4427/1452/1188 4428/1453/1188 4426/1454/1188
f 4428/1455/1189 4427/1456/1189 4426/1457/1189
f 4431/1458/1190 4430/1459/1190 4429/1460/1190
f 4429/1460/1191 4430/1459/1191 4431/1458/1191
f 4438/1461/1192 4440/1462/1192 4439/1463/1192
f 4441/1464/1187 4439/1463/1187 4440/1462/1187
f 4455/1482/1208 4454/1483/1208 4452/1484/1208
f 4453/1485/1209 4456/1486/1209 4452/1487/1209
f 4457/1488/1210 4453/1489/1210 4454/1490/1210
f 4458/1491/1211 4456/1486/1211 4457/1492/1211
f 4456/1493/1212 4459/1494/1212 4455/1495/1212
f 4456/1493/1213 4460/1496/1214 4459/1494/1215
f 4461/1497/1216 4466/1498/1216 4463/1499/1216
f 4465/1500/1217 4461/1501/1217 4462/1502/1217
f 4466/1498/1218 4462/1503/1218 4463/1504/1218
f 4466/1498/1219 4467/1505/1219 4465/1506/1219
f 4467/1507/1220 4468/1508/1221 4464/1509/1222
f 4469/1510/1223 4466/1511/1224 4464/1509/1225
f 4481/1535/1240 4486/1536/1240 4483/1537/1240
f 4484/1538/1241 4481/1539/1241 4482/1540/1241
f 4485/1541/1242 4482/1542/1242 4483/1543/1242
f 4484/1544/1243 4489/1545/1244 4486/1536/1245
f 4488/1546/1246 4484/1547/1247 4485/1541/1248
f 4489/1548/1249 4485/1549/1250 4486/1550/1251
f 4490/1551/1252 4495/1552/1252 4492/1553/1252
f 4493/1554/1253 4490/1555/1253 4491/1556/1253
f 4494/1557/1254 4491/1558/1254 4492/1559/1254
f 4493/1554/1255 4497/1560/1255 4495/1561/1255
f 4498/1562/1256 4496/1563/1256 4494/1564/1256
f 4497/1560/1257 4498/1562/1257 4494/1564/1257
f 4496/1563/1258 4501/1565/1259 4497/1560/1260
f 4498/1562/1261 4499/1566/1262 4496/1563/1263
f 4501/1565/1264 4498/1562/1265 4497/1560/1266
f 4501/1565/1267 4502/1567/1268 4500/1568/1269
f 4503/1569/1193 4508/1570/1193 4505/1571/1193
f 4507/1572/1194 4503/1573/1194 4504/1574/1194
f 4508/1575/1270 4504/1576/1270 4505/1577/1270
f 4506/1578/1271 4511/1579/1272 4508/1580/1273
f 4507/1572/1274 4509/1581/1275 4506/1578/1276
f 4510/1582/1202 4507/1572/1203 4508/1580/1277
f 4510/1583/1278 4512/1584/1279 4509/1585/1280
f 4513/1586/1252 4518/1587/1252 4515/1588/1252
f 4516/1589/1281 4513/1590/1281 4514/1591/1281
f 4517/1592/1282 4514/1593/1282 4515/1594/1282
f 4516/1589/1283 4520/1595/1283 4518/1596/1283
f 4521/1597/1284 4519/1598/1284 4517/1599/1284
f 4520/1595/1285 4521/1597/1285 4517/1599/1285
f 4519/1598/1286 4524/1600/1287 4520/1595/1288
f 4521/1597/1289 4522/1601/1290 4519/1598/1291
f 4524/1600/1292 4521/1597/1293 4520/1595/1294
f 4524/1600/1295 4525/1602/1296 4523/1603/1297
f 4526/1604/1298 4531/1605/1298 4528/1606/1298
f 4530/1607/1299 4526/1608/1299 4527/1609/1299
f 4531/1610/1270 4527/1611/1270 4528/1612/1270
f 4529/1613/1300 4534/1614/1301 4531/1615/1302
f 4530/1607/1303 4532/1616/1304 4529/1613/1305
f 4533/1617/1306 4530/1607/1307 4531/1615/1308
f 4533/1618/1309 4535/1619/1310 4532/1620/1311
f 4546/1638/1321 4549/1639/1322 4548/1640/1323
f 4550/1641/1324 4546/1642/1324 4547/1643/1324
f 4548/1644/1325 4551/1645/1325 4547/1646/1325
f 4553/1647/1326 4549/1648/1326 4550/1641/1326
f 4554/1649/1327 4550/1650/1327 4551/1651/1327
f 4549/1652/1328 4554/1649/1328 4551/1645/1328
f 4553/1653/1329 4555/1654/1330 4552/1655/1331
f 4556/1656/1332 4553/1657/1333 4554/1658/1334
f 4557/1659/1335 4554/1660/1336 4552/1661/1337
f 4558/1662/1338 4561/1663/1338 4560/1664/1338
f 4562/1665/1339 4558/1666/1339 4559/1667/1339
f 4560/1668/1340 4563/1669/1340 4559/1667/1340
f 4561/1663/1341 4566/1670/1342 4563/1671/1343
f 4564/1672/1344 4561/1673/1345 4562/1665/1346
f 4565/1674/1347 4562/1675/1348 4563/1676/1349
s 1
f 4589/1691/1355 4586/1692/1356 4588/1693/1357
f 4589/1694/1355 4588/1695/1357 4587/1696/1358
f 4589/1694/1355 4587/1696/1358 4586/1697/1356
f 4586/1692/1356 4583/1287/1359 4585/1698/1360
f 4588/1693/1357 4585/1698/1360 4584/1699/1361
f 4586/1697/1356 4584/1700/1362 4583/1291/1359
f 4585/1698/1360 4580/1701/1363 4582/1702/1364
f 4584/1700/1361 4582/1703/1364 4581/1704/1365
f 4583/1291/1359 4581/1704/1366 4580/1705/1363
f 4579/1706/1367 4580/1701/1363 4577/1707/1368
f 4582/1702/1364 4579/1706/1367 4578/1708/1369
f 4581/1704/1365 4578/1709/1370 4577/1710/1371
f 4579/1706/1367 4573/1711/1372 4576/1712/1373
f 4578/1708/1369 4576/1712/1373 4575/1713/1374
f 4577/1710/1371 4575/1714/1374 4574/1715/1375
f 4577/1710/1371 4574/1715/1375 4573/1716/1372
f 4574/1308/1375 4576/1309/1373 4573/1310/1372
s 0
f 4608/1726/1380 4613/1727/1380 4610/1728/1380
f 4608/1729/1381 4609/1730/1381 4613/1731/1381
f 4614/1323/1382 4609/1732/1382 4608/1325/1382
s 1
f 4607/1733/1383 4610/1728/1384 4613/1727/1385
f 4606/1326/1386 4613/1327/1385 4611/1328/1387
s 0
f 4627/1738/1392 4628/1739/1392 4626/1740/1392
f 4630/1741/1393 4631/1742/1393 4629/1340/1393
f 4629/1423/1394 4632/1381/1394 4630/1741/1394
s 1
f 4631/1742/1395 4632/1383/1396 4633/1350/1397
s 0
f 4640/1363/1401 4641/1364/1401 4639/1365/1401
f 4641/1366/1402 4640/1436/1402 4639/1744/1402
f 4647/1745/1403 4645/1746/1403 4646/1747/1403
f 4645/1748/1404 4647/1749/1404 4646/1750/1404
f 4651/1751/1405 4655/1752/1405 4654/1753/1405
f 4650/1754/1406 4653/1755/1406 4652/1373/1406
f 4650/1379/1407 4651/1756/1407 4653/1381/1407
s 1
f 4648/1757/1408 4653/1383/1409 4654/1350/1410
s 0
f 4669/1761/1416 4667/1370/1416 4668/1762/1416
f 4672/1323/1417 4674/1324/1417 4673/1325/1417
s 1
f 4670/1326/1418 4673/1327/1419 4675/1328/1420
s 0
f 4686/1404/1422 4688/1763/1422 4687/1764/1422
f 4688/1763/1423 4686/1404/1423 4687/1764/1423
f 4690/1738/1424 4691/1739/1424 4689/1740/1424
f 4692/1423/1425 4694/1381/1425 4693/1765/1425
f 4694/1347/1426 4695/1766/1426 4696/1767/1426
s 1
f 4692/1768/1427 4696/1383/1428 4695/1350/1429
s 0
f 4701/1366/3 4703/1769/3 4702/1435/3
f 4703/1769/34 4701/1366/34 4702/1435/34
f 4707/1770/95 4709/1745/95 4708/1771/95
f 4709/1745/34 4707/1770/34 4708/1771/34
f 4717/1772/1431 4713/1773/1431 4710/1340/1431
f 4710/1774/1432 4713/1775/1432 4716/1776/1432
f 4710/1777/1433 4714/1778/1433 4712/1346/1433
s 1
f 4713/1773/1434 4714/1383/1435 4715/1350/1436
s 0
f 4732/1761/1437 4730/1370/1437 4731/1762/1437
f 4735/1445/1438 4736/1446/1438 4733/1447/1438
f 4734/1448/1439 4733/1447/1439 4736/1446/1439
f 4748/1779/1440 4746/1780/1440 4747/1781/1440
f 4746/1782/1441 4748/1783/1441 4747/1784/1441
f 4753/1785/1442 4754/1786/1442 4752/1787/1442
f 4753/1785/1443 4752/1787/1443 4754/1786/1443
f 4759/1788/1423 4757/1789/1423 4758/1790/1423
f 4758/1791/1444 4755/1792/1444 4756/1793/1444
f 4759/1791/1445 4755/1792/1445 4757/1794/1445
f 4772/1801/1456 4771/1483/1456 4769/1484/1456
f 4773/1802/1457 4769/1803/1457 4770/1804/1457
f 4771/1490/1458 4774/1805/1458 4770/1489/1458
f 4776/1806/1459 4772/1807/1459 4773/1802/1459
f 4774/1808/1460 4776/1809/1460 4773/1810/1460
f 4772/1811/1461 4777/1812/1461 4774/1805/1461
f 4776/1806/1462 4778/1496/1463 4775/1813/1464
f 4779/1814/1465 4776/1815/1466 4777/1816/1467
f 4780/1817/1468 4777/1812/1469 4775/1818/1468
f 4781/1497/1470 4786/1819/1470 4783/1499/1470
f 4785/1820/1471 4781/1501/1471 4782/1502/1471
f 4783/1821/1472 4785/1820/1472 4782/1822/1472
f 4784/1823/1473 4789/1824/1474 4786/1819/1475
f 4787/1825/1476 4784/1826/1477 4785/1820/1478
f 4786/1827/1479 4787/1828/1480 4785/1820/1481
f 4788/1829/1482 4790/1830/1483 4787/1831/1484
f 4800/1535/1494 4805/1842/1494 4802/1537/1494
f 4804/1843/1495 4800/1539/1495 4801/1540/1495
f 4802/1844/1496 4804/1843/1496 4801/1845/1496
f 4803/1846/1497 4808/1847/1498 4805/1842/1499
f 4806/1848/1500 4803/1849/1501 4804/1843/1502
f 4805/1850/1503 4807/1851/1504 4804/1843/1505
f 4809/1551/1506 4814/1852/1506 4811/1553/1506
f 4810/1556/1507 4812/1853/1507 4809/1555/1507
f 4813/1854/1508 4810/1558/1508 4811/1559/1508
f 4812/1853/1509 4817/1855/1509 4814/1856/1509
f 4816/1857/1510 4812/1853/1510 4813/1858/1510
f 4817/1855/1511 4813/1858/1511 4814/1856/1511
f 4819/1859/1512 4815/1860/1513 4816/1857/1514
f 4817/1855/1515 4820/1861/1516 4819/1859/1517
f 4821/1569/1446 4825/1862/1446 4823/1571/1446
f 4822/1574/1447 4824/1863/1447 4821/1573/1447
f 4826/1864/1518 4822/1576/1518 4823/1577/1518
f 4826/1865/1449 4827/1866/1449 4824/1863/1449
f 4827/1866/1519 4829/1579/1520 4825/1867/1521
f 4828/1582/1522 4826/1865/1523 4825/1867/1524
f 4830/1586/1525 4835/1868/1525 4832/1588/1525
f 4831/1591/1507 4833/1869/1507 4830/1590/1507
f 4834/1870/1508 4831/1593/1508 4832/1594/1508
f 4833/1869/1526 4838/1871/1526 4835/1872/1526
f 4837/1873/1527 4833/1869/1527 4834/1874/1527
f 4838/1871/1511 4834/1874/1511 4835/1872/1511
f 4840/1875/1528 4836/1876/1529 4837/1873/1530
f 4838/1871/1531 4841/1877/1532 4840/1875/1533
f 4842/1604/1534 4846/1878/1534 4844/1606/1534
f 4843/1609/1447 4845/1879/1447 4842/1608/1447
f 4847/1880/1518 4843/1611/1518 4844/1612/1518
f 4847/1881/1535 4848/1882/1535 4845/1879/1535
f 4848/1882/1536 4850/1614/1537 4846/1883/1538
f 4849/1617/1539 4847/1881/1540 4846/1883/1541
f 4860/1638/1547 4865/1890/1547 4862/1640/1547
f 4863/1891/1548 4860/1642/1548 4861/1643/1548
f 4864/1892/1549 4861/1893/1549 4862/1894/1549
f 4863/1895/1550 4866/1896/1550 4865/1890/1550
f 4868/1897/1551 4863/1898/1551 4864/1892/1551
f 4865/1899/1552 4868/1900/1552 4864/1901/1552
f 4867/1653/1553 4869/1654/1554 4866/1655/1555
f 4870/1902/1556 4867/1903/1557 4868/1904/1558
f 4871/1659/1559 4868/1660/1560 4866/1661/1561
f 4871/1905/1562 4872/1906/1563 4870/1907/1564
f 4873/1662/1565 4878/1908/1565 4875/1909/1565
f 4877/1910/1566 4873/1666/1566 4874/1911/1566
f 4878/1908/1567 4874/1912/1567 4875/1909/1567
f 4876/1913/1568 4882/1670/1569 4878/1908/1570
f 4877/1910/1571 4879/1914/1572 4876/1915/1573
f 4881/1674/1574 4877/1916/1575 4878/1908/1576
f 4880/1917/1577 4882/1918/1578 4879/1919/1579
s 1
f 5047/2156/1691 5050/2157/1692 5046/2158/1693
f 5046/2159/1693 5050/2160/1692 5051/2161/1694
f 5051/2162/1694 5049/2163/1695 5048/2164/1696
f 5058/2168/1698 5057/2169/1699 5056/2170/1700
f 5051/2161/1694 5056/2171/1701 5046/2159/1693
f 5057/2172/1702 5048/2173/1696 5047/2174/1691
f 5059/2175/1703 5058/2176/1698 5051/2162/1694
f 5060/2180/1705 5062/2181/1705 5061/2182/1705
f 5081/2156/1706 5083/2157/1692 5080/2158/1693
f 5080/2201/1693 5083/2160/1692 5084/2161/1707
f 5092/2168/1698 5090/2169/1699 5089/2170/1700
f 5084/2161/1707 5089/2171/1701 5080/2201/1693
f 5090/2172/1709 5082/2173/1710 5081/2202/1706
f 5088/2203/1711 5091/2204/1712 5082/2205/1710
f 5091/2204/1712 5084/2206/1707 5082/2205/1710
f 5093/2175/1713 5092/2176/1698 5084/2206/1707
f 5094/2207/1705 5096/2208/1705 5095/2182/1705
f 5119/2157/1698 5115/2156/1699 5114/2158/1700
f 5127/2161/1707 5114/2201/1701 5125/2171/1693
f 5115/2202/1714 5117/2173/1715 5116/2172/1716
f 5113/2227/1717 5118/2163/1718 5117/2228/1715
f 5118/2163/1718 5127/2229/1707 5117/2228/1715
f 5120/2230/1713 5119/2231/1698 5127/2229/1707
f 5121/2232/1705 5123/2233/1705 5122/2234/1705
f 5116/2169/1719 5126/2168/1720 5125/2170/1693
f 5125/2171/1693 5126/2235/1720 5127/2161/1707
f 5153/2157/1722 5149/2156/1723 5148/2158/1700
f 5153/2160/1722 5151/2171/1724 5154/2161/1725
f 5159/2172/1726 5147/2247/1727 5150/2173/1728
f 5147/2248/1729 5152/2163/1730 5150/2249/1728
f 5152/2163/1730 5154/2250/1725 5150/2249/1728
f 5155/2251/1705 5157/2252/1705 5156/2234/1705
f 5159/2169/1726 5160/2168/1731 5151/2170/1724
f 5151/2171/1724 5160/2235/1731 5154/2161/1725
f 5160/2253/1731 5161/2175/1732 5154/2250/1725
f 5186/2157/1698 5183/2156/1699 5182/2158/1700
f 5195/2161/1694 5182/2201/1701 5185/2171/1693
f 5183/2202/1702 5184/2173/1696 5192/2172/1691
f 5187/2230/1703 5186/2257/1698 5195/2258/1694
f 5189/2259/1705 5190/2260/1705 5188/2261/1705
f 5192/2169/1691 5194/2168/1692 5185/2170/1693
f 5185/2171/1693 5194/2235/1692 5195/2161/1694
f 5195/2258/1694 5193/2204/1695 5184/2262/1696
f 5217/2156/1734 5220/2157/1735 5216/2158/1736
f 5221/2161/1737 5216/2201/1738 5220/2160/1735
f 5219/2173/1715 5217/2202/1739 5218/2172/1714
f 5228/2168/1740 5218/2169/1741 5226/2170/1742
f 5228/2235/1740 5226/2171/1742 5221/2161/1737
f 5225/2265/1743 5227/2204/1718 5219/2266/1715
f 5227/2204/1718 5221/2267/1737 5219/2266/1715
f 5229/2175/1744 5228/2268/1740 5221/2267/1737
f 5230/2269/1705 5232/2270/1705 5231/2182/1705
f 5251/2156/1745 5254/2157/1746 5250/2158/1747
f 5253/2171/1748 5254/2160/1746 5255/2161/1749
f 5260/2172/1750 5249/2247/1751 5251/2202/1752
f 5262/2168/1753 5260/2169/1754 5253/2170/1755
f 5259/2203/1756 5261/2204/1757 5252/2271/1758
f 5261/2204/1757 5255/2272/1749 5252/2271/1758
f 5263/2175/1759 5262/2176/1753 5255/2272/1749
f 5265/2273/1705 5266/2274/1705 5264/2275/1705
f 5285/2156/1760 5288/2157/1761 5284/2158/1747
f 5289/2161/1762 5284/2201/1763 5288/2160/1761
f 5289/2276/1762 5287/2163/1764 5286/2277/1765
f 5296/2168/1767 5295/2169/1768 5294/2170/1755
f 5296/2235/1769 5284/2201/1763 5289/2161/1762
f 5295/2172/1770 5286/2173/1765 5285/2202/1771
f 5297/2175/1772 5296/2278/1767 5289/2276/1762
f 5298/2279/1705 5300/2280/1705 5299/2182/1705
f 5323/2157/1774 5318/2156/1768 5321/2158/1775
f 5323/2160/1774 5321/2281/1775 5331/2161/1776
f 5318/2202/1777 5320/2173/1778 5319/2282/1779
f 5317/2227/1780 5322/2163/1781 5320/2283/1778
f 5322/2163/1781 5331/2284/1776 5320/2283/1778
f 5324/2230/1782 5323/2285/1774 5331/2284/1776
f 5325/2286/1705 5327/2233/1705 5326/2234/1705
f 5319/2169/1760 5330/2168/1761 5329/2170/1747
f 5331/2161/1776 5329/2171/1783 5330/2235/1761
f 5356/2157/1753 5353/2156/1754 5352/2158/1755
f 5351/2287/1756 5355/2163/1757 5354/2288/1758
f 5355/2163/1757 5365/2258/1749 5354/2288/1758
f 5357/2230/1759 5356/2289/1753 5365/2258/1749
f 5358/2290/1705 5360/2233/1705 5359/2234/1705
f 5363/2169/1745 5364/2168/1785 5362/2170/1747
f 5352/2159/1748 5364/2235/1785 5365/2161/1749
f 5353/2202/1750 5361/2291/1751 5363/2172/1752
f 5390/2157/1786 5387/2156/1768 5386/2158/1787
f 5390/2160/1786 5386/2201/1787 5391/2161/1788
f 5385/2287/1789 5389/2163/1790 5388/2277/1791
f 5389/2163/1790 5391/2292/1788 5388/2277/1791
f 5392/2286/1705 5394/2293/1705 5393/2234/1705
f 5397/2169/1760 5398/2168/1792 5396/2170/1747
f 5386/2201/1787 5398/2235/1793 5391/2161/1788
f 5388/2173/1791 5397/2172/1779 5387/2202/1777
f 5398/2253/1792 5399/2175/1794 5391/2292/1788
f 5421/2156/1796 5425/2157/1797 5420/2158/1747
f 5433/2161/1798 5420/2201/1799 5425/2160/1800
f 5423/2173/1801 5421/2202/1802 5422/2172/1803
f 5433/2284/1798 5424/2163/1804 5423/2294/1801
f 5425/2231/1797 5426/2230/1805 5433/2284/1798
f 5432/2168/1807 5422/2169/1803 5431/2170/1808
f 5432/2235/1807 5431/2171/1808 5433/2161/1798
f 5422/2172/1803 5430/2291/1809 5423/2173/1801
f 5434/2269/1705 5436/2270/1705 5435/2182/1705
s 0
f 5462/2303/8 5461/2304/8 5467/2305/8
f 5463/2306/4 5464/2307/4 5472/2308/4
f 5465/2309/1810 5462/2310/1810 5464/2311/1810
f 5469/2312/1811 5461/2313/1811 5462/2310/1811
f 5468/2314/1812 5463/2315/1812 5461/2313/1812
f 5466/2316/1813 5464/2311/1813 5463/2315/1813
f 5470/2304/13 5472/2303/13 5462/2317/13
f 5471/2318/10 5467/2319/10 5463/2320/10
f 5470/2321/1814 5465/2322/1814 5472/2323/1814
f 5467/2324/1815 5469/2325/1815 5470/2321/1815
f 5471/2326/1816 5468/2327/1816 5467/2324/1816
f 5472/2323/1817 5466/2328/1817 5471/2326/1817
f 5473/2329/1818 5475/2330/1818 5474/2331/1818
f 5478/2332/1819 5476/2333/1819 5477/2334/1819
f 5481/2334/1820 5479/2335/1820 5480/2336/1820
f 5482/2337/1821 5484/2338/1821 5483/2339/1821
f 5487/2340/1822 5485/2341/1822 5486/2342/1822
f 5493/2343/1823 5491/2344/1823 5492/2345/1823
f 5491/2346/1824 5493/2347/1824 5492/2348/1824
f 5494/2349/1825 5496/2350/1825 5495/2351/1825
f 5497/2352/1826 5499/2353/1826 5498/2354/1826
f 5502/2355/1827 5500/2356/1827 5501/2357/1827
f 5500/2358/1828 5502/2359/1828 5501/2360/1828
f 5505/2361/1829 5503/2362/1829 5504/2363/1829
f 5507/2364/1830 5508/2365/1830 5506/2366/1830
f 5511/2367/1831 5509/2368/1831 5517/2320/1831
f 5514/2369/1832 5510/2370/1832 5518/2371/1832
f 5512/2372/1833 5509/2373/1833 5511/2374/1833
f 5513/2375/1834 5510/2376/1834 5514/2377/1834
f 5519/2378/1835 5509/2379/1835 5512/2380/1835
f 5516/2381/1836 5513/2382/1836 5509/2383/1836
f 5515/2384/1837 5510/2385/1837 5513/2386/1837
f 5520/2386/1838 5512/2387/1838 5510/2388/1838
f 5517/2389/1839 5519/2390/1839 5511/2374/1839
f 5514/2391/1840 5516/2392/1840 5517/2389/1840
f 5518/2393/1841 5515/2394/1841 5514/2391/1841
f 5511/2374/1842 5520/2395/1842 5518/2393/1842
f 5521/2396/1821 5523/2397/1821 5522/2398/1821
f 5526/2399/1820 5524/2400/1820 5525/2401/1820
f 5529/2402/1819 5527/2403/1819 5528/2404/1819
f 5530/2405/1843 5532/2406/1843 5531/2407/1843
f 5541/2408/1844 5539/2409/1844 5540/2410/1844
f 5539/2411/1828 5541/2412/1828 5540/2413/1828
f 5542/2414/1845 5544/2415/1845 5543/2416/1845
f 5545/2417/1846 5547/2418/1846 5546/2419/1846
f 5550/2420/1823 5548/2421/1823 5549/2422/1823
f 5548/2423/1824 5550/2424/1824 5549/2425/1824
f 5553/2426/1847 5551/2427/1847 5552/2428/1847
f 5555/2429/1848 5556/2430/1848 5554/2431/1848
f 5564/2432/8 5557/2304/8 5561/2305/8
f 5566/2433/1832 5558/2317/1832 5564/2304/1832
f 5561/2319/1849 5559/2320/1849 5565/2318/1849
f 5560/2309/1834 5558/2434/1834 5566/2311/1834
f 5562/2314/1850 5559/2435/1850 5557/2313/1850
f 5567/2436/1837 5558/2437/1837 5560/2438/1837
f 5563/2439/1851 5562/2440/1851 5558/2441/1851
f 5568/2442/1836 5560/2443/1836 5559/2444/1836
f 5564/2321/1841 5567/2322/1841 5566/2323/1841
f 5561/2324/1852 5563/2325/1852 5564/2321/1852
f 5565/2326/1853 5562/2327/1853 5561/2324/1853
f 5566/2323/1854 5568/2328/1854 5565/2326/1854
f 5569/2329/1818 5571/2330/1818 5570/2331/1818
f 5572/2445/1855 5574/2446/1855 5573/2447/1855
f 5574/2448/1856 5572/2449/1856 5573/2450/1856
f 5577/2334/1820 5575/2335/1820 5576/2336/1820
f 5578/2337/1821 5580/2338/1821 5579/2339/1821
f 5583/2340/1822 5581/2341/1822 5582/2342/1822
f 5589/2343/1823 5587/2344/1823 5588/2345/1823
f 5587/2346/1824 5589/2347/1824 5588/2348/1824
f 5590/2349/1857 5592/2350/1857 5591/2351/1857
f 5593/2451/1858 5595/2353/1858 5594/2354/1858
f 5598/2355/1844 5596/2356/1844 5597/2357/1844
f 5596/2358/1828 5598/2359/1828 5597/2360/1828
f 5601/2452/1859 5599/2362/1859 5600/2363/1859
f 5603/2364/1860 5604/2453/1860 5602/2366/1860
f 5615/2372/1812 5605/2454/1812 5606/2455/1812
f 5611/2456/1861 5609/2377/1861 5605/2454/1861
f 5607/2375/1862 5613/2457/1862 5609/2377/1862
f 5608/2458/1863 5606/2455/1863 5613/2457/1863
f 5610/2459/1864 5608/2385/1864 5607/2386/1864
f 5616/2460/4 5615/2461/4 5608/2388/4
f 5612/2320/1865 5606/2462/1865 5605/2368/1865
f 5614/2463/8 5613/2464/8 5606/2465/8
f 5612/2466/1866 5615/2390/1866 5614/2374/1866
f 5613/2393/1867 5610/2394/1867 5609/2391/1867
f 5614/2374/1868 5616/2395/1868 5613/2393/1868
f 5610/2467/1869 5611/2383/1869 5612/2381/1869
f 5619/2468/1870 5617/2469/1870 5618/2470/1870
f 5617/2471/1871 5619/2472/1871 5618/2473/1871
f 5622/2399/1820 5620/2400/1820 5621/2401/1820
f 5625/2402/1819 5623/2403/1819 5624/2404/1819
f 5628/2474/1872 5626/2475/1872 5627/2476/1872
f 5626/2477/1873 5628/2478/1873 5627/2479/1873
f 5637/2408/1827 5635/2480/1827 5636/2410/1827
f 5635/2411/1874 5637/2412/1874 5636/2413/1874
f 5638/2481/1875 5640/2415/1875 5639/2416/1875
f 5641/2482/1846 5643/2418/1846 5642/2419/1846
f 5646/2420/1823 5644/2483/1823 5645/2422/1823
f 5644/2423/1824 5646/2424/1824 5645/2425/1824
f 5649/2426/1876 5647/2427/1876 5648/2428/1876
f 5651/2429/1877 5652/2430/1877 5650/2431/1877
f 5656/2309/1878 5653/2310/1878 5655/2311/1878
f 5660/2312/7 5658/2313/7 5653/2310/7
f 5659/2314/1812 5654/2315/1812 5658/2313/1812
f 5657/2316/1879 5655/2311/1879 5654/2315/1879
f 5661/2305/8 5653/2303/8 5658/2304/8
f 5662/2304/1880 5655/2484/1880 5653/2317/1880
f 5663/2318/1865 5658/2485/1865 5654/2320/1865
f 5662/2486/1881 5664/2322/1881 5655/2323/1881
f 5663/2487/1882 5659/2327/1882 5661/2324/1882
f 5662/2488/1837 5656/2438/1837 5664/2436/1837
f 5659/2440/1883 5660/2441/1883 5662/2439/1883
f 5664/2489/1884 5657/2444/1884 5663/2442/1884
f 5667/2490/1872 5665/2491/1872 5666/2492/1872
f 5665/2493/1873 5667/2494/1873 5666/2495/1873
f 5668/2445/1855 5670/2446/1855 5669/2447/1855
f 5670/2448/1856 5668/2449/1856 5669/2450/1856
f 5673/2334/1820 5671/2335/1820 5672/2336/1820
f 5674/2337/1821 5676/2338/1821 5675/2339/1821
f 5679/2340/1885 5677/2341/1885 5678/2342/1885
f 5685/2343/1823 5683/2344/1823 5684/2345/1823
f 5683/2346/1824 5685/2347/1824 5684/2348/1824
f 5686/2349/1846 5688/2350/1846 5687/2351/1846
f 5689/2352/1845 5691/2353/1845 5690/2354/1845
f 5694/2355/1827 5692/2356/1827 5693/2357/1827
f 5692/2358/1828 5694/2359/1828 5693/2360/1828
f 5697/2496/1886 5695/2362/1886 5696/2363/1886
f 5699/2364/1830 5700/2497/1830 5698/2366/1830
f 5705/2498/1887 5702/2370/1887 5708/2371/1887
f 5703/2372/1888 5701/2454/1888 5709/2455/1888
f 5707/2456/1889 5705/2377/1889 5701/2454/1889
f 5704/2375/1834 5702/2376/1834 5705/2377/1834
f 5706/2384/1837 5702/2385/1837 5704/2386/1837
f 5712/2386/1838 5703/2387/1838 5702/2388/1838
f 5701/2389/1814 5710/2390/1814 5709/2455/1814
f 5705/2391/1890 5711/2392/1890 5701/2389/1890
f 5708/2393/1891 5706/2394/1891 5705/2391/1891
f 5709/2455/1892 5712/2395/1892 5708/2393/1892
f 5711/2499/13 5703/2380/13 5710/2378/13
f 5706/2500/8 5707/2383/8 5711/2381/8
f 5715/2468/1870 5713/2469/1870 5714/2470/1870
f 5713/2471/1871 5715/2472/1871 5714/2473/1871
f 5718/2399/1820 5716/2400/1820 5717/2401/1820
f 5721/2402/1819 5719/2403/1819 5720/2404/1819
f 5724/2474/1872 5722/2475/1872 5723/2476/1872
f 5722/2477/1873 5724/2478/1873 5723/2479/1873
f 5733/2408/1844 5731/2409/1844 5732/2410/1844
f 5731/2411/1828 5733/2412/1828 5732/2413/1828
f 5734/2414/1845 5736/2415/1845 5735/2416/1845
f 5737/2417/1846 5739/2418/1846 5738/2419/1846
f 5742/2420/1823 5740/2421/1823 5741/2422/1823
f 5740/2423/1824 5742/2424/1824 5741/2425/1824
f 5745/2426/1847 5743/2427/1847 5744/2428/1847
f 5747/2429/1848 5748/2430/1848 5746/2431/1848
f 5750/2309/1878 5749/2310/1878 5757/2311/1878
f 5754/2312/1893 5752/2313/1893 5749/2310/1893
f 5753/2314/1888 5756/2315/1888 5752/2313/1888
f 5751/2316/1811 5757/2311/1811 5756/2315/1811
f 5760/2442/8 5750/2443/8 5751/2444/8
f 5755/2304/1894 5757/2433/1894 5749/2317/1894
f 5755/2486/1881 5758/2322/1881 5757/2323/1881
f 5756/2326/1895 5759/2327/1895 5752/2324/1895
f 5757/2323/1890 5760/2328/1890 5756/2326/1890
f 5755/2488/1837 5750/2438/1837 5758/2436/1837
f 5759/2501/1896 5754/2441/1896 5755/2439/1896
f 5760/2502/1897 5753/2503/1897 5759/2504/1897
f 5763/2490/1872 5761/2491/1872 5762/2492/1872
f 5761/2493/1873 5763/2494/1873 5762/2495/1873
f 5766/2332/1819 5764/2333/1819 5765/2334/1819
f 5769/2334/1820 5767/2335/1820 5768/2336/1820
f 5770/2337/1821 5772/2338/1821 5771/2339/1821
f 5781/2343/1823 5779/2344/1823 5780/2345/1823
f 5779/2346/1824 5781/2347/1824 5780/2348/1824
f 5782/2349/1857 5784/2350/1857 5783/2351/1857
f 5785/2451/1858 5787/2353/1858 5786/2354/1858
f 5790/2355/1898 5788/2356/1898 5789/2357/1898
f 5788/2358/1874 5790/2359/1874 5789/2360/1874
f 5793/2452/1859 5791/2362/1859 5792/2363/1859
f 5795/2364/1830 5796/2505/1830 5794/2366/1830
f 5805/2506/1899 5797/2507/1899 5802/2508/1899
f 5806/2509/10 5798/2368/10 5805/2510/10
f 5800/2372/1900 5798/2454/1900 5806/2374/1900
f 5804/2456/1901 5797/2511/1901 5798/2454/1901
f 5801/2458/1902 5806/2374/1902 5799/2457/1902
f 5807/2512/1903 5804/2513/1903 5800/2380/1903
f 5803/2459/1904 5801/2514/1904 5797/2386/1904
f 5805/2389/1905 5807/2390/1905 5806/2374/1905
f 5802/2391/1906 5804/2392/1906 5805/2389/1906
f 5799/2393/1907 5803/2394/1907 5802/2391/1907
f 5806/2374/1908 5808/2395/1908 5799/2393/1908
f 5807/2515/4 5801/2516/4 5808/2386/4
f 5811/2468/1870 5809/2469/1870 5810/2470/1870
f 5809/2471/1871 5811/2472/1871 5810/2473/1871
f 5814/2399/1820 5812/2400/1820 5813/2401/1820
f 5817/2402/1819 5815/2403/1819 5816/2404/1819
f 5820/2517/1872 5818/2475/1872 5819/2476/1872
f 5818/2477/1873 5820/2518/1873 5819/2479/1873
f 5829/2408/1827 5827/2519/1827 5828/2410/1827
f 5827/2411/1828 5829/2412/1828 5828/2413/1828
f 5830/2520/1845 5832/2415/1845 5831/2416/1845
f 5833/2521/1846 5835/2418/1846 5834/2419/1846
f 5838/2420/1823 5836/2483/1823 5837/2422/1823
f 5836/2423/1824 5838/2424/1824 5837/2425/1824
f 5841/2522/1909 5839/2427/1909 5840/2428/1909
f 5843/2429/1910 5844/2523/1910 5842/2431/1910
f 5847/2524/1911 5845/2317/1911 5852/2525/1911
f 5854/2309/1912 5845/2434/1912 5847/2311/1912
f 5850/2314/1888 5846/2315/1888 5849/2313/1888
f 5848/2316/1913 5847/2311/1913 5846/2315/1913
f 5851/2526/1914 5850/2527/1914 5845/2441/1914
f 5853/2308/4 5846/2528/4 5847/2529/4
f 5852/2321/1895 5854/2322/1895 5853/2323/1895
f 5849/2324/1915 5851/2325/1915 5852/2321/1915
f 5846/2326/1895 5855/2327/1895 5849/2324/1895
f 5853/2323/1916 5856/2328/1916 5846/2326/1916
f 5856/2502/13 5850/2530/13 5855/2504/13
f 5854/2531/8 5848/2532/8 5856/2442/8
f 5859/2490/1872 5857/2491/1872 5858/2492/1872
f 5857/2493/1873 5859/2494/1873 5858/2495/1873
f 5862/2332/1819 5860/2533/1819 5861/2334/1819
f 5863/2534/1917 5865/2535/1917 5864/2536/1917
f 5865/2537/1918 5863/2538/1918 5864/2495/1918
f 5868/2539/1870 5866/2540/1870 5867/2541/1870
f 5866/2542/1871 5868/2543/1871 5867/2544/1871
f 5877/2343/1823 5875/2344/1823 5876/2345/1823
f 5875/2346/1824 5877/2347/1824 5876/2348/1824
f 5878/2349/1857 5880/2350/1857 5879/2351/1857
f 5881/2352/1845 5883/2353/1845 5882/2354/1845
f 5886/2355/1827 5884/2356/1827 5885/2357/1827
f 5884/2358/1828 5886/2359/1828 5885/2360/1828
f 5889/2545/1919 5887/2362/1919 5888/2363/1919
f 5891/2364/1920 5892/2546/1920 5890/2366/1920
f 5902/2547/1921 5893/2368/1921 5900/2320/1921
f 5897/2498/1887 5894/2370/1887 5901/2371/1887
f 5895/2372/1833 5893/2373/1833 5902/2374/1833
f 5896/2375/1834 5894/2376/1834 5897/2377/1834
f 5903/2378/1835 5893/2379/1835 5895/2380/1835
f 5899/2381/1836 5896/2382/1836 5893/2383/1836
f 5898/2384/1837 5894/2385/1837 5896/2386/1837
f 5904/2386/1914 5895/2387/1914 5894/2388/1914
f 5900/2389/1905 5903/2390/1905 5902/2374/1905
f 5897/2391/1922 5899/2392/1922 5900/2389/1922
f 5901/2393/1891 5898/2394/1891 5897/2391/1891
f 5902/2374/1892 5904/2395/1892 5901/2393/1892
f 5907/2468/1870 5905/2469/1870 5906/2470/1870
f 5905/2471/1871 5907/2472/1871 5906/2473/1871
f 5910/2399/1820 5908/2400/1820 5909/2401/1820
f 5913/2402/1819 5911/2403/1819 5912/2404/1819
f 5916/2517/1872 5914/2475/1872 5915/2476/1872
f 5914/2477/1873 5916/2518/1873 5915/2479/1873
f 5925/2408/1898 5923/2548/1898 5924/2410/1898
f 5923/2411/1923 5925/2412/1923 5924/2413/1923
f 5926/2549/1924 5928/2415/1924 5927/2416/1924
f 5929/2550/1925 5931/2418/1925 5930/2419/1925
f 5934/2420/1926 5932/2551/1926 5933/2422/1926
f 5932/2423/1927 5934/2424/1927 5933/2425/1927
f 5937/2522/1928 5935/2427/1928 5936/2428/1928
f 5939/2429/1848 5940/2523/1848 5938/2431/1848
f 5951/2303/1929 5941/2317/1929 5949/2304/1929
f 5950/2552/4 5943/2307/4 5951/2308/4
f 5946/2553/1921 5942/2320/1921 5950/2318/1921
f 5944/2309/1912 5941/2434/1912 5943/2311/1912
f 5945/2314/1833 5942/2435/1833 5946/2313/1833
f 5948/2439/1914 5945/2488/1914 5941/2441/1914
f 5947/2504/1835 5942/2554/1835 5945/2503/1835
f 5952/2442/1930 5944/2555/1930 5942/2444/1930
f 5949/2321/1931 5944/2322/1931 5951/2323/1931
f 5946/2324/1892 5948/2325/1892 5949/2321/1892
f 5950/2326/1905 5947/2327/1905 5946/2324/1905
f 5951/2323/1932 5952/2328/1932 5950/2326/1932
f 5953/2329/1818 5955/2330/1818 5954/2331/1818
f 5956/2445/1855 5958/2446/1855 5957/2447/1855
f 5958/2448/1856 5956/2449/1856 5957/2450/1856
f 5961/2334/1820 5959/2335/1820 5960/2336/1820
f 5962/2337/1821 5964/2338/1821 5963/2339/1821
f 5967/2340/1822 5965/2341/1822 5966/2342/1822
f 5973/2343/1926 5971/2556/1926 5972/2345/1926
f 5971/2346/1927 5973/2347/1927 5972/2348/1927
f 5974/2557/1925 5976/2350/1925 5975/2351/1925
f 5977/2558/1933 5979/2353/1933 5978/2354/1933
f 5982/2355/1844 5980/2559/1844 5981/2357/1844
f 5980/2358/1934 5982/2359/1934 5981/2360/1934
f 5985/2545/1919 5983/2362/1919 5984/2363/1919
f 5987/2364/1920 5988/2546/1920 5986/2366/1920
f 5991/2372/1888 5989/2454/1888 5996/2455/1888
f 5995/2456/1889 5993/2377/1889 5989/2454/1889
f 5994/2375/1862 5990/2457/1862 5993/2377/1862
f 5992/2458/1902 5996/2455/1902 5990/2457/1902
f 5989/2389/1895 5997/2390/1895 5996/2455/1895
f 5993/2391/1935 5998/2392/1935 5989/2389/1935
f 5990/2393/1853 5999/2394/1853 5993/2391/1853
f 5996/2455/1906 6000/2395/1906 5990/2393/1906
f 5998/2499/13 5991/2560/13 5997/2378/13
f 5999/2500/8 5995/2561/8 5998/2381/8
f 6000/2562/1936 5994/2563/1936 5999/2384/1936
f 5997/2385/4 5992/2516/4 6000/2386/4
f 6001/2396/1821 6003/2397/1821 6002/2398/1821
f 6006/2399/1820 6004/2400/1820 6005/2401/1820
f 6009/2402/1819 6007/2403/1819 6008/2404/1819
f 6010/2405/1818 6012/2406/1818 6011/2407/1818
f 6021/2408/1937 6019/2548/1937 6020/2410/1937
f 6019/2411/1938 6021/2412/1938 6020/2413/1938
f 6022/2549/1826 6024/2415/1826 6023/2416/1826
f 6025/2550/1857 6027/2418/1857 6026/2419/1857
f 6030/2420/1939 6028/2551/1939 6029/2422/1939
f 6028/2423/1940 6030/2424/1940 6029/2425/1940
f 6033/2522/1941 6031/2427/1941 6032/2428/1941
f 6035/2429/1848 6036/2523/1848 6034/2431/1848
f 6045/2564/1942 6037/2304/1942 6042/2565/1942
f 6046/2566/13 6038/2317/13 6045/2525/13
f 6039/2528/4 6040/2307/4 6046/2567/4
f 6047/2309/1943 6038/2310/1943 6040/2311/1943
f 6044/2312/1944 6037/2313/1944 6038/2310/1944
f 6043/2314/1945 6039/2315/1945 6037/2313/1945
f 6041/2316/1913 6040/2311/1913 6039/2315/1913
f 6045/2321/1931 6047/2322/1931 6046/2323/1931
f 6042/2568/1946 6044/2325/1946 6045/2321/1946
f 6046/2323/1947 6048/2328/1947 6039/2326/1947
f 6048/2502/1948 6043/2530/1948 6042/2504/1948
f 6047/2531/8 6041/2532/8 6048/2442/8
f 6049/2329/1818 6051/2330/1818 6050/2331/1818
f 6054/2332/1819 6052/2533/1819 6053/2334/1819
f 6057/2334/1820 6055/2335/1820 6056/2336/1820
f 6058/2337/1821 6060/2338/1821 6059/2339/1821
f 6063/2340/1822 6061/2341/1822 6062/2342/1822
f 6069/2343/1823 6067/2344/1823 6068/2345/1823
f 6067/2346/1824 6069/2347/1824 6068/2348/1824
f 6070/2349/1846 6072/2350/1846 6071/2351/1846
f 6073/2451/1875 6075/2353/1875 6074/2354/1875
f 6078/2355/1949 6076/2356/1949 6077/2357/1949
f 6076/2358/1874 6078/2359/1874 6077/2360/1874
f 6081/2545/1950 6079/2362/1950 6080/2363/1950
f 6083/2364/1920 6084/2546/1920 6082/2366/1920
f 6087/2372/1888 6093/2454/1888 6086/2455/1888
f 6088/2456/1889 6090/2377/1889 6093/2454/1889
f 6091/2375/1878 6085/2457/1878 6090/2377/1878
f 6089/2458/1951 6086/2455/1951 6085/2457/1951
f 6092/2381/8 6091/2382/8 6088/2383/8
f 6094/2371/1880 6090/2498/1880 6085/2370/1880
f 6093/2389/1814 6095/2390/1814 6086/2455/1814
f 6090/2391/1935 6092/2392/1935 6093/2389/1935
f 6094/2569/1952 6096/2394/1952 6090/2391/1952
f 6092/2499/1897 6087/2380/1897 6095/2378/1897
f 6094/2562/1837 6091/2386/1837 6096/2384/1837
f 6095/2385/1953 6089/2388/1953 6094/2386/1953
f 6097/2396/1821 6099/2397/1821 6098/2398/1821
f 6102/2399/1820 6100/2400/1820 6101/2401/1820
f 6105/2402/1819 6103/2403/1819 6104/2404/1819
f 6108/2517/1872 6106/2475/1872 6107/2476/1872
f 6106/2477/1873 6108/2518/1873 6107/2479/1873
f 6117/2408/1937 6115/2548/1937 6116/2410/1937
f 6115/2411/1938 6117/2412/1938 6116/2413/1938
f 6118/2549/1826 6120/2415/1826 6119/2416/1826
f 6121/2550/1857 6123/2418/1857 6122/2419/1857
f 6126/2420/1939 6124/2551/1939 6125/2422/1939
f 6124/2423/1940 6126/2424/1940 6125/2425/1940
f 6129/2522/1954 6127/2427/1954 6128/2428/1954
f 6131/2429/1910 6132/2523/1910 6130/2431/1910
f 6135/2570/1911 6133/2317/1911 6140/2304/1911
f 6137/2553/1921 6134/2320/1921 6141/2318/1921
f 6143/2309/1912 6133/2434/1912 6135/2311/1912
f 6136/2314/1833 6134/2435/1833 6137/2313/1833
f 6139/2439/1838 6136/2488/1838 6133/2441/1838
f 6138/2504/1835 6134/2554/1835 6136/2503/1835
f 6144/2442/1930 6143/2555/1930 6134/2444/1930
f 6142/2308/4 6141/2552/4 6135/2307/4
f 6140/2321/1931 6143/2322/1931 6142/2323/1931
f 6137/2324/1955 6139/2325/1955 6140/2321/1955
f 6141/2326/1905 6138/2327/1905 6137/2324/1905
f 6142/2323/95 6144/2328/95 6141/2326/95
f 6145/2329/1818 6147/2330/1818 6146/2331/1818
f 6150/2332/1819 6148/2533/1819 6149/2334/1819
f 6151/2534/1917 6153/2535/1917 6152/2536/1917
f 6153/2537/1918 6151/2538/1918 6152/2495/1918
f 6154/2337/1821 6156/2338/1821 6155/2339/1821
f 6159/2340/1822 6157/2341/1822 6158/2342/1822
f 6165/2343/1939 6163/2556/1939 6164/2345/1939
f 6163/2346/1940 6165/2347/1940 6164/2348/1940
f 6166/2557/1857 6168/2350/1857 6167/2351/1857
f 6169/2558/1826 6171/2353/1826 6170/2354/1826
f 6174/2355/1937 6172/2559/1937 6173/2357/1937
f 6172/2358/1938 6174/2359/1938 6173/2360/1938
f 6177/2545/1919 6175/2362/1919 6176/2363/1919
f 6179/2364/1830 6180/2546/1830 6178/2366/1830
f 6183/2372/1888 6189/2454/1888 6182/2455/1888
f 6184/2456/1889 6186/2377/1889 6189/2454/1889
f 6187/2375/1878 6181/2457/1878 6186/2377/1878
f 6185/2458/1951 6182/2455/1951 6181/2457/1951
f 6188/2571/8 6187/2572/8 6184/2383/8
f 6190/2371/1880 6186/2573/1880 6181/2574/1880
f 6189/2389/1895 6191/2390/1895 6182/2455/1895
f 6186/2391/1935 6188/2392/1935 6189/2389/1935
f 6190/2569/1881 6192/2394/1881 6186/2391/1881
f 6188/2575/1897 6183/2560/1897 6191/2378/1897
f 6190/2562/1837 6187/2563/1837 6192/2384/1837
f 6191/2385/1953 6185/2516/1953 6190/2386/1953
f 6195/2468/1870 6193/2469/1870 6194/2470/1870
f 6193/2471/1871 6195/2472/1871 6194/2473/1871
f 6198/2399/1820 6196/2400/1820 6197/2401/1820
f 6201/2402/1819 6199/2403/1819 6200/2404/1819
f 6204/2517/1872 6202/2475/1872 6203/2476/1872
f 6202/2477/1873 6204/2518/1873 6203/2479/1873
f 6213/2408/1937 6211/2548/1937 6212/2410/1937
f 6211/2411/1938 6213/2412/1938 6212/2413/1938
f 6214/2549/1826 6216/2415/1826 6215/2416/1826
f 6217/2550/1857 6219/2418/1857 6218/2419/1857
f 6222/2420/1939 6220/2551/1939 6221/2422/1939
f 6220/2423/1940 6222/2424/1940 6221/2425/1940
f 6225/2576/1956 6223/2427/1956 6224/2428/1956
f 6227/2429/1848 6228/2577/1848 6226/2431/1848
f 6231/2309/1862 6229/2310/1862 6237/2311/1862
f 6236/2312/1902 6234/2313/1902 6229/2310/1902
f 6232/2314/1957 6230/2315/1957 6234/2313/1957
f 6233/2316/1889 6237/2311/1889 6230/2315/1889
f 6235/2578/1903 6233/2579/1903 6232/2503/1903
f 6229/2321/1853 6238/2322/1853 6237/2323/1853
f 6234/2324/1906 6239/2325/1906 6229/2321/1906
f 6230/2326/1958 6235/2327/1958 6234/2324/1958
f 6237/2323/1935 6240/2328/1935 6230/2326/1935
f 6239/2488/1936 6231/2580/1936 6238/2436/1936
f 6235/2581/4 6236/2582/4 6239/2439/4
f 6238/2489/8 6233/2532/8 6240/2442/8
f 6241/2329/1818 6243/2330/1818 6242/2331/1818
f 6246/2332/1819 6244/2533/1819 6245/2334/1819
f 6249/2334/1820 6247/2335/1820 6248/2336/1820
f 6250/2337/1821 6252/2338/1821 6251/2339/1821
f 6255/2340/1822 6253/2341/1822 6254/2342/1822
f 6261/2343/1939 6259/2556/1939 6260/2345/1939
f 6259/2346/1940 6261/2347/1940 6260/2348/1940
f 6262/2557/1857 6264/2350/1857 6263/2351/1857
f 6265/2558/1826 6267/2353/1826 6266/2354/1826
f 6270/2355/1937 6268/2559/1937 6269/2357/1937
f 6268/2358/1938 6270/2359/1938 6269/2360/1938
f 6273/2545/1959 6271/2362/1959 6272/2363/1959
f 6275/2364/1920 6276/2546/1920 6274/2366/1920
f 6286/2583/1849 6277/2368/1849 6284/2320/1849
f 6285/2584/8 6279/2465/8 6286/2463/8
f 6281/2585/13 6278/2370/13 6285/2371/13
f 6280/2372/1960 6277/2373/1960 6279/2455/1960
f 6282/2375/1961 6278/2457/1961 6281/2377/1961
f 6288/2458/1889 6279/2455/1889 6278/2457/1889
f 6283/2381/1962 6282/2382/1962 6277/2383/1962
f 6284/2389/1816 6280/2390/1816 6286/2374/1816
f 6281/2391/1963 6283/2392/1963 6284/2389/1963
f 6285/2393/1891 6287/2394/1891 6281/2391/1891
f 6286/2374/1890 6288/2395/1890 6285/2393/1890
f 6288/2586/10 6282/2386/10 6287/2384/10
f 6289/2396/1821 6291/2397/1821 6290/2398/1821
f 6294/2399/1820 6292/2400/1820 6293/2401/1820
f 6297/2402/1819 6295/2403/1819 6296/2404/1819
f 6300/2517/1872 6298/2475/1872 6299/2476/1872
f 6298/2477/1873 6300/2518/1873 6299/2479/1873
f 6309/2408/1937 6307/2548/1937 6308/2410/1937
f 6307/2411/1938 6309/2412/1938 6308/2413/1938
f 6310/2549/1826 6312/2415/1826 6311/2416/1826
f 6313/2550/1857 6315/2418/1857 6314/2419/1857
f 6318/2420/1939 6316/2551/1939 6317/2422/1939
f 6316/2423/1940 6318/2424/1940 6317/2425/1940
f 6321/2587/1964 6319/2427/1964 6320/2428/1964
f 6323/2429/1910 6324/2523/1910 6322/2431/1910
f 6355/2632/1986 6349/2633/1986 6357/2634/1986
f 6352/2635/1908 6350/2636/1908 6355/2632/1908
f 6356/2637/1814 6353/2638/1814 6352/2635/1814
f 6357/2634/1987 6351/2639/1987 6356/2637/1987
f 6353/2640/4 6354/2641/4 6350/2642/4
f 6349/2643/8 6360/2644/8 6351/2645/8
f 6358/2646/1862 6355/2323/1862 6357/2647/1862
f 6354/2648/1902 6352/2552/1902 6355/2323/1902
f 6359/2649/1988 6356/2650/1988 6352/2552/1988
f 6360/2651/1889 6357/2647/1889 6356/2650/1889
f 6349/2652/1936 6354/2653/1936 6358/2654/1936
f 6353/2655/13 6360/2656/13 6359/2657/13
f 6361/2658/1938 6363/2659/1938 6362/2660/1938
f 6366/2661/1989 6364/2662/1989 6365/2663/1989
f 6364/2664/1826 6366/2665/1826 6365/2666/1826
f 6369/2667/1990 6367/2668/1990 6368/2669/1990
f 6367/2670/1857 6369/2671/1857 6368/2672/1857
f 6370/2673/1940 6372/2674/1940 6371/2675/1940
f 6374/2303/8 6373/2304/8 6378/2305/8
f 6384/2309/1810 6374/2310/1810 6376/2311/1810
f 6380/2312/1811 6373/2313/1811 6374/2310/1811
f 6379/2314/1812 6375/2315/1812 6373/2313/1812
f 6377/2316/1813 6376/2311/1813 6375/2315/1813
f 6381/2304/13 6376/2570/13 6374/2317/13
f 6383/2308/4 6375/2306/4 6376/2307/4
f 6382/2318/10 6378/2319/10 6375/2320/10
f 6381/2321/1814 6384/2322/1814 6383/2323/1814
f 6378/2324/1987 6380/2325/1987 6381/2321/1987
f 6382/2326/1816 6379/2327/1816 6378/2324/1816
f 6383/2323/1817 6377/2328/1817 6382/2326/1817
f 6385/2676/1818 6387/2330/1818 6386/2331/1818
f 6390/2332/1819 6388/2533/1819 6389/2334/1819
f 6393/2334/1820 6391/2677/1820 6392/2336/1820
f 6394/2678/1821 6396/2338/1821 6395/2339/1821
f 6405/2343/1823 6403/2344/1823 6404/2345/1823
f 6403/2346/1824 6405/2347/1824 6404/2348/1824
f 6406/2349/1825 6408/2350/1825 6407/2351/1825
f 6409/2352/1826 6411/2353/1826 6410/2354/1826
f 6414/2355/1827 6412/2356/1827 6413/2357/1827
f 6412/2358/1828 6414/2679/1828 6413/2360/1828
f 6417/2680/1829 6415/2362/1829 6416/2363/1829
f 6419/2364/1830 6420/2365/1830 6418/2366/1830
f 6423/2462/1991 6421/2368/1991 6430/2320/1991
f 6424/2372/1992 6421/2373/1992 6423/2455/1992
f 6425/2375/1878 6422/2457/1878 6427/2377/1878
f 6426/2458/1944 6423/2455/1944 6422/2457/1944
f 6429/2381/1836 6425/2382/1836 6421/2383/1836
f 6428/2384/10 6426/2681/10 6425/2386/10
f 6432/2463/8 6422/2682/8 6423/2465/8
f 6431/2371/13 6427/2369/13 6422/2370/13
f 6430/2389/1853 6424/2390/1853 6432/2374/1853
f 6427/2391/1840 6429/2392/1840 6430/2389/1840
f 6431/2393/1841 6428/2394/1841 6427/2391/1841
f 6432/2374/1993 6426/2395/1993 6431/2393/1993
f 6433/2683/1821 6435/2397/1821 6434/2398/1821
f 6438/2399/1820 6436/2400/1820 6437/2401/1820
f 6441/2402/1819 6439/2403/1819 6440/2404/1819
f 6442/2684/1843 6444/2406/1843 6443/2407/1843
f 6453/2408/1844 6451/2409/1844 6452/2410/1844
f 6451/2411/1828 6453/2685/1828 6452/2413/1828
f 6454/2414/1845 6456/2415/1845 6455/2416/1845
f 6457/2417/1846 6459/2418/1846 6458/2419/1846
f 6462/2420/1823 6460/2421/1823 6461/2422/1823
f 6460/2423/1824 6462/2686/1824 6461/2425/1824
f 6465/2426/1847 6463/2427/1847 6464/2428/1847
f 6467/2429/1848 6468/2687/1848 6466/2431/1848
f 6470/2303/8 6469/2304/8 6474/2305/8
f 6474/2319/1849 6471/2320/1849 6478/2318/1849
f 6473/2309/1810 6470/2310/1810 6472/2311/1810
f 6476/2312/1944 6469/2313/1944 6470/2310/1944
f 6475/2314/1850 6471/2435/1850 6469/2313/1850
f 6480/2442/1994 6473/2688/1994 6471/2444/1994
f 6477/2304/13 6472/2570/13 6470/2317/13
f 6479/2308/4 6478/2552/4 6472/2307/4
f 6477/2321/1895 6473/2322/1895 6479/2323/1895
f 6474/2324/1935 6476/2325/1935 6477/2321/1935
f 6478/2326/1853 6475/2327/1853 6474/2324/1853
f 6479/2323/113 6480/2328/113 6478/2326/113
f 6481/2676/1818 6483/2330/1818 6482/2331/1818
f 6486/2332/1819 6484/2533/1819 6485/2334/1819
f 6489/2334/1820 6487/2677/1820 6488/2336/1820
f 6490/2678/1821 6492/2338/1821 6491/2339/1821
f 6501/2343/1823 6499/2344/1823 6500/2345/1823
f 6499/2346/1824 6501/2347/1824 6500/2348/1824
f 6502/2349/1857 6504/2350/1857 6503/2351/1857
f 6505/2451/1858 6507/2353/1858 6506/2354/1858
f 6510/2355/1844 6508/2356/1844 6509/2357/1844
f 6508/2358/1828 6510/2679/1828 6509/2360/1828
f 6513/2452/1859 6511/2362/1859 6512/2363/1859
f 6515/2364/1860 6516/2453/1860 6514/2366/1860
f 6519/2372/1995 6517/2454/1995 6527/2455/1995
f 6523/2456/7 6521/2377/7 6517/2454/7
f 6522/2375/1810 6518/2457/1810 6521/2377/1810
f 6520/2458/1951 6527/2455/1951 6518/2457/1951
f 6524/2689/4 6517/2690/4 6521/2507/4
f 6525/2320/1996 6527/2367/1996 6517/2368/1996
f 6526/2371/1997 6521/2507/1997 6518/2370/1997
f 6525/2466/1998 6528/2390/1998 6527/2455/1998
f 6526/2691/1999 6522/2394/1999 6524/2391/1999
f 6525/2499/1835 6519/2380/1835 6528/2378/1835
f 6522/2692/2000 6523/2383/2000 6525/2381/2000
f 6528/2385/2001 6520/2388/2001 6526/2386/2001
f 6529/2683/1821 6531/2397/1821 6530/2398/1821
f 6534/2399/1820 6532/2400/1820 6533/2401/1820
f 6537/2402/1819 6535/2403/1819 6536/2404/1819
f 6540/2474/1872 6538/2475/1872 6539/2476/1872
f 6538/2477/1873 6540/2478/1873 6539/2479/1873
f 6549/2408/1827 6547/2480/1827 6548/2410/1827
f 6547/2411/1874 6549/2685/1874 6548/2413/1874
f 6550/2481/1875 6552/2415/1875 6551/2416/1875
f 6553/2482/1846 6555/2418/1846 6554/2419/1846
f 6558/2420/1823 6556/2483/1823 6557/2422/1823
f 6556/2423/1824 6558/2686/1824 6557/2425/1824
f 6561/2426/1876 6559/2427/1876 6560/2428/1876
f 6563/2429/1877 6564/2687/1877 6562/2431/1877
f 6567/2309/1878 6565/2310/1878 6574/2311/1878
f 6571/2312/1951 6569/2313/1951 6565/2310/1951
f 6570/2314/1995 6566/2315/1995 6569/2313/1995
f 6568/2316/1879 6574/2311/1879 6566/2315/1879
f 6572/2304/1880 6574/2433/1880 6565/2317/1880
f 6573/2318/1996 6569/2693/1996 6566/2320/1996
f 6572/2694/1881 6575/2322/1881 6574/2323/1881
f 6573/2487/1998 6576/2327/1998 6569/2324/1998
f 6572/2488/1837 6567/2438/1837 6575/2436/1837
f 6576/2501/1953 6571/2441/1953 6572/2439/1953
f 6573/2502/1835 6570/2503/1835 6576/2504/1835
f 6575/2489/1884 6568/2444/1884 6573/2442/1884
f 6579/2695/1872 6577/2491/1872 6578/2492/1872
f 6577/2493/1873 6579/2494/1873 6578/2495/1873
f 6580/2445/1855 6582/2696/1855 6581/2447/1855
f 6582/2448/1856 6580/2449/1856 6581/2450/1856
f 6583/2534/1917 6585/2697/1917 6584/2536/1917
f 6585/2537/1918 6583/2538/1918 6584/2495/1918
f 6588/2698/1870 6586/2540/1870 6587/2541/1870
f 6586/2542/1871 6588/2543/1871 6587/2544/1871
f 6597/2343/1823 6595/2344/1823 6596/2345/1823
f 6595/2346/1824 6597/2347/1824 6596/2348/1824
f 6598/2349/1846 6600/2350/1846 6599/2351/1846
f 6601/2352/1845 6603/2353/1845 6602/2354/1845
f 6606/2355/1827 6604/2356/1827 6605/2357/1827
f 6604/2358/1828 6606/2679/1828 6605/2360/1828
f 6609/2699/1886 6607/2362/1886 6608/2363/1886
f 6611/2364/1830 6612/2497/1830 6610/2366/1830
f 6615/2372/1888 6613/2454/1888 6622/2455/1888
f 6619/2456/1913 6617/2377/1913 6613/2454/1913
f 6618/2375/1810 6614/2457/1810 6617/2377/1810
f 6616/2458/1893 6622/2455/1893 6614/2457/1893
f 6620/2689/4 6613/2700/4 6617/2507/4
f 6621/2371/1997 6617/2507/1997 6614/2370/1997
f 6613/2389/1814 6623/2390/1814 6622/2455/1814
f 6620/2391/2002 6624/2392/2002 6613/2389/2002
f 6621/2691/2003 6618/2394/2003 6620/2391/2003
f 6624/2499/13 6615/2380/13 6623/2378/13
f 6618/2701/8 6619/2383/8 6624/2381/8
f 6623/2385/2004 6616/2388/2004 6621/2386/2004
f 6625/2683/1821 6627/2397/1821 6626/2398/1821
f 6630/2399/1820 6628/2400/1820 6629/2401/1820
f 6633/2402/1819 6631/2403/1819 6632/2404/1819
f 6636/2474/1872 6634/2475/1872 6635/2476/1872
f 6634/2477/1873 6636/2478/1873 6635/2479/1873
f 6645/2408/1844 6643/2409/1844 6644/2410/1844
f 6643/2411/1828 6645/2685/1828 6644/2413/1828
f 6646/2414/1845 6648/2415/1845 6647/2416/1845
f 6649/2417/1846 6651/2418/1846 6650/2419/1846
f 6654/2420/1823 6652/2421/1823 6653/2422/1823
f 6652/2423/1824 6654/2686/1824 6653/2425/1824
f 6657/2426/1847 6655/2427/1847 6656/2428/1847
f 6659/2429/1848 6660/2687/1848 6658/2431/1848
f 6672/2309/1810 6661/2310/1810 6663/2311/1810
f 6668/2312/1893 6666/2313/1893 6661/2310/1893
f 6664/2314/2005 6662/2315/2005 6666/2313/2005
f 6665/2316/2006 6663/2311/2006 6662/2315/2006
f 6667/2504/1903 6665/2554/1903 6664/2503/1903
f 6669/2304/1997 6663/2570/1997 6661/2317/1997
f 6671/2308/4 6662/2306/4 6663/2307/4
f 6670/2318/2007 6666/2693/2007 6662/2320/2007
f 6669/2694/2008 6672/2322/2008 6671/2323/2008
f 6670/2487/2009 6667/2327/2009 6666/2324/2009
f 6667/2501/1896 6668/2441/1896 6669/2439/1896
f 6672/2688/2000 6665/2444/2000 6670/2442/2000
f 6675/2695/1872 6673/2491/1872 6674/2492/1872
f 6673/2493/1873 6675/2494/1873 6674/2495/1873
f 6676/2445/1855 6678/2696/1855 6677/2447/1855
f 6678/2448/1856 6676/2449/1856 6677/2450/1856
f 6679/2534/1917 6681/2697/1917 6680/2536/1917
f 6681/2537/1918 6679/2538/1918 6680/2495/1918
f 6684/2698/1870 6682/2540/1870 6683/2541/1870
f 6682/2542/1871 6684/2543/1871 6683/2544/1871
f 6693/2343/1823 6691/2344/1823 6692/2345/1823
f 6691/2346/1824 6693/2347/1824 6692/2348/1824
f 6694/2349/1857 6696/2350/1857 6695/2351/1857
f 6697/2451/1858 6699/2353/1858 6698/2354/1858
f 6702/2355/1898 6700/2356/1898 6701/2357/1898
f 6700/2358/1874 6702/2679/1874 6701/2360/1874
f 6705/2452/1859 6703/2362/1859 6704/2363/1859
f 6707/2364/1830 6708/2505/1830 6706/2366/1830
f 6711/2372/1888 6709/2454/1888 6718/2455/1888
f 6715/2456/1913 6713/2377/1913 6709/2454/1913
f 6714/2375/1810 6710/2457/1810 6713/2377/1810
f 6712/2458/1951 6718/2455/1951 6710/2457/1951
f 6716/2689/4 6709/2702/4 6713/2703/4
f 6717/2371/1997 6713/2704/1997 6710/2574/1997
f 6709/2389/1895 6719/2390/1895 6718/2455/1895
f 6716/2391/1916 6720/2392/1916 6709/2389/1916
f 6717/2691/2008 6714/2394/2008 6716/2391/2008
f 6720/2499/13 6711/2560/13 6719/2378/13
f 6714/2705/8 6715/2561/8 6720/2381/8
f 6719/2385/1953 6712/2516/1953 6717/2386/1953
f 6723/2706/1870 6721/2469/1870 6722/2470/1870
f 6721/2471/1871 6723/2472/1871 6722/2473/1871
f 6726/2399/1820 6724/2400/1820 6725/2401/1820
f 6729/2402/1819 6727/2403/1819 6728/2404/1819
f 6732/2707/1872 6730/2475/1872 6731/2476/1872
f 6730/2477/1873 6732/2518/1873 6731/2479/1873
f 6741/2408/1827 6739/2519/1827 6740/2410/1827
f 6739/2411/1828 6741/2685/1828 6740/2413/1828
f 6742/2520/1845 6744/2415/1845 6743/2416/1845
f 6745/2521/1846 6747/2418/1846 6746/2419/1846
f 6750/2420/1823 6748/2483/1823 6749/2422/1823
f 6748/2423/1824 6750/2686/1824 6749/2425/1824
f 6753/2522/1909 6751/2427/1909 6752/2428/1909
f 6755/2429/1910 6756/2708/1910 6754/2431/1910
f 6764/2709/2010 6759/2307/2010 6765/2567/2010
f 6761/2710/10 6758/2320/10 6764/2711/10
f 6760/2309/2011 6757/2310/2011 6759/2311/2011
f 6763/2312/1902 6761/2313/1902 6757/2310/1902
f 6762/2314/1995 6758/2315/1995 6761/2313/1995
f 6768/2316/2012 6759/2311/2012 6758/2315/2012
f 6761/2324/1908 6766/2325/1908 6757/2321/1908
f 6764/2326/1839 6767/2327/1839 6761/2324/1839
f 6765/2712/2013 6768/2328/2013 6764/2326/2013
f 6766/2488/2014 6760/2580/2014 6765/2436/2014
f 6767/2501/4 6763/2582/4 6766/2439/4
f 6768/2713/1897 6762/2530/1897 6767/2504/1897
f 6771/2695/1872 6769/2491/1872 6770/2492/1872
f 6769/2493/1873 6771/2494/1873 6770/2495/1873
f 6772/2445/1855 6774/2696/1855 6773/2447/1855
f 6774/2448/1856 6772/2449/1856 6773/2450/1856
f 6775/2534/1917 6777/2697/1917 6776/2536/1917
f 6777/2537/1918 6775/2538/1918 6776/2495/1918
f 6780/2698/1870 6778/2540/1870 6779/2541/1870
f 6778/2542/1871 6780/2543/1871 6779/2544/1871
f 6789/2343/1823 6787/2344/1823 6788/2345/1823
f 6787/2346/1824 6789/2347/1824 6788/2348/1824
f 6790/2349/1857 6792/2350/1857 6791/2351/1857
f 6793/2352/1845 6795/2353/1845 6794/2354/1845
f 6798/2355/1827 6796/2356/1827 6797/2357/1827
f 6796/2358/1828 6798/2679/1828 6797/2360/1828
f 6801/2714/1919 6799/2362/1919 6800/2363/1919
f 6803/2364/1920 6804/2546/1920 6802/2366/1920
f 6806/2700/4 6805/2507/4 6810/2689/4
f 6810/2715/13 6807/2370/13 6813/2371/13
f 6809/2372/2015 6806/2454/2015 6808/2455/2015
f 6812/2456/2016 6805/2377/2016 6806/2454/2016
f 6811/2375/1810 6807/2457/1810 6805/2377/1810
f 6816/2458/1889 6808/2455/1889 6807/2457/1889
f 6814/2463/2017 6813/2584/2017 6808/2465/2017
f 6810/2391/1947 6815/2392/1947 6806/2389/1947
f 6813/2393/1814 6811/2394/1814 6810/2391/1814
f 6814/2716/2018 6816/2395/2018 6813/2393/2018
f 6815/2499/2019 6809/2380/2019 6814/2378/2019
f 6811/2701/8 6812/2383/8 6815/2381/8
f 6819/2706/1870 6817/2469/1870 6818/2470/1870
f 6817/2471/1871 6819/2472/1871 6818/2473/1871
f 6822/2399/1820 6820/2400/1820 6821/2401/1820
f 6825/2402/1819 6823/2403/1819 6824/2404/1819
f 6828/2707/1872 6826/2475/1872 6827/2476/1872
f 6826/2477/1873 6828/2518/1873 6827/2479/1873
f 6837/2408/1898 6835/2548/1898 6836/2410/1898
f 6835/2411/1923 6837/2685/1923 6836/2413/1923
f 6838/2549/1924 6840/2415/1924 6839/2416/1924
f 6841/2550/1925 6843/2418/1925 6842/2419/1925
f 6846/2420/1926 6844/2551/1926 6845/2422/1926
f 6844/2423/1927 6846/2686/1927 6845/2425/1927
f 6849/2522/2020 6847/2427/2020 6848/2428/2020
f 6851/2429/1848 6852/2708/1848 6850/2431/1848
f 6862/2303/2021 6853/2317/2021 6860/2304/2021
f 6861/2552/4 6855/2307/4 6862/2308/4
f 6858/2553/10 6854/2320/10 6861/2318/10
f 6856/2309/2022 6853/2717/2022 6855/2311/2022
f 6857/2314/2005 6854/2315/2005 6858/2313/2005
f 6864/2316/1902 6855/2311/1902 6854/2315/1902
f 6859/2504/1903 6864/2718/1903 6857/2503/1903
f 6860/2321/1814 6856/2322/1814 6862/2323/1814
f 6858/2324/1842 6863/2325/1842 6860/2321/1842
f 6861/2326/1905 6859/2327/1905 6858/2324/1905
f 6862/2323/1817 6864/2328/1817 6861/2326/1817
f 6859/2501/2023 6853/2441/2023 6863/2439/2023
f 6867/2695/1872 6865/2491/1872 6866/2492/1872
f 6865/2493/1873 6867/2494/1873 6866/2495/1873
f 6868/2445/1855 6870/2696/1855 6869/2447/1855
f 6870/2448/1856 6868/2449/1856 6869/2450/1856
f 6871/2534/1917 6873/2697/1917 6872/2536/1917
f 6873/2537/1918 6871/2538/1918 6872/2495/1918
f 6876/2698/1870 6874/2540/1870 6875/2541/1870
f 6874/2542/1871 6876/2543/1871 6875/2544/1871
f 6885/2343/1926 6883/2556/1926 6884/2345/1926
f 6883/2346/1927 6885/2347/1927 6884/2348/1927
f 6886/2557/1925 6888/2350/1925 6887/2351/1925
f 6889/2558/1933 6891/2353/1933 6890/2354/1933
f 6894/2355/1844 6892/2559/1844 6893/2357/1844
f 6892/2358/1934 6894/2679/1934 6893/2360/1934
f 6897/2714/1919 6895/2362/1919 6896/2363/1919
f 6899/2364/1920 6900/2546/1920 6898/2366/1920
f 6903/2719/10 6901/2368/10 6909/2510/10
f 6912/2372/1812 6901/2454/1812 6903/2455/1812
f 6907/2456/1902 6905/2377/1902 6901/2454/1902
f 6906/2375/1810 6902/2457/1810 6905/2377/1810
f 6904/2458/7 6903/2455/7 6902/2457/7
f 6908/2689/4 6909/2506/4 6905/2703/4
f 6911/2463/8 6902/2720/8 6903/2721/8
f 6910/2371/1997 6905/2704/1997 6902/2574/1997
f 6909/2389/1853 6912/2390/1853 6911/2374/1853
f 6908/2391/2024 6907/2392/2024 6909/2389/2024
f 6910/2691/2008 6906/2394/2008 6908/2391/2008
f 6912/2722/1883 6904/2516/1883 6910/2386/1883
f 6915/2706/1870 6913/2469/1870 6914/2470/1870
f 6913/2471/1871 6915/2472/1871 6914/2473/1871
f 6918/2399/1820 6916/2400/1820 6917/2401/1820
f 6921/2402/1819 6919/2403/1819 6920/2404/1819
f 6924/2707/1872 6922/2475/1872 6923/2476/1872
f 6922/2477/1873 6924/2518/1873 6923/2479/1873
f 6933/2408/1937 6931/2548/1937 6932/2410/1937
f 6931/2411/1938 6933/2685/1938 6932/2413/1938
f 6934/2549/1826 6936/2415/1826 6935/2416/1826
f 6937/2550/1857 6939/2418/1857 6938/2419/1857
f 6942/2420/1939 6940/2551/1939 6941/2422/1939
f 6940/2423/1940 6942/2686/1940 6941/2425/1940
f 6945/2522/1941 6943/2427/1941 6944/2428/1941
f 6947/2429/1848 6948/2708/1848 6946/2431/1848
f 6956/2709/4 6951/2307/4 6957/2567/4
f 6952/2710/10 6950/2320/10 6956/2711/10
f 6958/2309/1957 6949/2310/1957 6951/2311/1957
f 6954/2312/1951 6952/2313/1951 6949/2310/1951
f 6953/2314/1995 6950/2315/1995 6952/2313/1995
f 6960/2316/2012 6951/2311/2012 6950/2315/2012
f 6955/2304/2025 6957/2566/2025 6949/2723/2025
f 6955/2694/2003 6958/2322/2003 6957/2323/2003
f 6956/2326/1839 6959/2327/1839 6952/2324/1839
f 6957/2323/2026 6960/2328/2026 6956/2326/2026
f 6959/2501/2001 6954/2582/2001 6955/2439/2001
f 6960/2713/1897 6953/2530/1897 6959/2504/1897
f 6961/2676/1818 6963/2330/1818 6962/2331/1818
f 6964/2445/1855 6966/2696/1855 6965/2447/1855
f 6966/2448/1856 6964/2449/1856 6965/2450/1856
f 6967/2534/1917 6969/2697/1917 6968/2536/1917
f 6969/2537/1918 6967/2538/1918 6968/2495/1918
f 6970/2678/1821 6972/2338/1821 6971/2339/1821
f 6981/2343/1823 6979/2344/1823 6980/2345/1823
f 6979/2346/1824 6981/2347/1824 6980/2348/1824
f 6982/2349/1846 6984/2350/1846 6983/2351/1846
f 6985/2451/1875 6987/2353/1875 6986/2354/1875
f 6990/2355/1949 6988/2356/1949 6989/2357/1949
f 6988/2358/1874 6990/2679/1874 6989/2360/1874
f 6993/2714/1950 6991/2362/1950 6992/2363/1950
f 6995/2364/1920 6996/2546/1920 6994/2366/1920
f 7005/2584/8 6999/2465/8 7006/2463/8
f 7000/2507/1911 6998/2370/1911 7005/2371/1911
f 7007/2372/1812 6997/2454/1812 6999/2455/1812
f 7002/2456/1902 7000/2377/1902 6997/2454/1902
f 7001/2375/1912 6998/2724/1912 7000/2377/1912
f 7008/2386/2027 7007/2725/2027 6998/2388/2027
f 7003/2689/4 6997/2690/4 7000/2507/4
f 7004/2320/10 7006/2583/10 6997/2368/10
f 7004/2389/1816 7007/2390/1816 7006/2374/1816
f 7003/2391/1908 7002/2392/1908 7004/2389/1908
f 7005/2393/1814 7001/2394/1814 7003/2391/1814
f 7006/2374/111 7008/2395/111 7005/2393/111
f 7011/2706/1870 7009/2469/1870 7010/2470/1870
f 7009/2471/1871 7011/2472/1871 7010/2473/1871
f 7014/2399/1820 7012/2400/1820 7013/2401/1820
f 7017/2402/1819 7015/2403/1819 7016/2404/1819
f 7018/2684/1818 7020/2406/1818 7019/2407/1818
f 7029/2408/1937 7027/2548/1937 7028/2410/1937
f 7027/2411/1938 7029/2685/1938 7028/2413/1938
f 7030/2549/1826 7032/2415/1826 7031/2416/1826
f 7033/2550/1857 7035/2418/1857 7034/2419/1857
f 7038/2420/1939 7036/2551/1939 7037/2422/1939
f 7036/2423/1940 7038/2686/1940 7037/2425/1940
f 7041/2522/1954 7039/2427/1954 7040/2428/1954
f 7043/2429/1910 7044/2708/1910 7042/2431/1910
f 7046/2726/4 7047/2307/4 7055/2308/4
f 7048/2309/1810 7045/2310/1810 7047/2311/1810
f 7053/2312/1951 7051/2313/1951 7045/2310/1951
f 7049/2314/1810 7046/2315/1810 7051/2313/1810
f 7050/2316/1913 7047/2311/1913 7046/2315/1913
f 7052/2504/1903 7050/2554/1903 7049/2503/1903
f 7054/2304/2025 7055/2303/2025 7045/2317/2025
f 7054/2694/2003 7048/2322/2003 7055/2323/2003
f 7046/2326/1958 7052/2327/1958 7051/2324/1958
f 7055/2323/1947 7056/2328/1947 7046/2326/1947
f 7052/2501/2004 7053/2441/2004 7054/2439/2004
f 7048/2555/8 7050/2444/8 7056/2442/8
f 7057/2676/1818 7059/2330/1818 7058/2331/1818
f 7062/2332/1819 7060/2533/1819 7061/2334/1819
f 7065/2334/1820 7063/2677/1820 7064/2336/1820
f 7066/2678/1821 7068/2338/1821 7067/2339/1821
f 7077/2343/1939 7075/2556/1939 7076/2345/1939
f 7075/2346/1940 7077/2347/1940 7076/2348/1940
f 7078/2557/1857 7080/2350/1857 7079/2351/1857
f 7081/2558/1826 7083/2353/1826 7082/2354/1826
f 7086/2355/1937 7084/2559/1937 7085/2357/1937
f 7084/2358/1938 7086/2679/1938 7085/2360/1938
f 7089/2714/1919 7087/2362/1919 7088/2363/1919
f 7091/2364/1830 7092/2546/1830 7090/2366/1830
f 7094/2720/8 7095/2465/8 7103/2727/8
f 7096/2372/2028 7093/2728/2028 7095/2455/2028
f 7099/2375/1878 7094/2457/1878 7098/2377/1878
f 7097/2458/1889 7095/2455/1889 7094/2457/1889
f 7100/2571/2029 7099/2572/2029 7093/2383/2029
f 7101/2320/2030 7103/2729/2030 7093/2730/2030
f 7102/2371/13 7098/2573/13 7094/2574/13
f 7101/2389/1986 7096/2390/1986 7103/2374/1986
f 7098/2391/1854 7100/2392/1854 7101/2389/1854
f 7102/2393/1841 7104/2394/1841 7098/2391/1841
f 7103/2374/1935 7097/2395/1935 7102/2393/1935
f 7097/2731/10 7099/2563/10 7104/2384/10
f 7105/2683/1821 7107/2397/1821 7106/2398/1821
f 7110/2399/1820 7108/2400/1820 7109/2401/1820
f 7113/2402/1819 7111/2403/1819 7112/2404/1819
f 7114/2684/1818 7116/2406/1818 7115/2407/1818
f 7125/2408/1937 7123/2548/1937 7124/2410/1937
f 7123/2411/1938 7125/2685/1938 7124/2413/1938
f 7126/2549/1826 7128/2415/1826 7127/2416/1826
f 7129/2550/1857 7131/2418/1857 7130/2419/1857
f 7134/2420/1939 7132/2551/1939 7133/2422/1939
f 7132/2423/1940 7134/2686/1940 7133/2425/1940
f 7137/2576/1956 7135/2427/1956 7136/2428/1956
f 7139/2429/1848 7140/2732/1848 7138/2431/1848
f 7143/2309/2031 7141/2310/2031 7149/2311/2031
f 7147/2312/1951 7145/2313/1951 7141/2310/1951
f 7146/2314/1888 7142/2315/1888 7145/2313/1888
f 7144/2316/1889 7149/2311/1889 7142/2315/1889
f 7150/2733/10 7147/2734/10 7143/2438/10
f 7148/2304/1880 7149/2735/1880 7141/2723/1880
f 7148/2694/1952 7150/2322/1952 7149/2323/1952
f 7142/2326/1895 7151/2327/1895 7145/2324/1895
f 7149/2323/1935 7152/2328/1935 7142/2326/1935
f 7151/2501/1953 7147/2582/1953 7148/2439/1953
f 7152/2502/13 7146/2530/13 7151/2504/13
f 7150/2736/8 7144/2532/8 7152/2442/8
f 7153/2676/1818 7155/2330/1818 7154/2331/1818
f 7158/2332/1819 7156/2533/1819 7157/2334/1819
f 7159/2534/1917 7161/2697/1917 7160/2536/1917
f 7161/2537/1918 7159/2538/1918 7160/2495/1918
f 7162/2678/1821 7164/2338/1821 7163/2339/1821
f 7173/2343/1939 7171/2556/1939 7172/2345/1939
f 7171/2346/1940 7173/2347/1940 7172/2348/1940
f 7174/2557/1857 7176/2350/1857 7175/2351/1857
f 7177/2558/1826 7179/2353/1826 7178/2354/1826
f 7182/2355/1937 7180/2559/1937 7181/2357/1937
f 7180/2358/1938 7182/2679/1938 7181/2360/1938
f 7185/2714/1959 7183/2362/1959 7184/2363/1959
f 7187/2364/1920 7188/2546/1920 7186/2366/1920
f 7198/2583/1849 7189/2368/1849 7196/2320/1849
f 7197/2584/8 7191/2465/8 7198/2463/8
f 7192/2507/2032 7190/2370/2032 7197/2371/2032
f 7199/2372/1960 7189/2373/1960 7191/2455/1960
f 7193/2375/2033 7190/2724/2033 7192/2377/2033
f 7194/2381/1994 7193/2737/1994 7189/2383/1994
f 7200/2386/1851 7199/2738/1851 7190/2388/1851
f 7195/2689/4 7196/2739/4 7192/2507/4
f 7196/2389/1816 7199/2390/1816 7198/2374/1816
f 7195/2391/95 7194/2392/95 7196/2389/95
f 7197/2393/1814 7193/2394/1814 7195/2391/1814
f 7198/2374/1932 7200/2395/1932 7197/2393/1932
f 7201/2683/1821 7203/2397/1821 7202/2398/1821
f 7206/2399/1820 7204/2400/1820 7205/2401/1820
f 7209/2402/1819 7207/2403/1819 7208/2404/1819
f 7210/2684/1818 7212/2406/1818 7211/2407/1818
f 7221/2408/1937 7219/2548/1937 7220/2410/1937
f 7219/2411/1938 7221/2685/1938 7220/2413/1938
f 7222/2549/1826 7224/2415/1826 7223/2416/1826
f 7225/2550/1857 7227/2418/1857 7226/2419/1857
f 7230/2420/1939 7228/2551/1939 7229/2422/1939
f 7228/2423/1940 7230/2686/1940 7229/2425/1940
f 7233/2587/1941 7231/2427/1941 7232/2428/1941
f 7235/2429/1910 7236/2708/1910 7234/2431/1910
f 7260/2779/2051 7262/2780/2051 7267/2781/2051
f 7260/2782/2052 7270/2633/2052 7262/2634/2052
f 7261/2637/2053 7265/2638/2053 7264/2635/2053
f 7262/2634/1906 7263/2639/1906 7261/2637/1906
f 7265/2640/1953 7266/2641/1953 7260/2642/1953
f 7261/2783/4 7269/2784/4 7262/2785/4
f 7264/2786/10 7268/2787/10 7261/2788/10
f 7270/2646/1988 7267/2323/1988 7269/2647/1988
f 7266/2648/1951 7264/2552/1951 7267/2323/1951
f 7271/2649/1995 7268/2650/1995 7264/2552/1995
f 7263/2651/1902 7269/2647/1902 7268/2650/1902
f 7265/2655/13 7263/2789/13 7271/2657/13
f 7272/2658/1938 7274/2659/1938 7273/2660/1938
f 7277/2661/1989 7275/2662/1989 7276/2663/1989
f 7275/2664/1826 7277/2790/1826 7276/2666/1826
f 7280/2667/1990 7278/2668/1990 7279/2669/1990
f 7278/2670/1857 7280/2671/1857 7279/2672/1857
f 7281/2673/1940 7283/2674/1940 7282/2675/1940
f 7586/3199/2406 7568/2865/2406 7583/2903/2406
f 7581/3203/2410 7574/2844/2410 7585/2824/2410
f 7584/2944/2413 7567/3205/2413 7580/2925/2413
f 7587/2824/2416 7566/2828/2416 7586/3199/2416
f 7583/2925/2417 7571/2838/2417 7582/2944/2417
f 7585/2824/2418 7573/2859/2418 7584/2891/2418
f 7582/2903/2419 7575/3207/2419 7581/3203/2419
f 7580/2891/2420 7572/2844/2420 7587/2824/2420
s 1
f 4273/1282/1080 4271/1281/1079 4270/1288/1083
f 4269/1290/1084 4272/1285/1081 4273/1284/1080
f 4271/1286/1079 4272/1285/1081 4269/1290/1085
f 4270/1288/1083 4268/1287/1082 4265/1293/1087
f 4267/1292/1086 4269/1289/1084 4270/1288/1083
f 4268/1291/1082 4269/1290/1085 4266/1295/1089
f 4264/1297/1090 4267/1292/1086 4265/1293/1087
f 4263/1299/1092 4266/1295/1088 4267/1294/1086
f 4265/1296/1087 4266/1295/1089 4263/1299/1094
f 4264/1297/1090 4262/1298/1091 4261/1303/1096
f 4263/1299/1092 4264/1300/1093 4260/1305/1097
f 4262/1301/1091 4263/1299/1094 4259/1306/1098
f 4259/1308/1098 4260/3641/1097 4261/1309/1096
s 0
f 4294/3651/3104 4295/3652/3104 4293/3653/3104
f 4294/3654/3105 4293/3655/3105 4297/3656/3105
f 4294/1323/3106 4297/3657/3106 4296/1324/3106
s 1
f 4297/1326/1104 4293/3658/3107 4295/1327/1105
s 0
f 4302/3660/3110 4304/3661/3110 4303/3662/3110
f 4304/3661/3111 4302/3660/3111 4303/3662/3111
f 4306/3663/8 4305/3664/8 4307/3665/8
f 4307/3665/4 4305/3664/4 4306/3663/4
f 4309/1337/3112 4308/1336/3112 4310/1335/3112
f 4313/3666/3113 4314/1411/3113 4317/3667/3113
f 4311/3668/3114 4312/3669/3114 4316/3670/3114
f 4314/3671/3115 4313/1347/3115 4318/1349/3115
f 4316/3670/3116 4315/3672/3116 4311/3668/3116
f 4313/1345/3117 4311/1344/3117 4315/1380/3117
s 1
f 4315/3672/1118 4316/3670/3118 4312/3669/1116
f 4312/1339/1116 4317/1338/3119 4318/1341/1117
s 0
f 4327/3674/3122 4329/3675/3122 4328/3676/3122
f 4328/3676/3123 4329/3675/3123 4327/3674/3123
f 4330/1370/3124 4332/1369/3124 4331/1371/3124
f 4334/1376/3125 4335/3677/3125 4336/1377/3125
f 4337/1340/3126 4339/3678/3126 4338/1378/3126
f 4339/3679/3127 4337/1377/3127 4340/1373/3127
f 4335/1379/3128 4333/3680/3128 4337/1380/3128
s 1
f 4341/1372/3129 4333/3681/1132 4339/3679/1134
f 4340/1373/3130 4341/1372/3129 4339/3679/1134
f 4338/3682/1133 4335/3681/3131 4334/3683/3132
f 4333/1382/1132 4335/3684/3131 4338/1383/1133
s 0
f 4347/3685/3134 4349/3686/3134 4348/3687/3134
f 4348/3688/3135 4349/3689/3135 4347/3690/3135
f 4350/3691/3136 4352/3675/3136 4351/3676/3136
f 4351/3676/3137 4352/3675/3137 4350/3691/3137
f 4353/1395/3138 4354/1394/3138 4355/1396/3138
f 4357/3651/3104 4358/3652/3104 4356/3692/3104
f 4357/3654/3139 4356/3693/3139 4360/3694/3139
f 4357/1323/3140 4360/3657/3140 4359/1324/3140
s 1
f 4360/1326/1143 4356/3658/3141 4358/1327/1144
s 0
f 4372/1337/3112 4371/1336/3112 4373/1335/3112
f 4377/1347/3143 4375/1413/3143 4374/1340/3143
f 4374/1416/3114 4376/3669/3114 4381/1414/3114
f 4374/1423/3144 4380/1418/3144 4377/1417/3144
f 4377/1410/3145 4378/1377/3145 4379/1411/3145
s 1
f 4380/3695/1163 4381/1414/3146 4376/3669/1162
f 4376/1339/1162 4375/1413/1161 4378/1383/1160
s 0
f 4386/3688/3149 4387/3696/3149 4388/3697/3149
f 4388/3686/3150 4387/3685/3150 4386/3698/3150
f 4389/3699/3151 4391/3675/3151 4390/3676/3151
f 4390/3676/3123 4391/3675/3123 4389/3699/3123
f 4392/1370/3152 4394/1369/3152 4393/1371/3152
f 4396/3700/3153 4398/3701/3153 4402/3702/3153
f 4395/1427/3154 4400/1426/3154 4397/1377/3154
f 4395/1423/3155 4397/1380/3155 4396/1424/3155
f 4398/3671/3156 4396/1347/3156 4401/1425/3156
f 4397/1340/3157 4399/3703/3157 4401/1425/3157
f 4399/1428/3158 4397/1377/3158 4400/1426/3158
s 1
f 4398/3704/3159 4401/3705/1174 4402/3702/3160
f 4395/1429/1172 4402/3706/3160 4401/1383/1174
s 0
f 4414/1444/3162 4415/1394/3162 4413/1395/3162
f 4418/1445/3163 4417/1448/3163 4419/1446/3163
f 4417/1448/3164 4418/1445/3164 4416/1447/3164
f 4421/3707/10 4420/3708/10 4422/3709/10
f 4422/3709/13 4420/3708/13 4421/3707/13
f 4423/1450/3165 4425/1449/3165 4424/1451/3165
f 4432/3710/3166 4433/3711/3166 4434/3712/3166
f 4434/3713/3167 4433/3714/3167 4432/3715/3167
f 4436/3716/3168 4437/3717/3168 4435/3718/3168
f 4437/3717/3169 4436/3716/3169 4435/3718/3169
f 4438/1461/3170 4441/1464/3170 4440/1462/3170
f 4441/1464/3171 4438/1461/3171 4439/1463/3171
f 4455/1482/3187 4457/3724/3187 4454/1483/3187
f 4452/3725/3188 4456/1493/3188 4455/1495/3188
f 4453/1485/3189 4457/1492/3189 4456/1486/3189
f 4455/1482/3190 4459/3726/3190 4457/3724/3190
f 4457/1488/3191 4459/1494/3191 4458/3727/3191
f 4456/1493/3192 4458/3728/3193 4460/1496/3194
f 4461/1497/3195 4464/3729/3195 4466/1498/3195
f 4465/1500/3196 4464/1509/3196 4461/1501/3196
f 4466/1498/3197 4465/1506/3197 4462/1503/3197
f 4465/1500/3198 4467/1507/3198 4464/1509/3198
f 4464/3729/3199 4468/3730/3200 4469/3731/3201
f 4469/1510/3202 4467/1507/3203 4466/1511/3204
f 4481/1535/3213 4484/1544/3213 4486/1536/3213
f 4485/1541/3214 4484/1547/3214 4482/1542/3214
f 4483/3736/3215 4486/1550/3215 4485/1549/3215
f 4484/1544/3216 4487/3737/3217 4489/1545/3218
f 4484/1538/3219 4488/3738/3220 4487/3739/3221
f 4489/1548/3222 4488/1851/3223 4485/1549/3224
f 4490/1551/3225 4493/3740/3225 4495/1552/3225
f 4494/1557/3226 4493/3741/3226 4491/1558/3226
f 4492/3742/3227 4495/1561/3227 4494/1564/3227
f 4493/1554/3228 4496/1563/3228 4497/1560/3228
f 4494/1564/3229 4496/1563/3229 4493/1554/3229
f 4495/1561/3230 4497/1560/3230 4494/1564/3230
f 4496/1563/3231 4499/1566/3232 4501/1565/3233
f 4498/1562/3234 4500/1568/3235 4499/1566/3236
f 4501/1565/3237 4500/1568/3238 4498/1562/3239
f 4500/3743/3240 4502/3744/3241 4499/3745/3242
f 4503/1569/3172 4506/3746/3172 4508/1570/3172
f 4507/1572/3173 4506/1578/3173 4503/1573/3173
f 4508/1575/3243 4507/3747/3243 4504/1576/3243
f 4506/1578/3244 4509/1581/3245 4511/1579/3246
f 4510/1582/3247 4509/1581/3248 4507/1572/3249
f 4511/1579/3250 4510/1582/3251 4508/1580/3252
f 4512/3748/3253 4511/3749/3254 4509/3750/3255
f 4513/1586/3256 4516/3751/3256 4518/1587/3256
f 4517/1592/3226 4516/3752/3226 4514/1593/3226
f 4515/3753/3227 4518/1596/3227 4517/1599/3227
f 4516/1589/3257 4519/1598/3257 4520/1595/3257
f 4517/1599/3229 4519/1598/3229 4516/1589/3229
f 4518/1596/3258 4520/1595/3258 4517/1599/3258
f 4519/1598/3259 4522/1601/3260 4524/1600/3261
f 4521/1597/3262 4523/1603/3263 4522/1601/3264
f 4524/1600/3265 4523/1603/3266 4521/1597/3267
f 4523/3754/3268 4525/3744/3269 4522/3745/3270
f 4526/1604/3271 4529/3755/3271 4531/1605/3271
f 4530/1607/3173 4529/1613/3173 4526/1608/3173
f 4531/1610/3272 4530/3756/3272 4527/1611/3272
f 4529/1613/3273 4532/1616/3274 4534/1614/3275
f 4533/1617/3276 4532/1616/3277 4530/1607/3278
f 4534/1614/3279 4533/1617/3280 4531/1615/3183
f 4535/3757/3281 4534/3758/3282 4532/3759/3283
f 4550/1641/3295 4549/1648/3295 4546/1642/3295
f 4551/1651/3296 4550/1650/3296 4547/3765/3296
f 4548/1644/3297 4549/1652/3297 4551/1645/3297
f 4553/1647/3298 4552/3766/3298 4549/1648/3298
f 4554/1649/3299 4553/1647/3299 4550/1650/3299
f 4549/1652/3300 4552/3766/3300 4554/1649/3300
f 4552/3767/3301 4555/3768/3302 4557/3769/3303
f 4553/1653/3304 4556/3770/3305 4555/1654/3306
f 4557/1659/3307 4556/3771/3308 4554/1660/3309
f 4562/1665/3310 4561/1673/3310 4558/1666/3310
f 4563/1669/3311 4562/1675/3311 4559/1667/3311
f 4560/1668/3312 4561/1663/3312 4563/1669/3312
f 4561/1663/3313 4564/3772/3314 4566/1670/3315
f 4565/1674/3316 4564/3773/3317 4562/1675/3318
f 4563/1669/3319 4566/3774/3320 4565/3775/3321
s 1
f 4588/1693/1357 4586/1692/1356 4585/1698/1360
f 4587/1696/1358 4588/1695/1357 4584/1700/1362
f 4586/1697/1356 4587/1696/1358 4584/1700/1362
f 4585/1698/1360 4583/1287/1359 4580/1701/1363
f 4582/1702/1364 4584/1699/1361 4585/1698/1360
f 4583/1291/1359 4584/1700/1362 4581/1704/1366
f 4579/1706/1367 4582/1702/1364 4580/1701/1363
f 4581/1704/1365 4582/1703/1364 4578/1709/1370
f 4580/1705/1363 4581/1704/1366 4577/1710/1368
f 4579/1706/1367 4577/1707/1368 4573/1711/1372
f 4578/1708/1369 4579/1706/1367 4576/1712/1373
f 4577/1710/1371 4578/1709/1370 4575/1714/1374
f 4574/1308/1375 4575/3641/1374 4576/1309/1373
s 0
f 4614/3790/3332 4610/1728/3332 4607/3791/3332
f 4606/3792/3333 4612/3793/3333 4609/3794/3333
f 4606/3657/3334 4609/1732/3334 4614/1323/3334
f 4610/1728/3335 4614/3790/3335 4608/1726/3335
f 4609/1730/3336 4611/3795/3336 4613/1731/3336
f 4612/3793/3337 4611/3796/3337 4609/3794/3337
s 1
f 4606/3792/1386 4611/3796/1387 4612/3793/3338
f 4613/1727/1385 4614/3797/3339 4607/1733/1383
f 4606/1326/1386 4614/3658/3339 4613/1327/1385
s 0
f 4620/3660/3 4622/3661/3 4621/3803/3
f 4621/3803/7 4622/3661/7 4620/3660/7
f 4623/3804/1422 4625/3663/1422 4624/3664/1422
f 4624/3664/3343 4625/3663/3343 4623/3804/3343
f 4628/1739/3344 4627/1738/3344 4626/1740/3344
f 4629/1416/3345 4631/3805/3345 4634/3806/3345
f 4634/3806/3346 4633/3807/3346 4629/1416/3346
f 4632/1381/3347 4629/1423/3347 4633/1380/3347
s 1
f 4631/3805/1395 4633/3808/1397 4634/3806/3348
f 4631/1742/1395 4630/1741/3349 4632/1383/1396
s 0
f 4642/3813/3353 4644/3675/3353 4643/3676/3353
f 4643/3676/3354 4644/3675/3354 4642/3813/3354
f 4650/1347/3355 4649/3814/3355 4648/1757/3355
f 4648/1416/3356 4655/1752/3356 4651/1751/3356
f 4648/1423/3357 4651/1756/3357 4650/1379/3357
f 4652/1373/3358 4649/3815/3358 4650/1754/3358
f 4651/1340/3359 4654/3816/3359 4653/3817/3359
s 1
f 4655/1752/3360 4648/3681/1408 4654/1753/1410
f 4652/3818/3361 4653/3819/1409 4649/3820/3362
f 4648/1757/1408 4649/3814/3362 4653/1383/1409
s 0
f 4662/3825/3 4661/3690/3 4663/3697/3
f 4663/3697/7 4661/3690/7 4662/3825/7
f 4664/3826/3365 4666/3827/3365 4665/3676/3365
f 4665/3828/3366 4666/3829/3366 4664/3830/3366
f 4667/1370/3367 4669/1761/3367 4668/1762/3367
f 4672/3790/3368 4677/3831/3368 4671/3791/3368
f 4672/1729/3369 4671/3832/3369 4670/3833/3369
f 4677/3831/3370 4672/3790/3370 4673/1726/3370
f 4674/1730/3371 4675/3795/3371 4673/3834/3371
f 4676/3835/3337 4675/3796/3337 4674/3836/3337
f 4674/3836/3372 4670/3837/3372 4676/3835/3372
f 4672/1323/3373 4670/3657/3373 4674/1324/3373
s 1
f 4670/3837/1418 4675/3796/1420 4676/3835/3374
f 4677/3831/3375 4673/3838/1419 4671/3839/3376
f 4670/1326/1418 4671/3658/3376 4673/1327/1419
s 0
f 4683/3660/95 4685/3661/95 4684/3840/95
f 4684/3840/34 4685/3661/34 4683/3660/34
f 4691/1739/3378 4690/1738/3378 4689/1740/3378
f 4692/1423/3379 4695/1380/3379 4694/1381/3379
f 4696/3841/3380 4693/3842/3380 4694/1377/3380
s 1
f 4692/1768/1427 4693/1765/3381 4696/1383/1428
s 0
f 4704/3846/3353 4706/3675/3353 4705/3676/3353
f 4705/3676/3354 4706/3675/3354 4704/3846/3354
f 4714/1751/3382 4711/1426/3382 4712/3847/3382
f 4712/3848/3383 4717/1772/3383 4710/1340/3383
f 4718/3849/3384 4711/1426/3384 4714/1751/3384
f 4716/1776/3385 4715/3850/3385 4710/1774/3385
f 4714/1778/3386 4710/1777/3386 4715/1380/3386
s 1
f 4716/1776/3387 4713/1775/1434 4715/3850/1436
s 0
f 4711/3851/3388 4717/3852/3388 4712/1346/3388
s 1
f 4718/3853/3389 4714/3819/1435 4717/3854/3390
f 4717/3854/3390 4711/1426/3391 4718/3853/3389
f 4713/1773/1434 4717/1772/3390 4714/1383/1435
s 0
f 4724/3688/3393 4725/3855/3393 4726/3697/3393
f 4726/3686/3394 4725/3685/3394 4724/3698/3394
f 4727/3856/3395 4729/3857/3395 4728/3676/3395
f 4728/3828/3396 4729/3829/3396 4727/3858/3396
f 4730/1370/3397 4732/1761/3397 4731/1762/3397
f 4735/1445/3398 4734/1448/3398 4736/1446/3398
f 4734/1448/3399 4735/1445/3399 4733/1447/3399
f 4738/3859/3400 4737/3708/3400 4739/3707/3400
f 4739/3860/3401 4737/3861/3401 4738/3862/3401
f 4742/3863/3402 4741/3864/3402 4740/3865/3402
f 4742/3863/3403 4740/3865/3403 4741/3864/3403
f 4744/3866/3404 4745/3867/3404 4743/3868/3404
f 4743/3869/3405 4745/3870/3405 4744/3871/3405
f 4750/3872/3406 4751/3873/3406 4749/3874/3406
f 4749/3711/3407 4751/3712/3407 4750/3875/3407
f 4756/3876/3408 4759/1464/3408 4758/1462/3408
f 4758/1791/3409 4757/1794/3409 4755/1792/3409
f 4759/1791/3410 4756/1793/3410 4755/1792/3410
f 4773/1802/3421 4772/1807/3421 4769/1803/3421
f 4770/3880/3422 4774/1808/3422 4773/1810/3422
f 4771/1490/3423 4772/1811/3423 4774/1805/3423
f 4776/1806/3424 4775/1813/3424 4772/1807/3424
f 4774/1808/3425 4777/3881/3425 4776/1809/3425
f 4772/1811/3426 4775/1818/3426 4777/1812/3426
f 4775/3882/3427 4778/3883/3428 4780/3884/3429
f 4776/1806/3430 4779/3728/3431 4778/1496/3432
f 4780/1817/3433 4779/3885/3434 4777/1812/3435
f 4781/1497/3436 4784/1823/3436 4786/1819/3436
f 4785/1820/3437 4784/1826/3437 4781/1501/3437
f 4783/1821/3438 4786/1827/3438 4785/1820/3438
f 4784/1823/3439 4790/1830/3440 4789/1824/3441
f 4787/1825/3442 4790/1508/3443 4784/1826/3444
f 4786/1827/3445 4789/1510/3446 4787/1828/3447
f 4789/3886/3448 4788/3887/3449 4787/3888/3450
f 4800/1535/3464 4803/1846/3464 4805/1842/3464
f 4804/1843/3465 4803/1849/3465 4800/1539/3465
f 4802/1844/3466 4805/1850/3466 4804/1843/3466
f 4803/1846/3467 4806/3897/3468 4808/1847/3469
f 4807/3898/3470 4806/3897/3471 4804/3899/3472
f 4805/1850/3473 4808/1548/3474 4807/1851/3475
f 4809/1551/3476 4812/3900/3476 4814/1852/3476
f 4813/1854/3477 4812/3901/3477 4810/1558/3477
f 4814/1856/3478 4813/1858/3478 4811/3902/3478
f 4812/1853/3479 4815/1860/3479 4817/1855/3479
f 4816/1857/3480 4815/1860/3480 4812/1853/3480
f 4817/1855/3481 4816/1857/3481 4813/1858/3481
f 4815/1860/3482 4818/3903/3483 4817/1855/3484
f 4815/1860/3485 4819/1859/3486 4818/3903/3487
f 4817/1855/3488 4819/1859/3489 4816/1857/3490
f 4819/3904/3491 4820/3744/3492 4818/3745/3493
f 4821/1569/3411 4824/3905/3411 4825/1862/3411
f 4826/1864/3494 4824/3906/3494 4822/1576/3494
f 4825/1867/3413 4826/1865/3413 4823/3907/3413
f 4824/1863/3414 4827/1866/3414 4825/1867/3414
f 4828/1582/3415 4827/1866/3416 4826/1865/3417
f 4829/1579/3495 4828/1582/3496 4825/1867/3497
f 4830/1586/3476 4833/3908/3476 4835/1868/3476
f 4834/1870/3498 4833/3909/3498 4831/1593/3498
f 4835/1872/3478 4834/1874/3478 4832/3910/3478
f 4833/1869/3499 4836/1876/3499 4838/1871/3499
f 4837/1873/3500 4836/1876/3500 4833/1869/3500
f 4838/1871/3481 4837/1873/3481 4834/1874/3481
f 4836/1876/3501 4839/3911/3502 4838/1871/3503
f 4836/1876/3504 4840/1875/3486 4839/3911/3505
f 4838/1871/3506 4840/1875/3507 4837/1873/3508
f 4840/3912/3509 4841/3744/3510 4839/3745/3511
f 4842/1604/3512 4845/3913/3512 4846/1878/3512
f 4847/1880/3513 4845/3914/3513 4843/1611/3513
f 4846/1883/3413 4847/1881/3413 4844/3915/3413
f 4845/1879/3514 4848/1882/3514 4846/1883/3514
f 4849/1617/3515 4848/1882/3516 4847/1881/3517
f 4850/1614/3418 4849/1617/3419 4846/1883/3420
f 4860/1638/3525 4863/1895/3525 4865/1890/3525
f 4864/1892/3526 4863/1898/3526 4861/1893/3526
f 4862/3919/3527 4865/1899/3527 4864/1901/3527
f 4867/3920/3528 4866/1896/3528 4863/1891/3528
f 4868/1897/3529 4867/3920/3529 4863/1898/3529
f 4865/1899/3530 4866/1896/3530 4868/1900/3530
f 4866/3921/3531 4869/3768/3532 4871/3922/3533
f 4867/1653/3534 4870/3770/3535 4869/1654/3536
f 4871/1659/3537 4870/3771/3538 4868/1660/3539
f 4870/1902/3540 4872/3923/3541 4869/3924/3542
f 4873/1662/3543 4876/1913/3543 4878/1908/3543
f 4877/1910/3544 4876/1915/3544 4873/1666/3544
f 4878/1908/3545 4877/1916/3545 4874/1912/3545
f 4876/1913/3546 4879/3772/3547 4882/1670/3548
f 4881/1674/3549 4879/3773/3550 4877/1916/3551
f 4882/3925/3552 4881/3926/3553 4878/3927/3554
f 4881/3928/3555 4880/3929/3556 4879/1914/3557
s 1
f 5047/2156/1691 5045/3978/1697 5050/2157/1692
f 5047/2174/1691 5048/2173/1696 5045/2247/1697
f 5045/3979/1697 5048/2164/1696 5049/2163/1695
f 5052/2232/3653 5053/2234/3654 5054/2252/3653
f 5053/3981/3654 5052/3982/3653 5054/3983/3653
f 5058/2168/1698 5055/3984/1704 5057/2169/1699
f 5051/2161/1694 5058/2235/3655 5056/2171/1701
f 5057/2172/1702 5055/2291/1704 5048/2173/1696
f 5048/2164/1696 5059/2175/1703 5051/2162/1694
f 5060/3986/1705 5061/3987/1705 5062/3988/1705
f 5081/2156/1706 5079/3978/1708 5083/2157/1692
f 5081/2202/1706 5082/2173/1710 5079/2247/1708
f 5085/3993/3656 5086/3994/3657 5087/3995/3658
f 5086/3996/3657 5085/2261/3656 5087/2260/3658
f 5092/2168/1698 5088/3984/1711 5090/2169/1699
f 5084/2161/1707 5092/2235/3655 5089/2171/1701
f 5090/2172/1709 5088/2291/3659 5082/2173/1710
f 5091/2204/1712 5093/2175/1713 5084/2206/1707
f 5094/3986/1705 5095/3987/1705 5096/3997/1705
f 5119/2157/1698 5113/3978/1717 5115/2156/1699
f 5127/2161/1707 5119/2160/3655 5114/2201/1701
f 5115/2202/1714 5113/2247/3660 5117/2173/1715
f 5118/2163/1718 5120/2230/1713 5127/2229/1707
f 5121/4005/1705 5122/3981/1705 5123/4006/1705
f 5116/2169/1719 5124/3984/1721 5126/2168/1720
f 5117/2173/1715 5124/2291/1721 5116/2172/1716
f 5128/4007/3661 5129/2182/3662 5130/4008/3663
f 5129/3987/3662 5128/3986/3661 5130/4009/3663
f 5153/2157/1722 5147/3978/1729 5149/2156/1723
f 5153/2160/1722 5148/2201/3664 5151/2171/1724
f 5159/2172/1726 5149/2202/3665 5147/2247/1727
f 5155/4016/1705 5156/3981/1705 5157/4017/1705
f 5159/2169/1726 5158/3984/1733 5160/2168/1731
f 5159/2172/1726 5150/2173/1728 5158/2291/1733
f 5154/2250/1725 5161/2175/1732 5150/2249/1728
f 5162/4018/8 5163/2182/8 5164/4019/8
f 5163/3987/8 5162/4020/8 5164/4021/8
f 5186/2157/1698 5181/3978/1704 5183/2156/1699
f 5195/2161/1694 5186/2160/3655 5182/2201/1701
f 5183/2202/1702 5181/2247/1704 5184/2173/1696
f 5184/2262/1696 5187/2230/1703 5195/2258/1694
f 5189/3994/1705 5188/3993/1705 5190/3995/1705
f 5192/2169/1691 5191/3984/1697 5194/2168/1692
f 5192/2172/1691 5184/2173/1696 5191/2291/1697
f 5191/4022/1697 5184/2262/1696 5193/2204/1695
f 5196/4023/3666 5197/2182/3667 5198/2181/3668
f 5197/3987/3667 5196/4024/3666 5198/3988/3668
f 5217/2156/1734 5215/3978/1721 5220/2157/1735
f 5221/2161/1737 5226/2171/1742 5216/2201/1738
f 5219/2173/1715 5215/2247/1721 5217/2202/1739
f 5222/2286/3669 5223/2234/3670 5224/2233/3671
f 5223/3981/3670 5222/4025/3669 5224/4026/3671
f 5228/2168/1740 5225/3984/1743 5218/2169/1741
f 5218/2172/1714 5225/2291/3660 5219/2173/1715
f 5227/2204/1718 5229/2175/1744 5221/2267/1737
f 5230/4020/1705 5231/3987/1705 5232/4027/1705
f 5251/2156/1745 5249/3978/1751 5254/2157/1746
f 5253/2171/1748 5250/2201/3672 5254/2160/1746
f 5260/2172/1750 5252/2173/1758 5249/2247/1751
f 5256/2232/7 5257/2234/7 5258/4028/7
f 5257/3981/7 5256/4005/7 5258/4029/7
f 5262/2168/1753 5259/3984/1756 5260/2169/1754
f 5255/2161/1749 5262/2235/3673 5253/2171/1748
f 5260/2172/1750 5259/2291/3674 5252/2173/1758
f 5261/2204/1757 5263/2175/1759 5255/2272/1749
f 5265/4030/1705 5264/4031/1705 5266/4032/1705
f 5285/2156/1760 5283/3978/1766 5288/2157/1761
f 5286/2173/1765 5283/2247/3675 5285/2202/1771
f 5283/2287/1766 5286/2277/1765 5287/2163/1764
f 5290/4033/3676 5291/2234/3677 5292/4034/3678
f 5291/3981/3677 5290/4035/3676 5292/4036/3678
f 5296/2168/1767 5293/3984/1773 5295/2169/1768
f 5296/2235/1769 5294/2171/3672 5284/2201/1763
f 5295/2172/1770 5293/2291/1773 5286/2173/1765
f 5286/2277/1765 5297/2175/1772 5289/2276/1762
f 5298/4037/1705 5299/3987/1705 5300/4038/1705
f 5323/2157/1774 5317/3978/1780 5318/2156/1768
f 5318/2202/1777 5317/2247/3679 5320/2173/1778
f 5322/2163/1781 5324/2230/1782 5331/2284/1776
f 5325/4025/1705 5326/3981/1705 5327/4026/1705
f 5319/2169/1760 5328/3984/1784 5330/2168/1761
f 5331/2161/1776 5321/2281/1775 5329/2171/1783
f 5320/2173/1778 5328/2291/1784 5319/2282/1779
f 5332/2269/3680 5333/2182/3681 5334/2270/3682
f 5333/3987/3681 5332/4020/3680 5334/4027/3682
f 5356/2157/1753 5351/3978/1756 5353/2156/1754
f 5365/2161/1749 5356/2160/3673 5352/2159/1748
f 5353/2202/1750 5351/2247/3674 5354/2173/1758
f 5355/2163/1757 5357/2230/1759 5365/2258/1749
f 5358/4039/1705 5359/3981/1705 5360/4026/1705
f 5363/2169/1745 5361/3984/1751 5364/2168/1785
f 5352/2159/1748 5362/2171/3672 5364/2235/1785
f 5353/2202/1750 5354/2173/1758 5361/2291/1751
f 5366/2269/3683 5367/2182/3684 5368/4040/3685
f 5367/3987/3684 5366/4020/3683 5368/4041/3685
f 5390/2157/1786 5385/3978/1789 5387/2156/1768
f 5387/2202/1777 5385/2247/3679 5388/2173/1791
f 5392/3982/1705 5393/3981/1705 5394/4042/1705
f 5397/2169/1760 5395/3984/1795 5398/2168/1792
f 5386/2201/1787 5396/2171/3672 5398/2235/1793
f 5388/2173/1791 5395/2291/1795 5397/2172/1779
f 5391/2292/1788 5399/2175/1794 5388/2277/1791
f 5400/4043/3686 5401/2182/3687 5402/4044/3688
f 5401/3987/3687 5400/4045/3686 5402/4021/3688
f 5421/2156/1796 5419/3978/1806 5425/2157/1797
f 5433/2161/1798 5431/2171/1808 5420/2201/1799
f 5423/2173/1801 5419/2247/3689 5421/2202/1802
f 5419/2227/1806 5423/2294/1801 5424/2163/1804
f 5433/2284/1798 5426/2230/1805 5424/2163/1804
f 5427/2286/3690 5428/2234/3691 5429/2233/3692
f 5428/3981/3691 5427/4046/3690 5429/4026/3692
f 5432/2168/1807 5430/3984/1809 5422/2169/1803
f 5434/4020/1705 5435/3987/1705 5436/4027/1705
s 0
f 5472/2303/13 5464/2570/13 5462/2317/13
f 5467/2319/10 5461/2485/10 5463/2320/10
f 5465/2309/1810 5469/2312/1810 5462/2310/1810
f 5469/2312/3693 5468/2314/3693 5461/2313/3693
f 5468/2314/3694 5466/2316/3694 5463/2315/3694
f 5466/2316/2012 5465/2309/2012 5464/2311/2012
f 5467/2305/8 5470/2432/8 5462/2303/8
f 5472/2308/4 5471/2552/4 5463/2306/4
f 5470/2321/1931 5469/2325/1931 5465/2322/1931
f 5467/2324/1935 5468/2327/1935 5469/2325/1935
f 5471/2326/1986 5466/2328/1986 5468/2327/1986
f 5472/2323/1906 5465/2322/1906 5466/2328/1906
f 5474/4048/1821 5475/4049/1821 5473/4050/1821
f 5476/4051/1820 5478/4052/1820 5477/4053/1820
f 5479/4054/1819 5481/4055/1819 5480/4056/1819
f 5483/4057/1818 5484/2447/1818 5482/4058/1818
f 5486/4059/3695 5485/4060/3695 5487/4061/3695
f 5488/4062/10 5490/4063/10 5489/4064/10
f 5490/4065/13 5488/4066/13 5489/4067/13
f 5494/4068/3696 5495/4069/3696 5496/4070/3696
f 5497/4071/1989 5498/4072/1989 5499/4073/1989
f 5504/4074/3697 5503/4075/3697 5505/4076/3697
f 5508/4077/3698 5507/4078/3698 5506/4079/3698
f 5517/2739/3699 5509/2690/3699 5514/2369/3699
f 5518/2584/3700 5510/2682/3700 5511/4080/3700
f 5509/2373/3701 5513/2375/3701 5514/2377/3701
f 5510/2376/3702 5512/2372/3702 5511/2374/3702
f 5519/2378/3703 5516/2499/3703 5509/2379/3703
f 5516/2381/8 5515/2500/8 5513/2382/8
f 5515/2384/3704 5520/2562/3704 5510/2385/3704
f 5520/2386/4 5519/2385/4 5512/2387/4
f 5517/2389/3 5516/2392/3 5519/2390/3
f 5514/2391/1993 5515/2394/1993 5516/2392/1993
f 5518/2393/3 5520/2395/3 5515/2394/3
f 5511/2374/1906 5519/2390/1906 5520/2395/1906
f 5522/4081/1818 5523/4082/1818 5521/4083/1818
f 5524/4084/1819 5526/4085/1819 5525/4086/1819
f 5527/4087/1820 5529/4086/1820 5528/4088/1820
f 5531/2492/3705 5532/2491/3705 5530/4089/3705
f 5535/4090/10 5533/4091/10 5534/4092/10
f 5533/4093/13 5535/4094/13 5534/4095/13
f 5536/4096/13 5538/4097/13 5537/4098/13
f 5538/4099/10 5536/4100/10 5537/4101/10
f 5542/4102/3706 5543/4103/3706 5544/4104/3706
f 5545/4105/3707 5546/4106/3707 5547/4107/3707
f 5552/4108/3708 5551/4109/3708 5553/4110/3708
f 5556/4111/3709 5555/4112/3709 5554/4113/3709
f 5564/2432/3710 5558/2303/3710 5557/2304/3710
f 5565/2552/3699 5559/2306/3699 5566/4114/3699
f 5561/2319/3711 5557/2485/3711 5559/2320/3711
f 5558/2434/3712 5562/2314/3712 5557/2313/3712
f 5559/2435/3713 5560/2309/3713 5566/2311/3713
f 5567/2436/3704 5563/2488/3704 5558/2437/3704
f 5562/4115/3714 5568/2502/3714 5559/2554/3714
f 5568/2442/8 5567/2489/8 5560/2443/8
f 5564/2321/3 5563/2325/3 5567/2322/3
f 5561/2324/3715 5562/2327/3715 5563/2325/3715
f 5565/2326/3716 5568/2328/3716 5562/2327/3716
f 5566/2323/1993 5567/2322/1993 5568/2328/1993
f 5570/4048/1821 5571/4049/1821 5569/4050/1821
f 5575/4054/1819 5577/4055/1819 5576/4056/1819
f 5579/4057/1818 5580/2447/1818 5578/4058/1818
f 5582/4059/3695 5581/4060/3695 5583/4061/3695
f 5584/4062/10 5586/4063/10 5585/4064/10
f 5586/4065/13 5584/4066/13 5585/4067/13
f 5590/4068/1990 5591/4116/1990 5592/4070/1990
f 5593/4071/3717 5594/4072/3717 5595/4073/3717
f 5600/4074/3697 5599/4075/3697 5601/4117/3697
f 5604/4118/3718 5603/4078/3718 5602/4079/3718
f 5615/2372/3719 5611/2456/3719 5605/2454/3719
f 5611/2456/3720 5607/2375/3720 5609/2377/3720
f 5607/2375/3694 5608/2458/3694 5613/2457/3694
f 5608/2458/3721 5615/2372/3721 5606/2455/3721
f 5611/2383/8 5610/2467/8 5607/2382/8
f 5610/2459/10 5616/4119/10 5608/2385/10
f 5609/4120/3722 5612/2739/3722 5605/2690/3722
f 5612/2320/3711 5614/2583/3711 5606/2462/3711
f 5609/2391/3723 5610/2394/3723 5612/2466/3723
f 5613/2393/1867 5616/2395/1867 5610/2394/1867
f 5614/2374/3724 5615/2390/3724 5616/2395/3724
f 5612/2499/3725 5611/2379/3725 5615/4121/3725
f 5620/4084/1819 5622/4085/1819 5621/4086/1819
f 5623/4087/1820 5625/4086/1820 5624/4088/1820
f 5631/4122/10 5629/4123/10 5630/4092/10
f 5629/4124/13 5631/4125/13 5630/4095/13
f 5632/4126/13 5634/4127/13 5633/4098/13
f 5634/4128/10 5632/4129/10 5633/4101/10
f 5638/4102/3726 5639/4103/3726 5640/4104/3726
f 5641/4105/3707 5642/4106/3707 5643/4107/3707
f 5648/4108/3727 5647/4109/3727 5649/4110/3727
f 5652/4111/3728 5651/4112/3728 5650/4113/3728
f 5656/2309/7 5660/2312/7 5653/2310/7
f 5660/2312/3729 5659/2314/3729 5658/2313/3729
f 5659/2314/3719 5657/2316/3719 5654/2315/3719
f 5657/2316/3730 5656/2309/3730 5655/2311/3730
f 5661/2305/3731 5662/2432/3731 5653/2303/3731
f 5655/4114/3722 5663/2552/3722 5654/2306/3722
f 5663/2318/3711 5661/2319/3711 5658/2485/3711
f 5661/2324/3732 5659/2327/3732 5662/2486/3732
f 5655/2323/3723 5664/2322/3723 5663/2487/3723
f 5662/2488/3733 5660/2437/3733 5656/2438/3733
f 5663/2502/3725 5657/2554/3725 5659/4115/3725
f 5664/2489/8 5656/2443/8 5657/2444/8
f 5671/4054/1819 5673/4055/1819 5672/4056/1819
f 5675/4057/1818 5676/2447/1818 5674/4058/1818
f 5678/4130/3734 5677/4131/3734 5679/4061/3734
f 5680/4132/10 5682/4133/10 5681/4064/10
f 5682/4134/13 5680/4135/13 5681/4067/13
f 5686/4068/3707 5687/4069/3707 5688/4070/3707
f 5689/4071/3706 5690/4072/3706 5691/4073/3706
f 5696/4074/3697 5695/4075/3697 5697/4136/3697
f 5700/4137/3735 5699/4078/3735 5698/4079/3735
f 5708/2584/3736 5702/2682/3736 5709/4138/3736
f 5703/2372/1988 5707/2456/1988 5701/2454/1988
f 5707/2456/1889 5704/2375/1889 5705/2377/1889
f 5702/2376/3737 5703/2372/3737 5709/2455/3737
f 5707/2383/8 5706/2500/8 5704/2382/8
f 5706/2384/1849 5712/2562/1849 5702/2385/1849
f 5701/2389/1931 5711/2392/1931 5710/2390/1931
f 5705/2391/1935 5706/2394/1935 5711/2392/1935
f 5708/2393/3 5712/2395/3 5706/2394/3
f 5709/2455/1906 5710/2390/1906 5712/2395/1906
f 5711/2499/1897 5707/2379/1897 5703/2380/1897
f 5710/2385/4 5703/2387/4 5712/2386/4
f 5716/4084/1819 5718/4085/1819 5717/4086/1819
f 5719/4087/1820 5721/4086/1820 5720/4088/1820
f 5727/4139/10 5725/4140/10 5726/4092/10
f 5725/4141/13 5727/4142/13 5726/4095/13
f 5728/4143/13 5730/4144/13 5729/4098/13
f 5730/4145/10 5728/4146/10 5729/4101/10
f 5734/4102/3706 5735/4103/3706 5736/4104/3706
f 5737/4105/3707 5738/4106/3707 5739/4107/3707
f 5744/4108/3708 5743/4109/3708 5745/4110/3708
f 5748/4111/3709 5747/4112/3709 5746/4113/3709
f 5750/2309/7 5754/2312/7 5749/2310/7
f 5754/2312/3738 5753/2314/3738 5752/2313/3738
f 5753/2314/1810 5751/2316/1810 5756/2315/1810
f 5751/2316/3720 5750/2309/3720 5757/2311/3720
f 5753/2503/1903 5760/2502/1903 5751/2554/1903
f 5752/4147/3739 5755/2432/3739 5749/2303/3739
f 5752/2324/3740 5759/2327/3740 5755/2486/3740
f 5756/2326/1895 5760/2328/1895 5759/2327/1895
f 5757/2323/1993 5758/2322/1993 5760/2328/1993
f 5755/2488/3741 5754/2437/3741 5750/2438/3741
f 5759/2501/4 5753/2488/4 5754/2441/4
f 5758/2489/8 5750/2443/8 5760/2442/8
f 5764/4051/1820 5766/4052/1820 5765/4053/1820
f 5767/4054/1819 5769/4055/1819 5768/4056/1819
f 5771/4057/1818 5772/2447/1818 5770/4058/1818
f 5775/4148/13 5773/4149/13 5774/4150/13
f 5773/4151/10 5775/4152/10 5774/4061/10
f 5776/4153/10 5778/4154/10 5777/4064/10
f 5778/4155/13 5776/4156/13 5777/4067/13
f 5782/4068/1990 5783/4116/1990 5784/4070/1990
f 5785/4071/3717 5786/4072/3717 5787/4073/3717
f 5792/4074/3697 5791/4075/3697 5793/4117/3697
f 5796/4157/3742 5795/4078/3742 5794/4079/3742
f 5805/2506/3743 5798/2690/3743 5797/2507/3743
f 5802/4158/3744 5797/2507/3744 5799/4159/3744
f 5800/2372/3745 5804/2456/3745 5798/2454/3745
f 5797/2511/3746 5801/2458/3746 5799/2457/3746
f 5801/2458/1902 5800/2372/1902 5806/2374/1902
f 5804/4160/3747 5803/2467/3747 5797/2382/3747
f 5801/2516/4 5807/2515/4 5800/2387/4
f 5805/2389/3748 5804/2392/3748 5807/2390/3748
f 5802/2391/3749 5803/2394/3749 5804/2392/3749
f 5799/2393/3750 5808/2395/3750 5803/2394/3750
f 5806/2374/1906 5807/2390/1906 5808/2395/1906
f 5808/2562/10 5801/2514/10 5803/2459/10
f 5812/4084/1819 5814/4085/1819 5813/4086/1819
f 5815/4087/1820 5817/4086/1820 5816/4088/1820
f 5823/4161/10 5821/4162/10 5822/4092/10
f 5821/4163/13 5823/4164/13 5822/4095/13
f 5824/4165/13 5826/4166/13 5825/4098/13
f 5826/4167/10 5824/4168/10 5825/4101/10
f 5830/4102/3706 5831/4103/3706 5832/4104/3706
f 5833/4105/3707 5834/4106/3707 5835/4107/3707
f 5840/4108/3751 5839/4109/3751 5841/4169/3751
f 5844/4170/3752 5843/4112/3752 5842/4113/3752
f 5852/2564/3736 5845/2303/3736 5849/4171/3736
f 5845/2434/3753 5850/2314/3753 5849/2313/3753
f 5850/2314/1988 5848/2316/1988 5846/2315/1988
f 5848/2316/3754 5854/2309/3754 5847/2311/3754
f 5854/4172/3755 5851/2527/3755 5845/2437/3755
f 5852/2525/13 5853/2303/13 5847/2524/13
f 5852/2321/3756 5851/2325/3756 5854/2322/3756
f 5849/2324/1906 5855/2327/1906 5851/2325/1906
f 5846/2326/3757 5856/2328/3757 5855/2327/3757
f 5853/2323/3758 5854/2322/3758 5856/2328/3758
f 5855/2501/4 5850/2527/4 5851/2526/4
f 5856/2502/1897 5848/2579/1897 5850/2530/1897
f 5860/4051/1820 5862/4052/1820 5861/4053/1820
f 5871/4173/13 5869/4174/13 5870/4150/13
f 5869/4175/10 5871/4176/10 5870/4061/10
f 5872/4177/10 5874/4178/10 5873/4064/10
f 5874/4179/13 5872/4180/13 5873/4067/13
f 5878/4068/1990 5879/4069/1990 5880/4070/1990
f 5881/4071/3706 5882/4072/3706 5883/4073/3706
f 5888/4074/3759 5887/4075/3759 5889/4181/3759
f 5892/4182/3760 5891/4078/3760 5890/4079/3760
f 5900/2739/3761 5893/2690/3761 5897/2498/3761
f 5901/2584/3736 5894/2682/3736 5902/4138/3736
f 5893/2373/3762 5896/2375/3762 5897/2377/3762
f 5894/2376/3737 5895/2372/3737 5902/2374/3737
f 5903/2378/1929 5899/2499/1929 5893/2379/1929
f 5899/2381/8 5898/2500/8 5896/2382/8
f 5898/2384/1849 5904/2562/1849 5894/2385/1849
f 5904/2386/4 5903/2385/4 5895/2387/4
f 5900/2389/3 5899/2392/3 5903/2390/3
f 5897/2391/1935 5898/2394/1935 5899/2392/1935
f 5901/2393/3 5904/2395/3 5898/2394/3
f 5902/2374/1906 5903/2390/1906 5904/2395/1906
f 5908/4084/1819 5910/4085/1819 5909/4086/1819
f 5911/4087/1820 5913/4086/1820 5912/4088/1820
f 5919/4139/10 5917/4183/10 5918/4092/10
f 5917/4184/13 5919/4142/13 5918/4095/13
f 5920/4185/13 5922/4144/13 5921/4098/13
f 5922/4145/10 5920/4186/10 5921/4101/10
f 5926/4102/3763 5927/4103/3763 5928/4104/3763
f 5929/4105/3764 5930/4106/3764 5931/4107/3764
f 5936/4108/3751 5935/4109/3751 5937/4169/3751
f 5940/4170/3765 5939/4112/3765 5938/4113/3765
f 5949/2432/3736 5941/2303/3736 5946/4187/3736
f 5951/2303/3766 5943/2570/3766 5941/2317/3766
f 5950/2552/3767 5942/2306/3767 5943/2307/3767
f 5941/2434/3737 5945/2314/3737 5946/2313/3737
f 5942/2435/3768 5944/2309/3768 5943/2311/3768
f 5944/4188/3755 5948/2488/3755 5941/2437/3755
f 5948/2439/4 5947/2501/4 5945/2488/4
f 5947/2504/1929 5952/2502/1929 5942/2554/1929
f 5949/2321/3756 5948/2325/3756 5944/2322/3756
f 5946/2324/3769 5947/2327/3769 5948/2325/3769
f 5950/2326/3 5952/2328/3 5947/2327/3
f 5951/2323/3770 5944/2322/3770 5952/2328/3770
f 5954/4048/1821 5955/4049/1821 5953/4050/1821
f 5959/4054/1819 5961/4055/1819 5960/4056/1819
f 5963/4057/1818 5964/2447/1818 5962/4058/1818
f 5966/4189/3695 5965/4190/3695 5967/4061/3695
f 5968/4191/10 5970/4192/10 5969/4064/10
f 5970/4193/13 5968/4194/13 5969/4067/13
f 5974/4068/3764 5975/4116/3764 5976/4070/3764
f 5977/4071/3771 5978/4072/3771 5979/4073/3771
f 5984/4074/3759 5983/4075/3759 5985/4181/3759
f 5988/4182/3760 5987/4078/3760 5986/4079/3760
f 5991/2372/1988 5995/2456/1988 5989/2454/1988
f 5995/2456/1944 5994/2375/1944 5993/2377/1944
f 5994/2375/1862 5992/2458/1862 5990/2457/1862
f 5992/2458/3772 5991/2372/3772 5996/2455/3772
f 5989/2389/3757 5998/2392/3757 5997/2390/3757
f 5993/2391/1935 5999/2394/1935 5998/2392/1935
f 5990/2393/1853 6000/2395/1853 5999/2394/1853
f 5996/2455/1906 5997/2390/1906 6000/2395/1906
f 5998/2499/1897 5995/4195/1897 5991/2560/1897
f 5999/2500/8 5994/2572/8 5995/2561/8
f 6000/2562/10 5992/2514/10 5994/2563/10
f 5997/2385/4 5991/4196/4 5992/2516/4
f 6002/4081/1818 6003/4082/1818 6001/4083/1818
f 6004/4084/1819 6006/4085/1819 6005/4086/1819
f 6007/4087/1820 6009/4086/1820 6008/4088/1820
f 6011/2492/1821 6012/2491/1821 6010/4197/1821
f 6015/4161/10 6013/4162/10 6014/4092/10
f 6013/4163/13 6015/4164/13 6014/4095/13
f 6016/4165/13 6018/4166/13 6017/4098/13
f 6018/4167/10 6016/4168/10 6017/4101/10
f 6022/4102/1989 6023/4103/1989 6024/4104/1989
f 6025/4105/1990 6026/4106/1990 6027/4107/1990
f 6032/4108/3708 6031/4109/3708 6033/4169/3708
f 6036/4170/3765 6035/4112/3765 6034/4113/3765
f 6045/2564/8 6038/2303/8 6037/2304/8
f 6046/2566/13 6040/2570/13 6038/2317/13
f 6042/4198/3773 6037/2485/3773 6039/4199/3773
f 6047/2309/1888 6044/2312/1888 6038/2310/1888
f 6044/2312/3774 6043/2314/3774 6037/2313/3774
f 6043/2314/1988 6041/2316/1988 6039/2315/1988
f 6041/2316/3775 6047/2309/3775 6040/2311/3775
f 6045/2321/1931 6044/2325/1931 6047/2322/1931
f 6039/2326/3776 6048/2328/3776 6042/2568/3776
f 6046/2323/3770 6047/2322/3770 6048/2328/3770
f 6042/2501/3777 6043/2527/3777 6044/4200/3777
f 6048/2502/1897 6041/2579/1897 6043/2530/1897
f 6050/4048/1821 6051/4049/1821 6049/4050/1821
f 6052/4051/1820 6054/4052/1820 6053/4053/1820
f 6055/4054/1819 6057/4055/1819 6056/4056/1819
f 6059/4057/1818 6060/2447/1818 6058/4058/1818
f 6062/4201/3695 6061/4202/3695 6063/4061/3695
f 6064/4203/10 6066/4178/10 6065/4064/10
f 6066/4179/13 6064/4204/13 6065/4067/13
f 6070/4068/3707 6071/4116/3707 6072/4070/3707
f 6073/4071/3726 6074/4072/3726 6075/4073/3726
f 6080/4074/3759 6079/4075/3759 6081/4181/3759
f 6084/4182/3760 6083/4078/3760 6082/4079/3760
f 6087/2372/1810 6088/2456/1810 6093/2454/1810
f 6088/2456/3693 6091/2375/3693 6090/2377/3693
f 6091/2375/7 6089/2458/7 6085/2457/7
f 6089/2458/3778 6087/2372/3778 6086/2455/3778
f 6087/2380/1903 6092/2499/1903 6088/2379/1903
f 6086/4138/3739 6094/2584/3739 6085/2682/3739
f 6093/2389/1814 6092/2392/1814 6095/2390/1814
f 6090/2391/3779 6096/2394/3779 6092/2392/3779
f 6086/2455/3780 6095/2390/3780 6094/2569/3780
f 6096/2500/8 6091/2382/8 6092/2381/8
f 6094/2562/3733 6089/2385/3733 6091/2386/3733
f 6095/2385/4 6087/2387/4 6089/2388/4
f 6098/4081/1818 6099/4082/1818 6097/4083/1818
f 6100/4084/1819 6102/4085/1819 6101/4086/1819
f 6103/4087/1820 6105/4086/1820 6104/4088/1820
f 6111/4139/10 6109/4183/10 6110/4092/10
f 6109/4184/13 6111/4142/13 6110/4095/13
f 6112/4185/13 6114/4144/13 6113/4098/13
f 6114/4145/10 6112/4186/10 6113/4101/10
f 6118/4102/1989 6119/4103/1989 6120/4104/1989
f 6121/4105/1990 6122/4106/1990 6123/4107/1990
f 6128/4108/3751 6127/4109/3751 6129/4169/3751
f 6132/4170/3781 6131/4112/3781 6130/4113/3781
f 6140/2432/3782 6133/2303/3782 6137/4187/3782
f 6141/2552/3783 6134/2306/3783 6135/2307/3783
f 6133/2434/3784 6136/2314/3784 6137/2313/3784
f 6134/2435/3785 6143/2309/3785 6135/2311/3785
f 6143/4188/3755 6139/2488/3755 6133/2437/3755
f 6139/2439/4 6138/2501/4 6136/2488/4
f 6138/2504/1929 6144/2502/1929 6134/2554/1929
f 6140/2304/13 6142/2303/13 6135/2570/13
f 6140/2321/3756 6139/2325/3756 6143/2322/3756
f 6137/2324/1906 6138/2327/1906 6139/2325/1906
f 6141/2326/3 6144/2328/3 6138/2327/3
f 6142/2323/3786 6143/2322/3786 6144/2328/3786
f 6146/4048/1821 6147/4049/1821 6145/4050/1821
f 6148/4051/1820 6150/4052/1820 6149/4053/1820
f 6155/4057/1818 6156/2447/1818 6154/4058/1818
f 6158/4189/3695 6157/4190/3695 6159/4061/3695
f 6160/4191/10 6162/4192/10 6161/4064/10
f 6162/4193/13 6160/4194/13 6161/4067/13
f 6166/4068/1990 6167/4205/1990 6168/4070/1990
f 6169/4071/1989 6170/4072/1989 6171/4073/1989
f 6176/4074/3759 6175/4075/3759 6177/4181/3759
f 6180/4182/3742 6179/4078/3742 6178/4079/3742
f 6183/2372/1888 6184/2456/1888 6189/2454/1888
f 6184/2456/3720 6187/2375/3720 6186/2377/3720
f 6187/2375/7 6185/2458/7 6181/2457/7
f 6185/2458/3787 6183/2372/3787 6182/2455/3787
f 6183/2560/1903 6188/2575/1903 6184/2379/1903
f 6182/4206/3739 6190/2584/3739 6181/2720/3739
f 6189/2389/1814 6188/2392/1814 6191/2390/1814
f 6186/2391/3779 6192/2394/3779 6188/2392/3779
f 6182/2455/3780 6191/2390/3780 6190/2569/3780
f 6192/2500/8 6187/2572/8 6188/2571/8
f 6190/2562/3733 6185/2514/3733 6187/2563/3733
f 6191/2385/4 6183/4196/4 6185/2516/4
f 6196/4084/1819 6198/4085/1819 6197/4086/1819
f 6199/4087/1820 6201/4086/1820 6200/4088/1820
f 6207/4207/10 6205/4162/10 6206/4092/10
f 6205/4163/13 6207/4208/13 6206/4095/13
f 6208/4165/13 6210/4209/13 6209/4098/13
f 6210/4210/10 6208/4168/10 6209/4101/10
f 6214/4102/1989 6215/4103/1989 6216/4104/1989
f 6217/4105/1990 6218/4106/1990 6219/4107/1990
f 6224/4108/3708 6223/4109/3708 6225/4211/3708
f 6228/4212/3788 6227/4112/3788 6226/4113/3788
f 6231/2309/1862 6236/2312/1862 6229/2310/1862
f 6236/2312/3787 6232/2314/3787 6234/2313/3787
f 6232/2314/1810 6233/2316/1810 6230/2315/1810
f 6233/2316/3720 6231/2309/3720 6237/2311/3720
f 6236/2582/4 6235/2581/4 6232/2488/4
f 6229/2321/1853 6239/2325/1853 6238/2322/1853
f 6234/2324/1906 6235/2327/1906 6239/2325/1906
f 6230/2326/3789 6240/2328/3789 6235/2327/3789
f 6237/2323/1935 6238/2322/1935 6240/2328/1935
f 6239/2488/10 6236/2734/10 6231/2580/10
f 6240/2502/1897 6233/2579/1897 6235/2578/1897
f 6238/2489/8 6231/4213/8 6233/2532/8
f 6242/4048/1821 6243/4049/1821 6241/4050/1821
f 6244/4051/1820 6246/4052/1820 6245/4053/1820
f 6247/4054/1819 6249/4055/1819 6248/4056/1819
f 6251/4057/1818 6252/2447/1818 6250/4058/1818
f 6254/4201/3695 6253/4202/3695 6255/4061/3695
f 6256/4203/10 6258/4178/10 6257/4064/10
f 6258/4179/13 6256/4204/13 6257/4067/13
f 6262/4068/1990 6263/4205/1990 6264/4070/1990
f 6265/4071/1989 6266/4072/1989 6267/4073/1989
f 6272/4074/3759 6271/4075/3759 6273/4181/3759
f 6276/4182/3760 6275/4078/3760 6274/4079/3760
f 6284/2739/3761 6277/2690/3761 6281/2585/3761
f 6286/2583/3711 6279/2462/3711 6277/2368/3711
f 6285/2584/8 6278/2682/8 6279/2465/8
f 6277/2373/3790 6282/2375/3790 6281/2377/3790
f 6282/2375/3791 6288/2458/3791 6278/2457/3791
f 6288/2458/3792 6280/2372/3792 6279/2455/3792
f 6280/4214/3714 6283/2499/3714 6277/2379/3714
f 6284/2389/3793 6283/2392/3793 6280/2390/3793
f 6281/2391/3779 6287/2394/3779 6283/2392/3779
f 6285/2393/3794 6288/2395/3794 6287/2394/3794
f 6286/2374/3779 6280/2390/3779 6288/2395/3779
f 6287/2500/8 6282/2382/8 6283/2381/8
f 6290/4081/1818 6291/4082/1818 6289/4083/1818
f 6292/4084/1819 6294/4085/1819 6293/4086/1819
f 6295/4087/1820 6297/4086/1820 6296/4088/1820
f 6303/4215/10 6301/4091/10 6302/4092/10
f 6301/4093/13 6303/4216/13 6302/4095/13
f 6304/4217/13 6306/4218/13 6305/4098/13
f 6306/4219/10 6304/4220/10 6305/4101/10
f 6310/4102/1989 6311/4103/1989 6312/4104/1989
f 6313/4105/1990 6314/4106/1990 6315/4107/1990
f 6320/4108/3708 6319/4109/3708 6321/4169/3708
f 6324/4170/3752 6323/4112/3752 6322/4113/3752
f 6355/2632/1867 6350/2636/1867 6349/2633/1867
f 6352/2635/1906 6353/2638/1906 6350/2636/1906
f 6356/2637/1931 6351/2639/1931 6353/2638/1931
f 6357/2634/1935 6349/2633/1935 6351/2639/1935
f 6350/2788/10 6354/2653/10 6349/2652/10
f 6351/4236/13 6360/2656/13 6353/2655/13
f 6358/2646/3694 6354/2648/3694 6355/2323/3694
f 6354/2648/3738 6359/2649/3738 6352/2552/3738
f 6359/2649/1810 6360/2651/1810 6356/2650/1810
f 6360/2651/3720 6358/2646/3720 6357/2647/3720
f 6354/2641/4 6353/2640/4 6359/4237/4
f 6360/2644/8 6349/2643/8 6358/4238/8
f 6361/4239/1937 6362/4240/1937 6363/4241/1937
f 6370/4242/1939 6371/4243/1939 6372/4244/1939
f 6378/2319/10 6373/2485/10 6375/2320/10
f 6384/2309/1810 6380/2312/1810 6374/2310/1810
f 6380/2312/3693 6379/2314/3693 6373/2313/3693
f 6379/2314/3694 6377/2316/3694 6375/2315/3694
f 6377/2316/2012 6384/2309/2012 6376/2311/2012
f 6378/2305/8 6381/2432/8 6374/2303/8
f 6381/2304/13 6383/2303/13 6376/2570/13
f 6383/2308/4 6382/2552/4 6375/2306/4
f 6381/2321/1931 6380/2325/1931 6384/2322/1931
f 6378/2324/1935 6379/2327/1935 6380/2325/1935
f 6382/2326/1986 6377/2328/1986 6379/2327/1986
f 6383/2323/1906 6384/2322/1906 6377/2328/1906
f 6386/4048/1821 6387/4049/1821 6385/4245/1821
f 6388/4246/1820 6390/4052/1820 6389/4053/1820
f 6391/4247/1819 6393/4055/1819 6392/4056/1819
f 6395/4057/1818 6396/2447/1818 6394/4248/1818
f 6399/4249/13 6397/4250/13 6398/4150/13
f 6397/4251/10 6399/4252/10 6398/4061/10
f 6400/4062/10 6402/4253/10 6401/4064/10
f 6402/4065/13 6400/4254/13 6401/4067/13
f 6406/4068/3696 6407/4255/3696 6408/4256/3696
f 6409/4071/1989 6410/4072/1989 6411/4073/1989
f 6416/4074/3697 6415/4075/3697 6417/4136/3697
f 6420/4077/3698 6419/4078/3698 6418/4079/3698
f 6430/2739/3699 6421/2690/3699 6427/2369/3699
f 6421/2373/3701 6425/2375/3701 6427/2377/3701
f 6425/2375/3797 6426/2458/3797 6422/2457/3797
f 6426/2458/1889 6424/2372/1889 6423/2455/1889
f 6424/4121/3714 6429/2499/3714 6421/2379/3714
f 6429/2381/8 6428/2500/8 6425/2382/8
f 6430/2320/10 6432/2583/10 6423/2462/10
f 6432/2463/8 6431/2584/8 6422/2682/8
f 6430/2389/3716 6429/2392/3716 6424/2390/3716
f 6427/2391/1993 6428/2394/1993 6429/2392/1993
f 6431/2393/3798 6426/2395/3798 6428/2394/3798
f 6432/2374/1935 6424/2390/1935 6426/2395/1935
f 6434/4081/1818 6435/4082/1818 6433/4257/1818
f 6436/4084/1819 6438/4085/1819 6437/4086/1819
f 6439/4087/1820 6441/4086/1820 6440/4088/1820
f 6443/2492/3705 6444/2491/3705 6442/4258/3705
f 6447/4259/10 6445/4260/10 6446/4092/10
f 6445/4261/13 6447/4094/13 6446/4095/13
f 6448/4262/13 6450/4263/13 6449/4098/13
f 6450/4264/10 6448/4100/10 6449/4101/10
f 6454/4102/3706 6455/4103/3706 6456/4104/3706
f 6457/4105/3707 6458/4106/3707 6459/4107/3707
f 6464/4108/3708 6463/4109/3708 6465/4110/3708
f 6468/4111/3709 6467/4112/3709 6466/4113/3709
f 6478/2552/3767 6471/2306/3767 6472/2307/3767
f 6474/2319/3711 6469/2485/3711 6471/2320/3711
f 6473/2309/1810 6476/2312/1810 6470/2310/1810
f 6476/2312/3799 6475/2314/3799 6469/2313/3799
f 6471/2435/3800 6473/2309/3800 6472/2311/3800
f 6475/4115/3714 6480/2502/3714 6471/2554/3714
f 6474/2305/8 6477/2432/8 6470/2303/8
f 6477/2304/13 6479/2303/13 6472/2570/13
f 6477/2321/3757 6476/2325/3757 6473/2322/3757
f 6474/2324/1935 6475/2327/1935 6476/2325/1935
f 6478/2326/3716 6480/2328/3716 6475/2327/3716
f 6479/2323/3801 6473/2322/3801 6480/2328/3801
f 6482/4048/1821 6483/4049/1821 6481/4245/1821
f 6484/4246/1820 6486/4052/1820 6485/4053/1820
f 6487/4247/1819 6489/4055/1819 6488/4056/1819
f 6491/4057/1818 6492/2447/1818 6490/4248/1818
f 6495/4249/13 6493/4250/13 6494/4150/13
f 6493/4251/10 6495/4252/10 6494/4061/10
f 6496/4062/10 6498/4253/10 6497/4064/10
f 6498/4065/13 6496/4254/13 6497/4067/13
f 6502/4068/1990 6503/4265/1990 6504/4256/1990
f 6505/4071/3717 6506/4072/3717 6507/4073/3717
f 6512/4074/3697 6511/4075/3697 6513/4266/3697
f 6516/4118/3718 6515/4078/3718 6514/4079/3718
f 6519/2372/7 6523/2456/7 6517/2454/7
f 6523/2456/3754 6522/2375/3754 6521/2377/3754
f 6522/2375/3802 6520/2458/3802 6518/2457/3802
f 6520/2458/3787 6519/2372/3787 6527/2455/3787
f 6524/2689/3803 6525/2739/3803 6517/2690/3803
f 6527/4080/3739 6526/2584/3739 6518/2682/3739
f 6526/2371/3766 6524/2715/3766 6521/2507/3766
f 6524/2391/3804 6522/2394/3804 6525/2466/3804
f 6527/2455/3805 6528/2390/3805 6526/2691/3805
f 6525/2499/3806 6523/2379/3806 6519/2380/3806
f 6526/2562/3807 6520/2385/3807 6522/4267/3807
f 6528/2385/4 6519/2387/4 6520/2388/4
f 6530/4081/1818 6531/4082/1818 6529/4257/1818
f 6532/4084/1819 6534/4085/1819 6533/4086/1819
f 6535/4087/1820 6537/4086/1820 6536/4088/1820
f 6543/4268/10 6541/4123/10 6542/4092/10
f 6541/4269/13 6543/4164/13 6542/4095/13
f 6544/4126/13 6546/4127/13 6545/4098/13
f 6546/4270/10 6544/4271/10 6545/4101/10
f 6550/4102/3726 6551/4103/3726 6552/4104/3726
f 6553/4105/3707 6554/4106/3707 6555/4107/3707
f 6560/4108/3727 6559/4109/3727 6561/4110/3727
f 6564/4111/3728 6563/4112/3728 6562/4113/3728
f 6567/2309/7 6571/2312/7 6565/2310/7
f 6571/2312/1902 6570/2314/1902 6569/2313/1902
f 6570/2314/7 6568/2316/7 6566/2315/7
f 6568/2316/3730 6567/2309/3730 6574/2311/3730
f 6569/4147/3808 6572/2432/3808 6565/2303/3808
f 6574/4114/3722 6573/2552/3722 6566/2306/3722
f 6569/2324/3805 6576/2327/3805 6572/2694/3805
f 6574/2323/3723 6575/2322/3723 6573/2487/3723
f 6572/2488/3733 6571/2437/3733 6567/2438/3733
f 6576/2501/4 6570/2488/4 6571/2441/4
f 6573/2502/3806 6568/2554/3806 6570/2503/3806
f 6575/2489/8 6567/2443/8 6568/2444/8
f 6591/4272/13 6589/4273/13 6590/4150/13
f 6589/4274/10 6591/4275/10 6590/4061/10
f 6592/4276/10 6594/4277/10 6593/4064/10
f 6594/4278/13 6592/4279/13 6593/4067/13
f 6598/4068/3707 6599/4255/3707 6600/4256/3707
f 6601/4071/3706 6602/4072/3706 6603/4073/3706
f 6608/4074/3697 6607/4075/3697 6609/4136/3697
f 6612/4137/3735 6611/4078/3735 6610/4079/3735
f 6615/2372/1988 6619/2456/1988 6613/2454/1988
f 6619/2456/3809 6618/2375/3809 6617/2377/3809
f 6618/2375/3810 6616/2458/3810 6614/2457/3810
f 6616/2458/2012 6615/2372/2012 6622/2455/2012
f 6622/4138/3808 6621/2584/3808 6614/2682/3808
f 6621/2371/3766 6620/2715/3766 6617/2507/3766
f 6613/2389/1931 6624/2392/1931 6623/2390/1931
f 6620/2391/3786 6618/2394/3786 6624/2392/3786
f 6622/2455/3805 6623/2390/3805 6621/2691/3805
f 6624/2499/1897 6619/2379/1897 6615/2380/1897
f 6621/2562/3807 6616/2385/3807 6618/4280/3807
f 6623/2385/4 6615/2387/4 6616/2388/4
f 6626/4081/1818 6627/4082/1818 6625/4257/1818
f 6628/4084/1819 6630/4085/1819 6629/4086/1819
f 6631/4087/1820 6633/4086/1820 6632/4088/1820
f 6639/4281/10 6637/4282/10 6638/4092/10
f 6637/4283/13 6639/4284/13 6638/4095/13
f 6640/4143/13 6642/4209/13 6641/4098/13
f 6642/4285/10 6640/4146/10 6641/4101/10
f 6646/4102/3706 6647/4103/3706 6648/4104/3706
f 6649/4105/3707 6650/4106/3707 6651/4107/3707
f 6656/4108/3708 6655/4109/3708 6657/4110/3708
f 6660/4111/3709 6659/4112/3709 6658/4113/3709
f 6672/2309/3802 6668/2312/3802 6661/2310/3802
f 6668/2312/3738 6664/2314/3738 6666/2313/3738
f 6664/2314/7 6665/2316/7 6662/2315/7
f 6665/2316/3811 6672/2309/3811 6663/2311/3811
f 6668/2441/4 6667/2501/4 6664/2488/4
f 6666/4147/3739 6669/2432/3739 6661/2303/3739
f 6669/2304/3766 6671/2303/3766 6663/2570/3766
f 6671/2308/3812 6670/2552/3812 6662/2306/3812
f 6666/2324/3740 6667/2327/3740 6669/2694/3740
f 6671/2323/3813 6672/2322/3813 6670/2487/3813
f 6669/2488/3814 6668/2437/3814 6672/4286/3814
f 6670/2502/3815 6665/2554/3815 6667/2504/3815
f 6687/4148/13 6685/4287/13 6686/4150/13
f 6685/4151/10 6687/4288/10 6686/4061/10
f 6688/4289/10 6690/4290/10 6689/4064/10
f 6690/4291/13 6688/4156/13 6689/4067/13
f 6694/4068/1990 6695/4265/1990 6696/4256/1990
f 6697/4071/3717 6698/4072/3717 6699/4073/3717
f 6704/4074/3697 6703/4075/3697 6705/4266/3697
f 6708/4157/3742 6707/4078/3742 6706/4079/3742
f 6711/2372/1988 6715/2456/1988 6709/2454/1988
f 6715/2456/3816 6714/2375/3816 6713/2377/3816
f 6714/2375/3802 6712/2458/3802 6710/2457/3802
f 6712/2458/1902 6711/2372/1902 6718/2455/1902
f 6718/4292/3739 6717/2584/3739 6710/2720/3739
f 6717/2371/3766 6716/2715/3766 6713/2704/3766
f 6709/2389/3757 6720/2392/3757 6719/2390/3757
f 6716/2391/3801 6714/2394/3801 6720/2392/3801
f 6718/2455/3780 6719/2390/3780 6717/2691/3780
f 6720/2499/1897 6715/4195/1897 6711/2560/1897
f 6717/2562/3807 6712/2514/3807 6714/4293/3807
f 6719/2385/4 6711/4196/4 6712/2516/4
f 6724/4084/1819 6726/4085/1819 6725/4086/1819
f 6727/4087/1820 6729/4086/1820 6728/4088/1820
f 6735/4294/10 6733/4162/10 6734/4092/10
f 6733/4295/13 6735/4296/13 6734/4095/13
f 6736/4297/13 6738/4298/13 6737/4098/13
f 6738/4299/10 6736/4168/10 6737/4101/10
f 6742/4102/3706 6743/4103/3706 6744/4104/3706
f 6745/4105/3707 6746/4106/3707 6747/4107/3707
f 6752/4108/3751 6751/4109/3751 6753/4169/3751
f 6756/4300/3752 6755/4112/3752 6754/4113/3752
f 6765/2566/3817 6759/2570/3817 6757/4301/3817
f 6764/2709/4 6758/2306/4 6759/2307/4
f 6760/2309/1862 6763/2312/1862 6757/2310/1862
f 6763/2312/3818 6762/2314/3818 6761/2313/3818
f 6762/2314/3819 6768/2316/3819 6758/2315/3819
f 6768/2316/3820 6760/2309/3820 6759/2311/3820
f 6757/2321/3821 6766/2325/3821 6765/2712/3821
f 6761/2324/3822 6767/2327/3822 6766/2325/3822
f 6764/2326/3748 6768/2328/3748 6767/2327/3748
f 6766/2488/10 6763/2734/10 6760/2580/10
f 6767/2501/4 6762/2527/4 6763/2582/4
f 6765/2489/3823 6760/4213/3823 6768/4302/3823
f 6783/4303/13 6781/4304/13 6782/4150/13
f 6781/4175/10 6783/4305/10 6782/4061/10
f 6784/4306/10 6786/4307/10 6785/4064/10
f 6786/4179/13 6784/4308/13 6785/4067/13
f 6790/4068/1990 6791/4255/1990 6792/4256/1990
f 6793/4071/3706 6794/4072/3706 6795/4073/3706
f 6800/4074/3759 6799/4075/3759 6801/4309/3759
f 6804/4182/3760 6803/4078/3760 6802/4079/3760
f 6813/2584/8 6807/2682/8 6808/2465/8
f 6810/2715/13 6805/2507/13 6807/2370/13
f 6809/2372/1988 6812/2456/1988 6806/2454/1988
f 6812/2456/3754 6811/2375/3754 6805/2377/3754
f 6811/2375/1810 6816/2458/1810 6807/2457/1810
f 6816/2458/3824 6809/2372/3824 6808/2455/3824
f 6806/4310/3825 6814/2583/3825 6808/2462/3825
f 6806/2389/3826 6815/2392/3826 6814/2716/3826
f 6810/2391/3786 6811/2394/3786 6815/2392/3786
f 6813/2393/1931 6816/2395/1931 6811/2394/1931
f 6815/2499/1897 6812/2379/1897 6809/2380/1897
f 6814/2385/3827 6809/2387/3827 6816/4311/3827
f 6820/4084/1819 6822/4085/1819 6821/4086/1819
f 6823/4087/1820 6825/4086/1820 6824/4088/1820
f 6831/4281/10 6829/4123/10 6830/4092/10
f 6829/4312/13 6831/4284/13 6830/4095/13
f 6832/4185/13 6834/4209/13 6833/4098/13
f 6834/4285/10 6832/4186/10 6833/4101/10
f 6838/4102/3763 6839/4103/3763 6840/4104/3763
f 6841/4105/3764 6842/4106/3764 6843/4107/3764
f 6848/4108/3751 6847/4109/3751 6849/4169/3751
f 6852/4300/3765 6851/4112/3765 6850/4113/3765
f 6860/2432/3828 6853/2303/3828 6858/4187/3828
f 6862/2303/3829 6855/2570/3829 6853/2317/3829
f 6861/2552/4 6854/2306/4 6855/2307/4
f 6853/2717/3830 6857/2314/3830 6858/2313/3830
f 6857/2314/3831 6864/2316/3831 6854/2315/3831
f 6864/2316/1902 6856/2309/1902 6855/2311/1902
f 6853/2441/3832 6859/2501/3832 6857/2488/3832
f 6860/2321/3833 6863/2325/3833 6856/2322/3833
f 6858/2324/1906 6859/2327/1906 6863/2325/1906
f 6861/2326/3748 6864/2328/3748 6859/2327/3748
f 6862/2323/1906 6856/2322/1906 6864/2328/1906
f 6863/2488/3834 6853/2437/3834 6856/4188/3834
f 6879/4313/13 6877/4314/13 6878/4150/13
f 6877/4315/10 6879/4316/10 6878/4061/10
f 6880/4132/10 6882/4317/10 6881/4064/10
f 6882/4318/13 6880/4319/13 6881/4067/13
f 6886/4068/3764 6887/4265/3764 6888/4256/3764
f 6889/4071/3771 6890/4072/3771 6891/4073/3771
f 6896/4074/3759 6895/4075/3759 6897/4309/3759
f 6900/4182/3760 6899/4078/3760 6898/4079/3760
f 6909/2506/4 6901/2690/4 6905/2703/4
f 6912/2372/3835 6907/2456/3835 6901/2454/3835
f 6907/2456/3818 6906/2375/3818 6905/2377/3818
f 6906/2375/3810 6904/2458/3810 6902/2457/3810
f 6904/2458/3836 6912/2372/3836 6903/2455/3836
f 6909/2510/10 6911/2583/10 6903/2719/10
f 6911/2463/3837 6910/2584/3837 6902/2720/3837
f 6910/2371/3766 6908/2715/3766 6905/2704/3766
f 6909/2389/1986 6907/2392/1986 6912/2390/1986
f 6908/2391/3769 6906/2394/3769 6907/2392/3769
f 6911/2374/3732 6912/2390/3732 6910/2691/3732
f 6910/2562/3807 6904/2514/3807 6906/4293/3807
f 6916/4084/1819 6918/4085/1819 6917/4086/1819
f 6919/4087/1820 6921/4086/1820 6920/4088/1820
f 6927/4294/10 6925/4162/10 6926/4092/10
f 6925/4295/13 6927/4296/13 6926/4095/13
f 6928/4297/13 6930/4298/13 6929/4098/13
f 6930/4299/10 6928/4168/10 6929/4101/10
f 6934/4102/1989 6935/4103/1989 6936/4104/1989
f 6937/4105/1990 6938/4106/1990 6939/4107/1990
f 6944/4108/3708 6943/4109/3708 6945/4169/3708
f 6948/4300/3765 6947/4112/3765 6946/4113/3765
f 6957/2566/13 6951/2570/13 6949/2723/13
f 6956/2709/4 6950/2306/4 6951/2307/4
f 6958/2309/3802 6954/2312/3802 6949/2310/3802
f 6954/2312/3787 6953/2314/3787 6952/2313/3787
f 6953/2314/3819 6960/2316/3819 6950/2315/3819
f 6960/2316/3772 6958/2309/3772 6951/2311/3772
f 6952/4171/3808 6955/2432/3808 6949/4320/3808
f 6952/2324/3805 6959/2327/3805 6955/2694/3805
f 6956/2326/3748 6960/2328/3748 6959/2327/3748
f 6957/2323/3769 6958/2322/3769 6960/2328/3769
f 6955/2488/3807 6954/2734/3807 6958/4172/3807
f 6959/2501/4 6953/2527/4 6954/2582/4
f 6962/4048/1821 6963/4049/1821 6961/4245/1821
f 6971/4057/1818 6972/2447/1818 6970/4248/1818
f 6975/4303/13 6973/4321/13 6974/4150/13
f 6973/4322/10 6975/4305/10 6974/4061/10
f 6976/4203/10 6978/4307/10 6977/4064/10
f 6978/4179/13 6976/4204/13 6977/4067/13
f 6982/4068/3707 6983/4265/3707 6984/4256/3707
f 6985/4071/3726 6986/4072/3726 6987/4073/3726
f 6992/4074/3759 6991/4075/3759 6993/4309/3759
f 6996/4182/3760 6995/4078/3760 6994/4079/3760
f 7006/2583/10 6999/2462/10 6997/2368/10
f 7005/2584/3838 6998/2682/3838 6999/2465/3838
f 7007/2372/3694 7002/2456/3694 6997/2454/3694
f 7002/2456/3787 7001/2375/3787 7000/2377/3787
f 6998/2724/3712 7007/2372/3712 6999/2455/3712
f 7001/4280/3755 7008/2562/3755 6998/2385/3755
f 7003/2689/4 7004/2739/4 6997/2690/4
f 7005/2371/13 7003/2715/13 7000/2507/13
f 7004/2389/1986 7002/2392/1986 7007/2390/1986
f 7003/2391/1906 7001/2394/1906 7002/2392/1906
f 7005/2393/3833 7008/2395/3833 7001/2394/3833
f 7006/2374/3724 7007/2390/3724 7008/2395/3724
f 7012/4084/1819 7014/4085/1819 7013/4086/1819
f 7015/4087/1820 7017/4086/1820 7016/4088/1820
f 7019/2492/1821 7020/2491/1821 7018/4323/1821
f 7023/4281/10 7021/4123/10 7022/4092/10
f 7021/4312/13 7023/4284/13 7022/4095/13
f 7024/4185/13 7026/4209/13 7025/4098/13
f 7026/4285/10 7024/4186/10 7025/4101/10
f 7030/4102/1989 7031/4103/1989 7032/4104/1989
f 7033/4105/1990 7034/4106/1990 7035/4107/1990
f 7040/4108/3751 7039/4109/3751 7041/4169/3751
f 7044/4300/3839 7043/4112/3839 7042/4113/3839
f 7055/2303/13 7047/2570/13 7045/2317/13
f 7048/2309/3810 7053/2312/3810 7045/2310/3810
f 7053/2312/3787 7049/2314/3787 7051/2313/3787
f 7049/2314/1988 7050/2316/1988 7046/2315/1988
f 7050/2316/3754 7048/2309/3754 7047/2311/3754
f 7053/2441/4 7052/2501/4 7049/2488/4
f 7051/4187/3840 7054/2432/3840 7045/2303/3840
f 7051/2324/3805 7052/2327/3805 7054/2694/3805
f 7046/2326/1931 7056/2328/1931 7052/2327/1931
f 7055/2323/3786 7048/2322/3786 7056/2328/3786
f 7054/2488/3807 7053/2437/3807 7048/4188/3807
f 7056/2502/1897 7050/2554/1897 7052/2504/1897
f 7058/4048/1821 7059/4049/1821 7057/4245/1821
f 7060/4246/1820 7062/4052/1820 7061/4053/1820
f 7063/4247/1819 7065/4055/1819 7064/4056/1819
f 7067/4057/1818 7068/2447/1818 7066/4248/1818
f 7071/4313/13 7069/4314/13 7070/4150/13
f 7069/4315/10 7071/4316/10 7070/4061/10
f 7072/4132/10 7074/4317/10 7073/4064/10
f 7074/4318/13 7072/4319/13 7073/4067/13
f 7078/4068/1990 7079/4324/1990 7080/4256/1990
f 7081/4071/1989 7082/4072/1989 7083/4073/1989
f 7088/4074/3759 7087/4075/3759 7089/4309/3759
f 7092/4182/3742 7091/4078/3742 7090/4079/3742
f 7103/2729/3841 7095/2462/3841 7093/2730/3841
f 7093/2728/3842 7099/2375/3842 7098/2377/3842
f 7099/2375/3797 7097/2458/3797 7094/2457/3797
f 7097/2458/3693 7096/2372/3693 7095/2455/3693
f 7096/4325/3843 7100/2575/3843 7093/2379/3843
f 7098/4326/3844 7101/2739/3844 7093/4327/3844
f 7103/2727/8 7102/2584/8 7094/2720/8
f 7101/2389/3845 7100/2392/3845 7096/2390/3845
f 7098/2391/3779 7104/2394/3779 7100/2392/3779
f 7102/2393/3798 7097/2395/3798 7104/2394/3798
f 7103/2374/1935 7096/2390/1935 7097/2395/1935
f 7104/2500/8 7099/2572/8 7100/2571/8
f 7106/4081/1818 7107/4082/1818 7105/4257/1818
f 7108/4084/1819 7110/4085/1819 7109/4086/1819
f 7111/4087/1820 7113/4086/1820 7112/4088/1820
f 7115/2492/1821 7116/2491/1821 7114/4323/1821
f 7119/4328/10 7117/4162/10 7118/4092/10
f 7117/4295/13 7119/4329/13 7118/4095/13
f 7120/4297/13 7122/4330/13 7121/4098/13
f 7122/4285/10 7120/4168/10 7121/4101/10
f 7126/4102/1989 7127/4103/1989 7128/4104/1989
f 7129/4105/1990 7130/4106/1990 7131/4107/1990
f 7136/4108/3708 7135/4109/3708 7137/4211/3708
f 7140/4331/3788 7139/4112/3788 7138/4113/3788
f 7143/2309/7 7147/2312/7 7141/2310/7
f 7147/2312/1902 7146/2314/1902 7145/2313/1902
f 7146/2314/1988 7144/2316/1988 7142/2315/1988
f 7144/2316/3799 7143/2309/3799 7149/2311/3799
f 7144/2532/8 7150/2736/8 7143/2443/8
f 7145/4171/3739 7148/2432/3739 7141/4320/3739
f 7145/2324/3780 7151/2327/3780 7148/2694/3780
f 7142/2326/3757 7152/2328/3757 7151/2327/3757
f 7149/2323/1935 7150/2322/1935 7152/2328/1935
f 7148/2488/3846 7147/2734/3846 7150/2733/3846
f 7151/2501/4 7146/2527/4 7147/2582/4
f 7152/2502/1897 7144/2579/1897 7146/2530/1897
f 7154/4048/1821 7155/4049/1821 7153/4245/1821
f 7156/4246/1820 7158/4052/1820 7157/4053/1820
f 7163/4057/1818 7164/2447/1818 7162/4248/1818
f 7167/4303/13 7165/4321/13 7166/4150/13
f 7165/4322/10 7167/4305/10 7166/4061/10
f 7168/4203/10 7170/4307/10 7169/4064/10
f 7170/4179/13 7168/4204/13 7169/4067/13
f 7174/4068/1990 7175/4324/1990 7176/4256/1990
f 7177/4071/1989 7178/4072/1989 7179/4073/1989
f 7184/4074/3759 7183/4075/3759 7185/4309/3759
f 7188/4182/3760 7187/4078/3760 7186/4079/3760
f 7196/2739/3847 7189/2690/3847 7192/2507/3847
f 7198/2583/3711 7191/2462/3711 7189/2368/3711
f 7197/2584/3848 7190/2682/3848 7191/2465/3848
f 7189/2373/3849 7193/2375/3849 7192/2377/3849
f 7190/2724/3850 7199/2372/3850 7191/2455/3850
f 7199/4214/3714 7194/2499/3714 7189/2379/3714
f 7193/4332/3851 7200/2562/3851 7190/2385/3851
f 7197/2371/13 7195/2715/13 7192/2507/13
f 7196/2389/3793 7194/2392/3793 7199/2390/3793
f 7195/2391/3786 7193/2394/3786 7194/2392/3786
f 7197/2393/3756 7200/2395/3756 7193/2394/3756
f 7198/2374/3724 7199/2390/3724 7200/2395/3724
f 7202/4081/1818 7203/4082/1818 7201/4257/1818
f 7204/4084/1819 7206/4085/1819 7205/4086/1819
f 7207/4087/1820 7209/4086/1820 7208/4088/1820
f 7211/2492/1821 7212/2491/1821 7210/4323/1821
f 7215/4333/10 7213/4260/10 7214/4092/10
f 7213/4261/13 7215/4334/13 7214/4095/13
f 7216/4217/13 7218/4335/13 7217/4098/13
f 7218/4336/10 7216/4220/10 7217/4101/10
f 7222/4102/1989 7223/4103/1989 7224/4104/1989
f 7225/4105/1990 7226/4106/1990 7227/4107/1990
f 7232/4108/3708 7231/4109/3708 7233/4169/3708
f 7236/4300/3752 7235/4112/3752 7234/4113/3752
f 7264/4345/3739 7260/4346/3739 7267/4347/3739
f 7264/2635/3805 7265/2638/3805 7260/2782/3805
f 7261/2637/3852 7263/2639/3852 7265/2638/3852
f 7262/2634/3769 7270/2633/3769 7263/2639/3769
f 7260/2788/3807 7266/2653/3807 7270/4348/3807
f 7262/2780/13 7269/4349/13 7267/2781/13
f 7261/2783/4 7268/4350/4 7269/2784/4
f 7270/2646/3802 7266/2648/3802 7267/2323/3802
f 7266/2648/3738 7271/2649/3738 7264/2552/3738
f 7271/2649/3853 7263/2651/3853 7268/2650/3853
f 7263/2651/3738 7270/2646/3738 7269/2647/3738
f 7266/2641/4 7265/2640/4 7271/4237/4
f 7272/4239/1937 7273/4240/1937 7274/4241/1937
f 7281/4242/1939 7282/4243/1939 7283/4351/1939
f 7586/3199/4194 7566/2828/4194 7568/2865/4194
f 7581/3203/4198 7575/3207/4198 7574/2844/4198
f 7584/2944/4201 7573/2838/4201 7567/3205/4201
f 7587/2824/4204 7572/2844/4204 7566/2828/4204
f 7583/2925/4205 7568/2848/4205 7571/2838/4205
f 7585/2824/4206 7574/2844/4206 7573/2859/4206
f 7582/2903/4208 7571/2865/4208 7575/3207/4208
f 7580/2891/4209 7567/2859/4209 7572/2844/4209
usemtl GT_MC_Tiling_Paint_Chipped_Blue
f 4275/1311/1099 4280/1312/1099 4276/1313/1099
f 4279/1314/1100 4276/1313/1100 4277/1312/1100
f 4275/1315/1101 4279/1316/1101 4278/1317/1101
f 4278/1318/1102 4277/1319/1102 4280/1320/1102
f 4284/1311/1099 4289/1312/1099 4285/1313/1099
f 4288/1314/1100 4285/1313/1100 4286/1312/1100
f 4284/1321/1101 4288/1316/1101 4287/1317/1101
f 4287/1322/1102 4286/1319/1102 4289/1320/1102
f 4592/1717/1376 4593/1718/1376 4590/1719/1376
f 4591/1720/1377 4590/1721/1377 4593/1722/1377
f 4600/1717/1378 4601/1718/1378 4598/1719/1378
f 4599/1723/1379 4598/1724/1379 4601/1725/1379
f 4275/1311/3095 4278/1314/3095 4280/1312/3095
f 4279/1314/3096 4275/1311/3096 4276/1313/3096
f 4280/1317/3097 4277/1316/3097 4276/3642/3097
f 4278/1318/3098 4279/3643/3098 4277/1319/3098
f 4284/1311/3095 4287/1314/3095 4289/1312/3095
f 4288/1314/3096 4284/1311/3096 4285/1313/3096
f 4289/1317/3097 4286/1316/3097 4285/3647/3097
f 4287/1322/3098 4288/3643/3098 4286/1319/3098
f 4592/1717/3325 4591/3779/3325 4593/1718/3325
f 4591/1720/3326 4592/3780/3326 4590/1721/3326
f 4600/1717/3325 4599/3779/3325 4601/1718/3325
f 4599/1723/3326 4600/3785/3326 4598/1724/3326
s 1
usemtl GT_MC_Trimsheet_1
f 4282/3644/3099 4281/3645/3100 4283/3646/3101
f 4291/3648/3099 4290/3649/3102 4292/3650/3103
f 4594/3781/3327 4597/3782/3328 4596/3783/3329
f 4596/3783/3329 4595/3784/3330 4594/3781/3327
f 4602/3786/3331 4605/3787/3328 4604/3788/3329
f 4604/3788/3329 4603/3789/3330 4602/3786/3331
s 0
usemtl GT_MC_Tiling_Scratched_Iron_Grey
f 7286/2791/2054 7301/2792/2054 7300/2793/2054
f 7302/2794/2055 7304/2795/2055 7299/2796/2055
f 7299/2796/2056 7289/2797/2056 7298/2798/2056
f 7301/2799/2057 7305/2800/2057 7296/2801/2057
f 7296/2802/2058 7303/2803/2058 7287/2804/2058
f 7302/2805/2059 7299/2806/2059 7288/2807/2059
f 7297/2808/2060 7295/2809/2060 7290/2810/2060
f 7289/2811/3 7303/2812/3 7285/2813/3
f 7298/2804/2061 7289/2803/2061 7297/2814/2061
f 7284/2815/2062 7285/2813/2062 7286/2791/2062
f 7287/2801/2063 7294/2816/2063 7302/2794/2063
f 7297/2808/2064 7290/2810/2064 7291/2817/2064
f 7296/2818/2065 7287/2819/2065 7292/2820/2065
f 7286/2821/2066 7285/2816/2066 7301/2799/2066
f 7308/2822/10 7339/2823/10 7310/2824/10
f 7333/2825/2067 7341/2826/2067 7330/2827/2067
f 7301/2828/2068 7293/2829/2068 7342/2830/2068
f 7315/2831/2069 7343/2832/2069 7333/2825/2069
f 7300/2833/2070 7497/2834/2070 7315/2831/2070
f 7333/2825/2071 7344/2835/2071 7301/2828/2071
f 7345/2836/2072 7346/2837/2072 7287/2838/2072
f 7288/2839/2073 7348/2840/2073 7371/2841/2073
f 7347/2842/2074 7349/2843/2074 7299/2844/2074
f 7291/2833/2075 7351/2837/2075 7298/2838/2075
f 7350/2840/2076 7352/2845/2076 7291/2833/2076
f 7291/2833/2077 7354/2841/2077 7350/2840/2077
f 7353/2846/2078 7355/2847/2078 7290/2848/2078
f 7322/2849/2079 7356/2840/2079 7315/2831/2079
f 7295/2850/2080 7357/2851/2080 7322/2849/2080
f 7315/2831/2081 7358/2845/2081 7300/2833/2081
f 7327/2840/3 7360/2852/3 7359/2841/3
f 7293/2848/2082 7360/2852/2082 7330/2853/2082
f 7292/2854/2083 7361/2847/2083 7293/2848/2083
f 7327/2840/2084 7362/2855/2084 7292/2854/2084
f 7299/2844/2085 7365/2856/2085 7364/2857/2085
f 7363/2858/2086 7365/2856/2086 7298/2859/2086
f 7319/2860/2087 7345/2861/2087 7366/2862/2087
f 7302/2863/2088 7367/2864/2088 7287/2865/2088
f 7319/2866/2089 7368/2867/2089 7302/2868/2089
f 7322/2849/2090 7353/2869/2090 7369/2870/2090
f 7322/2871/2091 7370/2872/2091 7295/2873/2091
f 7302/2863/2092 7372/2832/2092 7319/2860/2092
f 7371/2841/2093 7373/2855/2093 7288/2839/2093
f 7308/2822/2094 7374/2874/2094 7339/2823/2094
f 7317/2875/2095 7375/2876/2095 7308/2822/2095
f 7339/2823/2096 7376/2877/2096 7338/2878/2096
f 7317/2875/2097 7377/2879/2097 7338/2878/2097
f 7318/2880/2098 7378/2881/2098 7317/2875/2098
f 7337/2882/2099 7378/2881/2099 7318/2880/2099
f 7338/2878/2100 7379/2883/2100 7337/2882/2100
f 7318/2880/2101 7380/2884/2101 7337/2882/2101
f 7319/2860/2102 7381/2885/2102 7318/2880/2102
f 7371/2841/2103 7381/2885/2103 7319/2860/2103
f 7337/2882/2104 7382/2886/2104 7371/2841/2104
f 7311/2887/2105 7384/2888/2105 7383/2889/2105
f 7424/2890/2106 7384/2888/2106 7316/2891/2106
f 7320/2892/2107 7500/2893/2107 7424/2890/2107
f 7320/2892/2108 7424/2890/2108 7385/2894/2108
f 7321/2895/2109 7499/2896/2109 7428/2897/2109
f 7321/2895/2110 7428/2897/2110 7386/2898/2110
f 7322/2849/2111 7538/2899/2111 7353/2869/2111
f 7308/2822/2112 7388/2900/2112 7387/2901/2112
f 7452/2902/2113 7388/2900/2113 7307/2903/2113
f 7317/2875/2114 7389/2904/2114 7452/2902/2114
f 7317/2875/2115 7452/2902/2115 7390/2905/2115
f 7318/2880/2116 7541/2906/2116 7456/2907/2116
f 7318/2880/2117 7456/2907/2117 7391/2908/2117
f 7319/2860/2118 7510/2909/2118 7345/2861/2118
f 7310/2824/2119 7392/2910/2119 7306/2891/2119
f 7325/2911/2120 7393/2912/2120 7310/2913/2120
f 7325/2914/2121 7340/2915/2121 7394/2916/2121
f 7325/2914/2122 7395/2917/2122 7340/2915/2122
f 7326/2918/2123 7397/2896/2123 7396/2919/2123
f 7340/2915/2124 7397/2896/2124 7398/2920/2124
f 7347/2842/2125 7400/2921/2125 7399/2922/2125
f 7398/2920/2126 7400/2921/2126 7363/2858/2126
f 7329/2823/3 7402/2923/3 7401/2874/3
f 7332/2924/2127 7402/2923/2127 7309/2925/2127
f 7405/2879/2128 7403/2926/2128 7332/2924/2128
f 7329/2823/2129 7404/2877/2129 7405/2879/2129
f 7331/2927/2130 7406/2928/2130 7332/2924/2130
f 7328/2929/2131 7407/2930/2131 7331/2927/2131
f 7405/2879/2132 7408/2883/2132 7328/2929/2132
f 7328/2929/2133 7410/2931/2133 7409/2884/2133
f 7330/2853/2134 7410/2931/2134 7331/2927/2134
f 7328/2929/2135 7411/2886/2135 7327/2840/2135
f 7311/2887/2136 7412/2823/2136 7312/2874/2136
f 7320/2892/2137 7413/2932/2137 7311/2887/2137
f 7312/2874/2138 7414/2933/2138 7313/2878/2138
f 7320/2892/2079 7415/2934/2079 7313/2878/2079
f 7321/2895/2139 7416/2935/2139 7320/2892/2139
f 7314/2929/2140 7416/2935/2140 7321/2895/2140
f 7313/2878/2141 7417/2936/2141 7314/2929/2141
f 7321/2895/2142 7418/2882/2142 7314/2929/2142
f 7322/2849/2143 7419/2937/2143 7321/2895/2143
f 7314/2929/2141 7420/2938/2141 7315/2831/2141
f 7324/2874/2144 7421/2923/2144 7316/2925/2144
f 7435/2934/2145 7423/2926/2145 7422/2877/2145
f 7316/2925/2146 7423/2926/2146 7424/2939/2146
f 7323/2929/2147 7425/2879/2147 7435/2934/2147
f 7323/2929/2148 7427/2930/2148 7426/2883/2148
f 7424/2939/2149 7427/2930/2149 7428/2940/2149
f 7350/2840/2150 7429/2884/2150 7323/2929/2150
f 7350/2840/2151 7431/2941/2151 7430/2886/2151
f 7428/2940/2152 7431/2941/2152 7353/2846/2152
f 7324/2874/3 7433/2942/3 7432/2823/3
f 7340/2943/2153 7433/2942/2153 7306/2944/2153
f 7324/2874/2154 7434/2933/2154 7435/2934/2154
f 7398/2945/2155 7436/2946/2155 7340/2943/2155
f 7323/2929/2156 7514/2947/2156 7398/2945/2156
f 7435/2934/2157 7437/2936/2157 7323/2929/2157
f 7323/2929/2158 7398/2945/2158 7438/2882/2158
f 7350/2840/2159 7555/2948/2159 7363/2949/2159
f 7323/2929/2160 7439/2938/2160 7350/2840/2160
f 7339/2823/2161 7440/2932/2161 7310/2824/2161
f 7325/2914/2162 7441/2933/2162 7338/2878/2162
f 7310/2824/2163 7442/2950/2163 7325/2914/2163
f 7338/2878/2164 7443/2951/2164 7325/2914/2164
f 7337/2882/2165 7444/2934/2165 7338/2878/2165
f 7326/2918/2166 7512/2952/2166 7337/2882/2166
f 7325/2914/2167 7445/2953/2167 7326/2918/2167
f 7337/2882/7 7446/2937/7 7326/2918/7
f 7347/2842/2168 7447/2938/2168 7371/2841/2168
f 7326/2918/2169 7448/2954/2169 7347/2842/2169
f 7329/2823/2170 7449/2942/2170 7307/2944/2170
f 7405/2879/2171 7451/2955/2171 7450/2933/2171
f 7307/2944/2172 7451/2955/2172 7452/2956/2172
f 7328/2929/2173 7453/2934/2173 7405/2879/2173
f 7328/2929/2174 7455/2957/2174 7454/2936/2174
f 7452/2956/2175 7455/2957/2175 7456/2958/2175
f 7327/2840/2176 7457/2882/2176 7328/2929/2176
f 7327/2840/2177 7459/2948/2177 7458/2938/2177
f 7456/2958/2178 7459/2948/2178 7345/2836/2178
f 7312/2874/2179 7460/2876/2179 7336/2822/2179
f 7335/2959/2180 7461/2877/2180 7313/2878/2180
f 7336/2822/2181 7462/2960/2181 7335/2959/2181
f 7313/2878/2069 7463/2961/2069 7335/2959/2069
f 7314/2929/2182 7464/2879/2182 7313/2878/2182
f 7334/2962/2183 7465/2883/2183 7314/2929/2183
f 7335/2959/2184 7466/2963/2184 7334/2962/2184
f 7314/2929/2185 7467/2964/2185 7334/2962/2185
f 7315/2831/2182 7468/2884/2182 7314/2929/2182
f 7333/2825/2186 7469/2886/2186 7315/2831/2186
f 7334/2962/2187 7470/2965/2187 7333/2825/2187
f 7336/2822/2188 7471/2966/2188 7309/2903/2188
f 7335/2967/2189 7472/2968/2189 7336/2969/2189
f 7335/2959/2190 7332/2970/2190 7473/2971/2190
f 7335/2959/2191 7474/2972/2191 7332/2970/2191
f 7334/2962/2192 7331/2973/2192 7475/2974/2192
f 7334/2962/2193 7476/2975/2193 7331/2973/2193
f 7333/2825/2194 7330/2827/2194 7477/2976/2194
f 7478/2977/2195 7484/2978/2195 7479/2979/2195
f 7485/2980/2196 7488/2981/2196 7487/2982/2196
f 7481/2983/2197 7479/2984/2197 7487/2982/2197
f 7503/2874/4 7515/2985/4 7491/2986/4
f 7517/2987/2198 7342/2988/2199 7478/2989/2200
f 7478/2990/2201 7516/2991/2201 7484/2992/2201
f 7516/2991/2202 7341/2993/2203 7484/2992/2204
f 7497/2834/2205 7518/2855/2205 7489/2994/2205
f 7518/2855/2206 7478/2989/2206 7489/2994/2206
f 7344/2835/2207 7517/2987/2208 7478/2989/2209
f 7510/2995/2210 7520/2996/2210 7359/2841/2210
f 7359/2841/2211 7520/2996/2211 7483/2994/2211
f 7520/2996/2212 7485/2997/2213 7483/2994/2214
f 7346/2837/2215 7510/2995/2216 7485/2997/2217
f 7448/2998/2218 7348/2840/2218 7532/2841/2218
f 7532/2841/13 7522/2845/13 7480/2994/13
f 7522/2845/2219 7488/2999/2220 7480/2994/2221
f 7349/2843/2222 7448/2998/2223 7488/2999/2223
f 7528/3000/2224 7351/2837/2225 7487/3001/2226
f 7487/3001/2227 7352/2845/2227 7482/2994/2227
f 7352/2845/2228 7523/2840/2228 7482/2994/2228
f 7498/3002/2229 7354/2841/2229 7523/2840/2229
f 7523/2840/4 7526/2855/4 7482/2994/4
f 7526/2855/2230 7481/3003/2230 7482/2994/2231
f 7355/2847/2232 7498/3002/2233 7481/3003/2234
f 7356/2840/2235 7357/3004/2235 7497/2834/2235
f 7357/3004/2236 7527/2843/2236 7486/3005/2237
f 7486/3005/2238 7358/2845/2238 7489/2994/2239
f 7358/2845/2240 7497/2834/2240 7489/2994/2240
f 7341/2993/2241 7361/2847/2242 7484/2992/2243
f 7484/2992/2244 7362/2855/2244 7483/2994/2244
f 7362/2855/2245 7359/2841/2245 7483/2994/2245
f 7528/3006/2246 7529/3007/2246 7448/2998/2246
f 7448/2998/2247 7364/3008/2248 7488/2999/2249
f 7364/3008/2250 7487/3009/2250 7488/2999/2250
f 7365/3010/2251 7528/3000/2252 7487/3001/2253
f 7366/3011/2254 7510/2909/2254 7501/3012/2254
f 7510/2995/2255 7367/3013/2256 7485/2997/2257
f 7367/3013/2258 7490/3014/2258 7485/2997/2258
f 7368/2988/2259 7501/3012/2260 7490/3015/2261
f 7498/3002/2262 7531/3016/2262 7481/3003/2263
f 7531/3016/2264 7486/3017/2264 7481/3003/2264
f 7370/3008/2265 7357/3004/2266 7486/3005/2267
f 7501/3012/2268 7533/2835/2269 7490/3015/2268
f 7490/3015/2270 7373/2855/2270 7480/2994/2271
f 7373/2855/2272 7532/2841/2272 7480/2994/2272
f 7374/2874/2273 7493/3018/2273 7513/2823/2273
f 7375/2876/2274 7390/3019/2274 7493/3018/2274
f 7390/3019/2275 7376/2877/2275 7441/2933/2275
f 7376/2877/2276 7513/2823/2276 7441/2933/2276
f 7377/2879/2277 7390/3019/2277 7441/2933/2277
f 7391/2908/2275 7379/2883/2275 7512/2952/2275
f 7379/2883/2278 7441/2933/2278 7512/2952/2278
f 7380/2884/2277 7391/2908/2277 7512/2952/2277
f 7501/3012/2279 7382/2886/2279 7532/2841/2279
f 7382/2886/2280 7512/2952/2280 7532/2841/2280
f 7383/2889/2281 7491/3020/2281 7495/3021/2281
f 7500/2893/2282 7536/3022/2282 7385/3023/2282
f 7536/3022/2283 7495/3021/2283 7385/3023/2283
f 7537/3024/2284 7499/3025/2284 7500/2893/2284
f 7386/2898/2285 7499/3025/2285 7502/3026/2285
f 7538/2899/2286 7498/3027/2286 7499/3025/2286
f 7539/3028/2287 7502/3029/2287 7357/3030/2287
f 7493/3018/2288 7388/2900/2288 7492/3031/2288
f 7540/3032/2289 7493/3018/2289 7390/3019/2289
f 7541/3033/2290 7509/3034/2290 7508/3035/2290
f 7542/3036/2291 7390/3037/2291 7391/3038/2291
f 7515/3020/15 7544/3039/15 7494/3040/15
f 7494/3040/2292 7394/2916/2292 7556/3041/2292
f 7394/2916/2293 7395/3042/2293 7556/3041/2293
f 7545/3043/2294 7515/3020/2294 7395/3042/2294
f 7556/3044/2295 7396/3045/2295 7557/3046/2295
f 7396/3047/2296 7514/3048/2296 7557/3049/2296
f 7557/3046/2297 7399/3050/2297 7448/3051/2297
f 7528/3006/2298 7546/3052/2298 7514/3048/2298
f 7401/2874/2299 7507/2986/2299 7504/2823/2299
f 7402/2923/2300 7506/3053/2300 7507/2986/2300
f 7506/3053/2301 7404/2877/2301 7547/2879/2301
f 7404/2877/2302 7504/2823/2302 7547/2879/2302
f 7406/2928/2303 7505/3054/2303 7506/3053/2303
f 7505/3054/7 7408/2883/7 7454/2936/7
f 7408/2883/2304 7547/2879/2304 7454/2936/2304
f 7409/2884/2305 7505/3054/2305 7454/2936/2305
f 7410/2931/2306 7341/2993/2306 7505/3054/2306
f 7341/2993/2307 7411/2886/2307 7359/2841/2307
f 7411/2886/2308 7454/2936/2308 7359/2841/2308
f 7412/2823/2309 7495/3021/2309 7496/2874/2309
f 7413/2932/2310 7385/3023/2310 7495/3021/2310
f 7385/3023/2311 7414/2933/2311 7461/2877/2311
f 7414/2933/2312 7496/2874/2312 7461/2877/2312
f 7415/2934/2313 7385/3023/2313 7461/2877/2313
f 7502/3026/2314 7417/2936/2314 7418/2882/2314
f 7417/2936/2315 7461/2877/2315 7418/2882/2315
f 7419/2937/2316 7357/3004/2316 7502/3026/2316
f 7357/3004/2317 7420/2938/2317 7497/2834/2317
f 7420/2938/2318 7418/2882/2318 7497/2834/2318
f 7422/2877/2319 7500/3055/2319 7554/2934/2319
f 7500/3055/2320 7421/2923/2320 7491/2986/2320
f 7500/3055/2321 7425/2879/2321 7554/2934/2321
f 7425/2879/2322 7426/2883/2322 7554/2934/2322
f 7427/2930/2323 7500/3055/2323 7499/3056/2323
f 7499/3056/2324 7429/2884/2324 7426/2883/2324
f 7429/2884/2325 7523/2840/2325 7426/2883/2325
f 7430/2886/2326 7498/3002/2326 7523/2840/2326
f 7432/2823/2327 7515/2985/2327 7503/2874/2327
f 7433/2942/2328 7395/3057/2328 7515/2985/2328
f 7395/3057/2329 7434/2933/2329 7554/2934/2329
f 7434/2933/2330 7503/2874/2330 7554/2934/2330
f 7436/2946/2331 7514/2947/2331 7395/3057/2331
f 7514/2947/7 7437/2936/7 7426/2883/7
f 7437/2936/2332 7554/2934/2332 7426/2883/2332
f 7438/2882/2333 7514/2947/2333 7426/2883/2333
f 7528/3000/2334 7439/2938/2334 7523/2840/2334
f 7439/2938/2335 7426/2883/2335 7523/2840/2335
f 7556/3041/2336 7440/2932/2336 7494/3040/2336
f 7556/3041/2337 7444/2934/2337 7441/2933/2337
f 7444/2934/8 7512/2952/8 7441/2933/8
f 7445/2953/2338 7556/3041/2338 7557/3049/2338
f 7557/3049/2339 7558/2882/2339 7512/2952/2339
f 7558/2882/2340 7532/2841/2340 7512/2952/2340
f 7447/2938/2341 7448/2998/2341 7532/2841/2341
f 7450/2933/2342 7508/3035/2342 7547/2879/2342
f 7508/3035/2343 7449/2942/2343 7492/2985/2343
f 7508/3035/2344 7453/2934/2344 7547/2879/2344
f 7453/2934/2345 7454/2936/2345 7547/2879/2345
f 7509/3034/2346 7457/2882/2346 7454/2936/2346
f 7457/2882/2347 7359/2841/2347 7454/2936/2347
f 7458/2938/2348 7510/2995/2348 7359/2841/2348
f 7510/2995/2349 7560/3058/2349 7509/3034/2349
f 7561/3059/2350 7460/2876/2350 7511/3018/2350
f 7561/3059/2351 7464/2879/2351 7461/2877/2351
f 7464/2879/2352 7418/2882/2352 7461/2877/2352
f 7465/2883/2353 7562/3060/2353 7418/2882/2353
f 7466/2963/2354 7561/3059/2354 7562/3060/2354
f 7562/3060/3 7468/2884/3 7418/2882/3
f 7468/2884/2355 7497/2834/2355 7418/2882/2355
f 7469/2886/2356 7517/2987/2356 7497/2834/2356
f 7470/2965/2357 7562/3060/2357 7517/2987/2357
f 7471/2966/2358 7511/3018/2358 7507/3031/2358
f 7561/3061/2359 7475/3062/2359 7562/3063/2359
f 7505/3054/2360 7474/3064/2360 7506/3053/2360
f 7477/2976/2361 7341/3065/2361 7517/2987/2361
f 7563/3066/2362 7505/3067/2362 7341/3065/2362
f 7307/3068/7 7493/3069/7 7492/3070/7
f 7311/3071/7 7511/3072/7 7495/3073/7
f 7310/3074/7 7493/3069/7 7308/3075/7
f 7310/3074/7 7515/3076/7 7494/3077/7
f 7316/2810/7 7495/3073/7 7491/3078/7
f 7309/3079/34 7492/3070/34 7507/3080/34
f 7336/3081/7 7507/3080/7 7511/3072/7
f 7341/2993/2363 7516/2991/2363 7293/3082/2363
f 7333/3083/2364 7342/3084/2364 7517/3085/2364
f 7497/3086/3 7517/3087/3 7343/3088/3
f 7344/3089/2365 7518/3090/2365 7300/3091/2365
f 7327/3092/22 7519/3093/22 7345/3094/22
f 7292/3095/10 7520/3096/10 7327/3097/10
f 7346/3098/2366 7520/3099/2366 7292/3092/2366
f 7348/3100/3 7521/3101/3 7347/3102/3
f 7349/3103/2367 7522/3104/2367 7288/3105/2367
f 7363/3106/3 7523/3107/3 7350/3108/3
f 7351/3109/2368 7524/3110/2368 7363/3111/2368
f 7354/3112/95 7525/3113/95 7353/3114/95
f 7355/3115/2369 7526/3116/2369 7291/3117/2369
f 7358/3118/2370 7527/3119/2370 7295/3120/2370
f 7363/3121/2371 7529/3122/2371 7528/3123/2371
f 7364/3124/2372 7529/3125/2372 7347/3126/2372
f 7367/3013/2373 7530/3127/2373 7345/3128/2373
f 7353/3129/2374 7357/3130/2374 7369/3131/2374
f 7290/3082/2375 7531/3016/2375 7353/3132/2375
f 7370/3133/2376 7531/3134/2376 7290/3129/2376
f 7372/3135/3 7532/3136/3 7371/3137/3
f 7373/3138/2377 7533/3139/2377 7302/3140/2377
f 7376/3141/7 7534/3139/7 7317/3140/7
f 7379/3141/2378 7535/3139/2378 7378/3140/2378
f 7382/3141/2379 7501/3139/2379 7381/3140/2379
f 7383/2889/2380 7536/3022/2380 7320/2892/2380
f 7385/3142/2381 7502/3029/2381 7321/3143/2381
f 7499/3144/2382 7537/3145/2382 7424/3146/2382
f 7386/2898/2380 7539/3147/2380 7322/2849/2380
f 7322/3131/2383 7498/3148/2383 7538/3129/2383
f 7387/2901/2384 7540/3032/2384 7317/2875/2384
f 7317/3149/34 7508/3150/34 7389/3151/34
f 7318/3152/2385 7390/3037/2385 7542/3036/2385
f 7318/3149/2386 7509/3150/2386 7541/3151/2386
f 7319/2860/2387 7391/2908/2387 7501/3012/2387
f 7510/2909/2388 7543/3153/2388 7456/2907/2388
f 7392/2910/2389 7545/3043/2389 7340/2915/2389
f 7394/2916/24 7544/3039/24 7393/3154/24
f 7396/3045/2390 7556/3044/2390 7325/2911/2390
f 7398/3121/3 7557/3122/3 7546/3123/3
f 7400/2921/2391 7546/3052/2391 7528/3006/2391
f 7399/2922/2392 7557/3049/2392 7326/2918/2392
f 7404/3155/36 7506/3156/36 7403/3157/36
f 7406/3158/3 7547/3159/3 7405/3160/3
f 7408/3155/7 7505/3156/7 7407/3157/7
f 7411/3155/7 7548/3156/7 7330/3157/7
f 7414/3161/7 7549/3119/7 7320/3120/7
f 7417/3161/2393 7502/3119/2393 7416/3120/2393
f 7420/3161/7 7550/3119/7 7322/3120/7
f 7422/3162/13 7503/3163/13 7324/3164/13
f 7425/3165/3 7551/3113/3 7424/3114/3
f 7429/3165/3 7552/3113/3 7428/3114/3
f 7428/3166/2394 7498/3167/2394 7431/3168/2394
f 7434/3169/36 7553/3170/36 7340/3106/36
f 7436/3171/3 7554/3107/3 7435/3108/3
f 7439/3169/2395 7528/3170/2395 7555/3106/2395
f 7441/3172/8 7513/3173/8 7339/3174/8
f 7444/3175/3 7556/3101/3 7443/3102/3
f 7337/3105/3 7557/3101/3 7446/3102/3
f 7447/3176/8 7558/3177/8 7337/3178/8
f 7449/3179/2396 7508/3180/2396 7451/3181/2396
f 7450/3182/10 7504/3183/10 7329/3184/10
f 7453/3185/3 7559/3093/3 7452/3094/3
f 7452/3186/2397 7509/3187/2397 7455/3188/2397
f 7457/3185/3 7560/3093/3 7456/3094/3
f 7461/3189/4 7496/3190/4 7312/3191/4
f 7464/3192/2398 7561/3087/2398 7463/3088/2398
f 7468/3192/3 7562/3087/3 7467/3088/3
f 7471/2966/2399 7506/3193/2399 7332/2970/2399
f 7473/3194/2400 7506/3195/2400 7561/3196/2400
f 7474/3064/2401 7505/3054/2401 7331/3197/2401
f 7335/2967/2402 7475/3062/2402 7561/3061/2402
f 7476/2975/2403 7563/3066/2403 7330/2827/2403
f 7477/2976/2404 7562/3060/2404 7334/2962/2404
f 7296/2818/3854 7292/2820/3854 7293/3079/3854
f 7296/2818/3855 7293/3079/3855 7301/2792/3855
f 7302/2794/3856 7294/2816/3856 7304/2795/3856
f 7299/2796/2056 7304/2795/2056 7289/2797/2056
f 7305/3202/3 7285/2813/3 7303/2812/3
f 7297/2808/3857 7291/2817/3857 7298/4352/3857
f 7301/2799/3858 7285/2816/3858 7305/2800/3858
f 7296/2802/4 7305/3198/4 7303/2803/4
f 7297/2808/3859 7286/2791/3859 7295/2809/3859
f 7289/2811/3 7304/4353/3 7303/2812/3
f 7297/2814/8 7289/2803/8 7284/3204/8
f 7294/4354/3 7303/2812/3 7304/4353/3
f 7286/2791/3860 7300/2793/3860 7295/2809/3860
f 7297/2798/24 7284/2797/24 7286/2821/24
f 7287/2801/3861 7303/2800/3861 7294/2816/3861
f 7289/2811/3 7285/2813/3 7284/2815/3
f 7306/2944/8 7324/2874/8 7316/2925/8
f 7309/2925/4 7329/2823/4 7307/2944/4
f 7311/2887/13 7312/2874/13 7336/2822/13
f 7301/2873/3862 7342/3084/3862 7333/3083/3862
f 7330/2827/3863 7341/2826/3863 7293/2829/3863
f 7315/2831/3864 7497/2834/3864 7343/2832/3864
f 7301/2828/3865 7344/2835/3865 7300/2833/3865
f 7333/2825/3866 7343/2832/3866 7344/2835/3866
f 7292/2854/3867 7287/2838/3867 7346/2837/3867
f 7371/2841/3 7348/2840/3 7347/2842/3
f 7299/2844/3868 7349/2843/3868 7288/2839/3868
f 7298/2838/3869 7351/2837/3869 7363/2949/3869
f 7291/2833/3870 7352/2845/3870 7351/2837/3870
f 7350/2840/113 7354/2841/113 7353/2846/113
f 7291/2833/3871 7290/2848/3871 7355/2847/3871
f 7322/2849/3872 7357/2851/3872 7356/2840/3872
f 7300/2833/3873 7358/2845/3873 7295/2850/3873
f 7315/2831/3874 7356/2840/3874 7358/2845/3874
f 7327/2840/3875 7330/2853/3875 7360/2852/3875
f 7293/2848/3876 7361/2847/3876 7360/2852/3876
f 7292/2854/3877 7362/2855/3877 7361/2847/3877
f 7327/2840/3878 7359/2841/3878 7362/2855/3878
f 7299/2868/3879 7364/3124/3879 7347/3126/3879
f 7299/2844/3880 7298/2859/3880 7365/2856/3880
f 7287/2865/3881 7367/2864/3881 7345/2861/3881
f 7302/2863/3882 7368/2830/3882 7367/2864/3882
f 7319/2866/3883 7366/4355/3883 7368/2867/3883
f 7295/2850/3884 7370/2857/3884 7290/4356/3884
f 7322/2871/3885 7369/4357/3885 7370/2872/3885
f 7319/2860/3886 7372/2832/3886 7371/2841/3886
f 7288/2839/3887 7373/2855/3887 7302/2863/3887
f 7308/2822/3888 7375/2876/3888 7374/2874/3888
f 7338/2878/3889 7376/2877/3889 7317/2875/3889
f 7339/2823/3890 7374/2874/3890 7376/2877/3890
f 7317/2875/3891 7378/2881/3891 7377/2879/3891
f 7337/2882/3892 7379/2883/3892 7378/2881/3892
f 7338/2878/3893 7377/2879/3893 7379/2883/3893
f 7318/2880/3894 7381/2885/3894 7380/2884/3894
f 7371/2841/3895 7382/2886/3895 7381/2885/3895
f 7337/2882/3896 7380/2884/3896 7382/2886/3896
f 7311/2887/3897 7316/2891/3897 7384/2888/3897
f 7424/2890/3898 7500/2893/3898 7384/2888/3898
f 7311/2969/3899 7383/2968/3899 7320/4358/3899
f 7428/2897/3900 7499/2896/3900 7424/2890/3900
f 7320/4358/3901 7385/3142/3901 7321/3143/3901
f 7353/2869/3902 7538/2899/3902 7428/2897/3902
f 7321/3143/3903 7386/4359/3903 7322/2871/3903
f 7308/2822/3904 7307/2903/3904 7388/2900/3904
f 7452/2902/3905 7389/2904/3905 7388/2900/3905
f 7308/2913/3906 7387/2912/3906 7317/4360/3906
f 7456/2907/3907 7541/2906/3907 7452/2902/3907
f 7317/4360/3908 7390/3037/3908 7318/3152/3908
f 7345/2861/3909 7510/2909/3909 7456/2907/3909
f 7318/3152/3910 7391/4361/3910 7319/2866/3910
f 7310/2824/3911 7393/3154/3911 7392/2910/3911
f 7325/2911/3912 7394/4362/3912 7393/2912/3912
f 7306/2891/3913 7392/2910/3913 7340/2915/3913
f 7326/4363/3914 7396/3045/3914 7325/2911/3914
f 7326/2918/3915 7398/2920/3915 7397/2896/3915
f 7340/2915/3916 7395/2917/3916 7397/2896/3916
f 7347/3126/3917 7399/4364/3917 7326/4363/3917
f 7347/2842/3918 7363/2858/3918 7400/2921/3918
f 7329/2823/3919 7309/2925/3919 7402/2923/3919
f 7332/2924/3920 7403/2926/3920 7402/2923/3920
f 7405/2879/3921 7404/2877/3921 7403/2926/3921
f 7329/2823/3922 7401/2874/3922 7404/2877/3922
f 7405/2879/3923 7332/2924/3923 7406/2928/3923
f 7331/2927/3920 7407/2930/3920 7406/2928/3920
f 7328/2929/3924 7408/2883/3924 7407/2930/3924
f 7328/2929/3925 7331/2927/3925 7410/2931/3925
f 7327/2840/3926 7411/2886/3926 7330/2853/3926
f 7328/2929/3927 7409/2884/3927 7411/2886/3927
f 7311/2887/3928 7413/2932/3928 7412/2823/3928
f 7313/2878/3929 7414/2933/3929 7320/2892/3929
f 7312/2874/3930 7412/2823/3930 7414/2933/3930
f 7320/2892/3931 7416/2935/3931 7415/2934/3931
f 7314/2929/3932 7417/2936/3932 7416/2935/3932
f 7313/2878/3933 7415/2934/3933 7417/2936/3933
f 7321/2895/3934 7419/2937/3934 7418/2882/3934
f 7315/2831/3929 7420/2938/3929 7322/2849/3929
f 7314/2929/3935 7418/2882/3935 7420/2938/3935
f 7435/2934/3936 7422/2877/3936 7324/2874/3936
f 7435/2934/3937 7424/2939/3937 7423/2926/3937
f 7316/2925/3938 7421/2923/3938 7423/2926/3938
f 7435/2934/113 7425/2879/113 7424/2939/113
f 7323/2929/3939 7426/2883/3939 7425/2879/3939
f 7323/2929/3940 7428/2940/3940 7427/2930/3940
f 7323/2929/3941 7429/2884/3941 7428/2940/3941
f 7350/2840/3942 7430/2886/3942 7429/2884/3942
f 7350/2840/3943 7353/2846/3943 7431/2941/3943
f 7324/2874/3944 7306/2944/3944 7433/2942/3944
f 7435/2934/3945 7434/2933/3945 7340/2943/3945
f 7324/2874/3946 7432/2823/3946 7434/2933/3946
f 7435/2934/3947 7340/2943/3947 7436/2946/3947
f 7398/2945/3948 7514/2947/3948 7436/2946/3948
f 7323/2929/3949 7437/2936/3949 7514/2947/3949
f 7363/2949/3950 7555/2948/3950 7398/2945/3950
f 7350/2840/3951 7439/2938/3951 7555/2948/3951
f 7323/2929/3952 7438/2882/3952 7439/2938/3952
f 7338/2878/3953 7441/2933/3953 7339/2823/3953
f 7325/2914/3954 7442/2950/3954 7441/2933/3954
f 7310/2824/3955 7440/2932/3955 7442/2950/3955
f 7338/2878/3956 7444/2934/3956 7443/2951/3956
f 7337/2882/8 7512/2952/8 7444/2934/8
f 7326/2918/3957 7445/2953/3957 7512/2952/3957
f 7325/2914/3958 7443/2951/3958 7445/2953/3958
f 7371/2841/3959 7447/2938/3959 7337/2882/3959
f 7347/2842/3960 7448/2954/3960 7447/2938/3960
f 7326/2918/3961 7446/2937/3961 7448/2954/3961
f 7405/2879/3962 7450/2933/3962 7329/2823/3962
f 7405/2879/3963 7452/2956/3963 7451/2955/3963
f 7307/2944/3964 7449/2942/3964 7451/2955/3964
f 7405/2879/3 7453/2934/3 7452/2956/3
f 7328/2929/3965 7454/2936/3965 7453/2934/3965
f 7328/2929/3966 7456/2958/3966 7455/2957/3966
f 7328/2929/3967 7457/2882/3967 7456/2958/3967
f 7327/2840/10 7458/2938/10 7457/2882/10
f 7327/2840/3968 7345/2836/3968 7459/2948/3968
f 7313/2878/3969 7461/2877/3969 7312/2874/3969
f 7335/2959/3970 7462/2960/3970 7461/2877/3970
f 7336/2822/3971 7460/2876/3971 7462/2960/3971
f 7313/2878/3972 7464/2879/3972 7463/2961/3972
f 7314/2929/3973 7465/2883/3973 7464/2879/3973
f 7334/2962/3974 7466/2963/3974 7465/2883/3974
f 7335/2959/3975 7463/2961/3975 7466/2963/3975
f 7314/2929/3972 7468/2884/3972 7467/2964/3972
f 7315/2831/3973 7469/2886/3973 7468/2884/3973
f 7333/2825/3976 7470/2965/3976 7469/2886/3976
f 7334/2962/3977 7467/2964/3977 7470/2965/3977
f 7336/2822/3978 7472/4365/3978 7471/2966/3978
f 7335/2967/3979 7473/4366/3979 7472/2968/3979
f 7309/2903/3980 7471/2966/3980 7332/2970/3980
f 7334/4367/3981 7475/3062/3981 7335/2967/3981
f 7332/2970/3982 7474/2972/3982 7331/2973/3982
f 7333/3083/3983 7477/4368/3983 7334/4367/3983
f 7331/2973/3984 7476/2975/3984 7330/2827/3984
f 7479/2979/3985 7489/4369/3986 7478/2977/3987
f 7485/2980/3988 7490/4370/3988 7488/2981/3988
f 7487/2982/3989 7482/4371/3990 7481/2983/3991
f 7490/4370/3992 7480/4372/3993 7488/2981/3994
f 7486/4373/3995 7489/4369/3996 7479/2979/3997
f 7484/2978/3998 7483/4374/3999 7485/2980/4000
f 7484/2978/4001 7485/2980/4001 7487/2982/4001
f 7487/2982/4002 7479/2984/4002 7484/2978/4002
f 7481/2983/4003 7486/4373/4003 7479/2984/4003
f 7494/3040/13 7513/2823/13 7493/3018/13
f 7492/2985/8 7504/2823/8 7507/2986/8
f 7511/3018/10 7496/2874/10 7495/3021/10
f 7478/2990/4004 7342/3084/4004 7516/2991/4004
f 7518/2855/4005 7344/2835/4006 7478/2989/4006
f 7510/2995/4007 7519/4375/4007 7520/2996/4007
f 7520/2996/4008 7346/2837/4009 7485/2997/4010
f 7346/2837/4011 7519/4375/4012 7510/2995/4013
f 7448/2998/4014 7521/2851/4014 7348/2840/4014
f 7532/2841/4015 7348/2840/4015 7522/2845/4015
f 7522/2845/4016 7349/2843/4017 7488/2999/4018
f 7349/2843/4019 7521/2851/4020 7448/2998/4021
f 7523/2840/4022 7524/4375/4022 7528/3000/4022
f 7528/3000/4023 7524/4375/4024 7351/2837/4025
f 7487/3001/4026 7351/2837/4027 7352/2845/4028
f 7498/3002/4029 7525/2852/4029 7354/2841/4029
f 7523/2840/4030 7354/2841/4030 7526/2855/4030
f 7526/2855/4031 7355/2847/4032 7481/3003/4033
f 7355/2847/4034 7525/2852/4035 7498/3002/4036
f 7486/3005/4037 7527/2843/4038 7358/2845/4039
f 7358/2845/4040 7356/2840/4040 7497/2834/4040
f 7359/2841/4041 7360/2852/4041 7341/2993/4041
f 7341/2993/4042 7360/2852/4043 7361/2847/4044
f 7484/2992/4045 7361/2847/4046 7362/2855/4047
f 7448/2998/4048 7529/3007/4049 7364/3008/4050
f 7364/3008/4051 7365/4376/4051 7487/3009/4051
f 7366/3011/4052 7530/4377/4052 7510/2909/4052
f 7510/2995/4053 7530/3127/4054 7367/3013/4055
f 7367/3013/4056 7368/2867/4056 7490/3014/4056
f 7368/2988/4057 7366/3011/4058 7501/3012/4059
f 7357/3004/4060 7531/4378/4060 7498/3027/4060
f 7531/3016/4061 7370/2872/4061 7486/3017/4061
f 7532/2841/4062 7372/2832/4062 7501/3012/4062
f 7501/3012/4063 7372/2832/4064 7533/2835/4065
f 7490/3015/4066 7533/2835/4067 7373/2855/4068
f 7374/2874/3928 7375/2876/3928 7493/3018/3928
f 7375/2876/4069 7534/2960/4069 7390/3019/4069
f 7390/3019/4070 7534/2960/4070 7376/2877/4070
f 7376/2877/4071 7374/2874/4071 7513/2823/4071
f 7390/3019/4072 7535/2963/4072 7391/2908/4072
f 7391/2908/4070 7535/2963/4070 7379/2883/4070
f 7379/2883/4073 7377/2879/4073 7441/2933/4073
f 7382/2886/4073 7380/2884/4073 7512/2952/4073
f 7383/2889/4074 7384/2888/4074 7491/3020/4074
f 7491/3020/4075 7384/2888/4075 7500/2893/4075
f 7536/3022/4076 7383/2889/4076 7495/3021/4076
f 7385/3023/4077 7537/3024/4077 7500/2893/4077
f 7386/2898/4078 7538/2899/4078 7499/3025/4078
f 7498/3002/4079 7539/3028/4079 7357/3030/4079
f 7539/3028/4080 7386/4379/4080 7502/3029/4080
f 7493/3018/4081 7387/2901/4081 7388/2900/4081
f 7492/2985/4082 7388/4380/4082 7508/3035/4082
f 7508/3035/4083 7540/4381/4083 7390/3037/4083
f 7540/3032/4084 7387/2901/4084 7493/3018/4084
f 7390/3037/4085 7541/3033/4085 7508/3035/4085
f 7509/3034/4086 7542/3036/4086 7391/3038/4086
f 7391/3038/4087 7543/4382/4087 7509/3034/4087
f 7509/3067/4088 7543/3153/4088 7510/2909/4088
f 7515/3020/4089 7392/2910/4089 7544/3039/4089
f 7494/3040/4090 7544/3039/4090 7394/2916/4090
f 7394/2916/4091 7545/3043/4091 7395/3042/4091
f 7545/3043/4092 7392/2910/4092 7515/3020/4092
f 7396/3047/7 7397/4383/7 7514/3048/7
f 7514/3048/4093 7397/4383/4093 7395/3042/4093
f 7514/3048/4094 7546/3052/4094 7557/3049/4094
f 7448/3051/4095 7399/3050/4095 7528/3000/4095
f 7401/2874/4096 7402/2923/4096 7507/2986/4096
f 7404/2877/4097 7401/2874/4097 7504/2823/4097
f 7547/2879/4098 7406/2928/4098 7506/3053/4098
f 7409/2884/4099 7410/2931/4099 7505/3054/4099
f 7410/2931/4100 7548/2941/4100 7341/2993/4100
f 7341/2993/4101 7548/2941/4101 7411/2886/4101
f 7411/2886/4102 7409/2884/4102 7454/2936/4102
f 7412/2823/3888 7413/2932/3888 7495/3021/3888
f 7413/2932/4103 7549/2950/4103 7385/3023/4103
f 7385/3023/4104 7549/2950/4104 7414/2933/4104
f 7414/2933/4105 7412/2823/4105 7496/2874/4105
f 7417/2936/4106 7415/2934/4106 7461/2877/4106
f 7418/2882/4107 7419/2937/4107 7502/3026/4107
f 7419/2937/4108 7550/2954/4108 7357/3004/4108
f 7357/3004/4109 7550/2954/4109 7420/2938/4109
f 7491/2986/4110 7421/2923/4110 7503/2874/4110
f 7503/2874/4111 7422/2877/4111 7554/2934/4111
f 7422/2877/7 7423/2926/7 7500/3055/7
f 7500/3055/4112 7423/2926/4112 7421/2923/4112
f 7500/3055/4113 7551/2928/4113 7425/2879/4113
f 7426/2883/7 7427/2930/7 7499/3056/7
f 7427/2930/4114 7551/2928/4114 7500/3055/4114
f 7499/3056/4115 7552/2931/4115 7429/2884/4115
f 7429/2884/4116 7430/2886/4116 7523/2840/4116
f 7498/3002/4117 7552/2931/4117 7499/3056/4117
f 7432/2823/4118 7433/2942/4118 7515/2985/4118
f 7433/2942/4119 7553/2955/4119 7395/3057/4119
f 7395/3057/4120 7553/2955/4120 7434/2933/4120
f 7434/2933/4121 7432/2823/4121 7503/2874/4121
f 7554/2934/3 7436/2946/3 7395/3057/3
f 7438/2882/4122 7555/3058/4122 7514/2947/4122
f 7514/2947/4123 7555/3058/4123 7528/3000/4123
f 7439/2938/4124 7438/2882/4124 7426/2883/4124
f 7494/3040/4125 7440/2932/4125 7513/2823/4125
f 7441/2933/4126 7442/2950/4126 7556/3041/4126
f 7556/3041/4127 7442/2950/4127 7440/2932/4127
f 7512/2952/4128 7445/2953/4128 7557/3049/4128
f 7558/2882/4129 7447/2938/4129 7532/2841/4129
f 7492/2985/4130 7449/2942/4130 7504/2823/4130
f 7504/2823/4131 7450/2933/4131 7547/2879/4131
f 7508/3035/4132 7559/2946/4132 7453/2934/4132
f 7509/3034/4133 7559/2946/4133 7508/3035/4133
f 7509/3034/4134 7560/3058/4134 7457/2882/4134
f 7457/2882/4135 7458/2938/4135 7359/2841/4135
f 7458/2938/4136 7459/2948/4136 7510/2995/4136
f 7510/2995/4137 7459/2948/4137 7560/3058/4137
f 7511/3018/4138 7460/2876/4138 7496/2874/4138
f 7461/2877/4139 7462/2960/4139 7561/3059/4139
f 7561/3059/4140 7462/2960/4140 7460/2876/4140
f 7464/2879/4141 7465/2883/4141 7418/2882/4141
f 7465/2883/4142 7466/2963/4142 7562/3060/4142
f 7468/2884/4 7469/2886/4 7497/2834/4
f 7469/2886/4143 7470/2965/4143 7517/2987/4143
f 7471/2966/4144 7472/4365/4144 7511/3018/4144
f 7511/3018/4145 7472/4365/4145 7561/3059/4145
f 7506/3053/4146 7471/4384/4146 7507/2986/4146
f 7506/3053/4147 7474/3064/4147 7561/3061/4147
f 7562/3063/4148 7475/3062/4148 7505/3054/4148
f 7505/3054/4149 7476/4385/4149 7562/3063/4149
f 7562/3060/4150 7477/2976/4150 7517/2987/4150
f 7477/2976/4151 7563/3066/4151 7341/3065/4151
f 7563/3066/4152 7476/2975/4152 7505/3067/4152
f 7307/3068/7 7308/3075/7 7493/3069/7
f 7311/3071/7 7336/3081/7 7511/3072/7
f 7306/4386/7 7316/2810/7 7491/3078/7
f 7310/3074/7 7494/3077/7 7493/3069/7
f 7310/3074/34 7306/4386/34 7515/3076/34
f 7316/2810/7 7311/3071/7 7495/3073/7
f 7309/3079/34 7307/3068/34 7492/3070/34
f 7336/3081/7 7309/3079/7 7507/3080/7
f 7306/4386/34 7491/3078/34 7515/3076/34
f 7341/4387/95 7333/3194/95 7517/4388/95
f 7342/4389/4153 7293/4390/4153 7516/3195/4153
f 7343/4391/4154 7517/4392/4154 7344/4393/4154
f 7300/4394/4 7518/4395/4 7497/4396/4
f 7327/3092/4155 7520/3099/4155 7519/3093/4155
f 7345/3097/4156 7519/4397/4156 7346/4398/4156
f 7347/4399/4157 7521/4400/4157 7349/4401/4157
f 7288/4402/8 7522/4403/8 7348/4404/8
f 7363/3106/3 7524/3170/3 7523/3107/3
f 7350/3111/1936 7523/3110/1936 7352/4405/1936
f 7353/3111/4158 7525/3110/4158 7355/4406/4158
f 7291/4407/13 7526/4408/13 7354/4409/13
f 7295/4394/4159 7527/4395/4159 7357/4410/4159
f 7363/3121/3 7347/4411/3 7529/3122/3
f 7363/3128/4160 7528/3000/4160 7365/3010/4160
f 7345/3151/3 7530/4412/3 7366/4413/3
f 7353/3129/4161 7531/3134/4161 7357/3130/4161
f 7369/4357/4162 7357/3085/4162 7370/2872/4162
f 7371/4399/4163 7532/4400/4163 7373/4414/4163
f 7302/4402/4164 7533/4403/4164 7372/4415/4164
f 7317/4416/4165 7534/4417/4165 7375/4418/4165
f 7378/3140/4166 7390/3139/4166 7377/4419/4166
f 7378/4420/4167 7535/4421/4167 7390/4422/4167
f 7381/3140/4166 7391/3139/4166 7380/4419/4166
f 7381/4423/4168 7501/4424/4168 7391/3177/4168
f 7320/3131/7 7536/4425/7 7500/4426/7
f 7424/3129/3 7537/4427/3 7385/4428/3
f 7321/3131/7 7502/4425/7 7499/4429/7
f 7428/3129/4169 7538/4427/4169 7386/4430/4169
f 7322/3131/34 7539/4431/34 7498/3148/34
f 7389/2904/4170 7508/3193/4170 7388/2900/4170
f 7317/3149/36 7540/4432/36 7508/3150/36
f 7452/3151/4171 7541/4412/4171 7390/4433/4171
f 7318/3149/34 7542/4432/34 7509/3150/34
f 7456/3151/3 7543/4412/3 7391/4434/3
f 7319/3149/106 7501/4435/106 7510/4436/106
f 7393/4411/3 7544/4437/3 7392/4438/3
f 7394/4439/7 7340/3121/7 7545/4440/7
f 7395/4441/95 7325/4411/95 7556/3122/95
f 7398/3121/22 7326/4411/22 7557/3122/22
f 7400/2921/4172 7398/2920/4172 7546/3052/4172
f 7399/4442/4173 7400/3121/4173 7528/4443/4173
f 7403/3181/4174 7506/3180/4174 7402/4444/4174
f 7405/3186/13 7547/4445/13 7408/4446/13
f 7407/3188/4175 7505/3187/4175 7406/4447/4175
f 7330/4448/4176 7548/4449/4176 7410/4450/4176
f 7320/4451/4177 7549/4452/4177 7413/4453/4177
f 7416/3120/4178 7385/3119/4178 7415/4454/4178
f 7416/4455/4179 7502/4456/4179 7385/4457/4179
f 7322/4458/4180 7550/4459/4180 7419/4460/4180
f 7324/3117/3 7503/3116/3 7421/4461/3
f 7424/4462/4181 7551/4463/4181 7427/4464/4181
f 7428/3166/4182 7552/4465/4182 7498/3167/4182
f 7431/3114/4183 7498/3113/4183 7430/4466/4183
f 7340/4467/4184 7553/4468/4184 7433/4469/4184
f 7435/4462/10 7554/4463/10 7437/4470/10
f 7398/3106/4185 7555/3170/4185 7438/4471/4185
f 7339/3105/3 7513/3104/3 7440/4472/3
f 7443/4473/4186 7556/4422/4186 7445/4474/4186
f 7337/3105/3 7558/3104/3 7557/3101/3
f 7446/3178/4187 7557/3177/4187 7448/4475/4187
f 7329/3092/3 7504/3099/3 7449/4476/3
f 7451/3094/7 7508/3093/7 7450/4477/7
f 7452/3186/4188 7559/4445/4188 7509/3187/4188
f 7455/3094/7 7509/3093/7 7454/4478/7
f 7456/4479/4189 7560/4480/4189 7459/4481/4189
f 7312/3091/3 7496/3090/3 7460/4482/3
f 7463/4483/4190 7561/4457/4190 7466/4484/4190
f 7467/4485/4191 7562/4486/4191 7470/4487/4191
f 7473/2971/4192 7561/3059/4192 7472/4365/4192
f 7473/3194/7 7332/4390/7 7506/3195/7
f 7474/4488/4193 7335/3194/4193 7561/3196/4193
f 7475/4489/7 7331/4390/7 7505/3195/7
f 7476/4387/3 7334/3194/3 7562/4388/3
f 7477/4490/7 7330/4390/7 7563/4491/7
usemtl GT_MC_Tiling_White_Paint
f 4299/1329/1107 4301/1330/1107 4298/1331/1107
s 1
f 4300/1332/1108 4299/1333/1109 4298/1334/1110
s 0
f 4321/1351/1119 4323/1352/1119 4320/1353/1119
s 1
f 4320/1354/95 4319/1355/1120 4321/1356/1121
s 0
f 4322/1357/1122 4320/1358/1122 4323/1359/1122
s 1
f 4322/1360/1123 4321/1361/1121 4319/1362/1120
f 4345/1384/7 4346/1385/1135 4344/1386/1136
s 0
f 4345/1387/1137 4343/1388/1137 4346/1389/1137
s 1
f 4344/1360/1136 4343/1390/1138 4342/1362/1139
s 0
f 4344/1391/1140 4342/1392/1140 4345/1393/1140
f 4362/1329/1146 4364/1397/1146 4361/1331/1146
f 4363/1398/1147 4361/1399/1147 4364/1400/1147
s 1
f 4363/1332/1148 4362/1333/1149 4361/1334/1150
s 0
f 4384/1357/1164 4382/1421/1164 4385/1359/1164
s 1
f 4384/1360/1165 4383/1422/1166 4382/1362/1167
s 0
f 4404/1430/1175 4406/1431/1175 4403/1432/1175
f 4405/1387/1176 4403/1433/1176 4406/1389/1176
s 1
f 4405/1360/1177 4404/1430/1178 4403/1362/1179
s 0
f 4616/1734/1388 4619/1735/1388 4615/1736/1388
s 1
f 4615/1334/1389 4618/1737/1390 4616/1333/1391
f 4637/1360/1398 4636/1743/1399 4635/1362/1400
s 0
f 4659/1357/1411 4657/1388/1411 4660/1389/1411
s 1
f 4658/1360/1412 4657/1758/1413 4656/1362/1414
s 0
f 4658/1391/1415 4656/1759/1415 4659/1760/1415
f 4679/1734/1388 4682/1735/1388 4678/1736/1388
s 1
f 4678/1334/1421 4681/1737/1390 4679/1333/1391
f 4699/1360/1430 4698/1743/1399 4697/1362/1400
s 0
f 4722/1357/1411 4720/1388/1411 4723/1389/1411
s 1
f 4721/1360/1412 4720/1758/1413 4719/1362/1414
s 0
f 4721/1391/1415 4719/1759/1415 4722/1760/1415
f 4298/1331/3108 4301/1330/3108 4300/3659/3108
s 1
f 4300/1332/1108 4301/1737/3109 4299/1333/1109
s 0
f 4322/1357/3120 4319/3673/3120 4320/1358/3120
s 1
f 4322/1360/1123 4323/1352/3121 4321/1361/1121
s 0
f 4345/1387/3133 4342/3673/3133 4343/1388/3133
s 1
f 4344/1360/1136 4346/1431/1135 4343/1390/1138
f 4363/1332/1148 4364/1737/3142 4362/1333/1149
s 0
f 4385/1359/3147 4382/1421/3147 4383/1388/3147
s 1
f 4384/1360/1165 4385/1352/3148 4383/1422/1166
f 4405/1360/1177 4406/1431/3161 4404/1430/1178
s 0
f 4615/1736/3340 4619/1735/3340 4617/3798/3340
f 4616/1734/3341 4618/3799/3341 4619/1735/3341
s 1
f 4618/3800/1390 4617/3801/3342 4619/3802/34
f 4615/1334/1389 4617/1332/3342 4618/1737/1390
s 0
f 4635/3809/3350 4638/3810/3350 4637/3811/3350
f 4638/3812/3351 4635/3673/3351 4636/1388/3351
s 1
f 4637/1360/1398 4638/3810/3352 4636/1743/1399
f 4660/3821/3363 4658/1386/1412 4659/3822/7
s 0
f 4659/1357/3364 4656/3823/3364 4657/1388/3364
s 1
f 4658/1360/1412 4660/3824/3363 4657/1758/1413
s 0
f 4678/1736/3340 4682/1735/3340 4680/3798/3340
f 4679/1734/3341 4681/3799/3341 4682/1735/3341
s 1
f 4681/3800/1390 4680/3801/3377 4682/3802/7
f 4678/1334/1421 4680/1332/3377 4681/1737/1390
s 0
f 4697/3809/3350 4700/3843/3350 4699/3811/3350
f 4700/3844/3351 4697/3673/3351 4698/1388/3351
s 1
f 4699/1360/1430 4700/3845/3352 4698/1743/1399
f 4723/3821/3392 4721/1386/1412 4722/3822/7
s 0
f 4722/1357/3364 4719/3823/3364 4720/1388/3364
s 1
f 4721/1360/1412 4723/3824/3392 4720/1758/1413
s 0
usemtl GT_MC_Tiling_X_Red_Paint
f 4442/1465/1193 4447/1466/1193 4444/1467/1193
f 4446/1468/1194 4442/1469/1194 4443/1470/1194
f 4447/1471/1195 4443/1472/1195 4444/1473/1195
f 4445/1474/1196 4450/1475/1197 4447/1476/1198
f 4446/1468/1199 4448/1477/1200 4445/1474/1201
f 4449/1478/1202 4446/1468/1203 4447/1476/1204
f 4449/1479/1205 4451/1480/1206 4448/1481/1207
f 4473/1512/1226 4472/1513/1226 4470/1514/1226
f 4471/1515/1227 4474/1516/1227 4470/1517/1227
f 4475/1518/1228 4471/1519/1228 4472/1520/1228
f 4473/1512/1229 4477/1521/1229 4475/1522/1229
f 4476/1523/1230 4474/1516/1230 4475/1524/1230
f 4474/1525/1231 4477/1526/1231 4473/1527/1231
f 4476/1523/1232 4479/1528/1232 4474/1516/1232
f 4480/1529/1233 4476/1530/1233 4477/1531/1233
f 4480/1529/1234 4479/1532/1235 4476/1530/1236
f 4479/1533/1237 4478/1534/1238 4477/1526/1239
f 4760/1465/1446 4764/1795/1446 4762/1467/1446
f 4761/1470/1447 4763/1796/1447 4760/1469/1447
f 4765/1797/1448 4761/1472/1448 4762/1473/1448
f 4765/1798/1449 4766/1799/1449 4763/1796/1449
f 4766/1799/1450 4768/1475/1451 4764/1800/1452
f 4767/1478/1453 4765/1798/1454 4764/1800/1455
f 4794/1832/1485 4793/1513/1485 4791/1514/1485
f 4795/1833/1486 4791/1834/1486 4792/1835/1486
f 4793/1520/1487 4796/1836/1487 4792/1519/1487
f 4797/1837/1488 4794/1838/1489 4795/1833/1490
f 4798/1839/1491 4795/1840/1492 4796/1841/1493
s 1
f 6345/2588/1965 6340/2589/1966 6341/2590/1967
f 6343/2591/1968 6345/2588/1965 6341/2590/1967
f 6344/2592/1969 6343/2591/1968 6342/2593/1970
f 6344/2594/1969 6342/2595/1970 6340/2589/1966
f 6341/2596/1967 6337/2597/1971 6339/2598/1972
f 6338/2599/1973 6343/2600/1968 6339/2598/1972
f 6340/2601/1966 6338/2602/1973 6337/2597/1971
f 6337/2603/1971 6332/2604/1974 6335/2605/1975
f 6339/2606/1972 6335/2605/1975 6334/2607/1976
f 6333/2608/1977 6339/2606/1972 6334/2607/1976
f 6336/2609/1978 6333/2610/1977 6332/2604/1974
f 6335/2611/1975 6329/2612/1979 6331/2613/1980
f 6334/2614/1976 6331/2613/1980 6327/2615/1981
f 6333/2616/1977 6327/2615/1981 6330/2617/1982
f 6332/2618/1974 6330/2619/1982 6329/2612/1979
f 6331/2620/1980 6325/2621/1983 6328/2622/1984
f 6327/2623/1981 6331/2620/1980 6328/2622/1984
f 6330/2624/1982 6327/2623/1981 6326/2625/1985
f 6329/2626/1979 6330/2627/1982 6326/2628/1985
f 6325/2629/1983 6329/2630/1979 6326/2631/1985
f 7252/2740/2034 7256/2741/2035 7251/2742/2036
f 7256/2741/2035 7252/2740/2034 7254/2743/2037
f 7255/2744/2038 7254/2743/2037 7253/2745/2039
f 7255/2746/2038 7253/2747/2039 7251/2742/2036
f 7252/2748/2034 7248/2749/2040 7250/2750/2041
f 7253/2751/2039 7250/2750/2041 7249/2752/2042
f 7251/2753/2036 7249/2754/2042 7248/2749/2040
f 7248/2755/2040 7244/2756/2043 7247/2757/2044
f 7246/2758/2045 7250/2759/2041 7247/2757/2044
f 7250/2759/2041 7246/2758/2045 7245/2760/2046
f 7249/2761/2042 7245/2762/2046 7244/2756/2043
f 7247/2763/2044 7241/2764/2047 7243/2613/2048
f 7246/2614/2045 7243/2613/2048 7239/2615/2049
f 7245/2765/2046 7239/2615/2049 7242/2766/2050
f 7244/2767/2043 7242/2768/2050 7241/2764/2047
f 7243/2769/2048 7237/2621/1983 7240/2770/1984
f 7239/2771/2049 7243/2769/2048 7240/2770/1984
f 7242/2772/2050 7239/2771/2049 7238/2773/1985
f 7241/2774/2047 7242/2775/2050 7238/2628/1985
f 7237/2776/1983 7241/2777/2047 7238/2778/1985
s 0
f 4442/1465/3172 4445/3719/3172 4447/1466/3172
f 4446/1468/3173 4445/1474/3173 4442/1469/3173
f 4447/1471/3174 4446/3720/3174 4443/1472/3174
f 4445/1474/3175 4448/1477/3176 4450/1475/3177
f 4449/1478/3178 4448/1477/3179 4446/1468/3180
f 4450/1475/3181 4449/1478/3182 4447/1476/3183
f 4451/3721/3184 4450/3722/3185 4448/3723/3186
f 4473/1512/3205 4475/1522/3205 4472/1513/3205
f 4470/3732/3206 4474/1525/3206 4473/1527/3206
f 4471/1515/3207 4475/1524/3207 4474/1516/3207
f 4477/1531/3208 4476/1530/3208 4475/1518/3208
f 4474/1525/3209 4479/1533/3209 4477/1526/3209
f 4477/3733/3210 4478/3734/3211 4480/3735/3212
f 4760/1465/3411 4763/3877/3411 4764/1795/3411
f 4765/1797/3412 4763/3878/3412 4761/1472/3412
f 4764/1800/3413 4765/1798/3413 4762/3879/3413
f 4763/1796/3414 4766/1799/3414 4764/1800/3414
f 4767/1478/3415 4766/1799/3416 4765/1798/3417
f 4768/1475/3418 4767/1478/3419 4764/1800/3420
f 4795/1833/3451 4794/1838/3451 4791/1834/3451
f 4792/3889/3452 4796/3890/3452 4795/3891/3452
f 4793/1520/3453 4794/1838/3453 4796/1836/3453
f 4794/1838/3454 4799/3892/3454 4796/1836/3454
f 4794/3893/3455 4797/3894/3456 4799/3895/3457
f 4798/1839/3458 4797/3894/3459 4795/1840/3460
f 4799/3892/3461 4798/3896/3462 4796/1836/3463
s 1
f 6345/2588/1965 6344/2594/1969 6340/2589/1966
f 6344/2592/1969 6345/2588/1965 6343/2591/1968
f 6337/2597/1971 6341/2596/1967 6340/2601/1966
f 6343/2600/1968 6341/2596/1967 6339/2598/1972
f 6342/4221/1970 6343/2600/1968 6338/2599/1973
f 6340/2601/1966 6342/4222/1970 6338/2602/1973
f 6336/4223/1978 6337/4224/1971 6338/4225/1973
f 6337/2603/1971 6336/2609/1978 6332/2604/1974
f 6339/2606/1972 6337/2603/1971 6335/2605/1975
f 6338/4226/1973 6339/2606/1972 6333/2608/1977
f 6336/2609/1978 6338/4227/1973 6333/2610/1977
f 6335/2611/1975 6332/2618/1974 6329/2612/1979
f 6334/2614/1976 6335/2611/1975 6331/2613/1980
f 6333/2616/1977 6334/2614/1976 6327/2615/1981
f 6332/2618/1974 6333/4228/1977 6330/2619/1982
f 6331/2620/1980 6329/2626/1979 6325/2621/1983
f 6328/4229/1984 6325/4230/1983 6327/4231/1981
f 6327/4231/1981 6325/4230/1983 6326/4232/1985
f 7256/2741/2035 7255/2746/2038 7251/2742/2036
f 7255/2744/2038 7256/2741/2035 7254/2743/2037
f 7248/2749/2040 7252/2748/2034 7251/2753/2036
f 7254/4337/2037 7252/2748/2034 7250/2750/2041
f 7253/2751/2039 7254/4337/2037 7250/2750/2041
f 7249/2754/2042 7251/2753/2036 7253/4338/2039
f 7250/2759/2041 7248/2755/2040 7247/2757/2044
f 7249/2761/2042 7250/4339/2041 7245/2762/2046
f 7248/2755/2040 7249/2761/2042 7244/2756/2043
f 7247/2763/2044 7244/2767/2043 7241/2764/2047
f 7246/2614/2045 7247/2763/2044 7243/2613/2048
f 7245/2765/2046 7246/2614/2045 7239/2615/2049
f 7244/2767/2043 7245/4228/2046 7242/2768/2050
f 7243/2769/2048 7241/2774/2047 7237/2621/1983
f 7240/4340/1984 7237/4341/1983 7239/4342/2049
f 7239/4342/2049 7237/4341/1983 7238/4343/1985
s 0
usemtl GT_MC_Tiling_Yellow_Paint
f 4536/1621/1298 4541/1622/1298 4538/1623/1298
f 4540/1624/1299 4536/1625/1299 4537/1626/1299
f 4541/1627/1312 4537/1628/1312 4538/1629/1312
f 4539/1630/1313 4544/1631/1314 4541/1632/1315
f 4540/1624/1316 4542/1633/1317 4539/1630/1318
f 4543/1634/1319 4540/1624/1320 4541/1632/1308
f 4543/1635/1309 4545/1636/1310 4542/1637/1311
f 4851/1621/1534 4855/1884/1534 4853/1623/1534
f 4852/1626/1447 4854/1885/1447 4851/1625/1447
f 4856/1886/1518 4852/1628/1518 4853/1629/1518
f 4856/1887/1535 4857/1888/1535 4854/1885/1535
f 4857/1888/1542 4859/1631/1520 4855/1889/1543
f 4858/1634/1544 4856/1887/1545 4855/1889/1546
f 4536/1621/3271 4539/3760/3271 4541/1622/3271
f 4540/1624/3284 4539/1630/3284 4536/1625/3284
f 4541/1627/3272 4540/3761/3272 4537/1628/3272
f 4539/1630/3273 4542/1633/3285 4544/1631/3286
f 4543/1634/3287 4542/1633/3288 4540/1624/3278
f 4544/1631/3289 4543/1634/3290 4541/1632/3291
f 4545/3762/3292 4544/3763/3293 4542/3764/3294
f 4851/1621/3518 4854/3916/3518 4855/1884/3518
f 4856/1886/3519 4854/3917/3519 4852/1628/3519
f 4855/1889/3413 4856/1887/3413 4853/3918/3413
f 4854/1885/3514 4857/1888/3514 4855/1889/3514
f 4858/1634/3520 4857/1888/3521 4856/1887/3522
f 4859/1631/3523 4858/1634/3496 4855/1889/3524
usemtl GT_MC_Light
f 4571/1677/1350 4572/1678/1350 4568/1679/1350
f 4570/1683/1352 4569/1684/1352 4567/1685/1352
f 4571/1686/1353 4568/1687/1353 4569/1688/1353
f 4570/1689/1354 4567/1690/1354 4572/1687/1354
f 4888/1920/1580 4885/1921/1580 4886/1922/1580
f 4887/1923/1581 4884/1924/1581 4883/1925/1581
f 4888/1926/1582 4886/1687/1582 4884/1688/1582
f 4887/1927/1583 4883/1690/1583 4885/1687/1583
f 4571/1677/3322 4570/3776/3322 4572/1678/3322
f 4570/1683/3324 4571/3778/3324 4569/1684/3324
f 4888/1920/3558 4887/3930/3558 4885/1921/3558
f 4887/1923/3561 4888/3935/3561 4884/1924/3561
f 6347/4233/3795 6348/4234/3795 6346/4235/3795
f 6348/4234/3796 6347/4233/3796 6346/4235/3796
f 7258/4233/3795 7259/4234/3795 7257/4344/3795
f 7259/4234/3796 7258/4233/3796 7257/4344/3796
usemtl GT_MC_Transparent_Glass
f 4894/1928/4 4904/1929/4 4890/1930/4
f 4895/1931/1584 4904/1932/1584 4894/1933/1584
f 4892/1934/8 4902/1935/8 4897/1936/8
f 4897/1937/1585 4901/1938/1585 4896/1939/1585
f 4892/1934/8 4897/1936/8 4889/1928/8
f 4898/1932/1586 4903/1940/1586 4891/1941/1586
f 4893/1942/1587 4902/1937/1587 4892/1943/1587
f 4896/1939/10 4901/1938/10 4899/1944/10
f 4895/1931/1584 4899/1944/1584 4904/1932/1584
f 4896/1939/10 4899/1944/10 4895/1931/10
f 4889/1943/1585 4897/1937/1585 4896/1939/1585
f 4890/1933/1586 4898/1932/1586 4891/1941/1586
f 4891/1941/13 4900/3936/13 4893/1942/13
f 4891/1941/13 4903/1940/13 4900/3936/13
f 4893/1942/1587 4900/3936/1587 4902/1937/1587
f 4890/1930/4 4904/1929/4 4898/1935/4
s 1
usemtl GT_MC_Tiling_Grey_Concrete
f 5064/2183/7 5073/2184/7 5063/2185/7
f 5075/2186/13 5076/2187/13 5064/2188/13
f 5074/2189/8 5064/2190/8 5063/2191/8
f 5073/2191/8 5076/2190/8 5066/2192/8
f 5068/2193/13 5071/2194/13 5067/2195/13
f 5070/2196/10 5065/2197/10 5069/2194/10
f 5072/2198/3 5066/2199/3 5070/2200/3
f 5063/2188/10 5077/2195/10 5074/2186/10
f 5098/2209/7 5107/2210/7 5097/2211/7
f 5109/2212/13 5110/2213/13 5098/2214/13
f 5108/2215/8 5098/2216/8 5097/2217/8
f 5107/2217/8 5110/2216/8 5100/2218/8
f 5102/2219/13 5105/2220/13 5101/2221/13
f 5104/2222/10 5099/2221/10 5103/2223/10
f 5106/2224/3 5100/2225/3 5104/2226/3
f 5097/2214/10 5111/2221/10 5108/2212/10
f 5141/2236/7 5132/2237/7 5131/2238/7
f 5144/2213/10 5143/2212/10 5132/2214/10
f 5132/2239/8 5142/2240/8 5131/2241/8
f 5141/2241/8 5136/2242/8 5134/2243/8
f 5139/2220/10 5136/2219/10 5135/2221/10
f 5133/2221/13 5138/2222/13 5137/2223/13
f 5138/2244/3 5136/2245/3 5140/2246/3
f 5145/2221/13 5131/2214/13 5142/2212/13
f 5165/2185/7 5178/2254/7 5166/2183/7
f 5178/2187/10 5177/2186/10 5166/2188/10
f 5166/2190/8 5176/2189/8 5165/2191/8
f 5175/2191/8 5170/2255/8 5168/2192/8
f 5173/2194/10 5170/2193/10 5169/2195/10
f 5167/2197/13 5172/2196/13 5171/2194/13
f 5172/2200/3 5170/2256/3 5174/2198/3
f 5179/2195/13 5165/2188/13 5176/2186/13
f 5209/2210/7 5200/2209/7 5199/2211/7
f 5212/2213/10 5211/2212/10 5200/2214/10
f 5200/2216/8 5210/2215/8 5199/2217/8
f 5209/2217/8 5204/2263/8 5202/2218/8
f 5207/2220/10 5204/2219/10 5203/2221/10
f 5201/2221/13 5206/2222/13 5205/2223/13
f 5208/2224/3 5202/2225/3 5204/2264/3
f 5213/2221/13 5199/2214/13 5210/2212/13
f 5234/2237/7 5243/2236/7 5233/2238/7
f 5245/2212/13 5246/2213/13 5234/2214/13
f 5244/2240/8 5234/2239/8 5233/2241/8
f 5243/2241/8 5246/2239/8 5236/2243/8
f 5238/2219/13 5241/2220/13 5237/2221/13
f 5240/2222/10 5235/2221/10 5239/2223/10
f 5238/2245/3 5240/2244/3 5242/2246/3
f 5233/2214/10 5247/2221/10 5244/2212/10
f 5267/2185/7 5280/2254/7 5277/2184/7
f 5279/2186/10 5280/2187/10 5268/2188/10
f 5278/2189/4 5268/2190/4 5267/2191/4
f 5277/2191/4 5280/2190/4 5270/2192/4
f 5272/2193/10 5275/2194/10 5271/2195/10
f 5274/2196/13 5269/2197/13 5273/2194/13
f 5272/2256/3 5274/2200/3 5276/2198/3
f 5267/2188/13 5281/2195/13 5278/2186/13
f 5302/2209/7 5311/2210/7 5301/2211/7
f 5313/2212/10 5314/2213/10 5302/2214/10
f 5312/2215/4 5302/2216/4 5301/2217/4
f 5311/2217/4 5314/2216/4 5304/2218/4
f 5306/2219/10 5309/2220/10 5305/2221/10
f 5308/2222/13 5303/2221/13 5307/2223/13
f 5310/2224/3 5304/2225/3 5308/2226/3
f 5301/2214/13 5315/2221/13 5312/2212/13
f 5345/2236/7 5336/2237/7 5335/2238/7
f 5348/2213/13 5347/2212/13 5336/2214/13
f 5336/2239/4 5346/2240/4 5335/2241/4
f 5345/2241/4 5340/2242/4 5338/2243/4
f 5343/2220/13 5340/2219/13 5339/2221/13
f 5337/2221/10 5342/2222/10 5341/2223/10
f 5342/2244/3 5340/2245/3 5344/2246/3
f 5349/2221/10 5335/2214/10 5346/2212/10
f 5379/2184/7 5370/2183/7 5369/2185/7
f 5382/2187/13 5381/2186/13 5370/2188/13
f 5370/2190/4 5380/2189/4 5369/2191/4
f 5379/2191/4 5374/2255/4 5372/2192/4
f 5377/2194/13 5374/2193/13 5373/2195/13
f 5371/2197/10 5376/2196/10 5375/2194/10
f 5376/2200/3 5374/2256/3 5378/2198/3
f 5383/2195/10 5369/2188/10 5380/2186/10
f 5413/2210/7 5404/2209/7 5403/2211/7
f 5416/2213/13 5415/2212/13 5404/2214/13
f 5404/2216/4 5414/2215/4 5403/2217/4
f 5413/2217/4 5408/2263/4 5406/2218/4
f 5411/2220/13 5408/2219/13 5407/2221/13
f 5405/2221/10 5410/2222/10 5409/2223/10
f 5412/2224/3 5406/2225/3 5408/2264/3
f 5417/2221/10 5403/2214/10 5414/2212/10
f 5438/2237/7 5447/2236/7 5437/2238/7
f 5449/2212/10 5450/2213/10 5438/2214/10
f 5448/2240/4 5438/2239/4 5437/2241/4
f 5447/2241/4 5450/2239/4 5440/2243/4
f 5442/2219/10 5445/2220/10 5441/2221/10
f 5444/2222/13 5439/2221/13 5443/2223/13
f 5442/2245/3 5444/2244/3 5446/2246/3
f 5437/2214/13 5451/2221/13 5448/2212/13
f 5064/2183/7 5076/2254/7 5073/2184/7
f 5075/2186/13 5078/2197/13 5076/2187/13
f 5074/2189/8 5075/3989/8 5064/2190/8
f 5078/3990/8 5065/3991/8 5076/2190/8
f 5065/3991/8 5066/2192/8 5076/2190/8
f 5068/2255/8 5067/3992/8 5073/2191/8
f 5067/3992/8 5077/2189/8 5073/2191/8
f 5068/2255/8 5073/2191/8 5066/2192/8
f 5068/2193/13 5072/2196/13 5071/2194/13
f 5070/2196/10 5066/2193/10 5065/2197/10
f 5072/2198/3 5068/2256/3 5066/2199/3
f 5063/2188/10 5073/2187/10 5077/2195/10
f 5098/2209/7 5110/3998/7 5107/2210/7
f 5109/2212/13 5112/2221/13 5110/2213/13
f 5108/2215/8 5109/3999/8 5098/2216/8
f 5112/4000/8 5099/4001/8 5110/2216/8
f 5099/4001/8 5100/2218/8 5110/2216/8
f 5102/2263/8 5101/4002/8 5107/2217/8
f 5101/4002/8 5111/2215/8 5107/2217/8
f 5102/2263/8 5107/2217/8 5100/2218/8
f 5102/2219/13 5106/2222/13 5105/2220/13
f 5104/2222/10 5100/4003/10 5099/2221/10
f 5106/2224/3 5102/2264/3 5100/2225/3
f 5097/2214/10 5107/4004/10 5111/2221/10
f 5141/2236/7 5144/4010/7 5132/2237/7
f 5144/2213/10 5146/2221/10 5143/2212/10
f 5132/2239/8 5143/4011/8 5142/2240/8
f 5134/2243/8 5133/4012/8 5144/2239/8
f 5133/4012/8 5146/4013/8 5144/2239/8
f 5145/2240/8 5135/4014/8 5141/2241/8
f 5135/4014/8 5136/2242/8 5141/2241/8
f 5134/2243/8 5144/2239/8 5141/2241/8
f 5139/2220/10 5140/2222/10 5136/2219/10
f 5133/2221/13 5134/4003/13 5138/2222/13
f 5138/2244/3 5134/4015/3 5136/2245/3
f 5145/2221/13 5141/4004/13 5131/2214/13
f 5165/2185/7 5175/2184/7 5178/2254/7
f 5178/2187/10 5180/2197/10 5177/2186/10
f 5166/2190/8 5177/3989/8 5176/2189/8
f 5168/2192/8 5167/3991/8 5178/2190/8
f 5167/3991/8 5180/3990/8 5178/2190/8
f 5179/2189/8 5169/3992/8 5175/2191/8
f 5169/3992/8 5170/2255/8 5175/2191/8
f 5168/2192/8 5178/2190/8 5175/2191/8
f 5173/2194/10 5174/2196/10 5170/2193/10
f 5167/2197/13 5168/2193/13 5172/2196/13
f 5172/2200/3 5168/2199/3 5170/2256/3
f 5179/2195/13 5175/2187/13 5165/2188/13
f 5209/2210/7 5212/3998/7 5200/2209/7
f 5212/2213/10 5214/2221/10 5211/2212/10
f 5200/2216/8 5211/3999/8 5210/2215/8
f 5202/2218/8 5201/4001/8 5212/2216/8
f 5201/4001/8 5214/4000/8 5212/2216/8
f 5213/2215/8 5203/4002/8 5209/2217/8
f 5203/4002/8 5204/2263/8 5209/2217/8
f 5202/2218/8 5212/2216/8 5209/2217/8
f 5207/2220/10 5208/2222/10 5204/2219/10
f 5201/2221/13 5202/4003/13 5206/2222/13
f 5208/2224/3 5206/2226/3 5202/2225/3
f 5213/2221/13 5209/4004/13 5199/2214/13
f 5234/2237/7 5246/4010/7 5243/2236/7
f 5245/2212/13 5248/2221/13 5246/2213/13
f 5244/2240/8 5245/4011/8 5234/2239/8
f 5248/4013/8 5235/4012/8 5246/2239/8
f 5235/4012/8 5236/2243/8 5246/2239/8
f 5238/2242/8 5237/4014/8 5243/2241/8
f 5237/4014/8 5247/2240/8 5243/2241/8
f 5238/2242/8 5243/2241/8 5236/2243/8
f 5238/2219/13 5242/2222/13 5241/2220/13
f 5240/2222/10 5236/4003/10 5235/2221/10
f 5238/2245/3 5236/4015/3 5240/2244/3
f 5233/2214/10 5243/4004/10 5247/2221/10
f 5267/2185/7 5268/2183/7 5280/2254/7
f 5279/2186/10 5282/2197/10 5280/2187/10
f 5278/2189/4 5279/3989/4 5268/2190/4
f 5282/3990/4 5269/3991/4 5280/2190/4
f 5269/3991/4 5270/2192/4 5280/2190/4
f 5272/2255/4 5271/3992/4 5277/2191/4
f 5271/3992/4 5281/2189/4 5277/2191/4
f 5272/2255/4 5277/2191/4 5270/2192/4
f 5272/2193/10 5276/2196/10 5275/2194/10
f 5274/2196/13 5270/2193/13 5269/2197/13
f 5272/2256/3 5270/2199/3 5274/2200/3
f 5267/2188/13 5277/2187/13 5281/2195/13
f 5302/2209/7 5314/3998/7 5311/2210/7
f 5313/2212/10 5316/2221/10 5314/2213/10
f 5312/2215/4 5313/3999/4 5302/2216/4
f 5316/4000/4 5303/4001/4 5314/2216/4
f 5303/4001/4 5304/2218/4 5314/2216/4
f 5306/2263/4 5305/4002/4 5311/2217/4
f 5305/4002/4 5315/2215/4 5311/2217/4
f 5306/2263/4 5311/2217/4 5304/2218/4
f 5306/2219/10 5310/2222/10 5309/2220/10
f 5308/2222/13 5304/4003/13 5303/2221/13
f 5310/2224/3 5306/2264/3 5304/2225/3
f 5301/2214/13 5311/4004/13 5315/2221/13
f 5345/2236/7 5348/4010/7 5336/2237/7
f 5348/2213/13 5350/2221/13 5347/2212/13
f 5336/2239/4 5347/4011/4 5346/2240/4
f 5338/2243/4 5337/4012/4 5348/2239/4
f 5337/4012/4 5350/4013/4 5348/2239/4
f 5349/2240/4 5339/4014/4 5345/2241/4
f 5339/4014/4 5340/2242/4 5345/2241/4
f 5338/2243/4 5348/2239/4 5345/2241/4
f 5343/2220/13 5344/2222/13 5340/2219/13
f 5337/2221/10 5338/4003/10 5342/2222/10
f 5342/2244/3 5338/4015/3 5340/2245/3
f 5349/2221/10 5345/4004/10 5335/2214/10
f 5379/2184/7 5382/2254/7 5370/2183/7
f 5382/2187/13 5384/2197/13 5381/2186/13
f 5370/2190/4 5381/3989/4 5380/2189/4
f 5372/2192/4 5371/3991/4 5382/2190/4
f 5371/3991/4 5384/3990/4 5382/2190/4
f 5383/2189/4 5373/3992/4 5379/2191/4
f 5373/3992/4 5374/2255/4 5379/2191/4
f 5372/2192/4 5382/2190/4 5379/2191/4
f 5377/2194/13 5378/2196/13 5374/2193/13
f 5371/2197/10 5372/2193/10 5376/2196/10
f 5376/2200/3 5372/2199/3 5374/2256/3
f 5383/2195/10 5379/2187/10 5369/2188/10
f 5413/2210/7 5416/3998/7 5404/2209/7
f 5416/2213/13 5418/2221/13 5415/2212/13
f 5404/2216/4 5415/3999/4 5414/2215/4
f 5406/2218/4 5405/4001/4 5416/2216/4
f 5405/4001/4 5418/4000/4 5416/2216/4
f 5417/2215/4 5407/4002/4 5413/2217/4
f 5407/4002/4 5408/2263/4 5413/2217/4
f 5406/2218/4 5416/2216/4 5413/2217/4
f 5411/2220/13 5412/2222/13 5408/2219/13
f 5405/2221/10 5406/4003/10 5410/2222/10
f 5412/2224/3 5410/2226/3 5406/2225/3
f 5417/2221/10 5413/4004/10 5403/2214/10
f 5438/2237/7 5450/4010/7 5447/2236/7
f 5449/2212/10 5452/2221/10 5450/2213/10
f 5448/2240/4 5449/4011/4 5438/2239/4
f 5452/4013/4 5439/4012/4 5450/2239/4
f 5439/4012/4 5440/2243/4 5450/2239/4
f 5442/2242/4 5441/4014/4 5447/2241/4
f 5441/4014/4 5451/2240/4 5447/2241/4
f 5442/2242/4 5447/2241/4 5440/2243/4
f 5442/2219/10 5446/2222/10 5445/2220/10
f 5444/2222/13 5440/4003/13 5439/2221/13
f 5442/2245/3 5440/4015/3 5444/2244/3
f 5437/2214/13 5447/4004/13 5451/2221/13
