# Blender 5.1.0
# www.blender.org
mtllib building09.mtl
o GT_MC_Large_Building.009
v 9.879568 7.462059 10.522963
v 8.226927 7.087991 10.501873
v 8.226927 11.216314 10.488165
v 8.226927 23.040182 10.488165
v 3.133314 6.713922 12.257139
v 3.048106 8.401752 14.373243
v 2.950726 14.030871 14.373220
v 3.048106 16.001514 14.373220
v 2.896626 17.689346 14.576870
v 2.991301 20.084213 14.525926
v 3.104911 20.084213 12.257139
v 3.085976 18.537788 14.373220
v 2.991301 24.110346 14.285925
v 2.896626 25.571926 14.373199
v 3.085976 22.479082 14.373199
v 3.275327 5.222670 14.678696
v 3.275327 5.222675 10.638957
v 3.275327 26.500578 10.638957
v 3.275327 26.500576 14.678653
v 10.884501 26.500582 10.638957
v 3.104911 24.025505 12.257139
v 3.104911 10.230990 12.257139
v 3.104911 12.201634 12.257139
v 3.104911 18.113569 12.257139
v 3.104911 22.054859 12.257139
v 3.149093 14.172279 12.257139
v 3.068763 8.260345 12.257139
v 3.085976 16.142923 12.257139
v 3.133314 25.571926 12.257139
v 9.879568 11.216314 10.544712
v 8.226927 14.970569 10.522964
v 9.879568 15.344636 10.538429
v 9.879569 18.911860 10.513297
v 8.226927 19.285927 10.531249
v 9.879568 23.040182 10.531248
v -2.784238 26.500576 14.678653
v -2.500211 23.919447 14.495379
v 2.896626 21.630642 14.373220
v 3.085976 12.625854 14.373220
v 2.896626 11.777414 14.373219
v 3.085976 10.655210 14.373219
v 2.896626 9.806768 14.373241
v -2.557017 8.118940 14.373245
v 2.896626 6.713923 14.475045
v -9.388479 7.462059 10.522963
v -7.735838 7.087991 10.501873
v -9.388479 11.216314 10.544712
v -7.735838 11.216314 10.488165
v -9.388479 15.157602 10.550256
v -9.388480 18.911860 10.513297
v -9.388480 22.853148 10.513297
v -7.735837 23.227217 10.513297
v -2.642225 6.713921 12.257139
v -2.500212 10.230989 14.373227
v -2.405537 6.713924 14.271395
v -2.658004 14.172279 12.257139
v -2.613822 10.230990 12.257139
v -2.459637 14.313685 14.373220
v -2.500212 12.201634 14.373219
v -2.557017 16.284328 14.373220
v -2.500212 22.054861 14.373210
v -2.500212 18.052963 14.251030
v -2.500212 20.084213 14.220471
v -2.613822 18.113569 12.257139
v -2.613822 20.084213 12.257139
v -2.594887 16.142921 12.257139
v -2.613822 22.054859 12.257139
v -2.405537 25.571926 14.373199
v -2.613822 24.025505 12.257139
v -2.784238 5.222670 14.678696
v -2.784238 5.222675 10.638957
v -2.784238 26.500578 10.638957
v -2.613822 12.201634 12.257139
v -2.577674 8.260345 12.257139
v -2.642225 25.571926 12.257139
v -7.735838 15.157601 10.501873
v -7.735837 19.285927 10.531249
v 10.884501 14.219416 9.158698
v 10.884501 18.113571 9.158698
v 9.782770 13.186957 9.158698
v 9.782770 15.157603 9.158698
v 9.782770 16.917833 9.158698
v 9.782770 19.098892 9.158698
v 9.782770 23.250593 9.158698
v 9.782770 10.842246 9.158698
v 9.782770 20.508434 9.158698
v 9.782770 24.449722 9.158698
v 10.884501 5.222673 10.638957
v 10.648417 6.807439 9.158655
v 10.884501 8.514879 9.158650
v 10.823294 10.459418 9.158713
v 10.884501 12.343042 9.158698
v 10.884501 16.190062 9.158698
v 10.884501 20.084213 9.158698
v 10.784344 22.115461 9.158698
v 10.171617 25.571926 9.158698
v 10.884501 12.154501 -9.158698
v 10.884501 23.978367 9.158698
v 9.782770 8.684567 9.158654
v 10.884501 26.500584 -10.638957
v 10.884501 8.078538 -9.158698
v 10.884501 9.948177 -9.158698
v 10.884501 14.030873 -9.158698
v 10.884501 16.001518 -9.158698
v 10.884501 18.113573 -9.158698
v 10.884501 20.084215 -9.158698
v 10.884501 22.007723 -9.158698
v 9.782770 7.836126 -9.158698
v 9.782770 11.777416 -9.158698
v 9.782770 13.186958 -9.158698
v 9.782770 17.549076 -9.158698
v 9.782770 21.630638 -9.158698
v 10.037016 6.713922 -9.158698
v 9.782770 9.456082 -9.158698
v 9.782770 10.655212 -9.158698
v 9.782770 15.157603 -9.158698
v 9.782770 19.098894 -9.158698
v 9.782770 20.508436 -9.158698
v 9.782770 22.479080 -9.158698
v 9.782770 24.636759 -9.158698
v 10.884501 25.571930 -9.158698
v 10.774328 24.086107 -9.158698
v -7.735838 11.216314 -10.488165
v -9.388480 18.911860 -10.513296
v -7.735837 19.285929 -10.531247
v -7.735837 23.040182 -10.488165
v -2.594887 8.684565 -14.271423
v -2.557017 6.713921 -12.257139
v -2.594887 10.655209 -14.271423
v -2.557017 14.313685 -14.373243
v -2.500212 16.142921 -14.373240
v -2.405537 17.689346 -14.373241
v -2.405537 19.659992 -14.576878
v -2.594887 20.508430 -14.373241
v -2.594887 18.537786 -14.475060
v -2.500212 25.571928 -14.576878
v -2.459636 23.884092 -14.373212
v -2.658004 24.025501 -12.257139
v -2.594887 22.479073 -14.373241
v -2.784238 5.222670 -14.678696
v -2.784238 5.222675 -10.638957
v -2.784238 26.500578 -10.638957
v -10.393413 26.500582 -10.638957
v -2.613822 10.230990 -12.257139
v -2.658004 12.201634 -12.257139
v -2.613822 18.113569 -12.257139
v -2.613822 22.054857 -12.257139
v -2.577674 14.172279 -12.257139
v -2.613822 8.260345 -12.257139
v -2.613822 20.084213 -12.257139
v -2.629315 16.142923 -12.257139
v -2.557017 25.571926 -12.257139
v -9.388479 11.216314 -10.544712
v -7.735838 14.970569 -10.522964
v -7.735838 7.087990 -10.501873
v -9.388479 7.462059 -10.522963
v -9.388479 15.344636 -10.538429
v -9.388479 23.040182 -10.531248
v -2.784238 26.500576 -14.678696
v -2.405537 21.630634 -14.373241
v -2.500210 12.625855 -14.475044
v 2.991323 14.030871 -14.373245
v -2.405537 11.777411 -14.373241
v -2.405537 9.806768 -14.373241
v -2.405537 7.836123 -14.373241
v -2.500212 6.713920 -14.373241
v 9.879568 7.087990 -10.501873
v 9.879568 11.216314 -10.544712
v 8.226927 11.216314 -10.488165
v 9.879568 15.344636 -10.538429
v 9.879568 19.098894 -10.544711
v 8.226927 19.098894 -10.488164
v 9.879569 22.853148 -10.513308
v 8.226927 23.227217 -10.513308
v 3.048123 6.713921 -12.257139
v 2.991323 10.337043 -14.449605
v 2.991323 6.713920 -14.373241
v 2.991323 8.366399 -14.449605
v 3.104924 14.172279 -12.257139
v 3.104924 10.230990 -12.257139
v 2.991323 12.262236 -14.296884
v 2.896654 15.718700 -14.373241
v 2.991323 22.054853 -14.373247
v 2.991323 18.174170 -14.296878
v 2.991323 20.023609 -14.251060
v 3.104924 18.113569 -12.257139
v 3.104924 20.084211 -12.257139
v 3.120415 16.142923 -12.257139
v 3.085991 16.567142 -14.373241
v 2.991324 24.166908 -14.373226
v 3.104924 22.054857 -12.257139
v 2.896655 25.571928 -14.169613
v 3.104924 24.025501 -12.257139
v 10.884501 5.222675 -10.638957
v 3.275327 5.222670 -14.678696
v 3.275327 5.222675 -10.638957
v 3.275327 26.500578 -10.638957
v 3.275327 26.500576 -14.678696
v 3.104924 12.201635 -12.257139
v 3.104924 8.260345 -12.257139
v 3.133325 25.571926 -12.257139
v 8.226927 14.970569 -10.522964
v 8.226927 7.462059 -10.522963
v -10.393413 26.500587 10.638957
v -10.393413 8.260347 -9.158698
v -10.393413 10.230992 -9.158698
v -10.393413 12.201636 -9.158698
v -10.393413 14.172281 -9.158698
v -10.393413 16.142927 -9.158698
v -10.393413 17.859037 -9.158698
v -9.291639 7.836127 -9.158698
v -9.291639 15.251122 -9.158698
v -9.291639 17.221764 -9.158698
v -9.291639 22.946665 -9.158698
v -9.291639 25.104343 -9.158698
v -9.903735 6.713923 -9.158698
v -10.393413 5.222676 -10.638957
v -10.393413 23.601284 -9.158698
v -10.393413 21.800325 -9.158698
v -10.393413 24.770355 -9.158698
v -10.393413 10.230998 9.158698
v -10.393413 20.225620 -9.158698
v -10.393413 22.236677 9.158698
v -9.291639 7.181513 9.158698
v -9.291639 8.684566 -9.158698
v -9.291639 11.216314 -9.158698
v -9.291639 13.093441 -9.158698
v -9.291639 19.005375 -9.158698
v -9.291639 20.976017 -9.158698
v -10.393413 8.260352 9.158698
v -10.393413 12.201642 9.158698
v -10.393413 14.172286 9.158698
v -10.393413 16.142933 9.158698
v -10.393413 18.295387 9.158698
v -10.393413 19.942816 9.158698
v -9.291639 9.806771 -9.158698
v -9.291639 15.064092 9.158698
v -10.054405 25.571934 9.158698
v -9.291639 8.871607 9.158698
v -9.291639 11.216320 9.158698
v -9.291639 13.280480 9.158698
v -9.291639 17.034739 9.158698
v -9.291639 19.192417 9.158698
v -9.291639 21.163061 9.158698
v -9.291639 23.133705 9.158698
v -9.291639 24.449732 9.158698
v -10.393413 5.222678 10.638957
v -10.393413 6.713929 9.158698
v -10.393413 24.025509 9.158698
v 11.492381 26.673332 10.798091
v 3.448444 26.500578 10.798091
v -2.957355 26.500578 10.798091
v -2.957355 26.673328 14.898264
v 3.448444 26.500576 -10.798135
v 3.448444 26.673330 -14.898264
v 3.448444 26.846087 10.798091
v 3.448444 26.673328 14.898264
v -2.957355 26.846087 10.798091
v -11.001292 26.673332 10.798091
v 11.492381 26.673338 -10.798092
v -2.957355 26.673330 -10.798135
v -2.957355 26.673328 -14.898264
v -11.001292 26.673332 -10.798092
v 3.448444 26.846085 -10.798135
v 9.879569 28.552946 10.538427
v 8.226926 28.552944 10.471409
v 8.226928 32.494232 10.501872
v 8.226927 44.318100 10.488165
v 3.133314 27.991842 12.257139
v 3.048106 31.508907 14.373227
v 2.991301 29.679672 14.373243
v 2.991301 33.338142 14.373220
v 2.950726 35.556255 14.449591
v 3.048107 37.481445 14.296853
v 2.991301 43.474190 14.373206
v 2.991301 39.391487 14.373219
v 2.991301 41.256077 14.495380
v 2.991301 45.303421 14.373199
v 2.896626 46.849846 14.373199
v 3.104911 45.303425 12.257139
v 3.275327 26.500589 14.678696
v 3.275327 26.500595 10.638957
v 3.275327 47.778500 10.638957
v 3.275327 47.778496 14.678653
v 10.884501 47.778500 10.638957
v 3.068763 31.508907 12.257139
v 3.104911 33.479561 12.257139
v 3.104911 39.391487 12.257139
v 3.104911 43.332779 12.257139
v 3.149093 35.450199 12.257139
v 3.104911 29.538265 12.257139
v 3.104911 41.362133 12.257139
v 3.085976 37.420841 12.257139
v 3.133314 46.849854 12.257139
v 9.879567 32.494236 10.538427
v 8.226927 36.435520 10.488165
v 9.879568 36.435520 10.555183
v 9.879568 40.376812 10.544712
v 8.226927 40.376812 10.488165
v 9.879568 44.318104 10.531248
v -2.784238 47.778496 14.678653
v -2.500212 44.879204 14.373199
v -2.500212 43.191380 14.373214
v -2.405537 35.025978 14.373219
v -2.500212 31.084686 14.373241
v -2.500212 29.396860 14.373245
v 2.896626 27.991846 14.373219
v -9.388480 28.365911 10.501872
v -9.388478 32.494236 10.538427
v -7.735839 32.494232 10.501872
v -9.388479 36.435520 10.555183
v -9.388479 40.376812 10.544712
v -9.388479 44.318104 10.531248
v -7.735838 44.318100 10.488165
v -2.642225 27.991842 12.257139
v -2.405537 27.991846 14.373219
v -2.594887 31.933128 14.373220
v -2.658005 35.450199 12.257139
v -2.577674 31.508907 12.257139
v -2.500212 35.874420 14.271395
v -2.500212 33.620956 14.373219
v -2.500212 36.996620 14.373219
v -2.405537 38.967266 14.373220
v -2.500212 41.446976 14.285926
v -2.613822 39.391487 12.257139
v -2.613822 41.362133 12.257139
v -2.594887 37.420841 12.257139
v -2.594887 39.815704 14.373220
v -2.594887 37.845062 14.475045
v -2.613822 43.332783 12.257139
v -2.405537 46.849846 14.373199
v -2.500212 45.727642 14.373199
v -2.613822 45.303425 12.257139
v -2.784238 26.500589 14.678696
v -2.784238 26.500595 10.638957
v -2.784238 47.778500 10.638957
v -10.393413 47.778500 10.638957
v -2.613822 33.479561 12.257139
v -2.613822 29.538265 12.257139
v -2.642225 46.849854 12.257139
v -7.735838 36.435520 10.488165
v -7.735837 28.739981 10.522962
v -7.735838 40.376812 10.488165
v 9.782770 42.137043 9.158698
v 9.782770 32.120167 9.158698
v 9.782770 36.435524 9.158698
v 9.782770 37.845062 9.158698
v 9.782770 40.002743 9.158698
v 9.782770 45.914677 9.158698
v 10.884501 26.500595 10.638957
v 10.333635 28.272392 9.158655
v 10.553982 29.866705 9.158651
v 10.884501 31.650318 9.158706
v 10.553982 33.807999 9.158698
v 10.884501 37.239037 9.158698
v 10.884501 35.733013 9.158698
v 10.884501 41.644947 9.158698
v 10.774328 39.452091 9.158698
v 10.884501 45.485229 9.158698
v 10.884501 43.191376 9.158698
v 10.884501 46.849846 9.158698
v 10.884501 37.675377 -9.158698
v 10.884501 43.474186 -9.158698
v 9.782770 44.224586 9.158698
v 10.884501 47.778507 -10.638957
v 10.884501 29.538265 -9.158698
v 10.884501 31.461777 -9.158698
v 10.884501 33.479557 -9.158698
v 10.884501 35.167385 -9.158698
v 10.884501 39.344357 -9.158698
v 10.884501 41.079319 -9.158698
v 9.782770 29.114044 -9.158698
v 9.782770 31.084692 -9.158698
v 9.782770 33.055336 -9.158698
v 9.782770 35.025978 -9.158698
v 9.782770 36.996624 -9.158698
v 10.171617 46.849854 -9.158698
v 9.782770 27.991842 -9.158698
v 9.782770 29.962484 -9.158698
v 9.782770 31.933134 -9.158698
v 9.782770 33.903778 -9.158698
v 9.782770 35.874420 -9.158698
v 9.782770 38.616581 -9.158699
v 9.782770 40.501499 -9.158698
v 9.782770 42.768288 -9.158698
v 9.782770 44.411621 -9.158697
v 9.782770 45.727650 -9.158698
v 10.884501 27.991842 -9.158698
v 10.884501 45.048893 -9.158698
v -7.735838 32.494236 -10.501873
v -7.735837 44.505138 -10.513296
v -2.557017 27.991844 -12.257139
v -2.459636 33.338142 -14.373234
v -2.500212 37.505684 -14.285969
v -2.500212 39.344349 -14.424150
v -2.500212 41.446976 -14.285969
v -2.500212 46.849846 -14.373241
v -2.405537 45.727646 -14.475045
v -2.658004 45.303425 -12.257139
v -2.594887 43.756992 -14.475060
v -2.784238 26.500589 -14.678696
v -2.784238 26.500595 -10.638957
v -2.784238 47.778496 -10.638957
v -2.577674 31.508907 -12.257139
v -2.658004 33.479561 -12.257139
v -2.613822 39.391483 -12.257139
v -2.613822 43.332779 -12.257139
v -2.577674 35.450199 -12.257139
v -2.658004 29.538265 -12.257139
v -2.613822 41.362133 -12.257139
v -2.629315 37.420841 -12.257139
v -2.557017 46.849850 -12.257139
v -9.388479 32.494236 -10.538429
v -7.735838 36.622555 -10.531249
v -7.735837 28.552944 -10.471411
v -9.388479 28.552944 -10.538429
v -9.388479 36.248486 -10.531249
v -9.388479 40.376812 -10.544712
v -7.735838 40.376812 -10.488165
v -9.388480 44.131069 -10.513296
v -2.784238 47.778496 -14.678696
v -2.500212 44.879200 -14.373219
v -2.405537 42.908554 -14.373241
v -2.594887 35.874416 -14.373241
v -2.500212 35.025978 -14.576878
v -2.594887 31.933128 -14.373241
v -2.500212 31.084686 -14.373241
v -2.500212 29.962484 -14.373241
v -2.405537 29.114044 -14.373241
v -2.500212 27.991837 -14.373241
v 9.879568 28.552944 -10.538429
v 9.879568 32.494236 -10.538429
v 8.226927 32.494236 -10.501873
v 9.879568 36.435520 -10.555185
v 9.879568 40.376812 -10.544712
v 9.879569 44.318104 -10.531257
v 8.226926 44.318100 -10.488177
v 3.048123 27.991844 -12.257139
v 3.048123 31.508907 -14.373241
v 2.991323 27.991838 -14.373241
v 2.950751 29.538265 -14.373241
v 3.104924 35.450199 -12.257139
v 3.068778 31.508907 -12.257139
v 2.991323 35.389595 -14.251066
v 2.991324 33.620956 -14.373246
v 2.991322 37.314785 -14.495423
v 2.991321 43.393375 -14.296883
v 2.991323 39.438622 -14.322332
v 2.991322 41.256077 -14.495423
v 3.104924 39.391487 -12.257139
v 3.104924 41.362133 -12.257139
v 3.120415 37.420841 -12.257139
v 2.991324 45.364025 -14.296861
v 3.104924 43.332779 -12.257139
v 2.896656 46.849850 -14.373246
v 3.104924 45.303421 -12.257139
v 10.884501 26.500591 -10.638957
v 3.275327 26.500589 -14.678696
v 3.275327 26.500595 -10.638957
v 3.275327 47.778496 -10.638957
v 3.275327 47.778496 -14.678696
v 3.104924 33.479561 -12.257139
v 3.149103 29.538265 -12.257139
v 3.133325 46.849854 -12.257139
v 8.226927 36.435520 -10.488166
v 8.226927 28.552944 -10.471411
v 8.226927 40.376812 -10.488165
v -10.393413 29.538267 -9.158698
v -10.393413 33.338150 -9.158698
v -10.393413 35.308792 -9.158698
v -9.291639 28.459427 -9.158698
v -9.291639 30.617107 -9.158697
v -9.291639 36.856350 -9.158698
v -9.291639 38.406170 -9.158698
v -9.291639 40.376812 -9.158697
v -9.291639 42.440971 -9.158699
v -9.291639 44.224579 -9.158697
v -10.393413 26.500595 -10.638957
v -10.393413 27.991840 -9.158698
v -10.393413 31.508913 -9.158698
v -10.393413 37.279442 -9.158698
v -10.393413 41.362133 -9.158698
v -10.393413 39.391487 -9.158699
v -10.393413 43.332775 -9.158699
v -10.393413 46.849846 -9.158698
v -10.393413 45.303425 -9.158698
v -10.393413 35.497341 9.158698
v -9.291639 32.494232 -9.158698
v -9.291639 34.371365 -9.158699
v -9.291639 38.406178 9.158697
v -9.291639 46.288746 -9.158698
v -10.393413 47.778503 -10.638957
v -10.393413 31.508919 9.158698
v -10.393413 33.620968 9.158698
v -10.393413 37.562256 9.158698
v -10.393413 39.391499 9.158699
v -10.393413 41.362144 9.158698
v -10.393413 43.332783 9.158698
v -9.291639 29.114052 9.158698
v -9.291639 30.430077 9.158697
v -9.291639 36.225117 9.158698
v -9.291639 44.411625 9.158698
v -9.291639 46.288757 9.158698
v -9.903735 27.991848 9.158698
v -9.291639 32.494240 9.158699
v -9.291639 34.558399 9.158699
v -9.291639 40.376820 9.158697
v -9.291639 42.253948 9.158699
v -10.393413 26.500595 10.638957
v -10.393413 29.538271 9.158698
v -10.393413 44.879211 9.158698
v -10.393413 45.952095 9.158699
v 11.492381 47.951256 10.798091
v 3.448444 47.778496 10.798091
v -2.957355 47.778496 10.798091
v -2.957355 47.951248 14.898264
v 3.448444 47.778496 -10.798135
v 3.448444 47.951248 -14.898264
v 3.448444 48.124004 10.798091
v 3.448444 47.951248 14.898264
v -2.957355 48.124004 10.798091
v -11.001292 47.951256 10.798091
v 11.492381 47.951256 -10.798092
v -2.957355 47.951252 -10.798135
v -2.957355 47.951248 -14.898264
v -11.001292 47.951256 -10.798092
v 3.448444 48.124004 -10.798135
v 9.879568 49.830864 10.531246
v 8.226927 49.830864 10.488164
v 8.226927 53.772156 10.488165
v 8.226927 65.408997 10.513297
v 3.133314 49.269760 12.257139
v 2.896626 57.152340 14.271395
v 3.048106 58.613918 14.335035
v 2.991301 64.695557 14.285933
v 2.950726 60.754250 14.285941
v 3.085976 62.215832 14.373199
v 2.896626 63.064278 14.271380
v 3.104911 62.640057 12.257139
v 3.085976 58.698761 12.257139
v 3.048106 66.581345 14.373199
v 2.896626 68.127762 14.373199
v 3.275327 47.778511 14.678696
v 3.275327 47.778519 10.638957
v 3.275327 69.056419 10.638957
v 3.068763 66.581352 12.257139
v 3.068763 52.786831 12.257139
v 3.104911 54.757477 12.257139
v 3.149093 60.669407 12.257139
v 3.104911 64.610703 12.257139
v 3.149093 56.728119 12.257139
v 3.104911 50.816185 12.257139
v 3.133314 68.127769 12.257139
v 9.879568 53.772156 10.544712
v 8.226927 57.713444 10.488165
v 9.879568 57.713440 10.555183
v 9.879568 61.654732 10.544712
v 8.226927 61.654736 10.488165
v 9.879568 65.783058 10.513297
v 3.275327 69.056412 14.678653
v -2.500212 66.157120 14.373199
v -2.500212 64.504654 14.495399
v 3.085976 55.181694 14.373219
v 2.991301 56.303902 14.373219
v 2.896626 54.333248 14.576870
v 3.085976 53.211052 14.373220
v 2.991301 52.362606 14.373241
v 2.991301 51.240410 14.373241
v 2.991301 50.391968 14.373241
v 2.896626 49.269764 14.475045
v -9.388479 49.830864 10.531246
v -7.735838 49.830864 10.488164
v -9.388479 53.772156 10.544712
v -7.735838 53.772156 10.488165
v -9.388479 57.900475 10.531248
v -9.388479 61.841766 10.531248
v -9.388479 65.596031 10.531248
v -7.735838 65.596024 10.488165
v -2.642225 49.269760 12.257139
v -2.557017 52.786827 14.373227
v -2.405537 49.269764 14.271395
v -2.500212 50.816189 14.373244
v -2.658004 56.728119 12.257139
v -2.577674 52.786831 12.257139
v -2.459637 56.834175 14.449589
v -2.500212 54.696869 14.251030
v -2.557017 58.804817 14.449589
v -2.459637 60.563351 14.495410
v -2.500212 62.746109 14.449562
v -2.658004 60.669407 12.257139
v -2.613822 62.640057 12.257139
v -2.594887 58.698761 12.257139
v -2.613822 64.610703 12.257139
v -2.405537 68.127762 14.373199
v -2.594887 67.005569 14.373199
v -2.577674 66.581345 12.257139
v -2.784238 47.778511 14.678696
v -2.784238 47.778519 10.638957
v -2.784238 69.056419 10.638957
v -2.784238 69.056412 14.678653
v -2.613822 54.757477 12.257139
v -2.613822 50.816185 12.257139
v -2.642225 68.127769 12.257139
v -7.735838 57.526409 10.531248
v -7.735838 61.467701 10.513297
v 10.884501 50.634377 9.158639
v 10.884501 52.786831 -9.158698
v 10.884501 56.586716 9.158698
v 9.782770 50.391964 9.158655
v 9.782770 53.561741 9.158698
v 9.782770 56.303902 9.158698
v 9.782770 58.274540 9.158698
v 9.782770 64.186478 9.158698
v 9.782770 49.269760 9.158655
v 9.782770 51.380684 9.158660
v 9.782770 55.181698 9.158698
v 9.782770 57.152340 9.158698
v 9.782770 59.122982 9.158698
v 9.782770 61.280663 9.158698
v 10.483871 62.875732 9.158698
v 9.782770 65.221962 9.158698
v 10.805806 66.628487 9.158698
v 10.884501 47.778511 10.638957
v 10.884501 49.269760 9.158655
v 10.884501 52.786831 9.158704
v 10.884501 54.939285 9.158698
v 10.884501 58.415947 9.158698
v 10.829415 60.471439 9.158699
v 10.884501 64.428894 9.158698
v 10.171617 68.127769 9.158698
v 10.884501 62.640053 -9.158698
v 10.762087 68.127769 -9.158698
v 10.884501 66.581345 -9.158698
v 9.782770 63.064278 -9.158698
v 10.884501 69.056427 10.638957
v 10.884501 54.502949 -9.158698
v 10.884501 56.775257 -9.158698
v 9.782770 61.779423 -9.158698
v 9.782770 65.720718 -9.158698
v 10.333635 49.550312 -9.158698
v 9.782770 52.011921 -9.158698
v 9.782770 54.192986 -9.158698
v 9.782770 56.116867 -9.158698
v 9.782770 57.713444 -9.158698
v 9.782770 60.151672 -9.158698
v 9.782770 67.005569 -9.158698
v 10.884501 51.070721 -9.158698
v 10.884501 58.981575 -9.158698
v 10.884501 60.923946 -9.158698
v 10.805806 64.803535 -9.158698
v -7.735838 53.585121 -10.531248
v -7.735838 65.408997 -10.513297
v -2.642225 49.269760 -12.257139
v -2.557017 52.786827 -14.373241
v -2.500212 50.816185 -14.220514
v -2.557017 56.834175 -14.449608
v -2.500212 58.698761 -14.220514
v -2.557017 64.695541 -14.285973
v -2.459637 60.622272 -14.424150
v -2.500212 62.781456 -14.373241
v -2.459638 66.687401 -14.449583
v -2.500212 68.127769 -14.373241
v -2.784238 47.778507 -14.678696
v -2.784238 47.778511 -10.638957
v -2.784238 69.056419 -10.638957
v -2.658004 66.581352 -12.257139
v -2.577674 52.786831 -12.257139
v -2.658004 54.757477 -12.257139
v -2.658004 60.669407 -12.257139
v -2.577674 64.610703 -12.257139
v -2.577673 56.728123 -12.257140
v -2.613822 50.816185 -12.257139
v -2.613822 62.640053 -12.257139
v -2.629315 58.698765 -12.257139
v -2.557017 68.127769 -12.257139
v -9.388479 53.959190 -10.513297
v -7.735838 57.526409 -10.531248
v -7.735837 49.830864 -10.471411
v -9.388480 49.830864 -10.538430
v -9.388479 57.900475 -10.531248
v -9.388479 61.841766 -10.531248
v -7.735838 61.467701 -10.513297
v -9.388479 65.783058 -10.513297
v -2.784238 69.056412 -14.678696
v 2.896654 66.157112 -14.373219
v 3.048123 64.504639 -14.495427
v 2.896656 56.303902 -14.373246
v -2.459636 54.757473 -14.525959
v 2.991323 52.362606 -14.373241
v 2.991323 50.816185 -14.525969
v -2.405537 49.269760 -14.373241
v 9.879569 49.830864 -10.538430
v 9.879568 53.959190 -10.522963
v 8.226927 53.585121 -10.522963
v 9.879568 57.713440 -10.555183
v 9.879568 61.841766 -10.531248
v 9.879568 65.408997 -10.513308
v 8.226927 65.783058 -10.513308
v 3.133325 49.269760 -12.257139
v 2.896654 49.269760 -14.373241
v 3.085991 53.211052 -14.373241
v 3.104924 56.728123 -12.257140
v 3.068778 52.786831 -12.257139
v 3.085991 57.152336 -14.271423
v 2.991323 54.757469 -14.220518
v 2.991322 58.698761 -14.525969
v 2.950751 60.716541 -14.322332
v 2.991323 62.498646 -14.373241
v 3.149103 60.669407 -12.257139
v 3.104924 62.640053 -12.257139
v 3.120415 58.698765 -12.257139
v 3.068778 64.610703 -12.257139
v 2.896656 68.127762 -14.373246
v 3.085993 67.005569 -14.271419
v 3.104924 66.581345 -12.257139
v 10.884501 47.778515 -10.638957
v 3.275327 47.778507 -14.678696
v 3.275327 47.778511 -10.638957
v 3.275327 69.056419 -10.638957
v 3.275327 69.056412 -14.678696
v 10.884501 69.056419 -10.638957
v 3.104924 54.757477 -12.257139
v 3.104924 50.816185 -12.257139
v 3.133325 68.127769 -12.257139
v 8.226927 57.713444 -10.488165
v 8.226926 49.830864 -10.471411
v 8.226927 61.467701 -10.513297
v -10.393413 69.056427 -10.638957
v -10.393413 50.674782 -9.158698
v -10.393413 54.757477 -9.158698
v -10.393413 56.546318 9.158698
v -9.291639 49.830864 -9.158697
v -9.291639 51.895027 -9.158698
v -9.291639 55.742802 -9.158698
v -9.291639 57.713444 -9.158697
v -9.291639 61.561214 -9.158698
v -9.291639 63.625378 -9.158698
v -10.393413 47.778515 -10.638957
v -10.393413 52.786831 -9.158698
v -10.393413 62.640057 -9.158698
v -10.393413 60.386593 -9.158698
v -10.393413 66.439941 -9.158698
v -10.393413 49.269760 -9.158698
v -10.393413 58.651634 -9.158698
v -10.393413 56.982655 -9.158698
v -10.393413 64.752113 -9.158698
v -10.393413 68.127777 -9.158698
v -10.393413 66.722755 9.158698
v -9.291639 53.772156 -9.158699
v -9.291639 59.590576 -9.158698
v -9.291639 65.596024 -9.158698
v -9.291638 67.473152 -9.158698
v -10.393413 69.056427 10.638957
v -10.393413 52.786839 9.158698
v -10.393413 54.757484 9.158698
v -10.393413 62.640060 9.158698
v -10.393413 64.469299 9.158698
v -9.291639 50.391972 9.158698
v -9.291639 51.707996 9.158697
v -9.291639 63.625385 9.158697
v -9.903735 49.269768 9.158698
v -9.291639 53.772160 9.158699
v -9.291639 55.742805 9.158698
v -9.291639 57.713448 9.158698
v -9.291639 59.777611 9.158697
v -9.291639 61.748260 9.158699
v -9.291639 65.596031 9.158699
v -9.291638 67.660194 9.158697
v -10.393413 47.778515 10.638957
v -10.393413 50.957596 9.158699
v -10.393413 58.840179 9.158698
v -10.393413 60.952232 9.158698
v -10.393413 68.127777 9.158698
v 11.492381 69.229172 10.798091
v 3.448444 69.056419 10.798091
v -2.957355 69.056419 10.798091
v -2.957355 69.229172 14.898264
v 3.448444 69.056412 -10.798135
v 3.448444 69.229172 -14.898264
v 3.448444 69.401932 10.798091
v 3.448444 69.229172 14.898264
v -2.957355 69.401932 10.798091
v -11.001292 69.229172 10.798091
v 11.492381 69.229179 -10.798092
v -2.957355 69.229172 -10.798135
v -2.957355 69.229172 -14.898264
v -11.001292 69.229179 -10.798092
v 3.448444 69.401924 -10.798135
v 8.226927 74.863045 10.531248
v 8.226927 86.873947 10.488165
v 3.133314 70.547684 12.257139
v 2.950728 73.958694 14.495417
v 3.085976 79.552460 14.373219
v 2.991301 85.973465 14.285933
v 2.896626 81.523102 14.576870
v 2.950726 84.002823 14.285926
v 3.149093 83.917976 12.257139
v 3.085976 79.976685 12.257139
v 3.085976 82.371544 14.373220
v 2.991301 80.400902 14.373220
v 2.991301 89.405693 14.373199
v 2.991301 88.283478 14.373199
v 3.275327 69.056435 14.678696
v 3.275327 90.334343 10.638957
v 3.275327 69.056435 10.638957
v 10.884501 90.334343 10.638957
v 3.104911 87.859261 12.257139
v 3.149094 74.064758 12.257138
v 3.104911 76.035400 12.257139
v 3.104911 81.947327 12.257139
v 3.104911 85.888618 12.257139
v 3.104911 78.006035 12.257139
v 3.068763 72.094109 12.257139
v 3.048106 89.405693 12.257139
v 9.879568 75.237106 10.513297
v 8.226927 78.804329 10.531248
v 8.226927 71.108788 10.488165
v 9.879568 71.108788 10.531248
v 9.879568 79.178406 10.531248
v 9.879568 82.932655 10.544712
v 8.226927 82.932655 10.488165
v 9.879568 86.873947 10.531248
v 3.275327 90.334335 14.678653
v 2.991301 87.435043 14.576835
v -2.500212 85.782570 14.495399
v 2.896626 78.430260 14.373220
v 2.991301 76.459618 14.373220
v 3.085976 77.581818 14.373219
v 2.991301 75.611176 14.373219
v 3.085976 72.518326 14.373241
v 2.991301 71.669891 14.373241
v 2.896626 70.547691 14.373219
v -9.388479 71.295822 10.513297
v -9.388479 75.050079 10.544712
v -7.735838 75.050079 10.488165
v -9.388479 78.991371 10.555183
v -9.388479 82.932655 10.544712
v -9.388479 86.873947 10.531248
v -7.735838 86.873947 10.488165
v -2.642225 70.547684 12.257139
v -2.459638 74.149597 14.285959
v -2.405537 70.547691 14.373219
v -2.557017 72.094109 14.373244
v -2.613822 78.006035 12.257139
v -2.658005 74.064758 12.257138
v -2.500212 78.006042 14.373220
v -2.500212 76.035400 14.373220
v -2.557017 79.976685 14.373220
v -2.500212 81.886719 14.251030
v -2.459637 83.811920 14.495380
v -2.613822 81.947334 12.257139
v -2.658004 83.917976 12.257139
v -2.594887 79.976685 12.257139
v -2.500212 87.798660 14.251017
v -2.613822 85.888618 12.257139
v -2.500212 89.405693 14.373199
v -2.613822 87.859261 12.257139
v -2.784238 69.056435 14.678696
v -2.784238 69.056435 10.638957
v -2.784238 90.334343 10.638957
v -2.784238 90.334335 14.678653
v -2.613822 76.035400 12.257139
v -2.577674 72.094109 12.257139
v -2.557017 89.405693 12.257139
v -7.735838 78.991364 10.488165
v -7.735838 70.921753 10.513297
v -7.735838 82.932655 10.488165
v 10.884502 77.824226 9.158698
v 10.884501 81.994469 9.158698
v 9.782770 77.441544 9.158698
v 9.782770 79.412201 9.158698
v 9.782770 81.382843 9.158698
v 9.782770 83.353485 9.158698
v 9.782770 85.277359 9.158698
v 9.782770 87.435043 9.158698
v 9.782770 73.079430 9.158676
v 9.782770 75.050079 9.158698
v 10.811052 85.695793 9.158698
v 9.782770 88.283478 9.158698
v 10.884501 69.056435 10.638957
v 10.609069 70.659904 9.158655
v 10.884501 72.348640 9.158650
v 10.884501 74.319290 9.158707
v 10.884501 75.752586 9.158698
v 10.884501 79.794884 9.158698
v 10.884501 84.059380 9.158698
v 10.443809 89.405693 9.158698
v 10.884501 89.405693 -9.158698
v 10.884501 88.113792 9.158697
v 10.884501 90.334343 -10.638957
v 10.884501 71.912300 -9.158698
v 10.884501 73.882942 -9.158698
v 10.884501 81.805931 -9.158698
v 10.884501 83.776573 -9.158698
v 10.884501 86.070427 -9.158698
v 9.782770 71.669891 -9.158698
v 9.782770 73.640533 -9.158698
v 9.782770 75.611176 -9.158698
v 9.782770 85.464401 -9.158698
v 10.150014 70.547684 -9.158698
v 9.782770 72.518326 -9.158698
v 9.782770 74.488976 -9.158698
v 9.782769 76.810303 -9.158698
v 9.782770 78.780952 -9.158698
v 9.782770 80.751602 -9.158698
v 9.782770 82.722244 -9.158698
v 9.782770 84.342194 -9.158698
v 9.782770 86.663528 -9.158697
v 9.782770 88.938110 -9.158699
v 10.884501 76.318214 -9.158698
v 10.884501 80.231224 -9.158698
v 10.884501 78.260574 -9.158698
v 10.884501 87.677460 -9.158698
v -7.735838 74.863045 -10.531248
v -7.735838 86.873947 -10.488165
v -2.642225 70.547684 -12.257139
v -2.500212 74.206154 -14.373241
v -2.405537 70.547684 -14.373241
v -2.500212 78.066643 -14.296880
v -2.459636 76.035393 -14.373223
v -2.557017 79.976677 -14.220514
v -2.557018 86.030022 -14.373249
v -2.459637 82.007927 -14.296877
v -2.500212 83.857368 -14.251060
v -2.594887 79.976685 -12.257139
v -2.500212 89.405693 -14.373241
v -2.459637 87.859261 -14.525953
v -2.658004 87.859261 -12.257139
v -2.784238 69.056435 -14.678696
v -2.784238 90.334343 -10.638957
v -2.784238 90.334335 -14.678696
v -2.784238 69.056435 -10.638957
v -10.393413 90.334343 -10.638957
v -2.613822 74.064758 -12.257139
v -2.658004 76.035400 -12.257139
v -2.658004 81.947327 -12.257138
v -2.577674 85.888618 -12.257139
v -2.613822 78.006035 -12.257139
v -2.577674 72.094109 -12.257139
v -2.613822 83.917976 -12.257139
v -2.557017 89.405693 -12.257139
v -9.388479 75.237106 -10.513297
v -7.735838 78.804329 -10.531248
v -7.735838 70.921753 -10.513297
v -9.388479 71.295822 -10.513297
v -9.388479 79.178406 -10.531248
v -9.388479 82.932655 -10.544712
v -7.735838 82.932655 -10.488165
v -9.388479 86.873947 -10.531248
v 3.275327 90.334335 -14.678696
v 3.048126 85.747208 -14.373246
v 2.896656 77.581818 -14.373246
v 2.896654 75.611168 -14.373241
v 2.991322 73.923340 -14.373241
v -2.594887 72.518326 -14.475060
v -2.500212 71.669884 -14.373241
v 9.879568 71.108788 -10.531248
v 9.879568 75.050079 -10.544712
v 8.226927 75.050079 -10.488165
v 9.879568 79.178406 -10.531248
v 9.879568 82.932655 -10.544712
v 9.879568 86.873947 -10.531258
v 8.226927 86.873947 -10.488178
v 3.133325 70.547684 -12.257139
v 2.896654 70.547684 -14.373241
v 3.048123 72.154709 -14.296878
v 3.085992 76.459610 -14.373248
v 3.149103 78.006042 -12.257139
v 3.104924 74.064758 -12.257139
v 2.991323 78.430260 -14.475060
v 3.048123 79.976685 -14.525969
v 2.896654 81.523102 -14.373241
v 2.991323 83.493744 -14.576878
v 2.991323 84.342194 -14.373241
v 3.149103 81.947327 -12.257138
v 3.104924 83.917976 -12.257139
v 3.085991 79.976685 -12.257139
v 2.991323 82.371544 -14.475060
v 2.950751 87.859261 -14.220482
v 3.068779 85.888618 -12.257139
v 2.991325 89.405693 -14.373246
v 3.149103 87.859261 -12.257139
v 10.884501 69.056435 -10.638957
v 3.275327 69.056435 -14.678696
v 3.275327 69.056435 -10.638957
v 3.275327 90.334343 -10.638957
v 3.104924 76.035400 -12.257139
v 3.068778 72.094109 -12.257139
v 3.048123 89.405693 -12.257139
v 8.226927 78.804329 -10.531248
v 8.226927 71.108788 -10.488165
v 8.226927 82.932655 -10.488165
v -10.393413 76.035408 9.158698
v -10.393413 77.958916 9.158698
v -10.393413 81.947334 -9.158698
v -9.291639 71.669891 -9.158698
v -9.291639 79.084885 -9.158697
v -9.291639 82.932648 -9.158698
v -9.291639 84.809776 -9.158698
v -9.291639 87.248016 -9.158698
v -9.291639 88.844589 -9.158698
v -9.291639 74.629250 -9.158698
v -9.291639 76.599892 -9.158698
v -10.393413 69.056442 -10.638957
v -10.393413 72.348640 -9.158698
v -10.393413 76.035400 -9.158698
v -10.393413 74.206161 -9.158698
v -10.393413 79.835289 -9.158698
v -10.393413 78.147446 -9.158698
v -10.393413 83.776566 -9.158698
v -10.393413 85.747208 -9.158698
v -10.393413 89.405685 -9.158698
v -10.393413 87.859268 -9.158698
v -10.393413 84.059395 9.158698
v -10.393413 81.947342 9.158697
v -10.393413 85.935760 9.158698
v -9.592123 70.547684 -9.158698
v -9.291639 73.079430 -9.158698
v -9.291639 80.868492 -9.158699
v -9.291639 86.312851 9.158698
v -9.291639 88.283508 9.158698
v -10.393413 90.334351 10.638957
v -10.393413 71.912300 9.158697
v -10.393413 74.017616 9.158698
v -10.393413 80.118095 9.158699
v -9.291639 78.897858 9.158697
v -9.291639 87.435059 9.158698
v -9.800150 89.405693 9.158698
v -9.291639 71.108788 9.158698
v -9.291639 73.079430 9.158699
v -9.291639 75.260498 9.158698
v -9.291639 77.231140 9.158698
v -9.291639 81.055534 9.158698
v -9.291639 82.932663 9.158698
v -9.291639 84.996826 9.158697
v -10.393413 69.056442 10.638957
v -10.393413 70.547684 9.158698
v -10.393413 87.859283 9.158698
v 11.492381 90.507095 10.798091
v 3.448444 90.334343 10.798091
v -2.957355 90.334343 10.798091
v -2.957355 90.507088 14.898264
v 3.448444 90.334335 -10.798135
v 3.448444 90.507095 -14.898264
v 3.448444 90.679848 10.798091
v 3.448444 90.507088 14.898264
v -2.957355 90.679848 10.798091
v -11.001292 90.507095 10.798091
v 11.492381 90.507095 -10.798092
v -2.957355 90.507088 -10.798135
v -2.957355 90.507095 -14.898264
v -11.001292 90.507095 -10.798092
v 3.448444 90.679840 -10.798135
v 1.919959 4.760376 9.324672
v 1.919959 4.760370 13.386229
v 1.919959 4.760371 -9.324715
v -1.428914 4.760374 -9.324715
v -1.428914 4.760369 -13.386229
v -1.428914 4.760381 9.324672
v 3.291691 4.952323 10.696361
v 3.291691 4.875539 14.757917
v -2.800645 4.967679 10.696361
v 10.941905 5.014963 -10.696403
v -2.800602 4.952322 -10.696403
v -2.800645 4.990708 -14.757910
v -10.450858 4.980249 10.696361
v 10.941905 4.817961 10.696361
v -2.800645 4.898573 14.757917
v -10.450858 4.829477 -10.696403
v 3.291691 4.967678 -10.696403
v 3.291691 4.809728 -14.757953
v 1.919959 0.736181 9.324672
v 9.570216 0.736182 9.324672
v 1.919959 0.736177 13.386229
v -1.428914 0.736181 9.324672
v -1.428914 0.736177 13.386229
v 9.570216 0.736184 -9.324715
v -1.428914 0.736180 -9.324715
v -9.079170 0.736182 -9.324715
v -1.428914 0.736176 -13.386229
v 1.919959 0.736180 -9.324715
v 1.919959 0.736176 -13.386229
v -9.079170 0.736188 9.324672
v 9.570216 26.038296 9.324672
v 1.919959 26.038290 13.386229
v -2.457712 26.211046 10.353438
v -2.251953 26.176493 14.414995
v 9.570216 26.038298 -9.324715
v -9.079170 26.038294 -9.324715
v -1.428914 26.038290 -13.386229
v 2.948758 26.211048 -10.147727
v 2.742993 26.069698 -14.415016
v -9.079170 26.038300 9.324672
v 2.948758 26.195341 10.147685
v 3.291691 26.087648 14.757917
v -2.457675 26.195343 -10.147725
v -2.800645 26.268627 -14.757910
v -10.450858 26.184481 10.696361
v 10.941905 26.176500 10.696361
v 10.941905 26.211052 -10.696403
v -10.450858 26.226753 -10.696403
v 1.919959 22.014101 9.324672
v 9.570216 22.014101 9.324672
v 1.919959 22.014097 13.386229
v -1.428914 22.014101 9.324672
v -1.428914 22.014097 13.386229
v 9.570216 22.014103 -9.324715
v -1.428914 22.014099 -9.324715
v -9.079170 22.014101 -9.324715
v -1.428914 22.014095 -13.386229
v 1.919959 22.014099 -9.324715
v 1.919959 22.014095 -13.386229
v -9.079170 22.014109 9.324672
v 9.570216 47.316216 9.324672
v 1.919959 47.316208 13.386229
v -2.457712 47.488968 10.353438
v -2.251953 47.454411 14.414995
v 9.570216 47.316219 -9.324715
v -9.079170 47.316216 -9.324715
v 2.948758 47.488968 -10.353480
v 1.919959 47.316208 -13.386229
v -9.079170 47.316219 9.324672
v 2.948758 47.473263 10.147685
v 3.291691 47.365566 14.757917
v -2.457675 47.473263 -10.147725
v -2.251952 47.454411 -14.561954
v -10.450858 47.516247 10.696361
v 10.941905 47.454418 10.696361
v 10.941905 47.488976 -10.696403
v -10.450858 47.431385 -10.696403
v 3.291691 47.365566 -14.757953
v 1.919959 43.292019 9.324672
v 9.570216 43.292019 9.324672
v 1.919959 43.292015 13.386229
v -1.428914 43.292019 9.324672
v -1.428914 43.292015 13.386229
v 9.570216 43.292023 -9.324715
v -1.428914 43.292019 -9.324715
v -9.079170 43.292019 -9.324715
v -1.428914 43.292015 -13.386229
v 1.919959 43.292019 -9.324715
v 1.919959 43.292015 -13.386229
v -9.079170 43.292027 9.324672
v 9.570216 68.594139 9.324672
v 1.919959 68.594131 13.386229
v -2.457712 68.732346 10.500405
v -1.428914 68.594124 13.386229
v 9.570216 68.594139 -9.324715
v -9.079170 68.594139 -9.324715
v -1.428914 68.594131 -13.386229
v 2.948758 68.766891 -10.353480
v 2.742993 68.625542 -14.415016
v -9.079170 68.594147 9.324672
v 2.948758 68.751190 10.147685
v 3.291691 68.709297 14.757917
v 10.941905 68.848724 -10.696403
v -2.457676 68.751190 -10.147725
v -2.800645 68.824463 -14.757910
v -10.450858 68.759392 10.696361
v 10.941905 68.651726 10.696361
v -2.800645 68.732330 14.757917
v -10.450858 68.782600 -10.696403
v 1.919959 64.569939 9.324672
v 9.570216 64.569939 9.324672
v 1.919959 64.569939 13.386229
v -1.428914 64.569939 9.324672
v -1.428914 64.569939 13.386229
v 9.570216 64.569946 -9.324715
v -1.428914 64.569939 -9.324715
v -1.428914 64.569939 -13.386229
v -9.079170 64.569946 -9.324715
v 1.919959 64.569939 -9.324715
v 1.919959 64.569939 -13.386229
v -9.079170 64.569946 9.324672
v 9.570216 89.872055 9.324672
v 1.919959 89.872055 9.324672
v -1.428914 89.872055 13.386229
v -1.428914 89.872055 9.324672
v 9.570216 89.872055 -9.324715
v -9.079170 89.872055 -9.324715
v -1.428914 89.872055 -9.324715
v -1.428914 89.872055 -13.386229
v 2.948752 89.903465 -14.415018
v 1.919959 89.872055 -9.324715
v -9.079170 89.872055 9.324672
v 3.291691 90.016014 10.696361
v 2.742998 89.921410 14.414995
v -2.800645 90.031517 10.696361
v 10.941905 90.044807 10.696361
v -2.800602 90.016014 -10.696403
v -2.800645 90.102394 -14.757910
v -10.450858 90.010262 -10.696403
v -10.450858 90.109589 10.696361
v -2.800645 90.010254 14.757917
v 10.941905 90.072083 -10.696403
v 3.291691 90.031517 -10.696403
v 1.919959 85.847862 9.324672
v 9.570216 85.847862 9.324672
v 1.919959 85.847855 13.386229
v -1.428914 85.847862 9.324672
v -1.428914 85.847855 13.386229
v 9.570216 85.847862 -9.324715
v -1.428914 85.847855 -9.324715
v -9.079170 85.847862 -9.324715
v -1.428914 85.847855 -13.386229
v 1.919959 85.847855 -9.324715
v 1.919959 85.847855 -13.386229
v -9.079170 85.847870 9.324672
v 2.009007 91.558037 -9.393213
v 9.667613 91.261627 9.463810
v -9.158678 91.223839 9.451883
v -1.517962 91.475571 9.413720
v -9.150004 91.221306 -9.436025
v 3.291648 90.817184 -10.696403
v 3.291648 90.778801 -14.757917
v -2.800645 90.778793 -10.696403
v -2.800602 90.817184 10.696361
v -2.800602 90.959770 14.757917
v -10.450858 90.853645 -10.696403
v 10.941905 90.820671 -10.696403
v -2.800645 90.959785 -14.757917
v 10.941905 90.862946 10.696378
v -10.450858 90.870918 10.696361
v 3.291691 90.801826 10.696361
v 3.291691 90.778793 14.757917
v 9.492234 92.963005 -9.269136
v -1.381680 92.976669 -13.292650
v 9.522521 92.962997 9.246701
v -8.983303 92.962997 9.264487
v 1.917737 92.566757 9.419435
v -9.076308 92.963005 -9.246734
v 1.755120 92.881157 -13.301569
v 9.111385 92.035828 -8.865885
v 0.650710 92.035828 -8.865885
v -0.970126 92.035828 -12.927398
v 9.111385 92.035820 8.865841
v -8.620340 92.035820 8.865841
v 0.245544 92.035820 8.865839
v 1.803572 92.925911 13.288202
v -8.620340 92.035828 -8.865885
v 9.570216 69.731209 -9.324715
v 1.919959 69.731216 -13.386229
v -2.457712 69.593018 -14.415028
v -1.428914 69.731216 -9.324715
v 9.570216 69.731201 9.324672
v -9.079170 69.731201 9.324672
v -1.428914 69.731216 13.386229
v 2.743014 69.558456 10.147683
v 2.948769 69.593010 14.561962
v -9.079170 69.731216 -9.324715
v 2.948725 69.574165 -10.147728
v 3.291647 69.681862 -14.757960
v -2.800645 69.571747 -10.696403
v -2.457680 69.545166 10.353438
v -2.800602 69.681854 14.757917
v -10.450858 69.644821 10.696361
v -10.450858 69.493675 -10.696403
v 10.941905 69.593010 -10.696403
v 10.941905 69.558449 10.696361
v 9.340800 73.755402 -9.095300
v -1.123055 73.755409 -9.095300
v -1.275985 73.755417 -13.233285
v 9.340800 73.755402 9.095256
v -9.040935 73.755402 9.018785
v 1.614116 73.755402 9.095258
v 1.767031 73.755402 13.131323
v 1.690544 73.755409 -9.095300
v 1.690544 73.755417 -13.080341
v -8.658576 73.755402 -9.095300
v -1.275970 73.755402 9.171728
v -1.123026 73.755402 13.233285
v 9.111385 70.757904 -8.865885
v 1.461128 70.757912 -12.927398
v 0.245501 70.757904 -8.865885
v -0.970126 70.757912 -12.927398
v 9.111385 70.757904 8.865841
v -8.620340 70.757904 8.865841
v -0.159665 70.757904 8.865841
v 0.650753 70.757904 12.927398
v -8.620340 70.757904 -8.865885
v 9.570216 48.453289 -9.324715
v 1.919959 48.453300 -13.386229
v -2.251953 48.403942 -14.209268
v 9.570216 48.453289 9.324672
v -9.079170 48.453289 9.324672
v 1.920003 48.453289 9.324672
v 1.920003 48.453289 13.386187
v -9.079170 48.453281 -9.324715
v 2.948726 48.329895 -9.839098
v -2.457712 48.315086 -9.912580
v -2.457680 48.329895 10.353438
v -2.251927 48.421879 14.561955
v -10.450858 48.280529 -10.696403
v 10.941905 48.315086 -10.696403
v 3.291648 48.315098 -14.757960
v 10.941905 48.253258 10.696361
v -10.450858 48.280533 10.696361
v 3.291691 48.293823 10.696361
v 3.291691 48.222950 14.757917
v 9.315310 52.477482 -8.996979
v -1.199520 52.477489 -9.171771
v -1.199520 52.477493 -13.003905
v 9.356095 52.477478 9.095256
v -8.824265 52.477478 9.095257
v 1.614116 52.477482 9.095258
v 1.767034 52.477486 13.233259
v -8.865049 52.477478 -9.069809
v 1.690544 52.477489 -9.232948
v 1.690544 52.477493 -13.309764
v -1.275970 52.477482 9.095257
v -1.123025 52.477486 13.080291
v 9.111385 49.479984 -8.865885
v 1.461128 49.479992 -12.927441
v 0.245501 49.479992 -8.865885
v -0.970126 49.479992 -12.927441
v -8.620340 49.479984 -8.865885
v 9.111385 49.479977 8.865841
v -8.620340 49.479973 8.865841
v -0.159665 49.479984 8.865841
v 0.650753 49.479988 12.927358
v 9.570216 27.175373 -9.324715
v -2.457712 27.002621 -10.353515
v -1.428914 27.175381 -13.386272
v 9.570216 27.175365 9.324672
v -9.079170 27.175365 9.324672
v -1.428914 27.175369 13.386187
v 2.948769 27.002611 10.147685
v 2.743013 27.143959 14.561917
v -9.079170 27.175367 -9.324715
v 2.948725 27.051979 -9.839114
v 2.742972 27.126022 -14.415038
v 10.941905 26.981878 10.696361
v -2.457680 27.018316 10.147685
v -2.800602 26.945032 14.757874
v -10.450858 27.002613 -10.696447
v 10.941905 27.088997 -10.696447
v -2.800645 27.037178 -14.757960
v -10.450858 27.037163 10.696361
v 9.417273 31.199566 -9.120790
v -1.199520 31.199568 -9.171771
v -1.199520 31.199575 -13.131366
v 9.315310 31.199556 9.095256
v -8.824265 31.199558 9.095257
v 1.690588 31.199562 9.095258
v 1.690566 31.199562 13.233243
v -8.865049 31.199560 -9.069809
v 1.690544 31.199568 -9.018827
v 1.690544 31.199574 -13.233329
v -1.275970 31.199562 9.095257
v -1.123026 31.199562 13.080299
v 9.111385 28.202068 -8.865928
v 1.461128 28.202074 -12.927441
v 0.245501 28.202068 -8.865882
v -0.970126 28.202074 -12.927441
v -8.620340 28.202068 -8.865885
v 9.111385 28.202059 8.865841
v -0.159665 28.202063 8.865841
v -8.620340 28.202055 8.865841
v 0.650753 28.202063 12.927356
v 9.570216 5.897454 -9.324759
v -2.251951 5.724700 -10.353524
v -1.428914 5.897460 -13.386272
v 9.570216 5.897444 9.324672
v -9.079170 5.897444 9.324672
v -1.428914 5.897449 13.386187
v 2.948769 5.724689 10.147685
v 2.743013 5.759245 14.561917
v -9.079170 5.897447 -9.324715
v 2.742973 5.740405 -10.147774
v 2.948725 5.866050 -14.562005
v 10.941905 5.703957 10.696361
v -2.457680 5.740394 10.147685
v -2.800602 5.848091 14.757874
v -10.450858 5.724692 -10.696447
v 10.941905 5.811076 -10.696447
v -2.800645 5.667121 -14.757960
v -10.450858 5.759240 10.696361
v 9.340800 9.921648 -9.120834
v -1.123056 9.921648 -9.171786
v -1.275985 9.921653 -13.233329
v -8.824265 9.921637 9.095257
v 1.690588 9.921642 9.095258
v 1.690566 9.921641 13.233243
v -8.865049 9.921640 -9.069833
v 1.614071 9.921648 -9.018856
v 1.767016 9.921653 -13.080384
v 9.340800 9.921635 9.095256
v -1.275970 9.921641 9.095257
v -1.123026 9.921641 13.080299
v 9.111385 6.924148 -8.865928
v 1.461128 6.924153 -12.927441
v 0.245501 6.924149 -8.865928
v -0.970126 6.924153 -12.927441
v 9.111385 6.924136 8.865841
v -8.620340 6.924137 8.865841
v -0.159665 6.924143 8.865841
v 0.650753 6.924143 12.927356
v -8.620340 6.924143 -8.865928
v -9.171893 4.158279 1.726882
v -9.167100 4.174532 -1.726904
v -9.432826 4.145277 -0.000022
v -9.166770 0.775195 1.726882
v -9.462867 1.724859 0.131991
v -9.477882 3.229615 0.071169
v -9.447851 3.239626 0.192814
v -9.171268 0.801200 -1.726904
v -9.416379 0.833706 -0.000022
v -9.462867 1.724859 -0.132035
v -9.447851 3.239626 -0.192857
v -9.477882 3.229615 -0.071212
v -9.288621 4.145277 -5.307661
v -9.021261 4.187830 -1.807618
v -9.279846 4.136608 -3.534501
v -9.279846 0.822871 -3.534501
v -9.272169 0.833706 -5.307661
v -9.020264 0.760567 -1.807618
v -9.022902 4.179950 -8.807702
v -9.279846 4.136608 -7.080820
v -9.279846 0.822871 -7.080820
v -9.027070 0.801200 -8.807702
v -9.288621 4.145277 5.307661
v -9.021261 4.187830 1.807597
v -9.279846 4.136608 3.534479
v -9.279846 0.822871 3.534479
v -9.272169 0.833706 5.307660
v -9.022572 0.779529 1.807597
v -9.022902 4.179950 8.807702
v -9.279846 4.136608 7.080799
v -9.279846 0.822871 7.080799
v -9.021037 0.766193 8.807702
v 9.687528 4.158279 1.726882
v 9.682734 4.174532 -1.726904
v 9.948454 4.145277 -0.000022
v 9.686903 0.801200 1.726882
v 9.978488 1.724870 0.131991
v 9.963468 3.239615 0.192814
v 9.993508 3.229604 0.071169
v 9.682405 0.775195 -1.726904
v 9.932002 0.833706 -0.000022
v 9.978488 1.724870 -0.132035
v 9.993508 3.229604 -0.071212
v 9.963468 3.239615 -0.192857
v 9.543285 4.158279 -1.807618
v 9.804217 4.145277 -5.307660
v 9.536024 4.195429 -8.807702
v 9.795445 4.136608 -3.534501
v 9.795445 0.822871 -3.534501
v 9.535854 0.760567 -1.807618
v 9.795445 4.136608 -7.080820
v 9.795445 0.822871 -7.080820
v 9.787770 0.833706 -5.307660
v 9.542661 0.801200 -8.807702
v 9.543285 4.158279 1.807597
v 9.804217 4.145277 5.307639
v 9.536024 4.195429 8.807702
v 9.795445 4.136608 3.534479
v 9.795445 0.822871 3.534479
v 9.535854 0.760567 1.807597
v 9.795445 4.136608 7.080799
v 9.795445 0.822871 7.080799
v 9.787770 0.833706 5.307639
v 9.542661 0.801200 8.807702
v -4.667788 91.956734 -4.920432
v -7.972826 91.956734 -4.880416
v -4.707812 91.956734 -8.225466
v -8.012851 91.956734 -8.185451
v -4.723410 92.989006 -8.127998
v -4.765256 92.989006 -4.936049
v -7.957228 92.989006 -4.977885
v -7.915382 92.989006 -8.169834
v -6.340319 94.073921 -6.552941
v -4.707873 91.956985 4.920487
v -7.972822 91.956726 4.880414
v -4.667720 91.956467 8.225564
v -8.012870 91.956726 8.185470
v -4.754809 92.992760 8.127695
v -4.733433 92.978432 4.946067
v -7.945837 92.990898 4.967126
v -7.924936 92.998222 8.168006
v -6.340318 94.073914 6.552966
v 5.158882 91.956734 -4.920438
v 8.463910 91.956734 -4.880422
v 5.198907 91.956734 -8.225461
v 8.503934 91.956734 -8.185445
v 5.214499 92.989006 -8.127998
v 5.255585 92.980461 -4.946294
v 8.446445 92.998238 -4.968357
v 8.406471 92.989006 -8.169833
v 6.831420 94.073921 -6.552941
v 5.158880 91.956726 4.920460
v 8.463913 91.956726 4.880435
v 5.198906 91.956726 8.225492
v 8.503936 91.956726 8.185466
v 5.214497 92.988991 8.128028
v 5.256343 92.988991 4.936052
v 8.448319 92.988991 4.977899
v 8.406472 92.988991 8.169874
v 6.831408 94.073914 6.552963
v 9.920160 91.011444 -10.193924
v 10.522971 91.010895 -10.245250
v 10.375727 91.010826 -9.641155
v 10.133780 91.074196 -10.263898
v 10.370422 91.076637 -9.773542
v 10.443679 91.078056 -10.010537
v 10.538970 91.083183 -10.010537
v 10.452523 91.162193 -10.010537
v 10.068441 91.078056 -10.010537
v 9.973150 91.083183 -10.010537
v 10.059597 91.162193 -10.010537
v 10.256039 91.078056 -10.198134
v 10.256039 91.083183 -10.293468
v 10.256039 91.162193 -10.206991
v 10.256039 91.078056 -9.822940
v 10.256039 91.083183 -9.727606
v 10.256039 91.162193 -9.814083
v 10.256061 91.201530 -10.010559
v 10.373319 91.596275 -10.001040
v 10.138803 91.596275 -10.020079
v 9.866153 91.013138 9.941537
v 10.623816 91.011314 10.095484
v 10.035254 91.075691 10.186731
v 10.461352 91.075424 9.857449
v 10.443679 91.078056 10.010537
v 10.538970 91.083183 10.010537
v 10.452523 91.162193 10.010537
v 10.068441 91.078056 10.010537
v 9.973150 91.083183 10.010537
v 10.059597 91.162193 10.010537
v 10.256039 91.078056 9.822940
v 10.256039 91.083183 9.727606
v 10.256039 91.162193 9.814083
v 10.256039 91.078056 10.198134
v 10.256039 91.083183 10.293468
v 10.256039 91.162193 10.206991
v 10.256061 91.201530 10.010516
v 10.373318 91.596275 10.020035
v 10.138803 91.596275 10.000997
v 2.297654 91.012100 14.309007
v 2.915173 91.011650 13.821162
v 2.881057 91.075005 14.023763
v 2.516147 91.075447 14.335557
v 2.448312 91.073685 13.850419
v 2.793466 91.078056 14.072094
v 2.888799 91.083183 14.072095
v 2.802322 91.162193 14.072094
v 2.418271 91.078056 14.072094
v 2.322937 91.083183 14.072095
v 2.409414 91.162193 14.072094
v 2.605847 91.078056 13.884497
v 2.605847 91.083183 13.789164
v 2.605847 91.162193 13.875641
v 2.605847 91.078056 14.259735
v 2.605847 91.083183 14.355025
v 2.605847 91.162193 14.268579
v 2.605868 91.201530 14.072073
v 2.596343 91.596275 14.189332
v 2.615394 91.596275 13.954814
v -2.440003 91.013046 13.859316
v -1.746308 91.010567 13.976150
v -2.194579 91.010429 14.420643
v -2.337888 91.076080 13.879799
v -2.262731 91.073692 14.296915
v -1.838392 91.074814 14.026786
v -1.927139 91.078056 14.072094
v -1.831848 91.083183 14.072095
v -1.918295 91.162193 14.072094
v -2.302377 91.078056 14.072094
v -2.397667 91.083183 14.072095
v -2.311221 91.162193 14.072094
v -2.114779 91.078056 13.884497
v -2.114779 91.083183 13.789164
v -2.114779 91.162193 13.875641
v -2.114779 91.078056 14.259735
v -2.114779 91.083183 14.355025
v -2.114779 91.162193 14.268579
v -2.114758 91.201530 14.072073
v -2.124277 91.596275 14.189331
v -2.105239 91.596275 13.954815
v -9.998840 91.011055 9.701805
v -9.384058 91.012535 10.066888
v -9.909726 91.010201 10.333881
v -9.988145 91.076080 9.818241
v -9.912992 91.073761 10.235332
v -9.488620 91.074738 9.965212
v -9.577395 91.078056 10.010537
v -9.482105 91.083183 10.010537
v -9.568551 91.162193 10.010537
v -9.952635 91.078056 10.010537
v -10.047924 91.083183 10.010537
v -9.961479 91.162193 10.010537
v -9.765036 91.078056 9.822940
v -9.765036 91.083183 9.727606
v -9.765036 91.162193 9.814083
v -9.765036 91.078056 10.198179
v -9.765037 91.083183 10.293468
v -9.765036 91.162193 10.207024
v -9.765015 91.201530 10.010516
v -9.774534 91.596275 10.127773
v -9.755495 91.596275 9.893258
v -9.448648 91.011208 -10.237830
v -9.809876 91.011093 -9.632597
v -10.082721 91.010910 -10.166118
v -9.688236 91.075569 -10.217461
v -9.840675 91.075829 -9.741358
v -9.577395 91.078056 -10.010537
v -9.482105 91.083183 -10.010537
v -9.568551 91.162193 -10.010537
v -9.952635 91.078056 -10.010537
v -10.047924 91.083183 -10.010537
v -9.961479 91.162193 -10.010537
v -9.765037 91.078056 -10.198134
v -9.765037 91.083183 -10.293468
v -9.765037 91.162193 -10.206991
v -9.765036 91.078056 -9.822940
v -9.765036 91.083183 -9.727606
v -9.765036 91.162193 -9.814083
v -9.765015 91.201530 -10.010559
v -9.774533 91.596275 -9.893301
v -9.755496 91.596275 -10.127818
v -2.349425 91.010849 -14.339009
v -1.745323 91.010918 -14.191726
v -2.298061 91.011414 -13.736145
v -2.297883 91.074936 -14.270278
v -1.932827 91.075966 -13.846737
v -1.927139 91.078079 -14.072052
v -1.831852 91.083199 -14.072052
v -1.918295 91.162201 -14.072052
v -2.302377 91.078079 -14.072052
v -2.397663 91.083199 -14.072052
v -2.311221 91.162201 -14.072051
v -2.114779 91.078079 -14.259649
v -2.114779 91.083199 -14.354980
v -2.114779 91.162193 -14.268506
v -2.114779 91.078079 -13.884410
v -2.114779 91.083199 -13.789124
v -2.114779 91.162193 -13.875566
v -2.114758 91.201530 -14.072073
v -2.124276 91.596291 -13.954821
v -2.105241 91.596291 -14.189326
v 2.986767 91.011147 -13.968080
v 2.233341 91.012833 -14.166168
v 2.727313 91.076210 -14.330644
v 2.525835 91.075371 -13.848428
v 2.793422 91.078079 -14.072094
v 2.888709 91.083199 -14.072095
v 2.802266 91.162201 -14.072095
v 2.418184 91.078079 -14.072094
v 2.322898 91.083199 -14.072095
v 2.409340 91.162201 -14.072095
v 2.605782 91.078079 -14.259692
v 2.605782 91.083199 -14.355021
v 2.605782 91.162193 -14.268549
v 2.605782 91.078079 -13.884497
v 2.605782 91.083199 -13.789167
v 2.605782 91.162193 -13.875641
v 2.605803 91.201530 -14.072116
v 2.723056 91.596291 -14.062598
v 2.488551 91.596291 -14.081634
v -2.172030 92.035820 -0.619435
v -2.124173 94.086311 4.706509
v -7.322981 92.035820 4.644979
v -2.114602 94.247658 -0.680994
v -7.380435 94.171532 -0.691253
v -7.322981 92.035820 -0.619435
v -7.394799 94.265312 4.702407
v -7.327950 93.190857 0.902024
v -7.327950 93.103271 0.902024
v -7.327950 92.200012 0.902024
v -7.327950 92.287613 0.902024
v -7.287817 92.057076 0.621071
v -7.287817 93.333824 0.621071
v -7.332015 92.626762 0.416093
v -7.336553 92.764130 0.386093
v -7.341091 92.626762 0.356093
v -7.363085 92.686714 0.398301
v -7.391867 92.695435 0.483896
v -7.378807 92.699028 0.374126
v 5.860937 83.121246 10.808101
v 6.265313 81.568634 10.977244
v 6.871706 83.039833 10.977247
v 6.872103 83.039719 10.638960
v 6.122249 81.074593 10.977244
v 6.260031 81.462776 10.638959
v 5.198620 83.144958 10.808099
v 7.126876 78.342201 10.977240
v 5.496214 78.417145 10.977221
v 5.239667 78.401474 10.977244
v 6.181038 80.412201 10.638957
v 5.692337 79.033073 10.638957
v 6.040508 80.087990 10.977244
v 7.050816 78.406853 10.638939
v 6.493149 78.406494 10.800412
v 6.331695 79.033066 10.977244
v 5.364873 78.445435 10.638919
v 6.035405 79.975677 10.638957
v 5.246104 86.884018 10.977244
v 5.362465 86.907799 10.638956
v 5.492075 86.869919 10.977239
v 6.325741 87.486870 10.977244
v 5.685276 87.486870 10.638957
v 6.176554 88.866020 10.638957
v 6.035897 88.541794 10.977244
v 7.122015 86.796242 10.977244
v 7.046128 86.861176 10.638957
v 6.490452 86.861595 10.796824
v 6.030927 88.429489 10.638956
v 6.067022 83.992844 10.977244
v 5.199734 86.032028 10.808107
v 5.860938 86.010040 10.808101
v 6.261730 84.350929 10.638958
v 6.265406 84.457214 10.977244
v 6.726955 86.014580 10.977224
v 6.876669 85.927216 10.638917
v 7.106659 86.061882 10.977244
v -6.056462 83.121246 -10.543278
v -5.652086 81.568634 -10.374134
v -5.045692 83.039833 -10.374131
v -5.045295 83.039719 -10.712418
v -5.795150 81.074593 -10.374134
v -5.657367 81.462776 -10.712419
v -6.718778 83.144958 -10.543279
v -4.790523 78.342201 -10.374139
v -6.421184 78.417130 -10.374156
v -5.736360 80.412201 -10.712420
v -6.227632 79.033066 -10.712420
v -6.710224 78.387650 -10.374134
v -5.874927 80.083611 -10.374134
v -4.866582 78.406853 -10.712439
v -5.424250 78.406494 -10.550965
v -5.585704 79.033066 -10.374134
v -6.552527 78.445427 -10.712460
v -5.881799 79.975090 -10.712420
v -6.671294 86.884018 -10.374133
v -6.554934 86.907799 -10.712421
v -6.425324 86.869919 -10.374139
v -5.591657 87.486870 -10.374133
v -6.232122 87.486870 -10.712420
v -5.740844 88.866020 -10.712420
v -5.881502 88.541794 -10.374133
v -4.795384 86.796249 -10.374133
v -4.871272 86.861183 -10.712420
v -5.426947 86.861595 -10.554553
v -5.886472 88.429489 -10.712421
v -5.850376 83.992844 -10.374134
v -6.717665 86.032028 -10.543270
v -6.056461 86.010040 -10.543278
v -5.655668 84.350929 -10.712420
v -5.651993 84.457214 -10.374134
v -5.190444 86.014580 -10.374154
v -5.040730 85.927216 -10.712461
v -4.810740 86.061882 -10.374134
v -9.079170 4.351803 -9.324715
v -1.428914 4.760370 13.386229
v -9.079170 4.351811 9.324672
v 9.570216 4.351803 9.324672
v 9.570216 4.351807 -9.324715
v 1.919959 4.760369 -13.386229
v 12.749559 4.692281 9.324672
v 12.749559 4.419901 -9.324715
v -12.749554 4.542470 -9.324715
v -12.749554 4.578793 9.324672
v 10.817661 90.629791 7.874800
v 10.545497 69.351883 7.874800
v 10.817661 69.351883 2.905838
v 10.817662 90.629791 2.910340
v 11.089827 69.351883 7.874800
v 10.817661 69.238281 -2.071344
v 10.817661 47.960369 -7.040306
v 10.545497 69.238281 -7.035804
v 11.089827 69.238281 -7.035804
v 10.817661 47.960377 -2.071344
v 10.817661 47.795311 8.183847
v 10.817662 26.517399 3.214886
v 10.545497 26.517405 8.183847
v 10.817662 47.795311 3.219388
v 11.089827 26.517405 8.183847
v 11.089827 4.981849 1.464586
v 10.817661 26.259756 1.464586
v 10.817661 4.981843 -3.504376
v 10.817661 26.259756 -3.499874
v 10.545497 4.981849 1.464586
v -10.616703 69.345421 -4.449260
v -10.344539 90.623337 -4.449260
v -10.344539 69.345413 0.519702
v -10.344539 90.623337 0.515200
v -10.072374 69.345421 -4.449260
v -10.616703 47.960377 -10.029647
v -10.344539 69.238281 -10.029647
v -10.344539 47.960369 -5.060686
v -10.344539 69.238281 -5.065188
v -10.072374 47.960377 -10.029647
v -10.616703 26.517405 0.225544
v -10.344539 47.795311 0.225544
v -10.344539 26.517399 5.194505
v -10.344539 47.795311 5.190003
v -10.072374 26.517405 0.225544
v -10.616703 4.981849 -6.493718
v -10.344539 26.259756 -6.493718
v -10.344539 4.981843 -1.524756
v -10.344539 26.259756 -1.529258
v -10.072374 4.981849 -6.493718
v 1.426893 89.739433 -14.095883
v 0.022377 69.194672 -14.271075
v 1.426894 69.194672 -13.920691
v 0.022377 89.739433 -14.095883
v 0.428287 68.354607 -14.008245
v 0.428287 47.809853 -14.358630
v -0.625101 47.809853 -13.908135
v -0.976230 68.354607 -14.183437
v 1.836017 47.303631 -14.008247
v 1.836017 26.758871 -13.920651
v 0.431500 47.303631 -14.183437
v 0.431500 26.758871 -14.271034
v 0.051725 26.339272 -13.920650
v 0.051725 5.794506 -14.008245
v -1.352792 5.794504 -14.183437
v -1.352792 26.339272 -14.271033
v 0.022377 89.739433 14.400430
v 0.022377 69.194672 14.575622
v 1.426893 69.194672 14.225237
v 1.426894 89.739433 14.400428
v 1.020984 68.354607 14.312791
v 1.020984 47.809853 14.225195
v 2.425500 68.354607 14.487982
v 2.425500 47.809853 14.575578
v -0.386746 47.303631 14.400388
v -0.386746 26.758871 14.575580
v 1.017770 26.758871 14.225195
v 1.017770 47.303631 14.400387
v 1.397546 26.339272 14.575578
v 1.397546 5.794505 14.487982
v 2.802062 5.794504 14.312790
v 2.802062 26.339272 14.225194
v -1.540224 92.340340 9.413720
v -9.190480 91.725929 9.413720
v -1.517962 91.479622 -9.388321
v -1.443954 92.662407 -9.379238
v -1.540224 91.999336 -13.513440
v -9.190481 91.803558 -9.436025
v -9.257267 92.406013 -9.436026
v -9.160123 92.336151 9.473085
v 1.974482 92.602287 -9.335001
v 9.703789 91.760628 -9.463853
v -1.540224 92.331749 13.465735
v 9.662975 92.375473 9.398879
v 2.021150 91.510139 -13.468246
v 2.031270 92.375481 -13.519800
v 2.021194 91.475571 9.406690
v 9.737182 92.355804 -9.491680
v 2.018919 92.266167 13.523226
v 2.015404 91.369843 13.437602
v 9.671408 91.779404 9.413720
v 9.625872 91.173088 -9.393213
v -1.530105 91.531212 13.506101
v -1.264075 92.731209 13.176434
v -1.517962 91.180916 -13.426705
v -1.361425 92.962997 9.266751
vn 0.6245 -0.2636 0.7352
vn 0.9963 0.0013 0.0858
vn 0.9941 -0.0908 0.0600
vn 0.7136 0.0236 0.7002
vn 0.9964 -0.0085 0.0839
vn 0.6500 -0.0264 0.7595
vn 0.9964 0.0066 0.0846
vn 0.6517 0.0286 0.7579
vn 0.9982 -0.0142 0.0582
vn 0.5891 0.0065 0.8080
vn 0.9967 0.0064 0.0815
vn 0.6735 0.0105 0.7391
vn 0.7204 -0.0139 0.6934
vn 0.9910 -0.0194 0.1323
vn 0.9998 0.0174 0.0061
vn 0.6423 -0.0292 0.7659
vn 0.9957 -0.0073 0.0922
vn 0.6470 -0.0441 0.7612
vn 0.9946 -0.0006 0.1038
vn 0.6256 0.1391 0.7677
vn 0.7308 0.0284 0.6820
vn 0.9974 0.0518 0.0496
vn 0.0065 -0.0015 1.0000
vn 0.0131 0.0011 0.9999
vn 0.0172 -0.0145 0.9997
vn 0.6317 -0.4223 0.6500
vn -0.0000 -0.3125 0.9499
vn -0.7044 -0.0188 0.7095
vn 0.7511 -0.0065 0.6602
vn -0.6995 0.0286 0.7141
vn -0.7157 -0.0465 0.6969
vn -0.9748 -0.2034 0.0917
vn -0.9964 0.0022 0.0846
vn -0.9982 0.0286 0.0529
vn -0.9969 -0.0004 0.0788
vn -0.9985 -0.0029 0.0546
vn -0.9967 -0.0005 0.0807
vn -0.9983 -0.0067 0.0577
vn -0.9971 0.0012 0.0757
vn -0.7015 0.0199 0.7124
vn -0.9980 -0.0059 0.0635
vn -0.9917 -0.0106 0.1278
vn -0.9985 0.0096 0.0536
vn -0.9966 -0.0055 0.0820
vn -0.9991 0.0027 0.0426
vn -0.9952 -0.0073 0.0973
vn -0.6723 0.1424 0.7264
vn 0.0578 -0.0010 0.9983
vn 0.0906 0.0075 0.9959
vn 0.0233 -0.0300 0.9993
vn -0.9965 -0.0563 0.0618
vn -0.0219 0.0174 0.9996
vn 0.0017 -0.0030 1.0000
vn -0.0007 -0.0027 1.0000
vn -0.0000 -0.0000 1.0000
vn 0.7426 -0.0015 0.6697
vn 0.7328 -0.0308 0.6797
vn 0.0123 -0.0572 0.9983
vn 0.7211 -0.0275 0.6923
vn 0.6786 0.2410 0.6938
vn 0.0244 -0.0098 0.9997
vn -0.0000 -0.1389 0.9903
vn 0.6151 0.1126 0.7803
vn 0.8204 -0.0000 -0.5717
vn 0.8204 -0.0000 0.5717
vn 0.6849 -0.0813 0.7241
vn 0.8148 0.0971 -0.5716
vn 0.7971 -0.2081 0.5669
vn 0.7790 0.0185 -0.6267
vn 0.8198 0.0386 -0.5714
vn 0.8198 -0.0386 0.5713
vn 0.9529 -0.0255 -0.3023
vn 0.9354 0.2460 -0.2541
vn 0.7452 0.3725 -0.5531
vn 0.9345 0.0359 -0.3543
vn 0.9171 0.0591 -0.3943
vn 0.2699 0.7009 -0.6603
vn 0.9036 -0.2603 -0.3401
vn 0.9284 0.0423 -0.3691
vn 0.7439 0.3327 -0.5796
vn 0.8590 -0.5111 -0.0313
vn 0.6534 -0.4647 0.5976
vn 0.9471 0.0688 -0.3134
vn 0.8020 -0.1834 0.5685
vn 0.7899 0.2797 -0.5456
vn 0.6534 -0.4639 0.5982
vn 0.9070 0.1232 -0.4026
vn 0.8191 -0.5729 -0.0292
vn 0.6995 -0.4267 0.5733
vn 0.9918 -0.0209 -0.1261
vn 0.8765 -0.0089 0.4814
vn 0.8130 -0.1058 -0.5725
vn 0.8109 0.0392 -0.5839
vn 0.5993 -0.1307 0.7898
vn 0.9996 -0.0165 0.0228
vn 0.9794 -0.2017 0.0069
vn 0.8188 -0.0546 0.5715
vn 0.7269 0.0636 -0.6837
vn 0.8202 0.0195 -0.5717
vn 0.8089 -0.1185 0.5759
vn 0.7737 -0.0592 0.6308
vn 0.5652 -0.0513 0.8234
vn 0.6935 0.3852 0.6089
vn 0.6600 0.4531 0.5992
vn 0.9521 0.0290 0.3045
vn 0.7817 0.2643 0.5649
vn 0.9670 0.1519 0.2046
vn 1.0000 -0.0000 -0.0000
vn 0.8507 0.2166 0.4789
vn 0.6627 -0.7485 0.0241
vn 0.3807 0.6924 0.6129
vn 0.6977 -0.2562 0.6690
vn -0.6796 -0.0085 -0.7335
vn -0.9941 -0.0760 -0.0771
vn -0.6305 -0.2139 -0.7461
vn -0.9963 -0.0104 -0.0855
vn -0.9966 0.0084 -0.0815
vn -0.6382 -0.0351 -0.7691
vn -0.9961 -0.0011 -0.0882
vn -0.5866 0.0330 -0.8092
vn -0.9941 0.0021 -0.1086
vn -0.6525 -0.0923 -0.7521
vn -0.9960 0.0003 -0.0892
vn -0.6933 0.0225 -0.7203
vn -0.9899 -0.0081 -0.1418
vn -0.6680 -0.0565 -0.7420
vn -1.0000 -0.0002 -0.0098
vn -0.6528 -0.0704 -0.7542
vn -0.9923 -0.0157 -0.1231
vn -0.9999 0.0146 -0.0058
vn -0.6322 -0.0110 -0.7747
vn -0.9955 -0.0133 -0.0940
vn -0.6427 -0.0039 -0.7661
vn -0.9953 0.0485 -0.0837
vn -0.9955 0.0636 -0.0697
vn -0.0065 -0.0015 -1.0000
vn -0.0131 0.0011 -0.9999
vn -0.0172 -0.0145 -0.9997
vn -0.7734 0.0056 -0.6339
vn -0.0074 0.0331 -0.9994
vn 0.6450 -0.0522 -0.7624
vn 0.7214 -0.0318 -0.6918
vn -0.0140 -0.0215 -0.9997
vn 0.6782 -0.2941 -0.6734
vn 0.7046 -0.0066 -0.7095
vn -0.7276 -0.0563 -0.6836
vn 0.0015 0.0291 -0.9996
vn 0.6933 0.0096 -0.7206
vn 0.9963 0.0029 -0.0860
vn 0.6785 0.0758 -0.7307
vn 0.9969 -0.0000 -0.0792
vn 0.9985 -0.0008 -0.0544
vn 0.9968 -0.0004 -0.0804
vn 0.9951 0.0058 -0.0990
vn 0.6955 0.0325 -0.7178
vn 0.9964 -0.0092 -0.0840
vn 0.9942 0.0014 -0.1072
vn 0.9968 -0.0003 -0.0799
vn 0.7078 0.0072 -0.7064
vn 0.9969 0.0005 -0.0787
vn 0.9987 0.0021 -0.0516
vn 0.9964 -0.0123 -0.0841
vn 0.9990 -0.0074 -0.0450
vn 0.9961 0.0427 -0.0766
vn 0.9946 0.1002 -0.0267
vn -0.0561 0.0021 -0.9984
vn -0.0571 -0.0017 -0.9984
vn -0.0232 -0.0296 -0.9993
vn 0.9965 -0.0559 -0.0617
vn 0.0184 0.0154 -0.9997
vn 0.0075 0.0014 -1.0000
vn 0.0013 -0.0026 -1.0000
vn 0.0022 -0.0285 -0.9996
vn -0.7328 -0.0308 -0.6797
vn -0.7579 0.0625 -0.6493
vn 0.0573 -0.4539 -0.8892
vn -0.7076 -0.2765 -0.6503
vn -0.0040 0.0876 -0.9961
vn -0.6757 0.2595 -0.6900
vn -0.6966 0.1740 -0.6960
vn -0.7754 -0.0695 0.6276
vn -0.8270 0.0227 0.5618
vn -0.8193 -0.0279 -0.5727
vn -0.9548 -0.2349 0.1819
vn -0.8191 -0.1042 0.5641
vn -0.8254 -0.0080 -0.5644
vn -0.7723 -0.0930 -0.6284
vn -0.8182 0.0143 0.5747
vn -0.8252 -0.0396 -0.5634
vn -0.7494 -0.0000 -0.6621
vn -0.8210 0.0409 0.5695
vn -0.8210 -0.0409 -0.5695
vn -0.7807 0.0411 -0.6236
vn -0.7334 -0.1055 0.6716
vn -0.8047 0.0744 -0.5890
vn -0.6604 -0.4534 0.5986
vn -0.4978 0.0039 0.8673
vn -0.6600 0.4560 0.5970
vn -1.0000 -0.0000 -0.0000
vn -0.8210 -0.0409 0.5695
vn -0.8099 -0.0000 0.5866
vn -0.9278 0.0650 -0.3675
vn -0.8204 -0.0000 0.5717
vn -0.6151 -0.1126 0.7803
vn -0.9350 -0.2563 -0.2452
vn -0.9933 -0.0612 -0.0977
vn -1.0000 -0.0030 0.0003
vn -0.5241 -0.1581 0.8369
vn -0.7856 0.2616 -0.5607
vn -0.8179 0.0665 -0.5715
vn -0.8188 -0.1074 0.5639
vn -0.8210 0.0409 -0.5695
vn -0.7777 -0.0330 0.6277
vn -0.8204 -0.0000 -0.5717
vn -0.7647 0.0169 0.6442
vn -0.8126 0.1508 -0.5630
vn -0.7693 -0.2965 0.5660
vn -0.8864 0.3764 -0.2696
vn -0.1415 0.3299 0.9334
vn -0.7916 -0.6102 -0.0312
vn -0.7723 0.0930 0.6285
vn -0.7773 0.0367 -0.6280
vn -0.7949 -0.0180 -0.6064
vn -0.3583 0.6546 -0.6657
vn -0.7041 0.0950 -0.7038
vn 0.3134 -0.9496 0.0113
vn -0.9818 -0.0000 -0.1898
vn -0.0051 -0.9999 -0.0089
vn 0.0052 0.9465 0.3226
vn -0.2983 0.9038 0.3070
vn -0.5370 -0.0000 0.8436
vn 0.2897 0.9067 -0.3064
vn 0.8436 -0.0000 -0.5370
vn -0.0000 -0.0000 -1.0000
vn 0.8436 -0.0000 0.5370
vn 0.5370 -0.0000 -0.8436
vn -0.8436 -0.0000 0.5370
vn 0.9735 -0.2091 0.0924
vn 0.9964 0.0017 0.0853
vn 0.9981 0.0306 0.0536
vn 0.9969 -0.0000 0.0792
vn 0.9986 0.0007 0.0529
vn 0.9969 0.0004 0.0781
vn 0.9987 0.0004 0.0515
vn 0.9984 -0.0073 0.0556
vn 0.9990 0.0031 0.0448
vn 0.9972 0.0013 0.0752
vn 0.9980 -0.0058 0.0627
vn 0.9998 -0.0097 0.0189
vn 0.9914 -0.0160 0.1302
vn 0.9999 0.0164 0.0042
vn 0.6929 -0.0012 0.7210
vn 0.9948 -0.0072 0.1019
vn 0.9986 -0.0308 0.0431
vn 0.7105 -0.0000 0.7037
vn 0.9871 0.1286 0.0948
vn 0.9974 0.0101 0.0709
vn 0.9976 0.0500 0.0482
vn -0.0056 0.0011 1.0000
vn -0.0023 0.0005 1.0000
vn 0.0186 -0.0169 0.9997
vn -0.6837 -0.0332 0.7290
vn -0.7265 -0.0124 0.6871
vn -0.6839 -0.0979 0.7230
vn 0.0081 0.0200 0.9998
vn -0.7064 0.0227 0.7075
vn -0.6484 -0.0052 0.7613
vn -0.0136 -0.0394 0.9991
vn -0.7211 -0.0275 0.6923
vn -0.6879 -0.0000 0.7258
vn -0.7000 0.0332 0.7134
vn -0.6267 -0.2487 0.7385
vn -0.6317 -0.4223 0.6500
vn -0.0000 -0.1719 0.9851
vn -0.0014 0.0266 0.9996
vn -0.7055 0.0021 0.7087
vn -0.0256 -0.0167 0.9995
vn -0.6881 -0.0093 0.7256
vn -0.0058 0.0175 0.9998
vn -0.6468 0.0197 0.7624
vn -0.6974 -0.0216 0.7163
vn -0.0000 0.1063 0.9943
vn -0.9965 0.0014 0.0841
vn -0.9969 -0.0000 0.0792
vn -0.9968 -0.0003 0.0800
vn -0.9981 -0.0151 0.0603
vn -0.9969 0.0081 0.0788
vn -0.7257 -0.0228 0.6876
vn -0.9908 -0.0130 0.1345
vn -0.6958 0.0313 0.7176
vn -0.9948 -0.0090 0.1016
vn -0.9974 0.0106 0.0707
vn -0.6472 0.1553 0.7463
vn 0.0613 0.0005 0.9981
vn 0.0731 0.0022 0.9973
vn 0.0254 -0.0306 0.9992
vn -0.0184 0.0161 0.9997
vn 0.0056 0.0011 1.0000
vn 0.0008 0.0028 1.0000
vn -0.6704 0.2684 0.6917
vn 0.7941 -0.0051 -0.6078
vn 0.8063 0.1389 -0.5750
vn 0.7960 -0.1794 0.5780
vn 0.9220 0.0307 0.3860
vn 0.8189 0.0395 -0.5726
vn 0.8240 -0.0790 0.5611
vn 0.6719 0.4515 0.5872
vn 0.9578 -0.2851 -0.0366
vn 0.4180 -0.0044 0.9084
vn 0.9871 -0.1540 -0.0438
vn 0.5859 0.5805 0.5654
vn 0.9949 -0.0942 -0.0366
vn -0.0000 0.7056 0.7086
vn 0.8848 0.0388 -0.4643
vn 0.9759 0.0181 -0.2174
vn 0.7885 0.2193 -0.5746
vn 0.8162 -0.0567 0.5750
vn 0.8547 0.2176 -0.4714
vn 0.8065 -0.1307 0.5766
vn 0.8192 0.2391 -0.5214
vn 0.7930 0.1946 -0.5772
vn 0.6235 -0.5237 0.5806
vn 0.8412 0.3638 -0.4001
vn 0.6910 -0.3917 0.6076
vn 0.6139 -0.7890 -0.0242
vn 0.6605 -0.4463 0.6038
vn 0.9159 -0.4008 -0.0205
vn 0.6653 -0.4593 0.5886
vn 0.8061 0.4182 -0.4187
vn 0.6689 -0.4428 0.5971
vn 0.9028 -0.2885 0.3190
vn 0.9781 -0.2079 -0.0070
vn 0.6627 -0.7485 -0.0241
vn 0.7086 -0.0432 0.7043
vn 0.7401 -0.0816 0.6675
vn 0.6942 -0.0423 0.7185
vn 0.4235 -0.0184 0.9057
vn 0.2780 0.6518 -0.7056
vn 0.7424 -0.1955 0.6408
vn 0.3887 -0.0948 0.9165
vn 0.6937 0.3865 0.6078
vn 0.6667 0.4428 0.5995
vn 0.7613 0.2779 0.5858
vn 0.6670 0.1692 -0.7256
vn 0.9674 -0.1346 0.2145
vn -0.6291 0.0012 -0.7773
vn -0.9938 -0.0774 -0.0804
vn -0.9798 -0.1984 -0.0263
vn -0.7016 0.0368 -0.7116
vn -0.9964 -0.0128 -0.0836
vn -0.9969 0.0123 -0.0774
vn -0.6521 -0.1057 -0.7507
vn -0.9962 0.0057 -0.0864
vn -0.7147 0.0147 -0.6992
vn -0.9952 0.0060 -0.0978
vn -0.6654 -0.0022 -0.7465
vn -0.9965 -0.0066 -0.0836
vn -0.6961 -0.0041 -0.7180
vn -0.9895 -0.0128 -0.1438
vn -0.6818 -0.0151 -0.7314
vn -0.6304 0.0053 -0.7762
vn -0.9908 -0.0144 -0.1348
vn -0.9998 0.0183 -0.0108
vn -0.6936 -0.0263 -0.7198
vn -0.6837 -0.0332 -0.7290
vn -0.6560 -0.0220 -0.7544
vn -0.9949 0.0334 -0.0956
vn -0.9982 -0.0001 -0.0598
vn -0.9958 0.0611 -0.0680
vn -0.0109 -0.0012 -0.9999
vn -0.0042 0.0054 -1.0000
vn -0.0164 -0.0146 -0.9998
vn 0.6243 -0.2632 -0.7355
vn -0.0000 -0.1359 -0.9907
vn 0.6976 -0.0031 -0.7165
vn 0.7065 -0.0128 -0.7076
vn 0.9963 0.0014 -0.0858
vn 0.7079 0.0023 -0.7063
vn 0.9968 -0.0000 -0.0802
vn 0.9985 0.0013 -0.0543
vn 0.9969 0.0006 -0.0784
vn 0.9986 0.0009 -0.0520
vn 0.9952 0.0051 -0.0980
vn 0.9969 -0.0003 -0.0785
vn 0.6500 -0.0188 -0.7597
vn 0.9949 -0.0056 -0.1009
vn 0.9966 -0.0050 -0.0828
vn 0.6805 0.0279 -0.7322
vn 0.9946 -0.0056 -0.1034
vn 0.9999 -0.0112 -0.0098
vn 0.9986 -0.0084 -0.0517
vn 0.9953 0.0310 -0.0919
vn 0.6933 0.1538 -0.7041
vn -0.0613 0.0005 -0.9981
vn -0.0731 0.0022 -0.9973
vn -0.0254 -0.0306 -0.9992
vn 0.0239 0.0185 -0.9995
vn -0.0056 0.0011 -1.0000
vn -0.0002 -0.0006 -1.0000
vn -0.7321 0.0040 -0.6812
vn -0.7367 0.0772 -0.6718
vn 0.0121 0.0436 -0.9990
vn -0.6994 -0.0388 -0.7137
vn 0.6317 -0.4223 -0.6500
vn -0.0000 -0.3125 -0.9499
vn 0.6757 0.2595 -0.6900
vn -0.0222 -0.0157 -0.9996
vn -0.3296 -0.7365 -0.5907
vn -0.8242 0.0367 0.5651
vn -0.8160 -0.1567 -0.5564
vn -0.7647 0.0169 -0.6442
vn -0.7796 -0.0000 -0.6263
vn -0.8196 -0.0246 0.5723
vn -0.8223 0.0313 -0.5681
vn -0.7119 0.0472 -0.7007
vn -0.8210 -0.0149 0.5708
vn -0.8221 -0.0037 -0.5694
vn -0.6741 -0.1006 -0.7317
vn -0.8126 0.1508 0.5630
vn -0.7693 -0.2965 -0.5660
vn -0.8121 0.1170 -0.5717
vn -0.8269 -0.0995 0.5535
vn -0.9999 0.0025 -0.0120
vn -0.8277 -0.1007 0.5521
vn -0.6132 0.6489 0.4504
vn -0.7796 -0.0000 0.6263
vn -0.7949 -0.0180 0.6064
vn -0.8031 0.0945 -0.5882
vn -0.6625 -0.1398 0.7359
vn -0.7941 0.0411 -0.6063
vn -0.7639 -0.0409 0.6440
vn -0.7494 -0.0000 0.6621
vn -0.7883 -0.2518 0.5613
vn -0.8196 0.0246 -0.5723
vn -0.8223 -0.0313 0.5681
vn -0.7647 -0.0169 0.6442
vn -0.5302 -0.1421 -0.8359
vn -0.3498 -0.7374 0.5778
vn -0.9863 0.0968 -0.1333
vn -0.8099 -0.0000 -0.5866
vn -0.7949 0.0180 -0.6064
vn 0.9757 -0.2038 0.0803
vn 0.9955 0.0059 0.0947
vn 0.9930 -0.1043 0.0555
vn 0.7056 -0.0353 0.7078
vn 0.9994 0.0345 0.0098
vn 0.6705 0.0956 0.7357
vn 0.9959 -0.0010 0.0901
vn 0.6949 -0.0284 0.7185
vn 0.9913 0.0198 0.1298
vn 0.7233 0.0517 0.6886
vn 0.9967 -0.0034 0.0816
vn 0.9998 -0.0171 0.0135
vn 0.6823 0.0453 0.7297
vn 0.7186 -0.0256 0.6949
vn 0.6749 0.0768 0.7339
vn 0.9911 -0.0252 0.1307
vn 0.9997 0.0244 0.0064
vn 0.5778 -0.0087 0.8161
vn 0.9942 -0.0034 0.1070
vn 0.6901 0.0033 0.7237
vn 0.6837 -0.0332 0.7290
vn 0.6204 0.1674 0.7662
vn 0.9976 0.0107 0.0684
vn 0.7047 -0.0108 0.7094
vn -0.0050 -0.0000 1.0000
vn -0.0032 -0.0018 1.0000
vn 0.0166 -0.0156 0.9997
vn 0.0148 -0.0404 0.9991
vn 0.0270 0.0049 0.9996
vn -0.6868 -0.0143 0.7267
vn 0.0017 -0.0225 0.9997
vn -0.7408 0.0337 0.6708
vn -0.6268 -0.2371 0.7422
vn -0.0000 -0.1701 0.9854
vn -0.7104 0.0007 0.7038
vn 0.7531 -0.0030 0.6579
vn -0.9956 0.0045 0.0934
vn -0.6655 0.0191 0.7462
vn -0.9967 0.0056 0.0809
vn -0.9986 -0.0088 0.0518
vn -0.9923 0.0109 0.1230
vn -0.9982 0.0080 0.0587
vn -0.9971 -0.0004 0.0763
vn -0.9998 0.0048 0.0170
vn -0.9980 -0.0081 0.0623
vn -0.9912 -0.0166 0.1315
vn -0.9948 -0.0069 0.1020
vn -0.7039 0.0215 0.7099
vn -0.9985 -0.0349 0.0419
vn -0.9974 0.0097 0.0714
vn -0.6706 0.1675 0.7226
vn 0.0540 0.0017 0.9985
vn 0.0601 0.0013 0.9982
vn 0.0254 -0.0310 0.9992
vn -0.9961 -0.0602 0.0650
vn -0.9998 -0.0164 0.0088
vn -0.0222 0.0168 0.9996
vn -0.0106 0.0004 0.9999
vn -0.0035 -0.0073 1.0000
vn 0.7480 0.0285 0.6631
vn -0.6626 0.2949 0.6885
vn -0.0024 -0.0304 0.9995
vn 0.0301 -0.0110 0.9995
vn 0.0280 -0.0075 0.9996
vn 0.6596 -0.2252 0.7171
vn 0.8137 0.1121 -0.5704
vn 0.7859 -0.2719 0.5554
vn 0.8040 0.1541 -0.5743
vn 0.8615 -0.0515 -0.5051
vn 0.9380 0.0241 0.3459
vn 0.6788 0.4173 -0.6042
vn 0.4157 -0.0491 -0.9082
vn 0.6778 -0.0535 0.7333
vn 0.8993 0.1267 -0.4185
vn 0.7845 -0.1105 0.6102
vn 0.6393 -0.4964 -0.5872
vn -0.0000 0.7056 -0.7086
vn 0.5859 0.5805 -0.5654
vn 0.6373 -0.4911 -0.5938
vn 0.5903 0.2167 -0.7775
vn 0.6306 0.4993 -0.5942
vn 0.6108 -0.5269 -0.5910
vn 0.9106 0.0303 -0.4123
vn 0.8123 -0.0982 0.5748
vn 0.9360 0.1021 -0.3368
vn 0.8175 -0.0318 0.5751
vn 0.9913 0.0045 -0.1312
vn 0.8049 0.1370 -0.5774
vn 0.8162 0.0017 0.5778
vn 0.9225 -0.3858 -0.0095
vn 0.7813 0.2074 -0.5887
vn 0.8188 -0.0455 0.5723
vn 0.8073 0.1373 -0.5739
vn 0.9274 0.0304 0.3729
vn 0.7980 0.2046 0.5669
vn 0.9176 0.1394 0.3722
vn 0.5209 -0.1136 -0.8460
vn 0.7047 -0.0083 0.7094
vn 0.9046 0.2335 0.3566
vn 0.4585 -0.0944 -0.8837
vn 0.9662 -0.1401 -0.2163
vn 0.9725 -0.0833 -0.2173
vn 0.9619 -0.2020 0.1840
vn 0.7917 -0.1796 0.5839
vn 0.9548 -0.2938 0.0445
vn 0.9078 0.0430 0.4172
vn 0.9532 0.0264 0.3011
vn 0.2652 0.6887 0.6748
vn 0.9867 0.1036 0.1252
vn 0.7408 -0.3435 -0.5772
vn 0.8832 -0.4681 0.0287
vn 0.7710 -0.6365 0.0195
vn -0.9987 0.0074 -0.0503
vn -0.9942 -0.0750 -0.0768
vn -0.9843 -0.1746 -0.0264
vn -0.9949 0.0050 -0.1003
vn -0.9977 -0.0054 -0.0675
vn -0.6875 0.0165 -0.7259
vn -0.7281 -0.0032 -0.6855
vn -0.9972 0.0006 -0.0753
vn -0.9918 0.0159 -0.1266
vn -0.9963 -0.0078 -0.0857
vn -0.9986 -0.0041 -0.0527
vn -0.7112 0.0120 -0.7029
vn -0.9895 -0.0105 -0.1444
vn -0.9989 -0.0001 -0.0469
vn -0.6956 0.0524 -0.7165
vn -0.9905 -0.0184 -0.1362
vn -0.9998 0.0174 -0.0076
vn -0.7182 -0.0182 -0.6956
vn -0.9999 0.0114 -0.0098
vn -0.6328 0.1924 -0.7500
vn -0.9973 0.0109 -0.0723
vn -0.9976 0.0496 -0.0482
vn -0.0123 0.0003 -0.9999
vn -0.0108 0.0022 -0.9999
vn -0.0156 -0.0137 -0.9998
vn 0.6867 -0.0097 -0.7268
vn 0.0181 -0.0594 -0.9981
vn 0.7153 0.0240 -0.6984
vn 0.6181 -0.2577 -0.7426
vn 0.0065 -0.0167 -0.9998
vn -0.0000 -0.1490 -0.9888
vn 0.6449 0.0164 -0.7641
vn 0.6926 -0.0296 -0.7207
vn 0.0128 -0.0470 -0.9988
vn 0.6864 0.0105 -0.7271
vn 0.7260 0.0183 -0.6874
vn 0.0401 -0.0327 -0.9987
vn 0.6388 -0.0293 -0.7688
vn 0.9968 -0.0183 -0.0776
vn 0.7735 0.0056 -0.6338
vn 0.9943 0.0132 -0.1057
vn 0.6887 0.0231 -0.7247
vn 0.9917 0.0159 -0.1273
vn 0.9968 -0.0012 -0.0800
vn 0.6383 -0.0095 -0.7697
vn 0.9944 -0.0137 -0.1049
vn 0.7551 -0.0480 -0.6538
vn 0.9959 0.0003 -0.0901
vn 0.9948 -0.0082 -0.1015
vn 0.6560 -0.0167 -0.7546
vn 0.9975 0.0099 -0.0695
vn 0.6524 0.1341 -0.7459
vn -0.0597 0.0002 -0.9982
vn -0.0786 0.0044 -0.9969
vn 0.9964 -0.0571 -0.0623
vn 0.9985 -0.0043 -0.0549
vn 0.0229 0.0176 -0.9996
vn -0.0073 0.0006 -1.0000
vn 0.0047 0.0008 -1.0000
vn 0.6704 0.2683 -0.6917
vn -0.7783 -0.0584 -0.6252
vn -0.8196 0.0246 0.5723
vn -0.8223 -0.0313 -0.5681
vn -0.7647 -0.0169 -0.6442
vn -0.8193 -0.0120 0.5733
vn -0.8250 0.0183 -0.5648
vn -0.7743 -0.0818 0.6275
vn -0.8240 -0.0288 0.5659
vn -0.8197 0.0386 -0.5715
vn -0.7767 -0.0758 -0.6252
vn -0.8180 0.0428 0.5736
vn -0.8227 -0.0410 -0.5671
vn -0.4209 -0.7175 0.5550
vn -0.8220 -0.0843 0.5633
vn -0.8192 -0.1274 -0.5592
vn -0.7743 0.0818 -0.6275
vn -0.7949 0.0180 0.6064
vn -0.6781 -0.0408 -0.7338
vn -0.8192 -0.0634 0.5700
vn -0.7808 -0.0802 0.6196
vn -0.8194 -0.0000 -0.5733
vn -0.8253 -0.0000 0.5647
vn -0.8190 -0.0048 -0.5737
vn -0.7652 -0.0021 0.6438
vn -0.8243 0.0494 0.5640
vn -0.8214 0.0751 -0.5653
vn -0.7791 -0.2475 -0.5760
vn -0.8187 0.0782 0.5689
vn -0.9859 0.0990 -0.1347
vn -0.7783 0.0584 0.6252
vn -0.7681 0.1039 0.6318
vn -0.7929 0.0401 -0.6081
vn 0.7072 0.0848 0.7019
vn 0.9942 -0.0856 0.0654
vn 0.6769 -0.2366 0.6970
vn 0.7100 -0.0521 0.7023
vn 0.9965 0.0113 0.0823
vn 0.6234 0.0078 0.7819
vn 0.6845 0.0157 0.7289
vn 0.9936 0.0102 0.1124
vn 0.9981 -0.0150 0.0597
vn 0.9987 -0.0098 0.0502
vn 0.5819 -0.0191 0.8130
vn 0.9965 0.0002 0.0842
vn 0.6435 0.0309 0.7649
vn 0.7381 -0.0336 0.6738
vn 0.6845 -0.0172 0.7288
vn 0.9981 0.0148 0.0594
vn 0.7311 0.0356 0.6814
vn 0.6437 0.0027 0.7653
vn 0.9968 0.0019 0.0800
vn 0.6944 0.0092 0.7196
vn 0.9929 -0.0183 0.1172
vn 0.9983 0.0040 0.0580
vn 0.6483 0.1553 0.7453
vn 0.6947 -0.0669 0.7162
vn 0.9975 0.0508 0.0492
vn 0.0129 0.0019 0.9999
vn 0.0065 0.0043 1.0000
vn 0.0182 -0.0157 0.9997
vn -0.7103 0.0156 0.7037
vn -0.7090 -0.0013 0.7052
vn 0.7040 0.0221 0.7098
vn -0.6896 0.0001 0.7242
vn 0.7359 -0.0152 0.6769
vn -0.9940 -0.0869 0.0664
vn -0.9852 -0.1695 0.0264
vn -0.9962 0.0135 0.0855
vn -0.6650 0.0359 0.7460
vn -0.9939 0.0105 0.1094
vn -0.9975 -0.0025 0.0700
vn -0.9983 -0.0091 0.0584
vn -0.9973 0.0003 0.0737
vn -0.7011 0.0216 0.7127
vn -0.9990 -0.0052 0.0443
vn -0.9985 0.0069 0.0544
vn -0.9985 -0.0118 0.0536
vn -0.9967 0.0009 0.0813
vn -0.9927 -0.0162 0.1196
vn -0.7152 -0.0043 0.6989
vn -0.9892 0.1215 0.0814
vn 0.0619 -0.0000 0.9981
vn 0.0192 -0.0251 0.9995
vn -0.9938 -0.0693 0.0865
vn -0.9989 -0.0091 0.0457
vn -0.0210 0.0175 0.9996
vn 0.0050 -0.0000 1.0000
vn 0.0031 0.0017 1.0000
vn -0.0017 -0.0219 0.9998
vn 0.7414 0.0464 0.6694
vn 0.6397 -0.3998 0.6564
vn -0.0000 0.1051 0.9945
vn 0.6704 0.2684 0.6917
vn -0.0000 -0.2054 0.9787
vn 0.0407 -0.0646 0.9971
vn 0.7966 -0.1887 -0.5743
vn 0.6790 0.4187 0.6030
vn 0.6833 -0.4087 0.6051
vn 0.7028 -0.2340 -0.6718
vn 0.9461 -0.2362 0.2218
vn 0.9246 -0.2291 -0.3045
vn 0.8083 -0.1788 0.5610
vn 0.8107 0.1049 0.5760
vn 0.5714 0.0091 0.8206
vn 0.7987 0.1929 0.5700
vn 0.9368 -0.2044 -0.2841
vn 0.5665 0.0525 0.8224
vn 0.8877 0.0704 -0.4549
vn 0.7460 0.3693 -0.5541
vn 0.6937 -0.3865 0.6078
vn 0.5646 -0.8250 -0.0253
vn 0.6305 -0.4992 0.5944
vn 0.8793 0.1158 -0.4619
vn 0.7641 -0.6448 -0.0198
vn 0.7194 -0.3963 0.5704
vn 0.8463 0.3609 -0.3919
vn 0.9874 -0.0399 -0.1529
vn 0.7171 0.1841 0.6722
vn 0.8009 0.1863 0.5691
vn 0.6912 -0.2125 -0.6907
vn 0.8123 0.1282 0.5690
vn 1.0000 -0.0016 0.0079
vn 0.8169 -0.0565 0.5740
vn 0.7894 -0.2063 -0.5781
vn 0.8168 0.0371 0.5758
vn 0.6804 0.0906 0.7272
vn 0.8071 -0.1394 -0.5737
vn 0.7482 -0.1322 -0.6501
vn 0.7978 -0.1990 -0.5692
vn 0.7787 -0.2802 -0.5613
vn 0.7833 -0.2695 -0.5602
vn 0.7787 0.0233 0.6270
vn 0.4898 -0.0776 0.8684
vn 0.6835 0.4102 0.6038
vn 0.4089 -0.0648 0.9103
vn 0.9716 0.1372 0.1929
vn 0.7543 -0.0894 -0.6504
vn -0.9988 0.0101 -0.0483
vn -0.9942 -0.0749 -0.0767
vn -0.9849 -0.1712 -0.0264
vn -0.9950 0.0042 -0.1002
vn -0.9978 -0.0046 -0.0663
vn -0.7077 -0.0135 -0.7064
vn -0.9998 0.0164 -0.0087
vn -0.6777 -0.0055 -0.7354
vn -0.9916 0.0161 -0.1286
vn -0.9971 -0.0009 -0.0758
vn -0.9998 -0.0170 -0.0132
vn -0.6975 0.0115 -0.7165
vn -0.7280 0.0110 -0.6855
vn -0.9973 0.0014 -0.0730
vn -0.9984 0.0082 -0.0568
vn -0.9929 -0.0162 -0.1178
vn -0.9990 0.0096 -0.0444
vn -0.9992 0.0218 -0.0342
vn -0.9954 -0.0080 -0.0955
vn -0.6483 0.1553 -0.7453
vn -0.7018 -0.1071 -0.7043
vn -0.9974 0.0516 -0.0495
vn -0.0129 0.0019 -0.9999
vn -0.0065 0.0043 -1.0000
vn -0.0182 -0.0157 -0.9997
vn 0.6468 -0.0510 -0.7609
vn -0.0044 0.0154 -0.9999
vn 0.7426 -0.0015 -0.6697
vn 0.6573 -0.0445 -0.7523
vn 0.6682 -0.0813 -0.7395
vn 0.6646 -0.0360 -0.7464
vn 0.6735 -0.0937 -0.7332
vn 0.6349 0.0499 -0.7710
vn 0.7045 0.0745 -0.7058
vn 0.6761 -0.2606 -0.6892
vn 0.6397 -0.3998 -0.6564
vn -0.6704 0.2683 -0.6917
vn 0.0041 0.1246 -0.9922
vn 0.0333 -0.0117 -0.9994
vn -0.0000 -0.1285 -0.9917
vn 0.7108 -0.0146 -0.7032
vn 0.0211 -0.0524 -0.9984
vn 0.7027 0.0202 -0.7112
vn 0.0015 0.0298 -0.9996
vn 0.6940 0.0125 -0.7199
vn -0.7018 -0.0358 -0.7115
vn 0.9940 -0.0764 -0.0780
vn 0.9948 0.0062 -0.1014
vn 0.9923 0.0188 -0.1224
vn 0.9969 0.0065 -0.0782
vn 0.6823 0.0427 -0.7298
vn 0.9906 -0.0160 -0.1360
vn 0.9961 0.0009 -0.0888
vn 0.9952 -0.0070 -0.0976
vn 0.7331 -0.0248 -0.6797
vn 0.9886 0.1258 -0.0833
vn -0.0552 0.0028 -0.9985
vn -0.0513 -0.0023 -0.9987
vn -0.0254 -0.0307 -0.9992
vn 0.9944 -0.0659 -0.0832
vn 0.9997 -0.0239 -0.0097
vn 0.0222 0.0168 -0.9996
vn 0.0112 0.0020 -0.9999
vn 0.0035 -0.0073 -1.0000
vn -0.8186 -0.1025 0.5652
vn -0.7562 0.3214 -0.5699
vn -0.9090 -0.2733 -0.3148
vn -0.7946 -0.1821 0.5791
vn -0.6534 0.4639 -0.5982
vn -0.6600 -0.4561 -0.5970
vn -0.5819 0.1140 -0.8052
vn -0.8791 0.0390 -0.4750
vn -0.8199 0.0118 0.5723
vn -0.8228 -0.0142 -0.5682
vn -0.9489 -0.2466 0.1971
vn -0.8202 -0.0900 0.5649
vn -0.7936 0.1990 0.5750
vn -0.8499 0.1809 0.4949
vn -0.7595 -0.0757 -0.6461
vn -0.8100 -0.1026 -0.5774
vn -0.9233 0.1111 0.3675
vn -0.8103 -0.1007 -0.5773
vn -0.7900 0.2217 0.5717
vn -0.6865 -0.0769 0.7230
vn -0.7119 -0.0472 -0.7007
vn -0.8241 -0.0484 0.5643
vn -0.8060 0.0577 -0.5891
vn -0.7449 -0.0587 0.6646
vn -0.8005 -0.0504 -0.5972
vn -0.6404 0.1434 0.7546
vn -0.9484 0.2470 -0.1988
vn -0.9682 0.1543 0.1971
vn -0.9106 0.1830 0.3707
vn -0.8182 0.0665 -0.5711
vn -0.7468 -0.3047 0.5911
vn -0.8190 0.0529 -0.5713
vn -0.8203 -0.0404 -0.5706
vn -0.8199 0.0849 0.5661
vn -0.7666 -0.0808 -0.6371
vn -0.7397 -0.0075 0.6729
vn -0.9787 -0.1066 -0.1756
vn -0.0048 -0.9474 -0.3201
vn -0.0052 0.9469 0.3216
vn -0.3134 -0.9496 0.0102
vn 0.8436 -0.0000 0.5369
vn 0.3043 0.9525 -0.0085
vn -0.8436 -0.0000 0.5369
vn -0.0137 0.7113 -0.7027
vn -0.7071 -0.0000 -0.7071
vn -0.3185 -0.3024 -0.8984
vn 0.3423 -0.8805 0.3279
vn 0.5907 0.1260 0.7970
vn 0.7071 0.0106 0.7071
vn -0.7028 0.0194 0.7112
vn -0.3488 -0.8762 0.3325
vn -0.4816 -0.8759 0.0289
vn -0.6526 0.1253 0.7472
vn -0.7841 0.0098 0.6206
vn 0.4831 -0.8751 -0.0289
vn 0.7790 -0.0066 0.6269
vn 0.4720 -0.8811 0.0280
vn -0.3688 -0.8617 -0.3485
vn -0.6611 0.1274 -0.7394
vn -0.7148 0.0505 -0.6975
vn 0.7419 -0.0189 -0.6702
vn 0.3382 -0.8919 -0.3003
vn 0.6796 0.1219 -0.7234
vn 0.7725 0.0134 -0.6349
vn -0.7071 -0.0000 0.7071
vn -0.4727 -0.8808 -0.0277
vn -0.3213 -0.3024 0.8974
vn 0.0105 0.7119 0.7022
vn 0.7071 -0.0000 0.7071
vn 0.3365 -0.3024 0.8918
vn 0.0224 0.7139 -0.6999
vn 0.7071 -0.0000 -0.7071
vn 0.3121 -0.3027 -0.9005
vn -0.0122 0.7111 0.7030
vn -0.3623 0.7943 -0.4877
vn -0.7341 -0.0478 -0.6773
vn -0.3877 -0.8500 -0.3567
vn -0.6889 0.0372 -0.7239
vn -0.6934 0.0249 0.7201
vn 0.3575 -0.8634 0.3560
vn 0.3568 0.7919 0.4955
vn 0.7103 -0.0083 0.7039
vn -0.3505 -0.8711 0.3442
vn -0.4407 0.8050 0.3972
vn 0.3835 -0.8531 -0.3538
vn 0.6907 0.0313 -0.7225
vn 0.3753 -0.8605 0.3445
vn -0.4395 -0.8105 -0.3873
vn -0.7145 0.0543 -0.6975
vn 0.3775 0.8359 -0.3984
vn -0.5456 0.4482 0.7081
vn -0.9751 -0.2204 0.0226
vn -0.6512 -0.2183 0.7268
vn -0.9835 -0.1286 -0.1274
vn 0.7341 -0.0478 0.6773
vn 0.9835 -0.1286 0.1274
vn 0.7341 -0.0478 -0.6774
vn -0.0000 -0.1924 -0.9813
vn 0.5800 0.4420 -0.6843
vn 0.9748 -0.2224 -0.0196
vn 0.9800 -0.1989 -0.0000
vn -0.7483 -0.0820 -0.6583
vn -0.0916 -0.1742 0.9804
vn -0.3808 0.8337 -0.3999
vn -0.3675 -0.8655 -0.3403
vn -0.6796 0.0173 -0.7334
vn -0.6943 0.0377 0.7187
vn 0.7102 -0.0083 0.7039
vn -0.3643 -0.8602 0.3567
vn -0.4375 0.8049 0.4008
vn 0.3575 -0.8657 -0.3502
vn 0.6857 0.0238 0.7275
vn 0.3743 -0.8607 0.3452
vn -0.7718 0.6344 -0.0427
vn 0.7178 -0.0103 -0.6962
vn 0.3622 -0.9298 -0.0646
vn 0.4148 0.7561 -0.5062
vn 0.6961 0.0310 -0.7173
vn -0.9750 -0.2210 -0.0224
vn 0.1507 -0.1254 -0.9806
vn 0.1341 -0.1116 -0.9847
vn 0.2583 -0.2150 -0.9418
vn 0.0916 -0.1742 -0.9804
vn 0.9831 -0.1300 -0.1288
vn -0.3996 0.7758 -0.4884
vn -0.6891 -0.1728 -0.7038
vn -0.3593 -0.8632 -0.3547
vn -0.6889 0.0368 -0.7239
vn -0.7028 0.0296 0.7108
vn 0.3346 -0.8656 0.3724
vn 0.3569 0.7930 0.4937
vn 0.7257 0.0154 0.6879
vn -0.3608 -0.8671 0.3435
vn -0.4364 0.7382 0.5143
vn 0.3774 -0.8490 -0.3698
vn 0.6577 0.0017 0.7532
vn 0.3504 -0.8773 0.3279
vn -0.4021 -0.8302 -0.3862
vn -0.7156 0.0542 -0.6964
vn 0.4362 0.8049 -0.4022
vn 0.6928 0.0508 -0.7194
vn -0.3361 -0.8600 0.3840
vn -0.9825 -0.1324 0.1312
vn 0.5593 0.4187 -0.7154
vn 0.9747 -0.2227 -0.0198
vn 0.6492 -0.2238 -0.7269
vn -0.1047 -0.1991 0.9744
vn -0.6972 0.0230 -0.7166
vn -0.7073 0.0468 0.7054
vn -0.7543 0.0841 -0.6511
vn 0.0653 -0.9961 0.0595
vn 0.7057 0.0907 0.7027
vn 0.0502 -0.9973 0.0544
vn 0.0540 0.9965 0.0637
vn -0.6971 0.0256 0.7166
vn -0.0617 -0.9973 0.0404
vn -0.6114 0.0964 0.7854
vn -0.0579 -0.9966 0.0579
vn -0.0872 -0.9929 0.0810
vn 0.0749 -0.9948 -0.0688
vn 0.7121 0.0377 -0.7011
vn -0.3970 -0.8483 -0.3504
vn -0.7014 0.0558 -0.7106
vn -0.0499 -0.9975 -0.0508
vn -0.0523 -0.9973 -0.0523
vn 0.6395 0.3994 -0.6569
vn 0.7664 0.1110 -0.6327
vn 0.0588 -0.9966 -0.0571
vn 0.9918 -0.0986 -0.0814
vn 0.9921 -0.0861 -0.0915
vn 0.9872 -0.0000 -0.1596
vn 0.9902 -0.0994 0.0985
vn 0.6938 -0.1690 -0.7001
vn -0.1337 -0.1113 0.9848
vn -0.1204 -0.1002 0.9877
vn -0.2327 -0.1937 0.9531
vn -0.7320 -0.0694 0.6777
vn -0.7318 -0.0727 -0.6777
vn -0.6583 -0.3969 0.6396
vn 0.4349 0.7851 -0.4410
vn 0.7167 -0.3859 -0.5809
vn 0.6236 0.4836 -0.6142
vn 0.5082 0.7142 -0.4813
vn 0.7008 -0.1461 -0.6982
vn -0.7637 -0.0228 -0.6451
vn -0.4600 0.8338 -0.3053
vn -0.6056 0.4820 -0.6332
vn -0.5543 -0.3721 -0.7445
vn 0.4004 0.8271 0.3945
vn 0.7284 -0.0795 0.6805
vn 0.7064 -0.0687 -0.7045
vn -0.4479 0.7558 0.4776
vn -0.6987 -0.0826 0.7106
vn -0.3951 0.8295 0.3947
vn -0.6299 0.4711 0.6175
vn 0.5988 0.4932 0.6311
vn 0.6274 -0.3881 0.6750
vn 0.4967 0.7436 0.4476
vn 0.7014 -0.1207 0.7024
vn -0.4164 0.8137 -0.4055
vn 0.2483 0.9254 -0.2862
vn -0.4417 0.7745 -0.4529
vn 0.3260 0.8905 0.3174
vn 0.3200 0.8668 -0.3824
vn -0.0935 0.9955 0.0133
vn 0.4404 0.8943 0.0796
vn -0.0049 0.9762 -0.2166
vn -0.0686 0.9965 -0.0485
vn -0.2971 0.9074 -0.2973
vn 0.0029 0.9836 0.1801
vn 0.0589 0.9779 0.2006
vn -0.0002 0.7674 -0.6412
vn 0.4597 0.7685 -0.4450
vn -0.3105 0.9073 0.2835
vn -0.4427 0.8925 -0.0862
vn 0.3606 0.8193 0.4459
vn -0.3630 0.8855 -0.2899
vn 0.4267 0.7824 0.4537
vn -0.1865 0.9817 0.0382
vn -0.3404 0.8717 0.3525
vn 0.2942 0.9544 -0.0509
vn -0.0116 0.9633 0.2680
vn -0.4602 0.7746 0.4338
vn -0.4262 -0.7420 0.5174
vn 0.1031 0.9273 -0.3599
vn -0.3160 0.8911 0.3258
vn -0.6770 -0.0076 0.7360
vn -0.7031 -0.0471 -0.7095
vn 0.3418 0.8775 -0.3363
vn 0.3686 -0.7725 -0.5171
vn 0.7108 0.0081 -0.7033
vn -0.0234 -0.9991 -0.0342
vn -0.5834 -0.0925 -0.8069
vn -0.0475 0.9965 -0.0683
vn -0.0855 0.9929 -0.0822
vn 0.3609 0.8695 0.3373
vn 0.6856 -0.0238 -0.7276
vn 0.3536 0.8760 -0.3281
vn -0.3492 0.8744 0.3370
vn -0.7181 0.0113 0.6959
vn 0.3972 -0.8384 0.3733
vn 0.6914 -0.0306 0.7218
vn -0.9824 0.1480 0.1140
vn -0.1687 0.9617 -0.2160
vn -0.6494 0.3726 -0.6629
vn -0.2956 0.8912 0.3440
vn -0.7070 0.1041 -0.6995
vn -0.2606 0.9110 -0.3197
vn -0.0000 0.0569 -0.9984
vn 0.4329 0.8789 -0.2003
vn 0.4313 0.8792 0.2024
vn -0.2935 0.8168 -0.4967
vn -0.0000 0.5048 -0.8632
vn 0.1264 0.9180 0.3758
vn 0.7871 -0.6167 -0.0101
vn -0.0000 0.4295 0.9031
vn -0.5563 0.6173 -0.5563
vn -0.5821 0.6306 0.5134
vn -0.7119 0.6692 -0.2131
vn -0.0000 0.8303 -0.5573
vn -0.1875 0.9735 0.1308
vn -0.1411 0.8408 -0.5227
vn -0.0000 0.8263 0.5633
vn 0.5439 0.6271 -0.5577
vn 0.1063 0.9161 -0.3867
vn 0.9657 0.2218 -0.1349
vn -0.2230 0.8591 0.4607
vn 0.1388 0.9881 0.0663
vn 0.2943 0.9169 -0.2697
vn -0.5563 0.6173 0.5563
vn -0.4194 -0.8073 0.4151
vn -0.4549 0.8729 0.1763
vn -0.3754 0.8664 0.3294
vn -0.6956 -0.0346 0.7176
vn -0.6855 -0.0315 -0.7274
vn 0.3890 0.8498 -0.3558
vn 0.3483 -0.7958 -0.4954
vn 0.7026 -0.0285 -0.7110
vn 0.0462 0.9975 -0.0543
vn 0.6727 -0.0250 -0.7395
vn 0.0729 0.9949 0.0702
vn 0.3909 0.8582 0.3327
vn 0.6943 -0.0999 0.7127
vn 0.0579 0.9966 0.0579
vn -0.5531 -0.3839 0.7394
vn 0.7026 -0.0576 0.7092
vn -0.0596 0.9960 -0.0658
vn 0.7085 -0.0385 0.7046
vn -0.7747 -0.6298 -0.0556
vn 0.1777 0.9316 0.3172
vn -0.3957 0.9184 -0.0000
vn 0.2860 0.9582 -0.0085
vn -0.7276 0.0819 -0.6811
vn -0.4053 0.8865 -0.2231
vn -0.3683 -0.8292 -0.4205
vn 0.0774 0.1429 -0.9867
vn 0.4894 0.8501 -0.1942
vn -0.1132 0.9199 0.3754
vn 0.7206 0.1005 -0.6860
vn 0.2972 0.9072 0.2978
vn 0.7042 0.0777 0.7058
vn -0.1801 0.9590 0.2189
vn -0.0000 0.0569 0.9984
vn -0.0000 0.3762 -0.9266
vn 0.3918 0.8939 -0.2177
vn 0.9982 0.0561 -0.0187
vn 0.2414 0.8458 0.4757
vn -0.5569 0.6067 0.5672
vn -0.7093 0.6999 -0.0841
vn -0.7125 0.6684 -0.2133
vn -0.0000 0.0763 -0.9971
vn 0.0279 0.9869 0.1588
vn -0.1334 0.8399 -0.5260
vn -0.1284 0.9509 -0.2818
vn 0.0512 0.0708 0.9962
vn 0.0095 0.0965 0.9953
vn 0.5585 0.6152 -0.5564
vn -0.0000 0.9364 -0.3508
vn 0.9669 0.2251 -0.1206
vn 0.1546 0.9860 0.0629
vn -0.0072 0.9461 0.3238
vn -0.3781 -0.7762 0.5045
vn -0.4311 0.8805 0.1973
vn -0.3529 0.8766 0.3271
vn -0.6856 -0.0238 0.7275
vn -0.6959 -0.0310 -0.7175
vn 0.0257 0.9990 -0.0372
vn 0.6637 -0.0118 -0.7479
vn 0.3834 -0.9232 -0.0272
vn 0.7885 -0.6130 -0.0499
vn -0.7118 -0.0272 -0.7018
vn -0.3717 0.8600 -0.3495
vn -0.3408 0.8790 -0.3334
vn -0.4215 -0.7399 -0.5242
vn 0.3653 0.8659 0.3417
vn -0.3949 0.8430 0.3653
vn -0.7211 -0.0546 0.6907
vn 0.3935 -0.8188 0.4181
vn 0.6885 -0.0364 0.7244
vn 0.3458 0.7985 -0.4928
vn -0.3283 0.9064 -0.2657
vn 0.2485 0.9557 0.1578
vn 0.7266 0.0647 -0.6840
vn 0.4315 0.8802 0.1976
vn -0.2267 0.9202 -0.3190
vn -0.0000 0.4805 -0.8770
vn 0.0139 0.1496 -0.9886
vn 0.4106 0.8795 -0.2408
vn 0.5585 -0.3888 0.7327
vn -0.1641 0.9722 0.1673
vn 0.1326 0.9158 0.3792
vn -0.3559 0.7427 -0.5673
vn -0.2314 0.2154 -0.9487
vn -0.1048 0.5557 0.8248
vn -0.3198 0.9044 -0.2826
vn -0.7039 0.7056 -0.0813
vn -0.7114 0.6697 -0.2129
vn -0.0000 0.8298 -0.5581
vn -0.1346 0.8364 -0.5313
vn -0.5475 0.6244 0.5571
vn -0.5591 0.6151 -0.5559
vn 0.0171 0.0829 0.9964
vn -0.2487 0.8769 0.4114
vn 0.9681 0.2214 -0.1176
vn 0.1627 0.9849 0.0597
vn -0.0137 0.4262 0.9045
vn -0.3711 -0.7744 0.5125
vn -0.4297 0.8802 0.2015
vn -0.6857 -0.0238 0.7275
vn -0.6962 -0.0310 -0.7172
vn -0.3403 0.8792 -0.3334
vn -0.4463 -0.7906 -0.4193
vn -0.3996 0.8223 -0.4051
vn 0.5890 -0.3774 -0.7146
vn -0.7318 -0.0546 -0.6794
vn 0.3659 0.8650 0.3433
vn 0.6751 -0.0101 -0.7377
vn 0.3388 0.8858 -0.3170
vn -0.3498 0.8745 0.3360
vn -0.7169 0.0084 0.6971
vn 0.3913 -0.8185 0.4207
vn 0.6866 -0.0362 0.7261
vn -0.1704 0.8645 -0.4729
vn 0.4034 -0.8360 -0.3719
vn 0.4430 0.8734 -0.2022
vn 0.4325 0.8790 0.2005
vn 0.0975 0.9554 -0.2786
vn -0.3264 0.9027 -0.2802
vn 0.7786 -0.6261 0.0436
vn -0.1636 0.9715 0.1717
vn 0.1363 0.9145 0.3809
vn -0.1111 0.5821 0.8055
vn -0.3179 0.9035 -0.2875
vn -0.7257 0.2099 0.6552
vn -0.8824 0.3894 -0.2641
vn -0.5543 0.6183 0.5571
vn 0.0031 0.9438 0.3306
vn 0.5549 0.6162 0.5589
vn 0.5591 0.6151 -0.5559
vn 0.3842 0.8781 -0.2852
vn 0.5750 0.6372 0.5132
vn -0.0137 0.5277 0.8493
vn -0.7662 0.6425 0.0017
vn -0.9850 0.0918 0.1461
vn -0.9848 0.0932 -0.1464
vn -0.7946 -0.6072 -0.0037
vn -0.9860 -0.0920 0.1394
vn -0.0000 -0.0000 -0.0000
vn -0.9864 -0.0886 -0.1383
vn -0.9849 -0.0945 0.1448
vn -0.7848 -0.6182 0.0446
vn -0.8267 -0.5627 0.0042
vn -0.7972 0.6014 0.0533
vn -0.9849 0.0940 0.1452
vn -0.9855 -0.0912 -0.1431
vn -0.7630 -0.6443 -0.0521
vn -0.9851 0.0941 -0.1437
vn -0.7587 0.6514 -0.0007
vn -0.7883 0.6129 -0.0535
vn -0.7807 -0.6229 -0.0495
vn -0.9850 -0.0947 0.1444
vn -0.8211 -0.5707 0.0042
vn -0.7972 0.6014 -0.0533
vn -0.9850 0.0942 -0.1448
vn -0.9851 -0.0934 -0.1444
vn -0.7587 0.6514 0.0007
vn -0.9850 0.0935 0.1448
vn -0.7785 -0.6260 0.0447
vn -0.7883 0.6129 0.0535
vn 0.9863 -0.0899 0.1383
vn 0.9861 -0.0907 -0.1395
vn 0.7946 -0.6072 0.0031
vn 0.9851 0.0922 0.1454
vn 0.7662 0.6425 0.0017
vn 0.9848 0.0928 -0.1471
vn 0.9853 0.0916 0.1440
vn 0.7614 0.6461 0.0538
vn 0.9850 0.0947 -0.1441
vn 0.7846 -0.6184 0.0442
vn 0.9848 -0.0964 0.1447
vn 0.8267 -0.5627 0.0042
vn 0.9856 -0.0905 -0.1431
vn 0.7631 -0.6442 -0.0523
vn 0.8055 0.5902 -0.0531
vn 0.7614 0.6461 -0.0538
vn 0.9853 0.0916 -0.1440
vn 0.9850 0.0947 0.1441
vn 0.9848 -0.0964 -0.1447
vn 0.7846 -0.6184 -0.0442
vn 0.8267 -0.5627 -0.0042
vn 0.9856 -0.0905 0.1431
vn 0.7631 -0.6442 0.0523
vn 0.8055 0.5902 0.0531
vn 0.9995 0.0304 0.0079
vn 0.6061 0.4748 0.6382
vn 0.9955 0.0938 -0.0121
vn 0.0079 0.0304 -0.9995
vn 0.6382 0.4748 -0.6061
vn -0.0121 0.0938 -0.9955
vn -0.0079 0.0304 0.9995
vn -0.6382 0.4748 0.6061
vn 0.0121 0.0938 0.9955
vn -0.9995 0.0304 -0.0079
vn -0.6061 0.4748 -0.6382
vn -0.9955 0.0938 0.0121
vn -0.0000 1.0000 -0.0000
vn 0.9993 0.0366 0.0028
vn 0.6178 0.4939 0.6119
vn 0.9965 0.0826 -0.0121
vn 0.0076 0.0318 0.9995
vn -0.0119 0.0930 0.9956
vn -0.6307 0.4765 -0.6125
vn -0.0027 0.0366 -0.9993
vn 0.0122 0.0832 -0.9965
vn -0.6089 0.4749 0.6354
vn -0.9993 0.0376 0.0026
vn -0.9964 0.0839 -0.0121
vn 0.0022 1.0000 -0.0016
vn -0.0048 0.3418 -0.9397
vn 0.9398 0.3417 0.0048
vn -0.9256 0.3785 -0.0014
vn -0.9995 0.0303 0.0078
vn -0.9955 0.0937 -0.0121
vn -0.6382 0.4751 -0.6058
vn -0.0079 0.0304 -0.9995
vn 0.0121 0.0938 -0.9955
vn 0.6350 0.4753 0.6089
vn 0.0029 0.0370 0.9993
vn -0.0121 0.0839 0.9964
vn 0.6060 0.4745 -0.6384
vn 0.9995 0.0318 -0.0075
vn 0.9955 0.0938 0.0121
vn -0.0022 1.0000 -0.0000
vn 0.0046 0.3349 0.9423
vn 0.0009 1.0000 0.0003
vn -0.0000 -1.0000 -0.0000
vn 0.6907 0.2223 0.6882
vn 0.5838 0.5679 -0.5802
vn -0.5818 0.5692 0.5810
vn 0.6104 -0.0379 -0.7912
vn -0.5877 0.5510 -0.5925
vn -0.5050 -0.6305 0.5895
vn -0.7049 -0.7093 -0.0000
vn 0.1822 -0.9670 0.1783
vn 0.0018 -0.0321 -0.9995
vn 0.3003 0.7544 -0.5837
vn -0.0505 0.2220 0.9737
vn 0.3105 0.7844 0.5369
vn -0.0744 -0.9618 0.2635
vn -0.7715 -0.4174 0.4802
vn 0.0700 0.9571 -0.2811
vn -0.2548 -0.4882 -0.8347
vn 0.6854 -0.5311 0.4982
vn -0.3996 0.3026 0.8653
vn -0.3218 -0.9450 0.0589
vn 0.6992 -0.4909 -0.5197
vn 0.3081 -0.7960 0.5210
vn 0.1677 -0.2275 0.9592
vn 0.2039 0.9210 -0.3319
vn 0.5620 0.2901 0.7746
vn -0.7388 -0.3252 -0.5902
vn -0.7745 -0.2991 0.5574
vn 0.0901 -0.9289 0.3593
vn -0.7923 -0.3581 0.4940
vn -0.2654 -0.4934 -0.8283
vn 0.2626 -0.8210 0.5069
vn -0.3223 -0.9453 0.0500
vn -0.4722 -0.3166 0.8227
vn -0.3988 0.3027 0.8656
vn -0.7378 -0.3243 -0.5921
vn 0.2068 0.9211 -0.3300
vn 0.5707 0.2981 0.7651
vn 0.0891 -0.9292 0.3587
vn 0.6841 -0.5321 0.4988
vn 0.0704 0.9571 -0.2811
vn 0.7000 -0.4905 -0.5190
vn 0.7694 0.5529 0.3199
vn -0.5892 0.6800 0.4365
vn -0.0524 0.1950 0.9794
vn 0.3899 -0.4227 -0.8181
vn 0.1229 0.3690 -0.9213
vn -0.1535 -0.9501 0.2717
vn 0.3003 0.7544 -0.5836
vn 0.3104 0.7843 0.5371
vn 0.0717 0.9575 -0.2795
vn -0.3566 0.3330 0.8729
vn -0.3215 -0.9451 0.0593
vn 0.6994 -0.4909 -0.5195
vn 0.3217 -0.7889 0.5235
vn -0.7778 -0.4430 0.4458
vn -0.2162 -0.4824 -0.8489
vn 0.2045 0.9205 -0.3329
vn -0.2451 0.8506 0.4651
vn -0.7389 -0.3253 -0.5901
vn -0.7746 -0.2988 0.5574
vn 0.8393 -0.4003 0.3680
vn 0.6842 -0.5321 0.4988
vn 0.7001 -0.4905 -0.5190
vn -0.8415 0.0139 -0.5401
vn 0.8804 -0.0083 -0.4741
vn 0.8684 0.0474 0.4936
vn -0.8433 0.0203 0.5370
vn 0.5948 -0.5738 0.5630
vn -0.0000 0.8069 -0.5907
vn -0.0000 0.8436 0.5370
vn -0.0000 -0.5370 -0.8436
vn -0.7262 0.0014 0.6875
vn -0.0000 -0.8069 0.5907
vn 0.7263 -0.0012 -0.6874
vn -0.0000 0.5371 0.8435
vn -0.5948 0.5739 -0.5629
vn -0.0000 -0.8435 -0.5371
vn -0.0000 0.8437 0.5368
vn 0.7262 0.0014 0.6875
vn -0.5948 -0.5738 0.5630
vn -0.7262 0.0014 -0.6875
vn -0.0000 0.8069 0.5907
vn -0.0000 0.8437 -0.5368
vn 0.5948 -0.5738 -0.5630
vn -0.0000 -0.5370 0.8436
vn -0.5657 -0.6866 -0.4567
vn 0.6117 0.7801 -0.1316
vn 0.2693 -0.9606 0.0683
vn -0.1524 0.8066 0.5712
vn -0.7063 0.6750 0.2133
vn 0.5102 -0.8322 -0.2172
vn -0.6142 -0.7452 0.2599
vn -0.5674 -0.6852 -0.4567
vn 0.6226 0.7805 -0.0566
vn 0.2691 -0.9606 0.0692
vn -0.2172 0.8090 0.5462
vn 0.6690 -0.7390 0.0798
vn -0.2892 0.8762 -0.3855
vn 0.4527 0.8784 -0.1530
vn -0.0808 -0.8085 -0.5829
vn -0.6124 0.7799 0.1293
vn 0.2693 -0.9606 -0.0683
vn -0.5372 -0.8326 0.1350
vn 0.6687 0.6813 -0.2978
vn 0.5674 -0.6852 0.4567
vn -0.6226 0.7805 0.0565
vn -0.2691 -0.9606 -0.0692
vn 0.2172 0.8090 -0.5462
vn -0.5494 -0.8329 0.0667
vn 0.3282 0.8763 -0.3527
vn 0.4174 -0.9074 -0.0500
vn -0.5370 0.8326 0.1357
vn -0.7372 -0.0112 0.6755
vn -0.6719 0.1677 0.7214
vn -0.6980 -0.0616 -0.7134
vn 0.6782 0.1828 0.7118
vn -0.6713 0.3383 0.6594
vn -0.6950 0.0747 -0.7151
vn 0.6890 0.2369 -0.6849
vn 0.5000 0.8613 -0.0901
vn 0.4277 0.7914 0.4367
vn 0.7174 0.0418 0.6954
vn 0.6982 -0.1178 -0.7061
vn 0.6977 0.1692 0.6961
vn 0.6936 0.1857 -0.6960
vn -0.7106 0.1589 -0.6854
vn -0.6852 0.1835 0.7048
vn 0.9956 0.0770 0.0540
vn 0.0023 0.0326 0.9995
vn -0.0384 0.0420 0.9984
vn -0.0667 0.0097 0.9977
vn -0.0255 -0.0312 0.9992
vn -0.0540 0.0005 0.9985
vn -0.0536 -0.0071 0.9985
vn -0.0806 0.0043 0.9967
vn -0.0589 -0.0025 0.9983
vn 0.9965 -0.0563 0.0618
vn 0.0216 0.0166 0.9996
vn 0.0030 -0.0078 1.0000
vn 0.0034 -0.0064 1.0000
vn -0.9941 -0.0908 0.0600
vn -0.9999 0.0163 0.0058
vn -0.9952 0.0786 0.0575
vn 0.0383 0.0419 0.9984
vn -0.0023 0.0326 0.9995
vn 0.0667 0.0097 0.9977
vn -0.0087 -0.0134 0.9999
vn 0.0577 -0.0074 0.9983
vn 0.0683 -0.0030 0.9977
vn -0.0100 -0.0010 0.9999
vn -0.9974 0.0518 0.0496
vn -0.9777 0.1995 0.0655
vn -0.9397 -0.3342 0.0731
vn -0.0156 -0.0140 0.9998
vn -0.0000 0.2635 0.9647
vn 0.2653 0.7212 -0.6399
vn 0.9967 0.0500 -0.0645
vn 0.9657 -0.1339 -0.2223
vn 0.9999 -0.0021 -0.0102
vn 0.9039 0.1569 0.3980
vn 0.9831 -0.0843 0.1626
vn -0.0023 0.0326 -0.9995
vn 0.0384 0.0420 -0.9984
vn 0.0667 0.0097 -0.9977
vn 0.0255 -0.0312 -0.9992
vn 0.0540 0.0005 -0.9985
vn 0.0536 -0.0071 -0.9985
vn 0.0806 0.0043 -0.9967
vn 0.0589 -0.0025 -0.9983
vn -0.9945 -0.0643 -0.0826
vn -0.0216 0.0166 -0.9996
vn -0.0030 -0.0078 -1.0000
vn -0.0034 -0.0064 -1.0000
vn 0.9937 -0.0925 -0.0636
vn 0.0042 -0.0171 -0.9998
vn -0.0717 -0.0022 -0.9974
vn -0.0344 0.0428 -0.9985
vn -0.0507 0.0268 -0.9984
vn 0.0087 0.0248 -0.9997
vn -0.0566 -0.0001 -0.9984
vn 0.9955 0.0639 -0.0698
vn 0.9844 0.1754 -0.0157
vn 0.9378 -0.3389 -0.0750
vn 0.0165 -0.0148 -0.9998
vn 0.0039 0.0016 -1.0000
vn -0.0000 0.2007 -0.9797
vn -0.7714 0.4208 0.4773
vn -0.9882 0.0933 0.1215
vn -0.9620 0.0650 0.2651
vn -0.9949 -0.0442 0.0907
vn -0.9431 0.2572 -0.2107
vn -0.5746 -0.6664 -0.4752
vn 0.5370 -0.0000 0.8436
vn -0.0055 -0.9999 0.0108
vn -0.6191 -0.0000 -0.7853
vn -0.7476 -0.0000 -0.6641
vn 0.9960 0.0634 0.0636
vn -0.0407 0.0424 0.9983
vn -0.0254 -0.0306 0.9992
vn -0.0613 0.0005 0.9981
vn -0.0680 -0.0046 0.9977
vn -0.0731 0.0022 0.9973
vn -0.0646 0.0079 0.9979
vn -0.0727 -0.0031 0.9973
vn 0.9397 -0.3342 0.0731
vn 0.9781 0.1980 0.0646
vn 0.0239 0.0185 0.9995
vn -0.0028 0.0258 0.9997
vn -0.0003 -0.0140 0.9999
vn -0.0002 -0.0006 1.0000
vn -0.0000 0.2007 0.9797
vn -0.9999 0.0101 0.0060
vn -0.9960 0.0634 0.0636
vn 0.0344 0.0429 0.9985
vn 0.0494 0.0277 0.9984
vn -0.0101 0.0238 0.9997
vn 0.0719 -0.0028 0.9974
vn 0.0680 -0.0046 0.9977
vn -0.9976 0.0500 0.0482
vn -0.0186 -0.0169 0.9997
vn 0.0003 -0.0140 0.9999
vn 0.0023 0.0005 1.0000
vn 0.4205 0.6595 -0.6231
vn 0.2981 0.7648 -0.5712
vn 0.9822 0.1287 -0.1366
vn 1.0000 0.0063 0.0005
vn 0.9649 0.0959 -0.2443
vn 1.0000 -0.0008 -0.0001
vn 0.8375 -0.1490 -0.5257
vn 0.9183 0.1094 0.3804
vn 0.7313 -0.1035 -0.6742
vn 0.9985 -0.0086 -0.0536
vn 0.9810 -0.0455 0.1885
vn 0.0232 -0.0296 -0.9993
vn -0.0042 -0.0171 -0.9998
vn 0.0717 -0.0022 -0.9974
vn 0.0408 0.0427 -0.9983
vn 0.0545 -0.0022 -0.9985
vn 0.0494 -0.0001 -0.9988
vn 0.0646 0.0079 -0.9979
vn 0.0555 0.0014 -0.9985
vn -0.9593 -0.2817 -0.0180
vn -0.9844 0.1754 -0.0157
vn -0.0232 0.0169 -0.9996
vn 0.0028 0.0258 -0.9997
vn -0.0074 -0.0042 -1.0000
vn 0.9941 -0.0907 -0.0600
vn 0.9980 0.0061 -0.0629
vn -0.0407 0.0424 -0.9983
vn -0.0646 0.0079 -0.9979
vn -0.0727 -0.0031 -0.9973
vn -0.0680 -0.0046 -0.9977
vn 0.9958 0.0614 -0.0680
vn 0.0186 -0.0169 -0.9997
vn -0.0003 -0.0140 -0.9999
vn -0.0028 0.0258 -0.9997
vn -0.0023 0.0005 -1.0000
vn -0.6269 -0.6402 0.4440
vn -0.9446 0.2419 0.2219
vn -0.9999 0.0037 0.0121
vn -0.7714 0.4208 -0.4773
vn -0.9600 0.0464 -0.2762
vn -0.9949 -0.0442 -0.0907
vn 0.9961 0.0627 0.0619
vn -0.0236 -0.0302 0.9993
vn -0.0669 -0.0064 0.9977
vn -0.0385 0.0415 0.9984
vn -0.0619 -0.0000 0.9981
vn 0.0067 -0.0107 0.9999
vn -0.0721 0.0014 0.9974
vn -0.0635 0.0105 0.9979
vn -0.0712 -0.0022 0.9975
vn 0.9961 -0.0602 0.0650
vn 0.9785 0.1964 0.0636
vn 0.0228 0.0184 0.9996
vn -0.0002 0.0279 0.9996
vn -0.0023 -0.0005 1.0000
vn -0.0000 0.1353 0.9908
vn -0.9930 -0.1043 0.0555
vn -0.9999 0.0164 0.0042
vn -0.9958 0.0642 0.0655
vn 0.0385 0.0418 0.9984
vn 0.0635 0.0105 0.9979
vn 0.0525 -0.0007 0.9986
vn 0.0627 -0.0070 0.9980
vn -0.0113 0.0040 0.9999
vn -0.0176 -0.0149 0.9997
vn -0.0026 -0.0121 0.9999
vn 0.0002 0.0279 0.9996
vn 0.7853 0.4200 -0.4549
vn 1.0000 0.0063 -0.0005
vn 0.8105 -0.1784 0.5578
vn 0.8133 0.0851 -0.5756
vn 0.4516 0.5303 0.7175
vn 0.9988 -0.0265 0.0409
vn 0.9455 0.0225 0.3250
vn 0.9935 -0.0467 0.1038
vn -0.9960 0.0634 -0.0636
vn 0.0236 -0.0306 -0.9993
vn 0.0624 -0.0085 -0.9980
vn 0.0410 0.0436 -0.9982
vn 0.0548 -0.0001 -0.9985
vn -0.0101 -0.0086 -0.9999
vn 0.0588 0.0004 -0.9983
vn -0.0147 -0.0015 -0.9999
vn 0.0572 0.0095 -0.9983
vn 0.0697 -0.0010 -0.9976
vn -0.9944 -0.0655 -0.0831
vn -0.9781 0.1980 -0.0646
vn -0.0219 0.0156 -0.9996
vn 0.0017 0.0212 -0.9998
vn 0.9960 0.0634 -0.0636
vn 0.0069 -0.0152 -0.9999
vn -0.0666 -0.0046 -0.9978
vn -0.0409 0.0430 -0.9982
vn -0.0599 0.0087 -0.9982
vn -0.0809 -0.0056 -0.9967
vn 0.0008 -0.0019 -1.0000
vn 0.9976 0.0499 -0.0482
vn 0.0162 -0.0150 -0.9998
vn -0.0020 0.0224 -0.9997
vn -0.9505 0.2311 0.2075
vn -0.7769 0.4237 -0.4658
vn -0.3134 -0.7384 -0.5972
vn -0.9618 0.0543 -0.2683
vn -0.9957 -0.0391 -0.0840
vn 0.9954 0.0778 0.0557
vn 0.0188 0.0146 0.9997
vn -0.0312 0.0379 0.9988
vn -0.0473 0.0210 0.9987
vn -0.0254 -0.0308 0.9992
vn -0.0561 0.0010 0.9984
vn -0.0513 -0.0023 0.9987
vn 0.0152 -0.0011 0.9999
vn -0.0699 -0.0014 0.9976
vn 0.9938 -0.0693 0.0865
vn -0.0068 0.0528 0.9986
vn -0.9980 0.0031 0.0629
vn -0.9954 0.0778 0.0557
vn 0.0372 0.0421 0.9984
vn -0.0038 0.0309 0.9995
vn 0.0644 0.0084 0.9979
vn -0.0165 -0.0161 0.9997
vn 0.0623 -0.0106 0.9980
vn 0.0704 -0.0015 0.9975
vn -0.9975 0.0508 0.0492
vn -0.9781 0.1980 0.0646
vn -0.9593 -0.2817 0.0180
vn 0.0069 -0.0319 0.9995
vn 0.4384 0.6609 -0.6091
vn 0.4015 0.6054 -0.6873
vn 0.9875 -0.0791 -0.1361
vn 0.9944 0.0602 -0.0864
vn 0.9986 -0.0217 -0.0483
vn 0.9857 0.0368 -0.1643
vn 0.9999 0.0033 -0.0140
vn 0.9068 0.1438 0.3963
vn 0.9867 -0.0749 0.1446
vn -0.9954 0.0778 -0.0557
vn 0.0095 0.0774 -0.9970
vn -0.0177 0.0138 -0.9997
vn 0.0535 0.0167 -0.9984
vn 0.0335 0.0408 -0.9986
vn 0.0254 -0.0308 -0.9992
vn 0.0561 0.0010 -0.9984
vn 0.0680 -0.0046 -0.9977
vn 0.0513 -0.0023 -0.9987
vn -0.0162 -0.0008 -0.9999
vn 0.0704 -0.0025 -0.9975
vn -0.9944 -0.0659 -0.0832
vn 0.0003 -0.0140 -0.9999
vn 0.9973 -0.0046 -0.0730
vn 0.9999 0.0091 -0.0042
vn 0.9954 0.0778 -0.0557
vn -0.0385 0.0418 -0.9984
vn -0.0634 0.0105 -0.9979
vn -0.0525 -0.0007 -0.9986
vn 0.9974 0.0518 -0.0496
vn 0.9781 0.1980 -0.0646
vn 0.0182 -0.0157 -0.9997
vn -0.0002 0.0279 -0.9996
vn 0.0065 0.0043 -1.0000
vn -0.9906 -0.0562 0.1249
vn -0.6190 -0.0000 -0.7854
vn -0.7867 -0.0047 -0.6173
vn -0.0000 -0.1931 -0.9812
vn 0.6892 0.0235 0.7242
vn -0.0000 -0.1931 0.9812
vn -0.0000 -0.2459 -0.9693
vn -0.9810 -0.1940 -0.0000
vn -0.7236 0.0259 0.6897
vn 0.7067 0.0328 0.7067
vn 0.9802 -0.1980 -0.0000
vn -0.2719 0.9574 -0.0969
vn -0.0000 0.5219 0.8530
vn -0.2435 0.2527 0.9364
vn 0.5773 0.6003 0.5534
vn 0.8847 0.3837 -0.2648
vn -0.0000 0.1015 0.9948
vn -0.0000 0.6160 -0.7878
vn 0.5542 0.6164 0.5594
vn -0.5546 0.6186 -0.5565
vn 0.8793 0.3970 -0.2632
vn -0.0000 0.0255 0.9997
vn -0.0000 0.5779 -0.8161
vn 0.4882 0.8727 -0.0000
vn -0.0000 0.9438 0.3306
vn -0.0000 0.0679 0.9977
vn -0.2565 0.2345 0.9377
vn 0.7230 0.6561 -0.2164
vn -0.0000 0.0510 0.9987
vn 0.7493 0.6622 0.0035
vn 0.7493 0.6622 -0.0035
vn -0.0017 1.0000 -0.0034
vn 0.0030 1.0000 0.0033
vn 0.0009 1.0000 0.0056
vn -0.0035 1.0000 0.0018
vn 0.0011 1.0000 0.0054
vn -0.0005 1.0000 -0.0001
vn 0.0001 1.0000 -0.0009
vn -0.7525 0.6585 -0.0049
vn 0.4327 0.9015 -0.0035
vn 0.3937 -0.3456 -0.8518
vn 0.0368 -0.1974 -0.9796
vn 0.3283 0.7122 -0.6205
vn 0.0364 -0.1963 -0.9799
vn 0.3276 0.7126 -0.6203
vn 0.4314 0.9021 -0.0035
vn -0.7495 0.6620 -0.0053
vn 0.0001 -0.0000 -1.0000
vn 0.0372 -0.1969 -0.9797
vn 0.3275 0.7118 -0.6214
vn 0.1444 -0.9431 0.2996
vn 0.3277 0.7126 -0.6203
vn 0.6208 0.7824 -0.0500
vt 0.990066 0.969111
vt 0.959177 0.919272
vt 0.990066 0.919272
vt 0.216225 0.919272
vt 0.247114 0.969111
vt 0.216225 0.969111
vt 0.338601 0.969110
vt 0.307711 0.919272
vt 0.338601 0.919272
vt 0.123557 0.919272
vt 0.154446 0.969111
vt 0.123557 0.969111
vt 0.866509 0.898425
vt 0.897399 0.948263
vt 0.866509 0.948263
vt 0.061778 0.969111
vt 0.092668 0.919272
vt 0.092668 0.969111
vt 0.030889 0.919272
vt 0.061778 0.919272
vt 0.770599 0.898425
vt 0.801489 0.948264
vt 0.770599 0.948264
vt 0.708821 0.948264
vt 0.677931 0.898425
vt 0.708821 0.898425
vt 0.739710 0.898425
vt 0.708821 0.948264
vt 0.708821 0.898425
vt 0.625178 0.246341
vt 0.625178 0.192100
vt 0.669719 0.000000
vt 0.460989 0.268317
vt 0.460989 0.387073
vt 0.279262 0.585685
vt 0.307711 0.808077
vt 0.333273 0.808077
vt 0.333274 0.808076
vt 0.897399 0.898425
vt 0.866509 0.808077
vt 0.897399 0.808077
vt 0.708821 0.898425
vt 0.677931 0.808077
vt 0.708821 0.808077
vt 0.492596 0.808077
vt 0.523485 0.898425
vt 0.492596 0.898425
vt 0.959177 0.919272
vt 0.928288 0.969111
vt 0.928288 0.919272
vt 0.185335 0.919272
vt 0.154446 0.969111
vt 0.154446 0.919272
vt 0.216225 0.919272
vt 0.185335 0.969111
vt 0.185335 0.919272
vt 0.123557 0.919272
vt 0.092668 0.969111
vt 0.092668 0.919272
vt 0.832378 0.948263
vt 0.863267 0.898425
vt 0.863267 0.948263
vt 0.897399 0.898425
vt 0.928288 0.948263
vt 0.000000 0.969111
vt 0.030889 0.919272
vt 0.030889 0.969111
vt 0.832378 0.898425
vt 0.801489 0.948264
vt 0.801489 0.898425
vt 0.739710 0.948264
vt 0.770599 0.898425
vt 0.770599 0.948264
vt 0.647042 0.898425
vt 0.677931 0.948264
vt 0.647042 0.948264
vt 0.242380 0.312220
vt 0.242380 0.208850
vt 0.279262 0.000000
vt 0.780915 0.000000
vt 0.736374 0.230857
vt 0.736374 0.176607
vt 0.000000 0.585685
vt 0.181727 0.312226
vt 0.181727 0.420712
vt 0.949254 0.000000
vt 0.960931 0.111196
vt 0.937577 0.111196
vt 0.925900 0.000000
vt 0.937577 0.111196
vt 0.914223 0.111196
vt 0.927528 0.333587
vt 0.937577 0.444783
vt 0.914223 0.444783
vt 0.972608 0.111196
vt 0.984285 0.222391
vt 0.960931 0.222391
vt 0.866509 0.696881
vt 0.907557 0.808077
vt 0.866509 0.808077
vt 0.276822 0.898425
vt 0.307711 0.898425
vt 0.461707 0.898425
vt 0.492596 0.808077
vt 0.492596 0.898425
vt 0.739710 0.808077
vt 0.739710 0.898425
vt 0.801489 0.898425
vt 0.832378 0.808077
vt 0.832378 0.898425
vt 0.907557 0.676033
vt 0.938446 0.585685
vt 0.938446 0.676033
vt 0.430817 0.808077
vt 0.399928 0.898425
vt 0.399928 0.808077
vt 0.616153 0.808077
vt 0.585264 0.808077
vt 0.585264 0.808077
vt 0.595365 0.448638
vt 0.562776 0.598184
vt 0.562776 0.448638
vt 0.528976 0.448638
vt 0.496387 0.598184
vt 0.496387 0.448638
vt 0.693738 0.348941
vt 0.661149 0.398790
vt 0.661149 0.249244
vt 0.294947 0.833800
vt 0.288429 0.800605
vt 0.321018 0.800605
vt 0.296576 0.866994
vt 0.288429 0.833799
vt 0.321018 0.833799
vt 0.179159 0.900188
vt 0.158072 0.866994
vt 0.190661 0.866994
vt 0.199166 0.629392
vt 0.165972 0.800605
vt 0.165972 0.629392
vt 0.729353 0.598185
vt 0.696158 0.769397
vt 0.696158 0.598185
vt 0.821675 0.940610
vt 0.789085 0.769397
vt 0.821675 0.769397
vt 0.922468 0.199395
vt 0.955057 0.370608
vt 0.922468 0.370608
vt 0.758916 0.398790
vt 0.726327 0.199395
vt 0.758916 0.199395
vt 0.704049 0.149546
vt 0.671460 0.000000
vt 0.704049 0.000000
vt 0.790901 0.548336
vt 0.758311 0.398790
vt 0.790901 0.398790
vt 0.758311 0.598184
vt 0.725722 0.398790
vt 0.758311 0.398790
vt 0.932174 0.099697
vt 0.959643 0.000000
vt 0.959643 0.149546
vt 0.530187 0.398790
vt 0.528976 0.769397
vt 0.792111 0.199395
vt 0.824700 0.370608
vt 0.792111 0.370608
vt 0.856079 0.398790
vt 0.888668 0.398790
vt 0.856079 0.570002
vt 0.824700 0.199395
vt 0.857289 0.199395
vt 0.418786 0.800605
vt 0.386197 0.833800
vt 0.386197 0.800605
vt 0.353608 0.833800
vt 0.321018 0.866994
vt 0.321018 0.833800
vt 0.386197 0.833800
vt 0.378049 0.866994
vt 0.000000 0.629392
vt 0.043786 0.368849
vt 0.043786 0.424351
vt 0.066389 0.629392
vt 0.099583 0.800605
vt 0.066389 0.800605
vt 0.363927 0.629392
vt 0.331338 0.800605
vt 0.331338 0.629392
vt 0.725722 0.398790
vt 0.693133 0.598185
vt 0.693133 0.398790
vt 0.704049 0.199395
vt 0.736638 0.000000
vt 0.736638 0.199395
vt 0.959177 0.969111
vt 0.061778 0.919272
vt 0.030889 0.969111
vt 0.061778 0.969111
vt 0.739710 0.948264
vt 0.625178 0.246341
vt 0.625178 0.192098
vt 0.460989 0.268317
vt 0.460989 0.387073
vt 0.960931 0.333587
vt 0.937577 0.333587
vt 0.937577 0.222391
vt 0.977618 0.676033
vt 0.965941 0.787229
vt 0.954264 0.676033
vt 0.937577 0.444783
vt 0.960931 0.444783
vt 0.960931 0.555978
vt 0.358835 0.808076
vt 0.389724 0.898424
vt 0.358835 0.898424
vt 0.770599 0.898425
vt 0.739710 0.808077
vt 0.770599 0.808077
vt 0.523485 0.808077
vt 0.554374 0.898425
vt 0.523485 0.898425
vt 0.928288 0.898425
vt 0.242380 0.307073
vt 0.242380 0.203733
vt 0.736374 0.230857
vt 0.736374 0.176614
vt 0.181727 0.317369
vt 0.924254 0.000000
vt 0.924254 0.333587
vt 0.927528 0.444783
vt 0.937577 0.555978
vt 0.914223 0.555978
vt 0.358835 0.919272
vt 0.801488 0.808077
vt 0.801488 0.898425
vt 0.647042 0.898425
vt 0.677931 0.898425
vt 0.736638 0.049849
vt 0.769227 0.000000
vt 0.769227 0.149546
vt 0.693133 0.473563
vt 0.660544 0.598184
vt 0.660544 0.448638
vt 0.693738 0.199395
vt 0.661149 0.199395
vt 0.889879 0.199395
vt 0.922468 0.199395
vt 0.922468 0.370608
vt 0.889879 0.370608
vt 0.857289 0.370608
vt 0.857289 0.199395
vt 0.321018 0.833800
vt 0.386213 0.255614
vt 0.386213 0.185611
vt 0.429998 0.000000
vt 0.638870 0.149546
vt 0.606281 0.000000
vt 0.638870 0.000000
vt 0.606281 0.199395
vt 0.573692 0.000000
vt 0.606281 0.000000
vt 0.932174 0.181923
vt 0.477024 0.398790
vt 0.496387 0.548336
vt 0.463193 0.598184
vt 0.496387 0.398790
vt 0.528976 0.598184
vt 0.562776 0.548336
vt 0.595365 0.398790
vt 0.627954 0.548336
vt 0.595365 0.598184
vt 0.627954 0.398790
vt 0.627954 0.598184
vt 0.418786 0.833800
vt 0.408759 0.866994
vt 0.386197 0.833800
vt 0.000000 0.629392
vt 0.043786 0.364666
vt 0.043786 0.422957
vt 0.298749 0.629392
vt 0.331338 0.629392
vt 0.298749 0.800605
vt 0.866995 0.171213
vt 0.899584 0.000000
vt 0.899584 0.171213
vt 0.758311 0.598184
vt 0.790901 0.598184
vt 0.671460 0.049849
vt 0.638870 0.149546
vt 0.638870 0.000000
vt 0.725722 0.598184
vt 0.736638 0.049849
vt 0.821196 0.446196
vt 0.678805 0.071196
vt 0.821196 0.071196
vt 0.321196 0.071196
vt 0.178805 0.446196
vt 0.178804 0.071196
vt 0.418553 0.246361
vt 0.423311 0.358216
vt 0.413795 0.358216
vt 0.422673 0.180653
vt 0.418553 0.423924
vt 0.414433 0.180653
vt 0.418553 0.180653
vt 0.422673 0.423924
vt 0.414433 0.423924
vt 0.418553 0.246361
vt 0.422673 0.180653
vt 0.418553 0.423924
vt 0.414433 0.180653
vt 0.625178 0.192100
vt 0.460989 0.273464
vt 0.460989 0.381946
vt 0.960931 0.222391
vt 0.949225 0.333587
vt 0.964206 0.787229
vt 0.914223 0.333587
vt 0.925900 0.222391
vt 0.937577 0.333587
vt 0.914223 0.222391
vt 0.925900 0.111196
vt 0.937577 0.222391
vt 0.307711 0.919272
vt 0.461707 0.898425
vt 0.430817 0.898425
vt 0.647042 0.898425
vt 0.616153 0.898425
vt 0.554374 0.808077
vt 0.739710 0.898425
vt 0.242380 0.312220
vt 0.242380 0.203733
vt 0.181727 0.312221
vt 0.181727 0.420712
vt 0.937577 0.333587
vt 0.960931 0.333587
vt 0.907557 0.696881
vt 0.769227 0.199395
vt 0.693133 0.448638
vt 0.495782 0.769397
vt 0.473452 0.940610
vt 0.463193 0.769397
vt 0.919442 0.940610
vt 0.941772 0.769397
vt 0.952032 0.940610
vt 0.921258 0.570002
vt 0.937552 0.398790
vt 0.953847 0.570002
vt 0.133630 0.833799
vt 0.125483 0.800605
vt 0.158072 0.800605
vt 0.429998 0.769397
vt 0.463193 0.598184
vt 0.463193 0.769397
vt 0.626139 0.940610
vt 0.593550 0.769397
vt 0.626139 0.769397
vt 0.756496 0.940610
vt 0.723907 0.769397
vt 0.756496 0.769397
vt 0.691317 0.940610
vt 0.658728 0.769397
vt 0.691317 0.769397
vt 0.854264 0.940610
vt 0.854264 0.769397
vt 0.363927 0.629392
vt 0.396517 0.800605
vt 0.363927 0.800605
vt 0.671460 0.149546
vt 0.638870 0.199395
vt 0.606281 0.149546
vt 0.823490 0.398790
vt 0.823490 0.570002
vt 0.158072 0.866994
vt 0.125483 0.900188
vt 0.125483 0.866994
vt 0.223251 0.833800
vt 0.255840 0.800605
vt 0.255840 0.833799
vt 0.353607 0.800605
vt 0.353607 0.833800
vt 0.288429 0.800605
vt 0.255840 0.833800
vt 0.397699 0.866994
vt 0.043786 0.373032
vt 0.959643 0.199395
vt 0.932174 0.175831
vt 0.959643 0.049849
vt 0.460989 0.278600
vt 0.242380 0.312220
vt 0.736374 0.230857
vt 0.181727 0.312221
vt 0.181727 0.420712
vt 0.949225 0.000000
vt 0.950882 0.333587
vt 0.960931 0.444783
vt 0.970961 0.111196
vt 0.940860 0.676033
vt 0.954264 0.787229
vt 0.930911 0.787229
vt 0.950102 0.564838
vt 0.961800 0.676033
vt 0.832378 0.898425
vt 0.863267 0.808077
vt 0.863267 0.898425
vt 0.693738 0.249244
vt 0.627954 0.448638
vt 0.528371 0.940610
vt 0.560960 0.769397
vt 0.560960 0.940610
vt 0.386213 0.248085
vt 0.386213 0.189794
vt 0.693133 0.448638
vt 0.725722 0.598185
vt 0.638870 0.049849
vt 0.671460 0.199395
vt 0.758311 0.548336
vt 0.736638 0.149546
vt 0.704049 0.000000
vt 0.980154 0.249244
vt 0.967605 0.398790
vt 0.955057 0.249244
vt 0.769227 0.049849
vt 0.524827 0.769397
vt 0.595365 0.548336
vt 0.595970 0.199395
vt 0.628559 0.348941
vt 0.595970 0.398790
vt 0.628559 0.199395
vt 0.661149 0.274168
vt 0.043786 0.363272
vt 0.043786 0.418774
vt 0.726327 0.398790
vt 0.758916 0.249243
vt 0.573692 0.199395
vt 0.606281 0.049849
vt 0.418553 0.246361
vt 0.418553 0.180653
vt 0.418553 0.423924
vt 0.247114 0.919272
vt 0.307711 0.969110
vt 0.625178 0.246344
vt 0.460989 0.273464
vt 0.460989 0.381946
vt 0.960931 0.222391
vt 0.937577 0.222391
vt 0.937577 0.111196
vt 0.951642 0.919272
vt 0.928288 0.919272
vt 0.928288 0.808077
vt 0.925929 0.111196
vt 0.897399 0.808077
vt 0.928288 0.898425
vt 0.897399 0.898425
vt 0.185335 0.969111
vt 0.216225 0.969111
vt 0.123557 0.969111
vt 0.242380 0.307073
vt 0.242380 0.198587
vt 0.736374 0.230858
vt 0.736374 0.176614
vt 0.181727 0.317369
vt 0.181727 0.420707
vt 0.949225 0.000000
vt 0.927528 0.000000
vt 0.950123 0.564838
vt 0.790901 0.570002
vt 0.790901 0.398790
vt 0.528371 0.769397
vt 0.769227 0.000000
vt 0.801817 0.000000
vt 0.801817 0.171213
vt 0.223251 0.866994
vt 0.190661 0.833800
vt 0.158072 0.800605
vt 0.158072 0.833800
vt 0.127811 0.833799
vt 0.723907 0.940610
vt 0.725722 0.473563
vt 0.693133 0.598184
vt 0.562776 0.274168
vt 0.529581 0.398790
vt 0.529581 0.199395
vt 0.834406 0.171213
vt 0.577255 0.769397
vt 0.593550 0.940610
vt 0.560960 0.940610
vt 0.345460 0.866994
vt 0.415165 0.866994
vt 0.000000 0.629392
vt 0.043786 0.363272
vt 0.043786 0.430486
vt 0.265555 0.800605
vt 0.298749 0.800605
vt 0.033194 0.629392
vt 0.033194 0.800605
vt 0.888668 0.570002
vt 0.921258 0.398790
vt 0.921258 0.570002
vt 0.886853 0.940610
vt 0.919442 0.769397
vt 0.919442 0.940610
vt 0.625178 0.246341
vt 0.625178 0.192098
vt 0.460989 0.268316
vt 0.460989 0.376802
vt 0.736374 0.176621
vt 0.181727 0.312221
vt 0.181727 0.425855
vt 0.930911 0.676033
vt 0.954264 0.676034
vt 0.736638 0.199395
vt 0.562776 0.398790
vt 0.628559 0.398790
vt 0.628559 0.249244
vt 0.386212 0.256450
vt 0.660544 0.398790
vt 0.693133 0.548336
vt 0.562776 0.473563
vt 0.660544 0.548336
vt 0.043786 0.370044
vt 0.043786 0.422957
vt 0.638870 0.199395
vt 0.725722 0.548336
vt 0.932174 0.217366
vt 0.418553 0.246361
vt 0.418553 0.423924
vt 0.418553 0.180653
vt 0.418553 0.423924
vt 0.625178 0.246343
vt 0.625178 0.192093
vt 0.460989 0.268316
vt 0.959177 0.969111
vt 0.000000 0.919272
vt 0.832378 0.948264
vt 0.242380 0.312219
vt 0.736374 0.230857
vt 0.736374 0.176612
vt 0.181727 0.312221
vt 0.181727 0.420707
vt 0.925900 0.000000
vt 0.949254 0.333587
vt 0.963290 0.808077
vt 0.974995 0.919272
vt 0.951642 0.919272
vt 0.944292 0.676033
vt 0.950094 0.564838
vt 0.429998 0.398790
vt 0.463193 0.523411
vt 0.429998 0.548336
vt 0.736638 0.000000
vt 0.648113 0.398790
vt 0.889879 0.370608
vt 0.915950 0.199395
vt 0.463193 0.940610
vt 0.171108 0.900188
vt 0.606281 0.124622
vt 0.671460 0.074773
vt 0.932174 0.124622
vt 0.693133 0.398790
vt 0.693738 0.324017
vt 0.661149 0.348941
vt 0.524827 0.769397
vt 0.795741 0.598185
vt 0.828331 0.598185
vt 0.795741 0.769397
vt 0.043786 0.357137
vt 0.043786 0.414591
vt 0.758311 0.523411
vt 0.790901 0.448638
vt 0.573692 0.124622
vt 0.704049 0.124622
vt 0.625178 0.192098
vt 0.907557 0.787229
vt 0.919254 0.676033
vt 0.930911 0.787229
vt 0.960931 0.111196
vt 0.947608 0.222391
vt 0.927627 0.222391
vt 0.951642 0.808077
vt 0.941669 0.919272
vt 0.866509 0.585686
vt 0.907557 0.585685
vt 0.907557 0.696881
vt 0.242380 0.307072
vt 0.736374 0.176621
vt 0.181727 0.317370
vt 0.948388 0.564838
vt 0.479790 0.398790
vt 0.496387 0.598184
vt 0.463193 0.548336
vt 0.540497 0.199395
vt 0.507303 0.000000
vt 0.540497 0.049849
vt 0.736638 0.149546
vt 0.528976 0.398790
vt 0.643601 0.226236
vt 0.495782 0.940610
vt 0.386213 0.248084
vt 0.386213 0.193976
vt 0.671460 0.049849
vt 0.758311 0.448638
vt 0.474109 0.074773
vt 0.429998 0.199395
vt 0.429998 0.049849
vt 0.512984 0.398790
vt 0.496387 0.199395
vt 0.562776 0.548336
vt 0.628559 0.274168
vt 0.660544 0.473563
vt 0.353608 0.866994
vt 0.401238 0.866994
vt 0.043786 0.366060
vt 0.043786 0.422957
vt 0.932174 0.136335
vt 0.418553 0.246361
vt 0.421305 0.689126
vt 0.061766 0.500000
vt 0.061766 0.669924
vt 0.578693 -0.129114
vt 0.643160 -0.002698
vt 0.643160 -0.193579
vt 0.356838 -0.193579
vt 0.421305 -0.129114
vt 0.421305 0.061768
vt 0.356838 -0.002698
vt -0.002700 -0.002698
vt 0.578693 0.938234
vt 1.002698 -0.002698
vt 0.578693 0.061768
vt 0.421305 1.129114
vt 0.356840 1.002700
vt 0.356838 1.193579
vt 0.643160 1.193581
vt 0.578693 1.129114
vt 0.643160 1.002700
vt 1.002698 1.002700
vt -0.129114 0.689125
vt 0.061768 0.500000
vt -0.129114 0.500000
vt 1.129114 0.689125
vt 0.938234 0.500000
vt 0.938234 0.689126
vt 0.938234 0.669924
vt 0.578693 0.689126
vt 0.938232 0.500000
vt 0.938232 0.669924
vt 0.578693 0.689125
vt 0.421305 0.500000
vt 0.421305 0.689125
vt 0.061768 0.689126
vt 0.578693 0.689126
vt 0.578693 0.500000
vt 1.129114 0.500000
vt 0.421305 0.689125
vt 0.578693 0.500000
vt 0.578693 0.689125
vt 0.061768 0.669924
vt 0.421305 0.689126
vt 0.421305 0.500000
vt 0.421305 1.689126
vt 0.061766 1.500001
vt 0.061766 1.689126
vt -0.002700 1.002700
vt 0.377702 0.981838
vt 0.622298 0.018164
vt 0.061766 0.061768
vt 0.372894 0.013358
vt 0.938232 0.938234
vt 0.938232 0.061768
vt 0.622324 0.981864
vt 0.061766 0.938234
vt -0.129114 1.689126
vt 0.061768 1.500000
vt -0.129114 1.500000
vt 1.129114 1.689126
vt 0.938234 1.500000
vt 0.938234 1.689126
vt 0.061768 1.500001
vt 0.421305 1.689126
vt 0.421305 1.500000
vt 0.578693 1.689126
vt 0.578693 1.689126
vt 0.938232 1.500001
vt 0.938232 1.689126
vt -0.129114 1.689126
vt 0.061768 1.689126
vt 0.578693 1.500000
vt 1.129114 1.500000
vt 0.061768 1.689126
vt 0.938234 1.689126
vt 0.578693 1.689126
vt 0.421305 1.500000
vt 0.421305 1.500000
vt 0.421305 2.689126
vt 0.061766 2.500001
vt 0.061766 2.689126
vt 0.622298 0.018164
vt 0.372894 0.013358
vt 0.374452 1.175966
vt 0.627104 0.986644
vt -0.129114 2.689126
vt 0.061768 2.500001
vt -0.129114 2.500000
vt 0.938234 2.689126
vt 1.129114 2.689126
vt 0.938234 2.500001
vt 0.421305 2.689126
vt 0.421305 2.500000
vt 0.578693 2.689126
vt 0.578693 2.689126
vt 0.938232 2.500001
vt 0.938232 2.689126
vt 0.061768 2.689126
vt 0.938234 2.689126
vt 0.578693 2.500001
vt 1.129114 2.500000
vt 0.421305 2.500001
vt 0.421305 3.689126
vt 0.421305 3.500001
vt 0.061766 3.689126
vt 0.377702 0.981838
vt 0.622298 0.018164
vt 0.369474 0.009938
vt -0.002700 -0.002698
vt -0.129114 3.689126
vt 0.061768 3.500001
vt -0.129114 3.500001
vt 1.129114 3.689126
vt 0.938234 3.500001
vt 0.938234 3.689126
vt 0.421305 3.689126
vt 0.578693 3.689126
vt 0.578693 3.689126
vt 0.938232 3.500001
vt 0.938232 3.689126
vt 0.061768 3.689126
vt 0.578693 3.500001
vt 1.129114 3.500001
vt 0.622152 -0.172572
vt -0.002700 -0.002698
vt 0.421305 0.938234
vt 0.627038 1.177459
vt -0.129114 4.689126
vt 0.061768 4.500001
vt -0.129114 4.500001
vt 1.129114 4.689126
vt 0.938234 4.500001
vt 0.938234 4.689126
vt 0.061768 4.689126
vt 0.061766 4.500001
vt 0.421305 4.689126
vt 0.061766 4.689126
vt 0.938232 4.500001
vt 0.578693 4.689126
vt 0.578693 4.500001
vt 0.938232 4.689126
vt 1.129114 4.500001
vt 0.356840 -0.002698
vt 0.643158 1.002700
vt 0.643158 1.193579
vt 0.356838 1.002700
vt 1.002698 -0.002698
vt 0.356840 -0.193579
vt 0.578695 0.061768
vt 0.578695 -0.129114
vt 0.916669 4.841456
vt 0.083331 4.790817
vt 0.083329 4.841455
vt 1.107550 4.831328
vt 0.916671 4.790818
vt 0.916671 4.841456
vt 0.916669 4.841455
vt 0.557131 4.790817
vt 0.557131 4.841455
vt 0.083329 4.841456
vt 0.442867 4.790818
vt 0.442867 4.841456
vt 0.442869 4.841455
vt 0.083329 4.790817
vt 0.083331 4.841455
vt 1.107550 4.790818
vt 1.107550 4.841456
vt -0.107550 4.826804
vt 0.557129 4.841456
vt 0.916669 4.790818
vt 0.421305 3.742566
vt 0.421305 3.931691
vt 0.061768 3.742565
vt -0.002700 -0.002698
vt 0.372878 0.013340
vt 0.622296 0.981838
vt 0.643158 1.193581
vt 0.373089 1.177330
vt 0.617544 0.022919
vt 1.002698 -0.002698
vt 0.938234 3.742566
vt 1.129114 3.931691
vt 1.129114 3.742566
vt 0.061768 3.931691
vt -0.129114 3.742566
vt 0.061768 3.742566
vt 0.061766 3.742566
vt 0.061766 3.931691
vt 0.421305 3.742566
vt 0.421305 3.742566
vt 0.421305 3.931691
vt 0.578693 3.742566
vt 0.938234 3.931691
vt 0.938234 3.742566
vt 1.129114 3.742566
vt 0.938234 3.931691
vt 0.578695 3.742566
vt 0.938232 3.931691
vt 0.578695 3.931691
vt -0.129114 3.931691
vt 0.421305 3.931691
vt 0.916671 3.931691
vt 0.083331 3.790817
vt 0.083331 3.931691
vt 0.916671 3.931691
vt 1.107550 3.790818
vt 0.916671 3.790817
vt 0.916669 3.931691
vt 0.557131 3.790817
vt 0.557131 3.931691
vt -0.107550 3.790817
vt -0.107550 3.931691
vt 0.083329 3.931691
vt 0.442867 3.790817
vt 0.442867 3.931691
vt 0.442869 3.931691
vt 0.083329 3.790817
vt 0.083329 3.931691
vt 1.107550 3.931691
vt 0.442867 3.931691
vt 0.557129 3.790818
vt 0.557129 3.931691
vt 0.557129 3.790817
vt 0.916669 3.790817
vt 0.519044 3.790817
vt 0.421305 2.742565
vt 0.061766 2.931690
vt 0.061768 2.742565
vt 0.372919 0.013381
vt 0.615005 0.974546
vt 0.578695 -0.129112
vt 0.374341 -0.176077
vt 1.129114 2.742566
vt 0.938234 2.931691
vt 1.129114 2.931691
vt -0.129112 2.742565
vt 0.061768 2.931691
vt 0.061768 2.742565
vt 0.061766 2.742565
vt 0.061766 2.931691
vt 0.421305 2.742566
vt 0.578693 2.931691
vt 0.578693 2.742566
vt 0.578695 2.742565
vt 0.421305 2.931691
vt 0.938234 2.742565
vt 0.061768 2.931690
vt 0.938232 2.931690
vt 0.578695 2.931691
vt 0.578693 2.742565
vt 0.938234 2.931691
vt -0.129112 2.931691
vt 0.916669 2.931691
vt 0.916669 2.790817
vt 0.083331 2.931690
vt 0.916671 2.931691
vt 1.107552 2.790817
vt 0.916671 2.790817
vt 0.916669 2.931690
vt 0.557131 2.790817
vt 0.557131 2.931691
vt 0.083331 2.931691
vt -0.107548 2.790817
vt -0.107550 2.931691
vt 0.442867 2.931691
vt 0.557129 2.790817
vt 0.557129 2.931691
vt 0.519044 2.790817
vt 0.442869 2.931691
vt 0.083329 2.931691
vt 0.442867 2.790817
vt 0.442867 2.931691
vt 0.083329 2.790817
vt 0.916671 2.931691
vt 0.442869 2.790817
vt 1.107552 2.931691
vt -0.107548 2.931691
vt 0.083331 2.790817
vt 0.557129 2.790817
vt 0.421305 1.742565
vt 0.061766 1.931690
vt 0.061766 1.742565
vt -0.002700 1.002702
vt 0.377702 0.018164
vt 1.002698 1.002702
vt 0.615004 0.974547
vt 0.622151 1.172574
vt 0.356838 1.193581
vt 0.421305 1.129116
vt 0.372894 0.986646
vt 0.421305 -0.129112
vt 0.356840 -0.193577
vt 0.622324 0.018138
vt 1.129116 1.742566
vt 0.938234 1.931691
vt 1.129116 1.931691
vt -0.129112 1.742565
vt 0.061768 1.931690
vt 0.061768 1.742565
vt 0.938234 1.742565
vt 0.061768 1.931690
vt 0.578695 1.742565
vt 0.938232 1.931690
vt 0.578695 1.931690
vt 0.578693 1.742565
vt 0.938232 1.931691
vt -0.129112 1.931690
vt 0.421305 1.742566
vt 0.578693 1.931691
vt 0.578693 1.742566
vt 0.061766 1.742565
vt 0.421305 1.931691
vt 0.421305 1.742565
vt 0.916671 1.931691
vt 1.107552 1.790817
vt 0.916671 1.790817
vt 0.916669 1.931690
vt 0.557131 1.790817
vt 0.557131 1.931690
vt 0.083331 1.931690
vt -0.107548 1.790817
vt -0.107548 1.931690
vt 0.083331 1.931690
vt 0.916669 1.790817
vt 0.083331 1.790817
vt 0.442867 1.931691
vt 0.557129 1.790817
vt 0.557129 1.931691
vt 0.519044 1.790817
vt 0.442869 1.931690
vt 0.916669 1.931691
vt 0.083329 1.931691
vt 0.442867 1.790817
vt 0.442867 1.931691
vt 0.083329 1.790817
vt 0.442869 1.790817
vt 1.107552 1.931691
vt 0.083331 1.790817
vt 0.557129 1.931691
vt 0.421305 0.742565
vt 0.061768 0.931690
vt 0.061766 0.742565
vt 0.377702 0.018164
vt 0.377675 0.981866
vt 0.630488 1.180911
vt 0.938232 0.938236
vt 0.938236 0.742565
vt 1.129116 0.931691
vt 1.129116 0.742565
vt -0.129112 0.742565
vt 0.061768 0.931690
vt 0.061768 0.742565
vt 0.578693 0.742565
vt 0.938232 0.931690
vt 0.938232 0.742565
vt 0.938234 0.931690
vt 0.578695 0.742565
vt 0.938232 0.931690
vt 0.578695 0.931690
vt -0.129112 0.931690
vt 0.421305 0.742565
vt 0.578693 0.931691
vt 0.578693 0.742565
vt 0.061766 0.742565
vt 0.421305 0.931690
vt 0.421305 0.742565
vt 0.938234 0.742565
vt 0.916673 0.931690
vt 1.107552 0.790817
vt 0.916673 0.790817
vt 0.916669 0.931690
vt 0.557131 0.790816
vt 0.557131 0.931690
vt 0.083331 0.931690
vt -0.107548 0.790816
vt -0.107548 0.931690
vt 0.519044 0.790816
vt 0.442869 0.931690
vt 0.083331 0.931690
vt 0.916669 0.790817
vt 0.083331 0.790816
vt 0.083329 0.931690
vt 0.442867 0.790817
vt 0.442867 0.931690
vt 0.083329 0.931690
vt 0.442869 0.790816
vt 0.083329 0.790816
vt 1.107552 0.931691
vt 0.083331 0.790816
vt 0.442867 0.931691
vt 0.442867 0.790817
vt 0.557129 0.931691
vt 0.557129 0.931690
vt 0.916669 0.931690
vt 0.241211 0.615923
vt 0.224006 0.738921
vt 0.223284 0.492925
vt 0.592647 0.704729
vt 0.551751 0.610922
vt 0.592647 0.610922
vt 0.782162 0.819777
vt 0.777943 0.917393
vt 0.773724 0.819777
vt 0.828573 0.225309
vt 0.824353 0.329628
vt 0.820134 0.225309
vt 0.701986 0.615236
vt 0.702785 0.861233
vt 0.684177 0.738235
vt 0.551221 0.610922
vt 0.510325 0.704729
vt 0.510325 0.610922
vt 0.768239 0.819776
vt 0.772458 0.917393
vt 0.764019 0.917393
vt 0.814649 0.329628
vt 0.810430 0.225309
vt 0.818868 0.225309
vt 0.931231 0.491659
vt 0.912226 0.368902
vt 0.912226 0.246146
vt 0.592990 0.280730
vt 0.551330 0.192360
vt 0.592990 0.192360
vt 0.452796 0.276552
vt 0.412209 0.194076
vt 0.452796 0.194076
vt 0.929999 0.000633
vt 0.912226 0.123389
vt 0.935985 0.000633
vt 0.954011 0.246146
vt 0.935681 0.491659
vt 0.551281 0.192360
vt 0.509621 0.280730
vt 0.509621 0.192360
vt 0.493429 0.194076
vt 0.452842 0.276552
vt 0.452842 0.194076
vt 0.931071 0.000633
vt 0.935985 0.000633
vt 0.935680 0.491659
vt 0.701986 0.861233
vt 0.702785 0.615236
vt 0.224006 0.738921
vt 0.223284 0.492925
vt 0.936840 0.491659
vt 0.954011 0.368902
vt 0.935437 0.000633
vt 0.929999 0.000633
vt 0.936839 0.491659
vt 0.935437 0.000633
vt 0.931231 0.491659
vt 0.158976 0.693505
vt 0.001504 0.723444
vt 0.001504 0.693505
vt 0.410700 0.735440
vt 0.568173 0.705501
vt 0.568173 0.735440
vt 0.319450 0.713500
vt 0.161977 0.743440
vt 0.161977 0.713500
vt 0.956176 0.691500
vt 0.798704 0.721439
vt 0.798704 0.691500
vt 0.967286 0.521499
vt 0.877573 0.591534
vt 0.787860 0.521499
vt 0.181184 0.575496
vt 0.098424 0.645531
vt 0.001758 0.575496
vt 0.297903 0.635534
vt 0.387616 0.565498
vt 0.477329 0.635534
vt 0.993226 0.365191
vt 0.923191 0.282432
vt 0.993226 0.185765
vt 0.158976 0.723444
vt 0.096460 0.645531
vt 0.923191 0.270489
vt 0.096461 0.645531
vt 0.923191 0.270488
vt 0.884527 0.591534
vt 0.091471 0.645531
vt 0.380663 0.565498
vt 0.923191 0.275478
vt 0.768624 0.308269
vt 0.739290 0.319618
vt 0.743373 0.289150
vt 0.531580 0.161504
vt 0.532586 0.167543
vt 0.525560 0.167134
vt 0.582479 0.355535
vt 0.575453 0.355164
vt 0.582065 0.349496
vt 0.734558 0.365131
vt 0.727532 0.365539
vt 0.728538 0.359501
vt 0.794069 0.307544
vt 0.793063 0.301505
vt 0.800089 0.301913
vt 0.557473 0.107503
vt 0.564499 0.107874
vt 0.557887 0.113542
vt 0.147113 0.319907
vt 0.154139 0.319499
vt 0.153133 0.325537
vt 0.794069 0.307544
vt 0.557887 0.113542
vt 0.153133 0.325537
vt 0.582065 0.349496
vt 0.794069 0.307544
vt 0.153133 0.325537
vt 0.728538 0.359501
vt 0.525560 0.167135
vt 0.575453 0.355164
vt 0.734558 0.365131
vt 0.794069 0.307544
vt 0.800089 0.301913
vt 0.564499 0.107874
vt 0.147113 0.319907
vt 0.153133 0.325537
vt 0.281759 0.030250
vt 0.281759 0.543072
vt -0.220398 0.030250
vt 0.534071 9.277874
vt 0.039247 9.267997
vt 0.534071 9.081635
vt -0.220398 0.543072
vt -0.211397 0.039247
vt -0.211397 0.534071
vt 0.272762 0.534071
vt -0.211397 9.081635
vt 0.272762 9.277874
vt 0.272762 9.081635
vt 0.039247 9.081635
vt 0.049633 0.558310
vt 0.000000 0.900756
vt 0.099244 0.900756
vt 0.456716 0.462284
vt 0.313983 0.537716
vt 0.454171 0.537716
vt 0.273744 0.537716
vt 0.458932 0.462284
vt 0.458741 0.537716
vt 0.013614 0.537716
vt 0.197521 0.462284
vt 0.013553 0.462284
vt 0.017084 0.537716
vt 0.197521 0.537716
vt 0.528037 0.498301
vt 0.601336 0.462284
vt 0.596065 0.537716
vt 0.452312 0.537716
vt 0.520438 0.462284
vt 0.520438 0.537716
vt 0.403211 0.537716
vt 0.429556 0.462284
vt 0.445484 0.537716
vt 0.516180 0.537716
vt 0.459125 0.462284
vt 0.459125 0.537716
vt 0.163119 0.537716
vt 0.078327 0.462284
vt 0.078327 0.537716
vt 0.078328 0.537716
vt 0.163138 0.462284
vt 0.403443 0.537716
vt 0.429332 0.462284
vt 0.445066 0.537716
vt 0.451887 0.537716
vt 0.520012 0.462284
vt 0.520012 0.537716
vt 0.965596 0.537716
vt 0.880806 0.462284
vt 0.880806 0.537716
vt 0.515754 0.537716
vt 0.458699 0.462284
vt 0.458699 0.537716
vt 0.965611 0.462284
vt 0.880806 0.537716
vt 0.819560 0.537716
vt 1.000000 0.462284
vt 1.000000 0.537716
vt 0.527614 0.497506
vt 0.600910 0.462284
vt 0.595197 0.537716
vt 0.592422 0.739254
vt 0.550462 0.732060
vt 0.511926 0.588209
vt 0.728681 0.537716
vt 0.588235 0.462284
vt 0.588218 0.537716
vt 0.593592 0.537716
vt 0.565917 0.462284
vt 0.549487 0.537716
vt 0.548814 0.462284
vt 0.732874 0.537716
vt 0.548814 0.537716
vt 0.454172 0.537716
vt 0.458932 0.462284
vt 0.458740 0.537716
vt 0.017084 0.537716
vt 0.528038 0.498301
vt 0.596065 0.537716
vt 0.403211 0.537716
vt 0.429555 0.462284
vt 0.445484 0.537716
vt 0.163020 0.537716
vt 0.429332 0.462284
vt 0.445066 0.537716
vt 0.965596 0.537716
vt 0.965611 0.462284
vt 0.819560 0.537716
vt 0.527614 0.497507
vt 0.595197 0.537716
vt 0.592422 0.739254
vt 0.550462 0.732060
vt 0.511926 0.588209
vt 0.728681 0.537716
vt 0.588234 0.462284
vt 0.588218 0.537716
vt 0.565917 0.462284
vt 0.732874 0.537716
vt -0.110732 0.938234
vt 1.087652 0.673124
vt 1.087652 0.061768
vt 1.087652 0.685925
vt 1.087652 0.938234
vt -0.110732 0.678885
vt -0.110732 0.680592
vt 0.279262 0.000000
vt 0.461460 0.585685
vt 0.068998 0.055033
vt 0.170568 0.055215
vt 0.461625 0.000000
vt 0.069056 0.491495
vt 0.170540 0.491674
vt 0.170568 0.055215
vt 0.068998 0.055033
vt 0.257409 0.013954
vt 0.223276 0.513237
vt 0.223276 0.013954
vt 0.257409 0.513237
vt 0.223276 0.513237
vt 0.279262 0.585685
vt 0.279262 0.585685
vt 0.279262 0.000000
vt 0.051305 4.756692
vt 0.051305 4.770820
vt 0.948697 4.756693
vt 0.051305 4.784947
vt 0.051305 4.799074
vt 0.948697 4.784947
vt 0.051303 4.784947
vt 0.410843 4.799074
vt 0.410843 4.784947
vt 0.578694 4.770820
vt 0.578694 4.784947
vt 0.421305 4.778531
vt 0.589156 4.792011
vt 0.410843 4.790771
vt 0.589155 4.799075
vt 0.589155 4.784948
vt 0.061768 4.776435
vt -0.129114 4.784947
vt -0.129114 4.770820
vt 0.051305 4.818933
vt -0.139576 4.827329
vt -0.139576 4.813201
vt 0.948695 4.784947
vt 0.589157 4.799074
vt 0.589157 4.784947
vt 1.139576 4.784948
vt 0.948697 4.799074
vt 0.948697 4.756693
vt 0.051305 4.770820
vt 0.051305 4.756693
vt 0.948695 4.784948
vt 0.051305 4.799074
vt 0.051305 4.784947
vt 0.948695 4.813202
vt 0.051305 4.827329
vt 0.051305 4.813201
vt 0.589156 4.813201
vt 0.410843 4.827329
vt 0.410843 4.813201
vt 0.589155 4.765895
vt 0.948695 4.770821
vt 0.589155 4.799074
vt 0.948695 4.799075
vt 0.589155 4.818882
vt 0.948695 4.827329
vt 0.948695 4.813201
vt 0.948695 4.827329
vt 0.589157 4.818933
vt 0.410843 4.756693
vt 0.410843 4.770821
vt 0.589155 4.764253
vt 0.410843 4.813202
vt 0.410843 4.827329
vt 0.589155 4.813202
vt 0.051303 4.813201
vt 0.051305 4.827328
vt 0.948697 4.813201
vt -0.139576 4.784947
vt 0.051305 4.799074
vt 0.051305 4.784947
vt 0.051305 4.827329
vt 0.051305 4.813201
vt 1.139576 4.756693
vt 0.948697 4.764048
vt 1.139576 4.770821
vt 1.139576 4.813202
vt 0.948697 4.820308
vt 1.139576 4.827329
vt 0.460989 0.051344
vt 0.558523 0.000000
vt 0.521641 0.061640
vt 0.558523 0.585685
vt 0.521641 0.278612
vt 0.521641 0.490436
vt 0.521641 0.376835
vt 0.521641 0.164981
vt 0.669719 0.585685
vt 0.558524 0.585685
vt 0.625178 0.560124
vt 0.558524 0.560124
vt 0.558523 0.041047
vt 0.558523 0.000000
vt 0.625178 0.041048
vt 0.625178 0.300574
vt 0.625178 0.517558
vt 0.625178 0.083612
vt 0.558524 0.474991
vt 0.558524 0.451638
vt 0.625178 0.463315
vt 0.558524 0.149534
vt 0.558524 0.126180
vt 0.625178 0.137857
vt 0.625178 0.409079
vt 0.558524 0.366505
vt 0.558524 0.343152
vt 0.625178 0.354829
vt 0.558524 0.203777
vt 0.558524 0.180423
vt 0.460989 0.490432
vt 0.460989 0.164974
vt 0.647042 0.808077
vt 0.739710 0.898425
vt 0.523485 0.808077
vt 0.832378 0.898425
vt 0.279262 0.585685
vt 0.181727 0.534341
vt 0.242380 0.524045
vt 0.181727 0.090130
vt 0.242380 0.100364
vt 0.242380 0.420705
vt 0.181727 0.198613
vt 0.780915 0.585685
vt 0.736374 0.544638
vt 0.669719 0.544638
vt 0.669719 0.025562
vt 0.669719 0.000000
vt 0.736373 0.025562
vt 0.736374 0.285111
vt 0.736374 0.502074
vt 0.736373 0.068128
vt 0.736374 0.447829
vt 0.736374 0.122371
vt 0.736374 0.393586
vt 0.736374 0.339344
vt 0.000000 0.000000
vt 0.358835 0.808076
vt 0.276822 0.808077
vt 0.832378 0.808077
vt 0.907557 0.585685
vt 0.429998 0.523411
vt 0.463193 0.398790
vt 0.463193 0.548336
vt 0.573692 0.074773
vt 0.540497 0.199395
vt 0.540497 0.049849
vt 0.190661 0.839332
vt 0.158072 0.866994
vt 0.386197 0.817202
vt 0.158072 0.817202
vt 0.190661 0.800605
vt 0.158072 0.810978
vt 0.125483 0.833799
vt 0.255840 0.850397
vt 0.223250 0.866994
vt 0.223250 0.833800
vt 0.158072 0.856621
vt 0.125483 0.866994
vt 0.125483 0.833800
vt 0.429998 0.629392
vt 0.386212 0.585282
vt 0.000000 0.000000
vt 0.386213 0.027469
vt 0.386212 0.304981
vt 0.386212 0.532010
vt 0.386212 0.474566
vt 0.386213 0.074606
vt 0.386213 0.129555
vt 0.386212 0.418775
vt 0.386212 0.363272
vt 0.386213 0.248085
vt 0.215763 0.629392
vt 0.232360 0.800605
vt 0.199166 0.800605
vt 0.658728 0.940610
vt 0.634286 0.769397
vt 0.789085 0.940610
vt 0.828192 0.769397
vt 0.955057 0.199395
vt 0.726327 0.348941
vt 0.758311 0.548336
vt 0.606281 0.074773
vt 0.573692 0.149546
vt 0.463193 0.473563
vt 0.496387 0.448638
vt 0.133003 0.866994
vt 0.158072 0.900188
vt 0.223251 0.800605
vt 0.255840 0.810978
vt 0.418786 0.833800
vt 0.353607 0.817202
vt 0.288429 0.833800
vt 0.255840 0.817202
vt 0.223250 0.800605
vt 0.190661 0.829650
vt 0.288429 0.833800
vt 0.288429 0.866994
vt 0.255840 0.850397
vt 0.353608 0.866994
vt 0.418786 0.866994
vt 0.386197 0.839332
vt 0.043786 0.585282
vt 0.043786 0.310558
vt 0.043786 0.027469
vt 0.043786 0.071351
vt 0.043786 0.544917
vt 0.043786 0.132897
vt 0.043786 0.489613
vt 0.043786 0.189794
vt 0.043786 0.248085
vt 0.934246 0.769397
vt 0.926099 0.598185
vt 0.958688 0.598185
vt 0.725722 0.548336
vt 0.638870 0.074773
vt 0.460989 0.051344
vt 0.558523 0.000000
vt 0.521641 0.061640
vt 0.521641 0.278612
vt 0.625178 0.300560
vt 0.625178 0.517559
vt 0.625178 0.083614
vt 0.558523 0.095291
vt 0.558523 0.071937
vt 0.625178 0.463315
vt 0.625178 0.409072
vt 0.558524 0.420748
vt 0.558524 0.397395
vt 0.389724 0.808076
vt 0.554374 0.808077
vt 0.181727 0.090130
vt 0.242380 0.534301
vt 0.181727 0.524069
vt 0.736374 0.285125
vt 0.736374 0.502072
vt 0.736374 0.068121
vt 0.736374 0.122371
vt 0.736374 0.393586
vt 0.736374 0.339343
vt 0.669720 0.296777
vt 0.669720 0.273423
vt 0.181727 0.203740
vt 0.801489 0.808077
vt 0.647042 0.808077
vt 0.515750 0.398790
vt 0.693738 0.398790
vt 0.651121 0.233905
vt 0.190661 0.866994
vt 0.205145 0.833800
vt 0.190661 0.850397
vt 0.386197 0.814436
vt 0.158072 0.814436
vt 0.158072 0.819968
vt 0.255840 0.847631
vt 0.321018 0.847630
vt 0.288429 0.866994
vt 0.158072 0.847631
vt 0.386213 0.051180
vt 0.386212 0.306376
vt 0.386212 0.585282
vt 0.386212 0.539539
vt 0.386212 0.481248
vt 0.386213 0.085760
vt 0.386213 0.139032
vt 0.386212 0.422957
vt 0.386212 0.364666
vt 0.725722 0.448638
vt 0.726327 0.348941
vt 0.693738 0.398790
vt 0.711843 0.199395
vt 0.474109 0.049849
vt 0.474109 0.199395
vt 0.429998 0.122732
vt 0.507303 0.199395
vt 0.474109 -0.000000
vt 0.125483 0.880825
vt 0.255840 0.828267
vt 0.353607 0.814436
vt 0.255840 0.814436
vt 0.190661 0.814436
vt 0.255840 0.853163
vt 0.321018 0.853163
vt 0.386197 0.866994
vt 0.353608 0.853163
vt 0.043786 0.306375
vt 0.043786 0.073212
vt 0.214999 0.060664
vt 0.043786 0.539539
vt 0.043786 0.126125
vt 0.043786 0.481248
vt 0.043786 0.193976
vt 0.043786 0.242707
vt 0.926099 0.769397
vt 0.958688 0.769397
vt 0.726327 0.249243
vt 0.671460 0.199395
vt 0.821196 0.517391
vt 0.678804 0.517391
vt 0.678804 0.446196
vt 0.500000 0.446196
vt 0.500000 0.071196
vt 1.000000 0.071196
vt 1.000000 0.446196
vt 0.678804 0.000000
vt 0.821196 0.000000
vt 0.500000 0.071196
vt 0.500000 0.446195
vt 0.321196 0.446196
vt 0.321196 0.517391
vt 0.178805 0.517391
vt 0.178804 0.000000
vt 0.321196 0.000000
vt 0.000000 0.446196
vt 0.000000 0.071196
vt 0.413795 0.246361
vt 0.423311 0.246361
vt 0.418553 0.358216
vt 0.521641 0.273466
vt 0.521641 0.490436
vt 0.521641 0.381952
vt 0.521641 0.056494
vt 0.521641 0.164980
vt 0.625178 0.517565
vt 0.625178 0.083607
vt 0.625178 0.137855
vt 0.625178 0.409072
vt 0.625178 0.354829
vt 0.460989 0.056484
vt 0.460989 0.490432
vt 0.460989 0.164973
vt 0.307711 0.808077
vt 0.866509 0.696881
vt 0.242380 0.534301
vt 0.181727 0.524069
vt 0.242380 0.420705
vt 0.242380 0.095249
vt 0.736374 0.502079
vt 0.736373 0.068121
vt 0.669719 0.079805
vt 0.669719 0.056451
vt 0.736374 0.447831
vt 0.669719 0.459506
vt 0.669719 0.436152
vt 0.736374 0.122371
vt 0.736374 0.393586
vt 0.669719 0.351020
vt 0.669719 0.327666
vt 0.669719 0.242534
vt 0.669719 0.219180
vt 0.181727 0.095254
vt 0.181727 0.203740
vt 0.463193 0.523411
vt 0.496387 0.398790
vt 0.190661 0.839332
vt 0.158072 0.817202
vt 0.255840 0.839332
vt 0.321018 0.844173
vt 0.158072 0.847631
vt 0.190661 0.872526
vt 0.158072 0.900188
vt 0.386212 0.311753
vt 0.386212 0.477065
vt 0.386213 0.067834
vt 0.386213 0.135686
vt 0.386212 0.356301
vt 0.386213 0.181428
vt 0.386213 0.246224
vt 0.512379 0.769397
vt 0.495782 0.598184
vt 0.530187 0.473563
vt 0.745950 0.769397
vt 0.729353 0.598185
vt 0.762547 0.598185
vt 0.712756 0.598185
vt 0.729353 0.769397
vt 0.215763 0.629392
vt 0.593550 0.940610
vt 0.789085 0.940610
vt 0.756496 0.940610
vt 0.764643 0.769397
vt 0.723907 0.940610
vt 0.932174 0.000000
vt 0.190661 0.823426
vt 0.255840 0.854085
vt 0.321018 0.862845
vt 0.043786 0.298846
vt 0.043786 0.080741
vt 0.043786 0.539539
vt 0.043786 0.127320
vt 0.043786 0.482642
vt 0.043786 0.198159
vt 0.043786 0.249479
vt 0.888668 0.398790
vt 0.460989 0.495556
vt 0.521641 0.485322
vt 0.521641 0.268341
vt 0.625178 0.517559
vt 0.558524 0.529234
vt 0.558524 0.505881
vt 0.625178 0.083612
vt 0.625178 0.354836
vt 0.558524 0.258020
vt 0.558524 0.234666
vt 0.460989 0.056484
vt 0.460989 0.164973
vt 0.242380 0.529191
vt 0.242380 0.420705
vt 0.736374 0.502073
vt 0.736373 0.068121
vt 0.736374 0.122371
vt 0.181727 0.529201
vt 0.223251 0.847631
vt 0.321018 0.819969
vt 0.190661 0.850397
vt 0.158072 0.804755
vt 0.158072 0.817202
vt 0.321018 0.853163
vt 0.158072 0.847630
vt 0.190661 0.883591
vt 0.386213 0.310558
vt 0.386213 0.073212
vt 0.386213 0.131503
vt 0.386212 0.427140
vt 0.386212 0.368849
vt 0.515750 0.228473
vt 0.529581 0.398790
vt 0.496387 0.348941
vt 0.143588 0.866994
vt 0.255840 0.819968
vt 0.353607 0.814436
vt 0.255840 0.810978
vt 0.190661 0.817202
vt 0.255840 0.850397
vt 0.321018 0.847631
vt 0.353608 0.853163
vt 0.043786 0.054025
vt 0.043786 0.302193
vt 0.043786 0.085760
vt 0.043786 0.131503
vt 0.043786 0.481248
vt 0.711843 0.398790
vt 0.693738 0.249244
vt 0.726327 0.249244
vt 0.429998 0.103336
vt 0.474109 0.000000
vt 0.474109 0.149546
vt 0.418553 0.358216
vt 0.521641 0.495580
vt 0.521641 0.273466
vt 0.460989 0.485288
vt 0.521641 0.381952
vt 0.521641 0.056495
vt 0.521641 0.164978
vt 0.625178 0.300586
vt 0.625178 0.517556
vt 0.625178 0.083606
vt 0.625178 0.463307
vt 0.625178 0.137855
vt 0.625178 0.409072
vt 0.625178 0.354827
vt 0.460989 0.056492
vt 0.460989 0.164978
vt 0.242380 0.529190
vt 0.242380 0.420707
vt 0.242380 0.095249
vt 0.181727 0.208884
vt 0.736374 0.285111
vt 0.736373 0.068130
vt 0.736374 0.447831
vt 0.736374 0.122378
vt 0.736374 0.339344
vt 0.181727 0.095254
vt 0.181727 0.529193
vt 0.429998 0.473563
vt 0.463193 0.598184
vt 0.321018 0.804754
vt 0.190661 0.844173
vt 0.321018 0.866994
vt 0.301087 0.833799
vt 0.158072 0.839332
vt 0.386212 0.314741
vt 0.386212 0.544917
vt 0.386213 0.071864
vt 0.386213 0.136881
vt 0.386212 0.417580
vt 0.386212 0.368849
vt 0.386213 0.253933
vt 0.232360 0.800605
vt 0.232360 0.629392
vt 0.834406 0.000000
vt 0.386197 0.829650
vt 0.353607 0.806138
vt 0.190661 0.831033
vt 0.353608 0.854085
vt 0.043786 0.298010
vt 0.043786 0.073212
vt 0.043786 0.532010
vt 0.043786 0.125830
vt 0.043786 0.189794
vt 0.043786 0.240556
vt 0.530187 0.598185
vt 0.563381 0.598185
vt 0.546784 0.769397
vt 0.662964 0.769397
vt 0.629770 0.769397
vt 0.646367 0.598184
vt 0.907732 0.171213
vt 0.893509 0.769397
vt 0.893509 0.598185
vt 0.926099 0.769397
vt 0.886853 0.769397
vt 0.521641 0.278613
vt 0.521641 0.387098
vt 0.460989 0.159830
vt 0.521641 0.170126
vt 0.625178 0.300560
vt 0.625178 0.517556
vt 0.625178 0.463317
vt 0.625178 0.409064
vt 0.625178 0.354830
vt 0.460989 0.056484
vt 0.181727 0.090130
vt 0.242380 0.100364
vt 0.242380 0.415560
vt 0.736374 0.285125
vt 0.736373 0.068128
vt 0.736374 0.122369
vt 0.736374 0.339343
vt 0.181727 0.529201
vt 0.223251 0.850397
vt 0.386197 0.817202
vt 0.158072 0.814436
vt 0.321018 0.850397
vt 0.158072 0.850397
vt 0.190661 0.880825
vt 0.386212 0.307770
vt 0.386212 0.543722
vt 0.386213 0.077395
vt 0.386213 0.127320
vt 0.386212 0.422957
vt 0.386212 0.357137
vt 0.512984 0.224319
vt 0.496387 0.398790
vt 0.386197 0.817202
vt 0.190661 0.819968
vt 0.255840 0.853163
vt 0.321018 0.850397
vt 0.353608 0.850397
vt 0.386197 0.853163
vt 0.043786 0.302193
vt 0.043786 0.069029
vt 0.043786 0.535356
vt 0.043786 0.135685
vt 0.043786 0.481248
vt 0.043786 0.239719
vt 0.726327 0.199395
vt 0.429998 0.053668
vt 0.418553 0.358216
vt 0.521641 0.278613
vt 0.521641 0.490436
vt 0.460989 0.159830
vt 0.521641 0.170126
vt 0.625178 0.300586
vt 0.625178 0.517550
vt 0.625178 0.083612
vt 0.625178 0.137855
vt 0.625178 0.409073
vt 0.558524 0.312262
vt 0.558524 0.288909
vt 0.460989 0.490432
vt 0.181727 0.534338
vt 0.242380 0.524045
vt 0.242380 0.420707
vt 0.736374 0.285111
vt 0.736374 0.502074
vt 0.736373 0.068135
vt 0.736374 0.447830
vt 0.736374 0.393593
vt 0.736374 0.339350
vt 0.181727 0.095254
vt 0.477024 0.598184
vt 0.463193 0.398790
vt 0.396517 0.800605
vt 0.396517 0.629392
vt 0.429106 0.629392
vt 0.889879 0.199395
vt 0.823490 0.398790
vt 0.769227 0.171213
vt 0.919442 0.769397
vt 0.952032 0.769397
vt 0.321018 0.817202
vt 0.190661 0.850397
vt 0.386197 0.829650
vt 0.158072 0.804754
vt 0.158072 0.829650
vt 0.255840 0.862845
vt 0.321018 0.861461
vt 0.158072 0.866994
vt 0.132001 0.833800
vt 0.386212 0.311753
vt 0.386212 0.532010
vt 0.386212 0.473719
vt 0.386213 0.065683
vt 0.386213 0.137111
vt 0.386212 0.431323
vt 0.386212 0.370044
vt 0.386213 0.185611
vt 0.386213 0.246690
vt 0.033194 0.629392
vt 0.033194 0.800605
vt 0.779144 0.769397
vt 0.762547 0.598185
vt 0.215763 0.629392
vt 0.136346 0.866994
vt 0.353607 0.823426
vt 0.190661 0.810978
vt 0.255840 0.844173
vt 0.353608 0.844173
vt 0.386197 0.853163
vt 0.043786 0.298846
vt 0.043786 0.078590
vt 0.043786 0.544917
vt 0.043786 0.126125
vt 0.043786 0.486626
vt 0.043786 0.193976
vt 0.043786 0.252267
vt 0.866995 0.000000
vt 0.866995 0.171213
vt 0.860920 0.769397
vt 0.860920 0.598185
vt 0.429998 0.074773
vt 0.460989 0.051348
vt 0.521641 0.061640
vt 0.625178 0.517559
vt 0.625178 0.463312
vt 0.625178 0.137857
vt 0.625178 0.409064
vt 0.625178 0.354827
vt 0.736374 0.285111
vt 0.736373 0.068126
vt 0.736374 0.447829
vt 0.736374 0.122373
vt 0.736374 0.393586
vt 0.669719 0.405263
vt 0.669719 0.381909
vt 0.736374 0.339344
vt 0.669719 0.188291
vt 0.669719 0.164937
vt 0.214363 0.833800
vt 0.190661 0.837949
vt 0.386197 0.804754
vt 0.158072 0.814436
vt 0.158072 0.814436
vt 0.255840 0.850397
vt 0.321018 0.847630
vt 0.158072 0.861462
vt 0.190661 0.883591
vt 0.386212 0.310558
vt 0.386213 0.073212
vt 0.386212 0.477065
vt 0.386213 0.135686
vt 0.386212 0.422957
vt 0.386212 0.360484
vt 0.125483 0.883591
vt 0.255840 0.817202
vt 0.386197 0.823426
vt 0.353607 0.810978
vt 0.255840 0.814436
vt 0.190661 0.819969
vt 0.321018 0.853163
vt 0.043786 0.302193
vt 0.043786 0.073212
vt 0.043786 0.544917
vt 0.043786 0.130109
vt 0.043786 0.482642
vt 0.043786 0.185611
vt 0.693738 0.199395
vt 0.726327 0.324017
vt 0.418553 0.423924
vt 0.421305 0.500000
vt 0.938234 0.500000
vt 0.578693 0.500000
vt 0.578693 0.500000
vt 0.421305 0.500000
vt 0.061768 0.500000
vt 0.377857 -0.172560
vt 0.622206 1.172627
vt 1.002698 -0.002698
vt 0.938234 1.500001
vt 0.578693 1.500000
vt 0.578693 1.500000
vt 0.578693 2.500000
vt 0.061766 3.500001
vt 0.421305 4.500001
vt 0.938234 4.500001
vt 0.578693 4.500001
vt 0.421305 4.500001
vt 0.519042 0.916671
vt 0.571132 1.121553
vt 0.442867 1.107550
vt 0.083329 0.916671
vt 0.916669 0.083331
vt 0.083329 0.083331
vt 0.500000 0.083331
vt 0.442869 -0.107550
vt 0.571226 -0.121647
vt 0.916669 0.916671
vt 0.916669 4.790817
vt -0.107550 4.834222
vt 0.557129 4.831328
vt 0.083329 4.790818
vt 0.442869 4.790817
vt 0.557129 4.790818
vt 0.630315 -0.180734
vt 0.578693 3.931691
vt 0.938232 3.742565
vt 0.578693 3.931691
vt 0.557129 1.107550
vt 0.499998 0.916671
vt 0.480956 0.083331
vt 0.916669 3.790817
vt 0.083329 3.790817
vt 0.916671 3.931691
vt 0.442869 3.790817
vt 0.442867 3.790818
vt 0.557129 3.931691
vt 0.383259 0.976280
vt 0.382664 1.167755
vt 0.421305 2.931691
vt 0.578693 2.931691
vt 0.938232 2.742565
vt 0.578693 2.931691
vt 0.421305 2.931691
vt 0.557129 1.107552
vt 0.442867 1.107552
vt 0.916671 2.790817
vt 0.916669 2.790817
vt 0.083331 2.790817
vt 0.083329 2.790817
vt 0.442867 2.790817
vt 0.557129 2.931691
vt 0.421305 1.931690
vt 0.625658 -0.176075
vt 0.578693 1.931691
vt 0.421305 1.742565
vt 0.578693 1.931691
vt 0.938232 1.742565
vt 0.421305 1.931691
vt 0.578695 1.742565
vt 0.061766 1.931691
vt 0.916669 0.916673
vt 0.480956 0.083331
vt 0.916669 1.790817
vt 0.083329 1.790817
vt 0.442867 1.790817
vt 0.557129 1.790817
vt 0.421305 0.931690
vt 0.617508 0.977052
vt 0.625547 -0.175964
vt 0.578693 0.931690
vt 0.421305 0.742565
vt 0.578693 0.931690
vt 0.938232 0.742565
vt 0.421305 0.931691
vt 0.578695 0.742565
vt 0.061766 0.931690
vt 0.499998 0.916673
vt 0.083329 0.916673
vt 0.916669 0.790816
vt 0.557129 0.790817
vt 0.083329 0.790817
vt 0.557129 0.790817
vt 0.551751 0.704729
vt 0.551221 0.704729
vt 0.551330 0.280730
vt 0.412209 0.276552
vt 0.954011 0.123389
vt 0.551281 0.280730
vt 0.493429 0.276552
vt 0.930714 0.491659
vt 0.410700 0.705501
vt 0.319450 0.743440
vt 0.956176 0.721439
vt 0.864458 0.241918
vt 0.858790 0.248530
vt 0.858419 0.241504
vt 0.442910 0.323535
vt 0.436299 0.317867
vt 0.443324 0.317496
vt 0.425938 0.964088
vt 0.513325 0.964088
vt 0.465474 0.692704
vt 0.473787 0.692704
vt 0.442910 0.323535
vt 0.469631 0.692704
vt 0.934010 0.180178
vt 0.952152 0.179571
vt 0.942267 0.198073
vt 0.864458 0.241918
vt 0.541486 0.964088
vt 0.407428 0.964088
vt 0.474733 0.692704
vt 0.399970 0.964088
vt 0.531834 0.964088
vt 0.464529 0.692704
vt 0.736821 0.315560
vt 0.740012 0.287350
vt 0.766435 0.299894
vt 0.937384 0.179040
vt 0.955157 0.184896
vt 0.942257 0.198208
vt 0.527120 0.964088
vt 0.407697 0.964088
vt 0.400239 0.964088
vt 0.539397 0.964088
vt 0.464529 0.692704
vt 0.759823 0.292037
vt 0.742521 0.320764
vt 0.732036 0.294353
vt 0.937384 0.179040
vt 0.955157 0.184895
vt 0.942257 0.198207
vt 0.864458 0.241918
vt 0.538784 0.964088
vt 0.410117 0.964088
vt 0.480993 0.692704
vt 0.400478 0.964088
vt 0.531301 0.964088
vt 0.458270 0.692704
vt 0.735820 0.320080
vt 0.740033 0.289808
vt 0.765194 0.308951
vt 0.539024 0.964088
vt 0.399865 0.964088
vt 0.474733 0.692704
vt 0.412143 0.964088
vt 0.532080 0.964088
vt 0.464530 0.692704
vt 0.746049 0.324983
vt 0.739100 0.290107
vt 0.765781 0.301574
vt 0.864458 0.241918
vt 0.858790 0.248530
vt 0.442910 0.323535
vt 0.436299 0.317867
vt 0.539025 0.964088
vt 0.407183 0.964088
vt 0.474733 0.692704
vt 0.407795 0.964088
vt 0.529369 0.964088
vt 0.464530 0.692704
vt 0.442910 0.323535
vt 0.436299 0.317868
vt 0.469631 0.692704
vt 0.272762 0.039247
vt -0.211397 9.277874
vt 0.039247 9.277874
vt 0.000000 0.558310
vt 0.243941 0.558310
vt 0.121970 0.000000
vt 0.487881 0.000000
vt 0.243941 0.000000
vt 0.365911 0.558310
vt 0.515128 0.003709
vt 0.701319 0.418778
vt 0.627260 0.342446
vt 0.272762 9.267997
vt 0.408582 0.461674
vt 0.497674 0.273744
vt 0.511972 0.314025
vt 0.564723 0.460120
vt 0.476143 0.459890
vt 0.476616 0.498116
vt 0.508812 0.305511
vt 0.408600 0.460958
vt 0.313988 0.462284
vt 0.457336 0.500001
vt 0.273744 0.462284
vt 0.457295 0.500000
vt 0.445362 0.016599
vt 0.517595 0.073516
vt 0.411006 0.016662
vt 0.489179 0.163139
vt 0.456857 0.073509
vt 0.503254 0.197521
vt 0.429032 0.011720
vt 0.587210 0.015981
vt 0.528365 0.018402
vt 0.013858 0.462284
vt 0.452312 0.462284
vt 0.020465 0.537716
vt 0.015965 0.462284
vt 0.063854 0.462284
vt 0.516180 0.462284
vt 0.078328 0.462284
vt 0.594713 0.010145
vt 0.492286 0.170649
vt 0.529229 0.012482
vt 0.444956 0.819012
vt 0.517158 0.876032
vt 0.412697 0.820559
vt 0.456386 0.875892
vt 0.586956 0.818672
vt 0.527925 0.820962
vt 0.822927 0.537716
vt 0.818443 0.462284
vt 0.866333 0.462284
vt 0.451887 0.462284
vt 0.594028 0.812487
vt 0.492292 0.974244
vt 0.528803 0.814961
vt 0.515754 0.462284
vt 0.488639 0.965614
vt 0.428842 0.814128
vt 0.502829 1.000000
vt 0.816090 0.537716
vt 0.816030 0.462284
vt 0.816328 0.462284
vt 0.476144 0.734109
vt 0.408824 0.735697
vt 0.492431 0.548814
vt 0.731432 0.499999
vt 0.509834 0.579503
vt 0.408444 0.735951
vt 0.475789 0.733486
vt 0.731554 0.500001
vt 0.731357 0.462284
vt 0.733267 0.462284
vt 0.408582 0.461674
vt 0.497674 0.273744
vt 0.511972 0.314025
vt 0.564723 0.460120
vt 0.476143 0.459890
vt 0.476616 0.498116
vt 0.508812 0.305511
vt 0.408600 0.460958
vt 0.457336 0.500000
vt 0.457295 0.500000
vt 0.445363 0.016598
vt 0.517595 0.073516
vt 0.409256 0.014419
vt 0.489164 0.163090
vt 0.456812 0.073414
vt 0.429031 0.011720
vt 0.587210 0.015981
vt 0.528365 0.018402
vt 0.013614 0.537716
vt 0.013552 0.462284
vt 0.013858 0.462284
vt 0.020465 0.537716
vt 0.015965 0.462284
vt 0.163088 0.462284
vt 0.594713 0.010145
vt 0.492623 0.171482
vt 0.529229 0.012482
vt 0.444956 0.819013
vt 0.412697 0.820559
vt 0.456386 0.875892
vt 0.586956 0.818672
vt 0.527925 0.820963
vt 0.822927 0.537716
vt 0.818443 0.462284
vt 0.594028 0.812488
vt 0.492292 0.974244
vt 0.528803 0.814961
vt 0.488639 0.965614
vt 0.428842 0.814128
vt 0.816090 0.537716
vt 0.816030 0.462284
vt 0.816328 0.462284
vt 0.476144 0.734109
vt 0.408824 0.735697
vt 0.731432 0.499999
vt 0.509834 0.579503
vt 0.408444 0.735951
vt 0.475789 0.733486
vt 0.731554 0.500001
vt 0.731357 0.462284
vt 0.733267 0.462284
vt -0.110732 0.061768
vt 0.170568 0.055215
vt 0.170568 0.055215
vt 0.257408 0.513237
vt 0.257408 0.013954
vt 0.948697 4.827329
vt 0.051303 4.756693
vt 0.051303 4.770820
vt 0.410843 4.764048
vt 0.051303 4.799074
vt 0.051303 4.827329
vt 0.410843 4.820308
vt 0.589155 4.827329
vt -0.139576 4.792011
vt 1.139576 4.799075
vt 0.948697 4.818882
vt 0.589155 4.827329
vt 0.589155 4.784947
vt 0.948695 4.756693
vt 0.948695 4.770820
vt 0.589157 4.763968
vt 0.948695 4.799074
vt 0.410843 4.763975
vt -0.139576 4.799074
vt 0.948697 4.770820
vt 1.139576 4.790771
s 1
usemtl GT_MC_Facade_3B
f 14/1/1 21/2/2 29/3/3
f 13/4/4 25/5/5 21/6/2
f 38/7/6 11/8/7 25/9/5
f 10/10/8 24/11/9 11/12/7
f 9/13/10 28/14/11 24/15/9
f 7/16/12 28/17/11 8/18/13
f 7/16/12 23/19/14 26/20/15
f 40/21/16 22/22/17 23/23/14
f 42/24/18 27/25/19 22/26/17
f 44/27/20 27/28/19 6/29/21
f 26/30/15 23/31/14 17/32/22
f 31/33/23 34/34/24 18/35/25
f 14/36/1 19/37/26 36/38/27
f 63/39/28 12/40/29 10/41/8
f 62/42/30 8/43/13 9/44/10
f 43/45/31 44/46/20 6/47/21
f 68/48/32 69/49/33 37/50/34
f 37/51/34 67/52/35 61/53/36
f 61/54/36 65/55/37 63/56/28
f 63/57/28 64/58/38 62/59/30
f 62/60/30 66/61/39 60/62/40
f 66/63/39 58/64/41 60/14/40
f 58/65/41 73/66/42 59/67/43
f 59/68/43 57/69/44 54/70/45
f 54/71/45 74/72/46 43/73/31
f 74/74/46 55/75/47 43/76/31
f 49/77/48 50/78/49 204/79/50
f 72/80/51 64/81/38 65/82/37
f 71/83/52 76/84/53 48/85/54
f 54/86/55 42/87/18 41/88/56
f 59/89/55 40/90/16 39/91/57
f 62/92/30 9/93/10 12/94/29
f 61/95/58 38/96/6 15/97/59
f 55/98/47 16/99/60 44/100/20
f 37/101/61 14/36/1 68/102/62
f 61/103/58 13/104/4 37/105/61
f 63/42/28 38/106/6 61/107/58
f 58/108/55 8/109/13 60/110/40
f 54/111/55 40/112/16 59/113/55
f 59/114/55 7/115/12 58/116/55
f 43/117/31 42/118/18 54/119/55
f 137/198/113 152/3/114 136/1/115
f 137/4/113 147/5/116 138/6/117
f 160/7/118 150/8/119 147/9/116
f 133/10/120 146/11/121 150/12/119
f 132/13/122 151/14/123 146/15/121
f 131/18/124 148/199/125 151/17/123
f 161/200/126 148/199/125 130/201/127
f 163/21/128 144/22/129 145/23/130
f 164/24/131 149/25/132 144/26/129
f 165/29/133 128/202/134 149/28/132
f 148/203/125 145/204/130 141/32/135
f 154/205/136 125/206/137 142/35/138
f 164/207/131 129/208/139 176/209/140
f 182/210/141 131/211/124 189/212/142
f 165/213/133 127/214/139 178/215/143
f 192/216/144 137/217/113 136/218/115
f 185/39/145 135/40/146 133/41/120
f 182/219/141 130/220/147 131/221/124
f 162/222/148 161/223/126 130/224/147
f 192/48/144 193/49/149 190/50/150
f 190/51/150 191/52/151 183/53/152
f 183/54/152 187/55/153 185/56/145
f 185/57/145 186/58/154 184/59/155
f 184/60/155 188/61/156 189/62/142
f 182/14/141 179/225/157 162/64/148
f 162/65/148 199/66/158 181/67/159
f 181/68/159 180/69/160 176/70/161
f 176/71/161 200/72/162 178/73/163
f 178/76/163 175/25/164 177/75/165
f 170/226/166 171/227/167 100/79/168
f 197/80/169 186/228/154 187/229/153
f 196/83/170 202/230/171 169/85/172
f 181/231/159 163/90/128 161/91/126
f 184/232/155 132/93/122 135/94/146
f 183/95/173 160/96/118 139/97/174
f 185/233/145 133/234/120 134/235/175
f 198/38/176 136/236/115 159/37/177
f 177/98/178 140/99/179 166/100/180
f 183/103/173 137/104/113 190/105/150
f 189/219/142 132/237/122 184/238/155
f 185/42/145 160/106/118 183/107/173
f 176/111/140 163/112/128 181/113/159
f 177/239/178 165/43/133 178/240/143
f 178/117/143 164/118/131 176/119/140
f 279/1/238 280/2/239 294/3/3
f 278/4/240 289/5/241 280/6/239
f 275/7/242 292/8/243 289/9/241
f 277/10/244 288/11/245 292/12/243
f 276/13/246 293/14/247 288/15/245
f 273/16/248 293/17/247 274/18/249
f 273/16/248 287/19/250 290/20/251
f 272/21/252 286/22/253 287/23/250
f 271/75/254 286/26/253 270/24/255
f 307/27/256 291/28/257 271/29/254
f 290/30/251 287/315/250 282/32/258
f 296/316/259 299/317/260 283/35/261
f 305/318/262 270/319/255 317/209/263
f 322/210/264 274/320/265 329/212/266
f 323/321/267 276/322/268 328/323/269
f 302/324/270 278/325/55 332/326/271
f 331/327/272 284/37/27 301/38/273
f 331/216/272 278/217/55 279/218/274
f 302/114/270 275/328/275 278/329/55
f 324/39/276 276/40/268 277/41/277
f 323/42/267 274/43/265 276/44/268
f 303/117/278 277/330/277 275/331/275
f 322/219/264 273/220/279 274/221/265
f 304/222/280 272/223/252 273/224/279
f 306/45/281 307/46/282 271/47/55
f 305/119/262 271/332/55 270/118/255
f 331/48/272 333/49/283 332/50/271
f 302/51/270 330/52/284 303/53/278
f 303/54/278 326/55/285 324/56/276
f 324/57/276 325/58/286 328/59/269
f 323/60/267 327/61/287 329/62/266
f 327/63/287 320/64/288 322/14/264
f 304/65/280 338/66/289 321/67/290
f 321/68/290 319/69/291 317/70/263
f 319/333/291 306/73/281 305/71/262
f 339/74/292 316/75/293 306/76/281
f 311/334/294 312/335/295 337/79/296
f 336/80/51 325/81/286 326/229/285
f 335/83/297 341/336/298 310/337/299
f 320/338/288 304/339/280 273/93/279
f 316/98/293 334/340/300 307/100/282
f 317/111/263 272/112/252 321/113/290
f 398/198/346 412/3/347 397/1/348
f 422/4/349 407/5/350 399/6/351
f 423/7/352 410/8/353 407/9/350
f 396/10/354 406/11/355 410/12/353
f 395/13/356 411/14/357 406/15/355
f 394/18/358 408/199/359 411/17/357
f 393/200/360 408/199/359 425/201/361
f 393/21/360 404/22/362 405/23/363
f 428/75/364 404/26/362 427/24/365
f 429/29/366 392/202/367 409/28/368
f 408/203/359 405/204/363 402/32/369
f 414/392/370 419/317/371 403/35/372
f 455/216/373 398/217/346 397/218/374
f 448/42/375 394/43/358 395/44/356
f 444/222/376 393/223/360 425/224/361
f 455/48/373 456/49/377 453/50/378
f 453/51/378 454/52/379 447/53/380
f 447/54/380 451/55/381 449/56/382
f 449/57/382 450/58/383 448/59/375
f 448/60/375 452/61/384 446/62/385
f 446/14/385 442/225/386 444/64/376
f 444/65/376 462/66/387 445/67/388
f 445/68/388 443/69/389 439/70/390
f 443/333/389 441/73/391 439/71/390
f 441/76/391 438/25/392 440/75/393
f 434/393/394 435/335/395 365/79/396
f 460/80/169 450/394/383 451/229/381
f 459/83/397 465/395/398 433/396/399
f 439/397/234 427/87/365 426/88/400
f 444/398/376 425/399/361 424/93/401
f 447/400/402 423/96/352 400/97/403
f 453/401/378 422/402/349 398/403/346
f 461/38/404 455/216/373 421/37/405
f 440/98/393 458/340/406 430/100/180
f 441/404/234 429/405/366 428/113/364
f 447/103/402 422/104/349 453/105/378
f 448/406/375 396/407/354 449/408/407
f 449/42/407 423/106/352 447/107/402
f 444/108/376 394/109/358 446/110/385
f 439/111/234 393/112/360 445/113/388
f 440/239/393 429/43/366 441/240/234
f 441/117/234 427/118/365 439/119/234
f 542/1/442 546/2/443 553/3/444
f 535/443/445 546/6/443 541/4/446
f 538/444/447 550/9/448 535/7/445
f 536/53/449 539/12/450 537/10/451
f 536/13/449 540/14/452 549/15/453
f 533/16/454 540/17/452 534/18/455
f 564/201/456 548/19/457 551/20/458
f 565/21/459 547/22/460 548/23/457
f 568/75/461 547/26/460 567/24/462
f 570/27/463 552/28/464 569/29/465
f 551/445/458 548/31/457 544/32/258
f 555/446/466 558/447/467 545/35/468
f 564/448/456 533/449/454 585/450/469
f 537/451/451 538/452/447 589/453/470
f 561/324/471 541/454/472 595/326/473
f 594/216/474 541/217/472 542/218/475
f 561/114/471 535/328/445 541/329/472
f 586/455/476 566/456/477 565/457/459
f 594/48/474 596/49/478 595/50/473
f 596/458/478 562/53/479 561/51/471
f 593/459/480 589/56/481 562/54/479
f 591/460/482 588/59/483 589/57/481
f 588/60/483 592/61/484 587/62/485
f 592/63/484 585/64/486 587/14/485
f 585/65/486 601/66/487 586/67/476
f 586/68/476 584/69/488 580/70/489
f 584/333/488 582/73/490 580/71/489
f 602/74/491 581/75/492 582/76/490
f 575/461/493 576/462/494 753/79/495
f 599/80/496 590/463/497 591/464/482
f 598/83/498 604/465/499 574/466/500
f 580/467/489 567/87/462 566/88/477
f 586/468/476 565/90/459 563/91/501
f 600/38/273 594/216/474 560/37/27
f 581/98/492 597/340/502 570/100/463
f 582/469/503 569/405/465 568/113/461
f 588/406/504 537/407/451 589/408/470
f 587/219/505 536/237/449 588/238/504
f 589/42/470 535/106/445 562/107/479
f 585/108/469 534/109/455 587/110/505
f 586/114/476 564/115/456 585/116/469
f 581/239/492 569/43/465 582/240/503
f 582/117/503 567/118/462 580/119/489
f 661/198/554 675/3/555 662/1/556
f 661/4/554 670/5/557 666/6/558
f 660/444/559 670/9/557 658/7/560
f 659/53/561 673/12/562 660/10/559
f 659/13/561 674/14/563 669/15/564
f 657/18/565 671/199/566 674/17/563
f 688/200/567 671/199/566 656/201/568
f 688/21/567 667/22/569 668/23/570
f 655/75/571 667/26/569 654/24/572
f 691/27/573 672/28/574 655/29/571
f 671/506/566 668/507/570 664/32/575
f 677/508/576 682/509/577 665/35/578
f 689/318/579 654/319/580 701/209/581
f 713/216/582 661/217/583 662/218/584
f 685/114/585 658/328/560 661/329/583
f 708/39/586 659/40/587 660/41/559
f 707/42/588 657/43/565 659/44/587
f 705/455/589 654/456/580 688/457/590
f 687/222/591 688/223/590 656/224/568
f 689/119/579 655/332/571 654/118/580
f 713/48/582 715/49/592 714/50/593
f 685/51/585 712/52/594 686/53/595
f 712/459/594 708/56/586 686/54/595
f 710/460/596 707/59/588 708/57/586
f 707/60/588 711/61/597 706/62/598
f 706/14/598 702/225/599 704/64/600
f 687/65/591 722/66/601 705/67/589
f 705/68/589 703/69/602 701/70/581
f 703/333/602 690/73/603 689/71/579
f 723/74/604 700/75/605 690/76/603
f 695/393/606 696/462/607 721/79/168
f 719/80/608 709/463/609 710/510/596
f 718/83/610 725/511/611 694/512/612
f 704/338/600 687/339/591 656/93/568
f 714/513/593 685/514/585 661/403/583
f 720/38/404 713/216/582 684/37/405
f 700/98/605 717/340/613 691/100/573
f 708/42/586 658/106/560 686/107/595
f 704/108/600 657/109/565 706/110/598
f 700/239/605 655/43/571 690/240/603
f 802/198/646 814/3/647 801/1/648
f 794/443/649 807/6/650 824/4/651
f 796/444/652 811/9/653 794/7/649
f 796/10/652 810/11/654 797/12/655
f 795/13/656 798/14/657 810/15/654
f 826/16/658 798/17/657 793/18/659
f 827/200/660 812/20/661 828/201/662
f 792/108/663 809/23/664 829/21/665
f 792/24/663 813/25/666 808/26/667
f 832/27/668 813/28/666 831/29/669
f 812/533/661 809/534/664 805/32/670
f 816/535/671 821/317/672 804/35/673
f 854/114/674 794/328/649 824/329/651
f 849/42/675 800/43/676 795/44/656
f 841/119/677 830/332/678 792/118/663
f 864/536/679 854/50/674 856/48/680
f 857/458/681 825/53/682 854/51/674
f 855/459/683 850/56/684 825/54/682
f 850/57/684 851/58/685 849/59/675
f 849/60/675 853/61/686 848/62/687
f 853/63/686 846/64/688 848/14/687
f 844/537/689 847/67/690 846/65/688
f 862/538/691 841/70/677 847/68/690
f 841/71/677 863/72/692 843/73/693
f 863/74/692 842/75/694 843/76/693
f 836/539/695 837/335/295 1022/79/696
f 860/80/697 851/540/685 852/541/698
f 859/83/699 865/542/700 835/543/701
f 847/544/702 829/90/665 827/91/660
f 846/545/55 828/399/662 826/93/658
f 848/546/687 793/547/659 800/548/676
f 849/92/675 795/93/656 799/94/703
f 854/549/674 824/402/651 802/403/646
f 861/38/27 801/236/648 823/37/704
f 842/98/705 803/99/706 832/100/668
f 843/550/693 831/405/669 830/113/678
f 854/101/674 801/36/648 856/102/707
f 849/406/675 796/407/652 850/408/708
f 850/42/708 794/106/649 825/107/682
f 846/108/55 793/109/659 848/110/687
f 841/111/677 829/112/665 847/113/702
f 847/114/702 828/115/662 846/116/55
f 842/239/705 831/43/669 843/240/693
f 927/198/751 941/3/752 926/1/753
f 927/4/751 937/5/754 928/6/755
f 924/444/756 937/9/754 922/7/757
f 923/53/758 940/12/759 924/10/756
f 923/13/758 925/14/760 936/15/761
f 919/16/762 925/17/760 921/18/763
f 920/200/764 938/20/765 919/16/762
f 920/21/764 934/22/766 935/23/767
f 917/24/768 939/25/769 934/26/766
f 918/27/770 939/28/769 956/29/771
f 938/533/765 935/576/767 932/32/772
f 943/535/773 948/317/774 930/35/775
f 953/577/776 920/578/777 967/579/778
f 952/580/779 919/581/762 970/450/780
f 972/321/781 923/582/758 978/323/782
f 973/583/783 924/584/756 974/453/784
f 981/327/785 931/37/405 950/38/786
f 929/585/787 918/586/770 965/587/788
f 981/216/785 927/217/789 926/218/790
f 979/114/791 922/328/792 927/329/789
f 972/42/781 921/43/763 923/44/758
f 951/117/793 924/330/756 922/331/792
f 953/455/776 917/456/794 920/457/777
f 952/222/779 920/223/777 919/224/762
f 954/119/795 955/332/796 917/118/794
f 989/536/797 979/50/791 981/48/785
f 979/51/791 980/52/798 951/53/793
f 980/459/798 974/56/784 951/54/793
f 976/460/799 978/59/782 973/57/783
f 972/60/781 977/61/800 971/62/801
f 977/63/800 970/64/780 971/14/801
f 952/65/779 987/66/802 967/67/778
f 953/68/776 969/69/803 954/70/795
f 954/71/795 988/72/804 966/73/805
f 988/74/804 965/75/806 966/76/805
f 960/588/807 961/335/808 890/79/809
f 986/80/810 975/463/811 976/589/799
f 985/83/812 990/590/813 959/543/814
f 966/591/805 956/405/771 955/113/796
f 978/406/782 924/407/756 973/408/783
f 970/108/780 921/109/763 971/110/801
f 965/239/788 956/43/771 966/240/805
f 1766/1250/1377 1765/1251/1378 1762/35/1379
f 1764/1252/1380 1766/1253/1377 1763/1253/1310
f 1763/1250/1381 1765/1251/1378 1764/1254/1380
f 1771/1250/1382 1770/1251/1383 1767/35/1384
f 1771/1250/1382 1769/1251/1385 1768/1254/1386
f 1769/1255/1385 1767/1256/1384 1770/1255/1280
f 1776/1250/1377 1775/1251/1378 1772/35/1387
f 1773/1252/1380 1776/1253/1377 1774/1253/1310
f 1774/1250/1381 1775/1251/1378 1773/1254/1380
f 1777/1250/1388 1780/1251/1378 1778/35/1387
f 1781/1250/1389 1780/1251/1378 1779/1254/1380
f 1781/1253/1389 1779/1252/1380 1777/1253/1310
f 1782/1250/1390 1785/1251/1391 1783/35/1392
f 1786/1250/1393 1785/1251/1391 1784/1254/1394
f 1786/1257/1393 1784/1258/1394 1782/1253/1310
f 1787/1250/1390 1790/1251/1391 1788/35/1392
f 1791/1250/1393 1790/1251/1391 1789/1254/1394
f 1791/1257/1393 1789/1252/1394 1787/1253/1310
f 1792/1250/1390 1795/1251/1391 1793/35/1392
f 1796/1250/1393 1795/1251/1391 1794/1254/1394
f 1796/1257/1393 1794/1258/1394 1792/1253/1310
f 1797/1250/1390 1800/1251/1391 1798/35/1392
f 1801/1250/1393 1800/1251/1391 1799/1254/1394
f 1801/1257/1393 1799/1258/1394 1797/1253/1310
f 1803/1259/1395 1802/1260/1396 1804/1261/1397
f 1804/1250/1397 1805/35/1398 1803/1250/1395
f 1809/1262/1399 1807/1261/1400 1808/1259/1401
f 1813/1259/1402 1810/1263/1403 1811/1261/1404
f 1811/1250/1404 1812/35/1405 1813/1250/1402
f 1815/1261/1406 1817/1262/1407 1814/1263/1408
f 1816/1250/1409 1814/35/1408 1817/35/1407
f 1818/35/1410 1820/1250/1411 1819/1250/1412
f 1821/1262/1413 1819/1261/1412 1820/1259/1411
f 1825/1259/1414 1822/1263/1415 1823/1261/1416
f 1823/1250/1416 1824/35/1417 1825/1250/1414
f 1826/1264/1410 1828/1250/1411 1827/1250/1412
f 1829/1262/1413 1827/1261/1412 1828/1259/1411
f 1831/1250/1418 1833/1265/1419 1832/1266/1420
f 1832/1259/1420 1830/1263/1421 1831/1261/1418
f 14/1/1 13/198/4 21/2/2
f 13/4/4 15/443/59 25/5/5
f 38/7/6 10/444/8 11/8/7
f 10/10/8 12/53/29 24/11/9
f 9/13/10 8/63/13 28/14/11
f 7/16/12 26/20/15 28/17/11
f 7/16/12 39/200/57 23/19/14
f 40/21/16 41/108/56 22/22/17
f 42/24/18 6/75/21 27/25/19
f 44/27/20 5/202/1437 27/28/19
f 2/1335/1438 88/1336/1439 1/1337/1440
f 88/1336/1439 20/1338/1441 32/1339/1442
f 20/1338/1441 35/1340/1443 33/1341/1444
f 1/1337/1440 88/1336/1439 30/1342/1445
f 35/1340/1443 34/34/24 33/1341/1444
f 20/1338/1441 33/1341/1444 32/1339/1442
f 31/33/23 30/1342/1445 32/1339/1442
f 32/1339/1442 30/1342/1445 88/1336/1439
f 18/1343/1446 19/1344/26 29/1345/3
f 19/1344/26 14/1346/1 29/1345/3
f 44/1347/20 16/1348/60 5/1349/1437
f 16/1348/60 17/32/22 5/1349/1437
f 17/32/22 18/1343/1446 28/1350/11
f 18/1343/1446 29/1345/3 21/1351/2
f 27/1352/19 5/1349/1437 17/32/22
f 15/1353/59 38/1354/6 25/1355/5
f 18/1343/1446 21/1351/2 25/1355/5
f 41/1356/56 42/1357/18 22/1358/17
f 22/1358/17 27/1352/19 17/32/22
f 18/1343/1446 25/1355/5 11/1359/7
f 12/1360/29 9/1361/10 24/1362/9
f 18/1343/1446 11/1359/7 24/1362/9
f 39/1363/57 40/1364/16 23/31/14
f 23/31/14 22/1358/17 17/32/22
f 18/1343/1446 24/1362/9 28/1350/11
f 17/32/22 28/1350/11 26/30/15
f 17/1250/1447 88/1336/1439 2/1335/1438
f 35/1340/1443 20/1338/1441 4/1365/1448
f 20/1338/1441 18/35/25 4/1365/1448
f 18/35/25 17/1250/1447 31/33/23
f 2/1335/1438 1/1337/1440 3/1366/1449
f 1/1337/1440 30/1342/1445 3/1366/1449
f 17/1250/1447 2/1335/1438 3/1366/1449
f 34/34/24 35/1340/1443 4/1365/1448
f 3/1366/1449 30/1342/1445 31/33/23
f 17/1250/1447 3/1366/1449 31/33/23
f 34/34/24 4/1365/1448 18/35/25
f 32/1339/1442 33/1341/1444 34/34/24
f 31/33/23 32/1339/1442 34/34/24
f 62/42/30 60/240/40 8/43/13
f 38/331/6 63/1367/28 10/330/8
f 8/221/13 58/1368/55 7/220/12
f 43/45/31 55/1369/47 44/46/20
f 68/48/32 75/536/1450 69/49/33
f 37/51/34 69/458/33 67/52/35
f 61/54/36 67/459/35 65/55/37
f 63/57/28 65/460/37 64/58/38
f 62/60/30 64/1370/38 66/61/39
f 66/63/39 56/225/1451 58/64/41
f 58/65/41 56/537/1451 73/66/42
f 59/68/43 73/538/42 57/69/44
f 54/71/45 57/333/44 74/72/46
f 74/74/46 53/25/1452 55/75/47
f 247/1371/1453 46/1372/1454 45/1373/1455
f 52/1374/1456 204/79/50 51/1375/1457
f 204/79/50 247/1371/1453 49/77/48
f 247/1371/1453 45/1373/1455 47/1376/1458
f 50/78/49 77/1377/1459 51/1375/1457
f 247/1371/1453 47/1376/1458 49/77/48
f 50/78/49 51/1375/1457 204/79/50
f 71/1378/1460 70/1343/1461 53/1379/1452
f 70/1343/1461 55/1380/47 53/1379/1452
f 68/1381/32 36/1382/1462 75/1383/1450
f 36/1382/1462 72/80/51 75/1383/1450
f 72/80/51 71/1378/1460 66/1384/39
f 71/1378/1460 53/1379/1452 74/1385/46
f 69/1386/33 75/1383/1450 72/80/51
f 71/1378/1460 74/1385/46 57/1387/44
f 67/1388/35 69/1386/33 72/80/51
f 71/1378/1460 57/1387/44 73/1389/42
f 71/1378/1460 73/1389/42 56/1390/1451
f 65/82/37 67/1388/35 72/80/51
f 71/1378/1460 56/1390/1451 66/1384/39
f 72/80/51 66/1384/39 64/81/38
f 72/1391/1463 204/79/50 52/1374/1456
f 247/1371/1453 71/83/52 46/1372/1454
f 71/83/52 72/1391/1463 76/84/53
f 52/1374/1456 51/1375/1457 77/1377/1459
f 72/1391/1463 52/1374/1456 77/1377/1459
f 47/1376/1458 45/1373/1455 48/85/54
f 45/1373/1455 46/1372/1454 48/85/54
f 77/1377/1459 50/78/49 49/77/48
f 77/1377/1459 49/77/48 76/84/53
f 72/1391/1463 77/1377/1459 76/84/53
f 48/85/54 46/1372/1454 71/83/52
f 49/77/48 47/1376/1458 76/84/53
f 47/1376/1458 48/85/54 76/84/53
f 36/38/27 68/1392/62 14/236/1
f 55/98/47 70/340/1464 16/99/60
f 37/101/61 13/1393/4 14/36/1
f 61/103/58 15/328/59 13/104/4
f 62/406/30 12/1394/29 63/408/28
f 54/111/55 41/1395/56 40/112/16
f 59/114/55 39/329/57 7/115/12
f 43/117/31 6/331/21 42/118/18
f 137/198/113 138/2/117 152/3/114
f 137/4/113 139/443/174 147/5/116
f 160/7/118 134/444/175 150/8/119
f 133/10/120 135/53/146 146/11/121
f 132/13/122 131/63/124 151/14/123
f 131/18/124 130/201/127 148/199/125
f 161/200/126 145/19/130 148/199/125
f 163/21/128 129/108/139 144/22/129
f 164/24/131 127/75/139 149/25/132
f 165/29/133 166/27/180 128/202/134
f 155/1471/1471 217/1472/1472 156/1473/1473
f 217/1472/1472 143/1338/1474 157/1474/1475
f 143/1338/1474 158/1340/1476 124/1341/1477
f 156/1473/1473 217/1472/1472 153/1342/1478
f 158/1340/1476 125/206/137 124/1341/1477
f 143/1338/1474 124/1341/1477 157/1474/1475
f 154/205/136 153/1342/1478 157/1474/1475
f 157/1474/1475 153/1342/1478 217/1472/1472
f 142/1343/1479 159/1344/177 152/1345/114
f 159/1344/177 136/1346/115 152/1345/114
f 166/1347/180 140/1348/179 128/1349/134
f 140/1348/179 141/32/135 128/1349/134
f 141/32/135 142/1343/1479 151/1475/123
f 142/1343/1479 152/1345/114 138/1476/117
f 149/1477/132 128/1349/134 141/32/135
f 127/1478/139 165/1479/133 149/1477/132
f 139/1353/174 160/1354/118 147/1480/116
f 142/1343/1479 138/1476/117 147/1480/116
f 129/1356/139 164/1357/131 144/1358/129
f 144/1358/129 149/1477/132 141/32/135
f 142/1343/1479 147/1480/116 150/1481/119
f 134/1482/175 133/1483/120 150/1481/119
f 135/1360/146 132/1361/122 146/1362/121
f 142/1343/1479 150/1481/119 146/1362/121
f 161/1363/126 163/1364/128 145/204/130
f 145/204/130 144/1358/129 141/32/135
f 142/1343/1479 146/1362/121 151/1475/123
f 141/32/135 151/1475/123 148/203/125
f 141/1250/1480 217/1472/1472 155/1471/1471
f 158/1340/1476 143/1338/1474 126/1365/1481
f 143/1338/1474 142/35/138 126/1365/1481
f 142/35/138 141/1250/1480 154/205/136
f 155/1471/1471 156/1473/1473 123/1366/1482
f 156/1473/1473 153/1342/1478 123/1366/1482
f 141/1250/1480 155/1471/1471 123/1366/1482
f 125/206/137 158/1340/1476 126/1365/1481
f 123/1366/1482 153/1342/1478 154/205/136
f 141/1250/1480 123/1366/1482 154/205/136
f 125/206/137 126/1365/1481 142/35/138
f 157/1474/1475 124/1341/1477 125/206/137
f 154/205/136 157/1474/1475 125/206/137
f 192/216/144 190/1484/150 137/217/113
f 185/39/145 184/13/155 135/40/146
f 132/44/122 189/240/142 131/43/124
f 162/222/148 181/1485/159 161/223/126
f 192/48/144 201/536/1483 193/49/149
f 190/51/150 193/458/149 191/52/151
f 183/54/152 191/459/151 187/55/153
f 185/57/145 187/460/153 186/58/154
f 184/60/155 186/1370/154 188/61/156
f 182/14/141 188/63/156 179/225/157
f 162/65/148 179/537/157 199/66/158
f 181/68/159 199/538/158 180/69/160
f 176/71/161 180/333/160 200/72/162
f 178/76/163 200/74/162 175/25/164
f 174/1486/1484 100/79/168 173/1375/1485
f 100/79/168 194/1371/1486 170/226/166
f 167/1487/1487 203/1488/1488 168/1376/1489
f 194/1371/1486 167/1487/1487 168/1376/1489
f 168/1376/1489 202/230/171 170/226/166
f 194/1371/1486 168/1376/1489 170/226/166
f 171/227/167 173/1375/1485 100/79/168
f 196/1378/1490 195/1343/1491 175/1379/164
f 195/1343/1491 177/1380/165 175/1379/164
f 192/1381/144 198/1382/1492 201/1383/1483
f 198/1382/1492 197/80/169 201/1383/1483
f 197/80/169 196/1378/1490 188/1489/156
f 196/1378/1490 175/1379/164 200/1490/162
f 193/1491/149 201/1383/1483 197/80/169
f 196/1378/1490 200/1490/162 180/1387/160
f 191/1492/151 193/1491/149 197/80/169
f 196/1378/1490 180/1387/160 199/1493/158
f 196/1378/1490 199/1493/158 179/1494/157
f 187/229/153 191/1492/151 197/80/169
f 196/1378/1490 179/1494/157 188/1489/156
f 188/1489/156 182/1495/141 189/1496/142
f 197/80/169 188/1489/156 186/228/154
f 197/1391/1493 100/79/168 174/1486/1484
f 167/1487/1487 194/1371/1486 203/1488/1488
f 194/1371/1486 196/83/170 203/1488/1488
f 196/83/170 197/1391/1493 202/230/171
f 174/1486/1484 173/1375/1485 171/227/167
f 197/1391/1493 174/1486/1484 172/1497/1494
f 168/1376/1489 203/1488/1488 169/85/172
f 174/1486/1484 171/227/167 172/1497/1494
f 172/1497/1494 171/227/167 170/226/166
f 172/1497/1494 170/226/166 202/230/171
f 197/1391/1493 172/1497/1494 202/230/171
f 169/85/172 203/1488/1488 196/83/170
f 168/1376/1489 169/85/172 202/230/171
f 198/38/176 192/216/144 136/236/115
f 177/98/178 195/340/1495 140/99/179
f 183/103/173 139/328/174 137/104/113
f 185/42/145 134/44/175 160/106/118
f 162/108/148 130/1498/147 182/110/141
f 176/111/140 129/1395/139 163/112/128
f 177/239/178 166/1499/180 165/43/133
f 178/117/143 127/331/139 164/118/131
f 279/1/238 278/198/240 280/2/239
f 278/4/240 275/443/242 289/5/241
f 275/7/242 277/444/244 292/8/243
f 277/10/244 276/53/246 288/11/245
f 276/13/246 274/63/249 293/14/247
f 273/16/248 290/20/251 293/17/247
f 273/16/248 272/200/252 287/19/250
f 272/21/252 270/108/255 286/22/253
f 271/75/254 291/25/257 286/26/253
f 307/27/256 269/202/1506 291/28/257
f 350/1336/1507 285/1338/1508 297/1573/1509
f 285/1338/1508 300/1574/1510 298/1575/1511
f 265/1576/1512 350/1336/1507 295/1577/1513
f 285/1338/1508 298/1575/1511 297/1573/1509
f 297/1573/1509 295/1577/1513 350/1336/1507
f 283/1343/1446 284/1344/1514 294/1345/3
f 284/1344/1514 279/1346/238 294/1345/3
f 307/1347/256 281/1348/1515 269/1349/1506
f 281/1348/1515 282/32/258 269/1349/1506
f 282/32/258 283/1343/1446 293/1350/247
f 283/1343/1446 294/1345/3 280/1578/239
f 291/1579/257 269/1349/1506 282/32/258
f 283/1343/1446 280/1578/239 289/1480/241
f 286/1580/253 291/1579/257 282/32/258
f 283/1343/1446 289/1480/241 292/1581/243
f 283/1343/1446 292/1581/243 288/1582/245
f 287/315/250 286/1580/253 282/32/258
f 283/1343/1446 288/1582/245 293/1350/247
f 282/32/258 293/1350/247 290/30/251
f 282/1250/1516 350/1336/1507 266/1583/1517
f 350/1336/1507 265/1576/1512 266/1583/1517
f 300/1574/1510 285/1338/1508 268/1584/1518
f 285/1338/1508 283/35/261 268/1584/1518
f 283/35/261 282/1250/1516 296/316/259
f 266/1583/1517 265/1576/1512 267/1585/1519
f 265/1576/1512 295/1577/1513 267/1585/1519
f 282/1250/1516 266/1583/1517 267/1585/1519
f 298/1575/1511 300/1574/1510 268/1584/1518
f 299/317/260 298/1575/1511 268/1584/1518
f 267/1585/1519 295/1577/1513 297/1573/1509
f 267/1585/1519 297/1573/1509 296/316/259
f 282/1250/1516 267/1585/1519 296/316/259
f 299/317/260 268/1584/1518 283/35/261
f 297/1573/1509 298/1575/1511 299/317/260
f 296/316/259 297/1573/1509 299/317/260
f 331/327/272 279/1586/274 284/37/27
f 334/1587/300 281/585/1520 307/586/282
f 331/216/272 332/1484/271 278/217/55
f 324/39/276 328/13/269 276/40/268
f 303/117/278 324/1367/276 277/330/277
f 322/219/264 320/1368/288 273/220/279
f 272/457/252 317/453/263 270/456/255
f 304/222/280 321/1485/290 272/223/252
f 331/48/272 340/536/1450 333/49/283
f 302/51/270 333/458/283 330/52/284
f 303/54/278 330/459/284 326/55/285
f 324/57/276 326/460/285 325/58/286
f 323/60/267 325/1370/286 327/61/287
f 327/63/287 318/225/1521 320/64/288
f 304/65/280 318/537/1521 338/66/289
f 321/68/290 338/538/289 319/69/291
f 319/333/291 339/72/292 306/73/281
f 339/74/292 315/25/1522 316/75/293
f 337/79/296 509/1371/1523 311/334/294
f 308/1588/1524 342/1589/1525 309/1590/1526
f 509/1371/1523 308/1588/1524 309/1590/1526
f 509/1371/1523 309/1590/1526 311/334/294
f 312/335/295 313/1591/1527 337/79/296
f 335/1378/1528 334/1343/300 315/1379/1522
f 334/1343/300 316/1380/293 315/1379/1522
f 331/1381/272 301/1382/273 340/1383/1450
f 301/1382/273 336/80/51 340/1383/1450
f 336/80/51 335/1378/1528 327/1384/287
f 335/1378/1528 315/1379/1522 339/1592/292
f 333/1593/283 340/1383/1450 336/80/51
f 302/1594/270 332/1595/271 333/1593/283
f 319/1596/291 305/1597/262 317/1598/263
f 335/1378/1528 339/1592/292 319/1596/291
f 330/1599/284 333/1593/283 336/80/51
f 335/1378/1528 319/1596/291 338/1600/289
f 318/1390/1521 304/1601/280 320/1602/288
f 335/1378/1528 338/1600/289 318/1390/1521
f 326/229/285 330/1599/284 336/80/51
f 335/1378/1528 318/1390/1521 327/1384/287
f 327/1384/287 322/1495/264 329/1496/266
f 325/81/286 323/1603/267 328/1604/269
f 336/80/51 327/1384/287 325/81/286
f 336/1391/1529 337/79/296 314/1605/1530
f 337/79/296 313/1591/1527 314/1605/1530
f 308/1588/1524 509/1371/1523 342/1589/1525
f 509/1371/1523 335/83/297 342/1589/1525
f 335/83/297 336/1391/1529 341/336/298
f 314/1605/1530 313/1591/1527 312/335/295
f 336/1391/1529 314/1605/1530 343/1606/1531
f 309/1590/1526 342/1589/1525 310/337/299
f 314/1605/1530 312/335/295 343/1606/1531
f 343/1606/1531 312/335/295 311/334/294
f 343/1606/1531 311/334/294 341/336/298
f 336/1391/1529 343/1606/1531 341/336/298
f 310/337/299 342/1589/1525 335/83/297
f 311/334/294 309/1590/1526 310/337/299
f 341/336/298 311/334/294 310/337/299
f 303/103/278 275/328/275 302/105/270
f 329/219/266 274/221/265 323/238/267
f 316/239/293 307/1499/282 306/240/281
f 306/117/281 271/331/55 305/119/262
f 398/198/346 399/2/351 412/3/347
f 422/4/349 400/443/403 407/5/350
f 423/7/352 396/444/354 410/8/353
f 396/10/354 395/53/356 406/11/355
f 395/13/356 394/63/358 411/14/357
f 394/18/358 424/16/401 408/199/359
f 393/200/360 405/19/363 408/199/359
f 393/21/360 426/108/400 404/22/362
f 428/75/364 409/25/368 404/26/362
f 429/29/366 430/27/180 392/202/367
f 492/1338/1543 391/1649/1544 420/1650/1545
f 478/1336/1546 492/1338/1543 417/1651/1547
f 492/1338/1543 420/1650/1545 418/1575/1548
f 416/1576/1549 478/1336/1546 413/1577/1550
f 418/1575/1548 414/392/370 417/1651/1547
f 492/1338/1543 418/1575/1548 417/1651/1547
f 417/1651/1547 413/1577/1550 478/1336/1546
f 403/1343/1479 421/1344/1551 412/1345/347
f 421/1344/1551 397/1346/348 412/1345/347
f 430/1347/180 401/1348/1552 392/1349/367
f 401/1348/1552 402/32/369 392/1349/367
f 402/32/369 403/1343/1479 411/1475/357
f 403/1343/1479 412/1345/347 399/1652/351
f 399/1652/351 398/1653/346 422/1654/349
f 409/1655/368 392/1349/367 402/32/369
f 428/1478/364 429/1479/366 409/1655/368
f 400/1353/403 423/1354/352 407/1480/350
f 403/1343/1479 399/1652/351 407/1480/350
f 426/1356/400 427/1357/365 404/1580/362
f 404/1580/362 409/1655/368 402/32/369
f 403/1343/1479 407/1480/350 410/1581/353
f 403/1343/1479 410/1581/353 406/1656/355
f 405/204/363 404/1580/362 402/32/369
f 403/1343/1479 406/1656/355 411/1475/357
f 424/1657/401 425/1658/361 408/203/359
f 402/32/369 411/1475/357 408/203/359
f 402/1250/1553 478/1336/1546 415/1659/1554
f 478/1336/1546 416/1576/1549 415/1659/1554
f 492/1338/1543 403/35/372 391/1649/1544
f 403/35/372 402/1250/1553 414/392/370
f 415/1659/1554 416/1576/1549 390/1660/1555
f 416/1576/1549 413/1577/1550 390/1660/1555
f 402/1250/1553 415/1659/1554 390/1660/1555
f 418/1575/1548 420/1650/1545 391/1649/1544
f 419/317/371 418/1575/1548 391/1649/1544
f 390/1660/1555 413/1577/1550 417/1651/1547
f 390/1660/1555 417/1651/1547 414/392/370
f 402/1250/1553 390/1660/1555 414/392/370
f 419/317/371 391/1649/1544 403/35/372
f 414/392/370 418/1575/1548 419/317/371
f 455/327/373 397/1586/374 421/37/405
f 458/1587/406 401/585/1495 430/586/180
f 455/216/373 453/1484/378 398/217/346
f 422/329/349 447/103/402 400/328/403
f 444/222/376 445/1485/388 393/223/360
f 455/48/373 464/536/1556 456/49/377
f 453/51/378 456/458/377 454/52/379
f 447/54/380 454/459/379 451/55/381
f 449/57/382 451/460/381 450/58/383
f 448/60/375 450/1370/383 452/61/384
f 446/14/385 452/63/384 442/225/386
f 444/65/376 442/537/386 462/66/387
f 445/68/388 462/538/387 443/69/389
f 443/333/389 463/72/1557 441/73/391
f 441/76/391 463/74/1557 438/25/392
f 365/79/396 457/1371/1558 434/393/394
f 457/1371/1558 431/1661/1559 432/1662/1560
f 457/1371/1558 432/1662/1560 434/393/394
f 435/335/395 436/1591/1561 365/79/396
f 459/1378/1562 458/1343/406 438/1379/392
f 458/1343/406 440/1380/393 438/1379/392
f 455/1381/373 461/1382/404 464/1383/1556
f 461/1382/404 460/80/169 464/1383/1556
f 460/80/169 459/1378/1562 452/1489/384
f 459/1378/1562 438/1379/392 463/1663/1557
f 456/1664/377 464/1383/1556 460/80/169
f 459/1378/1562 463/1663/1557 443/1596/389
f 454/1665/379 456/1664/377 460/80/169
f 459/1378/1562 443/1596/389 462/1600/387
f 459/1378/1562 462/1600/387 442/1494/386
f 451/229/381 454/1665/379 460/80/169
f 459/1378/1562 442/1494/386 452/1489/384
f 460/80/169 452/1489/384 450/394/383
f 460/1391/1563 365/79/396 437/1605/1564
f 365/79/396 436/1591/1561 437/1605/1564
f 431/1661/1559 457/1371/1558 466/1666/1565
f 457/1371/1558 459/83/397 466/1666/1565
f 459/83/397 460/1391/1563 465/395/398
f 437/1605/1564 436/1591/1561 435/335/395
f 460/1391/1563 437/1605/1564 467/1606/1566
f 432/1662/1560 431/1661/1559 433/396/399
f 431/1661/1559 466/1666/1565 433/396/399
f 437/1605/1564 435/335/395 467/1606/1566
f 467/1606/1566 435/335/395 434/393/394
f 467/1606/1566 434/393/394 465/395/398
f 460/1391/1563 467/1606/1566 465/395/398
f 433/396/399 466/1666/1565 459/83/397
f 434/393/394 432/1662/1560 433/396/399
f 465/395/398 434/393/394 433/396/399
f 448/406/375 395/1394/356 396/407/354
f 446/219/385 394/221/358 448/238/375
f 449/42/407 396/44/354 423/106/352
f 444/108/376 424/1498/401 394/109/358
f 439/111/234 426/1395/400 393/112/360
f 440/239/393 430/1499/180 429/43/366
f 441/117/234 428/331/364 427/118/365
f 542/1/442 541/198/446 546/2/443
f 535/443/445 550/5/448 546/6/443
f 538/444/447 539/8/450 550/9/448
f 536/53/449 549/11/453 539/12/450
f 536/13/449 534/63/455 540/14/452
f 533/16/454 551/20/458 540/17/452
f 564/201/456 563/200/501 548/19/457
f 565/21/459 566/108/477 547/22/460
f 568/75/461 552/25/464 547/26/460
f 570/27/463 532/202/1573 552/28/464
f 635/1338/1574 545/35/468 559/1703/1575
f 623/1336/1576 635/1338/1574 556/1704/1577
f 559/1703/1575 531/1705/1578 557/1706/1579
f 635/1338/1574 559/1703/1575 557/1706/1579
f 528/1707/1580 623/1336/1576 554/1708/1581
f 635/1338/1574 557/1706/1579 556/1704/1577
f 556/1704/1577 554/1708/1581 623/1336/1576
f 545/1343/1582 560/1344/1514 553/1345/444
f 560/1344/1514 542/1346/442 553/1345/444
f 570/1347/463 543/1348/1583 532/1349/1573
f 543/1348/1583 544/32/258 532/1349/1573
f 544/32/258 545/1343/1582 540/1709/452
f 545/1343/1582 553/1345/444 546/1710/443
f 552/1711/464 532/1349/1573 544/32/258
f 568/1478/461 569/1479/465 552/1711/464
f 545/1343/1582 546/1710/443 550/1712/448
f 566/1356/477 567/1357/462 547/1713/460
f 547/1713/460 552/1711/464 544/32/258
f 545/1343/1582 550/1712/448 539/1714/450
f 539/1714/450 538/1482/447 537/1483/451
f 545/1343/1582 539/1714/450 549/1715/453
f 563/1363/501 565/1364/459 548/31/457
f 548/31/457 547/1713/460 544/32/258
f 545/1343/1582 549/1715/453 540/1709/452
f 551/445/458 533/1657/454 564/1658/456
f 544/32/258 540/1709/452 551/445/458
f 544/1250/1584 623/1336/1576 529/1716/1585
f 623/1336/1576 528/1707/1580 529/1716/1585
f 559/1703/1575 545/35/468 531/1705/1578
f 545/35/468 544/1250/1584 555/446/466
f 529/1716/1585 528/1707/1580 554/1708/1581
f 544/1250/1584 529/1716/1585 530/1717/1586
f 558/447/467 557/1706/1579 531/1705/1578
f 529/1716/1585 554/1708/1581 530/1717/1586
f 530/1717/1586 554/1708/1581 556/1704/1577
f 530/1717/1586 556/1704/1577 555/446/466
f 544/1250/1584 530/1717/1586 555/446/466
f 558/447/467 531/1705/1578 545/35/468
f 556/1704/1577 557/1706/1579 558/447/467
f 555/446/466 556/1704/1577 558/447/467
f 594/327/474 542/1586/475 560/37/27
f 597/1587/502 543/585/1587 570/586/463
f 594/216/474 595/1484/473 541/217/472
f 569/47/465 581/1369/492 570/46/463
f 594/48/474 603/536/1588 596/49/478
f 596/458/478 593/52/480 562/53/479
f 593/459/480 591/55/482 589/56/481
f 591/460/482 590/58/497 588/59/483
f 588/60/483 590/1370/497 592/61/484
f 592/63/484 583/225/1589 585/64/486
f 585/65/486 583/537/1589 601/66/487
f 586/68/476 601/538/487 584/69/488
f 584/333/488 602/72/491 582/73/490
f 602/74/491 579/25/1590 581/75/492
f 753/79/495 769/1371/1591 575/461/493
f 769/1371/1591 571/1718/1592 573/1719/1593
f 573/1719/1593 604/465/499 575/461/493
f 769/1371/1591 573/1719/1593 575/461/493
f 576/462/494 577/1720/1594 753/79/495
f 575/461/493 605/1721/1595 576/462/494
f 598/1378/1528 597/1343/502 579/1379/1590
f 597/1343/502 581/1380/492 579/1379/1590
f 594/1381/474 600/1382/273 603/1383/1588
f 600/1382/273 599/80/496 603/1383/1588
f 599/80/496 598/1378/1528 592/1722/484
f 598/1378/1528 579/1379/1590 602/1592/491
f 596/1723/478 603/1383/1588 599/80/496
f 561/1594/471 595/1595/473 596/1723/478
f 598/1378/1528 602/1592/491 584/1724/488
f 593/1725/480 596/1723/478 599/80/496
f 598/1378/1528 584/1724/488 601/1389/487
f 598/1378/1528 601/1389/487 583/1726/1589
f 591/464/482 593/1725/480 599/80/496
f 598/1378/1528 583/1726/1589 592/1722/484
f 599/80/496 592/1722/484 590/463/497
f 599/1391/1596 753/79/495 578/1727/1597
f 753/79/495 577/1720/1594 578/1727/1597
f 571/1718/1592 769/1371/1591 572/1728/1598
f 769/1371/1591 598/83/498 572/1728/1598
f 598/83/498 599/1391/1596 604/465/499
f 578/1727/1597 577/1720/1594 576/462/494
f 599/1391/1596 578/1727/1597 605/1721/1595
f 573/1719/1593 571/1718/1592 572/1728/1598
f 574/466/500 573/1719/1593 572/1728/1598
f 578/1727/1597 576/462/494 605/1721/1595
f 605/1721/1595 575/461/493 604/465/499
f 599/1391/1596 605/1721/1595 604/465/499
f 574/466/500 572/1728/1598 598/83/498
f 604/465/499 573/1719/1593 574/466/500
f 562/103/479 535/328/445 561/105/471
f 588/406/504 536/1394/449 537/407/451
f 587/219/505 534/221/455 536/237/449
f 589/42/470 538/44/447 535/106/445
f 585/108/469 533/1498/454 534/109/455
f 580/111/489 566/1395/477 586/113/476
f 586/114/476 563/329/501 564/115/456
f 582/117/503 568/331/461 567/118/462
f 661/198/554 666/2/558 675/3/555
f 661/4/554 658/443/560 670/5/557
f 660/444/559 673/8/562 670/9/557
f 659/53/561 669/11/564 673/12/562
f 659/13/561 657/63/565 674/14/563
f 657/18/565 656/201/568 671/199/566
f 688/200/567 668/19/570 671/199/566
f 688/21/567 654/108/572 667/22/569
f 655/75/571 672/25/574 667/26/569
f 691/27/573 653/202/1607 672/28/574
f 728/1338/1608 665/35/578 683/1703/1609
f 738/1336/1610 728/1338/1608 680/1767/1611
f 683/1703/1609 652/1705/1612 681/1768/1613
f 728/1338/1608 683/1703/1609 681/1768/1613
f 651/1769/1614 679/1576/1615 676/1770/1616
f 679/1576/1615 738/1336/1610 676/1770/1616
f 681/1768/1613 682/509/577 680/1767/1611
f 728/1338/1608 681/1768/1613 680/1767/1611
f 680/1767/1611 677/508/576 676/1770/1616
f 680/1767/1611 676/1770/1616 738/1336/1610
f 665/1343/1617 684/1344/1551 675/1345/555
f 684/1344/1551 662/1346/556 675/1345/555
f 691/1347/573 663/1348/1618 653/1349/1607
f 663/1348/1618 664/32/575 653/1349/1607
f 664/32/575 665/1343/1617 674/1771/563
f 665/1343/1617 675/1345/555 666/1772/558
f 672/1711/574 653/1349/1607 664/32/575
f 665/1343/1617 666/1772/558 670/1773/557
f 667/1713/569 672/1711/574 664/32/575
f 665/1343/1617 670/1773/557 673/1774/562
f 665/1343/1617 673/1774/562 669/1775/564
f 668/507/570 667/1713/569 664/32/575
f 665/1343/1617 669/1775/564 674/1771/563
f 664/32/575 674/1771/563 671/506/566
f 664/1250/1619 738/1336/1610 678/1776/1620
f 738/1336/1610 679/1576/1615 678/1776/1620
f 683/1703/1609 665/35/578 652/1705/1612
f 665/35/578 664/1250/1619 677/508/576
f 678/1776/1620 679/1576/1615 651/1769/1614
f 664/1250/1619 678/1776/1620 651/1769/1614
f 682/509/577 681/1768/1613 652/1705/1612
f 651/1769/1614 676/1770/1616 677/508/576
f 664/1250/1619 651/1769/1614 677/508/576
f 682/509/577 652/1705/1612 665/35/578
f 677/508/576 680/1767/1611 682/509/577
f 713/327/582 662/1586/584 684/37/405
f 717/1587/613 663/585/1495 691/586/573
f 713/216/582 714/1484/593 661/217/583
f 657/221/565 704/1368/600 656/220/568
f 705/455/589 701/453/581 654/456/580
f 687/222/591 705/1485/589 688/223/590
f 713/48/582 724/536/1556 715/49/592
f 685/51/585 715/458/592 712/52/594
f 712/459/594 710/55/596 708/56/586
f 710/460/596 709/58/609 707/59/588
f 707/60/588 709/1370/609 711/61/597
f 706/14/598 711/63/597 702/225/599
f 687/65/591 702/537/599 722/66/601
f 705/68/589 722/538/601 703/69/602
f 703/333/602 723/72/604 690/73/603
f 723/74/604 699/25/1621 700/75/605
f 698/1777/1622 721/79/168 697/1778/1623
f 721/79/168 716/1371/1624 695/393/606
f 692/1661/1625 694/512/612 693/1779/1626
f 716/1371/1624 692/1661/1625 693/1779/1626
f 716/1371/1624 693/1779/1626 695/393/606
f 696/462/607 697/1778/1623 721/79/168
f 695/393/606 727/1721/1627 696/462/607
f 718/1378/1628 717/1343/613 699/1379/1621
f 717/1343/613 700/1380/605 699/1379/1621
f 713/1381/582 720/1382/404 724/1383/1556
f 720/1382/404 719/80/608 724/1383/1556
f 719/80/608 718/1378/1628 711/1780/597
f 718/1378/1628 699/1379/1621 723/1592/604
f 715/1781/592 724/1383/1556 719/80/608
f 685/1594/585 714/1595/593 715/1781/592
f 703/1724/602 689/1597/579 701/1598/581
f 718/1378/1628 723/1592/604 703/1724/602
f 712/1782/594 715/1781/592 719/80/608
f 718/1378/1628 703/1724/602 722/1389/601
f 702/1783/599 687/1601/591 704/1602/600
f 718/1378/1628 722/1389/601 702/1783/599
f 710/510/596 712/1782/594 719/80/608
f 718/1378/1628 702/1783/599 711/1780/597
f 719/80/608 711/1780/597 709/463/609
f 719/1391/1629 721/79/168 698/1777/1622
f 692/1661/1625 716/1371/1624 726/1784/1630
f 716/1371/1624 718/83/610 726/1784/1630
f 718/83/610 719/1391/1629 725/511/611
f 698/1777/1622 697/1778/1623 696/462/607
f 719/1391/1629 698/1777/1622 727/1721/1627
f 692/1661/1625 726/1784/1630 694/512/612
f 698/1777/1622 696/462/607 727/1721/1627
f 727/1721/1627 695/393/606 725/511/611
f 719/1391/1629 727/1721/1627 725/511/611
f 694/512/612 726/1784/1630 718/83/610
f 695/393/606 693/1779/1626 694/512/612
f 725/511/611 695/393/606 694/512/612
f 686/103/595 658/328/560 685/105/585
f 707/406/588 659/1394/587 708/408/586
f 706/219/598 657/221/565 707/238/588
f 708/42/586 660/44/559 658/106/560
f 700/239/605 691/1499/573 655/43/571
f 690/117/603 655/331/571 689/119/579
f 802/198/646 807/2/650 814/3/647
f 794/443/649 811/5/653 807/6/650
f 796/444/652 797/8/655 811/9/653
f 796/10/652 799/53/703 810/11/654
f 795/13/656 800/63/676 798/14/657
f 826/16/658 812/20/661 798/17/657
f 827/200/660 809/19/664 812/20/661
f 792/108/663 808/22/667 809/23/664
f 792/24/663 830/75/678 813/25/666
f 832/27/668 791/202/1636 813/28/666
f 805/1250/1637 880/1336/1638 818/1707/1639
f 880/1336/1638 806/1338/1640 819/1814/1641
f 806/1338/1640 822/1815/1510 820/1575/1642
f 789/1816/1643 818/1707/1639 815/1817/1644
f 818/1707/1639 880/1336/1638 815/1817/1644
f 806/1338/1640 820/1575/1642 819/1814/1641
f 819/1814/1641 816/535/671 815/1817/1644
f 819/1814/1641 815/1817/1644 880/1336/1638
f 804/1343/1645 823/1344/704 814/1345/647
f 823/1344/704 801/1346/648 814/1345/647
f 832/1347/668 803/1348/706 791/1349/1636
f 803/1348/706 805/32/670 791/1349/1636
f 805/32/670 804/1343/1645 798/1818/657
f 804/1343/1645 814/1345/647 807/1819/650
f 802/1653/646 824/1654/651 807/1819/650
f 813/1820/666 791/1349/1636 805/32/670
f 830/1478/678 831/1479/669 813/1820/666
f 804/1343/1645 807/1819/650 811/1712/653
f 808/1821/667 813/1820/666 805/32/670
f 804/1343/1645 811/1712/653 797/1822/655
f 799/1360/703 795/1361/656 810/1582/654
f 804/1343/1645 797/1822/655 810/1582/654
f 827/1363/660 829/1364/665 809/534/664
f 809/534/664 808/1821/667 805/32/670
f 804/1343/1645 810/1582/654 798/1818/657
f 798/1818/657 800/1823/676 793/1824/659
f 812/533/661 826/1657/658 828/1658/662
f 805/32/670 798/1818/657 812/533/661
f 805/1250/1637 818/1707/1639 817/1716/1646
f 822/1815/1510 806/1338/1640 790/1825/1518
f 806/1338/1640 804/35/673 790/1825/1518
f 804/35/673 805/1250/1637 816/535/671
f 817/1716/1646 818/1707/1639 789/1816/1643
f 805/1250/1637 817/1716/1646 789/1816/1643
f 820/1575/1642 822/1815/1510 790/1825/1518
f 821/317/672 820/1575/1642 790/1825/1518
f 789/1816/1643 815/1817/1644 816/535/671
f 805/1250/1637 789/1816/1643 816/535/671
f 821/317/672 790/1825/1518 804/35/673
f 819/1814/1641 820/1575/1642 821/317/672
f 816/535/671 819/1814/1641 821/317/672
f 829/457/665 841/453/677 792/456/663
f 864/536/679 857/49/681 854/50/674
f 857/458/681 855/52/683 825/53/682
f 855/459/683 852/55/698 850/56/684
f 850/57/684 852/460/698 851/58/685
f 849/60/675 851/1370/685 853/61/686
f 853/63/686 844/225/689 846/64/688
f 844/537/689 862/66/691 847/67/690
f 862/538/691 845/69/1647 841/70/677
f 841/71/677 845/333/1647 863/72/692
f 863/74/692 840/25/1648 842/75/694
f 1036/1371/1649 866/1826/1650 833/1827/1651
f 860/1391/1652 1022/79/696 838/1720/1653
f 1022/79/696 1036/1371/1649 836/539/695
f 1036/1371/1649 833/1827/1651 834/1828/1654
f 1036/1371/1649 834/1828/1654 836/539/695
f 837/335/295 838/1720/1653 1022/79/696
f 859/1378/1655 858/1343/1656 840/1379/1648
f 858/1343/1656 842/1380/694 840/1379/1648
f 856/1381/680 861/1382/1657 864/1383/679
f 861/1382/1657 860/80/697 864/1383/679
f 860/80/697 859/1378/1655 853/1829/686
f 859/1378/1655 840/1379/1648 863/1830/692
f 857/1831/681 864/1383/679 860/80/697
f 859/1378/1655 863/1830/692 845/1832/1647
f 855/1725/683 857/1831/681 860/80/697
f 859/1378/1655 845/1832/1647 862/1833/691
f 859/1378/1655 862/1833/691 844/1834/689
f 852/541/698 855/1725/683 860/80/697
f 859/1378/1655 844/1834/689 853/1829/686
f 860/80/697 853/1829/686 851/540/685
f 860/1391/1652 838/1720/1653 839/1835/1658
f 1036/1371/1649 859/83/699 866/1826/1650
f 859/83/699 860/1391/1652 865/542/700
f 839/1835/1658 838/1720/1653 837/335/295
f 860/1391/1652 839/1835/1658 867/1606/1531
f 834/1828/1654 833/1827/1651 866/1826/1650
f 835/543/701 834/1828/1654 866/1826/1650
f 839/1835/1658 837/335/295 867/1606/1531
f 867/1606/1531 837/335/295 836/539/695
f 867/1606/1531 836/539/695 865/542/700
f 860/1391/1652 867/1606/1531 865/542/700
f 835/543/701 866/1826/1650 859/83/699
f 836/539/695 834/1828/1654 835/543/701
f 865/542/700 836/539/695 835/543/701
f 861/38/27 856/1392/707 801/236/648
f 842/98/705 858/340/1520 803/99/706
f 854/101/674 802/1393/646 801/36/648
f 825/103/682 794/328/649 854/105/674
f 849/406/675 799/1394/703 796/407/652
f 848/219/687 800/221/676 849/238/675
f 850/42/708 796/44/652 794/106/649
f 846/108/55 826/1498/658 793/109/659
f 847/114/702 827/329/660 828/115/662
f 842/239/705 832/1499/668 831/43/669
f 843/117/693 830/331/678 841/119/677
f 927/198/751 928/2/755 941/3/752
f 927/4/751 922/443/757 937/5/754
f 924/444/756 940/8/759 937/9/754
f 923/53/758 936/11/761 940/12/759
f 923/13/758 921/63/763 925/14/760
f 919/16/762 938/20/765 925/17/760
f 920/200/764 935/19/767 938/20/765
f 920/21/764 917/108/768 934/22/766
f 917/24/768 955/75/796 939/25/769
f 918/27/770 916/202/1668 939/28/769
f 944/1887/1669 932/1250/1670 945/1888/1671
f 932/1250/1670 1004/1336/1672 945/1888/1671
f 1004/1336/1672 933/1338/1673 946/1814/1674
f 933/1338/1673 949/1815/1675 947/1575/1676
f 914/1816/1677 945/1888/1671 942/1817/1678
f 945/1888/1671 1004/1336/1672 942/1817/1678
f 933/1338/1673 947/1575/1676 946/1814/1674
f 946/1814/1674 943/535/773 942/1817/1678
f 946/1814/1674 942/1817/1678 1004/1336/1672
f 930/1343/1679 931/1344/1551 941/1345/752
f 931/1344/1551 926/1346/753 941/1345/752
f 918/1347/770 929/1348/787 916/1349/1668
f 929/1348/787 932/32/772 916/1349/1668
f 932/32/772 930/1343/1679 925/1818/760
f 930/1343/1679 941/1345/752 928/1889/755
f 939/1820/769 916/1349/1668 932/32/772
f 955/1478/796 956/1479/771 939/1820/769
f 930/1343/1679 928/1889/755 937/1890/754
f 934/1891/766 939/1820/769 932/32/772
f 930/1343/1679 937/1890/754 940/1892/759
f 930/1343/1679 940/1892/759 936/1893/761
f 935/576/767 934/1891/766 932/32/772
f 930/1343/1679 936/1893/761 925/1818/760
f 932/32/772 925/1818/760 938/533/765
f 949/1815/1675 933/1338/1673 915/1825/1680
f 933/1338/1673 930/35/775 915/1825/1680
f 930/35/775 932/1250/1670 943/535/773
f 944/1887/1669 945/1888/1671 914/1816/1677
f 932/1250/1670 944/1887/1669 914/1816/1677
f 947/1575/1676 949/1815/1675 915/1825/1680
f 948/317/774 947/1575/1676 915/1825/1680
f 914/1816/1677 942/1817/1678 943/535/773
f 932/1250/1670 914/1816/1677 943/535/773
f 948/317/774 915/1825/1680 930/35/775
f 946/1814/1674 947/1575/1676 948/317/774
f 943/535/773 946/1814/1674 948/317/774
f 981/327/785 926/1586/790 931/37/405
f 981/216/785 979/1484/791 927/217/789
f 951/117/793 974/1367/784 924/330/756
f 952/222/779 967/1485/778 920/223/777
f 956/47/771 965/1369/788 918/46/770
f 954/119/795 966/223/805 955/332/796
f 989/536/797 982/49/1681 979/50/791
f 979/51/791 982/458/1681 980/52/798
f 980/459/798 976/55/799 974/56/784
f 976/460/799 975/58/811 978/59/782
f 972/60/781 975/1370/811 977/61/800
f 977/63/800 968/225/1682 970/64/780
f 952/65/779 968/537/1682 987/66/802
f 953/68/776 987/538/802 969/69/803
f 954/71/795 969/333/803 988/72/804
f 988/74/804 964/25/1683 965/75/806
f 890/79/809 983/1371/1684 960/588/807
f 983/1371/1684 957/1718/1685 958/1828/1686
f 958/1828/1686 990/590/813 960/588/807
f 983/1371/1684 958/1828/1686 960/588/807
f 961/335/808 962/1720/1561 890/79/809
f 985/1378/1687 984/1343/1688 964/1379/1683
f 984/1343/1688 965/1380/806 964/1379/1683
f 981/1381/785 950/1382/786 989/1383/797
f 950/1382/786 986/80/810 989/1383/797
f 986/80/810 985/1378/1687 977/1894/800
f 985/1378/1687 964/1379/1683 988/1830/804
f 982/1895/1681 989/1383/797 986/80/810
f 985/1378/1687 988/1830/804 969/1896/803
f 980/1897/798 982/1895/1681 986/80/810
f 985/1378/1687 969/1896/803 987/1898/802
f 987/1898/802 953/1899/776 967/1900/778
f 968/1901/1682 952/1601/779 970/1602/780
f 985/1378/1687 987/1898/802 968/1901/1682
f 973/1902/783 974/1903/784 976/589/799
f 976/589/799 980/1897/798 986/80/810
f 985/1378/1687 968/1901/1682 977/1894/800
f 975/463/811 972/1603/781 978/1604/782
f 986/80/810 977/1894/800 975/463/811
f 986/1391/1689 890/79/809 963/1835/1564
f 890/79/809 962/1720/1561 963/1835/1564
f 957/1718/1685 983/1371/1684 991/1728/1690
f 983/1371/1684 985/83/812 991/1728/1690
f 985/83/812 986/1391/1689 990/590/813
f 963/1835/1564 962/1720/1561 961/335/808
f 986/1391/1689 963/1835/1564 992/1606/1691
f 958/1828/1686 957/1718/1685 991/1728/1690
f 959/543/814 958/1828/1686 991/1728/1690
f 963/1835/1564 961/335/808 992/1606/1691
f 992/1606/1691 961/335/808 960/588/807
f 992/1606/1691 960/588/807 990/590/813
f 986/1391/1689 992/1606/1691 990/590/813
f 959/543/814 991/1728/1690 985/83/812
f 990/590/813 958/1828/1686 959/543/814
f 965/98/788 984/340/1495 929/99/787
f 951/103/793 922/328/792 979/105/791
f 978/406/782 923/1394/758 924/407/756
f 971/219/801 921/221/763 972/238/781
f 970/108/780 919/1498/762 921/109/763
f 954/111/795 917/1395/794 953/113/776
f 1766/1250/1377 1764/1254/1380 1765/1251/1378
f 1763/1253/1381 1766/1253/1377 1762/1256/1379
f 1763/1250/1381 1762/35/1379 1765/1251/1378
f 1771/1250/1382 1768/1254/1386 1770/1251/1383
f 1771/1250/1382 1767/35/1384 1769/1251/1385
f 1768/1252/1386 1769/1255/1385 1770/1255/1383
f 1776/1250/1377 1773/1254/1380 1775/1251/1378
f 1774/1253/1381 1776/1253/1377 1772/1256/1387
f 1774/1250/1381 1772/35/1387 1775/1251/1378
f 1777/1250/1388 1779/1254/1380 1780/1251/1378
f 1781/1250/1389 1778/35/1387 1780/1251/1378
f 1778/1256/1387 1781/1253/1389 1777/1253/1388
f 1782/1250/1390 1784/1254/1394 1785/1251/1391
f 1786/1250/1393 1783/35/1392 1785/1251/1391
f 1783/1256/1392 1786/1257/1393 1782/1253/1390
f 1787/1250/1390 1789/1254/1394 1790/1251/1391
f 1791/1250/1393 1788/35/1392 1790/1251/1391
f 1788/1256/1392 1791/1257/1393 1787/1253/1390
f 1792/1250/1390 1794/1254/1394 1795/1251/1391
f 1796/1250/1393 1793/35/1392 1795/1251/1391
f 1793/1256/1392 1796/1257/1393 1792/1253/1390
f 1797/1250/1390 1799/1254/1394 1800/1251/1391
f 1801/1250/1393 1798/35/1392 1800/1251/1391
f 1798/1256/1392 1801/1257/1393 1797/1253/1390
f 1804/1250/1397 1802/35/1396 1805/35/1398
f 1805/1262/1398 1802/1260/1396 1803/1259/1395
f 1808/2236/1401 1807/2237/1400 1806/1256/1744
f 1807/1261/1400 1809/1262/1399 1806/1263/1744
f 1808/1250/1401 1806/35/1744 1809/35/1399
f 1813/1259/1402 1812/2238/1405 1810/1263/1403
f 1811/1250/1404 1810/35/1403 1812/35/1405
f 1815/1261/1406 1816/2239/1409 1817/1262/1407
f 1816/1250/1409 1815/1250/1406 1814/35/1408
f 1820/1250/1411 1818/35/1410 1821/35/1413
f 1821/1262/1413 1818/1263/1410 1819/1261/1412
f 1825/1259/1414 1824/1262/1417 1822/1263/1415
f 1823/1250/1416 1822/35/1415 1824/35/1417
f 1828/1250/1411 1826/1264/1410 1829/35/1413
f 1829/1262/1413 1826/1263/1410 1827/1261/1412
f 1831/1250/1418 1830/35/1421 1833/1265/1419
f 1832/1259/1420 1833/1262/1419 1830/1263/1421
usemtl GT_MC_Facade_3
f 106/120/63 83/121/64 117/122/65
f 105/123/66 82/124/67 111/125/68
f 78/126/69 80/127/70 110/128/71
f 91/129/72 90/130/73 99/131/74
f 95/132/75 94/133/76 86/134/77
f 96/135/78 98/136/79 87/137/80
f 86/138/81 112/139/82 95/140/83
f 99/141/74 114/142/84 91/143/85
f 109/144/86 92/145/87 85/146/88
f 108/147/89 90/148/73 89/149/90
f 107/150/91 84/151/92 95/152/83
f 105/153/66 83/154/64 79/155/93
f 106/156/63 86/157/77 94/158/76
f 97/159/94 80/160/70 92/161/87
f 100/162/95 96/163/78 121/164/96
f 116/165/97 93/121/98 81/166/99
f 104/167/100 82/168/67 93/169/98
f 103/170/101 116/171/97 78/172/69
f 102/173/102 115/174/103 91/168/85
f 102/175/102 109/176/86 115/177/103
f 106/178/63 112/179/82 118/180/104
f 107/181/91 122/182/105 119/178/106
f 194/183/107 103/184/108 97/185/108
f 84/186/92 119/187/106 122/188/109
f 121/189/96 96/190/78 120/191/110
f 120/192/111 98/193/79 122/194/109
f 114/195/84 90/196/73 101/197/112
f 219/241/181 229/242/182 244/243/183
f 218/244/184 214/245/185 245/246/186
f 235/120/187 228/121/188 243/122/189
f 232/247/190 227/127/191 241/248/192
f 214/249/185 219/250/181 223/251/193
f 228/252/188 210/253/194 234/254/195
f 236/255/196 205/130/197 225/131/198
f 210/256/199 222/257/199 143/258/199
f 232/259/190 212/260/200 208/261/201
f 221/262/202 226/263/203 206/264/204
f 238/164/205 204/265/206 220/163/207
f 215/266/208 246/267/209 238/268/205
f 242/269/210 210/270/194 213/124/211
f 237/165/212 209/271/213 212/166/200
f 240/272/214 207/273/215 226/274/203
f 224/275/216 205/245/197 211/276/217
f 249/277/218 238/278/205 246/279/209
f 247/280/199 232/281/199 231/282/199
f 249/283/218 246/284/209 220/285/219
f 221/286/202 236/287/196 239/288/220
f 244/289/183 222/158/221 235/290/187
f 242/291/210 209/292/213 233/293/222
f 241/294/192 207/161/215 231/159/223
f 239/195/224 205/295/197 230/197/225
f 253/302/231 258/303/230 252/304/199
f 264/305/232 260/306/233 254/307/234
f 250/308/235 256/309/229 251/310/55
f 255/311/236 264/303/232 254/304/108
f 258/312/230 259/313/237 252/314/55
f 360/196/301 344/242/302 385/341/303
f 389/342/304 364/245/305 386/246/306
f 381/343/307 354/344/308 368/345/309
f 379/346/307 352/347/310 366/348/309
f 378/349/311 351/350/312 388/351/313
f 358/352/314 355/353/315 347/354/316
f 347/355/316 383/356/317 358/357/318
f 384/358/319 357/359/320 348/360/321
f 375/361/322 356/362/323 354/363/308
f 376/364/324 355/365/315 346/366/325
f 374/144/326 354/145/308 345/146/327
f 373/367/328 353/146/329 352/368/310
f 372/147/330 352/148/310 351/149/312
f 377/369/331 361/370/332 349/371/333
f 363/150/334 364/151/305 360/152/301
f 370/153/335 348/154/321 358/155/318
f 362/293/336 347/372/316 355/373/315
f 367/374/337 345/263/338 353/264/329
f 371/375/339 344/172/302 357/376/320
f 369/170/340 382/171/341 356/172/323
f 388/377/313 372/378/330 378/379/311
f 366/380/309 373/381/328 379/382/307
f 367/175/337 374/176/326 380/177/342
f 368/255/309 375/383/322 381/384/307
f 369/385/340 376/386/324 382/381/341
f 389/277/304 377/387/331 387/279/343
f 457/280/108 369/388/108 368/282/108
f 389/283/304 387/284/343 359/285/344
f 377/389/331 365/390/345 361/391/332
f 511/342/408 477/245/409 502/246/410
f 497/120/411 475/121/203 507/122/214
f 496/123/412 474/124/413 490/125/414
f 487/409/415 489/127/416 506/248/417
f 510/246/418 471/276/419 499/410/420
f 501/411/421 470/412/422 487/413/415
f 483/414/199 482/415/199 492/258/199
f 512/416/423 491/417/424 486/193/425
f 496/153/412 475/154/203 483/155/426
f 497/156/411 476/157/200 482/158/427
f 495/418/428 474/419/413 481/373/429
f 494/420/430 489/160/416 469/161/431
f 510/421/418 472/422/200 468/196/201
f 512/423/423 486/424/425 511/425/199
f 508/341/212 484/241/432 476/426/200
f 501/165/421 481/271/429 473/427/433
f 505/272/434 469/273/431 488/428/435
f 500/429/212 480/430/436 472/431/200
f 503/432/437 485/433/438 491/430/424
f 509/280/439 487/434/199 494/435/199
f 502/436/410 484/437/432 498/150/440
f 505/438/434 480/439/436 493/262/441
f 516/440/231 521/303/230 515/304/199
f 527/305/232 523/306/233 517/307/234
f 513/441/235 519/309/229 514/310/55
f 518/440/236 527/303/232 517/304/108
f 521/312/230 522/442/237 515/314/55
f 636/275/506 610/274/507 642/272/508
f 618/376/509 627/470/510 648/471/511
f 617/472/512 608/412/513 637/413/514
f 610/473/507 625/474/515 607/475/516
f 609/476/517 624/477/518 614/380/519
f 611/176/520 626/383/521 616/177/522
f 612/478/523 608/477/513 617/479/512
f 628/480/524 627/353/510 618/354/509
f 618/355/509 645/356/525 628/357/526
f 639/481/527 622/366/528 621/362/529
f 638/358/530 620/359/531 619/360/532
f 641/367/533 625/146/515 615/368/534
f 633/194/535 646/482/536 622/483/528
f 650/150/537 621/151/529 629/152/538
f 649/195/539 619/154/532 628/155/526
f 647/197/540 615/422/534 606/196/541
f 635/162/542 630/163/543 632/389/544
f 616/484/522 643/485/545 611/486/520
f 643/248/545 637/247/514 611/127/520
f 636/474/506 616/487/522 626/475/521
f 640/488/546 614/489/519 624/490/518
f 631/178/547 650/491/548 634/180/549
f 633/277/535 632/492/544 646/279/536
f 716/493/550 637/494/108 636/495/108
f 630/496/543 646/497/536 632/496/544
f 613/498/551 634/188/552 650/499/537
f 648/500/511 612/501/523 644/502/553
f 647/503/540 609/504/517 640/505/546
f 757/515/614 737/242/615 760/341/616
f 756/272/617 736/121/618 766/516/619
f 741/270/620 750/124/621 765/125/622
f 731/247/623 734/127/624 763/248/625
f 747/127/626 752/517/627 768/518/628
f 736/252/618 741/253/620 772/254/629
f 741/519/199 740/415/199 728/258/199
f 748/194/430 752/417/627 742/193/431
f 756/156/617 737/157/615 740/158/630
f 770/421/631 733/422/632 729/196/633
f 767/520/634 742/521/431 751/245/635
f 764/165/636 744/522/637 735/166/638
f 762/272/214 730/276/426 749/274/203
f 759/429/639 739/430/436 733/431/632
f 758/275/640 729/523/633 732/276/641
f 769/280/642 731/524/199 755/525/199
f 767/436/634 746/152/643 757/150/614
f 764/262/636 745/261/644 731/526/623
f 765/154/622 744/373/637 771/293/645
f 762/438/214 739/439/436 754/262/441
f 763/527/625 730/161/426 755/159/412
f 773/389/199 753/528/199 747/163/199
f 777/529/231 782/303/230 776/304/199
f 788/305/232 784/530/233 778/307/234
f 774/531/235 780/309/229 775/310/55
f 779/529/236 788/303/232 778/304/108
f 782/312/230 783/532/237 776/314/55
f 874/551/709 907/552/710 899/553/711
f 878/554/712 874/242/709 899/243/711
f 888/248/713 887/555/714 909/432/715
f 908/556/716 878/557/712 895/251/717
f 903/343/718 884/558/719 910/345/720
f 887/559/714 889/136/721 879/137/722
f 898/144/723 884/145/719 877/146/724
f 897/367/725 883/146/726 876/368/727
f 896/147/728 882/148/729 881/149/730
f 912/259/731 904/560/732 868/261/733
f 911/418/731 905/561/734 885/373/733
f 890/562/735 887/163/714 888/389/713
f 908/520/716 913/563/736 875/523/737
f 906/516/738 894/272/739 873/121/740
f 905/269/734 869/270/741 872/124/742
f 903/248/718 868/564/733 870/565/743
f 904/165/732 885/121/733 871/566/744
f 893/567/745 906/568/738 869/569/741
f 891/380/746 897/381/725 901/382/747
f 892/175/748 898/176/723 902/177/747
f 894/178/739 899/179/711 907/180/710
f 983/280/749 912/570/108 910/571/108
f 909/192/715 889/193/721 913/563/736
f 907/572/710 886/573/750 894/290/739
f 902/574/747 883/439/726 892/262/748
f 901/575/747 882/196/729 891/197/746
f 1001/592/815 1021/593/816 1028/594/817
f 1000/595/818 1020/596/819 1027/597/820
f 1016/598/821 999/242/416 1035/243/417
f 1038/342/822 1000/245/818 1027/246/820
f 1015/599/617 1019/124/823 1033/269/824
f 1012/565/825 1001/517/815 1028/600/817
f 1020/556/819 1011/250/826 1016/251/821
f 1003/601/827 1006/558/828 993/345/829
f 995/602/199 1010/603/199 933/258/199
f 1032/361/830 1009/362/831 1003/363/827
f 1031/144/832 1006/145/828 1002/146/833
f 1038/194/822 1001/417/815 1013/193/834
f 1015/195/617 998/604/435 995/155/630
f 1014/290/430 999/605/416 1010/158/431
f 994/259/835 997/260/836 1009/261/831
f 1025/418/837 1019/419/823 1008/373/838
f 1024/374/839 1002/263/833 1007/264/840
f 1037/606/841 1004/607/842 1036/608/199
f 1017/486/843 1029/609/844 996/610/845
f 1034/516/434 1010/428/431 998/611/435
f 1026/165/846 1008/121/838 997/166/836
f 1030/429/847 1024/612/839 1018/431/848
f 1029/275/844 1023/613/849 996/276/845
f 1016/181/821 1027/614/820 1020/178/819
f 1038/277/822 1028/615/817 1021/279/816
f 1036/280/199 994/616/199 993/617/199
f 1030/195/847 1005/196/850 1023/197/849
f 1028/389/817 1022/618/851 1012/391/825
f 1041/304/854 1042/302/231 1047/303/199
f 1039/308/855 1045/309/229 1040/310/55
f 1044/619/236 1053/303/856 1043/304/108
f 1047/312/853 1048/313/857 1041/314/55
f 112/1396/82 86/1397/81 118/1398/104
f 109/1399/86 85/1400/88 115/1401/103
f 106/120/63 94/274/76 83/121/64
f 105/123/66 79/270/93 82/124/67
f 85/1402/1465 92/1403/234 91/479/85
f 80/1404/70 78/384/69 92/383/87
f 81/1405/99 93/1406/98 78/477/69
f 82/1407/67 79/1408/93 93/353/98
f 83/1409/64 94/1410/76 79/1411/93
f 84/1412/92 98/1413/79 95/1414/83
f 88/1415/1466 194/183/107 89/1416/90
f 100/1417/95 20/258/1467 96/1418/78
f 20/258/1467 88/1415/1466 93/1419/108
f 88/1415/1466 89/1416/90 90/1420/73
f 91/1421/72 88/1415/1466 90/1420/73
f 98/1422/79 96/1418/78 20/258/1467
f 95/1423/75 98/1422/79 20/258/1467
f 88/1415/1466 91/1421/72 92/1424/1468
f 88/1415/1466 92/1424/1468 78/1425/108
f 94/415/76 95/1423/75 20/258/1467
f 88/1415/1466 78/1425/108 93/1419/108
f 20/258/1467 93/1419/108 79/1426/108
f 79/1426/108 94/415/76 20/258/1467
f 89/1427/90 113/1428/1469 108/1429/89
f 112/1430/82 107/358/91 95/1431/83
f 109/144/86 97/1432/94 92/145/87
f 114/367/84 102/144/102 91/1433/85
f 108/147/89 101/1434/112 90/148/73
f 107/150/91 119/1435/106 84/151/92
f 105/153/66 117/372/65 83/154/64
f 106/156/63 118/1436/104 86/157/77
f 91/1437/85 115/1438/103 85/263/1465
f 97/159/94 110/294/71 80/160/70
f 96/1439/78 87/1440/80 120/593/110
f 110/128/71 103/247/101 78/126/69
f 116/165/97 104/516/100 93/121/98
f 104/167/100 111/173/68 82/168/67
f 113/1441/1469 101/1442/112 108/378/89
f 101/380/112 102/1443/102 114/1444/84
f 102/175/102 97/1445/94 109/176/86
f 97/255/94 103/131/101 110/1446/71
f 103/385/101 104/1447/100 116/1448/97
f 104/1449/100 105/1411/66 111/1450/68
f 105/1451/66 106/1452/63 117/1453/65
f 106/178/63 107/1454/91 112/179/82
f 122/277/109 121/1455/55 120/1456/111
f 89/1416/90 194/183/107 113/1457/1469
f 194/183/107 100/1417/95 104/1458/108
f 100/1417/95 121/1459/96 122/1460/105
f 101/1461/1470 113/1457/1469 194/183/107
f 100/1417/95 122/1460/105 107/1462/91
f 102/1463/108 101/1461/1470 194/183/107
f 100/1417/95 107/1462/91 106/1464/108
f 100/1417/95 106/1464/108 105/1465/108
f 97/185/108 102/1463/108 194/183/107
f 100/1417/95 105/1465/108 104/1458/108
f 194/183/107 104/1458/108 103/184/108
f 122/1466/109 98/1467/79 84/1468/92
f 120/192/111 87/1469/80 98/193/79
f 116/262/97 81/439/99 78/1470/69
f 114/195/84 99/422/74 90/196/73
f 211/610/217 216/486/1496 224/1500/216
f 235/120/187 222/274/221 228/121/188
f 232/247/190 208/1501/201 227/127/191
f 221/518/202 206/517/204 236/431/196
f 238/1502/205 220/127/219 215/517/208
f 211/476/217 205/1503/197 216/1504/1496
f 236/255/196 206/1447/204 205/130/197
f 226/1505/203 207/1403/215 206/479/204
f 227/1506/191 208/384/201 207/383/215
f 212/1507/200 209/1406/213 208/477/201
f 213/1508/211 210/1408/194 209/353/213
f 228/1509/188 222/1410/221 210/1411/194
f 229/1510/182 219/1511/181 222/133/221
f 214/1512/185 218/1413/184 219/1414/181
f 204/1417/206 143/258/199 220/1513/207
f 143/258/199 217/1415/1497 209/1514/199
f 217/1415/1497 216/1515/1498 205/1516/1499
f 217/1415/1497 205/1516/1499 206/1517/199
f 218/1518/184 220/1513/207 143/258/199
f 219/1519/199 218/1518/184 143/258/199
f 217/1415/1497 206/1517/199 207/1520/199
f 217/1415/1497 207/1520/199 208/1521/199
f 222/257/199 219/1519/199 143/258/199
f 217/1415/1497 208/1521/199 209/1514/199
f 143/258/199 209/1514/199 210/256/199
f 220/193/219 246/1522/209 215/417/208
f 232/259/190 237/262/212 212/260/200
f 209/292/213 242/291/210 213/419/211
f 248/1523/1500 224/1524/216 216/1525/1498
f 248/1526/1500 216/1527/1498 217/1528/1497
f 225/596/198 239/1529/220 236/1530/196
f 244/243/183 223/515/193 219/241/181
f 242/269/210 234/599/195 210/270/194
f 237/165/212 233/516/222 209/271/213
f 240/272/214 231/275/223 207/273/215
f 224/275/216 230/520/225 205/245/197
f 248/377/1500 230/1442/225 224/1531/216
f 230/380/225 221/1443/234 239/1532/224
f 221/175/202 231/1445/223 240/1404/214
f 231/255/223 232/131/190 241/1533/192
f 232/385/190 233/1447/222 237/1534/212
f 233/1449/222 234/1411/195 242/1535/210
f 234/1451/195 235/1452/187 243/1536/189
f 235/178/187 223/1454/193 244/1537/183
f 223/181/193 249/1538/1501 245/1539/186
f 217/1415/1497 247/280/199 248/1457/1500
f 247/280/199 204/1417/206 233/1540/199
f 204/1417/206 238/1459/205 249/1541/218
f 249/1541/1501 220/1542/207 218/1518/184
f 230/1543/199 248/1457/1500 247/280/199
f 204/1417/206 249/1541/218 223/1544/199
f 221/1545/199 230/1543/199 247/280/199
f 204/1417/206 223/1544/199 235/1546/199
f 204/1417/206 235/1546/199 234/1547/199
f 231/282/199 221/1545/199 247/280/199
f 204/1417/206 234/1547/199 233/1540/199
f 247/280/199 233/1540/199 232/281/199
f 249/1548/1501 218/1467/184 245/1549/186
f 245/436/186 214/1550/185 223/150/193
f 243/1551/189 228/154/188 234/575/195
f 244/289/183 229/157/182 222/158/221
f 240/438/214 226/263/203 221/262/202
f 241/294/192 227/160/191 207/161/215
f 239/195/224 225/422/198 205/295/197
f 251/1570/226 256/1571/108 257/1572/1502
f 377/1607/331 349/1608/333 387/267/343
f 374/1399/326 345/1400/327 380/1401/342
f 389/342/304 359/193/344 364/245/305
f 382/411/341 346/472/1532 356/412/323
f 345/1609/338 354/1403/234 353/479/329
f 346/1610/1532 355/1406/234 356/477/323
f 348/1611/321 357/1410/234 358/1411/318
f 344/1612/302 360/1511/301 357/133/320
f 364/1613/305 359/1413/344 360/1414/301
f 349/1614/1533 361/1615/234 359/136/344
f 350/1415/1534 388/1457/1535 351/1515/1536
f 285/258/1537 350/1415/1534 355/1616/315
f 350/1415/1534 351/1515/1536 352/1516/1538
f 353/1617/1539 350/1415/1534 352/1516/1538
f 359/1618/108 361/1418/332 285/258/1537
f 360/1619/108 359/1618/108 285/258/1537
f 350/1415/1534 353/1617/1539 354/1520/1540
f 350/1415/1534 354/1520/1540 356/1620/1541
f 357/1621/1542 360/1619/108 285/258/1537
f 350/1415/1534 356/1620/1541 355/1616/315
f 285/258/1537 355/1616/315 358/1622/314
f 358/1622/314 357/1621/1542 285/258/1537
f 346/1623/325 382/1624/341 376/1625/324
f 354/1626/308 381/1627/307 375/1628/322
f 352/1629/310 379/1630/307 373/142/328
f 351/1631/312 378/1428/311 372/1429/330
f 384/358/319 371/1632/339 357/359/320
f 383/1633/317 370/1634/335 358/1635/318
f 375/361/322 369/1636/340 356/362/323
f 374/144/326 368/1432/309 354/145/308
f 373/367/328 367/144/337 353/146/329
f 372/147/330 366/1434/309 352/148/310
f 359/193/344 387/1522/343 349/417/1533
f 370/153/335 384/372/319 348/154/321
f 367/374/337 380/1438/342 345/263/338
f 365/390/345 285/1637/1537 361/391/332
f 385/341/303 363/515/334 360/196/301
f 371/375/339 385/170/303 344/172/302
f 388/377/313 366/1442/309 372/378/330
f 366/380/309 367/1443/337 373/381/328
f 367/175/337 368/1445/309 374/176/326
f 368/255/309 369/131/340 375/383/322
f 369/385/340 362/1447/336 376/386/324
f 362/1449/336 370/1411/335 383/1638/317
f 370/1451/335 371/1452/339 384/1639/319
f 371/178/339 363/1454/334 385/1640/303
f 363/181/334 389/1538/304 386/1539/306
f 350/1415/1534 457/280/108 388/1457/1535
f 457/280/108 365/1417/345 362/1641/108
f 365/1417/345 377/1459/331 389/1642/304
f 366/1643/108 388/1457/1535 457/280/108
f 365/1417/345 389/1642/304 363/1644/108
f 367/1645/108 366/1643/108 457/280/108
f 365/1417/345 363/1644/108 371/1646/108
f 365/1417/345 371/1646/108 370/1647/108
f 368/282/108 367/1645/108 457/280/108
f 365/1417/345 370/1647/108 362/1641/108
f 457/280/108 362/1641/108 369/388/108
f 362/500/336 355/1648/315 376/502/324
f 386/436/306 364/151/305 363/150/334
f 383/154/317 347/372/316 362/293/336
f 511/342/408 486/193/1567 477/245/409
f 497/120/411 482/274/427 475/121/203
f 496/123/412 483/270/426 474/124/413
f 487/409/415 470/1501/422 489/127/416
f 510/246/418 468/245/201 471/276/419
f 501/411/421 473/472/433 470/412/422
f 471/1667/419 468/1503/201 479/477/1568
f 472/1668/200 480/1447/436 468/130/201
f 488/1669/435 469/1403/431 480/479/436
f 489/1506/416 470/384/422 469/383/431
f 473/1670/433 481/1406/429 470/477/422
f 474/1671/413 483/1408/426 481/353/429
f 475/1453/203 482/1410/427 483/1411/426
f 476/1672/200 484/1511/432 482/133/427
f 477/1673/409 486/1413/1567 484/1414/432
f 491/1674/424 485/1615/438 486/136/425
f 492/258/199 478/1415/1569 481/1675/199
f 478/1415/1569 479/1515/1568 468/1516/199
f 486/1676/199 485/1418/199 492/258/199
f 478/1415/1569 468/1516/199 480/1517/199
f 484/1677/199 486/1676/199 492/258/199
f 478/1415/1569 480/1517/199 469/1678/199
f 478/1415/1569 469/1678/199 470/1679/199
f 482/415/199 484/1677/199 492/258/199
f 478/1415/1569 470/1679/199 481/1675/199
f 492/258/199 481/1675/199 483/414/199
f 496/153/412 507/372/214 475/154/203
f 497/156/411 508/1436/212 476/157/200
f 495/418/428 490/154/414 474/419/413
f 510/421/418 500/195/212 472/422/200
f 471/1680/419 504/1681/1570 499/1682/420
f 508/341/212 498/515/440 484/241/432
f 501/165/421 495/516/428 481/271/429
f 505/272/434 494/275/430 469/273/431
f 500/429/212 493/432/441 480/430/436
f 504/1683/1570 510/1442/418 499/378/420
f 510/380/418 493/1443/441 500/1684/212
f 493/175/441 494/1445/430 505/1404/434
f 494/255/430 487/131/415 506/1685/417
f 487/385/415 495/1447/428 501/1686/421
f 495/1449/428 496/1411/412 490/1687/414
f 496/1451/412 497/1452/411 507/1688/214
f 497/178/411 498/1454/440 508/1689/212
f 498/181/440 511/1538/408 502/1690/410
f 337/1417/199 492/258/199 512/1691/423
f 492/258/199 485/1418/199 512/1691/423
f 478/1415/1569 509/280/439 504/1457/1571
f 509/280/439 337/1417/199 495/1692/199
f 337/1417/199 512/1691/423 511/1693/199
f 510/1643/1572 504/1457/1571 509/280/439
f 337/1417/199 511/1693/199 498/1694/199
f 493/1695/199 510/1643/1572 509/280/439
f 337/1417/199 498/1694/199 497/1464/199
f 337/1417/199 497/1464/199 496/1465/199
f 494/435/199 493/1695/199 509/280/439
f 337/1417/199 496/1465/199 495/1692/199
f 509/280/439 495/1692/199 487/434/199
f 512/189/423 485/371/438 503/191/437
f 503/192/437 491/417/424 512/416/423
f 502/436/410 477/1550/409 484/437/432
f 505/438/434 488/263/435 480/439/436
f 506/294/417 489/160/416 494/420/430
f 504/1696/1571 471/1697/419 479/1698/1568
f 478/1699/1569 504/1700/1571 479/1701/1568
f 514/1570/226 519/1571/108 520/1702/1502
f 613/1729/551 620/1397/1599 634/1730/552
f 633/342/535 622/483/528 639/613/527
f 637/247/514 608/1501/513 611/127/520
f 636/275/506 626/276/521 610/274/507
f 609/476/517 606/1503/541 624/477/518
f 615/1731/534 625/1447/234 606/130/541
f 610/1732/507 626/1403/521 625/479/515
f 611/176/520 608/384/513 626/383/521
f 612/478/523 627/1406/510 608/477/513
f 619/1611/532 620/1410/234 628/1411/526
f 613/1733/551 629/1511/538 620/1734/1599
f 621/1735/529 622/1413/234 629/1414/538
f 623/1415/108 716/493/550 624/1416/1600
f 635/258/542 623/1415/108 627/1736/510
f 623/1415/108 624/1416/1600 606/1737/108
f 625/1517/108 623/1415/108 606/1737/108
f 622/1738/528 630/1418/543 635/258/542
f 629/1739/1601 622/1738/528 635/258/542
f 623/1415/108 625/1517/108 626/1740/108
f 623/1415/108 626/1740/108 608/1741/108
f 620/415/1602 629/1739/1601 635/258/542
f 623/1415/108 608/1741/108 627/1736/510
f 635/258/542 627/1736/510 628/1742/524
f 628/1742/524 620/415/1602 635/258/542
f 630/496/543 622/1743/528 646/1744/536
f 638/358/530 631/1632/547 620/359/531
f 641/367/533 607/144/516 625/146/515
f 650/150/537 639/436/527 621/151/529
f 649/195/539 638/1551/530 619/154/532
f 631/290/547 634/289/549 620/157/531
f 648/167/511 645/173/525 618/168/509
f 637/170/514 644/171/1603 617/500/512
f 636/474/506 643/1745/545 616/487/522
f 607/173/516 642/174/508 610/253/507
f 647/380/540 607/1443/516 641/1686/533
f 607/175/516 636/1445/506 642/1746/508
f 636/255/506 637/131/514 643/1747/545
f 637/385/514 648/1447/55 644/1448/1603
f 648/1449/511 649/1411/539 645/1748/525
f 649/1451/539 631/1452/547 638/1639/530
f 650/181/537 633/1538/535 639/1749/527
f 721/1417/1604 635/258/542 632/1459/544
f 624/1416/1600 716/493/550 640/1457/1605
f 716/493/550 721/1417/1604 648/1750/108
f 721/1417/1604 632/1459/544 633/1751/535
f 647/1752/1606 640/1457/1605 716/493/550
f 721/1417/1604 633/1751/535 650/1753/548
f 607/1545/108 647/1752/1606 716/493/550
f 721/1417/1604 650/1753/548 631/1754/547
f 721/1417/1604 631/1754/547 649/1755/108
f 636/495/108 607/1545/108 716/493/550
f 721/1417/1604 649/1755/108 648/1750/108
f 716/493/550 648/1750/108 637/494/108
f 612/1756/523 617/1757/512 644/1758/553
f 609/1759/517 614/1760/519 640/1761/546
f 650/1762/537 629/287/538 613/1637/551
f 649/1763/539 628/1764/526 645/1765/525
f 648/500/511 627/1648/510 612/501/523
f 647/503/540 606/1766/541 609/504/517
f 641/195/533 615/422/534 647/197/540
f 757/515/614 746/196/643 737/242/615
f 756/272/617 740/274/630 736/121/618
f 732/1785/641 729/1503/633 743/477/1631
f 733/1668/632 739/1447/436 729/130/633
f 749/1669/203 730/1403/426 739/479/436
f 734/1786/624 745/384/644 730/383/426
f 735/1405/638 744/1406/637 745/477/644
f 750/1787/621 741/1408/620 744/353/637
f 736/1509/618 740/1410/630 741/1411/620
f 737/1788/615 746/1511/643 740/133/630
f 751/1789/635 742/1413/431 746/1414/643
f 752/1790/627 747/1615/626 742/136/431
f 728/258/199 738/1415/1569 744/1791/199
f 738/1415/1569 743/1515/1631 729/1792/199
f 742/1793/199 747/1418/199 728/258/199
f 738/1415/1569 729/1792/199 739/1517/199
f 746/1794/199 742/1793/199 728/258/199
f 738/1415/1569 739/1517/199 730/1795/199
f 738/1415/1569 730/1795/199 745/1796/199
f 740/415/199 746/1794/199 728/258/199
f 738/1415/1569 745/1796/199 744/1791/199
f 728/258/199 744/1791/199 741/519/199
f 734/363/624 731/1636/623 745/362/644
f 756/156/617 760/289/616 737/157/615
f 730/161/426 763/527/625 734/160/624
f 770/421/631 759/195/639 733/422/632
f 753/528/199 728/1637/199 747/163/199
f 732/1797/641 761/1681/1632 758/1798/640
f 767/520/634 748/194/430 742/521/431
f 762/272/214 755/275/412 730/276/426
f 759/429/639 754/432/441 739/430/436
f 758/275/640 770/520/631 729/523/633
f 768/518/628 773/248/1633 747/127/626
f 761/1683/1632 770/1442/631 758/378/640
f 770/380/631 754/1443/441 759/1684/639
f 754/175/441 755/1445/412 762/1799/214
f 755/255/412 731/131/623 763/1446/625
f 731/385/623 771/1447/645 764/1448/636
f 771/1449/645 772/1411/629 765/1800/622
f 772/1451/629 756/1452/617 766/1801/619
f 756/178/617 757/1454/614 760/1802/616
f 757/181/614 748/1538/430 767/1803/634
f 748/277/430 773/1455/1633 768/1804/628
f 738/1415/1569 769/280/642 761/1457/1634
f 769/280/642 753/1417/199 771/1805/199
f 753/1417/199 773/1459/199 748/1806/199
f 770/1807/1635 761/1457/1634 769/280/642
f 753/1417/199 748/1806/199 757/1808/199
f 754/1809/199 770/1807/1635 769/280/642
f 753/1417/199 757/1808/199 756/1754/199
f 753/1417/199 756/1754/199 772/1810/199
f 755/525/199 754/1809/199 769/280/642
f 753/1417/199 772/1810/199 771/1805/199
f 769/280/642 771/1805/199 731/524/199
f 772/1763/629 741/1764/620 765/1765/622
f 771/500/645 744/1648/637 764/502/636
f 768/192/628 752/417/627 748/194/430
f 767/436/634 751/151/635 746/152/643
f 766/1551/619 736/604/618 772/195/629
f 764/262/636 735/439/638 745/261/644
f 765/154/622 750/419/621 744/373/637
f 762/438/214 749/263/203 739/439/436
f 761/1696/1634 732/1697/641 743/1811/1631
f 738/1812/1569 761/1700/1634 743/1527/1631
f 775/1570/226 780/1571/108 781/1813/1502
f 909/1836/715 887/1837/714 879/1440/722
f 894/272/739 886/274/750 873/121/740
f 907/1838/710 874/1839/709 886/1840/750
f 906/1841/738 873/252/740 869/253/741
f 905/1842/734 872/376/742 885/470/733
f 904/411/732 871/472/744 868/412/733
f 903/343/718 870/601/743 884/558/719
f 902/1843/747 877/473/1659 883/474/726
f 901/346/747 876/1844/1660 882/1845/729
f 876/1846/1660 883/1447/234 882/130/729
f 877/1847/1659 884/1403/234 883/479/726
f 870/1848/743 868/384/733 884/383/719
f 871/1849/744 885/1406/733 868/477/733
f 872/1850/742 869/1408/741 885/353/733
f 873/1851/740 886/1410/750 869/1411/741
f 874/1852/709 878/1511/712 886/133/750
f 875/1853/737 889/1413/721 878/1854/712
f 890/1417/735 806/258/1661 887/1418/714
f 806/258/1661 880/1415/1662 885/1855/108
f 880/1415/1662 881/1416/730 882/1856/1663
f 883/1857/108 880/1415/1662 882/1856/1663
f 889/1858/721 887/1418/714 806/258/1661
f 878/1859/1664 889/1858/721 806/258/1661
f 880/1415/1662 883/1857/108 884/1860/108
f 880/1415/1662 884/1860/108 868/1861/108
f 886/1862/1665 878/1859/1664 806/258/1661
f 880/1415/1662 868/1861/108 885/1855/108
f 806/258/1661 885/1855/108 869/1863/108
f 869/1863/108 886/1862/1665 806/258/1661
f 875/280/737 878/1864/712 908/1865/716
f 877/1866/724 902/1867/747 898/567/723
f 876/1629/727 901/1630/747 897/142/725
f 881/1868/730 900/1428/1666 896/1429/728
f 875/362/737 913/364/736 889/366/721
f 897/367/725 892/144/748 883/146/726
f 896/147/728 891/1434/746 882/148/729
f 899/243/711 895/515/717 878/554/712
f 905/269/734 893/599/745 869/270/741
f 900/1869/1666 891/1442/746 896/378/728
f 891/380/746 892/1443/748 897/381/725
f 892/175/748 910/1445/720 898/176/723
f 910/255/720 912/131/731 903/1870/718
f 912/385/731 911/1447/731 904/1686/732
f 911/1449/731 893/1411/745 905/1871/734
f 893/1451/745 894/1452/739 906/1872/738
f 894/178/739 895/1454/717 899/179/711
f 895/181/717 913/1538/736 908/1873/716
f 913/277/736 888/1455/713 909/1874/715
f 880/1415/1662 983/280/749 900/1457/1666
f 983/280/749 890/1417/735 911/1875/108
f 890/1417/735 888/1459/713 913/1876/108
f 891/1877/1667 900/1457/1666 983/280/749
f 890/1417/735 913/1876/108 895/1878/108
f 892/1879/108 891/1877/1667 983/280/749
f 890/1417/735 895/1878/108 894/1880/108
f 890/1417/735 894/1880/108 893/1881/108
f 910/571/108 892/1879/108 983/280/749
f 890/1417/735 893/1881/108 911/1875/108
f 983/280/749 911/1875/108 912/570/108
f 912/1882/731 868/1883/733 903/1745/718
f 911/500/731 885/1648/733 904/502/732
f 910/1884/720 884/1885/719 898/1763/723
f 909/192/715 879/1469/722 889/193/721
f 880/1886/1662 900/1700/1666 881/1701/730
f 1016/598/821 1011/196/826 999/242/416
f 1038/342/822 1013/193/834 1000/245/818
f 1015/599/617 995/270/630 1019/124/823
f 1020/556/819 1000/249/818 1011/250/826
f 996/476/845 1005/1503/850 1017/1904/843
f 1018/1846/848 1007/1447/840 1005/130/850
f 1002/1905/833 1006/1403/55 1007/479/840
f 1003/1906/827 1009/384/55 1006/383/828
f 997/1907/836 1008/1406/838 1009/477/831
f 1019/1908/823 995/1408/630 1008/353/838
f 998/1909/435 1010/1410/431 995/1411/630
f 999/1910/416 1011/1511/826 1010/133/431
f 1000/1911/818 1013/1413/834 1011/1414/826
f 1001/1912/815 1012/1615/825 1013/136/834
f 1004/1415/842 1037/1457/841 1017/1515/843
f 1022/1417/851 933/258/199 1012/1418/825
f 933/258/199 1004/1415/842 1008/1913/199
f 1004/1415/842 1017/1515/843 1005/1856/1692
f 1013/1914/199 1012/1418/825 933/258/199
f 1004/1415/842 1005/1856/1692 1007/1915/199
f 1011/1916/199 1013/1914/199 933/258/199
f 1004/1415/842 1007/1915/199 1006/1917/199
f 1004/1415/842 1006/1917/199 1009/1918/199
f 1010/603/199 1011/1916/199 933/258/199
f 1004/1415/842 1009/1918/199 1008/1913/199
f 933/258/199 1008/1913/199 995/602/199
f 1032/361/830 994/1636/835 1009/362/831
f 1031/144/832 993/1432/829 1006/145/828
f 1018/368/848 1024/144/839 1007/146/840
f 996/149/845 1023/1434/849 1005/148/850
f 1038/194/822 1021/192/816 1001/417/815
f 994/259/835 1026/262/846 997/260/836
f 1034/516/434 1014/272/430 1010/428/431
f 1026/165/846 1025/516/837 1008/121/838
f 1037/377/841 1023/1442/849 1029/1919/844
f 1023/380/849 1024/1443/839 1030/1920/847
f 1024/175/839 993/1445/829 1031/1921/832
f 993/255/829 994/131/835 1032/1922/830
f 994/385/835 1025/1447/837 1026/1923/846
f 1025/1449/837 1015/1411/617 1033/1924/824
f 1015/1451/617 1014/1452/430 1034/1453/434
f 1014/178/430 1016/1454/821 1035/1925/417
f 1016/181/821 1038/1538/822 1027/614/820
f 1036/280/199 1022/1417/851 1025/1926/199
f 1022/1417/851 1028/1459/817 1038/1927/822
f 1023/1928/199 1037/1457/841 1036/280/199
f 1022/1417/851 1038/1927/822 1016/1929/199
f 1024/1930/199 1023/1928/199 1036/280/199
f 1022/1417/851 1016/1929/199 1014/1931/199
f 1022/1417/851 1014/1931/199 1015/1465/199
f 993/617/199 1024/1930/199 1036/280/199
f 1022/1417/851 1015/1465/199 1025/1926/199
f 1036/280/199 1025/1926/199 994/616/199
f 1034/1551/434 998/604/435 1015/195/617
f 1035/289/417 999/605/416 1014/290/430
f 1033/154/824 1019/419/823 1025/418/837
f 1031/438/832 1002/263/833 1024/374/839
f 1032/294/830 1003/160/827 993/159/829
f 1030/195/847 1018/422/848 1005/196/850
f 1029/1524/844 1017/1932/843 1037/1933/841
f 1043/307/852 1053/305/234 1049/1934/233
f 1040/1570/226 1045/1571/108 1046/1572/1502
usemtl GT_MC_Tiling_Dirty_Metal
f 251/296/226 261/297/227 254/298/228
f 256/299/229 261/300/227 258/301/230
f 514/296/226 524/297/227 517/298/228
f 519/299/229 524/300/227 521/301/230
f 775/296/226 785/297/227 778/298/228
f 780/299/229 785/300/227 782/301/230
f 1040/296/226 1050/297/227 1043/298/852
f 1045/299/229 1050/300/227 1047/301/853
f 1401/1014/1217 1399/1015/1218 1400/1016/1219
f 1404/1020/1222 1403/1021/1222 1405/1022/1222
f 1405/1023/1222 1403/1024/1222 1404/1025/1222
f 1406/1026/1223 1402/1027/1221 1407/1028/1220
f 1408/1032/1222 1410/1033/1222 1409/1034/1222
f 1408/1035/1222 1409/1036/1222 1410/1037/1222
f 1416/1038/1224 1414/1039/1225 1415/1040/1226
f 1420/1047/1229 1416/1038/1224 1419/1048/1230
f 1417/1049/1231 1411/1050/1232 1412/1051/1228
f 1419/1048/1230 1416/1038/1224 1415/1040/1226
f 1424/1039/1234 1430/1058/1235 1425/1040/1236
f 1421/1050/1240 1427/1059/1241 1422/1060/1238
f 1430/1058/1235 1429/1048/1242 1425/1040/1236
f 1434/1061/1244 1438/1062/1245 1439/1028/1246
f 1431/1063/1247 1433/1014/1248 1432/1064/1249
f 1435/1021/1222 1437/1020/1222 1436/1022/1222
f 1435/1024/1222 1436/1023/1222 1437/1025/1222
f 1441/1033/55 1440/1032/55 1442/1034/55
f 1442/1036/55 1440/1035/55 1441/1037/55
f 1443/1065/1250 1446/1066/1251 1445/1067/1252
f 1447/1039/1253 1448/1038/1254 1451/1040/1255
f 1448/1038/1254 1452/1068/1256 1450/1048/1257
f 1448/1038/1254 1450/1048/1257 1451/1040/1255
f 1456/1066/1259 1453/1069/1260 1455/1070/1261
f 1458/1071/1262 1457/1039/1263 1461/1040/1264
f 1462/1068/1265 1458/1071/1262 1460/1048/1266
f 1460/1048/1266 1458/1071/1262 1461/1040/1264
f 251/296/226 257/1552/1502 253/1553/231
f 252/1554/1503 259/1555/237 263/1556/1504
f 251/296/226 253/1553/231 252/1554/1503
f 260/1557/233 250/1558/235 251/296/226
f 262/1559/1505 255/1560/236 254/298/228
f 254/298/228 260/1557/233 251/296/226
f 251/296/226 252/1554/1503 261/297/227
f 252/1554/1503 263/1556/1504 261/297/227
f 261/297/227 262/1559/1505 254/298/228
f 256/299/229 250/1561/235 260/1562/233
f 264/1563/232 255/1564/236 262/1565/1505
f 256/299/229 260/1562/233 264/1563/232
f 253/1566/231 257/1567/1502 256/299/229
f 263/1568/1504 259/1569/237 258/301/230
f 258/301/230 253/1566/231 256/299/229
f 256/299/229 264/1563/232 261/300/227
f 264/1563/232 262/1565/1505 261/300/227
f 261/300/227 263/1568/1504 258/301/230
f 514/296/226 520/1552/1502 516/1553/231
f 515/1554/1503 522/1555/237 526/1556/1504
f 514/296/226 516/1553/231 515/1554/1503
f 523/1557/233 513/1558/235 514/296/226
f 525/1559/1505 518/1560/236 517/298/228
f 517/298/228 523/1557/233 514/296/226
f 514/296/226 515/1554/1503 524/297/227
f 515/1554/1503 526/1556/1504 524/297/227
f 524/297/227 525/1559/1505 517/298/228
f 519/299/229 513/1561/235 523/1562/233
f 527/1563/232 518/1564/236 525/1565/1505
f 519/299/229 523/1562/233 527/1563/232
f 516/1566/231 520/1567/1502 519/299/229
f 526/1568/1504 522/1569/237 521/301/230
f 521/301/230 516/1566/231 519/299/229
f 519/299/229 527/1563/232 524/300/227
f 527/1563/232 525/1565/1505 524/300/227
f 524/300/227 526/1568/1504 521/301/230
f 775/296/226 781/1552/1502 777/1553/231
f 776/1554/1503 783/1555/237 787/1556/1504
f 775/296/226 777/1553/231 776/1554/1503
f 784/1557/233 774/1558/235 775/296/226
f 786/1559/1505 779/1560/236 778/298/228
f 778/298/228 784/1557/233 775/296/226
f 775/296/226 776/1554/1503 785/297/227
f 776/1554/1503 787/1556/1504 785/297/227
f 785/297/227 786/1559/1505 778/298/228
f 780/299/229 774/1561/235 784/1562/233
f 788/1563/232 779/1564/236 786/1565/1505
f 780/299/229 784/1562/233 788/1563/232
f 777/1566/231 781/1567/1502 780/299/229
f 787/1568/1504 783/1569/237 782/301/230
f 782/301/230 777/1566/231 780/299/229
f 780/299/229 788/1563/232 785/300/227
f 788/1563/232 786/1565/1505 785/300/227
f 785/300/227 787/1568/1504 782/301/230
f 1040/296/226 1046/1552/1502 1042/1553/231
f 1041/1554/854 1048/1555/857 1052/1556/1693
f 1040/296/226 1042/1553/231 1041/1554/854
f 1049/1557/233 1039/1558/855 1040/296/226
f 1051/1559/1505 1044/1560/236 1043/298/852
f 1043/298/852 1049/1557/233 1040/296/226
f 1040/296/226 1041/1554/854 1050/297/227
f 1041/1554/854 1052/1556/1693 1050/297/227
f 1050/297/227 1051/1559/1505 1043/298/852
f 1045/299/229 1039/1561/855 1049/1562/233
f 1053/1563/856 1044/1564/236 1051/1565/1505
f 1045/299/229 1049/1562/233 1053/1563/856
f 1042/1566/231 1046/1567/1502 1045/299/229
f 1052/1568/1693 1048/1569/857 1047/301/853
f 1047/301/853 1042/1566/231 1045/299/229
f 1045/299/229 1053/1563/856 1050/300/227
f 1053/1563/856 1051/1565/1505 1050/300/227
f 1050/300/227 1052/1568/1693 1047/301/853
f 1411/1050/1232 1413/1066/1227 1412/1051/1228
f 1417/1049/1231 1418/2032/1233 1411/1050/1232
f 1422/1060/1238 1423/1066/1237 1421/1050/1240
f 1424/1039/1234 1426/2035/1239 1430/1058/1235
f 1421/1050/1240 1428/2032/1243 1427/1059/1241
f 1445/1067/1252 1446/1066/1251 1444/1050/1721
f 1444/1050/1721 1449/2032/1258 1445/1067/1252
f 1454/1050/1722 1456/1066/1259 1455/1070/1261
f 1455/1070/1261 1459/2032/1267 1454/1050/1722
usemtl GT_MC_Tiling_X_Dark_Dirty_Concrete_Blocks
f 1057/620/858 1079/621/859 1752/622/860
f 1055/623/861 1060/624/862 1061/625/863
f 1055/623/861 1068/626/864 1753/627/865
f 1059/628/866 1062/629/867 1066/630/868
f 1753/627/865 1062/629/867 1059/628/866
f 1056/631/869 1067/632/870 1054/633/871
f 1058/634/872 1064/635/873 1065/636/874
f 1058/634/872 1071/637/875 1757/638/876
f 1056/631/869 1070/639/877 1063/640/878
f 1757/638/876 1070/639/877 1056/631/869
f 1753/641/865 1075/642/199 1076/643/879
f 1058/644/872 1078/645/199 1057/646/880
f 1752/647/860 1083/621/879 1754/622/881
f 1054/648/882 1073/649/883 1755/650/884
f 1757/651/876 1080/652/234 1058/653/872
f 1055/641/861 1072/642/108 1054/654/871
f 1056/655/885 1077/649/886 1081/656/234
f 1757/644/876 1081/645/108 1082/657/886
f 1753/658/865 1074/659/55 1055/660/861
f 1755/661/884 1077/649/886 1756/650/887
f 1059/662/888 1083/621/879 1075/663/55
f 1096/664/889 1109/665/890 1089/666/891
f 1101/667/892 1098/630/893 1096/668/889
f 1085/623/894 1094/669/895 1095/625/896
f 1093/670/897 1086/671/898 1098/630/893
f 1088/672/899 1100/640/900 1084/673/901
f 1090/634/902 1096/668/889 1097/636/903
f 1088/672/899 1091/674/904 1100/640/900
f 1089/675/891 1098/630/893 1101/667/892
f 1087/676/905 1105/677/906 1106/678/907
f 1090/679/902 1108/680/908 1096/681/889
f 1089/681/891 1113/682/879 1093/666/897
f 1087/683/905 1106/684/907 1085/685/894
f 1094/686/895 1103/687/909 1084/688/901
f 1085/689/894 1102/677/910 1094/690/895
f 1091/686/904 1107/687/911 1111/691/912
f 1092/679/913 1111/680/914 1112/692/915
f 1084/693/901 1107/687/911 1088/694/899
f 1092/695/913 1110/696/916 1090/683/902
f 1093/666/897 1105/697/917 1086/664/898
f 1125/698/918 1139/699/890 1119/700/919
f 1130/667/920 1127/630/921 1125/668/918
f 1115/623/894 1123/701/895 1124/625/922
f 1122/670/923 1116/702/924 1127/630/921
f 1118/672/925 1128/632/926 1114/673/927
f 1126/703/928 1131/637/929 1121/638/930
f 1118/672/925 1120/704/931 1129/640/932
f 1122/670/923 1130/667/920 1119/675/919
f 1117/705/905 1135/706/906 1136/707/907
f 1119/708/919 1143/699/879 1122/700/923
f 1126/709/928 1138/710/933 1125/708/918
f 1117/711/905 1136/712/907 1115/713/894
f 1123/714/895 1133/715/909 1114/716/927
f 1121/713/934 1140/712/935 1126/711/936
f 1114/717/927 1137/715/886 1118/718/925
f 1115/705/894 1132/706/910 1123/717/895
f 1118/718/925 1141/719/937 1120/714/931
f 1121/709/930 1141/710/938 1142/720/108
f 1122/700/923 1135/721/917 1116/698/924
f 1157/722/939 1169/723/940 1149/724/941
f 1162/667/942 1159/630/943 1157/725/939
f 1145/623/944 1154/726/945 1155/625/946
f 1153/670/947 1146/727/948 1159/728/943
f 1148/672/949 1160/632/950 1144/673/951
f 1150/634/952 1157/725/939 1158/636/953
f 1148/672/949 1151/704/954 1156/640/955
f 1153/670/947 1159/728/943 1149/675/941
f 1149/675/941 1159/728/943 1162/667/942
f 1147/729/956 1166/730/957 1167/731/879
f 1150/732/952 1169/733/940 1157/734/939
f 1147/735/956 1167/723/879 1145/736/944
f 1154/737/945 1164/738/909 1144/739/951
f 1145/729/944 1163/730/910 1154/740/945
f 1148/739/949 1172/741/937 1151/737/954
f 1152/732/958 1172/733/959 1173/742/960
f 1144/740/951 1168/733/886 1148/739/949
f 1152/736/958 1173/741/960 1150/735/952
f 1153/724/947 1166/723/961 1146/722/948
f 1149/734/941 1171/733/859 1153/724/947
f 1192/667/962 1193/630/963 1190/635/964
f 1175/673/965 1186/624/966 1176/633/967
f 1187/743/968 1194/626/969 1177/627/970
f 1177/627/970 1188/629/971 1178/628/972
f 1185/670/973 1188/629/971 1193/744/963
f 1179/672/974 1195/640/975 1175/673/965
f 1182/634/976 1190/635/964 1191/636/977
f 1180/675/978 1190/635/964 1181/745/979
f 1183/746/980 1196/639/981 1184/631/982
f 1185/670/973 1192/667/962 1180/675/978
f 1179/672/974 1196/639/981 1195/640/975
f 1177/747/199 1200/748/879 1201/749/199
f 1182/750/976 1203/751/199 1181/752/199
f 1185/753/879 1208/754/879 1178/755/879
f 1181/755/234 1204/754/234 1180/756/234
f 1179/752/886 1202/757/886 1184/758/234
f 1187/747/983 1197/748/984 1176/753/985
f 1184/758/234 1202/757/886 1206/759/234
f 1179/752/886 1198/748/883 1202/757/886
f 1176/758/55 1198/757/883 1175/760/883
f 1184/752/986 1207/761/987 1183/750/980
f 1175/753/883 1198/748/883 1179/752/886
f 1177/755/988 1199/759/989 1187/758/990
f 1183/758/980 1207/759/987 1182/755/976
f 1180/752/199 1208/754/879 1185/753/879
f 1223/630/991 1219/667/992 1217/762/993
f 1853/672/994 1214/763/995 1209/631/996
f 1846/638/997 1214/763/995 1215/764/998
f 1846/638/997 1221/636/999 1856/634/1000
f 1836/745/1001 1216/765/1002 1219/667/992
f 1856/634/1000 1216/765/1002 1836/745/1001
f 1210/673/1003 1222/766/1004 1853/672/994
f 1853/672/994 1222/766/1004 1220/640/1005
f 1854/627/1006 1217/762/993 1218/767/1007
f 1211/670/1008 1223/630/991 1212/628/1009
f 1848/768/1010 1224/624/1011 1222/766/1004
f 1851/769/1012 1224/624/1011 1848/768/1010
f 1851/769/1012 1218/767/1007 1225/625/1013
f 1213/675/1014 1223/630/991 1211/670/1008
f 1226/770/1015 1236/771/1016 1228/772/1017
f 1232/773/1018 1234/774/1019 1842/775/1020
f 1228/776/1017 1238/777/1021 1230/778/1022
f 1231/779/1023 1234/780/1024 1837/781/1025
f 1857/782/1026 1237/783/1027 1229/784/1028
f 1837/775/1029 1235/785/1030 1227/786/1031
f 1229/784/1028 1240/774/1032 1231/775/1023
f 1857/784/1033 1855/787/1034 1238/771/1035
f 1842/788/1036 1233/789/1037 1226/770/1015
f 1254/790/1038 1270/791/1039 1246/792/1040
f 1256/793/1041 1257/667/1042 1254/794/1038
f 1242/638/1043 1251/795/1044 1252/796/1045
f 1243/797/1046 1253/765/1047 1244/745/1048
f 1250/675/1049 1253/765/1047 1257/667/1042
f 1245/673/1050 1258/640/1051 1241/672/1052
f 1247/627/1053 1254/794/1038 1255/767/1054
f 1245/673/1050 1248/798/1055 1259/799/1056
f 1250/675/1049 1256/793/1041 1246/670/1040
f 1244/800/1057 1262/801/1058 1243/802/1059
f 1246/792/1040 1264/803/1060 1250/800/1061
f 1247/804/1053 1270/803/1039 1254/805/1038
f 1250/806/1061 1269/807/1062 1244/808/1063
f 1243/809/1059 1262/810/1058 1242/811/1043
f 1251/811/1044 1260/812/1064 1241/813/1052
f 1245/792/1050 1260/812/1064 1263/803/1065
f 1250/800/1061 1264/803/1060 1269/812/1062
f 1242/814/1043 1267/815/1066 1251/800/1044
f 1248/816/1055 1263/817/1065 1265/818/1067
f 1248/805/1055 1266/819/1068 1249/804/1069
f 1244/808/1063 1269/807/1062 1261/820/1070
f 1260/821/1064 1276/822/1071 1263/823/1065
f 1267/824/1066 1273/825/1072 1274/826/1073
f 1263/827/1065 1278/828/1074 1265/829/1067
f 1265/823/1075 1279/830/1076 1266/831/1068
f 1269/832/1062 1274/833/1077 1261/834/1070
f 1270/835/1039 1277/836/1078 1264/837/1060
f 1261/824/1079 1275/825/1080 1262/838/1058
f 1271/831/1081 1278/822/1082 1270/823/1039
f 1262/839/1058 1273/840/1072 1268/841/1083
f 1260/821/1064 1274/842/1077 1272/843/1084
f 1266/829/1068 1279/844/1076 1271/835/1081
f 1291/845/1085 1304/846/1086 1285/847/1087
f 1297/630/1088 1293/667/1089 1291/848/1085
f 1282/638/1090 1289/849/1091 1295/796/1092
f 1281/672/1093 1294/640/1094 1289/849/1091
f 1284/673/1095 1294/640/1094 1281/672/1093
f 1287/850/1096 1298/624/1097 1286/768/1098
f 1287/850/1096 1292/851/1099 1299/625/1100
f 1288/675/1101 1297/793/1088 1285/670/1087
f 1284/673/1095 1298/624/1097 1296/799/1102
f 1283/852/1103 1301/853/1104 1302/854/1105
f 1292/855/1099 1310/856/1106 1291/857/1085
f 1288/858/1107 1307/859/1108 1290/845/1109
f 1283/860/1110 1309/861/1111 1282/862/1090
f 1287/863/1096 1311/864/1112 1292/845/1099
f 1281/865/1113 1303/866/1114 1284/847/1115
f 1282/852/1090 1308/853/1116 1289/865/1091
f 1286/863/1117 1303/867/1114 1305/868/1118
f 1289/869/1091 1300/870/1119 1281/865/1113
f 1286/857/1120 1306/871/1121 1287/855/1096
f 1285/847/1087 1307/870/1108 1288/865/1107
f 1300/872/1119 1312/873/1122 1303/874/1114
f 1308/875/1116 1313/876/1123 1314/877/1124
f 1303/878/1114 1319/879/1125 1305/880/1118
f 1305/881/1126 1320/882/1127 1306/883/1121
f 1302/884/1128 1313/885/1129 1309/886/1111
f 1306/880/1121 1320/887/1127 1311/888/1112
f 1307/889/1108 1314/890/1130 1301/891/1104
f 1304/874/1086 1318/892/1131 1307/893/1108
f 1304/874/1086 1319/894/1132 1318/892/1131
f 1301/875/1104 1315/876/1133 1302/895/1105
f 1311/896/1112 1319/897/1134 1310/881/1106
f 1300/872/1119 1314/898/1135 1312/873/1122
f 1333/899/1136 1343/900/1137 1325/901/1138
f 1338/630/1139 1335/902/1140 1333/903/1136
f 1321/672/1141 1336/904/1142 1330/905/1143
f 1331/906/1144 1337/907/1145 1323/908/1146
f 1329/675/1147 1322/909/1148 1335/902/1140
f 1324/673/1149 1336/904/1142 1321/672/1141
f 1326/910/1150 1333/903/1136 1334/911/1151
f 1324/673/1149 1327/912/1152 1332/632/1153
f 1329/675/1147 1338/630/1139 1325/670/1138
f 1323/913/1146 1340/914/1154 1341/915/1155
f 1326/916/1150 1349/917/1156 1333/918/1136
f 1321/919/1157 1342/920/1158 1324/918/1149
f 1331/913/1144 1347/914/1159 1330/919/1143
f 1327/921/1152 1342/922/1158 1344/923/1160
f 1330/924/1161 1339/925/1162 1321/919/1157
f 1328/916/1163 1344/917/1164 1345/926/1165
f 1323/927/1146 1348/928/1166 1331/929/1167
f 1329/930/1147 1340/931/1168 1322/932/1148
f 1325/901/1138 1346/914/1169 1329/919/1147
f 1347/933/1159 1352/934/1170 1353/935/1171
f 1342/936/1158 1357/937/1172 1344/938/1160
f 1344/939/1164 1359/940/1173 1345/941/1165
f 1342/942/1158 1351/943/1174 1356/944/1175
f 1341/945/1155 1352/946/1176 1348/947/1166
f 1345/938/1165 1359/948/1173 1350/949/1177
f 1339/950/1162 1351/943/1174 1342/942/1158
f 1346/951/1169 1353/952/1130 1340/953/1168
f 1343/942/1137 1358/954/1131 1346/933/1169
f 1343/942/1137 1357/955/1172 1358/954/1131
f 1340/933/1154 1354/934/1178 1341/956/1155
f 1350/941/1177 1357/957/1179 1349/939/1156
f 1347/958/1180 1351/943/1174 1339/950/1162
f 1372/959/1181 1381/960/1182 1364/961/1138
f 1377/630/1183 1374/902/1184 1372/962/1181
f 1368/675/1185 1361/963/1186 1374/902/1184
f 1362/908/1187 1370/964/1188 1376/907/1189
f 1363/673/1190 1375/904/1191 1360/965/1192
f 1365/910/1193 1372/962/1181 1373/911/1194
f 1363/673/1190 1366/912/1195 1371/632/1196
f 1368/675/1185 1377/630/1183 1364/670/1138
f 1361/966/1186 1380/967/1197 1362/968/1187
f 1365/969/1193 1388/970/1156 1372/971/1181
f 1369/972/1198 1378/973/1199 1360/974/1192
f 1360/974/1192 1387/960/1200 1363/971/1190
f 1369/966/1198 1386/967/1201 1385/975/1202
f 1366/976/1195 1387/977/1200 1382/978/1160
f 1367/969/1203 1382/970/1204 1383/979/1205
f 1362/980/1187 1386/981/1201 1370/982/1188
f 1368/983/1185 1379/984/1206 1361/985/1186
f 1364/961/1138 1384/975/1207 1368/986/1185
f 1385/987/1202 1391/988/1208 1392/989/1209
f 1387/990/1200 1396/991/1172 1382/992/1160
f 1382/993/1204 1397/994/1173 1383/995/1205
f 1383/992/1205 1397/996/1173 1389/997/1177
f 1387/998/1200 1390/999/1210 1394/1000/1071
f 1384/1001/1207 1392/1002/1211 1379/1003/1206
f 1381/1004/1182 1398/989/1212 1384/987/1207
f 1381/1004/1182 1396/1005/1172 1395/1006/1213
f 1379/987/1214 1393/988/1215 1380/1007/1197
f 1389/995/1177 1396/1008/1179 1388/993/1156
f 1380/1009/1197 1393/1010/1215 1386/1011/1201
f 1385/1012/1216 1390/999/1210 1378/1013/1199
f 1754/670/881 1760/1243/1373 1752/675/860
f 1056/655/885 1759/1244/1374 1756/650/887
f 1756/672/887 1758/1245/1375 1755/673/884
f 1755/650/884 1758/1246/1375 1054/648/882
f 1054/633/882 1759/1247/1374 1056/631/885
f 1752/622/860 1760/1248/1373 1057/620/858
f 1057/745/858 1760/1243/1373 1059/628/888
f 1059/662/888 1761/1249/1376 1754/622/881
f 1211/1267/1008 1835/1268/1422 1213/1269/1014
f 1835/1270/1422 1841/1271/1423 1839/1272/1424
f 1839/1273/1424 1837/1274/1025 1836/1275/1001
f 1851/1276/1012 1850/1277/1425 1854/1278/1006
f 1854/1275/1006 1850/1279/1425 1844/1274/1426
f 1838/1280/1427 1847/1281/1428 1846/1282/997
f 1848/1283/1010 1850/1284/1425 1851/1285/1012
f 1230/1286/1429 1239/1287/1430 1850/1288/1425
f 1852/1289/1431 1230/1290/1022 1848/1291/1010
f 1846/1292/997 1842/1293/1020 1209/1272/996
f 1853/1294/994 1852/1295/1431 1210/1296/1003
f 1843/1297/1432 1845/1298/1433 1852/1299/1431
f 1849/1300/1434 1228/1301/1017 1845/1302/1433
f 1850/1303/1425 1855/1304/1034 1844/1305/1426
f 1209/1306/996 1843/1307/1432 1853/1294/994
f 1843/1297/1432 1842/1308/1036 1849/1309/1434
f 1849/1300/1434 1842/1310/1036 1226/1311/1015
f 1845/1312/1433 1228/1313/1017 1230/1314/1022
f 1856/1315/1000 1838/1316/1427 1846/1317/997
f 1838/1318/1427 1227/1319/1031 1847/1320/1428
f 1841/1321/1423 1229/1322/1028 1840/1323/1435
f 1854/1324/1006 1834/1325/1436 1212/1326/1009
f 1844/1288/1426 1857/1327/1033 1834/1328/1436
f 1856/1329/1000 1836/1330/1001 1838/1331/1427
f 1838/1332/1427 1837/1333/1029 1227/1334/1031
f 1212/1275/1009 1834/1274/1436 1835/1270/1422
f 1834/1305/1436 1229/1322/1028 1841/1321/1423
f 1057/620/858 1078/1935/234 1079/621/859
f 1067/632/870 1063/640/878 1060/624/862
f 1068/626/864 1061/625/863 1060/624/862
f 1060/624/862 1063/640/878 1062/629/867
f 1068/626/864 1060/624/862 1062/629/867
f 1063/640/878 1070/639/877 1066/630/868
f 1070/639/877 1071/637/875 1065/636/874
f 1062/629/867 1063/640/878 1066/630/868
f 1070/639/877 1065/636/874 1064/635/873
f 1066/630/868 1070/639/877 1064/635/873
f 1064/635/873 1069/667/1694 1066/630/868
f 1054/633/871 1067/632/870 1060/624/862
f 1055/623/861 1054/633/871 1060/624/862
f 1055/623/861 1061/625/863 1068/626/864
f 1753/627/865 1068/626/864 1062/629/867
f 1056/631/869 1063/640/878 1067/632/870
f 1057/745/880 1069/667/1694 1064/635/873
f 1058/634/872 1057/745/880 1064/635/873
f 1058/634/872 1065/636/874 1071/637/875
f 1757/638/876 1071/637/875 1070/639/877
f 1059/628/866 1066/630/868 1069/667/1694
f 1057/745/880 1059/628/866 1069/667/1694
f 1753/641/865 1059/654/866 1075/642/199
f 1058/644/872 1080/657/199 1078/645/199
f 1752/647/860 1079/1936/859 1083/621/879
f 1054/648/882 1072/1937/55 1073/649/883
f 1757/651/876 1082/1938/886 1080/652/234
f 1055/641/861 1074/643/108 1072/642/108
f 1056/655/885 1756/650/887 1077/649/886
f 1757/644/876 1056/646/869 1081/645/108
f 1753/658/865 1076/1939/879 1074/659/55
f 1755/661/884 1073/1940/883 1077/649/886
f 1059/662/888 1754/622/881 1083/621/879
f 1096/664/889 1108/697/1695 1109/665/890
f 1099/632/1696 1100/640/900 1094/669/895
f 1087/1941/905 1095/625/896 1094/669/895
f 1094/669/895 1100/640/900 1086/671/898
f 1087/1941/905 1094/669/895 1086/671/898
f 1100/640/900 1091/674/904 1098/630/893
f 1091/674/904 1092/1942/913 1097/636/903
f 1086/671/898 1100/640/900 1098/630/893
f 1091/674/904 1097/636/903 1096/668/889
f 1098/630/893 1091/674/904 1096/668/889
f 1084/673/901 1099/1943/1696 1094/669/895
f 1087/1941/905 1085/623/894 1095/625/896
f 1084/673/901 1100/640/900 1099/1943/1696
f 1089/675/891 1101/667/892 1096/668/889
f 1090/634/902 1097/636/903 1092/1942/913
f 1089/675/891 1093/670/897 1098/630/893
f 1087/676/905 1086/690/898 1105/677/906
f 1090/679/902 1110/692/916 1108/680/908
f 1093/666/897 1113/682/879 1105/697/917
f 1089/681/891 1109/1944/890 1113/682/879
f 1094/686/895 1102/691/1697 1103/687/909
f 1085/689/894 1104/678/883 1102/677/910
f 1091/686/904 1088/694/899 1107/687/911
f 1092/679/913 1091/681/904 1111/680/914
f 1085/685/894 1106/684/907 1104/1945/883
f 1092/695/913 1112/1946/1698 1110/696/916
f 1084/693/901 1103/682/909 1107/687/911
f 1125/698/918 1138/721/1695 1139/699/890
f 1128/632/926 1129/640/932 1123/701/895
f 1117/1941/905 1124/625/922 1123/701/895
f 1123/701/895 1129/640/932 1116/702/924
f 1117/1941/905 1123/701/895 1116/702/924
f 1129/640/932 1120/704/931 1127/630/921
f 1120/704/931 1131/637/929 1126/703/928
f 1116/702/924 1129/640/932 1127/630/921
f 1120/704/931 1126/703/928 1125/668/918
f 1127/630/921 1120/704/931 1125/668/918
f 1114/673/927 1128/632/926 1123/701/895
f 1117/1941/905 1115/623/894 1124/625/922
f 1118/672/925 1129/640/932 1128/632/926
f 1119/675/919 1130/667/920 1125/668/918
f 1121/638/930 1131/637/929 1120/704/931
f 1122/670/923 1127/630/921 1130/667/920
f 1117/705/905 1116/717/924 1135/706/906
f 1126/709/928 1140/720/1699 1138/710/933
f 1119/708/919 1139/710/890 1143/699/879
f 1123/714/895 1132/719/1697 1133/715/909
f 1115/705/894 1134/707/883 1132/706/910
f 1118/718/925 1137/715/886 1141/719/937
f 1121/709/930 1120/708/931 1141/710/938
f 1115/713/894 1136/712/907 1134/1947/883
f 1121/713/934 1142/1947/234 1140/712/935
f 1114/717/927 1133/706/909 1137/715/886
f 1122/700/923 1143/699/879 1135/721/917
f 1160/632/950 1156/640/955 1154/726/945
f 1161/626/1700 1155/625/946 1154/726/945
f 1154/726/945 1156/640/955 1146/727/948
f 1161/626/1700 1154/726/945 1146/727/948
f 1156/640/955 1151/704/954 1159/630/943
f 1151/704/954 1152/1942/958 1158/636/953
f 1146/727/948 1156/640/955 1159/630/943
f 1151/704/954 1158/636/953 1157/725/939
f 1159/630/943 1151/704/954 1157/725/939
f 1144/673/951 1160/632/950 1154/726/945
f 1145/623/944 1155/625/946 1161/626/1700
f 1147/627/956 1161/626/1700 1146/727/948
f 1147/627/956 1145/623/944 1161/626/1700
f 1148/672/949 1156/640/955 1160/632/950
f 1149/675/941 1162/667/942 1157/725/939
f 1150/634/952 1158/636/953 1152/1942/958
f 1147/729/956 1146/740/948 1166/730/957
f 1153/724/947 1171/733/859 1174/730/879
f 1150/732/952 1170/742/859 1169/733/940
f 1153/724/947 1174/730/879 1166/723/961
f 1149/724/941 1169/723/940 1171/1948/859
f 1148/739/949 1168/733/886 1172/741/937
f 1154/737/945 1163/741/1697 1164/738/909
f 1150/735/952 1173/741/960 1170/723/859
f 1145/729/944 1165/731/883 1163/730/910
f 1152/732/958 1151/734/954 1172/733/959
f 1145/736/944 1167/723/879 1165/741/883
f 1144/740/951 1164/730/909 1168/733/886
f 1181/755/234 1203/1949/234 1204/754/234
f 1189/632/1701 1195/640/975 1186/624/966
f 1194/626/969 1187/743/968 1186/624/966
f 1186/624/966 1195/640/975 1188/629/971
f 1194/626/969 1186/624/966 1188/629/971
f 1195/640/975 1196/639/981 1193/630/963
f 1196/639/981 1183/746/980 1191/636/977
f 1188/629/971 1195/640/975 1193/630/963
f 1196/639/981 1191/636/977 1190/635/964
f 1193/630/963 1196/639/981 1190/635/964
f 1187/743/968 1176/633/967 1186/624/966
f 1175/673/965 1189/1943/1701 1186/624/966
f 1177/627/970 1194/626/969 1188/629/971
f 1185/670/973 1178/628/972 1188/629/971
f 1175/673/965 1195/640/975 1189/1943/1701
f 1182/634/976 1181/745/979 1190/635/964
f 1180/675/978 1192/667/962 1190/635/964
f 1182/634/976 1191/636/977 1183/746/980
f 1185/670/973 1193/744/963 1192/667/962
f 1179/672/974 1184/631/982 1196/639/981
f 1177/747/199 1178/753/879 1200/748/879
f 1182/750/976 1205/761/859 1203/751/199
f 1180/752/199 1204/1950/199 1208/754/879
f 1177/755/988 1201/1949/55 1199/759/989
f 1176/758/55 1197/1951/55 1198/757/883
f 1182/755/976 1207/759/987 1205/1949/859
f 1187/747/983 1199/749/1702 1197/748/984
f 1184/752/986 1206/751/108 1207/761/987
f 1178/755/879 1208/754/879 1200/1952/879
f 1220/640/1005 1222/632/1004 1214/763/995
f 1214/763/995 1222/632/1004 1216/765/1002
f 1221/636/999 1215/764/998 1216/765/1002
f 1215/764/998 1214/763/995 1216/765/1002
f 1222/632/1004 1224/624/1011 1219/667/992
f 1216/765/1002 1222/632/1004 1219/667/992
f 1224/624/1011 1225/625/1013 1217/762/993
f 1225/625/1013 1218/767/1007 1217/762/993
f 1219/667/992 1224/624/1011 1217/762/993
f 1853/672/994 1220/640/1005 1214/763/995
f 1846/638/997 1209/631/996 1214/763/995
f 1846/638/997 1215/764/998 1221/636/999
f 1856/634/1000 1221/636/999 1216/765/1002
f 1213/675/1014 1836/745/1001 1219/667/992
f 1212/628/1009 1223/630/991 1217/762/993
f 1854/627/1006 1212/628/1009 1217/762/993
f 1851/769/1012 1225/625/1013 1224/624/1011
f 1851/769/1012 1854/627/1006 1218/767/1007
f 1213/675/1014 1219/667/992 1223/630/991
f 1210/673/1003 1848/768/1010 1222/766/1004
f 1226/770/1015 1233/789/1037 1236/771/1016
f 1234/1953/1019 1232/1954/1018 1235/1955/1030
f 1234/1953/1024 1240/1956/1032 1236/1957/1016
f 1240/1956/1032 1237/1958/1027 1238/1959/1021
f 1236/1957/1016 1240/1956/1032 1238/1959/1021
f 1855/1960/1034 1239/1961/1430 1238/1959/1035
f 1236/1957/1016 1233/1962/1037 1234/1953/1024
f 1228/776/1017 1236/1963/1016 1238/777/1021
f 1230/784/1429 1238/771/1703 1239/1964/1430
f 1227/781/1031 1235/780/1030 1232/1965/1018
f 1231/779/1023 1240/1966/1032 1234/780/1024
f 1229/784/1028 1237/783/1027 1240/774/1032
f 1857/782/1026 1238/1967/1021 1237/783/1027
f 1837/775/1029 1234/774/1019 1235/785/1030
f 1842/788/1036 1234/1968/1024 1233/789/1037
f 1258/640/1051 1259/632/1056 1251/795/1044
f 1243/797/1046 1252/796/1045 1251/795/1044
f 1251/795/1044 1259/632/1056 1253/765/1047
f 1243/797/1046 1251/795/1044 1253/765/1047
f 1259/632/1056 1248/798/1055 1257/667/1042
f 1253/765/1047 1259/632/1056 1257/667/1042
f 1248/798/1055 1249/1969/1069 1254/794/1038
f 1249/1969/1069 1255/767/1054 1254/794/1038
f 1257/667/1042 1248/798/1055 1254/794/1038
f 1241/672/1052 1258/640/1051 1251/795/1044
f 1250/675/1049 1244/745/1048 1253/765/1047
f 1243/797/1046 1242/638/1043 1252/796/1045
f 1245/673/1050 1259/799/1056 1258/640/1051
f 1246/670/1040 1256/793/1041 1254/794/1038
f 1249/1969/1069 1247/627/1053 1255/767/1054
f 1250/675/1049 1257/667/1042 1256/793/1041
f 1244/800/1057 1261/815/1079 1262/801/1058
f 1247/804/1053 1271/819/1081 1270/803/1039
f 1246/792/1040 1270/791/1039 1264/803/1060
f 1251/811/1044 1267/1970/1704 1260/812/1064
f 1247/790/1053 1266/1970/1068 1271/791/1081
f 1245/792/1050 1241/813/1052 1260/812/1064
f 1242/814/1043 1268/801/1083 1267/815/1066
f 1248/816/1055 1245/1971/1050 1263/817/1065
f 1248/805/1055 1265/803/1075 1266/819/1068
f 1242/811/1043 1262/810/1058 1268/1972/1083
f 1247/790/1053 1249/816/1705 1266/1970/1068
f 1260/821/1064 1272/843/1084 1276/822/1071
f 1273/1973/1072 1275/1955/1280 1274/1974/1073
f 1274/1974/1077 1280/1956/1706 1276/1957/1071
f 1280/1956/1706 1277/1958/1078 1278/1975/1074
f 1276/1957/1071 1280/1956/1706 1278/1975/1074
f 1276/1957/1071 1272/1962/1084 1274/1974/1077
f 1267/824/1066 1268/838/1083 1273/825/1072
f 1263/827/1065 1276/1976/1071 1278/828/1074
f 1265/823/1075 1278/822/1082 1279/830/1076
f 1269/832/1062 1280/1977/1706 1274/833/1077
f 1269/1978/1062 1277/836/1078 1280/826/1706
f 1270/835/1039 1278/1979/1074 1277/836/1078
f 1261/824/1079 1274/826/1707 1275/825/1080
f 1271/831/1081 1279/830/1076 1278/822/1082
f 1269/1978/1062 1264/837/1060 1277/836/1078
f 1262/839/1058 1275/1980/1708 1273/840/1072
f 1260/821/1064 1267/1981/1704 1274/842/1077
f 1291/845/1085 1310/864/1709 1304/846/1086
f 1294/640/1094 1296/632/1102 1289/849/1091
f 1289/849/1091 1296/632/1102 1290/1982/1109
f 1283/1983/1103 1295/796/1092 1290/1982/1109
f 1295/796/1092 1289/849/1091 1290/1982/1109
f 1296/632/1102 1298/624/1097 1293/667/1089
f 1290/1982/1109 1296/632/1102 1293/667/1089
f 1298/624/1097 1299/625/1100 1291/848/1085
f 1299/625/1100 1292/851/1099 1291/848/1085
f 1293/667/1089 1298/624/1097 1291/848/1085
f 1288/675/1101 1290/1982/1109 1293/667/1089
f 1283/1983/1103 1282/638/1090 1295/796/1092
f 1284/673/1095 1296/799/1102 1294/640/1094
f 1285/670/1087 1297/793/1088 1291/848/1085
f 1284/673/1095 1286/768/1098 1298/624/1097
f 1287/850/1096 1299/625/1100 1298/624/1097
f 1288/675/1101 1293/667/1089 1297/793/1088
f 1283/852/1103 1290/865/1109 1301/853/1104
f 1292/855/1099 1311/871/1112 1310/856/1106
f 1283/860/1110 1302/1984/1128 1309/861/1111
f 1287/863/1096 1306/1985/1121 1311/864/1112
f 1281/865/1113 1300/870/1119 1303/866/1114
f 1282/852/1090 1309/854/1111 1308/853/1116
f 1286/863/1117 1284/1986/1115 1303/867/1114
f 1289/869/1091 1308/1987/1116 1300/870/1119
f 1286/857/1120 1305/856/1126 1306/871/1121
f 1290/845/1109 1307/859/1108 1301/1988/1104
f 1285/847/1087 1304/846/1086 1307/870/1108
f 1313/1989/1123 1315/1990/1280 1314/1974/1124
f 1314/1974/1135 1316/1956/1710 1318/1958/1131
f 1314/1974/1135 1318/1958/1131 1312/1962/1122
f 1312/1962/1122 1318/1958/1131 1319/1975/1132
f 1319/1975/1132 1317/1957/1711 1312/1962/1122
f 1307/893/1108 1318/892/1131 1316/1991/1710
f 1308/875/1116 1309/895/1111 1313/876/1123
f 1303/878/1114 1317/1992/1711 1319/879/1125
f 1303/874/1114 1312/873/1122 1317/1993/1711
f 1305/881/1126 1319/897/1134 1320/882/1127
f 1307/889/1108 1316/1994/1710 1314/890/1130
f 1304/874/1086 1310/888/1709 1319/894/1132
f 1301/875/1104 1314/877/1712 1315/876/1133
f 1311/896/1112 1320/882/1127 1319/897/1134
f 1302/884/1128 1315/1995/1713 1313/885/1129
f 1300/872/1119 1308/1996/1116 1314/898/1135
f 1333/899/1136 1349/1997/1714 1343/900/1137
f 1336/904/1142 1332/632/1153 1330/905/1143
f 1337/907/1145 1331/906/1144 1330/905/1143
f 1330/905/1143 1332/632/1153 1322/909/1148
f 1337/907/1145 1330/905/1143 1322/909/1148
f 1332/632/1153 1327/912/1152 1335/902/1140
f 1327/912/1152 1328/1998/1163 1334/911/1151
f 1322/909/1148 1332/632/1153 1335/902/1140
f 1327/912/1152 1334/911/1151 1333/903/1136
f 1335/902/1140 1327/912/1152 1333/903/1136
f 1323/908/1146 1337/907/1145 1322/909/1148
f 1324/673/1149 1332/632/1153 1336/904/1142
f 1325/670/1138 1338/630/1139 1333/903/1136
f 1326/910/1150 1334/911/1151 1328/1998/1163
f 1329/675/1147 1335/902/1140 1338/630/1139
f 1323/913/1146 1322/919/1148 1340/914/1154
f 1326/916/1150 1350/926/1177 1349/917/1156
f 1330/924/1161 1347/1999/1180 1339/925/1162
f 1326/2000/1150 1345/2001/1165 1350/1997/1177
f 1321/919/1157 1339/925/1162 1342/920/1158
f 1331/913/1144 1348/915/1715 1347/914/1159
f 1327/921/1152 1324/2002/1149 1342/922/1158
f 1328/916/1163 1327/918/1152 1344/917/1164
f 1323/927/1146 1341/2003/1155 1348/928/1166
f 1326/2000/1150 1328/2004/1163 1345/2001/1165
f 1329/930/1147 1346/2005/1169 1340/931/1168
f 1325/901/1138 1343/900/1137 1346/914/1169
f 1352/1989/1170 1354/1990/1280 1353/1974/1171
f 1353/1974/1716 1355/1956/1710 1358/1958/1131
f 1353/1974/1716 1358/1958/1131 1351/2006/1174
f 1358/1958/1131 1357/2007/1172 1351/2006/1174
f 1356/1957/1175 1351/2006/1174 1357/2007/1172
f 1346/933/1169 1358/954/1131 1355/935/1710
f 1347/933/1159 1348/956/1715 1352/934/1170
f 1342/936/1158 1356/2008/1175 1357/937/1172
f 1344/939/1164 1357/957/1179 1359/940/1173
f 1346/951/1169 1355/2009/1710 1353/952/1130
f 1343/942/1137 1349/949/1714 1357/955/1172
f 1340/933/1154 1353/935/1712 1354/934/1178
f 1350/941/1177 1359/940/1173 1357/957/1179
f 1341/945/1155 1354/2010/1717 1352/946/1176
f 1347/958/1180 1353/2011/1716 1351/943/1174
f 1372/959/1181 1388/2012/1714 1381/960/1182
f 1375/904/1191 1371/632/1196 1369/2013/1198
f 1376/907/1189 1370/964/1188 1369/2013/1198
f 1369/2013/1198 1371/632/1196 1361/963/1186
f 1376/907/1189 1369/2013/1198 1361/963/1186
f 1371/632/1196 1366/912/1195 1374/902/1184
f 1361/963/1186 1371/632/1196 1374/902/1184
f 1366/912/1195 1367/2014/1203 1372/962/1181
f 1367/2014/1203 1373/911/1194 1372/962/1181
f 1374/902/1184 1366/912/1195 1372/962/1181
f 1360/965/1192 1375/904/1191 1369/2013/1198
f 1362/908/1187 1376/907/1189 1361/963/1186
f 1363/673/1190 1371/632/1196 1375/904/1191
f 1364/670/1138 1377/630/1183 1372/962/1181
f 1367/2014/1203 1365/910/1193 1373/911/1194
f 1368/675/1185 1374/902/1184 1377/630/1183
f 1361/966/1186 1379/975/1214 1380/967/1197
f 1365/969/1193 1389/979/1177 1388/970/1156
f 1369/972/1198 1385/2015/1216 1378/973/1199
f 1365/2016/1193 1383/2017/1205 1389/2012/1177
f 1369/966/1198 1370/968/1188 1386/967/1201
f 1366/976/1195 1363/2018/1190 1387/977/1200
f 1367/969/1203 1366/971/1195 1382/970/1204
f 1362/980/1187 1380/2019/1197 1386/981/1201
f 1365/2016/1193 1367/2020/1718 1383/2017/1205
f 1360/974/1192 1378/973/1199 1387/960/1200
f 1368/983/1185 1384/2021/1207 1379/984/1206
f 1364/961/1138 1381/960/1182 1384/975/1207
f 1392/2022/1719 1391/1989/1280 1393/1990/1215
f 1392/2022/1211 1398/2023/1212 1394/1957/1071
f 1398/2023/1212 1395/1958/1213 1396/1975/1172
f 1394/1957/1071 1398/2023/1212 1396/1975/1172
f 1390/2006/1210 1392/2022/1211 1394/1957/1071
f 1385/987/1202 1386/1007/1201 1391/988/1208
f 1387/990/1200 1394/2024/1071 1396/991/1172
f 1382/993/1204 1396/1008/1179 1397/994/1173
f 1386/1011/1201 1393/1010/1215 1391/2025/1208
f 1387/998/1200 1378/1013/1199 1390/999/1210
f 1384/1001/1207 1398/2026/1212 1392/1002/1211
f 1381/1004/1182 1395/1006/1213 1398/989/1212
f 1381/1004/1182 1388/997/1714 1396/1005/1172
f 1379/987/1214 1392/989/1719 1393/988/1215
f 1389/995/1177 1397/994/1173 1396/1008/1179
f 1385/1012/1216 1392/2027/1720 1390/999/1210
f 1754/670/881 1761/2235/1376 1760/1243/1373
f 1756/672/887 1759/1247/1374 1758/1245/1375
f 1054/633/882 1758/1245/1375 1759/1247/1374
f 1059/628/888 1760/1243/1373 1761/2235/1376
f 1840/1323/1435 1229/1322/1028 1231/2240/1023
f 1213/2241/1014 1839/2242/1424 1836/2243/1001
f 1839/1273/1424 1840/2244/1435 1837/1274/1025
f 1840/1321/1435 1231/2245/1023 1837/2246/1025
f 1847/1320/1428 1227/1319/1031 1232/2247/1018
f 1848/1326/1010 1230/1325/1429 1850/2248/1425
f 1846/1292/997 1847/2249/1428 1842/1293/1020
f 1847/1332/1428 1232/1334/1018 1842/2250/1020
f 1839/1272/1424 1841/1271/1423 1840/1293/1435
f 1853/1294/994 1843/1307/1432 1852/1295/1431
f 1843/1297/1432 1849/1309/1434 1845/1298/1433
f 1849/1300/1434 1226/1311/1015 1228/1301/1017
f 1850/1303/1425 1239/2251/1430 1855/1304/1034
f 1843/1297/1432 1209/2252/996 1842/1308/1036
f 1210/2253/1003 1852/2254/1431 1848/2255/1010
f 1852/1289/1431 1845/2256/1433 1230/1290/1022
f 1211/1267/1008 1212/2257/1009 1835/1268/1422
f 1835/1270/1422 1834/1274/1436 1841/1271/1423
f 1854/1324/1006 1844/2258/1426 1834/1325/1436
f 1844/1288/1426 1855/1287/1034 1857/1327/1033
f 1213/1269/1014 1835/1268/1422 1839/2259/1424
f 1838/2260/1427 1836/1272/1001 1837/1293/1029
f 1834/1305/1436 1857/1304/1026 1229/1322/1028
usemtl GT_MC_Facade_1
f 1399/1017/1218 1407/1018/1220 1402/1019/1221
f 1407/1029/1220 1400/1030/1219 1406/1031/1223
f 1413/1041/1227 1415/1042/1226 1414/1043/1225
f 1412/1044/1228 1414/1045/1225 1416/1046/1224
f 1415/1052/1226 1418/1053/1233 1419/1054/1230
f 1419/1055/1230 1417/1056/1231 1420/1057/1229
f 1425/1042/1236 1423/1041/1237 1424/1043/1234
f 1424/1045/1234 1422/1044/1238 1426/1046/1239
f 1428/1053/1243 1425/1052/1236 1429/1054/1242
f 1427/1056/1241 1429/1055/1242 1430/1057/1235
f 1439/1018/1246 1431/1017/1247 1434/1019/1244
f 1432/1030/1249 1439/1029/1246 1438/1031/1245
f 1451/1042/1255 1446/1041/1251 1447/1043/1253
f 1447/1045/1253 1443/1044/1250 1448/1046/1254
f 1449/1053/1258 1451/1052/1255 1450/1054/1257
f 1445/1056/1252 1450/1055/1257 1452/1057/1256
f 1456/1041/1259 1461/1042/1264 1457/1043/1263
f 1453/1044/1260 1457/1045/1263 1458/1046/1262
f 1461/1052/1264 1459/1053/1267 1460/1054/1266
f 1460/1055/1266 1455/1056/1261 1462/1057/1265
f 1399/1017/1218 1401/2028/1217 1407/1018/1220
f 1407/1029/1220 1401/2029/1217 1400/1030/1219
f 1413/1041/1227 1411/2030/1232 1415/1042/1226
f 1412/1044/1228 1413/2031/1227 1414/1045/1225
f 1415/1052/1226 1411/2033/1232 1418/1053/1233
f 1419/1055/1230 1418/2034/1233 1417/1056/1231
f 1425/1042/1236 1421/2030/1240 1423/1041/1237
f 1424/1045/1234 1423/2031/1237 1422/1044/1238
f 1428/1053/1243 1421/2033/1240 1425/1052/1236
f 1427/1056/1241 1428/2034/1243 1429/1055/1242
f 1439/1018/1246 1433/2028/1248 1431/1017/1247
f 1432/1030/1249 1433/2029/1248 1439/1029/1246
f 1451/1042/1255 1444/2030/1721 1446/1041/1251
f 1447/1045/1253 1446/2031/1251 1443/1044/1250
f 1449/1053/1258 1444/2033/1721 1451/1052/1255
f 1445/1056/1252 1449/2034/1258 1450/1055/1257
f 1456/1041/1259 1454/2030/1722 1461/1042/1264
f 1453/1044/1260 1456/2031/1259 1457/1045/1263
f 1461/1052/1264 1454/2033/1722 1459/1053/1267
f 1460/1055/1266 1459/2034/1267 1455/1056/1261
usemtl GT_MC_Rooftop_Small_Props
f 1465/1072/1268 1468/1073/1269 1463/1074/1270
f 1466/1075/1271 1467/1076/1272 1465/1077/1273
f 1463/1078/1274 1469/1079/1275 1464/1080/1276
f 1464/1081/1277 1470/1082/1278 1466/1083/1279
f 1469/1084/1275 1471/1085/1280 1470/1086/1278
f 1468/1087/1269 1471/1088/1280 1469/1089/1275
f 1467/1090/1272 1471/1091/1280 1468/1092/1269
f 1470/1093/1278 1471/1094/1280 1467/1095/1272
f 1472/1074/1281 1476/1096/1282 1474/1072/1283
f 1476/1076/1282 1475/1075/1284 1474/1077/1285
f 1478/1079/1286 1472/1078/1287 1473/1080/1288
f 1479/1082/1289 1473/1081/1290 1475/1083/1291
f 1479/1086/1289 1480/1085/1292 1478/1084/1286
f 1478/1089/1286 1480/1097/1292 1477/1087/1293
f 1480/1091/1292 1476/1090/1282 1477/1092/1294
f 1480/1098/1292 1479/1093/1289 1476/1095/1282
f 1486/1073/1295 1483/1072/1296 1481/1074/1297
f 1485/1076/1298 1484/1075/1299 1483/1077/1300
f 1487/1079/1301 1481/1078/1302 1482/1080/1303
f 1488/1082/1304 1482/1081/1305 1484/1083/1306
f 1489/1085/1307 1487/1084/1301 1488/1086/1304
f 1487/1089/1301 1489/1099/1307 1486/1087/1308
f 1489/1091/1307 1485/1090/1298 1486/1092/1295
f 1489/1100/1307 1488/1093/1304 1485/1095/1298
f 1492/1072/1277 1495/1073/1278 1490/1074/1279
f 1493/1075/1274 1494/1076/1275 1492/1077/1276
f 1490/1078/1271 1496/1079/1272 1491/1080/1273
f 1491/1081/1268 1497/1082/1269 1493/1083/1270
f 1496/1084/1272 1498/1101/1280 1497/1086/1269
f 1495/1087/1278 1498/1102/1280 1496/1089/1272
f 1494/1090/1275 1498/1103/1280 1495/1092/1278
f 1497/1093/1269 1498/1104/1280 1494/1095/1275
f 1500/1105/1309 1499/1106/1309 1501/1107/1309
f 1506/1108/1222 1504/1109/1222 1505/1110/1222
f 1507/1111/1310 1508/1112/1310 1509/1113/1310
f 1508/1114/1310 1507/1115/1310 1509/1116/1310
f 1512/1117/1222 1510/1118/1222 1511/1119/1222
f 1513/1120/1222 1514/1121/1222 1515/1122/1222
f 1514/1123/1222 1513/1124/1222 1515/1125/1222
f 1525/1108/1222 1523/1109/1222 1524/1110/1222
f 1526/1111/1280 1527/1112/1280 1528/1113/1280
f 1527/1114/1280 1526/1115/1280 1528/1116/1280
f 1531/1126/1222 1529/1118/1222 1530/1119/1222
f 1532/1120/1222 1533/1121/1222 1534/1127/1222
f 1533/1123/1222 1532/1124/1222 1534/1128/1222
f 1545/1108/1222 1543/1109/1222 1544/1110/1222
f 1546/1111/1310 1547/1112/1310 1548/1129/1310
f 1547/1114/1310 1546/1115/1310 1548/1116/1310
f 1551/1130/1222 1549/1118/1222 1550/1119/1222
f 1552/1120/1222 1553/1121/1222 1554/1127/1222
f 1553/1123/1222 1552/1124/1222 1554/1131/1222
f 1566/1108/1222 1564/1109/1222 1565/1110/1222
f 1567/1111/1280 1568/1112/1280 1569/1129/1280
f 1568/1114/1280 1567/1115/1280 1569/1116/1280
f 1572/1130/1222 1570/1118/1222 1571/1119/1222
f 1573/1120/55 1574/1121/55 1575/1127/55
f 1574/1123/55 1573/1124/55 1575/1131/55
f 1587/1108/1222 1585/1109/1222 1586/1110/1222
f 1588/1111/1280 1589/1112/1280 1590/1113/1280
f 1589/1114/1280 1588/1115/1280 1590/1132/1280
f 1593/1126/1222 1591/1118/1222 1592/1119/1222
f 1594/1120/1310 1595/1121/1310 1596/1127/1310
f 1595/1123/1310 1594/1124/1310 1596/1131/1310
f 1607/1108/1222 1605/1109/1222 1606/1110/1222
f 1608/1111/1310 1609/1112/1310 1610/1113/1310
f 1609/1114/1310 1608/1115/1310 1610/1132/1310
f 1613/1117/1222 1611/1118/1222 1612/1119/1222
f 1614/1120/1222 1615/1121/1222 1616/1122/1222
f 1615/1123/1222 1614/1124/1222 1616/1125/1222
f 1627/1108/1222 1625/1109/1222 1626/1133/1222
f 1628/1111/1280 1629/1134/1280 1630/1129/1280
f 1629/1135/1280 1628/1115/1280 1630/1116/1280
f 1633/1136/1222 1631/1118/1222 1632/1137/1222
f 1634/1120/1222 1635/1138/1222 1636/1122/1222
f 1635/1139/1222 1634/1124/1222 1636/1125/1222
f 1646/1108/1222 1644/1109/1222 1645/1133/1222
f 1647/1111/1310 1648/1134/1310 1649/1129/1310
f 1648/1135/1310 1647/1115/1310 1649/1116/1310
f 1652/1126/1222 1650/1118/1222 1651/1137/1222
f 1653/1120/234 1654/1138/234 1655/1122/234
f 1654/1139/234 1653/1124/234 1655/1140/234
f 1465/1072/1268 1467/1096/1272 1468/1073/1269
f 1466/1075/1271 1470/2036/1278 1467/1076/1272
f 1463/1078/1274 1468/2037/1269 1469/1079/1275
f 1464/1081/1277 1469/2038/1275 1470/1082/1278
f 1472/1074/1281 1477/1073/1294 1476/1096/1282
f 1476/1076/1282 1479/2036/1289 1475/1075/1284
f 1478/1079/1286 1477/2037/1293 1472/1078/1287
f 1479/1082/1289 1478/2038/1286 1473/1081/1290
f 1486/1073/1295 1485/1096/1298 1483/1072/1296
f 1485/1076/1298 1488/2036/1304 1484/1075/1299
f 1487/1079/1301 1486/2037/1308 1481/1078/1302
f 1488/1082/1304 1487/2038/1301 1482/1081/1305
f 1492/1072/1277 1494/1096/1275 1495/1073/1278
f 1493/1075/1274 1497/2036/1269 1494/1076/1275
f 1490/1078/1271 1495/2037/1278 1496/1079/1272
f 1491/1081/1268 1496/2038/1272 1497/1082/1269
f 1506/2039/1222 1505/2040/1222 1504/2041/1222
f 1512/2042/1222 1511/2043/1222 1510/2044/1222
f 1525/2039/1222 1524/2040/1222 1523/2041/1222
f 1531/2049/1222 1530/2043/1222 1529/2044/1222
f 1542/2051/1723 1541/2052/1723 1540/2053/1723
f 1545/2054/1222 1544/2040/1222 1543/2041/1222
f 1551/2049/1222 1550/2043/1222 1549/2044/1222
f 1558/2061/1724 1560/2062/1724 1559/2063/1724
f 1561/2064/1725 1562/2065/1725 1563/2066/1725
f 1566/2054/1222 1565/2040/1222 1564/2041/1222
f 1572/2049/1222 1571/2043/1222 1570/2044/1222
f 1580/2072/1726 1579/2073/1726 1581/2074/1726
f 1582/2075/1727 1583/2076/1727 1584/2077/1727
f 1587/2078/1222 1586/2040/1222 1585/2041/1222
f 1593/2049/1222 1592/2043/1222 1591/2044/1222
f 1602/2085/1728 1601/2086/1728 1600/2087/1728
f 1607/2078/1222 1606/2040/1222 1605/2041/1222
f 1613/2042/1222 1612/2043/1222 1611/2044/1222
f 1620/2094/1729 1622/2095/1729 1621/2096/1729
f 1627/2097/1222 1626/2098/1222 1625/2041/1222
f 1633/2099/1222 1632/2100/1222 1631/2044/1222
f 1646/2097/1222 1645/2098/1222 1644/2041/1222
f 1652/2107/1222 1651/2108/1222 1650/2044/1222
usemtl GT_MC_Light
f 1517/2045/1222 1518/2046/1222 1516/2047/1222
f 1518/2046/1222 1517/2045/1222 1516/2048/1222
f 1536/2045/1222 1537/2046/1222 1535/2050/1222
f 1537/2046/1222 1536/2045/1222 1535/2050/1222
f 1557/2055/1222 1556/2056/1222 1555/2057/1222
f 1556/2058/1222 1557/2059/1222 1555/2060/1222
f 1578/2067/1222 1577/2068/1222 1576/2057/1222
f 1577/2069/1222 1578/2070/1222 1576/2071/1222
f 1599/2079/1222 1598/2080/1222 1597/2081/1222
f 1598/2082/1222 1599/2083/1222 1597/2084/1222
f 1619/2088/1222 1618/2089/1222 1617/2090/1222
f 1618/2091/1222 1619/2092/1222 1617/2093/1222
f 1639/2101/1222 1638/2102/1222 1637/2103/1222
f 1638/2104/1222 1639/2105/1222 1637/2106/1222
f 1657/2045/1222 1658/2046/1222 1656/2109/1222
f 1658/2046/1222 1657/2045/1222 1656/2109/1222
usemtl GT_MC_Tiling_Scratched_Iron_Grey
f 1676/1155/1222 1675/1156/1222 1677/1157/1222
f 1672/2113/1222 1674/2114/1222 1673/2115/1222
f 1674/2116/1222 1672/2117/1222 1673/2118/1222
f 1676/2119/1222 1677/2120/1222 1675/2121/1222
usemtl GT_MC_Tiling_Yellow_Paint
f 1681/1158/1320 1679/1159/1321 1680/1160/1322
f 1682/1161/1323 1681/1162/1320 1680/1163/1322
f 1687/1164/1324 1688/1165/1325 1694/1166/1326
f 1685/1167/1327 1688/1165/1325 1690/1168/1328
f 1692/1169/1329 1691/1170/1330 1685/1171/1327
f 1686/1172/1331 1692/1173/1329 1693/1174/1332
f 1687/1175/1324 1694/1176/1326 1686/1177/1331
f 1693/1178/1333 1689/1179/1334 1687/1180/1324
f 1690/1181/1328 1691/1182/1335 1693/1183/1336
f 1687/1184/1324 1695/1185/1337 1690/1181/1328
f 1696/1186/1338 1697/1187/1339 1698/1188/1340
f 1698/1189/1340 1705/1190/1341 1699/1191/1342
f 1702/1192/1343 1704/1193/1344 1699/1194/1342
f 1699/1195/1345 1700/1196/1346 1696/1197/1338
f 1706/1198/1347 1702/1192/1343 1696/1199/1338
f 1703/1200/1348 1701/1201/1349 1702/1202/1343
f 1705/1203/1341 1704/1204/1350 1703/1205/1348
f 1714/1206/1351 1712/1207/1352 1711/1208/1353
f 1712/1209/1352 1710/1210/1354 1711/1211/1353
f 1714/1212/1351 1713/1213/1355 1712/1214/1352
f 1710/1215/1354 1714/1216/1351 1707/1217/1356
f 1718/1158/1357 1716/1159/1321 1717/1218/1358
f 1719/1161/1323 1718/1219/1357 1717/1220/1358
f 1722/1221/1327 1724/1165/1359 1727/1168/1360
f 1729/1222/1361 1728/1170/1362 1722/1223/1327
f 1723/1172/1363 1729/1173/1361 1730/1174/1332
f 1726/1224/1364 1731/1225/1365 1723/1226/1363
f 1730/1178/1366 1725/1179/1367 1726/1180/1364
f 1727/1227/1360 1728/1182/1368 1730/1183/1369
f 1725/1182/1370 1727/1227/1360 1726/1183/1364
f 1733/1186/1338 1734/1228/1339 1735/1229/1340
f 1735/1189/1340 1742/1190/1341 1736/1191/1342
f 1739/1230/1343 1741/1193/1344 1736/1194/1342
f 1736/1195/1345 1737/1196/1346 1733/1197/1338
f 1743/1231/1347 1739/1230/1343 1733/1199/1338
f 1740/1232/1371 1738/1201/1349 1739/1202/1343
f 1742/1233/1341 1741/1204/1372 1740/1234/1371
f 1751/1235/1351 1749/1236/1352 1748/1237/1353
f 1749/1238/1352 1747/1239/1354 1748/1240/1353
f 1751/1212/1351 1750/1241/1355 1749/1214/1352
f 1747/1215/1354 1751/1242/1351 1744/1217/1356
f 1684/2123/1730 1682/2124/1323 1679/2125/1321
f 1682/2124/1323 1680/2126/1322 1679/2125/1321
f 1684/2123/1730 1679/2125/1321 1678/2127/1731
f 1678/2128/1731 1683/2129/1732 1684/2130/1730
f 1679/1159/1321 1683/2131/1732 1678/2132/1731
f 1681/1158/1320 1683/2131/1732 1679/1159/1321
f 1682/1161/1323 1683/2133/1732 1681/1162/1320
f 1684/2134/1730 1683/2133/1732 1682/1161/1323
f 1686/2135/1331 1693/2136/1333 1687/2137/1324
f 1695/2138/234 1689/2139/1733 1688/2140/1325
f 1689/2139/1733 1694/2141/1326 1688/2140/1325
f 1695/2138/234 1688/2140/1325 1691/2142/1330
f 1689/2139/1733 1691/2142/1330 1692/2143/1329
f 1687/1164/1324 1690/1168/1328 1688/1165/1325
f 1685/1167/1327 1691/2144/1330 1688/1165/1325
f 1686/1172/1331 1689/2145/1733 1692/1173/1329
f 1686/2146/1331 1694/2147/1326 1689/2148/1733
f 1693/1178/1333 1691/2149/1734 1689/1179/1334
f 1690/1181/1328 1695/1185/1337 1691/1182/1335
f 1687/1184/1324 1689/2150/1334 1695/1185/1337
f 1685/2151/1327 1690/2152/1328 1693/2136/1336
f 1693/2136/1336 1692/2153/1329 1685/2151/1327
f 1698/2154/1340 1699/2155/1345 1696/2156/1338
f 1700/2157/1735 1704/2158/1350 1705/2159/1341
f 1698/2160/1340 1697/2161/1339 1700/2162/1735
f 1698/1189/1340 1700/2163/1735 1705/1190/1341
f 1703/2164/1348 1702/2165/1343 1699/2155/1342
f 1699/2155/1342 1705/2166/1341 1703/2164/1348
f 1702/1192/1343 1706/1198/1347 1704/1193/1344
f 1699/1195/1345 1704/2167/1736 1700/1196/1346
f 1700/1193/1346 1706/1198/1347 1696/1199/1338
f 1706/2168/234 1700/2157/1735 1697/2169/1339
f 1706/2168/234 1697/2169/1339 1701/2170/1349
f 1706/2168/234 1701/2170/1349 1704/2158/1350
f 1696/2171/1338 1702/1202/1343 1701/1201/1349
f 1701/1201/1349 1697/2172/1339 1696/2171/1338
f 1703/1200/1348 1704/2173/1350 1701/1201/1349
f 1711/1208/1353 1709/2174/1737 1708/2175/1738
f 1711/1208/1353 1708/2175/1738 1707/2176/1356
f 1707/2176/1356 1714/1206/1351 1711/1208/1353
f 1708/2177/1738 1710/1215/1354 1707/1217/1356
f 1710/2178/1354 1708/2179/1738 1709/2180/1737
f 1711/1211/1353 1710/1210/1354 1709/2181/1737
f 1712/1209/1352 1713/2182/1355 1710/1210/1354
f 1710/1215/1354 1713/2183/1355 1714/1216/1351
f 1721/2184/1730 1719/2185/1323 1716/2186/1321
f 1719/2185/1323 1717/2187/1358 1716/2186/1321
f 1721/2184/1730 1716/2186/1321 1715/2188/1731
f 1715/2189/1731 1720/2190/1732 1721/2191/1730
f 1716/1159/1321 1720/2131/1732 1715/2192/1731
f 1718/1158/1357 1720/2131/1732 1716/1159/1321
f 1719/1161/1323 1720/2133/1732 1718/1219/1357
f 1721/2193/1730 1720/2133/1732 1719/1161/1323
f 1723/2194/1363 1730/2195/1366 1726/2196/1364
f 1732/2197/1739 1725/2198/1740 1731/2199/1365
f 1731/2199/1365 1724/2140/1359 1732/2197/1739
f 1732/2197/1739 1724/2140/1359 1728/2200/1362
f 1725/2198/1740 1728/2200/1362 1729/2201/1361
f 1726/2202/1364 1727/1168/1360 1724/1165/1359
f 1724/1165/1359 1731/2203/1365 1726/2202/1364
f 1722/1221/1327 1728/2204/1362 1724/1165/1359
f 1723/1172/1363 1725/2145/1740 1729/1173/1361
f 1723/2205/1363 1731/2206/1365 1725/2148/1740
f 1730/1178/1366 1728/2149/1741 1725/1179/1367
f 1727/1227/1360 1732/2207/1742 1728/1182/1368
f 1725/1182/1370 1732/2207/1742 1727/1227/1360
f 1722/2208/1327 1727/2209/1360 1730/2195/1369
f 1722/2208/1327 1730/2195/1369 1729/2210/1361
f 1735/2211/1340 1736/2155/1345 1733/2212/1338
f 1737/2213/1735 1741/2214/1372 1742/2215/1341
f 1735/2216/1340 1734/2217/1339 1737/2162/1735
f 1735/1189/1340 1737/2163/1735 1742/1190/1341
f 1740/2218/1371 1739/2219/1343 1736/2155/1342
f 1736/2155/1342 1742/2220/1341 1740/2218/1371
f 1739/1230/1343 1743/1231/1347 1741/1193/1344
f 1736/1195/1345 1741/2167/1743 1737/1196/1346
f 1737/1193/1346 1743/1231/1347 1733/1199/1338
f 1743/2221/234 1737/2213/1735 1734/2222/1339
f 1743/2221/234 1734/2222/1339 1738/2170/1349
f 1743/2221/234 1738/2170/1349 1741/2214/1372
f 1733/2223/1338 1739/1202/1343 1738/1201/1349
f 1733/2223/1338 1738/1201/1349 1734/2224/1339
f 1740/1232/1371 1741/2225/1372 1738/1201/1349
f 1748/1237/1353 1746/2226/1737 1745/2227/1738
f 1748/1237/1353 1745/2227/1738 1744/2176/1356
f 1744/2176/1356 1751/1235/1351 1748/1237/1353
f 1745/2228/1738 1747/1215/1354 1744/1217/1356
f 1747/2229/1354 1745/2230/1738 1746/2231/1737
f 1748/1240/1353 1747/1239/1354 1746/2232/1737
f 1749/1238/1352 1750/2233/1355 1747/1239/1354
f 1747/1215/1354 1750/2234/1355 1751/1242/1351
usemtl GT_MC_Tiling_Dark_Concrete_Slab
f 1660/1141/1311 1662/1142/1312 1665/1143/1313
f 1662/1144/1312 1660/1145/1311 1659/1146/1314
f 1665/1143/1313 1662/1142/1312 1663/1147/1315
f 1661/1148/1316 1664/1149/1317 1659/1150/1318
f 1664/1151/1319 1662/1152/1312 1659/1153/1314
f 1661/1154/1316 1663/1144/1315 1664/1146/1317
f 1659/1150/1318 1660/2110/1311 1661/1148/1316
f 1664/1151/1319 1663/2111/1315 1662/1152/1312
f 1661/1154/1316 1665/2112/1313 1663/1144/1315
f 1661/1151/1316 1660/2122/1311 1665/2111/1313
l 1522 1521
l 1538 1539
l 1666 1667
l 1503 1502
l 1519 1520
l 1604 1603
l 1623 1624
l 1641 1640
l 1642 1643
l 1669 1668
l 1670 1671
