# Blender 5.1.0
# www.blender.org
mtllib building04.mtl
o GT_MC_Large_Building.004
v -12.654385 -0.000002 17.544613
v -12.654385 -0.000002 -14.995235
v 12.654385 -0.000002 17.544613
v 12.654385 -0.000002 -14.995235
v -11.996686 94.003998 15.621759
v -11.158826 94.003998 16.698986
v -11.540701 94.004005 -13.972277
v 11.540701 94.004005 16.521654
v 11.996686 94.003998 -13.072382
v 11.158826 94.003998 -14.149609
v -11.431273 11.858645 17.544613
v -12.654385 7.315659 17.544613
v -12.654385 11.858646 -13.422661
v -12.654385 7.315659 -14.995235
v 11.431273 11.858649 -14.995235
v 12.654385 7.315659 -14.995235
v 12.654385 11.858645 15.972039
v 12.654385 7.315659 17.544613
v -11.431273 94.004005 17.544613
v -12.654385 94.004005 15.972039
v -11.431273 94.004005 -14.995235
v 12.654385 94.004005 -13.422661
v -11.540701 90.669846 16.521654
v -11.996686 90.669846 -13.072382
v -11.158826 90.669846 -14.149609
v 11.540701 90.669846 -13.972277
v 11.996686 90.669846 15.621759
v 11.158826 90.669846 16.698986
v 12.654385 11.858649 -13.422661
v 11.441583 89.914330 17.499350
v -12.654385 11.858645 15.972039
v -11.431273 11.858646 -14.995235
v -11.399086 89.914330 17.521982
v 11.431273 11.858644 17.544613
v -11.722308 90.574440 18.139679
v -13.249450 90.574440 -13.626831
v 11.722308 90.574440 -15.590302
v 13.249450 90.574440 16.176208
v -13.249450 90.574440 16.176208
v -11.722308 90.574440 -15.590302
v -11.431726 89.914330 -14.937040
v 13.249450 90.574440 -13.626831
v 11.722309 90.574440 18.139679
v -11.365643 90.574440 -14.791552
v -12.634579 89.914330 -13.384109
v -12.495941 90.574440 -13.338298
v 12.575163 89.914330 -13.380480
v 11.398457 89.914330 -14.893394
v 11.365643 90.574440 17.340929
v 12.634579 89.914330 15.933487
v 12.495941 90.574440 15.887675
v -12.495941 90.574440 15.887675
v -12.609115 89.914330 15.972628
v -12.204516 5.448709 19.453737
v -14.461624 5.448709 17.196629
v -14.461624 6.286845 17.196629
v -12.204516 6.286845 19.453737
v -14.461624 5.448709 -14.647252
v -12.204516 5.448709 -16.904360
v -12.204516 6.286845 -16.904360
v -14.461624 6.286845 -14.647252
v 14.461624 5.448709 17.196629
v 12.204516 5.448709 19.453737
v 12.204516 6.286845 19.453737
v 14.461624 6.286845 17.196629
v 12.204516 5.448709 -16.904360
v 14.461624 5.448709 -14.647252
v 14.461624 6.286845 -14.647252
v 12.204516 6.286845 -16.904360
v -11.403158 11.779860 17.963121
v -13.275805 11.779860 16.090452
v -13.275805 12.667764 16.090452
v -11.403158 12.667764 17.963121
v -13.275805 11.779860 -13.541075
v -11.403158 11.779860 -15.413744
v -11.403158 12.667764 -15.413744
v -13.275805 12.667764 -13.541075
v 13.275805 11.779860 16.090452
v 11.403158 11.779860 17.963121
v 11.403158 12.667764 17.963121
v 13.275805 12.667764 16.090452
v 11.403158 11.779860 -15.413744
v 13.275805 11.779860 -13.541075
v 13.275805 12.667764 -13.541075
v 11.403158 12.667764 -15.413744
v -11.403158 15.084620 17.963121
v -13.275805 15.084620 16.090452
v -13.275805 15.972525 16.090452
v -11.403158 15.972525 17.963121
v -13.275805 15.084620 -13.541075
v -11.403158 15.084620 -15.413744
v -11.403158 15.972525 -15.413744
v -13.275805 15.972525 -13.541075
v 13.275805 15.084620 16.090452
v 11.403158 15.084620 17.963121
v 11.403158 15.972525 17.963121
v 13.275805 15.972525 16.090452
v 11.403158 15.084620 -15.413744
v 13.275805 15.084620 -13.541075
v 13.275805 15.972525 -13.541075
v 11.403158 15.972525 -15.413744
v 12.870747 3.455738 -11.525076
v 12.611529 -0.000008 -11.595848
v 12.887520 3.475623 -7.980309
v 12.611529 3.555160 -11.595848
v 12.878574 3.466785 -9.788078
v 12.878574 0.088369 -9.788078
v 12.870747 0.099416 -7.980309
v 12.887520 0.079531 -11.539230
v 12.870747 3.455739 -4.435541
v 12.611529 -0.000008 -4.364770
v 12.611529 3.555161 -4.364770
v 12.878574 3.466785 -6.172540
v 12.878574 0.088369 -6.172540
v 12.887520 0.079531 -4.421387
v 12.814241 1.412489 -7.736684
v 12.877354 1.899736 -7.736684
v 12.877354 1.412489 -8.223934
v 12.814241 1.899736 -8.223934
v 12.611529 3.555160 -11.595848
v 13.948510 0.026319 -11.595848
v 13.948510 3.766793 -11.595848
v 12.611486 0.026319 -11.595848
v 12.611486 3.766793 -11.595848
v 13.948510 0.026319 -12.358236
v 13.948510 3.766793 -12.358236
v 12.611486 0.026319 -12.358236
v 12.611486 3.766793 -12.358236
v 12.611529 3.766793 -11.595848
v 14.537374 3.615627 -11.595848
v 14.537414 3.724467 -4.364770
v 12.611529 3.590434 -4.364770
v 13.948510 0.026319 -4.364770
v 13.948510 3.766793 -4.364770
v 12.611486 0.026319 -4.364770
v 12.611486 3.766793 -4.364770
v 13.948510 0.026319 -3.602382
v 13.948510 3.766793 -3.602382
v 12.611486 0.026319 -3.602382
v 12.611486 3.766793 -3.602382
v 12.870747 3.455741 14.088608
v 12.611529 -0.000002 14.145226
v 12.887520 3.475625 10.529686
v 12.611529 3.555162 6.914148
v 12.611529 3.555164 14.145226
v 12.878574 3.466788 12.337445
v 12.878574 0.088371 12.337445
v 12.870747 0.099417 10.529687
v 12.887520 0.079534 14.074453
v 12.870747 3.455741 6.984901
v 12.611529 -0.000008 6.914148
v 12.878574 3.466788 8.721906
v 12.878574 0.088369 8.721906
v 12.887520 0.079531 6.970751
v 12.814241 1.412492 10.286062
v 12.877354 1.899739 10.286062
v 12.877354 1.412492 10.773312
v 12.814241 1.899739 10.773312
v 14.537352 3.731523 14.145203
v 12.611529 3.555162 14.145203
v 13.948510 0.026324 14.145226
v 12.611486 0.026324 14.145226
v 12.611486 3.766795 14.145226
v 13.948510 0.026324 14.907591
v 13.948511 3.766795 14.399347
v 12.611486 0.026324 14.907591
v 12.611486 3.766795 14.907591
v 12.611529 3.766794 14.145203
v 14.537393 3.590434 6.914148
v 12.611529 3.660978 6.914148
v 13.948510 0.026324 6.914125
v 13.948510 3.766793 6.914125
v 12.611486 0.026324 6.914125
v 12.611486 3.766793 6.914125
v 13.948510 0.026324 6.151760
v 13.948510 3.766793 6.151760
v 12.611486 0.026324 6.151760
v 12.611486 3.766793 6.151760
v -12.870747 3.455744 -11.525076
v -12.611529 -0.000002 -11.595848
v -12.887520 3.475628 -7.980309
v -12.611529 3.555165 -11.595848
v -12.878574 3.466790 -9.788068
v -12.878574 0.088371 -9.788068
v -12.887520 0.079534 -11.539230
v -12.870747 3.455744 -4.435524
v -12.611529 -0.000002 -4.364770
v -12.611529 3.555165 -4.364770
v -12.878574 3.466790 -6.172529
v -12.878574 0.088375 -6.172529
v -12.870747 0.099422 -7.980309
v -12.887520 0.079537 -4.421373
v -12.798464 1.534304 -7.736684
v -12.893132 1.899739 -8.102121
v -12.845798 1.412494 -8.223934
v -14.537405 3.649223 -11.595848
v -12.611529 3.555165 -11.595848
v -13.948510 0.026324 -11.595848
v -13.948510 3.766795 -11.595848
v -12.611486 0.026324 -11.595848
v -12.611486 3.766795 -11.595848
v -13.948510 0.026324 -12.358236
v -13.948510 3.766795 -12.358236
v -12.611486 0.026324 -12.358236
v -12.611486 3.766795 -12.358236
v -12.611529 3.766795 -11.595848
v -14.537405 3.696252 -4.364770
v -12.611529 3.625709 -4.364770
v -13.948510 0.026324 -4.364748
v -13.948510 3.766795 -4.364748
v -12.611486 0.026324 -4.364770
v -12.611486 3.766795 -4.364770
v -13.948510 0.026324 -3.602382
v -13.948510 3.766795 -3.602382
v -12.611486 0.026324 -3.602382
v -12.611486 3.766795 -3.602382
v -12.870747 3.475631 14.074453
v -12.611497 -0.000002 14.145226
v -12.870747 3.475631 10.529687
v -12.611507 3.555168 14.145226
v -12.887520 3.455747 12.337444
v -12.870747 0.088375 12.337456
v -12.887520 0.099422 10.529686
v -12.887520 0.079537 14.088608
v -12.870747 3.455744 6.984901
v -12.611529 -0.000002 6.914148
v -12.611529 3.555166 6.914148
v -12.887520 3.466792 8.721906
v -12.870747 0.088375 8.721917
v -12.887520 0.079537 6.970751
v -12.814241 1.412494 10.286062
v -12.877354 1.899742 10.286062
v -12.877354 1.412494 10.773312
v -12.814241 1.899742 10.773312
v -12.611486 3.625711 14.145226
v -13.948467 0.026330 14.145226
v -12.611486 3.766798 14.145226
v -13.948467 0.026330 14.907614
v -13.948467 3.766798 14.526420
v -12.611486 0.026324 14.526420
v -12.611486 3.766798 14.907614
v -12.611518 3.766798 6.914148
v -14.537360 3.615635 14.145226
v -14.537360 3.724472 6.914148
v -12.611518 3.555166 6.914148
v -13.948510 0.026324 6.914148
v -13.948510 3.766798 6.914148
v -12.611486 0.026324 6.914148
v -12.611486 3.766798 6.914148
v -13.948510 0.026324 6.151760
v -13.948510 3.766798 6.151760
v -12.611486 0.026324 6.151760
v -12.611486 3.766798 6.151760
v -8.326729 3.459641 -15.386597
v -8.389752 0.003893 -15.127375
v -8.389753 3.559063 -15.127375
v -7.028762 3.502251 -15.410075
v -8.339334 0.083432 -15.403367
v -7.028762 0.136458 -15.373552
v -6.900109 1.011864 -15.433976
v -6.844896 2.545991 -15.449285
v -6.955321 2.556197 -15.418667
v -5.233836 3.459641 -15.386597
v -5.170812 0.003893 -15.127375
v -5.170812 3.559063 -15.127375
v -6.531802 3.426501 -15.386597
v -5.221231 0.083432 -15.403367
v -6.531802 0.083432 -15.394423
v -6.660456 1.011864 -15.433976
v -6.605243 2.556197 -15.418667
v -6.715669 2.545991 -15.449285
v -5.173151 3.579486 -14.738501
v -8.387414 3.579486 -14.738501
v -9.488449 -0.000002 -15.760601
v -9.488449 4.422029 -15.760601
v -4.072115 -0.000002 -15.760601
v -4.072115 4.422029 -15.760601
v -9.488449 -0.000002 -14.684391
v -9.488449 4.422029 -14.684391
v -4.072115 -0.000002 -14.684391
v -4.072115 4.422029 -14.684391
v -5.173151 3.579486 -15.760601
v -5.173151 -0.000002 -14.738501
v -8.387414 -0.000002 -14.738501
v -8.387414 3.579486 -15.760601
v -5.173151 -0.000002 -15.760601
v -8.387414 -0.000002 -15.760601
v 8.326729 3.459641 -15.386592
v 8.389752 0.003898 -15.127375
v 8.389753 3.559063 -15.127375
v 6.531802 3.502251 -15.410073
v 7.028762 3.426501 -15.386592
v 8.339334 0.083434 -15.403364
v 7.028762 0.083432 -15.394419
v 6.900109 1.011864 -15.433976
v 6.955321 2.556197 -15.418667
v 6.844896 2.545991 -15.449285
v 5.233836 3.459641 -15.386592
v 5.170812 0.003891 -15.127375
v 5.170812 3.559063 -15.127375
v 5.221231 0.083432 -15.403364
v 6.531802 0.136458 -15.373547
v 6.660456 1.011864 -15.433976
v 6.715669 2.545991 -15.449285
v 6.605243 2.556197 -15.418667
v 5.173151 3.579486 -14.738501
v 8.387414 3.579486 -14.738501
v 9.488449 -0.000002 -15.760601
v 9.488449 4.422032 -15.760601
v 4.072115 -0.000002 -15.760601
v 4.072115 4.422032 -15.760601
v 9.488449 -0.000002 -14.684391
v 9.488449 4.422032 -14.684391
v 4.072115 -0.000002 -14.684391
v 4.072115 4.422032 -14.684391
v 5.173151 3.579486 -15.760601
v 5.173151 -0.000002 -14.738501
v 8.387414 -0.000002 -14.738501
v 8.387414 3.579486 -15.760601
v 5.173151 -0.000002 -15.760601
v 8.387414 -0.000002 -15.760601
v -8.326729 3.459641 17.935974
v -8.389752 0.003893 17.676752
v -8.389753 3.559063 17.676752
v -7.028762 3.502251 17.959454
v -8.339334 0.083432 17.952744
v -7.028762 0.136458 17.922930
v -6.900109 1.011864 17.983353
v -6.955321 2.556198 17.968044
v -6.844896 2.545992 17.998663
v -5.233836 3.459641 17.935974
v -5.170812 0.003893 17.676752
v -5.170812 3.559063 17.676752
v -6.531802 3.426501 17.935974
v -5.221231 0.083432 17.952744
v -6.531802 0.083432 17.943800
v -6.660456 1.011864 17.983353
v -6.715669 2.545992 17.998663
v -6.605243 2.556198 17.968044
v -5.173151 3.579486 17.287878
v -8.387414 3.579486 17.287878
v -9.488449 -0.000002 18.309978
v -9.488449 4.422029 18.309978
v -4.072115 -0.000002 18.309978
v -4.072115 4.422029 18.309978
v -9.488449 -0.000002 17.233768
v -9.488449 4.422029 17.233768
v -4.072115 -0.000002 17.233768
v -4.072115 4.422029 17.233768
v -5.173151 3.579486 18.309978
v -5.173151 -0.000002 17.287878
v -8.387414 -0.000002 17.287878
v -8.387414 3.579486 18.309978
v -5.173151 -0.000002 18.309978
v -8.387414 -0.000002 18.309978
v 8.326729 3.459641 17.935970
v 8.389752 0.003898 17.676752
v 8.389752 3.559063 17.676752
v 5.170812 3.559063 17.676752
v 6.531802 3.502251 17.959452
v 7.028762 3.426501 17.935970
v 8.339334 0.083434 17.952742
v 7.028762 0.083432 17.943796
v 6.900109 1.011864 17.983353
v 6.844896 2.545992 17.998663
v 6.955321 2.556198 17.968044
v 5.233836 3.459641 17.935970
v 5.170812 0.003891 17.676752
v 5.221231 0.083432 17.952742
v 6.531802 0.136458 17.922924
v 6.660456 1.011864 17.983353
v 6.605243 2.556198 17.968044
v 6.715669 2.545992 17.998663
v 5.173151 3.579486 17.287878
v 8.387414 3.579486 17.287878
v 9.488449 -0.000002 18.309978
v 9.488449 4.422032 18.309978
v 4.072115 -0.000002 18.309978
v 4.072115 4.422032 18.309978
v 9.488449 -0.000002 17.233768
v 9.488449 4.422032 17.233768
v 4.072115 -0.000002 17.233768
v 4.072115 4.422032 17.233768
v 5.173151 3.579486 18.309978
v 5.173151 -0.000002 17.287878
v 8.387414 -0.000002 17.287878
v 8.387414 3.579486 18.309978
v 5.173151 -0.000002 18.309978
v 8.387414 -0.000002 18.309978
v 11.431273 94.004005 17.544613
v -12.654385 94.004005 -13.422661
v 11.431273 94.004005 -14.995235
v 12.654385 94.004005 15.972039
v 11.403158 18.259201 -15.413744
v 13.275805 18.259201 -13.541075
v 13.275805 17.371298 -13.541075
v 11.403158 17.371298 -15.413744
v 13.275805 18.259201 16.090452
v 11.403158 18.259201 17.963121
v 11.403158 17.371298 17.963121
v 13.275805 17.371298 16.090452
v -13.275805 18.259201 -13.541075
v -11.403158 18.259201 -15.413744
v -11.403158 17.371298 -15.413744
v -13.275805 17.371298 -13.541075
v -11.403158 18.259201 17.963121
v -13.275805 18.259201 16.090452
v -13.275805 17.371298 16.090452
v -11.403158 17.371298 17.963121
v 11.403158 20.918217 -15.413744
v 13.275805 20.918217 -13.541075
v 13.275805 20.030312 -13.541075
v 11.403158 20.030312 -15.413744
v 13.275805 20.918217 16.090452
v 11.403158 20.918217 17.963121
v 11.403158 20.030312 17.963121
v 13.275805 20.030312 16.090452
v -13.275805 20.918217 -13.541075
v -11.403158 20.918217 -15.413744
v -11.403158 20.030312 -15.413744
v -13.275805 20.030312 -13.541075
v -11.403158 20.918217 17.963121
v -13.275805 20.918217 16.090452
v -13.275805 20.030312 16.090452
v -11.403158 20.030312 17.963121
v 11.403158 23.577234 -15.413744
v 13.275805 23.577234 -13.541075
v 13.275805 22.689329 -13.541075
v 11.403158 22.689329 -15.413744
v 13.275805 23.577234 16.090452
v 11.403158 23.577234 17.963121
v 11.403158 22.689329 17.963121
v 13.275805 22.689329 16.090452
v -13.275805 23.577234 -13.541075
v -11.403158 23.577234 -15.413744
v -11.403158 22.689329 -15.413744
v -13.275805 22.689329 -13.541075
v -11.403158 23.577234 17.963121
v -13.275805 23.577234 16.090452
v -13.275805 22.689329 16.090452
v -11.403158 22.689329 17.963121
v 11.403158 26.236248 -15.413744
v 13.275805 26.236248 -13.541075
v 13.275805 25.348343 -13.541075
v 11.403158 25.348343 -15.413744
v 13.275805 26.236248 16.090452
v 11.403158 26.236248 17.963121
v 11.403158 25.348343 17.963121
v 13.275805 25.348343 16.090452
v -13.275805 26.236248 -13.541075
v -11.403158 26.236248 -15.413744
v -11.403158 25.348343 -15.413744
v -13.275805 25.348343 -13.541075
v -11.403158 26.236248 17.963121
v -13.275805 26.236248 16.090452
v -13.275805 25.348343 16.090452
v -11.403158 25.348343 17.963121
v 11.403158 28.895266 -15.413744
v 13.275805 28.895266 -13.541075
v 13.275805 28.007360 -13.541075
v 11.403158 28.007360 -15.413744
v 13.275805 28.895266 16.090452
v 11.403158 28.895266 17.963121
v 11.403158 28.007360 17.963121
v 13.275805 28.007360 16.090452
v -13.275805 28.895266 -13.541075
v -11.403158 28.895266 -15.413744
v -11.403158 28.007360 -15.413744
v -13.275805 28.007360 -13.541075
v -11.403158 28.895266 17.963121
v -13.275805 28.895266 16.090452
v -13.275805 28.007360 16.090452
v -11.403158 28.007360 17.963121
v 11.403158 31.554277 -15.413744
v 13.275805 31.554277 -13.541075
v 13.275805 30.666374 -13.541075
v 11.403158 30.666374 -15.413744
v 13.275805 31.554277 16.090452
v 11.403158 31.554277 17.963121
v 11.403158 30.666374 17.963121
v 13.275805 30.666374 16.090452
v -13.275805 31.554277 -13.541075
v -11.403158 31.554277 -15.413744
v -11.403158 30.666374 -15.413744
v -13.275805 30.666374 -13.541075
v -11.403158 31.554277 17.963121
v -13.275805 31.554277 16.090452
v -13.275805 30.666374 16.090452
v -11.403158 30.666374 17.963121
v 11.403158 34.213295 -15.413744
v 13.275805 34.213295 -13.541075
v 13.275805 33.325390 -13.541075
v 11.403158 33.325390 -15.413744
v 13.275805 34.213295 16.090452
v 11.403158 34.213295 17.963121
v 11.403158 33.325390 17.963121
v 13.275805 33.325390 16.090452
v -13.275805 34.213295 -13.541075
v -11.403158 34.213295 -15.413744
v -11.403158 33.325390 -15.413744
v -13.275805 33.325390 -13.541075
v -11.403158 34.213295 17.963121
v -13.275805 34.213295 16.090452
v -13.275805 33.325390 16.090452
v -11.403158 33.325390 17.963121
v 11.403158 36.872311 -15.413744
v 13.275805 36.872311 -13.541075
v 13.275805 35.984406 -13.541075
v 11.403158 35.984406 -15.413744
v 13.275805 36.872311 16.090452
v 11.403158 36.872311 17.963121
v 11.403158 35.984406 17.963121
v 13.275805 35.984406 16.090452
v -13.275805 36.872311 -13.541075
v -11.403158 36.872311 -15.413744
v -11.403158 35.984406 -15.413744
v -13.275805 35.984406 -13.541075
v -11.403158 36.872311 17.963121
v -13.275805 36.872311 16.090452
v -13.275805 35.984406 16.090452
v -11.403158 35.984406 17.963121
v 11.403158 39.531326 -15.413744
v 13.275805 39.531326 -13.541075
v 13.275805 38.643417 -13.541075
v 11.403158 38.643417 -15.413744
v 13.275805 39.531326 16.090452
v 11.403158 39.531326 17.963121
v 11.403158 38.643417 17.963121
v 13.275805 38.643417 16.090452
v -13.275805 39.531326 -13.541075
v -11.403158 39.531326 -15.413744
v -11.403158 38.643417 -15.413744
v -13.275805 38.643417 -13.541075
v -11.403158 39.531326 17.963121
v -13.275805 39.531326 16.090452
v -13.275805 38.643417 16.090452
v -11.403158 38.643417 17.963121
v 11.403158 42.190338 -15.413744
v 13.275805 42.190338 -13.541075
v 13.275805 41.302437 -13.541075
v 11.403158 41.302437 -15.413744
v 13.275805 42.190338 16.090452
v 11.403158 42.190338 17.963121
v 11.403158 41.302437 17.963121
v 13.275805 41.302437 16.090452
v -13.275805 42.190338 -13.541075
v -11.403158 42.190338 -15.413744
v -11.403158 41.302437 -15.413744
v -13.275805 41.302437 -13.541075
v -11.403158 42.190338 17.963121
v -13.275805 42.190338 16.090452
v -13.275805 41.302437 16.090452
v -11.403158 41.302437 17.963121
v 11.403158 44.849358 -15.413744
v 13.275805 44.849358 -13.541075
v 13.275805 43.961452 -13.541075
v 11.403158 43.961452 -15.413744
v 13.275805 44.849358 16.090452
v 11.403158 44.849358 17.963121
v 11.403158 43.961452 17.963121
v 13.275805 43.961452 16.090452
v -13.275805 44.849358 -13.541075
v -11.403158 44.849358 -15.413744
v -11.403158 43.961452 -15.413744
v -13.275805 43.961452 -13.541075
v -11.403158 44.849358 17.963121
v -13.275805 44.849358 16.090452
v -13.275805 43.961452 16.090452
v -11.403158 43.961452 17.963121
v 11.403158 47.508369 -15.413744
v 13.275805 47.508369 -13.541075
v 13.275805 46.620472 -13.541075
v 11.403158 46.620472 -15.413744
v 13.275805 47.508369 16.090452
v 11.403158 47.508369 17.963121
v 11.403158 46.620472 17.963121
v 13.275805 46.620472 16.090452
v -13.275805 47.508369 -13.541075
v -11.403158 47.508369 -15.413744
v -11.403158 46.620472 -15.413744
v -13.275805 46.620472 -13.541075
v -11.403158 47.508369 17.963121
v -13.275805 47.508369 16.090452
v -13.275805 46.620472 16.090452
v -11.403158 46.620472 17.963121
v 11.403158 50.167393 -15.413744
v 13.275805 50.167393 -13.541075
v 13.275805 49.279480 -13.541075
v 11.403158 49.279480 -15.413744
v 13.275805 50.167393 16.090452
v 11.403158 50.167393 17.963121
v 11.403158 49.279480 17.963121
v 13.275805 49.279480 16.090452
v -13.275805 50.167393 -13.541075
v -11.403158 50.167393 -15.413744
v -11.403158 49.279480 -15.413744
v -13.275805 49.279480 -13.541075
v -11.403158 50.167393 17.963121
v -13.275805 50.167393 16.090452
v -13.275805 49.279480 16.090452
v -11.403158 49.279480 17.963121
v 11.403158 52.826405 -15.413744
v 13.275805 52.826405 -13.541075
v 13.275805 51.938503 -13.541075
v 11.403158 51.938503 -15.413744
v 13.275805 52.826405 16.090452
v 11.403158 52.826405 17.963121
v 11.403158 51.938503 17.963121
v 13.275805 51.938503 16.090452
v -13.275805 52.826405 -13.541075
v -11.403158 52.826405 -15.413744
v -11.403158 51.938503 -15.413744
v -13.275805 51.938503 -13.541075
v -11.403158 52.826405 17.963121
v -13.275805 52.826405 16.090452
v -13.275805 51.938503 16.090452
v -11.403158 51.938503 17.963121
v 11.403158 55.485424 -15.413744
v 13.275805 55.485424 -13.541075
v 13.275805 54.597515 -13.541075
v 11.403158 54.597515 -15.413744
v 13.275805 55.485424 16.090452
v 11.403158 55.485424 17.963121
v 11.403158 54.597515 17.963121
v 13.275805 54.597515 16.090452
v -13.275805 55.485424 -13.541075
v -11.403158 55.485424 -15.413744
v -11.403158 54.597515 -15.413744
v -13.275805 54.597515 -13.541075
v -11.403158 55.485424 17.963121
v -13.275805 55.485424 16.090452
v -13.275805 54.597515 16.090452
v -11.403158 54.597515 17.963121
v 11.403158 58.144436 -15.413744
v 13.275805 58.144436 -13.541075
v 13.275805 57.256538 -13.541075
v 11.403158 57.256538 -15.413744
v 13.275805 58.144436 16.090452
v 11.403158 58.144436 17.963121
v 11.403158 57.256538 17.963121
v 13.275805 57.256538 16.090452
v -13.275805 58.144436 -13.541075
v -11.403158 58.144436 -15.413744
v -11.403158 57.256538 -15.413744
v -13.275805 57.256538 -13.541075
v -11.403158 58.144436 17.963121
v -13.275805 58.144436 16.090452
v -13.275805 57.256538 16.090452
v -11.403158 57.256538 17.963121
v 11.403158 60.803459 -15.413744
v 13.275805 60.803459 -13.541075
v 13.275805 59.915550 -13.541075
v 11.403158 59.915550 -15.413744
v 13.275805 60.803459 16.090452
v 11.403158 60.803459 17.963121
v 11.403158 59.915550 17.963121
v 13.275805 59.915550 16.090452
v -13.275805 60.803459 -13.541075
v -11.403158 60.803459 -15.413744
v -11.403158 59.915550 -15.413744
v -13.275805 59.915550 -13.541075
v -11.403158 60.803459 17.963121
v -13.275805 60.803459 16.090452
v -13.275805 59.915550 16.090452
v -11.403158 59.915550 17.963121
v 11.403158 63.462471 -15.413744
v 13.275805 63.462471 -13.541075
v 13.275805 62.574570 -13.541075
v 11.403158 62.574570 -15.413744
v 13.275805 63.462471 16.090452
v 11.403158 63.462471 17.963121
v 11.403158 62.574570 17.963121
v 13.275805 62.574570 16.090452
v -13.275805 63.462471 -13.541075
v -11.403158 63.462471 -15.413744
v -11.403158 62.574570 -15.413744
v -13.275805 62.574570 -13.541075
v -11.403158 63.462471 17.963121
v -13.275805 63.462471 16.090452
v -13.275805 62.574570 16.090452
v -11.403158 62.574570 17.963121
v 11.403158 66.121490 -15.413744
v 13.275805 66.121490 -13.541075
v 13.275805 65.233582 -13.541075
v 11.403158 65.233582 -15.413744
v 13.275805 66.121490 16.090452
v 11.403158 66.121490 17.963121
v 11.403158 65.233582 17.963121
v 13.275805 65.233582 16.090452
v -13.275805 66.121490 -13.541075
v -11.403158 66.121490 -15.413744
v -11.403158 65.233582 -15.413744
v -13.275805 65.233582 -13.541075
v -11.403158 66.121490 17.963121
v -13.275805 66.121490 16.090452
v -13.275805 65.233582 16.090452
v -11.403158 65.233582 17.963121
v 11.403158 68.780502 -15.413744
v 13.275805 68.780502 -13.541075
v 13.275805 67.892601 -13.541075
v 11.403158 67.892601 -15.413744
v 13.275805 68.780502 16.090452
v 11.403158 68.780502 17.963121
v 11.403158 67.892601 17.963121
v 13.275805 67.892601 16.090452
v -13.275805 68.780502 -13.541075
v -11.403158 68.780502 -15.413744
v -11.403158 67.892601 -15.413744
v -13.275805 67.892601 -13.541075
v -11.403158 68.780502 17.963121
v -13.275805 68.780502 16.090452
v -13.275805 67.892601 16.090452
v -11.403158 67.892601 17.963121
v 11.403158 71.439522 -15.413744
v 13.275805 71.439522 -13.541075
v 13.275805 70.551613 -13.541075
v 11.403158 70.551613 -15.413744
v 13.275805 71.439522 16.090452
v 11.403158 71.439522 17.963121
v 11.403158 70.551613 17.963121
v 13.275805 70.551613 16.090452
v -13.275805 71.439522 -13.541075
v -11.403158 71.439522 -15.413744
v -11.403158 70.551613 -15.413744
v -13.275805 70.551613 -13.541075
v -11.403158 71.439522 17.963121
v -13.275805 71.439522 16.090452
v -13.275805 70.551613 16.090452
v -11.403158 70.551613 17.963121
v 11.403158 74.098534 -15.413744
v 13.275805 74.098534 -13.541075
v 13.275805 73.210625 -13.541075
v 11.403158 73.210625 -15.413744
v 13.275805 74.098534 16.090452
v 11.403158 74.098534 17.963121
v 11.403158 73.210625 17.963121
v 13.275805 73.210625 16.090452
v -13.275805 74.098534 -13.541075
v -11.403158 74.098534 -15.413744
v -11.403158 73.210625 -15.413744
v -13.275805 73.210625 -13.541075
v -11.403158 74.098534 17.963121
v -13.275805 74.098534 16.090452
v -13.275805 73.210625 16.090452
v -11.403158 73.210625 17.963121
v 11.403158 76.757545 -15.413744
v 13.275805 76.757545 -13.541075
v 13.275805 75.869652 -13.541075
v 11.403158 75.869652 -15.413744
v 13.275805 76.757545 16.090452
v 11.403158 76.757545 17.963121
v 11.403158 75.869652 17.963121
v 13.275805 75.869652 16.090452
v -13.275805 76.757545 -13.541075
v -11.403158 76.757545 -15.413744
v -11.403158 75.869652 -15.413744
v -13.275805 75.869652 -13.541075
v -11.403158 76.757545 17.963121
v -13.275805 76.757545 16.090452
v -13.275805 75.869652 16.090452
v -11.403158 75.869652 17.963121
v 11.403158 79.416573 -15.413744
v 13.275805 79.416573 -13.541075
v 13.275805 78.528664 -13.541075
v 11.403158 78.528664 -15.413744
v 13.275805 79.416573 16.090452
v 11.403158 79.416573 17.963121
v 11.403158 78.528664 17.963121
v 13.275805 78.528664 16.090452
v -13.275805 79.416573 -13.541075
v -11.403158 79.416573 -15.413744
v -11.403158 78.528664 -15.413744
v -13.275805 78.528664 -13.541075
v -11.403158 79.416573 17.963121
v -13.275805 79.416573 16.090452
v -13.275805 78.528664 16.090452
v -11.403158 78.528664 17.963121
v 11.403158 82.075584 -15.413744
v 13.275805 82.075584 -13.541075
v 13.275805 81.187683 -13.541075
v 11.403158 81.187683 -15.413744
v 13.275805 82.075584 16.090452
v 11.403158 82.075584 17.963121
v 11.403158 81.187683 17.963121
v 13.275805 81.187683 16.090452
v -13.275805 82.075584 -13.541075
v -11.403158 82.075584 -15.413744
v -11.403158 81.187683 -15.413744
v -13.275805 81.187683 -13.541075
v -11.403158 82.075584 17.963121
v -13.275805 82.075584 16.090452
v -13.275805 81.187683 16.090452
v -11.403158 81.187683 17.963121
v 11.403158 84.734604 -15.413744
v 13.275805 84.734604 -13.541075
v 13.275805 83.846695 -13.541075
v 11.403158 83.846695 -15.413744
v 13.275805 84.734604 16.090452
v 11.403158 84.734604 17.963121
v 11.403158 83.846695 17.963121
v 13.275805 83.846695 16.090452
v -13.275805 84.734604 -13.541075
v -11.403158 84.734604 -15.413744
v -11.403158 83.846695 -15.413744
v -13.275805 83.846695 -13.541075
v -11.403158 84.734604 17.963121
v -13.275805 84.734604 16.090452
v -13.275805 83.846695 16.090452
v -11.403158 83.846695 17.963121
v 11.403158 87.393616 -15.413744
v 13.275805 87.393616 -13.541075
v 13.275805 86.505707 -13.541075
v 11.403158 86.505707 -15.413744
v 13.275805 87.393616 16.090452
v 11.403158 87.393616 17.963121
v 11.403158 86.505707 17.963121
v 13.275805 86.505707 16.090452
v -13.275805 87.393616 -13.541075
v -11.403158 87.393616 -15.413744
v -11.403158 86.505707 -15.413744
v -13.275805 86.505707 -13.541075
v -11.403158 87.393616 17.963121
v -13.275805 87.393616 16.090452
v -13.275805 86.505707 16.090452
v -11.403158 86.505707 17.963121
v -11.431272 91.372620 17.544613
v -12.654385 91.372620 15.972037
v -11.431272 91.372620 -14.995235
v 12.654385 91.372620 -13.422660
v 11.722308 91.372620 18.139679
v -13.249450 91.372620 -13.626831
v 11.722308 91.372620 -15.590302
v 13.249450 91.372620 16.176208
v 11.365643 90.574440 -14.791553
v 12.495941 90.574440 -13.338298
v -11.365642 90.574440 17.340931
v 13.249450 91.372620 -13.626831
v 12.654385 91.372620 15.972037
v -11.722308 91.372620 -15.590302
v 11.431272 91.372620 -14.995235
v -13.249450 91.372620 16.176208
v -12.654385 91.372620 -13.422660
v -11.722308 91.372620 18.139679
v 11.431272 91.372620 17.544613
v 12.687066 12.316524 16.216156
v 12.796906 91.019699 16.216162
v 12.796908 12.316524 15.727922
v 12.687064 91.019699 15.727927
v 11.227636 12.316524 17.722712
v 11.337477 91.019699 17.722717
v 11.337478 12.316524 17.234478
v 11.227633 91.019699 17.234478
v -12.687066 12.316524 16.216156
v -12.796906 91.019699 16.216162
v -12.796908 12.316524 15.727922
v -12.687064 91.019699 15.727928
v -11.227636 12.316524 17.722712
v -11.337477 91.019699 17.722717
v -11.337478 12.316524 17.234478
v -11.227633 91.019699 17.234478
v 12.687066 12.316524 -13.666780
v 12.796906 91.019699 -13.666782
v 12.796908 12.316524 -13.178545
v 12.687064 91.019699 -13.178551
v 11.227636 12.316524 -15.173334
v 11.337477 91.019699 -15.173339
v 11.337478 12.316524 -14.685100
v 11.227633 91.019699 -14.685102
v -12.687066 12.316524 -13.666780
v -12.796906 91.019699 -13.666782
v -12.796908 12.316524 -13.178545
v -12.687064 91.019699 -13.178550
v -11.227636 12.316524 -15.173334
v -11.337477 91.019699 -15.173339
v -11.337478 12.316524 -14.685100
v -11.227633 91.019699 -14.685102
v 11.520660 12.301592 1.097066
v 13.493072 12.301593 1.274688
v 11.520662 90.817802 1.274689
v 11.520660 12.301593 -0.138801
v 13.493072 90.817802 -0.138798
v 13.493072 12.301593 -0.020387
v 11.520660 90.817802 -0.020384
v 11.520660 12.301593 -1.493082
v 13.493072 90.817802 -1.493079
v 13.493072 12.301593 -1.374668
v 11.520660 90.817802 -1.374665
v 13.493072 90.817802 1.274688
v 11.520662 12.301593 1.452311
v 11.520660 12.301592 0.398128
v 11.520662 90.817802 0.575751
v 11.520660 12.301593 -0.837739
v 13.493072 90.817802 -0.837736
v 13.493072 12.301593 -0.719326
v 11.520660 90.817802 -0.719322
v 13.493072 90.817802 0.575750
v 11.520662 12.301593 0.753373
v 13.493072 12.301593 0.575750
v 11.520662 12.301593 2.688178
v 13.493072 90.817802 2.688175
v 13.493072 12.301593 2.569764
v 11.520662 90.817802 2.569761
v 11.520663 12.301593 4.042459
v 13.493073 90.817802 4.042456
v 13.493072 12.301593 3.924045
v 11.520663 90.817802 3.924042
v 13.493072 12.301593 1.973627
v 11.520663 12.301593 3.387117
v 13.493073 90.817802 3.387113
v 13.493073 12.301593 3.268702
v 11.520663 90.817802 3.268700
v 13.493072 90.817802 1.973627
v 11.520662 12.301593 2.151249
v 11.520661 12.301592 1.796005
v 11.520662 90.817802 1.973627
v 11.510865 17.236534 -1.869251
v 11.510866 18.514309 -1.869251
v 14.100841 17.236536 -1.774200
v 14.077078 18.514309 -1.750437
v 11.510868 17.236534 4.418629
v 14.139981 17.236536 4.306803
v 11.510868 18.514309 4.418629
v 14.161947 18.514309 4.248893
v 11.510870 39.793949 -1.869251
v 14.077081 39.793949 -1.750437
v 11.510869 38.516174 -1.869251
v 14.139982 38.516174 -1.757426
v 11.510871 38.516174 4.418629
v 11.510871 39.793949 4.418629
v 14.122781 38.516174 4.272395
v 14.149530 39.793949 4.302711
v 11.510873 59.795818 -1.869251
v 11.510873 61.073593 -1.869251
v 14.049667 61.073593 -1.796135
v 11.510875 59.795822 4.418630
v 14.154572 59.795822 -1.703945
v 11.510875 61.073593 4.418629
v 14.122784 59.795822 4.272395
v 14.149534 61.073593 4.302711
v 11.510876 82.353233 -1.869251
v 14.100852 81.075455 -1.774200
v 14.161956 82.353233 -1.699517
v 11.510875 81.075455 -1.869251
v 14.154577 81.075455 4.253321
v 11.510879 81.075455 4.418629
v 11.510879 82.353233 4.418629
v 14.049671 82.353233 4.345511
v 12.749144 12.301589 4.102151
v 12.749144 90.192757 -1.552728
v 12.662656 90.192757 4.102151
v 12.662656 12.301589 -1.552728
v -11.520660 12.301592 1.097066
v -13.493072 12.301593 1.274688
v -11.520662 90.817802 1.274689
v -11.520660 12.301593 -0.138801
v -13.493072 90.817802 -0.138798
v -13.493072 12.301593 -0.020387
v -11.520660 90.817802 -0.020384
v -11.520660 12.301593 -1.493082
v -13.493072 90.817802 -1.493079
v -13.493072 12.301593 -1.374668
v -11.520660 90.817802 -1.374665
v -13.493072 90.817802 1.274688
v -11.520662 12.301593 1.452311
v -11.520660 12.301592 0.398128
v -11.520660 12.301593 -0.837739
v -13.493072 90.817802 -0.837736
v -13.493072 12.301593 -0.719326
v -11.520660 90.817802 -0.719322
v -13.493072 90.817802 0.575750
v -11.520662 12.301593 0.753373
v -13.493072 12.301593 0.575750
v -11.520662 90.817802 0.575751
v -11.520662 12.301593 2.688178
v -13.493072 90.817802 2.688175
v -13.493072 12.301593 2.569764
v -11.520662 90.817802 2.569761
v -11.520663 12.301593 4.042459
v -13.493073 90.817802 4.042456
v -13.493073 12.301593 3.924045
v -11.520663 90.817802 3.924042
v -13.493072 12.301593 1.973627
v -11.520663 12.301593 3.387117
v -13.493073 90.817802 3.387113
v -13.493073 12.301593 3.268702
v -11.520663 90.817802 3.268700
v -13.493072 90.817802 1.973627
v -11.520662 12.301593 2.151249
v -11.520661 12.301592 1.796005
v -11.520662 90.817802 1.973627
v -11.510865 17.236534 -1.869251
v -11.510866 18.514309 -1.869251
v -14.100841 17.236534 -1.774200
v -14.077078 18.514309 -1.750437
v -11.510868 17.236534 4.418629
v -14.139981 17.236536 4.306803
v -11.510868 18.514309 4.418629
v -14.161947 18.514309 4.248893
v -11.510870 39.793949 -1.869251
v -14.100844 38.516174 -1.774200
v -14.161947 39.793949 -1.699517
v -11.510869 38.516174 -1.869251
v -14.154571 38.516174 4.253321
v -11.510871 38.516174 4.418629
v -11.510871 39.793949 4.418629
v -14.049664 39.793949 4.345511
v -11.510873 59.795818 -1.869251
v -11.510873 61.073593 -1.869251
v -14.149533 61.073593 -1.753335
v -11.510875 59.795822 4.418629
v -14.154572 59.795822 -1.703945
v -11.510875 61.073593 4.418629
v -14.122784 59.795822 4.272395
v -14.049668 61.073593 4.345511
v -11.510877 82.353233 -1.869251
v -14.100852 81.075455 -1.774200
v -14.161956 82.353233 -1.699517
v -11.510875 81.075455 -1.869251
v -14.154577 81.075455 4.253322
v -11.510879 81.075455 4.418629
v -11.510879 82.353233 4.418629
v -14.049672 82.353233 4.345511
v -12.749144 12.301589 4.102151
v -12.749144 90.192757 -1.552728
v -12.662656 90.192757 4.102151
v -12.662656 12.301589 -1.552728
v 12.005159 94.032547 16.509329
v 11.644412 94.032547 16.522606
v 11.701911 94.416504 16.506008
v 11.947177 94.417305 16.525925
v 12.005155 94.029030 -13.959954
v 11.644407 94.037201 -13.973232
v 11.834739 94.417305 -13.844202
v 11.814822 94.416504 -14.089468
v -12.005154 94.029030 16.509331
v -11.644408 94.037201 16.522610
v -11.702132 94.416885 16.506012
v -11.947429 94.416885 16.525927
v -11.818147 94.026596 -13.786215
v -11.702138 94.416885 -13.956631
v -11.947434 94.416878 -13.976546
v -11.831425 94.042740 -14.146963
v 11.219980 91.075394 4.607415
v 14.267682 91.075394 4.607415
v 11.219980 94.236107 4.607415
v 14.267682 94.236107 4.607415
v 11.219980 91.075394 -2.058038
v 14.267682 91.075394 -2.058037
v 11.219980 94.236107 -2.058038
v 14.267682 94.236107 -2.058037
v -14.206017 91.075394 4.607415
v -11.158315 91.075394 4.607415
v -14.206017 94.236107 4.607415
v -11.158315 94.236107 4.607415
v -14.206017 91.075394 -2.058038
v -11.158315 91.075394 -2.058037
v -14.206017 94.236107 -2.058038
v -11.158315 94.236107 -2.058037
v -1.326368 73.917564 -15.847849
v -1.266939 74.056595 -15.708821
v -1.286749 75.424622 -17.169538
v -1.286746 76.326233 -17.169537
v -1.286746 77.647919 -15.662481
v -1.286746 77.833298 -15.847845
v -1.286748 79.075233 -15.755165
v -1.286749 80.582291 -17.076851
v -1.286749 80.396919 -17.262217
v -1.306554 81.437561 -17.215876
v -1.247127 81.298531 -17.076851
v -1.286746 82.805588 -15.755160
v -1.326367 84.047531 -15.847847
v -1.266940 84.186569 -15.708821
v -1.286749 85.554596 -17.169535
v -1.256253 86.408829 -15.485441
v -1.317235 86.408829 -16.022963
v -1.223825 86.929771 -17.638409
v -1.223825 86.325233 -15.325344
v -1.349663 86.325233 -17.638409
v -1.349663 86.929771 -15.325344
v -1.799552 85.702736 -15.208055
v -1.799552 87.552269 -15.090768
v -0.773936 85.702736 -15.090769
v -0.773936 87.552269 -15.208055
v -1.296905 59.069115 -15.485451
v -1.276579 59.069115 -16.022972
v -1.296907 86.408829 -17.006031
v -1.276581 86.408829 -17.543552
v -1.306559 71.514030 -15.801506
v -1.286749 70.053307 -17.169538
v -1.247130 71.375000 -15.662481
v -1.299951 67.830017 -15.662481
v -1.286743 69.151711 -17.169540
v -1.273538 67.644646 -15.847852
v -1.286748 64.895653 -17.076859
v -1.286749 66.402710 -15.755170
v -1.286748 65.081009 -17.262230
v -1.273538 63.994038 -17.262230
v -1.286744 62.672348 -15.755167
v -1.299950 64.179413 -17.076860
v -1.273541 59.830666 -17.076857
v -1.286747 61.337723 -15.755169
v -1.299953 60.016033 -17.262226
v -1.256252 59.069115 -17.006035
v -1.317233 59.069115 -17.543556
v -1.475500 58.548161 -17.638414
v -1.286742 59.152702 -15.325352
v -1.192364 59.001568 -17.638416
v -1.286742 58.548161 -15.325350
v -1.799550 59.775211 -15.208063
v -1.799550 57.925663 -15.090776
v -0.773934 59.775211 -15.090775
v -0.773934 57.925663 -15.208063
v 9.543476 73.917564 -15.847849
v 9.503857 75.424622 -17.169538
v 9.484047 74.056595 -15.708821
v 9.490646 77.647919 -15.662481
v 9.503852 76.326233 -17.169537
v 9.517058 77.833298 -15.847845
v 9.503856 80.582291 -17.076851
v 9.503856 79.075241 -15.755163
v 9.503856 80.396927 -17.262218
v 9.490645 81.483902 -17.262220
v 9.503852 82.805588 -15.755161
v 9.517058 81.298531 -17.076853
v 9.543474 84.047531 -15.847847
v 9.503856 85.554596 -17.169535
v 9.484047 84.186562 -15.708823
v 9.595322 86.408829 -16.022963
v 9.473359 86.408829 -15.485441
v 9.448967 86.408829 -17.006029
v 9.558733 86.408829 -17.543550
v 9.440930 86.929771 -17.638409
v 9.440930 86.325233 -15.325344
v 9.566770 86.325233 -17.638409
v 9.566770 86.929771 -15.325344
v 10.016659 85.702736 -15.208055
v 10.016659 87.552269 -15.090768
v 8.991042 85.702736 -15.090769
v 8.991042 87.552269 -15.208055
v 9.514015 59.069115 -15.485451
v 9.412378 86.408829 -16.022963
v 9.543054 59.069115 -17.006037
v 9.464650 59.069115 -17.543558
v 9.523667 71.421349 -15.708825
v 9.464237 71.560371 -15.847851
v 9.503857 70.053314 -17.169538
v 9.503852 69.151703 -17.169540
v 9.517060 67.830017 -15.662481
v 9.490647 67.644646 -15.847852
v 9.503858 66.402710 -15.755168
v 9.490651 64.895653 -17.076859
v 9.517063 65.081024 -17.262224
v 9.503853 63.994038 -17.262230
v 9.503854 62.672348 -15.755167
v 9.503854 64.179413 -17.076860
v 9.503858 61.337723 -15.755169
v 9.490651 59.830666 -17.076857
v 9.517064 60.016033 -17.262226
v 9.534343 59.069115 -16.022970
v 9.440932 58.548161 -17.638416
v 9.440932 59.152702 -15.325351
v 9.566772 59.152702 -17.638416
v 9.566772 58.548161 -15.325351
v 10.016661 59.775211 -15.208063
v 10.016661 57.925663 -15.090775
v 8.991045 59.775211 -15.090775
v 8.991045 57.925663 -15.208063
v 10.668159 88.206924 -18.034986
v -2.451052 57.271122 -18.034985
v -2.051793 88.006538 -18.074007
v 10.268902 57.471512 -18.074005
v -2.451054 88.206924 -17.985512
v 10.668161 57.271126 -17.985510
v 10.268899 88.006538 -18.047941
v -2.051791 57.471512 -18.047941
v 4.108615 88.028824 -17.841795
v 4.029499 88.800941 -17.827765
v 4.016943 88.627563 -19.458492
v 3.970191 88.697304 -18.572598
v 3.949220 88.798531 -19.402470
v 4.108616 88.691986 -19.325859
v 4.097894 88.688484 -18.438251
v 2.143654 88.028824 -17.841795
v 2.064538 88.800941 -17.834780
v 2.222770 88.800941 -17.848806
v 2.052525 88.627586 -19.461132
v 2.326185 88.631378 -19.314592
v 2.336796 88.792839 -19.318586
v 1.950495 88.792801 -19.318563
v 2.143670 88.798355 -19.470491
v 2.281548 88.700699 -18.573698
v 2.007063 88.704605 -18.573999
v 2.155568 88.656242 -17.845043
v 2.131741 88.727730 -17.845043
v 2.143653 88.691986 -19.325859
v 2.143655 88.096199 -17.845043
v 2.122211 88.658592 -18.450155
v 2.154377 88.688484 -18.438251
v 0.099576 88.028824 -17.848808
v 0.178693 88.800941 -17.841793
v 0.257809 88.028824 -17.834780
v 0.087564 88.627586 -19.461130
v 0.361223 88.631378 -19.314594
v 0.371835 88.792839 -19.318588
v -0.014467 88.792793 -19.318565
v 0.178708 88.798347 -19.470493
v 0.316837 88.700813 -18.574120
v 0.042344 88.704498 -18.573589
v 0.178692 88.691994 -17.845043
v 0.214433 88.691994 -19.325859
v 0.142953 88.691994 -19.325859
v 0.178693 88.096191 -17.845045
v 0.157249 88.658600 -18.450155
v 0.189415 88.688484 -18.438251
v -1.865385 88.028824 -17.848808
v -1.786269 88.800941 -17.841793
v -1.707153 88.028824 -17.834780
v -1.875200 88.627670 -19.462692
v -1.603289 88.631241 -19.311373
v -1.593187 88.792770 -19.319302
v -1.979367 88.792725 -19.319279
v -1.786248 88.798622 -19.469856
v -1.650249 88.706085 -18.573994
v -1.924785 88.699165 -18.573748
v -1.786269 88.691994 -17.845043
v -1.750528 88.680084 -19.325859
v -1.822008 88.703903 -19.325859
v -1.786269 88.096191 -17.845045
v -1.807712 88.658600 -18.450155
v -1.775546 88.688484 -18.438251
v 4.090745 88.666458 -17.845043
v 4.108615 88.096191 -17.845043
v 4.130059 88.658600 -18.450153
v 4.187732 88.800941 -17.855822
v 4.291434 88.632149 -19.314634
v 4.261877 88.799026 -19.413246
v 4.247369 88.692917 -18.570644
v 4.144355 88.727730 -17.845043
v 6.152693 88.800941 -17.841793
v 6.073576 88.028824 -17.841793
v 5.994460 88.800941 -17.841793
v 6.164712 88.627586 -19.461130
v 5.891046 88.631378 -19.314592
v 6.211602 88.703232 -18.575283
v 5.880433 88.792839 -19.318584
v 6.266740 88.792793 -19.318558
v 6.073556 88.798355 -19.470490
v 5.937139 88.702156 -18.572420
v 6.061663 88.656242 -17.845043
v 6.085490 88.727730 -17.845043
v 6.073577 88.691986 -19.325859
v 6.073576 88.096191 -17.845043
v 6.052132 88.658592 -18.450153
v 6.084298 88.688477 -18.438251
v 8.117655 88.028816 -17.820751
v 8.038539 88.800941 -17.841793
v 7.998980 88.028824 -17.852314
v 8.129670 88.627586 -19.461132
v 7.856008 88.631378 -19.314594
v 8.176344 88.703156 -18.574934
v 7.845393 88.792831 -19.318584
v 8.231701 88.792786 -19.318562
v 8.038517 88.798347 -19.470499
v 7.901828 88.702309 -18.572889
v 8.038538 88.691986 -17.845043
v 8.050452 88.656242 -19.325859
v 8.026625 88.727730 -19.325859
v 8.038536 88.096199 -17.845041
v 8.017093 88.658592 -18.450153
v 8.049259 88.688484 -18.438248
v 10.082616 88.800941 -17.834780
v 10.003499 88.028824 -17.841793
v 9.924383 88.800941 -17.848806
v 10.094630 88.627586 -19.461132
v 9.820971 88.631371 -19.314589
v 10.140252 88.700546 -18.571985
v 9.845736 88.799431 -19.404406
v 10.158164 88.798378 -19.411423
v 9.865866 88.704857 -18.575624
v 9.946853 88.594376 -19.388721
v 10.003499 88.591545 -18.827478
v 10.118465 88.601166 -19.303041
v 10.003500 88.691986 -17.845043
v 10.015413 88.656242 -19.325857
v 9.991587 88.727730 -19.325857
v 10.014221 88.086227 -17.849010
v 9.982055 88.116112 -17.837105
v 10.003500 88.678520 -18.442219
v 7.976445 88.594376 -19.388721
v 8.033093 88.591545 -18.827478
v 8.148058 88.601166 -19.303041
v 6.016264 88.594376 -19.388721
v 6.072914 88.591545 -18.827477
v 6.187877 88.601166 -19.303043
v 4.042285 88.594376 -19.388721
v 4.098933 88.591545 -18.827478
v 4.213897 88.601166 -19.303043
v 2.084628 88.594376 -19.388721
v 2.141277 88.591545 -18.827477
v 2.256240 88.601166 -19.303043
v 0.118806 88.594376 -19.388721
v 0.175454 88.591545 -18.827477
v 0.290418 88.601166 -19.303043
vn 0.9933 0.1150 -0.0134
vn 0.9933 -0.1150 0.0134
vn 0.9912 -0.1314 0.0153
vn -1.0000 -0.0000 -0.0000
vn 0.7894 -0.0000 -0.6139
vn -0.0000 -1.0000 -0.0000
vn 0.3446 -0.6203 0.7046
vn 0.7894 -0.0000 0.6139
vn -0.0000 -0.0000 -1.0000
vn 1.0000 -0.0000 -0.0000
vn -0.0000 -0.0000 1.0000
vn -0.7580 0.0991 0.6447
vn -0.7845 0.0683 0.6163
vn -0.7721 0.2079 0.6005
vn -0.8106 0.0952 -0.5778
vn -0.7893 0.0707 -0.6100
vn -0.7721 0.2079 -0.6005
vn 0.7579 0.0994 -0.6447
vn 0.7845 0.0687 -0.6163
vn 0.7721 0.2079 -0.6005
vn 0.7992 0.1089 0.5912
vn 0.7903 0.0560 0.6102
vn 0.7721 0.2079 0.6005
vn -0.0000 1.0000 -0.0000
vn -0.7261 0.6408 0.2491
vn -0.3446 0.6203 0.7046
vn 0.7261 0.6408 -0.2491
vn 0.3446 0.6203 -0.7046
vn 0.3446 0.6203 0.7046
vn -0.3446 0.6203 -0.7046
vn -0.9933 0.1150 0.0134
vn -0.9933 -0.1150 -0.0134
vn -0.9912 -0.1314 -0.0153
vn -0.1771 -0.0232 -0.9839
vn 0.1771 0.0232 -0.9839
vn 0.4037 0.0024 -0.9149
vn -0.4037 0.0024 0.9149
vn -0.1771 0.0232 0.9839
vn -0.7880 -0.0577 0.6129
vn 0.7880 -0.0577 -0.6129
vn 0.1771 -0.0232 0.9839
vn 0.0008 0.1048 -0.9945
vn 0.0002 0.0004 -1.0000
vn -0.0000 0.0003 -1.0000
vn -0.9966 0.0818 0.0005
vn -0.9949 0.1013 0.0008
vn -1.0000 0.0001 0.0001
vn 0.0001 0.0002 1.0000
vn 0.0009 0.1316 0.9913
vn -0.0000 0.0001 1.0000
vn -0.7861 0.1010 -0.6098
vn -0.7865 0.1017 -0.6092
vn 0.7904 0.1118 0.6023
vn 0.7889 0.1035 0.6057
vn 0.9982 0.0596 -0.0011
vn 0.9948 0.1014 -0.0018
vn 1.0000 0.0002 -0.0002
vn -0.3446 -0.6203 -0.7046
vn -0.7894 -0.0000 -0.6139
vn 0.7877 0.0651 -0.6126
vn 0.7876 0.0666 -0.6126
vn -0.3073 -0.7430 0.5946
vn 0.2962 -0.7447 0.5981
vn 0.2819 -0.7753 -0.5652
vn -0.2918 -0.7510 -0.5923
vn 0.6305 -0.7463 -0.2131
vn 0.0005 0.1138 0.9935
vn -0.6555 -0.7239 0.2151
vn -0.7848 0.0972 0.6120
vn -0.6586 -0.7177 -0.2260
vn 0.6586 -0.7179 0.2256
vn -0.7071 -0.0000 0.7071
vn -0.7071 -0.0000 -0.7071
vn 0.7071 -0.0000 -0.7071
vn 0.7071 -0.0000 0.7071
vn 0.2611 0.0050 -0.9653
vn 0.7024 -0.4887 -0.5174
vn 0.3334 -0.6819 -0.6510
vn 0.7976 -0.6032 0.0064
vn 0.8493 -0.5279 -0.0041
vn 0.8228 0.5683 -0.0059
vn 0.7344 0.4576 -0.5012
vn 0.7024 -0.4887 0.5174
vn 0.2610 0.0050 0.9653
vn 0.3333 -0.6818 0.6511
vn 0.8110 -0.5850 -0.0023
vn 0.3546 0.9350 0.0070
vn 0.8015 0.5980 -0.0000
vn 0.3546 0.9350 -0.0070
vn 0.8228 0.5683 0.0059
vn 0.7344 0.4576 0.5012
vn -0.1154 0.7024 -0.7024
vn -0.1154 -0.7024 0.7024
vn 0.1154 0.7024 0.7024
vn 0.1154 -0.7024 -0.7024
vn 0.0388 0.7205 -0.6924
vn 0.8285 -0.0248 -0.5595
vn 0.5966 0.0377 0.8016
vn -0.1623 -0.0494 0.9855
vn 0.3611 -0.6668 0.6519
vn 0.7208 0.4549 0.5230
vn 0.2134 -0.0000 0.9770
vn 0.7147 -0.4913 0.4979
vn 0.3544 0.9351 0.0070
vn 0.3333 -0.6819 -0.6510
vn 0.2610 0.0050 -0.9653
vn -0.1154 -0.7024 -0.7024
vn -0.1154 0.7024 0.7024
vn 0.1154 0.7024 -0.7024
vn 0.1154 -0.7024 0.7024
vn 0.8355 0.0396 0.5481
vn 0.0131 0.7162 0.6977
vn 0.0415 0.0530 -0.9977
vn 0.2534 0.3376 -0.9065
vn 0.6913 0.0490 -0.7209
vn 0.0824 0.0294 0.9962
vn 0.2800 0.1001 0.9548
vn 0.1401 0.6608 -0.7374
vn -0.0899 0.0204 -0.9957
vn 0.5974 -0.0235 -0.8016
vn 0.0701 -0.9974 0.0138
vn -0.7024 -0.4887 -0.5174
vn -0.2611 0.0050 -0.9653
vn -0.3334 -0.6819 -0.6510
vn -0.7975 -0.6032 0.0064
vn -0.8493 -0.5279 -0.0041
vn -0.8228 0.5683 -0.0059
vn -0.7344 0.4576 -0.5012
vn -0.2610 0.0050 0.9653
vn -0.7024 -0.4887 0.5174
vn -0.3333 -0.6819 0.6511
vn -0.8110 -0.5850 -0.0023
vn -0.8015 0.5980 -0.0000
vn -0.3546 0.9350 0.0070
vn -0.3546 0.9350 -0.0070
vn -0.8228 0.5683 0.0059
vn -0.7344 0.4576 0.5012
vn -0.1404 0.0351 -0.9895
vn -0.1312 0.0361 -0.9907
vn -0.8485 -0.0091 -0.5291
vn -0.0323 0.7192 -0.6941
vn -0.0352 -0.7207 -0.6924
vn -0.0770 -0.0274 0.9967
vn -0.5975 0.0158 0.8017
vn -0.3807 0.6624 0.6452
vn -0.7035 -0.4887 0.5159
vn -0.3339 -0.6820 0.6507
vn -0.8120 -0.5836 -0.0004
vn -0.3339 -0.6821 -0.6506
vn -0.8293 -0.5588 -0.0013
vn -0.8029 0.5961 0.0001
vn -0.7181 0.4892 0.4950
vn -0.7035 -0.4887 -0.5160
vn -0.2610 0.0050 -0.9653
vn -0.8062 -0.5916 0.0021
vn -0.3537 0.9353 -0.0084
vn -0.8141 0.5807 -0.0014
vn -0.7341 0.4567 -0.5025
vn -0.0000 -0.0000 -0.0000
vn -0.5977 -0.0076 0.8016
vn -0.0722 -0.9973 -0.0109
vn -0.5121 -0.5751 -0.6380
vn -0.1163 0.6650 -0.7377
vn 0.2491 -0.4177 -0.8738
vn -0.1555 0.0556 0.9863
vn 0.1555 -0.0556 0.9863
vn 0.2729 -0.0975 0.9571
vn -0.3563 0.4030 -0.8430
vn -0.0138 0.7174 -0.6965
vn -0.8429 0.0358 -0.5369
vn -0.9722 0.0045 -0.2342
vn -0.6827 0.0098 -0.7306
vn -0.9837 -0.0000 -0.1797
vn 0.6520 -0.6882 -0.3184
vn 0.0001 -0.9607 -0.2777
vn -0.0107 -0.5914 -0.8063
vn -0.0061 0.1932 -0.9811
vn -0.5220 0.4459 -0.7271
vn 0.5262 -0.4864 -0.6975
vn 0.9722 0.0045 -0.2341
vn 0.0238 0.9382 -0.3452
vn 0.0051 0.6239 -0.7815
vn -0.0315 0.9398 -0.3404
vn 0.6733 0.0003 -0.7394
vn 0.0163 -0.1208 -0.9925
vn 0.5267 -0.4858 -0.6976
vn 0.9722 0.0045 -0.2342
vn 0.9837 -0.0000 -0.1797
vn -0.6521 -0.6881 -0.3181
vn -0.0126 -0.5887 -0.8082
vn -0.5225 -0.4846 -0.7016
vn -0.6827 0.0098 0.7306
vn -0.9722 0.0045 0.2341
vn -0.9837 -0.0000 0.1797
vn 0.0001 -0.9607 0.2777
vn 0.6520 -0.6882 0.3184
vn -0.0107 -0.5914 0.8063
vn 0.0051 0.6239 0.7815
vn -0.0061 0.1932 0.9811
vn -0.5220 0.4459 0.7271
vn 0.9722 0.0045 0.2341
vn 0.5262 -0.4864 0.6975
vn 0.0238 0.9382 0.3452
vn -0.0315 0.9398 0.3404
vn 0.0163 -0.1208 0.9925
vn 0.6733 0.0003 0.7394
vn 0.9722 0.0045 0.2342
vn 0.5267 -0.4858 0.6976
vn 0.9837 -0.0000 0.1797
vn -0.6521 -0.6881 0.3181
vn -0.0126 -0.5887 0.8082
vn -0.5225 -0.4846 0.7016
vn -0.9722 0.0045 0.2342
vn -0.7894 -0.0000 0.6139
vn -0.0000 -0.8178 -0.5756
vn -0.0000 -0.8178 0.5756
vn -0.7261 0.6408 -0.2491
vn 0.7261 0.6408 0.2491
vn -0.4223 -0.8448 -0.3285
vn 0.4223 -0.8448 0.3285
vn -0.1206 0.8428 -0.5246
vn -0.1206 -0.8428 0.5246
vn 0.1209 0.8419 0.5259
vn 0.1209 -0.8419 -0.5259
vn -0.1205 0.8428 -0.5246
vn 0.1206 -0.8428 0.5246
vn 0.1206 0.8428 -0.5246
vn -0.1209 0.8419 0.5259
vn -0.1209 -0.8419 -0.5259
vn 0.1205 0.8428 -0.5246
vn -0.1206 -0.8428 -0.5246
vn -0.1206 0.8428 0.5246
vn 0.1209 0.8419 -0.5259
vn 0.1209 -0.8419 0.5259
vn 0.1206 0.8428 0.5246
vn 0.1206 -0.8428 -0.5246
vn -0.1209 0.8419 -0.5259
vn -0.1209 -0.8419 0.5259
vn 0.5430 0.8397 -0.0000
vn 0.0883 -0.0000 -0.9961
vn -0.5350 0.8448 -0.0000
vn 0.5419 -0.8397 0.0367
vn -0.5419 0.8397 0.0367
vn -0.5419 -0.8397 -0.0367
vn 0.5418 0.8397 -0.0367
vn 0.5418 -0.8397 0.0367
vn 0.5419 0.8397 -0.0367
vn 0.8433 -0.5375 -0.0000
vn -0.5530 -0.5728 0.6051
vn -0.5418 0.8397 0.0367
vn -0.5419 0.8397 -0.0367
vn 0.5418 -0.8397 -0.0367
vn -0.5419 -0.8397 0.0367
vn 0.5418 0.8397 0.0367
vn -0.5418 0.8397 -0.0367
vn 0.5419 -0.8397 -0.0367
vn -0.5418 -0.8397 0.0367
vn 0.5419 0.8397 0.0367
vn -0.5350 0.8449 -0.0000
vn -0.5660 -0.5751 0.5906
vn -0.5638 0.5760 0.5919
vn 0.0282 0.6986 -0.7150
vn 0.5890 -0.5713 -0.5716
vn 0.0262 -0.6987 -0.7149
vn 0.6033 0.5870 0.5398
vn 0.5799 0.5904 -0.5614
vn 0.5863 -0.5740 0.5716
vn -0.5656 0.5753 -0.5908
vn -0.5660 -0.5751 -0.5906
vn 0.6004 -0.5662 -0.5648
vn 0.5953 0.5695 0.5668
vn 0.5704 0.5948 -0.5663
vn 0.0339 -0.6968 0.7164
vn 0.0315 0.6970 0.7164
vn 0.5854 -0.5922 0.5537
vn 0.5570 0.5842 -0.5904
vn 0.0277 -0.7000 -0.7136
vn 0.0205 0.7005 -0.7133
vn 0.5948 0.5698 0.5671
vn 0.6174 -0.5764 -0.5354
vn -0.5644 -0.5756 0.5918
vn -0.5656 0.5751 0.5910
vn 0.5846 -0.5923 0.5544
vn -0.5647 0.5766 -0.5905
vn 0.5712 -0.5792 -0.5816
vn -0.5676 -0.5754 -0.5888
vn 0.6169 -0.5766 0.5357
vn 0.0277 -0.7000 0.7136
vn 0.5563 0.5842 0.5909
vn 0.0205 0.7005 0.7133
vn 0.6091 0.5828 -0.5379
vn -0.0149 0.8323 0.5541
vn -0.0149 -0.8323 -0.5541
vn 0.0149 -0.8322 0.5542
vn 0.0149 0.8322 -0.5542
vn -0.0883 -0.0000 -0.9961
vn -0.5430 0.8397 -0.0000
vn 0.5350 0.8448 -0.0000
vn 0.5530 -0.5728 0.6051
vn -0.8433 -0.5375 -0.0000
vn -0.5418 -0.8397 -0.0367
vn 0.5350 0.8449 -0.0000
vn -0.5419 -0.8397 -0.0366
vn 0.5660 -0.5751 0.5906
vn 0.5638 0.5760 0.5919
vn -0.0282 0.6986 -0.7150
vn -0.5890 -0.5713 -0.5716
vn -0.5799 0.5904 -0.5614
vn -0.6033 0.5870 0.5398
vn -0.5863 -0.5740 0.5716
vn 0.5676 -0.5754 -0.5888
vn 0.5647 0.5766 -0.5905
vn -0.5712 -0.5792 -0.5816
vn -0.6091 0.5828 -0.5379
vn -0.6169 -0.5766 0.5357
vn -0.5563 0.5842 0.5909
vn -0.0277 -0.7000 0.7136
vn -0.0205 0.7005 0.7133
vn -0.0353 -0.6967 -0.7164
vn -0.5905 0.5724 -0.5689
vn -0.0315 0.6970 -0.7164
vn 0.5697 0.5759 0.5864
vn 0.5668 -0.5770 0.5881
vn -0.5640 0.5816 0.5862
vn -0.6072 -0.5797 0.5434
vn -0.5980 -0.5890 -0.5436
vn 0.0148 -0.8323 -0.5541
vn 0.0149 0.8323 0.5541
vn -0.0149 -0.8322 0.5542
vn -0.0149 0.8322 -0.5542
vn 0.6407 0.7652 0.0628
vn -0.7201 -0.6931 0.0313
vn 0.7208 -0.6925 -0.0312
vn -0.6433 0.7631 -0.0630
vn -0.7489 -0.6623 -0.0223
vn -0.0442 0.7224 -0.6900
vn 0.7339 -0.6788 0.0231
vn 0.0491 0.7248 0.6872
vn 0.7280 -0.6849 0.0316
vn -0.6436 0.7628 0.0626
vn -0.7134 -0.7001 -0.0310
vn 0.6405 0.7653 -0.0632
vn 0.6891 0.7229 0.0516
vn 0.0224 -0.6860 0.7272
vn -0.0230 -0.6531 -0.7569
vn -0.6894 0.7232 -0.0417
vn 0.9572 0.2046 -0.2046
vn -0.9993 -0.0015 -0.0378
vn -0.9776 0.2035 -0.0532
vn 0.9776 0.2035 0.0532
vn -0.1134 0.0629 -0.9916
vn 0.1134 0.0629 0.9916
vn 0.9936 0.0015 -0.1127
vn 0.9950 0.0709 0.0709
vn -0.9950 -0.0709 -0.0709
vn 0.9950 0.0709 -0.0709
vn -0.9993 0.0015 -0.0378
vn -0.8462 0.5284 -0.0691
vn 0.9992 -0.0000 0.0408
vn -0.1134 -0.0629 -0.9916
vn 0.1134 -0.0629 0.9916
vn 0.9936 -0.0015 -0.1127
vn 0.9572 0.2046 0.2046
vn -0.9950 0.0709 -0.0709
vn 0.9776 0.2035 -0.0532
vn -0.9776 0.2035 0.0532
vn 0.1134 0.0629 -0.9916
vn -0.1134 0.0629 0.9916
vn -0.9798 0.0034 -0.2001
vn 0.9950 -0.0709 -0.0709
vn 0.9993 -0.0022 0.0378
vn 0.9895 -0.0034 -0.1443
vn 0.9776 -0.2035 -0.0532
vn -0.9776 -0.2035 0.0532
vn 0.1134 -0.0629 -0.9916
vn -0.1134 -0.0629 0.9916
vn -0.9993 -0.0045 -0.0378
vn 0.0038 0.0016 1.0000
vn 0.0021 0.0603 -0.9982
vn 0.2168 0.0008 -0.9762
vn -0.0021 -0.0603 -0.9982
vn -0.2168 -0.0008 -0.9762
vn 0.0021 -0.0009 -1.0000
vn -0.6786 -0.5259 -0.5128
vn 0.0883 -0.0000 0.9961
vn 0.1107 0.7049 -0.7006
vn 0.6810 -0.6481 -0.3410
vn -0.3479 -0.5808 -0.7359
vn 0.9487 0.3161 -0.0000
vn -0.9487 -0.3161 -0.0000
vn 0.6786 -0.5259 -0.5128
vn 0.1108 0.7050 -0.7005
vn 0.6472 -0.6854 -0.3338
vn -0.3479 -0.5808 -0.7360
vn 0.6785 -0.5260 -0.5129
vn -0.2736 -0.6200 -0.7353
vn 0.6248 0.7097 -0.3254
vn 0.6845 -0.6335 -0.3607
vn -0.9021 0.3878 -0.1892
vn 0.2622 0.6324 -0.7289
vn -0.7527 0.6584 0.0023
vn -0.1746 -0.0000 -0.9846
vn 0.1746 -0.0000 0.9846
vn 0.4977 0.5332 -0.6841
vn 0.7544 -0.6075 -0.2489
vn -0.3277 -0.5872 -0.7401
vn 0.7527 -0.6584 -0.0023
vn -0.6670 -0.6946 -0.2696
vn -0.2347 0.6162 -0.7518
vn 0.3153 -0.6479 -0.6934
vn -0.9487 0.3161 -0.0000
vn 0.9487 -0.3161 -0.0000
vn 0.2570 -0.0000 -0.9664
vn -0.6670 -0.6946 -0.2698
vn -0.2349 0.6162 -0.7517
vn -0.0883 -0.0000 0.9961
vn -0.7099 -0.6570 -0.2538
vn -0.5573 0.6763 -0.4818
vn 0.3156 -0.6270 -0.7122
vn 0.6784 0.5260 0.5129
vn -0.6784 -0.5260 -0.5130
vn 0.9912 0.1314 -0.0153
vn -1.0000 0.0001 -0.0000
vn 1.0000 0.0001 -0.0000
vn -0.7880 0.0577 -0.6129
vn -0.4037 -0.0024 -0.9149
vn 0.7880 0.0577 0.6129
vn 0.4037 -0.0024 0.9149
vn -0.9912 0.1314 0.0153
vn -0.7837 0.1055 0.6121
vn 0.0019 0.0760 -0.9971
vn 0.0314 -0.9995 0.0049
vn 0.3525 0.1260 0.9273
vn -0.8329 0.5534 0.0037
vn -0.2729 0.0975 0.9571
vn -0.0000 -0.9609 -0.2769
vn 0.0269 0.9311 -0.3637
vn -0.0000 -0.9609 0.2769
vn 0.0269 0.9311 0.3637
vn -0.0262 -0.6987 -0.7149
vn -0.9572 0.2046 0.2046
vn 0.9572 -0.2046 -0.2046
vn -0.9572 -0.2046 0.2046
vn -0.9936 0.0015 0.1127
vn 0.9993 -0.0015 0.0378
vn -0.9950 -0.0709 0.0709
vn -0.9936 -0.0015 0.1127
vn -0.9967 -0.0000 0.0813
vn 0.8462 -0.5284 -0.0691
vn 0.9993 0.0015 0.0378
vn -0.9572 -0.2046 -0.2046
vn 0.9950 -0.0709 0.0709
vn 0.9752 0.0015 0.2213
vn 0.9798 0.0034 0.2001
vn 0.9776 -0.2035 0.0532
vn -0.9776 -0.2035 -0.0532
vn -0.9950 0.0709 0.0709
vn -0.9895 -0.0034 0.1443
vn -0.0038 -0.0016 1.0000
vn -0.0035 0.3982 -0.9173
vn 0.0332 -0.0016 -0.9994
vn 0.0035 -0.3982 -0.9173
vn -0.0332 0.0016 -0.9994
vn -0.0021 0.0009 -1.0000
vn -0.8008 0.4791 -0.3594
vn -0.3775 -0.0738 0.9230
vn 0.6800 0.7063 -0.1966
vn -0.9072 0.4051 -0.1136
vn -0.4282 -0.1610 0.8892
vn 0.3231 -0.0865 0.9424
vn -0.6786 0.5259 0.5128
vn 0.6800 0.7063 -0.1967
vn -0.9071 0.4052 -0.1136
vn -0.4273 -0.1608 0.8897
vn 0.3239 -0.0864 0.9421
vn -0.6785 0.5260 0.5129
vn -0.4652 0.1847 0.8657
vn 0.5375 -0.1729 0.8253
vn -0.3159 -0.9488 -0.0000
vn 0.3159 0.9488 -0.0000
vn 0.3671 -0.1627 0.9158
vn 0.6786 0.5259 0.5128
vn -0.6859 0.7026 -0.1895
vn 0.8157 0.5772 -0.0387
vn 0.3702 -0.0187 0.9288
vn -0.4367 -0.2124 0.8742
vn 0.6784 -0.5260 -0.5129
vn -0.6784 0.5260 0.5129
vn -0.2570 -0.0000 0.9664
vn -0.6858 0.7027 -0.1896
vn 0.8157 0.5771 -0.0383
vn 0.3697 -0.0189 0.9290
vn -0.4377 -0.2125 0.8736
vn 0.6785 -0.5260 -0.5128
vn -0.6785 0.5259 0.5128
vn 0.6212 0.6645 -0.4154
vn -0.4269 0.1558 0.8908
vn 0.4810 -0.2366 0.8442
vn 0.0010 0.0149 0.9999
vn -0.0557 0.0434 0.9975
vn 0.0211 -0.0183 0.9996
vn -0.9487 -0.3162 -0.0000
vn 0.9487 0.3162 -0.0000
vn 0.1004 -0.0050 0.9949
vn -0.2349 -0.0197 0.9718
vn 0.8941 0.0354 0.4464
vn -0.9773 0.0485 0.2061
vn -0.9716 -0.0304 0.2347
vn -0.9759 -0.0142 0.2178
vn 0.6870 -0.7114 -0.1477
vn 0.8109 -0.5679 -0.1410
vn 0.7119 -0.6882 -0.1400
vt -0.789286 8.947584
vt 1.789286 8.647964
vt 1.859531 8.947584
vt 1.962082 1.157416
vt 1.962082 0.500000
vt -0.962082 1.157416
vt 1.839112 8.639391
vt 2.015557 8.711118
vt 1.839112 8.711118
vt -0.552208 1.570043
vt 0.789479 -0.154984
vt 0.789480 1.570044
vt -1.015557 8.639391
vt -0.839112 8.711118
vt -1.015557 8.711118
vt 1.637175 1.157416
vt 1.637175 0.500000
vt -0.637175 1.157416
vt -0.962082 0.500000
vt -0.637175 0.500000
vt -0.962082 1.565667
vt -0.820764 1.565667
vt 1.820764 1.565667
vt 1.962082 1.565667
vt 1.962082 1.565668
vt 1.820764 1.565667
vt -0.820764 1.565667
vt -0.962082 1.565667
vt -0.502778 -0.886091
vt -0.637175 -0.820764
vt -0.527261 -0.962082
vt 1.502778 1.886091
vt 1.637175 1.820764
vt 1.527261 1.962082
vt 1.527261 -0.962082
vt 1.523436 -0.859531
vt -0.523436 1.859531
vt -0.578071 -0.789286
vt 1.578071 1.789286
vt -0.527261 1.962082
vt -0.523436 -0.859531
vt 1.502778 -0.886091
vt 1.578071 -0.789286
vt 1.789286 8.947584
vt -0.789286 8.647964
vt -0.859531 8.947584
vt 1.502778 8.947584
vt -0.502778 8.647964
vt -0.502778 8.947584
vt 1.886091 8.947584
vt 1.859531 8.647964
vt -0.886091 8.947584
vt -0.859531 8.647964
vt 1.502778 8.647964
vt -0.106120 2.271250
vt 1.106120 -1.867496
vt -0.106120 -1.867496
vt -0.289029 2.291378
vt 1.289028 2.291378
vt -0.289029 -1.899049
vt 1.106120 -1.867496
vt -0.106120 -1.867496
vt 1.820764 8.580070
vt 1.962082 8.580070
vt -0.962082 8.580070
vt -0.820764 8.580070
vt 1.289028 -1.899049
vt 2.015557 8.639391
vt -0.283278 -0.361175
vt 1.283278 -0.361175
vt 1.287801 -0.372093
vt 1.283278 1.361175
vt -0.283278 1.361175
vt -0.287801 1.372093
vt 2.027481 0.469816
vt 2.179389 0.493701
vt 2.179389 0.469816
vt 2.027481 0.493701
vt -1.027481 0.469816
vt -1.179388 0.493701
vt -1.179388 0.469816
vt -0.831263 0.492167
vt 1.831263 0.471350
vt 1.831263 0.492167
vt -1.027481 0.493701
vt -0.831263 0.471350
vt 1.596748 1.064962
vt -0.596748 0.989644
vt 1.596748 0.989644
vt 1.930811 1.064962
vt -0.930811 0.989644
vt 1.930811 0.989644
vt -0.596748 -1.133644
vt 1.596748 -1.133644
vt 1.799581 -0.930811
vt -0.930811 1.064962
vt -0.596748 1.064962
vt -0.799581 0.989644
vt -0.799581 1.064962
vt 1.799581 0.989644
vt 1.799581 1.064962
vt -0.799581 -0.930811
vt 1.524734 1.638378
vt -0.524734 1.558587
vt 1.524734 1.558587
vt 1.831405 1.638378
vt -0.831405 1.558587
vt 1.831405 1.558587
vt -0.524734 -0.999691
vt 1.524734 -0.999691
vt 1.693018 -0.831405
vt -0.831405 1.638378
vt -0.524734 1.638378
vt -0.999691 1.638378
vt -0.999691 1.558587
vt 1.999691 1.558587
vt 1.999691 1.638378
vt -0.693018 -0.831405
vt 1.524734 1.935357
vt -0.524734 1.855566
vt 1.524734 1.855566
vt 1.831405 1.935357
vt -0.831405 1.855566
vt 1.831405 1.855566
vt -0.831405 1.935357
vt -0.524734 1.935357
vt -0.999691 1.935357
vt -0.999691 1.855566
vt 1.999691 1.855566
vt 1.999691 1.935357
vt 0.975537 0.485201
vt 0.955277 0.243788
vt 0.975537 0.243788
vt 0.932486 0.491659
vt 0.912226 0.491659
vt 0.912226 0.368902
vt 0.912226 0.246146
vt 0.592990 0.280730
vt 0.551330 0.192360
vt 0.592990 0.192360
vt 0.412209 0.194076
vt 0.452796 0.276552
vt 0.412209 0.276552
vt 0.071442 0.977495
vt 0.091701 0.736082
vt 0.091701 0.977495
vt 0.912226 0.000633
vt 0.932486 0.000633
vt 0.912226 0.123389
vt 0.933751 0.000633
vt 0.954011 0.246146
vt 0.933751 0.491659
vt 0.509621 0.280730
vt 0.551281 0.192360
vt 0.551281 0.280730
vt 0.452842 0.276552
vt 0.493429 0.194076
vt 0.493429 0.276552
vt 0.701873 0.331895
vt 0.734960 0.364982
vt 0.701873 0.364982
vt 0.667521 0.364982
vt 0.700607 0.331895
vt 0.700607 0.364982
vt 1.633324 0.838500
vt 1.806387 0.824916
vt 1.633324 0.819482
vt 1.753470 0.838500
vt 1.633320 0.502366
vt 1.753470 0.502366
vt 1.633320 0.838500
vt 1.725110 0.838500
vt 1.656599 0.502366
vt 1.725110 0.502366
vt 1.633320 1.725110
vt 1.753470 1.656599
vt 1.633320 1.656599
vt 1.753470 1.725110
vt 1.006785 0.502366
vt 0.938274 0.838500
vt 0.938274 0.502366
vt 1.753470 1.006785
vt 1.633320 0.938274
vt 1.633320 1.006785
vt 1.753470 0.938274
vt 1.806391 1.006785
vt 1.633324 1.656599
vt 1.633324 1.006785
vt 0.955277 0.485201
vt 1.806387 0.835331
vt 1.633324 0.838500
vt 1.633324 0.819482
vt 1.633320 0.502366
vt 1.753470 0.838500
vt 1.753470 0.502366
vt 1.633320 0.838500
vt -0.656599 0.502366
vt -0.679435 0.838500
vt -0.725108 0.502366
vt 1.753470 -0.656599
vt 1.633320 -0.725108
vt 1.633320 -0.656599
vt 1.753470 -0.679435
vt 1.633324 -0.006785
vt 1.806391 -0.006785
vt 1.633324 -0.656597
vt 0.061726 0.838500
vt -0.006783 0.502366
vt 0.061726 0.502366
vt 1.633320 0.061726
vt 1.753470 -0.006783
vt 1.633320 -0.006783
vt 1.753470 0.061726
vt 1.806387 -0.656597
vt 0.726387 0.364982
vt 0.734960 0.331895
vt -0.806391 0.827935
vt -0.633324 0.838500
vt -0.633324 0.819482
vt -0.633320 0.502366
vt -0.753470 0.838500
vt -0.753470 0.502366
vt -0.633320 0.838500
vt 1.656599 0.502366
vt 1.725110 0.838500
vt 1.725110 0.502366
vt -0.753470 1.656599
vt -0.633320 1.725110
vt -0.633320 1.656599
vt -0.753470 1.725110
vt -0.633324 1.006785
vt -0.806391 1.656599
vt -0.633324 1.656599
vt 0.938274 0.838500
vt 1.006783 0.502366
vt 0.938274 0.502366
vt -0.633320 0.938274
vt -0.753470 1.006783
vt -0.633320 1.006785
vt -0.753470 0.938274
vt -0.806391 1.006785
vt 0.551330 0.280730
vt 0.509621 0.192360
vt -0.633320 -0.656599
vt -0.806387 -0.656599
vt -0.633324 -0.006785
vt -0.753466 0.502367
vt -0.633320 0.838501
vt -0.690855 0.838501
vt -0.656599 0.502367
vt -0.725110 0.502367
vt -0.753466 -0.690855
vt -0.633320 -0.725110
vt -0.806387 0.834697
vt -0.633324 0.838501
vt -0.753470 0.838501
vt -0.006785 0.502366
vt 0.061726 0.838501
vt -0.753470 -0.006785
vt -0.633320 0.061726
vt -0.633320 -0.006785
vt -0.753470 0.061726
vt 0.439913 0.859578
vt 0.419613 0.617687
vt 0.439913 0.617687
vt 0.114533 0.955094
vt 0.134833 0.736082
vt 0.134833 0.845588
vt 0.216226 0.498321
vt 0.127045 0.501944
vt 0.095730 0.500612
vt 0.389587 0.424310
vt 0.350645 0.323979
vt 0.389587 0.323979
vt 0.808499 0.819776
vt 0.804742 0.917394
vt 0.800986 0.819776
vt 0.790941 0.819776
vt 0.787185 0.924097
vt 0.783428 0.819776
vt 0.441179 0.859578
vt 0.461479 0.617687
vt 0.461479 0.859578
vt 0.134833 0.955094
vt 0.113267 0.955094
vt 0.092967 0.845588
vt 0.113267 0.736082
vt 0.003764 0.729875
vt 0.093233 0.725797
vt 0.124754 0.727019
vt 0.350077 0.323979
vt 0.311136 0.424310
vt 0.311136 0.323979
vt 0.925581 0.492925
vt 0.929337 0.590542
vt 0.921824 0.590542
vt 0.795963 0.819776
vt 0.799720 0.924097
vt 0.792207 0.924097
vt 0.000633 0.736082
vt 0.070176 0.954777
vt 0.000633 0.954777
vt 0.888445 0.672563
vt 0.957988 0.916109
vt 0.888445 0.916109
vt 0.486467 0.370425
vt 0.705162 0.613971
vt 0.486467 0.613971
vt 0.486858 0.294243
vt 0.486858 0.075548
vt 0.544185 0.000633
vt 0.837735 0.000633
vt 0.910960 0.301505
vt 0.837735 0.301505
vt 0.890861 0.671297
vt 0.817636 0.370425
vt 0.890861 0.370425
vt 0.618675 0.000633
vt 0.545450 0.369159
vt 0.545450 0.000633
vt 0.887179 0.916108
vt 0.817636 0.672562
vt 0.887179 0.672562
vt 0.216515 0.729875
vt 0.127045 0.725797
vt 0.095525 0.727019
vt 0.004053 0.498321
vt 0.093233 0.501944
vt 0.124548 0.500612
vt 0.925581 0.492925
vt 0.544185 0.369159
vt 0.124753 0.727019
vt 0.216226 0.498321
vt 0.804742 0.917394
vt 0.787185 0.924097
vt 0.113267 0.736082
vt 0.095525 0.727019
vt 0.004053 0.498321
vt 1.527261 8.884278
vt -0.527261 8.711118
vt 1.527261 8.711118
vt -0.962082 8.884278
vt -0.820764 8.711118
vt -0.962082 8.711118
vt -0.820764 8.884278
vt 1.820764 8.711118
vt -0.527261 8.884278
vt 1.820764 8.884278
vt 1.831405 2.061057
vt 1.999691 2.140847
vt 1.831405 2.140847
vt -0.831405 2.061057
vt -0.999691 2.140847
vt -0.999691 2.061057
vt 1.999691 2.061057
vt -0.831405 2.140847
vt -0.524734 2.140847
vt 1.524734 2.061057
vt -0.524734 2.061057
vt 1.524734 2.140847
vt 1.831405 2.300006
vt 1.999691 2.379797
vt 1.831405 2.379797
vt -0.831405 2.300006
vt -0.999691 2.379797
vt -0.999691 2.300006
vt 1.999691 2.300006
vt -0.831405 2.379797
vt -0.524734 2.379797
vt 1.524734 2.300006
vt -0.524734 2.300006
vt 1.524734 2.379797
vt 1.831405 2.538957
vt 1.999691 2.618747
vt 1.831405 2.618747
vt -0.831405 2.538957
vt -0.999691 2.618747
vt -0.999691 2.538957
vt 1.999691 2.538957
vt -0.831405 2.618747
vt -0.524734 2.618747
vt 1.524734 2.538957
vt -0.524734 2.538957
vt 1.524734 2.618747
vt 1.831405 2.777907
vt 1.999691 2.857697
vt 1.831405 2.857697
vt -0.831405 2.777907
vt -0.999691 2.857697
vt -0.999691 2.777907
vt 1.999691 2.777907
vt -0.831405 2.857697
vt -0.524734 2.857697
vt 1.524734 2.777907
vt -0.524734 2.777907
vt 1.524734 2.857697
vt 1.831405 3.016857
vt 1.999691 3.096648
vt 1.831405 3.096648
vt -0.831405 3.016857
vt -0.999691 3.096648
vt -0.999691 3.016857
vt 1.999691 3.016857
vt -0.831405 3.096648
vt -0.524734 3.096648
vt 1.524734 3.016857
vt -0.524734 3.016857
vt 1.524734 3.096648
vt 1.831405 3.255806
vt 1.999691 3.335597
vt 1.831405 3.335597
vt -0.831405 3.255806
vt -0.999691 3.335597
vt -0.999691 3.255806
vt 1.999691 3.255806
vt -0.831405 3.335597
vt -0.524734 3.335597
vt 1.524734 3.255806
vt -0.524734 3.255806
vt 1.524734 3.335597
vt 1.831405 3.494756
vt 1.999691 3.574547
vt 1.831405 3.574547
vt -0.831405 3.494756
vt -0.999691 3.574547
vt -0.999691 3.494756
vt 1.999691 3.494756
vt -0.831405 3.574547
vt -0.524734 3.574547
vt 1.524734 3.494756
vt -0.524734 3.494756
vt 1.524734 3.574547
vt 1.831405 3.733707
vt 1.999691 3.813497
vt 1.831405 3.813497
vt -0.831405 3.733707
vt -0.999691 3.813497
vt -0.999691 3.733707
vt 1.999691 3.733707
vt -0.831405 3.813497
vt -0.524734 3.813497
vt 1.524734 3.733707
vt -0.524734 3.733707
vt 1.524734 3.813497
vt 1.831405 3.972656
vt 1.999691 4.052447
vt 1.831405 4.052447
vt -0.831405 3.972656
vt -0.999691 4.052447
vt -0.999691 3.972656
vt 1.999691 3.972656
vt -0.831405 4.052447
vt -0.524734 4.052447
vt 1.524734 3.972656
vt -0.524734 3.972656
vt 1.524734 4.052447
vt 1.831405 4.211607
vt 1.999691 4.291397
vt 1.831405 4.291397
vt -0.831405 4.211607
vt -0.999691 4.291397
vt -0.999691 4.211607
vt 1.999691 4.211607
vt -0.831405 4.291397
vt -0.524734 4.291397
vt 1.524734 4.211607
vt -0.524734 4.211607
vt 1.524734 4.291397
vt 1.831405 4.450557
vt 1.999691 4.530347
vt 1.831405 4.530347
vt -0.831405 4.450557
vt -0.999691 4.530347
vt -0.999691 4.450557
vt 1.999691 4.450557
vt -0.831405 4.530347
vt -0.524734 4.530347
vt 1.524734 4.450557
vt -0.524734 4.450557
vt 1.524734 4.530347
vt 1.831405 4.689507
vt 1.999691 4.769297
vt 1.831405 4.769297
vt -0.831405 4.689507
vt -0.999691 4.769297
vt -0.999691 4.689507
vt 1.999691 4.689507
vt -0.831405 4.769297
vt -0.524734 4.769297
vt 1.524734 4.689507
vt -0.524734 4.689507
vt 1.524734 4.769297
vt 1.831405 4.928457
vt 1.999691 5.008248
vt 1.831405 5.008248
vt -0.831405 4.928457
vt -0.999691 5.008248
vt -0.999691 4.928457
vt 1.999691 4.928457
vt -0.831405 5.008248
vt -0.524734 5.008248
vt 1.524734 4.928457
vt -0.524734 4.928457
vt 1.524734 5.008248
vt 1.831405 5.167407
vt 1.999691 5.247198
vt 1.831405 5.247198
vt -0.831405 5.167407
vt -0.999691 5.247198
vt -0.999691 5.167407
vt 1.999691 5.167407
vt -0.831405 5.247198
vt -0.524734 5.247198
vt 1.524734 5.167407
vt -0.524734 5.167407
vt 1.524734 5.247198
vt 1.831405 5.406357
vt 1.999691 5.486148
vt 1.831405 5.486148
vt -0.831405 5.406357
vt -0.999691 5.486148
vt -0.999691 5.406357
vt 1.999691 5.406357
vt -0.831405 5.486148
vt -0.524734 5.486148
vt 1.524734 5.406357
vt -0.524734 5.406357
vt 1.524734 5.486148
vt 1.831405 5.645308
vt 1.999691 5.725098
vt 1.831405 5.725098
vt -0.831405 5.645308
vt -0.999691 5.725098
vt -0.999691 5.645308
vt 1.999691 5.645308
vt -0.831405 5.725098
vt -0.524734 5.725098
vt 1.524734 5.645308
vt -0.524734 5.645308
vt 1.524734 5.725098
vt 1.831405 5.884257
vt 1.999691 5.964048
vt 1.831405 5.964048
vt -0.831405 5.884257
vt -0.999691 5.964048
vt -0.999691 5.884257
vt 1.999691 5.884257
vt -0.831405 5.964048
vt -0.524734 5.964048
vt 1.524734 5.884257
vt -0.524734 5.884257
vt 1.524734 5.964048
vt 1.831405 6.123208
vt 1.999691 6.202998
vt 1.831405 6.202998
vt -0.831405 6.123208
vt -0.999691 6.202998
vt -0.999691 6.123208
vt 1.999691 6.123208
vt -0.831405 6.202998
vt -0.524734 6.202998
vt 1.524734 6.123208
vt -0.524734 6.123208
vt 1.524734 6.202998
vt 1.831405 6.362157
vt 1.999691 6.441948
vt 1.831405 6.441948
vt -0.831405 6.362157
vt -0.999691 6.441948
vt -0.999691 6.362157
vt 1.999691 6.362157
vt -0.831405 6.441948
vt -0.524734 6.441948
vt 1.524734 6.362157
vt -0.524734 6.362157
vt 1.524734 6.441948
vt 1.831405 6.601107
vt 1.999691 6.680898
vt 1.831405 6.680898
vt -0.831405 6.601107
vt -0.999691 6.680898
vt -0.999691 6.601107
vt 1.999691 6.601107
vt -0.831405 6.680898
vt -0.524734 6.680898
vt 1.524734 6.601107
vt -0.524734 6.601107
vt 1.524734 6.680898
vt 1.831405 6.840057
vt 1.999691 6.919848
vt 1.831405 6.919848
vt -0.831405 6.840057
vt -0.999691 6.919848
vt -0.999691 6.840057
vt 1.999691 6.840057
vt -0.831405 6.919848
vt -0.524734 6.919848
vt 1.524734 6.840057
vt -0.524734 6.840057
vt 1.524734 6.919848
vt 1.831405 7.079008
vt 1.999691 7.158798
vt 1.831405 7.158798
vt -0.831405 7.079008
vt -0.999691 7.158798
vt -0.999691 7.079008
vt 1.999691 7.079008
vt -0.831405 7.158798
vt -0.524734 7.158798
vt 1.524734 7.079008
vt -0.524734 7.079008
vt 1.524734 7.158798
vt 1.831405 7.317957
vt 1.999691 7.397748
vt 1.831405 7.397748
vt -0.831405 7.317957
vt -0.999691 7.397748
vt -0.999691 7.317957
vt 1.999691 7.317957
vt -0.831405 7.397748
vt -0.524734 7.397748
vt 1.524734 7.317957
vt -0.524734 7.317957
vt 1.524734 7.397748
vt 1.831405 7.556908
vt 1.999691 7.636698
vt 1.831405 7.636698
vt -0.831405 7.556908
vt -0.999691 7.636698
vt -0.999691 7.556908
vt 1.999691 7.556908
vt -0.831405 7.636698
vt -0.524734 7.636698
vt 1.524734 7.556908
vt -0.524734 7.556908
vt 1.524734 7.636698
vt 1.831405 7.795858
vt 1.999691 7.875648
vt 1.831405 7.875648
vt -0.831405 7.795858
vt -0.999691 7.875648
vt -0.999691 7.795858
vt 1.999691 7.795858
vt -0.831405 7.875648
vt -0.524734 7.875648
vt 1.524734 7.795858
vt -0.524734 7.795858
vt 1.524734 7.875648
vt 1.831405 8.034807
vt 1.999691 8.114599
vt 1.831405 8.114599
vt -0.831405 8.034807
vt -0.999691 8.114599
vt -0.999691 8.034807
vt 1.999691 8.034807
vt -0.831405 8.114599
vt -0.524734 8.114599
vt 1.524734 8.034807
vt -0.524734 8.034807
vt 1.524734 8.114599
vt 1.831405 8.273758
vt 1.999691 8.353548
vt 1.831405 8.353548
vt -0.831405 8.273758
vt -0.999691 8.353548
vt -0.999691 8.273758
vt 1.999691 8.273758
vt -0.831405 8.353548
vt -0.524734 8.353548
vt 1.524734 8.273758
vt -0.524734 8.273758
vt 1.524734 8.353548
vt -0.839112 8.639391
vt -0.553415 8.711118
vt 1.553415 8.639391
vt -0.553415 8.639391
vt 1.553415 8.711118
vt 1.962082 8.711118
vt 1.962082 8.884278
vt -0.690650 1.839112
vt -0.553415 2.015557
vt -0.637175 1.820764
vt 1.690650 1.839112
vt 1.553415 2.015557
vt 1.690650 -0.839112
vt 1.553415 -1.015557
vt 1.637175 -0.820764
vt -0.690650 -0.839112
vt -0.553415 -1.015557
vt -0.798827 8.679403
vt -0.842701 1.606814
vt -0.842702 8.679403
vt -0.798827 1.606814
vt -0.934212 8.679403
vt -0.978087 1.606814
vt -0.978087 8.679403
vt -0.934212 1.606814
vt 1.842701 1.606814
vt 1.798827 8.679403
vt 1.842702 8.679403
vt 1.798827 1.606814
vt 1.978087 1.606814
vt 1.934212 8.679403
vt 1.978087 8.679403
vt 1.934212 1.606814
vt 1.712543 8.661261
vt 1.535294 1.605472
vt 1.535294 8.661261
vt 1.712543 1.605472
vt 1.535294 1.605472
vt 1.712543 0.500000
vt 1.535294 0.484038
vt 1.535294 0.515962
vt 1.712543 0.562809
vt 1.535294 0.546848
vt 1.535294 0.578771
vt 1.712543 1.605472
vt 1.712543 0.437191
vt 1.535294 0.421229
vt 1.535294 0.453152
vt 0.782527 2.163772
vt 0.217473 2.048946
vt 0.217473 2.163772
vt 1.534414 2.163772
vt 1.747229 2.048946
vt 1.534413 2.048946
vt 0.245945 2.163772
vt 0.768291 2.048946
vt 0.768291 2.163772
vt 1.761465 0.768291
vt 1.763977 0.234221
vt 1.534414 0.217473
vt 1.534414 2.163772
vt 1.763977 2.048946
vt 1.767566 2.163772
vt 0.782527 4.076048
vt 0.782527 3.961222
vt 0.217473 4.076048
vt 1.534414 4.076048
vt 1.763977 3.961222
vt 1.534414 3.961222
vt 0.245945 4.076048
vt 0.754055 3.961222
vt 0.754055 4.076048
vt 1.534414 3.961222
vt 1.764590 4.076048
vt 1.534414 4.076048
vt 1.534414 0.782527
vt 1.763977 0.765779
vt 1.764750 0.234994
vt 1.747229 5.988324
vt 1.534414 5.873497
vt 1.534414 5.988324
vt 0.234834 5.988323
vt 0.762720 5.873497
vt 0.771576 5.988324
vt 0.217473 5.873497
vt 0.217473 5.988324
vt 0.782527 5.988324
vt 1.534414 5.873497
vt 1.747229 5.988324
vt 1.534414 5.988324
vt 1.534414 0.217473
vt 1.767036 0.762720
vt 1.764751 0.234994
vt 1.534415 7.900599
vt 1.761466 7.785773
vt 1.534414 7.785773
vt 1.761466 0.768291
vt 1.767037 0.237280
vt 1.534414 0.782527
vt 0.782527 7.785773
vt 0.217473 7.900599
vt 0.782527 7.900599
vt 1.534415 7.785773
vt 1.758181 7.900599
vt 1.534415 7.900599
vt 0.245945 7.785773
vt 0.754055 7.900599
vt 0.245945 7.900599
vt 0.348208 2.584093
vt 0.651792 -1.597530
vt 0.348208 -1.597530
vt 0.651792 2.584093
vt -0.535294 1.605472
vt -0.712543 8.661261
vt -0.535294 8.661261
vt -0.712543 1.605472
vt -0.535294 1.605472
vt -0.535294 0.484038
vt -0.712543 0.500000
vt -0.535294 0.515962
vt -0.535294 0.546848
vt -0.712543 0.562809
vt -0.535294 0.578771
vt -0.712543 1.605472
vt -0.535294 0.421229
vt -0.712543 0.437191
vt -0.535294 0.453152
vt -0.534414 2.163772
vt -0.747229 2.048946
vt -0.747229 2.163772
vt -0.534414 0.217473
vt -0.763977 0.234221
vt -0.761465 0.768291
vt -0.534414 2.163772
vt -0.763977 2.048946
vt -0.534414 2.048946
vt -0.534414 4.076048
vt -0.761465 3.961222
vt -0.767566 4.076048
vt -0.534414 0.782527
vt -0.767036 0.237280
vt -0.761465 0.768291
vt -0.758180 4.076048
vt -0.534414 3.961222
vt -0.534414 4.076048
vt 0.754055 4.076047
vt 0.245945 3.961222
vt 0.245945 4.076048
vt -0.534414 5.873497
vt -0.747229 5.988324
vt -0.534414 5.988324
vt 0.217473 5.873497
vt -0.747229 5.988324
vt -0.534414 5.873497
vt -0.534414 5.988324
vt 0.765166 5.988324
vt 0.234994 5.873497
vt 0.228424 5.988324
vt -0.764751 0.234994
vt -0.767036 0.762720
vt -0.534414 0.217473
vt -0.534415 7.900599
vt -0.761466 7.785773
vt -0.767567 7.900599
vt -0.534414 0.782527
vt -0.767037 0.237280
vt -0.761466 0.768291
vt -0.758181 7.900599
vt -0.534415 7.785773
vt -0.534415 7.900599
vt 0.754055 7.900598
vt 0.245945 7.785773
vt 0.158669 0.983496
vt 0.246056 0.761977
vt 0.158669 0.761977
vt 0.246056 0.983496
vt 0.203469 0.983496
vt 0.201278 0.983496
vt 0.204238 0.983496
vt 0.263062 0.761977
vt 0.131459 0.761977
vt 0.203886 0.983496
vt 0.141663 0.761977
vt 0.273265 0.761977
vt 1.782152 8.684408
vt 1.508273 8.968443
vt 1.508273 8.684408
vt 1.782152 0.200508
vt 1.508273 0.799492
vt 1.508273 0.200508
vt 1.782152 8.968443
vt 1.782152 0.799492
vt 0.799492 8.968443
vt 0.200508 8.684408
vt 0.200508 8.968443
vt 0.799492 8.684408
vt 0.799492 8.968443
vt -0.502732 8.684408
vt -0.776611 8.968443
vt -0.776611 8.684408
vt -0.502732 0.200508
vt -0.776611 0.799492
vt -0.776611 0.200508
vt -0.502732 8.968443
vt -0.502732 0.799492
vt 0.350045 0.761655
vt 0.349578 0.739763
vt 0.352447 0.739763
vt 0.346708 0.739763
vt 0.338908 0.730684
vt 0.339864 0.752576
vt 0.336995 0.752576
vt 0.366793 0.761656
vt 0.367527 0.739763
vt 0.369662 0.761656
vt 0.326953 0.752576
vt 0.325518 0.730683
vt 0.328387 0.730684
vt 0.964950 0.369881
vt 0.959067 0.669121
vt 0.959067 0.369881
vt 0.234072 0.730684
vt 0.227455 0.756001
vt 0.227455 0.730684
vt 0.194371 0.756001
vt 0.200988 0.730683
vt 0.200988 0.756001
vt 0.103642 0.750927
vt 0.114868 0.730684
vt 0.114868 0.750927
vt 0.126093 0.730684
vt 0.126093 0.750927
vt 0.959067 0.669121
vt 0.953184 0.968360
vt 0.953184 0.669121
vt 0.406963 0.761656
vt 0.408398 0.739763
vt 0.409832 0.761656
vt 0.376134 0.761656
vt 0.375401 0.739763
vt 0.378270 0.739763
vt 0.365359 0.761656
vt 0.363924 0.739763
vt 0.366793 0.739763
vt 0.329822 0.730684
vt 0.331256 0.752576
vt 0.328387 0.752576
vt 0.953184 0.369881
vt 0.959067 0.669121
vt 0.953184 0.669121
vt 0.220838 0.756000
vt 0.227455 0.730683
vt 0.227455 0.756000
vt 0.216022 0.756001
vt 0.214221 0.730683
vt 0.220838 0.730683
vt 0.183145 0.730684
vt 0.194371 0.750927
vt 0.183145 0.750927
vt 0.171919 0.730684
vt 0.171919 0.750927
vt 0.947300 0.669121
vt 0.953184 0.968360
vt 0.947300 0.968360
vt 0.386878 0.739763
vt 0.388313 0.761656
vt 0.389747 0.739763
vt 0.348143 0.761655
vt 0.367527 0.739763
vt 0.411267 0.761656
vt 0.412702 0.739763
vt 0.409832 0.739763
vt 0.311171 0.730683
vt 0.312606 0.752576
vt 0.314041 0.730684
vt 0.485881 0.745646
vt 0.485213 0.739763
vt 0.483878 0.745646
vt 0.953184 0.669121
vt 0.947300 0.669121
vt 0.474413 0.761656
vt 0.474846 0.739763
vt 0.473979 0.739763
vt 0.379705 0.761656
vt 0.381140 0.739763
vt 0.378270 0.739763
vt 0.376836 0.761656
vt 0.959067 0.669121
vt 0.959067 0.369881
vt 0.220838 0.730683
vt 0.959067 0.968360
vt 0.953184 0.669121
vt 0.997330 0.369881
vt 0.995995 0.669121
vt 0.997998 0.669121
vt 0.000000 0.606420
vt 1.000000 0.393580
vt 0.000000 0.393580
vt 0.006477 0.599943
vt 0.006477 0.400057
vt 0.993523 0.400057
vt 1.000000 0.606420
vt 0.993523 0.599943
vt 0.377159 0.551905
vt 0.617666 0.010559
vt 0.617666 0.551905
vt 0.288838 0.000000
vt 0.288838 0.278225
vt 0.235754 0.000000
vt 0.221758 0.136589
vt 0.207762 0.000000
vt 0.179770 0.136589
vt 0.193766 0.000000
vt 0.207762 0.136589
vt 0.880988 0.494173
vt 0.790408 0.566565
vt 0.791644 0.495872
vt 0.091588 0.000000
vt 0.085289 0.413348
vt 0.078991 0.000000
vt 0.154575 0.000000
vt 0.148277 0.413348
vt 0.141978 0.000000
vt 0.283150 0.000000
vt 0.277461 0.278225
vt 0.880986 0.494172
vt 0.171372 0.413348
vt 0.167173 0.000000
vt 0.179770 0.000000
vt 0.283151 0.000000
vt 0.277462 0.278225
vt 0.879110 0.563374
vt 0.790421 0.567545
vt 0.975842 0.527546
vt 0.886987 0.586839
vt 0.884980 0.498360
vt 0.283150 0.000000
vt 0.277462 0.278225
vt 0.104186 0.000000
vt 0.104186 0.413348
vt 0.207762 -0.000000
vt 0.207762 0.136589
vt 0.179770 0.000000
vt 0.885847 0.538579
vt 0.975758 0.588144
vt 0.975841 0.528957
vt 0.148277 0.413348
vt 0.144678 0.000000
vt 0.228634 0.136589
vt 0.198431 0.000000
vt 0.790408 0.566566
vt 0.881965 0.494477
vt 0.085289 0.413348
vt 0.148277 0.413348
vt 0.300144 0.000000
vt 0.296422 0.136589
vt 0.303866 0.136589
vt 0.790408 0.566566
vt 0.881965 0.494477
vt 0.221758 0.136589
vt 0.193766 0.000000
vt 0.790408 0.566566
vt 0.879139 0.529083
vt 0.247129 0.278225
vt 0.250921 0.000000
vt 0.243337 0.000000
vt 0.273671 0.000000
vt 0.279358 0.278225
vt 0.285047 0.000000
vt -0.552208 -0.154984
vt -0.527261 1.565667
vt 1.527261 1.565667
vt 1.523436 1.859531
vt -0.578071 1.789286
vt -0.502778 1.886091
vt -0.886091 8.647964
vt 1.886091 8.647964
vt -0.289029 -1.899049
vt 1.289028 -1.899049
vt 1.106120 2.271250
vt 1.361175 -0.283278
vt -0.361175 1.283278
vt 1.799581 1.930811
vt -0.799581 1.930811
vt 1.596748 2.133644
vt -0.596748 2.133644
vt 1.693018 1.831405
vt -0.693018 1.831405
vt 1.524734 1.999691
vt -0.524734 1.999691
vt 0.954011 0.368902
vt 0.954011 0.491659
vt 0.452796 0.194076
vt 0.071442 0.736082
vt 0.954011 0.000633
vt 0.954011 0.123389
vt 0.452842 0.194076
vt 0.667521 0.331895
vt 1.806387 1.656599
vt 1.656599 0.838500
vt 1.006785 0.838500
vt 1.753470 -0.725108
vt -0.006783 0.838500
vt 0.692035 0.364982
vt 1.656599 0.838500
vt 1.006783 0.838500
vt -0.753466 0.838501
vt -0.633320 -0.690855
vt -0.753466 -0.725110
vt -0.753466 -0.656599
vt -0.806387 -0.006785
vt -0.006785 0.838501
vt 0.419613 0.859578
vt 0.114533 0.736082
vt 0.092967 0.736082
vt 0.350645 0.424310
vt 0.441179 0.617687
vt 0.092967 0.955094
vt 0.350077 0.424310
vt 0.070176 0.736082
vt 0.957988 0.672563
vt 0.705162 0.370425
vt 0.243312 0.075548
vt 0.243312 0.000633
vt 0.243312 0.369159
vt 0.243312 0.294243
vt 0.910960 0.000633
vt 0.817636 0.671297
vt 0.618675 0.369159
vt 0.817636 0.916108
vt 0.500000 8.661261
vt 0.515962 1.605472
vt 0.484038 1.605472
vt 0.562809 8.661261
vt 0.578771 1.605472
vt 0.546848 1.605472
vt 0.437191 8.661261
vt 0.453152 1.605472
vt 0.421229 1.605472
vt 1.534414 0.782527
vt 1.767566 0.237810
vt 0.782527 2.048946
vt 1.747229 2.163772
vt 0.245945 2.048946
vt 1.534413 0.782527
vt 1.534414 2.048946
vt 1.534414 0.217473
vt 1.761465 0.768291
vt 1.764590 0.234834
vt 1.761465 4.076048
vt 0.217473 3.961222
vt 1.764750 3.961222
vt 0.245945 3.961222
vt 1.534414 0.782527
vt 1.764591 0.234834
vt 1.758180 0.771576
vt 0.782527 5.873497
vt 1.747229 5.873497
vt 1.534414 0.782527
vt 1.534414 0.217473
vt 1.747229 5.873497
vt 1.767567 7.900599
vt 0.754055 7.785773
vt 1.767567 0.762190
vt 1.534415 0.782527
vt 1.758181 0.228424
vt 1.534415 0.217473
vt 0.217473 7.785773
vt 1.767037 7.785773
vt -0.767566 0.237810
vt -0.761465 0.768291
vt -0.534414 0.782527
vt -0.534413 2.048946
vt -0.534413 0.782527
vt -0.767566 2.163772
vt -0.534414 0.217473
vt -0.767566 0.762190
vt -0.534414 3.961222
vt 0.754055 3.961222
vt -0.758180 0.228424
vt -0.767036 3.961222
vt -0.747229 5.873497
vt -0.534414 0.782527
vt -0.534414 0.782527
vt -0.758180 0.228424
vt -0.764590 0.765166
vt -0.747229 5.873497
vt -0.534415 0.217473
vt -0.534415 0.782527
vt -0.767567 0.762190
vt -0.534414 7.785773
vt -0.758181 0.228424
vt -0.767037 7.785773
vt 0.193689 0.761977
vt 0.261881 0.983496
vt 0.130504 0.983496
vt 0.211154 0.761977
vt 0.132596 0.983496
vt 0.271240 0.983496
vt 0.158669 0.983496
vt 0.199924 0.761977
vt 0.204819 0.761977
vt 0.799492 8.684408
vt 0.636211 0.739757
vt 0.636645 0.761650
vt 0.635778 0.761650
vt 0.171429 0.730684
vt 0.171863 0.752576
vt 0.170996 0.752576
vt 0.312606 0.752576
vt 0.643149 0.761650
vt 0.642716 0.739757
vt 0.643583 0.739757
vt 0.964950 0.669121
vt 0.234072 0.756001
vt 0.194371 0.730683
vt 0.103642 0.730684
vt 0.345274 0.739763
vt 0.346708 0.761656
vt 0.343839 0.761656
vt 0.478315 0.761656
vt 0.477448 0.761656
vt 0.477882 0.739763
vt 0.379705 0.761655
vt 0.321692 0.752576
vt 0.319779 0.730683
vt 0.322649 0.730683
vt 0.384009 0.739763
vt 0.386878 0.739763
vt 0.385444 0.761656
vt 0.316910 0.752576
vt 0.314041 0.752576
vt 0.315475 0.730684
vt 0.267966 0.756000
vt 0.263834 0.756000
vt 0.265900 0.730683
vt 0.194371 0.730684
vt 0.338908 0.730684
vt 0.326953 0.752576
vt 0.408398 0.739763
vt 0.321214 0.752576
vt 0.365837 0.761656
vt 0.384742 0.761656
vt 0.315475 0.730684
vt 0.214221 0.756001
vt 0.377159 0.010559
vt 0.326498 0.614949
vt 0.238172 0.612871
vt 0.237558 0.611554
vt 0.877031 0.489411
vt 0.879791 0.037329
vt 0.888118 0.045156
vt 0.933500 0.961529
vt 0.888446 0.541387
vt 0.877380 0.562347
vt 0.975841 0.528114
vt 0.887015 0.586901
vt 0.885083 0.498427
vt 0.874539 0.490605
vt 0.809349 0.008634
vt 0.915620 0.075286
vt 0.851621 0.984313
vt 0.929894 0.961317
vt 0.260313 0.426973
vt 0.278488 0.004109
vt 0.424384 0.004331
vt 0.379455 0.468093
vt 0.741159 0.490613
vt 0.698978 0.081328
vt 0.262296 0.000000
vt 0.266088 0.278225
vt 0.258504 0.278225
vt 0.221758 0.000000
vt 0.235754 0.136589
vt 0.193766 0.136589
vt 0.179770 0.000000
vt 0.877384 0.562350
vt 0.975841 0.528115
vt 0.886988 0.586863
vt 0.885133 0.498393
vt 0.876722 0.489580
vt 0.809350 0.008635
vt 0.915623 0.075276
vt 0.851729 0.984322
vt 0.928980 0.960752
vt 0.260313 0.426973
vt 0.278473 0.004141
vt 0.424368 0.004301
vt 0.379043 0.468093
vt 0.741173 0.490646
vt 0.698975 0.081334
vt 0.107965 0.000000
vt 0.116783 0.413348
vt 0.104186 0.413348
vt 0.881051 0.494177
vt 0.915630 0.075272
vt 0.873719 0.490825
vt 0.740897 0.490574
vt 0.809345 0.008638
vt 0.853285 0.983815
vt 0.931211 0.960721
vt 0.260313 0.426973
vt 0.278474 0.004140
vt 0.424367 0.004300
vt 0.377661 0.468984
vt 0.701146 0.076754
vt 0.173472 0.413348
vt 0.110484 0.000000
vt 0.262295 0.000000
vt 0.875512 0.489715
vt 0.935676 0.961132
vt 0.423621 0.004323
vt 0.424512 0.005397
vt 0.442604 0.426970
vt 0.404540 0.467897
vt 0.263813 0.278225
vt 0.262296 0.000000
vt 0.878970 0.563196
vt 0.887032 0.499586
vt 0.888562 0.586358
vt 0.975841 0.528119
vt 0.806626 0.006319
vt 0.877135 0.489372
vt 0.919279 0.081369
vt 0.851529 0.983905
vt 0.930770 0.961421
vt 0.424384 0.004332
vt 0.278487 0.004108
vt 0.260313 0.426972
vt 0.379419 0.468092
vt 0.702654 0.075335
vt 0.740994 0.490692
vt 0.281255 0.278225
vt 0.279359 0.000000
vt 0.273671 0.278225
vt 0.193766 0.136589
vt 0.878968 0.563197
vt 0.887030 0.499534
vt 0.888563 0.586340
vt 0.975841 0.528118
vt 0.806622 0.006329
vt 0.877159 0.489359
vt 0.919316 0.081362
vt 0.851299 0.984892
vt 0.930849 0.961424
vt 0.424368 0.004299
vt 0.278473 0.004138
vt 0.260314 0.426975
vt 0.379007 0.468094
vt 0.702652 0.075336
vt 0.739343 0.489995
vt 0.078991 0.413348
vt 0.091588 0.413348
vt 0.085289 0.000000
vt 0.141978 0.413348
vt 0.154575 0.413348
vt 0.148277 0.000000
vt 0.283151 0.000000
vt 0.326457 0.570885
vt 0.238054 0.526257
vt 0.237915 0.612128
vt 0.739243 0.489274
vt 0.876522 0.489734
vt 0.882578 0.041052
vt 0.735566 0.038924
vt 0.852569 0.983518
vt 0.975841 0.528118
vt 0.886695 0.539239
vt 0.930809 0.960853
vt 0.424368 0.004302
vt 0.278473 0.004140
vt 0.260313 0.426971
vt 0.379007 0.468094
vt 0.605550 0.947755
vt 0.386608 0.999581
vt 0.583777 0.989946
vt 0.605533 0.947826
vt 0.386590 0.999582
vt 0.583778 0.989945
vt 0.605536 0.947797
vt 0.386611 0.999581
vt 0.583777 0.989946
vt 0.605526 0.947850
vt 0.386590 0.999582
vt 0.583778 0.989946
vt 0.605554 0.947747
vt 0.386590 0.999582
vt 0.605554 0.947747
vt 0.386611 0.999581
vt 0.583777 0.989946
s 1
usemtl GT_MC_Glass_Facade
f 4/10/6 1/11/6 2/12/6
f 41/55/42 15/56/43 32/57/44
f 53/58/45 45/59/46 31/60/47
f 34/61/48 33/55/49 11/62/50
f 47/59/55 50/58/56 29/67/57
f 4/10/6 3/1042/6 1/11/6
f 29/67/57 50/58/56 17/1050/424
f 31/60/47 45/59/46 13/1051/423
f 34/61/48 30/1052/67 33/55/49
f 41/55/42 48/1052/431 15/56/43
usemtl GT_MC_Tiling_X_Concrete
f 836/69/62 49/70/63 43/71/7
f 834/72/64 44/73/65 40/74/58
f 45/75/51 44/76/65 41/77/52
f 48/77/60 835/78/66 47/75/61
f 50/79/54 49/80/63 30/81/53
f 836/82/62 30/83/67 49/84/63
f 52/85/68 33/81/69 836/80/62
f 834/84/64 41/86/42 44/82/65
f 46/78/70 53/79/45 52/85/68
f 51/85/71 47/75/55 835/78/66
f 51/1053/71 43/71/7 49/70/63
f 46/1054/70 40/74/58 44/73/65
f 45/75/51 46/78/70 44/76/65
f 48/77/60 834/76/64 835/78/66
f 50/79/54 51/85/71 49/80/63
f 836/82/62 33/86/49 30/83/67
f 52/85/68 53/79/430 33/81/69
f 834/84/64 48/83/431 41/86/42
f 46/78/70 45/75/46 53/79/45
f 51/85/71 50/79/56 47/75/55
usemtl GT_MC_Tiling_Dark_Navy_Plaster
f 5/1/1 24/2/2 7/3/3
f 14/4/4 2/5/4 12/6/4
f 42/7/5 832/8/5 837/9/5
f 43/13/7 833/14/8 830/15/8
f 16/16/9 4/17/9 14/18/9
f 18/6/10 3/19/10 16/4/10
f 12/18/11 1/20/11 18/16/11
f 11/21/12 31/22/13 12/6/14
f 13/23/15 32/24/16 14/4/17
f 15/25/18 29/26/19 16/4/20
f 17/27/21 34/28/22 18/6/23
f 6/29/24 20/30/25 19/31/26
f 10/32/24 22/33/27 392/34/28
f 6/29/24 390/35/29 8/36/24
f 7/37/24 20/30/25 5/38/24
f 8/36/24 22/33/27 9/39/24
f 10/32/24 21/40/30 7/37/24
f 23/41/24 28/42/24 27/43/24
f 9/44/31 27/45/32 8/46/33
f 8/47/34 23/48/35 6/49/36
f 10/50/37 26/51/38 9/44/39
f 6/52/36 23/53/35 5/1/40
f 7/49/41 26/54/38 10/47/37
f 32/24/16 45/63/51 41/64/52
f 30/65/53 17/27/21 50/66/54
f 32/24/16 13/23/15 45/63/51
f 40/68/58 831/9/59 839/8/59
f 29/26/19 48/64/60 47/63/61
f 64/87/11 54/88/11 63/89/11
f 68/90/10 62/91/10 67/92/10
f 57/93/24 64/94/24 65/95/24
f 56/96/4 58/92/4 55/91/4
f 60/97/9 66/89/9 59/88/9
f 57/97/72 55/98/72 54/88/72
f 59/88/73 61/99/73 60/97/73
f 67/100/74 69/87/74 68/101/74
f 63/89/75 65/101/75 64/87/75
f 63/94/6 54/93/6 55/102/6
f 80/103/11 70/104/11 79/105/11
f 84/106/10 78/107/10 83/108/10
f 73/109/24 80/110/24 81/111/24
f 72/112/4 74/108/4 71/107/4
f 76/113/9 82/105/9 75/104/9
f 73/114/72 71/107/72 70/115/72
f 75/116/73 77/106/73 76/117/73
f 83/108/74 85/117/74 84/106/74
f 79/115/75 81/112/75 80/114/75
f 79/110/6 70/109/6 71/118/6
f 96/119/11 86/120/11 95/121/11
f 100/122/10 94/123/10 99/124/10
f 89/109/24 96/110/24 97/111/24
f 88/125/4 90/124/4 87/123/4
f 92/126/9 98/121/9 91/120/9
f 89/127/72 87/123/72 86/128/72
f 91/129/73 93/122/73 92/130/73
f 99/124/74 101/130/74 100/122/74
f 95/128/75 97/125/75 96/127/75
f 95/110/6 86/109/6 87/118/6
f 129/165/96 130/166/97 120/167/9
f 122/168/11 123/169/11 121/170/11
f 128/171/9 125/170/9 127/169/9
f 126/172/10 121/173/10 125/174/10
f 127/175/6 121/176/6 123/177/6
f 124/177/24 126/178/24 128/175/24
f 135/169/9 134/168/9 133/170/9
f 137/170/11 140/171/11 139/169/11
f 133/179/10 138/180/10 137/181/10
f 133/182/6 139/183/6 135/184/6
f 138/185/24 136/184/24 140/183/24
f 131/186/98 129/187/96 132/188/99
f 159/190/111 168/191/112 160/192/11
f 162/193/113 165/194/114 161/195/115
f 164/195/116 167/196/117 166/193/11
f 161/197/115 165/198/114 164/199/10
f 161/200/6 166/201/6 162/202/6
f 165/203/114 163/202/118 167/201/24
f 170/204/119 169/205/120 160/206/121
f 172/168/11 173/193/11 171/195/11
f 178/171/9 175/195/9 177/193/9
f 176/207/10 171/208/10 175/209/10
f 177/210/6 171/211/6 173/212/6
f 174/212/24 176/213/24 178/210/24
f 170/204/119 159/214/111 169/205/120
f 196/217/140 206/218/141 197/219/142
f 200/220/11 199/221/11 198/222/11
f 202/222/9 205/223/9 204/220/9
f 198/224/4 203/225/4 202/226/4
f 198/227/6 204/228/6 200/229/6
f 203/230/24 201/229/24 205/228/24
f 208/231/143 196/232/140 197/233/142
f 210/221/9 211/220/9 209/222/9
f 216/223/11 213/222/11 215/220/11
f 214/234/4 209/235/4 213/236/4
f 215/237/6 209/238/6 211/239/6
f 216/237/24 210/238/24 214/240/24
f 206/233/141 207/241/144 208/231/143
f 235/244/159 243/245/160 245/246/161
f 236/247/162 237/248/163 240/220/164
f 241/248/165 238/247/166 240/220/167
f 239/249/168 236/250/162 238/251/4
f 237/244/163 239/252/168 241/253/24
f 242/246/169 243/245/160 235/244/159
f 244/254/170 242/255/169 245/219/9
f 248/220/11 247/256/11 246/222/11
f 250/222/9 253/248/9 252/220/9
f 246/257/4 251/258/4 250/209/4
f 246/259/6 252/260/6 248/261/6
f 251/262/24 249/261/24 253/260/24
f 390/339/29 826/340/11 844/341/11
f 19/342/26 827/343/214 826/344/214
f 20/345/25 842/346/4 827/343/4
f 21/347/30 840/341/9 828/340/9
f 22/348/27 838/343/10 829/346/10
f 396/349/74 394/350/74 395/351/74
f 395/351/10 401/352/10 396/349/10
f 406/353/72 408/352/72 409/354/72
f 404/355/73 402/351/73 403/350/73
f 407/356/4 405/349/4 408/352/4
f 400/354/75 398/356/75 399/353/75
f 403/357/9 397/358/9 404/359/9
f 399/360/11 409/359/11 400/358/11
f 406/109/24 399/110/24 398/111/24
f 400/110/6 409/109/6 408/118/6
f 412/361/74 410/362/74 411/363/74
f 411/363/10 417/364/10 412/361/10
f 422/365/72 424/364/72 425/366/72
f 420/367/73 418/363/73 419/362/73
f 423/368/4 421/361/4 424/364/4
f 416/366/75 414/368/75 415/365/75
f 419/369/9 413/370/9 420/371/9
f 415/372/11 425/371/11 416/370/11
f 422/109/24 415/110/24 414/111/24
f 416/110/6 425/109/6 424/118/6
f 428/373/74 426/374/74 427/375/74
f 427/375/10 433/376/10 428/373/10
f 438/377/72 440/376/72 441/378/72
f 436/379/73 434/375/73 435/374/73
f 439/380/4 437/373/4 440/376/4
f 432/378/75 430/380/75 431/377/75
f 435/381/9 429/382/9 436/383/9
f 431/384/11 441/383/11 432/382/11
f 438/109/24 431/110/24 430/111/24
f 432/110/6 441/109/6 440/118/6
f 444/385/74 442/386/74 443/387/74
f 443/387/10 449/388/10 444/385/10
f 454/389/72 456/388/72 457/390/72
f 452/391/73 450/387/73 451/386/73
f 455/392/4 453/385/4 456/388/4
f 448/390/75 446/392/75 447/389/75
f 451/393/9 445/394/9 452/395/9
f 447/396/11 457/395/11 448/394/11
f 454/109/24 447/110/24 446/111/24
f 448/110/6 457/109/6 456/118/6
f 460/397/74 458/398/74 459/399/74
f 459/399/10 465/400/10 460/397/10
f 470/401/72 472/400/72 473/402/72
f 468/403/73 466/399/73 467/398/73
f 471/404/4 469/397/4 472/400/4
f 464/402/75 462/404/75 463/401/75
f 467/405/9 461/406/9 468/407/9
f 463/408/11 473/407/11 464/406/11
f 470/109/24 463/110/24 462/111/24
f 464/110/6 473/109/6 472/118/6
f 476/409/74 474/410/74 475/411/74
f 475/411/10 481/412/10 476/409/10
f 486/413/72 488/412/72 489/414/72
f 484/415/73 482/411/73 483/410/73
f 487/416/4 485/409/4 488/412/4
f 480/414/75 478/416/75 479/413/75
f 483/417/9 477/418/9 484/419/9
f 479/420/11 489/419/11 480/418/11
f 486/109/24 479/110/24 478/111/24
f 480/110/6 489/109/6 488/118/6
f 492/421/74 490/422/74 491/423/74
f 491/423/10 497/424/10 492/421/10
f 502/425/72 504/424/72 505/426/72
f 500/427/73 498/423/73 499/422/73
f 503/428/4 501/421/4 504/424/4
f 496/426/75 494/428/75 495/425/75
f 499/429/9 493/430/9 500/431/9
f 495/432/11 505/431/11 496/430/11
f 502/109/24 495/110/24 494/111/24
f 496/110/6 505/109/6 504/118/6
f 508/433/74 506/434/74 507/435/74
f 507/435/10 513/436/10 508/433/10
f 518/437/72 520/436/72 521/438/72
f 516/439/73 514/435/73 515/434/73
f 519/440/4 517/433/4 520/436/4
f 512/438/75 510/440/75 511/437/75
f 515/441/9 509/442/9 516/443/9
f 511/444/11 521/443/11 512/442/11
f 518/109/24 511/110/24 510/111/24
f 512/110/6 521/109/6 520/118/6
f 524/445/74 522/446/74 523/447/74
f 523/447/10 529/448/10 524/445/10
f 534/449/72 536/448/72 537/450/72
f 532/451/73 530/447/73 531/446/73
f 535/452/4 533/445/4 536/448/4
f 528/450/75 526/452/75 527/449/75
f 531/453/9 525/454/9 532/455/9
f 527/456/11 537/455/11 528/454/11
f 534/109/24 527/110/24 526/111/24
f 528/110/6 537/109/6 536/118/6
f 540/457/74 538/458/74 539/459/74
f 539/459/10 545/460/10 540/457/10
f 550/461/72 552/460/72 553/462/72
f 548/463/73 546/459/73 547/458/73
f 551/464/4 549/457/4 552/460/4
f 544/462/75 542/464/75 543/461/75
f 547/465/9 541/466/9 548/467/9
f 543/468/11 553/467/11 544/466/11
f 550/109/24 543/110/24 542/111/24
f 544/110/6 553/109/6 552/118/6
f 556/469/74 554/470/74 555/471/74
f 555/471/10 561/472/10 556/469/10
f 566/473/72 568/472/72 569/474/72
f 564/475/73 562/471/73 563/470/73
f 567/476/4 565/469/4 568/472/4
f 560/474/75 558/476/75 559/473/75
f 563/477/9 557/478/9 564/479/9
f 559/480/11 569/479/11 560/478/11
f 566/109/24 559/110/24 558/111/24
f 560/110/6 569/109/6 568/118/6
f 572/481/74 570/482/74 571/483/74
f 571/483/10 577/484/10 572/481/10
f 582/485/72 584/484/72 585/486/72
f 580/487/73 578/483/73 579/482/73
f 583/488/4 581/481/4 584/484/4
f 576/486/75 574/488/75 575/485/75
f 579/489/9 573/490/9 580/491/9
f 575/492/11 585/491/11 576/490/11
f 582/109/24 575/110/24 574/111/24
f 576/110/6 585/109/6 584/118/6
f 588/493/74 586/494/74 587/495/74
f 587/495/10 593/496/10 588/493/10
f 598/497/72 600/496/72 601/498/72
f 596/499/73 594/495/73 595/494/73
f 599/500/4 597/493/4 600/496/4
f 592/498/75 590/500/75 591/497/75
f 595/501/9 589/502/9 596/503/9
f 591/504/11 601/503/11 592/502/11
f 598/109/24 591/110/24 590/111/24
f 592/110/6 601/109/6 600/118/6
f 604/505/74 602/506/74 603/507/74
f 603/507/10 609/508/10 604/505/10
f 614/509/72 616/508/72 617/510/72
f 612/511/73 610/507/73 611/506/73
f 615/512/4 613/505/4 616/508/4
f 608/510/75 606/512/75 607/509/75
f 611/513/9 605/514/9 612/515/9
f 607/516/11 617/515/11 608/514/11
f 614/109/24 607/110/24 606/111/24
f 608/110/6 617/109/6 616/118/6
f 620/517/74 618/518/74 619/519/74
f 619/519/10 625/520/10 620/517/10
f 630/521/72 632/520/72 633/522/72
f 628/523/73 626/519/73 627/518/73
f 631/524/4 629/517/4 632/520/4
f 624/522/75 622/524/75 623/521/75
f 627/525/9 621/526/9 628/527/9
f 623/528/11 633/527/11 624/526/11
f 630/109/24 623/110/24 622/111/24
f 624/110/6 633/109/6 632/118/6
f 636/529/74 634/530/74 635/531/74
f 635/531/10 641/532/10 636/529/10
f 646/533/72 648/532/72 649/534/72
f 644/535/73 642/531/73 643/530/73
f 647/536/4 645/529/4 648/532/4
f 640/534/75 638/536/75 639/533/75
f 643/537/9 637/538/9 644/539/9
f 639/540/11 649/539/11 640/538/11
f 646/109/24 639/110/24 638/111/24
f 640/110/6 649/109/6 648/118/6
f 652/541/74 650/542/74 651/543/74
f 651/543/10 657/544/10 652/541/10
f 662/545/72 664/544/72 665/546/72
f 660/547/73 658/543/73 659/542/73
f 663/548/4 661/541/4 664/544/4
f 656/546/75 654/548/75 655/545/75
f 659/549/9 653/550/9 660/551/9
f 655/552/11 665/551/11 656/550/11
f 662/109/24 655/110/24 654/111/24
f 656/110/6 665/109/6 664/118/6
f 668/553/74 666/554/74 667/555/74
f 667/555/10 673/556/10 668/553/10
f 678/557/72 680/556/72 681/558/72
f 676/559/73 674/555/73 675/554/73
f 679/560/4 677/553/4 680/556/4
f 672/558/75 670/560/75 671/557/75
f 675/561/9 669/562/9 676/563/9
f 671/564/11 681/563/11 672/562/11
f 678/109/24 671/110/24 670/111/24
f 672/110/6 681/109/6 680/118/6
f 684/565/74 682/566/74 683/567/74
f 683/567/10 689/568/10 684/565/10
f 694/569/72 696/568/72 697/570/72
f 692/571/73 690/567/73 691/566/73
f 695/572/4 693/565/4 696/568/4
f 688/570/75 686/572/75 687/569/75
f 691/573/9 685/574/9 692/575/9
f 687/576/11 697/575/11 688/574/11
f 694/109/24 687/110/24 686/111/24
f 688/110/6 697/109/6 696/118/6
f 700/577/74 698/578/74 699/579/74
f 699/579/10 705/580/10 700/577/10
f 710/581/72 712/580/72 713/582/72
f 708/583/73 706/579/73 707/578/73
f 711/584/4 709/577/4 712/580/4
f 704/582/75 702/584/75 703/581/75
f 707/585/9 701/586/9 708/587/9
f 703/588/11 713/587/11 704/586/11
f 710/109/24 703/110/24 702/111/24
f 704/110/6 713/109/6 712/118/6
f 716/589/74 714/590/74 715/591/74
f 715/591/10 721/592/10 716/589/10
f 726/593/72 728/592/72 729/594/72
f 724/595/73 722/591/73 723/590/73
f 727/596/4 725/589/4 728/592/4
f 720/594/75 718/596/75 719/593/75
f 723/597/9 717/598/9 724/599/9
f 719/600/11 729/599/11 720/598/11
f 726/109/24 719/110/24 718/111/24
f 720/110/6 729/109/6 728/118/6
f 732/601/74 730/602/74 731/603/74
f 731/603/10 737/604/10 732/601/10
f 742/605/72 744/604/72 745/606/72
f 740/607/73 738/603/73 739/602/73
f 743/608/4 741/601/4 744/604/4
f 736/606/75 734/608/75 735/605/75
f 739/609/9 733/610/9 740/611/9
f 735/612/11 745/611/11 736/610/11
f 742/109/24 735/110/24 734/111/24
f 736/110/6 745/109/6 744/118/6
f 748/613/74 746/614/74 747/615/74
f 747/615/10 753/616/10 748/613/10
f 758/617/72 760/616/72 761/618/72
f 756/619/73 754/615/73 755/614/73
f 759/620/4 757/613/4 760/616/4
f 752/618/75 750/620/75 751/617/75
f 755/621/9 749/622/9 756/623/9
f 751/624/11 761/623/11 752/622/11
f 758/109/24 751/110/24 750/111/24
f 752/110/6 761/109/6 760/118/6
f 764/625/74 762/626/74 763/627/74
f 763/627/10 769/628/10 764/625/10
f 774/629/72 776/628/72 777/630/72
f 772/631/73 770/627/73 771/626/73
f 775/632/4 773/625/4 776/628/4
f 768/630/75 766/632/75 767/629/75
f 771/633/9 765/634/9 772/635/9
f 767/636/11 777/635/11 768/634/11
f 774/109/24 767/110/24 766/111/24
f 768/110/6 777/109/6 776/118/6
f 780/637/74 778/638/74 779/639/74
f 779/639/10 785/640/10 780/637/10
f 790/641/72 792/640/72 793/642/72
f 788/643/73 786/639/73 787/638/73
f 791/644/4 789/637/4 792/640/4
f 784/642/75 782/644/75 783/641/75
f 787/645/9 781/646/9 788/647/9
f 783/648/11 793/647/11 784/646/11
f 790/109/24 783/110/24 782/111/24
f 784/110/6 793/109/6 792/118/6
f 796/649/74 794/650/74 795/651/74
f 795/651/10 801/652/10 796/649/10
f 806/653/72 808/652/72 809/654/72
f 804/655/73 802/651/73 803/650/73
f 807/656/4 805/649/4 808/652/4
f 800/654/75 798/656/75 799/653/75
f 803/657/9 797/658/9 804/659/9
f 799/660/11 809/659/11 800/658/11
f 806/109/24 799/110/24 798/111/24
f 800/110/6 809/109/6 808/118/6
f 812/661/74 810/662/74 811/663/74
f 811/663/10 817/664/10 812/661/10
f 822/665/72 824/664/72 825/666/72
f 820/667/73 818/663/73 819/662/73
f 823/668/4 821/661/4 824/664/4
f 816/666/75 814/668/75 815/665/75
f 819/669/9 813/670/9 820/671/9
f 815/672/11 825/671/11 816/670/11
f 822/109/24 815/110/24 814/111/24
f 816/110/6 825/109/6 824/118/6
f 837/9/10 38/673/10 42/7/10
f 839/674/9 37/675/215 40/676/58
f 841/14/4 36/7/4 39/673/4
f 843/15/214 39/673/214 35/13/214
f 830/677/11 35/676/216 43/675/7
f 828/678/59 391/348/217 21/679/30
f 844/344/8 393/345/218 390/342/29
f 829/346/5 392/679/28 22/348/27
f 36/680/219 40/681/58 46/682/70
f 42/683/6 834/34/64 37/684/215
f 38/685/220 43/686/7 51/687/71
f 39/688/6 836/31/62 35/689/216
f 36/680/219 52/30/68 39/688/6
f 38/685/220 835/33/66 42/683/6
f 837/683/24 838/687/24 833/685/24
f 839/681/24 840/34/24 832/684/24
f 841/688/24 842/682/24 831/680/24
f 841/688/24 826/31/24 827/30/24
f 830/686/24 826/31/24 843/689/24
f 831/680/24 828/40/24 839/681/24
f 833/685/24 844/35/24 830/686/24
f 837/683/24 840/34/24 829/33/24
f 848/690/221 845/691/222 846/692/223
f 846/692/223 847/693/224 848/690/221
f 852/694/225 849/695/222 850/696/223
f 850/696/223 851/697/224 852/694/225
f 853/691/226 856/690/227 854/692/228
f 855/693/229 854/692/228 856/690/227
f 857/695/226 860/694/230 858/696/228
f 859/697/229 858/696/228 860/694/230
f 861/698/231 864/699/232 862/700/233
f 863/701/234 862/700/233 864/699/232
f 865/702/231 868/703/232 866/704/233
f 867/705/234 866/704/233 868/703/232
f 872/699/235 869/698/236 870/700/237
f 870/700/237 871/701/238 872/699/235
f 876/703/235 873/702/236 874/704/237
f 874/704/237 875/705/238 876/703/235
f 888/706/239 877/707/240 879/708/241
f 882/709/242 883/708/243 880/710/244
f 881/706/245 880/710/244 883/708/243
f 886/709/246 887/708/243 884/707/244
f 885/706/247 884/707/244 887/708/243
f 878/711/248 889/712/249 877/713/6
f 896/706/239 890/707/240 891/708/241
f 894/709/246 895/708/250 892/710/244
f 893/706/245 892/710/244 895/708/250
f 898/714/248 897/715/249 890/716/6
f 897/710/249 896/706/239 891/708/241
f 889/710/249 888/706/239 879/708/241
f 902/708/251 901/709/252 899/710/253
f 899/710/253 900/706/254 902/708/251
f 906/708/255 905/709/256 903/710/257
f 903/710/257 904/706/258 906/708/255
f 913/710/249 912/706/239 915/708/259
f 911/708/255 910/717/256 908/710/257
f 908/710/257 909/706/258 911/708/255
f 912/706/239 914/710/240 915/708/259
f 907/718/248 913/719/249 914/720/6
f 917/721/4 920/722/260 922/723/261
f 917/724/262 918/725/263 916/726/264
f 923/727/265 918/728/263 919/729/266
f 918/730/263 921/731/267 920/732/260
f 922/733/261 921/734/267 923/735/265
f 924/736/268 926/737/269 929/738/4
f 924/739/268 927/740/270 926/741/269
f 931/742/271 927/743/270 925/744/272
f 928/745/273 931/746/271 929/747/274
f 926/748/269 927/749/270 930/750/275
f 934/751/276 932/752/277 933/753/278
f 939/754/279 936/755/280 934/756/276
f 935/757/281 937/758/282 933/759/4
f 935/760/281 939/761/279 937/762/282
f 935/763/281 936/764/280 938/765/283
f 940/766/284 941/767/285 943/768/286
f 941/769/285 944/770/287 943/771/286
f 943/772/286 946/773/4 940/774/284
f 945/775/288 947/776/289 946/777/290
f 944/778/287 942/779/291 947/780/289
f 952/785/296 963/786/297 954/787/298
f 958/787/258 957/788/253 955/789/256
f 955/789/256 956/786/255 958/787/258
f 962/787/254 961/788/253 959/785/256
f 959/785/256 960/786/251 962/787/254
f 964/790/299 953/791/300 952/792/6
f 965/785/296 970/786/297 973/787/298
f 969/787/258 968/788/253 966/789/256
f 966/789/256 967/786/251 969/787/258
f 971/793/299 972/794/300 965/795/6
f 970/786/297 971/789/299 973/787/298
f 963/786/297 964/789/299 954/787/298
f 976/788/301 977/787/247 974/789/242
f 975/786/250 974/789/242 977/787/247
f 980/788/244 981/787/245 978/789/246
f 979/786/243 978/789/246 981/787/245
f 987/786/297 988/789/299 990/787/302
f 985/796/303 986/787/245 983/789/246
f 984/786/243 983/789/246 986/787/245
f 989/789/296 987/786/297 990/787/302
f 988/797/299 982/798/300 989/799/6
f 995/722/304 992/721/10 997/723/305
f 992/800/306 993/801/307 994/802/308
f 993/728/307 998/727/309 994/729/308
f 995/803/304 996/804/310 993/805/307
f 997/806/305 996/807/310 995/808/304
f 1002/737/311 999/736/312 1005/738/10
f 999/809/312 1000/810/313 1001/811/314
f 1002/812/311 1003/813/315 1000/814/313
f 1006/815/316 1004/816/317 1005/817/318
f 1001/818/314 1003/819/315 1006/820/316
f 1007/821/319 1009/822/320 1008/823/321
f 1012/758/322 1010/824/323 1008/759/10
f 1014/825/324 1010/826/323 1012/827/322
f 1009/828/320 1013/829/325 1014/830/324
f 1013/831/325 1011/832/326 1010/833/323
f 1018/772/311 1015/774/312 1021/773/10
f 1015/834/312 1016/835/313 1017/836/314
f 1018/837/311 1019/838/315 1016/839/313
f 1022/840/316 1020/841/317 1021/842/318
f 1017/843/314 1019/844/315 1022/780/316
s 0
f 1044/857/11 1045/858/11 1043/859/11
f 1046/860/24 1049/861/24 1045/862/24
f 1050/863/9 1047/859/9 1049/858/9
f 1048/864/6 1043/862/6 1047/861/6
f 1049/865/4 1043/866/4 1045/867/4
f 1046/867/10 1048/868/10 1050/869/10
f 1052/870/11 1053/871/11 1051/872/11
f 1054/873/24 1057/874/24 1053/875/24
f 1058/876/9 1055/872/9 1057/871/9
f 1056/877/6 1051/875/6 1055/874/6
f 1057/865/4 1051/866/4 1053/867/4
f 1054/867/10 1056/868/10 1058/869/10
s 1
f 5/1/1 23/53/422 24/2/2
f 2/5/4 1/19/4 12/6/4
f 12/6/4 31/22/47 13/23/423
f 13/23/423 14/4/4 12/6/4
f 42/7/5 37/68/5 832/8/5
f 43/13/7 38/673/220 833/14/8
f 4/17/9 2/20/9 14/18/9
f 14/18/9 32/1043/44 15/1044/43
f 15/1044/43 16/16/9 14/18/9
f 3/19/10 4/5/10 16/4/10
f 16/4/10 29/26/57 17/27/424
f 17/27/424 18/6/10 16/4/10
f 1/20/11 3/17/11 18/16/11
f 18/16/11 34/1044/48 11/1043/50
f 11/1043/50 12/18/11 18/16/11
f 6/29/24 5/38/24 20/30/25
f 7/37/24 21/40/30 391/682/217
f 10/32/24 9/39/24 22/33/27
f 8/36/24 390/35/29 393/687/218
f 6/29/24 19/31/26 390/35/29
f 7/37/24 391/682/217 20/30/25
f 8/36/24 393/687/218 22/33/27
f 10/32/24 392/34/28 21/40/30
f 27/43/24 26/1045/24 24/1046/24
f 26/1045/24 25/1047/24 24/1046/24
f 24/1046/24 23/41/24 27/43/24
f 8/46/34 27/45/425 28/1048/426
f 7/3/41 24/2/427 25/1049/428
f 9/44/31 26/51/429 27/45/32
f 8/47/34 28/54/426 23/48/35
f 7/49/41 25/48/428 26/54/38
f 33/65/69 53/66/430 31/22/13
f 11/21/12 33/65/69 31/22/13
f 30/65/53 34/28/22 17/27/21
f 40/68/58 36/7/219 831/9/59
f 29/26/19 15/25/18 48/64/60
f 64/87/11 57/97/11 54/88/11
f 68/90/10 65/96/10 62/91/10
f 65/95/24 68/1055/24 61/1056/24
f 68/1055/24 69/1057/24 61/1056/24
f 69/1057/24 60/1058/24 61/1056/24
f 61/1056/24 56/102/24 65/95/24
f 56/102/24 57/93/24 65/95/24
f 56/96/4 61/90/4 58/92/4
f 60/97/9 69/87/9 66/89/9
f 57/97/72 56/99/72 55/98/72
f 59/88/73 58/98/73 61/99/73
f 67/100/74 66/89/74 69/87/74
f 63/89/75 62/100/75 65/101/75
f 55/102/6 58/1056/6 67/1055/6
f 58/1056/6 59/1058/6 67/1055/6
f 59/1058/6 66/1057/6 67/1055/6
f 67/1055/6 62/95/6 55/102/6
f 62/95/6 63/94/6 55/102/6
f 80/103/11 73/113/11 70/104/11
f 84/106/10 81/112/10 78/107/10
f 81/111/24 84/1059/24 77/1060/24
f 84/1059/24 85/1061/24 77/1060/24
f 85/1061/24 76/1062/24 77/1060/24
f 77/1060/24 72/118/24 81/111/24
f 72/118/24 73/109/24 81/111/24
f 72/112/4 77/106/4 74/108/4
f 76/113/9 85/103/9 82/105/9
f 73/114/72 72/112/72 71/107/72
f 75/116/73 74/108/73 77/106/73
f 83/108/74 82/116/74 85/117/74
f 79/115/75 78/107/75 81/112/75
f 71/118/6 74/1060/6 83/1059/6
f 74/1060/6 75/1062/6 83/1059/6
f 75/1062/6 82/1061/6 83/1059/6
f 83/1059/6 78/111/6 71/118/6
f 78/111/6 79/110/6 71/118/6
f 96/119/11 89/126/11 86/120/11
f 100/122/10 97/125/10 94/123/10
f 97/111/24 100/1059/24 93/1060/24
f 100/1059/24 101/1061/24 93/1060/24
f 101/1061/24 92/1062/24 93/1060/24
f 93/1060/24 88/118/24 97/111/24
f 88/118/24 89/109/24 97/111/24
f 88/125/4 93/122/4 90/124/4
f 92/126/9 101/119/9 98/121/9
f 89/127/72 88/125/72 87/123/72
f 91/129/73 90/124/73 93/122/73
f 99/124/74 98/129/74 101/130/74
f 95/128/75 94/123/75 97/125/75
f 87/118/6 90/1060/6 99/1059/6
f 90/1060/6 91/1062/6 99/1059/6
f 91/1062/6 98/1061/6 99/1059/6
f 99/1059/6 94/111/6 87/118/6
f 94/111/6 95/110/6 87/118/6
f 132/188/99 120/187/432 130/1071/97
f 122/168/11 124/171/11 123/169/11
f 128/171/9 126/168/9 125/170/9
f 126/172/10 122/1072/10 121/173/10
f 127/175/6 125/178/6 121/176/6
f 124/177/24 122/176/24 126/178/24
f 129/187/96 131/186/98 130/1071/97
f 130/1071/97 131/186/98 132/188/99
f 135/169/9 136/171/9 134/168/9
f 137/170/11 138/168/11 140/171/11
f 133/179/10 134/1073/10 138/180/10
f 133/182/6 137/185/6 139/183/6
f 138/185/24 134/182/24 136/184/24
f 169/205/120 159/214/111 160/206/121
f 162/193/113 163/196/118 165/194/114
f 164/195/116 165/194/433 167/196/117
f 161/200/6 164/1074/6 166/201/6
f 172/168/11 174/171/11 173/193/11
f 178/171/9 176/168/9 175/195/9
f 176/207/10 172/1075/10 171/208/10
f 177/210/6 175/213/6 171/211/6
f 174/212/24 172/211/24 176/213/24
f 170/204/119 168/206/112 159/214/111
f 200/220/11 201/223/11 199/221/11
f 202/222/9 203/221/9 205/223/9
f 198/224/4 199/1077/4 203/225/4
f 198/227/6 202/230/6 204/228/6
f 203/230/24 199/227/24 201/229/24
f 208/231/143 207/241/144 196/232/140
f 210/221/9 212/223/9 211/220/9
f 216/223/11 214/221/11 213/222/11
f 214/234/4 210/1078/4 209/235/4
f 215/237/6 213/240/6 209/238/6
f 216/237/24 212/239/24 210/238/24
f 206/233/141 196/232/140 207/241/144
f 236/247/162 239/1079/168 237/248/163
f 241/248/165 239/1079/435 238/247/166
f 240/1080/164 238/1081/6 236/1082/162
f 242/246/169 244/1083/170 243/245/160
f 243/245/160 244/1083/170 245/246/161
f 248/220/11 249/248/11 247/256/11
f 250/222/9 251/256/9 253/248/9
f 246/257/4 247/1084/4 251/258/4
f 246/259/6 250/262/6 252/260/6
f 251/262/24 247/259/24 249/261/24
f 390/339/29 19/347/26 826/340/11
f 19/342/26 20/345/25 827/343/214
f 20/345/25 391/348/217 842/346/4
f 21/347/30 392/339/28 840/341/9
f 22/348/27 393/345/218 838/343/10
f 396/349/74 397/355/74 394/350/74
f 395/351/10 398/356/10 401/352/10
f 406/353/72 407/356/72 408/352/72
f 404/355/73 405/349/73 402/351/73
f 407/356/4 402/351/4 405/349/4
f 400/354/75 401/352/75 398/356/75
f 403/357/9 394/360/9 397/358/9
f 399/360/11 406/357/11 409/359/11
f 398/111/24 395/1059/24 402/1060/24
f 395/1059/24 394/1061/24 402/1060/24
f 394/1061/24 403/1062/24 402/1060/24
f 402/1060/24 407/118/24 398/111/24
f 407/118/24 406/109/24 398/111/24
f 408/118/6 405/1060/6 396/1059/6
f 405/1060/6 404/1062/6 396/1059/6
f 404/1062/6 397/1061/6 396/1059/6
f 396/1059/6 401/111/6 408/118/6
f 401/111/6 400/110/6 408/118/6
f 412/361/74 413/367/74 410/362/74
f 411/363/10 414/368/10 417/364/10
f 422/365/72 423/368/72 424/364/72
f 420/367/73 421/361/73 418/363/73
f 423/368/4 418/363/4 421/361/4
f 416/366/75 417/364/75 414/368/75
f 419/369/9 410/372/9 413/370/9
f 415/372/11 422/369/11 425/371/11
f 414/111/24 411/1059/24 418/1060/24
f 411/1059/24 410/1061/24 418/1060/24
f 410/1061/24 419/1062/24 418/1060/24
f 418/1060/24 423/118/24 414/111/24
f 423/118/24 422/109/24 414/111/24
f 424/118/6 421/1060/6 412/1059/6
f 421/1060/6 420/1062/6 412/1059/6
f 420/1062/6 413/1061/6 412/1059/6
f 412/1059/6 417/111/6 424/118/6
f 417/111/6 416/110/6 424/118/6
f 428/373/74 429/379/74 426/374/74
f 427/375/10 430/380/10 433/376/10
f 438/377/72 439/380/72 440/376/72
f 436/379/73 437/373/73 434/375/73
f 439/380/4 434/375/4 437/373/4
f 432/378/75 433/376/75 430/380/75
f 435/381/9 426/384/9 429/382/9
f 431/384/11 438/381/11 441/383/11
f 430/111/24 427/1059/24 434/1060/24
f 427/1059/24 426/1061/24 434/1060/24
f 426/1061/24 435/1062/24 434/1060/24
f 434/1060/24 439/118/24 430/111/24
f 439/118/24 438/109/24 430/111/24
f 440/118/6 437/1060/6 428/1059/6
f 437/1060/6 436/1062/6 428/1059/6
f 436/1062/6 429/1061/6 428/1059/6
f 428/1059/6 433/111/6 440/118/6
f 433/111/6 432/110/6 440/118/6
f 444/385/74 445/391/74 442/386/74
f 443/387/10 446/392/10 449/388/10
f 454/389/72 455/392/72 456/388/72
f 452/391/73 453/385/73 450/387/73
f 455/392/4 450/387/4 453/385/4
f 448/390/75 449/388/75 446/392/75
f 451/393/9 442/396/9 445/394/9
f 447/396/11 454/393/11 457/395/11
f 446/111/24 443/1059/24 450/1060/24
f 443/1059/24 442/1061/24 450/1060/24
f 442/1061/24 451/1062/24 450/1060/24
f 450/1060/24 455/118/24 446/111/24
f 455/118/24 454/109/24 446/111/24
f 456/118/6 453/1060/6 444/1059/6
f 453/1060/6 452/1062/6 444/1059/6
f 452/1062/6 445/1061/6 444/1059/6
f 444/1059/6 449/111/6 456/118/6
f 449/111/6 448/110/6 456/118/6
f 460/397/74 461/403/74 458/398/74
f 459/399/10 462/404/10 465/400/10
f 470/401/72 471/404/72 472/400/72
f 468/403/73 469/397/73 466/399/73
f 471/404/4 466/399/4 469/397/4
f 464/402/75 465/400/75 462/404/75
f 467/405/9 458/408/9 461/406/9
f 463/408/11 470/405/11 473/407/11
f 462/111/24 459/1059/24 466/1060/24
f 459/1059/24 458/1061/24 466/1060/24
f 458/1061/24 467/1062/24 466/1060/24
f 466/1060/24 471/118/24 462/111/24
f 471/118/24 470/109/24 462/111/24
f 472/118/6 469/1060/6 460/1059/6
f 469/1060/6 468/1062/6 460/1059/6
f 468/1062/6 461/1061/6 460/1059/6
f 460/1059/6 465/111/6 472/118/6
f 465/111/6 464/110/6 472/118/6
f 476/409/74 477/415/74 474/410/74
f 475/411/10 478/416/10 481/412/10
f 486/413/72 487/416/72 488/412/72
f 484/415/73 485/409/73 482/411/73
f 487/416/4 482/411/4 485/409/4
f 480/414/75 481/412/75 478/416/75
f 483/417/9 474/420/9 477/418/9
f 479/420/11 486/417/11 489/419/11
f 478/111/24 475/1059/24 482/1060/24
f 475/1059/24 474/1061/24 482/1060/24
f 474/1061/24 483/1062/24 482/1060/24
f 482/1060/24 487/118/24 478/111/24
f 487/118/24 486/109/24 478/111/24
f 488/118/6 485/1060/6 476/1059/6
f 485/1060/6 484/1062/6 476/1059/6
f 484/1062/6 477/1061/6 476/1059/6
f 476/1059/6 481/111/6 488/118/6
f 481/111/6 480/110/6 488/118/6
f 492/421/74 493/427/74 490/422/74
f 491/423/10 494/428/10 497/424/10
f 502/425/72 503/428/72 504/424/72
f 500/427/73 501/421/73 498/423/73
f 503/428/4 498/423/4 501/421/4
f 496/426/75 497/424/75 494/428/75
f 499/429/9 490/432/9 493/430/9
f 495/432/11 502/429/11 505/431/11
f 494/111/24 491/1059/24 498/1060/24
f 491/1059/24 490/1061/24 498/1060/24
f 490/1061/24 499/1062/24 498/1060/24
f 498/1060/24 503/118/24 494/111/24
f 503/118/24 502/109/24 494/111/24
f 504/118/6 501/1060/6 492/1059/6
f 501/1060/6 500/1062/6 492/1059/6
f 500/1062/6 493/1061/6 492/1059/6
f 492/1059/6 497/111/6 504/118/6
f 497/111/6 496/110/6 504/118/6
f 508/433/74 509/439/74 506/434/74
f 507/435/10 510/440/10 513/436/10
f 518/437/72 519/440/72 520/436/72
f 516/439/73 517/433/73 514/435/73
f 519/440/4 514/435/4 517/433/4
f 512/438/75 513/436/75 510/440/75
f 515/441/9 506/444/9 509/442/9
f 511/444/11 518/441/11 521/443/11
f 510/111/24 507/1059/24 514/1060/24
f 507/1059/24 506/1061/24 514/1060/24
f 506/1061/24 515/1062/24 514/1060/24
f 514/1060/24 519/118/24 510/111/24
f 519/118/24 518/109/24 510/111/24
f 520/118/6 517/1060/6 508/1059/6
f 517/1060/6 516/1062/6 508/1059/6
f 516/1062/6 509/1061/6 508/1059/6
f 508/1059/6 513/111/6 520/118/6
f 513/111/6 512/110/6 520/118/6
f 524/445/74 525/451/74 522/446/74
f 523/447/10 526/452/10 529/448/10
f 534/449/72 535/452/72 536/448/72
f 532/451/73 533/445/73 530/447/73
f 535/452/4 530/447/4 533/445/4
f 528/450/75 529/448/75 526/452/75
f 531/453/9 522/456/9 525/454/9
f 527/456/11 534/453/11 537/455/11
f 526/111/24 523/1059/24 530/1060/24
f 523/1059/24 522/1061/24 530/1060/24
f 522/1061/24 531/1062/24 530/1060/24
f 530/1060/24 535/118/24 526/111/24
f 535/118/24 534/109/24 526/111/24
f 536/118/6 533/1060/6 524/1059/6
f 533/1060/6 532/1062/6 524/1059/6
f 532/1062/6 525/1061/6 524/1059/6
f 524/1059/6 529/111/6 536/118/6
f 529/111/6 528/110/6 536/118/6
f 540/457/74 541/463/74 538/458/74
f 539/459/10 542/464/10 545/460/10
f 550/461/72 551/464/72 552/460/72
f 548/463/73 549/457/73 546/459/73
f 551/464/4 546/459/4 549/457/4
f 544/462/75 545/460/75 542/464/75
f 547/465/9 538/468/9 541/466/9
f 543/468/11 550/465/11 553/467/11
f 542/111/24 539/1059/24 546/1060/24
f 539/1059/24 538/1061/24 546/1060/24
f 538/1061/24 547/1062/24 546/1060/24
f 546/1060/24 551/118/24 542/111/24
f 551/118/24 550/109/24 542/111/24
f 552/118/6 549/1060/6 540/1059/6
f 549/1060/6 548/1062/6 540/1059/6
f 548/1062/6 541/1061/6 540/1059/6
f 540/1059/6 545/111/6 552/118/6
f 545/111/6 544/110/6 552/118/6
f 556/469/74 557/475/74 554/470/74
f 555/471/10 558/476/10 561/472/10
f 566/473/72 567/476/72 568/472/72
f 564/475/73 565/469/73 562/471/73
f 567/476/4 562/471/4 565/469/4
f 560/474/75 561/472/75 558/476/75
f 563/477/9 554/480/9 557/478/9
f 559/480/11 566/477/11 569/479/11
f 558/111/24 555/1059/24 562/1060/24
f 555/1059/24 554/1061/24 562/1060/24
f 554/1061/24 563/1062/24 562/1060/24
f 562/1060/24 567/118/24 558/111/24
f 567/118/24 566/109/24 558/111/24
f 568/118/6 565/1060/6 556/1059/6
f 565/1060/6 564/1062/6 556/1059/6
f 564/1062/6 557/1061/6 556/1059/6
f 556/1059/6 561/111/6 568/118/6
f 561/111/6 560/110/6 568/118/6
f 572/481/74 573/487/74 570/482/74
f 571/483/10 574/488/10 577/484/10
f 582/485/72 583/488/72 584/484/72
f 580/487/73 581/481/73 578/483/73
f 583/488/4 578/483/4 581/481/4
f 576/486/75 577/484/75 574/488/75
f 579/489/9 570/492/9 573/490/9
f 575/492/11 582/489/11 585/491/11
f 574/111/24 571/1059/24 578/1060/24
f 571/1059/24 570/1061/24 578/1060/24
f 570/1061/24 579/1062/24 578/1060/24
f 578/1060/24 583/118/24 574/111/24
f 583/118/24 582/109/24 574/111/24
f 584/118/6 581/1060/6 572/1059/6
f 581/1060/6 580/1062/6 572/1059/6
f 580/1062/6 573/1061/6 572/1059/6
f 572/1059/6 577/111/6 584/118/6
f 577/111/6 576/110/6 584/118/6
f 588/493/74 589/499/74 586/494/74
f 587/495/10 590/500/10 593/496/10
f 598/497/72 599/500/72 600/496/72
f 596/499/73 597/493/73 594/495/73
f 599/500/4 594/495/4 597/493/4
f 592/498/75 593/496/75 590/500/75
f 595/501/9 586/504/9 589/502/9
f 591/504/11 598/501/11 601/503/11
f 590/111/24 587/1059/24 594/1060/24
f 587/1059/24 586/1061/24 594/1060/24
f 586/1061/24 595/1062/24 594/1060/24
f 594/1060/24 599/118/24 590/111/24
f 599/118/24 598/109/24 590/111/24
f 600/118/6 597/1060/6 588/1059/6
f 597/1060/6 596/1062/6 588/1059/6
f 596/1062/6 589/1061/6 588/1059/6
f 588/1059/6 593/111/6 600/118/6
f 593/111/6 592/110/6 600/118/6
f 604/505/74 605/511/74 602/506/74
f 603/507/10 606/512/10 609/508/10
f 614/509/72 615/512/72 616/508/72
f 612/511/73 613/505/73 610/507/73
f 615/512/4 610/507/4 613/505/4
f 608/510/75 609/508/75 606/512/75
f 611/513/9 602/516/9 605/514/9
f 607/516/11 614/513/11 617/515/11
f 606/111/24 603/1059/24 610/1060/24
f 603/1059/24 602/1061/24 610/1060/24
f 602/1061/24 611/1062/24 610/1060/24
f 610/1060/24 615/118/24 606/111/24
f 615/118/24 614/109/24 606/111/24
f 616/118/6 613/1060/6 604/1059/6
f 613/1060/6 612/1062/6 604/1059/6
f 612/1062/6 605/1061/6 604/1059/6
f 604/1059/6 609/111/6 616/118/6
f 609/111/6 608/110/6 616/118/6
f 620/517/74 621/523/74 618/518/74
f 619/519/10 622/524/10 625/520/10
f 630/521/72 631/524/72 632/520/72
f 628/523/73 629/517/73 626/519/73
f 631/524/4 626/519/4 629/517/4
f 624/522/75 625/520/75 622/524/75
f 627/525/9 618/528/9 621/526/9
f 623/528/11 630/525/11 633/527/11
f 622/111/24 619/1059/24 626/1060/24
f 619/1059/24 618/1061/24 626/1060/24
f 618/1061/24 627/1062/24 626/1060/24
f 626/1060/24 631/118/24 622/111/24
f 631/118/24 630/109/24 622/111/24
f 632/118/6 629/1060/6 620/1059/6
f 629/1060/6 628/1062/6 620/1059/6
f 628/1062/6 621/1061/6 620/1059/6
f 620/1059/6 625/111/6 632/118/6
f 625/111/6 624/110/6 632/118/6
f 636/529/74 637/535/74 634/530/74
f 635/531/10 638/536/10 641/532/10
f 646/533/72 647/536/72 648/532/72
f 644/535/73 645/529/73 642/531/73
f 647/536/4 642/531/4 645/529/4
f 640/534/75 641/532/75 638/536/75
f 643/537/9 634/540/9 637/538/9
f 639/540/11 646/537/11 649/539/11
f 638/111/24 635/1059/24 642/1060/24
f 635/1059/24 634/1061/24 642/1060/24
f 634/1061/24 643/1062/24 642/1060/24
f 642/1060/24 647/118/24 638/111/24
f 647/118/24 646/109/24 638/111/24
f 648/118/6 645/1060/6 636/1059/6
f 645/1060/6 644/1062/6 636/1059/6
f 644/1062/6 637/1061/6 636/1059/6
f 636/1059/6 641/111/6 648/118/6
f 641/111/6 640/110/6 648/118/6
f 652/541/74 653/547/74 650/542/74
f 651/543/10 654/548/10 657/544/10
f 662/545/72 663/548/72 664/544/72
f 660/547/73 661/541/73 658/543/73
f 663/548/4 658/543/4 661/541/4
f 656/546/75 657/544/75 654/548/75
f 659/549/9 650/552/9 653/550/9
f 655/552/11 662/549/11 665/551/11
f 654/111/24 651/1059/24 658/1060/24
f 651/1059/24 650/1061/24 658/1060/24
f 650/1061/24 659/1062/24 658/1060/24
f 658/1060/24 663/118/24 654/111/24
f 663/118/24 662/109/24 654/111/24
f 664/118/6 661/1060/6 652/1059/6
f 661/1060/6 660/1062/6 652/1059/6
f 660/1062/6 653/1061/6 652/1059/6
f 652/1059/6 657/111/6 664/118/6
f 657/111/6 656/110/6 664/118/6
f 668/553/74 669/559/74 666/554/74
f 667/555/10 670/560/10 673/556/10
f 678/557/72 679/560/72 680/556/72
f 676/559/73 677/553/73 674/555/73
f 679/560/4 674/555/4 677/553/4
f 672/558/75 673/556/75 670/560/75
f 675/561/9 666/564/9 669/562/9
f 671/564/11 678/561/11 681/563/11
f 670/111/24 667/1059/24 674/1060/24
f 667/1059/24 666/1061/24 674/1060/24
f 666/1061/24 675/1062/24 674/1060/24
f 674/1060/24 679/118/24 670/111/24
f 679/118/24 678/109/24 670/111/24
f 680/118/6 677/1060/6 668/1059/6
f 677/1060/6 676/1062/6 668/1059/6
f 676/1062/6 669/1061/6 668/1059/6
f 668/1059/6 673/111/6 680/118/6
f 673/111/6 672/110/6 680/118/6
f 684/565/74 685/571/74 682/566/74
f 683/567/10 686/572/10 689/568/10
f 694/569/72 695/572/72 696/568/72
f 692/571/73 693/565/73 690/567/73
f 695/572/4 690/567/4 693/565/4
f 688/570/75 689/568/75 686/572/75
f 691/573/9 682/576/9 685/574/9
f 687/576/11 694/573/11 697/575/11
f 686/111/24 683/1059/24 690/1060/24
f 683/1059/24 682/1061/24 690/1060/24
f 682/1061/24 691/1062/24 690/1060/24
f 690/1060/24 695/118/24 686/111/24
f 695/118/24 694/109/24 686/111/24
f 696/118/6 693/1060/6 684/1059/6
f 693/1060/6 692/1062/6 684/1059/6
f 692/1062/6 685/1061/6 684/1059/6
f 684/1059/6 689/111/6 696/118/6
f 689/111/6 688/110/6 696/118/6
f 700/577/74 701/583/74 698/578/74
f 699/579/10 702/584/10 705/580/10
f 710/581/72 711/584/72 712/580/72
f 708/583/73 709/577/73 706/579/73
f 711/584/4 706/579/4 709/577/4
f 704/582/75 705/580/75 702/584/75
f 707/585/9 698/588/9 701/586/9
f 703/588/11 710/585/11 713/587/11
f 702/111/24 699/1059/24 706/1060/24
f 699/1059/24 698/1061/24 706/1060/24
f 698/1061/24 707/1062/24 706/1060/24
f 706/1060/24 711/118/24 702/111/24
f 711/118/24 710/109/24 702/111/24
f 712/118/6 709/1060/6 700/1059/6
f 709/1060/6 708/1062/6 700/1059/6
f 708/1062/6 701/1061/6 700/1059/6
f 700/1059/6 705/111/6 712/118/6
f 705/111/6 704/110/6 712/118/6
f 716/589/74 717/595/74 714/590/74
f 715/591/10 718/596/10 721/592/10
f 726/593/72 727/596/72 728/592/72
f 724/595/73 725/589/73 722/591/73
f 727/596/4 722/591/4 725/589/4
f 720/594/75 721/592/75 718/596/75
f 723/597/9 714/600/9 717/598/9
f 719/600/11 726/597/11 729/599/11
f 718/111/24 715/1059/24 722/1060/24
f 715/1059/24 714/1061/24 722/1060/24
f 714/1061/24 723/1062/24 722/1060/24
f 722/1060/24 727/118/24 718/111/24
f 727/118/24 726/109/24 718/111/24
f 728/118/6 725/1060/6 716/1059/6
f 725/1060/6 724/1062/6 716/1059/6
f 724/1062/6 717/1061/6 716/1059/6
f 716/1059/6 721/111/6 728/118/6
f 721/111/6 720/110/6 728/118/6
f 732/601/74 733/607/74 730/602/74
f 731/603/10 734/608/10 737/604/10
f 742/605/72 743/608/72 744/604/72
f 740/607/73 741/601/73 738/603/73
f 743/608/4 738/603/4 741/601/4
f 736/606/75 737/604/75 734/608/75
f 739/609/9 730/612/9 733/610/9
f 735/612/11 742/609/11 745/611/11
f 734/111/24 731/1059/24 738/1060/24
f 731/1059/24 730/1061/24 738/1060/24
f 730/1061/24 739/1062/24 738/1060/24
f 738/1060/24 743/118/24 734/111/24
f 743/118/24 742/109/24 734/111/24
f 744/118/6 741/1060/6 732/1059/6
f 741/1060/6 740/1062/6 732/1059/6
f 740/1062/6 733/1061/6 732/1059/6
f 732/1059/6 737/111/6 744/118/6
f 737/111/6 736/110/6 744/118/6
f 748/613/74 749/619/74 746/614/74
f 747/615/10 750/620/10 753/616/10
f 758/617/72 759/620/72 760/616/72
f 756/619/73 757/613/73 754/615/73
f 759/620/4 754/615/4 757/613/4
f 752/618/75 753/616/75 750/620/75
f 755/621/9 746/624/9 749/622/9
f 751/624/11 758/621/11 761/623/11
f 750/111/24 747/1059/24 754/1060/24
f 747/1059/24 746/1061/24 754/1060/24
f 746/1061/24 755/1062/24 754/1060/24
f 754/1060/24 759/118/24 750/111/24
f 759/118/24 758/109/24 750/111/24
f 760/118/6 757/1060/6 748/1059/6
f 757/1060/6 756/1062/6 748/1059/6
f 756/1062/6 749/1061/6 748/1059/6
f 748/1059/6 753/111/6 760/118/6
f 753/111/6 752/110/6 760/118/6
f 764/625/74 765/631/74 762/626/74
f 763/627/10 766/632/10 769/628/10
f 774/629/72 775/632/72 776/628/72
f 772/631/73 773/625/73 770/627/73
f 775/632/4 770/627/4 773/625/4
f 768/630/75 769/628/75 766/632/75
f 771/633/9 762/636/9 765/634/9
f 767/636/11 774/633/11 777/635/11
f 766/111/24 763/1059/24 770/1060/24
f 763/1059/24 762/1061/24 770/1060/24
f 762/1061/24 771/1062/24 770/1060/24
f 770/1060/24 775/118/24 766/111/24
f 775/118/24 774/109/24 766/111/24
f 776/118/6 773/1060/6 764/1059/6
f 773/1060/6 772/1062/6 764/1059/6
f 772/1062/6 765/1061/6 764/1059/6
f 764/1059/6 769/111/6 776/118/6
f 769/111/6 768/110/6 776/118/6
f 780/637/74 781/643/74 778/638/74
f 779/639/10 782/644/10 785/640/10
f 790/641/72 791/644/72 792/640/72
f 788/643/73 789/637/73 786/639/73
f 791/644/4 786/639/4 789/637/4
f 784/642/75 785/640/75 782/644/75
f 787/645/9 778/648/9 781/646/9
f 783/648/11 790/645/11 793/647/11
f 782/111/24 779/1059/24 786/1060/24
f 779/1059/24 778/1061/24 786/1060/24
f 778/1061/24 787/1062/24 786/1060/24
f 786/1060/24 791/118/24 782/111/24
f 791/118/24 790/109/24 782/111/24
f 792/118/6 789/1060/6 780/1059/6
f 789/1060/6 788/1062/6 780/1059/6
f 788/1062/6 781/1061/6 780/1059/6
f 780/1059/6 785/111/6 792/118/6
f 785/111/6 784/110/6 792/118/6
f 796/649/74 797/655/74 794/650/74
f 795/651/10 798/656/10 801/652/10
f 806/653/72 807/656/72 808/652/72
f 804/655/73 805/649/73 802/651/73
f 807/656/4 802/651/4 805/649/4
f 800/654/75 801/652/75 798/656/75
f 803/657/9 794/660/9 797/658/9
f 799/660/11 806/657/11 809/659/11
f 798/111/24 795/1059/24 802/1060/24
f 795/1059/24 794/1061/24 802/1060/24
f 794/1061/24 803/1062/24 802/1060/24
f 802/1060/24 807/118/24 798/111/24
f 807/118/24 806/109/24 798/111/24
f 808/118/6 805/1060/6 796/1059/6
f 805/1060/6 804/1062/6 796/1059/6
f 804/1062/6 797/1061/6 796/1059/6
f 796/1059/6 801/111/6 808/118/6
f 801/111/6 800/110/6 808/118/6
f 812/661/74 813/667/74 810/662/74
f 811/663/10 814/668/10 817/664/10
f 822/665/72 823/668/72 824/664/72
f 820/667/73 821/661/73 818/663/73
f 823/668/4 818/663/4 821/661/4
f 816/666/75 817/664/75 814/668/75
f 819/669/9 810/672/9 813/670/9
f 815/672/11 822/669/11 825/671/11
f 814/111/24 811/1059/24 818/1060/24
f 811/1059/24 810/1061/24 818/1060/24
f 810/1061/24 819/1062/24 818/1060/24
f 818/1060/24 823/118/24 814/111/24
f 823/118/24 822/109/24 814/111/24
f 824/118/6 821/1060/6 812/1059/6
f 821/1060/6 820/1062/6 812/1059/6
f 820/1062/6 813/1061/6 812/1059/6
f 812/1059/6 817/111/6 824/118/6
f 817/111/6 816/110/6 824/118/6
f 837/9/10 833/14/10 38/673/10
f 839/674/9 832/677/9 37/675/215
f 841/14/4 831/9/4 36/7/4
f 843/15/214 841/14/214 39/673/214
f 830/677/11 843/674/11 35/676/216
f 828/678/59 842/346/59 391/348/217
f 844/344/8 838/343/8 393/345/218
f 829/346/5 840/678/5 392/679/28
f 42/683/6 835/33/66 834/34/64
f 35/689/216 836/31/62 43/686/7
f 39/688/6 52/30/68 836/31/62
f 37/684/215 834/34/64 40/681/58
f 36/680/219 46/682/70 52/30/68
f 38/685/220 51/687/71 835/33/66
f 837/683/24 829/33/24 838/687/24
f 839/681/24 828/40/24 840/34/24
f 841/688/24 827/30/24 842/682/24
f 841/688/24 843/689/24 826/31/24
f 830/686/24 844/35/24 826/31/24
f 831/680/24 842/682/24 828/40/24
f 833/685/24 838/687/24 844/35/24
f 837/683/24 832/684/24 840/34/24
f 848/690/221 847/693/224 845/691/222
f 846/692/223 845/691/222 847/693/224
f 852/694/225 851/697/224 849/695/222
f 850/696/223 849/695/222 851/697/224
f 853/691/226 855/693/229 856/690/227
f 855/693/229 853/691/226 854/692/228
f 857/695/226 859/697/229 860/694/230
f 859/697/229 857/695/226 858/696/228
f 861/698/231 863/701/234 864/699/232
f 863/701/234 861/698/231 862/700/233
f 865/702/231 867/705/234 868/703/232
f 867/705/234 865/702/231 866/704/233
f 872/699/235 871/701/238 869/698/236
f 870/700/237 869/698/236 871/701/238
f 876/703/235 875/705/238 873/702/236
f 874/704/237 873/702/236 875/705/238
f 888/706/239 878/709/248 877/707/240
f 879/1103/241 877/1104/4 889/1105/249
f 882/709/242 881/706/245 883/708/243
f 881/706/245 882/709/242 880/710/244
f 886/709/246 885/706/247 887/708/243
f 885/706/247 886/709/246 884/707/244
f 896/706/239 898/709/248 890/707/240
f 891/1106/241 890/1107/4 897/1108/249
f 894/709/246 893/706/245 895/708/250
f 893/706/245 894/709/246 892/710/244
f 897/710/249 898/709/248 896/706/239
f 889/710/249 878/709/248 888/706/239
f 902/708/251 900/706/254 901/709/252
f 899/710/253 901/709/252 900/706/254
f 906/708/255 904/706/258 905/709/256
f 903/710/257 905/709/256 904/706/258
f 913/710/249 907/709/248 912/706/239
f 911/708/255 909/706/258 910/717/256
f 908/710/257 910/717/256 909/706/258
f 912/706/239 907/709/248 914/710/240
f 915/1109/259 914/1110/4 913/1111/249
f 917/1112/262 922/732/261 919/730/266
f 922/732/261 923/1113/265 919/730/266
f 917/721/4 916/1114/4 920/722/260
f 917/724/262 919/1115/266 918/725/263
f 923/727/265 921/1116/267 918/728/263
f 920/732/260 916/1117/264 918/730/263
f 922/733/261 920/1118/260 921/734/267
f 924/748/268 929/1119/274 925/1120/272
f 929/1119/274 931/1121/271 925/1120/272
f 924/739/268 925/1122/272 927/740/270
f 926/737/269 928/1123/4 929/738/4
f 928/745/273 930/1124/275 931/746/271
f 930/1125/275 927/743/270 931/742/271
f 928/1119/273 926/748/269 930/750/275
f 933/1126/278 939/1127/279 934/1128/276
f 933/759/4 932/1129/4 935/757/281
f 934/751/276 936/1130/280 932/752/277
f 935/763/281 932/1131/277 936/764/280
f 933/1126/278 937/1132/282 939/1127/279
f 935/760/281 938/1133/283 939/761/279
f 938/829/283 936/755/280 939/754/279
f 940/766/284 942/1134/291 941/767/285
f 942/779/291 944/778/287 941/1135/285
f 942/1136/291 940/1137/284 947/1138/289
f 940/1137/284 946/1139/290 947/1138/289
f 943/772/286 945/1140/4 946/773/4
f 945/775/288 944/1141/287 947/776/289
f 945/1139/288 943/771/286 944/770/287
f 952/785/296 953/788/300 963/786/297
f 964/1105/299 952/1104/10 954/1103/298
f 958/787/258 956/786/255 957/788/253
f 955/789/256 957/788/253 956/786/255
f 962/787/254 960/786/251 961/788/253
f 959/785/256 961/788/253 960/786/251
f 965/785/296 972/788/300 970/786/297
f 971/1108/299 965/1107/10 973/1106/298
f 969/787/258 967/786/251 968/788/253
f 966/789/256 968/788/253 967/786/251
f 970/786/297 972/788/300 971/789/299
f 963/786/297 953/788/300 964/789/299
f 976/788/301 975/786/250 977/787/247
f 975/786/250 976/788/301 974/789/242
f 980/788/244 979/786/243 981/787/245
f 979/786/243 980/788/244 978/789/246
f 987/786/297 982/788/300 988/789/299
f 985/796/303 984/786/243 986/787/245
f 984/786/243 985/796/303 983/789/246
f 989/789/296 982/788/300 987/786/297
f 988/1111/299 989/1110/10 990/1109/302
f 998/1142/309 997/803/305 994/1143/308
f 997/803/305 992/1144/306 994/1143/308
f 995/722/304 991/1114/10 992/721/10
f 992/800/306 991/1145/440 993/801/307
f 993/728/307 996/1116/310 998/727/309
f 991/1146/440 995/803/304 993/805/307
f 997/806/305 998/1147/309 996/807/310
f 1005/1148/318 999/812/312 1001/1149/314
f 999/809/312 1002/1150/311 1000/810/313
f 1000/1151/313 1003/819/315 1001/818/314
f 1005/1148/318 1001/1149/314 1006/1152/316
f 1005/738/10 1004/1123/10 1002/737/311
f 1006/815/316 1003/1153/315 1004/816/317
f 1002/812/311 1004/1148/317 1003/813/315
f 1010/824/323 1007/1129/10 1008/759/10
f 1007/821/319 1011/1154/326 1009/822/320
f 1007/1155/319 1010/833/323 1011/832/326
f 1012/833/322 1008/1156/321 1014/1157/324
f 1008/1156/321 1009/1158/320 1014/1157/324
f 1014/825/324 1013/1159/325 1010/826/323
f 1009/828/320 1011/755/326 1013/829/325
f 1021/1160/318 1015/1161/312 1017/1162/314
f 1015/834/312 1018/1163/311 1016/835/313
f 1016/1135/313 1019/844/315 1017/843/314
f 1021/1160/318 1017/1162/314 1022/1164/316
f 1021/773/10 1020/1140/10 1018/772/311
f 1022/840/316 1019/1165/315 1020/841/317
f 1018/837/311 1020/1160/317 1019/838/315
s 0
f 1044/857/11 1046/863/11 1045/858/11
f 1046/860/24 1050/864/24 1049/861/24
f 1050/863/9 1048/857/9 1047/859/9
f 1048/864/6 1044/860/6 1043/862/6
f 1049/865/4 1047/1175/4 1043/866/4
f 1046/867/10 1044/866/10 1048/868/10
f 1052/870/11 1054/876/11 1053/871/11
f 1054/873/24 1058/877/24 1057/874/24
f 1058/876/9 1056/870/9 1055/872/9
f 1056/877/6 1052/873/6 1051/875/6
f 1057/865/4 1055/1175/4 1051/866/4
f 1054/867/10 1052/866/10 1056/868/10
s 1
usemtl GT_MC_Tiling_Scratched_Iron_Grey
f 105/131/76 109/132/77 103/133/78
f 103/134/78 109/135/77 107/136/79
f 103/134/78 107/136/79 108/137/80
f 115/144/83 112/145/84 111/146/85
f 115/147/83 111/148/85 114/149/86
f 112/150/87 104/151/88 105/152/89
f 114/149/86 103/134/78 108/137/80
f 119/159/92 116/160/93 117/161/94
f 117/162/94 118/163/95 119/164/92
f 142/133/100 141/189/101 145/131/102
f 149/135/103 142/134/100 147/136/86
f 145/152/104 143/151/88 144/150/89
f 147/136/86 151/148/105 148/137/80
f 144/145/106 154/144/77 151/146/105
f 151/148/105 154/147/77 153/149/79
f 151/148/105 153/149/79 148/137/80
f 155/160/107 158/159/108 156/161/109
f 157/163/110 156/162/109 158/164/108
f 185/132/122 182/131/123 180/133/124
f 185/135/122 180/134/124 184/136/125
f 184/136/125 180/134/124 191/137/126
f 188/145/129 192/144/130 187/146/131
f 187/148/131 192/147/130 190/149/132
f 181/151/133 188/150/134 182/152/135
f 180/134/124 190/149/132 191/137/126
f 193/215/138 195/216/139 194/159/138
f 220/131/145 224/132/146 218/133/147
f 218/134/147 224/135/146 222/136/148
f 226/148/149 222/136/148 223/137/150
f 230/144/153 227/145/154 226/146/149
f 230/147/153 226/148/149 229/149/155
f 227/150/156 219/151/151 220/152/145
f 229/149/155 226/148/149 223/137/150
f 234/159/94 231/160/95 232/161/92
f 232/162/92 233/163/93 234/164/94
f 105/131/76 102/189/82 109/132/77
f 106/1063/81 102/1064/82 105/152/89
f 104/151/88 106/1063/81 105/152/89
f 115/144/83 110/1066/91 112/145/84
f 112/150/87 110/1067/91 113/1068/90
f 112/150/87 113/1068/90 104/151/88
f 114/149/86 111/148/85 103/134/78
f 119/159/92 118/216/95 116/160/93
f 117/162/94 116/1070/93 118/163/95
f 142/133/100 149/132/103 141/189/101
f 145/152/104 141/1064/101 146/1063/90
f 145/152/104 146/1063/90 143/151/88
f 147/136/86 142/134/100 151/148/105
f 144/145/106 150/1066/82 154/144/77
f 152/1068/81 150/1067/82 144/150/89
f 143/151/88 152/1068/81 144/150/89
f 155/160/107 157/216/110 158/159/108
f 157/163/110 155/1070/107 156/162/109
f 185/132/122 179/189/128 182/131/123
f 182/152/135 179/1064/128 183/1063/127
f 182/152/135 183/1063/127 181/151/133
f 188/145/129 186/1066/137 192/144/130
f 189/1068/136 186/1067/137 188/150/134
f 181/151/133 189/1068/136 188/150/134
f 180/134/124 187/148/131 190/149/132
f 195/163/139 193/1070/138 194/1076/138
f 220/131/145 217/189/152 224/132/146
f 220/152/145 221/1063/434 217/1064/152
f 219/151/151 221/1063/434 220/152/145
f 226/148/149 218/134/147 222/136/148
f 230/144/153 225/1066/158 227/145/154
f 227/150/156 225/1067/158 228/1068/157
f 227/150/156 228/1068/157 219/151/151
f 234/159/94 233/216/93 231/160/95
f 232/162/92 231/1070/95 233/163/93
usemtl GT_MC_Tiling_Dirty_Metal
f 256/263/171 258/264/172 255/265/173
f 264/266/174 258/267/175 268/268/176
f 258/269/172 259/270/177 268/271/176
f 261/275/159 260/276/159 262/277/159
f 262/278/159 260/279/159 261/280/159
f 267/281/179 265/282/180 264/283/174
f 267/284/179 264/266/174 268/268/176
f 265/285/181 257/286/182 256/287/183
f 263/288/184 266/289/185 257/290/182
f 269/294/159 271/295/159 270/296/159
f 269/297/159 270/298/159 271/299/159
f 293/264/186 290/263/187 289/265/188
f 293/267/186 299/266/189 294/268/190
f 288/324/184 292/325/185 291/326/182
f 295/276/159 297/275/159 296/277/159
f 295/279/159 296/278/159 297/280/159
f 300/282/171 301/281/191 299/283/189
f 299/266/189 301/284/191 294/268/190
f 291/286/182 300/285/183 290/287/181
f 301/327/191 302/328/177 294/329/190
f 304/295/159 303/330/159 305/296/159
f 305/298/159 303/297/159 304/299/159
f 326/264/192 324/263/193 323/265/194
f 326/267/195 332/266/196 336/268/197
f 325/332/198 327/270/199 336/271/197
f 327/270/199 326/333/192 336/271/197
f 328/334/159 330/275/159 329/277/159
f 328/335/159 329/278/159 330/280/159
f 333/282/201 335/281/202 332/283/196
f 332/266/196 335/284/202 336/268/197
f 325/286/198 333/285/203 324/287/204
f 325/332/198 336/271/197 334/289/205
f 338/295/4 337/294/4 339/296/4
f 339/298/4 337/297/4 338/299/4
f 358/263/207 362/264/208 357/265/209
f 368/266/210 362/267/208 363/268/211
f 360/286/198 358/336/203 359/285/204
f 360/337/198 363/329/211 361/325/205
f 365/275/4 364/334/4 366/277/4
f 366/278/4 364/335/4 365/280/4
f 369/281/212 359/282/213 368/283/210
f 369/284/212 368/266/210 363/268/211
f 360/337/198 370/328/199 363/329/211
f 370/328/199 369/338/212 363/329/211
f 371/294/159 373/295/159 372/296/159
f 371/297/159 372/298/159 373/299/159
s 0
f 1172/968/378 1173/969/378 1168/970/378
f 1170/971/379 1168/970/379 1174/972/379
f 1174/972/380 1173/969/380 1171/973/380
f 1171/973/381 1169/974/381 1175/975/381
f 1175/975/382 1172/968/382 1170/971/382
f 1232/979/384 1182/980/384 1233/980/384
f 1185/981/296 1183/982/296 1184/983/296
f 1184/984/385 1183/985/385 1185/986/385
f 1193/990/389 1195/991/389 1194/992/389
f 1194/993/390 1195/994/390 1193/995/390
f 1196/996/391 1197/980/391 1198/997/391
f 1209/999/6 1211/1000/6 1210/1001/6
f 1212/1002/395 1213/980/395 1214/1003/395
f 1228/1009/395 1229/980/395 1230/1010/395
f 1238/1011/401 1181/1012/401 1231/1011/401
f 1234/1013/402 1176/1014/402 1177/983/402
f 1177/984/403 1176/1015/403 1234/984/403
f 1181/1019/407 1238/993/407 1231/1020/407
f 1240/1021/9 1241/981/9 1239/983/9
f 1241/986/11 1240/1022/11 1239/984/11
f 1251/1025/411 1249/990/411 1250/992/411
f 1251/1026/412 1250/993/412 1249/995/412
f 1256/1027/413 1255/1028/413 1257/1029/413
f 1272/1032/240 1273/981/240 1271/983/240
f 1272/1033/416 1271/984/416 1273/986/416
f 1288/1036/420 1287/1037/420 1286/1038/420
f 1287/1039/421 1288/1040/421 1286/1041/421
s 1
f 256/263/171 254/1085/178 258/264/172
f 264/266/174 255/1086/436 258/267/175
f 257/286/182 254/1087/178 256/287/183
f 257/290/182 268/271/176 259/270/177
f 267/281/179 263/1089/184 265/282/180
f 265/285/181 263/1090/437 257/286/182
f 257/290/182 266/289/185 268/271/176
f 293/264/186 288/1085/184 290/263/187
f 293/267/186 289/1086/436 299/266/189
f 290/287/181 288/1087/437 291/286/182
f 291/326/182 292/325/185 294/329/190
f 300/282/171 298/1089/178 301/281/191
f 291/286/182 298/1090/178 300/285/183
f 291/326/182 294/329/190 302/328/177
f 326/264/192 322/1085/200 324/263/193
f 326/267/195 323/1086/438 332/266/196
f 324/287/204 322/1087/200 325/286/198
f 333/282/201 331/1089/206 335/281/202
f 325/286/198 331/1090/439 333/285/203
f 331/288/206 325/332/198 334/289/205
f 358/263/207 356/1085/206 362/264/208
f 368/266/210 357/1086/438 362/267/208
f 360/286/198 356/1087/439 358/336/203
f 356/324/206 360/337/198 361/325/205
f 369/281/212 367/1089/200 359/282/213
f 359/285/204 367/1090/200 360/286/198
s 0
f 1172/968/459 1169/974/459 1173/969/459
f 1170/971/460 1172/968/460 1168/970/460
f 1174/972/461 1168/970/461 1173/969/461
f 1171/973/462 1173/969/462 1169/974/462
f 1175/975/463 1169/974/463 1172/968/463
f 1196/1242/471 1198/1243/471 1197/1244/471
f 1200/1245/240 1201/1246/240 1199/1014/240
f 1200/1247/416 1199/1248/416 1201/983/416
f 1209/1264/24 1210/1265/24 1211/1266/24
f 1212/1242/476 1214/1243/476 1213/1244/476
f 1216/1245/240 1217/1246/240 1215/1014/240
f 1216/1247/416 1215/1248/416 1217/983/416
f 1225/1279/479 1227/1000/479 1226/1001/479
f 1225/1280/480 1226/1265/480 1227/1266/480
f 1228/1281/476 1230/1243/476 1229/1244/476
f 1233/1244/482 1182/1288/482 1232/1289/482
f 1253/1305/487 1254/980/487 1252/1306/487
f 1252/1306/488 1254/1307/488 1253/1305/488
f 1256/1308/489 1257/983/489 1255/1248/489
f 1267/1324/390 1266/1325/390 1265/1326/390
f 1266/1327/389 1267/1328/389 1265/1329/389
f 1269/1305/494 1270/980/494 1268/1330/494
f 1268/1330/495 1270/1307/495 1269/1305/495
f 1285/1324/502 1284/1325/502 1283/1326/502
f 1284/1327/503 1285/1328/503 1283/1329/503
s 1
usemtl GT_MC_Tiling_White_Paint
f 1190/987/386 1187/988/387 1186/989/388
f 1206/998/392 1203/988/393 1202/989/394
f 1218/989/396 1220/1004/397 1219/1005/398
f 1218/1006/396 1221/1007/399 1222/1008/400
f 1236/1016/404 1235/1017/405 1178/1018/406
f 1243/1023/408 1247/1024/409 1242/989/410
f 1259/1030/414 1263/1031/415 1258/989/410
f 1275/1034/417 1277/1035/418 1274/989/419
f 1178/1219/406 1180/1220/465 1236/1221/404
f 1179/1222/466 1236/1223/404 1180/1224/465
f 1179/1225/466 1180/1226/465 1178/1018/406
f 1190/987/386 1188/1227/467 1187/988/387
f 1186/1228/388 1189/1229/468 1190/1230/386
f 1192/1231/469 1190/1232/386 1189/1233/468
f 1187/988/387 1188/1227/467 1191/1234/470
f 1192/1235/469 1189/1229/468 1186/1228/388
f 1187/1236/387 1191/1237/470 1192/1238/469
f 1192/1238/469 1186/1239/388 1187/1236/387
f 1192/1231/469 1191/1240/470 1188/1241/467
f 1190/1232/386 1192/1231/469 1188/1241/467
f 1206/998/392 1204/1249/472 1203/988/393
f 1202/1250/394 1205/1251/473 1206/1252/392
f 1208/1253/474 1206/1254/392 1205/1255/473
f 1203/988/393 1204/1249/472 1207/1256/475
f 1208/1257/474 1205/1251/473 1202/1250/394
f 1203/1258/393 1207/1259/475 1208/1260/474
f 1208/1260/474 1202/1261/394 1203/1258/393
f 1208/1253/474 1207/1262/475 1204/1263/472
f 1206/1254/392 1208/1253/474 1204/1263/472
f 1218/989/396 1222/1267/400 1220/1004/397
f 1221/1268/399 1224/1269/477 1223/1270/478
f 1223/1270/478 1222/1271/400 1221/1268/399
f 1219/1005/398 1220/1004/397 1223/1272/478
f 1224/1273/477 1221/1007/399 1218/1006/396
f 1219/1274/398 1223/1275/478 1224/1276/477
f 1224/1276/477 1218/1277/396 1219/1274/398
f 1222/1271/400 1223/1270/478 1220/1278/397
f 1179/1222/466 1237/1282/481 1236/1223/404
f 1235/1017/405 1236/1016/404 1237/1283/481
f 1237/1284/481 1179/1285/466 1235/1286/405
f 1179/1285/466 1178/1287/406 1235/1286/405
f 1243/1023/408 1245/1290/483 1247/1024/409
f 1247/1291/409 1246/1292/484 1242/1293/410
f 1247/1294/409 1244/1295/485 1246/1296/484
f 1248/1297/486 1245/1290/483 1243/1023/408
f 1242/1293/410 1246/1292/484 1244/1298/485
f 1244/1299/485 1248/1300/486 1243/1301/408
f 1242/1302/410 1244/1299/485 1243/1301/408
f 1245/1303/483 1248/1304/486 1244/1295/485
f 1244/1295/485 1247/1294/409 1245/1303/483
f 1259/1030/414 1261/1309/490 1263/1031/415
f 1263/1310/415 1262/1311/491 1258/1312/410
f 1263/1313/415 1260/1314/492 1262/1315/491
f 1264/1316/493 1261/1309/490 1259/1030/414
f 1258/1312/410 1262/1311/491 1260/1317/492
f 1260/1318/492 1264/1319/493 1259/1320/414
f 1258/1321/410 1260/1318/492 1259/1320/414
f 1261/1322/490 1264/1323/493 1260/1314/492
f 1260/1314/492 1263/1313/415 1261/1322/490
f 1274/1331/419 1277/1332/418 1278/1333/496
f 1279/1334/497 1276/1335/498 1278/1336/496
f 1277/1337/418 1279/1334/497 1278/1336/496
f 1279/1338/497 1277/1035/418 1275/1034/417
f 1274/1339/419 1278/1340/496 1276/1341/498
f 1276/1342/498 1279/1343/497 1275/1344/417
f 1274/1345/419 1276/1342/498 1275/1344/417
usemtl GT_MC_Light
f 1030/845/331 1028/846/332 1027/847/333
f 1029/848/334 1027/847/333 1028/846/332
f 1032/846/335 1034/849/336 1031/847/337
f 1031/847/337 1033/850/338 1032/846/335
f 1036/846/339 1038/845/340 1035/847/341
f 1035/847/341 1037/848/342 1036/846/339
f 1040/851/343 1039/852/344 1042/853/345
f 1041/854/346 1042/855/345 1039/856/344
f 1030/845/331 1029/848/334 1028/846/332
f 1029/848/334 1030/845/331 1027/847/333
f 1032/1166/335 1033/1167/338 1034/1168/336
f 1031/1169/337 1034/1170/336 1033/1171/338
f 1036/846/339 1037/848/342 1038/845/340
f 1035/847/341 1038/845/340 1037/848/342
f 1041/1172/346 1040/848/343 1042/1173/345
f 1040/848/343 1041/1172/346 1039/1174/344
f 1280/1346/499 1281/1347/500 1282/1348/501
f 1282/1348/501 1281/1347/500 1280/1346/499
f 1289/1349/504 1290/1350/505 1291/1351/506
f 1291/1351/506 1290/1350/505 1289/1349/504
f 1292/1352/504 1293/1353/505 1294/1354/506
f 1294/1354/506 1293/1353/505 1292/1352/504
f 1295/1355/499 1296/1356/500 1297/1357/501
f 1297/1357/501 1296/1356/500 1295/1355/499
f 1298/1358/507 1299/1359/508 1300/1354/509
f 1300/1354/509 1299/1359/508 1298/1358/507
f 1301/1360/510 1302/1361/511 1303/1362/512
f 1303/1362/512 1302/1361/511 1301/1360/510
usemtl GT_MC_Facade_1
f 106/138/81 108/139/80 107/140/79
f 102/141/82 107/142/79 109/143/77
f 108/153/80 113/154/90 114/155/86
f 114/156/86 110/157/91 115/158/83
f 148/139/80 146/138/90 147/140/86
f 147/142/86 141/141/101 149/143/103
f 152/154/81 148/153/80 153/155/79
f 150/157/82 153/156/79 154/158/77
f 191/139/126 183/138/127 184/140/125
f 184/142/125 179/141/128 185/143/122
f 189/154/136 191/153/126 190/155/132
f 186/157/137 190/156/132 192/158/130
f 222/140/148 219/242/151 223/139/150
f 217/141/152 222/142/148 224/143/146
f 229/155/155 219/243/151 228/154/157
f 229/156/155 225/157/158 230/158/153
f 254/272/178 259/273/177 258/274/172
f 268/291/176 263/292/184 267/293/179
f 294/273/190 288/272/184 293/274/186
f 298/292/178 302/291/177 301/293/191
f 327/273/199 322/272/200 326/274/192
f 331/292/206 336/291/197 335/293/202
f 356/272/206 363/273/211 362/274/208
f 370/291/199 367/292/200 369/293/212
f 106/138/81 104/242/88 108/139/80
f 102/141/82 106/1065/81 107/142/79
f 108/153/80 104/243/88 113/154/90
f 114/156/86 113/1069/90 110/157/91
f 148/139/80 143/242/88 146/138/90
f 147/142/86 146/1065/90 141/141/101
f 152/154/81 143/243/88 148/153/80
f 150/157/82 152/1069/81 153/156/79
f 191/139/126 181/242/133 183/138/127
f 184/142/125 183/1065/127 179/141/128
f 189/154/136 181/243/133 191/153/126
f 186/157/137 189/1069/136 190/156/132
f 222/140/148 221/138/434 219/242/151
f 217/141/152 221/1065/434 222/142/148
f 229/155/155 223/153/150 219/243/151
f 229/156/155 228/1069/157 225/157/158
f 254/272/178 257/1088/182 259/273/177
f 268/291/176 266/1091/185 263/292/184
f 294/273/190 292/1088/185 288/272/184
f 298/292/178 291/1091/182 302/291/177
f 327/273/199 325/1088/198 322/272/200
f 331/292/206 334/1091/205 336/291/197
f 356/272/206 361/1088/205 363/273/211
f 370/291/199 360/1091/198 367/292/200
usemtl GT_MC_Tiling_X_Light_Concrete
f 273/300/6 282/301/6 272/302/6
f 284/303/10 285/304/10 273/305/10
f 283/306/9 273/307/9 272/308/9
f 282/309/9 285/310/9 275/311/9
f 277/312/10 280/313/10 276/314/10
f 279/315/4 274/316/4 278/317/4
f 277/318/24 279/319/24 281/320/24
f 272/321/4 286/322/4 283/323/4
f 316/301/6 307/300/6 306/302/6
f 319/304/4 318/303/4 307/305/4
f 307/307/9 317/306/9 306/308/9
f 316/309/9 311/331/9 309/311/9
f 314/313/4 311/312/4 310/314/4
f 308/316/10 313/315/10 312/317/10
f 313/319/24 311/318/24 315/320/24
f 320/322/10 306/321/10 317/323/10
f 350/301/6 341/300/6 340/302/6
f 353/304/10 352/303/10 341/305/10
f 341/307/11 351/306/11 340/308/11
f 350/309/11 345/331/11 343/311/11
f 348/313/10 345/312/10 344/314/10
f 342/316/4 347/315/4 346/317/4
f 347/319/24 345/318/24 349/320/24
f 354/322/4 340/321/4 351/323/4
f 375/300/6 384/301/6 374/302/6
f 386/303/4 387/304/4 375/305/4
f 385/306/11 375/307/11 374/308/11
f 377/311/11 379/331/11 387/310/11
f 379/312/4 382/313/4 378/314/4
f 381/315/10 376/316/10 380/317/10
f 379/318/24 381/319/24 383/320/24
f 374/321/10 388/322/10 385/323/10
f 273/300/6 285/1092/6 282/301/6
f 284/303/10 287/1093/10 285/304/10
f 283/306/9 284/1094/9 273/307/9
f 287/1095/9 274/1096/9 285/310/9
f 274/1096/9 275/311/9 285/310/9
f 277/331/9 276/1097/9 282/309/9
f 276/1097/9 286/1098/9 282/309/9
f 277/331/9 282/309/9 275/311/9
f 277/312/10 281/1099/10 280/313/10
f 279/315/4 275/1100/4 274/316/4
f 277/318/24 275/1101/24 279/319/24
f 272/321/4 282/1102/4 286/322/4
f 316/301/6 319/1092/6 307/300/6
f 319/304/4 321/1093/4 318/303/4
f 307/307/9 318/1094/9 317/306/9
f 309/311/9 308/1096/9 319/310/9
f 308/1096/9 321/1095/9 319/310/9
f 320/1098/9 310/1097/9 316/309/9
f 310/1097/9 311/331/9 316/309/9
f 309/311/9 319/310/9 316/309/9
f 314/313/4 315/1099/4 311/312/4
f 308/316/10 309/1100/10 313/315/10
f 313/319/24 309/1101/24 311/318/24
f 320/322/10 316/1102/10 306/321/10
f 350/301/6 353/1092/6 341/300/6
f 353/304/10 355/1093/10 352/303/10
f 341/307/11 352/1094/11 351/306/11
f 343/311/11 342/1096/11 353/310/11
f 342/1096/11 355/1095/11 353/310/11
f 354/1098/11 344/1097/11 350/309/11
f 344/1097/11 345/331/11 350/309/11
f 343/311/11 353/310/11 350/309/11
f 348/313/10 349/1099/10 345/312/10
f 342/316/4 343/1100/4 347/315/4
f 347/319/24 343/1101/24 345/318/24
f 354/322/4 350/1102/4 340/321/4
f 375/300/6 387/1092/6 384/301/6
f 386/303/4 389/1093/4 387/304/4
f 385/306/11 386/1094/11 375/307/11
f 389/1095/11 376/1096/11 387/310/11
f 376/1096/11 377/311/11 387/310/11
f 379/331/11 378/1097/11 384/309/11
f 378/1097/11 388/1098/11 384/309/11
f 379/331/11 384/309/11 387/310/11
f 379/312/4 383/1099/4 382/313/4
f 381/315/10 377/1100/10 376/316/10
f 379/318/24 377/1101/24 381/319/24
f 374/321/10 384/1102/10 388/322/10
usemtl GT_MC_Glass_Facade_5
f 950/781/292 951/782/293 948/783/294
f 949/784/295 948/783/294 951/782/293
f 1026/782/327 1025/781/328 1023/783/329
f 1023/783/329 1024/784/330 1026/782/327
f 950/781/292 949/784/295 951/782/293
f 949/784/295 950/781/292 948/783/294
f 1026/782/327 1024/784/330 1025/781/328
f 1023/783/329 1025/781/328 1024/784/330
s 0
usemtl GT_MC_Panel_1
f 1062/878/4 1063/879/4 1064/880/4
f 1063/879/10 1062/878/10 1064/881/10
f 1065/882/4 1066/883/4 1067/884/4
f 1066/885/10 1065/886/10 1067/887/10
f 1070/888/347 1069/889/347 1068/890/347
f 1084/891/348 1075/892/348 1085/893/348
f 1078/894/349 1079/895/349 1076/896/349
f 1077/897/350 1076/898/350 1079/899/350
f 1083/900/351 1080/901/351 1081/902/351
f 1081/902/352 1082/903/352 1083/904/352
f 1074/905/353 1085/906/353 1075/907/353
f 1093/908/354 1092/909/354 1091/910/354
f 1095/911/10 1094/912/10 1096/913/10
f 1098/914/355 1099/915/355 1097/916/355
f 1101/917/356 1100/918/356 1102/919/356
f 1104/920/357 1086/921/357 1087/922/357
f 1105/923/358 1106/924/358 1107/925/358
f 1107/926/359 1106/927/359 1108/928/359
f 1109/929/360 1112/930/360 1110/931/360
f 1111/932/361 1110/931/361 1112/933/361
f 1087/934/362 1103/935/362 1104/936/362
f 1113/937/363 1114/938/363 1115/939/363
f 1117/940/364 1116/879/364 1118/881/364
f 1120/941/4 1119/885/4 1121/887/4
f 1123/942/356 1124/943/356 1122/944/356
f 1125/945/363 1126/946/363 1127/947/363
f 1141/948/24 1129/949/24 1128/950/24
f 1135/895/365 1134/894/365 1132/896/365
f 1132/898/366 1133/897/366 1135/899/366
f 1136/901/367 1139/900/367 1137/902/367
f 1138/903/368 1137/902/368 1139/904/368
f 1143/936/369 1130/951/369 1131/952/369
f 1146/953/347 1145/954/347 1144/955/347
f 1147/956/370 1148/957/370 1149/958/370
f 1151/912/364 1150/959/364 1152/913/364
f 1157/918/364 1156/917/364 1158/919/364
f 1140/891/371 1159/893/371 1128/960/371
f 1142/961/372 1143/920/372 1131/922/372
f 1162/925/373 1163/962/373 1160/923/373
f 1161/927/374 1160/923/374 1163/962/374
f 1167/930/375 1164/929/375 1165/931/375
f 1165/931/376 1166/932/376 1167/933/376
f 1140/963/377 1141/964/377 1159/906/377
f 1159/965/9 1141/966/9 1128/967/9
f 1059/937/441 1060/939/441 1061/938/441
f 1061/1176/442 1060/1177/442 1059/1178/442
f 1070/1179/443 1068/1180/443 1069/1181/443
f 1071/945/441 1072/947/441 1073/1182/441
f 1073/1183/442 1072/1184/442 1071/1185/442
f 1084/891/444 1074/1186/444 1075/892/444
f 1078/894/374 1077/1187/374 1079/895/374
f 1077/897/373 1078/1188/373 1076/898/373
f 1083/900/375 1082/1189/375 1080/901/375
f 1081/902/376 1080/901/376 1082/903/376
f 1074/905/445 1084/963/445 1085/906/445
f 1089/1190/347 1088/1191/347 1090/1192/347
f 1090/1193/443 1088/1194/443 1089/1195/443
f 1092/1196/355 1093/958/355 1091/957/355
f 1095/1197/4 1096/1198/4 1094/1199/4
f 1097/1200/354 1099/1201/354 1098/1202/354
f 1102/1203/446 1100/1204/446 1101/1205/446
f 1104/920/447 1103/961/447 1086/921/447
f 1105/923/448 1108/928/448 1106/924/448
f 1105/1206/449 1107/1207/449 1108/1208/449
f 1109/929/367 1111/1209/367 1112/930/367
f 1111/932/368 1109/929/368 1110/931/368
f 1087/934/450 1086/951/450 1103/935/450
f 1113/1178/451 1115/1177/451 1114/1176/451
f 1118/880/452 1116/879/452 1117/940/452
f 1120/1210/10 1121/884/10 1119/883/10
f 1122/890/446 1124/889/446 1123/1211/446
f 1125/1185/451 1127/1184/451 1126/1183/451
f 1128/960/453 1129/1186/453 1140/891/453
f 1131/922/454 1130/905/454 1142/961/454
f 1135/895/455 1133/1187/455 1134/894/455
f 1132/898/456 1134/1188/456 1133/897/456
f 1136/901/360 1138/1189/360 1139/900/360
f 1138/903/361 1136/901/361 1137/902/361
f 1141/964/447 1140/963/447 1129/905/447
f 1146/1190/443 1144/1192/443 1145/1191/443
f 1149/908/457 1148/910/457 1147/1212/457
f 1150/1213/452 1151/1199/452 1152/1198/452
f 1153/916/10 1155/915/10 1154/1214/10
f 1154/1215/4 1155/1201/4 1153/1200/4
f 1156/1216/452 1157/1204/452 1158/1203/452
f 1162/925/350 1161/924/350 1163/962/350
f 1161/927/349 1162/1217/349 1160/923/349
f 1167/930/351 1166/1209/351 1164/929/351
f 1165/931/352 1164/929/352 1166/932/352
f 1142/935/458 1130/951/458 1143/936/458
usemtl GT_MC_Ads_2
f 1174/976/383 1175/977/383 1170/978/383
f 1174/976/464 1171/1218/464 1175/977/464
