# Blender 5.1.0
# www.blender.org
mtllib building16.mtl
o GT_MC_Large_Building.016
v 0.000035 120.696472 -21.750257
v 8.723104 120.696472 -22.093090
v 11.495819 120.696487 18.833969
v -9.941298 121.267601 20.588459
v 0.000035 120.696472 21.750257
v 8.590355 120.735207 21.585608
v 11.152471 117.667480 -19.387556
v -11.163699 117.314484 19.385159
v -8.890262 120.696487 -22.690683
v 11.296089 117.314484 18.909491
v -9.317185 117.343758 -22.189295
v -10.129910 121.635208 -20.486134
v 10.190495 -0.000000 20.758512
v 8.986653 118.364944 23.034941
v 0.000035 120.696472 22.093090
v -10.345039 -0.000000 20.224493
v -8.986589 118.698036 23.034924
v 10.735675 120.740562 18.284626
v -11.092031 120.696472 0.000000
v 9.829726 -0.000000 -20.987375
v 8.533648 120.790977 -21.546322
v 11.092101 120.696472 -18.586439
v -10.022926 -0.000001 -20.510574
v -11.092031 120.696472 -18.586439
v 10.022995 5.103502 20.510574
v -11.628482 5.654927 23.111938
v -9.829658 5.103502 20.987373
v 10.345109 5.103502 -20.224493
v 11.628550 5.654926 -23.111938
v -10.190425 5.103502 -20.758512
v -9.418344 6.206348 -20.109184
v 9.603600 6.206348 -19.652332
v 9.764089 6.206349 19.889896
v -11.628482 5.604797 -23.111938
v 11.628551 5.697344 23.111938
v -9.912161 6.206348 19.378223
v -10.860422 120.696472 0.000000
v -10.860422 120.696472 -18.444433
v -11.092031 120.696472 0.000000
v -11.092031 120.696472 18.586439
v -8.723035 120.696472 -22.093090
v 0.000035 120.696472 -22.093090
v 8.723104 120.696472 22.093090
v 0.000035 120.696472 22.093090
v 11.092101 120.696472 0.000000
v 11.092101 120.696472 -18.586439
v -8.627099 120.696472 -21.750257
v -8.723035 120.696472 22.093090
v -8.627099 120.696472 21.750257
v 0.000035 120.696472 -21.750257
v 8.627168 120.696472 -21.750257
v 8.723104 120.696472 -22.093090
v -11.092031 120.696472 -18.586439
v 11.092101 120.696472 18.586439
v 8.627168 120.696472 21.750257
v 0.000035 120.696472 21.750257
v -10.860422 120.696472 18.444433
v 10.860492 120.696472 0.000000
v 10.860492 120.696472 -18.444433
v 10.860492 120.696472 18.444433
v -10.860422 120.696472 0.000000
v -10.860422 120.696472 -18.444433
v -8.627099 120.696472 -21.750257
v 8.627168 120.696472 21.750257
v -10.860422 120.696472 18.444433
v -8.627099 120.696472 21.750257
v 10.860492 120.696472 0.000000
v 10.860492 120.696472 -18.444433
v 8.627168 120.696472 -21.750257
v 10.860492 120.696472 18.444433
v 10.762449 120.734436 -18.370693
v -10.253012 122.777267 20.879251
v -10.407694 122.804543 -20.617537
v 10.181646 122.763611 -21.104839
v 10.318583 122.799133 20.924759
v -11.092031 120.696472 18.586439
v -8.723035 120.696472 22.093090
v 11.092101 120.696472 18.586439
v 8.723104 120.696472 22.093090
v -11.728319 118.048950 -18.976562
v -8.723035 120.696472 -22.093090
v 8.986663 118.497711 -23.034939
v -11.495749 120.696487 18.833969
v 11.092101 120.696472 0.000000
v 0.000035 120.696472 -22.093090
v 7.864324 123.987167 16.135822
v -7.751070 123.987900 -16.284832
v -7.887301 123.800652 16.183413
v 8.055571 129.134109 -16.485420
v 8.140315 120.070663 -15.914159
v -8.074838 129.150330 16.421211
v -8.028701 120.067993 -16.333965
v -7.886782 120.070663 16.139271
v 7.746801 120.068184 16.511477
v -8.115743 129.150620 -16.389147
v 8.094661 129.149994 16.453505
v 7.851021 123.799278 -16.128668
v 11.230244 6.206351 13.609137
v 10.861714 119.232872 13.272501
v 10.677765 6.206433 13.116337
v 11.230244 6.206351 6.795198
v 10.861714 119.232872 6.458562
v 10.677765 6.206433 6.302398
v 11.230244 6.206351 -0.018740
v 10.861714 119.232872 -0.355376
v 10.677765 6.206433 -0.511540
v 11.230244 6.206351 -6.832678
v 10.861714 119.232872 -7.169314
v 10.677765 6.206433 -7.325478
v 11.230244 6.206351 -13.646616
v 10.861714 119.232872 -13.983253
v 10.677765 6.206433 -14.139417
v -0.167117 119.232925 21.942982
v -0.007213 6.206346 21.730583
v 0.334950 119.232910 21.380629
v 7.048702 119.232933 21.758892
v 7.373186 6.206421 21.628284
v 6.721613 6.206411 21.873455
v -0.005118 119.232895 -21.764666
v 0.319052 6.206441 -21.838415
v 8.266213 9.418716 -20.840145
v 10.406087 9.418716 -17.672649
v 10.465553 9.418716 17.709110
v 8.266213 9.418716 20.840145
v 9.529531 8.970970 -20.016857
v -8.310597 9.059280 -20.898827
v 9.696469 9.027370 19.837477
v -8.315408 9.418716 -21.016191
v 8.315477 9.418715 -21.016191
v 10.525021 9.418716 -17.745567
v 8.315477 9.418716 21.016191
v 10.525021 9.059280 17.745571
v 8.266213 13.019899 -20.840145
v 10.406087 13.019899 17.672651
v 10.406087 13.019899 -17.672649
v 8.266213 13.019899 20.840145
v 9.685370 12.758400 -19.905210
v -8.266143 12.660462 -20.840145
v 8.271023 12.660462 20.957508
v 8.315477 13.019899 -21.016191
v 10.525021 13.019899 -17.745567
v 10.525020 13.019899 17.745571
v 8.315477 13.019899 21.016191
v 10.505198 12.660462 17.650427
v -8.315409 12.660462 -21.016191
v -9.728979 16.653440 -19.789371
v 9.732520 16.805304 19.765127
v 8.290845 16.621082 -20.928167
v 10.485375 16.621082 -17.679768
v 10.406087 16.261646 -17.672649
v 8.266212 16.261646 -20.840145
v 9.668706 16.120047 19.876989
v -8.315408 16.621082 -21.016191
v 9.776213 16.439623 19.914255
v 10.525020 16.261646 -17.745571
v 8.315478 16.261646 -21.016191
v 8.266213 20.222265 -20.840145
v 9.733460 20.269947 19.774534
v 10.406087 20.222265 -17.672649
v 10.406087 19.862827 17.672651
v 9.536634 19.732023 -20.000772
v 8.271023 19.862827 20.957508
v -8.315408 20.222265 -21.016191
v 8.315477 20.222265 -21.016191
v 10.525021 20.222265 -17.745567
v 8.315477 20.222265 21.016191
v 10.525021 19.862827 17.745571
v 8.266213 23.823448 -20.840145
v 10.406087 23.823448 17.672651
v 10.406087 23.823448 -17.672649
v 8.266213 23.823448 20.840145
v 9.707808 23.180437 -19.853367
v 8.271023 23.464012 20.957508
v -8.315408 23.823448 -21.016191
v 8.315477 23.823448 -21.016191
v 10.525021 23.823448 -17.745567
v 10.525020 23.823448 17.745571
v 8.315477 23.823448 21.016191
v 10.505198 23.464012 17.650427
v -8.270954 23.464012 -20.957508
v 8.266213 27.424629 -20.840145
v 10.406087 27.424629 -17.672649
v 9.942708 27.531187 19.193325
v 10.406087 27.065193 17.672651
v 9.546824 26.897045 -19.977140
v 8.271023 27.065193 20.957508
v -8.315408 27.424629 -21.016191
v 8.315477 27.424629 -21.016191
v 10.525021 27.424629 -17.745567
v 8.315477 27.424629 21.016191
v 10.525021 27.065193 17.745571
v -8.270954 27.065193 -20.957508
v 8.266213 31.025816 -20.840145
v 10.406087 31.025816 -17.672649
v 10.465553 31.025816 17.709110
v 8.251202 31.025816 20.986849
v 10.406087 30.666378 17.672651
v 9.546824 30.498230 -19.977140
v 8.266212 30.666378 20.840145
v -8.315408 31.025816 -21.016191
v 8.315477 31.025816 -21.016191
v 10.525021 31.025816 -17.745567
v 10.525021 30.666378 17.745571
v -8.270954 30.666378 -20.957508
v 8.315478 30.666378 21.016191
v 9.760890 35.088177 -19.760260
v 10.465553 34.626995 17.709110
v 8.251202 34.626995 20.986849
v 10.406087 34.267559 17.672649
v 10.406087 34.267559 -17.672649
v 8.266212 34.267559 -20.840145
v 8.266212 34.267559 20.840145
v -8.315408 34.626995 -21.016191
v 10.525021 34.267559 17.745571
v 10.525020 34.267559 -17.745571
v 8.315478 34.267559 -21.016191
v 8.315478 34.267559 21.016191
v -9.750889 38.318665 -19.761295
v 8.266213 38.228180 -20.840143
v 10.406087 38.228180 -17.672649
v 9.565692 38.402367 19.931459
v 10.406087 37.868744 17.672651
v 10.465553 37.868744 -17.709108
v 8.290845 37.868744 -20.928167
v 8.266212 37.868744 20.840145
v 8.315477 38.228180 -21.016191
v 10.525021 38.228180 -17.745567
v 10.525021 37.868744 17.745571
v 8.315478 37.868744 21.016191
v 8.266213 41.829361 -20.840145
v 10.406087 41.829361 -17.672649
v 9.751997 41.940502 19.758049
v 9.536634 41.339119 -20.000772
v 9.686919 41.470104 19.863611
v -8.315408 41.829361 -21.016191
v 8.315477 41.829361 -21.016191
v 10.525021 41.829361 -17.745567
v 9.802444 41.586300 19.886333
v -8.266144 45.430546 -20.840145
v 10.406087 45.430546 17.672651
v 8.266213 45.430546 -20.840143
v 10.406087 45.430546 -17.672649
v 8.266213 45.430546 20.840145
v 9.623598 45.183689 -20.083708
v 9.743735 44.756687 19.849651
v -8.315408 45.430546 -21.016191
v 8.315477 45.430546 -21.016191
v 10.525021 45.430546 -17.745567
v 10.525020 45.430546 17.745571
v 8.315477 45.430546 21.016191
v -8.266144 49.031723 -20.840145
v 8.290845 49.031723 -20.928167
v 10.465553 49.031723 -17.709108
v 9.746349 49.031872 19.775656
v 8.266213 48.672287 -20.840143
v 10.406087 48.672287 -17.672649
v -8.310597 48.672287 -20.898827
v 9.675055 48.561337 19.871939
v -8.315408 49.031723 -21.016191
v 9.761688 48.915558 19.946608
v 10.525020 48.672287 -17.745571
v 8.315478 48.672287 -21.016191
v -9.731869 52.694695 -19.775986
v 9.839037 52.763153 -19.553146
v 10.465553 52.632908 17.709110
v 8.266213 52.632908 20.840145
v 10.406087 52.273472 -17.672649
v 8.266212 52.273472 -20.840145
v 9.311932 52.216949 20.155949
v -9.751949 52.527779 -19.965340
v 8.315477 52.632908 21.016191
v 8.315477 52.273472 -21.016191
v 10.525021 52.273472 17.745571
v 10.525020 52.273472 -17.745571
v -8.266144 56.234089 -20.840145
v 9.835806 56.252728 -19.556204
v 10.406087 56.234089 17.672649
v 8.266213 56.234089 20.840145
v 8.266213 55.874653 -20.840143
v 10.406087 55.874653 -17.672649
v 8.271023 55.874653 20.957508
v -8.315408 56.234089 -21.016191
v 10.525021 56.234089 17.745569
v 8.315477 56.234089 21.016191
v 10.505198 55.874653 17.650427
v 10.525020 55.874653 -17.745571
v 8.315478 55.874653 -21.016191
v 8.266213 59.835281 -20.840145
v 10.406087 59.835281 -17.672649
v 9.918526 59.889214 19.265293
v 10.406087 59.475845 17.672651
v 9.650042 59.476986 -19.721012
v 8.310667 59.475845 20.898827
v 8.315477 59.835281 -21.016191
v 10.525021 59.835281 -17.745567
v 8.315477 59.835281 21.016191
v 10.525021 59.475845 17.745571
v -8.266144 63.436455 -20.840145
v 8.266213 63.436455 -20.840143
v 10.406087 63.436455 -17.672649
v 8.290845 63.436455 20.928167
v 10.406087 63.077019 17.672651
v 10.465553 63.077019 -17.709108
v 8.310667 63.077019 -20.898827
v 8.266213 63.077019 20.840143
v 8.315477 63.436455 -21.016191
v 10.485375 63.436455 17.679770
v 10.525020 63.436455 -17.745571
v 10.525021 63.077019 17.745571
v 8.315478 63.077019 21.016191
v 8.266213 67.037636 -20.840145
v 10.406087 67.037636 -17.672649
v 9.851247 67.065292 19.542437
v 10.406087 66.678200 17.672649
v 9.798747 66.438591 -19.567757
v 8.266212 66.678200 20.840145
v 8.315477 67.037636 -21.016191
v 10.525021 67.037636 -17.745567
v 10.525021 66.678200 17.745571
v -8.315409 66.678200 -21.016191
v 8.315478 66.678200 21.016191
v -9.751928 70.749962 -19.758051
v 8.266213 70.638824 -20.840143
v 10.406087 70.638824 -17.672649
v 10.406087 70.638824 17.672649
v 8.266213 70.638824 20.840143
v 9.623598 70.391975 -20.083708
v 8.310667 70.279388 20.898827
v -9.802374 70.395760 -19.886333
v 10.525021 70.638824 17.745569
v 8.315477 70.638824 -21.016191
v 10.525020 70.638824 -17.745571
v 8.315477 70.638824 21.016191
v 10.505198 70.279388 17.650427
v 8.266213 74.240013 -20.840145
v 10.406087 74.240013 -17.672649
v 8.290845 74.240013 20.928167
v 8.290845 73.880577 -20.928167
v 10.406087 73.880577 17.672651
v 10.505198 73.880577 -17.650427
v -8.266143 73.880577 -20.840145
v 8.266213 73.880577 20.840143
v 10.485375 74.240013 17.679770
v 8.315477 74.240013 -21.016191
v 10.525020 74.240013 -17.745571
v 10.525020 73.880577 17.745571
v -8.315409 73.880577 -21.016191
v 8.315478 73.880577 21.016191
v 8.266213 77.841202 -20.840145
v 10.406087 77.841202 -17.672649
v 8.266213 77.841202 20.840145
v 9.650028 77.483475 -19.721024
v -8.266143 77.481758 -20.840145
v 9.686273 77.434639 19.844221
v 8.315477 77.841202 -21.016191
v 10.485375 77.841202 17.679770
v 10.525020 77.841194 -17.745571
v 8.315477 77.841202 21.016191
v 10.525021 77.481758 17.745571
v -8.315409 77.481758 -21.016191
v 9.759413 81.665382 -19.782658
v 10.406087 81.442383 17.672649
v 8.266213 81.442383 20.840145
v 10.406087 81.082947 -17.672649
v 8.266212 81.082947 -20.840145
v 8.310667 81.082947 20.898827
v -8.315408 81.442383 -21.016191
v 10.525021 81.442383 17.745569
v 8.315477 81.442383 21.016191
v 10.505198 81.082947 17.650427
v 10.525020 81.082947 -17.745571
v 8.315478 81.082947 -21.016191
v 8.266213 85.043564 -20.840145
v 10.406087 85.043564 -17.672649
v 10.406087 85.043564 17.672649
v 8.266213 85.043564 20.840145
v 10.425909 84.684135 -17.767794
v -8.266143 84.684135 -20.840145
v 9.854177 84.641205 19.538544
v 8.315477 85.043564 -21.016191
v 10.525021 85.043564 17.745569
v 10.525020 85.043564 -17.745571
v 8.315477 85.043564 21.016191
v 8.271023 84.684135 -20.957508
v -8.266144 88.644753 -20.840145
v 10.406087 88.644753 17.672651
v 9.650027 88.643036 -19.721024
v 8.266213 88.644753 20.840145
v 10.406087 88.285316 -17.672649
v 8.266212 88.285316 -20.840145
v 9.661108 88.223541 19.694485
v -8.315408 88.644753 -21.016191
v 10.525021 88.644753 17.745569
v 8.315477 88.644753 21.016191
v 8.315477 88.285316 -21.016191
v 10.525021 88.285316 -17.745569
v -8.270954 88.285316 -20.957508
v 8.266213 92.245949 -20.840145
v 10.406087 92.245949 -17.672649
v 10.406087 92.245941 17.672649
v 8.266213 92.245949 20.840145
v 10.425909 91.886505 -17.767794
v -8.266143 91.886505 -20.840145
v 9.862884 91.737022 19.511135
v 8.315477 92.245949 -21.016191
v 10.525021 92.245949 17.745569
v 10.525020 92.245941 -17.745571
v 8.315477 92.245949 21.016191
v 8.271023 91.886505 -20.957508
v -8.266144 95.847122 -20.840145
v 10.445731 95.847122 -17.738451
v 10.406087 95.847122 17.672649
v 8.266213 95.847122 20.840145
v 10.406087 95.487686 -17.672649
v 8.266212 95.487686 -20.840145
v 8.290845 95.487686 20.928167
v 8.251201 95.847122 -20.986849
v 10.525021 95.847122 17.745569
v 8.315477 95.847122 21.016191
v 10.505198 95.487686 17.650427
v 10.525020 95.487686 -17.745571
v 8.315478 95.487686 -21.016191
v -8.266144 99.448311 -20.840145
v 10.406087 99.448311 17.672651
v 9.650027 99.446594 -19.721024
v 8.266213 99.448311 20.840145
v 10.406087 99.088882 -17.672649
v 8.266212 99.088882 -20.840145
v 9.536634 98.958076 20.000772
v -8.315408 99.448311 -21.016191
v 10.525021 99.448311 17.745569
v 8.315477 99.448311 21.016191
v 10.525021 99.088882 -17.745569
v 8.315478 99.088882 -21.016191
v -8.266144 103.049500 -20.840145
v 8.266213 103.049500 -20.840143
v 10.406087 103.049500 -17.672649
v 10.465553 103.049500 17.709110
v 8.266213 103.049500 20.840145
v 9.615161 102.353386 -20.088936
v -8.290776 102.690056 -20.928167
v 9.218424 102.612259 20.361464
v -8.315408 103.049500 -21.016191
v 8.315477 103.049500 -21.016191
v 10.525021 103.049500 -17.745567
v 8.315477 103.049500 21.016191
v 10.525021 102.690056 17.745571
v 8.266213 106.650688 -20.840145
v 10.406087 106.650688 -17.672649
v 9.746354 106.650368 19.775642
v 8.290845 106.291245 -20.928167
v 10.465553 106.291245 -17.709108
v -8.266143 106.291245 -20.840145
v 9.686903 106.292007 19.863626
v 8.315477 106.650681 -21.016191
v 10.525021 106.650688 -17.745567
v 9.788739 106.471222 19.926334
v -8.315409 106.291245 -21.016191
v 8.266213 110.251869 -20.840145
v 10.445731 110.251869 17.738453
v 10.406087 110.251869 -17.672649
v 8.251202 110.251869 20.986849
v 8.290845 109.892433 -20.928167
v 10.406087 109.892433 17.672651
v 10.505198 109.892433 -17.650427
v -8.266143 109.892433 -20.840145
v 8.266212 109.892433 20.840145
v 8.315477 110.251869 -21.016191
v 10.525021 110.251869 -17.745567
v 10.525020 109.892433 17.745571
v -8.315409 109.892433 -21.016191
v 8.315478 109.892433 21.016191
v 8.266213 113.853050 -20.840145
v 10.406087 113.853050 17.672651
v 10.406087 113.853050 -17.672649
v 8.266213 113.853050 20.840143
v 10.425909 113.493629 17.767794
v 9.862885 113.344086 -19.511127
v 8.310667 113.493629 20.898827
v 8.315477 113.853050 -21.016191
v 10.525021 113.853050 -17.745567
v 10.525020 113.853050 17.745571
v 8.315477 113.853050 21.016191
v -8.315409 113.493629 -21.016191
v 6.724603 6.206421 -21.628284
v 7.049087 119.232933 -21.758894
v 7.376176 6.206411 -21.873457
v -10.677695 6.206433 13.432340
v -10.861645 119.232872 13.276175
v -11.230174 6.206351 12.939540
v -10.677695 6.206433 6.618402
v -10.861645 119.232872 6.462238
v -11.230174 6.206351 6.125601
v -10.677695 6.206433 -0.195537
v -10.861645 119.232872 -0.351701
v -11.230174 6.206351 -0.688337
v -10.677695 6.206433 -7.009475
v -10.861645 119.232872 -7.165638
v -11.230174 6.206351 -7.502275
v -10.677695 6.206433 -13.823415
v -10.861645 119.232872 -13.979578
v -11.230174 6.206351 -14.316212
v -6.724534 6.206421 21.628284
v -7.049017 119.232933 21.758894
v -7.376107 6.206411 21.873457
v -0.327049 6.206443 -21.661654
v -9.918811 9.489161 -19.264111
v -10.465484 9.418716 17.709108
v -8.290775 9.418716 20.928167
v -10.406017 9.059279 17.672649
v -10.406017 9.059280 -17.672651
v -8.266144 9.059279 20.840143
v -10.524950 9.059279 17.745571
v -10.524951 9.059280 -17.745571
v -8.315409 9.059280 21.016191
v -9.838968 13.150142 19.553144
v -8.251132 13.019899 -20.986849
v -10.465484 13.019899 -17.709110
v -10.406017 12.660462 17.672649
v -10.406017 12.660462 -17.672649
v -8.266143 12.660462 20.840145
v -10.524950 12.660462 17.745571
v -10.524951 12.660462 -17.745571
v -8.315408 12.660462 21.016191
v -10.406017 16.621082 17.672649
v -8.266144 16.621082 20.840143
v -10.465485 16.261646 17.709108
v -8.290776 16.261646 -20.928169
v -10.406017 16.261646 -17.672651
v -8.290776 16.261646 20.928169
v -10.524951 16.621082 17.745567
v -8.315408 16.621082 21.016191
v -10.524951 16.261646 -17.745571
v -9.835735 20.240908 19.556204
v -8.266144 20.222265 -20.840143
v -10.406017 20.222265 -17.672649
v -8.290776 19.862827 -20.928169
v -10.406017 19.862827 17.672649
v -10.505129 19.862827 -17.650427
v -8.266143 19.862827 20.840145
v -10.524951 20.222265 -17.745569
v -10.524950 19.862827 17.745571
v -8.315408 19.862827 21.016191
v -9.920975 23.990416 -19.210337
v -10.485306 23.823448 17.679768
v -8.290775 23.823448 20.928167
v -10.406017 23.464012 17.672649
v -10.406017 23.464012 -17.672651
v -8.266143 23.464012 20.840145
v -10.524950 23.464012 17.745571
v -10.524951 23.464012 -17.745571
v -8.315408 23.464012 21.016191
v -10.406017 27.424629 17.672649
v -8.266144 27.424629 -20.840143
v -10.406017 27.424629 -17.672649
v -8.266144 27.424629 20.840145
v -10.505129 27.065193 -17.650427
v -9.707738 26.781626 19.853367
v -10.524951 27.424629 -17.745569
v -10.524950 27.424629 17.745571
v -8.315408 27.424629 21.016191
v -10.406017 31.025816 17.672649
v -10.089749 31.151564 -19.044405
v -8.266144 31.025816 20.840145
v -10.406017 30.666378 -17.672649
v -9.686332 30.493025 19.908134
v -10.524951 31.025816 17.745567
v -8.315408 31.025816 21.016191
v -10.524951 30.666378 -17.745571
v -8.266144 34.626995 -20.840143
v -10.406017 34.626995 -17.672651
v -10.465484 34.626995 17.709108
v -8.266144 34.626995 20.840145
v -8.290776 34.267559 -20.928169
v -10.406017 34.267559 17.672649
v -10.505129 34.267559 -17.650427
v -8.290776 34.267559 20.928169
v -10.524951 34.626995 -17.745569
v -8.315408 34.626995 21.016191
v -10.524950 34.267559 17.745571
v -10.406017 38.228180 17.672649
v -8.266144 38.228180 20.840143
v -9.598286 37.817513 -20.126255
v -9.529434 37.840668 20.018663
v -8.315408 38.228180 -21.016191
v -10.524950 38.228180 17.745571
v -8.315408 38.228180 21.016191
v -10.524951 37.868744 -17.745571
v -9.928771 41.910557 -19.234537
v -10.406017 41.829361 17.672649
v -8.266144 41.829361 20.840143
v -10.465485 41.469925 17.709108
v -8.290776 41.469925 -20.928169
v -10.406017 41.469925 -17.672651
v -8.290776 41.469925 20.928169
v -10.524950 41.829361 17.745571
v -8.315408 41.829361 21.016191
v -10.524951 41.469925 -17.745571
v -10.406017 45.430546 -17.672651
v -10.406017 45.430546 17.672649
v -8.266144 45.430546 20.840143
v -10.425839 45.071110 17.767794
v -9.853253 44.966389 -19.539307
v -8.310597 45.071110 20.898827
v -10.524951 45.430546 17.745567
v -10.524950 45.430546 -17.745571
v -8.315408 45.430546 21.016191
v -9.835736 49.050365 19.556204
v -10.406017 49.031723 -17.672649
v -10.406017 48.672287 17.672649
v -10.505129 48.672287 -17.650427
v -8.266143 48.672287 20.840145
v -10.524951 49.031723 -17.745569
v -10.524950 48.672287 17.745571
v -8.315409 48.672287 21.016191
v -10.485306 52.632908 17.679768
v -8.290775 52.632908 20.928167
v -10.406017 52.273472 17.672649
v -9.667515 52.197071 -19.893501
v -8.266143 52.273472 20.840145
v -10.524950 52.273472 17.745571
v -8.315408 52.273472 21.016191
v -10.445662 56.234089 17.738451
v -10.485306 56.234089 -17.679770
v -8.290775 56.234089 20.928167
v -10.406017 55.874653 17.672649
v -9.681896 55.734158 -19.843491
v -8.266143 55.874653 20.840145
v -10.524950 55.874653 17.745571
v -10.524951 55.874653 -17.745571
v -8.315408 55.874653 21.016191
v -8.266144 59.835274 -20.840143
v -10.406017 59.835281 -17.672651
v -10.406017 59.835274 17.672649
v -8.266144 59.835281 20.840145
v -9.623528 59.588432 -20.083710
v -10.524951 59.835281 17.745567
v -8.315408 59.835274 -21.016191
v -10.524950 59.835274 -17.745571
v -8.315408 59.835274 21.016191
v -9.743665 59.161423 19.849651
v -10.406017 63.436455 -17.672651
v -10.406017 63.436455 17.672649
v -8.266144 63.436455 20.840145
v -9.688931 62.983318 -19.898954
v -10.524951 63.436455 17.745567
v -8.315408 63.436455 -21.016191
v -10.524950 63.436455 -17.745571
v -8.315408 63.436455 21.016191
v -9.862816 62.927532 19.511133
v -10.406017 67.037636 17.672649
v -8.290776 67.037636 -20.928167
v -10.485306 67.037636 -17.679770
v -8.266144 67.037636 20.840145
v -8.266144 66.678200 -20.840143
v -10.406017 66.678200 -17.672649
v -9.782019 66.481110 19.604900
v -10.524950 67.037636 17.745571
v -8.315408 67.037636 21.016191
v -10.524951 66.678200 -17.745571
v -10.406017 70.638824 17.672649
v -8.266144 70.638824 20.840145
v -9.686849 70.279572 -19.863611
v -9.529463 70.191086 20.016857
v -10.524951 70.638824 17.745567
v -8.315408 70.638824 21.016191
v -10.406017 74.240013 17.672649
v -8.251132 74.240013 -20.986849
v -10.465484 74.240013 -17.709110
v -8.266144 74.240013 20.840145
v -10.406017 73.880577 -17.672649
v -9.798678 73.640968 19.567757
v -10.524951 74.240013 17.745567
v -8.315408 74.240013 21.016191
v -10.524951 73.880577 -17.745571
v -9.838969 77.971443 19.553144
v -8.290776 77.841202 -20.928167
v -10.465484 77.841202 -17.709110
v -10.406017 77.481758 17.672649
v -10.406017 77.481758 -17.672649
v -8.266144 77.481758 20.840143
v -10.524950 77.481758 17.745571
v -10.524951 77.481758 -17.745571
v -8.315409 77.481758 21.016191
v -10.445662 81.442383 17.738451
v -9.946714 81.516426 -19.215000
v -8.290775 81.442383 20.928167
v -10.406017 81.082947 17.672649
v -8.290776 81.082947 -20.928169
v -10.406017 81.082947 -17.672651
v -8.266144 81.082947 20.840143
v -10.524950 81.082947 17.745571
v -10.524951 81.082947 -17.745571
v -8.315409 81.082947 21.016191
v -9.630035 85.145737 -19.739500
v -10.485306 85.043564 17.679768
v -8.290775 85.043564 20.928167
v -10.406017 84.684128 17.672649
v -10.406017 84.684135 -17.672651
v -8.266143 84.684135 20.840145
v -10.524950 84.684128 17.745571
v -8.315408 84.684128 -21.016191
v -10.524951 84.684135 -17.745571
v -8.315409 84.684135 21.016191
v -10.406017 88.644753 -17.672651
v -10.485306 88.644753 17.679768
v -8.290775 88.644753 20.928167
v -10.406017 88.285316 17.672649
v -10.505129 88.285316 -17.650427
v -8.266144 88.285316 20.840143
v -10.524950 88.644753 -17.745571
v -10.524950 88.285316 17.745571
v -8.315409 88.285316 21.016191
v -10.445662 92.245949 17.738451
v -9.849274 92.333778 -19.543400
v -8.290775 92.245949 20.928167
v -10.406017 91.886505 17.672649
v -10.406017 91.886505 -17.672651
v -8.266144 91.886505 20.840143
v -8.315408 91.886505 -21.016191
v -10.524951 91.886505 17.745569
v -10.524950 91.886505 -17.745571
v -8.315409 91.886505 21.016191
v -10.445662 95.847122 17.738451
v -10.406017 95.847122 -17.672649
v -8.251131 95.847122 20.986849
v -10.406017 95.487686 17.672649
v -9.696271 95.344856 -19.900248
v -8.266143 95.487686 20.840145
v -8.315408 95.847122 -21.016191
v -10.524951 95.847122 -17.745569
v -10.524951 95.487686 17.745569
v -8.315409 95.487686 21.016191
v -10.406017 99.448311 -17.672651
v -9.943460 99.504967 19.221060
v -10.406017 99.088882 17.672649
v -9.649960 99.090591 -19.721024
v -8.290776 99.088882 20.928169
v -10.524950 99.448311 -17.745571
v -8.315408 99.448311 21.016191
v -10.524951 99.088882 17.745569
v -10.406017 103.049500 -17.672651
v -10.465484 103.049500 17.709108
v -8.251131 103.049500 20.986849
v -10.406017 102.690056 17.672649
v -10.505129 102.690056 -17.650427
v -8.266143 102.690056 20.840145
v -10.524951 103.049500 -17.745569
v -10.524950 102.690056 17.745571
v -8.315409 102.690056 21.016191
v -9.823580 106.818253 19.567436
v -8.251132 106.650688 -20.986849
v -10.485306 106.650688 -17.679770
v -10.406017 106.291245 17.672649
v -10.406017 106.291245 -17.672649
v -8.266143 106.291245 20.840145
v -10.524950 106.291245 17.745571
v -10.524951 106.291245 -17.745571
v -8.315409 106.291245 21.016191
v -8.251132 110.251869 -20.986849
v -10.465484 110.251869 -17.709110
v -10.465484 110.251869 17.709108
v -8.266144 110.251869 20.840145
v -10.406017 109.892433 -17.672651
v -9.219230 109.814613 20.360670
v -8.315408 110.251869 21.016191
v -10.524951 109.892433 17.745569
v -10.524950 109.892433 -17.745571
v -9.731629 113.994095 19.769787
v -8.290776 113.853050 -20.928167
v -10.485306 113.853050 -17.679770
v -8.266144 113.493614 -20.840143
v -10.406017 113.493614 -17.672649
v -9.571812 113.303726 20.148483
v -8.315408 113.853050 21.016191
v -10.524951 113.493629 17.745569
v -10.524950 113.493614 -17.745571
v -7.048633 119.232933 -21.758892
v -7.373116 6.206421 -21.628284
v -6.721543 6.206411 -21.873455
v 7.516941 128.280670 -0.263977
v 7.943679 120.696487 -5.438138
v 8.797153 128.280670 -5.614122
v 7.090203 128.280670 -5.262154
v 7.943677 120.696487 -10.876275
v 8.797153 128.280670 -11.052259
v 7.090202 128.280670 -10.700291
v 8.797154 128.280670 0.527951
v 7.943679 120.696487 -0.000001
v 7.090204 120.696487 5.614120
v 7.943680 128.280670 5.438136
v 8.797156 120.696487 5.262152
v 8.797156 128.280670 11.052258
v 7.943681 120.696487 10.876273
v 7.090205 128.280670 10.700289
v -8.370347 120.696487 0.263977
v -8.797086 128.280670 -5.614120
v -7.943610 120.696487 -5.438136
v -7.090135 128.280670 -5.262152
v -8.797087 128.280670 -11.052258
v -7.943611 120.696487 -10.876273
v -7.090135 128.280670 -10.700289
v -7.090134 120.696487 -0.527951
v -7.943609 128.280670 0.000001
v -7.090134 120.696487 5.614122
v -8.797086 120.696487 5.262154
v -7.943610 128.280670 5.438138
v -7.943609 120.696487 10.876275
v -8.797085 128.280670 11.052259
v -7.090134 128.280670 10.700291
v 6.617108 8.857082 21.603012
v 0.203809 15.365222 21.738234
v 1.088817 17.675802 21.566568
v 5.967076 7.870001 21.368773
v 6.030162 7.875054 21.715832
v 6.018711 10.625484 21.602514
v 0.525733 16.607714 21.756989
v -0.073195 16.825710 21.516829
v 0.597405 16.559855 21.451084
v 0.597405 16.532406 21.753942
v 0.117641 16.546125 21.603090
v 6.617110 24.235174 21.607191
v 0.195961 17.712654 21.531040
v 6.784892 22.471825 21.489191
v 6.796343 25.222231 21.602512
v 6.847978 22.466772 21.836248
v 6.617109 26.209337 21.607191
v 0.200024 35.024799 21.650259
v 1.084710 32.717472 21.466795
v 6.847978 27.977734 21.368773
v 6.796343 25.222279 21.602512
v 6.784892 27.972687 21.715832
v 0.525729 33.959969 21.756989
v -0.073192 34.177967 21.516829
v 0.597404 33.884655 21.451084
v 0.597404 33.912102 21.753942
v 0.117642 33.898380 21.603090
v 1.094631 35.066319 21.673159
v 6.617108 41.587429 21.603012
v 6.847978 39.819027 21.680424
v 5.967076 39.819027 21.524599
v 6.407525 41.656021 21.602512
v 6.617109 43.561588 21.607191
v 0.497443 50.069725 21.557276
v 6.847978 45.329987 21.680424
v 5.967077 45.329987 21.524599
v 6.407525 43.492996 21.602512
v 0.525727 51.312218 21.756989
v -0.073193 51.530216 21.516829
v 0.597405 51.236904 21.451084
v 0.597405 51.264355 21.753942
v 0.117640 51.250637 21.603090
v 0.644260 52.431534 21.783472
v 6.617109 58.939682 21.603012
v 1.084710 52.431534 21.376312
v 6.847978 57.171272 21.680424
v 5.967076 57.171272 21.524599
v 6.407525 59.008278 21.602512
v 6.617106 60.913834 21.602995
v 0.203809 67.421982 21.677914
v 6.407525 60.845245 21.602512
v 6.847978 62.682236 21.680424
v 5.967077 62.682236 21.524599
v 0.525322 68.540482 21.756945
v 0.117761 68.380623 21.456123
v 0.287321 68.918739 21.611826
v 0.608577 68.602882 21.451084
v 0.586233 68.602882 21.753942
v 0.117638 68.602890 21.603086
v 1.084710 67.421982 21.602514
v 0.497443 69.783791 21.577381
v 6.617098 76.291931 21.602997
v 6.847978 74.523529 21.680424
v 5.967076 74.523529 21.524599
v 6.407525 76.360527 21.602512
v 6.617107 78.266090 21.602999
v 6.847978 80.034485 21.680424
v 5.967077 80.034485 21.524599
v 6.407525 78.197502 21.602512
v 0.525319 85.892738 21.756945
v 0.117758 85.732887 21.456123
v 0.287319 86.270988 21.611826
v 0.608579 85.955139 21.451084
v 0.586234 85.955139 21.753942
v 0.117637 85.955147 21.603086
v 1.084710 87.136047 21.466795
v 0.790914 84.774101 21.632391
v 0.203387 87.135696 21.600384
v 6.617105 93.644196 21.602995
v 6.407525 93.712776 21.602512
v 6.847978 91.875778 21.680424
v 5.967076 91.875778 21.524599
v 6.617103 95.618347 21.602997
v 6.407525 95.549767 21.602512
v 6.847978 97.386749 21.680424
v 5.967077 97.386749 21.524599
v 0.525718 103.368996 21.756987
v -0.073187 103.586983 21.516827
v 0.608579 103.307396 21.451084
v 0.586235 103.307396 21.753942
v 0.117635 103.307396 21.603086
v 1.084710 102.126495 21.376314
v 0.640222 102.123199 21.778328
v 6.617106 110.996445 21.602995
v 0.497605 104.488441 21.572639
v 6.847978 109.228035 21.680424
v 5.967076 109.228035 21.524599
v 6.407525 111.065048 21.602512
v 0.016661 16.505280 21.788900
v 0.011556 33.843834 21.428143
v 0.016662 51.209782 21.788900
v 0.000047 51.250664 21.428204
v 0.033287 68.623314 21.416124
v 0.033287 85.975571 21.416124
v 0.033287 103.327827 21.416124
v 0.000035 16.519869 21.788900
v 0.233095 16.259060 21.526035
v 0.157133 16.974201 21.654203
v 0.000035 33.872116 21.788900
v 0.233096 33.611313 21.526035
v 0.157135 34.326454 21.654203
v 0.000035 51.224369 21.788900
v 0.233096 50.963566 21.526035
v 0.157134 51.678703 21.654203
v 0.000035 68.629143 21.788900
v -0.232630 68.886795 21.527512
v 0.000035 85.981400 21.788900
v -0.232634 86.239044 21.527514
v 0.000035 103.281136 21.788900
v 0.233095 103.020325 21.526035
v 0.157132 103.735474 21.654203
v 0.014338 16.366400 21.752789
v 0.033288 33.877953 21.416124
v 0.014968 51.070797 21.748850
v 0.000035 51.250633 21.416124
v 0.018072 68.442131 21.729414
v -0.033218 68.582458 21.416124
v 0.020106 68.787788 21.752687
v 0.023036 85.797043 21.723919
v 0.014339 103.127663 21.752789
v -6.617039 8.857082 21.603012
v -5.967006 7.870001 21.368773
v -6.018641 10.625474 21.602510
v -6.030093 7.875054 21.715832
v -0.558832 16.575312 21.752399
v -0.110718 16.546129 21.451086
v -0.286186 16.230406 21.616365
v -0.597335 16.559855 21.451084
v -0.597335 16.532404 21.753942
v -0.117571 16.546124 21.603090
v -1.088748 17.675802 21.566568
v -0.203740 15.365222 21.738234
v -6.617040 24.235174 21.607191
v -0.195891 17.712654 21.531040
v -6.847908 22.466772 21.368773
v -6.796274 25.222233 21.602512
v -6.784822 22.471825 21.715832
v -6.617040 26.209337 21.607191
v -1.084641 32.717472 21.376312
v -6.784823 27.972687 21.489191
v -6.796274 25.222279 21.602512
v -6.847908 27.977734 21.836248
v -0.558830 33.927567 21.752399
v -0.110716 33.898376 21.451086
v -0.286188 33.582661 21.616365
v -0.597335 33.884655 21.451084
v -0.597335 33.912102 21.753942
v -0.117572 33.898380 21.603090
v -0.644190 32.717472 21.783472
v -6.617036 41.587429 21.603012
v -0.497373 35.079285 21.557276
v -5.967007 42.574509 21.680424
v -6.407455 40.737534 21.602512
v -6.847908 42.574509 21.524599
v -6.617033 43.561584 21.602997
v -6.407455 43.492996 21.602512
v -6.847908 45.329987 21.680424
v -5.967007 45.329987 21.524599
v -0.558830 51.279816 21.752399
v -0.110716 51.250629 21.451086
v -0.286188 50.934914 21.616367
v -0.608508 51.250629 21.451084
v -0.586163 51.250633 21.753942
v -0.117567 51.250629 21.603086
v -1.094561 50.082687 21.673159
v -6.617038 58.939682 21.602999
v -0.199954 50.124207 21.650259
v -1.084641 52.431534 21.466795
v -5.967007 59.926765 21.680424
v -6.407455 58.089783 21.602512
v -6.847908 59.926765 21.524599
v -0.041352 68.167953 21.669006
v -6.617035 60.913834 21.602997
v -6.407455 60.845245 21.602512
v -6.847908 62.682236 21.680424
v -5.967007 62.682236 21.524599
v -0.558916 68.574265 21.752378
v -0.110717 68.602882 21.451086
v -0.608508 68.602882 21.451084
v -0.586163 68.602882 21.753942
v -0.117567 68.602882 21.603086
v -0.198047 67.437729 21.529354
v -6.617031 76.291931 21.602997
v -0.203740 69.783791 21.677914
v -1.088360 67.470207 21.575941
v -5.967007 77.279007 21.680424
v -6.847908 74.523529 21.680424
v -6.407455 75.901283 21.576540
v -0.041354 85.520210 21.669006
v -6.617035 78.266090 21.602999
v -6.407455 78.197502 21.602512
v -6.847908 80.034485 21.680424
v -5.967007 80.034485 21.524599
v -0.558916 85.926529 21.752378
v -0.110717 85.955139 21.451086
v -0.608510 85.955139 21.451084
v -0.586165 85.955139 21.753942
v -0.117566 85.955147 21.603086
v -0.790844 84.774101 21.632391
v -6.617034 93.644196 21.602995
v -0.203318 87.135696 21.600384
v -1.084641 87.136047 21.466795
v -6.407455 93.253532 21.628483
v -5.967007 91.875778 21.524599
v -6.847908 94.631271 21.524599
v -6.617034 95.618347 21.602997
v -6.847908 97.386749 21.680424
v -5.967007 97.386749 21.524599
v -6.407455 95.549767 21.602512
v -0.558829 103.336578 21.752399
v -0.110717 103.307404 21.451086
v -0.286186 102.991676 21.616364
v -0.608508 103.307396 21.451084
v -0.586165 103.307396 21.753942
v -0.117567 103.307396 21.603086
v -1.092489 102.140877 21.673990
v -6.617033 110.996445 21.602993
v -0.199633 102.177734 21.638462
v -1.084641 104.488304 21.466795
v -6.407455 110.605789 21.628483
v -5.967007 109.228035 21.524599
v -6.847908 111.983536 21.524599
v 0.000094 16.546160 21.428205
v -0.016591 16.586979 21.788900
v 0.000035 16.546129 21.416124
v -0.014963 16.725964 21.748835
v -0.022918 33.740383 21.725676
v 0.008313 34.082905 21.723736
v 0.000035 33.898376 21.788900
v -0.033217 33.918804 21.416124
v -0.016591 51.291485 21.788900
v -0.014336 51.430359 21.752773
v -0.017347 68.596230 21.418467
v 0.000035 68.602882 21.788900
v -0.011429 85.900581 21.428263
v 0.000033 85.955147 21.788900
v -0.033220 85.934715 21.416124
v -0.008393 86.139496 21.724072
v 0.000093 103.307426 21.428205
v 0.000036 103.307396 21.788900
v -0.033217 103.286972 21.416124
v -0.014964 103.487228 21.748835
v 6.617105 8.857080 -21.602997
v 5.967076 7.870001 -21.368773
v 6.018711 10.625474 -21.602510
v 6.030162 7.875054 -21.715832
v 0.558901 16.575312 -21.752399
v 0.110788 16.546129 -21.451086
v 0.286255 16.230406 -21.616365
v 0.608577 16.546129 -21.451084
v 0.586233 16.546129 -21.753942
v 0.117636 16.546129 -21.603086
v 1.088817 17.675802 -21.566568
v 0.203809 15.365222 -21.738234
v 6.617104 24.235178 -21.602997
v 0.195961 17.712654 -21.531040
v 5.967077 25.222254 -21.836248
v 6.018711 22.466764 -21.602512
v 6.030161 25.217201 -21.489193
v 6.617108 26.209335 -21.603012
v 1.084710 32.717472 -21.376312
v 5.967076 25.222254 -21.368773
v 6.018711 27.977734 -21.602510
v 6.030162 25.227306 -21.715830
v 0.110785 33.898376 -21.451086
v 0.276878 33.673302 -21.552048
v 0.597404 33.912102 -21.451084
v 0.597404 33.884655 -21.753942
v 0.117642 33.898373 -21.603090
v 0.644260 32.717472 -21.783472
v 0.003693 34.336094 -21.557209
v 6.617108 41.587425 -21.607191
v 0.497443 35.079285 -21.557276
v 6.260709 41.196777 -21.602512
v 6.847978 39.819027 -21.680424
v 6.847978 42.574509 -21.524599
v 6.617103 43.561584 -21.602997
v 0.497605 50.069592 -21.572639
v 6.847978 45.329987 -21.680424
v 5.967076 45.329987 -21.524599
v 6.407525 43.492996 -21.602512
v 0.558900 51.279816 -21.752399
v 0.110786 51.250629 -21.451086
v 0.286257 50.934914 -21.616367
v 0.608577 51.250629 -21.451084
v 0.586232 51.250633 -21.753942
v 0.117637 51.250629 -21.603086
v 1.085132 52.431190 -21.604645
v 6.617107 58.939682 -21.602999
v 0.203809 52.431534 -21.738234
v 6.260709 58.549034 -21.602512
v 6.847978 57.171272 -21.680424
v 6.847978 59.926765 -21.524599
v 0.041421 68.167953 -21.669006
v 6.617104 60.913834 -21.602997
v 0.203809 67.421982 -21.677914
v 6.407525 60.845245 -21.602512
v 6.847978 62.682236 -21.680424
v 5.967076 62.682236 -21.524599
v 0.558986 68.574265 -21.752378
v 0.110786 68.602882 -21.451086
v 0.608577 68.602882 -21.451084
v 0.586233 68.602882 -21.753942
v 0.117636 68.602882 -21.603086
v 1.084710 67.421982 -21.602514
v 0.497443 69.783791 -21.577381
v 6.617100 76.291931 -21.602997
v 5.967077 77.279007 -21.680424
v 6.407525 75.442039 -21.602512
v 6.847978 77.279007 -21.524599
v 0.041423 85.520210 -21.669006
v 6.617105 78.266090 -21.602999
v 6.847978 80.034485 -21.680424
v 5.967076 80.034485 -21.524599
v 6.407525 78.197502 -21.602512
v 0.558986 85.926529 -21.752378
v 0.110786 85.955139 -21.451086
v 0.608579 85.955139 -21.451084
v 0.586234 85.955139 -21.753942
v 0.117635 85.955147 -21.603086
v 0.790914 84.774101 -21.632391
v 6.617104 93.644196 -21.602995
v 0.203387 87.135696 -21.600384
v 1.084710 87.136047 -21.466795
v 6.260709 93.253532 -21.602512
v 6.847978 91.875778 -21.680424
v 6.847978 94.631271 -21.524599
v 6.617109 95.618355 -21.607191
v 6.407525 95.549767 -21.602512
v 6.847978 97.386749 -21.680424
v 5.967076 97.386749 -21.524599
v 0.559208 103.335724 -21.752464
v 0.092327 103.311775 -21.445259
v 0.286436 102.991051 -21.615021
v 0.597406 103.293678 -21.451084
v 0.597406 103.321121 -21.753942
v 0.117641 103.307404 -21.603090
v 1.084710 102.126495 -21.466795
v 0.790914 104.488449 -21.632391
v 0.203387 102.126846 -21.600384
v 6.617107 110.996445 -21.603008
v 6.407525 110.605789 -21.628483
v 5.967077 109.228035 -21.524599
v 6.847978 111.983536 -21.524599
v -0.000024 16.546160 -21.428205
v 0.016661 16.586979 -21.788900
v 0.000035 16.546129 -21.416124
v 0.015032 16.725964 -21.748835
v 0.022988 33.740383 -21.725676
v -0.008243 34.082905 -21.723736
v 0.000035 33.898376 -21.788900
v 0.033286 33.918804 -21.416124
v 0.011499 51.196075 -21.428265
v 0.016660 51.291485 -21.788900
v 0.008462 51.434978 -21.724070
v 0.144285 68.347633 -21.664358
v -0.013876 68.796295 -21.710770
v 0.000035 68.602882 -21.788900
v 0.018075 85.794388 -21.729412
v 0.000036 85.955147 -21.788900
v 0.033289 85.934715 -21.416124
v 0.020105 86.140045 -21.752687
v 0.030630 103.220161 -21.645456
v 0.000034 103.307396 -21.788900
v 0.033286 103.286972 -21.416124
v 0.013946 103.500809 -21.710770
v 0.000035 16.519869 -21.788900
v -0.233026 16.259060 -21.526035
v -0.157064 16.974201 -21.654203
v 0.007217 34.080463 -21.745201
v 0.000035 51.224369 -21.788900
v -0.233026 50.963566 -21.526035
v -0.157064 51.678703 -21.654203
v 0.000035 68.629143 -21.788900
v 0.232700 68.886795 -21.527512
v 0.000035 85.981400 -21.788900
v 0.232703 86.239044 -21.527514
v 0.000035 103.281136 -21.788900
v -0.232417 103.022499 -21.528254
v -0.157271 103.734390 -21.654209
v -0.014269 16.366400 -21.752789
v -0.033218 33.877953 -21.416124
v -0.022966 51.092541 -21.723919
v 0.000035 51.250633 -21.416124
v -0.030560 68.515640 -21.645458
v 0.033287 68.582458 -21.416124
v -6.617035 8.857080 -21.602997
v -0.203740 15.365222 -21.738234
v -1.088748 17.675802 -21.566568
v -5.967006 7.870001 -21.368773
v -6.030093 7.875054 -21.715832
v -6.018641 10.625484 -21.602514
v -0.525663 16.607714 -21.756989
v 0.073264 16.825710 -21.516829
v -0.608508 16.546129 -21.451084
v -0.586163 16.546129 -21.753942
v -0.117568 16.546129 -21.603086
v -6.617036 24.235178 -21.602997
v -0.195891 17.712654 -21.531040
v -5.967006 25.222254 -21.368773
v -6.018641 22.466784 -21.602510
v -6.030093 25.217201 -21.715832
v -0.085794 33.610771 -21.690374
v -6.617040 26.209337 -21.607191
v -0.203740 32.717472 -21.738234
v -6.847908 27.977734 -21.368773
v -6.796274 25.222279 -21.602512
v -6.784823 27.972687 -21.715832
v -0.088694 33.889626 -21.759768
v -0.092257 33.902756 -21.445259
v -0.602988 33.898357 -21.601692
v -0.597335 33.884655 -21.451084
v -0.597335 33.912102 -21.753942
v -0.117572 33.898380 -21.603090
v -1.085063 32.717815 -21.604645
v -6.617039 41.587429 -21.603012
v -0.497536 35.079414 -21.572639
v -6.847908 39.819027 -21.680424
v -5.967007 39.819027 -21.524599
v -6.407455 41.656021 -21.602512
v -6.617033 43.561584 -21.602997
v -0.497373 50.069725 -21.557276
v -5.967007 42.574509 -21.680424
v -6.847908 45.329987 -21.680424
v -6.407455 43.952240 -21.576540
v -0.525658 51.312218 -21.756989
v 0.073262 51.530216 -21.516829
v -0.608507 51.250629 -21.451084
v -0.586164 51.250629 -21.753942
v -0.117566 51.250633 -21.603086
v -0.644190 52.431534 -21.783472
v -6.617036 58.939682 -21.602997
v -1.084641 52.431534 -21.376312
v -6.847908 57.171272 -21.680424
v -5.967007 57.171272 -21.524599
v -6.407455 59.008278 -21.602512
v -6.617036 60.913834 -21.602995
v -0.198047 67.437729 -21.529354
v -5.967007 59.926765 -21.680424
v -6.407455 61.763737 -21.602512
v -6.847908 59.926765 -21.524599
v -0.525252 68.540482 -21.756945
v -0.117692 68.380623 -21.456123
v -0.287252 68.918739 -21.611828
v -0.608508 68.602882 -21.451084
v -0.586163 68.602882 -21.753942
v -0.117568 68.602890 -21.603086
v -1.088360 67.470207 -21.575941
v -6.617029 76.291931 -21.602997
v -0.203740 69.783791 -21.677914
v -6.847908 74.523529 -21.680424
v -5.967007 74.523529 -21.524599
v -6.407455 76.360527 -21.602512
v -6.617037 78.266090 -21.602999
v -0.203740 84.774231 -21.677914
v -1.088360 87.087822 -21.575941
v -5.967007 77.279007 -21.680424
v -6.407455 79.115990 -21.602512
v -6.847908 77.279007 -21.524599
v -0.525250 85.892738 -21.756945
v -0.117689 85.732887 -21.456123
v -0.287249 86.270988 -21.611826
v -0.608510 85.955139 -21.451084
v -0.586165 85.955139 -21.753942
v -0.117568 85.955147 -21.603086
v -0.198047 87.120293 -21.529354
v -6.617035 93.644196 -21.602995
v -6.847908 91.875778 -21.680424
v -5.967007 91.875778 -21.524599
v -6.407455 93.712776 -21.602512
v -6.617033 95.618347 -21.602997
v -0.198047 102.142250 -21.529354
v -5.967007 94.631271 -21.680424
v -6.847908 97.386749 -21.680424
v -6.407455 96.009010 -21.576540
v -0.522316 103.364967 -21.756470
v 0.073615 103.582611 -21.519947
v -0.608510 103.307396 -21.451084
v -0.586165 103.307396 -21.753942
v -0.117566 103.307396 -21.603086
v -1.088360 102.174721 -21.575941
v -6.617034 110.996445 -21.602995
v -0.203740 104.488304 -21.677914
v -6.847908 109.228035 -21.680424
v -5.967007 109.228035 -21.524599
v -6.407455 111.065048 -21.602512
v -0.016591 16.505280 -21.788900
v -0.011487 33.843834 -21.428143
v -0.016592 51.209782 -21.788900
v -0.033218 68.623314 -21.416124
v -0.033218 85.975571 -21.416124
v -0.017346 85.948479 -21.418463
v -0.144215 103.052147 -21.664362
v -0.033218 103.327827 -21.416124
v 10.971003 16.378101 6.363866
v 10.817438 8.855210 13.036793
v 10.819043 15.365222 6.932385
v 10.819043 7.870002 12.674942
v 10.935912 10.625486 12.825055
v 10.585305 10.625484 13.275395
v 10.667624 16.369764 6.527247
v 10.975816 16.546129 6.640948
v 10.667616 16.546129 6.895902
v 10.654506 16.546129 6.386958
v 10.819043 17.727036 7.382725
v 10.819043 17.727036 6.482045
v 10.843033 16.916180 6.520396
v 10.817438 24.237047 13.036793
v 10.935912 22.466770 12.825055
v 10.819043 25.222254 12.674942
v 10.585305 22.466772 13.275395
v 10.971003 33.730354 6.363867
v 10.817438 26.207460 13.036794
v 10.819043 32.717472 6.932385
v 10.819043 25.222254 12.674942
v 10.935912 27.977741 12.825055
v 10.585305 27.977734 13.275395
v 10.667624 33.722019 6.527248
v 10.975816 33.898376 6.640948
v 10.667616 33.898376 6.895901
v 10.654506 33.898376 6.386958
v 10.743644 35.079285 7.382725
v 10.843033 34.268436 6.520397
v 10.817438 41.589302 13.036792
v 10.894444 35.079285 6.482046
v 10.741131 42.574509 12.374716
v 10.819043 39.819027 12.825055
v 10.896956 42.574509 13.275395
v 10.971003 51.082603 6.363867
v 10.817438 43.559715 13.036792
v 10.743642 50.069725 6.482044
v 10.894444 50.069725 7.382725
v 10.741131 42.574509 12.374716
v 10.819043 45.329987 12.825055
v 10.896956 42.574509 13.275395
v 10.667624 51.074268 6.527248
v 10.975816 51.250633 6.640948
v 10.667616 51.250629 6.895902
v 10.654505 51.250633 6.386958
v 10.819043 52.431534 6.932385
v 10.843033 51.620682 6.520396
v 10.817439 58.941551 13.036795
v 10.741131 59.926765 12.374716
v 10.819043 57.171272 12.825055
v 10.896956 59.926765 13.275395
v 10.971003 68.434860 6.363866
v 10.817439 60.911964 13.036795
v 10.894444 67.421982 6.482046
v 10.741131 59.926765 12.374716
v 10.819043 62.682236 12.825055
v 10.896956 59.926765 13.275395
v 10.667623 68.426521 6.527246
v 10.975816 68.602890 6.640950
v 10.667616 68.602882 6.895902
v 10.654506 68.602882 6.386959
v 10.743644 67.421982 7.382725
v 10.819043 69.783791 6.932385
v 10.843033 68.972939 6.520394
v 10.817438 76.293808 13.036793
v 10.741131 77.279007 12.374716
v 10.819043 74.523529 12.825055
v 10.896956 77.279007 13.275395
v 10.971003 85.787109 6.363864
v 10.817446 78.264221 13.036799
v 10.819042 84.774231 6.482044
v 10.741131 77.279007 12.374716
v 10.819043 80.034485 12.825055
v 10.896956 77.279007 13.275395
v 10.667624 85.778770 6.527245
v 10.974823 85.899551 6.687366
v 10.667616 85.968864 6.884480
v 10.654506 85.955147 6.386959
v 10.819043 84.774231 7.382726
v 10.819043 87.136047 6.932385
v 10.843034 86.325195 6.520394
v 10.818975 93.646057 13.036800
v 10.741131 94.631271 12.374716
v 10.819043 91.875778 12.825055
v 10.896956 94.631271 13.275395
v 10.971003 103.139374 6.363866
v 10.817447 95.616478 13.036797
v 10.741131 94.631271 12.374716
v 10.819043 97.386749 12.825055
v 10.896956 94.631271 13.275395
v 10.667623 103.131035 6.527246
v 10.974823 103.251808 6.687365
v 10.667616 103.321121 6.884480
v 10.654506 103.307396 6.386958
v 10.819043 102.126495 6.932385
v 10.843034 103.677452 6.520395
v 10.818976 110.998322 13.036802
v 10.743642 104.488304 6.482045
v 10.894444 104.488304 7.382725
v 10.741131 111.983536 12.374716
v 10.819043 109.228035 12.825055
v 10.896956 111.983536 13.275395
v 10.665781 16.320530 6.138299
v 10.676705 8.909962 -0.348004
v 10.961727 8.769704 -0.348004
v 10.819041 15.365222 5.687881
v 10.970682 16.374157 6.086334
v 10.659574 16.546129 5.885178
v 11.002793 21.397888 1.681465
v 10.970469 16.546129 6.233308
v 10.592841 17.727036 5.237542
v 10.932142 17.727036 5.913051
v 10.819001 16.904076 6.268888
v 10.676704 24.182297 -0.348004
v 10.896952 22.466770 0.245551
v 10.665781 33.672783 6.138298
v 10.961893 26.345778 -0.348004
v 10.705941 32.717472 5.913052
v 10.970682 33.726414 6.086333
v 10.659952 33.843784 5.931169
v 10.983579 33.912102 5.735788
v 10.970469 33.898376 6.233308
v 11.045242 32.717472 5.237540
v 10.819041 35.079285 5.687881
v 10.819001 34.256332 6.268887
v 10.896952 39.819027 0.245551
v 10.665781 51.025032 6.138298
v 10.676705 43.614468 -0.348004
v 10.961727 43.474209 -0.348004
v 10.819041 50.069725 5.687881
v 10.896952 45.329987 0.245551
v 10.970682 51.078663 6.086333
v 10.659574 51.250629 5.885178
v 10.983579 51.250629 5.747211
v 10.970469 51.250633 6.233307
v 10.894442 52.431534 5.237540
v 10.819001 51.608582 6.268888
v 10.743641 52.431534 6.138222
v 10.794643 68.271835 6.140694
v 10.961727 60.826462 -0.348003
v 10.743641 67.421982 6.138222
v 10.819039 62.682236 0.245551
v 10.970684 68.774857 6.086334
v 10.659574 68.602890 5.885176
v 11.002805 63.751099 1.681464
v 10.970469 68.602882 6.233306
v 10.894442 67.421982 5.237540
v 10.667072 68.777435 6.259273
v 10.676352 76.392372 -0.348004
v 10.819041 69.783791 5.687881
v 10.896952 74.523529 0.245551
v 10.819002 85.597191 6.268893
v 10.676701 78.318970 -0.348005
v 10.961727 78.178711 -0.348004
v 10.819041 84.774231 5.687881
v 10.819039 80.034485 -0.348004
v 10.970682 86.127113 6.086338
v 10.659574 85.955147 5.885177
v 11.002804 81.103355 1.681463
v 10.970469 85.955147 6.233306
v 10.819041 87.136047 5.237541
v 10.819041 87.136047 6.138222
v 10.665781 86.180740 6.138301
v 10.819039 91.875778 -0.348004
v 10.819001 102.949448 6.268887
v 10.676705 95.671227 -0.348004
v 10.961727 95.530968 -0.348004
v 10.819041 102.126495 5.687881
v 10.896952 97.386749 0.245551
v 10.970682 103.479370 6.086334
v 10.659574 103.307396 5.885178
v 10.983579 103.307396 5.747211
v 10.970469 103.307396 6.233308
v 10.592841 104.488304 5.237542
v 10.932142 104.488312 5.913051
v 10.665781 103.532997 6.138299
v 10.896952 109.228035 0.245551
v -10.842963 16.176079 6.520396
v -10.818913 8.855212 13.036796
v -10.935843 10.625485 12.825055
v -10.818974 7.870002 12.674942
v -10.585236 10.625484 13.275395
v -10.667554 16.722494 6.527246
v -10.970403 16.546129 6.895902
v -10.983512 16.546129 6.409804
v -10.662442 16.546129 6.549239
v -11.045175 17.727036 7.382724
v -10.818974 15.365222 6.932385
v -10.970933 16.714155 6.363866
v -10.818914 24.237045 13.036797
v -10.705873 17.727036 6.707215
v -10.818974 25.222254 12.674942
v -10.935843 22.466770 12.825055
v -10.585236 22.466772 13.275395
v -10.970933 33.730354 6.363867
v -10.817369 26.207462 13.036794
v -10.935843 27.977743 12.825055
v -10.818974 25.222254 12.674942
v -10.585236 27.977734 13.275395
v -10.667554 33.722019 6.527248
v -10.975746 33.898376 6.640949
v -10.667546 33.898376 6.895901
v -10.654436 33.898376 6.386958
v -10.818974 32.717472 6.932385
v -10.842964 34.268433 6.520398
v -10.817369 41.589302 13.036792
v -11.045175 35.079285 6.482044
v -10.705873 35.079285 7.157556
v -10.741062 42.574509 12.374716
v -10.818974 39.819027 12.825055
v -10.896887 42.574509 13.275395
v -10.842963 50.880585 6.520397
v -10.817369 43.559715 13.036792
v -10.741062 42.574509 12.374716
v -10.818974 45.329987 12.825055
v -10.896887 42.574509 13.275395
v -10.667554 51.426998 6.527247
v -10.975746 51.250629 6.640949
v -10.667546 51.250629 6.895902
v -10.654435 51.250629 6.386959
v -10.818974 50.069725 7.382725
v -10.818974 50.069725 6.482045
v -10.970933 51.418659 6.363867
v -10.817369 58.941551 13.036796
v -10.818974 52.431534 6.932385
v -10.741062 59.926765 12.374716
v -10.818974 57.171272 12.825055
v -10.896887 59.926765 13.275395
v -10.970933 68.434860 6.363869
v -10.817369 60.911964 13.036794
v -11.045175 67.421982 6.482044
v -10.705873 67.421982 7.157556
v -10.741062 59.926765 12.374716
v -10.818974 62.682236 12.825055
v -10.896887 59.926765 13.275395
v -10.667554 68.426521 6.527249
v -10.975746 68.602882 6.640947
v -10.667546 68.602882 6.895902
v -10.654436 68.602882 6.386961
v -10.818974 69.783791 6.932385
v -10.842963 68.972939 6.520395
v -10.817369 76.293808 13.036791
v -10.741062 77.279007 12.374716
v -10.818974 74.523529 12.825055
v -10.896887 77.279007 13.275395
v -10.970933 85.787109 6.363864
v -10.817376 78.264221 13.036798
v -10.818974 84.774231 6.482044
v -10.741062 77.279007 12.374716
v -10.818974 80.034485 12.825055
v -10.896887 77.279007 13.275395
v -10.779390 86.236473 6.475522
v -10.666259 85.701958 6.605335
v -10.974753 85.899551 6.687365
v -10.667546 85.968864 6.884480
v -10.654436 85.955147 6.386959
v -10.818974 84.774231 7.382726
v -10.818974 87.136047 6.932385
v -10.818907 93.646057 13.036799
v -10.741062 94.631271 12.374716
v -10.818974 91.875778 12.825055
v -10.896887 94.631271 13.275395
v -10.970933 103.139366 6.363864
v -10.817377 95.616478 13.036798
v -10.741062 94.631271 12.374716
v -10.818974 97.386749 12.825055
v -10.896887 94.631271 13.275395
v -10.779390 103.588730 6.475522
v -10.666261 103.054214 6.605333
v -10.974753 103.251816 6.687367
v -10.667546 103.321121 6.884480
v -10.654436 103.307396 6.386959
v -10.818974 102.126495 6.932385
v -10.818907 110.998306 13.036799
v -10.743573 104.488304 6.482045
v -10.894375 104.488304 7.382725
v -10.741062 111.983536 12.374716
v -10.818974 109.228035 12.825055
v -10.896887 111.983536 13.275395
v -10.665711 16.320530 6.138299
v -10.896882 10.625485 0.245551
v -10.970613 16.374157 6.086334
v -10.659505 16.546129 5.885178
v -10.983510 16.546129 5.747211
v -10.970400 16.546129 6.233308
v -10.818972 17.727036 5.237541
v -10.818972 15.365222 5.687881
v -10.818933 16.904076 6.268888
v -10.961658 24.322554 -0.348004
v -10.818972 17.727036 6.138222
v -10.818933 33.540436 6.268888
v -10.743572 32.717472 6.138222
v -10.818971 27.977741 0.245551
v -10.970613 34.070354 6.086333
v -10.659505 33.898380 5.885178
v -11.002724 29.046621 1.681464
v -10.970400 33.898376 6.233308
v -10.894372 32.717472 5.237540
v -10.665711 34.123981 6.138297
v -10.961658 41.674809 -0.348004
v -10.818972 35.079285 5.687881
v -10.741057 39.819027 0.245551
v -10.665711 51.025032 6.138298
v -10.741057 45.329987 0.245551
v -10.970613 51.078663 6.086333
v -10.659505 51.250629 5.885178
v -10.983510 51.250629 5.747211
v -10.970400 51.250629 6.233306
v -10.894372 52.431534 5.237540
v -10.818972 50.069725 5.687881
v -10.818932 51.608582 6.268888
v -10.676636 58.886799 -0.348004
v -10.961658 59.027058 -0.348004
v -10.743572 52.431534 6.138222
v -10.818970 57.171272 0.245551
v -10.665711 68.377289 6.138296
v -10.970613 68.430916 6.086332
v -10.659505 68.602890 5.885177
v -11.002724 63.751125 1.681465
v -10.970400 68.602882 6.233305
v -10.894372 67.421982 5.237540
v -10.743572 67.421982 6.138222
v -10.818933 68.960831 6.268887
v -10.676636 76.239059 -0.348006
v -10.961658 76.379311 -0.348004
v -10.818972 69.783791 5.687881
v -10.818970 77.279007 0.245551
v -10.818933 85.597191 6.268891
v -10.743572 84.774231 6.138222
v -10.741057 80.034485 0.245551
v -10.970613 86.127113 6.086338
v -10.659505 85.955139 5.885180
v -10.983510 85.955139 5.747211
v -10.970400 85.955147 6.233306
v -10.894372 84.774231 5.237540
v -10.665711 86.180740 6.138301
v -10.676631 93.591316 -0.348005
v -10.961658 93.731575 -0.348004
v -10.818972 87.136047 5.687881
v -10.741057 91.875778 0.245551
v -10.879745 102.997498 6.260167
v -10.741057 97.386749 0.245551
v -10.970823 103.513130 6.060913
v -10.659505 103.307396 5.885177
v -11.002735 108.159157 1.681466
v -10.970400 103.307396 6.233307
v -10.818972 102.126495 5.687881
v -10.894372 104.488312 5.237540
v -10.665711 103.532997 6.138300
v -10.676635 110.943573 -0.348004
v -10.961658 111.083832 -0.348004
v -10.743572 104.488312 6.138222
v -10.741057 109.228035 0.245551
v 10.961727 9.249907 -0.348004
v 10.819039 7.894215 0.329852
v 10.819040 10.661488 -0.582107
v 10.819039 25.222254 -0.348004
v 10.819040 25.246466 0.329852
v 10.819040 28.013742 -0.582107
v 10.676352 26.602160 -0.348004
v 10.676698 41.534550 -0.348004
v 10.819039 42.574509 -0.348004
v 10.961727 41.194603 -0.348004
v 10.819039 42.574509 -0.348004
v 10.676704 58.886799 -0.348004
v 10.585301 59.926765 0.245551
v 10.961727 58.546856 -0.348004
v 10.819039 59.926765 -0.348004
v 10.676701 60.966717 -0.348006
v 10.819039 77.279007 -0.348004
v 10.741127 77.279007 0.245551
v 10.585301 94.631271 0.245551
v 10.961727 96.011169 -0.348004
v 10.819039 94.631271 -0.348004
v 10.819039 111.983536 -0.348004
v -10.818970 7.870002 -0.348004
v -10.961658 9.249907 -0.348004
v -10.818971 25.198042 0.329852
v -10.818971 22.430769 -0.582107
v -10.818970 25.222254 -0.348004
v -10.961658 41.194603 -0.348004
v -10.818970 42.574509 -0.348004
v -10.818970 42.574509 -0.348004
v -10.961658 58.546856 -0.348004
v -10.818970 59.926765 -0.348004
v -10.585233 59.926765 -0.941559
v -10.961658 75.899109 -0.348004
v -10.818970 77.279007 -0.941559
v -10.818970 74.523529 -0.348004
v -10.818970 77.279007 -0.348004
v -10.961658 93.251366 -0.348004
v -10.818970 94.631271 -0.348004
v -10.818970 94.631271 -0.348004
v -10.961658 96.011169 -0.348004
v -10.818970 111.983536 -0.348004
v 10.779459 16.264799 -7.171532
v 10.817447 8.855213 -13.732804
v 10.935912 10.625485 -13.521065
v 10.819043 7.870002 -13.370951
v 10.585305 10.625484 -13.971404
v 10.666328 16.799309 -7.301342
v 10.974822 16.490538 -7.383374
v 10.667616 16.559855 -7.580487
v 10.654506 16.546129 -7.082965
v 10.819043 15.365222 -7.628394
v 10.971003 16.714155 -7.059875
v 10.818975 24.237043 -13.732809
v 11.045244 17.727036 -7.178053
v 10.705943 17.727036 -7.853564
v 10.819043 25.222254 -13.370951
v 10.935912 22.466770 -13.521065
v 10.585305 22.466772 -13.971404
v 10.843033 33.528336 -7.216405
v 10.818975 26.207466 -13.732809
v 10.935912 27.977743 -13.521065
v 10.819043 25.222254 -13.370951
v 10.585305 27.977734 -13.971404
v 10.667624 34.074749 -7.223256
v 10.974823 33.953968 -7.383374
v 10.667616 33.884655 -7.580486
v 10.654506 33.898376 -7.082965
v 10.743644 35.079285 -8.078733
v 10.819043 32.717472 -7.628394
v 10.971003 34.066410 -7.059876
v 10.817447 41.589298 -13.732806
v 10.894444 35.079285 -7.178054
v 10.741131 42.574509 -13.070724
v 10.819043 39.819027 -13.521065
v 10.896956 42.574509 -13.971404
v 10.843033 50.880585 -7.216405
v 10.817439 43.559715 -13.732801
v 10.743642 50.069725 -7.178053
v 10.741131 42.574509 -13.070724
v 10.819043 45.329987 -13.521065
v 10.896956 42.574509 -13.971404
v 10.667624 51.426998 -7.223255
v 10.975816 51.250629 -7.336957
v 10.667616 51.250629 -7.591910
v 10.654506 51.250629 -7.082967
v 10.894444 50.069725 -8.078733
v 10.819043 52.431534 -7.628395
v 10.971003 51.418659 -7.059875
v 10.817439 58.941551 -13.732801
v 10.741131 59.926765 -13.070724
v 10.819043 57.171272 -13.521065
v 10.896956 59.926765 -13.971404
v 10.843034 68.232841 -7.216408
v 10.817439 60.911964 -13.732803
v 10.741131 59.926765 -13.070724
v 10.819043 62.682236 -13.521065
v 10.896956 59.926765 -13.971404
v 10.667624 68.779243 -7.223255
v 10.975816 68.602882 -7.336955
v 10.667616 68.602882 -7.591910
v 10.654506 68.602882 -7.082968
v 10.743644 69.783791 -8.078734
v 10.819043 67.421982 -7.628394
v 10.971003 68.770912 -7.059876
v 10.817439 76.293800 -13.732797
v 10.894444 69.783791 -7.178054
v 10.741131 77.279007 -13.070724
v 10.819043 74.523529 -13.521065
v 10.896956 77.279007 -13.971404
v 10.843033 85.585083 -7.216404
v 10.817438 78.264221 -13.732803
v 10.741131 77.279007 -13.070724
v 10.819043 80.034485 -13.521065
v 10.896956 77.279007 -13.971404
v 10.667623 86.131508 -7.223251
v 10.975816 85.955139 -7.336956
v 10.667616 85.955139 -7.591911
v 10.654506 85.955147 -7.082967
v 11.045244 84.774231 -8.078732
v 10.705943 84.774231 -7.403224
v 10.971003 86.123169 -7.059873
v 10.817439 93.646065 -13.732803
v 10.819043 87.136047 -7.628394
v 10.741131 94.631271 -13.070724
v 10.819043 91.875778 -13.521065
v 10.896956 94.631271 -13.971404
v 10.843033 102.937347 -7.216404
v 10.817438 95.616478 -13.732800
v 10.741131 94.631271 -13.070724
v 10.819043 97.386749 -13.521065
v 10.896956 94.631271 -13.971404
v 10.667624 103.483772 -7.223253
v 10.975816 103.307404 -7.336956
v 10.667616 103.307396 -7.591911
v 10.654506 103.307396 -7.082966
v 10.819043 104.488304 -8.078734
v 10.819043 102.126495 -7.628394
v 10.971004 103.475433 -7.059871
v 10.817439 110.998322 -13.732804
v 10.819043 104.488304 -7.178053
v 10.741131 111.983536 -13.070724
v 10.819043 109.228035 -13.521065
v 10.896956 111.983536 -13.971404
v 10.667072 16.371578 -6.955282
v 10.819039 7.870002 -0.941559
v 10.970682 16.374157 -6.782344
v 10.659574 16.546129 -6.581186
v 10.983579 16.546129 -6.443220
v 10.970469 16.546129 -6.929316
v 10.592841 17.727036 -5.933550
v 10.819041 15.365222 -6.383889
v 10.794643 16.877184 -6.836703
v 10.961727 24.322554 -0.348004
v 10.932142 17.727036 -6.609060
v 10.741127 22.466770 -0.941559
v 10.819001 33.540436 -6.964897
v 10.676352 26.108896 -0.348004
v 10.743641 32.717472 -6.834229
v 10.819039 25.222254 -0.941559
v 10.970682 34.070354 -6.782342
v 10.659952 33.843784 -6.627177
v 10.983579 33.912102 -6.431796
v 10.970469 33.898376 -6.929316
v 10.894442 32.717472 -5.933549
v 10.665781 34.123981 -6.834306
v 10.961727 41.674809 -0.348004
v 10.819041 35.079285 -6.383889
v 10.741127 39.819027 -0.941559
v 10.665781 51.025036 -6.834307
v 10.819041 50.069725 -6.834230
v 10.741127 45.329987 -0.941559
v 10.970682 51.078659 -6.782342
v 10.659575 51.250629 -6.581186
v 11.002790 46.398869 -2.377472
v 10.970469 51.250629 -6.929315
v 10.819041 50.069725 -5.933549
v 10.819041 52.431534 -6.383890
v 10.819001 51.608582 -6.964898
v 10.961727 59.027058 -0.348004
v 10.935908 59.926765 -0.644782
v 10.819039 57.171272 -0.348004
v 10.665781 68.377289 -6.834305
v 10.819039 62.682236 -0.941559
v 10.970682 68.430916 -6.782341
v 10.659951 68.657478 -6.627177
v 10.778196 72.247871 -3.388667
v 10.970469 68.602882 -6.929314
v 10.592841 67.421982 -5.933550
v 10.932142 67.421982 -6.609060
v 10.819002 68.960831 -6.964895
v 10.961525 76.108452 -0.387604
v 10.819041 69.783791 -6.383889
v 10.741127 74.523529 -0.941559
v 10.667072 85.780586 -6.955285
v 10.896952 77.279007 -0.941559
v 10.970682 85.783165 -6.782344
v 10.659951 86.009735 -6.627178
v 10.778197 89.600136 -3.388667
v 10.970469 85.955147 -6.929315
v 10.894442 87.136047 -5.933549
v 10.819041 84.774231 -6.383890
v 10.794643 86.286194 -6.836704
v 10.676352 93.744629 -0.348004
v 10.961525 93.460716 -0.387606
v 10.743641 87.136047 -6.834229
v 10.935908 94.631271 -0.644782
v 10.819002 102.949448 -6.964897
v 10.819041 102.126495 -6.383889
v 10.741127 97.386749 -0.941559
v 10.970682 103.479370 -6.782344
v 10.659574 103.307396 -6.581185
v 11.002805 108.159157 -2.377475
v 10.970469 103.307396 -6.929315
v 10.819041 104.488312 -5.933549
v 10.665781 103.532997 -6.834309
v 10.676703 110.943573 -0.348004
v 10.961727 111.083832 -0.348004
v 10.819041 104.488304 -6.834229
v 10.741127 109.228035 -0.941559
v -10.817369 8.855210 -13.732803
v -10.818974 7.870002 -13.370951
v -10.935843 10.625486 -13.521065
v -10.585236 10.625484 -13.971404
v -10.779390 16.264799 -7.171531
v -10.666259 16.799309 -7.301342
v -10.975746 16.546129 -7.336957
v -10.667546 16.546129 -7.591910
v -10.654436 16.546129 -7.082965
v -10.894375 17.727036 -8.078733
v -10.818974 15.365222 -7.628395
v -10.970933 16.714155 -7.059875
v -10.817369 24.237047 -13.732803
v -10.743573 17.727036 -7.178053
v -10.935843 22.466770 -13.521065
v -10.818974 25.222254 -13.370951
v -10.585236 22.466772 -13.971404
v -10.970933 33.730354 -7.059876
v -10.817369 26.207462 -13.732803
v -10.818974 25.222254 -13.370951
v -10.935843 27.977741 -13.521065
v -10.585236 27.977734 -13.971404
v -10.666259 33.645203 -7.301345
v -10.975746 33.898376 -7.336957
v -10.667546 33.898376 -7.591909
v -10.654436 33.898376 -7.082965
v -10.818974 32.717472 -7.628394
v -10.779390 34.179714 -7.171533
v -10.817369 41.589302 -13.732803
v -11.045175 35.079285 -7.178053
v -10.705873 35.079285 -7.853564
v -10.741062 42.574509 -13.070724
v -10.818974 39.819027 -13.521065
v -10.896887 42.574509 -13.971404
v -10.970933 51.082603 -7.059875
v -10.817369 43.559715 -13.732800
v -10.743573 50.069725 -7.178053
v -10.894375 50.069725 -8.078733
v -10.741062 42.574509 -13.070724
v -10.818974 45.329987 -13.521065
v -10.896887 42.574509 -13.971404
v -10.667554 51.074268 -7.223256
v -10.975746 51.250633 -7.336956
v -10.667546 51.250629 -7.591910
v -10.654436 51.250633 -7.082965
v -10.818974 52.431534 -7.628395
v -10.842963 51.620686 -7.216404
v -10.817369 58.941551 -13.732803
v -10.741062 59.926765 -13.070724
v -10.818974 57.171272 -13.521065
v -10.896887 59.926765 -13.971404
v -10.970933 68.434860 -7.059875
v -10.817369 60.911964 -13.732801
v -10.741062 59.926765 -13.070724
v -10.818974 62.682236 -13.521065
v -10.896887 59.926765 -13.971404
v -10.667553 68.426521 -7.223255
v -10.975746 68.602890 -7.336958
v -10.667546 68.602882 -7.591910
v -10.654436 68.602882 -7.082967
v -10.818974 69.783791 -8.078734
v -10.818974 67.421982 -7.628394
v -10.842963 68.972931 -7.216403
v -10.817369 76.293808 -13.732801
v -10.818974 69.783791 -7.178053
v -10.741062 77.279007 -13.070724
v -10.818974 74.523529 -13.521065
v -10.896887 77.279007 -13.971404
v -10.842963 85.585083 -7.216403
v -10.817376 78.264221 -13.732808
v -10.743573 84.774231 -7.178053
v -10.894375 84.774231 -8.078733
v -10.741062 77.279007 -13.070724
v -10.818974 80.034485 -13.521065
v -10.896887 77.279007 -13.971404
v -10.667554 86.131508 -7.223252
v -10.974753 85.899551 -7.383374
v -10.667546 85.968864 -7.580489
v -10.654436 85.955147 -7.082967
v -10.818974 87.136047 -7.628395
v -10.970933 86.123169 -7.059874
v -10.818906 93.646057 -13.732809
v -10.741062 94.631271 -13.070724
v -10.818974 91.875778 -13.521065
v -10.896887 94.631271 -13.971404
v -10.970933 103.139374 -7.059874
v -10.817377 95.616478 -13.732806
v -10.741062 94.631271 -13.070724
v -10.818974 97.386749 -13.521065
v -10.896887 94.631271 -13.971404
v -10.667553 103.131035 -7.223255
v -10.974753 103.251808 -7.383372
v -10.667546 103.321121 -7.580489
v -10.654436 103.307396 -7.082965
v -10.818974 104.488304 -8.078734
v -10.818974 102.126495 -7.628394
v -10.842964 103.677452 -7.216403
v -10.818907 110.998322 -13.732811
v -10.818974 104.488304 -7.178053
v -10.741062 111.983536 -13.070724
v -10.818974 109.228035 -13.521065
v -10.896887 111.983536 -13.971404
v -10.794574 16.215075 -6.836702
v -10.676635 8.909962 -0.348004
v -10.961658 8.769704 -0.348004
v -10.741057 10.625485 -0.941559
v -10.970613 16.718100 -6.782343
v -10.659506 16.546129 -6.581187
v -11.002724 21.397888 -2.377473
v -10.970400 16.546129 -6.929316
v -10.818972 17.727036 -5.933549
v -10.818972 15.365222 -6.383890
v -10.667004 16.720678 -6.955282
v -10.676636 24.182297 -0.348005
v -10.818972 17.727036 -6.834230
v -10.818970 25.222254 -0.941559
v -10.665711 33.672783 -6.834307
v -10.676635 26.262215 -0.348004
v -10.961658 26.121956 -0.348004
v -10.743572 32.717472 -6.834229
v -10.818970 27.977741 -0.941560
v -10.970613 33.726414 -6.782342
v -10.659506 33.898376 -6.581185
v -10.983510 33.898376 -6.443219
v -10.970400 33.898376 -6.929316
v -10.894372 32.717472 -5.933549
v -10.818972 35.079285 -6.383890
v -10.818932 34.256332 -6.964898
v -10.676636 41.534550 -0.348003
v -10.896882 39.819027 -0.941559
v -10.665711 51.025036 -6.834307
v -10.676635 43.614468 -0.348005
v -10.961658 43.474209 -0.348004
v -10.818972 50.069725 -6.383889
v -10.896882 45.329987 -0.941559
v -10.970613 51.078659 -6.782342
v -10.659505 51.250629 -6.581185
v -11.002722 46.398869 -2.377472
v -10.970400 51.250633 -6.929316
v -10.894372 52.431534 -5.933549
v -10.818932 51.608582 -6.964898
v -10.743572 52.431534 -6.834229
v -10.818970 57.171272 -0.941559
v -10.665711 68.377289 -6.834305
v -10.676635 60.966717 -0.348003
v -10.961658 60.826462 -0.348005
v -10.818972 67.421982 -6.834229
v -10.935839 59.926765 -0.051227
v -10.818970 62.682236 -0.348004
v -10.970613 68.430916 -6.782341
v -10.659505 68.602890 -6.581186
v -10.983510 68.602882 -6.443221
v -10.970400 68.602882 -6.929315
v -10.818972 67.421982 -5.933549
v -10.818933 68.960831 -6.964898
v -10.818972 69.783791 -6.383889
v -10.667004 85.780586 -6.955285
v -10.676282 78.165649 -0.348004
v -10.961455 78.449570 -0.387605
v -10.818972 84.774231 -6.383889
v -10.896882 80.034485 -0.941559
v -10.970614 85.783165 -6.782345
v -10.659882 85.900543 -6.627178
v -10.778128 82.310150 -3.388667
v -10.970400 85.955147 -6.929315
v -10.894372 87.136047 -5.933549
v -10.794574 86.286194 -6.836703
v -10.743572 87.136047 -6.834229
v -10.896882 91.875778 -0.941559
v -10.818932 102.949448 -6.964896
v -10.676635 95.671227 -0.348004
v -10.961658 95.530968 -0.348004
v -10.818972 102.126495 -6.383889
v -10.896882 97.386749 -0.941559
v -10.970613 103.479370 -6.782344
v -10.659505 103.307396 -6.581186
v -10.983510 103.307396 -6.443219
v -10.970400 103.307396 -6.929316
v -10.592772 104.488304 -5.933550
v -10.932073 104.488312 -6.609060
v -10.665711 103.532997 -6.834308
v -10.896882 109.228035 -0.941559
v -4.513347 135.665314 10.484638
v 4.843289 135.504761 -10.091339
v -5.192561 128.946686 10.585465
v -5.358683 135.668137 -10.586541
v 4.484325 135.666840 10.529897
v 5.334182 135.488495 -10.867186
v -4.738731 128.927887 -11.009376
v 5.183685 128.954453 -10.640999
v 5.457986 128.922607 9.978720
v -10.954506 6.332224 21.875109
v 11.119926 6.332224 21.308544
v -10.777875 6.332224 -21.609037
v 10.569708 6.332224 -22.117514
v 11.119927 117.659042 -21.308645
v 10.569708 117.659042 22.117413
v -10.777873 117.659042 21.608936
v -10.954506 117.659042 -21.875210
v 11.372824 5.489209 22.413603
v 12.016279 119.822487 18.923264
v 6.932205 119.873749 24.108271
v 11.219541 5.378638 11.978810
v 11.323807 119.908455 11.999542
v 7.537158 5.486856 21.222914
v 7.174959 119.804253 20.632597
v 11.660105 5.462512 -3.366433
v 11.412026 117.698120 -0.881275
v 12.025148 65.490334 -7.975281
v 10.955586 118.672821 -7.977077
v 10.461983 65.482986 -1.061310
v 9.886732 118.672783 -1.061310
v 11.565120 6.704828 14.414000
v 8.464153 118.586807 22.186916
v 11.310708 118.579796 14.224925
v 8.088991 6.706210 22.329865
v 10.715968 65.485580 -6.845411
v 10.886928 117.337349 -6.665874
v -11.372684 5.489209 22.413601
v -12.016140 119.822487 18.923264
v -6.932066 119.873749 24.108269
v -11.219401 5.378638 11.978810
v -11.323668 119.908455 11.999542
v -7.537019 5.486856 21.222914
v -7.174820 119.804253 20.632597
v -11.659966 6.706652 -3.366433
v -11.411887 118.942261 -0.881275
v -12.025009 66.734474 -7.975281
v -10.955447 119.916962 -7.977077
v -10.461844 66.727127 -1.061310
v -9.886593 119.916924 -1.061310
v -11.564981 6.704828 14.413998
v -8.088853 6.706210 22.329865
v -8.464015 118.586807 22.186916
v -11.310570 118.579796 14.224923
v -10.715830 66.729721 -6.845411
v -10.886789 118.581490 -6.665874
v -9.876654 44.584869 20.159805
v -10.603482 44.980370 -18.008066
v 9.876723 44.697868 -20.159805
v 9.876723 44.656776 20.159805
v -8.422996 44.057537 -21.235676
v -9.876654 84.906929 20.159805
v 10.603552 84.115936 18.008064
v 9.876723 84.906929 -20.159805
v 9.345579 85.471916 20.614983
v -9.876654 84.748734 -20.159805
v -12.084206 0.180575 9.336792
v -12.347185 0.707666 9.424420
v -12.302997 1.784031 9.432151
v -12.381541 1.768244 9.418898
v -12.087439 2.342400 9.339799
v -12.347187 0.707667 9.256632
v -12.302998 1.784031 9.248900
v -12.381541 1.768244 9.262154
v -12.338113 -0.000000 9.551209
v -10.275958 0.030654 11.236634
v -10.275959 0.060707 7.444413
v -12.433529 2.702781 9.129851
v -11.832555 0.180796 13.057004
v -12.051384 0.710546 13.138900
v -12.095572 1.786911 13.146631
v -12.129924 0.726332 13.152154
v -11.835631 2.339516 13.055809
v -12.095572 0.707667 12.978843
v -12.051384 1.784031 12.971111
v -12.129924 1.768244 12.984365
v -12.086501 -0.000000 13.273420
v -10.506242 0.030654 14.958848
v -10.506248 0.060707 11.166626
v -12.181915 2.702781 12.852063
v -11.837953 2.362971 5.612733
v -12.095576 0.707667 5.534419
v -12.051388 1.784031 5.526688
v -12.129930 1.768244 5.539941
v -11.832561 0.180804 5.612578
v -12.095576 0.707667 5.702208
v -12.051388 1.784031 5.709939
v -12.129930 1.768244 5.696686
v -12.086504 -0.000000 5.407630
v -10.506251 0.060707 3.722202
v -10.506248 0.030654 7.514423
v -12.181919 2.702782 5.828989
v -12.081353 0.195850 -9.336576
v -12.347192 0.707667 -9.424419
v -12.303004 1.784031 -9.432151
v -12.381547 1.768245 -9.418898
v -12.082777 2.311723 -9.341169
v -12.347192 0.707667 -9.256630
v -12.303004 1.784031 -9.248899
v -12.381547 1.768245 -9.262153
v -12.338120 -0.000000 -9.551207
v -10.275965 0.060707 -11.236634
v -10.275964 0.030654 -7.444413
v -12.433535 2.702781 -9.129848
v -11.832600 0.180575 -13.066473
v -12.051390 0.710546 -13.138900
v -12.095579 1.786911 -13.146630
v -12.129932 0.726333 -13.152152
v -11.835832 2.342400 -13.063465
v -12.095579 0.707666 -12.978842
v -12.051390 1.784031 -12.971111
v -12.129932 1.768245 -12.984364
v -12.086509 -0.000000 -13.273419
v -10.506251 0.030654 -14.958848
v -10.506254 0.060707 -11.166625
v -12.181923 2.702781 -12.852062
v -11.837955 2.362964 -5.623910
v -12.095579 0.707668 -5.534418
v -12.051393 1.784031 -5.526687
v -12.129934 1.768244 -5.539940
v -11.832682 0.180181 -5.622609
v -12.095579 0.707668 -5.702207
v -12.051393 1.784031 -5.709938
v -12.129934 1.768244 -5.696685
v -12.086510 -0.000000 -5.407630
v -10.506253 0.060707 -3.722201
v -10.506253 0.030654 -7.514423
v -12.181925 2.702782 -5.828988
v 12.081544 0.195075 -9.334620
v 12.347325 0.707667 -9.424411
v 12.303137 1.784031 -9.432142
v 12.381680 1.768244 -9.418888
v 12.083035 2.313852 -9.333135
v 12.303137 0.710546 -9.264354
v 12.347325 1.786911 -9.256622
v 12.381680 0.726333 -9.251100
v 12.338251 -0.000000 -9.551200
v 10.276094 0.060707 -11.236628
v 10.276094 0.030654 -7.444405
v 12.433666 2.702781 -9.129842
v 11.830198 0.192950 -13.060462
v 12.095708 0.707666 -13.146624
v 12.051520 1.784031 -13.154354
v 12.130062 1.768245 -13.141101
v 11.838114 2.363168 -13.062325
v 12.095708 0.707666 -12.978834
v 12.051520 1.784031 -12.971103
v 12.130062 1.768245 -12.984356
v 12.086638 -0.000000 -13.273411
v 10.506383 0.030654 -14.958839
v 10.506385 0.060707 -11.166618
v 12.182055 2.702781 -12.852053
v 11.838088 2.362975 -5.612710
v 12.095712 0.707668 -5.534410
v 12.051524 1.784031 -5.526680
v 12.130066 1.768244 -5.539933
v 11.832815 0.180179 -5.614011
v 12.095712 0.707668 -5.702199
v 12.051524 1.784031 -5.709930
v 12.130066 1.768244 -5.696677
v 12.086641 -0.000000 -5.407622
v 10.506387 0.060707 -3.722193
v 10.506385 0.030654 -7.514415
v 12.182055 2.702782 -5.828980
v 12.347322 0.707667 9.424429
v 12.303132 1.784031 9.432158
v 12.381678 1.768244 9.418907
v 12.083035 2.313846 9.347938
v 12.081543 0.195077 9.346454
v 12.347323 0.707666 9.256639
v 12.303135 1.784031 9.248908
v 12.381678 1.768245 9.262161
v 12.338250 -0.000000 9.551216
v 10.276097 0.060707 11.236644
v 10.276097 0.030654 7.444421
v 12.433666 2.702781 9.129859
v 12.095709 0.707666 13.146639
v 12.051520 1.784031 13.154370
v 12.130064 1.768245 13.141117
v 11.838115 2.363163 13.062378
v 11.829854 0.196057 13.058830
v 12.095709 0.707666 12.978850
v 12.051520 1.784031 12.971119
v 12.130064 1.768245 12.984372
v 12.086639 -0.000000 13.273428
v 10.506383 0.030654 14.958856
v 10.506385 0.060707 11.166634
v 12.182055 2.702781 12.852070
v 11.835774 2.339519 5.611398
v 12.095712 0.707668 5.534427
v 12.051524 1.784031 5.526696
v 12.130066 1.768244 5.539949
v 11.832697 0.180800 5.612594
v 12.095712 0.707668 5.702216
v 12.051524 1.784031 5.709947
v 12.130066 1.768244 5.696693
v 12.086641 -0.000000 5.407639
v 10.506387 0.060707 3.722210
v 10.506385 0.030654 7.514431
v 12.182055 2.702782 5.828997
v 5.135553 135.510239 9.232610
v -4.266636 135.510239 -10.528672
v -5.135484 135.510239 -9.232633
v -5.130732 135.510239 9.249592
v 6.119745 120.637787 20.245413
v 4.327569 140.633636 -10.542022
v 5.103070 140.311996 9.179088
v -0.160372 140.248215 10.346889
v -5.200099 140.669327 9.286267
v -5.138600 140.397369 -9.232154
v -5.024264 140.293839 -0.245205
v 5.126024 140.395111 0.241755
v 5.160608 140.448578 -9.373081
v -4.181902 140.528107 -10.687041
v -4.331005 140.761200 10.709410
v 0.160839 140.231873 -10.342852
v 4.561856 140.749207 10.632055
v 5.258464 140.842468 -9.317899
v -5.125816 135.510239 9.236671
v 5.126024 135.510239 9.236672
v 4.258047 135.510239 10.521474
v 5.126024 135.510239 -9.236696
v -4.257839 135.510239 10.521474
v -4.257839 135.510239 -10.521497
v 0.163435 136.745087 -10.521497
v 0.000104 137.496429 -10.521497
v 0.000104 138.489517 -10.521497
v 0.000104 139.482620 -10.521497
v -5.125816 135.510239 -9.236696
v 4.229321 137.254669 10.522881
v 4.324043 138.247757 10.460419
v 4.324043 139.240845 10.460419
v -4.229113 137.254669 -10.522903
v -4.300813 138.247757 -10.481740
v -4.229113 139.240845 -10.522903
v -5.125816 138.489517 -0.000012
v -5.125816 136.745087 -0.241778
v -4.300813 137.738190 10.481717
v -4.300813 138.731277 10.481717
v 5.126024 139.724380 0.241755
v 5.134405 138.050903 -0.153373
v 5.126024 136.745087 0.241755
v 5.126507 139.240845 -9.191633
v 5.058904 138.093597 -9.307547
v 5.095452 137.254669 -9.307089
v 4.324043 139.724380 -10.460442
v 4.301021 138.731277 -10.481740
v 4.324043 137.738190 -10.460442
v 4.258048 135.510239 -10.521497
v 0.000104 137.496429 10.521474
v -0.163227 136.745087 10.521474
v -5.126299 137.254669 9.191609
v 4.937259 139.724213 -9.252448
v 4.094716 139.724380 -10.521497
v 4.093438 140.232742 -10.391401
v 5.126507 139.724380 9.191609
v -4.229113 139.724380 10.522881
v -0.163227 139.724380 10.391306
v -5.092004 139.821701 0.266817
v -5.126299 139.724380 -9.191632
v -5.037878 139.724380 -0.241778
v -0.183978 139.974655 -10.337552
v -4.140785 139.724304 -10.313678
v 5.067399 139.724380 -8.994921
v 5.038135 140.232742 -8.993019
v 4.981220 139.816269 -0.259190
v -5.104631 139.724380 9.269042
v 4.303636 139.795746 10.231172
v 4.938722 140.232178 9.303633
v -4.281919 139.911240 -10.302484
v 4.094720 139.724380 10.417339
v 0.182648 139.925064 10.446630
v 0.163435 136.745087 10.391306
v 4.134347 137.227646 10.348665
v 0.163435 137.254669 10.372711
v 0.163435 137.738190 10.391306
v 4.094716 137.908035 10.521474
v 0.163435 138.247757 10.372711
v 0.163435 138.731277 10.391306
v 4.094716 138.901138 10.521474
v 0.163435 139.240845 10.372711
v -4.298716 136.745087 -10.240088
v -4.216914 137.738190 -10.256232
v 4.993279 137.223358 9.317580
v 4.211615 137.940903 10.256827
v 4.215765 138.731277 10.255436
v -4.960578 136.745087 9.333993
v -4.299921 136.944672 10.230609
v -4.290423 138.247757 10.227795
v -4.926380 137.896515 9.278767
v -5.118271 138.731277 9.230905
v -4.298713 139.240845 10.240069
v 5.050649 136.745087 -8.994932
v 5.126024 137.254669 -8.994927
v 5.032496 136.957321 -0.127349
v 5.050649 137.738190 -8.994927
v 5.436238 138.145569 -3.108724
v 5.050649 138.731277 -8.994920
v 5.024787 139.102890 -0.237035
v -0.163227 136.745087 -10.391330
v -4.134348 137.227768 -10.348785
v -0.163227 137.254669 -10.372734
v -0.163227 137.738190 -10.391330
v -4.094507 137.908035 -10.521497
v -0.163227 138.247757 -10.372734
v -0.163227 138.731277 -10.309975
v -4.119606 139.183716 -10.369743
v -0.163227 139.240845 -10.372734
v -5.020291 137.254669 -0.241778
v -5.042595 137.003082 -8.989097
v -5.025316 137.738190 -0.241778
v -4.973391 138.247757 -0.241778
v -5.000481 138.024460 -8.989212
v -5.160210 138.081680 -9.198510
v -5.018543 138.969299 -0.214370
v -5.003411 139.226089 -9.075412
v -5.025316 137.254669 0.241755
v -5.050441 137.738190 8.994891
v -5.094510 137.927505 0.254948
v -5.020291 138.731277 0.241755
v -5.025316 139.240845 0.241755
v -4.090019 136.804962 10.416261
v -0.163227 137.254669 10.309952
v -4.094507 137.738190 10.521474
v -0.166310 138.493317 10.455589
v -4.094507 138.247757 10.391306
v -4.094507 138.731277 10.521474
v -4.116047 139.240753 10.329379
v 5.076797 136.998383 8.986375
v 5.020499 137.254669 0.241755
v 5.126507 137.738190 9.191609
v 4.974493 137.974777 0.281244
v 4.999734 138.220673 9.071362
v 5.126507 138.731277 9.191609
v 5.025524 138.731277 0.241755
v 5.020499 139.240845 0.241755
v 0.163435 137.254669 -10.309975
v 4.089420 136.820999 -10.422632
v 4.094716 137.738190 -10.521497
v 0.157536 137.853195 -10.376994
v 4.094716 138.247757 -10.391330
v 4.094716 138.731277 -10.521497
v 0.163677 138.794556 -10.371147
v 4.094718 139.240845 -10.391330
v 4.948348 136.745102 -9.315613
v 4.343811 137.254822 -10.327787
v 4.298921 138.247757 -10.240092
v 4.298924 139.240845 -10.240088
v 4.204049 140.455032 -10.239576
v 0.000104 140.736038 10.261138
v -5.020489 140.663956 -9.151464
v -4.949941 140.736038 -0.000012
v 4.950149 140.736038 -0.000012
v 5.007579 140.593826 -9.181803
v 5.033974 140.625397 9.134979
v -4.165394 140.551895 -10.368513
v -5.034372 140.614243 9.111722
v 0.000104 140.736038 -10.261162
v 4.130053 140.569916 10.397946
v -4.949942 135.510239 -9.128846
v 4.950168 135.510239 9.128776
v 4.185146 135.510239 10.261167
v -4.184956 135.510239 10.261155
v -4.184956 135.510239 -10.261178
v 0.163435 136.745087 -10.261162
v 0.163435 139.724380 -10.307104
v -4.920372 138.076279 -9.233547
v -4.946264 137.248917 -9.282009
v 4.183337 139.240891 10.255804
v -4.197078 138.247757 -10.243780
v -4.949941 136.745087 -0.241778
v 4.950149 136.745087 0.241755
v 4.938400 138.247757 -9.146723
v 4.938406 137.254669 -9.146752
v 4.950161 135.510239 -9.128810
v 4.185147 135.510239 -10.261189
v -0.163227 138.247757 10.309952
v -0.163227 136.745087 10.261139
v -4.996040 138.247757 9.030293
v -4.955585 135.736298 8.707001
v 4.950149 139.724380 8.994905
v 4.950487 140.064102 0.241755
v -4.084574 139.944382 10.298295
v -4.949941 139.724380 0.241755
v -4.965209 139.899307 8.970199
v -4.939054 139.337585 9.146120
v -4.251909 140.338577 10.358286
v 4.886170 139.724380 9.223540
v -4.886606 140.064117 -9.224520
v 0.163435 139.724380 10.261139
v -4.248968 137.254669 -10.166457
v -4.948143 138.986069 -9.315603
v -4.269334 139.148407 -10.192140
v 4.275348 137.232254 10.213306
v 4.948351 137.992966 9.315584
v 4.929523 139.086594 9.232619
v -4.885961 137.254669 9.223542
v -4.957342 138.994965 9.337580
v 4.950149 137.738190 -0.241779
v 4.950149 139.240845 -8.994927
v -4.949941 138.731277 -8.994927
v -5.025873 136.989639 9.023160
v -4.949941 137.738190 0.241755
v -5.055468 138.986069 8.994900
v -4.196669 137.738190 10.245053
v -4.197104 138.731277 10.243766
v -0.183373 138.841278 10.321653
v 4.961386 137.353439 9.065842
v 5.000591 138.976227 8.974723
v 4.196701 137.641479 -10.245011
v 4.197285 138.731277 -10.243780
v 4.927876 138.976562 -9.279916
v -4.292588 140.083237 -8.832546
v -4.252263 140.081711 8.885977
v 4.245898 140.094116 -8.901992
v 4.291397 140.066666 8.821900
v -4.097225 135.512085 -8.857533
v 4.098053 135.511810 8.856467
v 4.265040 135.512085 -8.609415
v -4.265914 135.511536 8.606595
vn -0.0000 1.0000 -0.0000
vn 0.7899 -0.3022 -0.5336
vn -0.7974 -0.2721 0.5387
vn 0.8649 0.1444 -0.4807
vn 0.2452 0.9552 -0.1657
vn -0.0018 0.9894 0.1453
vn -0.9953 -0.0956 0.0128
vn -0.9999 0.0007 -0.0125
vn -0.0000 -0.2980 0.9546
vn 0.9385 0.3453 -0.0000
vn 0.7696 0.3707 0.5199
vn -0.0000 0.4313 -0.9022
vn 0.3330 0.9429 -0.0000
vn 0.0021 -0.9778 -0.2096
vn -0.7892 0.6142 -0.0000
vn 0.3964 -0.9181 0.0008
vn -0.9994 -0.0332 -0.0079
vn -0.9511 0.3088 -0.0000
vn 0.2495 0.9536 0.1685
vn -0.9501 -0.3120 -0.0000
vn -0.7191 -0.4970 -0.4858
vn 0.7893 0.3046 0.5332
vn 0.9982 -0.0590 -0.0043
vn 0.9599 -0.2802 -0.0000
vn 0.7658 0.3818 -0.5174
vn 0.1976 0.9258 0.3223
vn 0.0311 0.3967 -0.9174
vn -0.7561 0.4091 0.5108
vn 0.3609 0.9326 -0.0000
vn -0.2613 0.9653 -0.0010
vn -0.0000 0.9073 -0.4204
vn -0.0001 1.0000 -0.0000
vn -0.7985 0.0117 -0.6018
vn -0.0000 0.5039 0.8638
vn -0.0000 0.8028 -0.5962
vn -0.0000 0.4857 0.8741
vn -0.0240 -0.0493 -0.9985
vn -0.7566 0.4079 -0.5111
vn -0.0000 -0.4733 0.8809
vn -0.7892 0.6141 -0.0000
vn -0.0000 0.9734 0.2290
vn -0.0180 -0.9713 0.2372
vn 0.0048 -0.9826 -0.1855
vn -0.9719 0.2351 -0.0105
vn 0.0240 0.0020 -0.9997
vn -0.0000 -0.3861 -0.9224
vn -0.0000 0.4263 0.9046
vn -0.0257 -0.1452 0.9891
vn -0.2920 -0.9564 0.0010
vn 0.0074 -0.9365 0.3506
vn 0.0282 0.9996 0.0088
vn -0.7999 -0.2610 -0.5404
vn 0.0018 -0.9752 0.2215
vn -0.6572 -0.6091 0.4440
vn -0.0260 -0.0004 0.9997
vn -0.0000 0.8974 0.4412
vn 0.9999 -0.0139 -0.0041
vn -0.0000 -0.3654 -0.9308
vn 0.0062 -0.9666 0.2561
vn 0.3430 -0.9393 0.0027
vn 0.7897 -0.3028 0.5335
vn 0.9950 -0.0992 -0.0086
vn 0.2651 0.9642 -0.0011
vn -0.9975 -0.0706 -0.0046
vn -0.0060 -0.0206 -0.9998
vn 0.0259 -0.0554 -0.9981
vn -0.0020 -0.0445 0.9990
vn 0.9990 -0.0446 -0.0002
vn -1.0000 -0.0002 0.0044
vn -0.0000 1.0000 -0.0005
vn 0.9993 -0.0384 -0.0012
vn 0.0037 -0.0616 0.9981
vn 0.9995 -0.0288 0.0121
vn -0.6657 0.0001 0.7463
vn -0.7175 -0.2796 -0.6380
vn -0.7460 0.0002 -0.6660
vn -0.4518 0.8921 0.0008
vn -0.0000 -0.9126 -0.4089
vn 0.9866 0.1634 0.0017
vn 0.4025 0.8989 0.1731
vn 0.0416 -0.9991 0.0012
vn -0.3411 0.9400 -0.0000
vn -0.8135 -0.1903 -0.5496
vn -0.0004 -0.9735 -0.2286
vn 0.9985 -0.0551 -0.0000
vn 0.8135 -0.1903 0.5496
vn 0.0617 0.2334 0.9704
vn -0.9958 0.0894 -0.0205
vn -0.8135 0.1903 0.5496
vn 0.0051 0.2382 -0.9712
vn 0.9918 0.1264 0.0193
vn 0.8135 0.1903 -0.5496
vn 0.0001 0.9997 -0.0262
vn -0.0000 -1.0000 -0.0000
vn 0.9470 -0.3206 0.0174
vn -0.5373 -0.8434 -0.0086
vn -0.4809 0.8192 -0.3126
vn -0.0000 -0.9005 -0.4348
vn 0.4753 0.8798 0.0089
vn 0.8034 -0.1914 0.5638
vn -0.0022 -1.0000 0.0035
vn -0.6774 0.7356 -0.0000
vn -0.0000 -0.8751 -0.4839
vn -0.7205 -0.6934 -0.0071
vn -0.0190 -0.9621 -0.2721
vn -0.6095 0.6867 -0.3962
vn -0.0000 -0.8916 -0.4527
vn 0.6366 0.7712 0.0078
vn -0.0018 1.0000 -0.0029
vn -0.0027 -1.0000 0.0045
vn -0.9866 0.1631 0.0017
vn 0.0082 0.3782 -0.9257
vn -0.8135 0.1903 -0.5496
vn 0.8135 0.1903 0.5496
vn -0.7953 -0.6062 0.0075
vn -0.6557 0.6114 0.4430
vn 0.0179 0.8275 -0.5612
vn 0.9867 0.1616 -0.0166
vn 0.7097 -0.5162 -0.4794
vn 0.0569 -0.2338 0.9706
vn -0.5522 -0.8337 -0.0085
vn -0.8135 -0.1903 0.5496
vn -0.5673 0.7289 -0.3833
vn 0.5013 0.8653 0.0088
vn 0.8135 -0.1903 -0.5496
vn 0.0192 0.8882 0.4591
vn 0.6460 -0.6263 0.4364
vn 0.0051 1.0000 0.0014
vn -0.0029 1.0000 -0.0047
vn -0.9909 0.1331 -0.0177
vn 0.9888 0.1480 0.0199
vn -0.0018 1.0000 -0.0030
vn 0.7092 -0.7050 -0.0004
vn 0.0001 1.0000 -0.0000
vn -0.0000 0.9507 0.3102
vn -0.3009 0.9537 -0.0000
vn -0.0000 -0.9667 -0.2559
vn 0.6531 -0.7572 -0.0000
vn -0.0000 -0.8659 0.5002
vn 0.0052 0.2375 0.9714
vn -0.9891 0.1460 -0.0190
vn 0.9873 0.1580 0.0189
vn -0.0063 -1.0000 -0.0018
vn 0.9703 -0.2411 0.0182
vn -0.0008 -0.9343 0.3565
vn -0.6699 -0.7424 0.0087
vn -0.5330 0.7656 0.3601
vn -0.0048 0.9498 -0.3129
vn 0.9867 0.1616 -0.0160
vn 0.6142 -0.6713 -0.4149
vn 0.5818 0.7517 0.3104
vn 0.0049 0.7499 -0.6615
vn 0.0043 -1.0000 0.0012
vn -0.0207 -0.9519 0.3056
vn -0.5715 -0.8205 0.0083
vn -0.4515 0.8385 0.3050
vn 0.0208 0.9624 -0.2709
vn 0.9986 -0.0502 -0.0185
vn 0.5383 -0.7603 -0.3636
vn -0.0010 1.0000 0.0003
vn -0.0003 1.0000 0.0005
vn -0.6610 -0.7503 -0.0076
vn -0.0200 -0.9644 -0.2637
vn -0.5615 0.7428 -0.3647
vn 0.5772 0.8165 0.0083
vn 0.8027 -0.1948 0.5637
vn -0.0009 1.0000 -0.0015
vn 0.0001 -1.0000 -0.0000
vn -0.0000 -0.1611 0.9869
vn -0.9765 0.2154 0.0022
vn 0.0052 0.2375 -0.9714
vn 0.9939 0.1098 0.0011
vn 0.0051 0.2382 0.9712
vn 0.0084 -1.0000 -0.0024
vn -0.6850 0.7285 -0.0108
vn -0.0207 -0.9509 -0.3089
vn -0.4562 0.8348 -0.3082
vn 0.5154 0.8569 0.0087
vn 0.0208 0.9615 0.2742
vn 0.5420 -0.7564 0.3662
vn -0.0004 1.0000 -0.0007
vn 0.0224 0.9616 0.2737
vn -0.0000 -0.1611 -0.9869
vn -0.0028 -0.9676 -0.2523
vn -0.0541 0.3468 -0.9364
vn -0.0017 -0.2378 -0.9713
vn 0.9985 -0.0548 0.0011
vn 0.0135 -0.9999 -0.0038
vn -0.0002 -1.0000 -0.0000
vn -0.4513 0.8924 0.0010
vn 0.4246 0.8853 0.1896
vn 0.0529 -0.9986 -0.0013
vn -0.6825 -0.7309 0.0074
vn -0.5552 0.7424 0.3751
vn 0.0193 0.8952 -0.4453
vn 0.9986 -0.0496 -0.0207
vn 0.6256 -0.6558 -0.4226
vn -0.0038 1.0000 0.0060
vn -0.9985 -0.0551 -0.0000
vn 0.5144 -0.8576 -0.0000
vn -0.0024 -1.0000 -0.0007
vn -0.0205 -0.9447 0.3274
vn -0.4477 -0.8942 0.0091
vn -0.4695 0.8240 0.3172
vn 0.0207 0.9580 -0.2859
vn 0.3963 0.9181 -0.0093
vn 0.5673 -0.7289 -0.3833
vn 0.6094 -0.7929 -0.0000
vn 0.0082 0.3782 0.9257
vn -0.9940 0.1094 -0.0011
vn 0.9985 -0.0545 -0.0022
vn -0.0017 -0.2378 0.9713
vn 0.0002 1.0000 -0.0000
vn -0.4477 -0.8941 0.0091
vn -0.0000 -0.9005 0.4348
vn -0.0001 -1.0000 -0.0000
vn -0.0000 0.7335 0.6797
vn -0.6626 0.7490 0.0011
vn -0.0000 -0.7997 -0.6004
vn -0.0010 -0.8322 0.5544
vn 0.5894 0.7432 0.3165
vn -0.0045 -1.0000 -0.0013
vn -0.9870 0.1595 -0.0174
vn 0.9690 0.2462 0.0201
vn 0.8666 -0.4987 0.0180
vn -0.9940 0.1094 0.0011
vn 0.9985 -0.0545 0.0022
vn 0.0575 -0.1539 -0.9864
vn 0.6094 -0.7928 -0.0000
vn 0.6657 0.0001 -0.7463
vn 0.6656 0.0001 -0.7463
vn 0.0062 1.0000 -0.0009
vn -0.0063 1.0000 0.0007
vn 0.9923 -0.0000 -0.1239
vn 0.0199 -0.9619 0.2725
vn 0.6773 -0.7357 0.0086
vn 0.5738 0.7293 0.3727
vn -0.0052 0.2375 -0.9714
vn -0.5904 0.8071 -0.0072
vn -0.8027 -0.1948 -0.5637
vn -0.0051 0.2382 0.9712
vn 0.0004 0.9992 -0.0398
vn -0.0018 -1.0000 -0.0005
vn -0.0082 0.3782 0.9257
vn 0.6699 -0.7424 -0.0087
vn 0.0201 -0.9260 -0.3769
vn 0.5330 0.7656 -0.3601
vn -0.9867 0.1616 0.0160
vn -0.0203 0.9415 0.3363
vn -0.6142 -0.6713 0.4149
vn 0.0073 1.0000 -0.0021
vn 0.5210 -0.8535 0.0087
vn 0.4663 0.8311 0.3030
vn -0.0556 -0.2339 -0.9707
vn -0.4601 0.8878 -0.0090
vn -0.8031 -0.1931 -0.5637
vn 0.0568 -0.2338 0.9706
vn 0.0512 0.3824 0.9226
vn 0.0005 1.0000 0.0009
vn -0.0000 -0.2379 0.9713
vn 0.5715 -0.8205 -0.0083
vn 0.0046 -0.9577 -0.2877
vn 0.4515 0.8385 -0.3050
vn -0.9986 -0.0502 0.0185
vn -0.0208 0.9624 0.2709
vn -0.5383 -0.7603 0.3636
vn 0.0003 1.0000 -0.0005
vn -0.0019 0.9993 0.0362
vn 0.0185 -0.9524 0.3044
vn 0.7475 -0.6642 0.0084
vn 0.6486 0.6338 0.4215
vn -0.6664 0.7456 -0.0068
vn -0.8034 -0.1914 -0.5638
vn 0.0010 0.9958 -0.0912
vn -0.0000 -0.3104 0.9506
vn 0.6774 0.7356 -0.0000
vn -0.0000 -0.8751 0.4839
vn 0.0191 -0.9647 0.2628
vn 0.5793 0.8151 0.0078
vn 0.5946 0.7051 0.3865
vn -0.7532 0.6578 -0.0067
vn 0.0008 -0.9016 0.4326
vn 0.0007 0.9980 -0.0630
vn 0.0098 -0.9999 -0.0027
vn 0.0021 1.0000 0.0034
vn 0.0028 -1.0000 -0.0047
vn -0.0522 -0.2342 0.9708
vn 0.9866 0.1631 0.0017
vn 0.8237 -0.1875 -0.5352
vn -0.9985 -0.0546 0.0017
vn 0.0017 -0.2378 0.9713
vn -0.8031 -0.1931 0.5637
vn -0.0260 0.9996 0.0073
vn 0.9600 0.2796 0.0175
vn -0.0289 0.9204 -0.3898
vn -0.0000 -0.9080 -0.4190
vn -0.5193 0.8546 -0.0087
vn -0.4104 0.8942 -0.1790
vn 0.0016 -1.0000 -0.0004
vn -0.0099 0.9999 -0.0028
vn -0.0535 -0.9986 0.0007
vn 0.0195 -0.9628 0.2693
vn 0.6912 -0.7226 0.0073
vn 0.5862 0.7151 0.3808
vn -0.0568 -0.2338 -0.9706
vn -0.6073 0.7945 -0.0080
vn 0.0574 -0.2338 0.9706
vn 0.0005 0.9990 -0.0451
vn 0.0541 0.3468 0.9364
vn -0.5685 -0.8227 -0.0000
vn 0.0023 -0.9585 -0.2850
vn 0.0017 0.9685 0.2490
vn -0.0055 0.8265 0.5629
vn 0.9921 0.1235 0.0202
vn -0.9898 0.1414 -0.0197
vn -0.9678 -0.2511 -0.0185
vn 0.5272 0.8498 -0.0006
vn -0.5234 0.8100 -0.2646
vn -0.1630 -0.9866 0.0005
vn 0.3009 0.9537 -0.0000
vn -0.6531 -0.7572 -0.0000
vn 0.5342 0.8454 -0.0000
vn -0.0000 -0.9267 -0.3758
vn -0.6094 -0.7929 -0.0000
vn -0.0052 0.2375 0.9714
vn 0.6682 0.7440 -0.0015
vn -0.0051 0.2382 -0.9712
vn -0.9939 0.1098 -0.0011
vn 0.0111 -0.9999 -0.0031
vn 0.0034 -1.0000 -0.0053
vn -0.0135 -0.9999 0.0038
vn 0.9909 0.1331 0.0177
vn -0.9888 0.1481 -0.0199
vn -0.0000 -0.9126 0.4089
vn 0.0017 1.0000 0.0030
vn -0.7093 -0.7049 0.0012
vn 0.7041 0.7101 -0.0012
vn -0.9866 0.1634 -0.0017
vn 0.0039 -1.0000 -0.0065
vn -0.0027 -1.0000 -0.0007
vn 0.0148 -0.9659 0.2586
vn 0.7005 -0.7136 0.0080
vn 0.5783 0.7242 0.3757
vn -0.6106 0.7919 -0.0067
vn -0.0090 0.9987 -0.0492
vn 0.0199 -0.9130 0.4075
vn 0.5304 -0.8477 0.0098
vn 0.5536 0.7440 0.3740
vn -0.0202 0.9334 -0.3583
vn -0.4731 0.8809 -0.0084
vn -0.6434 -0.6302 -0.4347
vn 0.0058 1.0000 0.0016
vn 0.9765 0.2154 0.0022
vn -0.9985 -0.0548 0.0011
vn -0.0035 -1.0000 -0.0010
vn 0.0204 -0.9372 0.3481
vn 0.6435 -0.7654 0.0085
vn 0.5028 0.7949 0.3397
vn -0.0205 0.9505 -0.3101
vn -0.9765 0.2151 -0.0151
vn -0.5864 -0.7065 -0.3962
vn 0.0049 1.0000 0.0014
vn -0.0084 -1.0000 -0.0024
vn 0.0002 -1.0000 -0.0000
vn 0.5790 0.8153 0.0006
vn -0.0082 0.3782 -0.9257
vn 0.0007 -0.9122 -0.4097
vn -0.9765 0.2155 0.0022
vn -0.0002 1.0000 -0.0000
vn 0.0024 -1.0000 0.0038
vn 0.0081 -1.0000 0.0023
vn 0.6824 -0.7310 -0.0074
vn 0.0196 -0.9668 -0.2547
vn 0.5654 0.7385 -0.3673
vn -0.5955 0.8033 0.0081
vn -0.8031 -0.1931 0.5638
vn 0.0003 0.9995 0.0312
vn 0.6867 -0.7268 -0.0089
vn -0.0039 -0.9256 -0.3785
vn 0.5583 0.7390 -0.3771
vn -0.9942 0.1065 0.0172
vn 0.0106 0.9432 0.3321
vn -0.6369 -0.6398 0.4302
vn -0.0026 0.6433 0.7656
vn 0.9866 0.1632 -0.0000
vn -0.9866 0.1632 -0.0000
vn 0.0010 -0.8325 0.5540
vn -0.5891 0.7436 0.3163
vn 0.0045 -1.0000 -0.0013
vn -0.0591 -0.9983 -0.0002
vn 0.9764 0.2148 -0.0205
vn -0.5478 0.8365 0.0079
vn -0.0000 -0.8449 0.5349
vn -0.5389 0.7956 0.2767
vn -0.1938 -0.9810 -0.0007
vn -0.0084 -1.0000 0.0023
vn -0.2019 -0.0000 -0.9794
vn 0.5261 -0.0000 -0.8504
vn -0.5261 -0.0000 0.8504
vn -0.2019 -0.0000 0.9794
vn 0.2019 -0.0000 -0.9794
vn 0.2019 -0.0000 0.9794
vn 0.9839 -0.0033 -0.1788
vn -0.9839 0.0033 0.1788
vn 0.0360 -0.0877 -0.9955
vn 0.7862 0.6155 0.0558
vn 0.6535 -0.3729 0.6587
vn -0.1882 -0.7750 0.6033
vn 0.4547 0.2131 -0.8648
vn 0.1493 -0.6110 0.7774
vn -0.8400 -0.4588 -0.2896
vn -0.2055 0.2260 0.9522
vn -0.1265 0.9904 0.0555
vn 0.9187 0.0328 -0.3937
vn -0.0214 -0.0874 0.9959
vn 0.6535 -0.3728 0.6587
vn -0.2045 0.2413 0.9487
vn -0.1264 0.9904 -0.0553
vn 0.9187 -0.0387 -0.3931
vn -0.2046 0.2413 0.9486
vn -0.1265 0.9904 -0.0554
vn 0.6746 -0.1118 0.7297
vn -0.6746 0.1118 -0.7297
vn -0.0852 -0.0318 -0.9959
vn 0.7861 0.6154 0.0580
vn 0.8830 -0.3640 0.2963
vn -0.2113 0.2338 0.9491
vn -0.1263 0.9903 -0.0576
vn 0.9198 -0.0030 -0.3923
vn -0.8035 -0.5769 0.1466
vn -0.2114 0.2338 0.9490
vn 0.1497 0.0506 0.9874
vn -0.6667 -0.1044 -0.7380
vn 0.6535 -0.3728 0.6588
vn -0.8400 -0.4587 -0.2896
vn -0.1264 0.9903 -0.0575
vn 0.9967 0.0812 0.0012
vn 0.5234 0.8521 -0.0000
vn 0.9967 0.0812 -0.0008
vn 0.5236 -0.8520 -0.0000
vn 0.5235 -0.8521 -0.0000
vn 0.5235 -0.8520 -0.0000
vn 0.2055 0.2260 0.9522
vn 0.1265 -0.9904 -0.0554
vn -0.9187 0.2189 -0.3287
vn 0.9839 0.0033 0.1788
vn -0.0360 -0.0877 -0.9955
vn 0.6529 0.7411 -0.1564
vn -0.0118 0.2590 0.9658
vn 0.4157 0.1549 -0.8962
vn 0.2045 0.2413 0.9487
vn 0.1520 -0.9868 0.0562
vn -0.9215 0.1535 -0.3567
vn -0.6746 0.1118 0.7297
vn 0.6746 -0.1118 -0.7297
vn 0.1742 -0.0000 -0.9847
vn -0.1742 -0.0000 0.9847
vn -0.7862 -0.6155 0.0558
vn 0.2112 0.2338 0.9491
vn 0.1264 -0.9903 -0.0576
vn -0.9197 0.1880 -0.3446
vn 0.0214 0.0874 0.9959
vn -0.7861 -0.6154 0.0580
vn 0.1263 -0.9903 -0.0576
vn 0.4264 0.4202 -0.8010
vn -0.9525 0.3045 -0.0000
vn -0.0499 0.0630 -0.9968
vn -0.1105 0.5959 0.7954
vn 0.8405 0.4444 -0.3101
vn 0.1263 -0.9903 -0.0575
vn 0.9525 0.3045 -0.0001
vn -0.1497 0.0506 0.9874
vn -0.9197 0.1882 -0.3445
vn 0.9525 0.3045 -0.0000
vn 0.0360 0.0877 0.9955
vn 0.4158 0.1549 -0.8962
vn -0.9967 -0.0812 -0.0012
vn -0.5234 -0.8521 -0.0000
vn -0.9967 -0.0812 0.0008
vn -0.5236 0.8520 -0.0000
vn -0.9937 -0.0017 0.1123
vn -0.5235 0.8521 -0.0000
vn -0.5235 0.8520 -0.0000
vn -0.2086 0.2395 -0.9482
vn -0.1264 -0.9903 0.0576
vn 0.9197 0.1880 0.3446
vn -0.9839 0.0033 -0.1788
vn 0.0360 -0.0877 0.9955
vn -0.6529 0.7411 0.1564
vn 0.9839 0.0033 -0.1788
vn -0.9839 -0.0033 0.1788
vn 0.7861 -0.6154 -0.0580
vn 0.0118 0.2590 -0.9658
vn -0.4157 0.1549 0.8962
vn -0.2055 0.2260 -0.9522
vn -0.1520 -0.9868 0.0560
vn 0.9215 0.2152 0.3232
vn 0.6746 0.1118 -0.7297
vn -0.6746 -0.1118 0.7297
vn -0.6274 -0.6532 0.4240
vn -0.0000 0.0565 -0.9984
vn 0.8389 0.1293 -0.5287
vn -0.5935 0.6308 -0.4999
vn 0.4917 -0.6053 -0.6260
vn -0.0333 -0.8550 -0.5176
vn -0.2112 0.2338 -0.9491
vn -0.1263 -0.9903 0.0576
vn 0.9197 0.1879 0.3446
vn -0.0852 -0.0318 0.9959
vn -0.4264 0.4202 0.8010
vn 0.1105 0.5959 -0.7954
vn -0.8405 0.4444 0.3101
vn -0.1263 -0.9903 0.0575
vn 0.1497 0.0506 -0.9874
vn -0.2045 0.2413 -0.9487
vn -0.1265 -0.9904 -0.0555
vn 0.9187 0.1561 0.3628
vn 0.1497 -0.0506 -0.9874
vn -0.6771 0.7265 0.1171
vn 0.7862 -0.6155 -0.0558
vn 0.0105 0.2571 -0.9663
vn 0.9967 -0.0812 0.0012
vn 0.5234 -0.8521 -0.0000
vn 0.5236 0.8520 -0.0000
vn 0.5235 0.8521 -0.0000
vn 0.5235 0.8520 -0.0000
vn -0.0360 -0.0877 0.9955
vn -0.7861 0.6154 -0.0580
vn -0.5849 -0.3553 -0.7291
vn 0.1882 -0.7750 -0.6033
vn -0.3514 0.2741 0.8952
vn -0.1493 -0.6110 -0.7774
vn 0.8400 -0.4588 0.2896
vn 0.2113 0.2338 -0.9491
vn 0.1263 0.9903 0.0576
vn -0.9198 -0.0030 0.3923
vn 0.1497 -0.0506 0.9874
vn 0.5215 0.8528 -0.0297
vn 0.2019 0.2470 -0.9477
vn 0.1264 0.9904 0.0553
vn -0.9187 -0.0387 0.3931
vn -0.2445 0.5007 -0.8304
vn 0.9406 -0.1369 -0.3106
vn -0.9525 -0.3045 -0.0000
vn 0.2113 0.2338 -0.9490
vn 0.1264 0.9903 0.0576
vn -0.6746 -0.1118 -0.7297
vn 0.6746 0.1118 0.7297
vn 0.1742 -0.0000 0.9847
vn -0.1742 -0.0000 -0.9847
vn -0.8830 -0.3640 -0.2963
vn -0.0499 0.0630 0.9968
vn 0.8035 -0.5769 -0.1466
vn -0.0499 -0.0630 0.9968
vn -0.5894 -0.3647 -0.7208
vn 0.1907 -0.7756 -0.6017
vn -0.3590 0.2826 0.8895
vn -0.1463 -0.6109 -0.7781
vn 0.8383 -0.4623 0.2889
vn -0.4266 0.2129 0.8790
vn -0.9967 0.0812 -0.0012
vn -0.5234 0.8521 -0.0000
vn -0.5236 -0.8520 -0.0000
vn -0.5235 -0.8521 -0.0000
vn -0.9937 -0.0017 -0.1123
vn -0.5235 -0.8520 -0.0000
vn -0.9934 0.1122 0.0238
vn -0.9472 -0.2545 -0.1951
vn -0.6361 0.2269 0.7374
vn 1.0000 -0.0000 -0.0000
vn -0.4724 0.1407 -0.8701
vn -0.9934 0.1122 0.0237
vn 0.9854 -0.0000 -0.1705
vn -0.9854 -0.0000 0.1705
vn -0.9863 -0.0000 0.1651
vn 0.9863 -0.0000 -0.1651
vn -0.6361 0.2269 0.7375
vn -0.9934 0.1122 0.0245
vn -0.9472 -0.2548 -0.1945
vn -0.6355 0.2270 0.7379
vn -0.4724 0.1408 -0.8701
vn -0.3029 -0.6155 0.7276
vn -0.9978 0.0142 -0.0650
vn -0.8936 -0.0000 0.4488
vn -0.3029 0.6155 0.7276
vn -0.4937 -0.5492 -0.6742
vn -0.2071 0.2651 -0.9417
vn -0.8936 -0.0000 -0.4488
vn 0.4788 -0.5771 0.6616
vn 0.4898 0.5455 -0.6801
vn -0.6016 -0.5044 -0.6194
vn -0.2134 0.8386 -0.5013
vn 0.9305 -0.0000 0.3664
vn -0.6015 -0.5043 -0.6195
vn -0.3028 -0.6155 0.7276
vn 0.6067 0.5263 0.5958
vn -0.9192 -0.3938 -0.0047
vn -0.9709 -0.2032 0.1268
vn -0.6791 0.4778 -0.5573
vn 0.9990 -0.0439 -0.0045
vn -0.4929 0.0789 -0.8665
vn 0.9915 -0.0000 0.1301
vn -1.0000 -0.0000 -0.0000
vn -0.3105 0.6100 -0.7291
vn -0.9952 -0.0605 -0.0769
vn 0.4724 -0.1407 -0.8701
vn 0.6564 -0.4786 0.5832
vn 0.9934 0.1122 0.0237
vn 0.9472 0.2545 -0.1951
vn 0.6346 -0.0019 0.7728
vn -0.4724 -0.1408 0.8701
vn -0.9854 -0.0000 -0.1705
vn 0.9854 -0.0000 0.1705
vn 0.8936 -0.0000 -0.4488
vn -0.4724 -0.1407 0.8701
vn 0.9934 0.1122 0.0245
vn 0.9472 0.2550 -0.1946
vn 0.6340 -0.0018 0.7733
vn -0.6090 0.0631 0.7907
vn 0.6090 -0.0631 -0.7907
vn -0.3357 -0.5931 0.7318
vn 0.9863 -0.0000 0.1651
vn -0.9863 -0.0000 -0.1651
vn 0.3029 -0.6155 0.7276
vn 0.6015 0.5043 -0.6195
vn 0.3029 0.6155 0.7276
vn 0.2134 -0.8386 -0.5013
vn 0.4937 0.5492 -0.6742
vn 0.2071 -0.2651 -0.9417
vn 0.9978 -0.0142 -0.0650
vn 0.9952 0.0605 -0.0769
vn 0.3104 -0.6100 -0.7291
vn 0.3028 0.6155 0.7276
vn -0.6067 -0.5263 0.5958
vn 0.9265 0.3762 -0.0047
vn 0.9709 0.2031 0.1268
vn 0.6673 -0.3739 -0.6442
vn -0.9990 0.0439 -0.0045
vn 0.3105 -0.6100 -0.7291
vn 0.6015 0.5044 -0.6195
vn 0.2527 -0.3096 -0.9167
vn -0.9957 0.0216 -0.0896
vn -0.9270 0.3750 -0.0008
vn -0.6898 0.2199 -0.6898
vn -0.9910 -0.1337 -0.0039
vn -0.9315 0.3638 -0.0026
vn -0.6887 0.2221 -0.6902
vn -0.9945 0.0467 -0.0936
vn -0.9315 0.3638 0.0011
vn -0.7023 0.2197 -0.6771
vn -0.6887 0.2222 -0.6902
vn -0.9960 0.0620 -0.0639
vn -0.7012 0.2220 -0.6776
vn 0.9885 0.0303 -0.1481
vn 0.9315 -0.3638 0.0011
vn 0.7012 0.2223 -0.6774
vn 0.9957 -0.0640 -0.0663
vn 0.9270 -0.3750 -0.0008
vn 0.7023 0.2201 -0.6770
vn 0.9957 -0.0273 -0.0882
vn 0.7041 0.2243 -0.6737
vn -0.9915 -0.0000 0.1301
vn 0.9968 0.0557 -0.0580
vn 0.9315 -0.3638 -0.0026
vn 0.6898 0.2203 -0.6897
vn -0.9934 0.1122 -0.0245
vn -0.9472 0.2550 0.1946
vn -0.6340 -0.0018 -0.7733
vn 0.3357 -0.5931 -0.7318
vn -0.9934 0.1121 -0.0243
vn -0.9472 0.2548 0.1945
vn -0.6340 -0.0019 -0.7733
vn -0.9934 0.1122 -0.0237
vn -0.9472 0.2545 0.1951
vn -0.6346 -0.0019 -0.7728
vn 0.8936 -0.0000 0.4488
vn -0.3029 -0.6155 -0.7276
vn -0.6015 0.5043 0.6195
vn -0.4929 -0.0789 0.8665
vn -0.3029 0.6155 -0.7276
vn -0.2134 -0.8386 0.5013
vn 0.4788 -0.5771 -0.6616
vn -0.9957 0.0244 -0.0892
vn -0.6835 -0.5556 0.4735
vn -0.9271 0.3749 -0.0007
vn 0.4898 0.5455 0.6801
vn -0.2071 -0.2651 0.9417
vn -0.3113 -0.6098 0.7289
vn -0.4937 0.5492 0.6742
vn -0.9978 -0.0142 0.0650
vn -0.9952 0.0606 0.0768
vn 0.4818 0.5761 -0.6603
vn -0.5789 0.4240 0.6965
vn -0.6015 0.5044 0.6195
vn 0.9934 0.1122 -0.0238
vn 0.9472 -0.2545 0.1951
vn 0.6361 0.2269 -0.7375
vn -0.6090 -0.0631 -0.7907
vn 0.6090 0.0631 0.7907
vn 0.9934 0.1122 -0.0237
vn 0.4724 0.1407 0.8701
vn 0.9934 0.1122 -0.0245
vn 0.9472 -0.2548 0.1945
vn 0.6355 0.2270 -0.7379
vn 0.3029 -0.6155 -0.7276
vn 0.9978 0.0142 0.0650
vn 0.3029 0.6155 -0.7276
vn 0.4937 -0.5492 0.6742
vn 0.4929 0.0789 0.8665
vn 0.2134 0.8386 0.5013
vn 0.6015 -0.5043 0.6195
vn 0.2071 0.2651 0.9417
vn -0.9305 -0.0000 -0.3664
vn -0.4819 -0.5761 -0.6603
vn 0.5748 -0.4098 0.7083
vn 0.6016 -0.5044 0.6194
vn 0.3105 0.6100 0.7291
vn 0.9952 -0.0605 0.0769
vn -0.9912 -0.0156 0.1312
vn -0.9315 -0.3638 -0.0011
vn -0.7012 0.2223 0.6774
vn -0.9954 -0.0731 0.0621
vn -0.9270 -0.3750 0.0008
vn -0.6526 0.2193 0.7252
vn -0.9958 -0.0906 0.0154
vn -0.7023 0.2201 0.6770
vn -0.9958 -0.0704 0.0592
vn -0.9270 -0.3750 0.0007
vn -0.6887 0.2225 0.6901
vn -0.9986 0.0075 0.0530
vn -0.9315 -0.3638 0.0026
vn -0.6898 0.2203 0.6897
vn 0.9958 0.0704 0.0592
vn 0.9270 0.3750 0.0008
vn 0.6898 0.2199 0.6898
vn -0.9915 -0.0000 -0.1301
vn 0.9965 0.0686 0.0480
vn 0.9315 0.3638 -0.0011
vn 0.6580 0.2239 0.7190
vn 0.9889 -0.0302 -0.1454
vn 0.9315 0.3638 0.0026
vn 0.6887 0.2222 0.6902
vn 0.9960 0.0876 0.0149
vn 0.7012 0.2220 0.6776
vn 0.1377 0.9862 0.0923
vn 0.0372 -0.0354 -0.9987
vn 0.9996 -0.0235 -0.0133
vn -0.9957 -0.0903 -0.0208
vn 0.2438 -0.9698 -0.0001
vn 0.9895 0.1397 0.0381
vn 0.0320 0.9995 -0.0008
vn 0.0311 0.5267 0.8495
vn 0.0566 -0.0732 0.9957
vn 1.0000 0.0016 0.0041
vn -0.9999 -0.0048 -0.0127
vn -0.9999 0.0048 0.0127
vn -0.0257 -0.0071 0.9996
vn 1.0000 -0.0003 -0.0085
vn 1.0000 -0.0002 -0.0085
vn -0.2811 -0.0251 0.9594
vn -0.2811 -0.0250 0.9594
vn -0.9316 0.0015 -0.3634
vn -0.0111 0.9997 -0.0208
vn -0.0113 0.9997 -0.0203
vn 0.0087 0.9999 0.0149
vn 0.0095 0.9999 0.0120
vn 0.0094 0.9999 0.0135
vn 0.9965 0.0004 0.0835
vn -0.9883 0.0012 -0.1527
vn 0.5298 0.8442 0.0819
vn -0.9416 -0.0027 -0.3366
vn -0.9242 0.0031 -0.3819
vn -0.9242 0.0026 -0.3819
vn -0.9242 0.0041 -0.3819
vn 0.9248 0.0010 0.3804
vn 0.9248 0.0011 0.3804
vn -0.9959 0.0030 0.0902
vn 0.9990 -0.0034 0.0439
vn -0.2942 -0.0615 -0.9538
vn -0.2946 -0.0514 -0.9542
vn -0.2943 -0.0584 -0.9539
vn -0.1180 -0.0013 0.9930
vn -1.0000 -0.0003 -0.0085
vn -1.0000 -0.0002 -0.0085
vn 0.9316 0.0015 -0.3634
vn 0.9316 0.0014 -0.3634
vn 0.0111 0.9997 -0.0208
vn -0.0095 0.9999 0.0120
vn -0.0087 0.9999 0.0149
vn -0.0094 0.9999 0.0135
vn -0.0063 -0.9999 0.0141
vn -0.0071 -0.9999 0.0130
vn -0.0067 -0.9999 0.0137
vn 0.9976 -0.0035 -0.0696
vn -0.9979 0.0201 -0.0614
vn 0.9990 -0.0108 -0.0439
vn -0.5298 0.8442 0.0819
vn 0.9242 0.0026 -0.3819
vn 0.9242 0.0031 -0.3819
vn 0.9242 0.0041 -0.3819
vn -0.9248 0.0011 0.3804
vn -0.9248 0.0010 0.3804
vn 0.9860 -0.0059 0.1664
vn -0.9990 -0.0034 0.0439
vn 0.2946 -0.0514 -0.9542
vn 0.2942 -0.0615 -0.9538
vn 0.2943 -0.0584 -0.9539
vn 0.1180 -0.0013 0.9930
vn 0.0168 -0.9583 0.2853
vn -0.0149 0.8841 -0.4671
vn -0.0000 -0.0000 -0.0000
vn -0.7032 0.7074 -0.0718
vn 0.5149 0.7186 -0.4673
vn -0.9953 -0.0204 0.0948
vn 0.7761 0.6306 0.0050
vn -0.6351 0.7689 -0.0737
vn 0.5017 0.6685 -0.5491
vn -0.9955 -0.0207 0.0924
vn 0.8457 0.5337 0.0042
vn 0.4963 0.6640 0.5592
vn -0.6349 0.7689 0.0755
vn -0.9960 -0.0216 -0.0872
vn 0.4783 0.7126 -0.5133
vn 0.5106 0.7142 0.4787
vn -0.7030 0.7074 0.0731
vn -0.9958 -0.0213 -0.0891
vn 0.4912 0.7518 -0.4399
vn -0.0708 -0.9975 -0.0052
vn 0.9929 -0.0911 0.0765
vn 0.0896 -0.9960 0.0072
vn 0.5017 0.6685 0.5491
vn -0.6351 0.7689 0.0737
vn -0.9955 -0.0207 -0.0924
vn -0.0708 0.9975 0.0052
vn 0.9929 0.0911 -0.0765
vn -0.6349 0.7689 -0.0755
vn 0.4963 0.6640 -0.5592
vn -0.9960 -0.0216 0.0872
vn 0.4783 0.7126 0.5133
vn 0.7030 0.7074 0.0731
vn -0.5106 0.7142 0.4787
vn 0.9958 -0.0213 -0.0891
vn -0.4912 0.7518 -0.4399
vn 0.6351 0.7689 0.0737
vn -0.5017 0.6685 0.5491
vn 0.9955 -0.0207 -0.0924
vn -0.8457 0.5337 -0.0042
vn -0.4963 0.6640 -0.5592
vn 0.6349 0.7689 -0.0755
vn 0.9960 -0.0216 0.0872
vn -0.4783 0.7126 0.5133
vn -0.5106 0.7142 -0.4787
vn 0.7030 0.7074 -0.0731
vn 0.9958 -0.0213 0.0891
vn -0.4912 0.7518 0.4399
vn -0.5017 0.6685 -0.5491
vn 0.6351 0.7689 -0.0737
vn 0.9955 -0.0207 0.0924
vn 0.6349 0.7689 0.0755
vn -0.4963 0.6640 0.5592
vn 0.9960 -0.0216 -0.0872
vn -0.4783 0.7126 -0.5133
vn 0.0211 -0.6108 -0.7915
vn 0.8000 -0.1163 -0.5886
vn 0.6407 0.7677 0.0076
vn 0.0066 -0.5408 0.8411
vn -0.0074 1.0000 -0.0054
vn -0.0137 0.9967 0.0805
vn -0.9642 -0.2651 -0.0049
vn -0.0000 -0.0000 1.0000
vn 0.8559 0.2805 -0.4345
vn 0.0575 -0.9747 -0.2162
vn 0.8144 -0.0366 -0.5791
vn -0.4408 -0.0785 -0.8942
vn -0.2046 0.0838 0.9752
vn 0.8464 -0.0126 0.5324
vn -0.9572 -0.2894 -0.0063
vn -0.9936 0.0231 -0.1102
vn -0.0193 0.3438 -0.9389
vn 0.9655 -0.0675 -0.2516
vn -0.2158 0.2700 -0.9383
vn 0.5444 0.8388 -0.0035
vn 0.9653 0.0119 0.2608
vn 0.8700 -0.4930 0.0004
vn 0.9607 -0.0000 -0.2777
vn -0.7121 -0.5227 0.4687
vn 0.7639 0.2702 0.5861
vn 0.6366 -0.6403 0.4298
vn 0.9327 -0.1079 -0.3442
vn -0.7998 0.1297 -0.5861
vn -0.9694 0.0043 -0.2453
vn -0.3051 -0.0600 0.9504
vn 0.2230 0.7983 0.5595
vn -0.8769 -0.0148 0.4804
vn 0.5631 -0.1224 0.8172
vn 0.0260 0.4602 0.8874
vn 0.1974 0.0428 0.9794
vn 0.0083 0.1714 0.9852
vn 0.3225 0.1159 0.9395
vn 0.0123 0.2448 0.9695
vn 0.2573 -0.0000 0.9663
vn 0.0234 0.1615 0.9866
vn 0.4656 -0.1080 0.8784
vn -0.7959 0.1093 -0.5954
vn -0.3310 0.0096 -0.9436
vn -0.8529 -0.1696 -0.4937
vn -0.6203 0.3907 -0.6801
vn -0.0454 -0.9864 -0.1580
vn -0.8260 0.1985 -0.5275
vn -0.8426 -0.1150 -0.5261
vn 0.7766 0.1034 0.6214
vn 0.6555 0.0151 0.7551
vn 0.8404 -0.0866 0.5350
vn 0.7572 0.2530 0.6022
vn 0.8593 -0.1240 0.4962
vn 0.6938 0.4072 0.5940
vn 0.8594 -0.2363 0.4535
vn -0.8268 0.0666 0.5586
vn -0.9984 -0.0183 0.0542
vn -0.7953 -0.1837 0.5777
vn -0.8576 0.2029 0.4727
vn -0.7211 -0.3342 0.6069
vn -0.3359 -0.0232 0.9416
vn -0.7478 -0.2517 0.6143
vn -0.5229 -0.0255 0.8520
vn 0.9198 0.3923 -0.0075
vn 0.9831 0.0245 0.1812
vn 0.6790 0.7311 -0.0665
vn 0.9504 -0.0956 -0.2958
vn 0.9962 0.0434 0.0757
vn -0.2406 0.9706 0.0065
vn 0.9946 0.1035 -0.0015
vn 0.9805 -0.0761 0.1811
vn 0.9513 0.0754 -0.2990
vn -0.2230 0.7983 -0.5595
vn 0.8773 -0.0148 -0.4798
vn -0.5631 -0.1224 -0.8172
vn -0.0260 0.4602 -0.8874
vn -0.1398 0.0309 -0.9897
vn -0.0152 0.1071 -0.9941
vn -0.6734 -0.0000 -0.7393
vn -0.0431 0.6412 -0.7662
vn 0.7959 -0.0823 -0.5998
vn -0.9983 0.0570 -0.0078
vn -0.9935 -0.1139 0.0058
vn -0.9091 -0.0183 0.4161
vn -0.9899 -0.1004 -0.0997
vn -0.8383 -0.5450 0.0165
vn -0.9529 0.0826 -0.2919
vn -0.9965 -0.0836 -0.0041
vn -0.6641 0.0106 0.7476
vn 0.9982 0.0591 -0.0123
vn -0.8678 -0.0131 -0.4968
vn -0.9465 -0.1033 0.3056
vn -0.9439 0.0139 -0.3298
vn -0.9688 -0.2479 0.0073
vn -0.9128 0.4084 -0.0099
vn -0.9978 -0.0657 -0.0021
vn -0.7414 -0.1137 0.6614
vn -0.0254 0.0842 0.9961
vn -0.0431 -0.6412 0.7662
vn 0.3917 0.0240 0.9198
vn -0.0564 -0.9546 0.2925
vn -0.0239 -0.5102 0.8597
vn 0.4014 -0.0000 0.9159
vn -0.0535 -0.9593 0.2774
vn 0.0227 -0.1221 0.9923
vn 0.7582 -0.0816 0.6469
vn 0.9994 0.0338 0.0046
vn 0.9891 -0.1468 -0.0107
vn 0.9756 -0.0047 -0.2195
vn 0.4803 -0.8768 0.0231
vn 0.6882 -0.0000 -0.7255
vn 0.9081 -0.0919 0.4085
vn 0.9770 -0.2132 -0.0042
vn 0.8648 -0.0000 -0.5021
vn 0.0236 0.0782 -0.9967
vn 0.0466 -0.6397 -0.7672
vn -0.2902 0.0348 -0.9563
vn 0.6762 -0.0000 -0.7367
vn 0.0212 -0.2164 -0.9761
vn -0.3452 -0.0281 -0.9381
vn 0.0564 -0.9546 -0.2925
vn 0.6767 -0.0000 -0.7362
vn 0.0254 -0.2076 -0.9779
vn -0.3422 0.0281 -0.9392
vn 0.8258 0.0832 -0.5579
vn 0.9735 -0.0226 -0.2274
vn 0.7985 -0.1287 -0.5880
vn 0.8376 0.0362 -0.5451
vn 0.7085 -0.3179 -0.6300
vn 0.8652 0.1434 -0.4805
vn 0.7469 -0.3075 -0.5896
vn 0.0016 -0.9762 -0.2169
vn -0.0230 -0.9997 -0.0027
vn 1.0000 -0.0025 0.0003
vn 0.5943 0.0595 0.8020
vn -0.0154 -0.1738 0.9847
vn -0.0156 -0.1738 0.9847
vn -0.0152 -0.1738 0.9847
vn -0.9952 -0.0973 -0.0129
vn -0.9985 -0.0191 -0.0518
vn -1.0000 -0.0034 0.0093
vn -0.9999 -0.0034 0.0096
vn -1.0000 -0.0034 0.0089
vn 0.2400 -0.0768 -0.9677
vn 0.2404 -0.0757 -0.9677
vn 0.2403 -0.0760 -0.9677
vn -0.1122 0.9530 -0.2815
vn -0.3369 -0.0544 -0.9400
vn -0.0070 -0.1799 -0.9837
vn -0.0067 -0.1799 -0.9837
vn -0.0075 -0.1799 -0.9837
vn -0.4024 -0.0239 -0.9152
vn -0.4024 -0.0232 -0.9152
vn 0.9912 0.0787 0.1063
vn 0.9912 0.0791 0.1062
vn 0.9912 0.0786 0.1063
vn 0.9874 -0.1578 0.0076
vn 0.9874 -0.1578 0.0072
vn 0.9874 -0.1578 0.0065
vn 0.3141 0.2207 0.9234
vn 0.2901 0.9555 -0.0528
vn 0.9771 -0.0495 -0.2070
vn 0.9857 -0.1687 -0.0067
vn 0.9857 -0.1687 -0.0066
vn 0.9857 -0.1686 -0.0069
vn -0.6031 0.0343 0.7970
vn -0.6033 0.0370 0.7967
vn -0.6031 0.0357 0.7969
vn -0.0015 0.1187 0.9929
vn -0.0226 -0.1036 0.9944
vn -0.0222 -0.1036 0.9944
vn -0.0212 -0.1036 0.9944
vn -0.1347 -0.0666 0.9886
vn -0.9651 0.0594 0.2550
vn -0.9653 0.0581 0.2546
vn -0.9992 -0.0383 -0.0062
vn -0.9992 -0.0384 -0.0058
vn -0.9993 -0.0383 -0.0051
vn 0.8198 0.1162 -0.5607
vn 0.7424 0.0661 0.6667
vn 0.7435 0.0754 0.6645
vn 0.7438 0.0704 0.6646
vn -0.7890 0.1445 -0.5972
vn -0.8972 0.0347 -0.4403
vn -0.8972 0.0339 -0.4403
vn -0.8972 0.0343 -0.4403
vn -0.8109 -0.0535 -0.5827
vn -0.5204 0.0734 -0.8508
vn -0.5205 0.0729 -0.8508
vn -0.5206 0.0722 -0.8508
vn 0.6246 0.0509 0.7793
vn 0.6246 0.0506 0.7793
vn 0.6245 0.0504 0.7794
vn 0.8178 0.1138 0.5641
vn 0.1880 0.0758 0.9792
vn 0.1887 0.0746 0.9792
vn 0.1895 0.0727 0.9792
vn 0.0248 -0.2266 -0.9737
vn 0.0242 -0.2266 -0.9737
vn 0.0229 -0.2266 -0.9737
vn 0.9520 0.1537 -0.2649
vn 0.2253 0.7934 -0.5654
vn -0.7933 0.0076 -0.6088
vn 0.1162 -0.7878 -0.6049
vn 0.1879 0.0937 -0.9777
vn -0.0422 0.1935 -0.9802
vn 0.0909 -0.8764 -0.4730
vn 0.1887 -0.0000 -0.9820
vn -0.0329 0.1874 -0.9817
vn -0.0283 -0.2248 -0.9740
vn 0.6567 -0.1696 -0.7349
vn 0.8268 0.0666 0.5586
vn 0.7835 0.0628 0.6181
vn 0.9189 0.0123 0.3944
vn 0.8102 0.0314 0.5854
vn 0.9826 0.0462 0.1799
vn 0.6625 0.0102 0.7490
vn -0.8258 0.0823 -0.5579
vn -0.5311 0.0043 -0.8473
vn -0.9852 0.0446 -0.1657
vn 0.8978 0.0627 -0.4360
vn 0.1846 -0.0061 -0.9828
vn 0.7874 -0.0914 -0.6096
vn 0.9154 0.0914 -0.3920
vn 0.1747 -0.0012 -0.9846
vn 0.8521 -0.1479 -0.5021
vn 0.4378 0.0808 -0.8954
vn 0.9986 -0.0524 0.0016
vn -0.9529 0.3008 -0.0396
vn -0.8029 0.0007 0.5960
vn -0.9946 -0.1039 0.0070
vn -0.9454 -0.1426 -0.2929
vn -0.8041 -0.0000 0.5945
vn 0.1512 -0.9881 -0.0292
vn -0.9341 0.3396 -0.1101
vn -0.9989 0.0469 0.0052
vn -0.8554 0.0363 0.5167
vn -0.9981 -0.0608 0.0055
vn -0.9687 -0.0666 -0.2389
vn -0.2253 0.7934 0.5654
vn 0.7721 0.0097 0.6355
vn -0.0909 -0.8762 0.4732
vn -0.1879 0.0937 0.9777
vn 0.0327 0.1873 0.9818
vn 0.0317 -0.1287 0.9912
vn -0.5029 -0.1113 0.8571
vn 0.8901 -0.0124 0.4555
vn -0.0015 -0.1335 0.9910
vn -0.3555 0.1143 0.9277
vn 0.9883 -0.1520 0.0082
vn 0.9426 0.0273 0.3329
vn 0.3120 0.9488 -0.0486
vn 0.9831 -0.1002 -0.1533
vn 0.9521 -0.0475 0.3021
vn 0.9980 0.0623 0.0047
vn 0.9628 0.0702 -0.2610
vn 0.9959 -0.0899 -0.0009
vn 0.1702 0.2500 -0.9532
vn 0.9881 -0.1540 0.0001
vn 0.9420 -0.1469 0.3016
vn 0.9283 -0.0738 -0.3645
vn 0.9365 -0.3506 0.0023
vn 0.7059 0.5044 0.4973
vn 0.9956 0.0941 0.0024
vn 0.9880 -0.1540 -0.0079
vn 0.9102 -0.1419 0.3892
vn 0.8504 0.0007 -0.5261
vn 0.0300 0.1168 -0.9927
vn -0.9998 -0.0000 -0.0212
vn 0.8204 -0.0004 -0.5718
vn 0.0188 0.0203 -0.9996
vn -0.2025 0.0124 -0.9792
vn -0.0086 -0.0650 -0.9978
vn -0.9888 -0.1488 -0.0050
vn -0.6144 -0.0232 -0.7887
vn -0.9958 0.0914 0.0050
vn -0.9977 0.0674 0.0010
vn -0.9638 0.0783 0.2549
vn -0.9969 -0.0780 -0.0114
vn -0.9669 -0.0313 -0.2531
vn -0.8575 0.0007 0.5145
vn -0.0266 0.1110 0.9935
vn 0.4656 0.1030 0.8790
vn -0.0151 -0.0816 0.9966
vn -0.8208 -0.0002 0.5712
vn -0.0105 0.7225 0.6913
vn 0.1961 -0.0673 0.9783
vn -0.0042 -0.0687 0.9976
vn -0.8182 0.0018 0.5750
vn -0.8258 0.0832 0.5579
vn -0.0415 -0.0011 0.9991
vn -0.8003 -0.0000 -0.5996
vn -0.8234 -0.0646 0.5638
vn -0.9925 0.0080 0.1220
vn -0.1841 -0.9816 -0.0515
vn -0.7318 0.1138 -0.6719
vn 0.9186 0.0318 0.3939
vn -0.0507 0.3661 -0.9292
vn 0.8835 -0.4685 -0.0021
vn 0.0229 0.7068 0.7071
vn 0.5662 0.8242 0.0097
vn -0.9998 -0.0177 0.0099
vn -0.1436 -0.9863 0.0811
vn 0.5558 0.4583 -0.6935
vn 0.1298 -0.1676 0.9773
vn 0.6645 0.4667 0.5836
vn -0.0504 -0.0609 -0.9969
vn -0.7470 -0.5726 -0.3378
vn 0.0292 0.6769 -0.7355
vn 0.1520 -0.8999 0.4087
vn -0.0058 -0.9877 0.1563
vn -0.0791 -0.9844 -0.1572
vn -0.0230 -0.6121 -0.7905
vn -0.9929 0.1049 -0.0553
vn -0.9164 0.0259 0.3995
vn 0.8531 -0.2576 0.4537
vn -0.5487 -0.7690 -0.3279
vn -0.8720 -0.2529 -0.4192
vn 0.8229 0.0528 -0.5658
vn -0.1282 0.2280 0.9652
vn -0.9005 -0.1791 -0.3963
vn -0.7282 0.1765 0.6623
vn -0.9013 -0.1826 -0.3928
vn 0.0269 -0.9991 -0.0332
vn -0.8603 0.5097 -0.0099
vn -0.0174 -0.9997 -0.0156
vn 0.0058 -0.9878 -0.1557
vn 0.0249 -0.6282 0.7776
vn 0.0132 -0.9337 -0.3578
vn -0.0000 -0.0000 -1.0000
vn 0.2995 0.9535 0.0321
vn -0.9498 0.3124 -0.0159
vn -0.9373 -0.3484 -0.0106
vn 0.7951 0.6065 0.0091
vn 0.9500 -0.3121 -0.0058
vn -0.1872 0.9799 0.0692
vn 0.0601 0.9979 -0.0222
vn -0.9217 0.3871 0.0260
vn 0.8929 0.4501 -0.0101
vn 0.0393 0.9476 0.3169
vn 0.0159 0.9999 -0.0059
vn -0.6980 0.2130 -0.6837
vn -0.8187 -0.3997 0.4122
vn 0.8792 -0.1519 0.4515
vn 0.9013 -0.1826 0.3929
vn -0.0298 -0.0609 0.9977
vn -0.9990 -0.0426 -0.0097
vn 0.0296 -0.0636 -0.9975
vn 0.9991 -0.0423 0.0096
vn 0.8675 -0.0402 0.4958
vn 0.7847 0.3212 -0.5301
vn 0.3715 0.8956 -0.2447
vn -0.0041 0.9874 0.1584
vn 0.9167 0.3997 -0.0033
vn -0.0184 0.5634 -0.8260
vn 0.3454 0.9384 0.0001
vn -0.0367 -0.1432 -0.9890
vn -0.5445 0.8387 0.0100
vn -0.9950 0.0992 0.0086
vn 0.0037 0.9879 -0.1553
vn 0.1868 0.9747 0.1230
vn 0.9999 -0.0138 -0.0039
vn -0.9990 -0.0112 -0.0444
vn -0.2249 0.9027 0.3667
vn -0.9288 0.3704 0.0037
vn -0.7764 0.3496 0.5245
vn -0.3136 0.9495 -0.0039
vn 0.0046 0.8201 -0.5722
vn 0.9997 0.0228 -0.0108
vn -0.8587 -0.0008 0.5125
vn -0.0024 0.4949 0.8690
vn 0.0210 -0.3908 0.9202
vn -0.2977 -0.9546 -0.0139
vn 0.1359 -0.0187 -0.9906
vn 0.9994 0.0332 0.0079
vn -0.9674 -0.2533 0.0034
vn 0.0070 0.3752 0.9269
vn -0.8483 0.2709 -0.4551
vn 0.0240 0.0493 0.9985
vn 0.0494 -0.9671 -0.2495
vn -0.3334 -0.9428 0.0029
vn 0.0181 0.9997 0.0134
vn 0.0257 0.1452 -0.9891
vn 0.0212 0.0085 0.9997
vn 0.0038 0.9100 0.4145
vn 0.0024 -0.3758 -0.9267
vn -0.0021 0.9808 -0.1949
vn 0.9769 -0.2137 -0.0038
vn 0.0431 0.9991 -0.0001
vn 0.0444 0.9989 -0.0134
vn 0.2613 0.9652 -0.0009
vn 0.0002 -1.0000 -0.0001
vn 0.9970 0.0773 -0.0009
vn 0.0102 0.0118 -0.9999
vn -0.9994 -0.0351 0.0012
vn -0.9975 0.0707 -0.0038
vn 0.0010 1.0000 -0.0000
vn -0.0238 -0.0118 0.9996
vn -0.0002 -1.0000 0.0001
vn 0.0092 -0.0671 -0.9977
vn 0.0019 0.0954 0.9954
vn 0.6435 0.2480 -0.7241
vn 0.6455 0.2478 -0.7224
vn 0.6657 -0.0001 -0.7463
vn 0.7460 -0.0002 0.6660
vn 0.9856 -0.0000 -0.1693
vn 0.0063 1.0000 -0.0010
vn -0.0205 0.8647 0.5018
vn -0.4563 0.8898 0.0007
vn -0.5031 -0.7946 0.3399
vn -0.4502 -0.8351 -0.3162
vn 0.4275 -0.9040 -0.0092
vn 0.5867 0.7062 -0.3964
vn 0.0203 -0.9415 0.3364
vn 0.8230 0.1904 0.5351
vn -0.0207 0.9542 0.2984
vn -0.9635 -0.2669 0.0203
vn -0.3082 -0.9282 0.2082
vn 0.0067 -0.3103 -0.9506
vn 0.0611 0.0704 -0.9957
vn 0.3194 -0.9476 -0.0094
vn 0.3762 0.8910 -0.2541
vn 0.0055 -1.0000 -0.0015
vn -0.9764 0.2150 -0.0184
vn 0.9942 0.1061 0.0193
vn 0.0030 -1.0000 0.0048
vn -0.5088 0.8608 0.0088
vn -0.5334 -0.7653 0.3603
vn 0.0023 -0.9464 -0.3229
vn 0.4607 -0.8875 -0.0090
vn 0.6145 0.6708 -0.4152
vn 0.2895 -0.9104 0.2956
vn -0.0008 1.0000 -0.0013
vn -0.9634 -0.2670 0.0225
vn -0.5863 -0.7066 0.3961
vn 0.0582 -0.1538 -0.9864
vn 0.6303 -0.7763 -0.0075
vn 0.6528 0.6160 -0.4410
vn -0.5398 0.8418 0.0086
vn -0.5586 -0.7386 0.3774
vn 0.0219 0.8227 -0.5681
vn 0.0528 -0.1545 -0.9866
vn 0.4902 -0.8716 -0.0088
vn 0.6372 0.6393 -0.4304
vn 0.5479 -0.7066 0.4478
vn -0.0006 0.9983 0.0578
vn 0.7318 0.6815 -0.0000
vn -0.9866 -0.1631 -0.0017
vn 0.9866 -0.1634 -0.0017
vn -0.4891 0.8722 -0.0010
vn 0.4395 -0.8982 0.0026
vn -0.0012 0.9423 0.3348
vn -0.6972 0.7168 0.0098
vn -0.2751 -0.9433 0.1859
vn -0.0197 0.8127 -0.5823
vn -0.5877 -0.7050 -0.3970
vn 0.0023 -0.9547 -0.2976
vn 0.2908 -0.9567 -0.0111
vn 0.3333 0.9156 -0.2251
vn 0.6511 0.6185 0.4399
vn -0.0035 -0.1607 0.9870
vn -0.9867 0.1613 -0.0187
vn -0.0541 -0.1923 -0.9798
vn 0.9867 0.1613 0.0189
vn 0.0606 -0.2200 0.9736
vn 0.0041 -1.0000 0.0065
vn -0.3558 0.9345 -0.0089
vn -0.0183 0.8417 -0.5397
vn -0.5472 -0.7435 -0.3844
vn -0.0597 -0.2264 -0.9722
vn 0.5810 0.8139 -0.0000
vn 0.0462 -0.9989 -0.0002
vn 0.0192 0.8825 0.4699
vn -0.9640 -0.2660 0.0027
vn 0.4804 0.8770 0.0003
vn 0.0079 -1.0000 0.0022
vn -0.4482 0.8939 0.0091
vn -0.4700 -0.8236 0.3175
vn 0.3968 -0.9178 -0.0093
vn 0.5678 0.7283 -0.3836
vn -0.0498 -0.3094 0.9496
vn 0.4635 -0.7906 0.4000
vn -0.0003 0.9995 0.0305
vn 0.0201 0.9254 -0.3785
vn -0.0511 -0.3094 -0.9496
vn -0.5395 -0.8419 0.0142
vn -0.6065 -0.6813 0.4098
vn 0.0198 -0.9166 -0.3994
vn 0.6477 -0.7618 -0.0077
vn 0.6794 0.5725 -0.4590
vn -0.0016 1.0000 -0.0004
vn -0.0039 -1.0000 0.0065
vn 0.0124 -0.2173 0.9760
vn -0.9634 -0.2670 0.0217
vn -0.0100 -0.2015 -0.9794
vn 0.2871 -0.9579 -0.0096
vn 0.3332 0.9156 -0.2251
vn -0.0454 -0.3095 0.9498
vn -0.0137 0.9999 -0.0038
vn 0.0052 -0.2375 0.9714
vn -0.9640 -0.2660 -0.0027
vn 0.0195 0.8953 -0.4450
vn 0.0053 0.0804 -0.9967
vn 0.9940 0.1095 -0.0006
vn -0.0205 0.9447 0.3274
vn -0.4310 0.9023 0.0015
vn -0.4695 -0.8240 0.3172
vn -0.4645 -0.8234 -0.3261
vn 0.0207 -0.9580 -0.2859
vn 0.3963 -0.9181 -0.0093
vn 0.5673 0.7289 -0.3833
vn 0.0203 -0.9370 0.3487
vn 0.8232 0.1888 0.5354
vn 0.6049 0.7963 0.0003
vn 0.0067 -0.3105 0.9506
vn 0.0067 -0.3103 0.9506
vn -0.6074 0.7943 -0.0084
vn -0.0206 0.9478 -0.3181
vn -0.4684 -0.8249 -0.3164
vn 0.9637 -0.2666 0.0145
vn 0.0207 -0.9590 0.2827
vn 0.5538 0.7439 0.3741
vn -0.5100 0.8601 -0.0087
vn -0.5249 -0.7738 -0.3546
vn -0.0035 -0.1615 -0.9869
vn 0.4546 -0.8906 0.0090
vn 0.0205 -0.9464 0.3224
vn 0.6188 0.6651 0.4180
vn -0.0012 -1.0000 -0.0017
vn -0.6974 0.7167 -0.0077
vn -0.5470 -0.7511 -0.3695
vn 0.9637 -0.2666 0.0135
vn 0.0203 -0.9406 0.3390
vn 0.6270 0.6538 0.4236
vn 0.0052 -0.2375 -0.9714
vn 0.9765 0.2154 0.0005
vn 0.0053 0.0804 0.9967
vn -0.5088 0.8608 -0.0088
vn -0.5334 -0.7653 -0.3603
vn 0.4607 -0.8875 0.0090
vn 0.6145 0.6708 0.4152
vn -0.0022 -1.0000 -0.0035
vn -0.0499 -0.2343 0.9709
vn -0.3486 0.9372 -0.0094
vn -0.5854 -0.7077 0.3955
vn -0.0157 0.7225 -0.6912
vn -0.5362 -0.7554 -0.3767
vn 0.0411 -0.2350 -0.9711
vn 0.6204 -0.7842 -0.0079
vn 0.6466 0.6254 -0.4368
vn 0.0375 0.0746 0.9965
vn 0.0736 -0.9973 0.0071
vn -0.9867 -0.1612 -0.0204
vn -0.0528 -0.2298 -0.9718
vn 0.9867 -0.1614 0.0185
vn 0.0596 -0.3597 0.9312
vn 0.9765 0.2154 -0.0005
vn -0.6974 0.7167 0.0077
vn -0.5470 -0.7511 0.3696
vn 0.0203 -0.9406 -0.3390
vn 0.9637 -0.2666 -0.0135
vn 0.6270 0.6537 -0.4236
vn -0.0366 -0.3097 0.9501
vn 0.0080 1.0000 -0.0022
vn -0.9856 -0.0000 0.1693
vn 0.0063 -1.0000 -0.0010
vn -0.6435 0.2480 0.7241
vn -0.6456 0.2478 0.7224
vn -0.6657 -0.0001 0.7463
vn -0.6455 0.2478 0.7224
vn -0.6656 -0.0001 0.7463
vn -0.0063 -1.0000 0.0010
vn -0.0200 0.9214 -0.3882
vn 0.0454 -0.3095 -0.9498
vn -0.4839 -0.7722 -0.4117
vn -0.5810 0.8139 -0.0000
vn 0.0035 -0.1615 0.9869
vn -0.0017 -0.9463 0.3234
vn 0.9866 -0.1631 0.0017
vn -0.0589 -0.1555 -0.9861
vn -0.0051 -0.2382 -0.9712
vn -0.9866 -0.1634 0.0017
vn -0.2639 -0.9231 -0.2797
vn 0.0568 -0.1345 0.9893
vn 0.0102 0.9999 0.0029
vn -0.0212 0.8490 0.5280
vn 0.9640 -0.2660 -0.0027
vn 0.0488 -0.2344 -0.9709
vn -0.4804 0.8770 -0.0003
vn -0.0219 0.8227 0.5681
vn 0.9765 0.2154 -0.0000
vn -0.9940 0.1096 -0.0000
vn -0.6041 -0.6375 -0.4782
vn -0.0221 0.8381 0.5451
vn 0.9634 -0.2670 -0.0225
vn 0.5863 -0.7066 -0.3961
vn -0.6303 -0.7763 0.0075
vn -0.0582 -0.1538 0.9864
vn -0.6528 0.6160 0.4410
vn 0.8132 -0.5817 -0.0183
vn 0.0186 0.8555 -0.5174
vn 0.5229 -0.7758 -0.3532
vn -0.5517 -0.8340 0.0084
vn -0.5475 -0.7071 -0.4476
vn -0.0620 0.0702 0.9956
vn -0.5954 0.6955 0.4022
vn -0.0032 -0.7940 0.6079
vn -0.0052 -0.2375 -0.9714
vn 0.8034 0.1902 -0.5643
vn -0.9866 0.1632 -0.0006
vn -0.0053 0.0804 0.9967
vn -0.8230 0.1905 0.5351
vn 0.0381 -0.5806 0.8133
vn 0.4071 0.9134 -0.0012
vn 0.0236 -0.8764 -0.4810
vn 0.4566 -0.8345 -0.3084
vn -0.0429 -0.2349 -0.9711
vn -0.3812 -0.9244 0.0094
vn -0.3422 -0.8805 -0.3279
vn -0.0200 -0.9235 0.3831
vn -0.5424 0.7560 0.3664
vn -0.0000 0.9974 -0.0719
vn 0.0015 1.0000 0.0024
vn -0.0578 -0.2110 -0.9758
vn -0.5070 -0.7499 -0.4249
vn 0.0573 -0.2462 0.9675
vn 0.0137 0.9999 0.0038
vn 0.0014 1.0000 0.0022
vn 0.6587 0.7523 0.0080
vn 0.5140 -0.7844 0.3472
vn -0.9637 -0.2666 -0.0140
vn -0.5965 0.6941 -0.4030
vn 0.0498 -0.3094 0.9496
vn -0.0067 -0.3105 -0.9506
vn 0.0523 -0.2231 0.9734
vn 0.9764 0.2150 0.0188
vn -0.9942 0.1061 -0.0197
vn 0.0193 -0.8912 0.4532
vn -0.0033 -1.0000 -0.0009
vn -0.0041 -1.0000 -0.0068
vn 0.9942 0.1062 0.0188
vn 0.5312 -0.7607 0.3730
vn -0.0197 -0.9112 -0.4114
vn -0.9765 0.2154 -0.0000
vn -0.8232 0.1888 -0.5354
vn -0.0002 0.9523 0.3052
vn 0.6972 0.7168 0.0098
vn 0.2751 -0.9433 0.1859
vn 0.0197 0.8127 -0.5823
vn 0.5877 -0.7050 -0.3970
vn -0.0006 -0.9640 -0.2661
vn -0.2908 -0.9567 -0.0111
vn -0.3333 0.9156 -0.2251
vn -0.6511 0.6185 0.4399
vn 0.0209 0.8881 0.4591
vn 0.6764 0.7365 0.0040
vn 0.4729 -0.8212 0.3195
vn 0.5470 -0.7511 -0.3696
vn -0.4832 -0.8755 -0.0034
vn -0.5487 0.7493 -0.3707
vn -0.0203 -0.9406 0.3390
vn -0.6270 0.6538 0.4236
vn -0.0195 0.8953 0.4450
vn 0.9765 0.2151 -0.0152
vn 0.0196 0.9023 -0.4306
vn 0.5817 -0.7122 -0.3930
vn -0.6123 -0.7906 0.0080
vn -0.0199 -0.9228 0.3846
vn -0.6584 0.6071 0.4448
vn 0.4545 0.8907 0.0002
vn 0.0205 0.8647 -0.5018
vn 0.5031 -0.7946 -0.3399
vn -0.4066 -0.9136 -0.0019
vn -0.5867 0.7062 0.3964
vn 0.9867 0.1617 -0.0151
vn 0.6065 -0.6813 -0.4098
vn -0.6477 -0.7618 0.0077
vn -0.0198 -0.9166 0.3994
vn -0.6794 0.5725 0.4590
vn -0.0199 0.9154 -0.4021
vn -0.0026 -0.8744 0.4852
vn 0.9940 0.1096 -0.0000
vn 0.0035 -0.1607 -0.9870
vn -0.4980 -0.7588 -0.4198
vn 0.0035 -0.1615 -0.9869
vn -0.0067 -0.3103 0.9506
vn -0.0202 0.9302 -0.3666
vn -0.9940 0.1095 -0.0006
vn -0.0201 0.9254 -0.3785
vn -0.5520 0.8339 -0.0000
vn 0.0189 0.8696 0.4935
vn 0.9942 0.1063 0.0184
vn 0.5023 -0.7953 0.3394
vn -0.0622 0.0701 -0.9956
vn -0.5345 -0.8451 -0.0086
vn -0.5760 0.7189 -0.3891
vn 0.0205 0.9447 0.3274
vn 0.4477 0.8941 0.0091
vn 0.4695 -0.8240 0.3172
vn -0.0212 0.8490 -0.5280
vn -0.0207 -0.9580 -0.2859
vn -0.3963 -0.9181 -0.0093
vn 0.0488 -0.2344 0.9709
vn -0.4764 -0.7791 0.4075
vn 0.0010 1.0000 -0.0015
vn -0.6007 0.7995 -0.0000
vn 0.3479 0.9375 -0.0089
vn 0.0157 0.7230 -0.6906
vn 0.5361 -0.7556 -0.3765
vn -0.0376 0.0746 0.9965
vn -0.8230 0.1904 0.5351
vn -0.0201 0.9254 0.3786
vn 0.9764 0.2150 -0.0205
vn 0.0419 -0.4730 -0.8800
vn -0.4056 -0.8376 0.3660
vn -0.0001 -1.0000 -0.0001
vn -0.0000 0.9937 0.1124
vn -0.0063 1.0000 0.0010
vn -0.5261 -0.0000 -0.8504
vn 0.5261 -0.0000 0.8504
vn -0.1265 -0.9904 -0.0553
vn -0.1989 0.2401 -0.9502
vn -0.0637 0.6547 0.7532
vn -0.0360 0.0877 0.9955
vn 0.4455 0.2036 -0.8718
vn -0.1265 -0.9904 0.0556
vn 0.9839 -0.0033 0.1788
vn -0.1999 0.2247 -0.9537
vn 0.7862 0.6155 -0.0558
vn 0.0214 0.0874 -0.9959
vn 0.7862 -0.6155 0.0558
vn -0.1263 -0.9903 -0.0575
vn 0.0852 0.0318 0.9959
vn -0.1930 0.2322 -0.9533
vn 0.2718 -0.1908 -0.9432
vn 0.7861 -0.6154 0.0580
vn 0.1261 0.4235 0.8971
vn -0.1026 -0.8141 0.5716
vn -0.1497 -0.0506 -0.9874
vn 0.6667 0.1044 0.7380
vn 0.9262 0.3770 -0.0000
vn 0.9924 -0.0900 0.0837
vn 0.9937 0.0017 -0.1123
vn 0.9923 0.0911 -0.0838
vn -0.4081 0.9127 0.0223
vn -0.7754 0.6004 -0.1954
vn 0.3314 -0.0861 -0.9395
vn -0.1443 0.4655 -0.8732
vn -0.6413 0.4433 0.6262
vn -0.2289 -0.0087 -0.9734
vn -0.4081 0.9126 0.0223
vn -0.4045 0.9144 0.0143
vn 0.3286 -0.0649 -0.9422
vn 0.3314 -0.0862 -0.9395
vn -0.9839 -0.0033 -0.1788
vn 0.2067 0.2414 -0.9482
vn -0.7862 0.6155 0.0558
vn -0.1015 -0.4334 0.8955
vn 0.0956 0.9944 0.0459
vn 0.1264 0.9904 0.0556
vn -0.7862 -0.6155 -0.0558
vn -0.4393 0.0070 -0.8983
vn -0.0783 0.9832 -0.1648
vn 0.0290 -0.9899 0.1390
vn 0.2078 0.2260 -0.9517
vn -0.7862 0.6155 -0.0558
vn 0.1264 0.9904 -0.0552
vn -0.0214 -0.0874 -0.9959
vn 0.2008 0.2336 -0.9514
vn -0.7861 0.6154 0.0580
vn 0.1264 0.9903 -0.0574
vn -0.3567 -0.2709 -0.8941
vn -0.0108 -0.2142 0.9767
vn 0.0303 0.9898 0.1390
vn 0.1263 0.9903 -0.0574
vn 0.9525 -0.3045 -0.0000
vn 0.0499 -0.0630 0.9968
vn 0.2547 0.7592 0.5989
vn 0.0946 -0.9944 0.0463
vn 0.1263 0.9903 -0.0575
vn -0.9525 -0.3045 0.0001
vn 0.0957 0.9944 0.0460
vn 0.1264 0.9903 -0.0575
vn -0.9262 -0.3770 -0.0000
vn -0.9924 0.0900 -0.0837
vn -0.9923 -0.0911 0.0838
vn -0.7605 0.2844 -0.5837
vn -0.9351 -0.1678 -0.3122
vn 0.5363 -0.8362 -0.1149
vn -0.9522 -0.1532 -0.2644
vn -0.7552 0.0759 -0.6511
vn -0.6942 -0.5835 -0.4216
vn 0.5362 -0.8362 -0.1149
vn -0.2007 0.2335 0.9514
vn 0.7861 0.6154 -0.0580
vn 0.1015 -0.4334 -0.8955
vn -0.0956 0.9944 -0.0459
vn -0.1263 0.9903 0.0575
vn -0.0360 0.0877 -0.9955
vn 0.4393 0.0070 0.8983
vn 0.0783 0.9832 0.1648
vn -0.2489 -0.0912 0.9642
vn 0.7754 0.6004 0.1954
vn -0.0290 -0.9899 -0.1390
vn -0.2068 0.2414 0.9481
vn 0.8349 -0.1247 -0.5360
vn -0.1264 0.9904 -0.0556
vn -0.0000 -0.0565 0.9984
vn 0.0331 0.2431 0.9694
vn 0.2312 0.3565 -0.9052
vn -0.8677 0.2236 0.4440
vn -0.2008 0.2336 0.9514
vn -0.1264 0.9903 0.0574
vn 0.0852 0.0318 -0.9959
vn 0.3567 -0.2709 0.8941
vn 0.0108 -0.2142 -0.9767
vn -0.0303 0.9898 -0.1390
vn -0.1263 0.9903 0.0574
vn -0.2547 0.7593 -0.5989
vn 0.2781 0.0071 0.9605
vn 0.6999 0.4557 -0.5500
vn -0.0946 -0.9944 -0.0463
vn -0.1497 -0.0506 0.9874
vn -0.2547 0.7592 -0.5989
vn -0.2076 0.2260 0.9517
vn 0.1009 -0.4364 -0.8941
vn -0.0928 0.9936 -0.0637
vn -0.1265 0.9904 0.0552
vn 0.4371 0.0127 0.8993
vn 0.0783 0.9801 0.1825
vn -0.2380 -0.0995 0.9661
vn 0.7775 0.5940 0.2067
vn -0.0264 -0.9927 -0.1175
vn 0.9262 -0.3770 -0.0000
vn 0.9924 0.0900 0.0837
vn 0.9923 -0.0911 -0.0838
vn 0.2933 0.2001 0.9348
vn 0.9937 0.0017 0.1123
vn -0.2933 -0.2001 -0.9348
vn 0.7427 0.2507 0.6210
vn 0.9109 -0.1917 0.3654
vn -0.5363 -0.8362 0.1149
vn 0.9522 -0.1532 0.2644
vn 0.7552 0.0759 0.6511
vn 0.7470 -0.5127 0.4232
vn -0.5362 -0.8362 0.1149
vn 0.7605 0.2844 0.5837
vn 0.9351 -0.1678 0.3122
vn 0.7041 0.5597 0.4370
vn 0.1264 -0.9903 0.0575
vn 0.1930 0.2322 0.9533
vn 0.0637 0.6547 -0.7532
vn 0.0360 0.0877 -0.9955
vn -0.7861 -0.6154 -0.0580
vn -0.4455 0.2036 0.8718
vn 0.1265 -0.9904 -0.0556
vn 0.1999 0.2247 0.9537
vn -0.1497 0.0506 -0.9874
vn 0.8922 -0.4506 0.0289
vn 0.1263 -0.9903 0.0575
vn -0.2718 -0.1908 0.9432
vn 0.0499 -0.0630 -0.9968
vn -0.1261 0.4235 -0.8971
vn 0.1026 -0.8141 -0.5716
vn 0.0499 0.0630 -0.9968
vn 0.0587 0.6566 -0.7520
vn -0.4478 0.2014 0.8711
vn -0.9262 0.3770 -0.0000
vn -0.9924 -0.0900 -0.0837
vn -0.9923 0.0911 0.0838
vn -0.2933 0.2001 0.9348
vn 0.2933 -0.2001 -0.9348
vn 0.4105 0.9116 -0.0210
vn 0.1443 0.4655 0.8732
vn 0.4081 0.9126 -0.0223
vn -0.3839 0.0802 0.9199
vn -0.9472 0.2545 -0.1951
vn 0.7873 -0.0668 0.6129
vn -0.7873 0.0668 -0.6129
vn 0.5163 -0.5538 -0.6532
vn 0.5399 0.5316 0.6526
vn 0.4724 -0.1407 0.8701
vn 0.7873 0.0668 0.6129
vn -0.7873 -0.0668 -0.6129
vn 0.5163 0.5538 -0.6532
vn 0.5399 -0.5316 0.6526
vn -0.9472 0.2550 -0.1946
vn 0.5164 -0.5538 -0.6531
vn 0.5390 0.5320 0.6530
vn 0.4724 -0.1408 0.8701
vn 0.6384 0.4956 -0.5890
vn 0.3357 -0.5931 0.7318
vn 0.6383 0.4956 -0.5890
vn 0.3358 -0.5931 0.7318
vn -0.6548 -0.4788 0.5848
vn -0.6015 0.5043 -0.6195
vn -0.6548 0.4788 0.5848
vn 0.2071 -0.2651 0.9417
vn -0.5413 -0.5306 0.6522
vn -0.6762 -0.5607 -0.4778
vn -0.5111 0.5624 -0.6500
vn -0.6539 0.4794 0.5854
vn -0.3113 -0.6098 -0.7289
vn -0.9952 0.0605 -0.0769
vn -0.3104 -0.6100 -0.7291
vn -0.4937 0.5493 -0.6742
vn 0.4929 -0.0789 0.8665
vn -0.6578 0.4715 0.5874
vn -0.9978 -0.0142 -0.0651
vn -0.2071 -0.2651 -0.9417
vn -0.2134 -0.8386 -0.5013
vn -0.7873 -0.0668 0.6129
vn 0.7873 0.0668 -0.6129
vn 0.3138 -0.6159 -0.7226
vn -0.9934 0.1122 0.0250
vn -0.6349 0.2274 0.7383
vn -0.9472 0.2556 -0.1935
vn 0.6564 0.4786 0.5832
vn -0.7873 0.0668 0.6129
vn 0.7873 -0.0668 -0.6129
vn 0.3138 0.6159 -0.7226
vn -0.9472 -0.2556 -0.1935
vn -0.4724 0.1407 0.8701
vn -0.5163 -0.5538 -0.6532
vn -0.5399 0.5316 0.6526
vn 0.9472 -0.2545 -0.1951
vn -0.5163 0.5538 -0.6532
vn -0.5399 -0.5316 0.6526
vn 0.4724 0.1408 -0.8701
vn 0.4724 0.1407 -0.8701
vn -0.5164 -0.5538 -0.6531
vn -0.5391 0.5319 0.6530
vn 0.9472 -0.2548 -0.1945
vn -0.6384 0.4956 -0.5890
vn -0.5390 0.5320 0.6531
vn 0.6548 -0.4788 0.5848
vn 0.3104 0.6100 -0.7291
vn 0.6548 0.4788 0.5848
vn 0.9952 -0.0605 -0.0769
vn 0.2071 0.2651 -0.9417
vn -0.2071 0.2651 0.9417
vn 0.6015 -0.5043 -0.6195
vn 0.2134 0.8386 -0.5013
vn 0.6578 -0.4715 0.5874
vn 0.3130 0.6016 -0.7349
vn 0.6015 -0.5044 -0.6195
vn 0.9978 0.0142 -0.0650
vn 0.4937 -0.5493 -0.6742
vn -0.2527 0.3096 0.9167
vn 0.9915 -0.0000 -0.1301
vn -0.9919 0.1247 0.0237
vn -0.7045 0.2254 -0.6729
vn -0.9951 0.0449 0.0878
vn -0.9908 -0.1348 -0.0127
vn -0.9922 -0.1206 0.0308
vn 0.9916 0.1289 -0.0108
vn 0.6889 0.2128 -0.6929
vn 0.9958 -0.0694 0.0596
vn 0.9922 0.1206 0.0308
vn 0.9918 0.1258 0.0234
vn 0.9953 0.0488 0.0836
vn 0.5164 -0.5538 0.6531
vn 0.5390 0.5320 -0.6530
vn -0.9472 -0.2548 0.1945
vn 0.6384 0.4956 0.5890
vn 0.6384 -0.4956 0.5890
vn 0.3357 0.5931 -0.7318
vn -0.9472 -0.2550 0.1946
vn 0.5164 0.5538 0.6531
vn 0.5390 -0.5320 -0.6530
vn 0.5163 -0.5538 0.6532
vn 0.5399 0.5316 -0.6526
vn -0.9472 -0.2545 0.1951
vn 0.5163 0.5538 0.6532
vn 0.5399 -0.5316 -0.6526
vn 0.5164 0.5538 0.6532
vn -0.6548 -0.4788 -0.5848
vn -0.3104 0.6100 0.7291
vn -0.6548 0.4788 -0.5848
vn -0.9952 -0.0605 0.0769
vn 0.4929 0.0789 -0.8665
vn -0.5413 -0.5306 -0.6522
vn -0.5111 0.5624 0.6500
vn -0.6539 0.4794 -0.5854
vn -0.6016 -0.5044 0.6194
vn -0.6015 -0.5043 0.6195
vn -0.6539 -0.4794 -0.5854
vn -0.9992 -0.0028 0.0396
vn -0.5413 0.5306 -0.6522
vn -0.6538 -0.4794 -0.5854
vn -0.9978 0.0142 0.0650
vn -0.4937 -0.5492 0.6742
vn 0.9472 0.2545 0.1951
vn -0.5163 -0.5538 0.6532
vn -0.5399 0.5316 -0.6526
vn -0.5163 0.5538 0.6532
vn -0.5399 -0.5316 -0.6526
vn -0.6090 0.0631 -0.7907
vn 0.6090 -0.0631 0.7907
vn -0.4724 -0.1407 -0.8701
vn -0.5164 -0.5538 0.6532
vn 0.9472 0.2550 0.1946
vn -0.5390 0.5320 -0.6530
vn -0.6384 0.4956 0.5890
vn -0.3357 -0.5931 -0.7318
vn -0.5164 -0.5538 0.6531
vn -0.5391 0.5319 -0.6530
vn -0.6383 0.4956 0.5890
vn -0.3358 -0.5931 -0.7318
vn 0.6548 -0.4788 -0.5848
vn 0.6015 0.5043 0.6195
vn -0.4929 -0.0789 -0.8665
vn 0.6548 0.4788 -0.5848
vn 0.9952 0.0605 0.0769
vn 0.3104 -0.6100 0.7291
vn 0.4937 0.5492 0.6742
vn 0.9978 -0.0142 0.0650
vn 0.5413 -0.5306 -0.6522
vn 0.6539 0.4794 -0.5854
vn 0.9991 0.0051 0.0421
vn 0.6015 0.5044 0.6195
vn 0.2134 -0.8386 0.5013
vn -0.9916 0.1289 0.0108
vn -0.8871 0.3739 0.2708
vn -0.8153 0.4552 0.3579
vn -0.9930 0.1143 -0.0306
vn 0.8153 -0.4552 0.3579
vn 0.9460 -0.1276 0.2981
vn 0.9918 0.1258 -0.0229
vn 0.7042 0.2240 0.6738
vn 0.9952 0.0464 -0.0864
vn 0.9922 -0.1206 -0.0308
vn -0.0023 -1.0000 -0.0015
vn -0.9941 0.1011 0.0399
vn -0.0252 0.0603 -0.9979
vn 0.6822 0.7306 -0.0273
vn -0.2362 -0.9717 -0.0013
vn 0.0026 -1.0000 0.0009
vn -0.0050 0.0155 0.9999
vn 0.0238 0.0024 0.9997
vn -0.0257 0.0071 -0.9996
vn 0.0238 -0.0024 -0.9997
vn 1.0000 -0.0016 -0.0041
vn 0.9943 -0.0092 -0.1059
vn 0.9943 -0.0093 -0.1059
vn 0.6944 0.0198 0.7193
vn 0.6944 0.0190 0.7194
vn 0.6944 0.0184 0.7194
vn -0.8980 -0.0058 -0.4400
vn -0.8980 -0.0057 -0.4400
vn 0.0063 -0.9999 0.0141
vn 0.0067 -0.9999 0.0137
vn 0.0071 -0.9999 0.0130
vn -0.9976 -0.0035 -0.0696
vn 0.9979 0.0201 -0.0614
vn -0.9990 -0.0108 -0.0439
vn -0.6536 -0.0132 -0.7568
vn 0.9333 -0.0010 0.3592
vn 0.9333 -0.0009 0.3592
vn -0.9860 -0.0059 0.1664
vn 0.9958 -0.0178 -0.0893
vn -0.9943 -0.0093 -0.1059
vn -0.9943 -0.0092 -0.1059
vn -0.6944 0.0184 0.7194
vn -0.6944 0.0190 0.7194
vn -0.6944 0.0198 0.7193
vn 0.2811 -0.0251 0.9594
vn 0.2811 -0.0250 0.9594
vn 0.8980 -0.0057 -0.4400
vn 0.8980 -0.0058 -0.4400
vn -0.9965 0.0004 0.0835
vn 0.9883 0.0012 -0.1527
vn 0.6536 -0.0132 -0.7568
vn 0.9416 -0.0027 -0.3366
vn -0.9333 -0.0009 0.3592
vn -0.9333 -0.0010 0.3592
vn 0.9959 0.0030 0.0902
vn -0.9958 -0.0178 -0.0893
vn -0.0350 0.9994 0.0010
vn -0.0036 0.9999 -0.0129
vn 0.3923 0.9198 0.0021
vn -0.0139 -0.9999 -0.0010
vn 0.0036 -0.9999 -0.0104
vn -0.0080 0.9998 0.0209
vn 0.0382 0.9993 -0.0039
vn 0.0080 -0.9999 0.0140
vn 0.0293 -0.9996 0.0039
vn -0.7332 -0.6800 -0.0001
vn -1.0000 -0.0016 -0.0000
vn -1.0000 -0.0015 -0.0000
vn -0.6307 0.0978 0.7699
vn 0.2524 0.9676 -0.0000
vn 0.2528 0.9675 -0.0000
vn 0.2480 0.9688 -0.0000
vn -0.7279 0.0805 0.6810
vn -0.9790 0.1887 -0.0767
vn -0.9770 0.1893 -0.0978
vn -0.9785 0.1896 -0.0814
vn -0.9506 0.2758 -0.1425
vn 0.9957 0.0015 0.0928
vn 0.9969 0.0015 0.0792
vn -0.7279 0.0805 -0.6810
vn 0.8457 0.5337 -0.0042
vn 0.9968 0.0015 0.0804
vn 1.0000 0.0015 -0.0000
vn 0.9965 0.0015 0.0841
vn 0.8532 0.4561 0.2530
vn 0.7657 -0.6405 0.0590
vn -0.9224 0.3413 -0.1806
vn 0.6126 -0.7840 0.1003
vn -0.8999 0.3686 -0.2332
vn 0.7279 0.0805 -0.6810
vn 1.0000 -0.0015 -0.0000
vn 0.9988 -0.0015 0.0495
vn 0.9991 -0.0015 0.0412
vn 0.9869 -0.0015 0.1616
vn 0.9878 -0.0016 0.1555
vn 0.9917 -0.0015 0.1286
vn 0.4224 -0.9064 -0.0000
vn 0.4194 -0.9078 -0.0000
vn 0.4196 -0.9077 -0.0000
vn 0.7279 0.0805 0.6810
vn -0.8457 0.5337 0.0042
vn -0.9461 0.3154 -0.0731
vn -0.3746 0.9031 0.2098
vn 0.9809 -0.1902 0.0402
vn 0.0016 0.9998 -0.0200
vn -0.2152 0.9766 -0.0029
vn -0.8528 -0.5221 0.0048
vn 0.9689 -0.2453 0.0327
vn 0.0008 0.9979 -0.0649
vn -0.0270 0.9995 -0.0148
vn -0.0575 -0.1467 -0.9875
vn -0.0400 0.6780 -0.7340
vn -0.0115 -0.3458 -0.9382
vn 0.2497 0.2407 -0.9379
vn -0.0307 0.3145 -0.9488
vn 0.0233 -0.4438 0.8958
vn -0.8843 -0.0810 -0.4599
vn -0.9877 0.1558 0.0130
vn 0.8545 0.5194 -0.0084
vn -0.0309 0.4017 -0.9152
vn 0.0707 -0.1152 -0.9908
vn 0.9923 0.1239 -0.0063
vn 0.9413 0.0529 0.3334
vn 0.9711 -0.2386 -0.0050
vn -0.9882 -0.0728 -0.1349
vn 0.5908 0.0407 0.8058
vn 0.8351 -0.3895 0.3885
vn -0.8077 -0.2120 -0.5501
vn 0.0123 0.0945 0.9954
vn -0.0815 0.2140 0.9734
vn -0.0015 0.1000 0.9950
vn -0.0311 -0.5390 0.8418
vn 0.3699 0.0339 0.9284
vn -0.0329 -0.0046 0.9994
vn -0.0692 -0.4012 0.9134
vn 0.5961 0.0293 0.8024
vn -0.0285 -0.1029 0.9943
vn -0.0467 -0.1060 0.9933
vn 0.1661 0.0360 0.9854
vn -0.8265 0.0708 -0.5584
vn -0.9772 0.0159 -0.2118
vn -0.9792 -0.0785 0.1870
vn -0.5300 0.0145 -0.8479
vn -0.9925 0.0674 -0.1018
vn 0.8280 0.0377 0.5594
vn 0.9892 0.0162 0.1459
vn 0.5712 -0.0000 0.8208
vn 0.9312 -0.1107 -0.3474
vn 0.2038 -0.0000 0.9790
vn 0.8842 -0.0000 -0.4671
vn -0.8113 0.0932 0.5771
vn -0.6151 0.0202 0.7882
vn -0.9992 -0.0000 -0.0409
vn -0.8264 -0.1590 0.5401
vn -0.9892 0.0660 0.1306
vn -0.8148 -0.1111 0.5690
vn 0.9980 0.0625 -0.0081
vn 0.9846 -0.1456 -0.0964
vn 0.9957 -0.0926 0.0074
vn 0.9948 0.1006 -0.0130
vn 0.9953 -0.0759 -0.0600
vn 0.9998 0.0169 -0.0082
vn 0.9859 -0.1672 0.0086
vn 0.0015 0.0999 -0.9950
vn 0.0311 -0.5390 -0.8418
vn -0.3699 0.0339 -0.9284
vn 0.0329 -0.0046 -0.9994
vn 0.0797 -0.5609 -0.8241
vn -0.5961 0.0293 -0.8024
vn 0.0280 0.1134 -0.9932
vn -0.8261 -0.0689 -0.5592
vn -0.9025 0.1869 -0.3880
vn -0.9942 -0.1074 0.0052
vn 0.9385 0.3453 -0.0009
vn -0.8041 0.0819 -0.5889
vn -0.3857 -0.9217 0.0423
vn -0.9764 0.2157 -0.0059
vn -0.9712 -0.2381 0.0060
vn -0.9976 0.0687 0.0089
vn -0.9947 -0.1021 -0.0112
vn -0.9865 0.1597 0.0368
vn -0.9874 0.1583 0.0084
vn -0.6875 0.1231 -0.7156
vn -0.9987 -0.0497 0.0130
vn -0.9719 0.0224 -0.2345
vn -0.9935 -0.1138 -0.0067
vn -0.9131 -0.0090 0.4076
vn -0.8699 0.1891 0.4556
vn 0.0341 -0.0623 0.9975
vn 0.0039 0.0666 0.9978
vn 0.0204 -0.1754 0.9843
vn -0.1835 0.2433 0.9524
vn -0.7763 0.1930 0.6002
vn -0.0366 -0.3786 0.9248
vn -0.1780 0.3406 0.9232
vn 0.8056 0.1668 0.5684
vn 0.9978 -0.0667 -0.0014
vn -0.3599 0.9325 0.0309
vn 0.9693 -0.2451 0.0187
vn 0.9863 0.1643 -0.0111
vn 0.9861 -0.1660 -0.0001
vn 0.8699 0.1891 -0.4556
vn -0.0323 -0.0329 -0.9989
vn -0.0227 0.3839 -0.9231
vn 0.0155 -0.1902 -0.9816
vn 0.2498 0.2397 -0.9382
vn -0.0268 0.4535 -0.8909
vn 0.0116 -0.1469 -0.9891
vn 0.1835 0.2433 -0.9524
vn 0.8615 0.0140 -0.5075
vn 0.1831 -0.0364 -0.9824
vn 0.9981 0.0244 0.0574
vn 0.9979 -0.0244 0.0602
vn 0.3179 0.0767 -0.9450
vn 0.0277 -0.9993 -0.0241
vn -0.7567 0.6537 0.0011
vn -0.7599 0.6498 0.0167
vn -0.7798 0.6252 0.0323
vn -0.0716 0.3879 0.9189
vn -0.0439 0.4161 0.9083
vn -0.0166 0.4212 0.9068
vn 0.0173 0.2203 -0.9753
vn -0.0104 0.2156 -0.9764
vn -0.0393 0.1859 -0.9818
vn 0.8717 0.4892 0.0272
vn 0.8581 0.5132 0.0125
vn 0.8559 0.5171 -0.0022
vn 0.0011 -1.0000 0.0017
vn 0.0988 -0.9936 0.0553
vn -0.0128 -0.9965 0.0828
vn 0.5051 -0.8175 -0.2765
vn 0.0095 -0.5590 0.8291
vn 0.0125 -0.5591 0.8290
vn 0.0108 -0.5590 0.8291
vn -0.9995 0.0328 0.0012
vn -0.9785 -0.2051 0.0221
vn -0.9784 -0.2056 0.0199
vn -0.9785 -0.2052 0.0213
vn -0.9454 0.1498 0.2895
vn -0.9456 0.1486 0.2894
vn -0.9460 0.1462 0.2893
vn 0.0212 -0.0451 -0.9988
vn -0.3691 -0.0765 -0.9262
vn 0.0008 0.1608 -0.9870
vn -0.0019 0.1606 -0.9870
vn -0.0002 0.1608 -0.9870
vn 0.9989 0.0468 0.0008
vn 0.9942 0.1062 -0.0161
vn 0.9942 0.1062 -0.0162
vn 0.9942 0.1063 -0.0159
vn 0.9934 0.1143 -0.0026
vn 0.9836 -0.0246 -0.1789
vn 0.9193 -0.3933 -0.0159
vn 0.9189 -0.3942 -0.0128
vn 0.9192 -0.3935 -0.0147
vn 0.0192 0.9998 -0.0103
vn -0.8845 -0.0742 0.4606
vn -0.8808 -0.0680 0.4685
vn -0.8790 -0.0587 0.4732
vn -0.9965 -0.0829 -0.0107
vn -0.9965 -0.0830 -0.0115
vn -0.9965 -0.0830 -0.0102
vn -0.3221 -0.9467 -0.0071
vn -0.8659 -0.0659 -0.4959
vn 0.6833 0.0438 -0.7288
vn 0.6831 0.0421 -0.7291
vn 0.6830 0.0395 -0.7294
vn -0.8112 -0.0565 -0.5820
vn 0.8230 -0.0137 0.5678
vn 0.8609 -0.1053 0.4978
vn 0.0376 0.3229 -0.9457
vn -0.8603 0.0208 -0.5093
vn -0.8603 0.0205 -0.5094
vn -0.8603 0.0200 -0.5094
vn -0.0168 0.0504 -0.9986
vn -0.0069 -0.1270 -0.9919
vn 0.3699 -0.0339 -0.9284
vn -0.0287 -0.0016 -0.9996
vn 0.2899 -0.0349 -0.9564
vn 0.8387 0.0460 0.5427
vn -0.5563 -0.0654 0.8284
vn 0.8132 -0.0594 0.5790
vn 0.7809 0.0797 0.6195
vn 0.8314 -0.0692 0.5513
vn -0.7800 0.0235 -0.6254
vn -0.9913 0.0105 0.1310
vn -0.8553 -0.0452 -0.5161
vn -0.7746 0.2163 -0.5943
vn -0.8331 0.0034 -0.5531
vn -0.8256 0.0379 -0.5630
vn 0.7032 0.3778 -0.6023
vn 0.8729 0.0961 -0.4784
vn 0.9786 -0.1050 0.1767
vn 0.8467 -0.1850 -0.4989
vn 0.7784 0.2039 -0.5937
vn 0.0593 -0.9907 -0.1223
vn -0.9967 0.0815 -0.0040
vn -0.9733 0.2294 -0.0112
vn -0.9731 0.2299 -0.0126
vn -0.9360 -0.1846 -0.2997
vn -0.9997 -0.0223 0.0082
vn 0.0168 0.0504 0.9986
vn 0.0071 -0.1773 0.9841
vn -0.3699 -0.0339 0.9284
vn -0.2899 -0.0349 0.9564
vn 0.0003 0.1334 0.9911
vn 0.0022 -0.1031 0.9947
vn 0.9980 0.0628 -0.0087
vn 0.9537 0.1317 -0.2704
vn 0.9342 -0.3567 0.0079
vn 0.9977 0.0678 0.0051
vn 0.5831 -0.8122 0.0189
vn 0.9991 0.0427 0.0066
vn 0.9891 0.0877 -0.1181
vn 0.9941 -0.1082 -0.0032
vn 0.9911 0.1319 0.0155
vn -0.7793 0.6266 -0.0089
vn 0.9968 0.0803 0.0017
vn 0.7575 0.0297 -0.6522
vn 0.9962 0.0098 0.0868
vn -0.0373 0.1216 -0.9919
vn -0.0059 -0.1811 -0.9834
vn -0.0198 -0.2956 -0.9551
vn -0.9962 0.0859 0.0119
vn -0.9537 0.1317 0.2704
vn -1.0000 0.0008 -0.0029
vn -0.9977 -0.0098 0.0669
vn -0.8587 -0.5121 -0.0175
vn 0.0384 0.1249 0.9914
vn 0.0046 -0.2122 0.9772
vn 0.0334 -0.2982 0.9539
vn 0.0194 -0.1257 0.9919
vn -0.8324 0.0965 0.5458
vn 0.4718 -0.0092 0.8817
vn -0.9993 -0.0071 -0.0373
vn -0.7688 0.2251 0.5985
vn -0.8499 -0.1749 0.4971
vn -0.8048 0.0954 0.5858
vn -0.0246 -0.0023 0.9997
vn -0.8377 -0.0095 0.5461
vn 0.3803 -0.8884 -0.2570
vn 0.8074 -0.5899 0.0077
vn 0.8579 0.2725 -0.4355
vn -0.5050 -0.8324 0.2281
vn -0.6373 -0.1926 0.7462
vn 0.8883 0.4590 0.0178
vn 0.7445 0.0155 -0.6675
vn -0.7931 0.6089 -0.0136
vn 0.9982 0.0261 -0.0537
vn -0.8138 0.1221 0.5682
vn 0.6744 0.0547 0.7363
vn -0.0101 0.9970 -0.0765
vn -0.6810 0.4225 -0.5981
vn -0.4891 0.0404 0.8713
vn -0.0463 0.9936 0.1029
vn -0.0182 0.8389 -0.5439
vn -0.9222 -0.0584 -0.3823
vn 0.0089 -1.0000 0.0005
vn -0.0271 0.9434 -0.3305
vn 0.1455 -0.9873 -0.0634
vn -0.7956 0.1094 -0.5959
vn -0.5229 -0.8023 -0.2878
vn 0.3658 -0.9228 0.1212
vn 0.7590 0.2353 0.6071
vn 0.7587 -0.5297 0.3794
vn 0.7179 0.3271 0.6146
vn -0.1056 -0.9918 0.0725
vn 0.0421 -0.9478 -0.3162
vn 0.1356 0.9890 0.0597
vn 0.8044 -0.3219 -0.4993
vn -0.6264 0.0926 0.7740
vn 0.8506 -0.5210 0.0702
vn -0.9782 -0.1925 0.0774
vn 0.7367 0.1453 0.6605
vn 0.0182 0.8382 0.5451
vn 0.9178 -0.0454 0.3945
vn -0.0000 0.9996 0.0295
vn -0.7404 0.0292 0.6715
vn -0.9731 0.2300 -0.0106
vn 0.0152 0.9999 -0.0000
vn 0.9343 -0.0882 -0.3453
vn -0.0279 0.3579 0.9333
vn 0.9342 -0.0906 -0.3451
vn -0.0000 0.9996 -0.0290
vn -0.9512 -0.3085 -0.0029
vn 0.6397 -0.0234 -0.7683
vn -0.0193 0.9998 -0.0000
vn -0.9440 -0.0817 0.3197
vn -0.9344 -0.0882 0.3451
vn -0.0000 -1.0000 -0.0001
vn -0.5233 0.8491 0.0718
vn -0.5522 -0.7686 0.3230
vn -0.2077 0.9740 -0.0905
vn 0.7330 -0.3576 -0.5786
vn 0.0018 1.0000 0.0015
vn 0.0075 0.0073 0.9999
vn -1.0000 0.0028 0.0023
vn -0.0081 0.0051 -1.0000
vn 1.0000 0.0040 -0.0026
vn -0.0013 1.0000 0.0001
vt -0.136548 0.500000
vt -0.136548 1.230333
vt 1.374806 2.849523
vt 1.307484 2.929620
vt 1.235956 2.849523
vt 1.150123 -0.235956
vt 1.150123 0.500000
vt -0.374806 2.849523
vt -0.302332 2.929620
vt -0.235956 2.849523
vt 1.021074 1.398469
vt 1.150123 1.235956
vt 1.173786 1.245757
vt 1.005650 2.849523
vt 1.136549 2.929620
vt 1.136549 2.849523
vt 1.126180 -0.350851
vt -0.061674 -0.248012
vt -0.126186 -0.350845
vt -0.011273 1.374806
vt -0.150123 1.235956
vt -0.245757 2.849523
vt 1.245757 2.745853
vt -0.272763 2.718125
vt 1.199773 2.691623
vt 1.199773 -1.691623
vt -0.199773 -1.691623
vt -0.150123 -0.235956
vt -0.011273 -0.374806
vt 1.069117 2.929620
vt 0.500000 2.849523
vt 1.011273 -0.374806
vt -0.308232 2.929620
vt -0.005650 2.849523
vt -0.074517 2.929620
vt -0.136548 2.849523
vt -0.011273 2.849523
vt 1.011273 2.929620
vt -0.230333 2.929620
vt -0.230333 2.849523
vt 1.126174 1.350857
vt -0.071099 1.295782
vt -0.126177 1.350853
vt 1.230333 2.929620
vt 1.086203 1.280678
vt -0.230333 -1.929620
vt 1.230333 -1.727540
vt 1.230333 -1.929620
vt 1.301756 2.929620
vt 1.011273 1.374806
vt 0.500000 1.374806
vt 1.005650 2.929620
vt 1.230333 2.849523
vt -0.073110 2.929620
vt 1.136549 -0.230333
vt 1.005650 -0.361231
vt 1.021074 -0.398469
vt 1.151166 2.732948
vt -0.245757 2.849523
vt -0.245757 2.720180
vt 0.500000 -0.374806
vt -0.150123 0.500000
vt -0.073974 2.929620
vt -0.021074 -0.398469
vt -0.173786 -0.245757
vt -0.021074 1.398469
vt -0.032730 1.276955
vt 1.136549 0.500000
vt 1.005650 2.929620
vt 1.173786 -0.245757
vt 1.398469 2.719024
vt 1.398469 2.849523
vt -0.011273 2.929620
vt 1.011273 2.849523
vt 1.011273 2.929620
vt -0.071099 -1.727540
vt 1.055995 -1.929620
vt -0.071099 -1.929620
vt 1.068411 2.929620
vt 0.500000 -0.386638
vt 1.047202 -0.262483
vt 1.016174 -0.386638
vt 0.500000 -0.361231
vt -0.173786 1.245757
vt -0.005650 1.361231
vt 0.500000 1.361231
vt -0.032731 -1.691623
vt 1.047202 2.691623
vt 1.047202 -1.691623
vt 1.071099 -1.929620
vt -0.055995 -1.727540
vt -0.086203 -1.929620
vt 1.136549 1.230333
vt -0.055995 -0.310886
vt 0.015508 -0.325194
vt -0.061388 -0.289091
vt 1.000846 -0.349633
vt -0.064805 1.285674
vt 1.071099 -0.295782
vt -0.069506 2.929620
vt -0.005650 -0.361231
vt 1.005650 1.361231
vt 1.047202 -1.691623
vt -0.032731 2.691623
vt -0.061674 -1.691623
vt -0.136548 -0.230333
vt -0.230333 -1.929620
vt 1.047202 1.262483
vt 1.230331 0.643147
vt 1.230331 0.488986
vt -0.230331 0.488986
vt -0.072948 0.643147
vt 1.071355 0.643147
vt -0.064073 0.488986
vt -0.071484 0.241831
vt 1.071066 0.395993
vt 1.086201 0.241831
vt 1.066560 0.643147
vt -0.057913 0.643147
vt -0.070588 0.488986
vt -0.230331 0.643147
vt -0.230331 0.488986
vt 1.230331 0.488986
vt -0.230331 0.395993
vt 1.230331 0.241831
vt -0.230331 0.241831
vt -0.077926 -0.288951
vt 1.072997 -0.293880
vt 1.068439 1.298438
vt 1.230331 0.643147
vt 1.072098 0.488986
vt -0.230331 0.241831
vt 1.158220 -1.737721
vt 1.138302 2.737721
vt 1.126463 -1.737721
vt 1.138302 2.737721
vt 1.126463 -1.737721
vt 1.158220 -1.737721
vt 1.138302 2.737720
vt 1.138302 2.737721
vt 1.126463 -1.737721
vt 0.519361 2.737720
vt 0.519463 -1.737721
vt 0.517051 2.737721
vt 0.079547 0.495724
vt 0.079547 0.504276
vt 0.920453 0.504276
vt 0.826416 0.495724
vt 0.792838 0.504276
vt 0.792838 0.504276
vt 0.077812 0.504276
vt 0.077812 0.495724
vt 0.922188 0.504276
vt 0.870650 0.495724
vt 0.827925 0.495724
vt 0.868556 0.078679
vt 0.870650 0.922188
vt 0.866462 0.920453
vt 0.868556 0.921321
vt 0.870650 0.077812
vt 0.828295 0.040118
vt 0.792838 1.000000
vt 0.791103 0.995812
vt 0.920453 0.495724
vt 0.079547 0.504276
vt 0.791103 0.504276
vt 0.866462 0.495724
vt 0.791103 0.495724
vt 0.830843 0.495724
vt 0.792838 0.495724
vt 0.791103 0.004188
vt 0.866462 0.079547
vt 0.829650 0.504276
vt 0.791103 0.495724
vt 0.791971 0.997906
vt 0.792838 1.000000
vt 0.830542 0.957635
vt 0.791103 0.995812
vt 0.870650 0.922188
vt 0.827782 0.039329
vt 0.829902 0.504276
vt 0.826334 0.495724
vt 0.831527 0.495724
vt 0.839990 0.504276
vt 0.826399 0.495724
vt 0.841348 0.052512
vt 0.792838 0.000000
vt 0.791103 0.004188
vt 0.832559 0.504276
vt 0.866462 0.079547
vt 0.830008 0.504276
vt 0.826894 0.504276
vt 0.831089 0.957354
vt 0.831147 0.042701
vt 0.828249 0.039815
vt 0.827520 0.495724
vt 0.831517 0.495724
vt 0.792838 0.000000
vt 0.827949 0.039503
vt 0.829858 0.504276
vt 0.837154 0.504276
vt 0.792838 0.495724
vt 0.830543 0.500132
vt 0.818313 0.495724
vt 0.830755 0.957429
vt 0.827997 0.960705
vt 0.837466 0.504276
vt 0.922188 0.504276
vt 0.077812 0.504276
vt 0.870650 0.077812
vt 0.868207 0.921176
vt 0.838727 0.504276
vt 0.840051 0.051264
vt 0.791826 0.002443
vt 0.868905 0.078535
vt 0.837502 0.504276
vt 0.830064 0.504276
vt 0.832539 0.499913
vt 0.831147 0.957299
vt 0.922188 0.495724
vt 0.869254 0.921610
vt 0.827667 0.495724
vt 0.828040 0.039854
vt 0.832625 0.504276
vt 0.791971 0.002094
vt 0.831744 0.504276
vt 0.870650 0.922188
vt 0.792115 0.998255
vt 0.792260 0.001396
vt 0.826334 0.495724
vt 0.827302 0.495724
vt 0.813797 0.495724
vt 0.814403 0.025419
vt 0.828248 0.039814
vt 0.830835 0.042401
vt 0.829926 0.504276
vt 1.158220 -1.737721
vt 0.519630 -1.737721
vt 0.517165 2.737720
vt 0.519296 -1.737721
vt 0.838747 0.504276
vt 0.920453 0.495724
vt 0.920453 0.504276
vt 0.922188 0.495724
vt 0.840071 0.948716
vt 0.791826 0.997557
vt 0.866462 0.920453
vt 0.791971 0.002094
vt 0.079547 0.495724
vt 0.077812 0.504276
vt 0.829995 0.504276
vt 0.831670 0.500008
vt 0.870650 0.077812
vt 0.791971 0.997906
vt 0.830896 0.042707
vt 0.868556 0.078679
vt 0.868207 0.078824
vt 0.830801 0.042615
vt 0.839857 0.504276
vt 0.840986 0.947526
vt 0.844331 0.504276
vt 0.830826 0.495724
vt 0.845810 0.943197
vt 0.791971 0.002094
vt 0.867858 0.078969
vt 0.791681 0.997208
vt 0.868556 0.078679
vt 0.825990 0.495724
vt 0.823129 0.495724
vt 0.791681 0.002792
vt 0.823628 0.964990
vt 0.839266 0.504276
vt 0.840605 0.948203
vt 0.829760 0.504276
vt 0.830948 0.500087
vt 0.830834 0.042400
vt 0.827602 0.495724
vt 0.827975 0.960213
vt 0.077812 0.495724
vt 0.831517 0.495724
vt 0.831351 0.495724
vt 0.791971 0.997906
vt 0.828249 0.960185
vt 0.868556 0.921321
vt 0.839367 0.504276
vt 0.840932 0.948196
vt 0.831517 0.504276
vt 0.837053 0.504276
vt 0.831104 0.495724
vt 0.867858 0.921032
vt 0.839240 0.504276
vt 0.840801 0.051679
vt 0.829760 0.504276
vt 0.837110 0.504276
vt 0.831744 0.500000
vt 0.813822 0.495724
vt 0.814427 0.025444
vt 0.822812 0.495724
vt 0.823398 0.034482
vt 0.114304 0.654543
vt 0.151724 0.345457
vt 0.189143 0.654543
vt 0.151724 0.345457
vt 0.523147 0.654543
vt 0.500000 0.345457
vt 0.476853 0.654543
vt 0.169651 0.654543
vt 0.151724 0.654543
vt 0.114304 0.345457
vt 0.189143 0.345457
vt 0.151724 0.345457
vt 0.114304 0.654543
vt 0.189143 0.654543
vt 0.848276 0.345457
vt 0.885696 0.654543
vt 0.810857 0.654543
vt 0.885696 0.345457
vt 0.848276 0.654543
vt 0.810857 0.345457
vt 0.131326 0.152225
vt 0.088965 0.210981
vt 0.136117 0.156124
vt 0.500000 0.208305
vt 0.463845 0.152225
vt 0.536155 0.152225
vt 0.131327 0.152225
vt 0.187407 0.197873
vt 0.500081 0.921329
vt 0.484700 0.141670
vt 0.515300 0.141670
vt 0.127786 0.161376
vt 0.130727 0.194750
vt 0.131076 0.163054
vt 0.108083 0.154283
vt 0.098600 0.165933
vt 0.515300 0.165933
vt 0.484700 0.167786
vt 0.484700 0.165933
vt 0.135315 0.198599
vt 0.916941 0.021005
vt 0.104316 0.173365
vt 0.187407 0.197873
vt 0.127785 0.161376
vt 0.130727 0.194750
vt 0.131076 0.163054
vt 0.484700 0.167786
vt 0.135315 0.198599
vt 0.917081 0.021677
vt 0.104316 0.173365
vt 0.127786 0.161376
vt 0.130727 0.194750
vt 0.131076 0.163054
vt 0.484700 0.167786
vt 0.135315 0.198599
vt 0.917081 0.021677
vt 0.104316 0.173365
vt 0.536155 0.197873
vt 0.478307 0.197873
vt 0.463845 0.197873
vt 0.150020 0.167441
vt 0.159367 0.175049
vt 0.150020 0.167441
vt 0.187407 0.197873
vt 0.500081 0.921329
vt 0.495643 0.164103
vt 0.515300 0.148359
vt 0.484700 0.148359
vt 0.134650 0.198058
vt 0.917081 0.021677
vt 0.104316 0.173365
vt 0.484700 0.167786
vt 0.500081 0.921329
vt 0.495643 0.164103
vt 0.134651 0.198058
vt 0.917081 0.021677
vt 0.104316 0.173365
vt 0.168629 0.182588
vt 0.150028 0.167447
vt 0.159095 0.174828
vt 0.127786 0.161376
vt 0.130726 0.194749
vt 0.131076 0.163054
vt 0.484700 0.167786
vt 0.134650 0.198058
vt 0.917081 0.021677
vt 0.104315 0.173365
vt 0.485264 0.163282
vt 0.515300 0.162930
vt 0.484700 0.102835
vt 0.515300 0.100718
vt 0.515300 0.100718
vt 0.485279 0.163158
vt 0.515300 0.162930
vt 0.515300 0.100718
vt 0.484700 0.102835
vt 0.515300 0.100718
vt 0.515300 0.100718
vt 0.484700 0.102835
vt 0.515300 0.100718
vt 0.485264 0.163282
vt 0.515300 0.162930
vt 0.135315 0.198599
vt 0.917081 0.021677
vt 0.500000 0.208305
vt 0.187407 0.197873
vt 0.484700 0.168713
vt 0.132800 0.196552
vt 0.515300 0.166860
vt 0.916941 0.021005
vt 0.159367 0.175049
vt 0.113718 0.231129
vt 0.500082 0.921329
vt 0.132800 0.196552
vt 0.515300 0.166860
vt 0.134650 0.198058
vt 0.917081 0.021677
vt 0.104316 0.173365
vt 0.132800 0.196552
vt 0.515300 0.166860
vt 0.141758 0.253953
vt 0.136543 0.203089
vt 0.131326 0.152225
vt 0.187407 0.197873
vt 0.132806 0.196556
vt 0.917081 0.021677
vt 0.085678 0.208305
vt 0.136542 0.203088
vt 0.132806 0.196556
vt 0.917081 0.021677
vt 0.104316 0.173365
vt 0.136542 0.203089
vt 0.131326 0.152225
vt 0.187407 0.197873
vt 0.500081 0.921329
vt 0.132800 0.196551
vt 0.515300 0.166860
vt 0.485276 0.163166
vt 0.485261 0.163289
vt 0.515300 0.163315
vt 0.484700 0.163762
vt 0.485276 0.163166
vt 0.134650 0.198058
vt 0.917081 0.021677
vt 0.088965 0.210980
vt 0.136117 0.156124
vt 0.135315 0.198599
vt 0.917081 0.021677
vt 0.108502 0.180265
vt 0.135879 0.148359
vt 0.127351 0.167152
vt 0.121504 0.154745
vt 0.108502 0.180264
vt 0.150104 0.167509
vt 0.130727 0.194750
vt 0.916941 0.021005
vt 0.168629 0.182588
vt 0.500081 0.921329
vt 0.132820 0.196568
vt 0.130519 0.194575
vt 0.917081 0.021677
vt 0.150104 0.167509
vt 0.103341 0.171646
vt 0.134556 0.197981
vt 0.127577 0.148989
vt 0.136542 0.203089
vt 0.917081 0.021677
vt 0.495643 0.164103
vt 0.917081 0.021677
vt 0.136542 0.203089
vt 0.127714 0.161410
vt 0.131093 0.163103
vt 0.917081 0.021677
vt 0.484700 0.163762
vt 0.515300 0.163315
vt 0.132187 0.196052
vt 0.916956 0.021075
vt 0.108084 0.176433
vt 0.158232 0.174125
vt 0.484700 0.152338
vt 0.514570 0.161635
vt 0.496277 0.158587
vt 0.916956 0.021075
vt 0.113718 0.231129
vt 0.484700 0.152338
vt 0.514676 0.161636
vt 0.496277 0.158587
vt 0.916956 0.021075
vt 0.484700 0.152338
vt 0.514676 0.161635
vt 0.496276 0.158587
vt 0.916956 0.021074
vt 0.484700 0.152338
vt 0.514676 0.161635
vt 0.496277 0.158587
vt 0.158232 0.174125
vt 0.918254 0.027338
vt 0.484700 0.152338
vt 0.514676 0.161635
vt 0.496276 0.158587
vt 0.918254 0.027337
vt 0.159366 0.175049
vt 0.484700 0.152338
vt 0.514676 0.161635
vt 0.496276 0.158587
vt 0.515300 0.098601
vt 0.488048 0.914512
vt 0.511769 0.914512
vt 0.515300 0.886473
vt 0.515300 0.637562
vt 0.159367 0.175049
vt 0.147049 0.165022
vt 0.488048 0.914512
vt 0.511769 0.914512
vt 0.484700 0.886473
vt 0.500693 0.148359
vt 0.513517 0.168226
vt 0.484700 0.174881
vt 0.500000 0.197873
vt 0.488268 0.914512
vt 0.500848 0.148359
vt 0.513517 0.168227
vt 0.484700 0.174881
vt 0.488268 0.914512
vt 0.515300 0.637562
vt 0.500000 0.208305
vt 0.500848 0.148359
vt 0.513517 0.168226
vt 0.486196 0.174881
vt 0.914834 0.010836
vt 0.895957 0.037746
vt 0.124211 0.189560
vt 0.500005 0.513946
vt 0.485949 0.154544
vt 0.513517 0.168226
vt 0.497872 0.158278
vt 0.488268 0.914512
vt 0.158232 0.174125
vt 0.914834 0.010836
vt 0.124211 0.189560
vt 0.500005 0.513947
vt 0.488048 0.914512
vt 0.147049 0.165022
vt 0.511769 0.914512
vt 0.515300 0.637562
vt 0.484700 0.152338
vt 0.514676 0.161635
vt 0.159367 0.175049
vt 0.147049 0.165022
vt 0.500754 0.920357
vt 0.916956 0.021075
vt 0.484700 0.152338
vt 0.514529 0.170792
vt 0.496277 0.158587
vt 0.500000 0.152225
vt 0.916956 0.021075
vt 0.484700 0.152338
vt 0.514676 0.161635
vt 0.496276 0.158587
vt 0.916956 0.021074
vt 0.463845 0.152225
vt 0.500000 0.152225
vt 0.514529 0.170792
vt 0.496277 0.158587
vt 0.916956 0.021075
vt 0.485968 0.152338
vt 0.513699 0.171856
vt 0.502663 0.159898
vt 0.500754 0.920357
vt 0.916956 0.021074
vt 0.485968 0.152338
vt 0.513699 0.171855
vt 0.502663 0.159898
vt 0.159366 0.175049
vt 0.500755 0.920357
vt 0.515300 0.637561
vt 0.500693 0.148359
vt 0.486196 0.174881
vt 0.488268 0.914512
vt 0.914721 0.010294
vt 0.124211 0.189560
vt 0.500005 0.513946
vt 0.513517 0.168226
vt 0.506123 0.155299
vt 0.513583 0.171971
vt 0.484700 0.174881
vt 0.892302 0.042236
vt 0.914830 0.010820
vt 0.638273 0.093641
vt 0.914830 0.010820
vt 0.640706 0.090652
vt 0.914830 0.010820
vt 0.638273 0.093641
vt 0.914830 0.010820
vt 0.914830 0.010820
vt 0.638273 0.093641
vt 0.914830 0.010819
vt 0.892302 0.042236
vt 0.914830 0.010820
vt 0.914830 0.010820
vt 0.638273 0.093641
vt 0.914830 0.010820
vt 0.916956 0.021074
vt 0.463845 0.152225
vt 0.918254 0.027338
vt 0.496276 0.158587
vt 0.113718 0.231129
vt 0.916956 0.021075
vt 0.486374 0.152338
vt 0.496277 0.158587
vt 0.916956 0.021074
vt 0.484700 0.152338
vt 0.514676 0.161635
vt 0.496276 0.158587
vt 0.916956 0.021075
vt 0.147049 0.165022
vt 0.484700 0.152338
vt 0.514676 0.161635
vt 0.916956 0.021075
vt 0.484700 0.152338
vt 0.514676 0.161635
vt 0.496188 0.158587
vt 0.158232 0.174125
vt 0.485949 0.154544
vt 0.513517 0.168226
vt 0.496760 0.158278
vt 0.147049 0.165022
vt 0.892302 0.042236
vt 0.122334 0.188032
vt 0.914834 0.010837
vt 0.500693 0.148359
vt 0.513517 0.168226
vt 0.484700 0.174881
vt 0.158232 0.174125
vt 0.147049 0.165023
vt 0.515300 0.637563
vt 0.122334 0.188032
vt 0.515300 0.637563
vt 0.485998 0.154544
vt 0.513517 0.168226
vt 0.496760 0.158278
vt 0.122334 0.188032
vt 0.484700 0.174881
vt 0.158232 0.174125
vt 0.916956 0.021075
vt 0.513699 0.171856
vt 0.502548 0.159898
vt 0.916956 0.021075
vt 0.916956 0.021074
vt 0.485106 0.152338
vt 0.496277 0.158587
vt 0.916956 0.021074
vt 0.485106 0.152338
vt 0.918254 0.027338
vt 0.513378 0.165465
vt 0.496188 0.158587
vt 0.918254 0.027337
vt 0.496276 0.158587
vt 0.485949 0.154544
vt 0.513517 0.168226
vt 0.496760 0.158278
vt 0.484700 0.174881
vt 0.158232 0.174125
vt 0.122334 0.188032
vt 0.147049 0.165022
vt 0.914830 0.010819
vt 0.892302 0.042236
vt 0.914830 0.010820
vt 0.914830 0.010820
vt 0.914830 0.010820
vt 0.914830 0.010820
vt 0.638273 0.093641
vt 0.914830 0.010820
vt 0.892302 0.042236
vt 0.638275 0.093641
vt 0.914830 0.010820
vt 0.638274 0.093641
vt 0.914830 0.010820
vt 0.914830 0.010820
vt 0.914830 0.010820
vt -0.005648 0.687163
vt -0.065739 0.758169
vt -0.136546 0.687163
vt -0.005648 0.488986
vt 1.060989 0.643147
vt 1.071482 0.488986
vt -0.230331 0.488986
vt 1.230331 0.395993
vt -0.230331 0.242964
vt 1.230331 0.687163
vt -0.230331 0.758169
vt -0.230331 0.687163
vt -0.230331 0.643147
vt -0.230331 0.687163
vt 1.230331 0.758169
vt 1.075185 0.738618
vt 1.005648 0.395993
vt -0.005648 0.244340
vt 1.113777 0.242682
vt 1.199773 -1.691770
vt 1.199773 2.691770
vt -0.199773 -1.691770
vt -0.199773 -1.691770
vt -0.199773 2.691770
vt 1.199773 2.691770
vt 1.033797 -1.691770
vt 1.062731 2.691770
vt -0.048323 2.691770
vt 0.332995 2.767884
vt -0.051063 -1.763871
vt 0.333490 -1.767201
vt 1.072585 -1.763991
vt 0.920937 2.767073
vt 0.923620 -1.765712
vt 0.052927 -1.763323
vt 0.332995 2.767939
vt 0.333469 -1.768012
vt 1.242116 0.051073
vt 0.926397 0.008199
vt 0.920937 -0.134585
vt 1.199448 0.332995
vt 1.138686 0.662179
vt 0.848977 2.768012
vt 0.954395 -1.714651
vt 1.138773 0.661888
vt 0.859931 2.768010
vt 1.138772 2.768011
vt 1.171379 1.138773
vt 1.105877 0.859931
vt 1.236881 0.848977
vt 0.237090 -1.714763
vt -0.051312 2.715123
vt 0.245560 2.715127
vt -0.080605 -1.714782
vt 0.234890 -1.714658
vt -0.055360 -1.714818
vt 1.085894 0.661972
vt 0.848977 2.715132
vt 1.085894 2.715132
vt 0.859931 0.661888
vt 1.085894 0.661888
vt 1.230735 -1.714444
vt 1.178338 0.661953
vt 1.236924 0.662179
vt 1.141130 0.661888
vt 1.195385 2.732843
vt 1.105877 2.768010
vt -0.051063 -1.763871
vt 0.073603 0.008199
vt -0.242116 0.051073
vt 0.079063 -0.134585
vt -0.199448 0.332995
vt -0.187557 0.333479
vt 0.053294 -0.014828
vt -0.159003 -0.051063
vt -0.067993 -1.767620
vt -0.002480 2.767423
vt -0.133484 2.767771
vt 1.138773 2.768012
vt -0.105877 0.859931
vt -0.171379 1.138773
vt -0.236881 0.848977
vt 0.234890 -1.714658
vt 0.245560 2.715127
vt 0.237090 -1.714763
vt -0.178338 0.661953
vt -0.230734 -1.714444
vt -0.236924 0.662179
vt -0.195385 2.732843
vt -0.141130 0.661888
vt -0.105877 2.768010
vt 0.831449 0.962113
vt 0.130443 0.924005
vt 0.206438 1.000000
vt 0.168521 0.037917
vt 0.817846 0.024284
vt 0.869557 0.075995
vt 0.236808 0.741452
vt 0.240089 0.842206
vt 0.232806 0.844508
vt 0.397625 0.637766
vt 0.602375 0.367637
vt 0.422569 0.362234
vt 0.602375 0.668743
vt 0.397625 0.518660
vt 0.602375 0.331257
vt 0.236809 0.741452
vt 0.239725 0.842571
vt 0.420018 0.637766
vt 0.581880 0.367637
vt 0.444961 0.362234
vt 0.581880 0.337487
vt 0.420018 0.187403
vt 0.581880 0.000000
vt 0.916228 0.595981
vt 0.919508 0.495226
vt 0.912226 0.492925
vt 0.581880 0.364962
vt 0.444961 0.362234
vt 0.581880 1.000000
vt 0.420018 0.812558
vt 0.581880 0.662513
vt 0.916228 0.595981
vt 0.919508 0.495226
vt 0.602375 0.364962
vt 0.422569 0.362234
vt 0.397625 0.518698
vt 0.710430 0.922833
vt 0.713346 0.821713
vt 0.706428 0.819776
vt 0.236808 0.741452
vt 0.240089 0.842206
vt 0.444961 0.362234
vt 0.420018 0.812558
vt 0.720357 0.922832
vt 0.717441 0.821713
vt 0.724359 0.819776
vt 0.422569 0.362234
vt 0.397625 0.518698
vt 0.236808 0.741452
vt 0.240089 0.842207
vt 0.420018 0.187403
vt 0.916228 0.595981
vt 0.444961 0.362234
vt 0.420018 0.812558
vt 0.916396 0.595812
vt 0.919508 0.495226
vt 0.444961 0.362234
vt 0.204255 0.994975
vt 0.795143 0.993522
vt 0.500000 0.990854
vt 0.797826 0.617180
vt 0.863123 0.624381
vt 0.863123 0.607271
vt 0.934703 0.607271
vt 0.065297 0.624381
vt 0.065297 0.607271
vt 0.794792 0.007325
vt 0.204857 0.006478
vt 0.500000 0.009146
vt 0.136877 0.065297
vt 0.812778 0.014951
vt 0.797826 1.000000
vt 0.141444 0.932812
vt 0.857970 0.932569
vt 0.857331 0.067696
vt 0.853977 0.500000
vt 0.794038 0.375619
vt 0.488721 0.433228
vt 0.205962 0.375619
vt 0.799877 0.569198
vt 0.846002 0.572219
vt 0.848641 0.553394
vt 0.500000 0.560940
vt 0.782759 0.572219
vt 0.507520 0.599751
vt 0.510355 0.571295
vt 0.782759 0.595992
vt 0.798894 0.600403
vt 0.492480 0.599751
vt 0.488721 0.572219
vt 0.511279 0.581800
vt 0.206683 0.569697
vt 0.217241 0.582294
vt 0.205962 0.607271
vt 0.080364 0.580154
vt 0.069085 0.607271
vt 0.511279 0.572219
vt 0.488721 0.577038
vt 0.206683 0.552184
vt 0.488721 0.583989
vt 0.210615 0.602618
vt 0.217241 0.572219
vt 0.919636 0.572219
vt 0.511279 0.576507
vt 0.930915 0.607271
vt 0.926593 0.556619
vt 0.492480 0.599751
vt 0.919636 0.595992
vt 0.150667 0.600703
vt 0.197987 0.595992
vt 0.799877 0.552683
vt 0.848641 0.568487
vt 0.802013 0.572219
vt 0.789385 0.602618
vt 0.846002 0.595992
vt 0.853977 0.607271
vt 0.014985 0.552683
vt 0.022154 0.575547
vt 0.009146 0.607271
vt 0.151359 0.568487
vt 0.197987 0.572219
vt 0.985661 0.553596
vt 0.981137 0.581867
vt 0.990854 0.607271
vt 0.511279 0.433228
vt 0.793317 0.459523
vt 0.782759 0.454839
vt 0.511279 0.457001
vt 0.500000 0.468280
vt 0.511279 0.479558
vt 0.799877 0.506352
vt 0.782759 0.487483
vt 0.488721 0.514581
vt 0.511279 0.503331
vt 0.511279 0.525889
vt 0.782759 0.533813
vt 0.511279 0.549662
vt 0.205962 0.375619
vt 0.158243 0.457847
vt 0.203140 0.433228
vt 0.151359 0.491851
vt 0.146023 0.375619
vt 0.206683 0.459523
vt 0.197987 0.479558
vt 0.200769 0.507266
vt 0.153998 0.503331
vt 0.205924 0.545160
vt 0.158292 0.537775
vt 0.845662 0.454811
vt 0.793725 0.455342
vt 0.848641 0.475826
vt 0.853977 0.375619
vt 0.802013 0.479558
vt 0.846002 0.503331
vt 0.848641 0.522157
vt 0.789299 0.525151
vt 0.840432 0.543614
vt 0.157434 0.433228
vt 0.014339 0.475624
vt 0.017121 0.450799
vt 0.009146 0.421949
vt 0.200769 0.475624
vt 0.151359 0.460733
vt 0.205018 0.446155
vt 0.153998 0.486797
vt 0.200769 0.521954
vt 0.197987 0.503331
vt 0.151383 0.522191
vt 0.158001 0.538581
vt 0.203140 0.549662
vt 0.149079 0.565262
vt 0.919636 0.433228
vt 0.511279 0.443139
vt 0.930915 0.468280
vt 0.930915 0.375619
vt 0.506638 0.493981
vt 0.919636 0.457001
vt 0.930915 0.514610
vt 0.919636 0.479558
vt 0.645473 0.503331
vt 0.919636 0.525889
vt 0.511279 0.543226
vt 0.217241 0.454843
vt 0.488721 0.457001
vt 0.488721 0.479558
vt 0.217241 0.487483
vt 0.500000 0.514610
vt 0.488721 0.503331
vt 0.488721 0.525889
vt 0.217241 0.545945
vt 0.488721 0.549662
vt 0.919636 0.445205
vt 0.488721 0.488279
vt 0.926593 0.488626
vt 0.919636 0.492804
vt 0.511279 0.536998
vt 0.919636 0.549662
vt 0.926593 0.565262
vt 0.080364 0.444197
vt 0.094861 0.378502
vt 0.073407 0.463958
vt 0.069085 0.375619
vt 0.072016 0.517541
vt 0.080364 0.479558
vt 0.079218 0.505399
vt 0.080364 0.549662
vt 0.076632 0.568487
vt 0.217241 0.436073
vt 0.217241 0.479558
vt 0.489613 0.504224
vt 0.217241 0.503331
vt 0.217241 0.525889
vt 0.488721 0.531383
vt 0.217241 0.549662
vt 0.080364 0.444962
vt 0.073407 0.472601
vt 0.080364 0.503331
vt 0.488721 0.490870
vt 0.073407 0.518932
vt 0.080364 0.537192
vt 0.073407 0.565262
vt 0.782759 0.436834
vt 0.799877 0.476537
vt 0.782759 0.479558
vt 0.511279 0.484924
vt 0.799231 0.521954
vt 0.782759 0.503331
vt 0.782759 0.525889
vt 0.511279 0.528834
vt 0.782759 0.549662
vt 0.841708 0.433228
vt 0.985015 0.476537
vt 0.982879 0.456576
vt 0.990854 0.421949
vt 0.848641 0.460733
vt 0.801952 0.456576
vt 0.847865 0.498974
vt 0.802013 0.503331
vt 0.840093 0.537299
vt 0.796860 0.549662
vt 0.847198 0.071894
vt 0.208916 0.016277
vt 0.152998 0.071974
vt 0.153416 0.927476
vt 0.789152 0.979381
vt 0.925884 0.375619
vt 0.511279 0.595992
vt 0.500000 0.619416
vt 0.788194 0.607069
vt 0.074114 0.560940
vt 0.488721 0.588069
vt 0.074299 0.617931
vt 0.074733 0.601623
vt 0.216460 0.551073
vt 0.488721 0.595992
vt 0.209230 0.602605
vt 0.075700 0.555307
vt 0.074297 0.617932
vt 0.922397 0.550856
vt 0.925703 0.617933
vt 0.922883 0.592099
vt 0.214443 0.571110
vt 0.212650 0.612594
vt 0.933811 0.570281
vt 0.926426 0.614474
vt 0.159827 0.561162
vt 0.064788 0.595992
vt 0.793425 0.575547
vt 0.786008 0.551075
vt 0.066015 0.595992
vt 0.021729 0.617933
vt 0.787430 0.612883
vt 0.930302 0.588069
vt 0.978271 0.617933
vt 0.206575 0.595992
vt 0.789007 0.375619
vt 0.783443 0.481403
vt 0.158168 0.375619
vt 0.210993 0.375619
vt 0.206575 0.457001
vt 0.214409 0.478514
vt 0.162083 0.496602
vt 0.212557 0.504413
vt 0.159038 0.558721
vt 0.974291 0.545160
vt 0.977017 0.510290
vt 0.978709 0.560940
vt 0.841832 0.375619
vt 0.065404 0.491445
vt 0.077566 0.504511
vt 0.078085 0.462585
vt 0.210993 0.375619
vt 0.212658 0.478450
vt 0.162199 0.485807
vt 0.162586 0.457001
vt 0.022935 0.472477
vt 0.022847 0.503331
vt 0.022984 0.518932
vt 0.206575 0.503331
vt 0.158169 0.514610
vt 0.212555 0.524808
vt 0.025709 0.549662
vt 0.021291 0.560940
vt 0.924320 0.458082
vt 0.924160 0.504542
vt 0.925886 0.468280
vt 0.925886 0.514610
vt 0.074114 0.468280
vt 0.074116 0.375619
vt 0.785688 0.473619
vt 0.787443 0.524807
vt 0.977027 0.468117
vt 0.977726 0.503331
vt 0.977017 0.518930
vt 0.937627 0.496339
vt 0.838173 0.570281
vt 0.841832 0.514610
vt 0.853977 0.069085
vt 0.789007 0.021291
vt 0.841832 0.074116
vt 0.205962 0.990854
vt 0.789007 0.978709
vt 0.210993 0.978709
vt 0.205962 0.009146
vt 0.794038 0.009146
vt 0.158168 0.074116
vt 0.210993 0.021291
vt 0.146023 0.930915
vt 0.158168 0.925884
vt 0.853977 0.930915
vt 0.841832 0.925884
vt 0.794038 0.990854
vt 0.938890 0.595992
vt 0.985015 0.569198
vt 0.982862 0.600403
vt 0.974291 0.572219
vt 0.511279 0.984782
vt 0.782759 0.978709
vt 0.782759 0.990854
vt 0.853977 0.488721
vt 0.841832 0.080364
vt 0.853977 0.080364
vt 0.853977 0.595992
vt 0.841832 0.588069
vt 0.853977 0.572219
vt 0.848775 0.080364
vt 0.841832 0.488721
vt 0.488721 0.015218
vt 0.217241 0.021291
vt 0.217241 0.009146
vt 0.146023 0.080364
vt 0.158168 0.488721
vt 0.146023 0.488721
vt 0.152096 0.511279
vt 0.158168 0.919636
vt 0.146023 0.919636
vt 0.488721 0.983914
vt 0.217241 0.978709
vt 0.217241 0.990854
vt 0.153998 0.061110
vt 0.206575 0.025709
vt 0.162586 0.069698
vt 0.069698 0.572219
vt 0.061110 0.572219
vt 0.153998 0.938890
vt 0.206575 0.974291
vt 0.197987 0.982879
vt 0.938890 0.572219
vt 0.202278 0.978587
vt 0.162586 0.930302
vt 0.782759 0.014004
vt 0.511279 0.021291
vt 0.511279 0.009146
vt 0.511279 0.016086
vt 0.782759 0.021291
vt 0.782759 0.009146
vt 0.511279 0.016086
vt 0.978890 0.472605
vt 0.985661 0.507266
vt 0.162587 0.930303
vt 0.802013 0.017121
vt 0.837414 0.069698
vt 0.846002 0.061110
vt 0.847037 0.511279
vt 0.841832 0.919636
vt 0.853977 0.919636
vt 0.848772 0.919636
vt 0.841832 0.511279
vt 0.853977 0.511279
vt 0.488721 0.983914
vt 0.153310 0.457001
vt 0.158168 0.433228
vt 0.146023 0.433228
vt 0.152963 0.511279
vt 0.152963 0.488721
vt 0.158168 0.080364
vt 0.151228 0.080364
vt 0.019014 0.457001
vt 0.021291 0.433228
vt 0.009146 0.433228
vt 0.488721 0.016086
vt 0.488721 0.009146
vt 0.846690 0.457001
vt 0.841832 0.433228
vt 0.853977 0.433228
vt 0.847037 0.488721
vt 0.980986 0.457001
vt 0.978709 0.433228
vt 0.990854 0.433228
vt 0.511279 0.983914
vt 0.837414 0.457001
vt 0.802013 0.982879
vt 0.837414 0.930302
vt 0.793425 0.974291
vt 0.817378 0.375619
vt 0.179388 0.607271
vt 0.169208 0.375619
vt 0.930915 0.607271
vt 0.182675 0.375619
vt 0.820481 0.607271
vt 0.830674 0.375619
vt -0.398469 2.756720
vt -0.021074 2.719024
vt -0.021074 2.849523
vt 1.021074 2.761643
vt -0.230333 -1.727540
vt 1.071099 -0.295782
vt -0.086203 -0.280678
vt 1.055995 1.310886
vt -0.199773 2.691623
vt -0.398469 2.769910
vt -0.109913 -0.199773
vt -0.161955 1.240856
vt -0.061674 1.248012
vt -0.071099 1.295782
vt -0.061674 2.691623
vt 1.071099 -1.727540
vt 1.021074 2.699376
vt 1.124950 -0.225529
vt 1.086203 -1.727540
vt 1.047202 2.691623
vt 1.124950 1.225529
vt 1.000846 1.349633
vt -0.071484 1.295393
vt 1.086201 1.280676
vt 1.056516 -0.310361
vt 1.230331 0.395993
vt -0.064073 0.395993
vt -0.073096 1.293781
vt 1.056516 0.241831
vt -0.070588 0.395993
vt -0.071097 0.241831
vt -0.071097 -0.295780
vt 1.071066 0.488986
vt 1.072098 0.395993
vt -0.035699 -1.737721
vt -0.015533 -1.737721
vt -0.025539 2.737721
vt 0.234109 -1.737721
vt 0.254275 -1.737721
vt 0.244268 2.737721
vt 0.503916 -1.737721
vt 0.524082 -1.737721
vt 0.514076 2.737721
vt 0.773723 -1.737721
vt 0.793889 -1.737721
vt 0.783883 2.737721
vt 1.043530 -1.737721
vt 1.063696 -1.737721
vt 1.053690 2.737721
vt -0.343216 2.737720
vt -0.374314 2.737721
vt -0.361295 -1.737721
vt 0.818115 -1.737721
vt 0.781734 -1.737721
vt 0.798558 2.737721
vt 0.780302 -1.737721
vt 0.819548 -1.737721
vt 0.517868 -1.737721
vt 0.518205 -1.737721
vt 0.823622 0.495724
vt 0.866462 0.504276
vt 0.870650 0.504276
vt 0.827910 0.495724
vt 0.792260 0.998604
vt 0.823543 0.495724
vt 0.792115 0.001745
vt 0.828572 0.495724
vt 0.823606 0.495724
vt 0.836776 0.495724
vt 0.824691 0.495724
vt 0.828563 0.495724
vt 0.827501 0.495724
vt 0.827474 0.495724
vt 0.818960 0.029837
vt 0.869254 0.078390
vt 0.828782 0.495724
vt 0.831744 0.495724
vt 0.836977 0.495724
vt 0.833629 0.495724
vt 0.836748 0.495724
vt 0.867858 0.921031
vt 0.827804 0.495724
vt 0.831744 0.495724
vt 0.828782 0.495724
vt 0.836800 0.495724
vt 0.833679 0.495724
vt 0.828943 0.495724
vt 0.831910 0.495724
vt 0.833850 0.495724
vt 0.824480 0.495724
vt 0.827803 0.495724
vt 0.868207 0.078824
vt 0.833850 0.495724
vt 0.836977 0.495724
vt 0.830825 0.042639
vt 0.801292 2.737721
vt 0.780302 -1.737721
vt -0.025692 2.737721
vt 0.244115 2.737721
vt 0.513922 2.737721
vt 0.783729 2.737721
vt 1.053537 2.737721
vt 0.827331 0.495724
vt 0.869254 0.921610
vt 0.827893 0.495724
vt 0.792260 0.001396
vt 0.823210 0.495724
vt 0.827804 0.495724
vt 0.833656 0.495724
vt 0.868905 0.921465
vt 0.828563 0.495724
vt 0.828402 0.495724
vt 0.836302 0.495724
vt 0.833197 0.495724
vt 0.868905 0.078535
vt 0.828162 0.495724
vt 0.792260 0.998604
vt 0.828782 0.495724
vt 0.866203 0.345457
vt 0.848276 0.654543
vt 0.500000 0.654543
vt 0.523147 0.345457
vt 0.476853 0.345457
vt 0.917081 0.021677
vt 0.105714 0.174503
vt 0.135315 0.198599
vt 0.500000 0.197873
vt 0.536155 0.253953
vt 0.463845 0.253953
vt 0.184120 0.195197
vt 0.136968 0.250054
vt 0.499918 0.921329
vt 0.500042 0.148359
vt 0.515300 0.203770
vt 0.496336 0.161871
vt 0.916941 0.021005
vt 0.184120 0.195197
vt 0.136968 0.250054
vt 0.105714 0.174503
vt 0.159366 0.175049
vt 0.496336 0.161871
vt 0.916941 0.021005
vt 0.105714 0.174503
vt 0.500042 0.148359
vt 0.496336 0.161871
vt 0.917081 0.021677
vt 0.159366 0.175049
vt 0.105714 0.174503
vt 0.135980 0.199140
vt 0.130701 0.194728
vt 0.917081 0.021677
vt 0.105714 0.174503
vt 0.135980 0.199140
vt 0.130700 0.194728
vt 0.917081 0.021677
vt 0.105714 0.174503
vt 0.135980 0.199140
vt 0.487949 0.197873
vt 0.536155 0.197873
vt 0.463845 0.197873
vt 0.496336 0.161871
vt 0.484700 0.102835
vt 0.484700 0.102835
vt 0.515300 0.100718
vt 0.484700 0.162792
vt 0.515300 0.165528
vt 0.489592 0.148359
vt 0.484700 0.102835
vt 0.484700 0.102835
vt 0.515300 0.100718
vt 0.489376 0.148359
vt 0.485337 0.162560
vt 0.492583 0.148359
vt 0.515300 0.165531
vt 0.488824 0.156307
vt 0.120483 0.156650
vt 0.129632 0.148886
vt 0.106279 0.161064
vt 0.127702 0.161425
vt 0.131127 0.163184
vt 0.106279 0.161064
vt 0.127701 0.161425
vt 0.131127 0.163184
vt 0.120484 0.156649
vt 0.129632 0.148886
vt 0.120484 0.156649
vt 0.129632 0.148886
vt 0.120484 0.156650
vt 0.129632 0.148886
vt 0.088965 0.210981
vt 0.515300 0.168713
vt 0.916941 0.021005
vt 0.136968 0.250054
vt 0.495677 0.163956
vt 0.500023 0.148359
vt 0.135315 0.198599
vt 0.917081 0.021677
vt 0.495677 0.163956
vt 0.500023 0.148359
vt 0.135980 0.199140
vt 0.105714 0.174503
vt 0.917081 0.021677
vt 0.495677 0.163956
vt 0.500032 0.148359
vt 0.496322 0.161917
vt 0.917081 0.021677
vt 0.496322 0.161917
vt 0.917081 0.021677
vt 0.135980 0.199140
vt 0.917081 0.021677
vt 0.495677 0.163956
vt 0.488854 0.156290
vt 0.492702 0.148359
vt 0.489699 0.148359
vt 0.484700 0.162781
vt 0.104290 0.173344
vt 0.104290 0.173344
vt 0.129781 0.148874
vt 0.115480 0.158040
vt 0.104290 0.173344
vt 0.129781 0.148874
vt 0.115480 0.158039
vt 0.104290 0.173344
vt 0.104290 0.173344
vt 0.104290 0.173344
vt 0.135980 0.199140
vt 0.917081 0.021677
vt 0.136117 0.156124
vt 0.916941 0.021005
vt 0.103341 0.172109
vt 0.111210 0.150441
vt 0.130701 0.194728
vt 0.131127 0.163184
vt 0.130700 0.194728
vt 0.917081 0.021676
vt 0.495683 0.164012
vt 0.500053 0.148359
vt 0.129618 0.148887
vt 0.120935 0.157055
vt 0.489699 0.148359
vt 0.515300 0.165531
vt 0.484700 0.162781
vt 0.488898 0.156277
vt 0.496619 0.162132
vt 0.494220 0.148359
vt 0.485336 0.162560
vt 0.489376 0.148359
vt 0.105712 0.148359
vt 0.106482 0.160069
vt 0.107169 0.153164
vt 0.103341 0.172109
vt 0.129781 0.148874
vt 0.917081 0.021677
vt 0.496336 0.161871
vt 0.500007 0.148359
vt 0.496313 0.161901
vt 0.492583 0.148359
vt 0.488824 0.156307
vt 0.494220 0.148359
vt 0.496619 0.162132
vt 0.488898 0.156277
vt 0.106998 0.159789
vt 0.105712 0.148359
vt 0.107169 0.153164
vt 0.135954 0.199119
vt 0.916956 0.021075
vt 0.500000 0.197873
vt 0.113718 0.231129
vt 0.150020 0.167441
vt 0.484700 0.098601
vt 0.498601 0.913549
vt 0.499094 0.920367
vt 0.513378 0.165466
vt 0.498601 0.913549
vt 0.499094 0.920367
vt 0.498601 0.913549
vt 0.499094 0.920367
vt 0.513378 0.165466
vt 0.499094 0.920367
vt 0.916956 0.021075
vt 0.499094 0.920367
vt 0.513378 0.165466
vt 0.499094 0.920367
vt 0.916956 0.021075
vt 0.499094 0.920367
vt 0.513378 0.165466
vt 0.498601 0.913549
vt 0.513378 0.165465
vt 0.498473 0.913541
vt 0.500755 0.920357
vt 0.916956 0.021075
vt 0.499094 0.920367
vt 0.513378 0.165465
vt 0.498473 0.913540
vt 0.500754 0.920357
vt 0.463845 0.197873
vt 0.536155 0.197873
vt 0.485626 0.158209
vt 0.515300 0.158543
vt 0.147049 0.165022
vt 0.485626 0.158209
vt 0.515300 0.158543
vt 0.515300 0.158543
vt 0.515300 0.158543
vt 0.513517 0.168226
vt 0.515300 0.158543
vt 0.485626 0.158209
vt 0.463845 0.197873
vt 0.536155 0.197873
vt 0.484700 0.174881
vt 0.513381 0.168226
vt 0.515300 0.158543
vt 0.485626 0.158209
vt 0.498472 0.913540
vt 0.915628 0.014668
vt 0.498472 0.913540
vt 0.915628 0.014668
vt 0.159367 0.175049
vt 0.171684 0.185075
vt 0.499094 0.920367
vt 0.499094 0.920367
vt 0.916956 0.021074
vt 0.513378 0.165466
vt 0.499094 0.920367
vt 0.916956 0.021074
vt 0.498601 0.913549
vt 0.499094 0.920367
vt 0.918254 0.027338
vt 0.498473 0.913541
vt 0.918254 0.027338
vt 0.498473 0.913541
vt 0.499667 0.148359
vt 0.513517 0.168226
vt 0.515300 0.158543
vt 0.485626 0.158209
vt 0.514260 0.158543
vt 0.486196 0.174881
vt 0.515300 0.158543
vt 0.485783 0.158210
vt 0.486196 0.174881
vt 0.515300 0.158543
vt 0.485626 0.158210
vt 0.485626 0.158209
vt 0.515300 0.158543
vt 0.131327 0.152224
vt 0.903839 0.026501
vt 0.903839 0.026501
vt 0.903839 0.026501
vt 0.905500 0.024131
vt 0.499094 0.920367
vt 0.918254 0.027338
vt 0.502548 0.159898
vt 0.498473 0.913540
vt 0.916956 0.021074
vt 0.499094 0.920367
vt 0.513378 0.165465
vt 0.499094 0.920367
vt 0.513378 0.165465
vt 0.916956 0.021074
vt 0.159367 0.175049
vt 0.513378 0.165465
vt 0.916956 0.021075
vt 0.513232 0.165465
vt 0.916956 0.021074
vt 0.499094 0.920367
vt 0.513232 0.165465
vt 0.485626 0.158209
vt 0.514260 0.158543
vt 0.485783 0.158209
vt 0.513517 0.168226
vt 0.515300 0.158543
vt 0.485626 0.158210
vt 0.485626 0.158209
vt 0.514260 0.158543
vt 0.916956 0.021075
vt 0.502663 0.159898
vt 0.513699 0.171856
vt 0.916956 0.021075
vt 0.513378 0.165466
vt 0.916956 0.021074
vt 0.513378 0.165466
vt 0.499094 0.920367
vt 0.916956 0.021075
vt 0.498473 0.913540
vt 0.916956 0.021074
vt 0.499094 0.920367
vt 0.498473 0.913541
vt 0.485626 0.158209
vt 0.514260 0.158543
vt 0.485626 0.158210
vt 0.514260 0.158543
vt 0.515300 0.158543
vt 0.485949 0.154544
vt 0.513517 0.168226
vt 0.515300 0.158543
vt 0.515300 0.158543
vt 0.485626 0.158209
vt -0.075648 -0.291229
vt 1.071482 1.295395
vt 1.113777 -0.253100
vt -0.230331 0.488986
vt 1.230331 0.640610
vt -0.096228 0.641392
vt -0.230331 0.758169
vt -0.030250 1.336627
vt -0.060718 0.643147
vt -0.075648 0.488986
vt 1.056872 0.642424
vt -0.048323 -1.691770
vt 1.033797 2.691770
vt 1.062731 -1.691770
vt -0.048323 2.691770
vt 0.051073 2.764256
vt -0.138773 2.764419
vt 0.034811 2.763386
vt 1.187557 0.333479
vt 1.159003 -0.051063
vt 0.946706 -0.014828
vt -0.002480 2.767424
vt 1.105877 0.661888
vt 1.171379 2.768012
vt -0.055360 2.715132
vt 0.859931 2.715132
vt -0.072585 -1.763991
vt 0.076380 -1.765712
vt 0.079063 2.767073
vt -0.171379 2.768012
vt -0.105877 0.661888
vt 0.831821 0.038259
vt 0.168360 0.038078
vt 0.168424 0.961986
vt 0.831560 0.962002
vt 0.075995 0.475018
vt 0.075995 0.524982
vt 0.924005 0.487509
vt 0.706428 0.924097
vt 0.710430 0.821041
vt 0.713710 0.921796
vt 0.720357 0.821041
vt 0.724359 0.924097
vt 0.717077 0.921796
vt 0.488947 0.362234
vt 0.912226 0.597245
vt 0.916228 0.494189
vt 0.919815 0.594638
vt 0.710430 0.922832
vt 0.716770 0.921489
vt 0.581880 0.364962
vt 0.437759 0.362234
vt 0.710430 0.821041
vt 0.713710 0.921796
vt 0.236808 0.741452
vt 0.240089 0.842206
vt 0.717077 0.921796
vt 0.437759 0.362234
vt 0.581880 0.367637
vt 0.710430 0.821041
vt 0.713710 0.921796
vt 0.236808 0.741452
vt 0.240089 0.842206
vt 0.720357 0.821041
vt 0.717077 0.921796
vt 0.488947 0.362234
vt 0.236977 0.741620
vt 0.720557 0.820841
vt 0.437759 0.362234
vt 0.420018 0.187403
vt 0.710430 0.821041
vt 0.713710 0.921796
vt 0.717077 0.921796
vt 0.919144 0.494862
vt 0.714017 0.921490
vt 0.236808 0.843243
vt 0.232806 0.740187
vt 0.240395 0.742795
vt 0.488947 0.362234
vt 0.916228 0.595981
vt 0.919508 0.495226
vt 0.710430 0.821041
vt 0.713710 0.921796
vt 0.720357 0.821041
vt 0.717077 0.921796
vt 0.437759 0.362234
vt 0.710230 0.820841
vt 0.239725 0.842571
vt 0.716770 0.921490
vt 0.713710 0.921796
vt 0.236808 0.741452
vt 0.240089 0.842207
vt 0.720357 0.821041
vt 0.437759 0.362234
vt 0.710430 0.821041
vt 1.032931 1.256054
vt 1.005648 1.361229
vt 0.017000 1.306552
vt 0.863123 0.934703
vt 0.146023 0.500000
vt 0.142669 0.067696
vt 0.934703 0.624381
vt 0.202174 -0.000000
vt 0.851168 0.603298
vt 0.023574 0.589936
vt 0.014339 0.568285
vt 0.802013 0.595992
vt 0.149811 0.601913
vt 0.982879 0.433228
vt 0.985661 0.460935
vt 0.982879 0.525889
vt 0.017121 0.433228
vt 0.014339 0.460935
vt 0.022925 0.481893
vt 0.014985 0.506352
vt 0.017121 0.525889
vt 0.197987 0.433228
vt 0.014339 0.521954
vt 0.017121 0.549662
vt 0.985661 0.521954
vt 0.982879 0.549662
vt 0.790406 0.016361
vt 0.158168 0.500000
vt 0.500000 0.021291
vt 0.209371 0.982624
vt 0.500000 0.978709
vt 0.846639 0.927525
vt 0.841832 0.500000
vt 0.978271 0.617933
vt 0.080364 0.572219
vt 0.162586 0.595992
vt 0.158606 0.617932
vt 0.837414 0.572219
vt 0.162586 0.572219
vt 0.069698 0.433228
vt 0.025709 0.457001
vt 0.022764 0.518369
vt 0.069698 0.525889
vt 0.080364 0.525889
vt 0.930302 0.433228
vt 0.930302 0.525889
vt 0.146023 0.069085
vt 0.842566 0.935455
vt 0.793425 0.974291
vt 0.796863 0.977728
vt 0.846002 0.938890
vt 0.990854 0.572219
vt 0.978709 0.572219
vt 0.984785 0.595992
vt 0.841832 0.572219
vt 0.848775 0.595992
vt 0.990854 0.595992
vt 0.978709 0.595992
vt 0.981454 0.572219
vt 0.197987 0.017121
vt 0.837414 0.069698
vt 0.796861 0.022274
vt 0.009146 0.595992
vt 0.021291 0.595992
vt 0.014004 0.572219
vt 0.511279 0.015218
vt 0.009146 0.533813
vt 0.021291 0.549662
vt 0.021291 0.525889
vt 0.206575 0.974291
vt 0.158292 0.934596
vt 0.162586 0.930302
vt 0.204699 0.976166
vt 0.157434 0.935455
vt 0.203139 0.977726
vt 0.206575 0.974291
vt 0.793425 0.025709
vt 0.794835 0.024300
vt 0.794835 0.024300
vt 0.793425 0.025709
vt 0.841708 0.065404
vt 0.203712 0.022847
vt 0.162586 0.069698
vt 0.158292 0.065404
vt 0.203140 0.022274
vt 0.162587 0.069697
vt 0.853977 0.457001
vt 0.841832 0.457001
vt 0.848772 0.433228
vt 0.853977 0.479558
vt 0.841832 0.479558
vt 0.847037 0.503331
vt 0.853977 0.503331
vt 0.841832 0.503331
vt 0.848772 0.479558
vt 0.853977 0.549662
vt 0.841832 0.549662
vt 0.848772 0.525889
vt 0.488721 0.984782
vt 0.990854 0.487483
vt 0.978709 0.503331
vt 0.978709 0.479558
vt 0.146023 0.511279
vt 0.158168 0.511279
vt 0.152096 0.919636
vt 0.146023 0.525889
vt 0.158168 0.525889
vt 0.154567 0.549662
vt 0.153310 0.488721
vt 0.488721 0.021291
vt 0.217241 0.015218
vt 0.009146 0.479558
vt 0.021291 0.479558
vt 0.015218 0.503331
vt 0.009146 0.525889
vt 0.018339 0.549662
vt 0.847904 0.080364
vt 0.846690 0.488721
vt 0.845281 0.503331
vt 0.511279 0.990854
vt 0.511279 0.978709
vt 0.782759 0.984782
vt 0.990854 0.479558
vt 0.984782 0.503331
vt 0.990854 0.525889
vt 0.978709 0.525889
vt 0.984782 0.549662
vt 0.841708 0.934596
vt 0.796861 0.977726
vt 0.796860 0.977726
vt 0.837413 0.930303
vt 0.834624 0.036798
vt 0.826633 0.971194
vt 0.173225 0.028949
vt 0.827816 0.607271
vt 0.172454 0.607271
vt 0.165671 0.963497
s 0
usemtl GT_MC_Tiling_Dark_Concrete_Slab
f 61/1/1 38/2/1 37/1/1
f 52/3/2 74/4/2 46/5/2
f 78/6/1 45/7/1 54/6/1
f 48/8/3 72/9/3 40/10/3
f 82/11/4 22/12/4 7/13/4
f 69/14/5 71/15/5 68/16/5
f 35/17/6 36/18/6 26/19/6
f 81/20/1 53/21/1 41/20/1
f 83/22/7 80/23/7 8/24/7
f 76/28/1 48/29/1 40/28/1
f 51/14/9 74/30/9 50/31/9
f 79/32/1 54/6/1 43/32/1
f 46/5/10 75/33/10 45/31/10
f 47/34/11 73/35/11 38/36/11
f 41/37/12 74/38/12 42/31/12
f 67/31/13 18/39/13 70/40/13
f 29/41/14 30/42/14 34/43/14
f 65/40/15 12/44/15 61/31/15
f 35/17/16 28/45/16 29/41/16
f 16/46/17 30/47/17 23/48/17
f 39/31/18 73/49/18 53/5/18
f 2/50/1 42/51/1 52/50/1
f 70/16/19 6/52/19 64/14/19
f 58/31/20 74/44/20 59/53/20
f 62/36/21 12/54/21 63/34/21
f 70/55/1 55/56/1 60/55/1
f 14/57/22 78/6/22 79/32/22
f 7/58/23 3/59/23 10/60/23
f 40/10/18 73/49/18 39/31/18
f 77/29/1 44/61/1 48/29/1
f 37/31/24 72/39/24 57/40/24
f 19/62/1 40/28/1 39/62/1
f 57/36/25 72/63/25 49/34/25
f 17/64/26 76/28/26 83/65/26
f 24/21/1 39/62/1 53/21/1
f 9/66/27 2/50/27 82/11/27
f 59/16/28 74/30/28 51/14/28
f 68/53/29 71/44/29 67/31/29
f 26/19/30 31/67/30 34/43/30
f 67/68/1 60/55/1 58/68/1
f 1/31/31 21/69/31 69/14/31
f 3/70/32 22/12/32 84/7/32
f 11/71/33 80/23/33 9/72/33
f 44/31/34 72/73/34 48/37/34
f 63/34/35 12/54/35 1/31/35
f 43/74/36 75/75/36 44/31/36
f 30/76/37 20/77/37 23/78/37
f 45/31/10 75/33/10 54/10/10
f 55/14/38 75/79/38 60/16/38
f 50/31/39 73/35/39 47/34/39
f 61/31/40 12/44/40 62/53/40
f 64/14/41 6/52/41 5/31/41
f 17/80/42 10/81/42 14/82/42
f 29/41/43 28/45/43 30/42/43
f 9/66/1 81/20/1 85/51/1
f 64/56/1 56/83/1 55/56/1
f 85/51/1 41/20/1 42/51/1
f 83/65/44 24/21/44 80/84/44
f 63/85/1 50/86/1 47/85/1
f 84/7/1 46/12/1 45/7/1
f 49/34/46 72/63/46 56/31/46
f 60/40/20 74/44/20 58/31/20
f 17/64/47 79/32/47 15/61/47
f 9/66/1 24/21/1 81/20/1
f 13/90/48 27/91/48 16/92/48
f 68/93/1 58/68/1 59/93/1
f 34/43/49 27/94/49 26/19/49
f 17/80/50 8/95/50 10/81/50
f 83/65/1 76/28/1 19/62/1
f 4/96/51 6/97/51 12/98/51
f 53/5/52 73/49/52 41/3/52
f 26/19/53 25/99/53 35/17/53
f 66/34/54 4/100/54 65/36/54
f 42/31/12 74/38/12 52/74/12
f 5/83/1 49/101/1 56/83/1
f 69/102/1 59/93/1 51/102/1
f 5/31/56 4/100/56 66/34/56
f 56/31/58 75/79/58 55/14/58
f 62/2/1 47/85/1 38/2/1
f 26/19/59 27/94/59 25/99/59
f 35/17/60 25/99/60 28/45/60
f 38/53/24 72/39/24 37/31/24
f 54/10/61 75/33/61 43/8/61
f 1/86/1 51/102/1 50/86/1
f 66/101/1 57/106/1 49/101/1
f 15/61/1 43/32/1 44/61/1
f 22/12/1 52/50/1 46/12/1
f 65/106/1 37/1/1 57/106/1
f 20/48/62 28/47/62 13/107/62
f 35/17/63 32/108/63 33/81/63
f 783/300/397 782/301/397 784/302/397
f 786/300/397 785/303/397 787/302/397
f 788/304/398 789/305/398 781/306/398
f 789/301/399 788/300/399 781/307/399
f 791/308/397 792/309/397 790/310/397
f 794/311/400 793/312/400 795/313/400
f 798/314/401 797/315/401 799/316/401
f 801/314/401 800/315/401 802/316/401
f 806/317/401 807/318/401 805/319/401
f 809/315/402 808/314/402 810/316/402
f 2127/771/809 2126/772/809 2129/773/809
f 2130/774/810 2133/775/810 2131/776/810
f 14/1192/1212 10/60/1212 3/59/1212
f 61/1/1 62/2/1 38/2/1
f 78/6/1 84/7/1 45/7/1
f 82/11/1213 2/50/1213 22/12/1213
f 69/14/1214 21/69/1214 71/15/1214
f 35/17/1215 33/81/1215 36/18/1215
f 81/20/1 24/21/1 53/21/1
f 3/70/32 84/7/32 78/6/32
f 76/28/1 77/29/1 48/29/1
f 79/32/1 78/6/1 54/6/1
f 46/5/1216 74/4/1216 75/33/1216
f 41/37/1217 73/73/1217 74/38/1217
f 67/31/1218 71/44/1218 18/39/1218
f 11/1193/1219 9/1194/1219 82/1195/1219
f 65/40/1220 4/39/1220 12/44/1220
f 16/46/1221 27/1196/1221 30/47/1221
f 2/50/1 85/51/1 42/51/1
f 13/1197/94 16/1198/94 20/1199/94
f 29/41/1222 31/67/1222 32/108/1222
f 70/16/1223 18/15/1223 6/52/1223
f 70/55/1 64/56/1 55/56/1
f 14/57/1226 3/70/1226 78/6/1226
f 40/10/1227 72/9/1227 73/49/1227
f 77/29/1 15/61/1 44/61/1
f 19/62/1 76/28/1 40/28/1
f 17/64/1228 77/29/1228 76/28/1228
f 24/21/1 19/62/1 39/62/1
f 9/66/1 85/51/1 2/50/1
f 26/19/1229 36/18/1229 31/67/1229
f 67/68/1 70/55/1 60/55/1
f 1/31/1230 12/54/1230 21/69/1230
f 3/70/1231 7/13/1231 22/12/1231
f 83/22/1232 8/24/1232 17/1201/1232
f 44/31/1233 75/75/1233 72/73/1233
f 50/31/1234 74/30/1234 73/35/1234
f 8/1202/1235 80/1203/1235 11/1204/1235
f 20/1199/94 16/1198/94 23/1205/94
f 64/56/1 5/83/1 56/83/1
f 85/51/1 81/20/1 41/20/1
f 83/65/134 19/62/134 24/21/134
f 63/85/1 1/86/1 50/86/1
f 84/7/1 22/12/1 46/12/1
f 28/47/1237 25/1196/1237 13/107/1237
f 60/40/1238 75/39/1238 74/44/1238
f 17/64/1239 14/57/1239 79/32/1239
f 9/66/1240 80/84/1240 24/21/1240
f 13/90/1241 25/1207/1241 27/91/1241
f 11/1193/1242 82/1195/1242 7/1208/1242
f 68/93/1 67/68/1 58/68/1
f 34/43/1243 30/42/1243 27/94/1243
f 12/98/1244 6/97/1244 18/1209/1244
f 20/77/1245 30/76/1245 28/1210/1245
f 17/64/47 15/61/47 77/29/47
f 5/83/1 66/101/1 49/101/1
f 69/102/1 68/93/1 59/93/1
f 5/31/1247 6/52/1247 4/100/1247
f 56/31/1248 72/63/1248 75/79/1248
f 62/2/1 63/85/1 47/85/1
f 29/41/1249 34/43/1249 31/67/1249
f 38/53/1250 73/44/1250 72/39/1250
f 1/86/1 69/102/1 51/102/1
f 66/101/1 65/106/1 57/106/1
f 15/61/1 79/32/1 43/32/1
f 22/12/1 2/50/1 52/50/1
f 12/98/1251 18/1209/1251 71/1212/1251
f 71/1212/1252 21/1213/1252 12/98/1252
f 65/106/1 61/1/1 37/1/1
f 35/17/1253 29/41/1253 32/108/1253
f 782/301/402 783/300/402 784/302/402
f 785/303/402 786/300/402 787/302/402
f 790/310/402 792/309/402 791/308/402
f 795/313/401 793/312/401 794/311/401
f 803/319/1581 796/1310/1581 804/1311/1581
f 799/316/400 797/315/400 798/314/400
f 802/316/400 800/315/400 801/314/400
f 804/1312/1582 796/1313/1582 803/1314/1582
f 807/318/400 806/317/400 805/319/400
f 808/314/397 809/315/397 810/316/397
f 2129/773/1941 2128/1620/1941 2127/771/1941
f 2128/1620/1942 2129/773/1942 2125/1621/1942
f 2129/773/1943 2126/772/1943 2125/1621/1943
f 2127/771/1944 2128/1620/1944 2126/772/1944
f 2126/772/1945 2128/1620/1945 2125/1621/1945
f 2134/1622/1946 2131/776/1946 2132/1623/1946
f 2134/1622/1947 2130/774/1947 2131/776/1947
f 2132/1623/1948 2133/775/1948 2134/1622/1948
f 2133/775/1949 2130/774/1949 2134/1622/1949
f 2131/1624/1950 2133/1625/1950 2132/1626/1950
usemtl GT_MC_Glass_Facade_3
f 11/25/8 31/26/8 36/27/8
f 31/87/45 7/88/45 32/89/45
f 33/103/55 8/104/55 36/105/55
f 32/26/57 7/25/57 33/27/57
f 7/25/1224 10/1200/1224 33/27/1224
f 36/27/1225 8/1200/1225 11/25/1225
f 31/87/1236 11/1206/1236 7/88/1236
f 33/103/1246 10/1211/1246 8/104/1246
usemtl GT_MC_Tiling_Wide_Brick
f 95/109/64 87/110/64 88/111/64
f 95/112/65 89/113/65 87/114/65
f 92/115/66 97/116/66 90/117/66
f 96/118/67 91/119/67 88/120/67
f 96/121/68 86/122/68 97/123/68
f 88/124/69 92/125/69 93/126/69
f 91/127/70 96/128/70 89/129/70
f 89/130/71 96/121/71 97/123/71
f 88/120/72 86/131/72 96/118/72
f 86/124/73 94/132/73 90/125/73
f 2280/680/745 2073/681/745 2281/682/745
f 2076/683/746 2075/684/746 2077/685/746
f 2078/686/747 2077/110/747 2075/130/747
f 2073/687/748 2076/125/748 2072/688/748
f 2281/689/749 2070/690/749 2282/691/749
f 2074/692/750 2078/686/750 2075/130/750
f 2279/693/751 2075/694/751 2071/689/751
f 2075/695/752 2073/681/752 2280/680/752
f 2074/696/753 2072/697/753 2078/698/753
f 2091/708/758 2087/709/758 2090/710/759
f 2087/711/760 2089/712/761 2092/713/760
f 2092/714/762 2091/715/762 2090/716/762
f 2088/717/763 2093/718/764 2089/719/763
f 2091/720/765 2093/718/766 2088/717/767
f 2096/721/768 2095/722/768 2094/723/768
f 2104/724/769 2099/725/769 2097/726/769
f 2097/727/770 2099/728/770 2095/729/770
f 2100/730/771 2101/731/771 2102/732/771
f 2103/733/772 2101/731/773 2100/734/774
f 2102/732/775 2103/735/776 2100/730/776
f 2104/736/777 2095/737/777 2105/738/777
f 2105/738/778 2098/739/778 2104/740/778
f 2094/741/779 2104/742/780 2096/743/781
f 2098/744/782 2095/745/782 2099/746/782
f 2106/747/783 2110/708/783 2109/710/784
f 2110/715/785 2111/714/785 2109/716/786
f 2112/748/787 2107/749/787 2108/750/787
f 2112/748/788 2110/751/789 2107/749/790
f 2109/752/791 2111/753/792 2106/754/793
f 2111/755/794 2112/756/794 2108/757/794
f 2115/721/795 2114/722/795 2116/758/795
f 2123/724/796 2118/725/796 2117/739/796
f 2118/759/797 2116/760/797 2114/761/797
f 2121/731/798 2120/733/799 2119/762/800
f 2120/735/801 2122/763/802 2119/764/801
f 2123/736/803 2114/737/803 2113/723/803
f 2117/739/804 2124/738/804 2123/740/804
f 2123/765/805 2113/766/806 2115/767/807
f 2114/768/808 2117/769/808 2118/770/808
f 92/1214/1254 90/1215/1254 94/1216/1254
f 97/1217/1255 86/124/1255 90/125/1255
f 87/1218/1256 97/116/1256 92/115/1256
f 88/111/1257 91/121/1257 95/109/1257
f 88/124/1258 87/1217/1258 92/125/1258
f 89/129/1259 95/1219/1259 91/127/1259
f 94/1220/1260 88/1221/1260 93/1222/1260
f 92/1214/1261 94/1216/1261 93/1223/1261
f 89/113/1262 97/1224/1262 87/114/1262
f 86/1225/1263 88/1221/1263 94/1220/1263
f 2072/1589/1895 2077/1590/1895 2078/1591/1895
f 2072/1592/1896 2070/121/1896 2073/1593/1896
f 2076/683/1897 2073/1594/1897 2075/684/1897
f 2281/689/1898 2073/694/1898 2070/690/1898
f 2279/693/1899 2074/1595/1899 2075/694/1899
f 2072/1589/1900 2076/1596/1900 2077/1590/1900
f 2070/1597/1901 2072/1598/1901 2074/1599/1901
f 2091/708/1906 2088/1604/1907 2087/709/1907
f 2088/1604/1908 2089/1605/1909 2087/709/1910
f 2092/714/1911 2093/1606/1912 2091/715/1912
f 2090/1607/1913 2087/1608/1914 2092/1609/1915
f 2092/755/1916 2089/757/1916 2093/1610/1916
f 2096/721/1917 2097/726/1917 2095/722/1917
f 2104/724/1918 2098/739/1918 2099/725/1918
f 2096/743/1919 2104/1611/1919 2097/1612/1919
f 2102/732/1920 2101/1613/1920 2103/735/1921
f 2104/736/1922 2094/723/1922 2095/737/1922
f 2105/738/1923 2095/1614/1923 2098/739/1923
f 2106/747/1924 2107/1604/1924 2110/708/1925
f 2106/747/1926 2108/1605/1927 2107/1604/1928
f 2106/1615/1929 2111/1616/1929 2108/1617/1930
f 2110/715/1931 2112/1606/1931 2111/714/1932
f 2115/721/1933 2113/723/1933 2114/722/1933
f 2123/724/1934 2116/758/1934 2118/725/1934
f 2116/1618/1935 2123/1619/1935 2115/767/1935
f 2119/764/1936 2122/763/1936 2121/731/1936
f 2120/735/1937 2121/1613/1938 2122/763/1938
f 2123/736/1939 2124/738/1939 2114/737/1939
f 2117/739/1940 2114/1614/1940 2124/738/1940
f 2071/1684/1989 2075/1685/1989 2280/1686/1989
f 2494/1815/2279 2493/1816/2279 2492/1817/2279
f 2492/1817/2284 2493/1816/2284 2491/1820/2284
usemtl GT_MC_Tiling_X_Dark_Concrete
f 98/133/74 99/134/74 100/135/74
f 101/133/74 102/136/74 103/137/74
f 104/138/74 105/139/74 106/135/74
f 107/133/74 108/140/74 109/135/74
f 110/133/74 111/134/74 112/141/74
s 1
f 115/142/75 114/143/76 113/144/76
s 0
f 127/145/77 123/146/77 122/147/77
f 125/148/78 128/149/78 129/150/78
f 123/151/79 132/152/79 130/153/79
f 132/154/80 131/149/80 127/155/80
f 123/156/1 130/157/1 122/158/1
f 125/159/81 132/160/81 127/161/81
f 122/158/1 129/162/1 121/163/1
f 135/147/82 137/164/82 134/165/82
f 136/166/83 144/167/83 139/168/83
f 137/169/84 517/149/84 140/150/84
f 142/151/85 144/152/85 141/153/85
f 144/154/86 143/149/86 139/170/86
f 136/171/1 142/160/1 134/172/1
f 135/158/1 140/162/1 133/163/1
f 146/173/87 151/174/87 148/166/87
f 149/147/88 152/145/88 147/165/88
f 150/167/89 148/166/89 151/174/89
f 156/170/90 153/149/90 148/150/90
f 147/151/91 154/152/91 149/153/91
f 148/150/92 155/154/92 156/170/92
f 148/175/93 153/176/93 146/177/93
f 151/178/94 155/179/94 150/158/94
f 150/158/95 154/160/95 152/180/95
f 159/147/96 160/145/96 158/165/96
f 158/181/97 160/167/97 162/168/97
f 161/182/98 163/149/98 164/150/98
f 158/151/99 167/152/99 165/153/99
f 167/154/100 166/149/100 162/170/100
f 161/159/101 167/160/101 160/172/101
f 159/158/1 164/162/1 157/163/1
f 170/147/102 172/164/102 169/165/102
f 171/166/83 179/167/83 173/168/83
f 172/183/103 174/149/103 175/150/103
f 177/151/85 179/152/85 176/153/85
f 179/154/86 178/149/86 173/170/86
f 171/171/1 177/160/1 169/172/1
f 170/158/1 175/162/1 168/163/1
f 184/145/104 183/146/104 182/147/104
f 186/168/105 556/166/105 183/184/105
f 183/184/106 184/167/106 186/168/106
f 185/185/107 187/149/107 188/150/107
f 183/151/108 191/152/108 189/153/108
f 191/154/100 190/149/100 186/170/100
f 183/186/109 189/157/109 182/158/109
f 185/159/110 191/160/110 184/172/110
f 182/158/1 188/162/1 181/163/1
f 197/145/111 195/146/111 194/147/111
f 199/174/112 564/166/112 196/166/112
f 196/166/113 197/167/113 199/174/113
f 198/185/107 200/149/107 201/150/107
f 195/151/79 203/152/79 202/153/79
f 203/154/114 196/149/114 205/170/114
f 195/156/32 202/157/32 194/158/32
f 198/159/110 203/160/110 197/172/110
f 194/158/1 201/162/1 193/163/1
f 197/172/94 205/187/94 199/188/94
f 210/164/115 207/146/115 206/147/115
f 210/167/116 206/189/116 211/174/116
f 212/174/112 573/166/112 208/166/112
f 208/166/113 209/167/113 212/174/113
f 216/170/117 213/149/117 206/189/117
f 207/151/118 214/152/118 206/153/118
f 206/189/119 215/154/119 216/170/119
f 214/154/114 208/149/114 217/170/114
f 211/178/94 215/179/94 210/158/94
f 209/190/94 217/187/94 212/188/94
f 218/191/120 224/174/120 219/166/120
f 222/145/121 221/146/121 220/147/121
f 223/167/122 219/166/122 224/174/122
f 221/192/123 222/167/123 225/174/123
f 221/151/124 228/152/124 227/153/124
f 226/150/125 223/154/125 224/170/125
f 587/150/126 229/170/126 221/192/126
f 228/154/127 221/192/127 229/170/127
f 219/163/128 226/162/128 218/193/128
f 221/156/129 227/157/129 220/158/129
f 223/159/94 228/160/94 222/172/94
f 220/158/1 226/162/1 219/163/1
f 222/172/94 229/187/94 225/188/94
f 234/145/130 232/146/130 231/147/130
f 233/182/98 235/149/98 236/150/98
f 232/151/131 238/152/131 237/153/131
f 232/194/132 237/157/132 231/158/132
f 233/159/133 238/160/133 234/195/133
f 231/158/134 236/162/134 230/163/134
f 239/166/135 244/196/135 241/166/135
f 242/147/136 244/164/136 240/165/136
f 244/196/137 246/149/137 247/150/137
f 249/151/138 245/152/138 248/153/138
f 607/150/139 245/197/139 250/150/139
f 243/171/1 249/160/1 240/172/1
f 241/163/1 246/176/1 239/163/1
f 243/171/1 607/198/1 250/198/1
f 242/158/1 247/162/1 241/163/1
f 251/166/140 255/168/140 252/166/140
f 258/145/141 254/146/141 253/147/141
f 256/167/89 252/166/89 255/168/89
f 262/170/90 259/149/90 252/150/90
f 254/151/142 260/152/142 253/153/142
f 252/150/92 261/154/92 262/170/92
f 252/175/1 259/176/1 251/163/1
f 258/199/143 615/187/143 612/188/143
f 255/163/94 261/179/94 256/158/94
f 256/158/144 260/160/144 258/199/144
f 263/200/145 268/174/145 264/201/145
f 267/164/146 265/146/146 264/147/146
f 267/167/147 264/201/147 268/174/147
f 272/202/148 270/203/148 264/201/148
f 265/151/149 273/152/149 264/153/149
f 264/201/150 274/154/150 272/202/150
f 273/154/151 271/149/151 269/204/151
f 264/175/152 270/176/152 263/205/152
f 268/178/94 274/179/94 267/158/94
f 268/178/153 619/206/153 272/162/153
f 275/166/154 279/168/154 276/207/154
f 280/164/155 277/146/155 276/147/155
f 280/167/156 276/207/156 279/168/156
f 278/166/83 285/167/83 281/168/83
f 287/170/157 282/149/157 276/207/157
f 285/152/158 276/208/158 283/209/158
f 276/207/159 286/154/159 287/170/159
f 285/154/86 284/149/86 281/170/86
f 278/171/1 283/210/1 277/190/1
f 276/175/160 282/176/160 275/163/160
f 279/163/94 286/179/94 280/158/94
f 277/190/161 283/210/161 276/211/161
f 291/145/162 290/146/162 289/147/162
f 293/174/163 635/166/163 290/212/163
f 290/212/164 291/167/164 293/174/164
f 290/151/165 297/152/165 295/153/165
f 297/154/166 296/149/166 293/202/166
f 290/213/167 295/157/167 289/158/167
f 292/159/168 297/160/168 291/172/168
f 289/158/1 294/162/1 288/163/1
f 298/166/169 304/174/169 299/166/169
f 302/145/170 307/146/170 300/147/170
f 303/167/122 299/166/122 304/174/122
f 305/168/171 644/166/171 301/166/171
f 301/166/113 302/167/113 305/168/113
f 309/152/172 308/208/172 307/209/172
f 306/150/125 303/154/125 304/202/125
f 649/150/173 310/170/173 301/150/173
f 309/154/114 301/150/114 310/170/114
f 299/163/1 306/162/1 298/163/1
f 305/171/174 310/187/174 650/214/174
f 300/158/1 307/215/1 308/179/1
f 303/159/94 309/160/94 302/172/94
f 300/158/134 306/162/134 299/163/134
f 302/172/94 310/187/94 305/171/94
f 315/164/175 313/146/175 312/147/175
f 316/174/176 654/166/176 313/216/176
f 313/216/177 314/167/177 316/174/177
f 313/151/178 319/152/178 318/153/178
f 659/150/179 321/170/179 313/216/179
f 319/154/180 313/216/180 321/170/180
f 313/156/181 318/157/181 312/158/181
f 312/158/1 317/162/1 311/163/1
f 314/190/94 321/187/94 316/188/94
f 322/217/182 327/196/182 323/166/182
f 327/164/136 325/146/136 324/147/136
f 328/174/183 662/166/183 326/166/183
f 326/166/83 334/167/83 328/174/83
f 327/196/184 329/218/184 331/150/184
f 334/152/85 332/208/85 330/209/85
f 334/154/86 333/149/86 328/202/86
f 326/171/1 330/210/1 325/190/1
f 323/163/185 329/176/185 322/219/185
f 324/158/32 330/210/32 332/179/32
f 325/190/1 330/210/1 324/158/1
f 324/158/1 331/162/1 323/163/1
f 339/145/170 343/146/170 336/147/170
f 340/167/122 335/166/122 338/168/122
f 342/168/171 670/166/171 337/166/171
f 337/166/113 339/167/113 342/168/113
f 338/202/186 668/149/186 344/150/186
f 340/220/187 345/208/187 343/209/187
f 344/150/125 340/154/125 338/202/125
f 674/150/173 348/170/173 337/150/173
f 346/154/114 337/150/114 348/170/114
f 342/171/188 348/187/188 672/214/188
f 336/158/32 343/215/32 345/179/32
f 336/158/1 344/162/1 335/163/1
f 339/172/94 348/187/94 342/171/94
f 339/172/189 340/221/189 346/160/189
f 354/145/190 356/146/190 350/147/190
f 359/152/172 357/208/172 356/209/172
f 359/154/191 358/149/191 354/222/191
f 350/158/134 356/215/134 357/179/134
f 352/159/192 359/160/192 354/223/192
f 350/158/1 355/162/1 349/163/1
f 364/164/193 362/146/193 361/147/193
f 364/167/194 361/224/194 365/174/194
f 363/166/83 370/167/83 366/174/83
f 372/170/195 367/149/195 361/224/195
f 370/152/196 361/208/196 368/209/196
f 361/224/197 371/154/197 372/170/197
f 370/154/86 369/149/86 366/202/86
f 363/171/1 368/210/1 362/190/1
f 365/178/94 371/179/94 364/158/94
f 362/190/198 368/210/198 361/211/198
f 377/164/199 375/146/199 374/147/199
f 377/167/122 373/166/122 384/168/122
f 379/152/200 382/208/200 381/209/200
f 380/150/125 377/154/125 384/170/125
f 376/171/1 381/210/1 375/190/1
f 379/225/201 704/187/201 700/188/201
f 374/158/1 381/210/1 382/179/1
f 375/190/1 381/210/1 374/158/1
f 374/158/1 380/162/1 373/163/1
f 385/166/202 390/174/202 387/226/202
f 387/147/203 389/164/203 386/165/203
f 389/167/204 387/226/204 390/174/204
f 395/202/205 392/149/205 387/226/205
f 396/220/206 387/208/206 393/209/206
f 387/226/207 396/154/207 395/202/207
f 388/171/1 393/210/1 386/172/1
f 387/175/134 392/176/134 385/163/134
f 390/178/94 396/227/94 389/158/94
f 390/178/94 397/228/94 395/162/94
f 402/164/199 400/146/199 399/147/199
f 402/167/122 398/166/122 409/168/122
f 404/152/208 407/208/208 406/209/208
f 405/150/125 402/154/125 409/170/125
f 401/171/32 406/210/32 400/190/32
f 399/158/1 406/210/1 407/179/1
f 400/190/1 406/210/1 399/158/1
f 399/158/1 405/162/1 398/163/1
f 410/166/209 415/174/209 417/166/209
f 414/164/210 412/146/210 411/147/210
f 414/167/89 417/166/89 415/174/89
f 413/166/83 420/167/83 416/168/83
f 420/152/211 411/208/211 418/209/211
f 417/150/92 421/154/92 422/170/92
f 726/150/212 416/202/212 419/150/212
f 420/154/86 419/150/86 416/202/86
f 413/171/1 418/210/1 412/190/1
f 416/225/94 733/187/94 729/188/94
f 415/178/94 421/179/94 414/158/94
f 413/171/1 726/229/1 419/198/1
f 412/190/213 418/210/213 411/211/213
f 423/166/202 428/174/202 425/226/202
f 425/147/214 427/164/214 424/165/214
f 427/167/204 425/226/204 428/174/204
f 434/170/205 430/149/205 425/226/205
f 433/220/206 425/208/206 431/209/206
f 425/226/207 433/154/207 434/170/207
f 740/150/215 429/230/215 432/150/215
f 426/171/1 431/210/1 424/172/1
f 425/175/134 430/176/134 423/163/134
f 428/178/216 433/227/216 427/158/216
f 426/171/1 740/198/1 432/198/1
f 435/166/217 440/231/217 436/166/217
f 440/164/218 438/146/218 437/147/218
f 440/231/219 443/149/219 444/150/219
f 438/151/79 447/152/79 445/153/79
f 744/150/220 442/232/220 446/150/220
f 447/154/221 446/150/221 442/232/221
f 436/163/1 443/176/1 435/163/1
f 442/233/222 750/187/222 747/188/222
f 439/171/1 744/229/1 446/198/1
f 438/156/1 445/157/1 437/158/1
f 437/158/1 444/162/1 436/163/1
f 454/145/223 450/146/223 449/147/223
f 452/167/122 448/166/122 451/168/122
f 451/202/186 752/149/186 455/150/186
f 450/151/224 457/152/224 456/153/224
f 455/150/125 452/154/125 451/202/125
f 454/234/94 759/187/94 756/188/94
f 450/235/213 456/157/213 449/158/213
f 452/159/225 457/160/225 454/234/225
f 449/158/1 455/162/1 448/163/1
f 461/147/226 464/145/226 460/165/226
f 465/167/122 459/166/122 463/168/122
f 467/174/112 763/166/112 462/166/112
f 462/166/113 464/167/113 467/174/113
f 463/202/186 760/149/186 468/150/186
f 460/151/227 465/220/227 469/153/227
f 468/150/125 465/154/125 463/202/125
f 470/154/114 462/149/114 472/170/114
f 461/158/1 468/162/1 459/163/1
f 464/172/168 472/187/168 467/188/168
f 464/172/189 465/221/189 470/160/189
f 475/147/199 477/145/199 474/165/199
f 479/174/228 769/236/228 476/166/228
f 476/166/83 477/167/83 479/174/83
f 482/151/229 478/220/229 481/153/229
f 477/154/86 483/149/86 479/202/86
f 476/171/134 482/160/134 474/172/134
f 475/158/1 480/162/1 473/163/1
f 490/133/230 489/134/230 488/135/230
f 493/133/230 492/134/230 491/137/230
f 496/138/230 495/139/230 494/135/230
f 499/133/230 498/140/230 497/137/230
f 502/237/231 501/134/231 500/137/231
s 1
f 506/238/232 119/239/233 120/240/234
s 0
f 126/174/235 121/166/235 507/241/235
f 508/146/236 511/242/236 507/243/236
f 507/241/237 511/167/237 126/174/237
f 124/166/238 512/168/238 509/166/238
f 510/167/92 509/166/92 512/168/92
f 514/244/239 508/151/239 507/153/239
f 514/154/240 128/149/240 126/202/240
f 515/170/241 131/149/241 509/150/241
f 509/150/89 513/154/89 515/170/89
f 128/176/242 507/245/242 121/163/242
f 515/187/243 512/171/243 127/161/243
f 514/179/94 126/246/94 511/247/94
f 509/248/1 131/187/1 124/171/1
f 512/171/94 513/160/94 510/190/94
f 510/190/94 514/179/94 511/247/94
f 138/174/244 133/166/244 517/166/244
f 519/249/245 518/147/245 516/146/245
f 517/166/114 520/167/114 138/174/114
f 136/166/246 521/174/246 516/201/246
f 519/167/247 516/201/247 521/174/247
f 518/208/248 523/244/248 516/250/248
f 523/154/113 517/149/113 145/170/113
f 524/202/249 143/149/249 516/201/249
f 516/201/250 522/154/250 524/202/250
f 523/179/94 138/178/94 520/158/94
f 516/248/251 143/187/251 136/171/251
f 523/179/94 520/158/94 519/190/94
f 521/188/94 522/160/94 519/190/94
f 525/146/252 529/242/252 146/243/252
f 146/173/253 529/167/253 528/168/253
f 147/251/254 530/168/254 526/166/254
f 527/167/125 526/166/125 530/168/125
f 146/208/255 533/244/255 531/250/255
f 533/154/256 153/149/256 528/202/256
f 530/202/257 154/252/257 532/150/257
f 532/150/122 527/154/122 530/202/122
f 531/253/1 526/171/1 525/190/1
f 533/179/94 528/254/94 529/247/94
f 526/171/258 154/187/258 147/255/258
f 531/253/259 525/190/259 146/177/259
f 527/256/94 533/179/94 529/247/94
f 528/254/94 156/176/94 151/178/94
f 537/168/260 157/166/260 535/166/260
f 538/249/261 536/147/261 534/146/261
f 535/166/86 539/167/86 537/168/86
f 158/181/262 540/174/262 534/207/262
f 538/167/263 534/207/263 540/174/263
f 539/244/264 534/151/264 541/153/264
f 539/154/83 163/149/83 537/202/83
f 543/202/265 166/149/265 534/207/265
f 534/207/266 542/154/266 543/202/266
f 163/176/1 535/163/1 157/163/1
f 536/158/267 541/227/267 534/257/267
f 534/248/268 166/187/268 158/258/268
f 535/163/1 541/227/1 536/158/1
f 540/188/94 542/160/94 538/190/94
f 180/168/269 168/166/269 544/259/269
f 545/146/270 548/242/270 544/243/270
f 544/259/271 548/167/271 180/168/271
f 171/166/238 549/174/238 546/166/238
f 547/167/92 546/166/92 549/174/92
f 544/208/272 551/244/272 545/250/272
f 551/154/273 174/149/273 180/170/273
f 552/202/241 178/149/241 546/150/241
f 546/150/89 550/154/89 552/202/89
f 174/176/274 544/260/274 168/163/274
f 551/179/94 180/228/94 548/247/94
f 546/248/1 178/187/1 171/171/1
f 549/188/94 550/160/94 547/190/94
f 547/190/94 551/179/94 548/247/94
f 192/168/275 181/166/275 554/166/275
f 558/249/276 555/147/276 553/146/276
f 554/166/86 557/167/86 192/168/86
f 557/244/199 560/151/199 559/153/199
f 557/154/83 187/149/83 192/170/83
f 558/183/277 190/149/277 561/150/277
f 560/160/1 556/171/1 553/190/1
f 187/176/1 554/163/1 181/163/1
f 555/158/1 559/227/1 553/190/1
f 554/163/1 559/227/1 555/158/1
f 204/168/278 193/166/278 563/261/278
f 566/249/279 563/147/279 562/146/279
f 563/261/280 565/167/280 204/168/280
f 563/208/281 569/244/281 567/250/281
f 569/154/273 200/149/273 204/170/273
f 566/262/282 196/149/282 568/150/282
f 567/253/1 564/171/1 562/190/1
f 200/176/283 563/263/283 193/163/283
f 205/187/284 566/264/284 199/188/284
f 563/263/285 567/253/285 562/190/285
f 569/179/94 204/228/94 565/158/94
f 569/179/286 565/158/286 566/265/286
f 574/168/287 206/189/287 570/166/287
f 572/146/288 575/249/288 571/243/288
f 570/166/86 576/167/86 574/168/86
f 575/167/289 573/166/289 577/168/289
f 576/244/290 572/151/290 578/153/290
f 576/154/83 213/149/83 574/202/83
f 577/202/291 208/149/291 579/150/291
f 579/150/292 580/154/292 577/202/292
f 213/176/293 570/163/293 206/266/293
f 217/187/94 577/264/94 212/188/94
f 578/227/1 572/267/1 571/247/1
f 570/163/1 578/227/1 571/247/1
f 577/264/94 580/160/94 575/190/94
f 574/254/94 216/176/94 211/178/94
f 581/146/294 583/242/294 218/243/294
f 221/192/295 584/268/295 582/166/295
f 226/150/296 583/269/296 585/150/296
f 588/244/297 586/151/297 218/153/297
f 588/154/298 585/150/298 583/269/298
f 586/160/1 582/171/1 581/190/1
f 229/187/299 584/264/299 225/188/299
f 582/171/300 587/198/300 221/270/300
f 584/256/301 588/179/301 583/271/301
f 593/168/302 230/166/302 589/272/302
f 590/146/303 594/242/303 589/243/303
f 589/272/304 594/167/304 593/168/304
f 232/217/305 595/168/305 591/166/305
f 592/167/125 591/166/125 595/168/125
f 598/244/306 596/151/306 589/153/306
f 598/154/256 235/149/256 593/202/256
f 595/202/307 238/218/307 597/150/307
f 597/150/122 592/154/122 595/202/122
f 596/160/1 591/171/1 590/190/1
f 235/176/308 589/273/308 230/163/308
f 598/179/94 593/254/94 594/247/94
f 591/171/309 238/187/309 232/194/309
f 592/256/94 598/179/94 594/247/94
f 600/146/85 602/249/85 599/243/85
f 243/166/183 604/174/183 601/166/183
f 602/167/125 601/166/125 604/174/125
f 606/208/310 603/244/310 605/250/310
f 607/150/122 602/154/122 604/202/122
f 605/253/1 601/171/1 600/190/1
f 601/171/1 607/198/1 243/171/1
f 605/253/32 600/190/32 599/247/32
f 239/163/1 606/179/1 599/247/1
f 610/249/261 609/147/261 608/146/261
f 251/166/86 611/167/86 257/174/86
f 254/274/311 612/174/311 608/207/311
f 610/167/263 608/207/263 612/174/263
f 611/244/264 608/151/264 613/153/264
f 611/154/83 259/149/83 257/202/83
f 615/170/312 260/275/312 608/207/312
f 608/207/266 614/154/266 615/170/266
f 609/158/267 613/227/267 608/257/267
f 608/248/313 260/187/313 254/276/313
f 251/163/1 613/227/1 609/158/1
f 612/188/94 614/160/94 610/190/94
f 616/146/314 619/242/314 263/243/314
f 266/166/238 620/174/238 617/166/238
f 618/167/92 617/166/92 620/174/92
f 263/208/315 270/244/315 616/250/315
f 622/202/241 271/149/241 617/150/241
f 617/150/89 621/154/89 622/202/89
f 617/248/1 271/187/1 266/171/1
f 620/188/94 621/160/94 618/190/94
f 618/190/316 270/179/316 619/206/316
f 627/242/317 624/147/317 623/146/317
f 278/166/238 628/174/238 625/166/238
f 626/167/92 625/166/92 628/174/92
f 630/244/226 623/151/226 624/153/226
f 630/154/318 282/149/318 627/277/318
f 631/202/241 284/149/241 625/150/241
f 625/150/89 629/154/89 631/202/89
f 625/248/1 284/187/1 278/171/1
f 628/188/94 629/160/94 626/190/94
f 626/190/319 630/179/319 627/278/319
f 636/196/135 288/166/135 632/166/135
f 634/146/320 636/242/320 633/243/320
f 294/150/137 636/196/137 638/150/137
f 639/208/321 641/279/321 637/250/321
f 641/280/139 296/149/139 640/150/139
f 637/253/1 635/171/1 634/190/1
f 294/162/1 632/163/1 288/163/1
f 637/253/32 634/190/32 633/247/32
f 632/163/1 639/179/1 633/247/1
f 643/146/322 645/242/322 642/243/322
f 306/150/323 645/281/323 647/150/323
f 648/208/324 650/279/324 646/250/324
f 646/253/1 644/171/1 643/190/1
f 646/253/1 643/190/1 642/247/1
f 298/163/1 648/179/1 642/247/1
f 655/168/325 311/166/325 652/166/325
f 657/249/326 653/147/326 651/146/326
f 652/166/114 656/167/114 655/168/114
f 317/150/327 320/170/327 652/150/327
f 660/244/328 658/151/328 653/153/328
f 660/154/113 652/150/113 320/170/113
f 658/160/1 654/171/1 651/190/1
f 317/162/1 652/282/1 311/163/1
f 321/187/329 657/264/329 316/188/329
f 660/179/216 655/163/216 656/158/216
f 660/179/330 656/158/330 657/265/330
f 655/163/331 320/176/331 315/246/331
f 663/242/332 322/147/332 661/146/332
f 322/208/333 329/244/333 665/250/333
f 664/148/334 333/149/334 666/150/334
f 665/253/1 662/171/1 661/190/1
f 322/219/335 665/253/335 661/190/335
f 664/256/336 329/179/336 663/283/336
f 341/174/244 335/166/244 668/166/244
f 672/249/337 669/147/337 667/146/337
f 668/166/114 671/167/114 341/174/114
f 669/208/338 675/244/338 673/250/338
f 675/154/113 668/149/113 347/170/113
f 673/253/1 670/171/1 667/190/1
f 669/284/1 673/253/1 667/190/1
f 675/179/94 341/178/94 671/158/94
f 675/179/339 671/158/339 672/265/339
f 353/174/325 349/166/325 677/166/325
f 679/249/245 678/147/245 676/146/245
f 677/166/114 680/167/114 353/174/114
f 351/166/246 681/168/246 676/201/246
f 679/167/247 676/201/247 681/168/247
f 355/150/327 360/170/327 677/150/327
f 678/208/248 683/244/248 676/250/248
f 683/154/113 677/150/113 360/170/113
f 684/170/249 358/149/249 676/201/249
f 676/201/250 682/154/250 684/170/250
f 355/162/1 677/282/1 349/163/1
f 684/187/340 681/171/340 354/223/340
f 683/179/94 353/178/94 680/158/94
f 676/248/251 358/187/251 351/171/251
f 683/179/168 680/158/168 679/190/168
f 681/171/94 682/160/94 679/190/94
f 689/168/341 361/224/341 686/285/341
f 690/242/342 686/147/342 685/146/342
f 686/285/343 690/167/343 689/168/343
f 363/166/238 691/168/238 687/166/238
f 688/167/92 687/166/92 691/168/92
f 693/244/344 685/151/344 686/153/344
f 693/154/256 367/149/256 689/202/256
f 694/170/241 369/149/241 687/150/241
f 687/150/89 692/154/89 694/170/89
f 367/176/345 686/286/345 361/266/345
f 694/187/94 691/171/94 366/214/94
f 693/179/216 689/254/216 690/247/216
f 687/248/1 369/187/1 363/171/1
f 691/171/94 692/160/94 688/190/94
f 688/190/168 693/179/168 690/247/168
f 689/254/94 372/176/94 365/178/94
f 378/174/346 373/166/346 695/287/346
f 696/146/347 699/242/347 695/243/347
f 695/287/348 699/167/348 378/174/348
f 376/166/238 700/174/238 697/166/238
f 698/167/92 697/166/92 700/174/92
f 380/150/349 702/202/349 695/287/349
f 695/208/350 703/244/350 696/250/350
f 703/154/351 695/287/351 702/202/351
f 704/170/241 383/149/241 697/150/241
f 697/150/89 701/154/89 704/170/89
f 380/162/352 695/282/352 373/163/352
f 703/179/216 378/178/216 699/247/216
f 697/248/1 383/187/1 376/171/1
f 700/188/94 701/160/94 698/190/94
f 698/190/168 703/179/168 699/247/168
f 706/146/353 708/249/353 705/243/353
f 385/166/86 709/167/86 397/168/86
f 388/166/238 710/168/238 707/166/238
f 708/167/92 707/166/92 710/168/92
f 711/208/354 709/244/354 706/250/354
f 709/154/83 392/149/83 397/170/83
f 713/170/241 394/149/241 707/150/241
f 707/150/89 712/154/89 713/170/89
f 713/187/355 710/171/355 391/214/355
f 707/248/1 394/187/1 388/171/1
f 385/163/1 711/179/1 705/247/1
f 710/171/94 712/160/94 708/190/94
f 403/174/356 398/166/356 715/288/356
f 718/242/357 715/147/357 714/146/357
f 715/288/358 718/167/358 403/174/358
f 401/166/238 719/168/238 716/166/238
f 717/167/92 716/166/92 719/168/92
f 405/150/359 720/202/359 715/288/359
f 721/279/360 714/151/360 715/153/360
f 722/154/361 715/288/361 720/202/361
f 723/170/241 408/149/241 716/150/241
f 716/150/89 721/154/89 723/170/89
f 405/162/362 715/282/362 398/163/362
f 723/187/363 719/171/363 404/214/363
f 722/179/94 403/178/94 718/247/94
f 716/248/1 408/187/1 401/171/1
f 719/171/94 721/210/94 717/190/94
f 717/190/364 721/210/364 718/247/364
f 728/242/365 725/147/365 724/146/365
f 413/166/366 729/174/366 726/166/366
f 727/167/92 726/166/92 729/174/92
f 417/150/367 728/289/367 730/150/367
f 732/279/368 724/151/368 731/153/368
f 726/150/89 732/154/89 733/170/89
f 725/158/369 731/227/369 724/257/369
f 410/163/1 731/227/1 725/158/1
f 729/188/94 732/210/94 727/190/94
f 727/190/370 732/210/370 728/290/370
f 728/254/371 422/176/371 415/178/371
f 735/146/372 736/249/372 734/243/372
f 426/166/373 738/168/373 735/291/373
f 736/167/374 735/291/374 738/168/374
f 739/208/375 741/279/375 735/250/375
f 740/150/376 741/154/376 738/202/376
f 735/292/377 740/198/377 426/171/377
f 741/210/94 737/284/94 736/190/94
f 423/163/1 739/179/1 734/247/1
f 738/264/94 741/210/94 736/190/94
f 737/254/216 434/176/216 428/178/216
f 743/146/288 745/249/288 742/243/288
f 435/166/86 746/167/86 441/174/86
f 439/166/366 747/174/366 744/166/366
f 745/167/92 744/166/92 747/174/92
f 746/244/290 743/151/290 748/153/290
f 746/154/83 443/149/83 441/170/83
f 744/150/89 749/154/89 750/170/89
f 748/227/1 743/267/1 742/247/1
f 435/163/1 748/227/1 742/247/1
f 747/188/94 749/160/94 745/190/94
f 453/174/244 448/166/244 752/166/244
f 754/249/378 753/147/378 751/146/378
f 752/166/114 755/167/114 453/174/114
f 450/293/379 756/174/379 751/294/379
f 754/167/380 751/294/380 756/174/380
f 758/244/381 751/151/381 753/153/381
f 758/154/113 752/149/113 458/170/113
f 759/170/382 457/295/382 751/294/382
f 751/294/383 757/154/383 759/170/383
f 758/179/94 453/178/94 755/158/94
f 751/248/384 457/187/384 450/235/384
f 758/179/94 755/158/94 754/190/94
f 756/188/94 757/160/94 754/190/94
f 466/174/244 459/166/244 760/166/244
f 762/146/385 764/242/385 761/243/385
f 760/166/114 764/167/114 466/174/114
f 767/279/386 762/151/386 761/153/386
f 768/154/113 760/149/113 471/170/113
f 765/296/387 462/149/387 766/150/387
f 766/150/388 767/154/388 765/296/388
f 472/187/389 765/297/389 467/188/389
f 768/179/94 466/178/94 764/247/94
f 765/297/390 767/210/390 764/247/390
f 772/168/325 473/166/325 770/166/325
f 774/249/391 771/147/391 769/146/391
f 770/166/114 773/167/114 772/168/114
f 480/150/327 484/170/327 770/150/327
f 776/279/392 769/151/392 771/153/392
f 777/154/113 770/150/113 484/170/113
f 774/298/393 483/149/393 775/150/393
f 775/150/394 776/154/394 774/298/394
f 480/162/1 770/282/1 473/163/1
f 777/179/94 772/163/94 773/158/94
f 776/210/395 773/158/395 774/299/395
f 772/163/396 484/176/396 478/246/396
f 814/320/403 816/321/403 815/322/403
f 816/323/404 814/324/404 815/325/404
f 823/326/405 813/327/405 812/320/405
f 811/328/406 819/329/406 820/330/406
s 1
f 917/331/407 817/332/408 947/333/409
s 0
f 947/334/410 817/332/410 916/335/410
f 916/336/411 818/337/411 917/338/411
s 1
f 820/339/412 822/340/413 821/341/414
s 0
f 838/342/415 828/320/415 829/342/415
s 1
f 920/343/416 833/344/408 965/345/409
s 0
f 965/334/410 833/344/410 919/335/410
f 919/336/411 834/346/411 920/338/411
s 1
f 836/347/417 839/348/418 837/349/419
f 923/350/416 848/351/408 981/352/409
s 0
f 981/334/410 848/351/410 922/335/410
f 922/336/411 849/353/411 923/338/411
s 1
f 851/354/420 854/355/421 852/356/419
s 0
f 853/357/422 844/358/422 855/359/422
f 855/342/423 844/360/423 853/361/423
f 871/362/424 870/363/424 860/320/424
f 859/364/425 867/329/425 868/330/425
f 866/365/426 992/366/426 865/367/426
s 1
f 868/368/427 872/369/428 869/370/429
s 0
f 865/371/430 925/336/430 926/338/430
f 876/372/425 883/329/425 884/330/425
f 882/373/426 1009/366/426 881/367/426
s 1
f 884/374/431 889/375/428 885/376/429
s 0
f 888/320/432 887/377/432 886/342/432
f 881/371/430 927/336/430 928/338/430
f 905/378/433 902/363/433 903/379/433
f 893/372/425 899/329/425 900/330/425
s 1
f 930/380/434 897/381/408 1032/382/409
s 0
f 1032/334/410 897/381/410 929/335/410
f 929/336/435 898/383/435 930/338/435
s 1
f 900/384/427 904/385/436 901/386/429
s 0
f 932/387/437 1043/388/437 1046/367/437
f 1049/389/438 933/390/438 1050/391/438
f 934/392/439 912/393/439 1052/367/439
f 913/394/440 1054/395/440 937/396/440
f 914/397/441 1056/398/441 1057/399/441
f 915/394/442 1060/389/442 1061/390/442
f 940/400/437 1059/401/437 1062/367/437
s 1
f 949/402/443 941/403/444 950/341/445
s 0
f 942/324/446 943/404/446 944/325/446
f 951/405/447 954/326/447 952/320/447
f 946/406/448 916/336/448 917/338/448
f 918/334/449 945/407/449 817/332/449
f 817/408/450 946/406/450 818/337/450
s 1
f 967/347/451 958/409/452 968/349/453
s 0
f 969/357/454 971/358/454 959/359/454
f 959/342/455 971/360/455 969/410/455
f 964/406/448 919/336/448 920/338/448
f 973/411/456 974/342/456 972/320/456
f 973/411/457 972/320/457 974/342/457
f 970/412/458 966/329/458 967/330/458
f 921/334/449 963/413/449 833/344/449
f 833/414/450 964/406/450 834/346/450
s 1
f 983/415/459 975/416/460 984/417/461
s 0
f 980/406/448 922/336/448 923/338/448
f 990/411/456 991/342/456 989/320/456
f 990/411/457 989/320/457 991/342/457
f 985/342/462 987/320/462 988/342/462
f 986/372/463 982/329/463 983/330/463
f 924/334/449 979/418/449 848/351/449
f 848/419/450 980/406/450 849/353/450
s 1
f 1000/415/459 993/369/464 1001/417/461
s 0
f 998/406/465 864/414/465 865/371/465
f 1007/420/466 1006/320/466 1008/421/466
f 1002/422/467 1005/423/467 1004/320/467
f 1003/372/463 999/329/463 1000/330/463
f 866/334/468 997/424/468 925/335/468
f 925/336/469 998/406/469 926/338/469
s 1
f 1017/374/459 1010/425/470 1018/376/461
s 0
f 1015/406/465 880/414/465 881/371/465
f 1024/426/471 1025/342/471 1023/427/471
f 1019/377/472 1021/320/472 1022/342/472
f 1020/372/463 1016/329/463 1017/330/463
f 882/334/468 1014/428/468 927/335/468
f 927/336/469 1015/406/469 928/338/469
s 1
f 1034/384/459 1026/429/464 1035/430/473
s 0
f 1031/406/448 929/336/448 930/338/448
f 1041/426/474 1042/342/474 1040/431/474
f 1036/363/475 1038/432/475 1039/433/475
f 1037/434/463 1033/329/463 1034/330/463
f 931/334/449 1030/435/449 897/381/449
f 897/436/476 1031/406/476 898/383/476
f 1046/437/477 1043/388/477 932/367/477
f 1049/389/478 1050/391/478 933/390/478
f 1052/438/479 912/393/479 934/367/479
f 937/396/480 1054/395/480 913/394/480
f 1053/439/481 936/440/481 938/367/481
f 1057/399/482 1056/398/482 914/397/482
f 1062/441/477 1059/401/477 940/367/477
f 1061/390/483 1060/389/483 915/394/483
s 1
f 1071/442/484 1063/443/485 1072/341/486
s 0
f 1064/324/487 1065/404/487 1066/325/487
f 1073/405/488 1076/326/488 1074/320/488
f 1068/406/489 1187/336/489 1188/338/489
f 1078/444/490 1077/320/490 1079/445/490
f 1078/323/491 1079/324/491 1077/325/491
f 1075/372/492 1070/329/492 1071/330/492
f 1189/334/493 1067/407/493 1213/332/493
f 1213/408/494 1068/406/494 1214/337/494
s 1
f 1088/446/495 1080/447/496 1089/349/497
s 0
f 1082/324/487 1083/404/487 1084/325/487
f 1090/357/498 1093/358/498 1081/359/498
f 1081/342/499 1093/360/499 1090/410/499
f 1085/406/500 1229/414/500 1086/338/500
f 1095/420/501 1094/448/501 1096/342/501
s 1
f 1091/449/502 1086/450/503 1223/451/504
s 0
f 1190/336/505 1085/406/505 1230/346/505
s 1
f 1106/415/506 1097/416/485 1107/417/486
s 0
f 1103/406/489 1191/336/489 1192/338/489
f 1112/420/501 1111/452/501 1113/342/501
f 1098/453/472 1108/342/472 1110/320/472
f 1109/372/492 1105/329/492 1106/330/492
f 1193/334/493 1102/418/493 1246/454/493
f 1246/419/494 1103/406/494 1247/353/494
s 1
f 1123/415/506 1115/369/507 1124/417/508
s 0
f 1125/363/509 1126/362/509 1116/320/509
f 1121/406/510 1262/414/510 1263/371/510
f 1129/411/457 1130/342/457 1128/320/457
f 1129/411/456 1128/320/456 1130/342/456
f 1127/372/492 1122/329/492 1123/330/492
f 1264/334/511 1120/424/511 1194/335/511
f 1194/336/512 1121/406/512 1195/338/512
s 1
f 1139/374/506 1132/425/513 1140/376/486
s 0
f 1137/406/510 1280/414/510 1281/371/510
f 1146/420/501 1145/452/501 1147/342/501
f 1141/377/514 1143/320/514 1144/342/514
f 1142/372/492 1138/329/492 1139/330/492
f 1282/334/511 1136/428/511 1196/335/511
f 1196/336/512 1137/406/512 1197/338/512
s 1
f 1156/347/515 1148/455/516 1157/430/517
s 0
f 1160/432/518 1159/456/518 1158/342/518
f 1153/383/519 1198/336/519 1199/338/519
f 1163/426/466 1164/342/466 1162/431/466
f 1161/457/520 1155/329/520 1156/330/520
f 1200/334/521 1152/458/521 1296/459/521
f 1168/437/522 1165/388/522 1201/367/522
f 1171/389/523 1172/391/523 1202/390/523
f 1206/396/524 1178/395/524 1310/394/524
f 1181/399/525 1180/398/525 1311/397/525
f 1185/390/526 1184/389/526 1314/394/526
f 1210/320/491 1212/321/491 1211/322/491
f 1212/323/490 1210/324/490 1211/325/490
f 1219/326/527 1209/327/527 1208/320/527
f 1207/372/528 1215/329/528 1216/330/528
s 1
f 1188/331/529 1213/332/530 1069/333/531
s 0
f 1069/334/532 1213/332/532 1187/335/532
f 1187/336/533 1214/337/533 1188/338/533
s 1
f 1216/384/534 1218/460/535 1217/341/536
s 0
f 1220/324/403 1221/404/403 1222/325/403
f 1237/461/537 1235/342/537 1225/320/537
f 1229/414/538 1230/346/538 1086/338/538
s 1
f 1233/347/539 1236/348/540 1234/349/541
f 1229/462/542 1231/463/543 1091/464/502
s 0
f 1244/420/544 1243/320/544 1245/465/544
f 1241/434/528 1248/329/528 1249/330/528
s 1
f 1192/350/529 1246/454/530 1104/352/531
s 0
f 1104/334/532 1246/454/532 1191/335/532
f 1191/336/533 1247/353/533 1192/338/533
s 1
f 1249/368/545 1252/466/546 1250/356/536
s 0
f 1251/357/547 1242/358/547 1253/359/547
f 1253/342/548 1242/360/548 1251/361/548
f 1260/411/549 1261/342/549 1259/320/549
f 1260/411/550 1259/320/550 1261/342/550
f 1257/364/528 1265/329/528 1266/330/528
f 1264/467/551 1114/366/551 1263/367/551
s 1
f 1266/368/534 1269/369/535 1267/370/536
s 0
f 1268/363/552 1258/422/552 1270/320/552
f 1263/371/553 1194/336/553 1195/338/553
f 1278/411/549 1279/342/549 1277/320/549
f 1278/411/550 1277/320/550 1279/342/550
f 1286/320/554 1276/342/554 1275/320/554
f 1274/372/528 1283/329/528 1284/330/528
f 1282/373/551 1131/366/551 1281/367/551
s 1
f 1284/374/534 1287/468/535 1285/376/536
s 0
f 1281/371/553 1196/336/553 1197/338/553
f 1294/420/544 1293/320/544 1295/469/544
f 1291/372/528 1298/329/528 1299/330/528
s 1
f 1199/470/555 1296/459/556 1154/471/557
s 0
f 1154/334/558 1296/459/558 1198/335/558
f 1198/336/559 1297/406/559 1199/338/559
s 1
f 1299/384/545 1302/472/546 1300/386/536
s 0
f 1301/363/552 1292/422/552 1303/320/552
f 1297/406/560 1296/436/560 1153/383/560
f 1201/387/561 1165/388/561 1168/367/561
f 1171/389/562 1202/390/562 1172/391/562
f 1310/394/563 1178/395/563 1206/396/563
f 1311/397/564 1180/398/564 1181/399/564
f 1179/473/565 1312/474/565 1182/367/565
f 1314/394/566 1184/389/566 1185/390/566
s 1
f 1323/475/567 1328/476/568 1324/477/569
s 0
f 1325/327/570 1317/478/570 1326/320/570
f 1315/479/571 1321/480/571 1327/481/571
s 1
f 1340/475/572 1344/482/568 1341/477/569
s 0
f 1348/342/573 1347/483/573 1346/320/573
f 1346/320/574 1347/483/574 1348/342/574
f 1332/484/571 1338/485/571 1343/486/571
f 1354/483/573 1355/342/573 1353/320/573
f 1354/483/574 1353/320/574 1355/342/574
f 1360/361/575 1351/320/575 1352/342/575
f 1360/361/576 1352/342/576 1351/320/576
s 1
f 1358/475/572 1362/487/568 1359/477/577
s 0
f 1365/342/573 1364/483/573 1363/320/573
f 1363/320/574 1364/483/574 1365/342/574
f 1349/488/571 1356/489/571 1361/490/571
f 1370/483/573 1371/342/573 1369/320/573
f 1370/483/574 1369/320/574 1371/342/574
s 1
f 1374/475/572 1379/491/568 1375/477/569
s 0
f 1382/342/573 1381/483/573 1380/320/573
f 1380/320/574 1381/483/574 1382/342/574
f 1366/492/571 1372/493/571 1378/494/571
f 1387/483/573 1388/342/573 1386/320/573
f 1387/483/574 1386/320/574 1388/342/574
f 1394/495/570 1393/342/570 1385/320/570
s 1
f 1391/475/578 1396/496/579 1392/477/580
s 0
f 1399/342/573 1398/483/573 1397/320/573
f 1397/320/574 1398/483/574 1399/342/574
f 1383/497/581 1389/498/581 1395/499/581
f 1403/483/573 1404/342/573 1402/320/573
f 1403/483/574 1402/320/574 1404/342/574
s 1
f 1407/475/578 1411/500/579 1408/477/580
s 0
f 1416/342/573 1415/483/573 1414/320/573
f 1414/320/574 1415/483/574 1416/342/574
f 1412/320/575 1409/501/575 1413/342/575
f 1413/342/576 1409/501/576 1412/320/576
f 1400/502/571 1405/503/571 1410/504/571
f 1424/505/582 1418/506/582 1419/507/582
f 1668/508/583 1422/329/583 1423/509/583
f 1425/327/584 1420/510/584 1426/511/584
f 1428/512/585 1424/505/585 1821/513/585
f 1423/509/586 1422/329/586 1428/514/586
f 1427/515/587 1421/516/587 1417/517/587
f 1673/426/570 1672/320/570 1827/320/570
f 1438/518/588 1437/357/588 1432/359/588
f 1436/505/589 1825/512/589 1431/507/589
f 1674/514/590 1435/330/590 1431/508/590
f 1675/519/585 1436/505/585 1834/513/585
f 1677/508/591 1434/329/591 1675/514/591
f 1439/520/587 1433/521/587 1430/522/587
f 1449/505/582 1442/523/582 1443/513/582
f 1842/524/592 1447/329/592 1448/330/592
f 1680/324/593 1849/525/593 1848/325/593
f 1679/523/585 1449/505/585 1847/513/585
f 1681/508/594 1447/329/594 1679/514/594
f 1451/526/587 1446/527/587 1441/528/587
f 1460/505/595 1683/519/595 1454/513/595
f 1463/512/596 1460/505/596 1859/513/596
s 1
f 1463/529/597 1854/530/598 1458/531/599
s 0
f 1859/508/600 1458/329/600 1854/532/600
f 1462/533/601 1457/534/601 1453/535/601
f 1470/426/602 1685/320/602 1863/320/602
f 1474/505/582 1467/536/582 1468/513/582
f 1686/324/593 1478/525/593 1874/325/593
f 1475/342/603 1469/537/603 1476/320/603
f 1871/506/596 1474/505/596 1872/507/596
s 1
f 1871/538/597 1866/530/598 1472/539/599
s 0
f 1872/508/600 1472/329/600 1866/540/600
f 1487/505/582 1480/541/582 1481/513/582
f 1687/508/604 1485/329/604 1486/330/604
f 1488/433/584 1482/510/584 1489/542/584
f 1884/519/585 1487/505/585 1885/543/585
f 1880/544/605 1485/329/605 1884/514/605
f 1503/545/606 1497/546/606 1492/499/606
f 1502/547/588 1501/327/588 1505/548/588
f 1504/549/607 1498/329/607 1500/330/607
s 1
f 1516/475/608 1510/550/609 1517/477/610
s 0
f 1509/551/611 1514/552/611 1519/553/611
f 1524/483/612 1525/342/612 1523/320/612
f 1524/483/613 1523/320/613 1525/342/613
f 1518/554/614 1521/324/614 1522/325/614
s 1
f 1533/475/608 1527/555/609 1534/477/610
s 0
f 1530/342/612 1529/483/612 1528/320/612
f 1528/320/613 1529/483/613 1530/342/613
f 1535/342/603 1539/478/603 1536/320/603
f 1537/556/606 1531/557/606 1526/558/606
f 1541/483/612 1542/342/612 1540/320/612
f 1541/483/613 1540/320/613 1542/342/613
s 1
f 1552/475/608 1544/559/609 1553/477/610
s 0
f 1549/342/612 1548/483/612 1547/320/612
f 1547/320/613 1548/483/613 1549/342/613
f 1545/560/614 1554/561/614 1546/325/614
f 1543/551/615 1550/562/615 1555/563/615
f 1558/483/612 1559/342/612 1557/320/612
f 1558/483/613 1557/320/613 1559/342/613
s 1
f 1569/475/616 1561/564/617 1570/477/618
s 0
f 1565/342/612 1564/483/612 1563/320/612
f 1563/320/613 1564/483/613 1565/342/613
f 1571/342/603 1572/495/603 1562/320/603
f 1560/565/619 1567/566/619 1566/567/619
f 1560/565/620 1566/567/620 1567/566/620
f 1575/483/612 1576/342/612 1574/320/612
f 1575/483/613 1574/320/613 1576/342/613
f 1573/568/621 1568/329/621 1569/330/621
s 1
f 1585/475/616 1578/569/617 1586/477/618
s 0
f 1581/342/612 1580/483/612 1579/320/612
f 1579/320/613 1580/483/613 1581/342/613
f 1577/570/619 1583/571/619 1582/572/619
f 1577/570/620 1582/572/620 1583/571/620
f 1592/483/612 1593/342/612 1591/320/612
f 1592/483/613 1591/320/613 1593/342/613
f 1587/573/622 1589/320/622 1590/342/622
f 1587/573/623 1590/342/623 1589/320/623
f 1588/574/621 1584/329/621 1585/330/621
f 1991/506/624 1599/505/624 1992/513/624
f 1691/508/625 1597/329/625 1991/514/625
f 1693/426/603 1692/320/603 2003/320/603
f 1601/478/570 1600/327/570 1604/320/570
f 1599/505/626 2001/512/626 1603/513/626
f 1996/509/627 1597/329/627 1598/330/627
f 2005/536/624 1611/505/624 2006/507/624
f 1610/575/628 1609/329/628 2005/514/628
f 1605/576/629 1608/516/629 1613/577/629
f 1611/505/626 2016/506/626 1614/513/626
f 1695/508/630 1609/329/630 1610/575/630
f 2019/523/624 1622/505/624 2020/513/624
f 2025/524/631 1620/329/631 2019/514/631
f 1622/505/626 1626/523/626 1627/513/626
f 1698/508/632 1620/329/632 1621/330/632
f 2032/519/624 1634/505/624 2033/513/624
f 1633/575/628 1632/329/628 2032/514/628
f 1703/426/603 1641/320/603 1702/320/603
f 1634/505/633 1638/578/633 1639/513/633
f 1701/508/630 1632/329/630 1633/575/630
f 2045/536/634 1648/505/634 2046/513/634
s 1
f 2045/579/635 2051/530/636 1646/580/637
s 0
f 2046/508/638 1646/329/638 2051/581/638
f 1642/576/629 1645/582/629 1650/517/629
f 1648/505/626 1651/506/626 1652/507/626
f 1705/508/639 1646/329/639 1647/330/639
f 2058/541/624 1660/505/624 2059/513/624
f 1708/508/640 1658/329/640 2058/514/640
f 1655/583/641 1657/584/641 1663/585/641
f 1660/505/626 1664/519/626 1665/543/626
s 1
f 1708/586/642 2059/587/643 1660/477/644
s 0
f 1703/426/570 1702/320/570 1641/320/570
f 1700/320/593 2036/426/593 2035/320/593
s 1
f 1633/588/645 2033/589/646 1634/477/647
f 2025/590/648 2020/591/649 1622/477/650
s 0
f 1694/320/570 2008/426/570 1607/426/570
s 1
f 1610/592/645 2006/593/646 1611/477/651
s 0
f 1690/320/602 1993/426/602 1595/426/602
s 1
f 1691/530/652 1992/594/643 1599/477/653
f 1880/595/654 1885/596/655 1487/477/656
f 1681/597/657 1847/598/658 1449/477/659
f 1677/597/660 1834/599/658 1436/477/661
s 0
f 1671/320/662 1823/426/662 1429/426/662
s 1
f 1423/600/663 1821/601/664 1424/477/665
f 1717/475/666 1711/602/667 1718/477/668
s 0
f 1719/554/584 1722/603/584 1723/325/584
f 1721/574/669 1716/329/669 1717/330/669
s 1
f 1734/475/670 1728/604/671 1735/477/672
s 0
f 1738/556/615 1732/480/615 1727/605/615
f 1742/606/613 1743/342/613 1741/320/613
f 1742/606/612 1741/320/612 1743/342/612
s 1
f 1752/475/673 1745/607/674 1753/477/675
s 0
f 1749/342/613 1748/606/613 1747/320/613
f 1747/320/612 1748/606/612 1749/342/612
f 1746/320/623 1755/547/623 1754/342/623
f 1754/342/622 1755/547/622 1746/320/622
f 1756/608/615 1750/546/615 1744/609/615
f 1759/606/613 1760/342/613 1758/320/613
f 1759/606/612 1758/320/612 1760/342/612
s 1
f 1768/475/673 1762/610/674 1769/477/675
s 0
f 1765/342/613 1764/606/613 1763/320/613
f 1763/320/612 1764/606/612 1765/342/612
f 1772/611/611 1766/612/611 1761/613/611
f 1776/606/613 1777/342/613 1775/320/613
f 1776/606/612 1775/320/612 1777/342/612
s 1
f 1785/475/673 1779/614/674 1786/477/675
s 0
f 1782/342/613 1781/606/613 1780/320/613
f 1780/320/612 1781/606/612 1782/342/612
f 1787/342/676 1791/410/676 1788/615/676
f 1789/616/611 1783/617/611 1778/504/611
f 1793/606/613 1794/342/613 1792/320/613
f 1793/606/612 1792/320/612 1794/342/612
s 1
f 1802/475/673 1796/618/674 1803/477/675
s 0
f 1799/342/613 1798/606/613 1797/320/613
f 1797/320/612 1798/606/612 1799/342/612
f 1806/619/615 1800/620/615 1795/621/615
f 1810/606/613 1811/342/613 1809/320/613
f 1810/606/612 1809/320/612 1811/342/612
f 1805/622/570 1804/342/570 1808/320/570
f 1813/320/570 1670/426/570 1669/320/570
f 1418/506/677 1817/505/677 1419/507/677
f 1668/508/678 1815/329/678 1418/514/678
f 1812/623/679 1814/624/679 1820/625/679
f 1819/410/588 1818/327/588 1822/626/588
f 1817/505/680 1428/512/680 1821/513/680
f 1423/509/681 1815/329/681 1816/330/681
f 1825/512/682 1831/505/682 1431/507/682
s 1
f 1674/627/683 1829/628/684 1825/629/685
s 0
f 1830/330/686 1674/514/686 1431/508/686
f 1824/630/687 1828/631/687 1833/632/687
f 1831/505/680 1675/519/680 1834/513/680
f 1677/508/688 1829/329/688 1830/330/688
f 1844/342/603 1845/633/603 1838/320/603
f 1442/523/677 1843/505/677 1443/513/677
f 1842/524/689 1841/329/689 1442/514/689
f 1843/505/680 1679/523/680 1847/513/680
f 1681/508/690 1841/329/690 1842/524/690
f 1856/363/588 1860/410/588 1857/634/588
f 1683/519/677 1855/505/677 1454/513/677
f 1459/635/691 1853/329/691 1683/514/691
f 1855/505/692 1463/512/692 1859/513/692
s 1
f 1853/636/693 1854/530/598 1463/529/597
s 0
f 1467/536/677 1867/505/677 1468/513/677
f 1473/637/691 1865/329/691 1467/514/691
f 1862/638/679 1864/639/679 1870/640/679
f 1867/505/692 1871/506/692 1872/507/692
s 1
f 1865/641/693 1866/530/598 1871/538/597
s 0
f 1480/541/677 1881/505/677 1481/513/677
f 1687/508/694 1879/329/694 1480/514/694
f 1875/630/687 1878/631/687 1883/642/687
f 1876/643/603 1882/342/603 1886/320/603
f 1881/505/680 1884/519/680 1885/543/680
s 1
f 1895/475/695 1900/644/696 1896/477/697
s 0
f 1901/320/576 1898/547/576 1897/342/576
f 1897/342/575 1898/547/575 1901/320/575
f 1899/556/698 1893/645/698 1892/646/698
f 1899/556/699 1892/646/699 1893/645/699
s 1
f 1912/475/700 1916/647/696 1913/477/697
s 0
f 1921/342/574 1920/606/574 1919/320/574
f 1919/320/573 1920/606/573 1921/342/573
f 1917/324/676 1914/561/676 1918/325/676
f 1927/606/574 1928/342/574 1926/320/574
f 1927/606/573 1926/320/573 1928/342/573
f 1933/547/576 1924/320/576 1925/342/576
f 1933/547/575 1925/342/575 1924/320/575
s 1
f 1931/475/695 1935/648/696 1932/477/697
s 0
f 1938/342/574 1937/606/574 1936/320/574
f 1936/320/573 1937/606/573 1938/342/573
f 1922/649/701 1929/489/701 1934/650/701
f 1942/606/574 1943/342/574 1941/320/574
f 1942/606/573 1941/320/573 1943/342/573
s 1
f 1946/475/700 1951/651/696 1947/477/697
s 0
f 1955/342/574 1954/606/574 1953/320/574
f 1953/320/573 1954/606/573 1955/342/573
f 1948/342/603 1949/622/603 1952/320/603
f 1939/652/701 1944/493/701 1950/494/701
f 1961/606/574 1962/342/574 1960/320/574
f 1961/606/573 1960/320/573 1962/342/573
f 1967/547/576 1958/320/576 1959/342/576
f 1967/547/575 1959/342/575 1958/320/575
s 1
f 1965/475/702 1969/653/703 1966/477/704
s 0
f 1972/342/574 1971/606/574 1970/320/574
f 1970/320/573 1971/606/573 1972/342/573
f 1968/616/571 1963/654/571 1956/655/571
f 1976/606/574 1977/342/574 1975/320/574
f 1976/606/573 1975/320/573 1977/342/573
s 1
f 1980/475/702 1985/656/703 1981/477/704
s 0
f 1989/342/574 1988/606/574 1987/320/574
f 1987/320/573 1988/606/573 1989/342/573
f 1982/342/603 1983/622/603 1986/320/603
f 1973/556/701 1978/489/701 1984/657/701
f 1997/505/705 1991/506/705 1992/513/705
f 1691/508/706 1995/329/706 1996/509/706
f 1998/327/570 1999/633/570 2002/320/570
f 2001/512/707 1997/505/707 1603/513/707
f 1996/509/708 1995/329/708 2001/514/708
f 2000/658/709 1994/659/709 1990/660/709
f 2012/505/705 2005/536/705 2006/507/705
f 1610/575/710 2010/329/710 2011/330/710
f 2016/506/707 2012/505/707 1614/513/707
f 1695/508/711 2010/329/711 2016/514/711
f 2015/630/712 2009/521/712 2004/661/712
f 2026/505/705 2019/523/705 2020/513/705
f 1626/523/707 2026/505/707 1627/513/707
f 1698/508/711 2024/329/711 1626/514/711
f 2028/630/712 2023/631/712 2018/661/712
f 2036/525/713 1700/324/713 2035/325/713
f 2043/662/570 2041/342/570 2034/320/570
f 2040/505/705 2032/519/705 2033/513/705
f 1633/575/710 2038/329/710 2039/330/710
f 1638/578/707 2040/505/707 1639/513/707
f 1701/508/711 2038/329/711 1638/514/711
f 2042/576/712 2037/624/712 2031/517/712
f 2052/505/714 2045/536/714 2046/513/714
s 1
f 2050/663/715 2051/530/636 2045/579/635
s 0
f 1651/506/707 2052/505/707 1652/507/707
f 1705/508/716 2050/329/716 1651/514/716
f 2065/505/705 2058/541/705 2059/513/705
f 1708/508/717 2063/329/717 2064/330/717
f 2066/433/614 2060/410/614 2067/664/614
f 1664/519/707 2065/505/707 1665/543/707
f 1659/544/718 2063/329/718 1664/514/718
s 1
f 1659/595/719 1665/665/720 2065/477/721
f 1705/666/722 1652/667/723 2052/477/724
f 1701/597/725 1639/668/723 2040/477/726
f 1698/597/727 1627/669/728 2026/477/729
f 1695/597/725 1614/670/723 2012/477/726
f 1996/671/730 1603/672/731 1997/477/732
f 1687/673/733 1481/589/734 1881/477/735
s 0
f 1478/426/713 1686/320/713 1874/320/713
f 1685/320/736 1470/426/736 1863/320/736
s 1
f 1473/674/737 1468/675/738 1867/477/739
f 1459/676/737 1454/677/738 1855/477/739
s 0
f 1849/426/713 1680/320/713 1848/320/713
s 1
f 1842/590/740 1443/678/741 1843/477/742
f 1668/530/743 1419/679/734 1817/477/744
f 98/1226/1264 100/1227/1265 99/1228/1266
f 101/1229/1264 103/1230/1265 102/1231/1266
f 104/1232/1264 106/1233/1265 105/1234/1266
f 107/1235/1264 109/1236/1265 108/1237/1266
f 110/1238/1264 112/1239/1265 111/1240/1266
s 0
f 115/1241/1267 113/1242/1267 114/1243/1267
s 1
f 117/1244/1268 118/1245/1269 116/1246/811
f 118/1247/1269 117/1248/1268 116/1246/811
f 506/1249/232 120/1250/234 119/239/233
s 0
f 121/166/1270 126/174/1270 125/148/1270
f 122/147/1271 125/164/1271 127/145/1271
f 125/1251/1272 122/1252/1272 121/166/1272
f 124/166/1273 123/1252/1273 127/155/1273
f 132/152/1274 125/244/1274 130/153/1274
f 129/150/1275 130/1253/1275 125/148/1275
f 131/149/1276 515/170/1276 127/155/1276
f 132/154/1277 123/1253/1277 131/149/1277
f 124/171/1 131/187/1 123/156/1
f 121/163/1 129/162/1 128/176/1
f 122/158/1 130/157/1 129/162/1
f 133/166/1278 138/174/1278 137/169/1278
f 137/164/1279 144/249/1279 134/165/1279
f 137/1254/1280 135/1252/1280 133/166/1280
f 139/168/1281 521/174/1281 136/166/1281
f 136/166/83 134/1252/83 144/167/83
f 137/169/1282 145/170/1282 517/149/1282
f 144/152/1283 137/244/1283 141/153/1283
f 140/150/1284 141/1253/1284 137/169/1284
f 144/154/86 142/1253/86 143/149/86
f 136/171/1 143/187/1 142/160/1
f 133/163/1 140/162/1 517/1255/1
f 135/158/1 134/172/1 141/157/1
f 134/172/1 142/160/1 141/157/1
f 135/158/1 141/157/1 140/162/1
f 137/282/1285 138/178/1285 145/176/1285
f 149/147/1286 150/164/1286 152/145/1286
f 150/167/89 149/1252/89 148/166/89
f 154/152/1287 155/244/1287 149/153/1287
f 148/150/92 149/1253/92 155/154/92
f 151/178/94 156/176/94 155/179/94
f 150/158/1288 155/179/1288 154/160/1288
f 159/147/1289 161/164/1289 160/145/1289
f 161/1256/1290 159/1252/1290 157/166/1290
f 162/168/1291 540/174/1291 158/181/1291
f 167/152/1292 161/244/1292 165/153/1292
f 164/150/1293 165/1253/1293 161/182/1293
f 167/154/1294 158/1253/1294 166/149/1294
f 157/163/1 164/162/1 163/176/1
f 159/158/1295 158/258/1295 165/157/1295
f 159/158/1 165/157/1 164/162/1
f 160/172/94 167/160/94 162/1257/94
f 172/164/1296 179/249/1296 169/165/1296
f 172/1258/1297 170/1252/1297 168/166/1297
f 173/168/1281 549/174/1281 171/166/1281
f 171/166/83 169/1252/83 179/167/83
f 172/183/1298 180/170/1298 174/149/1298
f 179/152/1299 172/244/1299 176/153/1299
f 175/150/1300 176/1253/1300 172/183/1300
f 179/154/86 177/1253/86 178/149/86
f 171/171/1 178/187/1 177/160/1
f 168/163/1 175/162/1 174/176/1
f 170/158/1 169/172/1 176/157/1
f 169/172/1 177/160/1 176/157/1
f 170/158/1 176/157/1 175/162/1
f 182/147/1301 185/164/1301 184/145/1301
f 185/1259/1302 182/1252/1302 181/166/1302
f 186/168/1303 558/183/1303 556/166/1303
f 185/185/1304 192/170/1304 187/149/1304
f 191/152/1305 185/244/1305 189/153/1305
f 188/150/1306 189/1253/1306 185/185/1306
f 191/154/1307 183/1253/1307 190/149/1307
f 181/163/1 188/162/1 187/176/1
f 183/186/1308 556/171/1308 190/187/1308
f 182/158/1 189/157/1 188/162/1
f 184/172/94 191/160/94 186/1257/94
f 194/147/1301 198/164/1301 197/145/1301
f 198/1259/1302 194/1252/1302 193/166/1302
f 196/166/113 195/1252/113 197/167/113
f 198/185/1304 204/170/1304 200/149/1304
f 203/152/1305 198/244/1305 202/153/1305
f 201/150/1306 202/1253/1306 198/185/1306
f 203/154/114 195/1253/114 196/149/114
f 193/163/1 201/162/1 200/176/1
f 194/158/1 202/157/1 201/162/1
f 197/172/94 203/160/94 205/187/94
f 210/164/386 209/249/386 207/146/386
f 208/166/113 207/1252/113 209/167/113
f 214/152/1309 215/244/1309 206/153/1309
f 214/154/114 207/1253/114 208/149/114
f 211/178/94 216/176/94 215/179/94
f 210/158/94 215/179/94 214/160/94
f 209/190/94 214/160/94 217/187/94
f 209/190/94 210/158/94 214/160/94
f 220/147/1310 223/164/1310 222/145/1310
f 223/167/122 220/1252/122 219/166/122
f 228/152/1311 223/244/1311 227/153/1311
f 226/150/125 227/1253/125 223/154/125
f 220/158/1 227/157/1 226/162/1
f 222/172/94 228/160/94 229/187/94
f 231/147/1312 233/164/1312 234/145/1312
f 233/1256/1290 231/1252/1290 230/166/1290
f 238/152/1313 233/244/1313 237/153/1313
f 236/150/1293 237/1253/1293 233/182/1293
f 230/163/1 236/162/1 235/176/1
f 231/158/1 237/157/1 236/162/1
f 239/166/1314 603/1260/1314 244/196/1314
f 244/164/1315 245/249/1315 240/165/1315
f 244/1261/1316 242/1252/1316 241/166/1316
f 245/197/1317 604/174/1317 243/166/1317
f 243/166/1318 240/1252/1318 245/1262/1318
f 244/196/1319 603/1260/1319 246/149/1319
f 245/152/1320 244/244/1320 248/153/1320
f 247/150/1321 248/1253/1321 244/196/1321
f 245/197/1322 249/1253/1322 250/150/1322
f 243/171/1 250/198/1 249/160/1
f 241/163/1 247/162/1 246/176/1
f 242/158/134 240/172/134 248/157/134
f 240/172/1 249/160/1 248/157/1
f 242/158/1 248/157/1 247/162/1
f 251/166/1323 257/174/1323 255/168/1323
f 253/147/1324 256/164/1324 258/145/1324
f 256/167/89 253/1252/89 252/166/89
f 258/1263/1325 612/174/1325 254/274/1325
f 260/152/1326 261/244/1326 253/153/1326
f 252/150/92 253/1253/92 261/154/92
f 260/275/1327 615/170/1327 258/1263/1327
f 255/163/94 262/176/94 261/179/94
f 256/158/1328 261/179/1328 260/160/1328
f 255/163/94 257/246/94 262/176/94
f 267/164/1329 269/249/1329 265/146/1329
f 269/204/1330 620/174/1330 266/166/1330
f 266/166/1331 265/1252/1331 269/204/1331
f 272/202/1332 619/1264/1332 270/203/1332
f 273/152/1333 274/244/1333 264/153/1333
f 273/154/1277 265/1253/1277 271/149/1277
f 266/171/1 271/187/1 265/156/1
f 268/178/94 272/162/94 274/179/94
f 267/158/94 274/179/94 273/160/94
f 269/1265/1334 267/158/1334 273/160/1334
f 275/166/1335 627/277/1335 279/168/1335
f 280/164/1336 285/249/1336 277/146/1336
f 281/168/1281 628/174/1281 278/166/1281
f 278/166/83 277/1252/83 285/167/83
f 285/152/1337 286/244/1337 276/208/1337
f 285/154/86 283/1253/86 284/149/86
f 278/171/1 284/187/1 283/210/1
f 279/163/94 287/176/94 286/179/94
f 280/158/94 286/179/94 285/1266/94
f 279/163/1338 627/278/1338 287/176/1338
f 289/147/1339 292/164/1339 291/145/1339
f 292/1267/1340 289/1252/1340 288/166/1340
f 297/152/1341 292/244/1341 295/153/1341
f 294/150/1342 295/1253/1342 292/1268/1342
f 296/149/1343 641/280/1343 293/202/1343
f 297/154/1344 290/1253/1344 296/149/1344
f 290/213/1345 635/171/1345 296/187/1345
f 289/158/1 295/157/1 294/162/1
f 291/172/168 297/160/168 293/214/168
f 300/147/1310 303/164/1310 302/145/1310
f 303/167/122 300/1252/122 299/166/122
f 305/168/1346 650/1269/1346 644/166/1346
f 301/166/113 307/1252/113 302/167/113
f 304/202/1347 645/281/1347 306/150/1347
f 309/152/1311 303/244/1311 308/208/1311
f 306/150/125 308/1253/125 303/154/125
f 309/154/114 307/1253/114 301/150/114
f 301/225/1 644/171/1 649/198/1
f 300/158/1 308/179/1 306/162/1
f 302/172/94 309/160/94 310/187/94
f 315/164/1348 314/249/1348 313/146/1348
f 315/1270/1349 312/1252/1349 311/166/1349
f 315/1271/1350 320/170/1350 317/150/1350
f 319/152/1351 315/244/1351 318/153/1351
f 317/150/1352 318/1253/1352 315/1271/1352
f 313/225/1353 654/171/1353 659/198/1353
f 312/158/32 318/157/32 317/162/32
f 314/190/168 319/160/168 321/187/168
f 314/190/1354 315/1272/1354 319/160/1354
f 322/217/1355 663/1273/1355 327/196/1355
f 327/164/1356 334/249/1356 325/146/1356
f 327/1261/1316 324/1252/1316 323/166/1316
f 326/166/83 325/1252/83 334/167/83
f 327/196/1357 663/1273/1357 329/218/1357
f 334/152/1358 327/244/1358 332/208/1358
f 331/150/1359 332/1253/1359 327/196/1359
f 333/149/1360 664/148/1360 328/202/1360
f 334/154/86 330/1253/86 333/149/86
f 326/171/32 333/187/32 330/210/32
f 323/163/1361 331/162/1361 329/176/1361
f 326/171/1 662/171/1 333/187/1
f 324/158/1 332/179/1 331/162/1
f 335/166/1362 341/174/1362 338/168/1362
f 336/147/1363 340/164/1363 339/145/1363
f 340/167/122 336/1252/122 335/166/122
f 342/168/1364 672/1271/1364 670/166/1364
f 337/166/113 343/1252/113 339/167/113
f 338/202/1365 347/170/1365 668/149/1365
f 343/209/1366 346/152/1366 340/220/1366
f 344/150/125 345/1253/125 340/154/125
f 346/154/114 343/1253/114 337/150/114
f 335/163/1 344/162/1 668/1255/1
f 337/225/1 670/171/1 674/198/1
f 336/158/1 345/179/1 344/162/1
f 339/172/94 346/160/94 348/187/94
f 338/282/94 341/178/94 347/176/94
f 349/166/1367 353/174/1367 352/1274/1367
f 350/147/1368 352/164/1368 354/145/1368
f 352/1275/1369 350/1252/1369 349/166/1369
f 351/166/1370 356/1252/1370 354/222/1370
f 352/1274/1371 360/170/1371 355/150/1371
f 359/152/1372 352/244/1372 357/208/1372
f 355/150/1373 357/1253/1373 352/1274/1373
f 358/149/1374 684/170/1374 354/222/1374
f 359/154/1375 356/1253/1375 358/149/1375
f 351/171/1 358/187/1 356/215/1
f 350/158/134 357/179/134 355/162/134
f 352/282/168 353/178/168 360/176/168
f 364/164/1336 370/249/1336 362/146/1336
f 363/166/83 362/1252/83 370/167/83
f 370/152/1376 371/244/1376 361/208/1376
f 369/149/1377 694/170/1377 366/202/1377
f 370/154/86 368/1253/86 369/149/86
f 363/171/1 369/187/1 368/210/1
f 365/178/94 372/176/94 371/179/94
f 364/158/216 371/179/216 370/1266/216
f 373/166/1378 378/174/1378 384/168/1378
f 377/164/1379 379/249/1379 375/146/1379
f 377/167/122 374/1252/122 373/166/122
f 379/1276/1380 700/174/1380 376/166/1380
f 376/166/1381 375/1252/1381 379/1277/1381
f 379/152/1382 377/244/1382 382/208/1382
f 380/150/125 382/1253/125 377/154/125
f 383/149/1383 704/170/1383 379/1276/1383
f 379/1276/1384 381/1253/1384 383/149/1384
f 376/171/1 383/187/1 381/210/1
f 374/158/1 382/179/1 380/162/1
f 389/164/1385 391/249/1385 386/165/1385
f 388/166/1386 386/1252/1386 391/1278/1386
f 395/202/1387 397/170/1387 392/149/1387
f 393/209/1388 391/152/1388 396/220/1388
f 394/149/1389 713/170/1389 391/1279/1389
f 391/1279/1390 393/1253/1390 394/149/1390
f 388/171/1 394/187/1 393/210/1
f 387/159/134 386/172/134 393/210/134
f 390/178/94 395/162/94 396/227/94
f 391/156/1391 389/158/1391 396/227/1391
f 398/166/1378 403/174/1378 409/168/1378
f 402/164/1392 404/249/1392 400/146/1392
f 402/167/122 399/1252/122 398/166/122
f 401/166/1393 400/1252/1393 404/1280/1393
f 404/152/1394 402/244/1394 407/208/1394
f 405/150/125 407/1253/125 402/154/125
f 408/149/1395 723/170/1395 404/1269/1395
f 404/1269/1396 406/1253/1396 408/149/1396
f 401/171/1 408/187/1 406/210/1
f 399/158/134 407/179/134 405/162/134
f 414/164/1336 420/249/1336 412/146/1336
f 414/167/89 411/1252/89 417/166/89
f 416/168/1397 729/174/1397 413/166/1397
f 413/166/83 412/1252/83 420/167/83
f 420/152/1398 421/244/1398 411/208/1398
f 417/150/92 411/1253/92 421/154/92
f 726/150/1399 733/170/1399 416/202/1399
f 420/154/86 418/1253/86 419/150/86
f 413/171/1 419/198/1 418/210/1
f 415/178/94 422/176/94 421/179/94
f 414/158/189 421/179/189 420/1266/189
f 427/164/1400 429/249/1400 424/165/1400
f 426/166/1401 424/1252/1401 429/1256/1401
f 431/209/1402 429/152/1402 433/220/1402
f 429/230/1403 431/1253/1403 432/150/1403
f 426/171/1 432/198/1 431/210/1
f 425/159/213 424/172/213 431/210/213
f 428/178/168 434/176/168 433/227/168
f 429/156/1404 427/158/1404 433/227/1404
f 435/166/1405 441/174/1405 440/231/1405
f 440/164/1406 442/249/1406 438/146/1406
f 440/1281/1407 437/1252/1407 436/166/1407
f 442/232/1408 747/174/1408 439/166/1408
f 439/166/1409 438/1252/1409 442/232/1409
f 440/231/1410 441/170/1410 443/149/1410
f 447/152/1411 440/244/1411 445/153/1411
f 444/150/1412 445/1253/1412 440/231/1412
f 744/150/1413 750/170/1413 442/232/1413
f 447/154/1277 438/1253/1277 446/150/1277
f 439/171/1 446/198/1 438/156/1
f 436/163/1 444/162/1 443/176/1
f 437/158/134 445/157/134 444/162/134
f 442/233/1414 440/1272/1414 447/160/1414
f 448/166/1362 453/174/1362 451/168/1362
f 449/147/1415 452/164/1415 454/145/1415
f 452/167/122 449/1252/122 448/166/122
f 454/1282/1416 756/174/1416 450/293/1416
f 451/202/1365 458/170/1365 752/149/1365
f 457/152/1417 452/244/1417 456/153/1417
f 455/150/125 456/1253/125 452/154/125
f 457/295/1418 759/170/1418 454/1282/1418
f 448/163/1 455/162/1 752/1255/1
f 449/158/134 456/157/134 455/162/134
f 451/282/94 453/178/94 458/176/94
f 459/166/1362 466/174/1362 463/168/1362
f 461/147/1363 465/164/1363 464/145/1363
f 465/167/122 461/1252/122 459/166/122
f 462/166/113 460/1252/113 464/167/113
f 463/202/1365 471/170/1365 760/149/1365
f 460/151/1419 470/152/1419 465/220/1419
f 468/150/125 469/1253/125 465/154/125
f 470/154/114 460/1253/114 462/149/114
f 459/163/1 468/162/1 760/1255/1
f 461/158/213 460/1283/213 469/157/213
f 461/158/32 469/157/32 468/162/32
f 464/172/216 470/160/216 472/187/216
f 463/282/94 466/178/94 471/176/94
f 475/147/1420 478/164/1420 477/145/1420
f 478/1284/1421 475/1252/1421 473/166/1421
f 476/166/83 474/1252/83 477/167/83
f 478/1285/1422 484/170/1422 480/150/1422
f 482/151/1423 477/152/1423 478/220/1423
f 480/150/1424 481/1253/1424 478/1285/1424
f 483/149/1425 774/298/1425 479/202/1425
f 477/154/86 482/1253/86 483/149/86
f 476/171/1 483/187/1 482/160/1
f 475/158/213 474/172/213 481/157/213
f 476/171/1426 769/1286/1426 483/187/1426
f 474/172/369 482/160/369 481/157/369
f 475/158/1 481/157/1 480/162/1
s 1
f 485/1245/1427 487/1244/1428 486/1287/811
f 487/1248/1428 485/1288/1427 486/1287/811
f 490/1227/1429 488/1226/1430 489/1289/1431
f 493/1230/1429 491/1229/1430 492/1290/1431
f 496/1233/1429 494/1232/1432 495/1291/1431
f 499/1236/1429 497/1235/1432 498/1292/1431
f 502/1239/1429 500/1238/1432 501/1293/1433
f 503/1245/1268 505/1244/1434 504/1287/811
f 505/1248/1434 503/1288/1268 504/1287/811
s 0
f 508/146/385 510/249/385 511/242/385
f 124/166/1435 127/155/1435 512/168/1435
f 510/167/92 508/1252/92 509/166/92
f 128/149/1436 125/148/1436 126/202/1436
f 514/244/386 513/152/386 508/151/386
f 514/154/1437 507/1253/1437 128/149/1437
f 509/150/89 508/1253/89 513/154/89
f 512/171/94 515/187/94 513/160/94
f 510/190/94 513/160/94 514/179/94
f 519/249/385 520/164/385 518/147/385
f 517/166/114 518/1252/114 520/167/114
f 523/244/1438 522/152/1438 516/250/1438
f 523/154/113 518/1253/113 517/149/113
f 524/202/1439 139/170/1439 143/149/1439
f 139/1257/94 524/198/94 521/188/94
f 523/179/94 145/176/94 138/178/94
f 521/188/94 524/198/94 522/160/94
f 519/190/94 522/160/94 523/179/94
f 528/168/1440 151/174/1440 146/173/1440
f 525/146/1441 527/249/1441 529/242/1441
f 147/251/1442 152/1294/1442 530/168/1442
f 527/167/125 525/1252/125 526/166/125
f 153/149/1443 156/170/1443 528/202/1443
f 533/244/1444 527/152/1444 531/250/1444
f 533/154/1445 146/1253/1445 153/149/1445
f 530/202/1446 152/1294/1446 154/252/1446
f 532/150/122 531/1253/122 527/154/122
f 531/253/1 532/198/1 526/171/1
f 526/171/1447 532/198/1447 154/187/1447
f 537/168/1448 161/182/1448 157/166/1448
f 538/249/1449 539/164/1449 536/147/1449
f 535/166/86 536/1252/86 539/167/86
f 163/149/1450 161/182/1450 537/202/1450
f 539/244/1451 542/152/1451 534/151/1451
f 539/154/83 541/1253/83 163/149/83
f 543/202/1439 162/170/1439 166/149/1439
f 162/1257/94 543/198/94 540/188/94
f 535/163/1 163/176/1 541/227/1
f 540/188/94 543/198/94 542/160/94
f 538/190/94 542/160/94 539/1295/94
f 180/168/1452 172/183/1452 168/166/1452
f 545/146/1453 547/249/1453 548/242/1453
f 547/167/92 545/1252/92 546/166/92
f 551/244/1454 550/152/1454 545/250/1454
f 551/154/1455 544/1253/1455 174/149/1455
f 552/202/1439 173/170/1439 178/149/1439
f 546/150/89 545/1253/89 550/154/89
f 173/1257/94 552/198/94 549/188/94
f 549/188/94 552/198/94 550/160/94
f 547/190/94 550/160/94 551/179/94
f 192/168/1456 185/185/1456 181/166/1456
f 558/249/1457 557/164/1457 555/147/1457
f 554/166/86 555/1252/86 557/167/86
f 558/1258/1458 553/1252/1458 556/166/1458
f 557/244/1459 558/152/1459 560/151/1459
f 557/154/83 559/1253/83 187/149/83
f 558/183/1460 186/170/1460 190/149/1460
f 561/150/1461 560/1253/1461 558/183/1461
f 560/160/1 561/198/1 556/171/1
f 556/171/1 561/198/1 190/187/1
f 559/227/1 560/160/1 553/190/1
f 554/163/1 187/176/1 559/227/1
f 204/168/1456 198/185/1456 193/166/1456
f 566/249/1462 565/164/1462 563/147/1462
f 564/166/1463 199/174/1463 566/262/1463
f 566/1296/1464 562/1252/1464 564/166/1464
f 569/244/1465 566/152/1465 567/250/1465
f 569/154/1466 563/1253/1466 200/149/1466
f 566/262/1467 205/170/1467 196/149/1467
f 568/150/1468 567/1253/1468 566/262/1468
f 567/253/1 568/198/1 564/171/1
f 564/171/1 568/198/1 196/1297/1
f 574/168/1469 211/174/1469 206/189/1469
f 575/249/1449 576/164/1449 571/243/1449
f 570/166/86 571/1252/86 576/167/86
f 573/166/1470 212/174/1470 577/168/1470
f 575/167/1471 572/1252/1471 573/166/1471
f 213/149/1443 216/170/1443 574/202/1443
f 576/244/1472 580/152/1472 572/151/1472
f 576/154/83 578/1253/83 213/149/83
f 577/202/1473 217/170/1473 208/149/1473
f 579/150/1474 572/1253/1474 580/154/1474
f 572/267/1 579/198/1 573/171/1
f 573/171/1 579/198/1 208/1297/1
f 570/163/1 213/176/1 578/227/1
f 575/190/94 580/160/94 576/1295/94
f 583/269/1475 224/174/1475 218/191/1475
f 581/146/1476 584/249/1476 583/242/1476
f 221/192/1477 225/174/1477 584/268/1477
f 584/1298/1478 581/1252/1478 582/166/1478
f 226/150/1479 224/170/1479 583/269/1479
f 588/244/1480 584/152/1480 586/151/1480
f 588/154/1481 218/1253/1481 585/150/1481
f 584/268/1482 229/170/1482 587/150/1482
f 587/150/1483 586/1253/1483 584/268/1483
f 586/160/1 587/198/1 582/171/1
f 226/162/1484 585/162/1484 218/193/1484
f 218/193/1485 586/160/1485 581/190/1485
f 593/168/1448 233/182/1448 230/166/1448
f 590/146/1441 592/249/1441 594/242/1441
f 232/217/1486 234/1299/1486 595/168/1486
f 592/167/125 590/1252/125 591/166/125
f 235/149/1450 233/182/1450 593/202/1450
f 598/244/1444 592/152/1444 596/151/1444
f 598/154/1487 589/1253/1487 235/149/1487
f 595/202/1488 234/1299/1488 238/218/1488
f 597/150/122 596/1253/122 592/154/122
f 596/160/1 597/198/1 591/171/1
f 591/171/1489 597/198/1489 238/187/1489
f 589/273/1490 596/160/1490 590/190/1490
f 602/249/1491 603/164/1491 599/243/1491
f 239/166/1492 599/1252/1492 603/1300/1492
f 602/167/125 600/1252/125 601/166/125
f 603/244/1493 602/152/1493 605/250/1493
f 603/1260/1494 606/1253/1494 246/149/1494
f 604/202/1495 245/197/1495 607/150/1495
f 607/150/122 605/1253/122 602/154/122
f 605/253/1 607/198/1 601/171/1
f 599/247/1 606/179/1 605/253/1
f 239/163/1 246/176/1 606/179/1
f 610/249/1449 611/164/1449 609/147/1449
f 251/166/86 609/1252/86 611/167/86
f 259/149/1496 262/170/1496 257/202/1496
f 611/244/1451 614/152/1451 608/151/1451
f 611/154/83 613/1253/83 259/149/83
f 251/163/1 259/176/1 613/227/1
f 612/188/94 615/187/94 614/160/94
f 610/190/168 614/160/168 611/1295/168
f 619/1264/1497 268/174/1497 263/200/1497
f 616/146/1498 618/249/1498 619/242/1498
f 618/167/92 616/1252/92 617/166/92
f 270/244/1499 621/152/1499 616/250/1499
f 622/202/1500 269/204/1500 271/149/1500
f 617/150/89 616/1253/89 621/154/89
f 269/1265/1501 622/198/1501 620/188/1501
f 620/188/94 622/198/94 621/160/94
f 618/190/1502 621/160/1502 270/179/1502
f 623/146/1503 626/249/1503 627/242/1503
f 275/166/1504 624/1252/1504 627/277/1504
f 626/167/92 623/1252/92 625/166/92
f 282/149/1505 287/170/1505 627/277/1505
f 630/244/1506 629/152/1506 623/151/1506
f 630/154/1507 624/1253/1507 282/149/1507
f 631/202/1439 281/170/1439 284/149/1439
f 625/150/89 623/1253/89 629/154/89
f 281/1257/94 631/198/94 628/188/94
f 275/163/32 282/176/32 624/1301/32
f 628/188/94 631/198/94 629/160/94
f 626/190/216 629/160/216 630/179/216
f 636/196/1508 292/1268/1508 288/166/1508
f 634/146/1509 641/249/1509 636/242/1509
f 632/166/1510 633/1252/1510 636/1261/1510
f 635/166/1511 293/174/1511 641/280/1511
f 641/1302/1512 634/1252/1512 635/166/1512
f 294/150/1513 292/1268/1513 636/196/1513
f 639/208/1514 636/244/1514 641/279/1514
f 636/196/1515 639/1253/1515 638/150/1515
f 640/150/1516 637/1253/1516 641/280/1516
f 637/253/1 640/198/1 635/171/1
f 294/162/1 638/162/1 632/163/1
f 633/247/1 639/179/1 637/253/1
f 635/171/1 640/198/1 296/187/1
f 632/163/1 638/162/1 639/179/1
f 645/281/1517 304/174/1517 298/166/1517
f 643/146/1518 650/249/1518 645/242/1518
f 298/166/1519 642/1252/1519 645/1303/1519
f 650/1280/1520 643/1252/1520 644/166/1520
f 648/208/1521 645/244/1521 650/279/1521
f 645/281/1522 648/1253/1522 647/150/1522
f 650/1269/1523 310/170/1523 649/150/1523
f 649/150/1524 646/1253/1524 650/1269/1524
f 646/253/1 649/198/1 644/171/1
f 306/162/1 647/162/1 298/163/1
f 642/247/1 648/179/1 646/253/1
f 298/163/1 647/162/1 648/179/1
f 655/168/1525 315/1271/1525 311/166/1525
f 657/249/1526 656/164/1526 653/147/1526
f 652/166/114 653/1252/114 656/167/114
f 654/166/1527 316/174/1527 657/1304/1527
f 657/1305/1528 651/1252/1528 654/166/1528
f 660/244/1529 657/152/1529 658/151/1529
f 660/154/113 653/1253/113 652/150/113
f 657/1304/1530 321/170/1530 659/150/1530
f 659/150/1531 658/1253/1531 657/1304/1531
f 658/160/1 659/198/1 654/171/1
f 660/179/94 320/176/94 655/163/94
f 653/1301/134 658/160/134 651/190/134
f 661/146/1532 664/249/1532 663/242/1532
f 662/166/1533 328/174/1533 664/148/1533
f 664/1251/1534 661/1252/1534 662/166/1534
f 329/244/1535 664/152/1535 665/250/1535
f 666/150/1536 665/1253/1536 664/148/1536
f 665/253/1 666/198/1 662/171/1
f 662/171/1 666/198/1 333/187/1
f 672/249/1537 671/164/1537 669/147/1537
f 668/166/114 669/1252/114 671/167/114
f 672/1270/1538 667/1252/1538 670/166/1538
f 675/244/1539 672/152/1539 673/250/1539
f 675/154/113 669/1253/113 668/149/113
f 672/1271/1540 348/170/1540 674/150/1540
f 674/150/1541 673/1253/1541 672/1271/1541
f 673/253/1 674/198/1 670/171/1
f 675/179/94 347/176/94 341/178/94
f 679/249/385 680/164/385 678/147/385
f 677/166/114 678/1252/114 680/167/114
f 351/166/1542 354/222/1542 681/168/1542
f 683/244/1438 682/152/1438 676/250/1438
f 683/154/113 678/1253/113 677/150/113
f 683/179/216 360/176/216 353/178/216
f 681/171/94 684/187/94 682/160/94
f 679/190/216 682/160/216 683/179/216
f 689/168/1543 365/174/1543 361/224/1543
f 685/146/1544 688/249/1544 690/242/1544
f 363/166/1545 366/174/1545 691/168/1545
f 688/167/92 685/1252/92 687/166/92
f 367/149/1443 372/170/1443 689/202/1443
f 693/244/1506 692/152/1506 685/151/1506
f 693/154/1546 686/1253/1546 367/149/1546
f 687/150/89 685/1253/89 692/154/89
f 691/171/94 694/187/94 692/160/94
f 688/190/94 692/160/94 693/179/94
f 696/146/1453 698/249/1453 699/242/1453
f 698/167/92 696/1252/92 697/166/92
f 380/150/1547 384/170/1547 702/202/1547
f 703/244/1454 701/152/1454 696/250/1454
f 697/150/89 696/1253/89 701/154/89
f 703/179/168 702/162/168 378/178/168
f 700/188/94 704/187/94 701/160/94
f 698/190/94 701/160/94 703/179/94
f 378/178/94 702/162/94 384/228/94
f 397/168/1548 390/174/1548 385/166/1548
f 708/249/1449 709/164/1449 705/243/1449
f 385/166/86 705/1252/86 709/167/86
f 388/166/1549 391/1279/1549 710/168/1549
f 708/167/92 706/1252/92 707/166/92
f 709/244/1550 712/152/1550 706/250/1550
f 709/154/83 711/1253/83 392/149/83
f 707/150/89 706/1253/89 712/154/89
f 705/247/1 711/179/1 706/1306/1
f 385/163/1 392/176/1 711/179/1
f 710/171/168 713/187/168 712/160/168
f 708/190/364 712/160/364 709/1295/364
f 714/146/1544 717/249/1544 718/242/1544
f 401/166/1551 404/1269/1551 719/168/1551
f 717/167/92 714/1252/92 716/166/92
f 405/150/1547 409/170/1547 720/202/1547
f 715/153/1552 722/244/1552 721/279/1552
f 716/150/89 714/1253/89 721/154/89
f 722/179/94 720/162/94 403/178/94
f 721/210/216 722/179/216 718/247/216
f 719/171/94 723/187/94 721/210/94
f 403/178/94 720/162/94 409/228/94
f 728/289/1553 415/174/1553 410/166/1553
f 724/146/1554 727/249/1554 728/242/1554
f 410/166/1555 725/1252/1555 728/1307/1555
f 727/167/92 724/1252/92 726/166/92
f 417/150/1556 422/170/1556 728/289/1556
f 731/153/1557 728/244/1557 732/279/1557
f 728/289/1558 731/1253/1558 730/150/1558
f 726/150/89 724/1253/89 732/154/89
f 417/1308/1 730/162/1 410/163/1
f 410/163/1 730/162/1 731/227/1
f 729/188/94 733/187/94 732/210/94
f 737/1274/1559 428/174/1559 423/166/1559
f 736/249/1560 737/164/1560 734/243/1560
f 423/166/1561 734/1252/1561 737/1309/1561
f 426/166/1562 429/230/1562 738/168/1562
f 430/149/1563 434/170/1563 737/1274/1563
f 739/208/1564 737/244/1564 741/279/1564
f 737/1274/123 739/1253/123 430/149/123
f 738/202/1565 429/230/1565 740/150/1565
f 740/150/1566 735/1253/1566 741/154/1566
f 734/247/1567 739/179/1567 735/292/1567
f 423/163/1 430/176/1 739/179/1
f 745/249/1449 746/164/1449 742/243/1449
f 435/166/86 742/1252/86 746/167/86
f 745/167/92 743/1252/92 744/166/92
f 746/244/1472 749/152/1472 743/151/1472
f 746/154/83 748/1253/83 443/149/83
f 744/150/89 743/1253/89 749/154/89
f 435/163/1 443/176/1 748/227/1
f 747/188/94 750/187/94 749/160/94
f 745/190/94 749/160/94 746/1295/94
f 754/249/1453 755/164/1453 753/147/1453
f 752/166/114 753/1252/114 755/167/114
f 758/244/1568 757/152/1568 751/151/1568
f 758/154/113 753/1253/113 752/149/113
f 758/179/216 458/176/216 453/178/216
f 756/188/216 759/187/216 757/160/216
f 754/190/189 757/160/189 758/179/189
f 762/146/1569 765/249/1569 764/242/1569
f 760/166/114 761/1252/114 764/167/114
f 763/166/1570 467/174/1570 765/296/1570
f 765/296/1571 762/1252/1571 763/166/1571
f 761/153/386 768/244/386 767/279/386
f 768/154/113 761/1253/113 760/149/113
f 765/296/1572 472/170/1572 462/149/1572
f 766/150/1573 762/1253/1573 767/154/1573
f 762/267/134 766/198/134 763/171/134
f 768/179/94 471/176/94 466/178/94
f 763/171/1 766/198/1 462/1297/1
f 767/210/189 768/179/189 764/247/189
f 772/168/1574 478/1285/1574 473/166/1574
f 774/249/1575 773/164/1575 771/147/1575
f 770/166/114 771/1252/114 773/167/114
f 769/236/1576 479/174/1576 774/298/1576
f 771/153/1454 777/244/1454 776/279/1454
f 777/154/113 771/1253/113 770/150/113
f 775/150/1577 769/1253/1577 776/154/1577
f 777/179/1578 484/176/1578 772/163/1578
f 769/1286/1579 775/198/1579 483/187/1579
f 776/210/94 777/179/94 773/158/94
s 1
f 779/1244/1427 780/1245/1580 778/1246/811
f 780/1247/1580 779/1248/1427 778/1246/811
f 820/339/412 821/341/414 811/1315/1583
f 811/1315/1583 821/1316/414 819/1317/1584
s 0
f 916/336/1585 817/408/1585 818/337/1585
f 825/1318/490 826/1319/490 824/1320/490
f 825/1321/491 824/1322/491 826/420/491
f 823/326/1586 812/320/1586 813/327/1586
s 1
f 819/1317/1584 821/1316/414 822/340/413
s 0
f 820/330/520 819/329/520 822/1323/520
f 918/1324/1587 817/1325/1587 917/1326/1587
s 1
f 836/347/417 837/349/419 827/1327/1588
s 0
f 831/1328/487 832/1329/487 830/420/487
f 830/1320/1589 832/1319/1589 831/1318/1589
s 1
f 827/1327/1588 837/1330/419 835/446/1590
s 0
f 827/1323/1591 835/329/1591 836/330/1591
f 919/336/1585 833/414/1585 834/346/1585
f 842/1331/456 840/420/456 841/426/456
f 842/1331/457 841/426/457 840/420/457
f 838/342/1592 829/342/1592 828/320/1592
s 1
f 835/446/1590 837/1330/419 839/348/418
s 0
f 839/412/1593 836/330/1593 835/329/1593
f 921/1324/1587 833/1325/1587 920/1332/1587
s 1
f 851/354/420 852/356/419 843/1333/1588
s 0
f 846/426/456 845/420/456 847/1331/456
f 845/420/457 846/426/457 847/1331/457
s 1
f 843/1333/1588 852/1334/419 850/1317/1590
s 0
f 843/1323/1591 850/329/1591 851/330/1591
f 922/336/1585 848/419/1585 849/353/1585
f 858/1331/456 856/420/456 857/426/456
f 858/1331/457 857/426/457 856/420/457
s 1
f 850/1317/1590 852/1334/419 854/355/421
s 0
f 854/328/1593 851/330/1593 850/329/1593
f 924/1335/1587 848/1325/1587 923/1336/1587
s 1
f 868/368/427 869/370/429 859/1337/1594
s 0
f 863/426/456 862/420/456 861/1338/456
f 862/420/457 863/426/457 861/1338/457
f 870/363/1595 871/362/1595 860/320/1595
s 1
f 859/1337/1594 869/1339/429 867/1340/1596
s 0
f 866/365/1597 864/1325/1597 992/366/1597
f 875/1331/456 873/420/456 874/426/456
f 875/1331/457 874/426/457 873/420/457
s 1
f 867/1340/1596 869/1339/429 872/369/428
s 0
f 872/434/1598 868/330/1598 867/329/1598
f 866/334/1599 925/335/1599 864/1341/1599
f 865/371/1600 864/414/1600 925/336/1600
s 1
f 884/374/431 885/376/429 876/1342/1594
s 0
f 878/426/456 877/420/456 879/1331/456
f 877/420/457 878/426/457 879/1331/457
f 888/320/1601 886/342/1601 887/377/1601
s 1
f 876/1342/1594 885/1343/429 883/1344/1596
s 0
f 882/373/1597 880/1325/1597 1009/366/1597
f 890/1338/456 891/420/456 892/426/456
f 890/1338/457 892/426/457 891/420/457
s 1
f 883/1344/1596 885/1343/429 889/375/428
s 0
f 889/372/1598 884/330/1598 883/329/1598
f 882/334/1599 927/335/1599 880/1345/1599
f 881/371/1600 880/414/1600 927/336/1600
s 1
f 900/384/427 901/386/429 893/1346/1594
s 0
f 896/426/456 895/420/456 894/1338/456
f 895/420/457 896/426/457 894/1338/457
s 1
f 893/1346/1594 901/1347/429 899/1348/1596
s 0
f 929/336/1585 897/436/1585 898/383/1585
f 908/1331/456 906/420/456 907/426/456
f 908/1331/457 907/426/457 906/420/457
f 905/1349/1602 903/1350/1602 902/1351/1602
s 1
f 899/1348/1596 901/1347/429 904/385/436
s 0
f 904/434/1598 900/330/1598 899/329/1598
f 931/1324/1587 897/1325/1587 930/1352/1587
f 1044/1353/1603 909/1354/1603 1045/1355/1603
f 1047/1356/1604 910/1357/1604 1048/1358/1604
f 1051/1359/1603 911/1360/1603 935/1361/1603
f 936/1362/1605 1053/439/1605 938/1363/1605
f 939/1364/1606 1055/1365/1606 1058/1366/1606
s 1
f 930/380/1607 898/1367/1608 931/1368/1609
f 881/1369/1610 928/1370/1611 882/1371/1612
f 865/1372/1610 926/1373/1611 866/1374/1612
f 923/350/1613 849/1375/1608 924/1376/1609
f 920/343/1614 834/1377/1608 921/1378/1615
f 917/331/1613 818/1379/1608 918/1380/1616
s 0
f 942/320/1617 944/322/1617 943/1381/1617
s 1
f 948/1317/1618 950/1316/445 941/403/444
s 0
f 941/412/1619 949/330/1619 948/329/1619
f 947/334/1620 916/335/1620 945/407/1620
f 946/406/1621 945/1382/1621 916/336/1621
s 1
f 949/402/443 950/341/445 953/1383/1622
s 0
f 956/1328/403 957/1384/403 955/420/403
f 955/1320/404 957/1319/404 956/1318/404
f 951/405/475 952/320/475 954/326/475
s 1
f 953/1383/1622 950/1316/445 948/1317/1618
s 0
f 953/1323/1623 948/329/1623 949/330/1623
f 947/1385/1624 945/1325/1624 818/1386/1624
s 1
f 945/407/1625 918/1380/1616 818/1379/1608
s 0
f 817/408/1626 945/1382/1626 946/406/1626
f 961/1318/1617 962/1319/1617 960/1320/1617
f 961/1321/446 960/1322/446 962/420/446
s 1
f 966/1387/1627 968/1330/453 958/409/452
s 0
f 967/330/1628 966/329/1628 958/1323/1628
f 965/334/1620 919/335/1620 963/413/1620
f 964/406/1621 963/1382/1621 919/336/1621
s 1
f 967/347/451 968/349/453 970/1388/1629
f 970/1388/1629 968/1330/453 966/1387/1627
s 0
f 965/1389/1624 963/1325/1624 834/1390/1624
s 1
f 963/413/1625 921/1378/1615 834/1377/1608
s 0
f 833/414/1626 963/1382/1626 964/406/1626
f 976/1338/550 977/420/550 978/426/550
f 976/1338/549 978/426/549 977/420/549
f 985/342/1630 988/342/1630 987/320/1630
s 1
f 982/1391/1631 984/1392/461 975/416/460
s 0
f 975/372/1632 983/330/1632 982/329/1632
f 981/334/1620 922/335/1620 979/418/1620
f 980/406/1621 979/1382/1621 922/336/1621
s 1
f 983/415/459 984/417/461 986/1393/1633
f 986/1393/1633 984/1392/461 982/1391/1631
s 0
f 981/1394/1624 979/1325/1624 849/1386/1624
s 1
f 979/418/1625 924/1376/1609 849/1375/1608
s 0
f 848/419/1626 979/1382/1626 980/406/1626
f 994/1338/550 995/420/550 996/426/550
f 994/1338/549 996/426/549 995/420/549
s 1
f 999/1340/1631 1001/1339/461 993/369/464
s 0
f 993/372/1632 1000/330/1632 999/329/1632
f 992/1395/1634 997/1325/1634 926/1396/1634
f 992/334/1635 864/1341/1635 997/424/1635
f 998/406/1636 997/1382/1636 864/414/1636
s 1
f 1000/415/459 1001/417/461 1003/1397/1637
s 0
f 1007/420/1638 1008/421/1638 1006/320/1638
f 1005/423/1639 1002/422/1639 1004/320/1639
s 1
f 1003/1397/1637 1001/1339/461 999/1340/1631
f 997/424/1640 866/1374/1612 926/1373/1611
s 0
f 925/336/1641 997/1382/1641 998/406/1641
f 1011/1338/550 1012/420/550 1013/426/550
f 1011/1338/549 1013/426/549 1012/420/549
f 1019/377/518 1022/342/518 1021/320/518
s 1
f 1016/1344/1631 1018/1343/461 1010/425/470
s 0
f 1010/372/1632 1017/330/1632 1016/329/1632
f 1009/1395/1634 1014/1325/1634 928/1398/1634
f 1009/334/1635 880/1345/1635 1014/428/1635
f 1015/406/1636 1014/1382/1636 880/414/1636
s 1
f 1017/374/459 1018/376/461 1020/1399/1642
s 0
f 1024/426/1643 1023/427/1643 1025/342/1643
s 1
f 1020/1399/1642 1018/1343/461 1016/1344/1631
f 1014/428/1640 882/1371/1612 928/1370/1611
s 0
f 927/336/1641 1014/1382/1641 1015/406/1641
f 1029/1331/550 1027/420/550 1028/426/550
f 1029/1331/549 1028/426/549 1027/420/549
f 1036/363/447 1039/433/447 1038/432/447
s 1
f 1033/1400/1631 1035/1339/473 1026/429/464
s 0
f 1026/372/1632 1034/330/1632 1033/329/1632
f 1032/334/1620 929/335/1620 1030/435/1620
f 1031/406/1644 1030/1382/1644 929/336/1644
s 1
f 1034/384/459 1035/430/473 1037/1401/1645
s 0
f 1041/426/544 1040/431/544 1042/342/544
s 1
f 1037/1401/1645 1035/1339/473 1033/1400/1631
s 0
f 1032/1402/1624 1030/1325/1624 898/1386/1624
s 1
f 1030/435/1625 931/1368/1609 898/1367/1608
s 0
f 897/436/1626 1030/1382/1626 1031/406/1626
f 909/1354/1646 1044/1353/1646 1045/1355/1646
f 1048/1403/1647 910/1357/1647 1047/1404/1647
f 911/1360/1646 1051/1359/1646 935/1361/1646
f 1058/1405/1648 1055/1365/1648 939/1406/1648
s 1
f 1031/1407/1649 1032/382/409 898/1367/1650
f 1031/1407/1649 930/380/434 1032/382/409
f 928/1370/1651 1015/1408/1652 1009/1409/1653
f 1015/1408/1652 881/1410/1654 1009/1409/1653
f 926/1373/1655 998/1411/1652 992/1412/1653
f 998/1411/1652 865/1413/1654 992/1412/1653
f 980/1414/1649 981/352/409 849/1375/1650
f 980/1414/1649 923/350/416 981/352/409
f 964/1415/1649 965/345/409 834/1377/1650
f 964/1415/1649 920/343/416 965/345/409
f 946/1416/1649 947/333/409 818/1379/1650
f 946/1416/1649 917/331/407 947/333/409
s 0
f 1064/320/1589 1066/322/1589 1065/1381/1589
s 1
f 1070/1417/1656 1072/1316/486 1063/443/485
s 0
f 1063/372/1657 1071/330/1657 1070/329/1657
f 1069/334/1658 1187/335/1658 1067/407/1658
f 1068/406/1659 1067/1382/1659 1187/336/1659
s 1
f 1071/442/484 1072/341/486 1075/1418/1660
s 0
f 1073/405/1661 1074/320/1661 1076/326/1661
s 1
f 1075/1418/1660 1072/1316/486 1070/1417/1656
s 0
f 1069/1385/1662 1067/1325/1662 1214/1386/1662
s 1
f 1067/407/1663 1189/1380/1664 1214/1379/1665
s 0
f 1213/408/1666 1067/1382/1666 1068/406/1666
f 1082/320/1589 1084/1419/1589 1083/1381/1589
s 1
f 1087/1387/1667 1089/1330/497 1080/447/496
s 0
f 1080/328/1591 1088/330/1591 1087/329/1591
f 1085/406/1668 1223/1382/1668 1229/414/1668
s 1
f 1088/446/495 1089/349/497 1092/1420/1669
s 0
f 1094/448/1670 1095/420/1670 1096/342/1670
s 1
f 1092/1420/1669 1089/1330/497 1087/1387/1667
s 0
f 1092/1323/1593 1087/329/1593 1088/330/1593
f 1091/334/1671 1230/1421/1671 1085/1415/1671
s 1
f 1223/451/504 1190/1422/1672 1091/449/502
s 0
f 1190/336/1673 1223/1382/1673 1085/406/1673
f 1101/1331/549 1099/420/549 1100/426/549
f 1101/1331/550 1100/426/550 1099/420/550
f 1098/453/518 1110/320/518 1108/342/518
s 1
f 1105/1391/1674 1107/1392/486 1097/416/485
s 0
f 1097/372/1657 1106/330/1657 1105/329/1657
f 1104/334/1658 1191/335/1658 1102/418/1658
f 1103/406/1659 1102/1382/1659 1191/336/1659
s 1
f 1106/415/506 1107/417/486 1109/1393/1675
s 0
f 1111/452/1670 1112/420/1670 1113/342/1670
s 1
f 1109/1393/1675 1107/1392/486 1105/1391/1674
s 0
f 1104/1394/1662 1102/1325/1662 1247/1386/1662
s 1
f 1102/418/1663 1193/1376/1664 1247/1375/1665
s 0
f 1246/419/1666 1102/1382/1666 1103/406/1666
f 1117/1338/549 1118/420/549 1119/426/549
f 1117/1338/550 1119/426/550 1118/420/550
f 1116/320/1676 1126/362/1676 1125/363/1676
s 1
f 1122/1340/1674 1124/1339/508 1115/369/507
s 0
f 1115/372/1657 1123/330/1657 1122/329/1657
f 1114/1395/1677 1120/1325/1677 1195/1396/1677
f 1114/334/1678 1262/1423/1678 1120/424/1678
f 1121/406/1679 1120/1382/1679 1262/414/1679
s 1
f 1123/415/506 1124/417/508 1127/1397/1680
f 1127/1397/1680 1124/1339/508 1122/1340/1674
f 1120/424/1681 1264/1424/1682 1195/1373/1683
s 0
f 1194/336/1684 1120/1382/1684 1121/406/1684
f 1135/1331/549 1133/420/549 1134/426/549
f 1135/1331/550 1134/426/550 1133/420/550
f 1141/377/1685 1144/342/1685 1143/320/1685
s 1
f 1138/1344/1674 1140/1343/486 1132/425/513
s 0
f 1132/372/1657 1139/330/1657 1138/329/1657
f 1131/1395/1677 1136/1325/1677 1197/1398/1677
f 1131/334/1678 1280/1425/1678 1136/428/1678
f 1137/406/1679 1136/1382/1679 1280/414/1679
s 1
f 1139/374/506 1140/376/486 1142/1399/1660
s 0
f 1145/452/1670 1146/420/1670 1147/342/1670
s 1
f 1142/1399/1660 1140/1343/486 1138/1344/1674
f 1136/428/1686 1282/1371/1682 1197/1370/1683
s 0
f 1196/336/1684 1136/1382/1684 1137/406/1684
f 1149/1338/549 1150/420/549 1151/426/549
f 1149/1338/550 1151/426/550 1150/420/550
s 1
f 1155/446/1687 1157/1339/517 1148/455/516
s 0
f 1156/330/406 1155/329/406 1148/1323/406
f 1154/334/1688 1198/335/1688 1152/458/1688
f 1153/383/1689 1152/1382/1689 1198/336/1689
s 1
f 1156/347/515 1157/430/517 1161/1426/1690
s 0
f 1163/426/1638 1162/431/1638 1164/342/1638
f 1160/432/472 1158/342/472 1159/456/472
s 1
f 1161/1426/1690 1157/1339/517 1155/446/1687
s 0
f 1154/1427/1691 1152/1325/1691 1297/1428/1691
s 1
f 1152/458/1692 1200/1429/1693 1297/1430/1694
s 0
f 1296/436/1695 1152/1382/1695 1153/383/1695
f 1307/1354/1696 1166/1353/1696 1167/1355/1696
f 1170/1403/1697 1308/1357/1697 1169/1404/1697
f 1309/1360/1696 1174/1359/1696 1204/1361/1696
f 1175/1431/1698 1173/1432/1698 1203/1433/1698
f 1177/1434/1699 1205/1435/1699 1176/1436/1699
f 1182/1437/1700 1312/474/1700 1179/1438/1700
f 1176/1439/1701 1205/1440/1701 1177/1441/1701
s 1
f 1153/1442/1702 1154/471/557 1297/1430/1703
f 1153/1442/1702 1199/470/555 1154/471/557
f 1197/1370/1704 1137/1408/1705 1131/1443/1706
f 1137/1408/1705 1281/1410/1707 1131/1443/1706
f 1195/1373/1708 1121/1411/1705 1114/1412/1706
f 1121/1411/1705 1263/1413/1707 1114/1412/1706
f 1103/1414/1709 1104/352/531 1247/1375/1710
f 1103/1414/1709 1192/350/529 1104/352/531
f 1085/1415/1711 1086/450/503 1091/464/502
f 1068/1416/1709 1069/333/531 1214/1379/1710
f 1068/1416/1709 1188/331/529 1069/333/531
f 1216/384/534 1217/341/536 1207/1444/1712
f 1207/1444/1712 1217/1316/536 1215/1417/1713
s 0
f 1187/336/1714 1213/408/1714 1214/337/1714
f 1220/320/404 1222/322/404 1221/1381/404
f 1219/326/1715 1208/320/1715 1209/327/1715
s 1
f 1215/1417/1713 1217/1316/536 1218/460/535
s 0
f 1218/372/1716 1216/330/1716 1215/329/1716
f 1189/1324/1717 1213/1325/1717 1188/1326/1717
s 1
f 1233/347/539 1234/349/541 1224/1327/1718
s 0
f 1227/1328/446 1228/1329/446 1226/420/446
f 1226/1320/1617 1228/1319/1617 1227/1318/1617
s 1
f 1224/1327/1718 1234/1330/541 1232/446/1719
s 0
f 1224/1323/1619 1232/329/1619 1233/330/1619
s 1
f 1223/451/504 1231/463/543 1229/462/542
s 0
f 1240/1331/457 1238/420/457 1239/426/457
f 1240/1331/456 1239/426/456 1238/420/456
f 1237/461/1720 1225/320/1720 1235/342/1720
s 1
f 1232/446/1719 1234/1330/541 1236/348/540
s 0
f 1236/412/1623 1233/330/1623 1232/329/1623
s 1
f 1190/1422/1672 1229/462/542 1091/464/502
s 0
f 1230/346/1721 1229/414/1721 1190/336/1721
s 1
f 1249/368/545 1250/356/536 1241/1444/1712
s 0
f 1244/420/474 1245/465/474 1243/320/474
s 1
f 1241/1444/1712 1250/1334/536 1248/1340/1713
s 0
f 1191/336/1714 1246/419/1714 1247/353/1714
f 1256/1331/457 1254/420/457 1255/426/457
f 1256/1331/456 1255/426/456 1254/420/456
s 1
f 1248/1340/1713 1250/1334/536 1252/466/546
s 0
f 1252/372/1716 1249/330/1716 1248/329/1716
f 1193/1335/1717 1246/1325/1717 1192/1445/1717
s 1
f 1266/368/534 1267/370/536 1257/1337/1722
f 1257/1337/1722 1267/1339/536 1265/1340/1713
s 0
f 1264/467/1723 1262/1325/1723 1114/366/1723
f 1273/1331/457 1271/420/457 1272/426/457
f 1273/1331/456 1272/426/456 1271/420/456
f 1270/320/1724 1258/422/1724 1268/363/1724
s 1
f 1265/1340/1713 1267/1339/536 1269/369/535
s 0
f 1269/434/1716 1266/330/1716 1265/329/1716
f 1264/334/1725 1194/335/1725 1262/1423/1725
f 1263/371/1726 1262/414/1726 1194/336/1726
s 1
f 1284/374/534 1285/376/536 1274/1342/1722
s 0
f 1276/342/1727 1286/320/1727 1275/320/1727
s 1
f 1274/1342/1722 1285/1343/536 1283/1344/1713
s 0
f 1282/373/1723 1280/1325/1723 1131/366/1723
f 1290/1331/457 1288/420/457 1289/426/457
f 1290/1331/456 1289/426/456 1288/420/456
s 1
f 1283/1344/1713 1285/1343/536 1287/468/535
s 0
f 1287/372/1716 1284/330/1716 1283/329/1716
f 1282/334/1725 1196/335/1725 1280/1425/1725
f 1281/371/1726 1280/414/1726 1196/336/1726
s 1
f 1299/384/545 1300/386/536 1291/1346/1722
s 0
f 1294/420/474 1295/469/474 1293/320/474
s 1
f 1291/1346/1722 1300/1347/536 1298/1348/1713
s 0
f 1198/336/1728 1296/436/1728 1297/406/1728
f 1306/1331/457 1304/420/457 1305/426/457
f 1306/1331/456 1305/426/456 1304/420/456
f 1303/320/1724 1292/422/1724 1301/363/1724
s 1
f 1298/1348/1713 1300/1347/536 1302/472/546
s 0
f 1302/434/1716 1299/330/1716 1298/329/1716
f 1200/1446/1729 1296/1325/1729 1199/1447/1729
f 1166/1353/1730 1307/1354/1730 1167/1355/1730
f 1169/1356/1731 1308/1357/1731 1170/1358/1731
f 1203/1448/1732 1173/1432/1732 1175/1449/1732
f 1174/1359/1730 1309/1360/1730 1204/1361/1730
f 1313/1450/1733 1183/1451/1733 1186/1452/1733
f 1183/1453/1734 1313/1454/1734 1186/1455/1734
s 1
f 1199/470/1735 1297/1430/1694 1200/1429/1693
f 1281/1369/1736 1197/1370/1683 1282/1371/1682
f 1263/1372/1736 1195/1373/1683 1264/1424/1682
f 1192/350/1737 1247/1375/1665 1193/1376/1664
f 1231/1456/543 1230/1421/1738 1091/464/502
f 1086/450/503 1230/1421/1738 1223/451/504
f 1230/1421/1738 1231/1456/543 1223/451/504
f 1188/331/1737 1214/1379/1665 1189/1380/1664
f 1323/475/567 1324/477/569 1316/1457/1739
s 0
f 1319/1320/1740 1320/1319/1740 1318/1458/1740
f 1320/420/1741 1319/1459/1741 1318/1460/1741
f 1325/327/603 1326/320/603 1317/478/603
f 1324/505/1742 1322/1461/1742 1316/1462/1742
f 1316/1463/1743 1322/329/1743 1323/330/1743
f 1315/479/1744 1327/481/1744 1321/1464/1744
f 1330/1458/1745 1331/1319/1745 1329/1320/1745
f 1330/1460/1746 1329/1459/1746 1331/420/1746
f 1328/1465/1747 1322/1461/1747 1324/505/1747
f 1323/330/1748 1322/329/1748 1328/1466/1748
s 1
f 1340/475/572 1341/477/569 1333/550/1739
s 0
f 1336/1320/1740 1337/1319/1740 1335/1458/1740
f 1337/420/1741 1336/1459/1741 1335/1460/1741
f 1345/320/622 1342/342/622 1334/410/622
f 1341/505/1742 1339/1461/1742 1333/1467/1742
f 1333/1468/1743 1339/329/1743 1340/330/1743
f 1332/484/1744 1343/486/1744 1338/1469/1744
f 1345/320/623 1334/410/623 1342/342/623
f 1344/1462/1747 1339/1461/1747 1341/505/1747
f 1340/330/1748 1339/329/1748 1344/1470/1748
s 1
f 1358/475/572 1359/477/577 1350/1471/1739
s 0
f 1359/505/1742 1357/1461/1742 1350/1467/1742
f 1350/1472/1743 1357/329/1743 1358/330/1743
f 1349/488/1744 1361/490/1744 1356/1473/1744
f 1362/1462/1747 1357/1461/1747 1359/505/1747
f 1358/330/1748 1357/329/1748 1362/1474/1748
s 1
f 1374/475/572 1375/477/569 1367/1475/1739
s 0
f 1376/363/623 1377/410/623 1368/320/623
f 1375/505/1742 1373/1461/1742 1367/1462/1742
f 1367/1476/1743 1373/329/1743 1374/330/1743
f 1366/492/1744 1378/494/1744 1372/1477/1744
f 1377/410/622 1376/363/622 1368/320/622
f 1379/1462/1747 1373/1461/1747 1375/505/1747
f 1374/330/1748 1373/329/1748 1379/1468/1748
s 1
f 1391/475/578 1392/477/580 1384/614/1749
s 0
f 1393/342/603 1394/495/603 1385/320/603
f 1392/505/1750 1390/1461/1750 1384/1478/1750
f 1384/1468/1751 1390/329/1751 1391/330/1751
f 1383/497/1752 1395/499/1752 1389/1479/1752
f 1396/1480/1753 1390/1461/1753 1392/505/1753
f 1396/1481/1754 1391/330/1754 1390/329/1754
s 1
f 1407/475/578 1408/477/580 1401/1482/1749
s 0
f 1408/505/1750 1406/1461/1750 1401/1478/1750
f 1401/1483/1751 1406/329/1751 1407/330/1751
f 1400/502/1744 1410/504/1744 1405/1484/1744
f 1411/1485/1755 1406/1461/1755 1408/505/1755
f 1411/1486/1756 1407/330/1756 1406/329/1756
f 1425/1487/614 1426/1488/614 1420/518/614
f 1424/505/1757 1422/1461/1757 1418/506/1757
f 1668/508/1758 1418/514/1758 1422/329/1758
f 1428/512/1759 1422/1461/1759 1424/505/1759
f 1417/1489/1760 1421/1490/1760 1427/515/1760
f 1437/342/676 1438/410/676 1432/1491/676
f 1436/505/1761 1434/1461/1761 1825/512/1761
s 1
f 1825/629/685 1434/628/1762 1674/627/683
s 0
f 1674/514/1763 1434/329/1763 1435/330/1763
f 1675/519/1764 1434/1461/1764 1436/505/1764
f 1677/508/1765 1435/330/1765 1434/329/1765
f 1430/1492/1760 1433/1493/1760 1439/520/1760
f 1452/320/623 1450/342/623 1444/410/623
f 1449/505/1757 1447/1461/1757 1442/523/1757
f 1842/524/1766 1442/514/1766 1447/329/1766
f 1452/320/622 1444/410/622 1450/342/622
f 1679/523/1759 1447/1461/1759 1449/505/1759
f 1681/508/1767 1448/330/1767 1447/329/1767
f 1441/1492/1760 1446/1494/1760 1451/526/1760
f 1851/426/570 1456/426/570 1682/320/570
f 1460/505/1757 1458/1461/1757 1683/519/1757
f 1459/635/1768 1683/514/1768 1458/329/1768
f 1453/535/1769 1457/1495/1769 1462/533/1769
f 1464/410/622 1455/432/622 1461/363/622
f 1464/410/623 1461/363/623 1455/432/623
f 1463/512/1770 1458/1461/1770 1460/505/1770
f 1859/508/1771 1459/635/1771 1458/329/1771
f 1475/342/570 1476/320/570 1469/537/570
f 1474/505/1757 1472/1461/1757 1467/536/1757
f 1473/637/1768 1467/514/1768 1472/329/1768
f 1466/576/1772 1477/517/1772 1471/1496/1772
f 1466/576/712 1471/1497/712 1477/1498/712
f 1871/506/1770 1472/1461/1770 1474/505/1770
f 1872/508/1771 1473/637/1771 1472/329/1771
f 1488/1499/614 1489/1500/614 1482/518/614
f 1487/505/1757 1485/1461/1757 1480/541/1757
f 1687/508/1758 1480/514/1758 1485/329/1758
f 1479/630/1772 1490/1501/1772 1484/1502/1772
f 1479/630/712 1484/1503/712 1490/1504/712
f 1884/519/1759 1485/1461/1759 1487/505/1759
f 1880/544/1773 1486/330/1773 1485/329/1773
f 1495/1458/1774 1496/1319/1774 1494/1320/1774
f 1495/1460/1775 1494/1459/1775 1496/420/1775
f 1502/1458/676 1505/1488/676 1501/1487/676
f 1493/1505/1776 1499/1461/1776 1500/505/1776
s 1
f 1498/475/1777 1499/477/1778 1493/1506/1779
s 0
f 1493/549/1780 1500/330/1780 1498/329/1780
f 1507/1320/1781 1508/1319/1781 1506/1458/1781
f 1508/420/1782 1507/1459/1782 1506/1460/1782
f 1500/505/1783 1499/1461/1783 1504/1507/1783
s 1
f 1504/1508/1784 1499/477/1778 1498/475/1777
s 0
f 1503/545/1785 1492/499/1785 1497/1473/1785
f 1512/1458/1774 1513/1319/1774 1511/1320/1774
f 1512/1460/1775 1511/1459/1775 1513/420/1775
f 1518/1509/584 1522/1510/584 1521/320/584
f 1510/1462/1786 1515/1461/1786 1517/505/1786
f 1516/330/1787 1515/329/1787 1510/1511/1787
s 1
f 1516/475/608 1517/477/610 1520/482/1788
s 0
f 1517/505/1789 1515/1461/1789 1520/1462/1789
f 1520/1470/1790 1515/329/1790 1516/330/1790
f 1509/551/1791 1519/553/1791 1514/552/1791
f 1527/1465/1786 1532/1461/1786 1534/505/1786
f 1533/330/1787 1532/329/1787 1527/1512/1787
s 1
f 1533/475/608 1534/477/610 1538/1513/1788
s 0
f 1535/342/570 1536/320/570 1539/478/570
f 1534/505/1789 1532/1461/1789 1538/1465/1789
f 1538/1472/1790 1532/329/1790 1533/330/1790
f 1537/556/1785 1526/558/1785 1531/1514/1785
f 1544/1478/1786 1551/1461/1786 1553/505/1786
f 1552/330/1787 1551/329/1787 1544/1515/1787
s 1
f 1552/475/608 1553/477/610 1556/1516/1788
s 0
f 1545/422/584 1546/1510/584 1554/1509/584
f 1553/505/1789 1551/1461/1789 1556/1462/1789
f 1556/1470/1790 1551/329/1790 1552/330/1790
f 1543/551/1792 1555/563/1792 1550/562/1792
f 1562/320/570 1572/495/570 1571/342/570
f 1561/1517/1793 1568/1461/1793 1570/505/1793
f 1569/330/1794 1568/329/1794 1561/1518/1794
s 1
f 1569/475/616 1570/477/618 1573/1519/1795
s 0
f 1570/505/1796 1568/1461/1796 1573/1520/1796
f 1578/1478/1793 1584/1461/1793 1586/505/1793
f 1585/330/1797 1584/329/1797 1578/1518/1797
s 1
f 1585/475/616 1586/477/618 1588/1521/1795
s 0
f 1586/505/1796 1584/1461/1796 1588/1522/1796
f 1991/506/1798 1597/1461/1798 1599/505/1798
f 1691/508/1799 1598/330/1799 1597/329/1799
f 1600/327/603 1601/478/603 1604/320/603
f 1599/505/1800 1597/1461/1800 2001/512/1800
f 1996/509/1801 2001/514/1801 1597/329/1801
f 1602/1523/1802 1594/517/1802 1596/1524/1802
f 1602/1523/687 1596/1525/687 1594/1489/687
f 1694/320/603 1607/426/603 2008/426/603
f 1606/320/575 1615/410/575 1612/342/575
f 1612/342/576 1615/410/576 1606/320/576
f 2005/536/1798 1609/1461/1798 1611/505/1798
f 1613/1526/1803 1608/1527/1803 1605/576/1803
f 2017/426/662 1616/426/662 1696/320/662
f 1611/505/1800 1609/1461/1800 2016/506/1800
f 1695/508/1804 2016/514/1804 1609/329/1804
f 1697/320/662 1618/426/662 2022/426/662
f 1624/410/576 1623/342/576 1628/320/576
f 2019/523/1798 1620/1461/1798 1622/505/1798
f 2025/524/1805 1621/330/1805 1620/329/1805
f 1623/342/575 1624/410/575 1628/320/575
f 1622/505/1800 1620/1461/1800 1626/523/1800
f 1698/508/1804 1626/514/1804 1620/329/1804
f 1625/576/1802 1617/1528/1802 1619/527/1802
f 1625/576/687 1619/1529/687 1617/1530/687
f 1635/342/576 1640/410/576 1636/422/576
f 2032/519/1798 1632/1461/1798 1634/505/1798
f 1635/342/575 1636/422/575 1640/410/575
f 1634/505/1800 1632/1461/1800 1638/578/1800
f 1701/508/1804 1638/514/1804 1632/329/1804
f 1637/630/1802 1630/1531/1802 1631/639/1802
f 1637/630/687 1631/1532/687 1630/1533/687
f 1704/320/662 1644/426/662 2048/426/662
f 1643/320/575 1653/410/575 1649/342/575
f 1649/342/576 1653/410/576 1643/320/576
f 2045/536/1806 1646/1461/1806 1648/505/1806
f 2046/508/1807 1647/330/1807 1646/329/1807
f 1650/1534/1803 1645/1535/1803 1642/576/1803
f 2056/426/662 1654/426/662 1706/320/662
f 1648/505/1800 1646/1461/1800 1651/506/1800
f 1705/508/1808 1651/514/1808 1646/329/1808
f 1707/320/662 1656/426/662 2061/426/662
f 1661/410/575 1666/1536/575 1662/433/575
f 2058/541/1798 1658/1461/1798 1660/505/1798
f 1708/508/1809 1659/544/1809 1658/329/1809
f 2069/426/662 1667/426/662 1709/320/662
f 1666/1536/576 1661/410/576 1662/433/576
f 1660/505/1800 1658/1461/1800 1664/519/1800
f 1659/544/1810 1664/514/1810 1658/329/1810
f 1657/584/1811 1655/583/1811 1663/1534/1811
f 1667/426/1812 2069/426/1812 1709/320/1812
s 1
f 1660/477/644 1665/665/720 1659/595/719
s 0
f 1707/320/1812 2061/426/1812 1656/426/1812
s 1
f 1660/477/644 1659/595/719 1708/586/642
f 1705/666/722 1647/475/1813 1648/477/1814
f 1648/477/1814 1652/667/723 1705/666/722
s 0
f 1704/320/1812 2048/426/1812 1644/426/1812
s 1
f 1648/477/1814 1647/475/1813 2046/1537/1815
f 1701/597/725 1633/588/645 1634/477/647
f 1634/477/647 1639/668/723 1701/597/725
f 1698/597/727 1621/475/1816 1622/477/650
f 1622/477/650 1627/669/728 1698/597/727
f 1622/477/650 1621/475/1816 2025/590/648
s 0
f 1616/426/1812 2017/426/1812 1696/320/1812
s 1
f 1695/597/725 1610/592/645 1611/477/651
f 1611/477/651 1614/670/723 1695/597/725
f 1996/671/730 1598/475/1817 1599/477/653
f 1599/477/653 1603/672/731 1996/671/730
f 1599/477/653 1598/475/1817 1691/530/652
s 0
f 1689/320/662 1887/426/662 1491/426/662
s 1
f 1487/477/656 1486/475/1818 1880/595/654
s 0
f 1483/426/662 1877/426/662 1688/320/662
s 1
f 1687/673/733 1486/475/1818 1487/477/656
f 1487/477/656 1481/589/734 1687/673/733
f 1474/477/1819 1473/674/737 1872/1538/1820
f 1474/477/1819 1468/675/738 1473/674/737
s 0
f 1684/320/662 1861/426/662 1465/426/662
s 1
f 1460/477/1819 1459/676/737 1859/1539/1820
f 1460/477/1819 1454/677/738 1459/676/737
f 1449/477/659 1448/475/1821 1681/597/657
s 0
f 1445/426/662 1839/426/662 1678/320/662
s 1
f 1842/590/740 1448/475/1821 1449/477/659
f 1449/477/659 1443/678/741 1842/590/740
s 0
f 1676/320/662 1836/426/662 1440/426/662
s 1
f 1436/477/661 1435/475/1822 1677/597/660
f 1431/1540/1823 1435/475/1822 1436/477/661
f 1668/530/743 1423/600/663 1424/477/665
f 1424/477/665 1419/679/734 1668/530/743
s 0
f 1713/1458/1782 1714/1319/1782 1712/1320/1782
f 1713/1460/1781 1712/606/1781 1714/420/1781
f 1719/1509/614 1723/1510/614 1722/326/614
f 1711/1478/1824 1716/1461/1824 1718/505/1824
f 1717/330/1825 1716/329/1825 1711/1541/1825
s 1
f 1717/475/666 1718/477/668 1721/1542/1826
s 0
f 1725/1320/1775 1726/1319/1775 1724/1458/1775
f 1726/420/1774 1725/606/1774 1724/1460/1774
f 1718/505/1827 1716/1461/1827 1721/1522/1827
f 1720/556/620 1710/1543/620 1715/645/620
f 1720/556/619 1715/645/619 1710/1543/619
f 1730/1458/1782 1731/1319/1782 1729/1320/1782
f 1730/1460/1781 1729/606/1781 1731/420/1781
f 1737/410/576 1736/342/576 1740/320/576
f 1728/1544/1828 1733/1461/1828 1735/505/1828
f 1728/568/1829 1734/330/1829 1733/329/1829
s 1
f 1734/475/670 1735/477/672 1739/1545/1830
s 0
f 1736/342/575 1737/410/575 1740/320/575
f 1735/505/1831 1733/1461/1831 1739/1478/1831
f 1739/1546/1832 1733/329/1832 1734/330/1832
f 1738/556/1792 1727/605/1792 1732/1547/1792
f 1745/1465/1833 1751/1461/1833 1753/505/1833
f 1752/330/1834 1751/329/1834 1745/1548/1834
s 1
f 1752/475/673 1753/477/675 1757/559/1835
s 0
f 1753/505/1836 1751/1461/1836 1757/1465/1836
f 1757/1476/1837 1751/329/1837 1752/330/1837
f 1756/608/1792 1744/609/1792 1750/1549/1792
f 1762/1478/1833 1767/1461/1833 1769/505/1833
f 1768/330/1834 1767/329/1834 1762/1548/1834
s 1
f 1768/475/673 1769/477/675 1773/1550/1835
s 0
f 1770/342/575 1771/1551/575 1774/320/575
f 1774/320/576 1771/1551/576 1770/342/576
f 1769/505/1836 1767/1461/1836 1773/1465/1836
f 1773/1468/1837 1767/329/1837 1768/330/1837
f 1772/611/1791 1761/613/1791 1766/1552/1791
f 1779/1465/1833 1784/1461/1833 1786/505/1833
f 1785/330/1834 1784/329/1834 1779/1474/1834
s 1
f 1785/475/673 1786/477/675 1790/1553/1835
s 0
f 1787/359/588 1788/357/588 1791/1458/588
f 1786/505/1838 1784/1461/1838 1790/1462/1838
f 1790/1476/1837 1784/329/1837 1785/330/1837
f 1789/616/1791 1778/504/1791 1783/1554/1791
f 1796/1462/1833 1801/1461/1833 1803/505/1833
f 1802/330/1834 1801/329/1834 1796/1472/1834
s 1
f 1802/475/673 1803/477/675 1807/1555/1835
s 0
f 1804/342/603 1805/622/603 1808/320/603
f 1803/505/1836 1801/1461/1836 1807/1465/1836
f 1807/1556/1837 1801/329/1837 1802/330/1837
f 1806/619/1792 1795/621/1792 1800/1557/1792
f 1819/518/676 1822/1488/676 1818/1487/676
f 1418/506/1839 1815/1461/1839 1817/505/1839
f 1668/508/1840 1816/330/1840 1815/329/1840
f 1429/426/1812 1823/426/1812 1671/320/1812
f 1817/505/1841 1815/1461/1841 1428/512/1841
f 1423/509/1842 1428/514/1842 1815/329/1842
f 1820/625/1843 1814/1490/1843 1812/623/1843
f 1826/320/576 1835/510/576 1832/342/576
f 1825/512/1844 1829/1461/1844 1831/505/1844
f 1830/330/1845 1829/329/1845 1674/514/1845
f 1833/1558/1802 1828/1494/1802 1824/630/1802
f 1440/426/1812 1836/426/1812 1676/320/1812
f 1826/320/575 1832/342/575 1835/510/575
f 1831/505/1846 1829/1461/1846 1675/519/1846
f 1677/508/1847 1675/514/1847 1829/329/1847
f 1678/320/1812 1839/426/1812 1445/426/1812
f 1838/320/570 1845/633/570 1844/342/570
f 1442/523/1839 1841/1461/1839 1843/505/1839
f 1843/505/1841 1841/1461/1841 1679/523/1841
f 1681/508/1848 1679/514/1848 1841/329/1848
f 1846/576/1803 1837/661/1803 1840/1524/1803
f 1846/576/629 1840/1559/629 1837/1560/629
f 1683/519/1849 1853/1461/1849 1855/505/1849
f 1459/635/1850 1854/532/1850 1853/329/1850
f 1465/426/1812 1861/426/1812 1684/320/1812
f 1856/1351/676 1857/1350/676 1860/518/676
f 1855/505/1851 1853/1461/1851 1463/512/1851
f 1858/576/1803 1850/517/1803 1852/1561/1803
f 1858/576/629 1852/1562/629 1850/1563/629
f 1467/536/1852 1865/1461/1852 1867/505/1852
f 1473/637/1850 1866/540/1850 1865/329/1850
f 1868/342/576 1869/410/576 1873/320/576
f 1873/320/575 1869/410/575 1868/342/575
f 1867/505/1851 1865/1461/1851 1871/506/1851
f 1870/640/1843 1864/1493/1843 1862/638/1843
f 1688/320/1812 1877/426/1812 1483/426/1812
f 1876/643/570 1886/320/570 1882/342/570
f 1480/541/1839 1879/1461/1839 1881/505/1839
f 1687/508/1853 1880/544/1853 1879/329/1853
f 1883/1564/1802 1878/1565/1802 1875/630/1802
f 1491/426/1812 1887/426/1812 1689/320/1812
f 1881/505/1841 1879/1461/1841 1884/519/1841
f 1880/544/1854 1884/514/1854 1879/329/1854
s 1
f 1895/475/695 1896/477/697 1888/1566/1855
s 0
f 1890/1320/1746 1891/1319/1746 1889/1458/1746
f 1891/420/1745 1890/606/1745 1889/1460/1745
f 1896/505/1856 1894/1461/1856 1888/1465/1856
f 1888/1548/1857 1894/329/1857 1895/330/1857
f 1903/1458/1741 1904/1319/1741 1902/1320/1741
f 1903/1460/1740 1902/606/1740 1904/420/1740
f 1900/1465/1858 1894/1461/1858 1896/505/1858
f 1895/330/1859 1894/329/1859 1900/1466/1859
s 1
f 1912/475/700 1913/477/697 1906/564/1855
s 0
f 1908/1320/1746 1909/1319/1746 1907/1458/1746
f 1909/420/1745 1908/606/1745 1907/1460/1745
f 1917/320/588 1918/1510/588 1914/1509/588
f 1913/505/1856 1911/1461/1856 1906/1478/1856
f 1906/1548/1857 1911/329/1857 1912/330/1857
f 1905/551/1860 1915/1567/1860 1910/1568/1860
f 1905/551/1861 1910/1568/1861 1915/1567/1861
f 1916/1462/1858 1911/1461/1858 1913/505/1858
f 1912/330/1859 1911/329/1859 1916/1470/1859
s 1
f 1931/475/695 1932/477/697 1923/1569/1855
s 0
f 1932/505/1856 1930/1461/1856 1923/1462/1856
f 1923/1474/1857 1930/329/1857 1931/330/1857
f 1922/649/1862 1934/650/1862 1929/1570/1862
f 1935/1465/1858 1930/1461/1858 1932/505/1858
f 1931/330/1859 1930/329/1859 1935/1548/1859
s 1
f 1946/475/700 1947/477/697 1940/1571/1855
s 0
f 1947/505/1863 1945/1461/1863 1940/1465/1863
f 1940/1512/1857 1945/329/1857 1946/330/1857
f 1939/652/1862 1950/494/1862 1944/1572/1862
f 1952/320/570 1949/622/570 1948/342/570
f 1951/1462/1858 1945/1461/1858 1947/505/1858
f 1946/330/1859 1945/329/1859 1951/1573/1859
s 1
f 1965/475/702 1966/477/704 1957/1574/1864
s 0
f 1966/505/1863 1964/1461/1863 1957/1478/1863
f 1957/1468/1865 1964/329/1865 1965/330/1865
f 1968/616/1744 1956/655/1744 1963/617/1744
f 1969/1575/1866 1964/1461/1866 1966/505/1866
f 1969/568/1867 1965/330/1867 1964/329/1867
s 1
f 1980/475/702 1981/477/704 1974/1576/1864
s 0
f 1981/505/1868 1979/1461/1868 1974/1478/1868
f 1974/1577/1869 1979/329/1869 1980/330/1869
f 1973/556/1862 1984/657/1862 1978/1479/1862
f 1986/320/570 1983/622/570 1982/342/570
f 1985/1578/1870 1979/1461/1870 1981/505/1870
f 1985/568/1871 1980/330/1871 1979/329/1871
f 1595/426/736 1993/426/736 1690/320/736
f 1997/505/1872 1995/1461/1872 1991/506/1872
f 1691/508/1873 1991/514/1873 1995/329/1873
f 1990/660/1874 1994/1494/1874 2000/658/1874
f 2002/320/603 1999/633/603 1998/327/603
f 2001/512/1875 1995/1461/1875 1997/505/1875
f 2013/342/623 2014/410/623 2007/320/623
f 2007/320/622 2014/410/622 2013/342/622
f 2012/505/1872 2010/1461/1872 2005/536/1872
f 1610/575/1876 2005/514/1876 2010/329/1876
f 2016/506/1875 2010/1461/1875 2012/505/1875
f 1695/508/1877 2011/330/1877 2010/329/1877
f 2004/1579/1772 2009/1580/1772 2015/630/1772
f 2026/505/1872 2024/1461/1872 2019/523/1872
f 2025/524/1878 2019/514/1878 2024/329/1878
f 1699/320/603 2030/426/603 1629/426/603
f 2029/320/623 2021/510/623 2027/342/623
f 2027/342/622 2021/510/622 2029/320/622
f 1626/523/1875 2024/1461/1875 2026/505/1875
f 1698/508/1879 2025/524/1879 2024/329/1879
f 2018/1581/1772 2023/1582/1772 2028/630/1772
f 2040/505/1872 2038/1461/1872 2032/519/1872
f 1633/575/1876 2032/514/1876 2038/329/1876
f 2043/662/603 2034/320/603 2041/342/603
f 1638/578/1875 2038/1461/1875 2040/505/1875
f 1701/508/1877 2039/330/1877 2038/329/1877
f 2031/1563/1772 2037/1583/1772 2042/576/1772
f 2055/320/622 2053/342/622 2047/510/622
f 2052/505/1880 2050/1461/1880 2045/536/1880
f 2044/1584/1769 2054/640/1769 2049/1585/1769
f 2055/320/623 2047/510/623 2053/342/623
f 1651/506/1881 2050/1461/1881 2052/505/1881
f 1705/508/1882 2051/581/1882 2050/329/1882
f 2044/1584/601 2049/1586/601 2054/640/601
f 2066/1499/584 2067/1500/584 2060/518/584
f 2065/505/1872 2063/1461/1872 2058/541/1872
f 1708/508/1883 2058/514/1883 2063/329/1883
f 2057/630/1760 2068/1501/1760 2062/1561/1760
f 2057/630/587 2062/1587/587 2068/1588/587
f 1664/519/1875 2063/1461/1875 2065/505/1875
f 1659/544/1884 2064/330/1884 2063/329/1884
s 1
f 2065/477/721 2064/475/1885 1659/595/719
f 1708/586/642 2064/475/1885 2065/477/721
f 2065/477/721 2059/587/643 1708/586/642
s 0
f 1706/320/1812 1654/426/1812 2056/426/1812
s 1
f 2052/477/724 2051/475/1886 1705/666/722
f 2046/1537/1887 2051/475/1886 2052/477/724
f 2040/477/726 2039/475/1888 1701/597/725
f 1633/588/645 2039/475/1888 2040/477/726
f 2040/477/726 2033/589/646 1633/588/645
s 0
f 1699/320/570 1629/426/570 2030/426/570
s 1
f 2026/477/729 2025/590/648 1698/597/727
s 0
f 2022/426/1812 1618/426/1812 1697/320/1812
s 1
f 2026/477/729 2020/591/649 2025/590/648
f 2012/477/726 2011/475/1888 1695/597/725
f 1610/592/645 2011/475/1888 2012/477/726
f 2012/477/726 2006/593/646 1610/592/645
s 0
f 2003/320/570 1692/320/570 1693/426/570
s 1
f 1691/530/652 1996/671/730 1997/477/732
f 1997/477/732 1992/594/643 1691/530/652
f 1881/477/735 1885/596/655 1880/595/654
f 1881/477/735 1880/595/654 1687/673/733
f 1872/1538/1889 1866/475/1890 1867/477/739
f 1867/477/739 1866/475/1890 1473/674/737
f 1859/1539/1889 1854/475/1890 1855/477/739
s 0
f 1682/320/603 1456/426/603 1851/426/603
s 1
f 1855/477/739 1854/475/1890 1459/676/737
f 1681/597/657 1842/590/740 1843/477/742
f 1843/477/742 1847/598/658 1681/597/657
f 1677/597/660 1830/475/1891 1831/477/1892
f 1831/477/1892 1834/599/658 1677/597/660
s 0
f 1827/320/603 1672/320/603 1673/426/603
s 1
f 1831/477/1892 1830/475/1891 1431/1540/1893
f 1423/600/663 1816/475/1894 1817/477/744
f 1817/477/744 1821/601/664 1423/600/663
s 0
f 1813/320/603 1669/320/603 1670/426/603
s 1
f 1817/477/744 1816/475/1894 1668/530/743
usemtl GT_MC_Tiling_Dirty_Metal
f 2140/777/811 2142/778/811 2141/779/811
f 2152/786/811 2154/787/811 2153/779/811
f 2160/794/811 2162/795/811 2161/796/811
f 2172/802/811 2174/803/811 2173/796/811
f 2185/807/828 2186/808/829 2184/809/830
f 2200/810/834 2202/811/835 2201/779/811
f 2213/814/811 2214/815/811 2212/816/811
f 2224/819/811 2226/820/811 2225/779/811
f 2232/822/811 2234/795/811 2233/796/811
f 2243/825/811 2245/795/811 2244/796/811
f 2255/822/811 2257/826/811 2256/796/811
f 2272/810/811 2274/811/811 2273/779/811
s 0
f 2496/1185/1208 2492/1186/1208 2498/1187/1208
f 2498/972/1209 2491/1188/1209 2495/945/1209
f 2495/1189/1210 2493/1190/1210 2497/1191/1210
f 2497/945/1211 2494/866/1211 2496/972/1211
s 1
f 2136/794/1951 2137/796/1952 2138/803/1951
f 2137/1627/1952 2136/1628/1951 2138/1629/1951
f 2140/1630/811 2141/1631/811 2142/1632/811
f 2148/1634/1954 2149/1635/1955 2150/1636/1956
f 2149/1637/1955 2148/809/1954 2150/808/1956
f 2152/1630/811 2153/1631/811 2154/1638/811
f 2160/1641/811 2161/1627/811 2162/1642/811
f 2164/1643/1958 2165/779/1959 2166/1644/1960
f 2165/1631/1959 2164/1630/1958 2166/1645/1960
f 2172/1648/811 2173/1627/811 2174/1649/811
f 2176/1650/603 2177/779/603 2178/1651/603
f 2177/1631/603 2176/1652/603 2178/1653/603
f 2185/1635/828 2184/1634/830 2186/1636/829
f 2188/1655/1961 2189/779/1962 2190/778/1963
f 2189/1631/1962 2188/1656/1961 2190/1632/1963
f 2196/822/1966 2197/796/1967 2198/795/1968
f 2197/1627/1967 2196/1659/1966 2198/1660/1968
f 2200/1652/834 2201/1631/811 2202/1661/835
f 2208/794/1969 2209/796/1970 2210/1662/94
f 2209/1627/1970 2208/1641/1969 2210/1663/94
f 2213/1664/811 2212/1665/811 2214/1666/811
f 2220/1668/1971 2221/796/1972 2222/1669/1973
f 2221/1627/1972 2220/1670/1971 2222/1671/1973
f 2224/1672/811 2225/1631/811 2226/1673/811
f 2232/1659/811 2233/1627/811 2234/1660/811
f 2236/810/1975 2237/779/1976 2238/811/1977
f 2237/1631/1976 2236/1652/1975 2238/1661/1977
f 2243/1675/811 2244/1627/811 2245/1660/811
f 2248/810/1978 2249/779/1979 2250/1676/1980
f 2249/1631/1979 2248/1652/1978 2250/1677/1980
f 2255/1628/811 2256/1627/811 2257/1678/811
f 2260/1679/1981 2261/779/1982 2262/1680/1983
f 2261/1631/1982 2260/1681/1981 2262/1653/1983
f 2268/822/1986 2269/796/1987 2270/795/1988
f 2269/1627/1987 2268/1683/1986 2270/1660/1988
f 2272/1652/811 2273/1631/811 2274/1661/811
s 0
f 2496/1185/2280 2494/1818/2280 2492/1186/2280
f 2498/972/2281 2492/866/2281 2491/1188/2281
f 2495/1189/2282 2491/1819/2282 2493/1190/2282
f 2497/945/2283 2493/875/2283 2494/866/2283
usemtl GT_MC_Tiling_Scratched_Iron_Grey
f 2292/828/863 2284/829/863 2294/830/863
f 2284/831/864 2296/832/864 2291/833/864
f 2291/834/865 2295/835/865 2285/836/865
f 2295/837/866 2293/838/866 2286/839/866
f 2287/840/867 2295/841/867 2284/842/867
f 2288/843/868 2284/842/868 2292/828/868
f 2291/844/869 2285/845/869 2290/846/869
f 2299/847/870 2329/848/870 2301/849/870
f 2324/850/871 2331/851/871 2321/852/871
f 2306/853/872 2332/854/872 2324/850/872
f 2294/855/873 2444/856/873 2306/853/873
f 2324/850/874 2333/857/874 2284/858/874
f 2286/859/875 2336/860/875 2350/861/875
f 2335/862/876 2461/863/876 2293/864/876
f 2289/855/877 2463/865/877 2287/866/877
f 2289/855/878 2339/867/878 2337/868/878
f 2313/869/879 2340/870/879 2306/853/879
f 2292/871/880 2341/872/880 2313/869/880
f 2306/853/881 2340/870/881 2294/855/881
f 2318/860/882 2342/873/882 2344/874/882
f 2291/875/883 2342/873/883 2321/876/883
f 2290/877/884 2343/878/884 2291/875/884
f 2318/860/885 2344/874/885 2290/877/885
f 2293/864/886 2287/879/886 2465/880/886
f 2310/881/887 2334/882/887 2346/883/887
f 2295/884/888 2347/885/888 2285/886/888
f 2310/887/889 2346/888/889 2295/889/889
f 2313/869/890 2338/890/890 2348/891/890
f 2313/892/891 2348/893/891 2292/894/891
f 2295/884/892 2349/854/892 2310/881/892
f 2299/847/893 2351/895/893 2329/848/893
f 2308/896/894 2352/897/894 2299/847/894
f 2329/848/895 2353/898/895 2328/899/895
f 2308/896/896 2354/900/896 2328/899/896
f 2309/901/897 2355/902/897 2308/896/897
f 2403/903/898 2355/902/898 2309/901/898
f 2328/899/899 2356/904/899 2403/903/899
f 2309/901/900 2357/905/900 2403/903/900
f 2310/881/901 2358/906/901 2309/901/901
f 2350/861/902 2358/906/902 2310/881/902
f 2403/903/903 2359/907/903 2350/861/903
f 2302/908/904 2446/909/904 2360/910/904
f 2392/911/905 2446/909/905 2307/912/905
f 2311/913/906 2446/909/906 2392/911/906
f 2311/913/907 2392/911/907 2361/914/907
f 2312/915/908 2445/916/908 2392/911/908
f 2312/915/909 2392/911/909 2471/917/909
f 2313/869/910 2470/918/910 2338/890/910
f 2299/847/911 2362/919/911 2472/920/911
f 2409/921/912 2362/919/912 2298/922/912
f 2308/896/913 2362/919/913 2409/921/913
f 2308/896/914 2409/921/914 2363/923/914
f 2309/901/915 2473/924/915 2412/925/915
f 2309/901/916 2412/925/916 2364/926/916
f 2310/881/917 2474/927/917 2334/882/917
f 2301/849/918 2365/928/918 2297/912/918
f 2316/929/919 2366/930/919 2301/931/919
f 2316/932/920 2330/933/920 2366/934/920
f 2316/932/921 2368/935/921 2330/933/921
f 2317/936/922 2368/935/922 2367/937/922
f 2330/933/923 2368/935/923 2369/938/923
f 2335/862/924 2476/939/924 2370/940/924
f 2369/938/925 2476/939/925 2345/941/925
f 2320/848/926 2371/942/926 2373/943/926
f 2323/944/927 2371/942/927 2300/945/927
f 2319/946/928 2372/947/928 2323/944/928
f 2320/848/929 2373/943/929 2319/946/929
f 2322/948/930 2374/949/930 2323/944/930
f 2319/946/931 2375/950/931 2322/948/931
f 2319/946/932 2376/951/932 2377/952/932
f 2321/876/933 2376/951/933 2322/948/933
f 2319/946/934 2377/952/934 2318/860/934
f 2302/908/935 2378/848/935 2303/895/935
f 2311/913/936 2379/953/936 2302/908/936
f 2303/895/937 2380/954/937 2304/899/937
f 2311/913/938 2381/955/938 2304/899/938
f 2312/915/939 2382/956/939 2311/913/939
f 2305/957/940 2382/956/940 2312/915/940
f 2304/899/941 2383/958/941 2305/957/941
f 2312/915/942 2384/959/942 2305/957/942
f 2313/869/943 2385/960/943 2312/915/943
f 2305/957/941 2386/961/941 2306/853/941
f 2315/895/944 2388/962/944 2307/945/944
f 2397/963/945 2388/962/945 2387/898/945
f 2307/945/946 2388/962/946 2392/964/946
f 2314/957/947 2389/900/947 2397/963/947
f 2314/957/948 2391/965/948 2390/904/948
f 2337/868/949 2393/966/949 2314/957/949
f 2337/868/950 2394/967/950 2393/966/950
f 2392/964/951 2394/967/951 2338/968/951
f 2315/895/952 2480/969/952 2458/970/952
f 2330/971/953 2480/969/953 2297/972/953
f 2315/895/954 2395/954/954 2397/963/954
f 2369/973/955 2396/974/955 2330/971/955
f 2314/957/956 2457/975/956 2369/973/956
f 2314/957/957 2369/973/957 2398/959/957
f 2337/868/958 2482/976/958 2345/977/958
f 2314/957/959 2399/961/959 2337/868/959
f 2329/848/960 2400/978/960 2301/849/960
f 2316/932/961 2401/954/961 2328/899/961
f 2301/849/962 2400/978/962 2316/932/962
f 2328/899/963 2402/979/963 2316/932/963
f 2317/936/964 2455/980/964 2403/903/964
f 2316/932/965 2404/981/965 2317/936/965
f 2403/903/966 2405/982/966 2317/936/966
f 2335/862/967 2485/983/967 2350/861/967
f 2317/936/968 2406/984/968 2335/862/968
f 2320/848/969 2407/985/969 2298/972/969
f 2319/946/970 2407/985/970 2408/954/970
f 2298/972/971 2407/985/971 2409/986/971
f 2319/946/972 2411/987/972 2410/988/972
f 2409/986/973 2411/987/973 2412/989/973
f 2318/860/974 2413/959/974 2319/946/974
f 2318/860/975 2487/990/975 2414/961/975
f 2412/989/976 2487/990/976 2334/991/976
f 2303/895/977 2416/992/977 2327/847/977
f 2326/993/978 2415/898/978 2304/899/978
f 2327/847/979 2416/992/979 2326/993/979
f 2304/899/872 2417/994/872 2326/993/872
f 2305/957/980 2418/995/980 2304/899/980
f 2325/996/981 2418/995/981 2305/957/981
f 2326/993/982 2419/997/982 2325/996/982
f 2305/957/983 2420/998/983 2325/996/983
f 2306/853/984 2421/999/984 2305/957/984
f 2324/850/985 2421/999/985 2306/853/985
f 2325/996/986 2422/1000/986 2324/850/986
f 2327/847/987 2423/1001/987 2300/922/987
f 2326/1002/988 2424/1003/988 2327/1004/988
f 2326/993/989 2323/1005/989 2424/1006/989
f 2326/993/990 2322/1007/990 2323/1005/990
f 2325/996/991 2322/1007/991 2425/1008/991
f 2325/996/992 2490/1009/992 2322/1007/992
f 2324/850/993 2321/852/993 2426/1010/993
f 2433/1011/994 2465/1012/994 2435/1013/994
f 2429/1014/995 2427/1015/995 2435/1013/995
f 2449/895/996 2458/970/996 2438/1016/996
f 2444/856/997 2294/1017/997 2436/1018/997
f 2294/1017/998 2427/1019/999 2436/1018/1000
f 2474/1020/1001 2460/1021/1001 2344/874/1001
f 2344/874/1002 2460/1021/1002 2431/1018/1002
f 2460/1021/1003 2433/1022/1004 2431/1018/1005
f 2285/1023/1006 2474/1020/1007 2433/1022/1008
f 2406/1024/1009 2336/860/1009 2468/867/1009
f 2468/867/1010 2286/1025/1010 2428/1018/1010
f 2286/1025/1011 2465/1026/1012 2428/1018/1013
f 2461/863/1014 2406/1024/1015 2465/1026/1014
f 2464/1027/1016 2463/865/1017 2435/1028/1018
f 2435/1028/1019 2337/868/1020 2430/1018/1021
f 2337/868/1022 2462/860/1022 2430/1018/1022
f 2394/1029/1023 2339/867/1023 2462/860/1023
f 2462/860/1024 2289/1017/1024 2430/1018/1024
f 2289/1017/1025 2429/1030/1026 2430/1018/1027
f 2288/1031/1028 2394/1029/1029 2429/1030/1030
f 2340/870/1031 2341/1032/1031 2444/856/1031
f 2434/1033/1032 2340/870/1033 2436/1018/1034
f 2340/870/1035 2444/856/1035 2436/1018/1035
f 2331/1034/1036 2343/878/1037 2432/1035/1037
f 2432/1035/1038 2344/874/1039 2431/1018/1040
f 2464/1036/1041 2465/1026/1041 2406/1024/1041
f 2287/1037/1042 2464/1027/1043 2435/1028/1044
f 2346/1038/1045 2474/927/1045 2447/1039/1045
f 2474/1020/1046 2347/1040/1047 2433/1022/1048
f 2347/1040/1049 2437/1041/1049 2433/1022/1049
f 2346/1038/1050 2447/1039/1051 2437/1042/1052
f 2394/1029/1053 2467/1043/1054 2429/1030/1055
f 2467/1043/1056 2434/1044/1056 2429/1030/1056
f 2348/1045/1057 2341/1032/1058 2434/1033/1059
f 2437/1042/1060 2350/861/1061 2428/1018/1062
f 2350/861/1063 2468/867/1063 2428/1018/1063
f 2351/895/1064 2440/1046/1064 2456/848/1064
f 2352/897/1065 2363/1047/1065 2440/1046/1065
f 2363/1047/1066 2353/898/1066 2401/954/1066
f 2353/898/1067 2456/848/1067 2401/954/1067
f 2354/900/1068 2363/1047/1068 2401/954/1068
f 2364/926/1069 2356/904/1069 2455/980/1069
f 2356/904/1070 2401/954/1070 2455/980/1070
f 2357/905/1071 2364/926/1071 2455/980/1071
f 2447/1039/1072 2359/907/1072 2468/867/1072
f 2359/907/1073 2455/980/1073 2468/867/1073
f 2360/910/1074 2438/1048/1074 2442/1049/1074
f 2446/909/1075 2469/1050/1075 2361/1051/1075
f 2469/1050/1076 2442/1049/1076 2361/1051/1076
f 2471/917/1077 2445/1052/1077 2448/1053/1077
f 2470/918/1078 2394/1054/1078 2445/1052/1078
f 2471/1055/1079 2448/1056/1079 2341/1057/1079
f 2440/1046/1080 2362/919/1080 2439/1058/1080
f 2472/920/1081 2440/1046/1081 2363/1047/1081
f 2473/1059/1082 2411/1060/1082 2486/1061/1082
f 2458/1048/1083 2366/934/1083 2441/1062/1083
f 2441/1062/1084 2366/934/1084 2483/1063/1084
f 2366/934/1085 2368/1064/1085 2483/1063/1085
f 2475/1065/1086 2458/1048/1086 2368/1064/1086
f 2483/1066/1087 2367/1067/1087 2484/1068/1087
f 2367/1069/1088 2457/1070/1088 2484/1071/1088
f 2484/1068/1089 2370/1072/1089 2406/1073/1089
f 2464/1036/1090 2476/939/1090 2457/1070/1090
f 2373/943/1091 2453/1016/1091 2450/848/1091
f 2371/942/1092 2452/1074/1092 2453/1016/1092
f 2452/1074/1093 2373/943/1093 2477/900/1093
f 2373/943/1094 2450/848/1094 2477/900/1094
f 2374/949/1095 2451/1075/1095 2452/1074/1095
f 2451/1075/1096 2375/950/1096 2410/988/1096
f 2375/950/1097 2477/900/1097 2410/988/1097
f 2377/952/1098 2451/1075/1098 2410/988/1098
f 2376/951/1099 2331/1034/1099 2451/1075/1099
f 2331/1034/1100 2377/952/1100 2344/874/1100
f 2377/952/1101 2410/988/1101 2344/874/1101
f 2378/848/1102 2442/1049/1102 2443/895/1102
f 2379/953/1103 2361/1051/1103 2442/1049/1103
f 2361/1051/1104 2380/954/1104 2415/898/1104
f 2380/954/1105 2443/895/1105 2415/898/1105
f 2381/955/1106 2361/1051/1106 2415/898/1106
f 2448/1053/1107 2383/958/1107 2384/959/1107
f 2383/958/1108 2415/898/1108 2384/959/1108
f 2385/960/1109 2341/1032/1109 2448/1053/1109
f 2341/1032/1110 2386/961/1110 2444/856/1110
f 2386/961/1111 2384/959/1111 2444/856/1111
f 2387/898/1112 2446/1076/1112 2481/955/1112
f 2446/1076/1113 2388/962/1113 2438/1016/1113
f 2446/1076/1114 2389/900/1114 2481/955/1114
f 2389/900/1115 2390/904/1115 2481/955/1115
f 2391/965/1116 2446/1076/1116 2445/1077/1116
f 2445/1077/1117 2393/966/1117 2390/904/1117
f 2393/966/1118 2462/860/1118 2390/904/1118
f 2393/966/1119 2394/1029/1119 2462/860/1119
f 2480/969/1120 2368/1078/1120 2458/970/1120
f 2368/1078/1121 2395/954/1121 2481/955/1121
f 2395/954/1122 2449/895/1122 2481/955/1122
f 2396/974/1123 2457/975/1123 2368/1078/1123
f 2457/975/1124 2397/963/1124 2390/904/1124
f 2397/963/1125 2481/955/1125 2390/904/1125
f 2398/959/1126 2457/975/1126 2390/904/1126
f 2464/1027/1127 2399/961/1127 2462/860/1127
f 2399/961/1128 2390/904/1128 2462/860/1128
f 2483/1063/1129 2400/978/1129 2441/1062/1129
f 2483/1063/1130 2403/903/1130 2401/954/1130
f 2403/903/1131 2455/980/1131 2401/954/1131
f 2404/981/1132 2483/1063/1132 2484/1071/1132
f 2484/1071/1133 2485/983/1133 2455/980/1133
f 2485/983/1134 2468/867/1134 2455/980/1134
f 2485/983/1135 2406/1024/1135 2468/867/1135
f 2408/954/1136 2486/1061/1136 2477/900/1136
f 2486/1061/1137 2407/985/1137 2439/1079/1137
f 2486/1061/1138 2410/988/1138 2477/900/1138
f 2411/1060/1139 2413/959/1139 2410/988/1139
f 2413/959/1140 2344/874/1140 2410/988/1140
f 2414/961/1141 2474/1020/1141 2344/874/1141
f 2474/1020/1142 2487/990/1142 2411/1060/1142
f 2488/1080/1143 2416/992/1143 2454/1046/1143
f 2488/1080/1144 2418/995/1144 2415/898/1144
f 2418/995/1145 2384/959/1145 2415/898/1145
f 2418/995/1146 2489/1081/1146 2384/959/1146
f 2419/997/1147 2488/1080/1147 2489/1081/1147
f 2489/1081/1148 2421/999/1148 2384/959/1148
f 2421/999/1149 2444/856/1149 2384/959/1149
f 2421/999/1150 2427/1019/1150 2444/856/1150
f 2422/1000/1151 2489/1081/1151 2427/1019/1151
f 2423/1001/1152 2454/1046/1152 2453/1058/1152
f 2488/1082/1153 2425/1083/1153 2489/1084/1153
f 2451/1075/1154 2322/1085/1154 2452/1074/1154
f 2426/1010/1155 2331/1086/1155 2427/1019/1155
f 2490/1009/1156 2451/1087/1156 2331/1086/1156
f 2298/1088/94 2440/1089/94 2439/1090/94
f 2302/1091/94 2454/1092/94 2442/1093/94
f 2301/1094/94 2440/1089/94 2299/1095/94
f 2301/1094/1157 2458/1096/1157 2441/1097/1157
f 2307/1098/94 2442/1093/94 2438/1099/94
f 2300/1100/216 2439/1090/216 2453/1101/216
f 2327/1102/94 2453/1101/94 2454/1092/94
f 2331/1034/1158 2432/1035/1158 2291/1103/1158
f 2324/1104/1159 2284/1105/1159 2427/1106/1159
f 2444/1107/1160 2427/1108/1160 2332/1109/1160
f 2318/1110/32 2459/1111/32 2334/1112/32
f 2290/1113/870 2460/1114/870 2318/1115/870
f 2285/1116/1161 2460/1117/1161 2290/1110/1161
f 2336/1118/1162 2461/1119/1162 2335/1120/1162
f 2345/1121/1163 2462/1122/1163 2337/1123/1163
f 2339/1124/1164 2288/1125/1164 2338/1126/1164
f 2340/1127/1165 2434/1128/1165 2292/1129/1165
f 2345/1130/1166 2465/1131/1166 2464/1132/1166
f 2347/1040/1167 2466/1133/1167 2334/1134/1167
f 2338/1135/1168 2341/1136/1168 2348/1137/1168
f 2288/1103/1169 2467/1043/1169 2338/1138/1169
f 2348/1139/1170 2467/1140/1170 2288/1135/1170
f 2349/1141/1171 2468/1142/1171 2350/1143/1171
f 2350/1144/1172 2437/1145/1172 2295/1146/1172
f 2353/1147/1173 2352/1145/1173 2308/1146/1173
f 2356/1147/1174 2363/1145/1174 2355/1146/1174
f 2359/1147/1175 2447/1145/1175 2358/1146/1175
f 2360/910/1176 2469/1050/1176 2311/913/1176
f 2361/1148/1177 2448/1056/1177 2312/1149/1177
f 2313/1137/1178 2394/1150/1178 2470/1135/1178
f 2308/1151/1179 2486/1152/1179 2362/1153/1179
f 2309/1151/1180 2411/1152/1180 2473/1153/1180
f 2310/881/1181 2364/926/1181 2447/1039/1181
f 2365/928/1182 2475/1065/1182 2330/933/1182
f 2367/1067/1183 2483/1066/1183 2316/929/1183
f 2369/1130/1184 2484/1131/1184 2476/1132/1184
f 2370/940/1185 2484/1071/1185 2317/936/1185
f 2373/1154/1186 2452/1155/1186 2372/1156/1186
f 2374/1157/1187 2477/1158/1187 2319/1159/1187
f 2377/1154/1188 2478/1155/1188 2321/1156/1188
f 2380/1160/1189 2379/1128/1189 2311/1129/1189
f 2383/1160/1190 2448/1128/1190 2382/1129/1190
f 2386/1160/1191 2385/1128/1191 2313/1129/1191
f 2387/1161/1192 2449/1162/1192 2315/1163/1192
f 2389/1164/1193 2391/1125/1193 2392/1126/1193
f 2393/1164/1194 2479/1125/1194 2392/1126/1194
f 2395/1165/1195 2480/1166/1195 2330/1121/1195
f 2396/1167/1196 2481/1122/1196 2397/1123/1196
f 2399/1165/1197 2464/1166/1197 2482/1121/1197
f 2401/1168/603 2456/1169/603 2329/1170/603
f 2403/1171/1198 2483/1119/1198 2402/1120/1198
f 2403/1172/1199 2484/1119/1199 2405/1120/1199
f 2408/1173/870 2450/1174/870 2320/1175/870
f 2410/1176/1200 2486/1111/1200 2409/1112/1200
f 2413/1176/1201 2487/1111/1201 2412/1112/1201
f 2415/1177/570 2443/1178/570 2303/1179/570
f 2418/1180/1202 2488/1108/1202 2417/1109/1202
f 2421/1180/1203 2489/1108/1203 2420/1109/1203
f 2423/1001/1204 2452/1181/1204 2323/1005/1204
f 2424/1182/1205 2452/1183/1205 2488/1184/1205
f 2326/1002/1206 2425/1083/1206 2488/1082/1206
f 2426/1010/1207 2489/1081/1207 2325/996/1207
f 2296/1687/1990 2284/842/1990 2295/841/1990
f 2288/843/1991 2289/1688/1991 2287/1689/1991
f 2291/834/1992 2296/1690/1992 2295/835/1992
f 2287/840/1993 2293/1691/1993 2295/841/1993
f 2287/840/1994 2284/842/1994 2288/843/1994
f 2297/972/603 2315/895/603 2307/945/603
f 2300/945/570 2320/848/570 2298/972/570
f 2302/908/1192 2303/895/1192 2327/847/1192
f 2321/852/1995 2331/851/1995 2291/1692/1995
f 2306/853/1996 2444/856/1996 2332/854/1996
f 2284/858/1997 2333/857/1997 2294/855/1997
f 2324/850/1998 2332/854/1998 2333/857/1998
f 2350/861/1999 2336/860/1999 2335/862/1999
f 2293/864/2000 2461/863/2000 2286/859/2000
f 2287/866/2001 2463/865/2001 2345/977/2001
f 2289/855/2002 2337/868/2002 2463/865/2002
f 2337/868/2003 2339/867/2003 2338/968/2003
f 2313/869/2004 2341/872/2004 2340/870/2004
f 2294/855/2005 2340/870/2005 2292/871/2005
f 2318/860/2006 2321/876/2006 2342/873/2006
f 2291/875/2007 2343/878/2007 2342/873/2007
f 2290/877/2008 2344/874/2008 2343/878/2008
f 2293/889/2009 2465/1693/2009 2335/1694/2009
f 2285/886/2010 2347/885/2010 2334/882/2010
f 2295/884/2011 2346/1695/2011 2347/885/2011
f 2292/871/2012 2348/880/2012 2288/1696/2012
f 2310/881/2013 2349/854/2013 2350/861/2013
f 2286/859/2014 2350/861/2014 2295/884/2014
f 2299/847/2015 2352/897/2015 2351/895/2015
f 2328/899/2016 2353/898/2016 2308/896/2016
f 2329/848/2017 2351/895/2017 2353/898/2017
f 2308/896/2018 2355/902/2018 2354/900/2018
f 2403/903/2019 2356/904/2019 2355/902/2019
f 2328/899/2020 2354/900/2020 2356/904/2020
f 2309/901/2021 2358/906/2021 2357/905/2021
f 2350/861/2022 2359/907/2022 2358/906/2022
f 2403/903/2023 2357/905/2023 2359/907/2023
f 2302/908/2024 2307/912/2024 2446/909/2024
f 2302/1004/2025 2360/1697/2025 2311/1698/2025
f 2311/1698/2026 2361/1148/2026 2312/1149/2026
f 2338/890/2027 2470/918/2027 2392/911/2027
f 2312/1149/2028 2471/1699/2028 2313/892/2028
f 2299/847/2029 2298/922/2029 2362/919/2029
f 2299/931/2030 2472/1700/2030 2308/1701/2030
f 2412/925/2031 2473/924/2031 2409/921/2031
f 2308/1701/2032 2363/1702/2032 2309/1703/2032
f 2334/882/2033 2474/927/2033 2412/925/2033
f 2309/1703/2034 2364/1704/2034 2310/887/2034
f 2301/849/2035 2366/1705/2035 2365/928/2035
f 2297/912/2036 2365/928/2036 2330/933/2036
f 2317/1706/2037 2367/1067/2037 2316/929/2037
f 2317/936/2038 2369/938/2038 2368/935/2038
f 2335/1694/2039 2370/1707/2039 2317/1706/2039
f 2335/862/2040 2345/941/2040 2476/939/2040
f 2320/848/2041 2300/945/2041 2371/942/2041
f 2323/944/2042 2372/947/2042 2371/942/2042
f 2319/946/2043 2373/943/2043 2372/947/2043
f 2319/946/2044 2323/944/2044 2374/949/2044
f 2322/948/2045 2375/950/2045 2374/949/2045
f 2319/946/2046 2322/948/2046 2376/951/2046
f 2318/860/2047 2377/952/2047 2321/876/2047
f 2302/908/2048 2379/953/2048 2378/848/2048
f 2304/899/2049 2380/954/2049 2311/913/2049
f 2303/895/2050 2378/848/2050 2380/954/2050
f 2311/913/2051 2382/956/2051 2381/955/2051
f 2305/957/2052 2383/958/2052 2382/956/2052
f 2304/899/2053 2381/955/2053 2383/958/2053
f 2312/915/2054 2385/960/2054 2384/959/2054
f 2306/853/2049 2386/961/2049 2313/869/2049
f 2305/957/2055 2384/959/2055 2386/961/2055
f 2397/963/2056 2387/898/2056 2315/895/2056
f 2397/963/2057 2392/964/2057 2388/962/2057
f 2397/963/2058 2389/900/2058 2392/964/2058
f 2314/957/2059 2390/904/2059 2389/900/2059
f 2314/957/2060 2392/964/2060 2391/965/2060
f 2314/957/2061 2393/966/2061 2392/964/2061
f 2337/868/2062 2338/968/2062 2394/967/2062
f 2315/895/2063 2297/972/2063 2480/969/2063
f 2397/963/2064 2395/954/2064 2330/971/2064
f 2315/895/2065 2458/970/2065 2395/954/2065
f 2397/963/2066 2330/971/2066 2396/974/2066
f 2369/973/2067 2457/975/2067 2396/974/2067
f 2314/957/2068 2397/963/2068 2457/975/2068
f 2345/977/2069 2482/976/2069 2369/973/2069
f 2337/868/2070 2399/961/2070 2482/976/2070
f 2314/957/2071 2398/959/2071 2399/961/2071
f 2328/899/2072 2401/954/2072 2329/848/2072
f 2316/932/2073 2400/978/2073 2401/954/2073
f 2328/899/2074 2403/903/2074 2402/979/2074
f 2317/936/2075 2404/981/2075 2455/980/2075
f 2316/932/2076 2402/979/2076 2404/981/2076
f 2350/861/2077 2485/983/2077 2403/903/2077
f 2335/862/2078 2406/984/2078 2485/983/2078
f 2317/936/2079 2405/982/2079 2406/984/2079
f 2319/946/2080 2408/954/2080 2320/848/2080
f 2319/946/2081 2409/986/2081 2407/985/2081
f 2319/946/2082 2410/988/2082 2409/986/2082
f 2319/946/2083 2412/989/2083 2411/987/2083
f 2319/946/2084 2413/959/2084 2412/989/2084
f 2318/860/870 2414/961/870 2413/959/870
f 2318/860/2085 2334/991/2085 2487/990/2085
f 2304/899/2086 2415/898/2086 2303/895/2086
f 2326/993/2087 2416/992/2087 2415/898/2087
f 2304/899/2088 2418/995/2088 2417/994/2088
f 2325/996/2089 2419/997/2089 2418/995/2089
f 2326/993/2090 2417/994/2090 2419/997/2090
f 2305/957/2091 2421/999/2091 2420/998/2091
f 2324/850/2092 2422/1000/2092 2421/999/2092
f 2325/996/2093 2420/998/2093 2422/1000/2093
f 2327/847/2094 2424/1006/2094 2423/1001/2094
f 2300/922/2095 2423/1001/2095 2323/1005/2095
f 2325/1708/2096 2425/1083/2096 2326/1002/2096
f 2324/1104/2097 2426/1709/2097 2325/1708/2097
f 2322/1007/2098 2490/1009/2098 2321/852/2098
f 2433/1011/2099 2437/1710/2099 2465/1012/2099
f 2435/1013/2100 2430/1711/2101 2429/1014/2102
f 2437/1710/2103 2428/1712/2104 2465/1012/2105
f 2434/1713/2106 2436/1714/2107 2427/1015/2108
f 2432/1715/2109 2431/1716/2110 2433/1011/2111
f 2432/1715/2112 2433/1011/2112 2435/1013/2112
f 2435/1013/2113 2427/1015/2113 2432/1715/2113
f 2429/1014/2114 2434/1713/2114 2427/1015/2114
f 2441/1062/1192 2456/848/1192 2440/1046/1192
f 2439/1079/603 2450/848/603 2453/1016/603
f 2454/1046/870 2443/895/870 2442/1049/870
f 2427/1717/2115 2284/1105/2115 2432/1035/2115
f 2294/1017/2116 2333/857/2117 2427/1019/2118
f 2474/1020/2119 2459/1718/2119 2460/1021/2119
f 2460/1021/2120 2285/1023/2121 2433/1022/2122
f 2285/1023/2123 2459/1718/2124 2474/1020/2125
f 2406/1024/2126 2461/863/2126 2336/860/2126
f 2468/867/2127 2336/860/2127 2286/1025/2127
f 2286/1025/2128 2461/863/2129 2465/1026/2130
f 2462/860/2131 2463/865/2131 2464/1027/2131
f 2435/1028/2132 2463/865/2133 2337/868/2134
f 2394/1029/2135 2288/1031/2135 2339/867/2135
f 2462/860/2136 2339/867/2136 2289/1017/2136
f 2289/1017/2137 2288/1031/2138 2429/1030/2139
f 2344/874/2140 2342/873/2140 2331/1034/2140
f 2331/1034/2141 2342/873/2142 2343/878/2143
f 2432/1035/2144 2343/878/2145 2344/874/2146
f 2465/1026/2147 2287/1719/2147 2435/1720/2147
f 2346/1038/2148 2466/1721/2148 2474/927/2148
f 2474/1020/2149 2466/1133/2150 2347/1040/2151
f 2347/1040/2152 2346/888/2152 2437/1041/2152
f 2341/1032/2153 2467/1722/2153 2394/1054/2153
f 2467/1043/2154 2348/893/2154 2434/1044/2154
f 2468/867/2155 2349/854/2155 2447/1039/2155
f 2447/1039/2156 2349/854/2157 2437/1042/2158
f 2351/895/2159 2352/897/2159 2440/1046/2159
f 2363/1047/2160 2352/897/2160 2353/898/2160
f 2353/898/2161 2351/895/2161 2456/848/2161
f 2364/926/2162 2363/1047/2162 2356/904/2162
f 2356/904/2163 2354/900/2163 2401/954/2163
f 2359/907/2163 2357/905/2163 2455/980/2163
f 2360/910/2164 2446/909/2164 2438/1048/2164
f 2469/1050/2165 2360/910/2165 2442/1049/2165
f 2361/1051/2166 2445/1052/2166 2446/909/2166
f 2471/917/2167 2470/918/2167 2445/1052/2167
f 2394/1029/2168 2471/1055/2168 2341/1057/2168
f 2440/1046/2169 2472/920/2169 2362/919/2169
f 2439/1079/2170 2362/1723/2170 2486/1061/2170
f 2486/1061/2171 2472/1724/2171 2363/1702/2171
f 2363/1702/2172 2473/1059/2172 2486/1061/2172
f 2411/1060/2173 2363/1702/2173 2364/1725/2173
f 2364/1725/2174 2474/1726/2174 2411/1060/2174
f 2458/1048/2175 2365/928/2175 2366/934/2175
f 2366/934/2176 2475/1065/2176 2368/1064/2176
f 2475/1065/2177 2365/928/2177 2458/1048/2177
f 2367/1069/2178 2368/1064/2178 2457/1070/2178
f 2457/1070/2179 2476/939/2179 2484/1071/2179
f 2406/1073/2180 2370/1072/2180 2464/1027/2180
f 2373/943/2181 2371/942/2181 2453/1016/2181
f 2477/900/2182 2374/949/2182 2452/1074/2182
f 2377/952/2183 2376/951/2183 2451/1075/2183
f 2376/951/2184 2478/967/2184 2331/1034/2184
f 2331/1034/2185 2478/967/2185 2377/952/2185
f 2378/848/2186 2379/953/2186 2442/1049/2186
f 2361/1051/2187 2379/953/2187 2380/954/2187
f 2380/954/2188 2378/848/2188 2443/895/2188
f 2383/958/2189 2381/955/2189 2415/898/2189
f 2384/959/2190 2385/960/2190 2448/1053/2190
f 2341/1032/2191 2385/960/2191 2386/961/2191
f 2438/1016/2192 2388/962/2192 2449/895/2192
f 2449/895/2193 2387/898/2193 2481/955/2193
f 2387/898/2194 2388/962/2194 2446/1076/2194
f 2446/1076/2195 2391/965/2195 2389/900/2195
f 2390/904/2196 2391/965/2196 2445/1077/2196
f 2445/1077/2197 2479/951/2197 2393/966/2197
f 2394/1029/2198 2479/951/2198 2445/1077/2198
f 2368/1078/2199 2480/969/2199 2395/954/2199
f 2395/954/2200 2458/970/2200 2449/895/2200
f 2481/955/2201 2396/974/2201 2368/1078/2201
f 2398/959/2202 2482/1727/2202 2457/975/2202
f 2457/975/2203 2482/1727/2203 2464/1027/2203
f 2399/961/2204 2398/959/2204 2390/904/2204
f 2441/1062/2205 2400/978/2205 2456/848/2205
f 2401/954/2206 2400/978/2206 2483/1063/2206
f 2455/980/2207 2404/981/2207 2484/1071/2207
f 2439/1079/2208 2407/985/2208 2450/848/2208
f 2450/848/2209 2408/954/2209 2477/900/2209
f 2411/1060/2210 2487/990/2210 2413/959/2210
f 2413/959/2211 2414/961/2211 2344/874/2211
f 2414/961/2212 2487/990/2212 2474/1020/2212
f 2454/1046/2213 2416/992/2213 2443/895/2213
f 2415/898/2214 2416/992/2214 2488/1080/2214
f 2418/995/2215 2419/997/2215 2489/1081/2215
f 2421/999/2216 2422/1000/2216 2427/1019/2216
f 2423/1001/2217 2424/1006/2217 2454/1046/2217
f 2454/1046/2218 2424/1006/2218 2488/1080/2218
f 2452/1074/2219 2423/1728/2219 2453/1016/2219
f 2452/1074/2220 2322/1085/2220 2488/1082/2220
f 2489/1084/2221 2425/1083/2221 2451/1075/2221
f 2451/1075/2222 2490/1729/2222 2489/1084/2222
f 2489/1081/2223 2426/1010/2223 2427/1019/2223
f 2426/1010/2224 2490/1009/2224 2331/1086/2224
f 2298/1088/94 2299/1095/94 2440/1089/94
f 2302/1091/94 2327/1102/94 2454/1092/94
f 2297/1730/94 2307/1098/94 2438/1099/94
f 2301/1094/94 2441/1097/94 2440/1089/94
f 2301/1094/2225 2297/1730/2225 2458/1096/2225
f 2307/1098/94 2302/1091/94 2442/1093/94
f 2300/1100/216 2298/1088/216 2439/1090/216
f 2327/1102/94 2300/1100/94 2453/1101/94
f 2297/1730/2226 2438/1099/2226 2458/1096/2226
f 2331/1731/2227 2324/1182/2227 2427/1732/2227
f 2284/1733/2228 2291/1734/2228 2432/1183/2228
f 2332/1735/2229 2427/1736/2229 2333/1737/2229
f 2318/1110/2230 2460/1117/2230 2459/1111/2230
f 2334/1115/2231 2459/1738/2231 2285/1739/2231
f 2345/1121/2232 2463/1166/2232 2462/1122/2232
f 2292/1740/2233 2434/1741/2233 2341/1742/2233
f 2345/1130/2234 2335/1743/2234 2465/1131/2234
f 2345/1134/2235 2464/1027/2235 2287/1037/2235
f 2334/1153/2236 2466/1744/2236 2346/1745/2236
f 2338/1135/2237 2467/1140/2237 2341/1136/2237
f 2295/1746/2238 2437/1747/2238 2349/1748/2238
f 2355/1146/2239 2363/1145/2239 2354/1749/2239
f 2358/1146/2240 2364/1145/2240 2357/1749/2240
f 2358/1750/2241 2447/1751/2241 2364/1752/2241
f 2311/1137/2242 2469/1753/2242 2446/1754/2242
f 2392/1135/2243 2445/1755/2243 2361/1756/2243
f 2312/1137/2244 2448/1753/2244 2445/1757/2244
f 2392/1135/2245 2470/1755/2245 2471/1758/2245
f 2313/1137/2246 2471/1759/2246 2394/1150/2246
f 2308/1151/2247 2472/1760/2247 2486/1152/2247
f 2409/1153/2248 2473/1744/2248 2363/1761/2248
f 2309/1151/2249 2363/1760/2249 2411/1152/2249
f 2412/1153/2250 2474/1744/2250 2364/1762/2250
f 2310/1151/2251 2447/1763/2251 2474/1764/2251
f 2366/1765/2252 2330/1130/2252 2475/1766/2252
f 2368/1767/2253 2316/1743/2253 2483/1131/2253
f 2369/1130/32 2317/1743/32 2484/1131/32
f 2370/1768/2254 2476/1130/2254 2464/1769/2254
f 2372/1770/2255 2452/1771/2255 2371/1772/2255
f 2319/1773/2256 2477/1774/2256 2375/1775/2256
f 2375/1776/2257 2451/1777/2257 2374/1778/2257
f 2321/1779/2258 2478/1780/2258 2376/1781/2258
f 2382/1129/2259 2361/1128/2259 2381/1782/2259
f 2382/1783/2260 2448/1784/2260 2361/1785/2260
f 2315/1786/2261 2449/1787/2261 2388/1788/2261
f 2392/1789/2262 2479/1790/2262 2394/1791/2262
f 2369/1121/2263 2482/1166/2263 2398/1792/2263
f 2329/1172/2264 2456/1793/2264 2400/1794/2264
f 2402/1795/2265 2483/1796/2265 2404/1797/2265
f 2403/1172/2266 2485/1793/2266 2484/1119/2266
f 2405/1798/2267 2484/1752/2267 2406/1799/2267
f 2320/1110/2268 2450/1117/2268 2407/1800/2268
f 2407/1112/2269 2486/1111/2269 2408/1801/2269
f 2409/1773/2270 2486/1774/2270 2411/1802/2270
f 2303/1803/2271 2443/1804/2271 2416/1805/2271
f 2417/1806/2272 2488/1785/2272 2419/1807/2272
f 2420/1808/2273 2489/1809/2273 2422/1810/2273
f 2424/1182/2274 2323/1734/2274 2452/1183/2274
f 2322/1811/2275 2326/1182/2275 2488/1184/2275
f 2425/1812/2276 2322/1734/2276 2451/1183/2276
f 2490/1731/2277 2325/1182/2277 2489/1732/2277
f 2426/1813/2278 2321/1734/2278 2490/1814/2278
usemtl GT_MC_Transparent_Glass
f 2081/699/754 2086/700/754 2079/701/754
f 2080/702/755 2084/703/755 2083/704/755
f 2080/702/756 2083/704/756 2082/699/756
f 2082/705/757 2083/706/757 2086/707/757
f 2082/705/1902 2086/707/1902 2081/1600/1902
f 2079/1600/1903 2084/1601/1903 2080/1602/1903
f 2079/1600/1904 2085/1603/1904 2084/1601/1904
f 2079/701/1905 2086/700/1905 2085/703/1905
s 1
usemtl GT_MC_Tiling_Grey_Concrete
f 2146/780/812 2145/781/813 2143/782/814
f 2145/783/813 2146/784/812 2144/785/815
f 2158/788/816 2157/789/817 2155/790/818
f 2157/791/817 2158/792/816 2156/793/819
f 2169/797/820 2170/788/821 2167/798/822
f 2168/799/823 2170/800/821 2169/801/820
f 2181/804/824 2182/780/825 2179/805/826
f 2180/785/827 2182/806/825 2181/783/824
f 2193/789/831 2194/788/832 2191/790/833
f 2206/788/836 2205/797/837 2203/812/838
f 2206/813/836 2204/799/839 2205/801/837
f 2218/780/840 2217/804/841 2215/817/842
f 2218/818/840 2216/785/843 2217/783/841
f 2230/788/844 2229/789/845 2227/798/846
f 2229/791/845 2230/821/844 2228/793/847
f 2241/797/848 2242/788/849 2239/823/850
f 2240/799/851 2242/824/849 2241/801/848
f 2253/804/852 2254/780/853 2251/782/854
f 2252/785/855 2254/818/853 2253/783/852
f 2265/789/856 2266/788/857 2263/827/858
f 2278/788/859 2277/797/860 2275/823/861
f 2278/800/859 2276/799/862 2277/801/860
f 2144/804/1953 2146/780/812 2143/1633/814
f 2156/1639/1957 2158/788/816 2155/1640/818
f 2167/1646/822 2170/788/821 2168/1647/823
f 2179/1654/826 2182/780/825 2180/781/827
f 2191/1657/833 2194/788/832 2192/1639/1964
f 2193/791/831 2192/793/1965 2194/1658/832
f 2204/1647/839 2206/788/836 2203/1657/838
f 2216/781/843 2218/780/840 2215/1667/842
f 2228/1639/1974 2230/788/844 2227/1674/846
f 2239/1657/850 2242/788/849 2240/1647/851
f 2251/1654/854 2254/780/853 2252/781/855
f 2263/1682/858 2266/788/857 2264/1639/1984
f 2265/791/856 2264/793/1985 2266/1658/857
f 2276/1647/862 2278/788/859 2275/1657/861
l 2183 2187
l 2199 2195
l 2139 2135
l 2151 2147
l 2159 2163
l 2171 2175
l 2211 2207
l 2223 2219
l 2231 2235
l 2247 2246
l 2259 2258
l 2271 2267
