# Blender 5.1.0
# www.blender.org
mtllib building21.mtl
o GT_MC_Large_Building.021
v -6.802592 13.715973 5.603949
v 3.521091 13.715971 5.620335
v 3.456103 19.532001 -17.655130
v -7.021745 19.956814 5.932447
v -6.808759 19.532001 -17.525984
v 3.130064 87.564529 -17.084599
v -6.045950 86.040733 -16.892336
v 2.822440 86.040733 2.678186
v -6.937903 0.000000 -17.784275
v -6.045964 20.594028 4.889342
v 3.865559 19.956812 5.865122
v 3.806669 20.417025 -17.727894
v 3.714392 0.000000 -17.784275
v 3.206970 87.896980 5.469093
v 3.714392 0.000000 5.781281
v -6.353575 87.657661 5.134270
v -6.937903 0.000000 5.781281
v -6.302313 84.276138 5.402040
v 3.335151 84.276138 5.145691
v -6.558661 84.276138 -17.148682
v 3.078802 84.276138 -17.405031
v -6.302304 87.818497 -17.276859
v -1.647528 105.034447 10.898595
v -6.141409 10.758246 16.409067
v -8.785495 10.758246 13.423603
v 6.367505 10.758246 7.247632
v 3.556833 10.758246 16.044785
v 6.158627 10.758246 11.995529
v -3.145387 10.758246 1.483600
v -7.447028 10.758246 3.779358
v -1.611756 10.758246 17.766554
v -3.235170 108.122948 17.515118
v -9.725775 103.543930 10.384664
v -8.924556 103.543930 6.371402
v -7.266606 103.543930 15.231358
v -9.097380 108.122948 12.412548
v -3.216228 103.543930 17.470917
v -3.202937 103.543930 1.630911
v -7.315554 108.122948 15.330155
v -7.651289 108.122948 4.129968
v -3.181249 108.122948 1.680092
v -9.484120 108.122948 8.294685
v 2.299621 10.758246 2.240804
v -6.466303 103.543930 3.310541
v 0.322138 -0.000000 0.959843
v 6.347355 0.000000 14.133746
v -0.107869 0.000000 18.242624
v -5.828961 -0.000000 1.668623
v -1.895875 112.701958 17.782429
v -1.756455 112.701958 1.534997
v -1.301663 106.046066 1.420354
v -6.324433 10.758246 2.110855
v -8.655197 10.758246 15.014164
v -5.795663 0.000000 17.386024
v 0.141862 10.758246 0.742445
v 5.592269 10.758246 4.481235
v -9.835661 -0.000000 6.389297
v -10.061130 0.000000 12.383850
v 5.431687 10.758246 15.014163
v 0.322148 10.758246 18.157087
v -9.837508 10.758246 10.198544
v -4.154990 10.758246 17.942350
v 6.044538 0.000000 4.767158
v -9.263539 10.758246 6.219588
v 7.198930 10.758246 9.339245
v 1.768748 106.046066 17.016054
v -7.269362 112.701958 15.359505
v -5.475134 112.701958 2.341059
v -9.756783 112.701958 10.423149
v 3.495442 106.046066 3.335335
v 6.071452 106.046066 12.551703
v -8.595224 112.701958 5.534253
v -1.469577 106.046066 17.607389
v 5.905545 106.046066 6.389806
v -0.987967 104.559036 17.587667
v -7.224839 111.214928 15.517355
v -1.888809 111.214928 1.594723
v -1.151927 104.559036 1.502545
v 4.606778 104.559036 4.455046
v -9.684853 111.214928 8.201943
v 4.175531 104.559036 15.064748
v -1.847917 111.214928 17.490507
v -6.213618 111.214928 3.028944
v 6.443563 104.559036 10.123245
v 3.406796 15.786648 2.437697
v 5.588133 15.786648 5.726249
v -9.838530 15.786648 12.212449
v -10.195552 15.786648 8.071979
v -7.004399 15.786648 16.520508
v -0.751849 15.786648 18.289217
v 7.004426 15.786648 8.862170
v -7.387972 15.786648 2.911214
v 4.393126 15.786648 15.869772
v -1.611758 15.786648 0.820251
v 6.197421 13.151054 11.912411
v -3.523282 13.151054 18.057718
v 4.973155 13.151054 3.958255
v -2.308052 13.151054 0.942284
v -10.347838 13.151054 8.448743
v -8.573794 13.151054 14.951115
v 0.756291 13.151054 17.364824
v -7.004409 13.151054 2.596431
v 4.699569 13.151054 15.563330
v 6.887493 13.151054 7.646921
v 3.557831 15.786648 15.857618
v 5.625798 15.786648 13.322666
v 2.229587 15.786648 2.371809
v 4.123152 15.786648 3.823555
v -9.721378 15.786648 10.357199
v -9.409732 15.786648 7.192982
v -8.798411 15.786648 13.399810
v -6.117647 15.786648 2.814928
v -7.910912 15.786648 4.388884
v -6.781340 15.786648 15.857621
v -3.977247 15.786648 1.760492
v -4.715464 15.786648 17.051487
v 0.753746 15.786648 17.356438
v 6.342792 15.786648 7.976205
v -0.813034 15.786648 1.448842
v 6.497868 15.786648 10.357195
v -2.410493 15.786648 17.668089
v 3.557831 13.151054 15.857618
v 2.166493 13.151054 2.325613
v 5.574897 13.151054 5.717115
v -2.410493 13.151054 17.668089
v 4.123152 13.151054 3.823555
v -9.721378 13.151054 10.357199
v -9.409732 13.151054 7.192982
v -8.798411 13.151054 13.399810
v -6.117647 13.151054 2.814928
v -7.910912 13.151054 4.388884
v -6.781340 13.151054 15.857621
v -3.977247 13.151054 1.760492
v -4.715464 13.151054 17.051487
v 6.497867 13.151054 8.759733
v 5.131785 13.151054 14.064352
v -0.813034 13.151054 1.448842
v 3.406796 20.707365 2.437697
v 5.588133 20.707365 5.726249
v -9.838530 20.707365 12.212449
v -10.195552 20.707365 8.071979
v -7.004399 20.707365 16.520508
v -0.751849 20.707365 18.289217
v 6.506600 20.707365 8.773235
v -7.387972 20.707365 2.911214
v 4.393126 20.707365 15.869772
v -1.611758 20.707365 0.820251
v 6.197421 18.071774 11.912411
v -3.523282 18.071774 18.057718
v 4.973155 18.071774 3.958255
v -2.308052 18.071774 0.942284
v -10.347838 18.071774 8.448743
v -8.573794 18.071774 14.951115
v 0.756291 18.071774 17.364824
v -7.004409 18.071774 2.596431
v 4.699569 18.071774 15.563330
v 6.887493 18.071774 7.646921
v 6.189122 20.707365 11.939767
v 3.557831 20.707365 15.857618
v 2.229587 20.707365 2.371809
v 4.123152 20.707365 3.823555
v -9.721378 20.707365 10.357199
v -9.409732 20.707365 7.192982
v -8.798411 20.707365 13.399810
v -6.117647 20.707365 2.814928
v -7.910912 20.707365 4.388884
v -6.781340 20.707365 15.857621
v -3.977247 20.707365 1.760492
v -4.715464 20.707365 17.051487
v 0.753746 20.707365 17.356438
v 5.131785 20.707365 14.064352
v -0.813034 20.707365 1.448842
v -2.410493 20.707365 17.668089
v 3.557831 18.071774 15.857618
v 2.166493 18.071774 2.325613
v 5.574897 18.071774 5.717115
v -2.410493 18.071774 17.668089
v 4.123152 18.071772 3.823555
v -9.721378 18.071774 10.357199
v -9.409732 18.071774 7.192982
v -8.798411 18.071774 13.399810
v -6.117647 18.071772 2.814928
v -7.910912 18.071774 4.388884
v -6.781340 18.071774 15.857621
v -3.977247 18.071774 1.760492
v -4.715464 18.071772 17.051487
v 6.497867 18.071774 8.759733
v 5.131785 18.071772 14.064352
v -0.813034 18.071774 1.448842
v 3.406796 25.628088 2.437697
v 5.588133 25.628088 5.726249
v -9.838530 25.628088 12.212449
v -10.195552 25.628088 8.071979
v -7.004400 25.628088 16.520508
v -0.751849 25.628088 18.289217
v 7.004426 25.628088 8.862170
v -7.387972 25.628088 2.911214
v 4.393126 25.628088 15.869772
v -1.611758 25.628088 0.820251
v 6.197421 22.992496 11.912411
v -3.523282 22.992496 18.057718
v 4.973155 22.992496 3.958255
v -2.308052 22.992496 0.942284
v -10.347838 22.992496 8.448743
v -8.573794 22.992496 14.951115
v 0.756291 22.992496 17.364824
v -7.004409 22.992496 2.596431
v 4.699569 22.992496 15.563330
v 6.887493 22.992496 7.646921
v 3.557831 25.628088 15.857618
v 5.625798 25.628088 13.322666
v 2.229587 25.628088 2.371809
v 4.123152 25.628086 3.823555
v -9.721378 25.628088 10.357199
v -9.409732 25.628088 7.192982
v -8.798411 25.628088 13.399810
v -6.117647 25.628086 2.814928
v -7.910912 25.628088 4.388884
v -6.781340 25.628088 15.857621
v -3.977247 25.628088 1.760492
v -4.715464 25.628086 17.051487
v 0.753746 25.628088 17.356438
v 6.342792 25.628086 7.976205
v -0.813034 25.628088 1.448842
v 6.497868 25.628088 10.357195
v -2.410493 25.628088 17.668089
v 3.557831 22.992496 15.857618
v 2.166493 22.992496 2.325613
v 5.574897 22.992496 5.717115
v -2.410493 22.992496 17.668089
v 4.123152 22.992495 3.823555
v -9.721378 22.992496 10.357199
v -9.409732 22.992496 7.192982
v -8.798411 22.992496 13.399810
v -6.117647 22.992495 2.814928
v -7.910912 22.992496 4.388884
v -6.781340 22.992496 15.857621
v -3.977247 22.992496 1.760492
v -4.715464 22.992495 17.051487
v 6.497867 22.992496 8.759733
v 5.131785 22.992495 14.064352
v -0.813034 22.992496 1.448842
v 3.406796 30.548805 2.437697
v 5.588133 30.548805 5.726249
v -9.838530 30.548805 12.212449
v -10.195552 30.548805 8.071979
v -7.004400 30.548805 16.520508
v -0.751849 30.548805 18.289217
v 7.004426 30.548805 8.862170
v -7.387972 30.548805 2.911214
v 3.614528 30.548805 15.827169
v -1.611758 30.548805 0.820251
v 6.197421 27.913214 11.912411
v -3.523282 27.913214 18.057718
v 4.973155 27.913214 3.958255
v -2.308052 27.913214 0.942284
v -10.347838 27.913214 8.448743
v -8.573794 27.913214 14.951115
v 0.756291 27.913214 17.364824
v -7.004409 27.913214 2.596431
v 4.699569 27.913214 15.563330
v 6.887493 27.913214 7.646921
v 5.625798 30.548805 13.322666
v 2.229587 30.548805 2.371809
v 4.123152 30.548805 3.823555
v -9.721378 30.548805 10.357199
v -9.409732 30.548805 7.192982
v -8.798411 30.548805 13.399810
v -6.117647 30.548805 2.814928
v -7.910912 30.548805 4.388884
v -6.781340 30.548805 15.857621
v -3.977247 30.548805 1.760492
v -4.715464 30.548805 17.051487
v 0.753746 30.548805 17.356438
v 6.342792 30.548805 7.976205
v -0.813034 30.548805 1.448842
v 6.497868 30.548805 10.357195
v -2.410493 30.548805 17.668089
v 3.557831 27.913214 15.857618
v 2.166493 27.913214 2.325613
v 5.574897 27.913214 5.717115
v -2.410493 27.913214 17.668089
v 4.123152 27.913214 3.823555
v -9.721378 27.913214 10.357199
v -9.409732 27.913214 7.192982
v -8.798411 27.913214 13.399810
v -6.117647 27.913214 2.814928
v -7.910912 27.913214 4.388884
v -6.781340 27.913214 15.857621
v -3.977247 27.913214 1.760492
v -4.715464 27.913214 17.051487
v 6.497867 27.913214 8.759733
v 5.131785 27.913214 14.064352
v -0.813034 27.913214 1.448842
v 3.406796 35.469524 2.437697
v 5.588133 35.469524 5.726249
v -9.838530 35.469524 12.212449
v -10.195552 35.469524 8.071979
v -7.004400 35.469524 16.520508
v -0.751849 35.469524 18.289217
v 7.004426 35.469524 8.862170
v -7.387972 35.469524 2.911214
v 4.393126 35.469524 15.869772
v -1.611758 35.469524 0.820251
v 6.197421 32.833935 11.912411
v -4.404481 32.833935 17.910192
v 4.973155 32.833935 3.958255
v -2.308052 32.833935 0.942284
v -10.347838 32.833935 8.448743
v -8.973295 32.833935 14.216680
v 0.756291 32.833935 17.364824
v -7.004409 32.833935 2.596431
v 4.699569 32.833935 15.563330
v 6.887493 32.833935 7.646921
v 3.557831 35.469524 15.857618
v 5.625798 35.469524 13.322666
v 2.229587 35.469524 2.371809
v 4.123152 35.469524 3.823555
v -9.721378 35.469524 10.357199
v -9.409732 35.469524 7.192982
v -8.798411 35.469524 13.399810
v -6.117647 35.469524 2.814928
v -7.910912 35.469524 4.388884
v -6.781340 35.469524 15.857621
v -3.977247 35.469524 1.760492
v -4.715464 35.469524 17.051487
v 0.753746 35.469524 17.356438
v 6.342792 35.469524 7.976205
v -0.813034 35.469524 1.448842
v 6.497868 35.469524 10.357195
v -2.410493 35.469524 17.668089
v 3.557831 32.833935 15.857618
v 2.166493 32.833935 2.325613
v 5.574897 32.833935 5.717115
v -2.410493 32.833935 17.668089
v 4.123152 32.833935 3.823555
v -9.721378 32.833935 10.357199
v -9.409732 32.833935 7.192982
v -8.798411 32.833935 13.399810
v -6.117647 32.833935 2.814928
v -7.910912 32.833935 4.388884
v -6.781340 32.833935 15.857621
v -3.977247 32.833935 1.760492
v -4.715464 32.833935 17.051487
v 6.497867 32.833935 8.759733
v 5.131785 32.833935 14.064352
v -0.813034 32.833935 1.448842
v 3.406796 40.390251 2.437697
v 5.588133 40.390251 5.726249
v -9.838530 40.390251 12.212449
v -10.195552 40.390251 8.071979
v -7.004399 40.390251 16.520508
v -0.751849 40.390251 18.289217
v 6.506600 40.390251 8.773235
v -7.387972 40.390251 2.911214
v 4.393126 40.390251 15.869772
v -1.611758 40.390251 0.820251
v 6.197421 37.754662 11.912411
v -3.523282 37.754662 18.057718
v 4.973155 37.754662 3.958255
v -2.308052 37.754662 0.942284
v -10.347838 37.754662 8.448743
v -8.573794 37.754662 14.951115
v 0.756291 37.754662 17.364824
v -7.004409 37.754662 2.596431
v 4.699569 37.754662 15.563330
v 6.887493 37.754662 7.646921
v 6.189122 40.390251 11.939767
v 3.557831 40.390251 15.857618
v 2.229587 40.390251 2.371809
v 4.123152 40.390251 3.823555
v -9.721378 40.390251 10.357199
v -9.409732 40.390251 7.192982
v -8.798411 40.390251 13.399810
v -6.117647 40.390251 2.814928
v -7.910912 40.390251 4.388884
v -6.781340 40.390251 15.857621
v -3.977247 40.390251 1.760492
v -4.715464 40.390251 17.051487
v 0.753746 40.390251 17.356438
v 5.131785 40.390251 14.064352
v -0.813034 40.390251 1.448842
v -2.410493 40.390251 17.668089
v 3.557831 37.754662 15.857618
v 2.166493 37.754662 2.325613
v 5.574897 37.754662 5.717115
v -2.410493 37.754662 17.668089
v 4.123152 37.754658 3.823555
v -9.721378 37.754662 10.357199
v -9.409732 37.754662 7.192982
v -8.798411 37.754662 13.399810
v -6.117647 37.754658 2.814928
v -7.910912 37.754662 4.388884
v -6.781340 37.754662 15.857621
v -3.977247 37.754662 1.760492
v -4.715464 37.754658 17.051487
v 6.497867 37.754662 8.759733
v 5.131785 37.754658 14.064352
v -0.813034 37.754662 1.448842
v 3.406796 45.310970 2.437697
v 5.588133 45.310970 5.726249
v -9.838530 45.310970 12.212449
v -10.195552 45.310970 8.071979
v -7.004399 45.310970 16.520508
v -0.751849 45.310970 18.289217
v 7.004426 45.310970 8.862170
v -7.387972 45.310970 2.911214
v 3.614528 45.310970 15.827169
v -1.611758 45.310970 0.820251
v 6.197421 42.675377 11.912411
v -3.523282 42.675377 18.057718
v 4.973155 42.675377 3.958255
v -2.308052 42.675377 0.942284
v -10.347838 42.675377 8.448743
v -8.573794 42.675377 14.951115
v 0.756291 42.675377 17.364824
v -7.004409 42.675377 2.596431
v 4.699569 42.675377 15.563330
v 6.887493 42.675377 7.646921
v 5.625798 45.310970 13.322666
v 2.229587 45.310970 2.371809
v 4.123152 45.310970 3.823555
v -9.721378 45.310970 10.357199
v -9.409732 45.310970 7.192982
v -8.798411 45.310970 13.399810
v -6.117647 45.310970 2.814928
v -7.910912 45.310970 4.388884
v -6.781340 45.310970 15.857621
v -3.977247 45.310970 1.760492
v -4.715464 45.310970 17.051487
v 0.753746 45.310970 17.356438
v 6.342792 45.310970 7.976205
v -0.813034 45.310970 1.448842
v 6.497868 45.310970 10.357195
v -2.410493 45.310970 17.668089
v 3.557831 42.675377 15.857618
v 2.166493 42.675377 2.325613
v 5.574897 42.675377 5.717115
v -2.410493 42.675377 17.668089
v 4.123152 42.675377 3.823555
v -9.721378 42.675377 10.357199
v -9.409732 42.675377 7.192982
v -8.798411 42.675377 13.399810
v -6.117647 42.675377 2.814928
v -7.910912 42.675377 4.388884
v -6.781340 42.675377 15.857621
v -3.977247 42.675377 1.760492
v -4.715464 42.675377 17.051487
v 6.497867 42.675377 8.759733
v 5.131785 42.675377 14.064352
v -0.813034 42.675377 1.448842
v 3.406796 50.231686 2.437697
v 5.588133 50.231686 5.726249
v -9.838530 50.231686 12.212449
v -10.195552 50.231686 8.071979
v -7.004399 50.231686 16.520508
v -0.751849 50.231686 18.289217
v 7.004426 50.231686 8.862170
v -7.387972 50.231686 2.911214
v 4.393126 50.231686 15.869772
v -1.611758 50.231686 0.820251
v 6.197421 47.596107 11.912411
v -3.523282 47.596107 18.057718
v 4.973155 47.596107 3.958255
v -2.308052 47.596107 0.942284
v -10.347838 47.596107 8.448743
v -8.573794 47.596107 14.951115
v 0.756291 47.596107 17.364824
v -7.004409 47.596107 2.596431
v 4.699569 47.596107 15.563330
v 6.887493 47.596107 7.646921
v 3.557831 50.231686 15.857618
v 5.625798 50.231686 13.322666
v 2.229587 50.231686 2.371809
v 4.123152 50.231686 3.823555
v -9.721378 50.231686 10.357199
v -9.409732 50.231686 7.192982
v -8.798411 50.231686 13.399810
v -6.117647 50.231686 2.814928
v -7.910912 50.231686 4.388884
v -6.781340 50.231686 15.857621
v -3.977247 50.231686 1.760492
v -4.715464 50.231686 17.051487
v 0.753746 50.231686 17.356438
v 6.342792 50.231686 7.976205
v -0.813034 50.231686 1.448842
v 6.497868 50.231686 10.357195
v -2.410493 50.231686 17.668089
v 3.557831 47.596107 15.857618
v 2.166493 47.596107 2.325613
v 5.574897 47.596107 5.717115
v -2.410493 47.596107 17.668089
v 4.123152 47.596104 3.823555
v -9.721378 47.596107 10.357199
v -9.409732 47.596107 7.192982
v -8.798411 47.596107 13.399810
v -6.117647 47.596104 2.814928
v -7.910912 47.596107 4.388884
v -6.781340 47.596107 15.857621
v -3.977247 47.596107 1.760492
v -4.715464 47.596104 17.051487
v 6.497867 47.596107 8.759733
v 5.131785 47.596104 14.064352
v -0.813034 47.596107 1.448842
v 3.406796 55.152416 2.437697
v 5.588133 55.152416 5.726249
v -9.838530 55.152416 12.212449
v -10.195552 55.152416 8.071979
v -7.004400 55.152416 16.520508
v -0.751849 55.152416 18.289217
v 7.004426 55.152416 8.862170
v -7.387973 55.152416 2.911214
v 4.393126 55.152416 15.869772
v -1.611759 55.152416 0.820251
v 6.197421 52.516823 11.912411
v -3.523282 52.516823 18.057718
v 4.973155 52.516823 3.958255
v -2.308052 52.516823 0.942284
v -10.347838 52.516823 8.448743
v -8.573794 52.516823 14.951115
v 0.756291 52.516823 17.364824
v -7.004409 52.516823 2.596431
v 4.699569 52.516823 15.563330
v 6.887493 52.516823 7.646921
v 3.557831 55.152416 15.857618
v 5.625798 55.152416 13.322666
v 2.229587 55.152416 2.371809
v 4.123152 55.152416 3.823555
v -9.721378 55.152416 10.357199
v -9.409732 55.152416 7.192982
v -8.798411 55.152416 13.399810
v -6.117647 55.152416 2.814928
v -7.910912 55.152416 4.388884
v -6.781340 55.152416 15.857621
v -3.977247 55.152416 1.760492
v -4.715464 55.152416 17.051487
v 0.753746 55.152416 17.356438
v 6.342792 55.152416 7.976205
v -0.813034 55.152416 1.448842
v 6.497868 55.152416 10.357195
v -2.410493 55.152416 17.668089
v 3.557831 52.516823 15.857618
v 2.166493 52.516823 2.325613
v 5.574897 52.516823 5.717115
v -2.410493 52.516823 17.668089
v 4.123152 52.516819 3.823555
v -9.721378 52.516823 10.357199
v -9.409732 52.516823 7.192982
v -8.798411 52.516823 13.399810
v -6.117647 52.516819 2.814928
v -7.910912 52.516823 4.388884
v -6.781340 52.516823 15.857621
v -3.977247 52.516823 1.760492
v -4.715464 52.516819 17.051487
v 6.497867 52.516823 8.759733
v 5.131785 52.516819 14.064352
v -0.813034 52.516823 1.448842
v 3.406796 60.073132 2.437697
v 5.588133 60.073132 5.726249
v -9.838530 60.073132 12.212449
v -10.195552 60.073132 8.071979
v -7.004399 60.073132 16.520508
v -0.751849 60.073132 18.289217
v 7.004426 60.073132 8.862170
v -7.387972 60.073132 2.911214
v 3.614528 60.073132 15.827169
v -1.611758 60.073132 0.820251
v 6.197421 57.437542 11.912411
v -3.523282 57.437542 18.057718
v 4.973155 57.437542 3.958255
v -2.308052 57.437542 0.942284
v -10.347838 57.437542 8.448743
v -8.573794 57.437542 14.951115
v 0.756291 57.437542 17.364824
v -7.004409 57.437542 2.596431
v 4.699569 57.437542 15.563330
v 6.887493 57.437542 7.646921
v 5.625798 60.073132 13.322666
v 2.229587 60.073132 2.371809
v 4.123152 60.073132 3.823555
v -9.721378 60.073132 10.357199
v -9.409732 60.073132 7.192982
v -8.798411 60.073132 13.399810
v -6.117647 60.073132 2.814928
v -7.910912 60.073132 4.388884
v -6.781340 60.073132 15.857621
v -3.977247 60.073132 1.760492
v -4.715464 60.073132 17.051487
v 0.753746 60.073132 17.356438
v 6.342792 60.073132 7.976205
v -0.813034 60.073132 1.448842
v 6.497868 60.073132 10.357195
v -2.410493 60.073132 17.668089
v 3.557831 57.437542 15.857618
v 2.166493 57.437542 2.325613
v 5.574897 57.437542 5.717115
v -2.410493 57.437542 17.668089
v 4.123152 57.437538 3.823555
v -9.721378 57.437542 10.357199
v -9.409732 57.437542 7.192982
v -8.798411 57.437542 13.399810
v -6.117647 57.437538 2.814928
v -7.910912 57.437542 4.388884
v -6.781340 57.437542 15.857621
v -3.977247 57.437542 1.760492
v -4.715464 57.437538 17.051487
v 6.497867 57.437542 8.759733
v 5.131785 57.437538 14.064352
v -0.813034 57.437542 1.448842
v 3.406796 64.993851 2.437697
v 5.588133 64.993851 5.726249
v -9.838530 64.993851 12.212449
v -10.195552 64.993851 8.071979
v -7.004400 64.993851 16.520508
v -0.751849 64.993851 18.289217
v 6.506600 64.993851 8.773235
v -7.387972 64.993851 2.911214
v 4.393126 64.993851 15.869772
v -1.611758 64.993851 0.820251
v 6.197421 62.358261 11.912411
v -4.404481 62.358261 17.910192
v 4.973155 62.358261 3.958255
v -2.308052 62.358261 0.942284
v -10.347838 62.358261 8.448743
v -8.973295 62.358261 14.216680
v 0.756291 62.358261 17.364824
v -7.004409 62.358261 2.596431
v 4.699569 62.358261 15.563330
v 6.887493 62.358261 7.646921
v 6.189122 64.993851 11.939767
v 3.557831 64.993851 15.857618
v 2.229587 64.993851 2.371809
v 4.123152 64.993851 3.823555
v -9.721378 64.993851 10.357199
v -9.409732 64.993851 7.192982
v -8.798411 64.993851 13.399810
v -6.117647 64.993851 2.814928
v -7.910912 64.993851 4.388884
v -6.781340 64.993851 15.857621
v -3.977247 64.993851 1.760492
v -4.715464 64.993851 17.051487
v 0.753746 64.993851 17.356438
v 5.131785 64.993851 14.064352
v -0.813034 64.993851 1.448842
v -2.410493 64.993851 17.668089
v 3.557831 62.358261 15.857618
v 2.166493 62.358261 2.325613
v 5.574897 62.358261 5.717115
v -2.410493 62.358261 17.668089
v 4.123152 62.358261 3.823555
v -9.721378 62.358261 10.357199
v -9.409732 62.358261 7.192982
v -8.798411 62.358261 13.399810
v -6.117647 62.358261 2.814928
v -7.910912 62.358261 4.388884
v -6.781340 62.358261 15.857621
v -3.977247 62.358261 1.760492
v -4.715464 62.358261 17.051487
v 6.497867 62.358261 8.759733
v 5.131785 62.358261 14.064352
v -0.813034 62.358261 1.448842
v 3.406796 69.914574 2.437697
v 5.588133 69.914574 5.726249
v -9.838530 69.914574 12.212449
v -10.195552 69.914574 8.071979
v -7.004400 69.914574 16.520508
v -0.751849 69.914574 18.289217
v 7.004426 69.914574 8.862170
v -7.387972 69.914574 2.911214
v 3.614528 69.914574 15.827169
v -1.611758 69.914574 0.820251
v 6.197421 67.278984 11.912411
v -4.404481 67.278984 17.910192
v 4.973155 67.278984 3.958255
v -2.308052 67.278984 0.942284
v -10.347838 67.278984 8.448743
v -8.973295 67.278984 14.216680
v 0.756291 67.278984 17.364824
v -7.004409 67.278984 2.596431
v 4.699569 67.278984 15.563330
v 6.887493 67.278984 7.646921
v 5.625798 69.914574 13.322666
v 2.229587 69.914574 2.371809
v 4.123152 69.914574 3.823555
v -9.721378 69.914574 10.357199
v -9.409732 69.914574 7.192982
v -8.798411 69.914574 13.399810
v -6.117647 69.914574 2.814928
v -7.910912 69.914574 4.388884
v -6.781340 69.914574 15.857621
v -3.977247 69.914574 1.760492
v -4.715464 69.914574 17.051487
v 0.753746 69.914574 17.356438
v 6.342792 69.914574 7.976205
v -0.813034 69.914574 1.448842
v 6.497868 69.914574 10.357195
v -2.410493 69.914574 17.668089
v 3.557831 67.278984 15.857618
v 2.166493 67.278984 2.325613
v 5.574897 67.278984 5.717115
v -2.410493 67.278984 17.668089
v 4.123152 67.278984 3.823555
v -9.721378 67.278984 10.357199
v -9.409732 67.278984 7.192982
v -8.798411 67.278984 13.399810
v -6.117647 67.278984 2.814928
v -7.910912 67.278984 4.388884
v -6.781340 67.278984 15.857621
v -3.977247 67.278984 1.760492
v -4.715464 67.278984 17.051487
v 6.497867 67.278984 8.759733
v 5.131785 67.278984 14.064352
v -0.813034 67.278984 1.448842
v 3.406796 74.835297 2.437697
v 5.588133 74.835297 5.726249
v -9.838530 74.835297 12.212449
v -10.195552 74.835297 8.071979
v -7.004400 74.835297 16.520508
v -0.751849 74.835297 18.289217
v 7.004426 74.835297 8.862170
v -7.387972 74.835297 2.911214
v 3.614528 74.835297 15.827169
v -1.611758 74.835297 0.820251
v 6.197421 72.199707 11.912411
v -4.404481 72.199707 17.910192
v 4.973155 72.199707 3.958255
v -2.308052 72.199707 0.942284
v -10.347838 72.199707 8.448743
v -8.973295 72.199707 14.216680
v 0.756291 72.199707 17.364824
v -7.004409 72.199707 2.596431
v 4.699569 72.199707 15.563330
v 6.887493 72.199707 7.646921
v 5.625798 74.835297 13.322666
v 2.229587 74.835297 2.371809
v 4.123152 74.835297 3.823555
v -9.721378 74.835297 10.357199
v -9.409732 74.835297 7.192982
v -8.798411 74.835297 13.399810
v -6.117647 74.835297 2.814928
v -7.910912 74.835297 4.388884
v -6.781340 74.835297 15.857621
v -3.977247 74.835297 1.760492
v -4.715464 74.835297 17.051487
v 0.753746 74.835297 17.356438
v 6.342792 74.835297 7.976205
v -0.813034 74.835297 1.448842
v 6.497868 74.835297 10.357195
v -2.410493 74.835297 17.668089
v 3.557831 72.199707 15.857618
v 2.166493 72.199707 2.325613
v 5.574897 72.199707 5.717115
v -2.410493 72.199707 17.668089
v 4.123152 72.199707 3.823555
v -9.721378 72.199707 10.357199
v -9.409732 72.199707 7.192982
v -8.798411 72.199707 13.399810
v -6.117647 72.199707 2.814928
v -7.910912 72.199707 4.388884
v -6.781340 72.199707 15.857621
v -3.977247 72.199707 1.760492
v -4.715464 72.199707 17.051487
v 6.497867 72.199707 8.759733
v 5.131785 72.199707 14.064352
v -0.813034 72.199707 1.448842
v 3.406796 79.756027 2.437697
v 5.588133 79.756027 5.726249
v -9.838530 79.756027 12.212449
v -10.195552 79.756027 8.071979
v -7.004399 79.756027 16.520508
v -0.751849 79.756027 18.289217
v 6.506600 79.756027 8.773235
v -7.387972 79.756027 2.911214
v 4.393126 79.756027 15.869772
v -1.611759 79.756027 0.820251
v 6.197421 77.120422 11.912411
v -4.404481 77.120422 17.910192
v 4.973155 77.120422 3.958255
v -2.308052 77.120422 0.942284
v -10.347838 77.120422 8.448743
v -8.973295 77.120422 14.216680
v 0.756291 77.120422 17.364824
v -7.004409 77.120422 2.596431
v 4.699569 77.120422 15.563330
v 6.887493 77.120422 7.646921
v 6.189122 79.756027 11.939767
v 3.557831 79.756027 15.857618
v 2.229587 79.756027 2.371809
v 4.123152 79.756027 3.823555
v -9.721378 79.756027 10.357199
v -9.409732 79.756027 7.192982
v -8.798411 79.756027 13.399810
v -6.117647 79.756027 2.814928
v -7.910912 79.756027 4.388884
v -6.781340 79.756027 15.857621
v -3.977247 79.756027 1.760492
v -4.715464 79.756027 17.051487
v 0.753746 79.756027 17.356438
v 5.131785 79.756027 14.064352
v -0.813034 79.756027 1.448842
v -2.410493 79.756027 17.668089
v 3.557831 77.120422 15.857618
v 2.166493 77.120422 2.325613
v 5.574897 77.120422 5.717115
v -2.410493 77.120422 17.668089
v 4.123152 77.120422 3.823555
v -9.721378 77.120422 10.357199
v -9.409732 77.120422 7.192982
v -8.798411 77.120422 13.399810
v -6.117647 77.120422 2.814928
v -7.910912 77.120422 4.388884
v -6.781340 77.120422 15.857621
v -3.977247 77.120422 1.760492
v -4.715464 77.120422 17.051487
v 6.497867 77.120422 8.759733
v 5.131785 77.120422 14.064352
v -0.813034 77.120422 1.448842
v 3.406796 84.676743 2.437697
v 5.588133 84.676743 5.726249
v -9.838530 84.676743 12.212449
v -10.195552 84.676743 8.071979
v -7.004400 84.676743 16.520508
v -0.751849 84.676743 18.289217
v 6.506600 84.676743 8.773235
v -7.387972 84.676743 2.911214
v 4.393126 84.676743 15.869772
v -1.611758 84.676743 0.820251
v 6.197421 82.041153 11.912411
v -4.404481 82.041153 17.910192
v 4.973155 82.041153 3.958255
v -2.308052 82.041153 0.942284
v -10.347838 82.041153 8.448743
v -8.973295 82.041153 14.216680
v 0.756291 82.041153 17.364824
v -7.004409 82.041153 2.596431
v 4.699569 82.041153 15.563330
v 6.887493 82.041153 7.646921
v 6.189122 84.676743 11.939767
v 3.557831 84.676743 15.857618
v 2.229587 84.676743 2.371809
v 4.123152 84.676743 3.823555
v -9.721378 84.676743 10.357199
v -9.409732 84.676743 7.192982
v -8.798411 84.676743 13.399810
v -6.117647 84.676743 2.814928
v -7.910912 84.676743 4.388884
v -6.781340 84.676743 15.857621
v -3.977247 84.676743 1.760492
v -4.715464 84.676743 17.051487
v 0.753746 84.676743 17.356438
v 5.131785 84.676743 14.064352
v -0.813034 84.676743 1.448842
v -2.410493 84.676743 17.668089
v 3.557831 82.041153 15.857618
v 2.166493 82.041153 2.325613
v 5.574897 82.041153 5.717115
v -2.410493 82.041153 17.668089
v 4.123152 82.041153 3.823555
v -9.721378 82.041153 10.357199
v -9.409732 82.041153 7.192982
v -8.798411 82.041153 13.399810
v -6.117647 82.041153 2.814928
v -7.910912 82.041153 4.388884
v -6.781340 82.041153 15.857621
v -3.977247 82.041153 1.760492
v -4.715464 82.041153 17.051487
v 6.497867 82.041153 8.759733
v 5.131785 82.041153 14.064352
v -0.813034 82.041153 1.448842
v 3.406796 89.597458 2.437697
v 5.588133 89.597458 5.726249
v -9.838530 89.597458 12.212449
v -10.195552 89.597458 8.071979
v -7.004400 89.597458 16.520508
v -0.751849 89.597458 18.289217
v 6.506600 89.597458 8.773235
v -7.387972 89.597458 2.911214
v 4.393126 89.597458 15.869772
v -1.611758 89.597458 0.820251
v 6.197421 86.961876 11.912411
v -4.404481 86.961876 17.910192
v 4.973155 86.961876 3.958255
v -2.308052 86.961876 0.942284
v -10.347838 86.961876 8.448743
v -8.973295 86.961876 14.216680
v 0.756291 86.961876 17.364824
v -7.004409 86.961876 2.596431
v 4.699569 86.961876 15.563330
v 6.887493 86.961876 7.646921
v 6.189122 89.597458 11.939767
v 3.557831 89.597458 15.857618
v 2.229587 89.597458 2.371809
v 4.123152 89.597458 3.823555
v -9.721378 89.597458 10.357199
v -9.409732 89.597458 7.192982
v -8.798411 89.597458 13.399810
v -6.117647 89.597458 2.814928
v -7.910912 89.597458 4.388884
v -6.781340 89.597458 15.857621
v -3.977247 89.597458 1.760492
v -4.715464 89.597458 17.051487
v 0.753746 89.597458 17.356438
v 5.131785 89.597458 14.064352
v -0.813034 89.597458 1.448842
v -2.410493 89.597458 17.668089
v 3.557831 86.961876 15.857618
v 2.166493 86.961876 2.325613
v 5.574897 86.961876 5.717115
v -2.410493 86.961876 17.668089
v 4.123152 86.961868 3.823555
v -9.721378 86.961876 10.357199
v -9.409732 86.961876 7.192982
v -8.798411 86.961876 13.399810
v -6.117647 86.961868 2.814928
v -7.910912 86.961876 4.388884
v -6.781340 86.961876 15.857621
v -3.977247 86.961876 1.760492
v -4.715464 86.961868 17.051487
v 6.497867 86.961876 8.759733
v 5.131785 86.961868 14.064352
v -0.813034 86.961876 1.448842
v 3.406796 94.518181 2.437697
v 5.588133 94.518181 5.726249
v -9.838530 94.518181 12.212449
v -10.195552 94.518181 8.071979
v -7.004400 94.518181 16.520508
v -0.751849 94.518181 18.289217
v 7.004426 94.518181 8.862170
v -7.387973 94.518181 2.911214
v 3.614528 94.518181 15.827169
v -1.611759 94.518181 0.820251
v 6.197421 91.882591 11.912411
v -3.523282 91.882591 18.057718
v 4.973155 91.882591 3.958255
v -2.308052 91.882591 0.942284
v -10.347838 91.882591 8.448743
v -8.573794 91.882591 14.951115
v 0.756291 91.882591 17.364824
v -7.004409 91.882591 2.596431
v 4.699569 91.882591 15.563330
v 6.887493 91.882591 7.646921
v 5.625798 94.518181 13.322666
v 2.229587 94.518181 2.371809
v 4.123152 94.518181 3.823555
v -9.721378 94.518181 10.357199
v -9.409732 94.518181 7.192982
v -8.798411 94.518181 13.399810
v -6.117647 94.518181 2.814928
v -7.910912 94.518181 4.388884
v -6.781340 94.518181 15.857621
v -3.977247 94.518181 1.760492
v -4.715464 94.518181 17.051487
v 0.753746 94.518181 17.356438
v 6.342792 94.518181 7.976205
v -0.813034 94.518181 1.448842
v 6.497868 94.518181 10.357195
v -2.410493 94.518181 17.668089
v 3.557831 91.882591 15.857618
v 2.166493 91.882591 2.325613
v 5.574897 91.882591 5.717115
v -2.410493 91.882591 17.668089
v 4.123152 91.882584 3.823555
v -9.721378 91.882591 10.357199
v -9.409732 91.882591 7.192982
v -8.798411 91.882591 13.399810
v -6.117647 91.882584 2.814928
v -7.910912 91.882591 4.388884
v -6.781340 91.882591 15.857621
v -3.977247 91.882591 1.760492
v -4.715464 91.882584 17.051487
v 6.497867 91.882591 8.759733
v 5.131785 91.882584 14.064352
v -0.813034 91.882591 1.448842
v 3.406796 99.438896 2.437697
v 5.588133 99.438896 5.726249
v -9.838530 99.438896 12.212449
v -10.195552 99.438896 8.071979
v -7.004400 99.438896 16.520508
v -0.751849 99.438896 18.289217
v 6.506600 99.438896 8.773235
v -7.387972 99.438896 2.911214
v 4.393126 99.438896 15.869772
v -1.611758 99.438896 0.820251
v 6.197421 96.803307 11.912411
v -4.404481 96.803307 17.910192
v 4.973155 96.803307 3.958255
v -2.308052 96.803307 0.942284
v -10.347838 96.803307 8.448743
v -8.973295 96.803307 14.216680
v 0.756291 96.803307 17.364824
v -7.004409 96.803307 2.596431
v 4.699569 96.803307 15.563330
v 6.887493 96.803307 7.646921
v 6.189122 99.438896 11.939767
v 3.557831 99.438896 15.857618
v 2.229587 99.438896 2.371809
v 4.123152 99.438896 3.823555
v -9.721378 99.438896 10.357199
v -9.409732 99.438896 7.192982
v -8.798411 99.438896 13.399810
v -6.117647 99.438896 2.814928
v -7.910912 99.438896 4.388884
v -6.781340 99.438896 15.857621
v -3.977247 99.438896 1.760492
v -4.715464 99.438896 17.051487
v 0.753746 99.438896 17.356438
v 5.131785 99.438896 14.064352
v -0.813034 99.438896 1.448842
v -2.410493 99.438896 17.668089
v 3.557831 96.803307 15.857618
v 2.166493 96.803307 2.325613
v 5.574897 96.803307 5.717115
v -2.410493 96.803307 17.668089
v 4.123152 96.803307 3.823555
v -9.721378 96.803307 10.357199
v -9.409732 96.803307 7.192982
v -8.798411 96.803307 13.399810
v -6.117647 96.803307 2.814928
v -7.910912 96.803307 4.388884
v -6.781340 96.803307 15.857621
v -3.977247 96.803307 1.760492
v -4.715464 96.803307 17.051487
v 6.497867 96.803307 8.759733
v 5.131785 96.803307 14.064352
v -0.813034 96.803307 1.448842
v 3.406796 104.359612 2.437697
v 5.588133 104.359612 5.726249
v -9.838530 104.359612 12.212449
v -10.195552 104.359612 8.071979
v -7.004400 104.359612 16.520508
v -0.751849 104.359612 18.289217
v 6.506600 104.359612 8.773235
v -7.387972 104.359612 2.911214
v 4.393126 104.359612 15.869772
v -1.611758 104.359612 0.820251
v 6.197421 101.724022 11.912411
v -4.404481 101.724022 17.910192
v 4.973155 101.724022 3.958255
v -2.308052 101.724022 0.942284
v -10.347838 101.724022 8.448743
v -8.973295 101.724022 14.216680
v 0.756291 101.724022 17.364824
v -7.004409 101.724022 2.596431
v 4.699569 101.724022 15.563330
v 6.887493 101.724022 7.646921
v 6.189122 104.359612 11.939767
v 3.557831 104.359612 15.857618
v 2.229587 104.359612 2.371809
v 4.123152 104.359612 3.823555
v -9.721378 104.359612 10.357199
v -9.409732 104.359612 7.192982
v -8.798411 104.359612 13.399810
v -6.117647 104.359612 2.814928
v -7.910912 104.359612 4.388884
v -6.781340 104.359612 15.857621
v -3.977247 104.359612 1.760492
v -4.715464 104.359612 17.051487
v 0.753746 104.359612 17.356438
v 5.131785 104.359612 14.064352
v -0.813034 104.359612 1.448842
v -2.410493 104.359612 17.668089
v 3.557831 101.724022 15.857618
v 2.166493 101.724022 2.325613
v 5.574897 101.724022 5.717115
v -2.410493 101.724022 17.668089
v 4.123152 101.724022 3.823555
v -9.721378 101.724022 10.357199
v -9.409732 101.724022 7.192982
v -8.798411 101.724022 13.399810
v -6.117647 101.724022 2.814928
v -7.910912 101.724022 4.388884
v -6.781340 101.724022 15.857621
v -3.977247 101.724022 1.760492
v -4.715464 101.724022 17.051487
v 6.497867 101.724022 8.759733
v 5.131785 101.724022 14.064352
v -0.813034 101.724022 1.448842
v 3.282608 20.141800 -7.734812
v 3.964751 84.346237 -7.794939
v 2.600465 84.346237 -7.674686
v 2.600464 20.141800 -9.528268
v 3.964750 20.141800 -9.408015
v 3.282607 84.346237 -9.468142
v 2.600464 20.141800 -11.261598
v 3.964750 20.141800 -11.141345
v 3.282607 84.346237 -11.201471
v 2.600464 20.141800 -12.994926
v 3.282607 84.346237 -12.934800
v 3.964750 20.141800 -12.874673
v 3.282607 20.141800 -14.668129
v 3.964750 84.346237 -14.728256
v 2.600464 84.346237 -14.608003
v 2.426686 20.141800 -16.771011
v 4.138527 20.141800 -16.473068
v 3.282607 84.346237 -16.622040
v 3.964752 84.346237 -6.181863
v 2.600465 20.141800 -6.001484
v 3.964751 20.141800 -6.001484
v 2.795363 84.346237 -5.911294
v 3.964752 84.346237 -4.208028
v 3.282609 20.141800 -4.268154
v 2.600465 84.346237 -4.328281
v 3.964752 84.346237 -2.474699
v 3.282609 20.141800 -2.534826
v 2.600465 84.346237 -2.594952
v 2.600466 20.141800 -0.741371
v 3.282609 84.346237 -0.801497
v 3.964752 20.141800 -0.861624
v 2.600466 20.141800 0.991959
v 3.282609 84.346237 0.931833
v 3.964752 20.141800 0.871706
v 2.426689 20.141800 4.473935
v 3.282609 84.346237 4.398491
v 4.138530 20.141800 4.323047
v -7.188262 20.141800 -6.001483
v -5.823976 20.141800 -7.794939
v -6.506119 84.346237 -7.734813
v -7.188262 20.141800 -7.674686
v -7.188262 84.346237 -9.528267
v -6.506119 20.141800 -9.468142
v -5.823976 84.346237 -9.408015
v -5.823976 20.141800 -11.261597
v -6.506119 84.346237 -11.201470
v -7.188262 20.141800 -11.141343
v -7.188262 84.346237 -12.994926
v -6.506119 20.141800 -12.934799
v -5.823976 84.346237 -12.874673
v -5.823976 20.141800 -14.728253
v -6.506119 84.346237 -14.668127
v -7.188262 20.141800 -14.608000
v -5.650199 20.141800 -16.771011
v -6.506120 84.346237 -16.622040
v -7.362041 20.141800 -16.473068
v -7.188262 84.346237 -6.181863
v -5.823976 20.141800 -6.001483
v -6.018874 84.346237 -5.911294
v -5.823976 20.141800 -4.208027
v -7.188262 20.141800 -4.328280
v -6.506119 84.346237 -4.268154
v -5.823976 20.141800 -2.474699
v -7.188262 20.141800 -2.594951
v -6.506119 84.346237 -2.534825
v -5.823976 20.141800 -0.741369
v -7.188262 20.141800 -0.861622
v -6.506119 84.346237 -0.801495
v -5.823976 20.141800 0.991960
v -7.188262 20.141800 0.871706
v -6.506119 84.346237 0.931833
v -5.650198 20.141800 4.473935
v -7.362039 20.141800 4.323047
v -6.506118 84.346237 4.398491
v -3.405212 84.346245 -17.953991
v -3.345085 20.141800 -17.271847
v -3.284959 84.346245 -16.589705
v -5.078414 20.141800 -17.271849
v -5.138541 84.346245 -17.953991
v -5.018288 84.346245 -16.589705
v -1.611757 84.346245 -17.953991
v -1.792135 20.141800 -16.589705
v -1.521567 20.141800 -17.759092
v -1.611756 84.346245 -16.589705
v 0.181699 20.141800 -16.589705
v 0.121573 84.346245 -17.271849
v 0.061446 20.141800 -17.953991
v 1.854900 20.141800 -17.271849
v 1.915028 84.346245 -17.953993
v 1.794776 84.346245 -16.589705
v -7.386172 2.777071 -4.755236
v -7.382287 2.790246 -7.247766
v -7.597685 2.766531 -6.001501
v -7.385666 0.055798 -4.755236
v -7.634205 0.808581 -5.862332
v -7.609860 0.800466 -5.950128
v -7.622033 2.028346 -5.906230
v -7.382020 0.034718 -7.247766
v -7.584351 0.082148 -6.001501
v -7.609860 0.800466 -6.052875
v -7.634205 0.808581 -6.140670
v -7.622033 2.028346 -6.096772
v -7.678564 3.013483 -4.504832
v -7.556665 0.000000 -7.498160
v -5.269036 0.000000 -3.848257
v -5.269036 3.515905 -3.848257
v -5.269037 0.000000 -8.154744
v -5.269036 3.515905 -8.154744
v -7.765634 3.113967 -7.629477
v -7.678564 -0.000000 -4.373518
v -7.096552 2.790246 -0.528253
v -7.311951 2.766531 -1.774517
v -7.096285 0.034718 -0.528253
v -7.298616 0.082148 -1.774517
v -7.348470 0.808581 -1.635348
v -7.324126 0.800466 -1.723144
v -7.336298 2.028346 -1.679246
v -7.100438 2.777071 -3.020782
v -7.099931 0.055798 -3.020782
v -7.324126 0.800466 -1.825891
v -7.348470 0.808581 -1.913687
v -7.336298 2.028346 -1.869789
v -7.392828 3.013483 -0.277849
v -7.270930 -0.000000 -3.271176
v -5.530554 0.000000 0.378726
v -5.530554 3.515905 0.378726
v -5.530554 0.000000 -3.927761
v -5.530554 3.515905 -3.927761
v -7.479899 3.113967 -3.402493
v -7.392828 -0.000000 -0.146534
v -7.096552 2.790246 -11.474750
v -7.311951 2.766531 -10.228484
v -7.099931 0.055798 -11.474750
v -7.298616 0.082148 -10.228484
v -7.324126 0.800466 -10.279858
v -7.348470 0.808581 -10.367655
v -7.336298 2.028346 -10.323756
v -7.100438 2.777071 -8.982220
v -7.096285 0.034718 -8.982220
v -7.348470 0.808581 -10.089315
v -7.324126 0.800466 -10.177111
v -7.336298 2.028346 -10.133213
v -7.270930 -0.000000 -8.731826
v -7.479899 3.113967 -8.600509
v -5.530554 0.000000 -12.381728
v -5.530554 3.515905 -12.381728
v -5.530554 0.000000 -8.075240
v -5.530554 3.515905 -8.075240
v -7.392828 0.000000 -11.856467
v -7.392828 3.013483 -11.725153
v 3.962185 2.777071 -7.247766
v 3.958301 2.790246 -4.755236
v 4.173698 2.766531 -6.001502
v 3.961679 0.055798 -7.247766
v 4.160364 0.073365 -6.001502
v 4.210218 0.808581 -6.140670
v 4.185874 0.800466 -6.052875
v 4.198046 2.028346 -6.096772
v 3.958033 0.038232 -4.755236
v 4.185874 0.800466 -5.950128
v 4.210218 0.808581 -5.862332
v 4.198046 2.028346 -5.906230
v 4.254576 3.013483 -7.629484
v 4.132679 0.000000 -4.504842
v 1.845049 0.000000 -8.154743
v 1.845049 3.515905 -8.154743
v 1.845051 0.000000 -3.848257
v 1.845051 3.515905 -3.848257
v 4.341648 3.113967 -4.373526
v 4.254576 -0.000000 -7.498169
v 3.676450 2.777071 -11.474750
v 3.672564 2.790245 -8.982222
v 3.887963 2.766531 -10.228484
v 3.675943 0.055798 -11.474750
v 3.874628 0.073365 -10.228484
v 3.924482 0.808581 -10.367655
v 3.900138 0.800466 -10.279858
v 3.912310 2.028346 -10.323756
v 3.672297 0.038232 -8.982222
v 3.900138 0.800466 -10.177111
v 3.924482 0.808581 -10.089315
v 3.912310 2.028346 -10.133213
v 3.968840 3.013483 -11.725153
v 3.846943 -0.000000 -8.731826
v 2.106565 0.000000 -12.381726
v 2.106565 3.515905 -12.381726
v 2.106567 0.000000 -8.075240
v 2.106567 3.515905 -8.075240
v 4.055912 3.113967 -8.600509
v 3.968840 -0.000000 -11.856467
v 3.676453 2.777071 -0.528253
v 3.887966 2.759505 -1.774517
v 3.675946 0.055798 -0.528253
v 3.900141 0.800466 -1.723144
v 3.924485 0.808581 -1.635348
v 3.912313 2.028346 -1.679246
v 3.672566 2.794637 -3.020782
v 3.672299 0.038231 -3.020782
v 3.874631 0.073365 -1.774517
v 3.924485 0.808581 -1.913687
v 3.900141 0.800466 -1.825891
v 3.912313 2.028346 -1.869789
v 3.846944 0.000000 -3.271176
v 4.055913 3.013483 -3.402493
v 2.106569 0.000000 0.378727
v 2.106569 3.515905 0.378727
v 2.106568 0.000000 -3.927760
v 2.106568 3.515905 -3.927760
v 3.968844 -0.000000 -0.146534
v 3.968844 3.113967 -0.277849
v 3.569832 7.429408 -17.639713
v 3.569832 7.429408 5.684907
v -6.793343 7.429409 5.588534
v 3.579082 13.715972 -17.590973
v -6.744602 13.715971 -17.648964
v -6.793343 7.429408 -17.639713
v -6.881524 20.417025 -17.876551
v 2.822453 20.594028 4.889342
v 3.061164 0.000000 1.924446
v 3.695638 88.608795 1.924446
v 3.695638 0.000000 4.298753
v 3.061164 88.608795 4.298753
v -6.284613 0.000000 1.924447
v -6.919027 88.608795 1.924447
v -6.919026 0.000000 4.298753
v -6.284613 88.608795 4.298753
v -1.610459 110.868500 10.812940
v -1.610455 110.868507 16.606251
v -1.610458 110.868507 8.303995
v -1.610452 110.868507 2.510683
v -7.917928 111.041702 13.979288
v -7.905605 111.020912 13.957946
v -7.926570 111.041405 13.921779
v -7.854742 111.023285 13.942327
v -7.906674 111.005165 13.996037
v 2.890105 57.648037 4.777439
v 3.763826 60.269203 4.777439
v 3.763826 57.648037 -16.780430
v 2.890105 60.269203 -16.780430
v 5.003399 74.098343 -14.908606
v 4.801037 74.300705 -14.828299
v 6.994648 76.224510 -14.881838
v 7.129557 77.671761 -14.935369
v 6.927198 77.469398 -14.855064
v 4.935942 79.595558 -14.881833
v 5.070851 81.403282 -14.935374
v 4.868490 81.605644 -14.855069
v 6.994648 83.596893 -14.881837
v 5.325746 84.840286 -15.005438
v 7.147852 84.840286 -14.881830
v 7.677122 85.158585 -14.881830
v 4.310315 84.718613 -14.796806
v 4.310315 85.598557 -14.966854
v 4.054236 83.812523 -14.881830
v 3.968876 86.504654 -15.574797
v 4.139595 86.504654 -14.188864
v 5.070851 74.030884 -0.300307
v 6.994645 76.224510 -0.300305
v 4.801035 74.300713 -0.300307
v 7.129555 77.671761 -0.246772
v 4.935941 79.595558 -0.300310
v 6.927197 77.469398 -0.327078
v 5.070848 81.403282 -0.246768
v 6.994645 83.596893 -0.300305
v 4.868488 81.605644 -0.327074
v 4.310312 84.718613 -0.385336
v 7.677118 85.158585 -0.300311
v 4.310312 85.598557 -0.215288
v 3.968873 86.504654 0.392655
v 4.054234 83.812523 -0.300312
v 4.139593 86.504654 -0.993278
v 8.322030 87.311684 0.958316
v 7.973160 87.198288 -7.590987
v 8.979089 88.191261 -7.590987
v 10.348277 88.363701 -7.590984
v 7.977892 88.215599 -7.639283
v 8.841341 88.158470 -7.605474
v 7.973162 87.198296 -10.246272
v 7.973163 88.322166 -10.353184
v 7.973161 88.322166 -10.139361
v 10.239042 88.074425 -10.043998
v 8.982559 88.203796 -10.246271
v 10.337630 88.331116 -10.124145
v 10.217596 88.168312 -10.538218
v 7.977892 88.111542 -10.230174
v 7.977892 88.215599 -10.262372
v 10.133308 88.163574 -10.246274
v 7.977893 87.296356 -10.246272
v 8.858669 88.114967 -10.275249
v 8.841342 88.158470 -10.231782
v 7.983371 87.198296 -13.008471
v 7.973163 88.322166 -12.901560
v 7.962954 87.198296 -12.794647
v 10.357921 88.057480 -12.901558
v 10.348564 88.363541 -12.901624
v 8.982548 88.203789 -12.901558
v 7.977892 88.189590 -12.925708
v 7.977892 88.111549 -12.853263
v 10.133310 88.163582 -12.901558
v 7.989447 87.267365 -12.901559
v 7.966341 87.325356 -12.901559
v 8.847116 88.143974 -12.901558
v 7.973163 87.198296 -15.663757
v 7.973163 88.322166 -15.556846
v 7.973163 87.198296 -15.449935
v 10.357921 88.057472 -15.556844
v 10.348562 88.363541 -15.556913
v 8.982541 88.203781 -15.556846
v 7.977893 88.163574 -15.556846
v 10.133312 88.111557 -15.572945
v 10.133312 88.215599 -15.540747
v 7.989445 87.267357 -15.556846
v 7.966343 87.325363 -15.556847
v 8.847118 88.143982 -15.556846
v 7.986284 88.322166 -7.697897
v 7.977892 88.126404 -7.566839
v 10.133308 88.163567 -7.590986
v 7.977891 87.296356 -7.590986
v 8.858667 88.114967 -7.562009
v 7.954784 88.322166 -7.484075
v 10.351826 88.058121 -7.590985
v 7.988472 88.322166 -4.882244
v 7.973159 87.198288 -4.935700
v 7.942533 88.322159 -5.042611
v 10.239041 88.074425 -5.137974
v 8.982528 88.203781 -4.935700
v 10.337635 88.331108 -5.057824
v 10.217614 88.168335 -4.643780
v 7.977891 88.137558 -4.959848
v 7.977891 88.215591 -4.887403
v 10.133308 88.163574 -4.935699
v 7.977889 87.296356 -4.935700
v 8.858665 88.114967 -4.964678
v 8.841340 88.158470 -4.921212
v 7.942533 87.198288 -2.173501
v 7.973158 88.322166 -2.280412
v 7.988472 87.198288 -2.333869
v 10.239042 88.074425 -2.482686
v 8.982529 88.203773 -2.280415
v 10.337643 88.331100 -2.402547
v 10.217607 88.168320 -1.988480
v 7.977888 88.163567 -2.280413
v 10.133308 88.189583 -2.304560
v 10.133307 88.111542 -2.232115
v 7.977889 87.296356 -2.280415
v 8.858665 88.114967 -2.309392
v 8.841339 88.158470 -2.265925
v 7.942532 87.198288 0.481784
v 7.973157 88.322166 0.374874
v 7.988471 87.198288 0.321417
v 10.239040 88.074425 0.172600
v 8.982538 88.203781 0.374872
v 10.337635 88.331100 0.252735
v 10.217601 88.168312 0.666806
v 10.224952 88.021774 0.299862
v 9.408539 88.017860 0.374876
v 10.100127 88.031319 0.530324
v 7.977888 88.163567 0.374874
v 10.133305 88.111542 0.390973
v 10.133305 88.215591 0.358775
v 7.983664 87.281853 0.389362
v 7.966335 87.325348 0.345895
v 8.847114 88.143967 0.374874
v 10.224951 88.021774 -2.362783
v 9.408541 88.017860 -2.287768
v 10.100128 88.031319 -2.132321
v 10.224952 88.021774 -5.011611
v 9.408540 88.017860 -4.936597
v 10.100130 88.031319 -4.781148
v 10.224951 88.021774 -7.679085
v 9.408540 88.017860 -7.604070
v 10.100130 88.031319 -7.448621
v 10.224952 88.021774 -10.324498
v 9.408540 88.017860 -10.249485
v 10.100130 88.031319 -10.094038
v 10.224954 88.021774 -12.980950
v 9.408542 88.017860 -12.905934
v 10.100131 88.031319 -12.750488
v 4.944304 71.861374 -14.911577
v 5.230841 72.198074 -14.881833
v 4.738951 59.235893 -14.893067
v 4.990431 84.840286 -14.813160
v 6.756661 59.235893 -14.895564
v 7.539054 59.235893 -14.868096
v 5.390829 72.038086 -0.300309
v 4.928314 72.177910 -0.268187
v 4.934544 84.840286 -0.300312
v 6.756657 84.840286 -0.286578
v 7.539050 84.840286 -0.314046
v 8.282764 87.311691 -16.230377
v 4.817762 72.054810 -14.843593
v 5.003399 69.977837 -14.908606
v 6.994651 67.851669 -14.881838
v 4.801037 69.775467 -14.828299
v 7.129555 66.404411 -14.881832
v 4.935943 64.480621 -14.881833
v 6.859742 66.674232 -14.881832
v 5.070852 62.672890 -14.935374
v 6.994650 60.479279 -14.881837
v 4.868491 62.470528 -14.855069
v 4.310317 59.357559 -14.796806
v 7.677123 58.917583 -14.881830
v 4.310317 58.477612 -14.966854
v 3.968878 57.571526 -15.574797
v 4.054238 60.263653 -14.881830
v 4.139597 57.571526 -14.188864
v 4.928314 71.898262 -0.332432
v 5.070851 70.045296 -0.300307
v 4.801035 69.775467 -0.300307
v 6.994648 67.851669 -0.300305
v 7.129553 66.404411 -0.300309
v 4.935940 64.480621 -0.300310
v 6.859739 66.674232 -0.300309
v 5.070849 62.672890 -0.300305
v 4.801034 62.403076 -0.300305
v 6.994647 60.479279 -0.300305
v 4.543350 59.235893 -0.374476
v 5.325744 59.235893 -0.226147
v 7.147851 59.235893 -0.300311
v 7.677120 58.477612 -0.385335
v 7.677120 59.357559 -0.215288
v 4.310314 58.917583 -0.300312
v 4.054235 60.263653 -0.300312
v 3.968875 57.571526 0.392655
v 4.139595 57.571526 -0.993278
v 8.074328 56.618652 1.273040
v 8.164959 56.764488 -16.140457
v 8.216313 56.910324 0.733513
v 10.245469 56.003296 -7.789212
v 10.337450 55.744957 -7.713159
v 7.977894 55.860588 -7.639283
v 7.973165 55.754009 -10.353184
v 7.973165 56.877880 -10.246272
v 7.973164 55.754009 -10.139361
v 10.357923 56.018696 -10.246272
v 8.982557 55.872387 -10.246272
v 10.348554 55.712624 -10.246332
v 7.977895 55.964634 -10.230174
v 7.977895 55.860588 -10.262372
v 10.133312 55.912609 -10.246274
v 7.977895 56.779819 -10.246272
v 8.858672 55.961205 -10.275249
v 8.841344 55.917706 -10.231782
v 7.983373 56.877880 -13.008471
v 7.973165 55.754009 -12.901560
v 7.962956 56.877880 -12.794647
v 10.239050 56.001743 -12.699285
v 10.337645 55.745075 -12.779424
v 10.217628 55.907860 -13.193492
v 8.982553 55.872391 -12.901556
v 7.977895 55.912605 -12.853263
v 7.977896 55.912605 -12.949856
v 10.133312 55.912605 -12.901558
v 7.977895 56.779816 -12.901559
v 8.858672 55.961197 -12.872580
v 8.841345 55.917706 -12.916048
v 7.973165 56.877880 -15.663757
v 7.973166 55.754009 -15.556846
v 7.973165 56.877880 -15.449935
v 10.357925 56.018696 -15.556844
v 10.348557 55.712627 -15.556910
v 8.982553 55.872387 -15.556844
v 7.977896 55.912605 -15.556846
v 10.133314 55.964622 -15.572945
v 10.133314 55.860588 -15.540747
v 7.983670 56.794312 -15.571335
v 7.966345 56.750813 -15.527868
v 8.847120 55.932201 -15.556846
v 8.003787 55.754009 -7.484075
v 7.973162 56.877880 -7.590986
v 7.977894 55.949768 -7.566839
v 10.133311 55.912609 -7.590986
v 7.977892 56.779819 -7.590986
v 8.858669 55.961205 -7.619962
v 7.951286 55.754009 -7.644441
v 8.979089 55.884911 -7.590987
v 10.223810 55.908020 -7.301331
v 8.838868 55.911491 -7.576497
v 7.973161 56.877880 -4.935700
v 7.962952 55.754013 -4.828788
v 7.983369 55.754013 -5.042611
v 10.357921 56.018696 -4.935699
v 8.982527 55.872398 -4.935700
v 10.348566 55.712646 -4.935642
v 7.977894 55.964630 -4.951798
v 7.977894 55.860588 -4.919601
v 10.133310 55.912609 -4.935699
v 7.977892 56.779819 -4.935700
v 8.858669 55.961205 -4.964678
v 8.841343 55.917706 -4.921212
v 7.988473 56.877880 -2.333869
v 7.942534 56.877880 -2.173501
v 7.973161 55.754021 -2.280412
v 10.357923 56.018696 -2.280412
v 10.348572 55.712650 -2.280346
v 8.982533 55.872398 -2.280416
v 7.977891 55.912609 -2.280413
v 10.133310 55.964630 -2.328709
v 10.133310 55.886597 -2.256264
v 7.977892 56.779819 -2.280415
v 8.858668 55.961205 -2.309392
v 8.841340 55.917706 -2.265925
v 7.988473 56.877880 0.321417
v 7.942533 56.877880 0.481784
v 7.973160 55.754021 0.374874
v 10.239043 56.001751 0.172600
v 10.337644 55.745079 0.252729
v 10.217607 55.907856 0.666806
v 8.982546 55.872387 0.374871
v 10.225153 56.054211 0.449952
v 9.408536 56.058319 0.374877
v 10.099882 56.045486 0.219892
v 7.977890 55.912609 0.374874
v 10.133307 55.964630 0.390973
v 10.133307 55.860588 0.358775
v 7.983667 56.794323 0.389362
v 7.966338 56.750824 0.345895
v 8.847116 55.932205 0.374874
v 10.225153 56.054211 -2.212695
v 9.408538 56.058319 -2.287767
v 10.099882 56.045486 -2.442754
v 10.201035 56.046036 -5.045800
v 10.167329 56.050472 -4.808086
v 9.408538 56.058319 -4.936596
v 10.201332 56.045616 -7.713539
v 10.167127 56.050819 -7.475815
v 9.408538 56.058319 -7.604070
v 10.201334 56.045616 -10.358953
v 10.167128 56.050819 -10.121231
v 9.408537 56.058319 -10.249485
v 10.225153 56.054211 -12.830858
v 9.408540 56.058319 -12.905934
v 10.099885 56.045486 -13.060920
vn -0.0756 0.9965 0.0343
vn -0.6979 0.7159 -0.0201
vn 0.6665 0.7440 0.0465
vn -0.0063 -0.1877 -0.9822
vn -0.0023 0.0020 -1.0000
vn 0.0056 0.0099 -0.9999
vn 0.5824 -0.5671 -0.5824
vn -0.5832 -0.5663 0.5824
vn -0.5824 -0.5671 -0.5824
vn -0.0064 0.0142 0.9999
vn 0.5827 -0.5688 0.5804
vn -1.0000 0.0098 -0.0010
vn -0.9999 0.0011 0.0108
vn -0.9994 0.0347 0.0054
vn -0.9999 -0.0055 0.0142
vn 0.9999 0.0122 -0.0079
vn 0.9999 -0.0090 -0.0052
vn -0.6333 0.4268 0.6456
vn -1.0000 -0.0043 -0.0041
vn -0.9998 -0.0185 -0.0025
vn 1.0000 0.0098 0.0010
vn 0.0254 -0.0475 0.9986
vn -0.5065 0.6911 0.5155
vn 0.4902 0.6928 0.5290
vn 0.9868 -0.1608 0.0181
vn -0.1230 0.7469 -0.6535
vn -0.0075 0.0359 -0.9993
vn -0.0244 -0.0139 -0.9996
vn 0.0117 -0.0319 -0.9994
vn 0.0022 -0.1696 -0.9855
vn 0.9825 -0.1864 -0.0052
vn 0.9998 -0.0186 -0.0066
vn 0.9999 0.0099 0.0025
vn -0.9996 -0.0221 0.0146
vn -0.5182 0.8552 0.0050
vn 0.9897 0.1434 0.0033
vn 0.0136 0.8094 0.5871
vn 0.0020 0.0163 0.9999
vn 0.6471 0.4226 0.6345
vn 0.0010 -0.0255 0.9997
vn -0.0041 -0.0170 0.9998
vn 0.9825 0.1863 -0.0061
vn -0.9916 -0.0062 0.1295
vn -0.9813 -0.0132 -0.1921
vn -0.8920 0.0484 -0.4494
vn -0.7142 -0.0177 0.6997
vn -0.5683 0.7559 0.3251
vn -0.3412 0.7739 0.5336
vn -0.0000 1.0000 -0.0000
vn 0.2957 0.7988 -0.5239
vn 0.9998 0.0085 -0.0162
vn 0.6693 -0.6289 -0.3956
vn 0.7936 0.0172 -0.6082
vn -0.9221 0.0175 -0.3865
vn -0.4241 0.7605 -0.4917
vn 0.1616 -0.6425 0.7491
vn -0.7341 -0.6364 0.2367
vn -0.3756 -0.6302 -0.6796
vn 0.6471 0.1064 0.7550
vn 0.0091 0.7808 0.6247
vn 0.2062 0.9625 0.1763
vn -0.6191 0.6447 0.4484
vn -0.3643 -0.6471 0.6697
vn 0.2030 0.0064 -0.9792
vn 0.1826 -0.6431 -0.7437
vn -0.1093 0.7829 -0.6125
vn 0.6544 0.0760 -0.7524
vn 0.3510 0.8896 0.2923
vn 0.3770 0.7893 0.4847
vn -0.6393 0.0104 -0.7689
vn -0.2978 0.0176 0.9545
vn 0.2595 -0.0063 0.9657
vn 0.5745 0.7963 -0.1893
vn 0.2065 0.9739 -0.0943
vn 0.2389 0.9703 -0.0373
vn -0.9972 0.0392 0.0639
vn -0.2945 0.0068 0.9556
vn -0.6962 0.0032 0.7179
vn -0.9324 0.0154 0.3611
vn -0.2904 -0.0035 0.9569
vn 0.1977 -0.9796 0.0354
vn -0.3370 0.9090 -0.2452
vn -0.7225 -0.6299 -0.2850
vn 0.6836 -0.6228 0.3806
vn 0.7732 0.0139 0.6340
vn -0.2910 -0.0091 -0.9567
vn -0.2894 -0.0056 -0.9572
vn -0.7586 -0.0659 -0.6482
vn -0.3165 0.9432 -0.1011
vn -0.3107 0.9447 0.1046
vn 0.6078 0.7704 0.1924
vn -0.5680 0.6121 -0.5502
vn 0.3768 0.6466 -0.6633
vn 0.5350 0.6193 -0.5746
vn -0.8021 0.5970 -0.0156
vn 0.1811 0.6416 0.7453
vn -0.0211 0.4192 -0.9077
vn 0.9832 -0.0265 0.1804
vn 0.2482 0.9663 0.0684
vn -0.5020 0.6084 -0.6146
vn 0.4001 0.9155 0.0430
vn -0.5075 0.7877 0.3493
vn -0.5731 0.6569 0.4900
vn 0.8667 0.1677 -0.4697
vn 0.9739 0.0396 -0.2237
vn 0.6032 -0.6293 -0.4900
vn -0.9725 0.0231 -0.2317
vn -0.9889 -0.0282 -0.1459
vn -0.9527 -0.0551 0.2990
vn 0.7688 0.6392 -0.0163
vn 0.9557 -0.0051 0.2943
vn -0.2211 0.0105 0.9752
vn -0.5813 -0.0136 0.8136
vn -0.8071 -0.0175 0.5902
vn 0.0326 -0.0483 -0.9983
vn -0.6111 0.0026 -0.7915
vn -0.6765 -0.0033 -0.7365
vn 0.5215 0.6352 0.5697
vn 0.3395 -0.1281 0.9318
vn 0.7350 -0.0119 0.6780
vn 0.9253 0.1036 0.3649
vn 0.5449 -0.0578 -0.8365
vn 0.3724 -0.1807 -0.9103
vn 0.1417 -0.0838 0.9863
vn -0.0000 -1.0000 -0.0000
vn 0.8832 0.1671 -0.4383
vn 0.9743 0.1481 -0.1696
vn 0.9912 0.1305 -0.0218
vn 0.9670 0.0167 0.2542
vn 0.6825 -0.0093 0.7308
vn 0.7372 -0.0058 0.6756
vn 0.9681 0.0117 0.2503
vn 0.5216 0.6352 0.5697
vn 0.5794 0.1349 0.8038
vn 0.3736 -0.0753 0.9245
vn 0.7059 0.1212 0.6978
vn 0.9035 0.0846 0.4202
vn 0.1327 0.5975 0.7908
vn 0.0001 1.0000 -0.0000
vn -0.9882 -0.0186 -0.1521
vn -0.9542 -0.0205 0.2985
vn -0.2901 0.0238 0.9567
vn -0.6100 -0.0209 0.7922
vn -0.8499 -0.0200 0.5266
vn 0.3225 -0.1394 0.9363
vn 0.1349 -0.1112 0.9846
vn 0.0001 -1.0000 -0.0000
vn 0.3570 -0.0867 0.9301
vn 0.1289 0.5858 0.8001
vn 0.0002 1.0000 -0.0000
vn -0.0001 1.0000 -0.0000
vn -0.0002 1.0000 -0.0000
vn 0.6032 -0.6294 -0.4900
vn 0.5277 0.8401 -0.1251
vn -0.5428 -0.8398 -0.0014
vn -0.5264 0.8412 0.1236
vn -0.0000 -0.0000 -0.0000
vn 0.4030 -0.9152 -0.0000
vn 0.4495 -0.8933 -0.0000
vn -0.7094 -0.7048 -0.0000
vn -0.8956 0.4449 -0.0000
vn 0.5415 -0.8407 0.0033
vn 0.5428 -0.8398 -0.0014
vn -0.5278 0.8401 -0.1252
vn 0.5264 0.8412 0.1236
vn 1.0000 -0.0000 -0.0000
vn -0.5415 -0.8407 0.0033
vn -0.0014 0.8398 -0.5428
vn -0.1252 -0.8401 0.5278
vn 0.0033 0.8407 0.5415
vn 0.1236 -0.8412 -0.5264
vn -0.9826 -0.1016 -0.1557
vn -0.9828 -0.1007 0.1546
vn -0.7975 -0.6033 0.0034
vn -0.7695 0.6387 0.0018
vn -0.9812 0.1035 0.1628
vn -0.9808 0.1042 -0.1647
vn -0.7940 -0.0584 -0.6051
vn -0.7057 0.5118 0.4900
vn -0.7004 0.5087 -0.5006
vn -0.2453 -0.0333 -0.9689
vn -0.2452 0.0233 0.9692
vn -0.7895 0.0098 0.6137
vn -0.2130 -0.0000 0.9771
vn -0.1892 0.9817 0.0206
vn -0.1589 0.9873 -0.0000
vn -0.9808 0.1042 0.1647
vn -0.7975 -0.6033 -0.0034
vn -0.9826 -0.1016 0.1557
vn -0.9828 -0.1007 -0.1546
vn -0.9812 0.1035 -0.1628
vn -0.7695 0.6387 -0.0018
vn -0.8187 -0.0592 -0.5712
vn -0.7365 0.4918 0.4645
vn -0.7236 0.4953 -0.4808
vn -0.3191 -0.0400 -0.9469
vn -0.3155 0.0254 0.9486
vn -0.8080 0.0075 0.5891
vn -0.2715 -0.0000 0.9624
vn -0.2455 0.9691 0.0235
vn -0.2019 0.9794 -0.0000
vn -0.9830 -0.0993 -0.1546
vn -0.9824 -0.1029 0.1556
vn -0.7975 -0.6033 -0.0039
vn -0.9809 0.1046 -0.1639
vn -0.9811 0.1032 0.1636
vn -0.7365 0.4918 -0.4645
vn -0.8187 -0.0592 0.5712
vn -0.7236 0.4953 0.4808
vn -0.3191 -0.0400 0.9469
vn -0.8080 0.0075 -0.5891
vn -0.3155 0.0254 -0.9486
vn -0.2715 -0.0000 -0.9624
vn -0.2455 0.9691 -0.0235
vn 0.9824 -0.1015 0.1566
vn 0.9827 -0.1008 -0.1553
vn 0.7817 -0.6236 -0.0028
vn 0.7695 0.6387 -0.0018
vn 0.9812 0.1035 -0.1628
vn 0.9808 0.1042 0.1647
vn 0.7939 -0.0579 0.6053
vn 0.6926 0.4940 -0.5256
vn 0.7001 0.5087 0.5011
vn 0.2453 -0.0333 0.9689
vn 0.2411 -0.0237 -0.9702
vn 0.8148 -0.0252 -0.5791
vn 0.1888 0.9818 -0.0203
vn 0.1589 0.9873 -0.0000
vn 0.9827 -0.1008 -0.1552
vn 0.8187 -0.0592 0.5712
vn 0.7365 0.4918 -0.4645
vn 0.7236 0.4953 0.4808
vn 0.3191 -0.0400 0.9469
vn 0.3155 0.0254 -0.9486
vn 0.8080 0.0075 -0.5891
vn 0.2715 -0.0000 -0.9624
vn 0.2455 0.9691 -0.0235
vn 0.2019 0.9794 -0.0000
vn 0.7817 -0.6236 0.0028
vn 0.9827 -0.1008 0.1552
vn 0.9824 -0.1015 -0.1566
vn 0.9813 0.1034 0.1623
vn 0.7830 0.6220 0.0027
vn 0.9810 0.1043 -0.1637
vn 0.7212 0.5261 0.4507
vn 0.8190 -0.0607 -0.5705
vn 0.7365 0.4650 -0.4913
vn 0.3182 -0.0408 -0.9471
vn 0.8080 0.0073 0.5891
vn 0.3150 0.0251 0.9488
vn 0.2715 -0.0000 0.9624
vn 0.2393 0.9708 -0.0152
vn -0.0068 0.0141 0.9999
vn 0.0018 0.0107 -0.9999
vn 0.0013 -0.0606 -0.9982
vn -0.1411 -0.8393 -0.5250
vn -0.1411 0.8393 0.5250
vn 0.1411 0.8393 -0.5251
vn 0.1411 -0.8393 0.5251
vn 0.1411 0.8393 0.5250
vn 0.1411 -0.8393 -0.5250
vn -0.1411 0.8393 -0.5250
vn -0.1411 -0.8393 0.5250
vn -0.1103 -0.9045 -0.4119
vn 0.1103 0.9045 0.4119
vn -0.9480 0.3160 0.0384
vn 0.9480 0.3160 -0.0384
vn 0.1910 -0.1910 0.9628
vn 0.0351 -0.0000 -0.9994
vn -0.0000 0.1897 0.9818
vn 0.9925 -0.0000 -0.1223
vn -0.9925 -0.0000 0.1223
vn -0.0000 -0.0000 1.0000
vn -0.1910 -0.1910 0.9628
vn -0.1910 0.1910 0.9628
vn -0.0000 0.1897 -0.9818
vn 0.9925 -0.0000 0.1223
vn -0.9925 -0.0000 -0.1223
vn -0.9893 -0.0023 -0.1457
vn 0.0022 -0.6304 -0.7762
vn 0.4949 -0.5076 -0.7053
vn -0.0000 0.2956 0.9553
vn -0.0000 -0.2956 -0.9553
vn 0.4949 -0.5076 0.7053
vn -0.0000 0.6803 0.7329
vn -0.0000 -0.0000 -1.0000
vn 0.9613 -0.0000 -0.2754
vn -0.9613 -0.0000 0.2754
vn -0.0000 -0.6804 0.7329
vn -0.0000 0.6804 -0.7329
vn 0.9613 -0.0000 0.2754
vn -0.4950 0.5076 0.7052
vn 0.4950 -0.5076 -0.7052
vn -0.0022 0.6304 0.7762
vn 0.9893 0.0023 0.1457
vn 1.0000 -0.0035 -0.0023
vn -1.0000 0.0081 0.0023
vn -0.1910 -0.1910 -0.9628
vn -0.0000 -0.1897 0.9818
vn -0.0000 -0.2239 0.9746
vn 0.0351 -0.0000 0.9994
vn 0.8999 -0.4362 0.0010
vn 0.7018 -0.6307 -0.3313
vn 0.8173 0.3867 -0.4273
vn -0.1919 0.3080 0.9318
vn 0.0022 0.6305 -0.7762
vn -1.0000 -0.0000 -0.0000
vn -0.0000 -0.2956 0.9553
vn -0.0000 0.2956 -0.9553
vn -0.4949 -0.5076 -0.7053
vn 0.4949 0.5076 0.7052
vn 0.9504 -0.0037 -0.3111
vn 0.9955 -0.0000 0.0951
vn -0.9955 -0.0000 -0.0951
vn -0.4950 -0.5076 -0.7053
vn -0.9613 -0.0000 -0.2754
vn -0.0000 -0.6804 -0.7329
vn -0.4950 -0.5076 0.7053
vn -0.0022 -0.6305 0.7762
vn 0.1863 -0.0000 -0.9825
vn 0.1549 0.9854 -0.0702
vn -0.9999 0.0136 -0.0000
vn -0.0015 0.8327 -0.5537
vn -0.0407 0.2901 0.9561
vn -0.9987 -0.0512 -0.0081
vn 0.9999 0.0136 -0.0000
vn 0.0239 0.1388 -0.9900
vn -0.0143 0.2094 0.9777
vn 0.4549 0.6827 0.5719
vn -0.5591 0.0083 -0.8291
vn -0.9961 0.0888 0.0026
vn -0.0716 -0.0273 -0.9971
vn -0.0001 -1.0000 -0.0000
vn 0.0002 -1.0000 -0.0000
vn -0.0002 -1.0000 -0.0000
vn -0.0004 -1.0000 -0.0000
vn -0.2059 -0.0000 -0.9786
vn -0.2602 -0.0000 -0.9656
vn -0.2602 -0.0000 0.9656
vn 0.2059 -0.0000 0.9786
vn 0.2130 -0.0000 -0.9771
vn 0.2602 -0.0000 0.9656
vn 0.2602 -0.0000 -0.9656
vn 0.2110 0.9775 -0.0000
vn -0.0000 0.0136 -0.9999
vn -0.9480 -0.3160 -0.0384
vn 0.9480 -0.3160 0.0384
vn -0.1677 0.2274 -0.9592
vn -0.1910 0.1910 -0.9628
vn 0.1910 0.1910 0.9628
vn -0.4974 0.0076 -0.8675
vn -0.0000 -0.1897 -0.9818
vn 0.1910 0.1910 -0.9628
vn 0.1910 -0.1910 -0.9628
vn 0.0003 -1.0000 -0.0000
vn 0.3885 -0.6198 0.6819
vn 0.3786 -0.0986 -0.9203
vn 0.7151 0.6186 0.3256
vn -0.9999 0.0124 -0.0059
vn -0.4949 0.5076 -0.7053
vn -0.0000 0.9996 0.0295
vn -0.0000 -0.6803 -0.7329
vn -0.0000 0.9986 -0.0531
vn -0.0000 0.9987 -0.0513
vn -0.0000 0.9991 -0.0429
vn -0.0000 -0.2957 0.9553
vn -0.0000 0.2957 -0.9553
vn -0.4949 0.5076 0.7053
vn 0.3791 -0.0950 0.9205
vn 0.3885 -0.6198 -0.6819
vn 0.7144 0.6168 -0.3305
vn -0.9999 0.0123 0.0061
vn 0.7144 0.6167 -0.3305
vn -0.9999 0.0122 0.0058
vn 0.3885 -0.6197 -0.6819
vn 0.7144 0.6167 -0.3306
vn -0.9999 0.0121 0.0055
vn 0.0136 -0.8715 -0.4902
vn 0.0074 -0.9457 -0.3251
vn -0.0002 0.0002 -1.0000
vn -0.0003 -0.0000 -1.0000
vn -0.0001 -0.0000 1.0000
vn 0.0001 -0.0000 1.0000
vn 1.0000 -0.0039 -0.0030
vn -1.0000 0.0038 -0.0052
vn -0.0000 0.2239 -0.9746
vn -0.0351 -0.0000 0.9994
vn -0.1863 -0.0000 0.9825
vn 0.9678 -0.0052 0.2519
vn -0.9997 0.0123 -0.0216
vn -0.4631 -0.4717 -0.7504
vn 0.0569 0.9984 -0.0000
vn -0.0287 0.9996 -0.0016
vn -0.3501 0.9367 -0.0000
vn 0.4950 0.5076 0.7052
vn -0.4950 -0.5076 -0.7052
vn 0.5476 -0.4111 -0.7288
vn 0.7915 -0.0097 0.6111
vn 0.6511 -0.6574 0.3793
vn -0.9698 -0.2244 0.0959
vn 0.4950 0.5076 -0.7052
vn -0.4950 -0.5076 0.7052
vn -0.0362 0.9984 -0.0428
vn -0.5761 0.5525 0.6024
vn -0.0000 0.2957 0.9553
vn -0.0000 -0.2957 -0.9553
vn -0.9504 0.0037 0.3111
vn 0.4631 0.4717 0.7504
vn -0.5727 0.5524 0.6057
vn 0.0178 0.9997 0.0173
vn -0.0856 0.9935 0.0746
vn 0.4950 0.5076 0.7053
vn 0.3029 -0.9530 -0.0022
vn -0.0665 -0.9957 0.0651
vn -0.0000 0.6804 0.7329
vn 0.9504 0.2192 -0.2207
vn 0.1167 0.5911 0.7981
vn 0.7152 -0.6185 -0.3255
vn -0.9691 -0.2464 -0.0148
vn -0.9756 0.0181 0.2187
vn -0.4780 -0.0333 -0.8778
vn 0.9958 -0.0050 0.0915
vn 0.4950 0.5076 -0.7053
vn -0.9905 0.0154 0.1365
vn 0.1404 -0.0185 -0.9899
vn -0.9859 0.0102 -0.1670
vn -0.9905 0.0159 0.1368
vn -0.1424 0.0217 0.9896
vn -0.9860 0.0097 -0.1667
vn 0.1424 -0.0217 -0.9896
vn 0.9860 -0.0097 0.1667
vn 0.9756 -0.0181 -0.2187
vn -0.4779 -0.0333 -0.8778
vn -0.9958 0.0050 -0.0915
vn -0.0351 -0.0000 -0.9994
vn 0.4974 -0.0076 0.8675
vn 0.1677 -0.2274 0.9592
vt 0.242915 1.131425
vt 0.757085 -0.131425
vt 0.757085 1.131425
vt 0.242915 -1.002221
vt 0.757085 -1.328680
vt 0.242915 -1.328680
vt 0.242915 -0.131425
vt 0.808797 0.930740
vt 0.191203 0.500000
vt 0.808797 0.500000
vt 0.164815 0.930740
vt 1.531090 0.500000
vt 0.164815 0.500000
vt 0.171940 5.591508
vt 1.523965 5.386131
vt 0.171940 5.386131
vt 1.523965 5.591508
vt -0.131425 -1.002221
vt 1.131425 -1.328680
vt -0.131425 -1.328680
vt 1.531090 0.930740
vt 0.757085 2.987567
vt 0.242915 -0.936775
vt 0.757085 -0.936775
vt 1.131425 2.987567
vt -0.131425 -0.936775
vt 1.131425 -0.936775
vt 0.198328 5.591508
vt 0.801672 5.386131
vt 0.198328 5.386131
vt 0.242915 2.987567
vt 0.242915 -0.936775
vt 1.131425 -1.002221
vt -0.131425 -1.328680
vt 1.131425 -1.328680
vt -0.131425 2.987567
vt 1.479378 5.591508
vt 0.232066 5.579016
vt 1.479378 5.488439
vt 0.801672 5.591508
vt 0.757085 -1.002221
vt 0.242915 -1.328680
vt 1.479378 5.574957
vt 0.344726 5.488439
vt 0.216528 5.591508
vt 0.343039 3.236136
vt 0.485276 3.501616
vt 0.595636 3.236136
vt 0.212676 3.236136
vt 0.278023 -2.143359
vt 0.243725 -2.143359
vt 0.593287 0.972751
vt 0.714314 0.900985
vt 0.903902 0.784531
vt 0.512183 0.808873
vt 0.732712 0.191127
vt 0.784531 0.808873
vt 0.050921 0.683888
vt 0.173471 0.823736
vt 0.236630 0.917184
vt 0.551921 0.040107
vt 0.064714 0.354169
vt 0.284129 0.904154
vt 0.499996 3.381203
vt 0.499721 -2.143359
vt 0.693925 3.381204
vt 0.228021 0.808873
vt 0.344934 0.191127
vt 0.269426 0.191127
vt 0.270458 0.191127
vt 0.593287 0.808873
vt 0.608306 0.191127
vt 0.414014 0.951515
vt 0.970221 3.381203
vt 0.029779 3.767097
vt 0.029779 3.381203
vt 0.608763 0.018776
vt 0.783270 0.144335
vt 0.499724 0.040253
vt 0.784752 3.236136
vt 0.355556 0.808873
vt 0.583674 0.191127
vt 0.608763 0.808873
vt 0.627461 -2.143359
vt 0.686780 3.381204
vt 0.338529 3.381204
vt 0.468153 3.236136
vt 0.634339 -2.143359
vt 0.452570 -2.143359
vt 0.416559 3.236135
vt 0.292877 3.501616
vt 0.249100 3.236135
vt 0.257664 3.501616
vt 0.404814 3.501616
vt 0.221198 3.767097
vt 0.212676 3.501616
vt 0.401507 3.236135
vt 0.454250 3.767097
vt 0.372085 3.501616
vt 0.700555 0.808873
vt 0.853553 0.191127
vt 0.677755 0.191127
vt 0.886080 0.201302
vt 0.808862 0.191127
vt 0.822477 0.808873
vt 0.406246 3.236136
vt 0.404462 3.501616
vt 0.514062 3.381203
vt 0.727897 3.236136
vt 0.808245 -2.143359
vt 0.773403 -2.143359
vt 0.832497 3.381203
vt 0.209533 3.501616
vt 0.287933 3.767097
vt 0.554110 3.501616
vt 0.713289 3.767097
vt 0.783102 3.501616
vt 0.413180 -2.143359
vt 0.716393 -2.143359
vt 0.942229 0.361261
vt 0.459991 0.808873
vt 0.213346 0.808873
vt 0.275488 0.191127
vt 0.209533 3.236136
vt 0.201918 -2.143359
vt 0.246880 3.236136
vt 0.416559 3.501616
vt 0.416559 3.236136
vt 0.993909 0.512183
vt 0.936407 0.626236
vt 0.345458 0.336706
vt 0.176058 0.242749
vt 0.147386 0.336706
vt 0.838443 0.336706
vt 0.537165 0.242749
vt 0.514864 0.336706
vt 0.196171 0.757251
vt 0.240021 0.663294
vt 0.468655 0.757251
vt 0.640163 0.336706
vt 0.466226 0.242749
vt 0.303800 0.757251
vt 0.483103 0.663294
vt 0.486288 0.757251
vt 0.580302 0.663294
vt 0.773712 0.757251
vt 0.475382 0.757251
vt 0.997321 0.757251
vt 0.002679 0.663294
vt 0.002679 0.757251
vt 0.814831 0.336706
vt 0.527132 0.242749
vt 0.776514 0.242749
vt 0.000000 0.336706
vt 1.000000 0.242749
vt 1.000000 0.336706
vt 0.279565 -1.717926
vt 0.398145 -1.855488
vt 0.196729 -1.855488
vt 0.420619 -1.717926
vt 0.441891 -1.855488
vt 0.643766 -1.717926
vt 0.462374 -1.717926
vt 0.635668 -1.855488
vt 0.602284 -1.855488
vt 0.755781 -1.717926
vt 0.755780 -1.855488
vt 0.500345 -1.717926
vt 0.769582 -1.855488
vt 0.783102 -1.717926
vt 0.209533 -1.717926
vt 0.364159 -1.855488
vt 0.196729 -1.855488
vt 0.716890 -1.717926
vt 0.805460 -1.855488
vt 0.232415 -1.717926
vt 0.282576 -1.855488
vt 0.209533 -1.717926
vt 0.455031 -1.717926
vt 0.832497 -1.717926
vt 0.761241 -1.717926
vt 0.545868 -1.717926
vt 0.279407 -1.717926
vt 0.167504 -1.717926
vt 0.537626 -1.855488
vt 0.635841 -1.855488
vt 0.454132 -1.855487
vt 0.796869 -1.855488
vt 0.679946 -1.855488
vt 0.545869 -1.855487
vt 0.203131 -1.717926
vt 0.364159 -1.717926
vt 0.203131 -1.717926
vt 0.720593 -1.717926
vt 0.545868 -1.717926
vt 0.811937 -1.717926
vt 0.203131 -1.855488
vt 0.203131 -1.855488
vt 0.364160 -1.855488
vt 0.679946 -1.717926
vt 0.364160 -1.717926
vt 0.796869 -1.717926
vt 0.279407 -1.855488
vt 0.454132 -1.855488
vt 0.720593 -1.855488
vt 0.408264 -1.717926
vt 0.635841 -1.717926
vt 0.454311 -1.717926
vt 0.638033 -1.717926
vt 0.196729 -1.855488
vt 0.441892 -1.855488
vt 0.209533 -1.717926
vt 0.196729 -1.855488
vt 0.805460 -1.855488
vt 0.232415 -1.717926
vt 0.282576 -1.855488
vt 0.209533 -1.717926
vt 0.455031 -1.717926
vt 0.811937 -1.717926
vt 0.203562 -1.717926
vt 0.645831 -1.855488
vt 0.755781 -1.717926
vt 0.748532 -1.855488
vt 0.196729 -1.855488
vt 0.811937 -1.717926
vt 0.232415 -1.717926
vt 0.282576 -1.855488
vt 0.500345 -1.717926
vt 0.833388 5.133111
vt 0.734139 1.410689
vt 0.748927 5.133111
vt 0.783764 1.410689
vt 0.734139 5.133111
vt 0.833388 1.410689
vt 0.783764 5.133110
vt 0.783764 5.133111
vt 0.734139 1.410689
vt 0.734139 5.133111
vt 0.833388 1.667774
vt 0.783764 5.390196
vt 0.734139 1.667774
vt 0.783764 1.410689
vt 0.734139 5.133111
vt 0.833388 5.133111
vt 0.783764 5.133111
vt 0.833388 1.410689
vt 0.734139 1.410689
vt 0.783764 5.390196
vt 0.833388 1.667774
vt 0.734139 1.667774
vt 0.125659 1.410689
vt 0.138781 5.133111
vt 0.112537 5.133111
vt 0.265861 1.410689
vt 0.166612 5.133111
vt 0.251073 5.133111
vt 0.216236 5.133111
vt 0.166612 1.410689
vt 0.216236 1.410689
vt 0.265861 5.133111
vt 0.216236 5.133111
vt 0.166612 1.410689
vt 0.265861 1.410689
vt 0.216236 1.410689
vt 0.265861 5.133111
vt 0.216236 5.133111
vt 0.265861 1.410689
vt 0.216236 5.390196
vt 0.166612 1.667774
vt 0.265861 1.667774
vt 0.216236 5.133111
vt 0.216236 5.133111
vt 0.166612 1.667774
vt 0.216236 5.390196
vt 0.265861 1.667774
vt 0.138781 5.133111
vt 0.125659 1.410689
vt 0.112537 5.133111
vt 0.828713 5.133111
vt 0.729464 1.410689
vt 0.729464 5.133111
vt 0.828713 5.133111
vt 0.779088 1.410689
vt 0.779088 1.410689
vt 0.813925 1.410689
vt 0.779088 5.133111
vt 0.828713 1.410689
vt 0.729464 1.410689
vt 0.779088 1.410689
vt 0.828713 5.133111
vt 0.729464 5.133111
vt 0.116106 0.955095
vt 0.116912 0.736082
vt 0.134833 0.845588
vt 0.092967 0.845588
vt 0.110307 0.736082
vt 0.111037 0.955095
vt 0.482848 0.424310
vt 0.443906 0.323979
vt 0.482848 0.323979
vt 0.443339 0.323979
vt 0.404397 0.424310
vt 0.404397 0.323979
vt 0.620139 0.362234
vt 0.399862 0.585268
vt 0.627413 0.606139
vt 0.397625 0.637766
vt 0.602375 0.362234
vt 0.397625 0.362234
vt 0.602375 0.637766
vt 0.397625 0.362234
vt 0.397625 0.668743
vt 0.602375 0.331257
vt 0.602375 0.668743
vt 0.116912 0.955094
vt 0.116106 0.736082
vt 0.110307 0.955095
vt 0.111037 0.736082
vt 0.288882 0.362234
vt 0.068605 0.585268
vt 0.296156 0.606139
vt 0.420018 0.637766
vt 0.581880 0.362234
vt 0.420018 0.362234
vt 0.581880 0.637766
vt 0.581880 0.362234
vt 0.420018 0.337487
vt 0.581880 0.000000
vt 0.581880 0.337487
vt 0.116912 0.736082
vt 0.116106 0.955094
vt 0.110307 0.955094
vt 0.111037 0.736082
vt 0.931395 0.585268
vt 0.711118 0.362234
vt 0.703844 0.606139
vt 0.581880 1.000000
vt 0.420018 0.662513
vt 0.581880 0.662513
vt 0.116325 0.955094
vt 0.116912 0.736082
vt 0.110307 0.736082
vt 0.111037 0.955094
vt 0.620139 0.362234
vt 0.110307 0.736082
vt 0.111037 0.955094
vt 0.050768 0.598917
vt 0.117118 0.736082
vt 0.116190 0.955094
vt 0.110307 0.736082
vt 0.111308 0.955094
vt 0.952729 0.601593
vt 0.707563 0.603293
vt 0.420018 1.000000
vt 0.708613 0.865074
vt 0.197661 0.572517
vt 0.708613 0.572517
vt -0.457293 0.865074
vt -0.457293 0.572517
vt -0.457293 0.865074
vt 0.197661 0.572517
vt 0.197661 0.865074
vt 0.191203 0.930740
vt 1.531090 1.663206
vt 0.164815 1.650910
vt 1.531090 1.632419
vt 0.191203 1.663206
vt 0.808797 1.632419
vt 0.191203 1.632419
vt 0.836735 0.136878
vt 0.242915 0.216528
vt 0.163265 0.136878
vt 0.816473 1.538766
vt 0.757085 0.216528
vt 0.388426 0.500000
vt 0.250769 5.637329
vt 0.388426 5.637329
vt 0.250769 0.500000
vt 0.213742 0.739794
vt 0.207911 0.745983
vt 0.215699 0.748069
vt 1.000000 0.560794
vt 0.000000 0.479735
vt 0.000000 0.560794
vt 0.000000 0.520265
vt 1.000000 0.439206
vt 1.000000 0.479735
vt 0.368228 0.761656
vt 0.366793 0.739763
vt 0.369662 0.739763
vt 0.959067 0.669121
vt 0.956125 0.669121
vt 0.953184 0.669121
vt 0.194371 0.756001
vt 0.197679 0.730683
vt 0.200988 0.756001
vt 0.103642 0.750927
vt 0.120480 0.730684
vt 0.114868 0.750927
vt 0.126093 0.750927
vt 0.338908 0.752576
vt 0.339864 0.730684
vt 0.336995 0.730684
vt 0.409832 0.739763
vt 0.411267 0.761656
vt 0.412702 0.739763
vt 0.311171 0.730683
vt 0.312606 0.752576
vt 0.314041 0.730684
vt 0.179770 0.136589
vt 0.179770 0.000000
vt 0.154575 0.000000
vt 0.148276 0.413348
vt 0.144575 0.000000
vt 0.288838 0.000000
vt 0.288838 0.278225
vt 0.235754 0.000000
vt 0.228615 0.136589
vt 0.207762 0.000000
vt 0.091588 0.000000
vt 0.085289 0.413348
vt 0.078991 0.000000
vt 0.148277 0.413348
vt 0.141978 0.000000
vt 0.283150 0.000000
vt 0.277463 0.278225
vt 0.085289 0.413348
vt 0.266088 0.000000
vt 0.263856 0.278225
vt 0.258504 0.000000
vt 0.226423 0.000000
vt 0.235754 0.136589
vt 0.207762 0.136589
vt 0.263856 0.278225
vt 0.300144 0.273178
vt 0.303866 0.136589
vt 0.296422 0.136589
vt 0.207762 0.136589
vt 0.193766 0.000000
vt 0.148278 0.413348
vt 0.104186 0.000000
vt 0.110484 0.413348
vt 0.116783 0.000000
vt 0.300144 0.000000
vt 0.296422 0.136589
vt 0.300144 0.000000
vt 0.247129 0.278225
vt 0.250921 0.000000
vt 0.243337 0.000000
vt 0.273671 0.000000
vt 0.279359 0.278225
vt 0.285047 0.000000
vt 0.104186 0.413348
vt 0.104186 0.000000
vt 0.207762 0.136589
vt 0.358333 0.568449
vt 0.649479 0.994053
vt 0.358333 0.994053
vt 0.002824 0.603596
vt 0.000000 0.393580
vt 0.003656 0.397235
vt 0.410789 0.761656
vt 0.197679 0.730683
vt 0.350804 0.739851
vt 0.352447 0.739763
vt 0.352447 0.743165
vt 0.339133 0.752576
vt 0.367750 0.761656
vt 0.959067 0.669121
vt 0.953184 0.669121
vt 0.234072 0.730684
vt 0.230763 0.756001
vt 0.227455 0.730684
vt 0.003661 0.602760
vt 0.006477 0.400057
vt 0.238321 0.613091
vt 0.326500 0.615202
vt 0.326491 0.614263
vt 0.148277 0.413348
vt 0.144575 0.000000
vt 0.228615 0.136589
vt 0.198431 0.000000
vt 0.085289 0.413348
vt 0.148277 0.413348
vt 0.171030 0.000000
vt 0.167173 0.413348
vt 0.179770 0.413348
vt 0.108385 0.413348
vt 0.247129 0.278225
vt 0.279359 0.278225
vt 0.221758 0.136589
vt 0.193766 0.000000
vt 0.085289 0.413348
vt 0.283151 0.000000
vt 0.281255 0.278225
vt 0.273671 0.278225
vt 0.193766 0.136589
vt 0.179770 0.000000
vt 0.085289 0.000000
vt 0.091588 0.413348
vt 0.078991 0.413348
vt 0.279359 0.000000
vt 0.956125 0.669121
vt 0.757085 -1.002221
vt 0.191203 0.930740
vt 0.785038 0.188575
vt 0.757084 0.344726
vt 0.215412 0.204562
vt 1.131425 -1.002221
vt 0.164815 0.930740
vt 0.242915 2.987567
vt -0.131425 -1.002221
vt 0.242916 5.591508
vt 0.242916 5.488439
vt 0.757084 5.574957
vt 0.242915 -1.002221
vt 0.355556 0.023834
vt 0.246188 0.116587
vt 0.359915 -2.143359
vt 0.489319 3.767097
vt 0.852614 0.663294
vt 0.832497 3.236136
vt 0.601856 0.953333
vt 0.884059 0.739059
vt 0.283158 0.094530
vt 0.066480 0.667168
vt 0.883599 0.276376
vt 0.812193 3.501616
vt 0.970221 3.767097
vt 0.198889 -2.143359
vt 0.113920 0.201302
vt 0.091997 0.280155
vt 0.030328 0.454737
vt 0.853553 0.808873
vt 0.499996 3.767097
vt 0.796869 3.381203
vt 0.832497 3.767097
vt 0.236630 0.808873
vt 0.248754 3.501616
vt 0.877012 0.809268
vt 0.527132 0.997348
vt 0.985667 0.466226
vt 0.537165 0.004845
vt 0.856911 0.160273
vt 0.485466 0.002760
vt 0.483103 0.997007
vt 0.026501 0.580302
vt 0.216615 0.902232
vt 0.170169 0.150913
vt 0.821620 0.242749
vt 0.997321 0.663294
vt 0.485466 0.663294
vt 0.527420 0.336706
vt 0.216615 0.663294
vt 0.000000 0.242749
vt 0.147386 0.757251
vt 0.196730 -1.855488
vt 0.761241 -1.855488
vt 0.832497 -1.855488
vt 0.454132 -1.717926
vt 0.545868 -1.855488
vt 0.545869 -1.717926
vt 0.167504 -1.855488
vt 0.831112 -1.717926
vt 0.196730 -1.855488
vt 0.831112 -1.717926
vt 0.486878 1.410689
vt 0.513122 1.410689
vt 0.500000 5.133111
vt 0.443906 0.424310
vt 0.804742 0.819776
vt 0.808499 0.917394
vt 0.800986 0.917394
vt 0.787185 0.819776
vt 0.790941 0.924097
vt 0.783428 0.924097
vt 0.443339 0.424310
vt 0.921824 0.492925
vt 0.929337 0.492925
vt 0.925581 0.590542
vt 0.792207 0.819776
vt 0.799720 0.819776
vt 0.795963 0.924097
vt 0.399862 0.362234
vt 0.397625 0.331257
vt 0.925581 0.590542
vt 0.795963 0.924097
vt 0.039947 0.362234
vt 0.420018 0.637766
vt 0.420018 0.000000
vt 0.960053 0.362234
vt 0.787185 0.819776
vt 0.925581 0.590542
vt 0.116190 0.955094
vt 0.117118 0.736082
vt 0.039947 0.362234
vt 0.804742 0.819776
vt 0.787185 0.819776
vt 0.795963 0.924097
vt 0.197661 0.865074
vt -0.457293 0.572517
vt 0.163884 1.657286
vt 0.808797 1.663206
vt 0.183466 1.538827
vt 1.000000 0.520265
vt 0.000000 0.439206
vt 0.351009 0.739852
vt 0.349578 0.739966
vt 0.352447 0.741464
vt 0.633610 0.739757
vt 0.634043 0.761650
vt 0.633176 0.761650
vt 0.411267 0.761656
vt 0.343167 0.752576
vt 0.342734 0.730684
vt 0.343601 0.730684
vt 0.643149 0.761650
vt 0.642716 0.739757
vt 0.643583 0.739757
vt 0.959067 0.669121
vt 0.963479 0.669121
vt 0.964950 0.669121
vt 0.230763 0.730684
vt 0.234072 0.756001
vt 0.227455 0.756001
vt 0.367524 0.761656
vt 0.936646 0.961613
vt 0.886289 0.541559
vt 0.975826 0.540115
vt 0.198431 0.000000
vt 0.326405 0.526422
vt 0.326503 0.615404
vt 0.239005 0.569423
vt 0.807694 0.489377
vt 0.776672 0.025869
vt 0.915542 0.074100
vt 0.791053 0.529432
vt 0.880148 0.513430
vt 0.854378 0.984378
vt 0.349327 0.004087
vt 0.413664 0.458478
vt 0.289121 0.458076
vt 0.262296 0.000000
vt 0.266088 0.278225
vt 0.258504 0.278225
vt 0.221758 0.000000
vt 0.193766 0.136589
vt 0.791053 0.529431
vt 0.879935 0.523458
vt 0.850524 0.984129
vt 0.929148 0.960766
vt 0.886170 0.539096
vt 0.975846 0.524457
vt 0.173472 0.000000
vt 0.285047 0.000000
vt 0.276199 0.278225
vt 0.200623 0.136589
vt 0.791394 0.510442
vt 0.879433 0.513562
vt 0.850522 0.984130
vt 0.929147 0.960765
vt 0.886556 0.520152
vt 0.975845 0.525354
vt 0.085290 0.000000
vt 0.148276 0.000000
vt 0.154575 0.413348
vt 0.141978 0.413348
vt 0.276199 0.278225
vt 0.975849 0.523355
vt 0.886385 0.536000
vt 0.933933 0.961501
vt 0.263856 0.278225
vt 0.262296 0.000000
vt 0.326503 0.615404
vt 0.326405 0.526422
vt 0.239004 0.569423
vt 0.776671 0.025870
vt 0.808381 0.489459
vt 0.915544 0.074104
vt 0.848310 0.984251
vt 0.880151 0.513429
vt 0.791053 0.529433
vt 0.413664 0.458477
vt 0.353262 0.004090
vt 0.289121 0.458075
vt 0.279359 0.000000
vt 0.326405 0.526421
vt 0.239004 0.569422
vt 0.776670 0.025869
vt 0.807968 0.490050
vt 0.915546 0.074091
vt 0.852819 0.984561
vt 0.880150 0.513430
vt 0.791053 0.529433
vt 0.411868 0.460152
vt 0.350939 0.004087
vt 0.288786 0.457972
vt 0.173472 0.413348
vt 0.179770 0.000000
vt 0.167173 0.000000
vt 0.148277 0.000000
vt 0.326503 0.615403
vt 0.238255 0.570079
vt 0.780454 0.026626
vt 0.809520 0.489077
vt 0.915544 0.074089
vt 0.848454 0.984287
vt 0.879573 0.513249
vt 0.791053 0.529432
vt 0.411870 0.460151
vt 0.353559 0.004091
vt 0.288786 0.457971
vt 0.606611 0.945715
vt 0.386133 0.999591
vt 0.583828 0.989892
vt 0.606614 0.945706
vt 0.385969 0.999598
vt 0.583828 0.989892
vt 0.606632 0.945675
vt 0.386135 0.999591
vt 0.583828 0.989892
vt 0.606606 0.945719
vt 0.385957 0.999598
vt 0.583828 0.989892
vt 0.606614 0.945706
vt 0.385937 0.999599
vt 0.583828 0.989892
vt 0.606607 0.945722
vt 0.386080 0.999588
vt 0.583828 0.989892
vt 0.649479 0.568449
vt 0.346708 0.739763
vt 0.346708 0.743165
vt 0.348351 0.739888
vt 0.950242 0.669121
vt 0.953184 0.669121
vt 0.947300 0.669121
vt 0.328387 0.730684
vt 0.325518 0.730683
vt 0.327656 0.752576
vt 0.230763 0.730684
vt 0.410789 0.761656
vt 0.327656 0.752576
vt 0.311903 0.752576
vt 0.332213 0.730684
vt 0.334126 0.752576
vt 0.331256 0.752576
vt 0.959067 0.669121
vt 0.197679 0.756001
vt 0.194371 0.730683
vt 0.200988 0.730683
vt 0.975850 0.522588
vt 0.886137 0.524602
vt 0.939738 0.961741
vt 0.264524 0.278225
vt 0.262296 0.000000
vt 0.850136 0.984799
vt 0.879360 0.523279
vt 0.791053 0.529431
vt 0.975846 0.524457
vt 0.886171 0.539104
vt 0.929964 0.961336
vt 0.283151 0.000000
vt 0.277463 0.278225
vt 0.262296 0.000000
vt 0.221758 0.000000
vt 0.193766 0.136589
vt 0.326503 0.615403
vt 0.326405 0.526423
vt 0.239005 0.569423
vt 0.776670 0.025870
vt 0.807789 0.489534
vt 0.915545 0.074107
vt 0.854544 0.983786
vt 0.880149 0.513431
vt 0.791053 0.529431
vt 0.411870 0.460150
vt 0.349010 0.004086
vt 0.288785 0.457972
vt 0.283151 0.000000
vt 0.228615 0.000000
vt 0.198431 0.136589
vt 0.852529 0.983894
vt 0.880238 0.513816
vt 0.975845 0.525351
vt 0.887475 0.519829
vt 0.931877 0.961417
vt 0.302377 0.136589
vt 0.296422 0.000000
vt 0.303866 0.000000
vt 0.876575 0.489524
vt 0.867996 0.026275
vt 0.915541 0.074101
vt 0.409272 0.462628
vt 0.424072 0.004328
vt 0.413085 0.458842
vt 0.791053 0.529433
vt 0.880366 0.526697
vt 0.850639 0.984177
vt 0.930249 0.961348
vt 0.886348 0.536153
vt 0.975846 0.524458
vt 0.791053 0.529433
vt 0.880366 0.526698
vt 0.850522 0.984130
vt 0.929147 0.960764
vt 0.886348 0.536152
vt 0.975846 0.524457
vt 0.326405 0.526421
vt 0.326503 0.615404
vt 0.239004 0.569421
vt 0.809521 0.489079
vt 0.776669 0.025867
vt 0.915539 0.074097
vt 0.791053 0.529432
vt 0.880148 0.513430
vt 0.848454 0.984288
vt 0.353559 0.004091
vt 0.411870 0.460150
vt 0.288786 0.457971
vt 0.386058 0.999589
vt 0.583819 0.989898
vt 0.606599 0.945734
vt 0.286516 0.000000
vt 0.283151 0.278225
vt 0.386058 0.999589
vt 0.583819 0.989898
vt 0.606600 0.945735
vt 0.386112 0.999592
vt 0.602578 0.953462
vt 0.599135 0.960293
vt 0.385936 0.999599
vt 0.602634 0.953379
vt 0.599155 0.960216
vt 0.386148 0.999590
vt 0.602635 0.953378
vt 0.599156 0.960215
vt 0.386138 0.999591
vt 0.583819 0.989898
vt 0.606599 0.945735
vt 0.953184 0.669121
vt 0.947300 0.669121
vt 0.997998 0.669121
vt 0.995995 0.669121
vt 0.997330 0.669121
vt 0.346708 0.741464
s 1
usemtl GT_MC_Glass_Facade
f 13/3/7 17/7/8 9/1/9
f 19/22/22 10/23/23 1295/24/24
f 21/25/17 1295/26/24 12/27/25
f 20/31/28 12/24/29 1294/32/30
f 18/36/15 1294/27/34 10/26/23
f 13/3/7 15/2/11 17/7/8
f 19/22/22 18/511/38 10/23/23
f 21/25/17 19/36/16 1295/26/24
f 20/31/28 21/22/27 12/24/29
f 18/36/15 20/25/14 1294/27/34
usemtl GT_MC_Tiling_Concrete_Blocks
f 7/1/1 8/2/2 6/3/3
f 5/4/4 1291/5/5 1292/6/6
f 1289/8/10 17/9/8 15/10/11
f 1290/11/12 9/12/9 17/13/8
f 16/14/13 20/15/14 18/16/15
f 6/17/3 19/16/16 21/15/17
f 4/18/18 1292/19/19 1/20/20
f 1288/21/21 15/13/11 13/12/7
f 22/28/26 21/29/27 20/30/28
f 3/33/31 2/34/32 1291/35/33
f 22/37/35 16/38/13 7/39/36
f 14/40/37 18/30/38 19/29/22
f 11/41/39 1/42/40 2/5/41
f 6/43/3 8/44/2 14/45/42
f 1096/229/154 1097/230/155 1099/231/156
f 1079/229/157 1078/232/157 1080/233/157
f 1082/234/157 1083/235/157 1081/230/157
f 1085/234/157 1086/236/157 1084/237/157
f 1089/234/158 1088/236/159 1087/237/158
f 1091/229/157 1090/232/157 1092/238/157
f 1094/239/157 1095/240/157 1093/241/157
f 1101/242/160 1100/229/125 1102/243/157
f 1104/232/161 1103/244/49 1105/243/157
f 1107/245/157 1108/246/49 1106/247/157
f 1110/245/157 1111/246/125 1109/247/157
f 1113/248/157 1114/249/49 1112/250/157
f 1098/251/162 1096/252/154 1099/253/156
f 1135/254/163 1134/255/164 1136/256/165
f 1117/257/157 1118/258/157 1116/254/157
f 1120/259/166 1119/255/166 1121/260/166
f 1123/261/166 1124/262/166 1122/263/166
f 1126/264/157 1125/255/157 1127/265/157
f 1129/266/166 1130/262/166 1128/267/166
f 1132/268/157 1133/269/49 1131/270/157
f 1138/262/157 1139/271/157 1137/254/49
f 1141/258/157 1142/271/157 1140/254/157
f 1144/258/157 1145/272/157 1143/254/157
f 1147/258/157 1148/272/157 1146/254/49
f 1150/273/157 1151/274/157 1149/275/125
f 1134/276/164 1115/277/167 1136/278/165
f 1158/279/168 1159/280/169 1161/281/170
f 1152/282/157 1153/283/157 1154/281/157
f 1156/282/157 1155/284/157 1157/281/125
f 1160/285/171 1158/279/168 1161/281/170
f 1163/286/157 1164/287/125 1162/288/157
f 1165/289/157 1166/290/49 1167/291/157
f 1293/363/254 13/10/7 9/9/9
f 12/364/25 11/365/39 3/366/31
f 1294/367/30 3/368/255 5/369/4
f 11/370/39 10/371/23 4/372/18
f 12/373/25 1295/374/24 11/370/39
f 7/1/1 16/7/321 8/2/2
f 5/4/4 3/504/255 1291/5/5
f 1289/8/10 1290/505/253 17/9/8
f 1290/11/12 1293/21/322 9/12/9
f 14/506/37 8/507/323 16/508/324
f 16/14/13 22/17/35 20/15/14
f 6/17/3 14/14/42 19/16/16
f 4/18/18 5/509/325 1292/19/19
f 1288/21/21 1289/510/326 15/13/11
f 22/28/26 6/40/327 21/29/27
f 3/33/31 11/512/39 2/34/32
f 14/40/37 16/28/324 18/30/38
f 22/513/26 7/514/328 6/515/327
f 11/41/39 4/516/18 1/42/40
f 1096/229/154 1098/234/162 1097/230/155
f 1078/232/157 1079/229/157 1080/233/157
f 1083/235/157 1082/234/157 1081/230/157
f 1086/236/157 1085/234/157 1084/237/157
f 1088/236/159 1089/234/158 1087/237/158
f 1090/232/157 1091/229/157 1092/238/157
f 1095/240/157 1094/239/157 1093/241/157
f 1097/230/155 1098/234/162 1099/231/156
f 1102/243/157 1100/229/125 1101/242/160
f 1105/243/157 1103/244/49 1104/232/161
f 1106/247/157 1108/246/49 1107/245/157
f 1109/247/157 1111/246/125 1110/245/157
f 1112/250/157 1114/249/49 1113/248/157
f 1135/254/163 1115/262/167 1134/255/164
f 1116/254/157 1118/258/157 1117/257/157
f 1121/260/166 1119/255/166 1120/259/166
f 1122/263/166 1124/262/166 1123/261/166
f 1127/265/157 1125/255/157 1126/264/157
f 1128/267/166 1130/262/166 1129/266/166
f 1131/270/157 1133/269/49 1132/268/157
f 1136/256/165 1115/262/167 1135/254/163
f 1139/271/157 1138/262/157 1137/254/49
f 1142/271/157 1141/258/157 1140/254/157
f 1145/272/157 1144/258/157 1143/254/157
f 1148/272/157 1147/258/157 1146/254/49
f 1151/274/157 1150/273/157 1149/275/125
f 1158/279/168 1160/285/171 1159/280/169
f 1153/283/157 1152/282/157 1154/281/157
f 1155/284/157 1156/282/157 1157/281/125
f 1159/567/169 1160/568/171 1161/569/170
f 1162/288/157 1164/287/125 1163/286/157
f 1167/291/157 1166/290/49 1165/289/157
f 1293/363/254 1288/8/345 13/10/7
f 4/602/18 1294/364/34 5/366/325
f 1294/367/30 12/603/29 3/368/255
f 4/372/18 10/371/23 1294/604/34
f 11/370/39 1295/374/24 10/371/23
usemtl GT_MC_Tiling_Dirty_Metal
f 1175/292/172 1171/293/173 1176/294/174
f 1170/295/175 1168/296/176 1169/297/177
f 1196/315/190 1190/316/189 1191/294/188
f 1195/317/191 1189/295/192 1188/318/187
f 1210/330/202 1216/331/203 1211/294/204
f 1209/295/175 1215/332/206 1208/333/205
f 1236/340/215 1231/341/216 1232/294/217
f 1230/295/218 1228/342/219 1229/343/220
f 1250/295/218 1248/345/219 1249/346/220
f 1276/294/239 1270/348/240 1275/349/241
f 1268/350/242 1269/295/243 1274/351/244
s 0
f 1311/379/264 1312/380/264 1310/381/264
f 1311/379/265 1310/381/265 1312/380/265
f 1392/410/279 1350/411/279 1397/410/279
f 1353/412/280 1394/413/280 1393/414/280
f 1395/415/281 1354/416/281 1396/416/281
f 1357/417/166 1355/418/166 1356/419/166
f 1362/420/282 1364/421/282 1363/422/282
f 1363/412/283 1364/423/283 1362/424/283
f 1365/425/284 1366/416/284 1367/426/284
f 1375/420/285 1376/427/285 1374/422/285
f 1378/428/286 1379/429/286 1377/430/286
f 1381/431/166 1382/432/166 1380/433/166
f 1390/428/286 1391/434/286 1389/430/286
f 1400/435/287 1401/436/287 1399/437/287
f 1401/438/288 1400/439/288 1399/410/288
f 1408/440/289 1407/412/289 1406/424/289
f 1407/441/290 1408/442/290 1406/443/290
f 1413/444/291 1412/445/291 1414/436/291
f 1426/446/291 1425/445/291 1427/436/291
f 1440/447/292 1439/448/292 1438/449/292
f 1439/450/293 1440/451/293 1438/452/293
f 1394/453/294 1353/454/294 1393/441/294
f 1350/455/295 1392/419/295 1397/419/295
f 1467/459/297 1503/460/297 1349/461/297
f 1503/460/302 1504/474/302 1505/475/302
f 1549/479/306 1508/412/306 1548/480/306
f 1510/481/166 1511/417/166 1509/419/166
f 1511/438/307 1510/482/307 1509/410/307
f 1517/483/308 1515/420/308 1516/422/308
f 1517/484/309 1516/412/309 1515/424/309
f 1530/485/49 1529/486/49 1528/487/49
f 1529/441/125 1530/488/125 1528/443/125
f 1545/489/310 1544/448/310 1543/449/310
f 1544/450/311 1545/490/311 1543/452/311
f 1547/433/312 1546/419/312 1552/419/312
f 1558/417/313 1556/491/313 1557/419/313
f 1557/410/314 1556/492/314 1558/438/314
f 1562/420/283 1564/493/283 1563/422/283
f 1563/412/282 1564/479/282 1562/424/282
f 1565/494/315 1566/495/315 1567/496/315
f 1569/445/291 1570/446/291 1568/436/291
f 1570/497/316 1569/498/316 1568/419/316
f 1574/499/317 1575/500/317 1576/501/317
f 1577/502/315 1578/495/315 1579/496/315
f 1581/445/291 1582/444/291 1580/436/291
f 1582/497/316 1581/498/316 1580/419/316
f 1594/448/318 1595/447/318 1593/449/318
f 1508/454/319 1549/453/319 1548/441/319
s 1
f 1174/571/157 1173/572/157 1172/573/157
f 1174/574/157 1172/575/157 1173/576/157
f 1178/578/157 1177/579/157 1179/580/157
f 1177/581/157 1178/582/157 1179/583/157
f 1194/571/157 1193/572/157 1192/573/157
f 1194/574/157 1192/575/157 1193/576/157
f 1198/578/157 1197/579/157 1199/586/157
f 1197/581/157 1198/582/157 1199/587/157
f 1213/573/157 1212/572/157 1214/571/157
f 1212/576/157 1213/575/157 1214/574/157
f 1219/580/157 1218/579/157 1217/578/157
f 1219/583/157 1217/582/157 1218/581/157
f 1235/571/157 1234/572/157 1233/573/157
f 1235/592/157 1233/575/157 1234/576/157
f 1238/578/157 1237/579/157 1239/593/157
f 1237/581/157 1238/582/157 1239/583/157
f 1252/294/217 1256/594/215 1251/595/229
f 1255/571/157 1254/572/157 1253/573/157
f 1255/574/157 1253/575/157 1254/576/157
f 1258/578/157 1257/579/157 1259/580/157
f 1257/581/157 1258/582/157 1259/583/157
f 1272/573/157 1271/572/157 1273/597/157
f 1271/576/157 1272/575/157 1273/598/157
f 1279/580/157 1278/579/157 1277/578/157
f 1279/599/157 1277/582/157 1278/581/157
s 0
f 1357/438/307 1356/410/307 1355/630/307
f 1365/643/360 1367/644/360 1366/645/360
f 1369/646/313 1370/432/313 1368/433/313
f 1369/647/314 1368/498/314 1370/419/314
f 1375/487/362 1374/486/362 1376/654/362
f 1378/450/273 1377/655/273 1379/656/273
f 1381/657/307 1380/498/307 1382/419/307
f 1386/664/366 1387/500/366 1388/501/366
f 1386/665/367 1388/666/367 1387/667/367
f 1390/450/273 1389/452/273 1391/668/273
f 1396/645/368 1354/672/368 1395/673/368
f 1410/495/284 1411/416/284 1409/686/284
f 1409/686/360 1411/496/360 1410/495/360
f 1413/497/316 1414/419/316 1412/498/316
f 1419/698/362 1420/699/362 1421/700/362
f 1421/667/285 1420/666/285 1419/701/285
f 1423/495/284 1424/416/284 1422/686/284
f 1422/686/360 1424/496/360 1423/495/360
f 1426/497/316 1427/419/316 1425/498/316
f 1437/501/283 1436/500/283 1435/499/283
f 1436/667/282 1437/666/282 1435/701/282
f 1467/459/385 1504/474/385 1503/460/385
f 1349/461/389 1503/460/389 1505/475/389
f 1551/645/391 1555/755/391 1550/756/391
f 1518/763/395 1520/764/395 1519/416/395
f 1519/645/396 1520/644/396 1518/765/396
f 1521/433/313 1523/432/313 1522/766/313
f 1523/419/314 1521/498/314 1522/767/314
f 1532/495/401 1533/416/401 1531/780/401
f 1531/780/402 1533/496/402 1532/495/402
f 1535/781/166 1534/433/166 1536/432/166
f 1536/419/307 1534/498/307 1535/782/307
f 1542/501/405 1541/500/405 1540/499/405
f 1541/667/406 1542/666/406 1540/701/406
f 1547/788/407 1552/789/407 1546/790/407
f 1550/415/408 1555/416/408 1551/416/408
f 1565/494/412 1567/416/412 1566/495/412
f 1574/698/415 1576/700/415 1575/699/415
f 1577/502/412 1579/416/412 1578/495/412
f 1590/499/309 1591/500/309 1592/501/309
f 1590/701/308 1592/666/308 1591/667/308
f 1594/450/423 1593/824/423 1595/825/423
s 1
usemtl GT_MC_Light
f 1432/713/378 1433/714/379 1434/715/378
f 1434/715/378 1433/714/379 1432/713/378
f 1441/716/380 1442/717/381 1443/718/286
f 1443/718/286 1442/717/381 1441/716/380
f 1444/719/273 1445/720/273 1446/721/273
f 1446/721/273 1445/720/273 1444/719/273
f 1447/722/273 1448/723/382 1449/724/273
f 1449/724/273 1448/723/382 1447/722/273
f 1450/725/273 1451/726/273 1452/727/273
f 1452/727/273 1451/726/273 1450/725/273
f 1453/728/273 1454/729/383 1455/730/273
f 1455/730/273 1454/729/383 1453/728/273
f 1588/821/420 1589/822/421 1587/823/422
f 1588/821/420 1587/823/422 1589/822/421
f 1597/826/157 1598/827/421 1596/828/157
f 1597/826/157 1596/828/157 1598/827/421
f 1601/829/424 1599/830/425 1600/831/426
f 1601/829/424 1600/831/426 1599/830/425
f 1604/832/427 1602/833/428 1603/834/429
f 1604/832/427 1603/834/429 1602/833/428
f 1607/835/427 1605/836/430 1606/837/431
f 1607/835/427 1606/837/431 1605/836/430
f 1609/838/432 1610/839/433 1608/840/434
f 1609/838/432 1608/840/434 1610/839/433
usemtl GT_MC_Glass_Facade_3
f 33/46/43 42/47/44 34/48/45
f 35/49/46 25/50/47 24/51/48
f 47/61/56 58/62/57 48/63/58
f 73/64/59 31/65/60 66/66/61
f 34/48/45 42/47/44 44/80/70
f 33/87/43 64/88/54 61/89/76
f 37/90/77 39/91/78 35/92/46
f 35/92/46 39/91/78 36/93/79
f 35/92/46 36/93/79 33/46/43
f 37/97/77 31/65/60 73/64/59
f 34/109/45 30/110/55 64/88/54
f 33/87/43 61/89/76 25/50/47
f 44/124/70 29/118/66 30/125/55
f 44/126/70 41/127/87 38/128/86
f 37/97/77 24/51/48 31/65/60
f 71/86/75 28/519/91 26/84/73
f 34/109/45 44/522/70 30/110/55
f 48/63/58 45/523/65 63/524/52
f 47/61/56 54/525/63 58/62/57
f 58/62/57 57/526/83 48/63/58
f 63/524/52 46/527/84 47/61/56
f 48/63/58 63/524/52 47/61/56
f 44/80/70 42/47/44 40/528/88
f 66/66/61 31/65/60 27/111/69
f 33/87/43 34/109/45 64/88/54
f 74/85/74 26/84/73 43/119/50
f 37/90/77 32/127/80 39/91/78
f 71/86/75 27/530/69 28/519/91
f 35/49/46 33/87/43 25/50/47
f 37/97/77 35/49/46 24/51/48
f 33/46/43 36/93/79 42/47/44
f 44/124/70 38/106/86 29/118/66
f 44/126/70 40/539/88 41/127/87
usemtl GT_MC_Tiling_Grey_Concrete_Slab
f 55/52/49 43/53/50 56/54/49
f 65/55/51 63/56/52 56/57/53
f 64/58/54 30/59/55 52/60/49
f 53/67/62 58/68/57 54/69/63
f 48/70/58 55/71/64 45/72/65
f 55/52/49 29/73/66 43/53/50
f 51/74/67 49/75/68 73/76/59
f 60/77/49 27/78/69 31/79/60
f 62/81/71 47/82/56 60/83/72
f 26/84/73 74/85/74 71/86/75
f 32/94/80 67/95/81 39/96/78
f 52/60/49 29/73/66 55/52/49
f 39/96/78 69/98/82 36/99/79
f 64/100/54 48/101/58 57/102/83
f 59/103/49 27/78/69 60/77/49
f 60/83/72 46/104/84 59/105/85
f 38/106/86 41/107/87 51/108/67
f 66/66/61 27/111/69 71/112/75
f 40/113/88 68/114/89 41/107/87
f 42/115/44 72/116/90 40/117/88
f 36/99/79 69/98/82 42/115/44
f 29/118/66 51/108/67 43/119/50
f 59/103/49 28/120/91 27/78/69
f 61/121/76 57/102/83 58/68/57
f 59/122/85 46/123/84 65/55/51
f 45/72/65 55/71/64 63/56/52
f 65/129/49 26/130/73 28/120/91
f 71/131/75 81/132/92 66/133/61
f 66/134/61 75/135/93 73/136/59
f 67/137/81 76/138/94 69/139/82
f 74/140/74 84/141/95 71/131/75
f 68/142/89 77/143/96 50/144/97
f 69/139/82 80/145/98 72/146/90
f 49/147/68 76/138/94 67/137/81
f 50/148/99 82/149/100 49/150/68
f 70/151/101 78/152/102 79/153/103
f 73/154/59 78/155/102 51/156/67
f 70/151/101 79/153/103 74/140/74
f 86/157/104 104/158/105 97/159/106
f 88/160/107 99/161/108 87/162/109
f 91/163/110 95/164/111 104/158/105
f 96/165/112 89/166/113 100/167/114
f 94/168/115 102/169/116 92/170/117
f 93/171/118 101/172/119 103/173/120
f 87/162/109 100/167/114 89/166/113
f 106/174/121 103/175/120 95/164/111
f 85/176/122 97/159/106 123/177/123
f 92/178/117 99/161/108 88/160/107
f 101/172/119 90/179/124 96/165/112
f 92/170/49 113/180/49 112/181/49
f 91/163/110 120/182/49 106/174/49
f 85/176/49 107/183/49 108/184/49
f 98/185/125 133/186/125 102/169/125
f 95/164/125 135/187/125 104/158/125
f 96/165/125 132/188/125 134/189/125
f 96/165/125 134/189/125 125/190/125
f 90/179/49 105/191/49 117/192/49
f 88/160/49 113/193/49 92/178/49
f 87/162/49 111/194/49 109/195/49
f 93/196/118 106/174/121 105/180/49
f 101/172/125 122/197/125 103/173/125
f 99/161/125 131/198/125 128/199/125
f 90/179/49 116/200/49 89/166/49
f 88/160/49 109/195/49 110/201/49
f 89/166/49 114/202/49 111/194/49
f 104/158/125 124/203/125 97/159/106
f 123/177/125 137/204/125 98/185/125
f 99/161/125 129/205/125 100/167/125
f 91/163/110 86/157/104 118/206/49
f 94/168/49 107/183/49 85/176/49
f 92/170/49 112/181/49 115/207/49
f 91/163/110 118/206/49 120/182/49
f 139/157/126 157/158/127 150/159/106
f 141/160/107 152/161/108 140/162/109
f 144/208/128 148/164/129 157/158/127
f 149/165/112 142/166/113 153/167/114
f 147/168/115 155/169/116 145/170/117
f 146/171/130 154/172/119 156/173/131
f 140/162/109 153/167/114 142/166/113
f 158/209/132 156/175/131 148/164/129
f 138/176/122 150/159/106 175/177/123
f 145/178/117 152/161/108 141/160/107
f 154/172/119 143/179/124 149/165/112
f 145/170/49 166/180/49 165/181/49
f 138/176/49 160/183/49 161/184/49
f 151/185/125 185/186/125 155/169/125
f 148/164/125 187/187/125 157/158/125
f 149/165/125 184/188/125 186/189/125
f 149/165/125 186/189/125 177/190/125
f 143/179/49 159/191/49 170/192/49
f 141/160/49 166/193/49 145/178/49
f 140/162/49 164/194/49 162/195/49
f 146/196/49 171/181/49 159/180/49
f 154/172/125 174/197/125 156/173/125
f 152/161/125 183/198/125 180/199/125
f 143/179/49 169/200/49 142/166/49
f 141/160/49 162/195/49 163/201/49
f 142/166/49 167/202/49 164/194/49
f 157/158/125 176/203/125 150/159/106
f 175/177/125 189/204/125 151/185/125
f 152/161/125 181/205/125 153/167/125
f 147/168/49 160/183/49 138/176/49
f 145/170/49 165/181/49 168/207/49
f 158/209/49 171/181/49 146/196/49
f 191/157/104 209/158/105 202/210/106
f 193/160/107 204/211/108 192/162/109
f 196/163/110 200/164/111 209/158/105
f 201/165/112 194/166/113 205/167/114
f 199/168/115 207/169/116 197/170/117
f 198/212/133 206/172/119 208/213/120
f 192/162/109 205/167/114 194/166/113
f 211/174/121 208/214/120 200/164/111
f 190/215/122 202/210/106 228/216/123
f 197/217/117 204/211/108 193/160/107
f 206/172/119 195/218/124 201/165/112
f 197/170/49 218/180/49 217/181/49
f 196/163/110 225/182/49 211/174/49
f 190/215/49 212/183/49 213/184/49
f 203/185/125 238/186/125 207/169/125
f 200/164/125 240/187/125 209/158/125
f 201/165/125 237/188/125 239/189/125
f 201/165/125 239/189/125 230/190/125
f 195/218/49 210/191/49 222/192/49
f 193/160/49 218/193/49 197/217/49
f 192/162/49 216/194/49 214/195/49
f 198/219/133 211/174/121 210/180/49
f 206/172/125 227/197/125 208/213/125
f 204/211/125 236/198/125 233/199/125
f 195/218/49 221/200/49 194/166/49
f 193/160/49 214/195/49 215/201/49
f 194/166/49 219/202/49 216/194/49
f 209/158/125 229/203/125 202/210/106
f 228/216/125 242/204/125 203/185/125
f 204/211/125 234/205/125 205/167/125
f 196/163/110 191/157/104 223/206/49
f 199/168/49 212/183/49 190/215/49
f 197/170/49 217/181/49 220/207/49
f 196/163/110 223/206/49 225/182/49
f 244/157/104 262/158/105 255/210/106
f 246/160/107 257/211/108 245/162/109
f 249/163/110 253/164/111 262/158/105
f 254/165/112 247/166/113 258/167/114
f 252/168/115 260/169/116 250/170/117
f 251/220/134 259/172/135 261/213/136
f 245/162/109 258/167/114 247/166/113
f 263/174/137 261/214/136 253/164/111
f 243/215/122 255/210/106 280/216/123
f 250/217/117 257/211/108 246/160/107
f 259/172/135 248/218/138 254/165/112
f 250/170/49 270/180/49 269/181/49
f 249/163/110 277/182/139 263/174/139
f 243/215/49 264/183/49 265/184/49
f 256/185/125 290/186/125 260/169/125
f 253/164/125 292/187/125 262/158/125
f 254/165/125 289/188/125 291/189/125
f 254/165/125 291/189/125 282/190/125
f 248/218/138 251/220/134 274/192/49
f 246/160/49 270/193/49 250/217/49
f 245/162/49 268/194/49 266/195/49
f 259/172/125 279/197/125 261/213/125
f 257/211/125 288/198/125 285/199/125
f 248/218/138 273/200/49 247/166/49
f 246/160/49 266/195/49 267/201/49
f 247/166/49 271/202/49 268/194/49
f 262/158/125 281/203/125 255/210/106
f 280/216/125 294/204/125 256/185/125
f 257/211/125 286/205/125 258/167/125
f 249/163/110 244/157/104 275/206/49
f 252/168/49 264/183/49 243/215/49
f 250/170/49 269/181/49 272/207/49
f 249/163/110 275/206/49 277/182/139
f 296/157/104 314/158/105 307/159/106
f 298/160/107 309/161/140 297/162/141
f 301/163/110 305/164/111 314/158/105
f 306/221/142 299/222/143 310/223/144
f 304/168/115 312/169/116 302/170/117
f 303/171/118 311/172/145 313/224/120
f 297/162/141 310/223/144 299/222/143
f 316/174/121 313/175/120 305/164/111
f 295/176/122 307/159/106 333/177/123
f 302/178/117 309/161/140 298/160/107
f 311/172/145 300/218/146 306/221/142
f 302/170/49 323/180/49 322/181/49
f 301/163/110 330/182/49 316/174/49
f 295/176/49 317/183/49 318/184/49
f 308/185/125 343/186/125 312/169/125
f 305/164/125 345/187/125 314/158/125
f 306/221/125 342/188/125 344/189/125
f 306/221/125 344/189/125 335/190/125
f 300/218/49 315/191/49 327/192/49
f 298/160/49 323/193/49 302/178/49
f 297/162/49 321/194/49 319/195/49
f 303/225/118 316/174/121 315/180/49
f 311/172/125 332/197/125 313/224/125
f 309/161/125 341/198/125 338/199/125
f 300/218/49 326/200/49 299/222/49
f 298/160/49 319/195/49 320/201/49
f 299/222/49 324/202/49 321/194/49
f 314/158/125 334/203/125 307/159/106
f 333/177/125 347/204/125 308/185/125
f 309/161/125 339/205/125 310/223/125
f 301/163/110 296/157/104 328/206/49
f 304/168/49 317/183/49 295/176/49
f 302/170/49 322/181/49 325/207/49
f 301/163/110 328/206/49 330/182/49
f 310/223/125 342/188/125 306/221/125
f 349/157/126 367/158/127 360/159/106
f 351/160/107 362/161/108 350/162/109
f 354/208/128 358/164/129 367/158/127
f 359/165/112 352/166/113 363/167/114
f 357/168/115 365/169/116 355/170/117
f 356/171/130 364/172/119 366/173/131
f 350/162/109 363/167/114 352/166/113
f 368/209/132 366/175/131 358/164/129
f 348/176/122 360/159/106 385/177/123
f 355/178/117 362/161/108 351/160/107
f 364/172/119 353/179/124 359/165/112
f 355/170/49 376/180/49 375/181/49
f 348/176/49 370/183/49 371/184/49
f 361/185/125 395/186/125 365/169/125
f 358/164/125 397/187/125 367/158/125
f 359/165/125 394/188/125 396/189/125
f 359/165/125 396/189/125 387/190/125
f 353/179/49 369/191/49 380/192/49
f 351/160/49 376/193/49 355/178/49
f 350/162/49 374/194/49 372/195/49
f 356/196/49 381/181/49 369/180/49
f 364/172/125 384/197/125 366/173/125
f 362/161/125 393/198/125 390/199/125
f 353/179/49 379/200/49 352/166/49
f 351/160/49 372/195/49 373/201/49
f 352/166/49 377/202/49 374/194/49
f 367/158/125 386/203/125 360/159/106
f 385/177/125 399/204/125 361/185/125
f 362/161/125 391/205/125 363/167/125
f 357/168/49 370/183/49 348/176/49
f 355/170/49 375/181/49 378/207/49
f 368/209/49 381/181/49 356/196/49
f 401/157/104 419/158/105 412/159/106
f 403/160/107 414/161/108 402/162/109
f 406/163/110 410/164/111 419/158/105
f 411/165/112 404/166/113 415/167/114
f 409/168/115 417/169/116 407/170/117
f 408/220/134 416/172/135 418/173/136
f 402/162/109 415/167/114 404/166/113
f 420/174/137 418/175/136 410/164/111
f 400/176/122 412/159/106 437/177/123
f 407/178/117 414/161/108 403/160/107
f 416/172/135 405/179/138 411/165/112
f 407/170/49 427/180/49 426/181/49
f 406/163/110 434/182/49 420/174/49
f 400/176/49 421/183/49 422/184/49
f 413/185/125 447/186/125 417/169/125
f 410/164/125 449/187/125 419/158/125
f 411/165/125 446/188/125 448/189/125
f 411/165/125 448/189/125 439/190/125
f 405/179/138 408/220/134 431/192/49
f 403/160/49 427/193/49 407/178/49
f 402/162/49 425/194/49 423/195/49
f 416/172/125 436/197/125 418/173/125
f 414/161/125 445/198/125 442/199/125
f 405/179/138 430/200/49 404/166/49
f 403/160/49 423/195/49 424/201/49
f 404/166/49 428/202/49 425/194/49
f 419/158/125 438/203/125 412/159/106
f 437/177/125 451/204/125 413/185/125
f 414/161/125 443/205/125 415/167/125
f 406/163/110 401/157/104 432/206/49
f 409/168/49 421/183/49 400/176/49
f 407/170/49 426/181/49 429/207/49
f 406/163/110 432/206/49 434/182/49
f 453/157/104 471/158/105 464/159/106
f 455/160/107 466/161/108 454/162/109
f 458/163/110 462/164/111 471/158/105
f 463/165/112 456/166/113 467/167/114
f 461/168/115 469/169/116 459/170/117
f 460/212/118 468/172/119 470/213/120
f 454/162/109 467/167/114 456/166/113
f 473/174/121 470/214/120 462/164/111
f 452/176/122 464/159/106 490/216/123
f 459/217/117 466/161/108 455/160/107
f 468/172/119 457/179/124 463/165/112
f 459/170/49 480/180/49 479/181/49
f 458/163/110 487/182/49 473/174/49
f 452/176/49 474/183/49 475/184/49
f 465/185/125 500/186/125 469/169/125
f 462/164/125 502/187/125 471/158/125
f 463/165/125 499/188/125 501/189/125
f 463/165/125 501/189/125 492/190/125
f 457/179/49 472/191/49 484/192/49
f 455/160/49 480/193/49 459/217/49
f 454/162/49 478/194/49 476/195/49
f 460/219/118 473/174/121 472/180/49
f 468/172/125 489/197/125 470/213/125
f 466/161/125 498/198/125 495/199/125
f 457/179/49 483/200/49 456/166/49
f 455/160/49 476/195/49 477/201/49
f 456/166/49 481/202/49 478/194/49
f 471/158/125 491/203/125 464/159/106
f 490/216/125 504/204/125 465/185/125
f 466/161/125 496/205/125 467/167/125
f 458/163/110 453/157/104 485/206/49
f 461/168/49 474/183/49 452/176/49
f 459/170/49 479/181/49 482/207/49
f 458/163/110 485/206/49 487/182/49
f 506/157/104 524/158/105 517/159/106
f 508/160/107 519/161/108 507/162/109
f 511/163/110 515/164/111 524/158/105
f 516/165/112 509/222/113 520/167/114
f 514/168/115 522/169/116 512/170/117
f 513/171/118 521/172/119 523/173/120
f 507/162/109 520/167/114 509/222/113
f 526/174/121 523/175/120 515/164/111
f 505/226/122 517/159/106 543/227/123
f 512/217/117 519/161/108 508/160/107
f 521/172/119 510/218/124 516/165/112
f 512/170/49 533/180/49 532/181/49
f 511/163/110 540/182/49 526/174/49
f 505/226/49 527/183/49 528/184/49
f 518/185/125 553/186/125 522/169/125
f 515/164/125 555/187/125 524/158/125
f 516/165/125 552/188/125 554/189/125
f 516/165/125 554/189/125 545/190/125
f 510/218/49 525/191/49 537/192/49
f 508/160/49 533/193/49 512/217/49
f 507/162/49 531/194/49 529/195/49
f 513/196/118 526/174/121 525/180/49
f 521/172/125 542/197/125 523/173/125
f 519/161/125 551/198/125 548/199/125
f 510/218/49 536/200/49 509/222/49
f 508/160/49 529/195/49 530/201/49
f 509/222/49 534/202/49 531/194/49
f 524/158/125 544/203/125 517/159/106
f 543/227/125 557/204/125 518/185/125
f 519/161/125 549/205/125 520/167/125
f 511/163/110 506/157/104 538/206/49
f 514/168/49 527/183/49 505/226/49
f 512/170/49 532/181/49 535/207/49
f 511/163/110 538/206/49 540/182/49
f 559/157/104 577/158/105 570/159/106
f 561/160/107 572/161/108 560/162/109
f 564/163/110 568/164/111 577/158/105
f 569/165/112 562/166/113 573/167/114
f 567/168/115 575/169/116 565/170/117
f 566/220/134 574/172/135 576/173/136
f 560/162/109 573/167/114 562/166/113
f 578/174/137 576/175/136 568/164/111
f 558/176/122 570/159/106 595/177/123
f 565/178/117 572/161/108 561/160/107
f 574/172/135 563/179/138 569/165/112
f 565/170/49 585/180/49 584/181/49
f 564/163/110 592/182/49 578/174/49
f 558/176/49 579/183/49 580/184/49
f 571/185/125 605/186/125 575/169/125
f 568/164/125 607/187/125 577/158/125
f 569/165/125 604/188/125 606/189/125
f 569/165/125 606/189/125 597/190/125
f 563/179/138 566/220/134 589/192/49
f 561/160/49 585/193/49 565/178/49
f 560/162/49 583/194/49 581/195/49
f 574/172/125 594/197/125 576/173/125
f 572/161/125 603/198/125 600/199/125
f 563/179/138 588/200/49 562/166/49
f 561/160/49 581/195/49 582/201/49
f 562/166/49 586/202/49 583/194/49
f 577/158/125 596/203/125 570/159/106
f 595/177/147 609/204/147 571/185/125
f 572/161/125 601/205/125 573/167/125
f 564/163/110 559/157/104 590/206/49
f 567/168/49 579/183/49 558/176/49
f 565/170/49 584/181/49 587/207/139
f 564/163/110 590/206/49 592/182/49
f 611/157/126 629/158/127 622/159/106
f 613/160/107 624/161/140 612/162/141
f 616/208/128 620/164/129 629/158/127
f 621/221/142 614/222/143 625/223/144
f 619/168/115 627/169/116 617/170/117
f 618/171/130 626/172/145 628/224/131
f 612/162/141 625/223/144 614/222/143
f 630/209/132 628/175/131 620/164/129
f 610/176/122 622/159/106 647/177/123
f 617/178/117 624/161/140 613/160/107
f 626/172/145 615/218/146 621/221/142
f 617/170/49 638/180/49 637/181/49
f 610/176/49 632/183/49 633/184/49
f 623/185/125 657/186/125 627/169/125
f 620/164/125 659/187/125 629/158/125
f 621/221/125 656/188/125 658/189/125
f 621/221/125 658/189/125 649/190/125
f 615/218/49 631/191/49 642/192/49
f 613/160/49 638/193/49 617/178/49
f 612/162/49 636/194/49 634/195/49
f 618/225/49 643/181/49 631/180/49
f 626/172/125 646/197/125 628/224/125
f 624/161/125 655/198/147 652/199/125
f 615/218/49 641/200/49 614/222/49
f 613/160/49 634/195/49 635/201/49
f 614/222/49 639/202/49 636/194/49
f 629/158/125 648/203/125 622/159/106
f 647/177/147 661/204/147 623/185/125
f 624/161/125 653/205/125 625/223/125
f 619/168/49 632/183/49 610/176/49
f 617/170/49 637/181/49 640/207/139
f 630/209/49 643/181/49 618/225/49
f 625/223/125 656/188/125 621/221/125
f 663/157/104 681/158/105 674/159/106
f 665/160/107 676/161/140 664/162/141
f 668/163/110 672/164/111 681/158/105
f 673/221/142 666/222/143 677/223/144
f 671/168/115 679/169/116 669/170/117
f 670/220/134 678/172/148 680/224/136
f 664/162/141 677/223/144 666/222/143
f 682/174/137 680/175/136 672/164/111
f 662/176/122 674/159/106 699/177/123
f 669/178/117 676/161/140 665/160/107
f 678/172/148 667/218/149 673/221/142
f 669/170/49 689/180/49 688/181/49
f 668/163/110 696/182/139 682/174/150
f 662/176/49 683/183/49 684/184/49
f 675/185/125 709/186/125 679/169/125
f 672/164/125 711/187/125 681/158/125
f 673/221/125 708/188/125 710/189/125
f 673/221/125 710/189/125 701/190/125
f 667/218/149 670/220/134 693/192/49
f 665/160/49 689/193/49 669/178/49
f 664/162/49 687/194/49 685/195/49
f 678/172/125 698/197/125 680/224/125
f 676/161/125 707/198/147 704/199/125
f 667/218/149 692/200/49 666/222/49
f 665/160/49 685/195/49 686/201/49
f 666/222/49 690/202/49 687/194/49
f 681/158/125 700/203/125 674/159/106
f 699/177/147 713/204/147 675/185/125
f 676/161/125 705/205/125 677/223/125
f 668/163/110 663/157/104 694/206/49
f 671/168/49 683/183/49 662/176/49
f 669/170/49 688/181/49 691/207/49
f 668/163/110 694/206/49 696/182/139
f 677/223/125 708/188/125 673/221/125
f 715/157/104 733/158/105 726/159/106
f 717/160/107 728/161/140 716/162/141
f 720/163/110 724/164/111 733/158/105
f 725/221/142 718/222/143 729/223/144
f 723/168/115 731/169/116 721/170/117
f 722/220/134 730/172/148 732/224/136
f 716/162/141 729/223/144 718/222/143
f 734/174/137 732/175/136 724/164/111
f 714/176/122 726/159/106 751/177/123
f 721/178/117 728/161/140 717/160/107
f 730/172/148 719/218/149 725/221/142
f 721/170/49 741/180/49 740/181/49
f 720/163/110 748/182/151 734/174/152
f 714/176/49 735/183/49 736/184/49
f 727/185/125 761/186/125 731/169/125
f 724/164/125 763/187/125 733/158/125
f 725/221/125 760/188/125 762/189/125
f 725/221/125 762/189/125 753/190/125
f 719/218/149 722/220/134 745/192/49
f 717/160/49 741/193/49 721/178/49
f 716/162/49 739/194/49 737/195/49
f 730/172/125 750/197/125 732/224/125
f 728/161/125 759/198/125 756/199/125
f 719/218/149 744/200/49 718/222/49
f 717/160/49 737/195/49 738/201/49
f 718/222/49 742/202/49 739/194/49
f 733/158/125 752/203/125 726/159/106
f 751/177/147 765/204/147 727/185/125
f 728/161/125 757/205/125 729/223/125
f 720/163/110 715/157/104 746/206/49
f 723/168/49 735/183/49 714/176/49
f 721/170/49 740/181/49 743/207/49
f 720/163/110 746/206/49 748/182/151
f 729/223/125 760/188/125 725/221/125
f 767/157/126 785/158/127 778/159/106
f 769/160/107 780/161/140 768/162/141
f 772/208/128 776/164/129 785/158/127
f 777/221/142 770/166/143 781/223/144
f 775/228/115 783/169/116 773/170/117
f 774/171/130 782/172/145 784/173/131
f 768/162/141 781/223/144 770/166/143
f 786/209/132 784/175/131 776/164/129
f 766/226/122 778/159/106 803/177/123
f 773/178/117 780/161/140 769/160/107
f 782/172/145 771/218/146 777/221/142
f 773/170/49 794/180/49 793/181/49
f 766/226/49 788/183/49 789/184/49
f 779/185/125 813/186/125 783/169/125
f 776/164/125 815/187/125 785/158/125
f 777/221/125 812/188/125 814/189/125
f 777/221/125 814/189/125 805/190/125
f 771/218/49 787/191/49 798/192/49
f 769/160/49 794/193/49 773/178/49
f 768/162/49 792/194/49 790/195/49
f 774/196/49 799/181/49 787/180/49
f 782/172/125 802/197/125 784/173/125
f 780/161/125 811/198/125 808/199/125
f 771/218/49 797/200/49 770/166/49
f 769/160/49 790/195/49 791/201/49
f 770/166/49 795/202/49 792/194/49
f 785/158/125 804/203/125 778/159/106
f 803/177/125 817/204/125 779/185/125
f 780/161/125 809/205/125 781/223/125
f 775/228/49 788/183/49 766/226/49
f 773/170/49 793/181/49 796/207/49
f 786/209/49 799/181/49 774/196/49
f 781/223/125 812/188/125 777/221/125
f 819/157/126 837/158/127 830/159/106
f 821/160/107 832/161/140 820/162/141
f 824/208/128 828/164/129 837/158/127
f 829/221/142 822/222/143 833/223/144
f 827/168/115 835/169/116 825/170/117
f 826/171/130 834/172/145 836/224/131
f 820/162/141 833/223/144 822/222/143
f 838/209/132 836/175/131 828/164/129
f 818/176/122 830/159/106 855/177/123
f 825/178/117 832/161/140 821/160/107
f 834/172/145 823/218/146 829/221/142
f 825/170/49 846/180/49 845/181/49
f 818/176/49 840/183/49 841/184/49
f 831/185/125 865/186/125 835/169/125
f 828/164/125 867/187/125 837/158/125
f 829/221/125 864/188/125 866/189/125
f 829/221/125 866/189/125 857/190/125
f 823/218/49 839/191/49 850/192/49
f 821/160/49 846/193/49 825/178/49
f 820/162/49 844/194/49 842/195/49
f 826/225/49 851/181/49 839/180/49
f 834/172/125 854/197/125 836/224/125
f 832/161/125 863/198/147 860/199/125
f 823/218/49 849/200/49 822/222/49
f 821/160/49 842/195/49 843/201/49
f 822/222/49 847/202/49 844/194/49
f 837/158/125 856/203/125 830/159/106
f 855/177/125 869/204/125 831/185/125
f 832/161/125 861/205/125 833/223/125
f 827/168/49 840/183/49 818/176/49
f 825/170/49 845/181/49 848/207/49
f 838/209/49 851/181/49 826/225/49
f 833/223/125 864/188/125 829/221/125
f 871/157/126 889/158/127 882/159/106
f 873/160/107 884/161/140 872/162/141
f 876/208/128 880/164/129 889/158/127
f 881/221/142 874/222/143 885/223/144
f 879/168/115 887/169/116 877/170/117
f 878/171/130 886/172/145 888/224/131
f 872/162/141 885/223/144 874/222/143
f 890/209/132 888/175/131 880/164/129
f 870/176/122 882/159/106 907/177/123
f 877/178/117 884/161/140 873/160/107
f 886/172/145 875/218/146 881/221/142
f 877/170/49 898/180/49 897/181/49
f 870/176/49 892/183/49 893/184/49
f 883/185/125 917/186/125 887/169/125
f 880/164/125 919/187/125 889/158/125
f 881/221/125 916/188/125 918/189/125
f 881/221/125 918/189/125 909/190/125
f 875/218/49 891/191/49 902/192/49
f 873/160/49 898/193/49 877/178/49
f 872/162/49 896/194/49 894/195/49
f 878/225/49 903/181/151 891/180/49
f 886/172/125 906/197/125 888/224/125
f 884/161/125 915/198/147 912/199/125
f 875/218/49 901/200/49 874/222/49
f 873/160/49 894/195/49 895/201/49
f 874/222/49 899/202/49 896/194/49
f 889/158/125 908/203/125 882/159/106
f 907/177/125 921/204/125 883/185/125
f 884/161/125 913/205/125 885/223/125
f 879/168/49 892/183/49 870/176/49
f 877/170/49 897/181/49 900/207/49
f 890/209/151 903/181/151 878/225/49
f 885/223/125 916/188/125 881/221/125
f 923/157/104 941/158/105 934/159/106
f 925/160/107 936/161/108 924/162/109
f 928/163/110 932/164/111 941/158/105
f 933/165/112 926/222/113 937/167/114
f 931/168/115 939/169/116 929/170/117
f 930/220/134 938/172/135 940/173/136
f 924/162/109 937/167/114 926/222/113
f 942/174/137 940/175/136 932/164/111
f 922/226/122 934/159/106 959/227/123
f 929/217/117 936/161/108 925/160/107
f 938/172/135 927/218/138 933/165/112
f 929/170/49 949/180/139 948/181/49
f 928/163/110 956/182/49 942/174/49
f 922/226/49 943/183/49 944/184/49
f 935/185/125 969/186/125 939/169/125
f 932/164/125 971/187/125 941/158/125
f 933/165/125 968/188/125 970/189/125
f 933/165/125 970/189/125 961/190/125
f 927/218/138 930/220/134 953/192/139
f 925/160/49 949/193/139 929/217/49
f 924/162/49 947/194/49 945/195/49
f 938/172/125 958/197/125 940/173/125
f 936/161/125 967/198/125 964/199/147
f 927/218/138 952/200/49 926/222/49
f 925/160/49 945/195/49 946/201/49
f 926/222/49 950/202/49 947/194/49
f 941/158/125 960/203/125 934/159/106
f 959/227/147 973/204/147 935/185/125
f 936/161/125 965/205/125 937/167/125
f 928/163/110 923/157/104 954/206/49
f 931/168/49 943/183/49 922/226/49
f 929/170/49 948/181/49 951/207/49
f 928/163/110 954/206/49 956/182/49
f 975/157/126 993/158/127 986/159/106
f 977/160/107 988/161/140 976/162/141
f 980/208/128 984/164/129 993/158/127
f 985/221/142 978/222/143 989/223/144
f 983/168/115 991/169/116 981/170/117
f 982/171/130 990/172/145 992/224/131
f 976/162/141 989/223/144 978/222/143
f 994/209/132 992/175/131 984/164/129
f 974/176/122 986/159/106 1011/177/123
f 981/178/117 988/161/140 977/160/107
f 990/172/145 979/218/146 985/221/142
f 981/170/49 1002/180/49 1001/181/49
f 974/176/49 996/183/49 997/184/49
f 987/185/125 1021/186/125 991/169/125
f 984/164/125 1023/187/125 993/158/125
f 985/221/125 1020/188/125 1022/189/125
f 985/221/125 1022/189/125 1013/190/125
f 979/218/49 995/191/49 1006/192/49
f 977/160/49 1002/193/49 981/178/49
f 976/162/49 1000/194/49 998/195/49
f 982/225/49 1007/181/151 995/180/49
f 990/172/125 1010/197/125 992/224/125
f 988/161/125 1019/198/125 1016/199/125
f 979/218/49 1005/200/49 978/222/49
f 977/160/49 998/195/49 999/201/49
f 978/222/49 1003/202/49 1000/194/49
f 993/158/125 1012/203/125 986/159/106
f 1011/177/125 1025/204/125 987/185/125
f 988/161/125 1017/205/125 989/223/125
f 983/168/49 996/183/49 974/176/49
f 981/170/49 1001/181/49 1004/207/49
f 994/209/151 1007/181/151 982/225/49
f 989/223/125 1020/188/125 985/221/125
f 1027/157/126 1045/158/127 1038/159/153
f 1029/160/107 1040/161/140 1028/162/141
f 1032/208/128 1036/164/129 1045/158/127
f 1037/221/142 1030/222/143 1041/223/144
f 1035/168/115 1043/169/116 1033/170/117
f 1034/171/130 1042/172/145 1044/224/131
f 1028/162/141 1041/223/144 1030/222/143
f 1046/209/132 1044/175/131 1036/164/129
f 1026/176/122 1038/159/153 1063/177/123
f 1033/178/117 1040/161/140 1029/160/107
f 1042/172/145 1031/218/146 1037/221/142
f 1033/170/49 1054/180/49 1053/181/49
f 1026/176/49 1048/183/49 1049/184/49
f 1039/185/125 1073/186/125 1043/169/125
f 1036/164/125 1075/187/125 1045/158/125
f 1037/221/125 1072/188/125 1074/189/125
f 1037/221/125 1074/189/125 1065/190/125
f 1031/218/49 1047/191/49 1058/192/49
f 1029/160/49 1054/193/49 1033/178/49
f 1028/162/49 1052/194/49 1050/195/49
f 1034/225/49 1059/181/139 1047/180/49
f 1042/172/125 1062/197/125 1044/224/125
f 1040/161/125 1071/198/147 1068/199/125
f 1031/218/49 1057/200/49 1030/222/49
f 1029/160/49 1050/195/49 1051/201/151
f 1030/222/49 1055/202/49 1052/194/49
f 1045/158/125 1064/203/125 1038/159/153
f 1063/177/147 1077/204/147 1039/185/125
f 1040/161/125 1069/205/125 1041/223/125
f 1035/168/49 1048/183/49 1026/176/49
f 1033/170/49 1053/181/49 1056/207/139
f 1046/209/139 1059/181/139 1034/225/49
f 1041/223/125 1072/188/125 1037/221/125
f 1296/375/256 1299/376/257 1297/377/258
f 1298/378/259 1297/377/258 1299/376/257
f 1303/376/260 1300/375/261 1301/377/262
f 1301/377/262 1302/378/263 1303/376/260
s 0
f 1316/382/266 1313/383/266 1314/384/266
f 1314/385/267 1315/386/267 1316/387/267
s 1
f 62/517/49 31/79/60 24/518/48
f 59/103/49 65/129/49 28/120/91
f 73/64/59 49/520/68 32/94/80
f 32/94/80 37/97/77 73/64/59
f 72/146/90 80/145/98 83/521/329
f 56/54/49 43/53/50 26/130/73
f 51/74/67 50/529/99 49/75/68
f 62/81/71 54/69/63 47/82/56
f 52/60/49 30/59/55 29/73/66
f 32/94/80 49/520/68 67/95/81
f 53/531/62 25/532/47 61/533/76
f 39/96/78 67/95/81 69/98/82
f 64/100/54 52/534/330 48/101/58
f 60/83/72 47/82/56 46/104/84
f 29/118/66 38/106/86 51/108/67
f 41/107/87 68/114/89 50/535/97
f 41/107/87 50/535/97 51/108/67
f 65/55/51 46/123/84 63/56/52
f 43/119/50 51/108/67 70/536/101
f 42/115/44 69/98/82 72/116/90
f 40/117/88 72/116/90 68/537/89
f 53/67/62 61/121/76 58/68/57
f 61/121/76 64/100/54 57/102/83
f 53/531/62 62/517/49 24/518/48
f 52/538/330 55/71/64 48/70/58
f 74/85/74 43/119/50 70/536/101
f 53/531/62 24/518/48 25/532/47
f 65/129/49 56/54/49 26/130/73
f 63/56/52 55/71/64 56/57/53
f 62/81/71 53/67/62 54/69/63
f 62/517/49 60/77/49 31/79/60
f 79/540/103 78/541/102 84/542/95
f 75/543/93 81/544/92 78/541/102
f 81/544/92 84/542/95 78/541/102
f 82/545/100 77/546/96 80/547/49
f 83/548/329 80/547/49 77/546/96
f 80/547/49 76/549/94 82/545/100
f 69/139/82 76/138/94 80/145/98
f 66/134/61 81/550/92 75/135/93
f 71/131/75 84/141/95 81/132/92
f 50/148/99 77/551/331 82/149/100
f 49/147/68 82/552/100 76/138/94
f 70/151/101 51/553/67 78/152/102
f 68/142/89 83/554/329 77/143/96
f 73/154/59 75/555/93 78/155/102
f 68/142/89 72/556/90 83/554/329
f 74/140/74 79/153/103 84/141/95
f 91/163/110 106/174/121 95/164/111
f 94/168/115 98/185/332 102/169/116
f 93/171/118 90/179/124 101/172/119
f 96/165/112 90/179/124 89/166/113
f 106/174/121 93/196/118 103/175/120
f 87/162/109 99/161/108 100/167/114
f 92/178/117 102/557/116 99/161/108
f 85/176/122 86/157/104 97/159/106
f 94/168/115 85/176/122 123/177/123
f 94/168/115 123/177/123 98/185/332
f 86/157/104 91/163/110 104/158/105
f 102/169/125 130/558/125 131/559/125
f 101/172/125 96/165/125 125/190/125
f 89/166/49 116/200/49 114/202/49
f 94/168/49 115/207/49 119/560/49
f 102/169/125 133/186/125 130/558/125
f 87/162/49 89/166/49 111/194/49
f 96/165/125 100/167/125 132/188/125
f 98/185/125 137/204/125 133/186/125
f 90/179/49 93/171/118 105/191/49
f 88/160/49 110/201/49 113/193/49
f 100/167/125 129/205/125 132/188/125
f 99/161/125 102/557/125 131/198/125
f 104/158/125 135/187/125 124/203/125
f 99/161/125 128/199/125 127/561/125
f 90/179/49 121/562/49 116/200/49
f 86/157/49 85/176/49 108/184/49
f 103/175/125 122/559/125 136/558/125
f 99/161/125 127/561/125 129/205/125
f 94/168/49 119/560/49 107/183/49
f 88/160/49 87/162/49 109/195/49
f 97/159/106 126/563/125 123/177/123
f 90/179/49 117/192/49 121/562/49
f 97/159/106 124/203/125 126/563/125
f 95/164/125 103/175/125 136/558/125
f 94/168/49 92/170/49 115/207/49
f 144/208/128 158/209/132 148/164/129
f 147/168/115 151/185/332 155/169/116
f 146/171/130 143/179/124 154/172/119
f 149/165/112 143/179/124 142/166/113
f 158/209/132 146/196/130 156/175/131
f 140/162/109 152/161/108 153/167/114
f 145/178/117 155/557/116 152/161/108
f 138/176/122 139/157/126 150/159/106
f 147/168/115 138/176/122 175/177/123
f 147/168/115 175/177/123 151/185/332
f 139/157/126 144/208/128 157/158/127
f 155/169/125 182/558/125 183/559/125
f 154/172/125 149/165/125 177/190/125
f 142/166/49 169/200/49 167/202/49
f 147/168/49 168/207/49 172/560/49
f 155/169/125 185/186/125 182/558/125
f 140/162/49 142/166/49 164/194/49
f 149/165/125 153/167/125 184/188/125
f 151/185/125 189/204/125 185/186/125
f 143/179/49 146/171/49 159/191/49
f 141/160/49 163/201/49 166/193/49
f 153/167/125 181/205/125 184/188/125
f 152/161/125 155/557/125 183/198/125
f 157/158/125 187/187/125 176/203/125
f 152/161/125 180/199/125 179/561/125
f 143/179/49 173/562/49 169/200/49
f 139/157/49 138/176/49 161/184/49
f 156/175/125 174/559/125 188/558/125
f 152/161/125 179/561/125 181/205/125
f 147/168/49 172/560/49 160/183/49
f 141/160/49 140/162/49 162/195/49
f 150/159/106 178/563/125 175/177/123
f 143/179/49 170/192/49 173/562/49
f 150/159/106 176/203/125 178/563/125
f 148/164/125 156/175/125 188/558/125
f 147/168/49 145/170/49 168/207/49
f 196/163/110 211/174/121 200/164/111
f 199/168/115 203/185/332 207/169/116
f 198/212/133 195/218/124 206/172/119
f 201/165/112 195/218/124 194/166/113
f 211/174/121 198/219/133 208/214/120
f 192/162/109 204/211/108 205/167/114
f 197/217/117 207/557/116 204/211/108
f 190/215/122 191/157/104 202/210/106
f 199/168/115 190/215/122 228/216/123
f 199/168/115 228/216/123 203/185/332
f 191/157/104 196/163/110 209/158/105
f 207/169/125 235/558/125 236/559/125
f 206/172/125 201/165/125 230/190/125
f 194/166/49 221/200/49 219/202/49
f 199/168/49 220/207/49 224/560/49
f 207/169/125 238/186/125 235/558/125
f 192/162/49 194/166/49 216/194/49
f 201/165/125 205/167/125 237/188/125
f 203/185/125 242/204/125 238/186/125
f 195/218/49 198/212/133 210/191/49
f 193/160/49 215/201/49 218/193/49
f 205/167/125 234/205/125 237/188/125
f 204/211/125 207/557/125 236/198/125
f 209/158/125 240/187/125 229/203/125
f 204/211/125 233/199/125 232/561/125
f 195/218/49 226/562/49 221/200/49
f 191/157/49 190/215/49 213/184/49
f 208/214/125 227/559/125 241/558/125
f 204/211/125 232/561/125 234/205/125
f 199/168/49 224/560/49 212/183/49
f 193/160/49 192/162/49 214/195/49
f 202/210/106 231/563/125 228/216/123
f 195/218/49 222/192/49 226/562/49
f 202/210/106 229/203/125 231/563/125
f 200/164/125 208/214/125 241/558/125
f 199/168/49 197/170/49 220/207/49
f 249/163/110 263/174/137 253/164/111
f 252/168/115 256/185/332 260/169/116
f 251/220/134 248/218/138 259/172/135
f 254/165/112 248/218/138 247/166/113
f 263/174/137 251/564/134 261/214/136
f 245/162/109 257/211/108 258/167/114
f 250/217/117 260/557/116 257/211/108
f 243/215/122 244/157/104 255/210/106
f 252/168/115 243/215/122 280/216/123
f 252/168/115 280/216/123 256/185/332
f 244/157/104 249/163/110 262/158/105
f 260/169/125 287/558/125 288/559/125
f 259/172/125 254/165/125 282/190/125
f 247/166/49 273/200/49 271/202/49
f 252/168/49 272/207/49 276/560/49
f 260/169/125 290/186/125 287/558/125
f 245/162/49 247/166/49 268/194/49
f 254/165/125 258/167/125 289/188/125
f 256/185/125 294/204/125 290/186/125
f 246/160/49 267/201/49 270/193/49
f 258/167/125 286/205/125 289/188/125
f 257/211/125 260/557/125 288/198/125
f 262/158/125 292/187/125 281/203/125
f 257/211/125 285/199/125 284/561/333
f 248/218/138 278/562/49 273/200/49
f 244/157/49 243/215/49 265/184/49
f 261/214/125 279/559/125 293/558/125
f 257/211/125 284/561/333 286/205/125
f 252/168/49 276/560/49 264/183/49
f 246/160/49 245/162/49 266/195/49
f 255/210/106 283/563/125 280/216/123
f 248/218/138 274/192/49 278/562/49
f 255/210/106 281/203/125 283/563/125
f 253/164/125 261/214/125 293/558/125
f 252/168/49 250/170/49 272/207/49
f 301/163/110 316/174/121 305/164/111
f 304/168/115 308/185/332 312/169/116
f 303/171/118 300/218/146 311/172/145
f 306/221/142 300/218/146 299/222/143
f 316/174/121 303/225/118 313/175/120
f 297/162/141 309/161/140 310/223/144
f 302/178/117 312/565/116 309/161/140
f 295/176/122 296/157/104 307/159/106
f 304/168/115 295/176/122 333/177/123
f 304/168/115 333/177/123 308/185/332
f 296/157/104 301/163/110 314/158/105
f 312/169/125 340/558/125 341/559/125
f 311/172/125 306/221/125 335/190/125
f 299/222/49 326/200/49 324/202/49
f 304/168/49 325/207/49 329/560/49
f 312/169/125 343/186/125 340/558/125
f 297/162/49 299/222/49 321/194/49
f 308/185/125 347/204/125 343/186/125
f 300/218/49 303/171/118 315/191/49
f 298/160/49 320/201/49 323/193/49
f 310/223/125 339/205/125 342/188/125
f 309/161/125 312/565/125 341/198/125
f 314/158/125 345/187/125 334/203/125
f 309/161/125 338/199/125 337/561/125
f 300/218/49 331/562/49 326/200/49
f 296/157/49 295/176/49 318/184/49
f 313/175/125 332/559/125 346/558/125
f 309/161/125 337/561/125 339/205/125
f 304/168/49 329/560/49 317/183/49
f 298/160/49 297/162/49 319/195/49
f 307/159/106 336/563/125 333/177/123
f 300/218/49 327/192/49 331/562/49
f 307/159/106 334/203/125 336/563/125
f 305/164/125 313/175/125 346/558/125
f 304/168/49 302/170/49 325/207/49
f 354/208/128 368/209/132 358/164/129
f 357/168/115 361/185/332 365/169/116
f 356/171/130 353/179/124 364/172/119
f 359/165/112 353/179/124 352/166/113
f 368/209/132 356/196/130 366/175/131
f 350/162/109 362/161/108 363/167/114
f 355/178/117 365/557/116 362/161/108
f 348/176/122 349/157/126 360/159/106
f 357/168/115 348/176/122 385/177/123
f 357/168/115 385/177/123 361/185/332
f 349/157/126 354/208/128 367/158/127
f 365/169/125 392/558/125 393/559/125
f 364/172/125 359/165/125 387/190/125
f 352/166/49 379/200/49 377/202/49
f 357/168/49 378/207/49 382/560/49
f 365/169/125 395/186/125 392/558/125
f 350/162/49 352/166/49 374/194/49
f 359/165/125 363/167/125 394/188/125
f 361/185/125 399/204/125 395/186/125
f 353/179/49 356/171/49 369/191/49
f 351/160/49 373/201/49 376/193/49
f 363/167/125 391/205/125 394/188/125
f 362/161/125 365/557/125 393/198/125
f 367/158/125 397/187/125 386/203/125
f 362/161/125 390/199/125 389/561/147
f 353/179/49 383/562/49 379/200/49
f 349/157/49 348/176/49 371/184/49
f 366/175/125 384/559/125 398/558/125
f 362/161/125 389/561/147 391/205/125
f 357/168/49 382/560/49 370/183/49
f 351/160/49 350/162/49 372/195/49
f 360/159/106 388/563/125 385/177/123
f 353/179/49 380/192/49 383/562/49
f 360/159/106 386/203/125 388/563/125
f 358/164/125 366/175/125 398/558/125
f 357/168/49 355/170/49 378/207/49
f 406/163/110 420/174/137 410/164/111
f 409/168/115 413/185/332 417/169/116
f 408/220/134 405/179/138 416/172/135
f 411/165/112 405/179/138 404/166/113
f 420/174/137 408/566/134 418/175/136
f 402/162/109 414/161/108 415/167/114
f 407/178/117 417/557/116 414/161/108
f 400/176/122 401/157/104 412/159/106
f 409/168/115 400/176/122 437/177/123
f 409/168/115 437/177/123 413/185/332
f 401/157/104 406/163/110 419/158/105
f 417/169/125 444/558/125 445/559/125
f 416/172/125 411/165/125 439/190/125
f 404/166/49 430/200/49 428/202/49
f 409/168/49 429/207/49 433/560/49
f 417/169/125 447/186/125 444/558/125
f 402/162/49 404/166/49 425/194/49
f 411/165/125 415/167/125 446/188/125
f 413/185/125 451/204/125 447/186/125
f 403/160/49 424/201/49 427/193/49
f 415/167/125 443/205/125 446/188/125
f 414/161/125 417/557/125 445/198/125
f 419/158/125 449/187/125 438/203/125
f 414/161/125 442/199/125 441/561/125
f 405/179/138 435/562/49 430/200/49
f 401/157/49 400/176/49 422/184/49
f 418/175/125 436/559/125 450/558/125
f 414/161/125 441/561/125 443/205/125
f 409/168/49 433/560/49 421/183/49
f 403/160/49 402/162/49 423/195/49
f 412/159/106 440/563/125 437/177/123
f 405/179/138 431/192/49 435/562/49
f 412/159/106 438/203/125 440/563/125
f 410/164/125 418/175/125 450/558/125
f 409/168/49 407/170/49 429/207/49
f 458/163/110 473/174/121 462/164/111
f 461/168/115 465/185/332 469/169/116
f 460/212/118 457/179/124 468/172/119
f 463/165/112 457/179/124 456/166/113
f 473/174/121 460/219/118 470/214/120
f 454/162/109 466/161/108 467/167/114
f 459/217/117 469/557/116 466/161/108
f 452/176/122 453/157/104 464/159/106
f 461/168/115 452/176/122 490/216/123
f 461/168/115 490/216/123 465/185/332
f 453/157/104 458/163/110 471/158/105
f 469/169/125 497/558/125 498/559/125
f 468/172/125 463/165/125 492/190/125
f 456/166/49 483/200/49 481/202/49
f 461/168/49 482/207/49 486/560/49
f 469/169/125 500/186/125 497/558/125
f 454/162/49 456/166/49 478/194/49
f 463/165/125 467/167/125 499/188/125
f 465/185/125 504/204/125 500/186/125
f 457/179/49 460/212/118 472/191/49
f 455/160/49 477/201/49 480/193/49
f 467/167/125 496/205/125 499/188/125
f 466/161/125 469/557/125 498/198/125
f 471/158/125 502/187/125 491/203/125
f 466/161/125 495/199/125 494/561/125
f 457/179/49 488/562/49 483/200/49
f 453/157/49 452/176/49 475/184/49
f 470/214/125 489/559/125 503/558/125
f 466/161/125 494/561/125 496/205/125
f 461/168/49 486/560/49 474/183/49
f 455/160/49 454/162/49 476/195/49
f 464/159/106 493/563/125 490/216/123
f 457/179/49 484/192/49 488/562/49
f 464/159/106 491/203/125 493/563/125
f 462/164/125 470/214/125 503/558/125
f 461/168/49 459/170/49 482/207/49
f 511/163/110 526/174/121 515/164/111
f 514/168/115 518/185/332 522/169/116
f 513/171/118 510/218/124 521/172/119
f 516/165/112 510/218/124 509/222/113
f 526/174/121 513/196/118 523/175/120
f 507/162/109 519/161/108 520/167/114
f 512/217/117 522/557/116 519/161/108
f 505/226/122 506/157/104 517/159/106
f 514/168/115 505/226/122 543/227/123
f 514/168/115 543/227/123 518/185/332
f 506/157/104 511/163/110 524/158/105
f 522/169/125 550/558/125 551/559/125
f 521/172/125 516/165/125 545/190/125
f 509/222/49 536/200/49 534/202/49
f 514/168/49 535/207/49 539/560/49
f 522/169/125 553/186/125 550/558/125
f 507/162/49 509/222/49 531/194/49
f 516/165/125 520/167/125 552/188/125
f 518/185/125 557/204/125 553/186/125
f 510/218/49 513/171/118 525/191/49
f 508/160/49 530/201/49 533/193/49
f 520/167/125 549/205/125 552/188/125
f 519/161/125 522/557/125 551/198/125
f 524/158/125 555/187/125 544/203/125
f 519/161/125 548/199/125 547/561/125
f 510/218/49 541/562/49 536/200/49
f 506/157/49 505/226/49 528/184/49
f 523/175/125 542/559/125 556/558/125
f 519/161/125 547/561/125 549/205/125
f 514/168/49 539/560/49 527/183/49
f 508/160/49 507/162/49 529/195/49
f 517/159/106 546/563/125 543/227/123
f 510/218/49 537/192/49 541/562/49
f 517/159/106 544/203/125 546/563/125
f 515/164/125 523/175/125 556/558/125
f 514/168/49 512/170/49 535/207/49
f 564/163/110 578/174/137 568/164/111
f 567/168/115 571/185/332 575/169/116
f 566/220/134 563/179/138 574/172/135
f 569/165/112 563/179/138 562/166/113
f 578/174/137 566/566/134 576/175/136
f 560/162/109 572/161/108 573/167/114
f 565/178/117 575/557/116 572/161/108
f 558/176/122 559/157/104 570/159/106
f 567/168/115 558/176/122 595/177/123
f 567/168/115 595/177/123 571/185/332
f 559/157/104 564/163/110 577/158/105
f 575/169/125 602/558/125 603/559/125
f 574/172/125 569/165/125 597/190/125
f 562/166/49 588/200/49 586/202/49
f 567/168/49 587/207/139 591/560/49
f 575/169/125 605/186/125 602/558/125
f 560/162/49 562/166/49 583/194/49
f 569/165/125 573/167/125 604/188/125
f 571/185/125 609/204/147 605/186/125
f 561/160/49 582/201/49 585/193/49
f 573/167/125 601/205/125 604/188/125
f 572/161/125 575/557/125 603/198/125
f 577/158/125 607/187/125 596/203/125
f 572/161/125 600/199/125 599/561/125
f 563/179/138 593/562/49 588/200/49
f 559/157/49 558/176/49 580/184/49
f 576/175/125 594/559/125 608/558/125
f 572/161/125 599/561/125 601/205/125
f 567/168/49 591/560/49 579/183/49
f 561/160/49 560/162/49 581/195/49
f 570/159/106 598/563/125 595/177/123
f 563/179/138 589/192/49 593/562/49
f 570/159/106 596/203/125 598/563/125
f 568/164/125 576/175/125 608/558/125
f 567/168/49 565/170/49 587/207/139
f 616/208/128 630/209/132 620/164/129
f 619/168/115 623/185/332 627/169/116
f 618/171/130 615/218/146 626/172/145
f 621/221/142 615/218/146 614/222/143
f 630/209/132 618/225/130 628/175/131
f 612/162/141 624/161/140 625/223/144
f 617/178/117 627/565/116 624/161/140
f 610/176/122 611/157/126 622/159/106
f 619/168/115 610/176/122 647/177/123
f 619/168/115 647/177/123 623/185/332
f 611/157/126 616/208/128 629/158/127
f 627/169/125 654/558/125 655/559/147
f 626/172/125 621/221/125 649/190/125
f 614/222/49 641/200/49 639/202/49
f 619/168/49 640/207/139 644/560/49
f 627/169/125 657/186/125 654/558/125
f 612/162/49 614/222/49 636/194/49
f 623/185/125 661/204/147 657/186/125
f 615/218/49 618/171/49 631/191/49
f 613/160/49 635/201/49 638/193/49
f 625/223/125 653/205/125 656/188/125
f 624/161/125 627/565/125 655/198/147
f 629/158/125 659/187/125 648/203/125
f 624/161/125 652/199/125 651/561/125
f 615/218/49 645/562/49 641/200/49
f 611/157/49 610/176/49 633/184/49
f 628/175/125 646/559/125 660/558/125
f 624/161/125 651/561/125 653/205/125
f 619/168/49 644/560/49 632/183/49
f 613/160/49 612/162/49 634/195/49
f 622/159/106 650/563/125 647/177/123
f 615/218/49 642/192/49 645/562/49
f 622/159/106 648/203/125 650/563/125
f 620/164/125 628/175/125 660/558/125
f 619/168/49 617/170/49 640/207/139
f 668/163/110 682/174/137 672/164/111
f 671/168/115 675/185/332 679/169/116
f 670/220/134 667/218/149 678/172/148
f 673/221/142 667/218/149 666/222/143
f 682/174/137 670/564/134 680/175/136
f 664/162/141 676/161/140 677/223/144
f 669/178/117 679/565/116 676/161/140
f 662/176/122 663/157/104 674/159/106
f 671/168/115 662/176/122 699/177/123
f 671/168/115 699/177/123 675/185/332
f 663/157/104 668/163/110 681/158/105
f 679/169/125 706/558/125 707/559/147
f 678/172/125 673/221/125 701/190/125
f 666/222/49 692/200/49 690/202/49
f 671/168/49 691/207/49 695/560/49
f 679/169/125 709/186/125 706/558/125
f 664/162/49 666/222/49 687/194/49
f 675/185/125 713/204/147 709/186/125
f 665/160/49 686/201/49 689/193/49
f 677/223/125 705/205/125 708/188/125
f 676/161/125 679/565/125 707/198/147
f 681/158/125 711/187/125 700/203/125
f 676/161/125 704/199/125 703/561/125
f 667/218/149 697/562/49 692/200/49
f 663/157/49 662/176/49 684/184/49
f 680/175/125 698/559/125 712/558/125
f 676/161/125 703/561/125 705/205/125
f 671/168/49 695/560/49 683/183/49
f 665/160/49 664/162/49 685/195/49
f 674/159/106 702/563/125 699/177/123
f 667/218/149 693/192/49 697/562/49
f 674/159/106 700/203/125 702/563/125
f 672/164/125 680/175/125 712/558/125
f 671/168/49 669/170/49 691/207/49
f 720/163/110 734/174/137 724/164/111
f 723/168/115 727/185/332 731/169/116
f 722/220/134 719/218/149 730/172/148
f 725/221/142 719/218/149 718/222/143
f 734/174/137 722/564/134 732/175/136
f 716/162/141 728/161/140 729/223/144
f 721/178/117 731/565/116 728/161/140
f 714/176/122 715/157/104 726/159/106
f 723/168/115 714/176/122 751/177/123
f 723/168/115 751/177/123 727/185/332
f 715/157/104 720/163/110 733/158/105
f 731/169/125 758/558/125 759/559/125
f 730/172/125 725/221/125 753/190/125
f 718/222/49 744/200/49 742/202/49
f 723/168/49 743/207/49 747/560/49
f 731/169/125 761/186/125 758/558/125
f 716/162/49 718/222/49 739/194/49
f 727/185/125 765/204/147 761/186/125
f 717/160/49 738/201/49 741/193/49
f 729/223/125 757/205/125 760/188/125
f 728/161/125 731/565/125 759/198/125
f 733/158/125 763/187/125 752/203/125
f 728/161/125 756/199/125 755/561/125
f 719/218/149 749/562/49 744/200/49
f 715/157/49 714/176/49 736/184/49
f 732/175/125 750/559/125 764/558/125
f 728/161/125 755/561/125 757/205/125
f 723/168/49 747/560/49 735/183/49
f 717/160/49 716/162/49 737/195/49
f 726/159/106 754/563/125 751/177/123
f 719/218/149 745/192/49 749/562/49
f 726/159/106 752/203/125 754/563/125
f 724/164/125 732/175/125 764/558/125
f 723/168/49 721/170/49 743/207/49
f 772/208/128 786/209/132 776/164/129
f 775/228/115 779/185/332 783/169/116
f 774/171/130 771/218/146 782/172/145
f 777/221/142 771/218/146 770/166/143
f 786/209/132 774/196/130 784/175/131
f 768/162/141 780/161/140 781/223/144
f 773/178/117 783/557/116 780/161/140
f 766/226/122 767/157/126 778/159/106
f 775/228/115 766/226/122 803/177/123
f 775/228/115 803/177/123 779/185/332
f 767/157/126 772/208/128 785/158/127
f 783/169/125 810/558/125 811/559/125
f 782/172/125 777/221/125 805/190/125
f 770/166/49 797/200/49 795/202/49
f 775/228/49 796/207/49 800/560/49
f 783/169/125 813/186/125 810/558/125
f 768/162/49 770/166/49 792/194/49
f 779/185/125 817/204/125 813/186/125
f 771/218/49 774/171/49 787/191/49
f 769/160/49 791/201/49 794/193/49
f 781/223/125 809/205/125 812/188/125
f 780/161/125 783/557/125 811/198/125
f 785/158/125 815/187/125 804/203/125
f 780/161/125 808/199/125 807/561/334
f 771/218/49 801/562/49 797/200/49
f 767/157/49 766/226/49 789/184/49
f 784/175/125 802/559/125 816/558/125
f 780/161/125 807/561/334 809/205/125
f 775/228/49 800/560/49 788/183/49
f 769/160/49 768/162/49 790/195/49
f 778/159/106 806/563/125 803/177/123
f 771/218/49 798/192/49 801/562/49
f 778/159/106 804/203/125 806/563/125
f 776/164/125 784/175/125 816/558/125
f 775/228/49 773/170/49 796/207/49
f 824/208/128 838/209/132 828/164/129
f 827/168/115 831/185/332 835/169/116
f 826/171/130 823/218/146 834/172/145
f 829/221/142 823/218/146 822/222/143
f 838/209/132 826/225/130 836/175/131
f 820/162/141 832/161/140 833/223/144
f 825/178/117 835/565/116 832/161/140
f 818/176/122 819/157/126 830/159/106
f 827/168/115 818/176/122 855/177/123
f 827/168/115 855/177/123 831/185/332
f 819/157/126 824/208/128 837/158/127
f 835/169/125 862/558/125 863/559/147
f 834/172/125 829/221/125 857/190/125
f 822/222/49 849/200/49 847/202/49
f 827/168/49 848/207/49 852/560/49
f 835/169/125 865/186/125 862/558/125
f 820/162/49 822/222/49 844/194/49
f 831/185/125 869/204/125 865/186/125
f 823/218/49 826/171/49 839/191/49
f 821/160/49 843/201/49 846/193/49
f 833/223/125 861/205/125 864/188/125
f 832/161/125 835/565/125 863/198/147
f 837/158/125 867/187/125 856/203/125
f 832/161/125 860/199/125 859/561/335
f 823/218/49 853/562/49 849/200/49
f 819/157/49 818/176/49 841/184/49
f 836/175/125 854/559/125 868/558/125
f 832/161/125 859/561/335 861/205/125
f 827/168/49 852/560/49 840/183/49
f 821/160/49 820/162/49 842/195/49
f 830/159/106 858/563/125 855/177/123
f 823/218/49 850/192/49 853/562/49
f 830/159/106 856/203/125 858/563/125
f 828/164/125 836/175/125 868/558/125
f 827/168/49 825/170/49 848/207/49
f 876/208/128 890/209/132 880/164/129
f 879/168/115 883/185/332 887/169/116
f 878/171/130 875/218/146 886/172/145
f 881/221/142 875/218/146 874/222/143
f 890/209/132 878/225/130 888/175/131
f 872/162/141 884/161/140 885/223/144
f 877/178/117 887/565/116 884/161/140
f 870/176/122 871/157/126 882/159/106
f 879/168/115 870/176/122 907/177/123
f 879/168/115 907/177/123 883/185/332
f 871/157/126 876/208/128 889/158/127
f 887/169/125 914/558/125 915/559/147
f 886/172/125 881/221/125 909/190/125
f 874/222/49 901/200/49 899/202/49
f 879/168/49 900/207/49 904/560/49
f 887/169/125 917/186/125 914/558/125
f 872/162/49 874/222/49 896/194/49
f 883/185/125 921/204/125 917/186/125
f 875/218/49 878/171/49 891/191/49
f 873/160/49 895/201/49 898/193/49
f 885/223/125 913/205/125 916/188/125
f 884/161/125 887/565/125 915/198/147
f 889/158/125 919/187/125 908/203/125
f 884/161/125 912/199/125 911/561/336
f 875/218/49 905/562/49 901/200/49
f 871/157/49 870/176/49 893/184/49
f 888/175/125 906/559/125 920/558/125
f 884/161/125 911/561/336 913/205/125
f 879/168/49 904/560/49 892/183/49
f 873/160/49 872/162/49 894/195/49
f 882/159/106 910/563/125 907/177/123
f 875/218/49 902/192/49 905/562/49
f 882/159/106 908/203/125 910/563/125
f 880/164/125 888/175/125 920/558/125
f 879/168/49 877/170/49 900/207/49
f 928/163/110 942/174/137 932/164/111
f 931/168/115 935/185/332 939/169/116
f 930/220/134 927/218/138 938/172/135
f 933/165/112 927/218/138 926/222/113
f 942/174/137 930/566/134 940/175/136
f 924/162/109 936/161/108 937/167/114
f 929/217/117 939/557/116 936/161/108
f 922/226/122 923/157/104 934/159/106
f 931/168/115 922/226/122 959/227/123
f 931/168/115 959/227/123 935/185/332
f 923/157/104 928/163/110 941/158/105
f 939/169/125 966/558/125 967/559/125
f 938/172/125 933/165/125 961/190/125
f 926/222/49 952/200/49 950/202/49
f 931/168/49 951/207/49 955/560/49
f 939/169/125 969/186/125 966/558/125
f 924/162/49 926/222/49 947/194/49
f 933/165/125 937/167/125 968/188/125
f 935/185/125 973/204/147 969/186/125
f 925/160/49 946/201/49 949/193/139
f 937/167/125 965/205/125 968/188/125
f 936/161/125 939/557/125 967/198/125
f 941/158/125 971/187/125 960/203/125
f 936/161/125 964/199/147 963/561/125
f 927/218/138 957/562/49 952/200/49
f 923/157/49 922/226/49 944/184/49
f 940/175/125 958/559/125 972/558/147
f 936/161/125 963/561/125 965/205/125
f 931/168/49 955/560/49 943/183/49
f 925/160/49 924/162/49 945/195/49
f 934/159/106 962/563/147 959/227/123
f 927/218/138 953/192/139 957/562/49
f 934/159/106 960/203/125 962/563/147
f 932/164/147 940/175/125 972/558/147
f 931/168/49 929/170/49 951/207/49
f 980/208/128 994/209/132 984/164/129
f 983/168/115 987/185/332 991/169/116
f 982/171/130 979/218/146 990/172/145
f 985/221/142 979/218/146 978/222/143
f 994/209/132 982/225/130 992/175/131
f 976/162/141 988/161/140 989/223/144
f 981/178/117 991/565/116 988/161/140
f 974/176/122 975/157/126 986/159/106
f 983/168/115 974/176/122 1011/177/123
f 983/168/115 1011/177/123 987/185/332
f 975/157/126 980/208/128 993/158/127
f 991/169/125 1018/558/125 1019/559/125
f 990/172/125 985/221/125 1013/190/125
f 978/222/49 1005/200/49 1003/202/49
f 983/168/49 1004/207/49 1008/560/49
f 991/169/125 1021/186/125 1018/558/125
f 976/162/49 978/222/49 1000/194/49
f 987/185/125 1025/204/125 1021/186/125
f 979/218/49 982/171/49 995/191/49
f 977/160/49 999/201/49 1002/193/49
f 989/223/125 1017/205/125 1020/188/125
f 988/161/125 991/565/125 1019/198/125
f 993/158/125 1023/187/125 1012/203/125
f 988/161/125 1016/199/125 1015/561/125
f 979/218/49 1009/562/49 1005/200/49
f 975/157/49 974/176/49 997/184/49
f 992/175/125 1010/559/125 1024/558/125
f 988/161/125 1015/561/125 1017/205/125
f 983/168/49 1008/560/49 996/183/49
f 977/160/49 976/162/49 998/195/49
f 986/159/106 1014/563/125 1011/177/123
f 979/218/49 1006/192/49 1009/562/49
f 986/159/106 1012/203/125 1014/563/125
f 984/164/125 992/175/125 1024/558/125
f 983/168/49 981/170/49 1004/207/49
f 1032/208/128 1046/209/132 1036/164/129
f 1035/168/115 1039/185/332 1043/169/116
f 1034/171/130 1031/218/146 1042/172/145
f 1037/221/142 1031/218/146 1030/222/143
f 1046/209/132 1034/225/130 1044/175/131
f 1028/162/141 1040/161/140 1041/223/144
f 1033/178/117 1043/565/116 1040/161/140
f 1026/176/122 1027/157/126 1038/159/153
f 1035/168/115 1026/176/122 1063/177/123
f 1035/168/115 1063/177/123 1039/185/332
f 1027/157/126 1032/208/128 1045/158/127
f 1043/169/125 1070/558/125 1071/559/147
f 1042/172/125 1037/221/125 1065/190/125
f 1030/222/49 1057/200/49 1055/202/49
f 1035/168/49 1056/207/139 1060/560/49
f 1043/169/125 1073/186/125 1070/558/125
f 1028/162/49 1030/222/49 1052/194/49
f 1039/185/125 1077/204/147 1073/186/125
f 1031/218/49 1034/171/49 1047/191/49
f 1029/160/49 1051/201/151 1054/193/49
f 1041/223/125 1069/205/125 1072/188/125
f 1040/161/125 1043/565/125 1071/198/147
f 1045/158/125 1075/187/125 1064/203/125
f 1040/161/125 1068/199/125 1067/561/125
f 1031/218/49 1061/562/49 1057/200/49
f 1027/157/49 1026/176/49 1049/184/49
f 1044/175/125 1062/559/125 1076/558/125
f 1040/161/125 1067/561/125 1069/205/125
f 1035/168/49 1060/560/49 1048/183/49
f 1029/160/49 1028/162/49 1050/195/49
f 1038/159/153 1066/563/125 1063/177/123
f 1031/218/49 1058/192/49 1061/562/49
f 1038/159/153 1064/203/125 1066/563/125
f 1036/164/125 1044/175/125 1076/558/125
f 1035/168/49 1033/170/49 1056/207/139
f 1296/375/256 1298/378/259 1299/376/257
f 1298/378/259 1296/375/256 1297/377/258
f 1303/376/260 1302/378/263 1300/375/261
f 1301/377/262 1300/375/261 1302/378/263
s 0
f 1316/382/346 1315/605/346 1313/383/346
f 1314/385/347 1313/606/347 1315/386/347
s 1
usemtl GT_MC_Tiling_White_Paint
f 1507/476/303 1506/477/304 1554/478/305
f 1351/627/355 1352/628/157 1398/629/355
f 1358/631/356 1361/632/357 1360/633/358
f 1359/634/359 1360/635/358 1361/636/357
f 1358/637/356 1360/638/358 1359/639/359
f 1359/640/359 1361/641/357 1358/642/356
f 1371/648/49 1372/649/49 1373/650/361
f 1373/651/361 1372/652/49 1371/653/49
f 1383/658/363 1384/659/364 1385/660/365
f 1385/661/365 1384/662/364 1383/663/363
f 1398/669/355 1352/670/157 1351/671/355
f 1405/674/369 1402/675/370 1404/676/371
f 1404/677/371 1403/678/372 1405/679/369
f 1403/680/372 1404/681/371 1402/682/370
f 1405/683/369 1403/684/372 1402/685/370
f 1418/632/369 1415/687/370 1417/688/373
f 1417/689/373 1416/690/374 1418/691/369
f 1416/692/374 1417/693/373 1415/694/370
f 1418/695/369 1416/696/374 1415/697/370
f 1431/702/369 1428/687/375 1430/703/376
f 1430/704/376 1429/705/377 1431/706/369
f 1429/707/377 1430/708/376 1428/709/375
f 1431/710/369 1429/711/377 1428/712/375
f 1506/752/304 1507/753/303 1553/754/390
f 1513/757/392 1514/758/393 1512/759/394
f 1512/760/394 1514/761/393 1513/762/392
f 1526/768/397 1524/769/398 1525/770/399
f 1525/771/399 1527/772/400 1526/773/397
f 1527/774/400 1525/775/399 1524/776/398
f 1526/777/397 1527/778/400 1524/779/398
f 1539/783/403 1538/784/49 1537/658/404
f 1537/785/404 1538/786/49 1539/787/403
f 1553/791/390 1507/792/303 1554/793/305
f 1506/794/304 1553/795/390 1554/796/305
f 1559/797/409 1561/798/410 1560/799/411
f 1560/800/411 1561/801/410 1559/802/409
f 1571/803/413 1572/804/125 1573/805/414
f 1573/806/414 1572/807/125 1571/808/413
f 1583/809/416 1585/810/417 1584/811/418
f 1586/812/419 1584/813/418 1585/814/417
f 1583/815/416 1584/816/418 1586/817/419
f 1586/818/419 1585/819/417 1583/820/416
s 0
usemtl GT_MC_Panel_1
f 1319/388/268 1318/389/268 1317/390/268
f 1460/391/269 1327/392/269 1461/393/269
f 1329/394/270 1328/395/270 1330/396/270
f 1333/397/271 1331/398/271 1332/399/271
f 1332/399/272 1331/398/272 1333/400/272
f 1335/401/273 1336/402/273 1334/403/273
f 1337/404/274 1338/405/274 1339/406/274
f 1340/407/275 1341/408/275 1342/409/275
f 1344/395/276 1343/394/276 1345/396/276
f 1347/398/277 1348/397/277 1346/399/277
f 1347/398/278 1346/399/278 1348/400/278
f 1472/404/286 1473/462/286 1474/406/286
f 1475/407/298 1476/408/298 1477/409/298
f 1479/463/299 1478/394/299 1480/396/299
f 1482/398/271 1483/397/271 1481/399/271
f 1482/398/272 1481/399/272 1483/400/272
f 1463/464/300 1484/465/300 1462/466/300
f 1486/402/273 1487/467/273 1485/403/273
f 1487/468/286 1486/389/286 1485/390/286
f 1465/469/301 1496/392/301 1466/470/301
f 1498/471/299 1499/472/299 1497/473/299
f 1502/397/277 1500/398/277 1501/399/277
f 1501/399/278 1500/398/278 1502/400/278
f 1494/391/320 1464/503/320 1495/393/320
f 1456/607/348 1468/608/348 1457/609/348
f 1319/610/349 1317/611/349 1318/612/349
f 1320/404/298 1321/406/298 1322/613/298
f 1322/614/350 1321/615/350 1320/616/350
f 1323/407/349 1324/409/349 1325/408/349
f 1325/617/268 1324/618/268 1323/619/268
f 1326/620/351 1458/621/351 1459/622/351
f 1328/623/352 1329/624/352 1330/625/352
f 1335/626/286 1334/390/286 1336/389/286
f 1337/616/353 1339/615/353 1338/614/353
f 1340/619/354 1342/618/354 1341/617/354
f 1345/625/299 1343/624/299 1344/623/299
f 1463/732/386 1462/733/386 1484/734/386
f 1327/735/387 1460/736/387 1461/737/387
f 1470/388/350 1469/390/350 1471/389/350
f 1471/612/298 1469/611/298 1470/610/298
f 1472/738/273 1474/739/273 1473/740/273
f 1475/619/350 1477/618/350 1476/617/350
f 1480/625/276 1478/624/276 1479/741/276
f 1488/404/273 1490/406/273 1489/742/273
f 1489/743/286 1490/739/286 1488/738/286
f 1491/407/273 1492/409/273 1493/744/273
f 1493/745/286 1492/746/286 1491/747/286
f 1464/503/388 1494/622/388 1495/748/388
f 1499/749/276 1498/750/276 1497/751/276
f 1496/735/435 1465/841/435 1466/842/435
f 1326/843/436 1459/844/436 1458/845/436
f 1456/732/437 1457/846/437 1468/608/437
s 1
usemtl GT_MC_Tiling_X_Light_Concrete
f 1181/304/178 1180/305/179 1186/306/180
f 1186/307/180 1184/308/181 1181/309/178
f 1183/310/182 1187/311/183 1182/308/184
f 1186/312/180 1183/313/185 1185/314/186
f 1201/319/193 1200/320/194 1206/321/195
f 1206/322/195 1204/323/196 1201/324/193
f 1203/325/197 1207/324/198 1202/326/199
f 1206/327/195 1203/328/200 1205/329/201
f 1227/334/207 1220/335/208 1221/336/209
f 1224/323/210 1221/322/209 1220/324/208
f 1226/324/211 1223/325/212 1222/326/213
f 1223/337/214 1221/338/209 1225/339/201
f 1241/344/221 1240/305/222 1246/306/223
f 1246/307/223 1244/308/224 1241/309/221
f 1242/308/225 1240/307/222 1247/311/226
f 1246/312/223 1243/313/227 1245/314/228
f 1261/319/230 1260/347/231 1266/321/232
f 1266/322/232 1264/323/233 1261/324/230
f 1263/325/234 1267/324/235 1262/326/236
f 1266/327/232 1263/328/237 1265/329/238
f 1287/352/245 1280/335/246 1281/353/247
f 1284/323/248 1281/322/247 1280/324/246
f 1286/324/249 1283/325/250 1282/326/251
f 1285/339/252 1287/354/245 1281/338/247
f 1181/304/178 1187/584/183 1180/305/179
f 1186/307/180 1185/310/337 1184/308/181
f 1183/310/182 1180/307/179 1187/311/183
f 1186/312/180 1180/585/179 1183/313/185
f 1201/319/193 1207/588/198 1200/320/194
f 1206/322/195 1205/325/338 1204/323/196
f 1203/325/197 1200/589/194 1207/324/198
f 1206/327/195 1200/590/194 1203/328/200
f 1227/334/207 1226/591/211 1220/335/208
f 1224/323/210 1225/325/339 1221/322/209
f 1226/324/211 1227/589/207 1223/325/212
f 1223/337/214 1227/354/207 1221/338/209
f 1241/344/221 1247/584/226 1240/305/222
f 1246/307/223 1245/310/340 1244/308/224
f 1242/308/225 1243/310/341 1240/307/222
f 1246/312/223 1240/585/222 1243/313/227
f 1261/319/230 1267/596/235 1260/347/231
f 1266/322/232 1265/325/342 1264/323/233
f 1263/325/234 1260/589/231 1267/324/235
f 1266/327/232 1260/590/231 1263/328/237
f 1287/352/245 1286/591/249 1280/335/246
f 1284/323/248 1285/325/343 1281/322/247
f 1286/324/249 1287/589/245 1283/325/250
f 1285/339/252 1283/337/344 1287/354/245
usemtl GT_MC_Facade_1
f 1168/298/176 1176/299/174 1171/300/173
f 1176/301/174 1169/302/177 1175/303/172
f 1188/298/187 1191/299/188 1190/300/189
f 1191/301/188 1195/302/191 1196/303/190
f 1211/299/204 1208/298/205 1210/300/202
f 1215/302/206 1211/301/204 1216/303/203
f 1228/298/219 1232/299/217 1231/300/216
f 1232/301/217 1229/302/220 1236/303/215
f 1248/298/219 1252/299/217 1251/300/229
f 1252/301/217 1249/302/220 1256/303/215
f 1276/299/239 1268/298/242 1270/300/240
f 1274/302/244 1276/301/239 1275/303/241
f 2/355/41 1290/356/253 1289/357/10
f 2/358/32 1288/357/21 1291/355/33
f 1292/355/19 1290/359/12 1/360/20
f 1291/355/5 1293/361/254 1292/362/6
f 1168/298/176 1170/570/175 1176/299/174
f 1176/301/174 1170/577/175 1169/302/177
f 1188/298/187 1189/570/192 1191/299/188
f 1191/301/188 1189/577/192 1195/302/191
f 1211/299/204 1209/570/175 1208/298/205
f 1215/302/206 1209/577/175 1211/301/204
f 1228/298/219 1230/570/218 1232/299/217
f 1232/301/217 1230/577/218 1229/302/220
f 1248/298/219 1250/570/218 1252/299/217
f 1252/301/217 1250/577/218 1249/302/220
f 1276/299/239 1269/570/243 1268/298/242
f 1274/302/244 1269/577/243 1276/301/239
f 2/355/41 1/600/40 1290/356/253
f 2/358/32 1289/601/326 1288/357/21
f 1292/355/19 1293/357/322 1290/359/12
f 1291/355/5 1288/357/345 1293/361/254
s 0
usemtl GT_MC_Ads_2
f 1505/456/296 1467/457/296 1349/458/296
f 1505/456/384 1504/731/384 1467/457/384
l 1304 1305
l 1306 1307
l 1309 1308
