# Blender 5.1.0
# www.blender.org
mtllib building11.mtl
o GT_MC_Large_Building.011
v 1.829678 4.987346 -9.311374
v 1.800909 4.987344 -10.841566
v 1.829678 3.495762 -9.311374
v 1.944753 5.836740 -10.764217
v 2.088597 4.345158 -10.686870
v 2.088597 6.478928 -10.686836
v 1.829678 9.462094 -9.311374
v 1.764948 6.478929 -9.311374
v 1.800909 9.462093 -10.841543
v 1.829678 7.970510 -9.311374
v 2.088597 8.819907 -10.686836
v 1.872831 7.328326 -10.764217
v 1.944753 10.311491 -10.764190
v 1.944753 14.786242 -10.764190
v 1.944753 11.803073 -10.764190
v 1.872831 13.294657 -10.918897
v 1.800909 13.936844 -10.841543
v 1.764948 12.445261 -9.311374
v 1.829678 13.936844 -9.311374
v 1.829678 10.953677 -9.311374
v 2.088597 12.445260 -10.686836
v 1.800909 10.953677 -10.918897
v 1.872831 16.277821 -10.918880
v 1.829678 15.428426 -9.311374
v 1.944753 17.769407 -10.764184
v 1.872831 16.920006 -11.018352
v 1.800909 16.920010 -9.311374
v 1.800909 15.428424 -10.841543
v 1.657065 2.367032 -11.150958
v 1.657065 18.472307 -8.082091
v 1.764948 16.277824 -9.311374
v 1.743371 5.836743 -9.311374
v 1.800909 7.328325 -9.311374
v 1.743371 11.803077 -9.311374
v 1.743371 14.786242 -9.311374
v 1.743371 8.819909 -9.311374
v 1.743371 4.345160 -9.311374
v 1.800909 13.294658 -9.311374
v 1.657065 12.445258 -11.150958
v 1.728987 10.311491 -9.311374
v 1.764948 17.769409 -9.311374
v 1.657065 18.472301 -11.150924
v 6.260332 16.277822 -11.150924
v 5.972666 14.786242 -11.073605
v 1.800909 7.970510 -10.944682
v 1.657065 8.819907 -11.150958
v 6.044583 7.328324 -11.073610
v 1.657065 6.478927 -11.150958
v 5.972666 5.836739 -11.073610
v 1.657065 4.345158 -11.150958
v 1.872831 3.495761 -10.944696
v 11.277372 3.495763 -8.018451
v 10.021944 4.345160 -7.986631
v 11.277372 6.478929 -8.027543
v 10.021944 7.328327 -8.005723
v 11.277372 9.462095 -8.034361
v 10.021944 10.311492 -8.005723
v 11.277372 12.445261 -8.027543
v 10.021944 13.294658 -7.986631
v 11.277372 15.428427 -8.027543
v 10.021944 16.277824 -8.018451
v 6.087732 4.987346 -9.311374
v 6.116498 4.987345 -10.996262
v 6.087732 3.495760 -9.311373
v 6.044597 3.495760 -10.841564
v 5.972676 4.345160 -10.918911
v 6.116519 7.970509 -10.841542
v 6.044598 6.478928 -10.841542
v 6.087732 9.462093 -9.311374
v 6.152457 6.478929 -9.311373
v 6.116498 9.462094 -10.996250
v 6.087732 7.970510 -9.311373
v 5.972676 8.819910 -10.918895
v 5.972666 10.311491 -11.073605
v 5.972666 11.803071 -11.073605
v 6.044597 13.294659 -10.918895
v 6.116498 13.936845 -10.996250
v 6.152457 12.445261 -9.311373
v 6.087732 13.936844 -9.311374
v 6.087732 10.953677 -9.311374
v 6.044598 12.445258 -10.841542
v 6.116499 10.953677 -10.918897
v 5.828834 16.277822 -10.686836
v 6.087732 15.428426 -9.311374
v 5.972666 17.769407 -11.073576
v 6.044596 16.920006 -10.779660
v 6.116499 16.920008 -9.311373
v 6.116499 15.428424 -10.996251
v 6.260332 2.367032 -11.150958
v 6.260332 2.367036 -8.082091
v 6.260332 18.472307 -8.082091
v 6.260332 18.472301 -11.150924
v 12.040790 18.472307 -8.082091
v 6.152457 16.277824 -9.311374
v 6.174032 5.836741 -9.311373
v 6.116499 7.328323 -9.311373
v 6.174032 11.803075 -9.311373
v 6.174032 14.786242 -9.311374
v 6.174032 8.819910 -9.311373
v 6.174032 4.345162 -9.311373
v 6.116499 13.294660 -9.311373
v 6.188415 10.311491 -9.311374
v 6.152457 17.769409 -9.311374
v 11.277372 7.328327 -7.986631
v 10.021944 9.462095 -7.929355
v 10.021944 3.495763 -7.929355
v 11.277372 4.345161 -7.997238
v 11.277372 10.311492 -8.005723
v 10.021944 6.478929 -7.954811
v 11.277372 13.294659 -7.997238
v 10.021944 12.445261 -7.954811
v 11.277372 16.277826 -7.929355
v 10.021944 15.428427 -7.954811
v 11.277372 3.495763 8.018451
v 10.021912 4.345160 7.986630
v 11.277372 6.478930 7.986630
v 10.021912 7.328327 8.005722
v 11.277372 9.462095 8.034360
v 10.021912 10.311492 8.005722
v 11.277372 12.445262 8.027542
v 10.021912 13.294659 7.986630
v 11.277372 15.428427 8.027542
v 10.021912 16.277824 7.986630
v 6.087733 4.987346 9.311374
v 6.116498 4.987345 10.918896
v 6.087733 3.495760 9.311373
v 6.044597 3.495759 10.841542
v 5.972667 4.345158 10.918897
v 6.116519 7.970509 10.841542
v 6.116500 6.478927 10.918898
v 6.087733 9.462094 9.311374
v 6.087733 6.478928 9.311374
v 6.116500 9.462093 10.918898
v 6.087733 7.970510 9.311373
v 5.972667 8.819906 10.918898
v 5.828834 10.311490 10.686836
v 5.972667 14.786242 10.918897
v 5.972667 11.803073 10.918897
v 6.044584 13.294655 10.918881
v 6.044585 13.936842 10.918898
v 6.087733 12.445260 9.311374
v 6.116500 13.936844 9.311374
v 6.087733 10.953677 9.311374
v 6.116500 12.445258 10.918897
v 6.116500 10.953676 10.996251
v 5.828834 16.277822 10.686836
v 6.087733 15.428426 9.311374
v 5.828834 17.769407 10.686836
v 6.116502 16.920006 10.918885
v 6.087733 16.920010 9.311374
v 6.116500 15.428424 10.841543
v 6.260333 2.367032 11.150958
v 6.260333 2.367036 8.082090
v 6.260333 18.472305 8.082090
v 6.260333 18.472301 11.150924
v 6.174033 16.277826 9.311374
v 6.174033 5.836743 9.311374
v 6.174033 7.328324 9.311373
v 6.174033 11.803074 9.311374
v 6.174033 14.786242 9.311374
v 6.174033 8.819909 9.311374
v 6.174033 4.345160 9.311374
v 6.152458 13.294658 9.311374
v 6.188416 10.311491 9.311374
v 6.260333 10.311489 11.150958
v 6.152458 17.769407 9.311374
v 6.260333 17.769405 11.150910
v 11.277372 7.328327 7.986630
v 10.021912 9.462095 7.929354
v 10.021912 3.495763 7.929354
v 11.277372 4.345160 7.997237
v 11.277372 10.311492 8.005722
v 10.021912 6.478930 7.997237
v 11.277372 13.294659 7.997237
v 10.021912 12.445262 7.954810
v 11.277372 16.277824 7.972993
v 10.021912 15.428427 7.954810
v 1.657066 18.472301 11.150967
v 6.260333 16.277822 11.150910
v 1.657066 14.786242 11.150958
v 1.657066 8.819906 11.150958
v 5.972667 7.328322 11.073605
v 5.972664 5.836740 11.073604
v 1.657066 4.345158 11.150958
v 1.764949 4.987346 9.311374
v 1.872832 4.987347 10.918897
v 1.829678 3.495762 9.311374
v 1.872831 5.836741 10.764223
v 1.872832 3.495760 10.944682
v 2.088597 4.345158 10.686836
v 1.800910 7.970510 10.944682
v 1.800910 6.478927 10.918897
v 1.829678 9.462093 9.311374
v 1.829678 6.478928 9.311374
v 1.800910 9.462093 10.918898
v 1.829678 7.970510 9.311374
v 2.088598 8.819906 10.686836
v 1.944754 7.328323 10.764190
v 1.944754 10.311490 10.918897
v 2.088597 14.786242 10.686836
v 2.088597 11.803073 10.686836
v 2.088597 13.294657 10.686836
v 1.872832 13.936844 10.918898
v 1.829678 12.445260 9.311374
v 1.800910 13.936844 9.311374
v 1.829678 10.953677 9.311374
v 1.800910 12.445258 10.918897
v 1.800910 10.953676 10.841543
v 1.944755 16.277822 10.918895
v 1.829678 15.428426 9.311374
v 1.944755 17.769407 10.918895
v 1.800911 16.920008 10.918897
v 1.829678 16.920010 9.311374
v 1.800910 15.428424 10.996251
v 1.657066 2.367032 11.150958
v 1.657066 2.367036 8.082091
v 1.657066 18.472305 8.082091
v 1.743372 16.277826 9.311374
v 1.800910 5.836743 9.311374
v 1.743372 7.328325 9.311374
v 1.743372 11.803074 9.311374
v 1.657066 11.803073 11.150958
v 1.657066 13.294657 11.150965
v 1.743372 14.786242 9.311374
v 1.743372 8.819909 9.311374
v 1.743372 4.345160 9.311374
v 1.764949 13.294657 9.311374
v 1.728988 10.311492 9.311374
v 1.764949 17.769407 9.311374
v 12.040790 4.345161 6.957583
v 12.040790 7.328327 6.957583
v 12.040790 8.819910 6.957583
v 12.040790 10.525556 6.957583
v 12.040790 11.803082 -6.957584
v 12.040790 13.294658 6.957583
v 12.040790 14.786241 6.957583
v 11.203838 4.345161 6.957583
v 11.203838 5.836743 6.957583
v 11.203838 7.328326 6.957583
v 11.203838 8.819910 6.957583
v 11.203838 10.311494 6.957583
v 11.203838 11.803078 6.957583
v 11.203838 13.294658 6.957583
v 11.203838 14.786240 6.957583
v 11.203838 16.277826 6.957583
v 11.203838 17.769407 6.957583
v 11.203838 3.495763 6.957583
v 11.203838 4.987346 6.957583
v 11.203838 6.478928 6.957583
v 11.203838 7.970511 6.957583
v 11.203838 9.462095 6.957583
v 11.203838 10.953679 6.957583
v 11.203838 12.445259 6.957583
v 11.203838 13.936846 6.957583
v 11.203838 15.428424 6.957583
v 11.203838 16.920010 6.957583
v 12.040790 2.367036 8.082090
v 12.040790 3.495763 6.957583
v 12.040790 4.987346 6.957583
v 12.040790 7.970512 6.957583
v 12.040790 6.264867 6.957583
v 12.040790 9.462096 6.957583
v 12.040790 11.803077 6.957583
v 12.040790 13.936846 6.957583
v 12.040790 12.445260 6.957583
v 12.040790 15.428426 6.957583
v 12.040790 17.769407 6.957583
v 12.040790 16.705948 6.957583
v 12.040790 6.478935 -6.957584
v 12.040790 16.920017 -6.957584
v 12.040790 18.472309 8.082090
v 12.040790 5.836748 -6.957584
v 12.040790 8.819915 -6.957584
v 12.040790 10.311498 -6.957584
v 12.040790 13.294664 -6.957584
v 11.203813 4.345164 -6.957584
v 11.203813 5.836749 -6.957584
v 11.203818 7.328331 -6.957584
v 11.203818 8.819913 -6.957584
v 11.203818 10.311499 -6.957584
v 11.203818 11.803082 -6.957584
v 11.203813 13.294665 -6.957584
v 11.203813 14.786246 -6.957584
v 11.203813 16.277830 -6.957584
v 11.203813 17.769413 -6.957584
v 11.203818 3.495768 -6.957584
v 11.203818 4.987352 -6.957584
v 11.203813 6.478933 -6.957584
v 11.203813 7.970516 -6.957584
v 11.203813 9.462099 -6.957584
v 11.203813 10.953682 -6.957584
v 11.203818 12.445269 -6.957584
v 11.203818 13.936850 -6.957584
v 11.203818 15.428433 -6.957584
v 11.203818 16.920019 -6.957584
v 12.040790 2.367038 -8.082091
v 12.040790 3.495768 -6.957584
v 12.040790 4.987351 -6.957584
v 12.040790 4.345164 -6.957584
v 12.040790 7.328331 -6.957584
v 12.040790 7.970517 -6.957584
v 12.040790 10.953683 -6.957584
v 12.040790 9.462100 -6.957584
v 12.040790 13.936850 -6.957584
v 12.040790 12.445267 -6.957584
v 12.040790 16.277830 -6.957584
v 12.040790 14.786245 -6.957584
v 12.040790 15.428434 -6.957584
v 12.040790 17.769415 -6.957584
v 1.525554 18.472305 -8.203013
v 6.391843 18.472305 -8.203013
v 6.391843 18.603060 -11.317755
v 1.525554 18.603058 11.317755
v 1.525554 18.733820 -8.203013
v 1.525553 18.603060 -11.317755
v 6.391843 18.733820 -8.203013
v 12.273554 18.603064 -8.203013
v 6.391845 18.603064 8.203013
v 6.391845 18.603058 11.317755
v 12.273554 18.603064 8.203013
v 1.525554 18.733820 8.203013
v 1.657065 2.367036 -8.082091
v -1.656999 2.367035 8.082091
v 1.525554 18.472305 8.203013
v -1.525488 18.733822 8.203013
v -1.764908 4.987346 -9.311374
v -1.872783 4.987347 -10.996250
v -1.829633 3.495760 -9.311373
v -1.872769 3.495760 -10.841542
v -1.944690 4.345160 -10.918895
v -1.800846 7.970509 -10.841542
v -1.800846 6.478927 -10.841542
v -1.829633 9.462093 -9.311374
v -1.829633 6.478929 -9.311373
v -1.800867 9.462094 -10.996250
v -1.829633 7.970510 -9.311373
v -1.944690 8.819910 -10.918895
v -1.944699 10.311493 -11.073605
v -1.944699 11.803071 -11.073605
v -1.872768 13.294659 -10.918878
v -1.800867 13.936845 -10.996227
v -1.764908 12.445261 -9.311373
v -1.829633 13.936844 -9.311374
v -1.829633 10.953677 -9.311374
v -1.872768 12.445258 -10.841542
v -1.800866 10.953681 -10.918880
v -1.944699 16.277821 -10.819432
v -1.829633 15.428426 -9.311374
v -1.944699 17.769407 -10.918880
v -1.800846 16.920008 -10.779654
v -1.829633 16.920010 -9.311373
v -1.800866 15.428424 -10.996228
v -1.657033 2.367032 -11.150958
v -1.657033 2.367036 -8.082091
v -1.657033 18.472307 -8.082091
v -1.743333 16.277824 -9.311373
v -1.800866 5.836740 -9.311373
v -1.743333 7.328324 -9.311373
v -1.743333 11.803075 -9.311373
v -1.743333 14.786242 -9.311374
v -1.743333 8.819910 -9.311373
v -1.743333 4.345162 -9.311373
v -1.800866 13.294660 -9.311373
v -1.728950 10.311491 -9.311374
v -1.764908 17.769409 -9.311374
v -1.657033 18.472301 -11.150924
v -5.972612 16.277822 -11.058106
v -1.944699 14.786242 -11.073576
v -6.116456 7.970510 -10.944682
v -6.260300 8.819907 -11.150958
v -1.944699 7.328322 -11.073605
v -6.116456 6.478928 -10.944682
v -1.872783 5.836740 -11.073610
v -6.260300 4.345158 -11.150958
v -6.044534 3.495761 -10.944682
v -11.277339 3.495763 -8.018451
v -10.021879 4.345160 -7.986630
v -11.277339 6.478929 -8.027542
v -10.021879 7.328327 -8.005722
v -11.277339 9.462095 -8.034360
v -10.021879 10.311492 -8.005722
v -11.277339 12.445261 -8.027542
v -10.021879 13.294658 -7.986630
v -11.277339 15.428427 -8.027542
v -10.021879 16.277826 -7.986630
v -6.152417 4.987346 -9.311374
v -6.044534 4.987347 -10.841543
v -6.087687 3.495762 -9.311374
v -6.044534 5.836742 -10.764217
v -5.828769 4.345158 -10.686836
v -6.087687 9.462094 -9.311374
v -6.087687 6.478929 -9.311374
v -6.116456 9.462093 -10.841543
v -6.087687 7.970510 -9.311374
v -5.828769 8.819907 -10.686836
v -5.972612 7.328324 -10.764190
v -5.972612 10.311494 -10.764190
v -5.972612 14.786242 -10.764184
v -5.972612 11.803073 -10.764190
v -6.044534 13.294657 -10.918880
v -6.116456 13.936844 -10.841532
v -6.152417 12.445261 -9.311374
v -6.087687 13.936844 -9.311374
v -6.087687 10.953677 -9.311374
v -5.828769 12.445260 -10.686836
v -6.116456 10.953681 -10.918880
v -6.087687 15.428426 -9.311374
v -5.828769 17.769407 -10.686836
v -6.116456 16.920010 -11.018328
v -6.087687 16.920010 -9.311374
v -6.116456 15.428424 -10.841532
v -6.260300 2.367032 -11.150958
v -6.260300 2.367036 -8.082090
v -6.260300 18.472307 -8.082090
v -6.260300 18.472301 -11.150924
v -12.040758 18.472307 -8.082090
v -6.173994 16.277824 -9.311374
v -6.116456 5.836743 -9.311374
v -6.173994 7.328325 -9.311374
v -6.173994 11.803077 -9.311374
v -6.173994 14.786242 -9.311374
v -6.173994 8.819909 -9.311374
v -6.173994 4.345160 -9.311374
v -6.116456 13.294658 -9.311374
v -6.260300 12.445258 -11.150958
v -6.188378 10.311491 -9.311374
v -6.152417 17.769409 -9.311374
v -6.260300 17.769407 -11.150924
v -11.277339 7.328327 -7.986630
v -10.021879 9.462095 -7.929354
v -10.021879 3.495763 -7.929354
v -11.277339 4.345161 -7.997237
v -11.277339 10.311492 -8.005722
v -10.021879 6.478929 -7.954810
v -11.277339 13.294659 -7.997237
v -10.021879 12.445261 -7.954810
v -11.277339 16.277824 -7.972993
v -10.021879 15.428427 -7.954810
v -11.277306 3.495763 8.018451
v -10.021879 4.345160 7.986631
v -11.277306 6.478930 8.027543
v -10.021879 7.328327 8.005723
v -11.277306 9.462095 8.034361
v -10.021879 10.311492 8.005723
v -11.277306 12.445262 8.027543
v -10.021879 13.294659 7.986631
v -11.277306 15.428427 8.027543
v -10.021879 16.277824 7.986631
v -6.087686 4.987346 9.311374
v -6.116455 4.987344 10.918914
v -6.087686 3.495762 9.311374
v -5.972611 5.836740 10.918914
v -6.044530 3.495763 10.841537
v -5.972610 4.345158 10.918896
v -6.116455 7.970510 10.918897
v -6.116454 6.478928 10.918896
v -6.087686 9.462093 9.311374
v -6.087686 6.478928 9.311374
v -6.116455 9.462093 10.918897
v -6.087686 7.970510 9.311374
v -5.972611 8.819906 10.918898
v -5.972610 7.328323 10.918896
v -5.972611 10.311490 10.918897
v -5.972611 14.786242 10.918897
v -5.972611 11.803073 10.918898
v -6.044533 13.294657 10.918897
v -6.044531 13.936842 10.918896
v -6.087686 12.445260 9.311374
v -6.116455 13.936844 9.311374
v -6.087686 10.953677 9.311374
v -6.116455 12.445258 10.918897
v -6.116455 10.953676 10.918897
v -6.087686 15.428426 9.311374
v -5.972611 17.769407 10.918897
v -6.116455 16.920010 10.841543
v -6.087686 16.920010 9.311374
v -6.116455 15.428424 10.841543
v -6.260299 2.367032 11.150958
v -6.260299 2.367036 8.082091
v -6.260299 18.472305 8.082091
v -6.260299 18.472301 11.150958
v -6.173993 16.277826 9.311374
v -6.173993 5.836743 9.311374
v -6.173993 7.328325 9.311374
v -6.173993 11.803074 9.311374
v -6.173993 14.786242 9.311374
v -6.173993 8.819909 9.311374
v -6.173993 4.345160 9.311374
v -6.152416 13.294657 9.311374
v -6.188377 10.311492 9.311374
v -6.152416 17.769407 9.311374
v -11.277306 7.328327 7.986631
v -10.021879 9.462095 7.929355
v -10.021879 3.495763 7.929355
v -11.277306 4.345160 7.997238
v -11.277306 10.311492 8.005723
v -10.021879 6.478930 7.954811
v -11.277306 13.294659 7.997238
v -10.021879 12.445262 7.954811
v -11.277306 16.277824 7.972994
v -10.021879 15.428427 7.954811
v -1.656999 18.472301 11.150958
v -5.972611 16.277822 11.073605
v -1.656999 14.786242 11.150958
v -1.800843 9.462093 10.918897
v -1.800843 7.970510 10.918897
v -1.656999 8.819906 11.150958
v -1.872763 7.328326 10.918917
v -1.872765 6.478930 10.918897
v -1.656999 5.836740 11.150958
v -1.800843 4.987344 10.918914
v -1.656999 4.345158 11.150958
v -1.872762 3.495761 10.996263
v -1.829612 4.987346 9.311374
v -1.829612 3.495762 9.311374
v -2.088531 5.836740 10.686870
v -2.088531 4.345158 10.686882
v -1.829612 9.462094 9.311374
v -1.764882 6.478928 9.311374
v -1.829612 7.970510 9.311374
v -2.088531 8.819906 10.686836
v -2.088531 10.311490 10.686836
v -2.088531 14.786242 10.686856
v -2.088531 11.803073 10.686836
v -2.088531 13.294657 10.686836
v -1.872761 13.936842 10.918919
v -1.829612 12.445260 9.311374
v -1.800843 13.936844 9.311374
v -1.829612 10.953677 9.311374
v -1.800843 12.445258 10.918897
v -1.800843 10.953676 10.918897
v -1.944687 16.277822 10.764190
v -1.829612 15.428426 9.311374
v -2.088531 17.769407 10.686836
v -1.800843 16.920010 10.996251
v -1.829612 16.920010 9.311374
v -1.800843 15.428424 10.996251
v -1.656999 2.367032 11.150958
v -1.656999 18.472305 8.082091
v -1.743306 16.277826 9.311374
v -1.743306 5.836743 9.311374
v -1.800843 7.328325 9.311374
v -1.743306 11.803074 9.311374
v -1.656999 11.803073 11.150958
v -1.656999 13.294657 11.150958
v -1.743306 14.786242 9.311374
v -1.743306 8.819909 9.311374
v -1.743306 4.345160 9.311374
v -1.764882 13.294658 9.311374
v -1.728921 10.311491 9.311374
v -1.656999 10.311489 11.150958
v -1.764882 17.769407 9.311374
v -1.656999 17.769405 11.150958
v -12.040724 4.345161 6.957584
v -12.040724 7.328327 6.957584
v -12.040724 8.819910 6.957584
v -12.040724 10.525556 6.957584
v -12.040724 11.803082 -6.957583
v -12.040724 13.294658 6.957584
v -12.040724 14.786241 6.957584
v -11.203773 4.345161 6.957584
v -11.203773 7.328327 6.957584
v -11.203773 8.678344 6.957584
v -11.203773 11.803082 -6.957583
v -11.203773 14.786247 -6.957583
v -11.203773 16.277830 -6.957583
v -11.203773 17.769407 6.957584
v -11.203773 3.495763 6.957584
v -11.203773 5.412045 6.957584
v -11.203773 6.478928 6.957584
v -11.203773 9.886795 6.957584
v -11.203773 10.953679 6.957584
v -11.203773 12.551434 6.957584
v -11.203773 14.078412 6.957584
v -11.203773 15.853126 6.957584
v -12.040724 2.367036 8.082091
v -12.040724 3.495763 6.957584
v -12.040724 4.987346 6.957584
v -12.040724 6.264867 6.957584
v -12.040724 7.970512 6.957584
v -12.040724 9.462096 6.957584
v -11.831486 11.803077 6.957584
v -12.040724 13.936846 6.957584
v -12.040724 12.445260 6.957584
v -12.040724 15.428426 6.957584
v -12.040724 16.705948 6.957584
v -12.040724 6.478935 -6.957583
v -12.040724 17.769409 6.957584
v -12.040724 16.920017 -6.957583
v -11.203773 13.936850 -6.957583
v -11.203773 16.920010 6.957584
v -12.040721 18.472309 8.082091
v -12.040724 5.836748 -6.957583
v -12.040724 10.311498 -6.957583
v -12.040724 13.294664 -6.957583
v -11.203773 5.836748 -6.957583
v -11.203773 8.819913 -6.957583
v -11.203773 10.311498 -6.957583
v -11.203773 13.294664 -6.957583
v -11.203773 17.769413 -6.957583
v -11.203773 3.495768 -6.957583
v -11.203773 4.987351 -6.957583
v -11.203773 6.478933 -6.957583
v -11.203773 7.970517 -6.957583
v -11.203773 9.462099 -6.957583
v -11.203773 10.953682 -6.957583
v -11.203773 12.445269 -6.957583
v -11.203773 15.428433 -6.957583
v -11.203773 16.920019 -6.957583
v -12.040724 2.367038 -8.082090
v -12.040724 3.495768 -6.957583
v -12.040724 4.987351 -6.957583
v -11.873334 4.345164 -6.957583
v -11.873334 7.328331 -6.957583
v -12.040724 7.970517 -6.957583
v -12.040724 10.953683 -6.957583
v -12.040724 9.248038 -6.957583
v -12.040724 13.936850 -6.957583
v -12.040724 12.445267 -6.957583
v -12.040724 16.277830 -6.957583
v -12.040724 14.786245 -6.957583
v -12.040724 15.428434 -6.957583
v -12.040724 17.769413 -6.957583
v -1.525521 18.472305 -8.203013
v -6.391811 18.472305 -8.203013
v -6.391811 18.646645 -11.317755
v -1.525488 18.472305 8.203013
v -1.525488 18.646645 11.317755
v -1.525521 18.733822 -8.203013
v -1.525522 18.559473 -11.317755
v -6.391811 18.733820 -8.203013
v -12.249777 18.603065 -8.203013
v -6.391810 18.617592 8.203013
v -6.391810 18.559471 11.317755
v -12.249745 18.603064 8.203013
v 1.829678 21.151533 -9.311374
v 1.800909 21.151531 -10.841566
v 1.764948 19.659948 -9.311374
v 1.944753 22.000929 -10.764217
v 1.800909 24.134697 -10.918897
v 2.088597 22.643116 -10.686836
v 1.829678 25.626282 -9.311374
v 1.764948 22.643116 -9.311374
v 1.800909 25.626278 -10.841543
v 1.829678 24.134701 -9.311374
v 2.088597 24.984093 -10.686836
v 1.872831 23.492514 -10.764217
v 1.872831 26.475676 -11.073605
v 2.088597 30.950428 -10.686836
v 1.944753 27.967260 -10.893112
v 1.944753 29.458843 -10.918897
v 1.800909 30.101028 -10.841543
v 1.829678 28.609447 -9.311374
v 1.829678 30.101028 -9.311374
v 1.800909 27.117865 -9.311374
v 1.800909 28.609447 -10.944682
v 1.872831 27.117865 -10.841543
v 1.800909 32.442005 -10.764184
v 1.743371 31.592611 -9.311374
v 2.088597 33.933594 -10.686836
v 1.872831 33.084190 -11.018352
v 1.800909 33.084202 -9.311374
v 1.944753 31.592611 -10.918897
v 1.657065 18.531218 -11.150958
v 1.657065 18.531223 -8.082091
v 1.657065 34.636494 -8.082091
v 1.657065 34.636494 -11.150924
v 1.829678 32.442009 -9.311374
v 1.743371 22.000929 -9.311374
v 1.800909 23.492512 -9.311374
v 1.743371 27.967262 -9.311374
v 1.764948 30.950428 -9.311374
v 1.743371 24.984098 -9.311374
v 1.800909 20.509346 -9.311374
v 1.743371 29.458845 -9.311374
v 1.743371 26.475677 -9.311374
v 1.764948 33.933594 -9.311374
v 1.657065 33.933594 -11.150924
v 6.260332 34.636494 -11.150924
v 6.116498 32.442005 -11.073575
v 1.657065 30.950428 -11.150958
v 1.657065 24.984093 -11.150958
v 6.044583 23.492512 -11.073610
v 1.657065 22.643116 -11.150958
v 5.972666 22.000927 -11.073610
v 1.872831 20.509346 -10.918914
v 1.944753 19.659948 -10.944696
v 11.277372 19.659948 -8.018452
v 10.021944 20.509346 -7.986631
v 11.277372 22.643118 -8.027543
v 10.021944 23.492514 -8.005723
v 11.277372 25.626282 -8.034361
v 10.021944 26.475677 -8.005723
v 11.277372 28.609447 -8.027543
v 10.021944 29.458845 -8.005723
v 11.277372 31.592615 -8.034361
v 10.021944 32.442013 -8.018451
v 6.087732 21.151533 -9.311374
v 6.116498 21.151531 -10.996262
v 6.152457 19.659946 -9.311373
v 5.972675 19.659946 -10.841564
v 6.044597 20.509348 -10.918912
v 6.116520 24.134697 -10.918897
v 6.044598 22.643116 -10.841542
v 6.087732 25.626282 -9.311374
v 6.152457 22.643116 -9.311373
v 6.116498 25.626278 -10.996250
v 6.087732 24.134697 -9.311373
v 5.972676 24.984097 -10.918895
v 5.972666 26.475676 -10.764190
v 6.044582 30.950428 -10.918898
v 5.972666 27.967258 -10.996251
v 5.828834 29.458843 -10.686836
v 6.116498 30.101028 -10.996250
v 6.087732 28.609447 -9.311373
v 6.087732 30.101028 -9.311374
v 6.087732 27.117865 -9.311374
v 6.116519 28.609446 -10.841542
v 6.116499 27.117865 -10.996251
v 6.174032 31.592611 -9.311374
v 5.972666 33.933594 -10.918880
v 6.044596 33.084190 -10.779660
v 6.116499 33.084198 -9.311373
v 5.972666 31.592611 -10.918898
v 6.260332 18.531218 -11.150958
v 6.260332 18.531223 -8.082091
v 6.260332 34.636494 -8.082091
v 12.040790 34.636494 -8.082091
v 6.087732 32.442009 -9.311374
v 6.174032 22.000927 -9.311373
v 6.116499 23.492510 -9.311373
v 6.174032 27.967262 -9.311373
v 6.260365 29.458843 -11.150958
v 6.152457 30.950428 -9.311374
v 6.174032 24.984100 -9.311373
v 6.116499 20.509348 -9.311373
v 6.174032 29.458847 -9.311373
v 6.188415 26.475677 -9.311374
v 6.152457 33.933594 -9.311374
v 11.277372 23.492514 -7.986631
v 10.021944 25.626282 -7.929355
v 10.021944 19.659948 -7.929355
v 11.277372 20.509346 -7.997238
v 11.277372 26.475677 -8.005723
v 10.021944 22.643118 -7.954811
v 11.277372 29.458845 -7.986631
v 10.021944 28.609447 -7.954811
v 11.277372 32.442013 -7.929355
v 10.021944 31.592617 -7.929355
v 11.277372 19.659948 8.018451
v 10.021912 20.509346 8.005722
v 11.277372 22.643118 8.034360
v 10.021912 23.492516 8.034360
v 11.277372 25.626282 8.027542
v 10.021912 26.475677 8.039663
v 11.277372 28.609449 8.027542
v 10.021912 29.458845 7.986630
v 11.277372 31.592611 8.027542
v 10.021912 32.442009 7.986630
v 6.087733 21.151533 9.311374
v 6.087733 19.659946 9.311373
v 5.972665 22.000927 10.918896
v 6.044597 19.659946 10.841542
v 6.116519 24.134695 10.841542
v 6.044583 22.643116 10.918898
v 6.087733 25.626282 9.311374
v 6.152458 22.643116 9.311374
v 6.116500 25.626278 10.918898
v 6.087733 24.134701 9.311373
v 5.828834 24.984093 10.686836
v 6.044583 26.475676 10.918898
v 6.116500 30.950428 10.764190
v 5.828834 27.967260 10.686836
v 6.116501 29.458841 10.918881
v 5.972668 30.101027 10.918899
v 6.152458 28.609447 9.311374
v 6.174033 30.101028 9.311374
v 6.116500 27.117865 9.311374
v 6.044583 28.609447 10.918898
v 6.044583 27.117865 10.918898
v 6.044583 32.442009 10.918880
v 6.174033 31.592611 9.311374
v 6.044583 33.933594 10.918880
v 6.044584 33.084194 10.918880
v 6.152458 33.084202 9.311374
v 5.972667 31.592611 10.918898
v 6.260333 18.531218 11.150958
v 6.260333 18.531223 8.082090
v 6.260333 34.636494 8.082090
v 6.116500 32.442009 9.311374
v 6.174033 22.000931 9.311374
v 6.116500 23.492510 9.311373
v 6.174033 27.967262 9.311374
v 6.260333 27.967260 11.150958
v 6.087733 30.950428 9.311374
v 6.174033 24.984098 9.311374
v 6.174033 20.509346 9.311374
v 6.087733 29.458843 9.311374
v 6.174033 26.475677 9.311374
v 6.087733 33.933594 9.311374
v 11.277372 23.492514 7.929354
v 10.021912 25.626282 7.954810
v 10.021912 19.659948 7.929354
v 11.277372 20.509346 7.986630
v 11.277372 26.475677 7.954810
v 10.021912 22.643118 7.929354
v 11.277372 29.458845 7.997237
v 10.021912 28.609449 7.954810
v 11.277372 32.442013 7.972993
v 10.021912 31.592611 7.954810
v 6.260333 34.636494 11.150932
v 1.872837 32.442005 10.918889
v 1.800910 30.950428 11.073605
v 6.260333 24.984093 11.150958
v 6.044583 23.492510 11.073605
v 1.872830 22.000929 10.918917
v 6.116498 21.151533 10.918897
v 5.972667 20.509344 11.073605
v 1.764949 21.151535 9.311374
v 1.872832 21.151533 10.918897
v 1.829678 19.659948 9.311374
v 1.872832 19.659948 10.944682
v 1.944754 20.509344 10.764190
v 1.800910 24.134697 10.944682
v 1.872832 22.643116 10.918897
v 1.829678 25.626282 9.311374
v 1.764949 22.643116 9.311374
v 1.800910 25.626278 10.918897
v 1.829678 24.134697 9.311374
v 1.944754 24.984093 10.918897
v 1.872832 23.492512 10.764190
v 2.088598 26.475676 10.686836
v 1.944754 27.967260 10.918897
v 2.088597 29.458843 10.686836
v 1.944754 30.101028 10.918897
v 1.764949 28.609447 9.311374
v 1.743372 30.101028 9.311374
v 1.829678 27.117865 9.311374
v 1.872832 28.609447 10.918897
v 1.800910 27.117865 10.918897
v 1.743372 31.592611 9.311374
v 1.872837 33.933594 10.918889
v 1.872833 33.084190 10.918900
v 1.764949 33.084202 9.311374
v 1.944754 31.592611 10.918897
v 1.657066 18.531218 11.150958
v 1.657066 34.636494 8.082091
v 1.657066 34.636494 11.150958
v 1.800910 32.442009 9.311374
v 1.800910 22.000929 9.311374
v 1.800910 23.492512 9.311374
v 1.743372 27.967262 9.311374
v 1.657066 29.458843 11.150965
v 1.829678 30.950428 9.311374
v 1.743372 24.984098 9.311374
v 1.743372 20.509346 9.311374
v 1.829678 29.458843 9.311374
v 1.728988 26.475677 9.311374
v 1.657066 26.475676 11.150958
v 1.829678 33.933594 9.311374
v 12.040790 20.509348 6.957583
v 12.040790 22.000929 6.957583
v 12.040790 23.492516 6.957583
v 12.040790 26.475681 6.957583
v 12.040790 27.967264 6.957583
v 12.040790 29.458845 6.957583
v 12.040790 30.950424 6.957583
v 11.203838 20.509346 6.957583
v 11.203838 22.000929 6.957583
v 11.203838 23.492516 6.957583
v 11.203838 24.984098 6.957583
v 11.203838 26.475681 6.957583
v 11.203838 27.967264 6.957583
v 11.203838 29.458843 6.957583
v 11.203838 32.442009 6.957583
v 11.203838 19.659950 6.957583
v 11.203838 22.643114 6.957583
v 11.203838 24.134699 6.957583
v 11.203838 25.626282 6.957583
v 11.203838 28.609447 6.957583
v 11.203838 30.207209 6.957583
v 11.203838 31.592615 6.957583
v 12.040790 18.531221 8.082090
v 12.040790 19.659948 6.957583
v 12.040790 21.151533 6.957583
v 12.040790 24.134701 6.957583
v 12.040790 22.643116 6.957583
v 12.040790 25.626282 6.957583
v 12.040790 30.101032 6.957583
v 12.040790 28.609447 6.957583
v 12.040790 32.442009 6.957583
v 12.040790 31.592613 6.957583
v 11.947795 33.933598 6.957583
v 12.040790 21.151539 -6.957584
v 12.040790 27.117867 6.957583
v 12.040790 25.626289 -6.957584
v 12.040790 33.084206 6.957583
v 11.203838 21.151531 6.957583
v 11.203838 27.117867 6.957583
v 11.203838 33.084206 6.957583
v 12.040790 34.636497 8.082090
v 12.040790 20.509354 -6.957584
v 12.040790 22.000937 -6.957584
v 12.040790 23.492516 -6.957584
v 12.040790 24.984097 6.957583
v 12.040790 26.475685 -6.957584
v 12.040790 27.967268 -6.957584
v 12.040790 29.458855 -6.957584
v 12.040790 30.950436 -6.957584
v 11.203813 20.509356 -6.957584
v 11.203813 22.000937 -6.957584
v 11.203818 23.492516 -6.957584
v 11.203818 24.984100 -6.957584
v 11.203818 26.475685 -6.957584
v 11.203818 27.967270 -6.957584
v 11.203813 29.458857 -6.957584
v 11.203828 30.950441 -6.957584
v 11.203813 32.442020 -6.957584
v 11.203829 33.933601 -6.957584
v 11.203818 19.659956 -6.957584
v 11.203818 21.151541 -6.957584
v 11.203813 22.643122 -6.957584
v 11.203813 24.134705 -6.957584
v 11.203813 25.626287 -6.957584
v 11.203813 27.117872 -6.957584
v 11.203818 28.609455 -6.957584
v 11.203813 30.101036 -6.957584
v 11.203818 31.592619 -6.957584
v 11.203818 33.084206 -6.957584
v 12.040790 18.531227 -8.082091
v 12.040790 19.659956 -6.957584
v 12.040790 24.134706 -6.957584
v 12.040790 22.643122 -6.957584
v 12.040790 27.117872 -6.957584
v 12.040790 24.984100 -6.957584
v 12.040790 30.101036 -6.957584
v 12.040790 28.609455 -6.957584
v 12.040790 31.592619 -6.957584
v 12.040790 33.933601 -6.957584
v 12.040790 32.870144 -6.957584
v 1.525554 34.636497 -8.203013
v 6.391843 34.636494 -8.203013
v 6.391843 34.767250 -11.317755
v 1.525554 34.767250 11.317755
v 1.525554 34.898010 -8.203013
v 1.525553 34.767250 -11.317755
v 6.391843 34.898010 -8.203013
v 12.502577 34.767254 -8.203013
v 6.391845 34.767254 8.203013
v 6.391845 34.767250 11.317755
v 12.502577 34.767254 8.203013
v -1.657033 18.531223 -8.082091
v 1.657066 18.531223 8.082091
v 1.525554 34.636497 8.203013
v 1.525554 34.898010 8.203013
v -1.764908 21.151535 -9.311374
v -1.872784 21.151535 -10.918896
v -1.764908 19.659946 -9.311373
v -1.944690 19.659946 -10.841542
v -1.872768 20.509348 -10.918895
v -1.800846 24.134695 -10.779660
v -1.872768 22.643114 -10.841542
v -1.829633 25.626282 -9.311374
v -1.764908 22.643116 -9.311373
v -1.800867 25.626278 -10.996250
v -1.829633 24.134697 -9.311373
v -1.944690 24.984097 -10.918895
v -1.944699 26.475677 -10.918897
v -1.944699 27.967258 -10.996251
v -2.088532 29.458843 -10.686836
v -1.800867 30.101028 -10.996227
v -1.829633 28.609447 -9.311373
v -1.829633 30.101028 -9.311374
v -1.829633 27.117865 -9.311374
v -1.800846 28.609446 -10.841542
v -1.800866 27.117868 -10.918880
v -1.743333 31.592611 -9.311374
v -1.944699 33.933594 -10.918880
v -1.800846 33.084194 -10.918880
v -1.829633 33.084202 -9.311373
v -1.944699 31.592611 -10.918880
v -1.657033 18.531218 -11.150958
v -1.657033 34.636494 -8.082091
v -1.800866 32.442005 -9.311373
v -1.800866 22.000927 -9.311373
v -1.800866 23.492510 -9.311373
v -1.743333 27.967262 -9.311373
v -1.657000 29.458843 -11.150924
v -1.764908 30.950428 -9.311374
v -1.743333 24.984100 -9.311373
v -1.800866 20.509348 -9.311373
v -1.743333 29.458847 -9.311373
v -1.728950 26.475677 -9.311374
v -1.764908 33.933594 -9.311374
v -1.657033 34.636494 -11.150924
v -1.872783 32.442009 -11.073576
v -1.872783 30.950428 -11.073576
v -6.116456 24.134697 -11.018352
v -6.260300 24.984093 -11.150958
v -1.872783 23.492510 -11.073605
v -6.260300 22.643116 -11.150958
v -1.872783 22.000931 -10.918914
v -6.044534 21.151533 -10.918897
v -6.044534 20.509346 -10.918898
v -5.972612 19.659948 -10.944682
v -11.277339 19.659948 -8.018451
v -10.021879 20.509346 -7.986630
v -11.277339 22.643118 -8.027542
v -10.021879 23.492514 -8.005722
v -11.277339 25.626282 -8.034360
v -10.021879 26.475677 -8.005722
v -11.277339 28.609447 -8.027542
v -10.021879 29.458845 -8.005722
v -11.277339 31.592615 -8.034360
v -10.021879 32.442013 -7.986630
v -6.152417 21.151535 -9.311374
v -6.152417 19.659948 -9.311374
v -6.044534 22.000931 -10.918914
v -5.828769 22.643116 -10.686836
v -6.087687 25.626282 -9.311374
v -6.152417 22.643116 -9.311374
v -6.116456 25.626278 -10.841543
v -6.087687 24.134701 -9.311374
v -5.828769 24.984093 -10.686836
v -6.044534 23.492512 -10.764190
v -5.828769 26.475676 -10.686836
v -6.044534 30.950428 -10.764184
v -5.972612 27.967260 -10.893112
v -5.972612 29.458843 -10.918880
v -6.116456 30.101028 -10.841532
v -6.087687 28.609447 -9.311374
v -6.087687 30.101028 -9.311374
v -6.087687 27.117865 -9.311374
v -6.116456 28.609447 -10.944682
v -6.116456 27.117868 -10.918880
v -6.044534 32.442009 -10.764184
v -6.173994 31.592611 -9.311374
v -5.828769 33.933594 -10.686836
v -6.116456 33.084194 -10.918880
v -6.087687 33.084202 -9.311374
v -5.972612 31.592611 -10.918880
v -6.260300 18.531218 -11.150958
v -6.260300 18.531223 -8.082090
v -6.260300 34.636494 -8.082090
v -6.260300 34.636494 -11.150924
v -12.040758 34.636494 -8.082090
v -6.116456 32.442009 -9.311374
v -6.116456 22.000929 -9.311374
v -6.116456 23.492512 -9.311374
v -6.173994 27.967262 -9.311374
v -6.152417 30.950428 -9.311374
v -6.173994 24.984098 -9.311374
v -6.116456 20.509346 -9.311374
v -6.173994 29.458845 -9.311374
v -6.188378 26.475677 -9.311374
v -6.260300 26.475676 -11.150958
v -6.152417 33.933594 -9.311374
v -6.260300 33.933594 -11.150924
v -11.277339 23.492514 -7.986630
v -10.021879 25.626282 -7.929354
v -10.021879 19.659948 -7.929354
v -11.277339 20.509346 -7.997237
v -11.277339 26.475677 -8.005722
v -10.021879 22.643118 -7.954810
v -11.277339 29.458845 -7.986630
v -10.021879 28.609447 -7.954810
v -11.277339 32.442013 -7.972993
v -10.021879 31.592617 -7.929354
v -11.277306 19.659948 8.018452
v -10.021879 20.509346 8.005723
v -11.277306 22.643118 8.034361
v -10.021879 23.492514 7.986631
v -11.277306 25.626282 8.027543
v -10.021879 26.475677 8.005723
v -11.277306 28.609449 8.027543
v -10.021879 29.458845 7.986631
v -11.277306 31.592611 8.027543
v -10.021879 32.442013 8.018452
v -6.087686 21.151533 9.311374
v -6.116455 21.151531 10.841566
v -6.087686 19.659948 9.311374
v -5.828767 22.000927 10.686870
v -6.044530 19.659950 10.841537
v -5.972610 20.509344 10.918896
v -6.116455 24.134697 10.841543
v -6.044532 22.643118 10.918896
v -6.087686 25.626282 9.311374
v -6.152416 22.643116 9.311374
v -6.116455 25.626278 10.841543
v -6.087686 24.134697 9.311374
v -5.972611 24.984093 10.918898
v -6.044531 23.492512 10.918895
v -5.972611 26.475676 10.918898
v -6.116455 30.950428 10.918898
v -5.972611 27.967260 10.918898
v -6.116455 29.458843 10.764190
v -5.972610 30.101027 10.918897
v -6.152416 28.609447 9.311374
v -6.173993 30.101028 9.311374
v -6.087686 27.117865 9.311374
v -6.044533 28.609447 10.918898
v -6.116455 27.117865 10.918898
v -6.044533 32.442009 10.918898
v -6.173993 31.592611 9.311374
v -6.044533 33.933594 11.073605
v -6.044533 33.084194 10.918898
v -6.152416 33.084202 9.311374
v -5.972611 31.592611 10.918898
v -6.260299 18.531218 11.150958
v -6.260299 18.531223 8.082091
v -6.260299 34.636494 8.082091
v -6.116455 32.442009 9.311374
v -6.173993 22.000931 9.311374
v -6.116455 23.492512 9.311374
v -6.173993 27.967262 9.311374
v -6.087686 30.950428 9.311374
v -6.173993 24.984098 9.311374
v -6.173993 20.509346 9.311374
v -6.087686 29.458843 9.311374
v -6.188377 26.475677 9.311374
v -6.087686 33.933594 9.311374
v -11.277306 23.492516 7.997238
v -10.021879 25.626282 7.954811
v -10.021879 19.659948 7.929355
v -11.277306 20.509346 7.986631
v -11.277306 26.475677 8.005723
v -10.021879 22.643118 7.929355
v -11.277306 29.458845 7.997238
v -10.021879 28.609449 7.954811
v -11.277306 32.442009 7.929355
v -10.021879 31.592611 7.954811
v -6.260299 34.636494 11.150958
v -1.872765 32.442009 10.918897
v -1.656999 30.950428 11.150958
v -1.800843 25.626278 10.996251
v -1.800843 24.134697 10.996251
v -1.656999 24.984093 11.150958
v -1.872763 23.492516 10.918917
v -1.872765 22.643120 10.918897
v -6.260299 22.000927 11.150958
v -1.800843 21.151531 10.996262
v -1.656999 20.509344 11.150958
v -1.872762 19.659950 10.996263
v -1.829612 21.151533 9.311374
v -1.829612 19.659948 9.311374
v -1.944687 22.000927 10.918914
v -2.088531 20.509344 10.686882
v -1.829612 25.626282 9.311374
v -1.764882 22.643116 9.311374
v -1.829612 24.134701 9.311374
v -2.088531 24.984093 10.686836
v -2.088531 26.475676 10.686836
v -2.088531 30.950428 10.686856
v -2.088531 27.967260 10.686836
v -1.800843 29.458843 11.073605
v -1.944684 30.101027 10.918918
v -1.764882 28.609447 9.311374
v -1.743306 30.101028 9.311374
v -1.800843 27.117865 9.311374
v -1.872765 28.609447 10.918897
v -1.872765 27.117865 10.918897
v -1.743306 31.592611 9.311374
v -1.872765 33.933594 10.764190
v -1.872765 33.084194 10.918898
v -1.764882 33.084202 9.311374
v -1.944687 31.592611 10.918897
v -1.656999 18.531218 11.150958
v -1.656999 18.531223 8.082091
v -1.656999 34.636494 8.082091
v -1.656999 34.636494 11.150958
v -1.800843 32.442009 9.311374
v -1.743306 22.000931 9.311374
v -1.800843 23.492512 9.311374
v -1.743306 27.967262 9.311374
v -1.656999 27.967260 11.150958
v -1.829612 30.950428 9.311374
v -1.743306 24.984098 9.311374
v -1.743306 20.509346 9.311374
v -1.829612 29.458843 9.311374
v -1.743306 26.475677 9.311374
v -1.656999 26.475676 11.150958
v -1.829612 33.933594 9.311374
v -12.040721 34.636497 8.082091
v -12.040724 20.509354 -6.957583
v -12.040724 22.000929 6.957584
v -12.040724 23.492516 6.957584
v -12.040724 26.475681 6.957584
v -12.040724 27.967264 6.957584
v -12.040724 29.458845 6.957584
v -12.040724 30.950424 6.957584
v -11.203773 20.509354 -6.957583
v -11.203773 22.000929 6.957584
v -11.203773 23.492516 6.957584
v -11.203773 24.984100 -6.957583
v -11.203773 26.475681 6.957584
v -11.203773 27.967264 6.957584
v -11.203773 29.458845 6.957584
v -11.203773 30.950422 6.957584
v -11.203773 20.084648 6.957584
v -11.203773 22.643114 6.957584
v -11.203773 24.559399 6.957584
v -11.203773 25.626282 6.957584
v -11.203773 27.117865 6.957584
v -11.203773 28.609447 6.957584
v -11.203773 30.101034 6.957584
v -11.203773 31.592615 6.957584
v -12.040724 18.531221 8.082091
v -12.040724 19.659948 6.957584
v -12.040724 20.937471 6.957584
v -12.040724 24.134701 6.957584
v -12.040724 22.643116 6.957584
v -12.040724 27.117867 6.957584
v -12.040724 25.626282 6.957584
v -12.040724 30.101032 6.957584
v -12.040724 28.609447 6.957584
v -12.040724 32.442009 6.957584
v -12.040724 31.592613 6.957584
v -11.947729 33.933598 6.957584
v -12.040724 21.151539 -6.957583
v -12.040724 27.117870 -6.957583
v -12.040724 25.626289 -6.957583
v -12.040724 33.084206 6.957584
v -11.203773 21.151531 6.957584
v -11.203773 27.117872 -6.957583
v -11.203773 33.084206 6.957584
v -12.040724 22.000937 -6.957583
v -12.040724 23.492516 -6.957583
v -12.040724 24.984097 6.957584
v -12.040724 26.475685 -6.957583
v -12.040724 27.967268 -6.957583
v -12.040724 29.458853 -6.957583
v -12.040724 30.950436 -6.957583
v -11.203773 22.000937 -6.957583
v -11.203773 23.492516 -6.957583
v -11.203773 27.967270 -6.957583
v -11.203773 29.458855 -6.957583
v -11.203773 30.950436 -6.957583
v -11.203773 32.442009 6.957584
v -11.203773 33.933601 -6.957583
v -11.203773 19.659956 -6.957583
v -11.203773 21.151541 -6.957583
v -11.203773 22.643120 -6.957583
v -11.203773 24.134705 -6.957583
v -11.203773 25.767855 -6.957583
v -11.203773 28.609455 -6.957583
v -11.203773 30.101036 -6.957583
v -11.203773 31.592619 -6.957583
v -11.203773 33.084206 -6.957583
v -12.040724 18.531227 -8.082090
v -12.040724 19.659956 -6.957583
v -12.040724 24.134706 -6.957583
v -12.040724 22.643120 -6.957583
v -12.040724 24.984100 -6.957583
v -12.040724 30.101036 -6.957583
v -12.040724 28.609455 -6.957583
v -11.831486 32.442017 -6.957579
v -12.040724 31.592619 -6.957583
v -12.040724 33.933601 -6.957583
v -12.040724 33.084206 -6.957583
v -1.525521 34.636494 -8.203013
v -6.391811 34.636494 -8.203013
v -6.391811 34.810837 -11.317755
v -6.391810 34.636494 8.203013
v -1.525488 34.752728 8.203013
v -1.525488 34.810837 11.317755
v -1.525521 34.898010 -8.203013
v -1.525522 34.723667 -11.317755
v -6.391811 34.898010 -8.203013
v -12.502543 34.767254 -8.203013
v -6.391810 34.898010 8.203013
v -6.391810 34.723667 11.317755
v -12.502511 34.767254 8.203013
v 1.700113 2.367032 -11.535660
v 1.700113 2.367036 -8.360899
v 6.423052 2.367032 -11.535660
v 6.423052 2.367036 -8.360900
v 6.423053 2.367031 11.535660
v 6.423020 2.367036 8.360899
v 1.700114 2.367031 11.535660
v 12.353735 2.367034 8.360899
v 12.353734 2.367041 -0.662195
v 12.353735 2.367038 -8.360920
v -1.700114 2.367036 -8.360899
v 1.700114 2.367036 8.360899
v -1.700114 2.367032 -11.535660
v -6.423053 2.367032 -11.535660
v -6.423053 2.367036 -8.360899
v -6.423019 2.367031 11.535660
v -6.423019 2.367036 8.360900
v -1.700113 2.367031 11.535660
v -1.700113 2.367036 8.360899
v -12.353735 2.367034 8.360900
v -12.353734 2.367041 -0.662194
v -12.353735 2.367038 -8.360919
v 1.700113 0.000001 -11.535660
v 1.700113 0.000005 -8.360899
v 6.423052 0.000005 -8.360900
v 6.423052 0.000001 -11.535660
v 6.423020 0.000004 8.360899
v 6.423053 0.000000 11.535660
v 1.700114 0.000004 8.360899
v 1.700114 0.000000 11.535660
v -1.700113 0.000004 8.360899
v 12.353734 0.000010 -0.662195
v 12.353735 0.000002 8.360899
v 12.353735 0.000007 -8.360925
v -1.700114 0.000005 -8.360899
v -1.700114 0.000001 -11.535660
v -6.423053 0.000005 -8.360899
v -6.423053 0.000001 -11.535660
v -6.423019 0.000004 8.360900
v -6.423019 0.000000 11.535660
v -1.700113 0.000000 11.535660
v -12.353734 0.000010 -0.662194
v -12.353735 0.000002 8.360900
v -12.353735 0.000007 -8.360925
v 1.799889 34.829643 -10.951964
v 1.799889 34.829643 -7.837189
v 6.117474 34.829643 -7.837189
v 6.117474 34.829643 -10.951964
v 12.228208 34.829643 -7.837189
v 6.117476 34.829643 10.951964
v 6.117476 34.829643 7.837188
v 12.228208 34.829643 7.837188
v 1.799890 34.829643 10.951964
v 1.799890 34.829643 7.837189
v -1.799890 34.829643 -10.951964
v -1.799890 34.829643 -7.837189
v -6.117476 34.829643 -7.837188
v -6.117476 34.829643 -10.951964
v -12.228208 34.829643 -7.837188
v -6.117474 34.829643 10.951964
v -6.117474 34.829643 7.837189
v -12.228175 34.829643 7.837189
v -1.799889 34.829643 7.837189
v -1.799889 34.829643 10.951964
v 1.903755 36.840157 -10.674976
v 6.013609 36.840157 -7.560221
v 12.020478 36.840157 -7.698706
v 6.013610 36.840157 10.674976
v 1.903756 36.840157 7.560221
v -2.007620 36.840157 7.652544
v -1.903756 36.840157 -7.560221
v -6.013610 36.840157 -10.674976
v -6.013609 36.840157 7.560221
v -12.020445 36.840157 7.698706
v -1.903755 36.840157 10.674976
v 2.007620 36.840157 -7.652544
v 5.909744 36.840157 -10.813470
v 5.909744 36.840157 7.698704
v 12.124343 36.840157 7.560199
v 2.007621 36.840157 10.813470
v -2.007621 36.840157 -10.813470
v -5.909745 36.840157 -7.698704
v -12.124343 36.840157 -7.560221
v -5.909744 36.840157 10.813470
v 2.111486 35.491852 7.421738
v 2.111485 35.491852 -10.536481
v 2.111485 35.491852 -7.421738
v 5.805878 35.491852 -7.421738
v 5.805878 35.491852 -10.536481
v 11.916613 35.491852 -7.421739
v 5.805880 35.491852 10.536481
v 5.805880 35.491852 7.421738
v 11.916613 35.491852 7.421705
v 2.111486 35.491852 10.536481
v -2.111486 35.491852 -10.536481
v -2.111486 35.491852 -7.421738
v -5.805880 35.491852 -7.421738
v -5.805880 35.491852 -10.536481
v -11.916613 35.491852 -7.421737
v -5.805878 35.491852 10.536481
v -5.805878 35.491852 7.421738
v -11.916579 35.491852 7.421739
v -2.111485 35.491852 7.421738
v -2.111485 35.491852 10.536481
v 12.552002 2.602571 -1.167951
v 12.548360 2.614918 1.167950
v 12.750253 2.592694 -0.000001
v 12.551527 0.052300 -1.167951
v 12.737755 0.076994 -0.000001
v 12.784452 0.757778 -0.130427
v 12.761638 0.750173 -0.048146
v 12.773046 1.900896 -0.089286
v 12.548109 0.032545 1.167950
v 12.773046 0.753975 0.089285
v 12.761638 1.904698 0.130426
v 12.784452 1.897094 0.048145
v 12.254847 2.667177 -1.197515
v 13.016423 0.000008 -2.017925
v 13.016424 2.981077 -1.470985
v 13.016423 0.000008 2.017924
v 13.016423 3.294978 2.017924
v 11.838870 0.000008 -2.017925
v 11.838870 3.294978 -2.017925
v 11.838870 0.000008 2.017924
v 11.838870 3.294978 2.017924
v 12.864109 2.667177 1.197514
v 12.508706 0.000008 1.197514
v 12.635635 0.000008 -1.197515
v 12.284244 2.602571 -5.129313
v 12.280602 2.614918 -2.793413
v 12.482461 2.592694 -3.961363
v 12.280352 0.032545 -5.129313
v 12.469963 0.076994 -3.961363
v 12.516693 0.757778 -4.091789
v 12.493878 0.750173 -4.009508
v 12.505286 1.900896 -4.050649
v 12.283769 0.052300 -2.793413
v 12.493878 0.750173 -3.913218
v 12.516693 0.757778 -3.830937
v 12.505286 1.900896 -3.872077
v 11.987055 2.667177 -5.158878
v 12.748664 0.000008 -5.979288
v 12.748664 2.981077 -5.432348
v 12.748664 0.000008 -1.943438
v 12.748664 3.294978 -1.943438
v 11.946735 0.000008 -5.979288
v 11.946735 3.294978 -5.979288
v 11.946735 0.000008 -1.943438
v 11.946735 3.294978 -1.943438
v 12.558262 2.667177 -2.763848
v 12.240925 0.000008 -2.763848
v 12.367860 0.000008 -5.158878
v 12.280602 2.614918 5.129313
v 12.482461 2.592694 3.961362
v 12.283769 0.052300 5.129313
v 12.469963 0.076994 3.961362
v 12.493878 0.750173 4.009507
v 12.516693 0.757778 4.091788
v 12.505286 1.900896 4.050648
v 12.284244 2.602571 2.793412
v 12.280352 0.032545 2.793412
v 12.516693 0.757778 3.830936
v 12.493878 0.750173 3.913217
v 12.505286 1.900896 3.872077
v 11.987055 2.667177 5.158877
v 12.748664 0.000008 5.979287
v 12.748664 0.000008 1.943437
v 12.748664 3.294978 1.943437
v 11.946735 0.000008 5.979287
v 11.946735 3.294978 5.979287
v 11.946735 0.000008 1.943437
v 11.946735 3.294978 1.943437
v 12.596342 2.667177 2.763880
v 12.240925 0.000008 2.763880
v 12.367860 0.000008 5.158877
v 12.748664 2.981077 5.432347
v -12.548359 2.614918 -1.167933
v -12.750223 2.592694 0.000001
v -12.548109 0.032545 -1.167933
v -12.737728 0.076994 0.000001
v -12.773046 0.753975 -0.089285
v -12.761638 1.904698 -0.130426
v -12.784452 1.897094 -0.048145
v -12.552001 2.602571 1.167967
v -12.551526 0.052300 1.167967
v -12.784452 0.757778 0.130427
v -12.761638 0.750173 0.048146
v -12.773046 1.900896 0.089286
v -12.254847 2.667177 -1.197514
v -13.016423 0.000008 -2.017924
v -13.016423 0.000008 2.017958
v -13.016423 3.294978 2.017958
v -11.838870 0.000008 -2.017924
v -11.838870 3.294978 -2.017924
v -11.838870 0.000008 2.017958
v -11.838870 3.294978 2.017958
v -12.864109 2.667177 1.197515
v -12.508706 0.000008 1.197515
v -12.635635 0.000008 -1.197514
v -13.016424 2.981077 -1.470984
v -12.280602 2.614918 -5.129296
v -12.482461 2.592694 -3.961362
v -12.283769 0.052300 -5.129296
v -12.469963 0.076994 -3.961362
v -12.493878 0.750173 -4.009507
v -12.516693 0.757778 -4.091788
v -12.505286 1.900896 -4.050648
v -12.284244 2.602571 -2.793396
v -12.280352 0.032545 -2.793396
v -12.516693 0.757778 -3.830936
v -12.493878 0.750173 -3.913217
v -12.505286 1.900896 -3.872077
v -11.987055 2.667177 -5.158877
v -12.748664 0.000008 -5.979287
v -12.748664 0.000008 -1.943404
v -12.748664 3.294978 -1.943404
v -11.946735 0.000008 -5.979287
v -11.946735 3.294978 -5.979287
v -11.946735 0.000008 -1.943404
v -11.946735 3.294978 -1.943404
v -12.596342 2.667177 -2.763847
v -12.240925 0.000008 -2.763847
v -12.367860 0.000008 -5.158877
v -12.748664 2.981077 -5.432347
v -12.284244 2.602571 5.129330
v -12.280602 2.614918 2.793429
v -12.482461 2.592694 3.961363
v -12.280352 0.032545 5.129330
v -12.469963 0.076994 3.961363
v -12.516693 0.757778 4.091789
v -12.493878 0.750173 4.009508
v -12.505286 1.900896 4.050649
v -12.283769 0.052300 2.793429
v -12.493878 0.750173 3.913218
v -12.516693 0.757778 3.830937
v -12.505286 1.900896 3.872077
v -11.987055 2.667177 5.158878
v -12.748631 0.000008 5.979321
v -12.748631 3.294978 5.979321
v -12.748664 0.000008 1.943438
v -12.748664 3.294978 1.943438
v -11.946735 0.000008 5.979321
v -11.946735 3.294978 5.979321
v -11.946735 0.000008 1.943438
v -11.946735 3.294978 1.943438
v -12.558262 2.667178 2.763882
v -12.240925 0.000008 2.763881
v -12.367844 0.000008 5.158878
v -12.748631 2.667177 5.158878
v 2.451100 35.491852 -5.509114
v 2.451100 38.331856 -5.509114
v 2.451100 35.491852 -10.284145
v 2.451100 38.331856 -10.284145
v 5.499281 35.491852 -5.509114
v 5.499281 38.331856 -5.509114
v 5.499281 35.491852 -10.284145
v 5.499281 38.331856 -10.284145
v 5.277300 37.246681 -10.243078
v 2.673081 38.056007 -10.243078
v 2.673081 37.246681 -10.242665
v 5.277300 38.056007 -10.242665
v 5.458180 37.246689 -6.594554
v 5.458180 38.056015 -9.198772
v 5.457768 37.246689 -9.198772
v 5.457768 38.056015 -6.594554
v 2.492201 37.246689 -6.594554
v 2.492201 38.056015 -9.198772
v 2.492613 37.246689 -9.198772
v 2.492614 38.056015 -6.594554
v 2.673082 35.518368 -5.550182
v 5.277301 36.327694 -5.550182
v 5.277301 35.518368 -5.550595
v 2.673082 36.327694 -5.550595
v 2.673082 36.386608 -5.550182
v 5.277301 37.195930 -5.550182
v 5.277301 36.386608 -5.550595
v 2.673082 37.195930 -5.550595
v 2.673082 37.254845 -5.550182
v 5.277301 38.064171 -5.550182
v 5.277301 37.254845 -5.550595
v 2.673082 38.064171 -5.550595
v 5.499315 35.491852 5.446959
v 5.499315 38.331856 5.446959
v 5.499315 35.491852 10.221991
v 5.499315 38.331856 10.221991
v 2.451134 35.491852 5.446959
v 2.451134 38.331856 5.446959
v 2.451134 35.491852 10.221991
v 2.451134 38.331856 10.221991
v 2.673115 37.246681 10.180923
v 5.277334 38.056007 10.180923
v 5.277334 37.246681 10.180511
v 2.673115 38.056007 10.180511
v 2.492234 37.246689 6.532400
v 2.492235 38.056015 9.136618
v 2.492647 37.246689 9.136618
v 2.492647 38.056015 6.532400
v 5.458214 37.246689 6.532399
v 5.458215 38.056015 9.136617
v 5.457802 37.246689 9.136618
v 5.457802 38.056015 6.532399
v 5.277333 35.518368 5.488027
v 2.673115 36.327694 5.488027
v 2.673115 35.518368 5.488440
v 5.277333 36.327694 5.488440
v 5.277333 36.386608 5.488027
v 2.673115 37.195930 5.488027
v 2.673115 36.386608 5.488440
v 5.277333 37.195930 5.488440
v 5.277333 37.254845 5.488027
v 2.673115 38.064171 5.488027
v 2.673115 37.254845 5.488440
v 5.277333 38.064171 5.488440
v -5.558180 35.491852 -5.509114
v -5.558180 38.331856 -5.509114
v -5.558181 35.491852 -10.284145
v -5.558181 38.331856 -10.284145
v -2.510033 35.491852 -5.509114
v -2.510033 38.331856 -5.509114
v -2.510033 35.491852 -10.284145
v -2.510033 38.331856 -10.284145
v -2.732014 37.246681 -10.243078
v -5.336200 38.056007 -10.243078
v -5.336200 37.246681 -10.242665
v -2.732014 38.056007 -10.242665
v -2.551133 37.246689 -6.594554
v -2.551133 38.056015 -9.198772
v -2.551546 37.246689 -9.198772
v -2.551546 38.056015 -6.594554
v -5.517081 37.246689 -6.594554
v -5.517081 38.056015 -9.198772
v -5.516668 37.246689 -9.198772
v -5.516668 38.056015 -6.594554
v -5.336200 35.518368 -5.550182
v -2.732014 36.327694 -5.550182
v -2.732014 35.518368 -5.550595
v -5.336200 36.327694 -5.550595
v -5.336200 36.386608 -5.550182
v -2.732014 37.195930 -5.550182
v -2.732014 36.386608 -5.550595
v -5.336200 37.195930 -5.550595
v -5.336200 37.254845 -5.550182
v -2.732014 38.064171 -5.550182
v -2.732014 37.254845 -5.550595
v -5.336200 38.064171 -5.550595
v -2.510000 35.491852 5.446959
v -2.510000 38.331856 5.446959
v -2.509999 35.491852 10.221991
v -2.509999 38.331856 10.221991
v -5.558180 35.491852 5.446959
v -5.558180 38.331856 5.446959
v -5.558180 35.491852 10.221991
v -5.558180 38.331856 10.221991
v -5.336166 37.246681 10.180923
v -2.731981 38.056007 10.180923
v -2.731981 37.246681 10.180511
v -5.336166 38.056007 10.180511
v -5.517047 37.246689 6.532400
v -5.517047 38.056015 9.136618
v -5.516634 37.246689 9.136618
v -5.516634 38.056015 6.532400
v -2.551100 37.246689 6.532400
v -2.551099 38.056015 9.136618
v -2.551512 37.246689 9.136618
v -2.551512 38.056015 6.532400
v -2.731981 35.518368 5.488027
v -5.336166 36.327694 5.488027
v -5.336166 35.518368 5.488440
v -2.731981 36.327694 5.488440
v -2.731981 36.386608 5.488027
v -5.336166 37.195930 5.488027
v -5.336166 36.386608 5.488440
v -2.731981 37.195930 5.488440
v -2.731981 37.254845 5.488027
v -5.336166 38.064171 5.488027
v -5.336166 37.254845 5.488440
v -2.731981 38.064171 5.488440
v 12.203418 36.861637 -7.634301
v 11.941410 36.860180 -7.624658
v 12.072414 37.170753 -7.629480
v -6.069407 36.860886 -7.704235
v -5.854012 36.860886 -7.554750
v -5.961709 37.170753 -7.629492
v -12.147152 36.863785 -7.521761
v -11.997667 36.858616 -7.737157
v -12.072410 37.170753 -7.629459
v -12.147152 36.860886 7.737165
v -11.997667 36.860886 7.521769
v -12.072410 37.170753 7.629467
v 11.970466 36.861637 7.711915
v 12.174289 36.860180 7.547001
v 12.072378 37.170753 7.629459
v 11.888309 19.268276 -2.792326
v 11.888309 34.263775 -1.472439
v 12.070806 34.263775 -2.792326
v 12.070806 19.268276 -1.472439
v 11.888309 19.268276 -5.310906
v 11.888309 34.263775 -3.991019
v 12.070806 34.263775 -5.310906
v 12.070806 19.268276 -3.991019
v 12.253302 19.268276 0.000000
v 11.705810 34.263775 -0.273746
v 11.705810 19.268276 -0.000000
v 12.175089 34.263775 0.136873
v 11.888307 19.268276 2.792326
v 11.888307 34.263775 1.472439
v 12.070804 34.263775 2.792326
v 12.070805 19.268276 1.472439
v 11.888307 19.268276 5.310906
v 11.888307 34.263775 3.991019
v 12.070805 34.263775 5.310906
v 12.070805 19.268276 3.991019
v 11.888309 3.196787 -2.792326
v 11.888309 18.192284 -1.472439
v 12.070806 18.192284 -2.792326
v 12.070806 3.196787 -1.472439
v 11.888309 3.196787 -5.310906
v 11.888309 18.192284 -3.991019
v 12.070806 18.192284 -5.310906
v 12.070806 3.196787 -3.991019
v 12.253302 3.196787 0.000000
v 11.705810 18.192284 -0.273746
v 11.705810 3.196787 -0.000000
v 12.175089 18.192284 0.136873
v 11.888307 3.196787 2.792326
v 11.888307 18.192284 1.472439
v 12.070804 18.192284 2.792326
v 12.070805 3.196787 1.472439
v 11.888307 3.196787 5.310906
v 11.888307 18.192284 3.991019
v 12.070805 18.192284 5.310906
v 12.070805 3.196787 3.991019
v -12.389747 19.268276 -0.000000
v -12.207249 19.268276 -2.792326
v -12.207249 34.263775 -1.472439
v -12.024751 34.263775 -2.792326
v -12.024751 19.268276 -1.472439
v -12.207249 19.268276 -5.310906
v -12.207249 34.263775 -3.991019
v -12.024751 34.263775 -5.310906
v -12.024751 19.268276 -3.991019
v -11.842254 19.268276 0.000000
v -12.389747 34.263775 -0.273746
v -11.920467 34.263775 0.136873
v -12.207250 19.268276 2.792327
v -12.207249 34.263775 1.472439
v -12.024753 34.263775 2.792327
v -12.024752 19.268276 1.472439
v -12.207250 19.268276 5.310906
v -12.207250 34.263775 3.991019
v -12.024754 34.263775 5.310906
v -12.024754 19.268276 3.991019
v -12.311533 3.196787 -0.136873
v -11.842254 18.192284 0.000000
v -12.207249 3.196787 -2.792326
v -12.207249 18.192284 -1.472439
v -12.024751 18.192284 -2.792326
v -12.024751 3.196787 -1.472439
v -12.207249 3.196787 -5.310906
v -12.207249 18.192284 -3.991019
v -12.024751 18.192284 -5.310906
v -12.024751 3.196787 -3.991019
v -11.842254 3.196787 0.273746
v -12.389747 18.192284 -0.000000
v -12.207250 3.196787 2.792327
v -12.207249 18.192284 1.472439
v -12.024753 18.192284 2.792327
v -12.024752 3.196787 1.472439
v -12.207250 3.196787 5.310906
v -12.207250 18.192284 3.991019
v -12.024754 18.192284 5.310906
v -12.024754 3.196787 3.991019
vn -0.6961 -0.2547 -0.6713
vn -0.9925 0.0285 -0.1185
vn -0.9925 -0.1066 -0.0590
vn -0.9994 0.0191 -0.0300
vn -0.9783 0.0768 -0.1925
vn -0.9991 -0.0324 -0.0285
vn -0.6733 -0.0716 -0.7359
vn -0.9896 0.0241 -0.1419
vn -0.9978 -0.0534 0.0393
vn -0.4016 0.8115 -0.4244
vn -0.9829 0.0057 -0.1841
vn -0.6654 -0.1563 -0.7299
vn -0.6781 -0.2943 -0.6735
vn -0.9200 0.0904 -0.3814
vn -0.9809 -0.0917 0.1716
vn -0.6813 -0.1213 -0.7219
vn -0.9480 -0.0118 -0.3180
vn -0.9933 -0.0143 -0.1146
vn -0.3872 -0.8133 -0.4343
vn -0.9601 -0.0149 -0.2794
vn -0.9814 0.0175 0.1912
vn -0.3455 0.8414 -0.4155
vn -0.9999 0.0077 -0.0103
vn -0.7213 -0.2577 -0.6429
vn -0.6686 -0.3153 -0.6734
vn -0.9883 -0.0007 -0.1527
vn -0.9986 -0.0372 -0.0382
vn -0.3868 -0.8199 -0.4222
vn -0.9911 0.0324 -0.1293
vn -0.9998 0.0123 -0.0153
vn -0.6820 0.0408 -0.7302
vn -0.6287 -0.4050 -0.6639
vn -0.7374 0.3171 -0.5964
vn -0.0145 -0.0707 -0.9974
vn 0.5840 -0.0344 -0.8110
vn -0.0105 -0.0684 -0.9976
vn 0.7065 0.1934 -0.6807
vn -0.7455 0.0987 -0.6591
vn -0.0366 -0.0854 -0.9957
vn 0.4020 -0.8066 -0.4334
vn 0.0583 -0.0954 -0.9937
vn -0.0855 -0.0060 -0.9963
vn 0.0042 0.0227 -0.9997
vn 0.0120 -0.0199 -0.9997
vn -0.1244 -0.0130 -0.9922
vn 0.0264 -0.0269 -0.9993
vn -0.0012 -0.0076 -1.0000
vn -0.0607 0.0002 -0.9982
vn 0.0562 -0.0364 -0.9978
vn 0.0271 -0.0211 -0.9994
vn -0.1769 0.0192 -0.9840
vn 0.0109 0.0044 -0.9999
vn -0.0101 -0.0191 -0.9998
vn -0.1954 0.0284 -0.9803
vn 0.0079 -0.0070 -0.9999
vn 0.0180 -0.0642 -0.9978
vn 0.5471 -0.3001 -0.7814
vn 0.9947 0.0450 -0.0923
vn 0.9761 0.2120 -0.0478
vn 0.9706 0.1002 -0.2187
vn 0.9899 0.0208 -0.1401
vn 0.9985 0.0547 -0.0046
vn 0.9870 0.0293 -0.1581
vn 0.9965 -0.0216 -0.0805
vn 0.9970 -0.0640 -0.0446
vn 0.9977 0.0114 -0.0666
vn 0.9212 0.0873 -0.3793
vn 0.7674 0.0463 -0.6395
vn 0.5803 0.0078 -0.8144
vn 0.9486 -0.0154 -0.3161
vn 0.9992 0.0236 -0.0325
vn 0.9932 -0.0859 -0.0787
vn 0.9649 -0.0327 -0.2606
vn 0.9991 0.0423 -0.0066
vn 0.9994 0.0308 0.0171
vn 0.9967 -0.0232 -0.0774
vn 0.9978 -0.0526 -0.0407
vn 0.9978 0.0160 -0.0641
vn 0.9885 -0.0040 -0.1509
vn 0.9892 -0.1130 -0.0930
vn 0.9938 0.0148 -0.1104
vn 0.9896 0.1413 -0.0279
vn -0.0315 0.0021 -0.9995
vn -0.0229 -0.0339 -0.9992
vn 0.9963 -0.0576 -0.0638
vn 0.9866 0.0356 -0.1594
vn 0.0261 0.0177 -0.9995
vn -0.7023 0.0071 -0.7118
vn 0.6979 -0.3097 -0.6458
vn -0.0582 -0.4549 -0.8887
vn -0.6548 0.3093 -0.6896
vn 0.0194 0.2523 -0.9674
vn -0.6823 0.2458 -0.6886
vn 0.0024 0.1853 -0.9827
vn -0.0050 -0.1149 -0.9934
vn -0.0000 -0.1056 -0.9944
vn -0.0117 0.0275 -0.9996
vn -0.0673 -0.2426 -0.9678
vn -0.0284 0.0206 -0.9994
vn -0.0119 0.1542 -0.9880
vn -0.0593 -0.1005 -0.9932
vn -0.0091 0.1283 -0.9917
vn -0.0594 -0.0955 -0.9937
vn -0.0123 0.0724 -0.9973
vn 0.0042 0.0227 0.9997
vn -0.0584 0.0007 0.9983
vn 0.0154 -0.0313 0.9994
vn 0.0199 -0.0056 0.9998
vn -0.1216 -0.0170 0.9924
vn -0.0080 0.0100 0.9999
vn 0.0562 -0.0364 0.9978
vn -0.0607 0.0002 0.9982
vn 0.0271 -0.0211 0.9994
vn 0.0109 0.0044 0.9999
vn -0.1769 0.0192 0.9840
vn -0.0101 -0.0191 0.9998
vn 0.0029 -0.0008 1.0000
vn -0.1449 0.0175 0.9893
vn 0.0053 -0.0413 0.9991
vn 0.3883 -0.8142 0.4316
vn 0.9839 0.0929 0.1528
vn 0.9872 -0.1445 0.0680
vn 0.3741 -0.8219 0.4296
vn 0.9716 0.0948 0.2170
vn 0.9973 -0.0653 0.0331
vn 0.9924 -0.0780 0.0951
vn 0.9839 0.0271 0.1767
vn 0.9996 -0.0285 0.0004
vn 0.9993 0.0241 0.0293
vn 0.9496 0.0774 0.3038
vn 0.9975 -0.0377 -0.0602
vn 0.9955 -0.0604 0.0725
vn 0.9205 0.0886 0.3805
vn 0.9870 -0.0544 -0.1511
vn 0.3874 -0.8132 0.4343
vn 0.9421 0.0050 0.3354
vn 0.9910 -0.0322 0.1297
vn 0.9943 -0.0729 0.0772
vn 0.9688 -0.0066 0.2478
vn 0.9772 0.0388 -0.2086
vn 0.9970 -0.0395 0.0661
vn 0.9796 -0.0075 0.2009
vn 0.9877 0.0416 -0.1505
vn 0.5727 -0.0279 0.8193
vn 0.9886 -0.0039 0.1506
vn 0.9959 0.0406 -0.0813
vn 0.9906 -0.1012 0.0921
vn 0.9938 0.0148 0.1104
vn 0.9995 0.0326 -0.0034
vn -0.0537 0.0501 0.9973
vn 0.0805 0.0282 0.9964
vn 0.9959 0.0599 0.0673
vn 0.0182 -0.0155 0.9997
vn 0.7686 0.0439 0.6382
vn -0.7027 0.0242 0.7111
vn -0.6974 0.0759 0.7127
vn -0.0310 0.0505 0.9982
vn -0.0132 0.1460 0.9892
vn -0.6282 -0.4300 0.6484
vn 0.7223 0.1445 0.6763
vn -0.7201 0.2732 0.6378
vn -0.0035 0.0309 0.9995
vn -0.6908 0.3787 0.6159
vn -0.6290 -0.4560 0.6296
vn 0.7462 0.1522 0.6481
vn -0.6892 0.2535 0.6788
vn -0.6348 -0.4135 0.6527
vn -0.0002 0.0339 0.9994
vn -0.6329 0.4049 0.6599
vn 0.5936 -0.5753 0.5627
vn 0.7225 -0.0258 0.6909
vn -0.0446 -0.2920 0.9554
vn -0.6548 0.3093 0.6896
vn 0.0194 0.2524 0.9674
vn -0.0091 0.1283 0.9917
vn -0.6531 -0.4064 0.6390
vn -0.0092 -0.0581 0.9983
vn -0.6620 0.2931 0.6899
vn 0.6282 -0.4301 0.6484
vn -0.3882 -0.8142 0.4316
vn -0.0586 -0.0049 0.9983
vn -0.3741 -0.8219 0.4296
vn 0.6875 0.2553 0.6799
vn -0.0594 0.0805 0.9950
vn -0.3865 -0.8175 0.4269
vn -0.0596 -0.0050 0.9982
vn 0.6267 -0.4563 0.6316
vn -0.6946 -0.1112 0.7108
vn -0.3872 -0.8133 0.4343
vn -0.0593 -0.1005 0.9932
vn -0.3868 -0.8198 0.4222
vn -0.0594 -0.0955 0.9937
vn -0.7383 -0.0803 0.6696
vn -0.9809 -0.1823 0.0674
vn -0.9880 0.0759 0.1345
vn -0.9992 0.0163 0.0362
vn -0.9955 -0.0605 0.0725
vn -0.9769 0.0772 0.1992
vn -0.9831 0.0642 0.1717
vn -0.9390 0.1016 0.3287
vn -0.9115 0.1071 0.3972
vn -0.7447 0.1543 0.6494
vn -0.9954 -0.0557 0.0785
vn -0.9483 -0.0137 0.3170
vn -0.9637 0.0112 0.2667
vn -0.9759 -0.0314 0.2161
vn -0.9995 0.0313 0.0107
vn -0.9911 0.0324 0.1293
vn -0.9960 -0.0596 0.0663
vn -0.9951 -0.0842 -0.0518
vn 0.0024 0.0297 0.9996
vn 0.6908 0.3787 0.6160
vn 0.0596 -0.0101 0.9982
vn 0.0594 0.0805 0.9950
vn 0.6784 0.4231 -0.6006
vn 0.3977 0.7299 -0.5560
vn 0.9044 0.3015 0.3018
vn 0.5773 0.5774 -0.5773
vn -0.0000 0.7071 -0.7071
vn -0.0000 0.7071 0.7071
vn 0.5773 -0.5773 -0.5774
vn 0.6784 -0.4231 -0.6006
vn 0.1909 0.7463 -0.6377
vn 0.6364 0.4989 -0.5883
vn 0.5774 0.5774 -0.5773
vn 0.6364 -0.4989 -0.5883
vn 0.5774 0.5773 -0.5773
vn 0.5773 -0.5774 -0.5774
vn 0.5773 0.5774 -0.5774
vn 1.0000 -0.0000 -0.0000
vn 0.0069 0.7069 0.7073
vn 0.5774 0.5773 0.5773
vn 0.5773 -0.5773 0.5774
vn 0.5774 0.5774 0.5773
vn -0.0000 -0.7071 -0.7071
vn 0.9044 -0.3015 0.3018
vn -0.0000 -0.7071 0.7071
vn 0.0069 -0.7069 0.7073
vn 0.5773 0.5774 0.5773
vn 0.3137 -0.9495 -0.0102
vn 0.5370 -0.0000 -0.8436
vn -0.2834 -0.9073 0.3107
vn -0.5370 -0.0000 0.8436
vn -0.6975 -0.0000 0.7166
vn 0.0055 0.9469 -0.3215
vn 0.8436 -0.0000 -0.5370
vn -0.0000 -0.0000 -1.0000
vn 0.0016 0.9999 -0.0118
vn 0.9818 -0.0000 0.1898
vn -0.2919 -0.9041 -0.3121
vn -0.0000 -0.0000 1.0000
vn 0.6820 0.0408 0.7302
vn 0.9775 -0.1987 -0.0711
vn 0.9881 0.0761 -0.1340
vn 0.9990 0.0272 -0.0358
vn 0.6550 0.0379 -0.7546
vn 0.9767 0.0782 -0.2000
vn 0.7128 0.1095 -0.6928
vn 0.9688 -0.0066 -0.2478
vn 0.9992 0.0169 -0.0376
vn 0.9966 -0.0461 -0.0686
vn 0.9763 -0.0343 -0.2135
vn 0.9987 0.0499 -0.0055
vn 0.9995 0.0316 -0.0090
vn 0.9965 -0.0354 -0.0762
vn 0.9981 -0.0458 -0.0407
vn 0.9940 -0.0565 -0.0939
vn 0.6823 -0.0410 -0.7299
vn -0.6929 0.1827 -0.6975
vn -0.5691 -0.1153 -0.8141
vn 0.0055 -0.0228 -0.9997
vn -0.4019 -0.8063 -0.4339
vn -0.0588 -0.1712 -0.9835
vn -0.0190 0.0723 -0.9972
vn -0.6947 -0.1067 -0.7114
vn -0.0304 0.0088 -0.9995
vn -0.0132 0.1460 -0.9892
vn -0.3868 -0.8198 -0.4222
vn -0.0145 -0.0660 -0.9977
vn -0.7360 -0.1157 -0.6671
vn -0.0292 0.1045 -0.9941
vn -0.0042 0.0227 -0.9997
vn 0.0855 -0.0060 -0.9963
vn -0.0120 -0.0199 -0.9997
vn -0.0264 -0.0269 -0.9993
vn 0.1244 -0.0130 -0.9922
vn 0.0012 -0.0076 -1.0000
vn -0.0562 -0.0364 -0.9978
vn 0.0607 0.0002 -0.9982
vn -0.0271 -0.0211 -0.9994
vn -0.0109 0.0044 -0.9999
vn 0.1769 0.0192 -0.9840
vn 0.0101 -0.0191 -0.9998
vn -0.0029 -0.0008 -1.0000
vn 0.1449 0.0175 -0.9893
vn -0.0053 -0.0413 -0.9991
vn -0.9838 0.0927 -0.1532
vn -0.9872 -0.1445 -0.0680
vn -0.9773 0.0762 -0.1977
vn -0.9990 -0.0433 -0.0108
vn -0.9637 0.0112 -0.2667
vn -0.9758 -0.0314 -0.2162
vn -0.9889 0.0381 0.1436
vn -0.7004 0.2944 -0.6502
vn -0.9995 0.0308 -0.0112
vn -0.9944 -0.0402 -0.0978
vn 0.0534 0.0488 -0.9974
vn -0.0805 0.0282 -0.9964
vn -0.9961 0.0586 -0.0665
vn -0.0182 -0.0155 -0.9997
vn -0.0127 -0.1508 -0.9885
vn -0.5936 -0.5753 -0.5627
vn -0.7225 -0.0258 -0.6909
vn 0.0446 -0.2920 -0.9554
vn -0.6520 -0.3840 -0.6537
vn 0.0855 -0.0060 0.9963
vn -0.0042 0.0227 0.9997
vn -0.0120 -0.0199 0.9997
vn 0.1244 -0.0130 0.9922
vn -0.0264 -0.0269 0.9993
vn 0.0012 -0.0076 1.0000
vn 0.0607 0.0002 0.9982
vn -0.0562 -0.0364 0.9978
vn -0.0271 -0.0211 0.9994
vn 0.1769 0.0192 0.9840
vn -0.0109 0.0044 0.9999
vn 0.0101 -0.0191 0.9998
vn 0.1449 0.0175 0.9893
vn -0.0029 -0.0008 1.0000
vn -0.0053 -0.0413 0.9991
vn -0.9791 -0.1913 0.0694
vn -0.9880 0.0760 0.1342
vn -0.7767 0.1024 0.6215
vn -0.5635 -0.0235 0.8258
vn -0.9773 0.0761 0.1976
vn -0.9990 0.0295 0.0339
vn -0.9924 -0.0780 0.0951
vn -0.9839 0.0271 0.1767
vn -0.9981 0.0422 0.0447
vn -0.9993 0.0242 0.0293
vn -0.9496 0.0774 0.3038
vn -0.9990 -0.0253 0.0359
vn -0.9950 -0.0665 0.0747
vn -0.9206 0.0888 0.3803
vn -0.9990 0.0190 0.0396
vn -0.9944 -0.0689 0.0804
vn -0.9687 -0.0067 0.2481
vn -0.9794 -0.0061 0.2020
vn -0.9884 -0.0025 0.1517
vn -0.9906 -0.1012 0.0921
vn -0.9938 0.0148 0.1104
vn -0.9896 0.1413 0.0279
vn 0.0315 0.0021 0.9995
vn 0.0270 -0.0338 0.9991
vn -0.9975 -0.0377 -0.0602
vn -0.0261 0.0177 0.9995
vn -0.0236 0.0135 0.9996
vn 0.6531 -0.4064 0.6390
vn 0.6897 0.2302 0.6865
vn 0.0259 0.0162 0.9995
vn 0.6768 -0.0377 0.7352
vn 0.7124 0.1599 0.6833
vn 0.0023 0.0297 0.9996
vn 0.6282 -0.4300 0.6484
vn 0.6908 0.3787 0.6159
vn 0.6261 -0.4303 0.6503
vn 0.6887 0.3806 0.6171
vn 0.0035 0.0309 0.9995
vn 0.0049 -0.0438 0.9990
vn 0.6290 -0.4560 0.6296
vn 0.6679 0.3009 0.6807
vn 0.0002 0.0340 0.9994
vn 0.6348 -0.4135 0.6527
vn 0.6329 0.4049 0.6599
vn 0.6847 0.0683 0.7256
vn 0.0184 0.1189 0.9927
vn 0.6839 0.2322 0.6916
vn 0.6367 0.3027 0.7092
vn 0.4020 -0.8066 0.4334
vn 0.0593 -0.1005 0.9932
vn 0.7092 -0.1180 0.6951
vn 0.3882 -0.8142 0.4316
vn 0.0586 -0.0050 0.9983
vn 0.3877 -0.8136 0.4332
vn 0.3865 -0.8175 0.4269
vn 0.0596 -0.0051 0.9982
vn 0.4008 -0.8127 0.4229
vn 0.0594 -0.0955 0.9937
vn 0.9838 0.0928 0.1531
vn 0.9765 0.0788 0.2004
vn 0.9987 -0.0467 0.0179
vn 0.9831 0.0642 0.1717
vn 0.9986 -0.0489 0.0196
vn 0.9390 0.1016 0.3287
vn 0.9951 -0.0842 -0.0518
vn 0.9114 0.1069 0.3975
vn 0.9882 -0.0759 -0.1327
vn 0.9420 0.0050 0.3354
vn 0.9911 -0.0323 0.1295
vn 0.9601 -0.0149 0.2793
vn 0.9814 0.0177 -0.1909
vn 0.9994 0.0313 -0.0171
vn 0.9852 0.0151 0.1705
vn 0.9963 -0.0360 0.0786
vn 0.9911 0.0324 0.1291
vn 0.9998 0.0124 0.0156
vn -0.5777 0.5777 0.5766
vn -0.7913 -0.2248 -0.5686
vn -0.6785 -0.4232 0.6005
vn -0.9208 -0.2876 -0.2634
vn -0.9114 0.3295 -0.2467
vn -0.3319 0.6777 -0.6562
vn -0.9044 0.3015 0.3019
vn -0.5773 0.5774 -0.5773
vn -0.9009 0.3940 0.1820
vn -0.5777 -0.5777 -0.5767
vn -0.1909 0.7463 -0.6377
vn -0.6364 0.4989 -0.5883
vn -0.7965 -0.0520 -0.6025
vn -0.5774 -0.5773 -0.5774
vn -1.0000 -0.0000 -0.0000
vn -0.5777 -0.5777 0.5767
vn -0.8172 -0.5753 -0.0351
vn -0.7852 -0.6183 -0.0354
vn -0.6262 -0.7787 -0.0377
vn -0.5777 -0.5777 0.5766
vn -0.6675 -0.7436 -0.0378
vn -0.7089 -0.7050 -0.0192
vn -0.5794 -0.5681 0.5845
vn -0.7136 -0.7003 -0.0214
vn -0.6443 -0.7638 -0.0388
vn -0.6848 -0.7277 -0.0389
vn -0.5878 -0.8087 -0.0229
vn -0.5785 -0.5728 0.5807
vn -0.6305 -0.7758 -0.0237
vn -0.0069 0.7069 0.7073
vn -0.5776 0.5776 0.5769
vn -0.3534 0.7274 -0.5883
vn -0.8958 0.4412 -0.0540
vn -0.5395 0.6709 -0.5088
vn -1.0000 -0.0026 -0.0001
vn -0.9944 -0.0929 0.0499
vn -0.5774 0.5773 0.5773
vn -0.5774 0.5774 0.5772
vn -0.7995 -0.5996 0.0366
vn -0.5773 -0.5773 0.5774
vn -0.0888 0.7280 -0.6798
vn -0.8832 -0.1807 0.4328
vn -0.0000 0.8669 0.4985
vn -0.7545 -0.1744 0.6327
vn -0.1909 0.7463 0.6377
vn -0.6366 0.4991 0.5879
vn -0.5773 0.5774 0.5774
vn -0.7660 -0.6418 0.0369
vn -0.1191 0.7326 -0.6702
vn -0.3602 0.7251 -0.5869
vn -1.0000 -0.0009 -0.0001
vn -0.8436 -0.0000 -0.5370
vn -0.0057 0.9482 -0.3178
vn 0.0023 0.9999 -0.0133
vn -0.9729 0.0106 0.2310
vn -0.0159 0.9998 0.0093
vn 0.3096 -0.9508 -0.0066
vn -0.3143 -0.9493 -0.0111
vn 0.6823 0.0401 -0.7300
vn -0.4009 -0.8099 -0.4281
vn -0.9974 -0.0073 -0.0712
vn -0.9893 -0.1252 -0.0749
vn -0.5857 0.3276 -0.7414
vn -0.9884 0.0297 -0.1487
vn -0.8036 -0.1086 -0.5852
vn -0.3746 -0.8225 -0.4280
vn -0.9553 0.1021 -0.2775
vn -0.9938 -0.1094 0.0213
vn -0.9961 -0.0517 -0.0722
vn -0.9475 0.0787 -0.3098
vn -0.9936 -0.0538 0.0992
vn -0.6417 -0.1125 -0.7587
vn -0.9510 0.0481 -0.3056
vn -0.9965 -0.0326 0.0769
vn -0.6139 0.0165 -0.7892
vn -0.9597 -0.0138 -0.2806
vn -0.9948 -0.0033 -0.1016
vn -0.3878 -0.8136 -0.4332
vn -0.9601 -0.0149 -0.2793
vn -0.9999 0.0076 -0.0103
vn -0.7185 -0.2453 -0.6508
vn -0.9858 -0.0295 -0.1653
vn -0.6349 0.1606 -0.7557
vn -0.9987 0.0248 -0.0446
vn -0.6799 -0.0231 -0.7329
vn -0.9975 0.0510 -0.0496
vn 0.6115 -0.0580 -0.7891
vn -0.7049 0.0956 -0.7028
vn 0.7493 0.1192 -0.6514
vn -0.7749 0.2076 -0.5971
vn 0.6963 0.0706 -0.7143
vn -0.7549 0.1261 -0.6436
vn 0.0157 -0.1452 -0.9893
vn 0.6290 -0.4560 -0.6296
vn -0.7462 0.1522 -0.6481
vn 0.6861 0.2272 -0.6911
vn 0.3690 -0.8242 -0.4296
vn -0.7175 0.0112 -0.6965
vn 0.0596 0.0202 -0.9980
vn -0.6406 -0.3969 -0.6574
vn 0.7060 -0.1200 -0.6980
vn -0.2032 0.0169 -0.9790
vn 0.0114 0.0001 -0.9999
vn -0.0186 -0.0360 -0.9992
vn -0.2068 0.0295 -0.9779
vn 0.0009 0.0023 -1.0000
vn 0.0122 -0.0815 -0.9966
vn 0.9715 -0.2193 -0.0903
vn 0.9983 -0.0247 -0.0531
vn 0.9931 0.1067 -0.0486
vn 0.9882 0.0302 -0.1498
vn 0.9975 0.0044 -0.0711
vn 0.9985 -0.0548 -0.0042
vn 0.9968 0.0559 -0.0577
vn 0.9644 0.0779 -0.2527
vn 0.9400 0.0966 -0.3272
vn 0.7505 0.1825 -0.6352
vn 0.9970 -0.0400 -0.0670
vn 0.9208 0.0879 -0.3800
vn 0.9990 0.0301 -0.0338
vn 0.9478 -0.0120 -0.3186
vn 0.9939 -0.0794 -0.0763
vn 0.9648 -0.0329 -0.2609
vn 0.9860 -0.0327 -0.1635
vn 0.9987 0.0240 -0.0456
vn 0.9884 0.1213 -0.0917
vn 0.9937 -0.1033 -0.0444
vn -0.0335 0.0055 -0.9994
vn -0.0229 -0.0338 -0.9992
vn 0.9961 -0.0590 -0.0650
vn 0.9939 -0.0747 0.0805
vn -0.0030 0.1011 -0.9949
vn -0.0082 -0.0468 -0.9989
vn 0.0198 0.2527 -0.9674
vn -0.6769 0.2553 -0.6904
vn 0.0073 0.1851 -0.9827
vn -0.0588 -0.1663 -0.9843
vn -0.0147 0.0976 -0.9951
vn -0.0583 0.0856 -0.9946
vn -0.0596 -0.0101 -0.9982
vn 0.0146 0.1065 -0.9942
vn -0.0000 -0.1060 -0.9944
vn 0.0099 0.0138 0.9999
vn -0.0871 -0.0159 0.9961
vn 0.0114 -0.0269 0.9996
vn 0.0503 -0.0407 0.9979
vn -0.1879 -0.0213 0.9819
vn 0.0332 -0.0329 0.9989
vn 0.0794 -0.0364 0.9962
vn -0.0494 -0.0039 0.9988
vn 0.0494 -0.0313 0.9983
vn 0.0164 0.0205 0.9997
vn 0.9990 0.0050 0.0447
vn 0.9949 -0.0665 0.0761
vn 0.9859 -0.1655 0.0265
vn 0.9933 0.0664 0.0941
vn 0.9902 0.0175 0.1388
vn 0.9981 -0.0422 0.0447
vn 0.6159 0.1279 0.7774
vn 0.9823 0.0053 0.1874
vn 0.7878 -0.0437 0.6144
vn 0.6793 0.2305 0.6967
vn 0.9821 0.0001 0.1882
vn 0.9990 0.0253 0.0359
vn 0.9437 0.0645 0.3243
vn 0.9960 -0.0687 -0.0580
vn 0.9992 0.0243 0.0330
vn 0.9595 -0.0131 0.2815
vn 0.9945 -0.0033 0.1051
vn 0.3691 -0.8242 0.4296
vn 0.9602 -0.0147 0.2790
vn 0.9815 0.0177 -0.1909
vn 0.9964 -0.0328 0.0776
vn 0.9994 0.0312 -0.0176
vn 0.9980 -0.0492 0.0407
vn 0.9971 -0.0131 0.0755
vn 0.9884 -0.0025 0.1517
vn 0.9981 -0.0158 0.0595
vn 0.5688 -0.0763 0.8190
vn 0.9940 0.0133 0.1090
vn 0.9994 0.0342 -0.0067
vn -0.0540 0.0508 0.9973
vn 0.2716 0.0595 0.9606
vn 0.9960 0.0598 0.0671
vn 0.0178 -0.0142 0.9997
vn -0.6911 -0.0000 0.7227
vn -0.0332 -0.0695 0.9970
vn -0.6691 0.0654 0.7403
vn -0.0051 -0.0885 0.9961
vn -0.0289 0.0618 0.9977
vn 0.7584 0.2395 0.6062
vn 0.7183 0.2450 0.6512
vn -0.7223 0.1445 0.6763
vn -0.6261 -0.4303 0.6503
vn 0.6893 0.1753 0.7029
vn -0.7182 0.2753 0.6390
vn 0.6530 -0.4065 0.6390
vn -0.6803 0.1297 0.7213
vn -0.6802 -0.0039 0.7330
vn 0.0335 -0.0943 0.9950
vn -0.6517 0.1585 0.7417
vn -0.6433 -0.3980 0.6540
vn -0.6334 0.2138 0.7437
vn -0.7000 -0.0296 0.7135
vn -0.6911 0.0035 0.7228
vn -0.6604 0.2407 0.7113
vn -0.0157 0.0521 0.9985
vn -0.6806 -0.2323 0.6948
vn -0.0000 -0.1719 0.9851
vn -0.3811 -0.7987 0.4657
vn -0.0575 0.0049 0.9983
vn -0.3873 -0.8132 0.4343
vn -0.0586 -0.0050 0.9983
vn -0.7422 -0.0932 0.6636
vn -0.7097 -0.0697 0.7010
vn 0.7573 0.0808 0.6480
vn -0.9949 -0.0665 0.0761
vn -0.9902 0.0175 0.1388
vn -0.9821 0.0058 0.1885
vn -0.9824 -0.0147 0.1861
vn -0.9971 -0.0131 0.0756
vn -0.9420 0.0050 0.3354
vn -0.9952 -0.0644 0.0740
vn -0.9648 -0.0329 0.2610
vn -0.9984 0.0559 0.0043
vn -0.9994 0.0313 -0.0164
vn -0.9885 -0.0251 0.1490
vn -0.6761 -0.0872 0.7316
vn -0.9936 0.0165 0.1116
vn -0.6761 -0.0442 0.7355
vn -0.9856 0.0451 0.1630
vn -0.6393 -0.4011 0.6560
vn -0.0000 -0.3135 0.9496
vn 0.0596 0.0202 0.9980
vn 0.9713 -0.0288 -0.2361
vn 0.9015 0.3138 -0.2980
vn -0.0000 0.8791 -0.4766
vn 0.9992 -0.0197 -0.0348
vn 0.7683 -0.6389 -0.0390
vn 0.5777 -0.5777 0.5766
vn 0.7325 -0.6797 -0.0392
vn 0.6443 -0.7638 -0.0388
vn 0.6848 -0.7277 -0.0389
vn 0.0034 0.7097 0.7045
vn 0.1064 0.8722 -0.4774
vn 0.0926 0.7302 -0.6769
vn 0.6784 -0.4231 0.6006
vn 0.9044 -0.3015 -0.3018
vn 0.5770 0.5797 0.5753
vn 0.1909 0.7463 0.6377
vn 0.6364 0.4989 0.5883
vn 1.0000 -0.0014 0.0001
vn 0.3134 -0.9496 -0.0102
vn -0.2947 -0.9063 0.3031
vn -0.7084 -0.0000 0.7058
vn 0.0052 0.9469 -0.3216
vn -0.2933 -0.9042 -0.3103
vn 0.6890 0.0341 -0.7240
vn 0.9809 -0.1823 -0.0674
vn 0.9953 0.0204 -0.0943
vn 0.7493 0.1192 -0.6515
vn 0.9899 0.0381 -0.1367
vn 0.6833 0.0697 -0.7268
vn 0.6298 -0.0481 -0.7752
vn 0.6381 0.0697 -0.7668
vn 0.9646 0.0772 -0.2522
vn 0.7106 0.1724 -0.6821
vn 0.3691 -0.8242 -0.4296
vn 0.9965 -0.0462 -0.0693
vn 0.9209 0.0880 -0.3798
vn 0.9990 0.0240 -0.0380
vn 0.9950 -0.0628 -0.0780
vn 0.9482 -0.0138 -0.3173
vn 0.9993 0.0131 -0.0355
vn 0.9925 -0.0914 -0.0807
vn 0.9650 -0.0326 -0.2603
vn 0.9990 0.0446 -0.0062
vn 0.9994 0.0307 0.0172
vn 0.9988 -0.0025 -0.0498
vn 0.9980 -0.0493 -0.0407
vn 0.9884 -0.0246 -0.1495
vn 0.6889 -0.0002 -0.7249
vn 0.6899 0.0279 -0.7234
vn 0.9915 -0.0294 -0.1266
vn 0.9981 -0.0429 -0.0446
vn 0.6819 -0.0417 -0.7302
vn 0.0124 -0.0259 -0.9996
vn -0.6261 -0.4303 -0.6503
vn -0.7227 0.2719 -0.6354
vn -0.0029 0.0566 -0.9984
vn -0.6456 -0.0724 -0.7602
vn -0.6197 0.0129 -0.7848
vn -0.6997 -0.0246 -0.7140
vn -0.6889 -0.0002 -0.7249
vn -0.3883 -0.8142 -0.4316
vn -0.7438 -0.1137 -0.6586
vn -0.7426 -0.0116 -0.6696
vn -0.0068 0.0171 -0.9998
vn -0.3738 -0.8215 -0.4306
vn -0.0594 0.0805 -0.9950
vn -0.7289 -0.2905 -0.6199
vn -0.0147 0.0528 -0.9985
vn 0.0049 0.1694 -0.9855
vn -0.4014 -0.8057 -0.4356
vn -0.0000 -0.0441 -0.9990
vn -0.0114 0.0001 -0.9999
vn 0.2032 0.0169 -0.9790
vn 0.0186 -0.0360 -0.9992
vn 0.0042 0.0085 -1.0000
vn 0.1578 0.0191 -0.9873
vn 0.0005 -0.0587 -0.9983
vn -0.9929 0.0374 -0.1127
vn -0.9897 0.0381 -0.1379
vn -0.9643 0.0791 -0.2528
vn -0.9977 -0.0631 0.0262
vn -0.9205 0.0890 -0.3805
vn -0.9871 -0.0547 0.1505
vn -0.9421 0.0051 -0.3352
vn -0.9911 -0.0323 -0.1295
vn -0.9600 -0.0150 -0.2796
vn -0.3455 0.8415 -0.4155
vn -0.9912 -0.0446 -0.1248
vn -0.9820 -0.1837 -0.0439
vn -0.9917 -0.0284 -0.1256
vn -0.9976 0.0494 -0.0488
vn -0.0188 -0.0159 -0.9997
vn -0.7219 0.3876 -0.5732
vn -0.7418 0.0482 -0.6688
vn -0.0000 -0.1878 -0.9822
vn 0.0871 -0.0159 0.9961
vn -0.0099 0.0138 0.9999
vn -0.0114 -0.0269 0.9996
vn 0.1111 -0.0039 0.9938
vn -0.0135 -0.0188 0.9997
vn -0.0098 -0.0141 0.9999
vn 0.0580 0.0016 0.9983
vn -0.0461 -0.0319 0.9984
vn -0.0226 -0.0116 0.9997
vn 0.1954 0.0284 0.9803
vn -0.0079 -0.0070 0.9999
vn -0.0180 -0.0642 0.9978
vn -0.9949 -0.0665 0.0758
vn -0.9991 0.0030 0.0428
vn -0.6203 -0.2291 0.7502
vn -0.9913 0.0898 0.0960
vn -0.9981 -0.0422 0.0447
vn -0.9821 0.0055 0.1880
vn -0.9966 0.0411 0.0711
vn -0.9992 -0.0163 0.0362
vn -0.9822 -0.0002 0.1876
vn -0.6777 0.0400 0.7342
vn -0.7819 -0.0090 0.6234
vn -0.9937 -0.0754 0.0830
vn -0.9484 -0.0136 0.3168
vn -0.9991 0.0204 0.0366
vn -0.9953 -0.0600 0.0754
vn -0.9649 -0.0327 0.2606
vn -0.9988 0.0482 0.0058
vn -0.9994 0.0312 -0.0171
vn -0.6897 0.2302 0.6865
vn -0.9977 -0.0508 0.0446
vn -0.9853 0.0153 0.1702
vn -0.7462 0.1522 0.6481
vn -0.9918 -0.0895 0.0910
vn -0.7133 0.1899 0.6746
vn 0.0229 -0.0339 0.9992
vn -0.9944 -0.0650 0.0830
vn -0.0258 0.0178 0.9995
vn -0.6530 -0.4065 0.6390
vn 0.6983 -0.0120 0.7157
vn 0.0205 0.0321 0.9993
vn 0.6830 -0.0762 0.7265
vn 0.6828 0.1422 0.7166
vn -0.0020 0.0420 0.9991
vn 0.6594 0.3625 0.6587
vn 0.6339 -0.4131 0.6538
vn 0.7061 0.1687 0.6877
vn -0.0248 0.0210 0.9995
vn 0.6433 -0.3980 0.6540
vn 0.6167 0.2739 0.7380
vn -0.0078 -0.0714 0.9974
vn 0.6710 0.0202 0.7412
vn 0.6187 0.2993 0.7264
vn -0.6675 0.2879 0.6867
vn 0.6426 0.3105 0.7005
vn 0.6892 0.2534 0.6788
vn 0.0320 -0.0670 0.9972
vn 0.7412 -0.2524 0.6220
vn 0.7000 -0.0296 0.7135
vn 0.3832 -0.8123 0.4397
vn 0.0575 0.0097 0.9983
vn 0.4015 -0.8059 0.4351
vn -0.0000 0.0619 0.9981
vn 0.6710 0.0685 0.7382
vn 0.9948 -0.0665 0.0765
vn 0.9825 -0.0092 0.1859
vn 0.9820 0.0003 0.1887
vn 0.9498 0.0851 0.3012
vn 0.9514 0.0121 0.3077
vn 0.9923 -0.0491 0.1138
vn 0.9600 -0.0150 0.2795
vn 0.9815 0.0179 -0.1907
vn 0.9994 0.0314 -0.0171
vn 0.9973 -0.0085 0.0733
vn 0.9884 -0.0026 0.1520
vn 0.9998 0.0126 0.0158
vn 0.9960 0.0598 0.0672
vn 0.0570 -0.4535 0.8894
vn -0.7074 -0.2775 0.6500
vn -0.5774 0.5773 -0.5773
vn -0.5773 -0.5773 -0.5774
vn -0.5777 -0.5777 -0.5766
vn -0.5774 0.5774 -0.5772
vn -0.9016 0.3138 -0.2979
vn -0.9713 -0.0288 -0.2361
vn -0.7683 -0.6389 -0.0390
vn -0.7325 -0.6797 -0.0392
vn -0.4369 -0.8991 -0.0263
vn -0.5776 -0.5776 0.5769
vn -0.4523 -0.8914 -0.0272
vn -0.9002 0.3169 0.2986
vn -0.1191 0.7326 0.6702
vn -0.5773 0.5774 0.5773
vn -0.5774 0.5773 0.5774
vn -0.8913 -0.0257 0.4526
vn -0.0000 0.8594 0.5112
vn -0.9999 -0.0130 0.0069
vn -0.8172 -0.5753 0.0351
vn -0.7852 -0.6183 0.0354
vn -0.6262 -0.7787 0.0377
vn -0.6675 -0.7436 0.0378
vn -0.9992 -0.0197 -0.0348
vn -1.0000 -0.0014 0.0001
vn -0.8436 -0.0000 -0.5369
vn -0.0068 0.9473 -0.3204
vn 0.0008 0.9465 0.3228
vn -0.8436 -0.0000 0.5370
vn 0.0038 0.9999 -0.0144
vn 0.2596 -0.0202 0.9655
vn 0.3124 -0.9499 -0.0062
vn -0.3050 -0.9523 0.0107
vn -0.3155 -0.9488 -0.0145
vn -0.6824 0.0399 0.7299
vn -0.0000 1.0000 -0.0000
vn 0.7071 0.7071 -0.0000
vn 0.7071 -0.7071 -0.0000
vn -0.3162 -0.9487 -0.0000
vn -0.3162 0.9487 -0.0000
vn 0.3162 -0.9487 -0.0000
vn -0.7071 -0.7071 -0.0000
vn -0.5774 -0.5774 0.5773
vn 0.3015 -0.9045 -0.3015
vn 0.5773 -0.5774 -0.5773
vn -0.5774 -0.5774 -0.5773
vn -0.7071 0.7071 -0.0000
vn 0.5774 -0.5774 0.5773
vn -0.5774 0.5774 0.5773
vn -0.3015 -0.9045 0.3015
vn -0.5773 -0.5774 0.5773
vn -0.0000 -1.0000 -0.0000
vn -0.0645 0.8839 0.4632
vn 0.0195 0.1863 0.9823
vn 0.0541 0.8999 -0.4327
vn 0.2591 0.9148 -0.3099
vn 0.6929 0.1750 -0.6995
vn -0.3305 0.9110 -0.2466
vn 0.0240 0.1174 0.9928
vn -0.0705 0.9002 0.4297
vn -0.0000 0.0687 0.9976
vn -0.9964 0.0818 0.0215
vn -0.6076 0.7914 -0.0673
vn -0.9987 0.0516 -0.0000
vn -0.0240 0.1174 -0.9928
vn 0.0705 0.9002 -0.4297
vn -0.0000 0.0687 -0.9976
vn 0.9951 0.0988 -0.0062
vn 0.6239 0.7812 0.0221
vn 0.9987 0.0516 -0.0000
vn 0.9961 0.0859 -0.0204
vn -0.5069 0.8579 0.0841
vn -0.9961 0.0859 0.0204
vn 0.5069 0.8579 -0.0841
vn -0.0182 0.1218 -0.9924
vn 0.0182 0.1218 0.9924
vn -0.0541 0.8999 0.4327
vn -0.0164 0.1221 -0.9924
vn 0.3305 0.9110 0.2466
vn -0.0000 0.0915 -0.9958
vn 0.9964 0.0818 -0.0215
vn 0.6076 0.7914 0.0673
vn 0.9964 0.0820 -0.0217
vn 0.6073 0.7915 0.0683
vn -0.2591 0.9148 0.3099
vn 0.0176 0.1236 0.9922
vn -0.0606 0.9526 -0.2982
vn -0.9951 0.0988 0.0062
vn -0.6239 0.7812 -0.0221
vn -0.9964 0.0820 0.0217
vn -0.6073 0.7915 -0.0683
vn 0.0164 0.1221 0.9924
vn -0.0000 0.0915 0.9958
vn -0.0176 0.1236 -0.9922
vn 0.0606 0.9526 0.2982
vn -0.9912 0.1300 0.0251
vn -0.0983 0.9000 -0.4246
vn 0.0270 0.1792 0.9834
vn 0.0983 0.9000 0.4246
vn -0.0270 0.1792 -0.9834
vn 0.6450 0.7579 -0.0983
vn -0.6929 0.1750 0.6995
vn -0.6532 0.7523 -0.0861
vn -0.9912 0.1297 0.0253
vn -0.6857 0.7273 0.0271
vn 0.9890 0.1476 -0.0064
vn 0.6532 0.7523 0.0861
vn 0.9912 0.1297 -0.0253
vn 0.0713 0.8949 0.4406
vn -0.0188 0.1887 -0.9819
vn -0.0713 0.8948 -0.4407
vn 0.0187 0.1887 0.9819
vn -0.6450 0.7579 0.0983
vn 0.9912 0.1300 -0.0251
vn 0.9905 0.1352 -0.0234
vn 0.6857 0.7273 -0.0271
vn -0.9890 0.1476 0.0064
vn -0.9905 0.1352 0.0234
vn 0.0645 0.8839 -0.4632
vn -0.0195 0.1863 -0.9823
vn 0.9826 -0.1016 0.1557
vn 0.9828 -0.1007 -0.1546
vn 0.7975 -0.6033 -0.0034
vn 0.7695 0.6387 -0.0018
vn 0.9812 0.1035 -0.1629
vn 0.9808 0.1042 0.1647
vn -0.0000 -0.0000 -0.0000
vn 0.8458 -0.0594 0.5302
vn 0.9408 0.2057 -0.2694
vn 0.3208 0.0458 0.9460
vn 0.9494 -0.0490 -0.3101
vn 0.8010 -0.5865 -0.1198
vn 0.9719 -0.1874 -0.1421
vn 0.3458 0.1236 -0.9301
vn 0.8284 -0.0264 -0.5594
vn 0.0555 0.9983 -0.0162
vn 0.2237 0.9725 -0.0653
vn 0.9811 0.1032 -0.1636
vn 0.9809 0.1046 0.1639
vn 0.7975 -0.6033 0.0040
vn 0.9824 -0.1029 -0.1556
vn 0.9830 -0.0993 0.1546
vn 0.9723 0.1649 -0.1659
vn 0.9507 -0.0398 -0.3074
vn 0.8029 -0.5855 -0.1121
vn 0.9668 -0.2066 -0.1507
vn 0.5026 0.1223 -0.8558
vn 0.8285 -0.0371 -0.5587
vn 0.7437 0.6609 -0.1010
vn 0.3370 0.9391 -0.0670
vn 0.9723 0.1649 0.1659
vn 0.8458 -0.0594 -0.5302
vn 0.3208 0.0458 -0.9460
vn 0.8010 -0.5865 0.1198
vn 0.9494 -0.0490 0.3101
vn 0.9719 -0.1874 0.1421
vn 0.9891 -0.1035 0.1044
vn 0.4745 -0.8770 0.0761
vn 0.8285 -0.0371 0.5587
vn 0.5026 0.1223 0.8558
vn 0.3370 0.9391 0.0670
vn 0.0563 0.9984 0.0112
vn -0.7975 -0.6033 0.0034
vn -0.9808 0.1042 -0.1647
vn -0.9826 -0.1016 -0.1557
vn -0.9828 -0.1007 0.1546
vn -0.7695 0.6387 0.0018
vn -0.9812 0.1035 0.1628
vn -0.9408 0.2057 -0.2694
vn -0.8458 -0.0594 0.5302
vn -0.3208 0.0458 0.9460
vn -0.8010 -0.5865 -0.1198
vn -0.9494 -0.0490 -0.3101
vn -0.9719 -0.1874 -0.1421
vn -0.9891 -0.1035 -0.1044
vn -0.4745 -0.8769 -0.0761
vn -0.8284 -0.0264 -0.5594
vn -0.3458 0.1236 -0.9301
vn -0.2237 0.9725 -0.0653
vn -0.0555 0.9983 -0.0162
vn -0.9830 -0.0993 -0.1546
vn -0.9824 -0.1029 0.1556
vn -0.7975 -0.6033 -0.0040
vn -0.9809 0.1046 -0.1639
vn -0.9811 0.1032 0.1636
vn -0.9723 0.1649 -0.1659
vn -0.9494 -0.0491 -0.3101
vn -0.4745 -0.8770 -0.0761
vn -0.8285 -0.0371 -0.5587
vn -0.5026 0.1223 -0.8558
vn -0.3370 0.9391 -0.0670
vn -0.0563 0.9984 -0.0112
vn -0.8240 -0.1176 -0.5543
vn -0.9017 -0.3086 -0.3028
vn -0.9507 -0.0398 0.3074
vn -0.9949 0.0040 0.1010
vn -0.9632 -0.2358 0.1292
vn -0.9869 -0.1177 0.1106
vn 0.5633 -0.0959 -0.8207
vn -0.5532 0.1429 -0.8207
vn 0.5596 0.1397 -0.8169
vn 0.8207 -0.0959 0.5633
vn 0.8207 0.1429 -0.5533
vn 0.8168 0.1397 0.5597
vn -0.8207 0.1390 -0.5543
vn -0.8205 -0.5497 0.1569
vn -0.8170 0.4008 0.4146
vn -0.5633 -0.0959 0.8207
vn 0.5532 0.1429 0.8207
vn -0.5596 0.1397 0.8169
vn -0.8207 -0.0959 -0.5633
vn -0.8207 0.1429 0.5533
vn -0.8168 0.1397 -0.5597
vn 0.8207 0.1390 0.5543
vn 0.8213 -0.5486 -0.1566
vn 0.8170 0.4008 -0.4146
vn 0.8207 0.1429 -0.5532
vn 0.8169 0.1397 0.5596
vn -0.8207 0.1390 -0.5542
vn -0.8207 0.1429 0.5532
vn -0.8169 0.1397 -0.5596
vn 0.8207 0.1390 0.5542
vn 0.8205 -0.5497 -0.1569
vn 0.0368 -0.0000 0.9993
vn -0.0368 -0.0000 -0.9993
vn 0.5701 -0.0000 -0.8215
vn -0.5701 -0.0000 0.8215
vn 0.8215 -0.0000 0.5701
vn -0.8215 -0.0000 -0.5701
vn 0.8215 -0.0000 0.5702
vn -0.8215 -0.0000 -0.5702
vn -0.6290 -0.0000 -0.7774
vn 0.6290 -0.0000 0.7774
vn -0.0000 -0.0183 -0.9998
vn 0.9905 -0.0121 -0.1370
vn -0.9905 -0.0121 0.1370
vn -0.0000 -0.0091 1.0000
vn 0.9905 -0.0121 0.1370
vn -0.9905 -0.0121 -0.1370
vn 0.6584 -0.0137 -0.7525
vn -0.6585 -0.0103 0.7525
vn -0.6528 0.0971 -0.7513
vn -0.9993 -0.0173 -0.0340
vn -0.9825 0.0819 -0.1672
vn -0.6952 0.0939 -0.7126
vn -0.9962 0.0860 -0.0168
vn -0.0421 0.6596 -0.7504
vn -0.6833 -0.0395 -0.7290
vn -0.9373 -0.3402 -0.0750
vn -0.9445 -0.3214 -0.0679
vn 0.0337 -0.6206 -0.7834
vn -0.0515 -0.2212 -0.9739
vn -0.0609 0.0192 -0.9980
vn 0.0541 0.0305 -0.9981
vn 0.0805 0.0282 -0.9964
vn -0.0564 0.0230 -0.9981
vn 0.9933 -0.1034 -0.0524
vn 0.9962 -0.0783 -0.0372
vn 0.9977 -0.0497 0.0471
vn 0.9859 -0.0678 0.1530
vn 0.9942 -0.0105 -0.1067
vn 0.9772 0.0388 0.2088
vn 0.9992 0.0397 -0.0096
vn 0.9983 -0.0137 -0.0569
vn 0.9995 0.0326 0.0036
vn 0.0646 0.3974 -0.9154
vn -0.0534 0.0488 -0.9974
vn 0.9960 0.0596 -0.0671
vn 0.9842 0.1764 -0.0159
vn 0.9670 0.2543 -0.0132
vn 0.0153 -0.0143 -0.9998
vn 0.0527 -0.1928 -0.9798
vn -0.0609 0.0192 0.9980
vn -0.0572 0.0014 0.9984
vn -0.0315 0.0021 0.9995
vn -0.0485 0.0084 0.9988
vn 0.9981 0.0422 0.0447
vn 0.9990 -0.0253 0.0359
vn 0.9992 0.0169 0.0376
vn 0.9991 0.0262 0.0333
vn 0.9896 0.1413 0.0279
vn -0.0270 -0.0338 0.9991
vn 0.9960 -0.0596 0.0663
vn 0.9842 0.1764 0.0159
vn 0.0246 0.0162 0.9996
vn 0.0535 -0.0751 0.9957
vn 0.0536 0.0447 0.9976
vn 0.0527 -0.0708 0.9961
vn -0.6822 0.2458 0.6886
vn -0.9910 -0.1243 0.0488
vn -0.9989 -0.0448 0.0141
vn -0.9986 -0.0489 0.0196
vn -0.9882 -0.0759 -0.1327
vn -0.9938 -0.0123 0.1105
vn -0.9814 0.0177 -0.1909
vn -0.9889 0.0381 -0.1436
vn -0.9987 0.0395 0.0335
vn -0.9944 -0.0406 0.0975
vn -0.9961 0.0586 0.0665
vn -0.9392 -0.3354 0.0731
vn -0.0536 0.0447 0.9976
vn -0.0535 -0.0751 0.9957
vn -0.0496 -0.3826 0.9226
vn 0.1909 -0.7463 -0.6377
vn 0.3977 -0.7299 -0.5560
vn -0.6975 -0.0000 -0.7166
vn -0.5370 -0.0000 -0.8436
vn 0.0122 0.9999 0.0089
vn 0.7476 -0.0000 0.6641
vn 0.6164 -0.0000 0.7874
vn 0.6823 -0.0409 0.7299
vn 0.9910 -0.1243 -0.0488
vn 0.9988 -0.0461 -0.0171
vn 0.9877 0.0416 0.1505
vn 0.9987 0.0395 -0.0320
vn 0.9968 -0.0210 -0.0777
vn 0.9392 -0.3354 -0.0731
vn -0.6919 0.0245 -0.7216
vn -0.6974 0.0759 -0.7127
vn 0.0496 -0.3826 -0.9226
vn 0.0194 0.2524 -0.9674
vn 0.0527 -0.1909 -0.9802
vn 0.0609 0.0192 -0.9980
vn -0.0541 0.0305 -0.9981
vn 0.0315 0.0021 -0.9995
vn 0.0485 0.0084 -0.9988
vn -0.9989 0.0357 -0.0318
vn -0.9986 0.0395 -0.0352
vn 0.0270 -0.0338 -0.9991
vn -0.9960 -0.0599 -0.0664
vn -0.9843 0.1759 -0.0156
vn -0.0261 0.0177 -0.9995
vn -0.0000 0.1798 -0.9837
vn 0.0609 0.0192 0.9980
vn -0.0541 0.0305 0.9981
vn -0.0805 0.0282 0.9964
vn 0.0485 0.0084 0.9988
vn -0.9990 -0.0432 0.0110
vn -0.9996 -0.0285 0.0004
vn -0.9870 -0.0544 -0.1511
vn -0.9938 -0.0122 0.1103
vn -0.9772 0.0388 -0.2086
vn -0.9883 0.0400 -0.1474
vn -0.9962 0.0390 -0.0780
vn -0.9995 0.0326 -0.0034
vn 0.0534 0.0488 0.9974
vn -0.9959 0.0599 0.0673
vn -0.9842 0.1764 0.0159
vn -0.0182 -0.0155 0.9997
vn -0.0527 -0.0707 0.9961
vn -0.0000 0.2644 0.9644
vn 0.9992 0.0397 0.0080
vn -0.0000 -0.7016 0.7125
vn -0.3726 0.6757 -0.6361
vn -0.3624 0.7142 -0.5988
vn -0.0000 -0.7044 -0.7098
vn -0.1102 0.8690 -0.4823
vn -0.1453 0.8587 -0.4914
vn -0.7641 -0.2301 0.6027
vn -1.0000 -0.0032 0.0002
vn -0.9009 -0.3021 0.3116
vn -0.0000 -0.7037 0.7105
vn -0.9934 -0.1042 0.0476
vn -0.3977 -0.7299 0.5560
vn -0.9998 0.0163 0.0099
vn -0.5675 0.0172 -0.8232
vn 0.5675 -0.0172 -0.8232
vn 0.2977 -0.9546 0.0092
vn 0.5243 0.0227 0.8512
vn -0.6161 -0.0009 0.7877
vn -0.7476 -0.0112 0.6641
vn -0.6298 0.1078 -0.7693
vn -0.9985 0.0361 -0.0399
vn -0.9954 0.0780 -0.0549
vn -0.9961 -0.0592 -0.0650
vn -0.0536 0.0447 -0.9976
vn -0.0426 0.0290 -0.9987
vn 0.9929 -0.1048 -0.0554
vn 0.9977 0.0168 -0.0650
vn 0.9976 -0.0631 0.0298
vn 0.9868 -0.0536 0.1526
vn 0.9933 -0.0143 -0.1143
vn 0.9952 0.0791 -0.0573
vn 0.9975 0.0508 -0.0496
vn 0.9775 0.2004 -0.0656
vn 0.0159 -0.0147 -0.9998
vn 0.0527 -0.0702 -0.9961
vn -0.0534 0.0274 0.9982
vn 0.2124 0.0875 0.9733
vn 0.0682 -0.0028 0.9977
vn 0.9982 -0.0089 0.0597
vn 0.9969 -0.0483 -0.0614
vn 0.9909 -0.0400 -0.1284
vn 0.9856 0.0451 0.1630
vn 0.9903 0.1359 0.0279
vn -0.0270 -0.0343 0.9990
vn 0.9944 -0.0650 0.0830
vn 0.9591 -0.2827 0.0180
vn 0.0248 0.0157 0.9996
vn 0.0527 -0.0707 0.9961
vn 0.0518 -0.0693 0.9962
vn -0.9982 -0.0089 0.0597
vn -0.9969 -0.0484 -0.0623
vn -0.9891 -0.0277 -0.1445
vn -0.9861 -0.0700 -0.1505
vn -0.9911 -0.0323 0.1295
vn -0.9997 0.0132 0.0218
vn -0.9963 -0.0224 0.0824
vn -0.0536 -0.0732 0.9959
vn -0.0000 -0.7056 0.7086
vn 0.3977 -0.7299 0.5560
vn -0.0018 0.9999 0.0115
vn 0.6191 -0.0000 0.7853
vn 0.9983 0.0074 -0.0586
vn 0.9975 -0.0631 0.0327
vn 0.9938 -0.0122 -0.1103
vn 0.9996 0.0132 -0.0235
vn 0.9988 0.0109 -0.0468
vn 0.0064 0.6730 -0.7396
vn 0.0691 0.1874 -0.9799
vn -0.6746 0.0834 -0.7334
vn 0.0535 -0.0751 -0.9957
vn 0.0198 0.2527 -0.9673
vn 0.0335 0.0055 -0.9994
vn 0.0347 0.0144 -0.9993
vn -0.9981 0.0053 -0.0617
vn -0.9978 0.0594 -0.0308
vn -0.9988 0.0109 -0.0468
vn 0.0269 -0.0337 -0.9991
vn -0.9959 -0.0609 -0.0673
vn -0.9780 0.1983 -0.0643
vn -0.9657 -0.2592 -0.0150
vn 0.0534 0.0274 0.9982
vn -0.0418 0.0347 0.9985
vn -0.0476 0.0150 0.9988
vn 0.0564 0.0230 0.9981
vn -0.9969 -0.0484 -0.0619
vn -0.9910 -0.0400 -0.1279
vn -0.9773 0.0388 -0.2083
vn -0.9992 0.0397 0.0079
vn -0.9963 -0.0360 0.0786
vn -0.9995 0.0325 -0.0032
vn 0.0539 0.0497 0.9973
vn -0.9960 0.0596 0.0671
vn -0.0153 -0.0143 0.9998
vn -0.0518 -0.0693 0.9962
vn 0.9963 -0.0363 -0.0780
vn 0.9909 -0.0401 -0.1288
vn 0.9992 0.0397 0.0079
vn 0.9944 -0.0651 0.0830
vn 0.9587 -0.2839 0.0185
vn 0.9843 0.1757 0.0154
vn 0.0535 -0.0732 0.9959
vn -0.0000 0.1358 0.9907
vn -0.4105 0.7445 -0.5265
vn -0.0000 -0.7037 -0.7105
vn -1.0000 -0.0032 -0.0001
vn -0.1452 0.8587 0.4914
vn -0.9413 -0.2583 -0.2173
vn -0.5243 -0.0227 0.8512
vn 0.7476 0.0112 0.6641
vn 0.3015 0.9045 -0.3015
vn -0.3015 0.9045 0.3015
vn -0.0000 0.1022 0.9948
vn -0.6776 0.1745 -0.7144
vn 0.6776 0.1745 0.7144
vn -0.0000 0.1022 -0.9948
vn -0.9970 0.0768 -0.0000
vn 0.9970 0.0768 -0.0000
vn 0.4745 -0.8769 -0.0761
vn 0.9886 0.1411 0.0524
vn 0.9891 -0.1035 -0.1044
vn 0.8814 -0.0922 -0.4634
vn 0.2936 0.9521 -0.0857
vn 0.3537 -0.9316 -0.0843
vn 0.8786 -0.0820 -0.4705
vn 0.5019 0.8614 -0.0775
vn 0.9886 0.1411 -0.0524
vn 0.8814 -0.0922 0.4634
vn 0.4111 0.9079 0.0817
vn -0.9886 0.1411 0.0524
vn -0.8814 -0.0922 -0.4634
vn -0.2936 0.9521 -0.0857
vn -0.4111 0.9079 -0.0817
vn -0.9886 0.1411 -0.0524
vn -0.9326 -0.1061 -0.3449
vn -0.8786 -0.0820 0.4705
vn -0.5596 -0.1397 -0.8169
vn 0.8168 -0.1397 -0.5597
vn -0.8170 -0.4008 -0.4146
vn 0.5596 -0.1397 0.8169
vn -0.8168 -0.1397 0.5597
vn 0.8170 -0.1436 0.5584
vn 0.8169 -0.1397 -0.5596
vn -0.8169 -0.1397 0.5596
vn 0.8170 -0.4008 0.4146
vn 0.6585 0.0103 -0.7525
vn 0.9905 0.0121 0.1370
vn -0.9905 0.0121 -0.1370
vn -0.6584 0.0137 0.7525
vn 0.9905 0.0121 -0.1370
vn -0.9905 0.0121 0.1370
vn -0.0000 0.0091 -1.0000
vn -0.0000 0.0183 0.9998
vt 1.116645 0.906806
vt 1.016927 0.845227
vt 1.016927 0.906806
vt 1.116645 0.823258
vt 1.016927 0.761679
vt 1.016927 0.823258
vt 1.116646 0.739709
vt 1.016927 0.678130
vt 1.016927 0.739710
vt 1.116646 0.594582
vt 1.016927 0.656161
vt 1.116646 0.656161
vt 1.116646 0.572613
vt 1.016927 0.511034
vt 1.016927 0.572613
vt 1.116646 0.489064
vt 1.016927 0.427485
vt 1.016927 0.489064
vt 1.116646 0.405516
vt 1.016927 0.343937
vt 1.016927 0.405516
vt 1.116646 0.260389
vt 1.016927 0.321968
vt 1.116646 0.321968
vt 1.116646 0.238419
vt 1.016927 0.176840
vt 1.016927 0.238419
vt 1.116646 0.154871
vt 1.016926 0.093292
vt 1.016927 0.154871
vt 0.625178 0.234666
vt 0.625178 0.203777
vt 0.669719 0.000000
vt 0.960931 0.222391
vt 0.937577 0.222391
vt 0.937577 0.111196
vt 0.984285 0.000000
vt 0.960931 0.111195
vt 0.960931 0.000000
vt 0.951642 0.919272
vt 0.928288 0.919272
vt 0.928288 0.808077
vt 0.937577 0.444783
vt 0.960931 0.444783
vt 0.960931 0.555978
vt 0.958912 0.819133
vt 0.645798 0.765803
vt 0.645798 0.819133
vt 0.733201 0.696881
vt 0.750017 0.676033
vt 0.799855 0.692711
vt 0.199964 0.696881
vt 0.216780 0.676033
vt 0.266619 0.692711
vt 0.276822 0.898425
vt 0.307711 0.959077
vt 0.276822 0.959077
vt 0.399928 0.898425
vt 0.430817 0.959077
vt 0.399928 0.959077
vt 0.523485 0.898425
vt 0.554374 0.959077
vt 0.523485 0.959077
vt 0.554375 0.898425
vt 0.585264 0.959077
vt 0.430817 0.898425
vt 0.461707 0.959077
vt 0.430817 0.959077
vt 1.116645 0.845227
vt 1.116646 0.761679
vt 1.116646 0.678130
vt 1.116646 0.511034
vt 1.116646 0.427485
vt 1.116646 0.343937
vt 1.116646 0.176840
vt 1.116646 0.093292
vt 0.242380 0.296777
vt 0.242380 0.219180
vt 0.279262 0.000000
vt 0.780915 0.000000
vt 0.736374 0.219180
vt 0.736374 0.188291
vt 0.000000 0.585685
vt 0.181727 0.327666
vt 0.181727 0.405263
vt 0.951642 0.808077
vt 0.974995 0.808077
vt 0.951642 0.919272
vt 0.333274 0.808076
vt 0.358835 0.808076
vt 0.333273 0.808077
vt 0.866509 0.808077
vt 0.907557 0.696881
vt 0.907557 0.808077
vt 0.958912 0.849351
vt 0.645798 0.902682
vt 0.958912 0.902682
vt 0.958912 0.598706
vt 0.645798 0.652037
vt 0.958912 0.652037
vt 0.958912 0.515158
vt 0.645798 0.568488
vt 0.958912 0.568488
vt 0.958912 0.682255
vt 0.645798 0.735585
vt 0.958912 0.735585
vt 0.958912 0.431610
vt 0.645798 0.484940
vt 0.958912 0.484940
vt 0.958912 0.264513
vt 0.645798 0.317843
vt 0.958912 0.317843
vt 0.958912 0.348061
vt 0.645798 0.401392
vt 0.958912 0.401392
vt 0.958912 0.097416
vt 0.645798 0.150747
vt 0.958912 0.150747
vt 0.958912 0.180964
vt 0.645798 0.234295
vt 0.958912 0.234295
vt 0.492596 0.959077
vt 0.492596 0.898425
vt 0.492596 0.898425
vt 0.461707 0.898425
vt 0.647042 0.898425
vt 0.616153 0.959077
vt 0.616153 0.898425
vt 0.616153 0.898425
vt 0.585264 0.898425
vt 0.358835 0.959077
vt 0.389724 0.898424
vt 0.389724 0.959077
vt -0.103238 0.906806
vt -0.003519 0.845227
vt -0.003519 0.906806
vt -0.103238 0.823258
vt -0.003519 0.761679
vt -0.003519 0.823258
vt -0.103238 0.739709
vt -0.003519 0.678130
vt -0.003519 0.739710
vt -0.103238 0.656161
vt -0.003519 0.594582
vt -0.003519 0.656161
vt -0.103238 0.572613
vt -0.003519 0.511034
vt -0.003519 0.572613
vt -0.103238 0.489064
vt -0.003519 0.427485
vt -0.003519 0.489064
vt -0.103238 0.405516
vt -0.003519 0.343937
vt -0.003519 0.405516
vt -0.103238 0.321968
vt -0.003519 0.260389
vt -0.003519 0.321968
vt -0.103238 0.238419
vt -0.003519 0.176840
vt -0.003519 0.238419
vt -0.103238 0.154871
vt -0.003519 0.093292
vt -0.003519 0.154871
vt 0.558523 0.000000
vt 0.521641 0.288909
vt 0.521641 0.258019
vt 0.460989 0.288909
vt 0.460989 0.366505
vt 0.279262 0.585685
vt 0.960931 0.333587
vt 0.937577 0.333587
vt 0.937577 0.222391
vt 0.930911 0.787229
vt 0.907557 0.676034
vt 0.930911 0.676033
vt 0.960931 0.111196
vt 0.914223 0.333587
vt 0.937577 0.222391
vt 0.937577 0.333587
vt 0.951642 0.808077
vt 0.307711 0.808077
vt 0.907557 0.696881
vt 0.866509 0.585686
vt 0.907557 0.585685
vt 0.937577 0.555978
vt 0.199963 0.808077
vt 0.183148 0.828924
vt 0.133309 0.813288
vt 0.066655 0.919272
vt 0.083471 0.898425
vt 0.133309 0.915103
vt 0.645798 0.652037
vt 0.958912 0.598706
vt 0.958912 0.652037
vt 0.645798 0.568488
vt 0.958912 0.515158
vt 0.958912 0.568488
vt 0.645798 0.735585
vt 0.958912 0.682255
vt 0.958912 0.735585
vt 0.599892 0.808076
vt 0.616708 0.787229
vt 0.666546 0.804602
vt 0.645798 0.317843
vt 0.958912 0.264513
vt 0.958912 0.317843
vt 0.645798 0.401392
vt 0.958912 0.348061
vt 0.958912 0.401392
vt 0.645798 0.150747
vt 0.958912 0.097416
vt 0.958912 0.150747
vt 0.645798 0.234295
vt 0.958912 0.180964
vt 0.958912 0.234295
vt -0.103238 0.906806
vt -0.003519 0.845227
vt -0.103238 0.845227
vt -0.103238 0.823258
vt -0.003519 0.761679
vt -0.103238 0.761679
vt -0.103238 0.739709
vt -0.003519 0.678130
vt -0.103238 0.678130
vt -0.103238 0.656161
vt -0.003519 0.594582
vt -0.103238 0.594582
vt -0.103238 0.572613
vt -0.003519 0.511034
vt -0.103238 0.511034
vt -0.103238 0.489064
vt -0.003519 0.427485
vt -0.103238 0.427485
vt -0.103238 0.405516
vt -0.003519 0.343937
vt -0.103238 0.343937
vt -0.103238 0.321968
vt -0.003519 0.260389
vt -0.103238 0.260389
vt -0.003519 0.238419
vt -0.103238 0.176840
vt -0.103238 0.238419
vt -0.103238 0.154871
vt -0.003519 0.093292
vt -0.103238 0.093292
vt 0.974995 0.919272
vt 0.930911 0.676033
vt 0.954264 0.787229
vt 0.930911 0.787229
vt 0.645798 0.849351
vt 0.958912 0.902682
vt 0.645798 0.902682
vt 0.645798 0.765803
vt 0.958912 0.819133
vt 0.645798 0.819133
vt 0.645798 0.431610
vt 0.958912 0.484940
vt 0.645798 0.484940
vt 0.823490 0.570002
vt 0.790901 0.570002
vt 0.790901 0.398790
vt 0.921258 0.398790
vt 0.953847 0.398790
vt 0.953847 0.570002
vt 0.223251 0.866994
vt 0.190661 0.833800
vt 0.223251 0.833800
vt 0.321018 0.833800
vt 0.288429 0.800605
vt 0.321018 0.800605
vt 0.190661 0.866994
vt 0.158072 0.833800
vt 0.386197 0.833800
vt 0.353607 0.800605
vt 0.386197 0.800605
vt 0.158072 0.800605
vt 0.158072 0.833799
vt 0.125483 0.800605
vt 0.158072 0.800605
vt 0.255840 0.866994
vt 0.223250 0.833800
vt 0.255840 0.833800
vt 0.321018 0.866994
vt 0.288429 0.833799
vt 0.321018 0.833799
vt 0.158072 0.866994
vt 0.125483 0.833800
vt 0.158072 0.833800
vt 0.190661 0.900188
vt 0.158072 0.866994
vt 0.190661 0.866994
vt 0.386213 0.235536
vt 0.386213 0.202342
vt 0.429998 0.000000
vt 0.693133 0.398790
vt 0.725722 0.548336
vt 0.693133 0.598185
vt 0.758916 0.348941
vt 0.726327 0.249243
vt 0.758916 0.199395
vt 0.606281 0.199395
vt 0.573692 0.049849
vt 0.606281 0.000000
vt 0.758311 0.548336
vt 0.725722 0.448638
vt 0.758311 0.398790
vt 0.736638 0.149546
vt 0.704049 0.049849
vt 0.736638 0.000000
vt 0.050193 0.875378
vt 0.075290 0.800605
vt 0.075290 0.950151
vt 0.025097 0.950151
vt 0.000000 1.000000
vt 0.000000 0.850454
vt 0.463193 0.448638
vt 0.496387 0.598184
vt 0.463193 0.598184
vt 0.540497 0.149546
vt 0.507303 0.000000
vt 0.540497 0.000000
vt 0.429998 0.448638
vt 0.463193 0.598184
vt 0.429998 0.598184
vt 0.595970 0.348941
vt 0.562776 0.199395
vt 0.595970 0.199395
vt 0.463193 0.249243
vt 0.429998 0.398790
vt 0.429998 0.249243
vt 0.463193 0.348941
vt 0.496387 0.199395
vt 0.496387 0.348941
vt 0.562776 0.249244
vt 0.529581 0.398790
vt 0.529581 0.249244
vt 0.540497 0.149546
vt 0.573692 0.000000
vt 0.573692 0.149546
vt 0.474109 0.049849
vt 0.507303 0.199395
vt 0.474109 0.199395
vt 0.496387 0.249243
vt 0.529581 0.398790
vt 0.496387 0.398790
vt 0.769227 0.199395
vt 0.736638 0.074773
vt 0.769227 0.049849
vt 0.660544 0.398790
vt 0.693133 0.523411
vt 0.660544 0.548336
vt 0.562776 0.398790
vt 0.595365 0.448638
vt 0.562776 0.548336
vt 0.496387 0.398790
vt 0.528976 0.523411
vt 0.496387 0.548336
vt 0.661149 0.199395
vt 0.693738 0.348941
vt 0.661149 0.348941
vt 0.530187 0.398790
vt 0.562776 0.448638
vt 0.528976 0.769397
vt 0.595365 0.398790
vt 0.627954 0.523411
vt 0.595365 0.548336
vt 0.595970 0.199395
vt 0.628559 0.274168
vt 0.595970 0.348941
vt 0.627954 0.398790
vt 0.660544 0.523411
vt 0.627954 0.548336
vt 0.628559 0.199395
vt 0.661149 0.274168
vt 0.628559 0.348941
vt 0.795741 0.598185
vt 0.828331 0.598185
vt 0.795741 0.769397
vt 0.158072 0.866994
vt 0.125483 0.900188
vt 0.125483 0.866994
vt 0.255840 0.800605
vt 0.255840 0.833799
vt 0.418786 0.800605
vt 0.353607 0.833800
vt 0.288429 0.800605
vt 0.255840 0.833800
vt 0.223250 0.800605
vt 0.190661 0.833799
vt 0.190661 0.800605
vt 0.288429 0.833800
vt 0.255840 0.866994
vt 0.353608 0.833800
vt 0.321018 0.866994
vt 0.321018 0.833800
vt 0.386197 0.833800
vt 0.353608 0.866994
vt 0.418786 0.833800
vt 0.386197 0.866994
vt 0.386197 0.833800
vt 0.000000 0.629392
vt 0.043786 0.377214
vt 0.043786 0.410409
vt 0.758311 0.598184
vt 0.790901 0.448638
vt 0.790901 0.598184
vt 0.638870 0.049849
vt 0.638870 0.199395
vt 0.025097 0.800605
vt 0.050193 0.950151
vt 0.025097 0.950151
vt 0.746040 0.496078
vt 0.839463 0.500000
vt 0.746040 0.503922
vt 0.253960 0.496078
vt 0.160537 0.500000
vt 0.253960 0.503922
vt 0.755621 0.503922
vt 1.000000 0.500000
vt 0.755621 0.496078
vt 0.561009 0.746040
vt 0.755621 0.253960
vt 0.755621 0.746040
vt 0.561009 0.253960
vt 0.000000 0.000000
vt 1.016927 0.260389
vt 0.669719 0.585685
vt 0.625178 0.366505
vt 0.625178 0.397395
vt 0.954264 0.787229
vt 0.977618 0.787229
vt 0.954264 0.676033
vt 0.914223 0.111196
vt 0.914223 0.222391
vt 0.367610 0.849351
vt 0.054496 0.902682
vt 0.367610 0.902682
vt 0.367610 0.598706
vt 0.054496 0.652037
vt 0.367610 0.652037
vt 0.367610 0.515158
vt 0.054496 0.568488
vt 0.367610 0.568488
vt 0.367610 0.682255
vt 0.054496 0.735585
vt 0.367610 0.735585
vt 0.367610 0.431610
vt 0.054496 0.484940
vt 0.367610 0.484940
vt 0.367610 0.264513
vt 0.054496 0.317843
vt 0.367610 0.317843
vt 0.367610 0.348061
vt 0.054496 0.401392
vt 0.367610 0.401392
vt 0.367610 0.097416
vt 0.054496 0.150747
vt 0.367610 0.150747
vt 0.367610 0.180964
vt 0.054496 0.234295
vt 0.367610 0.234295
vt 0.279262 0.585685
vt 0.242380 0.296777
vt 0.242380 0.327666
vt 0.736374 0.351020
vt 0.736374 0.381909
vt 0.780915 0.585685
vt 0.181727 0.296777
vt 0.181727 0.219180
vt 0.960931 0.333587
vt 0.937577 0.333587
vt 0.937577 0.444783
vt 0.984285 0.222391
vt 0.960931 0.222391
vt 0.937577 0.444783
vt 0.914223 0.444783
vt 0.914223 0.555978
vt 0.333273 0.808077
vt 0.961800 0.564838
vt 0.938446 0.564838
vt 0.938446 0.676033
vt 0.199964 0.808076
vt 0.216780 0.828924
vt 0.266618 0.813288
vt 0.367610 0.819133
vt 0.054496 0.765803
vt 0.054496 0.819133
vt 0.666546 0.585685
vt 0.683362 0.606533
vt 0.733201 0.589855
vt 0.133309 0.585685
vt 0.150125 0.606533
vt 0.199964 0.589855
vt -0.103238 0.845227
vt -0.103238 0.761679
vt -0.103238 0.678130
vt -0.103238 0.594582
vt -0.103238 0.511034
vt -0.103238 0.427485
vt -0.103238 0.343937
vt -0.103238 0.260389
vt -0.103238 0.176840
vt -0.103238 0.093292
vt 0.521641 0.366505
vt 0.558523 0.585685
vt 0.279262 0.000000
vt 0.460989 0.258019
vt 0.460989 0.180423
vt 0.960931 0.222391
vt 0.907557 0.787229
vt 0.977618 0.676033
vt 0.937577 0.111196
vt 0.307711 0.919272
vt 0.333274 0.808076
vt 0.866509 0.696881
vt 0.054496 0.849351
vt 0.367610 0.902682
vt 0.054496 0.902682
vt 0.054496 0.765803
vt 0.367610 0.819133
vt 0.054496 0.819133
vt 0.054496 0.598706
vt 0.367610 0.652037
vt 0.054496 0.652037
vt 0.054496 0.515158
vt 0.367610 0.568488
vt 0.054496 0.568488
vt 0.054496 0.682255
vt 0.367610 0.735585
vt 0.054496 0.735585
vt 0.054496 0.431610
vt 0.367610 0.484940
vt 0.054496 0.484940
vt 0.054496 0.264513
vt 0.367610 0.317843
vt 0.054496 0.317843
vt 0.054496 0.348061
vt 0.367610 0.401392
vt 0.054496 0.401392
vt 0.054496 0.097416
vt 0.367610 0.150747
vt 0.054496 0.150747
vt 0.054496 0.180964
vt 0.367610 0.234295
vt 0.054496 0.234295
vt -0.003520 0.906806
vt -0.003519 0.823258
vt -0.003519 0.739710
vt -0.003519 0.656161
vt -0.003519 0.572613
vt -0.003519 0.489064
vt -0.003519 0.405516
vt -0.003519 0.321968
vt -0.003519 0.176840
vt -0.003519 0.154871
vt 0.216780 0.828924
vt 0.266618 0.813288
vt 0.780915 0.333587
vt 0.797731 0.354434
vt 0.847569 0.338799
vt 0.780915 0.000000
vt 0.797731 0.020848
vt 0.847569 0.004169
vt 0.866509 0.696881
vt 0.849694 0.676033
vt 0.799855 0.692711
vt 0.333274 0.696881
vt 0.350089 0.717728
vt 0.399928 0.700355
vt 0.683362 0.606533
vt 0.733201 0.589855
vt 0.150125 0.606533
vt 0.199964 0.589855
vt 0.066655 0.808077
vt 0.049839 0.787229
vt 0.000000 0.803907
vt 0.562776 0.274168
vt 0.529581 0.199395
vt 0.529581 0.348941
vt 0.661149 0.398790
vt 0.693738 0.398790
vt 0.661149 0.249244
vt 0.823490 0.570002
vt 0.921258 0.398790
vt 0.133630 0.833799
vt 0.429998 0.629392
vt 0.386212 0.377215
vt 0.386212 0.410409
vt 0.463193 0.598184
vt 0.429998 0.769397
vt 0.463193 0.769397
vt 0.626139 0.769397
vt 0.658728 0.940610
vt 0.658728 0.769397
vt 0.691317 0.769397
vt 0.723907 0.940610
vt 0.723907 0.769397
vt 0.593550 0.769397
vt 0.626139 0.940610
vt 0.691317 0.940610
vt 0.821675 0.769397
vt 0.854264 0.940610
vt 0.854264 0.769397
vt 0.725722 0.598185
vt 0.726327 0.324017
vt 0.725722 0.473563
vt 0.704049 0.124622
vt 0.984740 0.074773
vt 0.959643 0.000000
vt 0.959643 0.149546
vt 0.952032 0.894019
vt 0.977128 0.968792
vt 0.977128 0.819246
vt 0.496387 0.398790
vt 0.595970 0.274168
vt 0.562776 0.348941
vt 0.496387 0.274168
vt 0.529581 0.249243
vt 0.151554 0.900188
vt 0.412268 0.833799
vt 0.043786 0.235536
vt 0.043786 0.202342
vt 0.000000 0.000000
vt 0.099583 0.629392
vt 0.132777 0.800605
vt 0.132777 0.629392
vt 0.629770 0.598185
vt 0.662964 0.769397
vt 0.662964 0.598185
vt 0.606281 0.124622
vt 0.932174 0.145449
vt 0.959643 0.199395
vt 0.000000 0.500000
vt 0.244379 0.503922
vt 0.244379 0.496078
vt 0.438991 0.746040
vt 0.244379 0.253960
vt 0.438991 0.253960
vt 0.561009 0.496078
vt 0.438991 0.503922
vt 0.438991 0.496078
vt 0.244379 0.746040
vt 0.438991 0.503922
vt 0.561009 0.496078
vt 0.438991 0.496078
vt 0.279262 0.000000
vt 1.016927 0.594582
vt 0.183148 0.828924
vt 0.133309 0.813289
vt 0.958912 0.652037
vt 0.645798 0.598706
vt 0.645798 0.652037
vt 0.914223 0.444782
vt 0.897408 0.465630
vt 0.847569 0.449994
vt 0.958912 0.484940
vt 0.645798 0.431610
vt 0.645798 0.484940
vt 0.914223 0.444783
vt 0.958912 0.765803
vt 0.645798 0.819133
vt 0.958912 0.819133
vt 0.958912 0.348061
vt 0.558523 0.000000
vt 0.960931 0.222391
vt 0.914223 0.222391
vt 0.645798 0.902682
vt 0.958912 0.849351
vt 0.645798 0.819133
vt 0.958912 0.765803
vt 0.847569 0.111195
vt 0.830753 0.132043
vt 0.780915 0.115365
vt 0.733201 0.696881
vt 0.799855 0.692711
vt 0.958912 0.431610
vt 0.645798 0.150747
vt 0.333273 0.808077
vt 0.961800 0.676033
vt 0.645798 0.515158
vt 0.645798 0.568488
vt 0.645798 0.682255
vt 0.645798 0.735585
vt 0.645798 0.348061
vt 0.161693 0.900188
vt 0.386213 0.235536
vt 0.232360 0.800605
vt 0.265555 0.800605
vt 0.790901 0.548336
vt 0.758311 0.448638
vt 0.790901 0.398790
vt 0.606281 0.049849
vt 0.638870 0.000000
vt 0.736638 0.199395
vt 0.704049 0.000000
vt 0.474109 0.124622
vt 0.429998 0.199395
vt 0.429998 0.049849
vt 0.075290 1.000000
vt 0.100386 0.800605
vt 0.100386 0.950151
vt 0.953847 0.398790
vt 0.978943 0.548336
vt 0.953847 0.598184
vt 0.100386 0.850454
vt 0.125483 0.800605
vt 0.125483 0.950151
vt 0.025097 0.850454
vt 0.595970 0.398790
vt 0.463193 0.199395
vt 0.573692 0.199395
vt 0.693133 0.473563
vt 0.562776 0.598184
vt 0.528976 0.448638
vt 0.496387 0.598184
vt 0.693738 0.274168
vt 0.562776 0.548336
vt 0.627954 0.598184
vt 0.595365 0.598184
vt 0.660544 0.448638
vt 0.725722 0.398790
vt 0.671460 0.199395
vt 0.704049 0.049849
vt 0.704049 0.199395
vt 0.671460 0.000000
vt 0.638870 0.199395
vt 0.638870 0.000000
vt 0.984740 0.199395
vt 0.984740 0.000000
vt 0.050193 0.800605
vt 0.075290 0.850454
vt 0.952032 0.769397
vt 0.952032 0.918943
vt 0.932174 0.099697
vt 0.959643 0.049849
vt 0.839463 0.500000
vt 0.160537 0.500000
vt 1.000000 0.500000
vt 0.914223 0.222392
vt 0.984285 0.111195
vt 0.367610 0.765803
vt 0.054496 0.819133
vt 0.937577 0.555978
vt 0.054496 0.598706
vt 0.054496 0.652037
vt 0.350089 0.717728
vt 0.054496 0.180964
vt 0.054496 0.234295
vt 0.960931 0.333587
vt 0.954264 0.676034
vt 0.358835 0.919272
vt 0.367610 0.598706
vt 0.799855 0.688542
vt 0.399928 0.701050
vt 0.367610 0.180964
vt 0.595970 0.249243
vt 0.463193 0.398790
vt 0.429998 0.348941
vt 0.474109 0.000000
vt 0.562776 0.448638
vt 0.496387 0.448638
vt 0.595970 0.398790
vt 0.921258 0.570002
vt 0.265555 0.800605
vt 0.232360 0.800605
vt 0.756496 0.940610
vt 0.756496 0.769397
vt 0.955057 0.370608
vt 0.922468 0.199395
vt 0.922468 0.370608
vt 0.726327 0.199395
vt 0.758311 0.398790
vt 0.671460 0.199395
vt 0.725722 0.523411
vt 0.000000 0.800605
vt 0.463193 0.523411
vt 0.463193 0.548336
vt 0.736638 0.049849
vt 0.378049 0.866994
vt 0.043786 0.235536
vt 0.099583 0.800605
vt 0.066389 0.629392
vt 0.066389 0.800605
vt 0.888668 0.570002
vt 0.921258 0.570002
vt 0.429998 0.000000
vt 0.429998 0.199395
vt 0.050193 1.000000
vt 0.932174 0.106944
vt 0.244379 0.503922
vt 0.000000 0.500000
vt 0.244379 0.496078
vt 0.416585 0.170331
vt 0.581254 0.170331
vt 0.581254 0.356685
vt 3.928507 0.102395
vt 4.391826 -0.014505
vt 4.391826 0.102396
vt 2.524924 0.102396
vt 2.687940 -0.014505
vt 2.687940 0.102396
vt 3.753059 0.102395
vt 3.916075 -0.014505
vt 3.916075 0.102396
vt 4.787139 0.102395
vt 4.787139 -0.014505
vt 1.353689 0.102396
vt 1.679721 -0.014505
vt 1.679721 0.102395
vt 3.214283 0.102395
vt 3.051267 -0.014505
vt 3.214283 -0.014505
vt -0.166910 0.102396
vt 0.242495 -0.014505
vt 0.242495 0.102396
vt 5.658204 0.102395
vt 5.194884 -0.014505
vt 5.658204 -0.014505
vt 3.389731 0.102396
vt 3.226715 -0.014505
vt 3.389731 -0.014505
vt 0.676763 0.102396
vt 1.002795 -0.014505
vt 1.002795 0.102395
vt 3.577611 0.102395
vt 3.740627 -0.014505
vt 3.740627 0.102395
vt 4.799571 0.102395
vt 5.194884 0.102396
vt -0.179341 0.102395
vt -0.588748 -0.014505
vt -0.179341 -0.014505
vt 2.875819 0.102395
vt 3.038835 -0.014505
vt 3.038835 0.102395
vt 1.692152 0.102395
vt 2.018184 -0.014505
vt 2.018184 0.102396
vt 0.664332 0.102396
vt 0.254926 -0.014505
vt 0.664332 -0.014505
vt 2.863387 0.102395
vt 2.700372 -0.014505
vt 2.863387 -0.014505
vt 1.015226 0.102395
vt 1.341258 -0.014505
vt 1.341258 0.102396
vt 3.565179 0.102395
vt 3.402163 -0.014505
vt 3.565179 -0.014505
vt -1.010585 0.102395
vt -0.601179 -0.014505
vt -0.601179 0.102396
vt 0.410079 0.408224
vt 0.067981 0.533867
vt 0.067981 0.408223
vt 0.410079 0.303468
vt 0.067981 0.177825
vt 0.410079 0.177825
vt 0.959025 0.538430
vt 1.423484 0.461570
vt 1.423484 0.538430
vt 0.678225 0.538430
vt 0.678225 0.461570
vt 0.357250 0.538430
vt 4.521100 0.008473
vt 4.178148 0.128246
vt 4.178148 0.008473
vt 7.141664 0.008473
vt 6.956106 0.128246
vt 6.956106 0.008473
vt 5.707386 0.008473
vt 5.364434 0.128246
vt 5.364434 0.008473
vt 1.872555 0.008473
vt 0.938777 0.128246
vt 0.938777 0.008473
vt 6.188878 0.008473
vt 6.003321 0.128246
vt 6.003321 0.008473
vt 6.569992 0.008473
vt 6.384435 0.128246
vt 6.384435 0.008473
vt 3.201273 0.008473
vt 2.715890 0.128246
vt 2.715890 0.008473
vt 3.982591 0.008473
vt 3.497208 0.128246
vt 3.497208 0.008473
vt 3.492208 0.008473
vt 3.206273 0.128246
vt 3.206273 0.008473
vt 2.710890 0.008473
vt 2.367938 0.128246
vt 2.367938 0.008473
vt 4.173148 0.008473
vt 3.987591 0.128246
vt 3.987591 0.008473
vt 6.379435 0.008473
vt 6.193878 0.128246
vt 6.193877 0.008473
vt 5.359435 0.008473
vt 5.016483 0.128246
vt 5.016483 0.008473
vt 6.760549 0.008473
vt 6.574992 0.128246
vt 6.574992 0.008473
vt 2.362938 0.008473
vt 1.877555 0.128246
vt 1.877555 0.008473
vt 0.933777 0.008473
vt 0.000000 0.128246
vt 0.000000 0.008473
vt 7.332221 0.008473
vt 7.146664 0.128246
vt 7.146664 0.008473
vt 6.951106 0.008473
vt 6.765549 0.128246
vt 6.765549 0.008473
vt 5.998320 0.008473
vt 5.712386 0.128246
vt 5.712386 0.008473
vt 5.011483 0.008473
vt 4.526100 0.128246
vt 4.526100 0.008473
vt 0.678225 0.923078
vt 0.959024 0.076922
vt 0.959025 0.923078
vt 0.357249 0.923078
vt 0.076450 0.076922
vt 0.357250 0.076922
vt 0.094659 0.538430
vt -0.082899 0.461570
vt -0.082899 0.538430
vt 0.678225 0.538430
vt 0.959025 0.461570
vt 0.357250 0.538430
vt 0.076450 0.461570
vt 0.076450 0.538430
vt 1.118373 0.538430
vt 0.940815 0.461570
vt 0.940815 0.538430
vt 0.094659 0.538430
vt -0.082899 0.461570
vt -0.082899 0.538430
vt 0.094659 0.538430
vt 0.940815 0.461570
vt 0.940815 0.538430
vt 1.118373 0.461570
vt 1.423483 0.538430
vt 0.959024 0.461570
vt 0.959024 0.538430
vt -0.388009 0.538430
vt 0.076449 0.461570
vt 0.076449 0.538430
vt 0.094659 0.461570
vt 0.357249 0.538430
vt 0.357249 0.461570
vt 0.076449 0.538430
vt 0.959025 0.538430
vt 0.678225 0.461570
vt 0.678225 0.538430
vt 0.094659 0.461570
vt 0.094659 0.461570
vt 0.076450 0.538430
vt -0.388009 0.461570
vt -0.388009 0.538430
vt 0.116106 0.955094
vt 0.116911 0.736082
vt 0.134833 0.845588
vt 0.092967 0.845588
vt 0.110307 0.736082
vt 0.111037 0.955094
vt 0.487249 0.424310
vt 0.448307 0.323979
vt 0.487249 0.323979
vt 0.447740 0.323979
vt 0.408798 0.424310
vt 0.408798 0.323979
vt 0.925581 0.492925
vt 0.929337 0.590542
vt 0.921824 0.590542
vt 0.795963 0.819776
vt 0.799720 0.924097
vt 0.792207 0.924097
vt 0.482608 0.362234
vt 0.450765 0.585268
vt 0.514451 0.585268
vt 0.600137 0.362234
vt 0.399862 0.585268
vt 0.600137 0.585268
vt 0.450765 0.637766
vt 0.549235 0.362234
vt 0.450765 0.362234
vt 0.549235 0.637766
vt 0.450765 0.668743
vt 0.549235 0.331257
vt 0.549235 0.668743
vt 0.110306 0.736082
vt 0.111036 0.955094
vt 0.389587 0.424310
vt 0.350645 0.323979
vt 0.389587 0.323979
vt 0.116912 0.955094
vt 0.116106 0.736082
vt 0.350077 0.323979
vt 0.311136 0.424310
vt 0.311136 0.323979
vt 0.505000 0.362234
vt 0.473158 0.585268
vt 0.536843 0.585268
vt 0.268881 0.362234
vt 0.068605 0.585268
vt 0.268881 0.585268
vt 0.473158 0.637766
vt 0.540215 0.362234
vt 0.473158 0.362234
vt 0.540215 0.637766
vt 0.473158 0.362234
vt 0.473158 0.337487
vt 0.540215 0.000000
vt 0.540215 0.337487
vt 0.116912 0.736082
vt 0.116106 0.955094
vt 0.110306 0.955094
vt 0.111036 0.736082
vt 0.931395 0.585268
vt 0.731119 0.362234
vt 0.731119 0.585268
vt 0.662513 0.637766
vt 0.958486 0.605998
vt 0.540215 1.000000
vt 0.473158 0.662513
vt 0.540215 0.662513
vt 0.804742 0.917394
vt 0.808499 0.819776
vt 0.800986 0.819776
vt 0.787185 0.924097
vt 0.790941 0.819776
vt 0.783428 0.819776
vt 0.116106 0.736082
vt 0.116911 0.955094
vt 0.110307 0.955094
vt 0.111037 0.736082
vt 0.668743 0.637766
vt 0.372770 0.605998
vt 0.116911 0.736082
vt 0.116106 0.955094
vt 0.110307 0.955095
vt 0.111037 0.736082
vt 0.337487 0.637766
vt 0.041514 0.605998
vt 0.110307 0.736082
vt 0.111037 0.955094
vt 0.116911 0.955094
vt 0.116106 0.736082
vt 1.000000 0.637766
vt 0.473158 1.000000
vt -0.000000 0.797382
vt 1.000000 0.202619
vt -0.000000 0.202619
vt 0.180821 0.797382
vt 0.819179 0.202619
vt 0.180821 0.202619
vt 1.000000 0.797382
vt 0.000000 0.202619
vt 1.000000 0.202619
vt 0.819179 0.797382
vt 0.180822 0.202619
vt 0.819179 0.202619
vt 0.819179 1.000000
vt 0.180822 -0.000000
vt 0.180821 1.000000
vt 0.180821 1.000000
vt 0.819179 0.000000
vt 0.819178 1.000000
vt 0.959359 0.875014
vt 0.410181 0.704342
vt 0.959360 0.704342
vt 0.502870 0.286231
vt 0.546837 0.064712
vt 0.459450 0.064712
vt 0.504908 0.286231
vt 0.501612 0.286231
vt 0.504564 0.286231
vt 0.563844 0.064712
vt 0.432239 0.064712
vt 0.504352 0.286231
vt 0.442444 0.064712
vt 0.574048 0.064712
vt 0.510711 0.286231
vt 0.563844 0.064712
vt 0.432240 0.064712
vt 0.504603 0.286231
vt 0.574048 0.064712
vt 0.503009 0.286231
vt 0.607947 0.485559
vt 0.594472 0.116474
vt 0.607947 0.116474
vt 0.598964 0.485559
vt 0.626958 0.116474
vt 0.603456 0.116474
vt 0.626958 0.485559
vt 0.597360 0.485559
vt 0.598964 0.485559
vt 0.594472 0.485559
vt 0.605060 0.116474
vt 0.599892 0.585685
vt 0.666546 0.590897
vt 0.616707 0.606533
vt 0.558524 0.585685
vt 0.625178 0.560124
vt 0.558524 0.560124
vt 0.558523 0.041047
vt 0.558523 0.000000
vt 0.625178 0.041048
vt 0.625178 0.288909
vt 0.625178 0.529234
vt 0.558524 0.529234
vt 0.558524 0.505881
vt 0.625178 0.505881
vt 0.625178 0.071937
vt 0.558523 0.095291
vt 0.558523 0.071937
vt 0.625178 0.095291
vt 0.625178 0.474991
vt 0.558524 0.474991
vt 0.625178 0.451638
vt 0.558524 0.451638
vt 0.558524 0.149534
vt 0.558524 0.126180
vt 0.625178 0.126180
vt 0.625178 0.420748
vt 0.558524 0.420748
vt 0.558524 0.397395
vt 0.625178 0.149534
vt 0.558524 0.366505
vt 0.625178 0.343152
vt 0.558524 0.343152
vt 0.558524 0.203777
vt 0.558524 0.180423
vt 0.625178 0.180423
vt 0.625178 0.312262
vt 0.558524 0.312262
vt 0.558524 0.288909
vt 0.625178 0.258020
vt 0.558524 0.258020
vt 0.558524 0.234666
vt 0.954264 0.787229
vt 0.984285 0.111195
vt 0.399928 0.696881
vt 0.466583 0.702093
vt 0.416744 0.717729
vt 0.645798 0.849351
vt 0.066655 0.808077
vt 0.083471 0.808077
vt 0.075063 0.908848
vt 0.307711 0.898425
vt 0.430817 0.898425
vt 0.554374 0.898425
vt 0.585264 0.898425
vt 0.461707 0.898425
vt 0.583076 0.696881
vt 0.589981 0.597973
vt 0.181727 0.079805
vt 0.242380 0.079805
vt 0.242380 0.544638
vt 0.242380 0.513749
vt 0.242380 0.436152
vt 0.242380 0.110694
vt 0.242380 0.405263
vt 0.242380 0.327666
vt 0.242380 0.188291
vt 0.736374 0.544638
vt 0.669719 0.544638
vt 0.669719 0.025562
vt 0.669719 0.000000
vt 0.736373 0.025562
vt 0.736374 0.296777
vt 0.736374 0.513749
vt 0.669719 0.513749
vt 0.669719 0.490395
vt 0.736374 0.490395
vt 0.736373 0.056451
vt 0.669719 0.079805
vt 0.669719 0.056451
vt 0.736373 0.079805
vt 0.736374 0.459506
vt 0.669719 0.459506
vt 0.669719 0.436152
vt 0.736374 0.436152
vt 0.669719 0.134048
vt 0.669719 0.110694
vt 0.736374 0.134048
vt 0.736373 0.110694
vt 0.736374 0.405263
vt 0.669719 0.405263
vt 0.669719 0.381909
vt 0.669719 0.351020
vt 0.669719 0.327666
vt 0.736374 0.327666
vt 0.669719 0.188291
vt 0.669719 0.164937
vt 0.736374 0.164937
vt 0.669720 0.296777
vt 0.669720 0.273423
vt 0.736374 0.273423
vt 0.736374 0.242534
vt 0.669719 0.242534
vt 0.669719 0.219180
vt 0.181727 0.544638
vt 0.181727 0.110694
vt 0.181727 0.188291
vt 0.181727 0.513749
vt 0.181727 0.436152
vt 0.937577 0.111196
vt 0.937577 0.000000
vt 0.960931 0.000000
vt 0.914223 0.111196
vt 0.914223 0.000000
vt 0.937577 0.000000
vt 0.960931 0.444783
vt 0.914223 0.333587
vt 0.937577 0.333587
vt 0.866509 0.696881
vt 0.316457 0.808077
vt 0.323362 0.709168
vt 0.000000 0.808077
vt 0.066654 0.813288
vt 0.016816 0.828924
vt 0.645798 0.515158
vt 0.645798 0.682255
vt 0.676254 0.597720
vt 0.683362 0.696881
vt 0.666546 0.696881
vt 0.645798 0.264513
vt 0.645798 0.348061
vt 0.143017 0.597721
vt 0.150125 0.696881
vt 0.133309 0.696881
vt 0.645798 0.097416
vt 0.645798 0.180964
vt 0.492596 0.959077
vt 0.647042 0.959077
vt 0.616153 0.959077
vt 0.358835 0.898424
vt 0.521641 0.071937
vt 0.521641 0.041047
vt 0.521641 0.505881
vt 0.521641 0.474991
vt 0.521641 0.397395
vt 0.460989 0.149533
vt 0.521641 0.149533
vt 0.521641 0.180423
vt 0.460989 0.041047
vt 0.460989 0.505881
vt 0.460989 0.071937
vt 0.460989 0.474991
vt 0.460989 0.397395
vt 0.847569 0.333587
vt 0.830753 0.333587
vt 0.839161 0.232815
vt 0.645798 0.598706
vt 0.847569 0.222391
vt 0.830753 0.222391
vt 0.837862 0.123230
vt 0.914223 0.555978
vt 0.897408 0.555978
vt 0.904516 0.456817
vt 0.733201 0.585685
vt 0.750017 0.585685
vt 0.742908 0.684846
vt 0.645798 0.264513
vt 0.199964 0.585685
vt 0.216780 0.585685
vt 0.209671 0.684846
vt 0.645798 0.097416
vt 0.645798 0.180964
vt 0.937577 0.000000
vt 0.960931 0.000000
vt 0.960931 0.111196
vt 0.914223 0.000000
vt 0.937577 0.000000
vt 0.937577 0.111196
vt 0.209671 0.820111
vt 0.216780 0.919272
vt 0.009707 0.820111
vt 0.016816 0.919272
vt 0.000000 0.919272
vt 0.847569 0.338798
vt 0.797731 0.354434
vt 0.797731 0.020847
vt 0.342981 0.708916
vt 0.350089 0.808076
vt 0.288429 0.833800
vt 0.158072 0.866994
vt 0.190661 0.800605
vt 0.125483 0.833799
vt 0.223250 0.866994
vt 0.288429 0.866994
vt 0.125483 0.866994
vt 0.158072 0.900188
vt 0.043786 0.585282
vt 0.386212 0.585282
vt 0.043786 0.027469
vt 0.386213 0.027469
vt 0.386213 0.310558
vt 0.386212 0.552087
vt 0.386212 0.526991
vt 0.386213 0.069029
vt 0.386212 0.477065
vt 0.386213 0.118955
vt 0.386212 0.435506
vt 0.386212 0.410409
vt 0.386212 0.352118
vt 0.386213 0.144051
vt 0.386213 0.177246
vt 0.386212 0.260633
vt 0.043786 0.260633
vt 0.789085 0.769397
vt 0.756496 0.940610
vt 0.756496 0.769397
vt 0.821675 0.940610
vt 0.363927 0.800605
vt 0.396517 0.629392
vt 0.396517 0.800605
vt 0.075290 0.800605
vt 0.100386 0.875378
vt 0.978943 0.398790
vt 0.978943 0.598184
vt 0.953847 0.473563
vt 0.980154 0.199395
vt 0.980154 0.398790
vt 0.955057 0.324017
vt 0.496387 0.448638
vt 0.507303 0.149546
vt 0.463193 0.448638
vt 0.507303 0.049849
vt 0.693738 0.199395
vt 0.158072 0.900188
vt 0.223251 0.800605
vt 0.418786 0.833800
vt 0.288429 0.866994
vt 0.353608 0.866994
vt 0.386197 0.866994
vt 0.418786 0.866994
vt 0.043786 0.318924
vt 0.043786 0.060664
vt 0.043786 0.085760
vt 0.043786 0.552087
vt 0.043786 0.526991
vt 0.043786 0.118954
vt 0.043786 0.144051
vt 0.043786 0.493796
vt 0.043786 0.177245
vt 0.043786 0.468700
vt 0.043786 0.435505
vt 0.043786 0.293827
vt 0.043786 0.352118
vt 0.899584 0.171213
vt 0.899584 0.000000
vt 0.932174 0.171213
vt 0.860920 0.769397
vt 0.860920 0.598185
vt 0.893509 0.769397
vt 0.886853 0.940610
vt 0.886853 0.769397
vt 0.919442 0.940610
vt 0.726327 0.398790
vt 0.671460 0.049849
vt 0.671460 0.149546
vt 0.638870 0.124622
vt 0.725722 0.598184
vt 0.693738 0.398790
vt 0.693738 0.249244
vt 0.726327 0.274168
vt 0.050193 0.800605
vt 0.025097 0.800605
vt 0.561009 0.160537
vt 0.755621 0.160537
vt 0.755621 0.839463
vt 0.561009 0.839463
vt 1.000000 0.253960
vt 1.000000 0.746040
vt 0.561009 0.503922
vt 0.561009 0.503922
vt 0.960931 0.333587
vt 0.937577 0.222391
vt 0.399928 0.808077
vt 0.416744 0.808077
vt 0.409839 0.709169
vt 0.190256 0.820111
vt 0.183148 0.919272
vt 0.054496 0.515158
vt 0.054496 0.682255
vt 0.742908 0.684846
vt 0.054496 0.431609
vt 0.054496 0.264513
vt 0.054496 0.348061
vt 0.209672 0.684846
vt 0.054496 0.097416
vt 0.242380 0.513749
vt 0.242380 0.544638
vt 0.279262 -0.000000
vt 0.242380 0.079805
vt 0.242380 0.110694
vt 0.242380 0.188291
vt 0.242380 0.436152
vt 0.242380 0.219180
vt 0.242380 0.405263
vt 0.984285 0.111196
vt 0.333273 0.696881
vt 0.266619 0.702093
vt 0.316457 0.717729
vt 0.054496 0.849351
vt 0.839161 0.232815
vt 0.837862 0.123230
vt 0.367610 0.515158
vt 0.904516 0.456817
vt 0.367610 0.682255
vt 0.609599 0.796042
vt 0.616708 0.696881
vt 0.599892 0.696881
vt 0.742908 0.684846
vt 0.367610 0.431610
vt 0.367610 0.264513
vt 0.367610 0.348061
vt 0.209671 0.684846
vt 0.209671 0.796042
vt 0.216780 0.696881
vt 0.367610 0.180964
vt 0.367610 0.849351
vt 0.367610 0.765803
vt 0.367610 0.097416
vt 0.463193 0.398790
vt 0.429998 0.473563
vt 0.562776 0.473563
vt 0.530187 0.473563
vt 0.922468 0.199395
vt 0.889879 0.199395
vt 0.889879 0.370608
vt 0.560960 0.769397
vt 0.528371 0.769397
vt 0.528371 0.940610
vt 0.463193 0.940610
vt 0.495782 0.940610
vt 0.495782 0.769397
vt 0.919442 0.769397
vt 0.919442 0.940610
vt 0.321018 0.817202
vt 0.386197 0.828267
vt 0.158072 0.817202
vt 0.255840 0.837949
vt 0.321018 0.839332
vt 0.158072 0.850397
vt 0.043786 0.585282
vt 0.386213 0.069029
vt 0.386212 0.552087
vt 0.386213 0.118955
vt 0.386213 0.144051
vt 0.386212 0.526991
vt 0.386212 0.477065
vt 0.386213 0.177246
vt 0.386213 0.235536
vt 0.043786 0.260633
vt 0.386212 0.435506
vt 0.386212 0.352118
vt 0.016597 0.629392
vt 0.000000 0.800605
vt 0.033194 0.800605
vt 0.495782 0.598184
vt 0.512379 0.769397
vt 0.712756 0.598185
vt 0.696158 0.769397
vt 0.729353 0.769397
vt 0.764643 0.769397
vt 0.789085 0.940610
vt 0.429998 0.274168
vt 0.573692 0.124622
vt 0.043786 0.027469
vt 0.043786 0.526991
vt 0.043786 0.060664
vt 0.043786 0.493796
vt 0.043786 0.468700
vt 0.043786 0.085760
vt 0.043786 0.118954
vt 0.043786 0.410409
vt 0.043786 0.360483
vt 0.043786 0.177245
vt 0.043786 0.293827
vt 0.932174 0.171213
vt 0.834406 0.000000
vt 0.866995 0.171213
vt 0.866995 0.000000
vt 0.893509 0.598185
vt 0.867438 0.769397
vt 0.919442 0.769397
vt 0.893371 0.940610
vt 0.726327 0.324017
vt 0.025097 1.000000
vt 0.839463 0.501307
vt 0.839463 0.498693
vt 0.160537 0.501307
vt 0.438991 0.839463
vt 0.244379 0.839463
vt 0.000000 0.746040
vt 0.000000 0.253960
vt 0.244379 0.160537
vt 0.438991 0.160537
vt 0.837862 0.234426
vt 0.645798 0.348061
vt 0.937577 0.333587
vt 0.209671 0.820111
vt 0.847569 0.337756
vt 0.858101 0.686457
vt 0.849694 0.585685
vt 0.866509 0.585685
vt 0.645798 0.765803
vt 0.840461 0.231204
vt 0.608300 0.797653
vt 0.937577 0.333587
vt 0.847569 0.341926
vt 0.790622 0.012035
vt 0.797731 0.111195
vt 0.780915 0.111195
vt 0.676254 0.597720
vt 0.528976 0.598184
vt 0.628559 0.398790
vt 0.660544 0.598184
vt 0.321018 0.837949
vt 0.386212 0.318924
vt 0.386213 0.060664
vt 0.386213 0.027469
vt 0.386212 0.493796
vt 0.386212 0.468700
vt 0.386213 0.085760
vt 0.386212 0.377215
vt 0.386213 0.293827
vt 0.050193 1.000000
vt 0.025097 0.875378
vt 0.025097 1.000000
vt 0.463193 0.583983
vt 0.429998 0.560316
vt 0.769227 0.161526
vt 0.736638 0.199395
vt 0.628559 0.213596
vt 0.043786 0.069029
vt 0.926099 0.769397
vt 0.926099 0.598185
vt 0.958688 0.769397
vt 0.100386 1.000000
vt 0.955057 0.274168
vt 0.616707 0.696881
vt 0.609803 0.597973
vt 0.847569 0.222391
vt 0.780915 0.226561
vt 0.830753 0.243239
vt 0.609599 0.796042
vt 0.533237 0.590897
vt 0.583076 0.606533
vt 0.780915 0.444782
vt 0.797731 0.444782
vt 0.790622 0.345621
vt 0.054496 0.348061
vt 0.460989 0.505881
vt 0.907115 0.453595
vt 0.609599 0.796042
vt 0.199964 0.808076
vt 0.266619 0.803907
vt 0.216780 0.787229
vt 0.066655 0.696881
vt 0.049839 0.696881
vt 0.056947 0.796042
vt 0.507303 0.049849
vt 0.507303 0.199395
vt 0.540497 0.074773
vt 0.223251 0.850397
vt 0.386197 0.817202
vt 0.386213 0.060664
vt 0.386213 0.085760
vt 0.386212 0.535356
vt 0.386212 0.468700
vt 0.386212 0.293827
vt 0.745950 0.769397
vt 0.762547 0.598185
vt 0.729353 0.598185
vt 0.215763 0.629392
vt 0.199166 0.800605
vt 0.232360 0.800605
vt 0.955057 0.199395
vt 0.726327 0.348941
vt 0.758311 0.548336
vt 0.496387 0.324017
vt 0.255840 0.806138
vt 0.043786 0.552087
vt 0.043786 0.526991
vt 0.043786 0.352118
vt 0.043786 0.177245
vt 0.043786 0.293827
vt 0.958688 0.598185
vt 0.934246 0.769397
vt 0.834406 -0.000000
vt 0.839463 0.501307
vt 0.160537 0.498693
vt 0.253960 0.503922
vt 0.253960 0.496078
vt 0.839463 0.498693
vt 0.438991 0.499564
vt 0.191041 0.581254
vt 0.059906 0.581254
vt 0.059906 0.515686
vt 0.191041 0.515686
vt -0.104763 0.515686
vt -0.104763 0.356685
vt 0.191041 0.170331
vt 0.059906 0.170331
vt -0.104764 0.170331
vt 0.059906 0.104764
vt 0.191041 0.104764
vt 0.285450 0.515686
vt 0.285450 0.170331
vt 0.416585 0.581254
vt 0.285450 0.581254
vt 0.416585 0.515686
vt 0.581254 0.515687
vt 0.285450 0.104764
vt 0.416585 0.104764
vt 0.667531 0.581254
vt 0.536396 0.581254
vt 0.536396 0.515686
vt 0.667531 0.515686
vt 0.371727 0.515686
vt 0.371727 0.356685
vt 0.667531 0.170331
vt 0.536396 0.170331
vt 0.371727 0.170331
vt 0.536396 0.104764
vt 0.667531 0.104764
vt 0.761940 0.515686
vt 0.761940 0.170331
vt 0.893075 0.581254
vt 0.761940 0.581254
vt 0.893075 0.515686
vt 1.057744 0.356685
vt 0.761940 0.104764
vt 0.893075 0.170331
vt 0.893075 0.104764
vt 1.057744 0.515687
vt 1.057745 0.170331
vt 1.353689 -0.014505
vt 3.928507 -0.014505
vt 2.524923 -0.014505
vt 3.753059 -0.014505
vt 2.265339 0.102395
vt 2.030616 0.102396
vt 2.030616 -0.014505
vt 2.512492 0.102396
vt 2.277770 0.102395
vt 2.277770 -0.014505
vt 3.051266 0.102395
vt -0.166910 -0.014505
vt 3.226714 0.102396
vt 0.676763 -0.014505
vt 2.265339 -0.014505
vt 3.577610 -0.014505
vt 4.799571 -0.014505
vt -0.588748 0.102395
vt 2.875819 -0.014505
vt 1.692152 -0.014505
vt 0.254926 0.102395
vt 2.700371 0.102396
vt 1.015226 -0.014505
vt 2.512492 -0.014505
vt 3.402163 0.102395
vt -1.010585 -0.014505
vt 0.478060 0.408224
vt 0.478060 0.533867
vt 0.410079 0.533867
vt 0.410079 0.711692
vt 0.067981 0.711692
vt 0.000000 0.533867
vt 0.000000 0.408223
vt 0.067981 0.303469
vt 0.000000 0.303469
vt 0.000000 0.177825
vt 0.478060 0.177825
vt 0.478060 0.303468
vt 0.067981 0.000000
vt 0.410079 0.000000
vt 4.521100 0.128246
vt 3.492208 0.128246
vt 7.141664 0.128246
vt 5.707386 0.128246
vt 1.872555 0.128246
vt 6.188878 0.128246
vt 6.569992 0.128246
vt 5.998320 0.128246
vt 3.201273 0.128246
vt 3.982591 0.128246
vt 2.710890 0.128246
vt 4.173148 0.128246
vt 6.379435 0.128246
vt 5.359435 0.128246
vt 6.760549 0.128246
vt 2.362938 0.128246
vt 0.933777 0.128246
vt 7.332221 0.128246
vt 6.951106 0.128246
vt 5.011483 0.128246
vt 0.678225 0.076922
vt 0.678225 -0.100636
vt 0.959025 -0.100636
vt 0.959025 1.100636
vt 0.678225 1.100636
vt 1.423483 0.076922
vt 1.423484 0.923078
vt 0.357249 1.100636
vt 0.076449 1.100636
vt 0.076449 0.923078
vt -0.388009 0.923078
vt -0.388009 0.076922
vt 0.076450 -0.100636
vt 0.357250 -0.100636
vt 0.678225 0.461570
vt 0.357250 0.461570
vt 1.423483 0.461570
vt 0.357250 0.461570
vt -0.388009 0.461570
vt 0.076449 0.461570
vt 0.959025 0.461570
vt 0.076450 0.461570
vt 0.448307 0.424310
vt 0.804742 0.819776
vt 0.808499 0.917394
vt 0.800986 0.917394
vt 0.787185 0.819776
vt 0.790941 0.924097
vt 0.783428 0.924097
vt 0.447740 0.424310
vt 0.514451 0.399862
vt 0.450765 0.399862
vt 0.463503 0.600137
vt 0.399862 0.362234
vt 0.331257 0.362234
vt 0.668743 0.362234
vt 0.549235 0.637766
vt 0.450765 0.637766
vt 0.450765 0.331257
vt 0.350645 0.424310
vt 0.350077 0.424310
vt 0.921824 0.492925
vt 0.929337 0.492925
vt 0.925581 0.590542
vt 0.792207 0.819776
vt 0.799720 0.819776
vt 0.795963 0.924097
vt 0.536843 0.068605
vt 0.473158 0.068605
vt 0.489079 0.268881
vt 0.068605 0.362234
vt 0.000000 0.362234
vt 0.041514 0.605998
vt 0.337487 0.362234
vt 0.473158 0.000000
vt 0.485895 0.731119
vt 0.473158 0.931395
vt 0.536843 0.931395
vt 0.931395 0.362234
vt 1.000000 0.362234
vt 0.662513 0.362234
vt 0.485895 0.268881
vt 0.489079 0.731119
vt 1.000000 0.797382
vt 0.819178 0.797382
vt 0.000000 0.797382
vt 0.180821 0.797382
vt 0.819179 0.000000
vt 0.180821 -0.000000
vt 0.410181 0.875014
s 1
usemtl GT_MC_Facade_3B
f 36/31/21 10/32/20 322/33/31
f 46/34/32 9/35/33 71/36/34
f 44/37/35 28/38/36 88/39/37
f 16/40/12 17/41/38 77/42/39
f 50/43/32 2/44/33 63/45/34
f 46/49/32 11/50/19 36/51/21
f 50/52/32 5/53/28 37/54/30
f 107/55/42 106/56/43 53/57/44
f 104/58/45 109/59/46 55/60/47
f 108/61/48 105/62/49 57/63/50
f 110/64/51 111/65/52 59/62/53
f 112/66/54 113/67/55 61/68/56
f 108/77/48 58/78/83 93/79/84
f 91/80/85 78/81/86 101/82/63
f 90/83/87 105/84/49 55/85/47
f 82/86/68 74/87/69 22/88/88
f 92/89/89 85/90/57 42/91/90
f 51/92/91 89/93/92 29/94/93
f 170/61/105 171/122/106 115/123/107
f 173/124/108 168/67/109 117/125/110
f 169/126/111 172/127/112 119/128/113
f 175/129/114 174/65/115 121/130/116
f 177/131/117 176/132/118 123/133/119
f 257/164/150 172/165/112 118/166/151
f 161/31/140 134/32/139 153/33/152
f 119/167/113 175/168/114 154/169/153
f 183/170/144 130/171/154 192/172/155
f 191/173/156 182/174/157 129/175/158
f 181/176/159 133/35/160 195/36/161
f 222/177/159 144/178/162 207/179/163
f 180/37/164 151/38/165 214/39/166
f 223/180/167 140/41/168 203/42/169
f 167/181/170 155/91/171 178/89/172
f 189/182/173 152/183/174 127/184/175
f 184/185/176 125/44/177 186/45/178
f 167/186/170 148/187/120 166/188/122
f 179/189/179 146/190/123 156/191/125
f 165/201/187 136/202/135 164/203/137
f 217/80/209 204/81/200 227/82/210
f 208/86/202 165/246/187 145/88/183
f 212/247/211 179/248/179 149/249/212
f 217/425/251 323/83/252 216/83/251
f 355/427/268 342/428/86 363/429/63
f 346/430/68 338/431/69 406/432/88
f 409/178/269 347/433/256 367/434/270
f 431/56/282 432/55/283 377/57/284
f 434/59/285 429/58/286 379/60/287
f 430/62/288 433/61/289 381/63/290
f 436/65/291 435/64/292 383/62/293
f 438/67/294 437/66/295 385/68/296
f 610/462/307 433/463/289 380/464/308
f 422/465/21 394/466/301 413/467/309
f 381/468/290 436/469/291 414/425/310
f 370/470/32 393/471/33 335/472/34
f 368/473/35 411/176/311 352/474/258
f 400/475/12 401/476/38 341/477/39
f 428/90/312 415/89/313 366/478/314
f 374/479/315 387/480/304 327/481/279
f 428/482/312 408/483/272 427/484/298
f 370/488/32 395/489/19 422/490/21
f 374/491/315 390/492/278 423/493/306
f 495/122/316 494/61/317 440/123/318
f 492/67/319 497/124/320 442/125/321
f 496/127/322 493/126/323 444/128/324
f 498/65/325 499/129/326 446/130/327
f 500/132/328 501/131/329 448/133/330
f 496/165/322 445/504/353 592/505/354
f 480/427/209 468/428/341 489/429/355
f 479/506/356 493/507/323 442/508/321
f 456/171/357 510/509/358 509/172/359
f 455/175/360 508/510/361 506/173/362
f 459/35/363 507/176/364 505/36/365
f 472/430/363 551/511/366 531/432/367
f 471/178/368 544/177/364 530/179/365
f 477/38/369 504/37/370 537/39/371
f 467/41/372 545/180/373 526/42/374
f 475/512/333 503/433/334 535/178/375
f 481/91/172 553/513/170 502/514/171
f 453/184/376 538/515/377 513/182/378
f 450/44/363 512/185/179 511/45/365
f 547/465/401 520/466/400 323/467/252
f 553/482/170 534/556/379 552/557/122
f 545/558/373 525/559/382 549/560/395
f 544/561/364 524/562/384 543/563/397
f 504/564/370 523/565/385 546/566/393
f 551/567/366 522/568/135 550/569/399
f 507/488/364 521/570/384 547/571/401
f 512/491/179 517/572/387 548/573/406
f 510/574/358 516/575/384 541/576/404
f 354/506/465 355/169/268 322/646/31
f 673/31/21 645/32/485 665/33/492
f 683/510/493 640/175/494 703/173/495
f 682/34/32 644/35/496 707/36/497
f 648/431/481 657/430/498 719/432/499
f 733/180/500 652/41/501 714/42/502
f 678/181/312 667/91/313 679/89/314
f 686/43/491 637/44/38 699/45/39
f 678/186/312 660/648/466 677/649/468
f 681/653/506 649/654/472 672/655/474
f 682/49/32 646/50/484 673/51/21
f 743/55/42 742/56/43 689/57/44
f 740/58/45 745/59/46 691/60/47
f 744/61/48 741/62/49 693/63/50
f 746/64/508 747/65/509 695/62/510
f 748/66/511 749/67/512 697/68/513
f 744/77/48 694/78/534 728/79/535
f 727/80/536 715/81/522 737/82/537
f 726/83/87 741/84/49 691/85/47
f 656/659/504 712/471/538 650/472/478
f 724/176/539 681/473/506 663/474/469
f 687/92/489 725/93/540 664/94/541
f 803/61/549 804/122/550 751/123/551
f 806/124/552 801/67/553 753/125/554
f 802/126/555 805/127/556 755/128/557
f 808/129/558 807/65/115 757/130/116
f 810/131/117 809/132/118 759/133/119
f 883/664/588 805/165/556 754/166/589
f 796/31/578 769/32/577 788/33/590
f 755/167/557 808/168/558 789/169/591
f 816/509/592 765/171/593 825/172/594
f 824/173/595 815/174/596 764/175/597
f 814/665/364 768/35/598 828/36/599
f 859/511/600 780/430/601 840/432/602
f 794/666/603 779/178/568 839/179/604
f 813/37/605 786/38/606 845/39/607
f 853/180/608 775/41/565 835/42/609
f 812/434/610 784/512/251 843/178/611
f 822/182/612 787/183/174 763/184/613
f 794/671/603 773/672/385 793/673/572
f 814/674/364 770/50/576 796/675/578
f 847/80/636 836/81/637 857/82/626
f 848/89/638 842/90/614 811/678/639
f 820/480/634 818/679/585 817/481/622
f 952/646/664 666/169/247 665/506/247
f 983/427/692 972/428/522 992/429/537
f 976/430/693 1056/511/694 1035/432/695
f 1034/179/504 969/739/696 1028/177/697
f 981/38/669 997/740/671 1041/39/698
f 957/44/688 1004/185/699 1003/45/700
f 1061/56/282 1062/55/283 1007/57/284
f 1064/59/285 1059/58/286 1009/60/287
f 1060/62/288 1063/61/289 1011/63/290
f 1066/65/712 1065/64/713 1013/62/714
f 1068/67/715 1067/66/716 1015/68/717
f 1249/462/307 1063/463/289 1010/464/308
f 1052/465/21 1023/466/726 1043/467/731
f 1011/468/290 1066/469/712 1044/425/732
f 999/470/32 1022/471/733 965/472/704
f 988/743/500 1030/476/734 971/477/673
f 996/248/670 1039/247/494 979/249/667
f 1058/90/312 1045/89/313 995/478/314
f 1058/482/312 1038/483/701 1057/557/298
f 1056/567/694 1026/746/705 1055/569/725
f 999/488/32 1024/489/710 1052/490/21
f 1125/122/736 1124/61/737 1070/123/738
f 1122/67/739 1127/124/740 1072/125/741
f 1126/127/742 1123/126/743 1074/128/744
f 1128/65/325 1129/129/326 1076/130/327
f 1130/132/745 1131/131/746 1078/133/747
f 1126/165/742 1075/504/353 1183/505/772
f 1111/427/773 1098/428/637 1119/429/756
f 1110/506/774 1123/507/743 1072/508/741
f 1086/171/766 1140/749/775 1139/172/776
f 1085/175/777 1138/510/778 1136/173/779
f 1089/35/780 1137/176/370 1135/36/781
f 1102/430/363 1181/511/782 1161/432/374
f 1101/178/757 1175/177/603 1160/179/783
f 1108/38/784 1134/37/785 1166/39/786
f 1097/41/787 1155/180/788 1156/42/789
f 1083/184/771 1109/183/790 1143/182/791
f 1080/44/769 1142/185/370 1141/45/792
f 1177/465/808 1150/466/807 1168/467/813
f 1133/750/795 1164/247/800 1106/249/793
f 1105/751/750 1170/89/814 1132/91/815
f 1175/561/603 1154/562/385 1174/563/572
f 1134/564/785 1153/565/796 1176/753/802
f 1181/567/782 1152/568/798 1180/754/806
f 1137/488/370 1151/570/798 1177/571/808
f 1142/491/370 1147/572/387 1178/573/812
f 953/83/849 1169/425/251 1168/83/251
s 0
f 1674/1097/1048 1673/1098/1048 1675/1099/1048
f 1667/1100/1049 1668/1101/1049 1665/1102/1049
f 1666/1103/1050 1665/1098/1050 1668/1101/1050
f 1671/1100/1049 1672/1101/1049 1669/1102/1049
f 1670/1103/1050 1669/1098/1050 1672/1101/1050
f 1673/1098/1051 1676/1104/1051 1675/1099/1051
f 1680/1101/1052 1679/1100/1052 1677/1102/1052
f 1677/1098/1053 1678/1103/1053 1680/1101/1053
f 1684/1101/1052 1683/1100/1052 1681/1102/1052
f 1681/1098/1053 1682/1103/1053 1684/1101/1053
f 1694/1097/1048 1693/1098/1048 1695/1099/1048
f 1687/1100/1049 1688/1101/1049 1685/1102/1049
f 1686/1103/1050 1685/1098/1050 1688/1101/1050
f 1691/1100/1049 1692/1101/1049 1689/1102/1049
f 1690/1103/1050 1689/1098/1050 1692/1101/1050
f 1693/1098/1051 1696/1104/1051 1695/1099/1051
f 1700/1101/1052 1699/1100/1052 1697/1102/1052
f 1697/1098/1053 1698/1103/1053 1700/1101/1053
f 1704/1101/1052 1703/1100/1052 1701/1102/1052
f 1701/1098/1053 1702/1103/1053 1704/1101/1053
f 1715/1097/1048 1714/1098/1048 1705/1099/1048
f 1708/1100/1049 1709/1101/1049 1706/1102/1049
f 1707/1103/1050 1706/1098/1050 1709/1101/1050
f 1712/1100/1049 1713/1101/1049 1710/1102/1049
f 1711/1103/1050 1710/1098/1050 1713/1101/1050
f 1714/1098/1051 1716/1104/1051 1705/1099/1051
f 1720/1101/1052 1719/1100/1052 1717/1102/1052
f 1717/1098/1053 1718/1103/1053 1720/1101/1053
f 1724/1101/1052 1723/1105/1052 1721/1102/1052
f 1721/1098/1053 1722/1103/1053 1724/1101/1053
f 1729/1100/1049 1730/1101/1049 1727/1102/1049
f 1728/1103/1050 1727/1098/1050 1730/1101/1050
f 1733/1100/1049 1734/1101/1049 1731/1102/1049
f 1732/1103/1050 1731/1098/1050 1734/1101/1050
f 1726/1106/1054 1735/1098/1054 1725/1107/1054
f 1735/1098/1055 1736/1097/1055 1725/1107/1055
f 1740/1101/1052 1739/1100/1052 1737/1102/1052
f 1737/1098/1053 1738/1103/1053 1740/1101/1053
f 1744/1101/1052 1743/1105/1052 1741/1102/1052
f 1741/1098/1053 1742/1103/1053 1744/1101/1053
s 1
f 48/1108/1061 8/1109/1060 6/1110/22
f 30/427/1062 42/1111/1063 41/1112/3
f 42/1111/1063 25/1113/1 41/1112/3
f 51/1114/91 29/1115/93 3/1116/29
f 29/1115/93 322/33/31 3/1116/29
f 322/33/31 30/427/1062 40/1117/18
f 30/427/1062 41/1112/3 27/1118/2
f 27/1118/2 26/1119/1056 23/1120/4
f 30/427/1062 27/1118/2 31/1121/6
f 37/1122/30 3/1116/29 322/33/31
f 2/1123/33 50/1124/32 37/1122/30
f 1/1125/26 2/1123/33 37/1122/30
f 27/1118/2 23/1120/4 31/1121/6
f 24/1126/5 28/1127/1057 35/1128/9
f 28/1127/1057 14/1129/7 35/1128/9
f 30/427/1062 31/1121/6 24/1126/5
f 30/427/1062 24/1126/5 35/1128/9
f 1/1125/26 37/1122/30 322/33/31
f 48/1130/1064 4/1131/25 32/1132/27
f 32/1132/27 1/1125/26 322/33/31
f 30/427/1062 35/1128/9 19/1133/8
f 19/1133/8 17/1134/38 38/429/11
f 17/1134/38 16/1135/12 38/429/11
f 30/427/1062 19/1133/8 38/429/11
f 8/1136/1060 48/1130/1064 32/1132/27
f 18/428/1058 39/1137/1064 34/1138/15
f 39/1137/1064 15/1139/13 34/1138/15
f 30/427/1062 38/429/11 18/428/1058
f 30/427/1062 18/428/1058 34/1138/15
f 8/1136/1060 32/1132/27 322/33/31
f 45/1140/1059 12/1141/24 33/1142/23
f 33/1142/23 8/1136/1060 322/33/31
f 30/427/1062 34/1138/15 20/1143/14
f 20/1143/14 22/1144/88 40/1117/18
f 22/1144/88 13/1145/16 40/1117/18
f 30/427/1062 20/1143/14 40/1117/18
f 10/32/20 45/1140/1059 33/1142/23
f 7/1146/17 9/1147/33 36/31/21
f 9/1147/33 46/1148/32 36/31/21
f 322/33/31 40/1117/18 7/1146/17
f 10/32/20 33/1142/23 322/33/31
f 322/33/31 7/1146/17 36/31/21
f 49/509/104 4/749/25 48/171/1061
f 47/510/99 12/174/24 45/175/1059
f 74/511/69 13/431/16 22/1149/88
f 75/177/97 15/739/13 39/178/1061
f 44/37/35 14/1150/7 28/38/36
f 43/434/1065 23/433/1066 26/512/1056
f 85/513/57 25/181/1 42/91/90
f 39/1151/1061 18/1152/1058 21/1153/10
f 43/1155/1065 83/1156/40 23/1157/1066
f 107/55/42 52/1158/1067 106/56/43
f 104/58/45 54/1159/1068 109/59/46
f 108/61/48 56/1160/1069 105/62/49
f 110/64/51 58/1161/83 111/65/52
f 112/66/54 60/1162/1070 113/67/55
f 48/1108/1061 6/1163/22 68/1164/1080
f 61/1165/56 93/79/84 112/1166/54
f 93/79/84 296/462/1081 108/77/48
f 296/462/1081 52/1167/1067 107/1168/42
f 296/462/1081 107/1168/42 54/1169/1068
f 60/1170/1070 112/1166/54 93/79/84
f 296/462/1081 54/1169/1068 104/1171/45
f 296/462/1081 104/1171/45 56/1172/1069
f 110/1173/51 60/1170/1070 93/79/84
f 58/78/83 110/1173/51 93/79/84
f 296/462/1081 56/1172/1069 108/77/48
f 90/467/1082 89/427/1083 64/1174/81
f 89/427/1083 65/1175/82 64/1174/81
f 85/1176/57 92/1177/89 103/1178/1071
f 92/1177/89 91/80/85 103/1178/1071
f 91/80/85 90/467/1082 102/1179/1075
f 90/467/1082 64/1174/81 100/1180/1079
f 100/1180/1079 66/1181/80 63/1182/71
f 90/467/1082 100/1180/1079 62/1183/79
f 87/1184/58 103/1178/1071 91/80/85
f 43/1185/1084 86/1186/59 87/1184/58
f 94/1187/1072 43/1185/1084 87/1184/58
f 100/1180/1079 63/1182/71 62/1183/79
f 95/1188/1078 49/1189/78 68/1190/76
f 90/467/1082 62/1183/79 95/1188/1078
f 95/1188/1078 68/1190/76 70/1191/1077
f 90/467/1082 95/1188/1078 70/1191/1077
f 94/1187/1072 87/1184/58 91/80/85
f 44/1192/35 88/1193/37 98/1194/1073
f 88/1193/37 84/1195/60 98/1194/1073
f 84/1195/60 94/1187/1072 91/80/85
f 90/467/1082 70/1191/1077 96/1196/75
f 96/1196/75 47/1197/77 67/1198/74
f 90/467/1082 96/1196/75 72/466/73
f 96/1196/75 67/1198/74 72/466/73
f 99/465/1076 73/1199/72 71/1200/71
f 90/467/1082 72/466/73 99/465/1076
f 99/465/1076 71/1200/71 69/1201/70
f 90/467/1082 99/465/1076 69/1201/70
f 98/1194/1073 84/1195/60 91/80/85
f 76/1202/65 77/1203/62 101/82/63
f 77/1203/62 79/1204/61 101/82/63
f 79/1204/61 98/1194/1073 91/80/85
f 90/467/1082 69/1201/70 102/1179/1075
f 102/1179/1075 74/1205/69 82/1206/68
f 102/1179/1075 82/1206/68 80/1207/67
f 97/1208/1074 75/1209/66 81/1210/64
f 91/80/85 102/1179/1075 80/1207/67
f 97/1208/1074 81/1210/64 78/81/86
f 91/80/85 80/1207/67 97/1208/1074
f 101/82/63 79/1204/61 91/80/85
f 91/80/85 97/1208/1074 78/81/86
f 91/425/1085 93/79/84 61/1165/56
f 52/1167/1067 296/462/1081 106/1211/43
f 296/462/1081 90/83/87 106/1211/43
f 90/83/87 91/425/1085 57/468/50
f 91/425/1085 61/1165/56 113/1212/55
f 113/1212/55 60/1170/1070 110/1173/51
f 91/425/1085 113/1212/55 59/1213/53
f 53/1214/44 106/1211/43 90/83/87
f 54/1169/1068 107/1168/42 109/1215/46
f 107/1168/42 53/1214/44 109/1215/46
f 113/1212/55 110/1173/51 59/1213/53
f 111/469/52 58/78/83 108/77/48
f 91/425/1085 59/1213/53 111/469/52
f 111/469/52 108/77/48 57/468/50
f 91/425/1085 111/469/52 57/468/50
f 109/1215/46 53/1214/44 90/83/87
f 56/1172/1069 104/1171/45 55/85/47
f 55/85/47 109/1215/46 90/83/87
f 105/84/49 56/1172/1069 55/85/47
f 90/83/87 57/468/50 105/84/49
f 48/1216/1061 68/1217/1080 49/1218/104
f 45/1219/1059 67/1220/100 47/1221/99
f 71/471/34 73/470/1086 46/1222/32
f 39/659/1061 81/1223/1080 75/1224/97
f 77/476/39 76/475/96 16/743/12
f 26/249/1056 86/247/94 43/750/1065
f 51/92/91 65/1225/102 89/93/92
f 39/478/1061 21/1226/10 81/1227/1080
f 63/480/34 66/479/1086 50/679/32
f 43/1228/1065 94/1229/1072 83/1230/40
f 73/1233/1086 11/1234/19 46/1235/32
f 66/1238/1086 5/1239/28 50/1240/32
f 170/61/105 114/63/1087 171/122/106
f 173/124/108 116/1243/1088 168/67/109
f 169/126/111 118/1244/151 172/127/112
f 175/129/114 120/1245/1089 174/65/115
f 177/131/117 122/1246/1090 176/132/118
f 171/1247/106 114/1248/1087 257/164/150
f 257/164/150 271/505/1096 172/165/112
f 271/505/1096 176/1249/118 122/1250/1090
f 271/505/1096 122/1250/1090 174/1251/115
f 173/1252/108 171/1247/106 116/1253/1088
f 171/1247/106 257/164/150 116/1253/1088
f 271/505/1096 174/1251/115 120/504/1089
f 271/505/1096 120/504/1089 172/165/112
f 168/1254/109 116/1253/1088 257/164/150
f 118/166/151 168/1254/109 257/164/150
f 154/427/1097 155/1111/171 166/1112/122
f 155/1111/171 167/1113/170 166/1112/122
f 127/1114/1095 152/1115/1098 126/1116/148
f 152/1115/1098 153/33/152 126/1116/148
f 153/33/152 154/427/1097 164/1117/137
f 154/427/1097 166/1112/122 150/1118/121
f 150/1118/121 149/1119/212 156/1121/125
f 149/1119/212 179/1120/179 156/1121/125
f 154/427/1097 150/1118/121 156/1121/125
f 162/1122/149 126/1116/148 153/33/152
f 125/1123/1094 128/1124/147 162/1122/149
f 124/1125/145 125/1123/1094 162/1122/149
f 147/1126/124 151/1127/165 160/1128/128
f 151/1127/165 137/1129/126 160/1128/128
f 154/427/1097 156/1121/125 147/1126/124
f 154/427/1097 147/1126/124 160/1128/128
f 124/1125/145 162/1122/149 153/33/152
f 130/1130/154 183/1131/144 157/1132/146
f 157/1132/146 124/1125/145 153/33/152
f 154/427/1097 160/1128/128 142/1133/127
f 142/1133/127 140/1134/1091 139/1135/129
f 154/427/1097 142/1133/127 163/429/131
f 132/1136/142 130/1130/154 157/1132/146
f 142/1133/127 139/1135/129 163/429/131
f 141/428/130 144/1137/1092 159/1138/134
f 144/1137/1092 138/1139/132 159/1138/134
f 154/427/1097 163/429/131 141/428/130
f 154/427/1097 141/428/130 159/1138/134
f 132/1136/142 157/1132/146 153/33/152
f 129/1140/1093 182/1141/141 158/1142/143
f 158/1142/143 132/1136/142 153/33/152
f 154/427/1097 159/1138/134 143/1143/133
f 143/1143/133 145/1144/183 164/1117/137
f 145/1144/183 165/1145/187 164/1117/137
f 154/427/1097 143/1143/133 164/1117/137
f 134/32/139 129/1140/1093 158/1142/143
f 131/1146/136 133/1147/160 161/31/140
f 133/1147/160 135/1148/138 161/31/140
f 153/33/152 164/1117/137 131/1146/136
f 134/32/139 158/1142/143 153/33/152
f 153/33/152 131/1146/136 161/31/140
f 153/506/1099 257/164/150 170/1255/105
f 257/164/150 114/1248/1087 170/1255/105
f 176/1249/118 271/505/1096 123/1256/119
f 271/505/1096 154/169/153 123/1256/119
f 154/169/153 153/506/1099 119/167/113
f 153/506/1099 170/1255/105 115/1257/107
f 115/1257/107 171/1247/106 173/1252/108
f 153/506/1099 115/1257/107 173/1252/108
f 177/1258/117 123/1256/119 154/169/153
f 174/1251/115 122/1250/1090 177/1258/117
f 121/1259/116 174/1251/115 177/1258/117
f 117/508/110 168/1254/109 118/166/151
f 153/506/1099 173/1252/108 117/508/110
f 117/508/110 118/166/151 169/507/111
f 153/506/1099 117/508/110 169/507/111
f 121/1259/116 177/1258/117 154/169/153
f 172/165/112 120/504/1089 175/168/114
f 175/168/114 121/1259/116 154/169/153
f 153/506/1099 169/507/111 119/167/113
f 119/167/113 172/165/112 175/168/114
f 181/176/159 135/34/1100 133/35/160
f 222/177/159 138/739/1100 144/178/162
f 180/37/164 137/1150/1101 151/38/165
f 223/180/167 139/40/1102 140/41/168
f 189/182/173 215/515/1103 152/183/174
f 184/185/176 128/43/1100 125/44/177
f 223/1260/167 202/1261/180 139/1262/1102
f 222/1264/159 201/1265/182 138/1266/1100
f 180/1267/164 200/1268/185 137/1269/1101
f 181/1270/159 197/1271/189 135/1272/1100
f 184/1274/176 190/1275/191 128/1276/1100
f 216/467/1113 215/427/1103 187/1174/208
f 215/427/1103 189/1175/173 187/1174/208
f 211/1176/194 178/1177/1114 229/1178/1104
f 178/1177/1114 217/80/209 229/1178/1104
f 217/80/209 216/467/1113 228/1179/1108
f 216/467/1113 187/1174/208 226/1180/1112
f 226/1180/1112 184/1181/176 186/1182/178
f 216/467/1113 226/1180/1112 185/1183/1111
f 213/1184/195 229/1178/1104 217/80/209
f 209/1185/197 212/1186/196 218/1187/1105
f 212/1186/196 213/1184/195 218/1187/1105
f 226/1180/1112 186/1182/178 185/1183/1111
f 219/1188/207 188/1189/193 192/1190/155
f 216/467/1113 185/1183/1111 219/1188/207
f 219/1188/207 192/1190/155 194/1191/206
f 216/467/1113 219/1188/207 194/1191/206
f 218/1187/1105 213/1184/195 217/80/209
f 180/1192/164 214/1193/166 224/1194/1106
f 214/1193/166 210/1195/198 224/1194/1106
f 210/1195/198 218/1187/1105 217/80/209
f 216/467/1113 194/1191/206 220/1196/1110
f 220/1196/1110 198/1197/188 191/1198/156
f 216/467/1113 220/1196/1110 196/466/205
f 220/1196/1110 191/1198/156 196/466/205
f 225/465/1109 181/1199/159 195/1200/161
f 216/467/1113 196/466/205 225/465/1109
f 225/465/1109 195/1200/161 193/1201/204
f 216/467/1113 225/465/1109 193/1201/204
f 224/1194/1106 210/1195/198 217/80/209
f 223/1202/167 203/1203/169 205/1204/199
f 205/1204/199 224/1194/1106 217/80/209
f 216/467/1113 193/1201/204 228/1179/1108
f 228/1179/1108 199/1205/203 208/1206/202
f 227/82/210 223/1202/167 205/1204/199
f 228/1179/1108 208/1206/202 206/1207/201
f 221/1208/1107 222/1209/159 207/1210/163
f 217/80/209 228/1179/1108 206/1207/201
f 221/1208/1107 207/1210/163 204/81/200
f 217/80/209 206/1207/201 221/1208/1107
f 227/82/210 205/1204/199 217/80/209
f 217/80/209 221/1208/1107 204/81/200
f 192/1279/155 188/1280/193 183/1281/144
f 191/1282/156 198/1283/188 182/1284/157
f 208/86/202 199/87/1115 165/246/187
f 212/247/211 209/750/1116 179/248/179
f 178/89/172 211/90/1117 167/751/170
f 211/1285/1117 148/1286/120 167/186/170
f 209/1287/1116 146/1288/123 179/1289/179
f 223/558/167 227/1290/210 202/1291/180
f 222/561/159 221/563/1107 201/1292/182
f 180/564/164 224/566/1106 200/565/185
f 199/1293/1115 136/1294/135 165/514/187
f 181/488/159 225/571/1109 197/570/189
f 184/491/176 226/573/1112 190/572/191
f 217/425/251 539/425/1125 323/83/252
f 322/646/31 355/169/268 30/169/1062
f 354/33/465 353/1115/1083 328/1116/81
f 353/1115/1083 329/1114/82 328/1116/81
f 349/1113/253 366/1111/1131 365/1112/1126
f 366/1111/1131 355/427/268 365/1112/1126
f 355/427/268 354/33/465 364/1117/1075
f 354/33/465 328/1116/81 362/1122/1130
f 362/1122/1130 330/1124/267 327/1123/265
f 354/33/465 362/1122/1130 326/1125/1129
f 351/1118/254 365/1112/1126 355/427/268
f 347/1120/256 350/1119/255 356/1121/1127
f 350/1119/255 351/1118/254 356/1121/1127
f 362/1122/1130 327/1123/265 326/1125/1129
f 357/1132/264 373/1131/266 332/1130/263
f 354/33/465 326/1125/1129 357/1132/264
f 357/1132/264 332/1130/263 334/1136/262
f 354/33/465 357/1132/264 334/1136/262
f 356/1121/1127 351/1118/254 355/427/268
f 368/1129/35 352/1127/258 360/1128/1073
f 352/1127/258 348/1126/257 360/1128/1073
f 348/1126/257 356/1121/1127 355/427/268
f 354/33/465 334/1136/262 358/1142/1128
f 358/1142/1128 371/1141/261 331/1140/260
f 354/33/465 358/1142/1128 336/32/259
f 358/1142/1128 331/1140/260 336/32/259
f 361/31/1076 337/1148/72 335/1147/71
f 354/33/465 336/32/259 361/31/1076
f 361/31/1076 335/1147/71 333/1146/70
f 354/33/465 361/31/1076 333/1146/70
f 360/1128/1073 348/1126/257 355/427/268
f 340/1135/65 341/1134/62 363/429/63
f 341/1134/62 343/1133/61 363/429/63
f 343/1133/61 360/1128/1073 355/427/268
f 354/33/465 333/1146/70 364/1117/1075
f 364/1117/1075 338/1145/69 346/1144/68
f 364/1117/1075 346/1144/68 344/1143/67
f 359/1138/1074 339/1139/66 345/1137/64
f 355/427/268 364/1117/1075 344/1143/67
f 359/1138/1074 345/1137/64 342/428/86
f 355/427/268 344/1143/67 359/1138/1074
f 363/429/63 343/1133/61 355/427/268
f 355/427/268 359/1138/1074 342/428/86
f 372/172/1132 332/171/274 373/1387/281
f 369/173/1133 331/175/277 371/174/276
f 335/1388/34 337/34/1086 370/176/32
f 425/179/1061 345/178/1080 339/739/97
f 341/41/39 340/40/96 400/180/12
f 409/178/269 350/512/271 347/433/256
f 366/478/314 349/181/1134 428/513/312
f 375/182/91 329/184/102 353/183/1135
f 425/1389/1061 405/1390/10 345/1391/1080
f 327/44/279 330/43/1136 374/185/315
f 349/1392/1134 408/1393/272 428/482/312
f 337/1396/1086 395/1271/19 370/1270/32
f 330/1400/1136 390/1275/278 374/1274/315
f 431/56/282 376/1158/1137 432/55/283
f 434/59/285 378/1159/1138 429/58/286
f 430/62/288 380/1160/308 433/61/289
f 436/65/291 382/1161/1139 435/64/292
f 438/67/294 384/1162/1140 437/66/295
f 432/1402/283 376/1403/1137 610/462/307
f 610/462/307 416/1404/1143 433/463/289
f 416/1404/1143 437/1405/295 384/1406/1140
f 416/1404/1143 384/1406/1140 435/1407/292
f 432/1402/283 610/462/307 378/1408/1138
f 416/1404/1143 435/1407/292 382/1409/1139
f 416/1404/1143 382/1409/1139 433/463/289
f 429/1410/286 378/1408/1138 610/462/307
f 380/464/308 429/1410/286 610/462/307
f 414/80/1144 415/1177/313 427/1178/298
f 415/1177/313 428/1176/312 427/1178/298
f 375/1175/91 412/427/1145 388/1174/29
f 412/427/1145 413/467/309 388/1174/29
f 413/467/309 414/80/1144 426/1179/18
f 414/80/1144 427/1178/298 410/1184/297
f 410/1184/297 409/1186/269 417/1187/300
f 409/1186/269 367/1185/270 417/1187/300
f 414/80/1144 410/1184/297 417/1187/300
f 423/1180/306 388/1174/29 413/467/309
f 387/1182/304 374/1181/315 423/1180/306
f 386/1183/1142 387/1182/304 423/1180/306
f 407/1195/299 411/1193/1141 421/1194/9
f 411/1193/1141 398/1192/7 421/1194/9
f 414/80/1144 417/1187/300 407/1195/299
f 414/80/1144 407/1195/299 421/1194/9
f 386/1183/1142 423/1180/306 413/467/309
f 372/1190/1132 389/1189/280 418/1188/305
f 418/1188/305 386/1183/1142 413/467/309
f 414/80/1144 421/1194/9 403/1204/8
f 403/1204/8 401/1203/38 424/82/11
f 401/1203/38 400/1202/12 424/82/11
f 414/80/1144 403/1204/8 424/82/11
f 392/1191/302 372/1190/1132 418/1188/305
f 402/81/1058 425/1210/1064 420/1208/15
f 425/1210/1064 399/1209/13 420/1208/15
f 414/80/1144 424/82/11 402/81/1058
f 414/80/1144 402/81/1058 420/1208/15
f 392/1191/302 418/1188/305 413/467/309
f 369/1198/1133 396/1197/275 419/1196/303
f 419/1196/303 392/1191/302 413/467/309
f 414/80/1144 420/1208/15 404/1207/14
f 404/1207/14 406/1206/88 426/1179/18
f 406/1206/88 397/1205/16 426/1179/18
f 414/80/1144 404/1207/14 426/1179/18
f 394/466/301 369/1198/1133 419/1196/303
f 391/1201/17 393/1200/33 422/465/21
f 393/1200/33 370/1199/32 422/465/21
f 413/467/309 426/1179/18 391/1201/17
f 394/466/301 419/1196/303 413/467/309
f 413/467/309 391/1201/17 422/465/21
f 413/83/1146 610/462/307 431/1211/282
f 610/462/307 376/1403/1137 431/1211/282
f 437/1405/295 416/1404/1143 385/1165/296
f 416/1404/1143 414/425/310 385/1165/296
f 414/425/310 413/83/1146 381/468/290
f 413/83/1146 431/1211/282 377/1214/284
f 377/1214/284 432/1402/283 434/1215/285
f 432/1402/283 378/1408/1138 434/1215/285
f 413/83/1146 377/1214/284 434/1215/285
f 438/1212/294 385/1165/296 414/425/310
f 435/1407/292 384/1406/1140 438/1212/294
f 383/1213/293 435/1407/292 438/1212/294
f 379/85/287 429/1410/286 380/464/308
f 413/83/1146 434/1215/285 379/85/287
f 379/85/287 380/464/308 430/84/288
f 413/83/1146 379/85/287 430/84/288
f 383/1213/293 438/1212/294 414/425/310
f 433/463/289 382/1409/1139 436/469/291
f 436/469/291 383/1213/293 414/425/310
f 413/83/1146 430/84/288 381/468/290
f 381/468/290 433/463/289 436/469/291
f 373/1281/281 389/1280/280 372/1217/1132
f 371/1284/276 396/1283/275 369/1220/1133
f 338/246/69 397/87/16 406/86/88
f 339/472/97 399/471/13 425/1223/1061
f 368/473/35 398/1411/7 411/176/311
f 353/94/1135 412/93/1147 375/1225/91
f 425/1412/1061 402/1413/1058 405/1414/10
f 495/122/316 439/63/1148 494/61/317
f 492/67/319 441/1243/1149 497/124/320
f 496/127/322 443/1244/1150 493/126/323
f 498/65/325 445/1245/353 499/129/326
f 500/132/328 447/1246/1151 501/131/329
f 592/505/354 576/164/1160 496/165/322
f 576/164/1160 439/1248/1148 495/1247/316
f 576/164/1160 495/1247/316 441/1253/1149
f 447/1250/1151 500/1249/328 592/505/354
f 576/164/1160 441/1253/1149 492/1254/319
f 576/164/1160 492/1254/319 443/166/1150
f 498/1251/325 447/1250/1151 592/505/354
f 445/504/353 498/1251/325 592/505/354
f 576/164/1160 443/166/1150 496/165/322
f 479/33/1161 478/1115/1162 451/1116/351
f 478/1115/1162 453/1114/352 451/1116/351
f 474/1113/331 481/1111/1114 491/1112/1104
f 481/1111/1114 480/427/209 491/1112/1104
f 480/427/209 479/33/1161 490/1117/1155
f 479/33/1161 451/1116/351 488/1122/1159
f 488/1122/1159 454/1124/350 450/1123/196
f 479/33/1161 488/1122/1159 449/1125/349
f 476/1118/332 491/1112/1104 480/427/209
f 503/1120/334 475/1119/333 482/1121/1152
f 475/1119/333 476/1118/332 482/1121/1152
f 488/1122/1159 450/1123/196 449/1125/349
f 483/1132/1158 452/1131/343 456/1130/196
f 479/33/1161 449/1125/349 483/1132/1158
f 483/1132/1158 456/1130/196 458/1136/348
f 479/33/1161 483/1132/1158 458/1136/348
f 482/1121/1152 476/1118/332 480/427/209
f 464/1129/337 477/1127/336 486/1128/1153
f 477/1127/336 473/1126/335 486/1128/1153
f 473/1126/335 482/1121/1152 480/427/209
f 479/33/1161 458/1136/348 484/1142/1157
f 484/1142/1157 462/1141/343 455/1140/196
f 479/33/1161 484/1142/1157 460/32/347
f 484/1142/1157 455/1140/196 460/32/347
f 487/31/1156 461/1148/343 459/1147/196
f 479/33/1161 460/32/347 487/31/1156
f 487/31/1156 459/1147/196 457/1146/204
f 479/33/1161 487/31/1156 457/1146/204
f 486/1128/1153 473/1126/335 480/427/209
f 466/1135/340 467/1134/339 469/1133/338
f 469/1133/338 486/1128/1153 480/427/209
f 479/33/1161 457/1146/204 490/1117/1155
f 490/1117/1155 463/1145/346 472/1144/345
f 489/429/355 466/1135/340 469/1133/338
f 490/1117/1155 472/1144/345 470/1143/344
f 485/1138/1154 465/1139/343 471/1137/342
f 480/427/209 490/1117/1155 470/1143/344
f 485/1138/1154 471/1137/342 468/428/341
f 480/427/209 470/1143/344 485/1138/1154
f 489/429/355 469/1133/338 480/427/209
f 480/427/209 485/1138/1154 468/428/341
f 480/169/1163 592/505/354 448/1256/330
f 592/505/354 500/1249/328 448/1256/330
f 439/1248/1148 576/164/1160 494/1255/317
f 576/164/1160 479/506/356 494/1255/317
f 479/506/356 480/169/1163 444/167/324
f 480/169/1163 448/1256/330 501/1258/329
f 501/1258/329 447/1250/1151 498/1251/325
f 480/169/1163 501/1258/329 446/1259/327
f 440/1257/318 494/1255/317 479/506/356
f 441/1253/1149 495/1247/316 497/1252/320
f 495/1247/316 440/1257/318 497/1252/320
f 501/1258/329 498/1251/325 446/1259/327
f 499/168/326 445/504/353 496/165/322
f 480/169/1163 446/1259/327 499/168/326
f 499/168/326 496/165/322 444/167/324
f 480/169/1163 499/168/326 444/167/324
f 497/1252/320 440/1257/318 479/506/356
f 443/166/1150 492/1254/319 442/508/321
f 442/508/321 497/1252/320 479/506/356
f 493/507/323 443/166/1150 442/508/321
f 479/506/356 444/167/324 493/507/323
f 456/171/357 452/749/1116 510/509/358
f 455/175/360 462/174/251 508/510/361
f 459/35/363 461/34/1116 507/176/364
f 472/430/363 463/431/1116 551/511/366
f 471/178/368 465/739/1116 544/177/364
f 477/38/369 464/1150/1115 504/37/370
f 467/41/372 466/40/1164 545/180/373
f 481/91/172 474/181/1117 553/513/170
f 453/184/376 478/183/1165 538/515/377
f 450/44/363 454/43/1116 512/185/179
f 474/1392/1117 534/1393/379 553/482/170
f 466/1416/1164 525/1261/382 545/1260/373
f 465/1417/1116 524/1265/384 544/1264/364
f 464/1419/1115 523/1268/385 504/1267/370
f 463/1421/1116 522/1422/135 551/1423/366
f 461/1424/1116 521/1271/384 507/1270/364
f 454/1428/1116 517/1275/387 512/1274/179
f 452/1429/1116 516/1430/384 510/52/358
f 539/80/1125 502/1177/171 552/1178/122
f 502/1177/171 553/1176/170 552/1178/122
f 513/1175/378 538/427/377 515/1174/405
f 538/427/377 323/467/252 515/1174/405
f 323/467/252 539/80/1125 550/1179/399
f 539/80/1125 552/1178/122 536/1184/389
f 536/1184/389 535/1186/375 540/1187/391
f 535/1186/375 532/1185/381 540/1187/391
f 539/80/1125 536/1184/389 540/1187/391
f 548/1180/406 515/1174/405 323/467/252
f 511/1182/365 512/1181/179 548/1180/406
f 514/1183/403 511/1182/365 548/1180/406
f 533/1195/390 537/1193/371 546/1194/393
f 537/1193/371 504/1192/370 546/1194/393
f 539/80/1125 540/1187/391 533/1195/390
f 539/80/1125 533/1195/390 546/1194/393
f 514/1183/403 548/1180/406 323/467/252
f 509/1190/359 510/1189/358 541/1188/404
f 541/1188/404 514/1183/403 323/467/252
f 539/80/1125 546/1194/393 528/1204/392
f 528/1204/392 526/1203/374 545/1202/373
f 539/80/1125 528/1204/392 549/82/395
f 519/1191/1166 509/1190/359 541/1188/404
f 528/1204/392 545/1202/373 549/82/395
f 527/81/394 530/1210/365 543/1208/397
f 530/1210/365 544/1209/364 543/1208/397
f 539/80/1125 549/82/395 527/81/394
f 539/80/1125 527/81/394 543/1208/397
f 519/1191/1166 541/1188/404 323/467/252
f 506/1198/362 508/1197/361 542/1196/402
f 542/1196/402 519/1191/1166 323/467/252
f 539/80/1125 543/1208/397 529/1207/396
f 529/1207/396 531/1206/367 550/1179/399
f 531/1206/367 551/1205/366 550/1179/399
f 539/80/1125 529/1207/396 550/1179/399
f 520/466/400 506/1198/362 542/1196/402
f 518/1201/398 505/1200/365 547/465/401
f 505/1200/365 507/1199/364 547/465/401
f 323/467/252 550/1179/399 518/1201/398
f 520/466/400 542/1196/402 323/467/252
f 323/467/252 518/1201/398 547/465/401
f 503/248/334 532/750/381 535/247/375
f 684/1108/1061 643/1109/1060 641/1110/22
f 666/427/1189 667/1111/313 677/1112/468
f 667/1111/313 678/1113/312 677/1112/468
f 687/1114/489 664/1115/541 638/1116/1188
f 664/1115/541 665/33/492 638/1116/1188
f 665/33/492 666/427/1189 676/1117/483
f 666/427/1189 677/1112/468 662/1118/467
f 662/1118/467 661/1119/1186 658/1120/471
f 666/427/1189 662/1118/467 668/1121/470
f 674/1122/490 638/1116/1188 665/33/492
f 637/1123/38 686/1124/491 674/1122/490
f 636/1125/488 637/1123/38 674/1122/490
f 662/1118/467 658/1120/471 668/1121/470
f 659/1126/1187 663/1127/469 681/1129/506
f 666/427/1189 668/1121/470 659/1126/1187
f 659/1126/1187 681/1129/506 672/1128/474
f 666/427/1189 659/1126/1187 672/1128/474
f 636/1125/488 674/1122/490 665/33/492
f 684/1130/1064 639/1131/25 669/1132/27
f 669/1132/27 636/1125/488 665/33/492
f 666/427/1189 672/1128/474 654/1133/473
f 654/1133/473 652/1134/501 675/429/477
f 652/1134/501 651/1135/475 675/429/477
f 666/427/1189 654/1133/473 675/429/477
f 643/1136/1060 684/1130/1064 669/1132/27
f 653/428/476 656/1137/504 671/1138/480
f 656/1137/504 650/1139/478 671/1138/480
f 666/427/1189 675/429/477 653/428/476
f 666/427/1189 653/428/476 671/1138/480
f 643/1136/1060 669/1132/27 665/33/492
f 640/1140/494 647/1141/487 670/1142/486
f 670/1142/486 643/1136/1060 665/33/492
f 666/427/1189 671/1138/480 655/1143/479
f 655/1143/479 657/1144/498 648/1145/481
f 666/427/1189 655/1143/479 676/1117/483
f 645/32/485 640/1140/494 670/1142/486
f 655/1143/479 648/1145/481 676/1117/483
f 642/1146/482 644/1147/496 673/31/21
f 644/1147/496 682/1148/32 673/31/21
f 665/33/492 676/1117/483 642/1146/482
f 645/32/485 670/1142/486 665/33/492
f 665/33/492 642/1146/482 673/31/21
f 685/509/104 639/749/25 684/171/1061
f 683/510/493 647/174/487 640/175/494
f 733/180/500 651/40/1190 652/41/501
f 680/434/544 658/433/471 661/512/1186
f 733/1260/500 713/1261/503 651/1510/1190
f 743/55/42 688/1158/1067 742/56/43
f 740/58/45 690/1159/1068 745/59/46
f 744/61/48 692/1160/1069 741/62/49
f 746/64/508 694/1161/534 747/65/509
f 748/66/511 696/1162/1191 749/67/512
f 684/1108/1061 641/1163/22 704/1164/1080
f 697/1165/513 728/79/535 748/1166/511
f 728/79/535 930/462/1081 744/77/48
f 930/462/1081 688/1167/1067 743/1168/42
f 930/462/1081 743/1168/42 690/1169/1068
f 696/1170/1191 748/1166/511 728/79/535
f 930/462/1081 690/1169/1068 740/1171/45
f 930/462/1081 740/1171/45 692/1172/1069
f 746/1173/508 696/1170/1191 728/79/535
f 694/78/534 746/1173/508 728/79/535
f 930/462/1081 692/1172/1069 744/77/48
f 726/467/1198 725/427/1199 700/1174/1197
f 725/427/1199 701/1175/532 700/1174/1197
f 721/1176/514 679/1177/1131 739/1178/1192
f 679/1177/1131 727/80/536 739/1178/1192
f 727/80/536 726/467/1198 738/1179/1196
f 726/467/1198 700/1174/1197 736/1180/531
f 736/1180/531 702/1181/533 699/1182/62
f 726/467/1198 736/1180/531 698/1183/530
f 723/1184/515 739/1178/1192 727/80/536
f 680/1185/519 722/1186/516 723/1184/515
f 729/1187/517 680/1185/519 723/1184/515
f 736/1180/531 699/1182/62 698/1183/530
f 730/1188/1078 685/1189/78 704/1190/76
f 726/467/1198 698/1183/530 730/1188/1078
f 730/1188/1078 704/1190/76 706/1191/1077
f 726/467/1198 730/1188/1078 706/1191/1077
f 729/1187/517 723/1184/515 727/80/536
f 711/1192/520 724/1193/518 720/1195/1193
f 720/1195/1193 729/1187/517 727/80/536
f 726/467/1198 706/1191/1077 731/1196/75
f 731/1196/75 683/1197/493 703/1198/495
f 726/467/1198 731/1196/75 708/466/529
f 734/1194/1194 711/1192/520 720/1195/1193
f 731/1196/75 703/1198/495 708/466/529
f 735/465/1076 709/1199/528 707/1200/497
f 726/467/1198 708/466/529 735/465/1076
f 735/465/1076 707/1200/497 705/1201/527
f 726/467/1198 735/465/1076 705/1201/527
f 734/1194/1194 720/1195/1193 727/80/536
f 733/1202/500 714/1203/502 737/82/537
f 714/1203/502 716/1204/521 737/82/537
f 716/1204/521 734/1194/1194 727/80/536
f 726/467/1198 705/1201/527 738/1179/1196
f 738/1179/1196 710/1205/507 719/1206/526
f 738/1179/1196 719/1206/526 717/1207/525
f 732/1208/1195 712/1209/524 718/1210/523
f 727/80/536 738/1179/1196 717/1207/525
f 732/1208/1195 718/1210/523 715/81/522
f 727/80/536 717/1207/525 732/1208/1195
f 737/82/537 716/1204/521 727/80/536
f 727/80/536 732/1208/1195 715/81/522
f 727/425/1200 728/79/535 697/1165/513
f 688/1167/1067 930/462/1081 742/1211/43
f 930/462/1081 726/83/87 742/1211/43
f 726/83/87 727/425/1200 693/468/50
f 727/425/1200 697/1165/513 749/1212/512
f 749/1212/512 696/1170/1191 695/1213/510
f 696/1170/1191 746/1173/508 695/1213/510
f 727/425/1200 749/1212/512 695/1213/510
f 689/1214/44 742/1211/43 726/83/87
f 690/1169/1068 743/1168/42 745/1215/46
f 743/1168/42 689/1214/44 745/1215/46
f 747/469/509 694/78/534 744/77/48
f 727/425/1200 695/1213/510 747/469/509
f 747/469/509 744/77/48 693/468/50
f 727/425/1200 747/469/509 693/468/50
f 745/1215/46 689/1214/44 726/83/87
f 692/1172/1069 740/1171/45 691/85/47
f 691/85/47 745/1215/46 726/83/87
f 741/84/49 692/1172/1069 691/85/47
f 726/83/87 693/468/50 741/84/49
f 684/1216/1061 704/1217/1080 685/1218/104
f 707/1512/497 709/470/1086 682/1222/32
f 719/86/499 710/87/507 648/246/481
f 656/659/504 718/1223/523 712/471/538
f 724/176/539 711/1411/1201 681/473/506
f 661/249/1186 722/247/542 680/750/544
f 679/89/314 721/90/1134 678/751/312
f 687/92/489 701/1225/547 725/93/540
f 699/480/39 702/479/548 686/679/491
f 721/1513/1134 660/1286/466 678/186/312
f 733/558/500 737/1514/537 713/1291/503
f 711/1515/1201 649/1516/472 681/1517/506
f 709/1233/1086 646/1234/484 682/1235/32
f 803/61/549 750/63/1202 804/122/550
f 806/124/552 752/1243/1203 801/67/553
f 802/126/555 754/1244/589 805/127/556
f 808/129/558 756/1245/1204 807/65/115
f 810/131/117 758/1246/1090 809/132/118
f 804/1247/550 750/1248/1202 883/664/588
f 883/664/588 901/505/1210 805/165/556
f 901/505/1210 809/1249/118 758/1250/1090
f 901/505/1210 758/1250/1090 807/1251/115
f 804/1247/550 883/664/588 752/1253/1203
f 901/505/1210 807/1251/115 756/504/1204
f 756/504/1204 755/167/557 805/165/556
f 901/505/1210 756/504/1204 805/165/556
f 801/1254/553 752/1253/1203 883/664/588
f 753/508/554 801/1254/553 754/166/589
f 754/166/589 801/1254/553 883/664/588
f 789/427/1211 811/1111/1212 800/1112/560
f 811/1111/1212 783/1113/561 800/1112/560
f 763/1114/1209 787/1115/1098 761/1116/586
f 787/1115/1098 788/33/590 761/1116/586
f 788/33/590 789/427/1211 799/1117/575
f 789/427/1211 800/1112/560 785/1118/1205
f 785/1118/1205 784/1119/559 790/1121/563
f 784/1119/559 781/1120/564 790/1121/563
f 789/427/1211 785/1118/1205 790/1121/563
f 797/1122/587 761/1116/586 788/33/590
f 817/1123/622 818/1124/585 797/1122/587
f 760/1125/583 817/1123/622 797/1122/587
f 782/1126/1206 786/1127/562 772/1129/567
f 789/427/1211 790/1121/563 782/1126/1206
f 782/1126/1206 772/1129/567 795/1128/566
f 789/427/1211 782/1126/1206 795/1128/566
f 760/1125/583 797/1122/587 788/33/590
f 765/1130/579 762/1131/582 791/1132/584
f 791/1132/584 760/1125/583 788/33/590
f 789/427/1211 795/1128/566 777/1133/1207
f 777/1133/1207 775/1134/565 774/1135/570
f 789/427/1211 777/1133/1207 798/429/569
f 767/1136/1166 765/1130/579 791/1132/584
f 777/1133/1207 774/1135/570 798/429/569
f 776/428/1208 779/1137/568 793/1138/572
f 779/1137/568 794/1139/603 793/1138/572
f 789/427/1211 798/429/569 776/428/1208
f 789/427/1211 776/428/1208 793/1138/572
f 767/1136/1166 791/1132/584 788/33/590
f 764/1140/597 815/1141/581 792/1142/580
f 792/1142/580 767/1136/1166 788/33/590
f 789/427/1211 793/1138/572 778/1143/571
f 778/1143/571 780/1144/601 771/1145/573
f 789/427/1211 778/1143/571 799/1117/575
f 769/32/577 764/1140/597 792/1142/580
f 778/1143/571 771/1145/573 799/1117/575
f 766/1146/574 768/1147/598 796/31/578
f 768/1147/598 814/1148/364 796/31/578
f 788/33/590 799/1117/575 766/1146/574
f 769/32/577 792/1142/580 788/33/590
f 788/33/590 766/1146/574 796/31/578
f 788/506/1213 883/664/588 803/1255/549
f 883/664/588 750/1248/1202 803/1255/549
f 809/1249/118 901/505/1210 759/1256/119
f 901/505/1210 789/169/591 759/1256/119
f 789/169/591 788/506/1213 755/167/557
f 788/506/1213 803/1255/549 751/1257/551
f 751/1257/551 804/1247/550 752/1253/1203
f 788/506/1213 751/1257/551 806/1252/552
f 810/1258/117 759/1256/119 789/169/591
f 807/1251/115 758/1250/1090 810/1258/117
f 757/1259/116 807/1251/115 810/1258/117
f 751/1257/551 752/1253/1203 806/1252/552
f 753/508/554 754/166/589 802/507/555
f 788/506/1213 806/1252/552 753/508/554
f 788/506/1213 753/508/554 802/507/555
f 757/1259/116 810/1258/117 789/169/591
f 755/167/557 756/504/1204 808/168/558
f 808/168/558 757/1259/116 789/169/591
f 788/506/1213 802/507/555 755/167/557
f 816/509/592 762/749/251 765/171/593
f 859/511/600 771/431/1214 780/430/601
f 813/37/605 772/1150/567 786/38/606
f 853/180/608 774/40/1215 775/41/565
f 812/434/610 781/433/251 784/512/251
f 842/513/614 783/181/615 811/678/639
f 822/182/612 846/515/1103 787/183/174
f 853/1260/608 834/1261/616 774/1519/1215
f 859/1423/600 832/1422/618 771/1520/1214
f 953/467/849 846/427/1103 821/1174/635
f 846/427/1103 822/1175/612 821/1174/635
f 842/1176/614 848/1177/638 860/1178/623
f 848/1177/638 847/80/636 860/1178/623
f 847/80/636 953/467/849 858/1179/1220
f 953/467/849 821/1174/635 856/1180/1222
f 856/1180/1222 823/1181/621 820/1182/634
f 953/467/849 856/1180/1222 819/1183/1111
f 844/1184/1216 860/1178/623 847/80/636
f 812/1185/610 843/1186/611 849/1187/624
f 843/1186/611 844/1184/1216 849/1187/624
f 856/1180/1222 820/1182/634 819/1183/1111
f 850/1188/633 816/1189/592 825/1190/594
f 953/467/849 819/1183/1111 850/1188/633
f 850/1188/633 825/1190/594 827/1191/1221
f 953/467/849 850/1188/633 827/1191/1221
f 849/1187/624 844/1184/1216 847/80/636
f 813/1192/605 845/1193/607 841/1195/1217
f 841/1195/1217 849/1187/624 847/80/636
f 953/467/849 827/1191/1221 851/1196/632
f 851/1196/632 831/1197/620 824/1198/631
f 953/467/849 851/1196/632 829/466/630
f 854/1194/625 813/1192/605 841/1195/1217
f 851/1196/632 824/1198/631 829/466/630
f 855/465/1156 830/1199/629 828/1200/599
f 953/467/849 829/466/630 855/465/1156
f 855/465/1156 828/1200/599 826/1201/628
f 953/467/849 855/465/1156 826/1201/628
f 854/1194/625 841/1195/1217 847/80/636
f 853/1202/608 835/1203/609 837/1204/1218
f 837/1204/1218 854/1194/625 847/80/636
f 953/467/849 826/1201/628 858/1179/1220
f 858/1179/1220 859/1205/600 840/1206/602
f 857/82/626 853/1202/608 837/1204/1218
f 858/1179/1220 840/1206/602 838/1207/344
f 852/1208/1219 833/1209/627 839/1210/604
f 847/80/636 858/1179/1220 838/1207/344
f 852/1208/1219 839/1210/604 836/81/637
f 847/80/636 838/1207/344 852/1208/1219
f 857/82/626 837/1204/1218 847/80/636
f 847/80/636 852/1208/1219 836/81/637
f 824/1282/595 831/1283/620 815/1284/596
f 828/1521/599 830/470/1116 814/1222/364
f 839/1223/604 833/471/1223 794/472/603
f 820/480/634 823/479/621 818/679/585
f 853/558/608 857/1522/626 834/1291/616
f 833/1523/1223 773/1524/385 794/1525/603
f 859/567/600 858/569/1220 832/746/618
f 830/1526/1116 770/1234/576 814/1235/364
f 1001/1108/1233 1019/1553/727 962/1554/1234
f 952/33/664 982/1115/1199 958/1116/1197
f 982/1115/1199 959/1114/532 958/1116/1197
f 978/1113/665 995/1111/1131 994/1112/1126
f 995/1111/1131 983/427/692 994/1112/1126
f 983/427/692 952/33/664 993/1117/1230
f 952/33/664 958/1116/1197 991/1122/690
f 991/1122/690 960/1124/691 957/1123/688
f 952/33/664 991/1122/690 956/1125/1232
f 980/1118/666 994/1112/1126 983/427/692
f 996/1120/670 979/1119/667 984/1121/668
f 979/1119/667 980/1118/666 984/1121/668
f 991/1122/690 957/1123/688 956/1125/1232
f 985/1132/687 1002/1131/689 962/1130/685
f 952/33/664 956/1125/1232 985/1132/687
f 985/1132/687 962/1130/685 964/1136/1231
f 952/33/664 985/1132/687 964/1136/1231
f 984/1121/668 980/1118/666 983/427/692
f 997/1129/671 981/1127/669 977/1126/1228
f 977/1126/1228 984/1121/668 983/427/692
f 952/33/664 964/1136/1231 986/1142/684
f 986/1142/684 1000/1141/686 961/1140/683
f 952/33/664 986/1142/684 966/32/682
f 989/1128/1229 997/1129/671 977/1126/1228
f 986/1142/684 961/1140/683 966/32/682
f 990/31/1076 967/1148/681 965/1147/680
f 952/33/664 966/32/682 990/31/1076
f 990/31/1076 965/1147/680 963/1146/679
f 952/33/664 990/31/1076 963/1146/679
f 989/1128/1229 977/1126/1228 983/427/692
f 988/1135/500 971/1134/673 992/429/537
f 971/1134/673 973/1133/672 992/429/537
f 973/1133/672 989/1128/1229 983/427/692
f 952/33/664 963/1146/679 993/1117/1230
f 993/1117/1230 968/1145/678 976/1144/677
f 993/1117/1230 976/1144/677 974/1143/676
f 987/1138/1195 969/1139/675 975/1137/523
f 983/427/692 993/1117/1230 974/1143/676
f 987/1138/1195 975/1137/523 972/428/522
f 983/427/692 974/1143/676 987/1138/1195
f 992/429/537 973/1133/672 983/427/692
f 983/427/692 987/1138/1195 972/428/522
f 1001/172/1233 962/171/1234 1002/1387/689
f 998/173/1235 961/175/709 1000/174/708
f 965/1388/704 967/34/1086 999/176/32
f 976/430/693 968/431/1236 1056/511/694
f 1034/179/504 975/178/523 969/739/696
f 995/478/314 978/181/1134 1058/513/312
f 1005/182/489 959/184/547 982/183/1237
f 957/44/688 960/43/711 1004/185/699
f 978/1392/1134 1038/1393/701 1058/482/312
f 988/1555/500 992/1556/537 970/1557/674
f 968/1558/1236 1026/1422/705 1056/1423/694
f 967/1396/1086 1024/1271/710 999/1270/32
f 1061/56/282 1006/1158/1137 1062/55/283
f 1064/59/285 1008/1159/1138 1059/58/286
f 1060/62/288 1010/1160/308 1063/61/289
f 1066/65/712 1012/1161/1238 1065/64/713
f 1068/67/715 1014/1162/1239 1067/66/716
f 1001/1108/1233 1021/1559/1241 1019/1560/727
f 1062/1402/283 1006/1403/1137 1249/462/307
f 1249/462/307 1046/1404/1243 1063/463/289
f 1046/1404/1243 1067/1405/716 1014/1406/1239
f 1046/1404/1243 1014/1406/1239 1065/1407/713
f 1062/1402/283 1249/462/307 1008/1408/1138
f 1046/1404/1243 1065/1407/713 1012/1409/1238
f 1046/1404/1243 1012/1409/1238 1063/463/289
f 1059/1410/286 1008/1408/1138 1249/462/307
f 1010/464/308 1059/1410/286 1249/462/307
f 1044/80/1244 1045/1177/313 1057/1178/298
f 1045/1177/313 1058/1176/312 1057/1178/298
f 1005/1175/489 1042/427/1245 1017/1174/1188
f 1042/427/1245 1043/467/731 1017/1174/1188
f 1043/467/731 1044/80/1244 1055/1179/725
f 1044/80/1244 1057/1178/298 1040/1184/718
f 1040/1184/718 1039/1186/494 1047/1187/719
f 1039/1186/494 1036/1185/702 1047/1187/719
f 1044/80/1244 1040/1184/718 1047/1187/719
f 1053/1180/730 1017/1174/1188 1043/467/731
f 1003/1182/700 1004/1181/699 1053/1180/730
f 1016/1183/1242 1003/1182/700 1053/1180/730
f 1037/1195/1240 1041/1193/698 1027/1192/703
f 1044/80/1244 1047/1187/719 1037/1195/1240
f 1037/1195/1240 1027/1192/703 1051/1194/721
f 1044/80/1244 1037/1195/1240 1051/1194/721
f 1016/1183/1242 1053/1180/730 1043/467/731
f 1001/1190/1246 1018/1189/729 1048/1188/728
f 1048/1188/728 1016/1183/1242 1043/467/731
f 1044/80/1244 1051/1194/721 1032/1204/720
f 1032/1204/720 1030/1203/734 1054/82/477
f 1030/1203/734 1029/1202/475 1054/82/477
f 1044/80/1244 1032/1204/720 1054/82/477
f 1021/1191/1241 1001/1190/1246 1048/1188/728
f 1031/81/476 1034/1210/504 1050/1208/723
f 1034/1210/504 1028/1209/697 1050/1208/723
f 1044/80/1244 1054/82/477 1031/81/476
f 1044/80/1244 1031/81/476 1050/1208/723
f 1021/1191/1241 1048/1188/728 1043/467/731
f 998/1198/1235 1025/1197/707 1049/1196/23
f 1049/1196/23 1021/1191/1241 1043/467/731
f 1044/80/1244 1050/1208/723 1033/1207/722
f 1033/1207/722 1035/1206/695 1055/1179/725
f 1035/1206/695 1056/1205/694 1055/1179/725
f 1044/80/1244 1033/1207/722 1055/1179/725
f 1023/466/726 998/1198/1235 1049/1196/23
f 1020/1201/724 1022/1200/733 1052/465/21
f 1022/1200/733 999/1199/32 1052/465/21
f 1043/467/731 1055/1179/725 1020/1201/724
f 1023/466/726 1049/1196/23 1043/467/731
f 1043/467/731 1020/1201/724 1052/465/21
f 1043/83/1146 1249/462/307 1061/1211/282
f 1249/462/307 1006/1403/1137 1061/1211/282
f 1067/1405/716 1046/1404/1243 1015/1165/717
f 1046/1404/1243 1044/425/732 1015/1165/717
f 1044/425/732 1043/83/1146 1011/468/290
f 1043/83/1146 1061/1211/282 1007/1214/284
f 1007/1214/284 1062/1402/283 1064/1215/285
f 1062/1402/283 1008/1408/1138 1064/1215/285
f 1043/83/1146 1007/1214/284 1064/1215/285
f 1068/1212/715 1015/1165/717 1044/425/732
f 1065/1407/713 1014/1406/1239 1013/1213/714
f 1014/1406/1239 1068/1212/715 1013/1213/714
f 1009/85/287 1059/1410/286 1010/464/308
f 1043/83/1146 1064/1215/285 1009/85/287
f 1009/85/287 1010/464/308 1060/84/288
f 1043/83/1146 1009/85/287 1060/84/288
f 1013/1213/714 1068/1212/715 1044/425/732
f 1063/463/289 1012/1409/1238 1066/469/712
f 1066/469/712 1013/1213/714 1044/425/732
f 1043/83/1146 1060/84/288 1011/468/290
f 1011/468/290 1063/463/289 1066/469/712
f 1002/1281/689 1018/1280/735 1001/1217/1233
f 1000/1284/708 1025/1283/707 998/1220/1235
f 997/473/671 1027/1411/703 1041/176/698
f 988/743/500 1029/475/1190 1030/476/734
f 996/248/670 1036/750/702 1039/247/494
f 982/94/1237 1042/93/1147 1005/1225/489
f 988/1561/500 970/1562/674 1029/1563/1190
f 1125/122/736 1069/63/1247 1124/61/737
f 1122/67/739 1071/1243/1248 1127/124/740
f 1126/127/742 1073/1244/1249 1123/126/743
f 1128/65/325 1075/1245/353 1129/129/326
f 1130/132/745 1077/1246/1250 1131/131/746
f 1078/1565/747 1183/505/772 1130/1249/745
f 1183/505/772 1207/664/1257 1126/165/742
f 1207/664/1257 1069/1248/1247 1125/1247/736
f 1207/664/1257 1125/1247/736 1071/1253/1248
f 1077/1250/1250 1130/1249/745 1183/505/772
f 1207/664/1257 1071/1253/1248 1122/1254/739
f 1207/664/1257 1122/1254/739 1073/166/1249
f 1128/1251/325 1077/1250/1250 1183/505/772
f 1075/504/353 1128/1251/325 1183/505/772
f 1207/664/1257 1073/166/1249 1126/165/742
f 1110/33/1258 1109/1115/790 1081/1116/351
f 1109/1115/790 1083/1114/771 1081/1116/351
f 1105/1113/750 1132/1111/815 1121/1112/748
f 1132/1111/815 1111/427/773 1121/1112/748
f 1111/427/773 1110/33/1258 1120/1117/1155
f 1110/33/1258 1081/1116/351 1118/1122/1256
f 1118/1122/1256 1084/1124/770 1080/1123/769
f 1110/33/1258 1118/1122/1256 1079/1125/768
f 1107/1118/1216 1121/1112/748 1111/427/773
f 1103/1120/752 1106/1119/749 1112/1121/624
f 1106/1119/749 1107/1118/1216 1112/1121/624
f 1118/1122/1256 1080/1123/769 1079/1125/768
f 1113/1132/1255 1140/1131/775 1086/1130/766
f 1110/33/1258 1079/1125/768 1113/1132/1255
f 1113/1132/1255 1086/1130/766 1088/1136/1254
f 1110/33/1258 1113/1132/1255 1088/1136/1254
f 1112/1121/624 1107/1118/1216 1111/427/773
f 1094/1129/755 1108/1127/751 1104/1126/1251
f 1104/1126/1251 1112/1121/624 1111/427/773
f 1110/33/1258 1088/1136/1254 1114/1142/765
f 1114/1142/765 1092/1141/767 1085/1140/764
f 1110/33/1258 1114/1142/765 1090/32/763
f 1116/1128/753 1094/1129/755 1104/1126/1251
f 1114/1142/765 1085/1140/764 1090/32/763
f 1117/31/1253 1091/1148/762 1089/1147/761
f 1110/33/1258 1090/32/763 1117/31/1253
f 1117/31/1253 1089/1147/761 1087/1146/760
f 1110/33/1258 1117/31/1253 1087/1146/760
f 1116/1128/753 1104/1126/1251 1111/427/773
f 1096/1135/758 1097/1134/754 1099/1133/1252
f 1099/1133/1252 1116/1128/753 1111/427/773
f 1110/33/1258 1087/1146/760 1120/1117/1155
f 1120/1117/1155 1093/1145/759 1102/1144/345
f 1119/429/756 1096/1135/758 1099/1133/1252
f 1120/1117/1155 1102/1144/345 1100/1143/344
f 1115/1138/1219 1095/1139/627 1101/1137/757
f 1111/427/773 1120/1117/1155 1100/1143/344
f 1115/1138/1219 1101/1137/757 1098/428/637
f 1111/427/773 1100/1143/344 1115/1138/1219
f 1119/429/756 1099/1133/1252 1111/427/773
f 1111/427/773 1115/1138/1219 1098/428/637
f 1111/169/1259 1183/505/772 1078/1565/747
f 1069/1248/1247 1207/664/1257 1124/1255/737
f 1207/664/1257 1110/506/774 1124/1255/737
f 1110/506/774 1111/169/1259 1074/167/744
f 1111/169/1259 1078/1565/747 1131/1258/746
f 1131/1258/746 1077/1250/1250 1128/1251/325
f 1111/169/1259 1131/1258/746 1076/1259/327
f 1070/1257/738 1124/1255/737 1110/506/774
f 1071/1253/1248 1125/1247/736 1070/1257/738
f 1127/1252/740 1071/1253/1248 1070/1257/738
f 1131/1258/746 1128/1251/325 1076/1259/327
f 1129/168/326 1075/504/353 1126/165/742
f 1111/169/1259 1076/1259/327 1129/168/326
f 1129/168/326 1126/165/742 1074/167/744
f 1111/169/1259 1129/168/326 1074/167/744
f 1127/1252/740 1070/1257/738 1110/506/774
f 1073/166/1249 1122/1254/739 1123/507/743
f 1122/1254/739 1072/508/741 1123/507/743
f 1072/508/741 1127/1252/740 1110/506/774
f 1110/506/774 1074/167/744 1123/507/743
f 1085/175/777 1092/174/799 1138/510/778
f 1089/35/780 1091/34/1115 1137/176/370
f 1102/430/363 1093/431/1116 1181/511/782
f 1101/178/757 1095/739/1223 1175/177/603
f 1108/38/784 1094/1150/1260 1134/37/785
f 1097/41/787 1096/40/758 1155/180/788
f 1106/512/793 1103/433/251 1133/434/795
f 1080/44/769 1084/43/1115 1142/185/370
f 1095/1417/1223 1154/1265/385 1175/1264/603
f 1094/1566/1260 1153/1268/796 1134/1267/785
f 1093/1567/1116 1152/1422/798 1181/1423/782
f 1091/1424/1115 1151/1271/798 1137/1270/370
f 1084/1428/1115 1147/1275/387 1142/1274/370
f 1140/1568/775 1113/1569/1255 1082/1570/182
f 1169/80/1264 1170/1177/1265 1182/1178/801
f 1170/1177/1265 1163/1176/794 1182/1178/801
f 1143/1175/791 1167/427/1266 1145/1174/405
f 1167/427/1266 1168/467/813 1145/1174/405
f 1168/467/813 1169/80/1264 1180/1179/806
f 1169/80/1264 1182/1178/801 1165/1184/1205
f 1165/1184/1205 1164/1186/800 1171/1187/563
f 1164/1186/800 1133/1185/795 1171/1187/563
f 1169/80/1264 1165/1184/1205 1171/1187/563
f 1178/1180/812 1145/1174/405 1168/467/813
f 1141/1182/792 1142/1181/370 1178/1180/812
f 1144/1183/811 1141/1182/792 1178/1180/812
f 1162/1195/1261 1166/1193/786 1134/1192/785
f 1169/80/1264 1171/1187/563 1162/1195/1261
f 1162/1195/1261 1134/1192/785 1176/1194/802
f 1169/80/1264 1162/1195/1261 1176/1194/802
f 1144/1183/811 1178/1180/812 1168/467/813
f 1139/1190/776 1146/1189/810 1172/1188/584
f 1172/1188/584 1144/1183/811 1168/467/813
f 1169/80/1264 1176/1194/802 1158/1204/1262
f 1158/1204/1262 1156/1203/789 1155/1202/788
f 1169/80/1264 1158/1204/1262 1179/82/803
f 1149/1191/1263 1139/1190/776 1172/1188/584
f 1158/1204/1262 1155/1202/788 1179/82/803
f 1157/81/1208 1160/1210/783 1174/1208/572
f 1160/1210/783 1175/1209/603 1174/1208/572
f 1169/80/1264 1179/82/803 1157/81/1208
f 1169/80/1264 1157/81/1208 1174/1208/572
f 1149/1191/1263 1172/1188/584 1168/467/813
f 1136/1198/779 1138/1197/778 1173/1196/809
f 1173/1196/809 1149/1191/1263 1168/467/813
f 1169/80/1264 1174/1208/572 1159/1207/804
f 1159/1207/804 1161/1206/374 1181/1205/782
f 1169/80/1264 1159/1207/804 1180/1179/806
f 1150/466/807 1136/1198/779 1173/1196/809
f 1159/1207/804 1181/1205/782 1180/1179/806
f 1148/1201/805 1135/1200/781 1177/465/808
f 1135/1200/781 1137/1199/370 1177/465/808
f 1168/467/813 1180/1179/806 1148/1201/805
f 1150/466/807 1173/1196/809 1168/467/813
f 1168/467/813 1148/1201/805 1177/465/808
f 1140/1281/775 1146/1280/1267 1139/1217/776
f 1105/751/750 1163/90/794 1170/89/814
f 1109/94/790 1167/93/1268 1143/1225/791
f 1140/1571/775 1082/1572/182 1146/1573/1267
f 953/83/849 847/425/636 1169/425/251
f 983/169/692 666/169/247 952/646/664
s 0
f 1674/1097/1311 1676/1104/1311 1673/1098/1311
f 1667/1100/1312 1666/1103/1312 1668/1101/1312
f 1666/1103/1313 1667/1106/1313 1665/1098/1313
f 1671/1100/1312 1670/1103/1312 1672/1101/1312
f 1670/1103/1313 1671/1106/1313 1669/1098/1313
f 1675/1098/1314 1676/1106/1314 1674/1106/1314
f 1680/1101/1315 1678/1103/1315 1679/1100/1315
f 1677/1098/1316 1679/1106/1316 1678/1103/1316
f 1684/1101/1315 1682/1103/1315 1683/1100/1315
f 1681/1098/1316 1683/1106/1316 1682/1103/1316
f 1694/1097/1311 1696/1104/1311 1693/1098/1311
f 1687/1100/1312 1686/1103/1312 1688/1101/1312
f 1686/1103/1313 1687/1106/1313 1685/1098/1313
f 1691/1100/1312 1690/1103/1312 1692/1101/1312
f 1690/1103/1313 1691/1106/1313 1689/1098/1313
f 1695/1098/1314 1696/1106/1314 1694/1106/1314
f 1700/1101/1315 1698/1103/1315 1699/1100/1315
f 1697/1098/1316 1699/1106/1316 1698/1103/1316
f 1704/1101/1315 1702/1103/1315 1703/1100/1315
f 1701/1098/1316 1703/1106/1316 1702/1103/1316
f 1715/1097/1311 1716/1104/1311 1714/1098/1311
f 1708/1100/1312 1707/1103/1312 1709/1101/1312
f 1707/1103/1313 1708/1106/1313 1706/1098/1313
f 1712/1100/1312 1711/1103/1312 1713/1101/1312
f 1711/1103/1313 1712/1106/1313 1710/1098/1313
f 1705/1098/1314 1716/1106/1314 1715/1106/1314
f 1720/1101/1315 1718/1103/1315 1719/1100/1315
f 1717/1098/1316 1719/1106/1316 1718/1103/1316
f 1724/1101/1315 1722/1103/1315 1723/1105/1315
f 1721/1098/1316 1723/1106/1316 1722/1103/1316
f 1736/1097/1317 1726/1106/1317 1725/1107/1317
f 1729/1100/1312 1728/1103/1312 1730/1101/1312
f 1728/1103/1313 1729/1106/1313 1727/1098/1313
f 1733/1100/1312 1732/1103/1312 1734/1101/1312
f 1732/1103/1313 1733/1106/1313 1731/1098/1313
f 1735/1098/1318 1726/1106/1318 1736/1097/1318
f 1740/1101/1315 1738/1103/1315 1739/1100/1315
f 1737/1098/1316 1739/1106/1316 1738/1103/1316
f 1744/1101/1315 1742/1103/1315 1743/1105/1315
f 1741/1098/1316 1743/1106/1316 1742/1103/1316
s 1
usemtl GT_MC_Facade_3
f 252/259/215 233/260/216 302/261/217
f 247/262/218 258/263/219 297/264/220
f 237/265/221 258/266/219 247/267/218
f 238/268/222 259/269/219 248/270/218
f 239/271/221 261/272/223 249/266/224
f 240/273/221 260/274/219 250/275/225
f 241/276/226 262/266/219 251/272/227
f 242/277/228 233/278/216 252/279/215
f 243/280/221 265/281/219 253/282/229
f 244/283/221 264/284/219 254/285/229
f 245/286/222 266/287/219 255/288/218
f 246/289/221 268/290/223 256/291/224
f 265/292/230 235/293/230 271/294/230
f 270/295/231 256/296/224 268/297/223
f 308/298/220 255/299/218 266/300/219
f 269/301/231 249/302/224 261/303/223
f 301/304/220 250/305/225 260/306/219
f 298/307/220 248/308/218 259/309/219
f 302/310/217 233/311/216 274/312/230
f 264/313/230 235/314/230 275/315/230
f 246/316/221 295/317/232 285/318/233
f 245/319/222 294/320/232 284/321/233
f 244/322/221 293/323/234 283/324/233
f 243/325/221 292/326/234 282/327/233
f 252/328/215 281/329/233 242/330/228
f 251/331/227 280/332/233 241/333/226
f 250/334/225 279/335/233 240/336/221
f 249/337/224 278/338/233 239/339/221
f 238/340/222 287/341/232 277/342/233
f 237/343/221 286/344/232 276/345/233
f 283/346/233 236/347/235 244/348/221
f 284/349/233 306/350/236 245/351/222
f 282/352/233 275/353/237 243/354/221
f 281/355/233 234/356/237 242/357/228
f 279/358/233 232/359/235 240/360/221
f 280/361/233 274/362/238 241/363/226
f 278/364/233 231/365/235 239/366/221
f 277/367/233 272/368/236 238/369/222
f 276/370/233 230/371/235 237/372/221
f 285/373/233 309/374/237 246/375/221
f 305/376/220 292/377/234 265/378/219
f 297/379/220 276/380/233 286/381/232
f 298/267/220 277/382/233 287/383/232
f 269/384/231 278/273/233 288/275/232
f 301/268/220 279/274/233 289/385/232
f 303/386/220 280/387/233 290/382/239
f 302/388/217 281/389/233 291/390/232
f 305/391/220 282/392/233 292/282/234
f 304/393/220 283/394/233 293/395/234
f 308/396/220 284/397/233 294/393/232
f 270/398/231 285/399/233 295/400/232
f 296/401/230 273/402/230 301/403/230
f 293/404/234 264/405/219 304/406/220
f 290/301/239 262/407/219 303/408/220
f 273/409/230 262/410/230 232/411/230
f 604/577/407 563/578/408 597/579/409
f 563/580/408 556/581/410 597/582/409
f 557/260/411 572/583/412 616/261/413
f 577/263/219 568/584/414 611/264/415
f 577/266/219 561/265/416 568/267/414
f 579/272/417 562/271/416 570/266/418
f 557/278/411 582/585/419 572/279/412
f 586/290/417 567/289/420 591/291/418
f 576/586/421 556/587/410 580/588/421
f 564/589/422 572/590/423 582/591/424
f 560/592/425 565/593/426 574/594/427
f 586/595/428 566/596/429 575/597/430
f 559/598/431 599/599/426 573/592/432
f 557/594/433 598/600/434 571/595/435
f 579/601/428 596/602/429 569/603/430
f 591/604/418 589/295/436 586/297/417
f 608/605/437 622/298/220 585/300/438
f 570/302/418 587/301/439 579/303/417
f 604/606/407 615/304/220 580/306/440
f 602/607/437 612/307/220 578/309/438
f 555/608/441 580/609/421 615/610/442
f 557/311/411 616/310/413 594/312/421
f 559/314/421 583/313/421 595/315/421
f 560/611/421 585/612/421 622/613/421
f 567/316/420 609/317/443 591/614/418
f 599/615/426 607/326/444 573/616/432
f 561/617/416 601/344/445 568/618/414
f 588/580/235 600/373/446 567/375/420
f 607/377/444 619/376/220 584/378/447
f 613/619/448 611/379/415 601/381/449
f 596/382/429 612/267/220 602/383/437
f 614/620/450 587/384/439 603/275/449
f 597/274/409 615/268/220 604/385/407
f 598/387/434 617/386/451 605/382/452
f 564/389/422 616/388/413 606/390/453
f 599/392/426 619/391/220 607/282/444
f 565/394/426 618/393/220 590/395/444
f 566/397/429 622/396/220 608/393/437
f 600/399/446 589/398/436 609/400/443
f 619/621/421 595/622/421 416/623/421
f 603/624/445 562/625/416 614/626/454
f 601/627/445 561/628/416 613/629/454
f 583/405/455 590/404/444 618/406/220
f 581/407/456 605/630/452 617/408/451
f 592/631/457 623/632/421 588/609/421
f 876/262/218 884/263/219 931/264/220
f 868/265/221 884/266/219 876/267/218
f 869/268/221 885/269/219 898/270/218
f 870/271/221 887/272/219 877/266/227
f 871/273/221 886/274/219 878/275/225
f 872/276/221 888/266/219 879/272/225
f 873/277/221 895/278/219 899/279/227
f 874/280/221 890/281/219 880/282/229
f 875/286/221 892/287/219 882/288/218
f 893/685/641 897/290/642 900/291/643
f 890/686/230 866/293/230 901/294/644
f 900/687/645 919/688/646 893/688/647
f 917/593/646 867/592/648 881/594/649
f 938/298/220 882/299/218 892/300/219
f 936/689/650 881/690/651 889/691/652
f 896/408/220 879/692/225 888/693/219
f 932/304/220 878/305/225 886/306/219
f 894/694/220 898/695/218 885/309/219
f 931/696/230 883/697/230 930/698/230
f 894/699/230 861/700/230 902/701/230
f 903/702/230 887/703/230 862/704/230
f 890/705/230 865/706/230 907/707/230
f 936/708/230 866/314/230 908/315/230
f 875/319/221 928/320/232 918/321/653
f 874/709/221 926/326/234 916/327/233
f 899/710/227 915/329/233 873/697/221
f 879/331/225 914/332/233 872/333/221
f 878/334/225 913/335/233 871/336/221
f 877/337/227 912/338/233 870/711/221
f 869/340/221 921/341/232 911/342/233
f 868/343/221 920/344/232 910/345/233
f 918/349/653 891/712/654 875/351/221
f 916/352/233 908/353/237 874/713/221
f 915/355/233 907/714/237 873/715/221
f 913/358/233 905/716/235 871/360/221
f 914/361/233 864/717/235 872/363/221
f 912/364/233 863/718/235 870/719/221
f 911/367/233 903/373/237 869/369/221
f 910/370/233 902/720/237 868/372/221
f 931/379/220 910/380/233 920/381/232
f 894/267/220 911/382/233 921/383/232
f 933/384/220 912/273/233 922/275/239
f 932/268/220 913/274/233 923/385/232
f 896/386/220 914/387/233 924/382/232
f 934/388/220 915/389/233 925/390/239
f 937/391/220 916/392/233 926/282/234
f 936/393/650 917/394/646 927/395/655
f 938/396/220 918/397/653 928/393/232
f 940/398/656 919/399/646 929/400/657
f 930/401/230 935/402/230 932/403/230
f 929/721/657 897/297/642 940/295/656
f 926/722/234 890/723/219 937/724/220
f 925/725/239 895/726/219 934/727/220
f 922/711/239 887/692/219 933/301/220
f 904/728/230 932/610/230 863/729/230
f 906/699/230 895/730/230 864/731/230
f 909/732/230 938/613/230 867/733/230
f 939/632/658 901/734/644 893/735/641
f 1204/616/816 1197/709/817 1236/756/446
f 1224/757/443 1196/697/817 1235/758/446
f 1200/337/816 1193/711/817 1234/338/446
f 1223/320/418 1192/759/817 1233/342/446
f 1197/713/817 1231/364/237 1236/760/446
f 1196/715/817 1230/714/237 1235/761/446
f 1193/719/817 1227/370/237 1234/364/446
f 1192/762/817 1226/373/237 1233/367/446
f 1208/263/438 1240/763/437 1250/264/220
f 1209/269/417 1192/268/817 1223/270/418
f 1211/272/219 1193/271/817 1200/266/816
f 1213/266/219 1195/276/818 1202/272/819
f 1212/278/219 1196/277/817 1203/279/414
f 1215/281/219 1197/280/817 1204/282/816
f 1214/284/219 1198/283/817 1205/285/414
f 1217/287/219 1238/286/416 1206/288/414
f 1222/290/820 1218/685/821 1225/291/643
f 1207/586/421 1228/587/421 1210/588/421
f 1239/764/426 1225/765/822 1218/688/823
f 1228/597/824 1194/766/825 1201/767/826
f 1209/768/428 1191/769/429 1199/770/430
f 1206/771/414 1257/298/827 1217/300/219
f 1205/772/414 1254/689/220 1214/691/219
f 1202/692/819 1221/408/828 1213/693/219
f 1203/773/414 1220/727/220 1212/726/219
f 1243/774/437 1251/304/220 1210/306/438
f 1223/695/418 1219/694/436 1209/309/417
f 1186/729/421 1251/610/421 1227/728/421
f 1188/706/421 1215/705/421 1230/707/421
f 1189/314/421 1254/708/421 1231/775/421
f 1190/733/421 1217/612/421 1257/613/827
f 1239/776/426 1248/317/829 1225/614/822
f 1237/324/446 1246/777/443 1198/322/817
f 1236/756/446 1245/326/829 1204/616/816
f 1233/342/446 1241/341/830 1223/320/418
f 1190/778/235 1237/346/446 1198/348/817
f 1191/380/429 1250/379/220 1240/381/437
f 1233/382/446 1219/267/436 1241/383/830
f 1234/273/446 1252/384/220 1242/275/829
f 1194/274/825 1251/268/220 1243/385/437
f 1235/389/446 1220/388/220 1224/390/443
f 1236/392/446 1255/391/220 1245/282/829
f 1237/394/446 1254/393/220 1246/395/443
f 1256/779/831 1257/396/827 1247/393/832
f 1239/399/426 1259/398/220 1248/400/829
f 1255/780/421 1231/622/421 1046/623/833
f 1247/781/834 1238/782/416 1256/783/835
f 1195/584/818 1229/784/836 1244/785/837
f 1222/297/820 1248/721/829 1259/295/220
f 1215/723/219 1245/722/829 1255/724/220
f 1211/692/219 1242/711/829 1252/301/220
f 1250/696/421 1249/786/421 1207/787/421
f 1220/788/421 1229/699/421 1187/731/421
f 1257/613/827 1232/732/421 1190/733/421
f 1183/789/838 1258/632/839 1218/735/821
f 275/353/237 235/719/235 243/354/221
f 274/362/238 233/713/1118 241/363/226
f 237/265/221 230/271/235 258/266/219
f 238/268/222 261/1295/1119 259/269/219
f 239/271/221 231/1296/235 261/272/223
f 240/273/221 232/385/235 260/274/219
f 241/276/226 233/1297/1118 262/266/219
f 242/277/228 263/1298/235 233/278/216
f 243/280/221 235/1299/235 265/281/219
f 244/283/221 236/1300/235 264/284/219
f 245/286/222 268/1301/1119 266/287/219
f 246/289/221 267/1302/235 268/290/223
f 257/586/230 297/1303/230 258/1304/230
f 309/1305/230 271/294/230 267/1306/230
f 271/294/230 257/586/230 233/1307/230
f 257/586/230 258/1304/230 230/1308/230
f 257/586/230 230/1308/230 259/1309/230
f 268/1310/230 267/1306/230 271/294/230
f 257/586/230 259/1309/230 261/1311/230
f 266/1312/230 268/1310/230 271/294/230
f 257/586/230 261/1311/230 231/1313/230
f 257/586/230 231/1313/230 260/1314/230
f 257/586/230 260/1314/230 232/587/230
f 257/586/230 232/587/230 262/1315/230
f 236/1316/230 266/1312/230 271/294/230
f 264/1317/230 236/1316/230 271/294/230
f 257/586/230 262/1315/230 233/1307/230
f 263/1318/230 234/1319/230 265/292/230
f 271/294/230 233/1307/230 263/1318/230
f 235/293/230 264/1317/230 271/294/230
f 271/294/230 263/1318/230 265/292/230
f 245/597/222 306/600/236 268/595/1119
f 242/1320/228 234/1321/237 263/1322/235
f 238/603/222 272/1323/236 261/601/1119
f 246/1324/221 309/1325/237 267/1326/235
f 298/312/230 259/1327/230 230/1328/230
f 269/1329/230 261/1330/1119 272/1331/236
f 231/608/230 301/610/230 260/609/230
f 236/611/230 308/613/230 266/612/230
f 270/1332/230 268/1333/1119 306/1334/236
f 246/316/221 256/1335/224 295/317/232
f 245/319/222 255/1336/218 294/320/232
f 244/322/221 254/1337/229 293/323/234
f 243/325/221 253/616/229 292/326/234
f 252/328/215 291/757/232 281/329/233
f 251/331/227 290/710/239 280/332/233
f 250/334/225 289/352/232 279/335/233
f 249/337/224 288/321/232 278/338/233
f 238/340/222 248/1338/218 287/341/232
f 237/343/221 247/618/218 286/344/232
f 279/358/233 273/1339/237 232/359/235
f 297/379/220 299/1340/237 276/380/233
f 298/267/220 272/1341/236 277/382/233
f 269/384/231 300/1342/237 278/273/233
f 301/268/220 273/270/237 279/274/233
f 303/386/220 274/1295/238 280/387/233
f 302/388/217 234/281/237 281/389/233
f 305/391/220 275/1343/237 282/392/233
f 304/393/220 307/1344/237 283/394/233
f 308/396/220 306/1345/236 284/397/233
f 270/398/231 309/1346/237 285/399/233
f 93/623/230 271/294/230 309/1305/230
f 257/586/230 296/401/230 297/1303/230
f 296/401/230 93/623/230 274/1347/230
f 93/623/230 309/1305/230 270/1348/230
f 93/623/230 270/1348/230 306/1349/236
f 299/1350/230 297/1303/230 296/401/230
f 298/1351/230 230/1308/230 299/1350/230
f 93/623/230 306/1349/236 308/1352/230
f 308/1352/230 236/1316/230 307/1353/230
f 93/623/230 308/1352/230 307/1353/230
f 298/1351/230 299/1350/230 296/401/230
f 272/1354/236 298/1351/230 296/401/230
f 93/623/230 307/1353/230 304/1355/230
f 93/623/230 304/1355/230 275/622/230
f 305/621/230 265/292/230 234/1319/230
f 93/623/230 275/622/230 305/621/230
f 93/623/230 305/621/230 234/1319/230
f 269/1356/230 272/1354/236 296/401/230
f 301/403/230 231/1313/230 300/1357/230
f 300/1357/230 269/1356/230 296/401/230
f 93/623/230 234/1319/230 302/1358/217
f 93/623/230 302/1358/217 274/1347/230
f 296/401/230 274/1347/230 303/1359/230
f 301/403/230 300/1357/230 296/401/230
f 296/401/230 303/1359/230 273/402/230
f 307/1360/237 236/1361/235 283/1362/233
f 300/1363/237 231/1364/235 278/1365/233
f 299/1366/237 230/1367/235 276/1368/233
f 295/721/232 256/296/224 270/295/231
f 294/1369/232 255/299/218 308/298/220
f 292/722/234 253/1370/229 265/607/219
f 293/404/234 254/690/229 264/405/219
f 290/301/239 251/692/227 262/407/219
f 291/725/232 252/1371/215 302/1372/217
f 288/711/232 249/302/224 269/301/231
f 289/1373/232 250/305/225 301/304/220
f 287/724/232 248/308/218 298/307/220
f 286/1374/232 247/1375/218 297/1376/220
f 273/409/230 303/1377/230 262/410/230
f 275/315/230 304/1378/230 264/313/230
f 590/323/444 574/1435/427 565/1436/426
f 599/1437/426 559/719/431 595/353/237
f 598/1438/434 557/713/433 594/362/1167
f 585/1439/438 575/1440/1168 608/1441/437
f 581/1442/456 571/1443/1169 605/1444/452
f 580/1445/440 563/1446/408 604/1447/407
f 578/732/438 569/1448/1168 602/1449/437
f 577/266/219 554/271/1170 561/265/416
f 578/269/438 579/1295/247 569/1450/1168
f 579/272/417 555/1296/1170 562/271/416
f 580/274/440 556/385/410 563/1451/408
f 581/266/456 557/1297/247 571/1452/1169
f 584/281/447 559/1299/247 573/1453/1171
f 583/284/455 560/1300/247 574/1454/1172
f 585/287/438 586/1301/247 575/1455/1168
f 586/290/417 588/1302/235 567/289/420
f 611/1456/415 576/586/421 577/1304/421
f 576/586/421 592/294/457 557/1307/411
f 592/294/457 588/1306/421 586/1457/421
f 554/1458/441 577/1304/421 576/586/421
f 592/294/457 586/1457/421 585/1459/421
f 592/294/457 585/1459/421 560/1460/421
f 578/1461/421 554/1458/441 576/586/421
f 579/1462/421 578/1461/421 576/586/421
f 592/294/457 560/1460/421 583/1463/421
f 592/294/457 583/1463/421 559/293/421
f 592/294/457 559/293/421 584/1464/1173
f 584/1464/1173 558/1465/1174 582/1318/419
f 592/294/457 584/1464/1173 582/1318/419
f 555/1466/441 579/1462/421 576/586/421
f 592/294/457 582/1318/419 557/1307/411
f 576/586/421 557/1307/411 581/1467/421
f 580/588/421 555/1466/441 576/586/421
f 576/586/421 581/1467/421 556/587/410
f 575/1468/1168 566/1469/429 608/1470/437
f 598/1438/434 605/1471/452 571/1472/435
f 569/1473/1168 596/1474/429 602/1475/437
f 586/595/428 620/600/1175 566/596/429
f 582/1476/424 558/1321/1176 564/1477/422
f 579/601/428 593/1323/1175 596/602/429
f 574/772/1172 590/404/444 583/405/455
f 554/1328/441 578/1327/421 612/312/1177
f 593/1331/1175 579/1330/428 587/1329/439
f 620/1334/1175 586/1333/428 589/1332/421
f 567/316/420 600/318/446 609/317/443
f 564/1478/422 606/757/453 572/328/423
f 562/1479/416 603/321/445 570/337/418
f 588/580/235 623/358/237 600/373/446
f 596/382/429 593/1341/1175 612/267/220
f 597/274/409 617/270/1178 615/268/220
f 598/387/434 594/1295/1167 617/386/451
f 564/389/422 558/281/1176 616/388/413
f 599/392/426 595/1343/237 619/391/220
f 565/394/426 621/1344/237 618/393/220
f 566/397/429 620/1345/1175 622/396/220
f 600/399/446 623/1346/237 589/398/436
f 610/401/1179 576/586/421 611/1456/415
f 592/294/457 416/623/421 623/1480/421
f 416/623/421 610/401/1179 594/1347/421
f 610/401/1179 611/1456/415 613/1350/448
f 613/1350/448 554/1458/441 612/1481/1177
f 610/401/1179 613/1350/448 612/1481/1177
f 589/1482/421 623/1480/421 416/623/421
f 610/401/1179 612/1481/1177 593/1483/1175
f 610/401/1179 593/1483/1175 587/1484/439
f 620/1485/1175 589/1482/421 416/623/421
f 622/1486/421 620/1485/1175 416/623/421
f 610/401/1179 587/1484/439 614/1357/450
f 614/1357/450 555/1466/441 615/1487/442
f 610/401/1179 614/1357/450 615/1487/442
f 621/1353/421 560/1460/421 622/1486/421
f 610/401/1179 615/1487/442 617/1488/421
f 621/1353/421 622/1486/421 416/623/421
f 618/1489/421 621/1353/421 416/623/421
f 610/401/1179 617/1488/421 594/1347/421
f 416/623/421 594/1347/421 616/1490/413
f 558/1465/1174 584/1464/1173 619/621/421
f 416/623/421 616/1490/413 558/1465/1174
f 595/622/421 618/1489/421 416/623/421
f 416/623/421 558/1465/1174 619/621/421
f 565/1491/426 560/1361/425 621/1360/237
f 597/1492/409 556/1493/410 617/1494/1178
f 562/1495/416 555/1364/1170 614/1496/454
f 561/1497/416 554/1367/1170 613/1498/454
f 589/295/436 591/604/418 609/721/443
f 584/607/447 573/1370/1171 607/722/444
f 616/1372/413 572/1371/412 606/725/453
f 587/301/439 570/302/418 603/711/449
f 611/1499/415 568/1375/414 601/1374/449
f 581/410/421 617/1377/1178 556/1500/410
f 583/313/421 618/1378/421 595/315/421
f 908/353/237 866/719/235 874/713/221
f 907/714/237 865/1527/235 873/715/221
f 903/373/237 862/1528/235 869/369/221
f 902/720/237 861/1529/235 868/372/221
f 868/265/221 861/271/235 884/266/219
f 869/268/221 862/1295/235 885/269/219
f 870/271/221 863/1296/235 887/272/219
f 871/273/221 905/385/235 886/274/219
f 872/276/221 864/1297/235 888/266/219
f 873/277/221 865/1298/235 895/278/219
f 874/280/221 866/1299/235 890/281/219
f 881/1530/651 867/1300/247 889/284/652
f 875/286/221 891/1301/654 892/287/219
f 883/586/230 931/1303/230 884/1304/230
f 901/294/644 883/586/230 864/1531/230
f 883/586/230 884/1304/230 861/1458/230
f 883/586/230 861/1458/230 885/1309/230
f 897/1532/642 893/1533/641 901/294/644
f 883/586/230 885/1309/230 862/1534/230
f 883/586/230 862/1534/230 887/1535/230
f 891/1536/654 897/1532/642 901/294/644
f 892/1312/230 891/1536/654 901/294/644
f 883/586/230 887/1535/230 863/1466/230
f 883/586/230 863/1466/230 886/1314/230
f 883/586/230 886/1314/230 905/1537/230
f 883/586/230 905/1537/230 888/1315/230
f 867/1460/230 892/1312/230 901/294/644
f 889/1317/230 867/1460/230 901/294/644
f 883/586/230 888/1315/230 864/1531/230
f 901/294/644 864/1531/230 895/1538/230
f 901/294/644 895/1538/230 865/1318/230
f 866/293/230 889/1317/230 901/294/644
f 901/294/644 865/1318/230 890/686/230
f 894/699/230 885/1327/230 861/700/230
f 932/610/230 886/609/230 863/729/230
f 896/1377/230 888/1539/230 905/1540/230
f 936/708/230 889/1541/230 866/314/230
f 867/733/230 938/613/230 892/612/230
f 919/1542/646 900/614/645 929/317/657
f 875/319/221 882/1336/218 928/320/232
f 881/1337/649 927/323/655 917/1543/646
f 874/709/221 880/616/229 926/326/234
f 899/710/227 925/757/239 915/329/233
f 879/331/225 924/710/232 914/332/233
f 878/334/225 923/352/232 913/335/233
f 877/337/227 922/321/239 912/338/233
f 869/340/221 898/320/218 921/341/232
f 868/343/221 876/618/218 920/344/232
f 917/1544/646 909/1545/237 867/778/648
f 914/361/233 906/352/237 864/717/235
f 912/364/233 904/370/237 863/718/235
f 919/1546/646 939/358/1224 893/360/647
f 931/379/220 902/1340/237 910/380/233
f 894/267/220 903/1341/237 911/382/233
f 933/384/220 904/1342/237 912/273/233
f 932/268/220 935/270/237 913/274/233
f 896/386/220 906/1295/237 914/387/233
f 934/388/220 907/281/237 915/389/233
f 937/391/220 908/1343/237 916/392/233
f 936/393/650 909/1344/237 917/394/646
f 938/396/220 940/1345/1225 918/397/653
f 940/398/656 939/1346/1224 919/399/646
f 728/623/230 901/294/644 939/1305/658
f 930/401/230 728/623/230 906/1347/230
f 728/623/230 939/1305/658 940/1547/230
f 902/1350/230 931/1303/230 930/401/230
f 728/623/230 940/1547/230 938/1352/230
f 728/623/230 938/1352/230 909/1353/230
f 894/1351/230 902/1350/230 930/401/230
f 903/1354/230 894/1351/230 930/401/230
f 728/623/230 909/1353/230 936/1355/230
f 728/623/230 936/1355/230 908/622/230
f 728/623/230 908/622/230 937/621/230
f 728/623/230 937/621/230 907/1319/230
f 933/1356/230 903/1354/230 930/401/230
f 904/1357/230 933/1356/230 930/401/230
f 728/623/230 907/1319/230 934/1358/230
f 728/623/230 934/1358/230 906/1347/230
f 896/1359/230 905/1537/230 935/402/230
f 930/401/230 906/1347/230 896/1359/230
f 932/403/230 904/1357/230 930/401/230
f 930/401/230 896/1359/230 935/402/230
f 940/1548/1225 891/1549/654 918/1550/653
f 935/1494/237 905/1493/235 913/1492/233
f 929/721/657 900/604/643 897/297/642
f 928/1369/232 882/299/218 938/298/220
f 926/722/234 880/1370/229 890/723/219
f 927/404/655 881/690/651 936/689/650
f 924/301/232 879/692/225 896/408/220
f 925/725/239 899/773/227 895/726/219
f 922/711/239 877/302/227 887/692/219
f 923/1373/232 878/305/225 932/304/220
f 921/724/232 898/695/218 894/694/220
f 920/1374/232 876/1375/218 931/1376/220
f 903/702/230 933/1329/230 887/703/230
f 906/699/230 934/788/230 895/730/230
f 907/707/230 937/1551/230 890/705/230
f 891/1552/654 940/1332/1225 897/1333/642
f 1247/1574/834 1206/1575/414 1238/1576/416
f 1246/777/443 1205/1435/414 1198/322/817
f 1224/757/443 1203/710/414 1196/697/817
f 1197/713/817 1189/719/235 1231/364/237
f 1196/715/817 1188/1527/235 1230/714/237
f 1193/719/817 1186/718/235 1227/370/237
f 1192/762/817 1185/1528/235 1226/373/237
f 1210/1445/438 1201/1446/1269 1243/1447/437
f 1208/263/438 1199/584/1168 1240/763/437
f 1208/266/438 1209/271/247 1199/1577/1168
f 1209/269/417 1185/1295/235 1192/268/817
f 1211/272/219 1186/1296/235 1193/271/817
f 1210/274/438 1228/385/247 1201/1578/1269
f 1213/266/219 1187/1297/235 1195/276/818
f 1212/278/219 1188/1298/235 1196/277/817
f 1215/281/219 1189/1299/235 1197/280/817
f 1214/284/219 1190/1300/235 1198/283/817
f 1217/287/219 1216/1301/1270 1238/286/416
f 1250/1456/421 1207/586/421 1208/1304/421
f 1207/586/421 1183/294/838 1187/1531/421
f 1183/294/838 1218/1306/821 1222/1579/820
f 1183/294/838 1222/1579/820 1216/1580/1271
f 1209/1581/421 1208/1304/421 1207/586/421
f 1183/294/838 1216/1580/1271 1217/1459/421
f 1183/294/838 1217/1459/421 1190/1460/421
f 1185/1534/421 1209/1581/421 1207/586/421
f 1183/294/838 1190/1460/421 1214/1463/421
f 1183/294/838 1214/1463/421 1189/293/421
f 1183/294/838 1189/293/421 1215/1464/421
f 1183/294/838 1215/1464/421 1188/1318/421
f 1211/1582/421 1185/1534/421 1207/586/421
f 1186/1466/421 1211/1582/421 1207/586/421
f 1183/294/838 1188/1318/421 1212/1583/421
f 1183/294/838 1212/1583/421 1187/1531/421
f 1207/586/421 1187/1531/421 1213/1467/421
f 1210/588/421 1186/1466/421 1207/586/421
f 1207/586/421 1213/1467/421 1228/587/421
f 1201/1584/1269 1194/1585/825 1243/1586/437
f 1199/1587/1168 1191/1588/429 1240/1589/437
f 1209/768/428 1184/1590/1175 1191/769/429
f 1206/771/414 1247/1591/832 1257/298/827
f 1205/772/414 1246/1592/443 1254/689/220
f 1203/773/414 1224/725/443 1220/727/220
f 1184/1328/1175 1209/1327/428 1219/699/421
f 1226/702/421 1185/704/421 1211/703/421
f 1186/729/421 1210/609/421 1251/610/421
f 1228/1540/421 1213/1539/421 1221/1377/421
f 1187/731/421 1212/730/421 1220/788/421
f 1189/314/421 1214/1541/421 1254/708/421
f 1195/1593/818 1244/710/837 1202/331/819
f 1234/338/446 1242/321/829 1200/337/816
f 1190/778/235 1232/1545/237 1237/346/446
f 1187/717/235 1229/352/836 1195/363/818
f 1218/360/823 1258/358/1224 1239/368/426
f 1191/380/429 1184/1340/1175 1250/379/220
f 1233/382/446 1226/1341/237 1219/267/436
f 1234/273/446 1227/1342/237 1252/384/220
f 1194/274/825 1253/270/237 1251/268/220
f 1244/1594/1272 1229/1295/251 1221/386/828
f 1235/389/446 1230/281/237 1220/388/220
f 1236/392/446 1231/1343/237 1255/391/220
f 1237/394/446 1232/1344/237 1254/393/220
f 1239/399/426 1258/1346/1224 1259/398/220
f 1183/294/838 1046/623/833 1258/1480/839
f 1046/623/833 1249/401/421 1229/1347/421
f 1249/401/421 1250/1456/421 1184/1595/1175
f 1249/401/421 1184/1595/1175 1219/1596/421
f 1259/1482/1273 1258/1480/839 1046/623/833
f 1256/1349/831 1216/1580/1271 1259/1482/1273
f 1249/401/421 1219/1596/421 1226/1354/421
f 1249/401/421 1226/1354/421 1252/1484/421
f 1256/1349/831 1259/1482/1273 1046/623/833
f 1257/1486/827 1256/1349/831 1046/623/833
f 1249/401/421 1252/1484/421 1227/1357/421
f 1249/401/421 1227/1357/421 1251/1487/421
f 1253/402/421 1228/587/421 1221/1597/421
f 1249/401/421 1251/1487/421 1253/402/421
f 1249/401/421 1253/402/421 1221/1597/421
f 1232/1353/421 1257/1486/827 1046/623/833
f 1254/1598/421 1232/1353/421 1046/623/833
f 1249/401/421 1221/1597/421 1229/1347/421
f 1046/623/833 1229/1347/421 1220/1599/421
f 1046/623/833 1220/1599/421 1230/1319/421
f 1231/622/421 1254/1598/421 1046/623/833
f 1046/623/833 1230/1319/421 1255/780/421
f 1238/1600/416 1216/1549/1270 1256/1601/835
f 1194/1602/825 1228/1493/824 1253/1494/237
f 1222/297/820 1225/604/643 1248/721/829
f 1215/723/219 1204/1370/816 1245/722/829
f 1221/408/828 1202/692/819 1244/301/1272
f 1211/692/219 1200/302/816 1242/711/829
f 1219/694/436 1223/695/418 1241/724/830
f 1211/703/421 1252/1329/421 1226/702/421
f 1215/705/421 1255/1551/421 1230/707/421
f 1222/1333/820 1259/1332/1273 1216/1552/1271
usemtl GT_MC_Tiling_Dark_Concrete_Slab
f 311/412/240 312/413/241 316/414/230
f 324/415/242 313/416/243 321/417/244
f 316/418/245 317/419/246 311/420/247
f 314/421/248 318/422/249 316/423/245
f 310/421/250 318/422/249 324/424/242
f 632/633/458 631/634/459 625/635/247
f 629/636/460 633/637/461 325/638/462
f 324/639/242 325/640/251 627/641/251
f 624/636/463 633/637/461 625/642/464
f 629/643/247 310/644/250 624/645/247
f 942/412/659 943/736/241 947/414/230
f 954/415/660 944/737/243 955/417/661
f 947/418/662 948/738/246 942/420/247
f 945/421/248 949/422/249 947/423/662
f 941/421/663 949/422/249 954/424/660
f 1269/633/840 1268/634/841 1261/635/247
f 1270/790/842 1272/791/843 1263/792/251
f 1266/636/844 1270/637/842 1264/638/845
f 1260/636/846 1263/637/847 1261/642/848
f 1266/643/247 941/644/663 1260/645/247
f 1278/793/850 1280/794/239 1281/795/851
f 1280/796/239 1304/797/852 1281/798/851
f 1273/799/816 1296/800/853 1274/801/854
f 1290/802/230 1303/803/855 1291/804/230
f 1282/805/218 1304/797/852 1306/806/221
f 1288/807/251 1313/808/251 1290/809/251
f 1275/810/230 1297/811/230 1298/812/230
f 1282/813/218 1297/814/247 1276/815/247
f 1292/816/829 1314/817/856 1315/818/857
f 1285/819/225 1307/820/858 1308/821/859
f 1275/822/247 1295/823/860 1273/824/816
f 1277/825/230 1299/826/230 1278/827/230
f 1294/828/414 1314/817/856 1293/829/861
f 1280/830/239 1299/831/251 1305/832/862
f 1286/833/421 1309/834/421 1287/835/421
f 1279/836/863 1300/837/251 1277/838/251
f 1294/839/414 1309/840/247 1316/841/817
f 1279/842/863 1301/843/864 1302/844/865
f 1285/845/225 1310/846/247 1286/847/247
f 1288/848/861 1311/849/421 1312/850/421
f 1292/851/829 1311/852/251 1289/853/251
f 1318/854/866 1323/855/866 1326/856/866
f 1328/857/866 1333/858/866 1329/859/866
f 1338/860/867 1362/861/868 1339/862/869
f 1341/863/870 1357/864/871 1342/865/872
f 1322/866/873 1352/867/874 1325/868/875
f 1318/869/876 1337/870/877 1317/871/878
f 1330/872/879 1353/873/880 1327/874/881
f 1321/875/882 1351/876/883 1324/877/884
f 1320/878/885 1338/879/886 1319/880/884
f 1332/881/887 1345/882/888 1333/883/878
f 1319/884/889 1339/885/869 1321/886/881
f 1333/887/890 1346/888/891 1334/889/875
f 1328/890/892 1348/891/893 1318/892/894
f 1317/893/879 1349/894/880 1320/895/881
f 1335/896/895 1347/897/896 1336/898/884
f 1323/899/897 1340/900/898 1322/901/884
f 1336/902/873 1356/903/874 1332/904/875
f 1327/905/885 1343/906/899 1328/907/884
f 1324/908/900 1350/909/901 1323/910/875
f 1334/911/902 1355/912/903 1331/913/878
f 1329/914/904 1344/915/905 1330/916/878
f 1325/917/887 1341/918/870 1326/919/878
f 1326/920/906 1342/921/872 1335/922/907
f 1331/923/908 1354/924/909 1329/925/881
f 1359/926/850 1364/927/850 1360/928/850
f 1368/929/850 1373/930/850 1375/931/850
f 1342/932/872 1376/933/910 1347/934/896
f 1337/935/911 1361/936/912 1349/860/880
f 1347/937/913 1372/938/914 1356/939/874
f 1353/940/915 1368/941/916 1343/942/899
f 1350/943/917 1363/944/918 1340/945/898
f 1346/946/919 1371/947/920 1355/948/903
f 1354/942/921 1370/949/922 1344/940/905
f 1351/950/923 1364/951/924 1350/952/901
f 1355/953/925 1369/954/926 1354/955/909
f 1352/934/927 1357/956/871 1341/932/870
f 1343/957/899 1368/958/916 1348/935/893
f 1344/959/911 1367/958/912 1353/957/880
f 1340/960/913 1366/961/914 1352/962/874
f 1348/942/893 1358/949/928 1337/940/877
f 1356/945/927 1373/963/929 1345/943/888
f 1339/948/930 1365/964/931 1351/946/883
f 1349/940/915 1360/941/932 1338/942/886
f 1345/965/933 1374/966/934 1346/967/891
f 1400/986/942 1391/987/943 1389/988/944
f 1399/989/945 1389/990/946 1398/991/947
f 1393/992/251 1396/993/251 1392/994/251
f 1395/995/948 1390/994/949 1394/993/247
f 1393/996/950 1395/997/951 1397/998/850
f 1424/1009/942 1415/1010/957 1413/1011/944
f 1423/1012/958 1413/1013/959 1422/1014/960
f 1417/1015/251 1420/1016/251 1416/1017/251
f 1419/1018/961 1414/1019/962 1418/1016/247
f 1417/1020/963 1419/1021/964 1421/1022/850
f 1448/1010/965 1447/1009/966 1437/1011/967
f 1437/1027/968 1446/1028/969 1445/1029/970
f 1445/1029/970 1440/1030/971 1448/1031/972
f 1443/1016/247 1440/1015/247 1439/1017/247
f 1438/1019/973 1442/1018/974 1441/1016/251
f 1442/1032/975 1440/1033/976 1444/1034/850
f 1472/987/983 1471/986/984 1461/988/985
f 1461/990/986 1470/989/987 1469/991/988
f 1469/991/988 1464/1045/989 1472/1046/990
f 1467/993/251 1464/992/251 1463/994/251
f 1462/994/991 1466/995/992 1465/993/247
f 1466/997/993 1464/996/994 1468/998/850
f 1496/1010/1000 1495/1009/984 1485/1011/985
f 1485/1013/986 1494/1012/1001 1493/1014/988
f 1493/1014/988 1488/1051/989 1496/1052/1002
f 1491/1016/251 1488/1015/251 1487/1017/251
f 1486/1019/1003 1490/1018/1004 1489/1016/247
f 1490/1021/1005 1488/1020/1006 1492/1022/850
f 1520/1009/1007 1521/1010/1008 1509/1011/247
f 1519/1028/1009 1509/1027/1010 1518/1029/1011
f 1511/1057/421 1513/1030/1012 1521/1027/1008
f 1513/1015/247 1516/1016/247 1512/1017/247
f 1515/1018/251 1510/1019/251 1514/1016/251
f 1517/1034/850 1511/1058/850 1515/1032/850
s 0
f 1523/1059/421 1524/1060/421 1522/1061/421
f 1525/1062/247 1528/1063/247 1524/1064/247
f 1529/1065/230 1526/1066/230 1528/1067/230
f 1527/1068/251 1522/1069/251 1526/1070/251
f 1528/1071/866 1522/1072/866 1524/1073/866
f 1525/1074/850 1527/1075/850 1529/1076/850
f 1555/1059/230 1556/1060/230 1554/1061/230
f 1557/1062/251 1560/1063/251 1556/1064/251
f 1561/1065/421 1558/1066/421 1560/1067/421
f 1559/1068/247 1554/1069/247 1558/1070/247
f 1560/1071/866 1554/1072/866 1556/1073/866
f 1557/1074/850 1559/1075/850 1561/1076/850
f 1587/1059/421 1588/1060/421 1586/1061/421
f 1589/1062/247 1592/1063/247 1588/1064/247
f 1593/1065/230 1590/1066/230 1592/1067/230
f 1591/1068/251 1586/1069/251 1590/1070/251
f 1592/1071/866 1586/1072/866 1588/1073/866
f 1589/1074/850 1591/1075/850 1593/1076/850
f 1619/1059/230 1620/1060/230 1618/1061/230
f 1621/1062/251 1624/1063/251 1620/1064/251
f 1625/1065/421 1622/1066/421 1624/1067/421
f 1623/1068/247 1618/1069/247 1622/1070/247
f 1624/1071/866 1618/1072/866 1620/1073/866
f 1621/1074/850 1623/1075/850 1625/1076/850
s 1
f 310/412/250 314/414/1120 315/413/1121
f 314/421/248 629/636/460 325/638/462
f 321/424/1122 313/1379/243 319/1380/1123
f 314/421/248 325/638/462 321/424/1122
f 312/1381/241 315/1382/1121 314/421/248
f 320/1383/1124 317/1384/246 316/423/245
f 316/423/245 312/1381/241 314/421/248
f 314/421/248 321/424/1122 318/422/249
f 321/424/1122 319/1380/1123 318/422/249
f 318/422/249 320/1383/1124 316/423/245
f 321/1385/244 325/640/251 324/639/242
f 310/421/250 315/1382/1121 312/1381/241
f 311/423/240 317/1384/246 320/1383/1124
f 310/421/250 312/1381/241 311/423/240
f 319/1380/1123 313/1379/243 324/424/242
f 310/421/250 311/423/240 318/422/249
f 311/423/240 320/1383/1124 318/422/249
f 318/422/249 319/1380/1123 324/424/242
f 310/644/250 629/643/247 314/1386/1120
f 625/412/464 631/414/421 626/1501/1180
f 630/1502/1181 629/414/230 624/412/463
f 627/415/1182 325/417/230 628/1503/1183
f 629/636/460 630/1504/1181 626/1505/1180
f 631/642/459 632/1506/458 635/1507/1184
f 629/636/460 626/1505/1180 631/642/459
f 634/1508/1185 628/1509/1183 633/637/461
f 628/1509/1183 325/638/462 633/637/461
f 629/636/460 631/642/459 633/637/461
f 631/642/459 635/1507/1184 633/637/461
f 624/636/463 310/421/250 627/638/1182
f 310/421/250 324/424/242 627/638/1182
f 627/638/1182 628/1509/1183 634/1508/1185
f 626/1505/1180 630/1504/1181 625/642/464
f 630/1504/1181 624/636/463 625/642/464
f 635/1507/1184 632/1506/458 625/642/464
f 624/636/463 627/638/1182 633/637/461
f 627/638/1182 634/1508/1185 633/637/461
f 633/637/461 635/1507/1184 625/642/464
f 941/412/663 945/414/1120 946/736/1121
f 945/421/248 1266/636/844 955/424/1226
f 955/424/1226 944/1379/243 950/1380/1123
f 943/1381/241 946/1382/1121 945/421/248
f 951/1383/1227 948/1384/246 947/423/662
f 947/423/662 943/1381/241 945/421/248
f 945/421/248 955/424/1226 949/422/249
f 955/424/1226 950/1380/1123 949/422/249
f 949/422/249 951/1383/1227 947/423/662
f 941/421/663 946/1382/1121 943/1381/241
f 942/423/659 948/1384/246 951/1383/1227
f 941/421/663 943/1381/241 942/423/659
f 950/1380/1123 944/1379/243 954/424/660
f 941/421/663 942/423/659 949/422/249
f 942/423/659 951/1383/1227 949/422/249
f 949/422/249 950/1380/1123 954/424/660
f 941/644/663 1266/643/247 945/1386/1120
f 1261/412/848 1268/414/421 1262/1603/1180
f 1271/1604/1274 1270/1605/421 1263/1606/847
f 1267/1607/1181 1266/414/230 1260/412/846
f 1266/636/844 1267/1504/1181 1262/1505/1180
f 1268/642/841 1269/1506/840 1272/1507/843
f 1266/636/844 1262/1505/1180 1268/642/841
f 955/424/1226 1266/636/844 1264/638/845
f 1271/1508/1274 1265/1509/1275 1270/637/842
f 1265/1509/1275 1264/638/845 1270/637/842
f 1266/636/844 1268/642/841 1270/637/842
f 1268/642/841 1272/1507/843 1270/637/842
f 954/639/660 955/1385/661 1264/1608/845
f 1260/636/846 941/421/663 1264/638/845
f 941/421/663 954/424/660 1264/638/845
f 1264/638/845 1265/1509/1275 1271/1508/1274
f 1262/1505/1180 1267/1504/1181 1261/642/848
f 1267/1504/1181 1260/636/846 1261/642/848
f 1272/1507/843 1269/1506/840 1261/642/848
f 1260/636/846 1264/638/845 1263/637/847
f 1264/638/845 1271/1508/1274 1263/637/847
f 1263/637/847 1272/1507/843 1261/642/848
f 1285/1609/225 1286/1610/850 1287/1611/850
f 1283/1612/1276 1285/1609/225 1287/1611/850
f 1287/1611/850 1294/1613/414 1293/1614/861
f 1283/1612/1276 1287/1611/850 1293/1614/861
f 1283/1612/1276 1293/1614/861 1291/1615/850
f 1293/1614/861 1289/1616/854 1291/1615/850
f 1293/1614/861 1292/1617/829 1289/1616/854
f 1288/1618/861 1290/1619/850 1291/1615/850
f 1289/1616/854 1288/1618/861 1291/1615/850
f 1274/1620/854 1283/1612/1276 1284/1621/1277
f 1283/1612/1276 1291/1615/850 1284/1621/1277
f 1275/1622/850 1273/1623/816 1276/1624/850
f 1273/1623/816 1274/1620/854 1276/1624/850
f 1282/1625/218 1276/1624/850 1281/795/851
f 1276/1624/850 1274/1620/854 1281/795/851
f 1274/1620/854 1284/1621/1277 1281/795/851
f 1284/1621/1277 1279/1626/863 1278/793/850
f 1279/1626/863 1277/1627/850 1278/793/850
f 1281/795/851 1284/1621/1277 1278/793/850
f 1295/1628/860 1298/1629/866 1297/1630/866
f 1296/1631/853 1295/1628/860 1297/1630/866
f 1297/1630/866 1306/1632/221 1304/1633/852
f 1296/1631/853 1297/1630/866 1304/1633/852
f 1296/1631/853 1304/1633/852 1301/1634/864
f 1304/1633/852 1299/1635/866 1301/1634/864
f 1304/1633/852 1305/1636/862 1299/1635/866
f 1299/1635/866 1300/1637/866 1302/1638/865
f 1299/1635/866 1302/1638/865 1301/1634/864
f 1307/1639/858 1296/1631/853 1303/1640/855
f 1296/1631/853 1301/1634/864 1303/1640/855
f 1310/1641/866 1308/1642/859 1309/1643/866
f 1308/1642/859 1307/1639/858 1309/1643/866
f 1309/1643/866 1307/1639/858 1314/1644/856
f 1307/1639/858 1303/1640/855 1314/1644/856
f 1303/1640/855 1313/1645/852 1311/1646/866
f 1313/1645/852 1312/1647/866 1311/1646/866
f 1316/1648/817 1309/1643/866 1314/1644/856
f 1314/1644/856 1303/1640/855 1311/1646/866
f 1311/1646/866 1315/1649/857 1314/1644/856
f 1288/807/251 1312/1650/251 1313/808/251
f 1280/796/239 1305/1651/862 1304/797/852
f 1273/799/816 1295/1652/860 1296/800/853
f 1290/802/230 1313/1653/852 1303/803/855
f 1283/1654/1276 1274/1655/247 1296/1656/247
f 1284/1657/1277 1291/1658/251 1303/1659/251
f 1282/805/218 1281/798/851 1304/797/852
f 1275/810/230 1276/1660/230 1297/811/230
f 1282/813/218 1306/1661/221 1297/814/247
f 1292/816/829 1293/829/861 1314/817/856
f 1285/819/225 1283/1662/1276 1307/820/858
f 1275/822/247 1298/1663/247 1295/823/860
f 1283/1654/1276 1296/1656/247 1307/1664/858
f 1277/825/230 1300/1665/230 1299/826/230
f 1294/828/414 1316/1666/817 1314/817/856
f 1280/830/239 1278/1667/251 1299/831/251
f 1286/833/421 1310/1668/421 1309/834/421
f 1279/836/863 1302/1669/865 1300/837/251
f 1294/839/414 1287/1670/247 1309/840/247
f 1279/842/863 1284/1671/1277 1301/843/864
f 1285/845/225 1308/1672/859 1310/846/247
f 1284/1657/1277 1303/1659/251 1301/1673/864
f 1288/848/861 1289/1674/854 1311/849/421
f 1292/851/829 1315/1675/857 1311/852/251
f 1318/854/866 1317/1676/866 1320/1677/866
f 1319/1678/866 1321/1679/866 1324/1680/866
f 1318/854/866 1320/1677/866 1319/1678/866
f 1326/856/866 1328/857/866 1318/854/866
f 1322/1681/866 1325/1682/866 1326/856/866
f 1318/854/866 1319/1678/866 1323/855/866
f 1319/1678/866 1324/1680/866 1323/855/866
f 1323/855/866 1322/1681/866 1326/856/866
f 1335/1683/866 1336/1684/866 1332/1685/866
f 1328/857/866 1326/856/866 1335/1683/866
f 1330/1686/866 1327/1687/866 1328/857/866
f 1334/1688/866 1331/1689/866 1329/859/866
f 1329/859/866 1330/1686/866 1328/857/866
f 1328/857/866 1335/1683/866 1333/858/866
f 1335/1683/866 1332/1685/866 1333/858/866
f 1333/858/866 1334/1688/866 1329/859/866
f 1338/860/867 1360/936/1278 1362/861/868
f 1322/866/873 1340/1690/913 1352/867/874
f 1328/890/892 1343/1691/899 1348/891/893
f 1318/869/876 1348/1692/893 1337/870/877
f 1330/872/879 1344/1693/911 1353/873/880
f 1321/875/882 1339/1694/930 1351/876/883
f 1320/878/885 1349/1695/915 1338/879/886
f 1332/881/887 1356/1696/927 1345/882/888
f 1326/920/906 1341/1697/870 1342/921/872
f 1319/884/889 1338/1698/867 1339/885/869
f 1333/887/890 1345/1699/933 1346/888/891
f 1317/893/879 1337/1700/911 1349/894/880
f 1335/896/895 1342/1701/872 1347/897/896
f 1323/899/897 1350/1702/917 1340/900/898
f 1336/902/873 1347/1703/913 1356/903/874
f 1327/905/885 1353/1704/915 1343/906/899
f 1324/908/900 1351/1705/923 1350/909/901
f 1334/911/902 1346/1706/919 1355/912/903
f 1329/914/904 1354/1707/921 1344/915/905
f 1325/917/887 1352/1708/927 1341/918/870
f 1331/923/908 1355/1709/925 1354/924/909
f 1359/926/850 1368/929/850 1357/1710/850
f 1357/1710/850 1366/1711/850 1363/1712/850
f 1361/1713/850 1358/1714/850 1359/926/850
f 1365/1715/850 1362/1716/850 1360/928/850
f 1360/928/850 1361/1713/850 1359/926/850
f 1359/926/850 1357/1710/850 1364/927/850
f 1357/1710/850 1363/1712/850 1364/927/850
f 1364/927/850 1365/1715/850 1360/928/850
f 1368/929/850 1367/1717/850 1370/1718/850
f 1369/1719/850 1371/1720/850 1374/1721/850
f 1368/929/850 1370/1718/850 1369/1719/850
f 1372/1722/850 1376/1723/850 1375/931/850
f 1375/931/850 1357/1710/850 1368/929/850
f 1368/929/850 1369/1719/850 1373/930/850
f 1369/1719/850 1374/1721/850 1373/930/850
f 1373/930/850 1372/1722/850 1375/931/850
f 1342/932/872 1375/956/1279 1376/933/910
f 1348/935/893 1368/958/916 1359/1724/1280
f 1337/935/911 1358/1724/1278 1361/936/912
f 1347/937/913 1376/1725/1281 1372/938/914
f 1353/940/915 1367/949/1282 1368/941/916
f 1350/943/917 1364/963/1282 1363/944/918
f 1346/946/919 1374/964/1283 1371/947/920
f 1354/942/921 1369/941/1283 1370/949/922
f 1351/950/923 1365/1726/1281 1364/951/924
f 1342/865/872 1357/864/871 1375/1727/1279
f 1355/953/925 1371/1728/1278 1369/954/926
f 1352/934/927 1366/933/1283 1357/956/871
f 1344/959/911 1370/1729/1278 1367/958/912
f 1340/960/913 1363/1730/1281 1366/961/914
f 1348/942/893 1359/941/1280 1358/949/928
f 1356/945/927 1372/944/1283 1373/963/929
f 1339/948/930 1362/947/1282 1365/964/931
f 1349/940/915 1361/949/1282 1360/941/932
f 1345/965/933 1373/1731/1281 1374/966/934
f 1389/1740/946 1391/1741/1284 1398/1742/947
f 1399/989/945 1400/1743/1285 1389/990/946
f 1400/1743/942 1390/1744/949 1391/1046/943
f 1393/1045/1286 1392/1745/1287 1398/991/947
f 1392/1745/1287 1399/989/945 1398/991/947
f 1393/1045/1286 1398/991/947 1391/1046/1284
f 1393/992/251 1397/1746/251 1396/993/251
f 1395/995/948 1391/1747/943 1390/994/949
f 1393/996/950 1391/1748/1288 1395/997/951
f 1413/1757/959 1415/1758/1289 1422/1759/960
f 1423/1012/958 1424/1760/1285 1413/1013/959
f 1424/1760/942 1414/1761/962 1415/1762/957
f 1417/1051/963 1416/1763/1290 1422/1014/960
f 1416/1763/1290 1423/1012/958 1422/1014/960
f 1417/1051/963 1422/1014/960 1415/1762/1291
f 1417/1015/251 1421/1018/251 1420/1016/251
f 1419/1018/961 1415/1015/957 1414/1019/962
f 1417/1020/963 1415/1764/1291 1419/1021/964
f 1445/1765/970 1448/1766/972 1437/1767/968
f 1437/1027/968 1447/1768/1292 1446/1028/969
f 1438/1769/973 1447/1768/966 1448/1031/965
f 1446/1028/969 1439/1770/1293 1445/1029/970
f 1439/1770/1293 1440/1030/971 1445/1029/970
f 1443/1016/247 1444/1018/247 1440/1015/247
f 1438/1019/973 1448/1015/965 1442/1018/974
f 1442/1032/975 1448/1058/1294 1440/1033/976
f 1469/1742/988 1472/1741/990 1461/1740/986
f 1461/990/986 1471/1743/1295 1470/989/987
f 1462/1744/991 1471/1743/984 1472/1046/983
f 1470/989/987 1463/1745/1296 1469/991/988
f 1463/1745/1296 1464/1045/989 1469/991/988
f 1467/993/251 1468/1746/251 1464/992/251
f 1462/994/991 1472/1747/983 1466/995/992
f 1466/997/993 1472/1748/1297 1464/996/994
f 1493/1771/988 1496/1758/1002 1485/1757/986
f 1485/1013/986 1495/1760/1295 1494/1012/1001
f 1486/1761/1003 1495/1760/984 1496/1052/1000
f 1494/1012/1001 1487/1763/1296 1493/1014/988
f 1487/1763/1296 1488/1051/989 1493/1014/988
f 1491/1016/251 1492/1018/251 1488/1015/251
f 1486/1019/1003 1496/1015/1000 1490/1018/1004
f 1490/1021/1005 1496/1764/1298 1488/1020/1006
f 1518/1772/1011 1509/1767/866 1521/1766/1008
f 1519/1028/1009 1520/1768/1299 1509/1027/1010
f 1520/1768/1007 1510/1769/1300 1521/1027/1008
f 1510/1769/1300 1511/1057/421 1521/1027/1008
f 1513/1030/1012 1512/1770/1301 1518/1029/1011
f 1512/1770/1301 1519/1028/1009 1518/1029/1011
f 1513/1030/1012 1518/1029/1011 1521/1027/1008
f 1513/1015/247 1517/1018/247 1516/1016/247
f 1515/1018/251 1511/1015/251 1510/1019/251
f 1517/1034/850 1513/1033/850 1511/1058/850
s 0
f 1523/1059/421 1525/1773/421 1524/1060/421
f 1525/1062/247 1529/1774/247 1528/1063/247
f 1529/1065/230 1527/1775/230 1526/1066/230
f 1527/1068/251 1523/1776/251 1522/1069/251
f 1528/1071/866 1526/1777/866 1522/1072/866
f 1525/1074/850 1523/1778/850 1527/1075/850
f 1555/1059/230 1557/1773/230 1556/1060/230
f 1557/1062/251 1561/1774/251 1560/1063/251
f 1561/1065/421 1559/1775/421 1558/1066/421
f 1559/1068/247 1555/1776/247 1554/1069/247
f 1560/1071/866 1558/1777/866 1554/1072/866
f 1557/1074/850 1555/1778/850 1559/1075/850
f 1587/1059/421 1589/1773/421 1588/1060/421
f 1589/1062/247 1593/1774/247 1592/1063/247
f 1593/1065/230 1591/1775/230 1590/1066/230
f 1591/1068/251 1587/1776/251 1586/1069/251
f 1592/1071/866 1590/1777/866 1586/1072/866
f 1589/1074/850 1587/1778/850 1591/1075/850
f 1619/1059/230 1621/1773/230 1620/1060/230
f 1621/1062/251 1625/1774/251 1624/1063/251
f 1625/1065/421 1623/1775/421 1622/1066/421
f 1623/1068/247 1619/1776/247 1618/1069/247
f 1624/1071/866 1622/1777/866 1618/1072/866
f 1621/1074/850 1619/1778/850 1623/1075/850
s 1
usemtl GT_MC_Glass_Facade_2
f 25/1/1 27/2/2 41/3/3
f 23/4/4 24/5/5 31/6/6
f 14/7/7 19/8/8 35/9/9
f 21/10/10 38/11/11 16/12/12
f 15/13/13 20/14/14 34/15/15
f 13/16/16 7/17/17 40/18/18
f 11/19/19 10/20/20 36/21/21
f 6/22/22 33/23/23 12/24/24
f 4/25/25 1/26/26 32/27/27
f 5/28/28 3/29/29 37/30/30
f 83/46/40 28/47/36 23/48/41
f 85/1/57 87/2/58 86/69/59
f 83/4/40 84/5/60 88/70/37
f 44/7/35 79/8/61 77/71/62
f 101/11/63 81/10/64 76/12/65
f 75/13/66 80/14/67 82/72/68
f 74/16/69 69/17/70 71/73/71
f 73/19/72 72/20/73 67/74/74
f 96/23/75 68/22/76 47/24/77
f 49/25/78 62/26/79 63/75/71
f 66/28/80 64/29/81 65/76/82
f 86/95/94 25/96/1 85/97/57
f 81/98/95 16/99/12 76/100/96
f 82/101/68 15/102/13 75/103/97
f 77/104/39 14/105/7 44/106/35
f 71/107/34 13/108/16 74/109/69
f 68/110/98 12/111/24 47/112/99
f 67/113/100 11/114/19 73/115/101
f 65/116/102 5/117/28 66/118/103
f 63/119/34 4/120/25 49/121/104
f 148/134/120 150/135/121 166/136/122
f 146/137/123 147/138/124 156/139/125
f 137/140/126 142/141/127 160/142/128
f 139/143/129 141/144/130 163/145/131
f 138/146/132 143/147/133 159/148/134
f 136/149/135 131/150/136 164/151/137
f 135/152/138 134/153/139 161/154/140
f 182/155/141 132/156/142 158/157/143
f 183/158/144 124/159/145 157/160/146
f 128/161/147 126/162/148 162/163/149
f 202/192/180 144/193/162 139/194/181
f 201/195/182 145/196/183 138/197/184
f 200/198/185 140/199/168 137/200/186
f 198/204/188 130/205/154 182/206/157
f 197/207/189 129/208/158 135/209/190
f 190/210/191 127/211/175 128/212/192
f 188/213/193 125/214/177 183/215/144
f 211/216/194 213/217/195 212/218/196
f 209/219/197 210/220/198 214/221/166
f 200/222/185 205/223/199 203/224/169
f 202/225/180 204/226/200 207/227/163
f 201/228/182 206/229/201 208/230/202
f 199/231/203 193/232/204 195/233/161
f 197/234/189 196/235/205 191/236/156
f 198/237/188 194/238/206 192/239/155
f 219/240/207 186/241/178 188/242/193
f 190/243/191 187/244/208 189/245/173
f 212/250/211 148/251/120 211/252/213
f 214/253/166 146/254/123 209/255/214
f 195/256/161 136/257/135 199/258/213
f 349/1/253 351/2/254 350/69/255
f 347/4/256 348/5/257 352/70/258
f 368/7/35 343/8/61 341/71/62
f 363/11/63 345/10/64 340/12/65
f 339/13/66 344/14/67 346/72/68
f 338/16/69 333/17/70 335/73/71
f 337/19/72 336/20/259 331/74/260
f 371/24/261 334/426/262 332/22/263
f 357/27/264 327/75/265 373/25/266
f 330/28/267 328/29/81 329/76/82
f 350/435/271 408/436/272 349/437/273
f 345/438/95 400/439/12 340/440/96
f 346/441/68 399/442/13 339/443/97
f 341/444/39 398/445/7 368/446/35
f 335/447/34 397/448/16 338/449/69
f 332/450/274 396/451/275 371/452/276
f 331/453/277 395/454/19 337/455/101
f 329/456/102 390/457/278 330/458/103
f 327/459/279 389/460/280 373/461/281
f 408/1/272 410/2/297 427/3/298
f 367/4/270 407/5/299 417/6/300
f 398/7/7 403/8/8 421/9/9
f 405/10/10 424/11/11 400/12/12
f 399/13/13 404/14/14 420/15/15
f 397/16/16 391/17/17 426/18/18
f 395/19/19 394/20/301 422/21/21
f 396/24/275 392/426/302 419/23/303
f 387/75/304 418/27/305 389/25/280
f 390/28/278 388/29/29 423/30/306
f 347/485/256 411/486/311 367/487/270
f 474/134/331 476/135/332 475/494/333
f 503/137/334 473/138/335 477/495/336
f 464/140/337 469/141/338 467/496/339
f 466/143/340 468/144/341 471/497/342
f 465/146/343 470/147/344 472/498/345
f 463/149/346 457/150/204 459/499/196
f 461/152/343 460/153/347 455/500/196
f 462/155/343 458/156/348 456/501/196
f 452/158/343 449/159/349 450/502/196
f 454/161/350 451/162/351 453/503/352
f 475/516/333 534/517/379 474/518/380
f 477/519/369 532/520/381 503/521/334
f 471/522/368 525/523/382 466/524/383
f 472/525/363 524/526/384 465/527/213
f 467/528/372 523/529/385 464/530/386
f 459/531/363 522/532/135 463/533/213
f 456/534/357 508/535/361 462/536/251
f 455/537/360 521/538/384 461/539/213
f 453/540/376 517/541/387 454/542/388
f 450/543/363 516/544/384 452/545/213
f 534/216/379 536/217/389 552/546/122
f 532/219/381 533/220/390 540/547/391
f 523/222/385 528/223/392 546/548/393
f 525/225/382 527/226/394 549/549/395
f 524/228/384 529/229/396 543/550/397
f 522/231/135 518/232/398 550/551/399
f 521/234/384 520/235/400 547/552/401
f 509/239/359 542/553/402 508/237/361
f 516/242/384 514/554/403 541/240/404
f 517/243/387 515/244/405 548/555/406
f 660/1/466 662/2/467 677/3/468
f 663/70/469 668/6/470 658/4/471
f 649/7/472 654/8/473 672/9/474
f 651/12/475 653/647/476 675/11/477
f 650/13/478 655/14/479 671/15/480
f 648/16/481 642/17/482 676/18/483
f 646/19/484 645/20/485 673/21/21
f 641/22/22 670/23/486 647/24/487
f 639/25/25 636/26/488 669/27/27
f 687/76/489 674/30/490 686/28/491
f 713/650/503 656/651/504 651/652/505
f 710/656/507 644/657/496 648/658/481
f 721/1/514 723/2/515 722/69/516
f 729/6/517 724/70/518 680/4/519
f 711/7/520 716/8/521 714/71/502
f 713/12/503 715/647/522 718/10/523
f 712/13/524 717/14/525 719/72/526
f 710/16/507 705/17/527 707/73/497
f 709/19/528 708/20/529 703/74/495
f 731/23/75 704/22/76 683/24/493
f 685/25/78 698/26/530 699/75/62
f 736/30/531 701/76/532 702/28/533
f 722/95/542 660/96/466 721/97/543
f 724/660/539 658/661/471 680/662/544
f 719/101/499 650/102/478 712/103/538
f 714/104/502 649/105/472 711/106/545
f 704/110/98 647/111/487 683/112/493
f 703/663/495 646/114/484 709/115/546
f 701/116/547 686/117/491 702/118/548
f 699/119/39 639/120/25 685/121/104
f 784/494/559 800/136/560 783/134/561
f 786/495/562 790/139/563 781/137/564
f 775/496/565 795/142/566 772/140/567
f 779/497/568 798/145/569 774/143/570
f 773/146/385 778/147/571 793/148/572
f 771/149/573 766/150/574 799/151/575
f 770/152/576 769/153/577 796/154/578
f 765/501/579 792/157/580 815/155/581
f 762/158/582 760/159/583 791/160/584
f 818/161/585 761/162/586 797/163/587
f 842/667/614 784/668/251 783/251/615
f 812/669/610 786/670/606 781/254/251
f 834/192/616 779/193/568 774/194/617
f 832/258/618 768/676/598 771/257/619
f 831/204/620 765/205/593 815/206/596
f 823/677/621 763/211/613 818/212/585
f 816/213/592 817/214/622 762/215/251
f 860/546/623 843/218/611 842/216/614
f 849/547/624 845/221/607 812/219/610
f 854/548/625 835/224/609 813/222/605
f 857/549/626 839/227/604 834/225/616
f 833/228/627 838/229/344 840/230/602
f 832/231/618 826/232/628 828/233/599
f 830/234/629 829/235/630 824/236/631
f 851/553/632 825/239/594 831/237/620
f 850/240/633 820/241/634 816/242/592
f 823/243/621 821/244/635 822/245/612
f 840/680/602 773/197/385 833/681/213
f 835/682/609 772/200/567 813/683/605
f 824/684/595 770/209/576 830/207/640
f 978/1/665 980/2/666 979/69/667
f 984/6/668 981/70/669 996/4/670
f 997/7/671 973/8/672 971/71/673
f 970/12/674 972/647/522 975/10/523
f 969/13/675 974/14/676 976/72/677
f 968/16/678 963/17/679 965/73/680
f 967/19/681 966/20/682 961/74/683
f 986/23/684 962/22/685 1000/24/686
f 985/27/687 957/75/688 1002/25/689
f 991/30/690 959/76/532 960/28/691
f 979/435/667 1038/436/701 978/437/546
f 981/741/669 1036/742/702 996/485/670
f 976/441/693 1028/442/697 969/443/696
f 971/444/673 1027/445/703 997/446/671
f 965/447/704 1026/448/705 968/449/706
f 962/450/98 1025/451/707 1000/452/708
f 961/453/709 1024/454/710 967/455/273
f 959/456/547 1004/457/699 960/458/711
f 1038/1/701 1040/2/718 1057/3/298
f 1041/70/698 1047/6/719 1036/4/702
f 1027/7/703 1032/8/720 1051/9/721
f 1029/12/475 1031/647/476 1054/11/477
f 1028/13/697 1033/14/722 1050/15/723
f 1026/16/705 1020/17/724 1055/18/725
f 1024/19/710 1023/20/726 1052/21/21
f 1019/22/727 1049/23/23 1025/24/707
f 1003/75/700 1048/27/728 1018/25/729
f 1005/76/489 1053/30/730 1004/28/699
f 970/440/674 1034/744/504 1029/745/505
f 1002/461/689 1003/747/700 1018/748/735
f 1121/136/748 1106/494/749 1105/134/750
f 1112/139/624 1108/495/751 1103/137/752
f 1116/142/753 1097/496/754 1094/140/755
f 1119/145/756 1101/497/757 1096/143/758
f 1095/146/627 1100/147/344 1102/498/345
f 1093/149/759 1087/150/760 1089/499/761
f 1091/152/762 1090/153/763 1085/500/764
f 1114/157/765 1086/501/766 1092/155/767
f 1082/158/182 1079/159/768 1080/502/769
f 1084/161/770 1081/162/351 1083/503/771
f 1106/516/793 1163/517/794 1105/518/750
f 1108/519/784 1133/520/795 1103/521/251
f 1102/525/363 1154/526/385 1095/527/213
f 1097/528/787 1153/529/796 1094/530/797
f 1089/531/780 1152/532/798 1093/533/380
f 1086/534/766 1138/535/778 1092/536/799
f 1085/537/777 1151/538/798 1091/539/380
f 1083/540/771 1147/541/387 1084/542/388
f 1164/218/800 1182/546/801 1163/216/794
f 1166/221/786 1171/547/563 1133/219/795
f 1156/224/789 1176/548/802 1153/222/796
f 1160/227/783 1179/549/803 1155/225/788
f 1154/228/385 1159/229/804 1174/550/572
f 1152/231/798 1148/232/805 1180/551/806
f 1151/234/798 1150/235/807 1177/552/808
f 1139/239/776 1173/553/809 1138/237/778
f 1146/242/810 1144/554/811 1172/240/584
f 1147/243/387 1145/244/405 1178/555/812
f 1096/524/758 1160/752/783 1155/523/788
f 1082/545/182 1141/755/792 1146/544/184
f 25/1/1 26/69/1056 27/2/2
f 23/4/4 28/70/1057 24/5/5
f 14/7/7 17/71/38 19/8/8
f 21/10/10 18/647/1058 38/11/11
f 15/13/13 22/72/88 20/14/14
f 13/16/16 9/73/33 7/17/17
f 11/19/19 45/74/1059 10/20/20
f 6/22/22 8/426/1060 33/23/23
f 4/25/25 2/75/33 1/26/26
f 5/28/28 51/76/91 3/29/29
f 25/96/1 86/95/94 26/1154/1056
f 85/1/57 103/3/1071 87/2/58
f 83/4/40 94/6/1072 84/5/60
f 44/7/35 98/9/1073 79/8/61
f 101/11/63 78/647/86 81/10/64
f 75/13/66 97/15/1074 80/14/67
f 74/16/69 102/18/1075 69/17/70
f 73/19/72 99/21/1076 72/20/73
f 96/23/75 70/426/1077 68/22/76
f 49/25/78 95/27/1078 62/26/79
f 66/28/80 100/30/1079 64/29/81
f 88/660/37 28/47/36 83/46/40
f 81/98/95 21/651/10 16/99/12
f 82/101/68 22/1231/88 15/102/13
f 77/104/39 17/1232/38 14/105/7
f 71/107/34 9/657/33 13/108/16
f 68/110/98 6/1236/22 12/111/24
f 67/113/100 45/1237/1059 11/114/19
f 65/116/102 51/1241/91 5/117/28
f 63/119/34 2/1242/33 4/120/25
f 148/134/120 149/494/212 150/135/121
f 146/137/123 151/495/165 147/138/124
f 137/140/126 140/496/1091 142/141/127
f 139/143/129 144/497/1092 141/144/130
f 138/146/132 145/498/183 143/147/133
f 136/149/135 133/499/160 131/150/136
f 135/152/138 129/500/1093 134/153/139
f 182/155/141 130/501/154 132/156/142
f 183/158/144 125/502/1094 124/159/145
f 128/161/147 127/503/1095 126/162/148
f 202/192/180 207/1263/163 144/193/162
f 201/195/182 208/680/202 145/196/183
f 200/198/185 203/682/169 140/199/168
f 136/257/135 195/256/161 133/676/160
f 198/204/188 192/1273/155 130/205/154
f 197/207/189 191/684/156 129/208/158
f 190/210/191 189/1277/173 127/211/175
f 188/213/193 186/1278/178 125/214/177
f 211/216/194 229/546/1104 213/217/195
f 209/219/197 218/547/1105 210/220/198
f 200/222/185 224/548/1106 205/223/199
f 202/225/180 227/549/210 204/226/200
f 201/228/182 221/550/1107 206/229/201
f 199/231/203 228/551/1108 193/232/204
f 197/234/189 225/552/1109 196/235/205
f 198/237/188 220/553/1110 194/238/206
f 219/240/207 185/554/1111 186/241/178
f 190/243/191 226/555/1112 187/244/208
f 212/250/211 149/668/212 148/251/120
f 214/253/166 151/670/165 146/254/123
f 349/1/253 365/3/1126 351/2/254
f 347/4/256 356/6/1127 348/5/257
f 368/7/35 360/9/1073 343/8/61
f 363/11/63 342/647/86 345/10/64
f 339/13/66 359/15/1074 344/14/67
f 338/16/69 364/18/1075 333/17/70
f 337/19/72 361/21/1076 336/20/259
f 371/24/261 358/23/1128 334/426/262
f 357/27/264 326/26/1129 327/75/265
f 330/28/267 362/30/1130 328/29/81
f 352/741/258 411/486/311 347/485/256
f 345/438/95 405/744/10 400/439/12
f 346/441/68 406/1394/88 399/442/13
f 341/444/39 401/1395/38 398/445/7
f 335/447/34 393/1397/33 397/448/16
f 332/450/274 372/1398/1132 396/451/275
f 331/453/277 369/1399/1133 395/454/19
f 329/456/102 375/1401/91 390/457/278
f 327/459/279 387/747/304 389/460/280
f 408/1/272 409/69/269 410/2/297
f 367/4/270 411/70/1141 407/5/299
f 398/7/7 401/71/38 403/8/8
f 405/10/10 402/647/1058 424/11/11
f 399/13/13 406/72/88 404/14/14
f 397/16/16 393/73/33 391/17/17
f 395/19/19 369/74/1133 394/20/301
f 396/24/275 372/22/1132 392/426/302
f 387/75/304 386/26/1142 418/27/305
f 390/28/278 375/76/91 388/29/29
f 408/436/272 350/435/271 409/1415/269
f 474/134/331 491/136/1104 476/135/332
f 503/137/334 482/139/1152 473/138/335
f 464/140/337 486/142/1153 469/141/338
f 466/143/340 489/145/355 468/144/341
f 465/146/343 485/148/1154 470/147/344
f 463/149/346 490/151/1155 457/150/204
f 461/152/343 487/154/1156 460/153/347
f 462/155/343 484/157/1157 458/156/348
f 452/158/343 483/160/1158 449/159/349
f 454/161/350 488/163/1159 451/162/351
f 471/522/368 530/752/365 525/523/382
f 472/525/363 531/1418/367 524/526/384
f 467/528/372 526/1420/374 523/529/385
f 459/531/363 505/1425/365 522/532/135
f 456/534/357 509/1426/359 508/535/361
f 455/537/360 506/1427/362 521/538/384
f 450/543/363 511/1431/365 516/544/384
f 534/216/379 535/218/375 536/217/389
f 532/219/381 537/221/371 533/220/390
f 523/222/385 526/224/374 528/223/392
f 525/225/382 530/227/365 527/226/394
f 524/228/384 531/230/367 529/229/396
f 522/231/135 505/233/365 518/232/398
f 521/234/384 506/236/362 520/235/400
f 509/239/359 519/238/1166 542/553/402
f 516/242/384 511/241/365 514/554/403
f 517/243/387 513/245/378 515/244/405
f 534/517/379 475/516/333 535/1432/375
f 532/520/381 477/519/369 537/1433/371
f 517/541/387 453/540/376 513/1434/378
f 660/1/466 661/69/1186 662/2/467
f 663/70/469 659/5/1187 668/6/470
f 649/7/472 652/71/501 654/8/473
f 651/12/475 656/10/504 653/647/476
f 650/13/478 657/72/498 655/14/479
f 648/16/481 644/73/496 642/17/482
f 646/19/484 640/74/494 645/20/485
f 641/22/22 643/426/1060 670/23/486
f 639/25/25 637/75/38 636/26/488
f 687/76/489 638/29/1188 674/30/490
f 660/96/466 722/95/542 661/1154/1186
f 646/114/484 703/663/495 640/1511/494
f 721/1/514 739/3/1192 723/2/515
f 729/6/517 720/5/1193 724/70/518
f 711/7/520 734/9/1194 716/8/521
f 713/12/503 737/11/537 715/647/522
f 712/13/524 732/15/1195 717/14/525
f 710/16/507 738/18/1196 705/17/527
f 709/19/528 735/21/1076 708/20/529
f 731/23/75 706/426/1077 704/22/76
f 685/25/78 730/27/1078 698/26/530
f 736/30/531 700/29/1197 701/76/532
f 724/660/539 663/47/469 658/661/471
f 718/98/523 656/651/504 713/650/503
f 719/101/499 657/1231/498 650/102/478
f 714/104/502 652/1232/501 649/105/472
f 707/107/497 644/657/496 710/656/507
f 704/110/98 641/1236/22 647/111/487
f 701/116/547 687/1241/489 686/117/491
f 699/119/39 637/1242/38 639/120/25
f 784/494/559 785/135/1205 800/136/560
f 786/495/562 782/138/1206 790/139/563
f 775/496/565 777/141/1207 795/142/566
f 779/497/568 776/144/1208 798/145/569
f 773/146/385 780/498/601 778/147/571
f 771/149/573 768/499/598 766/150/574
f 770/152/576 764/500/597 769/153/577
f 765/501/579 767/156/1166 792/157/580
f 762/158/582 817/502/622 760/159/583
f 818/161/585 763/503/1209 761/162/586
f 842/667/614 843/250/611 784/668/251
f 812/669/610 845/1518/607 786/670/606
f 834/192/616 839/1263/604 779/193/568
f 773/197/385 840/680/602 780/196/601
f 772/200/567 835/682/609 775/199/565
f 832/258/618 828/256/599 768/676/598
f 831/204/620 825/1273/594 765/205/593
f 770/209/576 824/684/595 764/208/597
f 823/677/621 822/1277/612 763/211/613
f 860/546/623 844/217/1216 843/218/611
f 849/547/624 841/220/1217 845/221/607
f 854/548/625 837/223/1218 835/224/609
f 857/549/626 836/226/637 839/227/604
f 833/228/627 852/550/1219 838/229/344
f 832/231/618 858/551/1220 826/232/628
f 830/234/629 855/552/1156 829/235/630
f 851/553/632 827/238/1221 825/239/594
f 850/240/633 819/554/1111 820/241/634
f 823/243/621 856/555/1222 821/244/635
f 820/1278/634 817/214/622 816/213/592
f 978/1/665 994/3/1126 980/2/666
f 984/6/668 977/5/1228 981/70/669
f 997/7/671 989/9/1229 973/8/672
f 970/12/674 992/11/537 972/647/522
f 969/13/675 987/15/1195 974/14/676
f 968/16/678 993/18/1230 963/17/679
f 967/19/681 990/21/1076 966/20/682
f 986/23/684 964/426/1231 962/22/685
f 985/27/687 956/26/1232 957/75/688
f 991/30/690 958/29/1197 959/76/532
f 981/741/669 1041/486/698 1036/742/702
f 975/438/523 1034/744/504 970/440/674
f 976/441/693 1035/1394/695 1028/442/697
f 971/444/673 1030/1395/734 1027/445/703
f 965/447/704 1022/1397/733 1026/448/705
f 962/450/98 1019/1398/727 1025/451/707
f 959/456/547 1005/1401/489 1004/457/699
f 957/459/688 1003/747/700 1002/461/689
f 1038/1/701 1039/69/494 1040/2/718
f 1041/70/698 1037/5/1240 1047/6/719
f 1027/7/703 1030/71/734 1032/8/720
f 1029/12/475 1034/10/504 1031/647/476
f 1028/13/697 1035/72/695 1033/14/722
f 1026/16/705 1022/73/733 1020/17/724
f 1024/19/710 998/74/1235 1023/20/726
f 1019/22/727 1021/426/1241 1049/23/23
f 1003/75/700 1016/26/1242 1048/27/728
f 1005/76/489 1017/29/1188 1053/30/730
f 1038/436/701 979/435/667 1039/1415/494
f 1024/454/710 961/453/709 998/1564/1235
f 1121/136/748 1107/135/1216 1106/494/749
f 1112/139/624 1104/138/1251 1108/495/751
f 1116/142/753 1099/141/1252 1097/496/754
f 1119/145/756 1098/144/637 1101/497/757
f 1095/146/627 1115/148/1219 1100/147/344
f 1093/149/759 1120/151/1155 1087/150/760
f 1091/152/762 1117/154/1253 1090/153/763
f 1114/157/765 1088/156/1254 1086/501/766
f 1082/158/182 1113/160/1255 1079/159/768
f 1084/161/770 1118/163/1256 1081/162/351
f 1108/519/784 1166/1433/786 1133/520/795
f 1101/522/757 1160/752/783 1096/524/758
f 1102/525/363 1161/1418/374 1154/526/385
f 1097/528/787 1156/1420/789 1153/529/796
f 1086/534/766 1139/1426/776 1138/535/778
f 1164/218/800 1165/217/1205 1182/546/801
f 1166/221/786 1162/220/1261 1171/547/563
f 1156/224/789 1158/223/1262 1176/548/802
f 1160/227/783 1157/226/1208 1179/549/803
f 1154/228/385 1161/230/374 1159/229/804
f 1152/231/798 1135/233/781 1148/232/805
f 1151/234/798 1136/236/779 1150/235/807
f 1139/239/776 1149/238/1263 1173/553/809
f 1146/242/810 1141/241/792 1144/554/811
f 1147/243/387 1143/245/791 1145/244/405
f 1163/517/794 1106/516/793 1164/1432/800
f 1152/532/798 1089/531/780 1135/1425/781
f 1151/538/798 1085/537/777 1136/1427/779
f 1147/541/387 1083/540/771 1143/1434/791
f 1082/545/182 1080/543/769 1141/755/792
usemtl GT_MC_Tiling_Scratched_Iron_Grey
f 1385/968/935 1380/969/936 1381/970/937
f 1379/971/938 1377/972/939 1378/973/940
f 1386/980/941 1388/981/941 1387/982/941
f 1386/983/941 1387/984/941 1388/985/941
f 1403/971/938 1401/999/952 1402/1000/953
f 1409/1004/956 1404/1005/955 1405/970/954
f 1427/1023/956 1433/1024/955 1428/970/954
f 1426/971/938 1432/1025/952 1425/1026/953
f 1453/1035/941 1455/1036/941 1454/1037/941
f 1453/1038/941 1454/1039/941 1455/1040/941
f 1451/1041/979 1457/1042/980 1452/970/977
f 1450/971/981 1456/1043/982 1449/1044/978
f 1475/1047/995 1481/1048/996 1476/970/997
f 1474/971/981 1480/1049/999 1473/1050/998
f 1499/971/981 1497/1053/999 1498/1054/998
f 1505/1055/995 1500/1056/996 1501/970/997
f 1384/1733/941 1383/1734/941 1382/1735/941
f 1384/1736/941 1382/1737/941 1383/1738/941
f 1408/1733/941 1407/1734/941 1406/1735/941
f 1408/1736/941 1406/1737/941 1407/1738/941
f 1411/1751/941 1410/1752/941 1412/1753/941
f 1410/1754/941 1411/1755/941 1412/1756/941
f 1430/1735/941 1429/1734/941 1431/1733/941
f 1429/1738/941 1430/1737/941 1431/1736/941
f 1436/1753/941 1435/1752/941 1434/1751/941
f 1436/1756/941 1434/1755/941 1435/1754/941
f 1460/1753/941 1459/1752/941 1458/1751/941
f 1460/1756/941 1458/1755/941 1459/1754/941
f 1478/1735/941 1477/1734/941 1479/1733/941
f 1477/1738/941 1478/1737/941 1479/1736/941
f 1484/1753/941 1483/1752/941 1482/1751/941
f 1484/1756/941 1482/1755/941 1483/1754/941
f 1504/1733/941 1503/1734/941 1502/1735/941
f 1504/1736/941 1502/1737/941 1503/1738/941
f 1507/1751/941 1506/1752/941 1508/1753/941
f 1506/1754/941 1507/1755/941 1508/1756/941
usemtl GT_MC_Facade_1
f 1377/974/939 1381/975/937 1380/976/936
f 1381/977/937 1378/978/940 1385/979/935
f 1401/1001/952 1405/1002/954 1404/1003/955
f 1405/1006/954 1402/1007/953 1409/1008/956
f 1428/975/954 1425/974/953 1427/976/956
f 1432/978/952 1428/977/954 1433/979/955
f 1452/1002/977 1449/1001/978 1451/1003/979
f 1456/1007/982 1452/1006/977 1457/1008/980
f 1476/975/997 1473/974/998 1475/976/995
f 1480/978/999 1476/977/997 1481/979/996
f 1497/974/999 1501/975/997 1500/976/996
f 1501/977/997 1498/978/998 1505/979/995
f 1377/974/939 1379/1732/938 1381/975/937
f 1381/977/937 1379/1739/938 1378/978/940
f 1401/1001/952 1403/1749/938 1405/1002/954
f 1405/1006/954 1403/1750/938 1402/1007/953
f 1428/975/954 1426/1732/938 1425/974/953
f 1432/978/952 1426/1739/938 1428/977/954
f 1452/1002/977 1450/1749/981 1449/1001/978
f 1456/1007/982 1450/1750/981 1452/1006/977
f 1476/975/997 1474/1732/981 1473/974/998
f 1480/978/999 1474/1739/981 1476/977/997
f 1497/974/999 1499/1732/981 1501/975/997
f 1501/977/997 1499/1739/981 1498/978/998
usemtl GT_MC_Trimsheet_1
f 1531/1077/1013 1530/1078/1014 1532/1079/1015
f 1535/1077/1016 1534/1078/1017 1536/1079/1018
f 1538/1078/1019 1539/1077/1020 1540/1079/1021
f 1543/1077/1022 1542/1078/1023 1544/1079/1024
f 1547/1077/1022 1546/1078/1023 1548/1079/1024
f 1551/1077/1022 1550/1078/1023 1552/1079/1024
f 1563/1077/1022 1562/1078/1023 1564/1079/1024
f 1567/1077/1025 1566/1078/1026 1568/1079/1027
f 1570/1078/1028 1571/1077/1029 1572/1079/1030
f 1575/1077/1013 1574/1078/1014 1576/1079/1015
f 1579/1077/1013 1578/1078/1014 1580/1079/1015
f 1583/1077/1013 1582/1078/1014 1584/1079/1015
f 1595/1077/1013 1594/1078/1014 1596/1079/1015
f 1599/1077/1016 1598/1078/1031 1600/1079/1032
f 1602/1078/1033 1603/1077/1020 1604/1079/1021
f 1607/1077/1022 1606/1078/1023 1608/1079/1024
f 1611/1077/1022 1610/1078/1023 1612/1079/1024
f 1615/1077/1022 1614/1078/1023 1616/1079/1024
f 1627/1077/1022 1626/1078/1023 1628/1079/1024
f 1631/1077/1025 1630/1078/1034 1632/1079/1035
f 1634/1078/1036 1635/1077/1037 1636/1079/1030
f 1639/1077/1013 1638/1078/1014 1640/1079/1015
f 1643/1077/1013 1642/1078/1014 1644/1079/1015
f 1647/1077/1013 1646/1078/1014 1648/1079/1015
f 1531/1077/1013 1533/1779/1302 1530/1078/1014
f 1535/1077/1016 1537/1779/1303 1534/1078/1017
f 1538/1078/1019 1541/1779/1304 1539/1077/1020
f 1543/1077/1022 1545/1779/1305 1542/1078/1023
f 1547/1077/1022 1549/1779/1305 1546/1078/1023
f 1551/1077/1022 1553/1779/1305 1550/1078/1023
f 1563/1077/1022 1565/1779/1305 1562/1078/1023
f 1567/1077/1025 1569/1779/1306 1566/1078/1026
f 1570/1078/1028 1573/1779/1307 1571/1077/1029
f 1575/1077/1013 1577/1779/1302 1574/1078/1014
f 1579/1077/1013 1581/1779/1302 1578/1078/1014
f 1583/1077/1013 1585/1779/1302 1582/1078/1014
f 1595/1077/1013 1597/1779/1302 1594/1078/1014
f 1599/1077/1016 1601/1779/1308 1598/1078/1031
f 1602/1078/1033 1605/1779/1304 1603/1077/1020
f 1607/1077/1022 1609/1779/1305 1606/1078/1023
f 1611/1077/1022 1613/1779/1305 1610/1078/1023
f 1615/1077/1022 1617/1779/1305 1614/1078/1023
f 1627/1077/1022 1629/1779/1305 1626/1078/1023
f 1631/1077/1025 1633/1779/1309 1630/1078/1034
f 1634/1078/1036 1637/1779/1310 1635/1077/1037
f 1639/1077/1013 1641/1779/1302 1638/1078/1014
f 1643/1077/1013 1645/1779/1302 1642/1078/1014
f 1647/1077/1013 1649/1779/1302 1646/1078/1014
s 0
usemtl GT_MC_Light
f 1652/1080/1038 1651/1081/1038 1650/1082/1038
f 1652/1080/1039 1650/1082/1039 1651/1081/1039
f 1655/1083/1040 1654/1081/1040 1653/1082/1040
f 1655/1084/1041 1653/1082/1041 1654/1081/1041
f 1658/1085/1042 1656/1086/1042 1657/1087/1042
f 1658/1088/1043 1657/1089/1043 1656/1090/1043
f 1661/1091/1044 1659/1092/1044 1660/1093/1044
f 1661/1094/1045 1660/1089/1045 1659/1095/1045
f 1664/1096/1046 1663/1081/1046 1662/1082/1046
f 1664/1096/1047 1662/1082/1047 1663/1081/1047
