# Blender 5.1.0
# www.blender.org
mtllib F-15C_Eagle.dat.mtl
o F-15C_Eagle_AileronL01
v 3.904694 0.204776 -2.711997
v 3.904693 0.228852 -1.863747
v 5.606691 0.164216 -2.526760
v 5.606691 0.164216 -2.526760
v 5.606691 0.150662 -3.088963
v 3.904694 0.204776 -2.711997
v 3.904694 0.204776 -2.711997
v 5.606691 0.150662 -3.088963
v 5.606691 0.134378 -2.510458
v 5.606691 0.134378 -2.510458
v 3.904693 0.178241 -1.825706
v 3.904694 0.204776 -2.711997
v 3.904694 0.204776 -2.711997
v 3.904693 0.178241 -1.825706
v 3.904693 0.228852 -1.863747
v 3.904693 0.228852 -1.863747
v 3.904693 0.178241 -1.825706
v 5.606691 0.134378 -2.510458
v 5.606691 0.134378 -2.510458
v 5.606691 0.164216 -2.526760
v 3.904693 0.228852 -1.863747
v 5.606691 0.164216 -2.526760
v 5.606691 0.134378 -2.510458
v 5.606691 0.150662 -3.088963
vn 0.0269 0.9992 -0.0284
vn 0.0264 0.9994 -0.0241
vn -0.0380 -0.9989 -0.0281
vn -0.0378 -0.9988 -0.0299
vn -1.0000 -0.0000 -0.0000
vn 0.3194 0.5694 0.7575
vn 0.3388 0.4511 0.8257
vn 1.0000 -0.0000 -0.0000
vt 0.444233 -0.712765
vt 0.356966 -0.746759
vt 0.444233 -0.756257
vt 0.356966 -0.775585
vt 0.424098 -0.543158
vt 0.424098 -0.513497
vt 0.336833 -0.523830
vt 0.336833 -0.478388
vt 0.769545 -0.256070
vt 0.769545 -0.244986
vt 0.648306 -0.249796
vt 0.583837 -0.255522
vt 0.771238 -0.255522
vt 0.583837 -0.245358
vt 0.771238 -0.245358
s 1
usemtl default.066
f 2/1/1 3/2/1 1/3/1
f 5/4/2 6/3/2 4/2/2
f 8/5/3 9/6/3 7/7/3
f 11/8/4 12/7/4 10/6/4
f 14/9/5 15/10/5 13/11/5
f 17/12/6 18/13/6 16/14/6
f 20/15/7 21/14/7 19/13/7
f 23/9/8 24/11/8 22/10/8
o F-15C_Eagle_AileronR01
v -5.606688 0.164220 -2.526762
v -3.904690 0.228856 -1.863747
v -3.904691 0.204781 -2.711996
v -3.904691 0.204781 -2.711996
v -5.606688 0.150667 -3.088964
v -5.606688 0.164220 -2.526762
v -5.606688 0.134383 -2.510458
v -5.606688 0.150667 -3.088964
v -3.904691 0.204781 -2.711996
v -3.904691 0.204781 -2.711996
v -3.904690 0.178245 -1.825706
v -5.606688 0.134383 -2.510458
v -3.904691 0.204781 -2.711996
v -3.904690 0.228856 -1.863747
v -3.904690 0.178245 -1.825706
v -5.606688 0.134383 -2.510458
v -3.904690 0.178245 -1.825706
v -3.904690 0.228856 -1.863747
v -3.904690 0.228856 -1.863747
v -5.606688 0.164220 -2.526762
v -5.606688 0.134383 -2.510458
v -5.606688 0.164220 -2.526762
v -5.606688 0.150667 -3.088964
v -5.606688 0.134383 -2.510458
vn -0.0269 0.9992 -0.0284
vn -0.0264 0.9994 -0.0241
vn 0.0380 -0.9989 -0.0281
vn 0.0378 -0.9988 -0.0299
vn 1.0000 -0.0000 -0.0000
vn -0.3194 0.5694 0.7575
vn -0.3388 0.4512 0.8256
vn -1.0000 -0.0000 -0.0000
vt 0.844639 -0.712765
vt 0.844639 -0.756257
vt 0.931905 -0.746759
vt 0.931905 -0.775585
vt 0.424098 -0.543158
vt 0.336833 -0.523830
vt 0.424098 -0.513497
vt 0.336833 -0.478388
vt 0.769545 -0.244986
vt 0.769545 -0.256069
vt 0.648306 -0.249798
vt 0.583837 -0.245358
vt 0.583837 -0.255522
vt 0.771238 -0.245358
vt 0.771238 -0.255522
s 1
usemtl default.066
f 26/16/9 27/17/9 25/18/9
f 29/19/10 30/18/10 28/17/10
f 32/20/11 33/21/11 31/22/11
f 35/23/12 36/22/12 34/21/12
f 38/24/13 39/25/13 37/26/13
f 41/27/14 42/28/14 40/29/14
f 44/30/15 45/29/15 43/28/15
f 47/26/16 48/25/16 46/24/16
o F-15C_Eagle_BrakeL01
v -0.291068 0.857498 3.013360
v -0.257183 0.884024 3.013385
v -0.210655 0.748457 2.171195
v -0.291068 0.857498 3.013360
v -0.210655 0.748457 2.171195
v -0.243846 0.698468 2.171195
v -0.291068 0.857498 3.013360
v -0.243846 0.698468 2.171195
v -0.308377 0.837062 3.013352
v -0.373741 0.703900 3.013301
v -0.261560 0.653068 2.171195
v -0.390497 0.574966 2.931189
v -0.390497 0.574966 2.931189
v -0.261560 0.653068 2.171195
v -0.514357 0.595948 2.171195
v -0.472938 0.553562 1.058092
v -0.159763 0.590210 1.059314
v -0.334238 0.500514 0.064072
v -0.078139 0.556710 0.059952
v -0.159763 0.590210 1.059314
v -0.111947 0.632415 1.060343
v -0.072580 0.654591 1.060840
v -0.045189 0.565687 0.058439
v -0.078139 0.556710 0.059952
v -0.078139 0.556710 0.059952
v -0.111947 0.632415 1.060343
v -0.072580 0.654591 1.060840
v -0.261560 0.653068 2.171195
v -0.159763 0.590210 1.059314
v -0.472938 0.553562 1.058092
v -0.472938 0.553562 1.058092
v -0.514357 0.595948 2.171195
v -0.261560 0.653068 2.171195
v -0.261560 0.653068 2.171195
v -0.243846 0.698468 2.171195
v -0.159763 0.590210 1.059314
v -0.102587 0.827515 2.171195
v -0.156826 0.795148 2.171195
v -0.183979 0.924254 3.013385
v -0.183979 0.924254 3.013385
v -0.119316 0.949307 3.013385
v -0.102587 0.827515 2.171195
v -0.156826 0.795148 2.171195
v -0.210655 0.748457 2.171195
v -0.257183 0.884024 3.013385
v -0.257183 0.884024 3.013385
v -0.183979 0.924254 3.013385
v -0.156826 0.795148 2.171195
v -0.251198 0.932935 3.329114
v -0.187832 0.967659 3.329311
v -0.183979 0.924254 3.013385
v -0.183979 0.924254 3.013385
v -0.257183 0.884024 3.013385
v -0.251198 0.932935 3.329114
v -0.102587 0.827515 2.171195
v -0.072580 0.654591 1.060840
v -0.111947 0.632415 1.060343
v -0.111947 0.632415 1.060343
v -0.156826 0.795148 2.171195
v -0.102587 0.827515 2.171195
v -0.261232 0.831173 3.017460
v -0.205565 0.712397 2.177133
v -0.239601 0.847158 3.018677
v -0.205565 0.712397 2.177133
v -0.261232 0.831173 3.017460
v -0.336611 0.689466 3.016913
v -0.336611 0.689466 3.016913
v -0.238264 0.633235 2.174319
v -0.205565 0.712397 2.177133
v -0.238264 0.633235 2.174319
v -0.336611 0.689466 3.016913
v -0.352569 0.562712 2.934547
v -0.238264 0.633235 2.174319
v -0.352569 0.562712 2.934547
v -0.506380 0.556752 2.170987
v -0.467757 0.513956 1.060207
v -0.325469 0.461626 0.067371
v -0.071151 0.518652 0.063005
v -0.071151 0.518652 0.063005
v -0.144113 0.553524 1.062355
v -0.467757 0.513956 1.060207
v -0.144113 0.553524 1.062355
v -0.071151 0.518652 0.063005
v -0.088485 0.597917 1.064969
v -0.088485 0.597917 1.064969
v -0.071151 0.518652 0.063005
v 0.000000 0.528307 0.059565
v 0.000000 0.528307 0.059565
v 0.000000 0.631824 1.067351
v -0.088485 0.597917 1.064969
v -0.467757 0.513956 1.060207
v -0.144113 0.553524 1.062355
v -0.238264 0.633235 2.174319
v -0.238264 0.633235 2.174319
v -0.506380 0.556752 2.170987
v -0.467757 0.513956 1.060207
v -0.238264 0.633235 2.174319
v -0.144113 0.553524 1.062355
v -0.088485 0.597917 1.064969
v -0.088485 0.597917 1.064969
v -0.205565 0.712397 2.177133
v -0.238264 0.633235 2.174319
v 0.000000 0.814377 2.177099
v 0.000001 0.930602 3.018855
v -0.042905 0.923897 3.018948
v -0.169563 0.874633 3.018930
v -0.239601 0.847158 3.018677
v -0.205565 0.712397 2.177133
v -0.205565 0.712397 2.177133
v -0.135996 0.772837 2.176868
v -0.169563 0.874633 3.018930
v -0.205565 0.712397 2.177133
v -0.088485 0.597917 1.064969
v -0.135996 0.772837 2.176868
v -0.169563 0.874633 3.018930
v -0.173374 0.920933 3.334890
v -0.236731 0.896063 3.334694
v -0.236731 0.896063 3.334694
v -0.239601 0.847158 3.018677
v -0.169563 0.874633 3.018930
v -0.042905 0.923897 3.018948
v -0.169563 0.874633 3.018930
v 0.000000 0.814377 2.177099
v -0.169563 0.874633 3.018930
v -0.135996 0.772837 2.176868
v 0.000000 0.814377 2.177099
v -0.135996 0.772837 2.176868
v -0.088485 0.597917 1.064969
v 0.000000 0.631824 1.067351
v 0.000000 0.631824 1.067351
v 0.000000 0.814377 2.177099
v -0.135996 0.772837 2.176868
v -0.291068 0.857498 3.013360
v -0.308377 0.837062 3.013352
v -0.261232 0.831173 3.017460
v -0.291068 0.857498 3.013360
v -0.261232 0.831173 3.017460
v -0.239601 0.847158 3.018677
v -0.291068 0.857498 3.013360
v -0.239601 0.847158 3.018677
v -0.257183 0.884024 3.013385
v -0.345711 0.777566 3.013330
v -0.336611 0.689466 3.016913
v -0.261232 0.831173 3.017460
v -0.261232 0.831173 3.017460
v -0.308377 0.837062 3.013352
v -0.345711 0.777566 3.013330
v -0.336611 0.689466 3.016913
v -0.373741 0.703900 3.013301
v -0.390497 0.574966 2.931189
v -0.390497 0.574966 2.931189
v -0.352569 0.562712 2.934547
v -0.336611 0.689466 3.016913
v -0.352569 0.562712 2.934547
v -0.390497 0.574966 2.931189
v -0.514357 0.595948 2.171195
v -0.514357 0.595948 2.171195
v -0.506380 0.556752 2.170987
v -0.352569 0.562712 2.934547
v -0.467757 0.513956 1.060207
v -0.472938 0.553562 1.058092
v -0.334238 0.500514 0.064072
v -0.334238 0.500514 0.064072
v -0.325469 0.461626 0.067371
v -0.467757 0.513956 1.060207
v -0.325469 0.461626 0.067371
v -0.334238 0.500514 0.064072
v -0.078139 0.556710 0.059952
v -0.078139 0.556710 0.059952
v -0.071151 0.518652 0.063005
v -0.325469 0.461626 0.067371
v -0.071151 0.518652 0.063005
v -0.078139 0.556710 0.059952
v -0.045189 0.565687 0.058439
v -0.071151 0.518652 0.063005
v -0.045189 0.565687 0.058439
v 0.000000 0.568179 0.056365
v -0.071151 0.518652 0.063005
v 0.000000 0.568179 0.056365
v 0.000000 0.528307 0.059565
v -0.506380 0.556752 2.170987
v -0.514357 0.595948 2.171195
v -0.472938 0.553562 1.058092
v -0.472938 0.553562 1.058092
v -0.467757 0.513956 1.060207
v -0.506380 0.556752 2.170987
v 0.000001 0.930602 3.018855
v 0.000001 0.970226 3.013385
v -0.053158 0.963960 3.013385
v -0.053158 0.963960 3.013385
v -0.042905 0.923897 3.018948
v 0.000001 0.930602 3.018855
v -0.169563 0.874633 3.018930
v -0.183979 0.924254 3.013385
v -0.187832 0.967659 3.329311
v -0.187832 0.967659 3.329311
v -0.173374 0.920933 3.334890
v -0.169563 0.874633 3.018930
v -0.173374 0.920933 3.334890
v -0.187832 0.967659 3.329311
v -0.251198 0.932935 3.329114
v -0.251198 0.932935 3.329114
v -0.236731 0.896063 3.334694
v -0.173374 0.920933 3.334890
v -0.236731 0.896063 3.334694
v -0.251198 0.932935 3.329114
v -0.257183 0.884024 3.013385
v -0.257183 0.884024 3.013385
v -0.239601 0.847158 3.018677
v -0.236731 0.896063 3.334694
v -0.042905 0.923897 3.018948
v -0.119316 0.949307 3.013385
v -0.169563 0.874633 3.018930
v -0.210655 0.748457 2.171195
v -0.156826 0.795148 2.171195
v -0.111947 0.632415 1.060343
v -0.111947 0.632415 1.060343
v -0.159763 0.590210 1.059314
v -0.210655 0.748457 2.171195
v 0.200125 0.764201 2.171195
v 0.257184 0.882694 3.013385
v 0.319992 0.825139 3.013346
v 0.319992 0.825139 3.013346
v 0.237827 0.713898 2.171195
v 0.200125 0.764201 2.171195
v 0.373742 0.703900 3.013301
v 0.390498 0.574966 2.931189
v 0.261561 0.653068 2.171195
v 0.390498 0.574966 2.931189
v 0.514358 0.595947 2.171195
v 0.261561 0.653068 2.171195
v 0.472939 0.553561 1.058092
v 0.334238 0.500513 0.064072
v 0.159763 0.590209 1.059314
v 0.078140 0.556709 0.059952
v 0.115123 0.632415 1.060343
v 0.159763 0.590209 1.059314
v 0.000000 0.568179 0.056365
v 0.000000 0.674675 1.061852
v 0.032370 0.669900 1.061456
v 0.261561 0.653068 2.171195
v 0.514358 0.595947 2.171195
v 0.472939 0.553561 1.058092
v 0.472939 0.553561 1.058092
v 0.159763 0.590209 1.059314
v 0.261561 0.653068 2.171195
v 0.159763 0.590209 1.059314
v 0.200125 0.764201 2.171195
v 0.237827 0.713898 2.171195
v 0.000000 0.853939 2.171195
v 0.000001 0.970226 3.013385
v 0.053159 0.966228 3.013385
v 0.053159 0.966228 3.013385
v 0.045175 0.848887 2.171195
v 0.000000 0.853939 2.171195
v 0.257184 0.882694 3.013385
v 0.200125 0.764201 2.171195
v 0.154098 0.801389 2.171195
v 0.154098 0.801389 2.171195
v 0.183981 0.921787 3.013385
v 0.257184 0.882694 3.013385
v 0.251199 0.932935 3.329114
v 0.257184 0.882694 3.013385
v 0.183981 0.921787 3.013385
v 0.183981 0.921787 3.013385
v 0.187833 0.967658 3.329311
v 0.251199 0.932935 3.329114
v 0.032370 0.669900 1.061456
v 0.000000 0.674675 1.061852
v 0.000000 0.853939 2.171195
v 0.000000 0.853939 2.171195
v 0.045175 0.848887 2.171195
v 0.032370 0.669900 1.061456
v 0.261233 0.831173 3.017460
v 0.239602 0.847157 3.018677
v 0.205566 0.712396 2.177133
v 0.205566 0.712396 2.177133
v 0.238265 0.633235 2.174319
v 0.336612 0.689466 3.016913
v 0.336612 0.689466 3.016913
v 0.261233 0.831173 3.017460
v 0.205566 0.712396 2.177133
v 0.238265 0.633235 2.174319
v 0.352570 0.562712 2.934547
v 0.336612 0.689466 3.016913
v 0.238265 0.633235 2.174319
v 0.506380 0.556751 2.170987
v 0.352570 0.562712 2.934547
v 0.467757 0.513955 1.060207
v 0.144113 0.553523 1.062355
v 0.071151 0.518651 0.063005
v 0.071151 0.518651 0.063005
v 0.325469 0.461626 0.067371
v 0.467757 0.513955 1.060207
v 0.144113 0.553523 1.062355
v 0.088486 0.597916 1.064969
v 0.071151 0.518651 0.063005
v 0.088486 0.597916 1.064969
v 0.000000 0.631824 1.067351
v 0.000000 0.528307 0.059565
v 0.000000 0.528307 0.059565
v 0.071151 0.518651 0.063005
v 0.088486 0.597916 1.064969
v 0.467757 0.513955 1.060207
v 0.506380 0.556751 2.170987
v 0.238265 0.633235 2.174319
v 0.238265 0.633235 2.174319
v 0.144113 0.553523 1.062355
v 0.467757 0.513955 1.060207
v 0.238265 0.633235 2.174319
v 0.205566 0.712396 2.177133
v 0.088486 0.597916 1.064969
v 0.088486 0.597916 1.064969
v 0.144113 0.553523 1.062355
v 0.238265 0.633235 2.174319
v 0.000000 0.814377 2.177099
v 0.042906 0.923896 3.018948
v 0.000001 0.930602 3.018855
v 0.169564 0.874632 3.018930
v 0.135997 0.772836 2.176868
v 0.205566 0.712396 2.177133
v 0.205566 0.712396 2.177133
v 0.239602 0.847157 3.018677
v 0.169564 0.874632 3.018930
v 0.205566 0.712396 2.177133
v 0.135997 0.772836 2.176868
v 0.088486 0.597916 1.064969
v 0.169564 0.874632 3.018930
v 0.239602 0.847157 3.018677
v 0.236732 0.896062 3.334694
v 0.236732 0.896062 3.334694
v 0.173375 0.920932 3.334890
v 0.169564 0.874632 3.018930
v 0.042906 0.923896 3.018948
v 0.000000 0.814377 2.177099
v 0.169564 0.874632 3.018930
v 0.169564 0.874632 3.018930
v 0.000000 0.814377 2.177099
v 0.135997 0.772836 2.176868
v 0.135997 0.772836 2.176868
v 0.000000 0.814377 2.177099
v 0.000000 0.631824 1.067351
v 0.000000 0.631824 1.067351
v 0.088486 0.597916 1.064969
v 0.135997 0.772836 2.176868
v 0.319992 0.825139 3.013346
v 0.257184 0.882694 3.013385
v 0.239602 0.847157 3.018677
v 0.239602 0.847157 3.018677
v 0.261233 0.831173 3.017460
v 0.319992 0.825139 3.013346
v 0.336612 0.689466 3.016913
v 0.352570 0.562712 2.934547
v 0.390498 0.574966 2.931189
v 0.390498 0.574966 2.931189
v 0.373742 0.703900 3.013301
v 0.336612 0.689466 3.016913
v 0.352570 0.562712 2.934547
v 0.506380 0.556751 2.170987
v 0.514358 0.595947 2.171195
v 0.514358 0.595947 2.171195
v 0.390498 0.574966 2.931189
v 0.352570 0.562712 2.934547
v 0.467757 0.513955 1.060207
v 0.325469 0.461626 0.067371
v 0.334238 0.500513 0.064072
v 0.334238 0.500513 0.064072
v 0.472939 0.553561 1.058092
v 0.467757 0.513955 1.060207
v 0.325469 0.461626 0.067371
v 0.071151 0.518651 0.063005
v 0.078140 0.556709 0.059952
v 0.078140 0.556709 0.059952
v 0.334238 0.500513 0.064072
v 0.325469 0.461626 0.067371
v 0.071151 0.518651 0.063005
v 0.000000 0.528307 0.059565
v 0.000000 0.568179 0.056365
v 0.071151 0.518651 0.063005
v 0.000000 0.568179 0.056365
v 0.045888 0.565594 0.058472
v 0.071151 0.518651 0.063005
v 0.045888 0.565594 0.058472
v 0.078140 0.556709 0.059952
v 0.506380 0.556751 2.170987
v 0.467757 0.513955 1.060207
v 0.472939 0.553561 1.058092
v 0.472939 0.553561 1.058092
v 0.514358 0.595947 2.171195
v 0.506380 0.556751 2.170987
v 0.000001 0.930602 3.018855
v 0.042906 0.923896 3.018948
v 0.053159 0.966228 3.013385
v 0.053159 0.966228 3.013385
v 0.000001 0.970226 3.013385
v 0.000001 0.930602 3.018855
v 0.169564 0.874632 3.018930
v 0.173375 0.920932 3.334890
v 0.187833 0.967658 3.329311
v 0.187833 0.967658 3.329311
v 0.183981 0.921787 3.013385
v 0.169564 0.874632 3.018930
v 0.173375 0.920932 3.334890
v 0.236732 0.896062 3.334694
v 0.251199 0.932935 3.329114
v 0.251199 0.932935 3.329114
v 0.187833 0.967658 3.329311
v 0.173375 0.920932 3.334890
v 0.236732 0.896062 3.334694
v 0.239602 0.847157 3.018677
v 0.257184 0.882694 3.013385
v 0.257184 0.882694 3.013385
v 0.251199 0.932935 3.329114
v 0.236732 0.896062 3.334694
v 0.042906 0.923896 3.018948
v 0.114590 0.950783 3.013385
v 0.053159 0.966228 3.013385
v 0.115123 0.632415 1.060343
v 0.200125 0.764201 2.171195
v 0.159763 0.590209 1.059314
v -0.030733 0.799128 2.003343
v -0.021731 0.781327 1.990878
v -0.021731 0.024734 3.071405
v -0.021731 0.024734 3.071405
v -0.030732 0.042535 3.083869
v -0.030733 0.799128 2.003343
v -0.021731 0.781327 1.990878
v 0.000000 0.773953 1.985715
v 0.000000 0.017360 3.066242
v 0.000000 0.017360 3.066242
v -0.021731 0.024734 3.071405
v -0.021731 0.781327 1.990878
v 0.000000 0.773953 1.985715
v 0.021732 0.781326 1.990877
v 0.021732 0.024734 3.071405
v 0.021732 0.024734 3.071405
v 0.000000 0.017360 3.066242
v 0.000000 0.773953 1.985715
v 0.021732 0.781326 1.990877
v 0.030733 0.799128 2.003343
v 0.030733 0.042535 3.083869
v 0.030733 0.042535 3.083869
v 0.021732 0.024734 3.071405
v 0.021732 0.781326 1.990877
v 0.030733 0.799128 2.003343
v 0.021732 0.816930 2.015807
v 0.021732 0.060337 3.096335
v 0.021732 0.060337 3.096335
v 0.030733 0.042535 3.083869
v 0.030733 0.799128 2.003343
v 0.021732 0.816930 2.015807
v 0.000000 0.824303 2.020970
v 0.000000 0.067710 3.101498
v 0.000000 0.067710 3.101498
v 0.021732 0.060337 3.096335
v 0.021732 0.816930 2.015807
v 0.000000 0.824303 2.020970
v -0.021731 0.816930 2.015807
v -0.021731 0.060337 3.096335
v -0.021731 0.060337 3.096335
v 0.000000 0.067710 3.101498
v 0.000000 0.824303 2.020970
v -0.021731 0.816930 2.015807
v -0.030733 0.799128 2.003343
v -0.030732 0.042535 3.083869
v -0.030732 0.042535 3.083869
v -0.021731 0.060337 3.096335
v -0.021731 0.816930 2.015807
v 0.045888 0.565594 0.058472
v 0.032370 0.669900 1.061456
v 0.070591 0.656774 1.060867
v 0.115123 0.632415 1.060343
v 0.154098 0.801389 2.171195
v 0.200125 0.764201 2.171195
v 0.045175 0.848887 2.171195
v 0.053159 0.966228 3.013385
v 0.114590 0.950783 3.013385
v 0.114590 0.950783 3.013385
v 0.096427 0.832834 2.171195
v 0.045175 0.848887 2.171195
v 0.032370 0.669900 1.061456
v 0.045175 0.848887 2.171195
v 0.096427 0.832834 2.171195
v 0.096427 0.832834 2.171195
v 0.070591 0.656774 1.060867
v 0.032370 0.669900 1.061456
v 0.096427 0.832834 2.171195
v 0.114590 0.950783 3.013385
v 0.183981 0.921787 3.013385
v 0.183981 0.921787 3.013385
v 0.154098 0.801389 2.171195
v 0.096427 0.832834 2.171195
v 0.070591 0.656774 1.060867
v 0.096427 0.832834 2.171195
v 0.154098 0.801389 2.171195
v 0.154098 0.801389 2.171195
v 0.115123 0.632415 1.060343
v 0.070591 0.656774 1.060867
v 0.070591 0.656774 1.060867
v 0.115123 0.632415 1.060343
v 0.078140 0.556709 0.059952
v 0.078140 0.556709 0.059952
v 0.045888 0.565594 0.058472
v 0.070591 0.656774 1.060867
v 0.045888 0.565594 0.058472
v 0.000000 0.568179 0.056365
v 0.032370 0.669900 1.061456
v -0.046320 0.846662 2.171195
v -0.053158 0.963960 3.013385
v 0.000001 0.970226 3.013385
v 0.000001 0.970226 3.013385
v 0.000000 0.853939 2.171195
v -0.046320 0.846662 2.171195
v -0.034307 0.669125 1.061373
v -0.046320 0.846662 2.171195
v 0.000000 0.853939 2.171195
v 0.000000 0.853939 2.171195
v 0.000000 0.674675 1.061852
v -0.034307 0.669125 1.061373
v -0.102587 0.827515 2.171195
v -0.119316 0.949307 3.013385
v -0.053158 0.963960 3.013385
v -0.053158 0.963960 3.013385
v -0.046320 0.846662 2.171195
v -0.102587 0.827515 2.171195
v -0.072580 0.654591 1.060840
v -0.102587 0.827515 2.171195
v -0.046320 0.846662 2.171195
v -0.046320 0.846662 2.171195
v -0.034307 0.669125 1.061373
v -0.072580 0.654591 1.060840
v -0.034307 0.669125 1.061373
v 0.000000 0.674675 1.061852
v 0.000000 0.568179 0.056365
v -0.243846 0.698468 2.171195
v -0.210655 0.748457 2.171195
v -0.159763 0.590210 1.059314
v -0.373741 0.703900 3.013301
v -0.345711 0.777566 3.013330
v -0.243846 0.698468 2.171195
v -0.243846 0.698468 2.171195
v -0.261560 0.653068 2.171195
v -0.373741 0.703900 3.013301
v -0.045189 0.565687 0.058439
v -0.072580 0.654591 1.060840
v -0.034307 0.669125 1.061373
v -0.034307 0.669125 1.061373
v 0.000000 0.568179 0.056365
v -0.045189 0.565687 0.058439
v -0.243846 0.698468 2.171195
v -0.345711 0.777566 3.013330
v -0.308377 0.837062 3.013352
v 0.237827 0.713898 2.171195
v 0.350886 0.769263 3.013326
v 0.373742 0.703900 3.013301
v 0.373742 0.703900 3.013301
v 0.261561 0.653068 2.171195
v 0.237827 0.713898 2.171195
v 0.237827 0.713898 2.171195
v 0.261561 0.653068 2.171195
v 0.159763 0.590209 1.059314
v 0.319992 0.825139 3.013346
v 0.350886 0.769263 3.013326
v 0.237827 0.713898 2.171195
v 0.350886 0.769263 3.013326
v 0.319992 0.825139 3.013346
v 0.261233 0.831173 3.017460
v 0.261233 0.831173 3.017460
v 0.336612 0.689466 3.016913
v 0.350886 0.769263 3.013326
v -0.345711 0.777566 3.013330
v -0.373741 0.703900 3.013301
v -0.336611 0.689466 3.016913
v 0.336612 0.689466 3.016913
v 0.373742 0.703900 3.013301
v 0.350886 0.769263 3.013326
v -0.042905 0.923897 3.018948
v -0.053158 0.963960 3.013385
v -0.119316 0.949307 3.013385
v -0.119316 0.949307 3.013385
v -0.183979 0.924254 3.013385
v -0.169563 0.874633 3.018930
v 0.042906 0.923896 3.018948
v 0.169564 0.874632 3.018930
v 0.114590 0.950783 3.013385
v 0.169564 0.874632 3.018930
v 0.183981 0.921787 3.013385
v 0.114590 0.950783 3.013385
v 0.334238 0.500513 0.064072
v 0.078140 0.556709 0.059952
v 0.159763 0.590209 1.059314
v -0.159763 0.590210 1.059314
v -0.078139 0.556710 0.059952
v -0.334238 0.500514 0.064072
vn -0.6085 0.7775 -0.1588
vn -0.8237 0.5469 -0.1495
vn -0.7529 0.6377 -0.1626
vn -0.9661 0.2158 -0.1417
vn -0.2200 0.9735 0.0627
vn -0.1157 0.9909 -0.0690
vn -0.6587 0.7482 -0.0789
vn -0.2657 0.9596 -0.0924
vn -0.4883 0.8688 -0.0822
vn -0.1157 0.9910 -0.0666
vn -0.2202 0.9744 -0.0453
vn -0.9264 0.3615 -0.1053
vn -0.5069 0.8495 -0.1466
vn -0.3577 0.9232 -0.1406
vn -0.6472 0.7462 -0.1559
vn -0.4763 0.8667 -0.1482
vn -0.4765 0.8702 -0.1254
vn -0.4778 0.8694 -0.1256
vn -0.4840 0.8625 -0.1474
vn -0.5070 0.8497 -0.1450
vn 0.5819 -0.7990 0.1515
vn 0.8759 -0.4664 0.1239
vn 0.9145 -0.3824 0.1323
vn 0.9706 -0.2047 0.1269
vn 0.2746 -0.9604 -0.0478
vn 0.2194 -0.9721 0.0827
vn 0.1210 -0.9917 0.0434
vn 0.6200 -0.7812 0.0725
vn 0.1378 -0.9872 0.0805
vn 0.3539 -0.9304 0.0956
vn 0.1204 -0.9894 0.0811
vn 0.2735 -0.9608 0.0465
vn 0.6170 -0.7795 0.1081
vn 0.9140 -0.3824 0.1356
vn 0.1533 -0.9789 0.1352
vn 0.3599 -0.9189 0.1617
vn 0.6516 -0.7495 0.1166
vn 0.6492 -0.7466 0.1452
vn 0.3615 -0.9219 0.1395
vn 0.3612 -0.9220 0.1394
vn 0.3590 -0.9230 0.1384
vn 0.2896 -0.9488 0.1262
vn 0.3494 -0.9232 0.1602
vn 0.2883 -0.9448 0.1554
vn -0.0784 0.0660 0.9947
vn -0.0927 0.0498 0.9944
vn -0.0816 0.1034 0.9913
vn -0.0699 0.0333 0.9970
vn -0.0805 0.0501 0.9955
vn -0.2716 -0.4916 0.8274
vn -0.2375 -0.5081 0.8279
vn -0.3093 -0.9507 0.0242
vn -0.9609 -0.1966 0.1951
vn -0.9822 -0.1354 -0.1298
vn -0.9653 -0.2284 -0.1263
vn 0.0024 -0.0840 -0.9965
vn 0.0008 -0.0798 -0.9968
vn -0.0228 -0.0841 -0.9962
vn -0.0417 -0.0737 -0.9964
vn -0.0373 -0.0799 -0.9961
vn -0.9795 -0.1992 -0.0289
vn -0.9909 -0.1312 -0.0294
vn -0.0161 0.1367 0.9905
vn -0.0186 0.1328 0.9910
vn 0.9607 0.2762 -0.0262
vn 0.9559 0.2920 -0.0313
vn -0.0582 0.1006 0.9932
vn -0.0536 0.1288 0.9902
vn -0.9321 -0.3547 0.0726
vn -0.9042 -0.4207 0.0733
vn -0.0391 0.1001 0.9942
vn -0.6492 0.7484 -0.1359
vn -0.6540 0.7442 -0.1359
vn 0.6681 0.7292 -0.1479
vn 0.7905 0.5925 -0.1554
vn 0.9661 0.2158 -0.1417
vn 0.2200 0.9735 0.0627
vn 0.1157 0.9909 -0.0690
vn 0.6838 0.7252 -0.0802
vn 0.1439 0.9841 -0.1042
vn 0.2202 0.9744 -0.0453
vn 0.1157 0.9910 -0.0666
vn 0.7942 0.5953 -0.1220
vn 0.0743 0.9879 -0.1364
vn 0.1101 0.9843 -0.1382
vn 0.6213 0.7690 -0.1503
vn 0.4663 0.8732 -0.1414
vn 0.4671 0.8746 -0.1303
vn 0.4760 0.8695 -0.1320
vn 0.1422 0.9772 -0.1579
vn 0.1097 0.9811 -0.1595
vn -0.5819 -0.7990 0.1515
vn -0.9145 -0.3824 0.1323
vn -0.8759 -0.4664 0.1239
vn -0.9706 -0.2047 0.1269
vn -0.2746 -0.9604 -0.0478
vn -0.1210 -0.9917 0.0434
vn -0.2194 -0.9721 0.0827
vn -0.6200 -0.7812 0.0725
vn -0.3540 -0.9304 0.0956
vn -0.1379 -0.9872 0.0805
vn -0.2735 -0.9607 0.0465
vn -0.1204 -0.9894 0.0811
vn -0.9140 -0.3824 0.1356
vn -0.6170 -0.7795 0.1081
vn -0.1533 -0.9789 0.1352
vn -0.6516 -0.7495 0.1166
vn -0.3599 -0.9189 0.1617
vn -0.6492 -0.7466 0.1452
vn -0.3612 -0.9220 0.1394
vn -0.3614 -0.9219 0.1395
vn -0.3590 -0.9230 0.1384
vn -0.2896 -0.9488 0.1262
vn -0.2883 -0.9448 0.1554
vn -0.3495 -0.9232 0.1602
vn 0.0934 0.1013 0.9905
vn 0.0720 0.0216 0.9972
vn 0.2375 -0.5081 0.8279
vn 0.2716 -0.4916 0.8274
vn 0.9609 -0.1966 0.1951
vn 0.3093 -0.9507 0.0242
vn 0.9653 -0.2284 -0.1263
vn 0.9822 -0.1354 -0.1298
vn -0.0008 -0.0798 -0.9968
vn -0.0024 -0.0840 -0.9965
vn 0.0373 -0.0799 -0.9961
vn 0.0416 -0.0738 -0.9964
vn 0.0226 -0.0841 -0.9962
vn 0.9909 -0.1312 -0.0294
vn 0.9795 -0.1992 -0.0289
vn 0.0176 0.1261 0.9919
vn 0.0103 0.1367 0.9906
vn -0.9559 0.2920 -0.0313
vn -0.9569 0.2890 -0.0303
vn 0.0536 0.1288 0.9902
vn 0.0582 0.1006 0.9932
vn 0.8982 -0.4332 0.0752
vn 0.9321 -0.3545 0.0741
vn 0.0309 0.1229 0.9919
vn 0.6788 0.7213 -0.1375
vn -0.9239 -0.3135 -0.2195
vn -0.3827 -0.7568 -0.5299
vn 0.3826 -0.7568 -0.5299
vn 0.3827 -0.7568 -0.5299
vn 0.9239 -0.3135 -0.2195
vn 0.9239 0.3135 0.2195
vn 0.3827 0.7568 0.5299
vn -0.3827 0.7568 0.5299
vn -0.9239 0.3135 0.2195
vn 0.3221 0.9421 -0.0936
vn 0.6224 0.7703 -0.1390
vn 0.2416 0.9608 -0.1362
vn 0.2960 0.9451 -0.1387
vn 0.2953 0.9427 -0.1554
vn 0.3187 0.9350 -0.1557
vn 0.3820 0.9141 -0.1363
vn 0.4739 0.8692 -0.1411
vn 0.4734 0.8682 -0.1487
vn 0.4732 0.8683 -0.1487
vn 0.4774 0.8747 -0.0838
vn 0.2684 0.9587 -0.0938
vn 0.0606 0.9929 -0.1024
vn -0.1159 0.9836 -0.1379
vn -0.1538 0.9788 -0.1352
vn -0.1532 0.9755 -0.1577
vn -0.1555 0.9752 -0.1576
vn -0.2140 0.9662 -0.1440
vn -0.3193 0.9382 -0.1333
vn -0.3183 0.9354 -0.1543
vn -0.3491 0.9247 -0.1517
vn -0.1574 0.9820 -0.1040
vn -0.8275 0.5494 -0.1161
vn -0.9247 0.3519 -0.1449
vn -0.9218 0.3597 -0.1445
vn -0.3524 0.9313 -0.0922
vn -0.0594 0.9930 -0.1018
vn -0.8374 0.5255 -0.1506
vn 0.9337 0.3265 -0.1468
vn 0.9218 0.3597 -0.1445
vn 0.9264 0.3615 -0.1053
vn 0.8655 0.4786 -0.1477
vn 0.0739 0.0405 0.9964
vn 0.0685 0.0326 0.9971
vn -0.0845 0.0318 0.9959
vn 0.0854 0.0295 0.9959
vn -0.0288 0.1303 0.9911
vn -0.0387 0.0999 0.9942
vn 0.0393 0.1008 0.9941
vn 0.0433 0.1036 0.9937
vn 0.2148 0.9754 -0.0502
vn -0.2148 0.9754 -0.0502
vt 0.898986 -0.477372
vt 0.895868 -0.520625
vt 0.901171 -0.477373
vt 0.899071 -0.520625
vt 0.902591 -0.477407
vt 0.902278 -0.520625
vt 0.919386 -0.481586
vt 0.911073 -0.477376
vt 0.657847 -0.505889
vt 0.670809 -0.505883
vt 0.663309 -0.466917
vt 0.652627 -0.562955
vt 0.661573 -0.613921
vt 0.668684 -0.562955
vt 0.649983 -0.562955
vt 0.648442 -0.614132
vt 0.646753 -0.614209
vt 0.648157 -0.562955
vt 0.655450 -0.505889
vt 0.892095 -0.520625
vt 0.894266 -0.477372
vt 0.888881 -0.520625
vt 0.890097 -0.477372
vt 0.894515 -0.461173
vt 0.898600 -0.461183
vt 0.648063 -0.505889
vt 0.649863 -0.505889
vt 0.044926 -0.863458
vt 0.046671 -0.820310
vt 0.047781 -0.820372
vt 0.051646 -0.820400
vt 0.046603 -0.863602
vt 0.052463 -0.824623
vt 0.060350 -0.863773
vt 0.051074 -0.971631
vt 0.038035 -0.971854
vt 0.058370 -0.920726
vt 0.041776 -0.920615
vt 0.038923 -0.920481
vt 0.034387 -0.972031
vt 0.034387 -0.920359
vt 0.034387 -0.820301
vt 0.036586 -0.820296
vt 0.034387 -0.863459
vt 0.043081 -0.820297
vt 0.041359 -0.863471
vt 0.043276 -0.804097
vt 0.046524 -0.804107
vt 0.989320 -1.002583
vt 0.993641 -0.970057
vt 0.988500 -0.970057
vt 0.993641 -0.938094
vt 0.988500 -0.938094
vt 0.988500 -0.954470
vt 0.988500 -0.942347
vt 0.988500 -0.951572
vt 0.652628 -0.505889
vt 0.865824 -0.477372
vt 0.861698 -0.477454
vt 0.869732 -0.520625
vt 0.866590 -0.520625
vt 0.845424 -0.481586
vt 0.862532 -0.520625
vt 0.853736 -0.477376
vt 0.618063 -0.505883
vt 0.631025 -0.505889
vt 0.625563 -0.466917
vt 0.627298 -0.613921
vt 0.636244 -0.562955
vt 0.620187 -0.562955
vt 0.638888 -0.562955
vt 0.640429 -0.614132
vt 0.644436 -0.562955
vt 0.642981 -0.562955
vt 0.644436 -0.614316
vt 0.636767 -0.505889
vt 0.634366 -0.505889
vt 0.882405 -0.477372
vt 0.878978 -0.477372
vt 0.882405 -0.520625
vt 0.879700 -0.520625
vt 0.872715 -0.520625
vt 0.870544 -0.477372
vt 0.866210 -0.461183
vt 0.870295 -0.461173
vt 0.644436 -0.505889
vt 0.642921 -0.505889
vt 0.022101 -0.820310
vt 0.023846 -0.863458
vt 0.020993 -0.820372
vt 0.022170 -0.863602
vt 0.017128 -0.820400
vt 0.016310 -0.824623
vt 0.008423 -0.863773
vt 0.026998 -0.920615
vt 0.030738 -0.971854
vt 0.010403 -0.920726
vt 0.017699 -0.971631
vt 0.029849 -0.920481
vt 0.032186 -0.820296
vt 0.027414 -0.863471
vt 0.025692 -0.820297
vt 0.022249 -0.804107
vt 0.025498 -0.804097
vt 0.989681 -0.885376
vt 0.988500 -0.956864
vt 0.207637 -0.087989
vt 0.207637 -0.155621
vt 0.205139 -0.087989
vt 0.205139 -0.155621
vt 0.209768 -0.087989
vt 0.209768 -0.155621
vt 0.202640 -0.087989
vt 0.202640 -0.155621
vt 0.200510 -0.087989
vt 0.200510 -0.155621
vt 0.640816 -0.562955
vt 0.642083 -0.614208
vt 0.639009 -0.505889
vt 0.874859 -0.477372
vt 0.876188 -0.520625
vt 0.640954 -0.505889
vt 0.885832 -0.477372
vt 0.885391 -0.520625
vt 0.646108 -0.505889
vt 0.646195 -0.562955
vt 0.906646 -0.477375
vt 0.858103 -0.477532
vt 0.988500 -0.962199
vt 0.988500 -0.951696
s 1
usemtl default.066
f 50/31/17 51/32/17 49/33/17
f 53/32/18 54/34/18 52/33/18
f 56/34/19 57/35/19 55/33/19
f 59/36/20 60/37/20 58/38/20
f 62/39/21 63/40/21 61/41/21
f 65/42/22 66/43/22 64/44/22
f 68/42/23 69/45/23 67/46/23
f 71/47/24 72/46/24 70/48/24
f 74/45/25 75/48/25 73/46/25
f 77/42/26 78/44/26 76/39/26
f 80/40/27 81/39/27 79/44/27
f 83/49/28 84/42/28 82/39/28
f 86/50/29 87/51/29 85/52/29
f 89/53/30 90/52/30 88/51/30
f 92/32/31 93/31/31 91/50/31
f 95/51/32 96/50/32 94/31/32
f 98/54/33 99/51/33 97/55/33
f 101/31/34 102/55/34 100/51/34
f 104/48/35 105/45/35 103/56/35
f 107/57/36 108/56/36 106/45/36
f 110/58/37 111/59/37 109/60/37
f 113/60/38 114/61/38 112/58/38
f 116/62/39 117/58/39 115/61/39
f 119/61/40 120/63/40 118/62/40
f 122/63/41 123/64/41 121/62/41
f 125/65/42 126/66/42 124/67/42
f 128/68/43 129/67/43 127/66/43
f 131/66/44 132/69/44 130/68/44
f 134/66/45 135/70/45 133/69/45
f 137/71/46 138/69/46 136/70/46
f 140/68/47 141/62/47 139/67/47
f 143/64/48 144/67/48 142/62/48
f 146/68/49 147/69/49 145/62/49
f 149/58/50 150/62/50 148/69/50
f 152/72/51 153/73/51 151/74/51
f 155/59/52 156/58/52 154/75/52
f 158/76/53 159/75/53 157/58/53
f 161/69/54 162/76/54 160/58/54
f 164/77/55 165/78/55 163/75/55
f 167/59/56 168/75/56 166/78/56
f 170/75/57 171/74/57 169/73/57
f 173/76/58 174/74/58 172/75/58
f 176/69/59 177/71/59 175/76/59
f 179/74/60 180/76/60 178/71/60
f 182/79/61 183/80/61 181/81/61
f 185/80/62 186/82/62 184/81/62
f 188/82/63 189/83/63 187/81/63
f 191/80/64 192/82/64 190/84/64
f 194/85/65 195/84/65 193/82/65
f 197/83/66 198/81/66 196/82/66
f 200/80/67 201/82/67 199/81/67
f 203/83/68 204/81/68 202/82/68
f 206/80/69 207/82/69 205/81/69
f 209/83/70 210/81/70 208/82/70
f 212/80/71 213/82/71 211/81/71
f 215/83/72 216/81/72 214/82/72
f 218/80/73 219/82/73 217/81/73
f 221/83/74 222/86/74 220/82/74
f 224/86/75 225/81/75 223/82/75
f 227/81/76 228/80/76 226/82/76
f 230/83/77 231/81/77 229/82/77
f 233/80/78 234/82/78 232/81/78
f 236/83/79 237/81/79 235/82/79
f 239/80/80 240/82/80 238/81/80
f 242/83/81 243/81/81 241/82/81
f 245/80/82 246/82/82 244/81/82
f 248/83/83 249/81/83 247/82/83
f 251/80/84 252/82/84 250/81/84
f 254/83/85 255/81/85 253/82/85
f 257/80/86 258/82/86 256/81/86
f 260/84/87 261/80/87 259/82/87
f 263/57/88 264/45/88 262/87/88
f 266/42/89 267/87/89 265/45/89
f 269/88/90 270/89/90 268/90/90
f 272/91/91 273/90/91 271/89/91
f 275/92/92 276/93/92 274/94/92
f 278/95/93 279/96/93 277/97/93
f 281/98/94 282/99/94 280/100/94
f 284/101/95 285/99/95 283/102/95
f 287/103/96 288/104/96 286/105/96
f 290/95/97 291/100/97 289/96/97
f 293/99/98 294/96/98 292/100/98
f 296/106/99 297/107/99 295/99/99
f 299/108/100 300/109/100 298/110/100
f 302/111/101 303/110/101 301/109/101
f 305/90/102 306/112/102 304/88/102
f 308/113/103 309/88/103 307/112/103
f 311/88/104 312/113/104 310/114/104
f 314/115/105 315/114/105 313/113/105
f 317/103/106 318/116/106 316/104/106
f 320/117/107 321/104/107 319/116/107
f 323/118/108 324/119/108 322/120/108
f 326/121/109 327/122/109 325/119/109
f 329/120/110 330/119/110 328/122/110
f 332/123/111 333/122/111 331/121/111
f 335/124/112 336/123/112 334/121/112
f 338/125/113 339/126/113 337/127/113
f 341/128/114 342/127/114 340/126/114
f 344/129/115 345/126/115 343/125/115
f 347/71/116 348/70/116 346/129/116
f 350/126/117 351/129/117 349/70/117
f 353/124/118 354/121/118 352/127/118
f 356/125/119 357/127/119 355/121/119
f 359/119/120 360/129/120 358/121/120
f 362/125/121 363/121/121 361/129/121
f 365/130/122 366/72/122 364/74/122
f 368/131/123 369/119/123 367/132/123
f 371/118/124 372/132/124 370/119/124
f 374/131/125 375/129/125 373/119/125
f 377/118/126 378/133/126 376/132/126
f 380/134/127 381/132/127 379/133/127
f 383/74/128 384/132/128 382/130/128
f 386/74/129 387/131/129 385/132/129
f 389/74/130 390/71/130 388/131/130
f 392/129/131 393/131/131 391/71/131
f 395/81/132 396/80/132 394/135/132
f 398/82/133 399/135/133 397/80/133
f 401/82/134 402/83/134 400/80/134
f 404/81/135 405/80/135 403/83/135
f 407/82/136 408/83/136 406/80/136
f 410/81/137 411/80/137 409/83/137
f 413/82/138 414/83/138 412/80/138
f 416/81/139 417/80/139 415/83/139
f 419/82/140 420/83/140 418/80/140
f 422/81/141 423/80/141 421/83/141
f 425/82/142 426/83/142 424/80/142
f 428/83/143 429/136/143 427/80/143
f 431/136/144 432/81/144 430/80/144
f 434/82/145 435/83/145 433/80/145
f 437/81/146 438/80/146 436/83/146
f 440/82/147 441/83/147 439/80/147
f 443/81/148 444/80/148 442/83/148
f 446/82/149 447/83/149 445/80/149
f 449/81/150 450/80/150 448/83/150
f 452/82/151 453/83/151 451/80/151
f 455/81/152 456/80/152 454/83/152
f 458/82/153 459/83/153 457/80/153
f 461/81/154 462/80/154 460/83/154
f 464/84/155 465/81/155 463/80/155
f 467/106/156 468/99/156 466/101/156
f 470/137/157 471/138/157 469/139/157
f 473/140/157 474/139/157 472/138/157
f 476/141/158 477/142/158 475/137/158
f 479/138/158 480/137/158 478/142/158
f 482/137/159 483/138/159 481/141/159
f 485/142/160 486/141/160 484/138/160
f 488/139/161 489/140/161 487/137/161
f 491/138/161 492/137/161 490/140/161
f 494/143/162 495/144/162 493/139/162
f 497/140/162 498/139/162 496/144/162
f 500/145/163 501/146/163 499/143/163
f 503/144/163 504/143/163 502/146/163
f 506/143/164 507/144/164 505/145/164
f 509/146/164 510/145/164 508/144/164
f 512/139/165 513/140/165 511/143/165
f 515/144/165 516/143/165 514/140/165
f 518/104/166 519/147/166 517/148/166
f 521/149/167 522/106/167 520/101/167
f 524/109/168 525/150/168 523/111/168
f 527/151/169 528/111/169 526/150/169
f 530/117/170 531/152/170 529/104/170
f 533/147/171 534/104/171 532/152/171
f 536/150/172 537/113/172 535/151/172
f 539/112/173 540/151/173 538/113/173
f 542/152/174 543/149/174 541/147/174
f 545/101/175 546/147/175 544/149/175
f 548/101/176 549/102/176 547/147/176
f 551/148/177 552/147/177 550/102/177
f 554/105/178 555/104/178 553/148/178
f 557/153/179 558/108/179 556/154/179
f 560/110/180 561/154/180 559/108/180
f 563/155/181 564/116/181 562/156/181
f 566/103/182 567/156/182 565/116/182
f 569/53/183 570/153/183 568/52/183
f 572/154/184 573/52/184 571/153/184
f 575/56/185 576/155/185 574/48/185
f 578/156/186 579/48/186 577/155/186
f 581/103/187 582/105/187 580/156/187
f 584/87/188 585/42/188 583/49/188
f 587/157/189 588/34/189 586/38/189
f 590/36/190 591/38/190 589/34/190
f 593/48/191 594/156/191 592/47/191
f 596/105/192 597/47/192 595/156/192
f 599/157/193 600/35/193 598/34/193
f 602/158/194 603/94/194 601/91/194
f 605/93/195 606/91/195 604/94/195
f 608/96/196 609/99/196 607/107/196
f 611/158/197 612/91/197 610/89/197
f 614/159/198 615/80/198 613/160/198
f 617/82/199 618/160/199 616/80/199
f 620/81/200 621/80/200 619/84/200
f 623/83/201 624/160/201 622/82/201
f 626/83/202 627/84/202 625/82/202
f 629/81/203 630/80/203 628/84/203
f 632/82/204 633/84/204 631/80/204
f 635/83/205 636/84/205 634/82/205
f 638/102/206 639/99/206 637/98/206
f 641/46/207 642/43/207 640/42/207
o F-15C_Eagle_Canopy01
v -0.518330 1.036481 7.795586
v -0.497702 0.888624 7.799371
v -0.156077 1.190364 4.758597
v -0.232194 1.137770 4.644017
v -0.110752 1.453287 7.991343
v 0.000001 1.236261 4.897170
v -0.196149 1.207727 4.946568
v -0.232194 1.160323 4.782321
v -0.285320 1.168769 5.081553
v -0.339975 1.087355 4.850484
v -0.473669 1.001438 6.325376
v -0.488198 0.916956 6.229469
v -0.498934 0.930955 7.254869
v -0.489514 0.971046 6.726167
v -0.322261 1.389438 6.326862
v -0.388680 1.289907 6.246479
v -0.470548 1.007424 6.246433
v -0.478188 1.098606 6.326862
v -0.413780 0.973947 5.446342
v -0.515250 0.793102 7.760996
v -0.497837 0.893271 7.739596
v -0.224143 1.119701 4.646963
v -0.148026 1.153619 4.646963
v -0.222761 1.142911 4.785119
v -0.106639 1.430713 7.983805
v -0.468934 1.141329 7.892491
v -0.476899 0.882839 6.712518
v -0.486094 0.837306 7.229362
v -0.478119 0.889939 7.739292
v -0.300987 1.356619 6.246479
v -0.427653 1.174118 6.246479
v -0.450962 1.003480 6.247342
v -0.496392 1.031143 7.793744
v -0.156077 1.171688 4.644017
v -0.313064 1.362571 7.901818
v -0.326636 1.380954 7.906795
v -0.108318 1.455932 7.929574
v -0.112623 1.479190 7.936183
v 0.000001 1.487294 7.943279
v -0.473746 1.160902 7.837321
v -0.495033 1.170681 7.840044
v -0.411857 1.271401 7.872090
v -0.186928 1.190138 4.948933
v -0.344529 1.129810 5.216538
v -0.434245 1.036604 5.861631
v -0.326794 1.072430 4.852363
v -0.481592 0.986242 6.525771
v -0.461682 0.984454 6.526423
v -0.469595 0.969302 6.726584
v -0.506028 0.838911 7.229142
v -0.496806 0.884719 6.712118
v -0.211370 1.445958 6.326862
v -0.378954 1.285547 6.326862
v -0.206209 1.432723 6.246479
v -0.457393 1.090398 6.326862
v -0.436108 1.180323 6.326862
v -0.371091 1.274659 6.246479
v -0.468606 0.913053 6.230419
v -0.394715 0.968141 5.448028
v -0.414750 1.032429 5.863217
v -0.479009 0.929241 7.255056
v -0.149731 1.171629 4.761549
v 0.000001 0.997928 6.325715
v -0.453983 0.997928 6.325715
v -0.270924 1.155730 5.083402
v 0.000001 1.155729 5.083402
v -0.326469 1.121321 5.217870
v 0.232195 1.137769 4.644017
v 0.322330 1.357944 7.961874
v 0.425958 1.265263 7.931905
v 0.218187 1.416642 7.983035
v 0.518333 1.036481 7.795586
v 0.513097 1.017897 7.851329
v 0.000001 1.215877 4.751601
v 0.339976 1.087354 4.850484
v 0.196150 1.207727 4.946568
v 0.488200 0.916956 6.229469
v 0.506030 0.838911 7.229142
v 0.000001 1.518517 6.246479
v 0.000001 1.533635 6.326862
v 0.115137 1.515730 6.326862
v 0.216573 1.455113 6.246479
v 0.322263 1.389437 6.326862
v 0.470550 1.007424 6.246433
v 0.515252 0.793102 7.760996
v 0.477976 0.885605 7.798279
v 0.478122 0.889939 7.739292
v 0.224144 1.119700 4.646963
v 0.309332 1.340052 7.955786
v 0.108321 1.455932 7.929574
v 0.411859 1.271400 7.872090
v 0.461684 0.984454 6.526423
v 0.453984 0.997927 6.325715
v 0.476901 0.882839 6.712518
v 0.486096 0.837306 7.229362
v 0.495610 0.789553 7.760002
v 0.110006 1.490333 6.326862
v 0.107166 1.475640 6.246479
v 0.206212 1.432722 6.246479
v 0.211372 1.445957 6.326862
v 0.308042 1.369126 6.326862
v 0.457395 1.090397 6.326862
v 0.449530 1.088934 6.246480
v 0.148027 1.153619 4.646963
v 0.156079 1.171688 4.644017
v 0.156079 1.190363 4.758597
v 0.213097 1.419602 7.922736
v 0.326639 1.380954 7.906795
v 0.112626 1.479189 7.936183
v 0.000001 1.463160 7.936411
v 0.473749 1.160901 7.837321
v 0.149732 1.171628 4.761549
v 0.344531 1.129809 5.216538
v 0.285322 1.168768 5.081553
v 0.232195 1.160322 4.782321
v 0.434247 1.036603 5.861631
v 0.394717 0.968141 5.448028
v 0.413781 0.973946 5.446342
v 0.481594 0.986241 6.525771
v 0.473671 1.001437 6.325376
v 0.498937 0.930954 7.254869
v 0.489516 0.971045 6.726167
v 0.469597 0.969302 6.726584
v 0.496808 0.884719 6.712118
v 0.000001 1.492824 6.246479
v 0.315548 1.376080 6.246479
v 0.300990 1.356618 6.246479
v 0.427655 1.174117 6.246479
v 0.371093 1.274658 6.246479
v 0.388682 1.289906 6.246479
v 0.450964 1.003479 6.247342
v 0.470138 1.096486 6.246479
v 0.468607 0.913052 6.230419
v 0.414752 1.032428 5.863217
v 0.497840 0.893271 7.739596
v 0.479011 0.929241 7.255056
v 0.000001 1.032428 5.863218
v 0.000001 0.913052 6.230419
v 0.000001 0.968141 5.448029
v 0.000001 1.196070 4.754374
v 0.222762 1.142910 4.785119
v 0.326796 1.072430 4.852363
v 0.000001 1.072430 4.852363
v 0.000001 1.121321 5.217870
v 0.000001 1.216440 4.899843
v 0.000001 1.190138 4.948934
v 0.186930 1.190137 4.948933
v 0.270926 1.155729 5.083402
v 0.326470 1.121321 5.217870
v -0.216570 1.455113 6.246479
v -0.115134 1.515731 6.326862
v -0.112486 1.500680 6.246479
v -0.315545 1.376080 6.246479
v -0.396265 1.301870 6.326862
v -0.447730 1.185775 6.246479
v -0.470136 1.096487 6.246479
v -0.308039 1.369126 6.326862
v -0.110004 1.490333 6.326862
v 0.000001 1.507804 6.326862
v -0.107164 1.475641 6.246479
v -0.221335 1.468887 6.326862
v -0.456177 1.192864 6.326862
v -0.449528 1.088934 6.246480
v 0.478190 1.098605 6.326862
v 0.436111 1.180322 6.326862
v 0.112488 1.500679 6.246479
v 0.221337 1.468886 6.326862
v 0.456179 1.192863 6.326862
v 0.396268 1.301870 6.326862
v 0.378956 1.285547 6.326862
v 0.447732 1.185775 6.246479
v -0.218184 1.416642 7.983035
v -0.221634 1.441762 7.929089
v -0.322327 1.357944 7.961874
v -0.213094 1.419603 7.922737
v 0.000001 1.460861 7.999653
v 0.110755 1.453286 7.991344
v 0.106642 1.430713 7.983805
v 0.313067 1.362571 7.901817
v 0.221637 1.441762 7.929089
v -0.489696 1.150937 7.896021
v -0.430523 1.285947 7.875692
v 0.430526 1.285947 7.875692
v 0.496394 1.031142 7.793744
v 0.468905 1.140929 7.893143
v 0.495036 1.170681 7.840044
v 0.000001 1.437413 7.991910
v -0.491424 1.012597 7.849110
v -0.495608 0.789553 7.760002
v -0.477973 0.885606 7.798279
v 0.408022 1.251029 7.927063
v 0.210009 1.395160 7.975699
v 0.491426 1.012597 7.849110
v 0.497705 0.888625 7.799372
v -0.210006 1.395160 7.975699
v -0.425955 1.265265 7.931906
v -0.408020 1.251029 7.927063
v -0.309329 1.340053 7.955786
v -0.513095 1.017898 7.851329
v 0.468968 1.141728 7.891839
v 0.489699 1.150938 7.896022
vn -0.9024 0.4308 -0.0068
vn -0.9465 -0.1597 0.2805
vn -0.9568 0.0754 -0.2807
vn -0.9126 -0.0772 0.4015
vn -0.1484 0.8740 -0.4627
vn -0.6183 0.7602 -0.1995
vn -0.2149 0.9607 -0.1758
vn -0.5821 0.7823 -0.2220
vn -0.4943 0.4812 0.7240
vn -0.5909 0.7935 -0.1456
vn -0.7163 0.4819 0.5047
vn -0.8130 0.5822 -0.0025
vn -0.1482 0.6159 0.7738
vn -0.2311 0.9688 -0.0900
vn -0.3614 0.6953 0.6212
vn -0.4576 0.8795 0.1309
vn -0.7956 0.1426 0.5887
vn -0.8873 0.3525 -0.2974
vn -0.3812 0.9239 -0.0341
vn -0.0000 0.9978 -0.0660
vn -0.0000 0.9208 -0.3900
vn -0.8711 0.4711 -0.1388
vn -0.5367 0.8419 -0.0555
vn -0.9135 0.4030 -0.0558
vn -0.8840 0.4639 -0.0567
vn -0.9910 0.0920 -0.0971
vn -0.9696 0.2447 -0.0015
vn -0.9123 0.4094 -0.0060
vn -0.9922 -0.1199 -0.0342
vn -0.9817 0.1868 0.0361
vn -0.9973 -0.0176 -0.0709
vn -0.9508 0.3095 0.0134
vn -0.9912 -0.1295 -0.0293
vn -0.9997 0.0218 0.0127
vn -0.2779 0.8135 -0.5108
vn -0.2340 0.9460 0.2242
vn -0.0000 0.9444 -0.3288
vn -0.0000 0.9912 0.1321
vn -0.6227 0.6063 -0.4945
vn -0.6535 0.7275 0.2087
vn -0.5214 0.7768 -0.3532
vn -0.4832 0.8750 0.0303
vn -0.8401 0.3022 -0.4506
vn -0.8868 0.4067 0.2194
vn -0.7967 0.5113 -0.3223
vn -0.8063 0.5905 0.0333
vn -0.8916 0.1136 -0.4384
vn -0.9143 0.3985 -0.0727
vn -0.9931 0.1080 0.0455
vn 0.9946 0.0525 -0.0900
vn 0.9094 0.1556 -0.3856
vn 0.9548 -0.0772 0.2870
vn 0.9562 -0.1650 0.2416
vn 0.7511 -0.6589 -0.0409
vn 0.2176 -0.7790 -0.5880
vn 0.2838 -0.9589 -0.0001
vn -0.0213 -0.7933 -0.6085
vn 0.3628 -0.9253 0.1104
vn 0.5740 -0.8125 -0.1018
vn 0.3734 -0.5310 -0.7607
vn 0.6095 -0.5834 -0.5369
vn -0.0000 -0.9577 0.2876
vn 0.1652 -0.9723 -0.1657
vn -0.0000 -0.6902 -0.7236
vn 0.2300 -0.7406 -0.6314
vn 0.6978 -0.6860 0.2061
vn 0.9152 -0.3994 0.0546
vn 0.6996 -0.2918 -0.6522
vn 0.9102 -0.1363 -0.3910
vn 0.0749 -0.9969 0.0233
vn 0.5733 -0.4395 0.6915
vn 0.9389 -0.3442 -0.0025
vn 0.9706 0.2342 0.0550
vn 0.9904 0.1347 0.0308
vn 0.9960 0.0876 0.0177
vn 0.9571 -0.2896 -0.0083
vn 0.9414 -0.3370 0.0154
vn 0.2235 -0.9009 0.3720
vn 0.4125 -0.7467 0.5219
vn 0.3215 -0.9465 -0.0272
vn 0.5444 -0.8075 -0.2271
vn 0.8197 -0.5237 -0.2318
vn 0.7153 -0.6981 -0.0333
vn 0.6981 -0.5167 0.4956
vn 0.6276 -0.6962 0.3486
vn 0.8656 -0.3952 0.3075
vn 0.9303 -0.1114 0.3494
vn 0.9399 -0.3324 -0.0784
vn 0.9447 -0.1299 -0.3011
vn 0.0377 0.9969 0.0685
vn 0.0001 0.9729 0.2313
vn -0.0000 0.6516 0.7586
vn 0.0398 0.9414 0.3349
vn -0.0000 -0.5748 -0.8183
vn 0.0192 0.9884 0.1508
vn 0.0445 0.9613 0.2720
vn -0.0223 -0.9745 -0.2231
vn 0.0123 0.9934 0.1145
vn -0.0173 -0.9948 -0.1002
vn -0.0000 -0.9907 -0.1358
vn -0.0000 -0.9406 -0.3396
vn 0.0001 0.9625 0.2713
vn -0.0000 0.9940 0.1098
vn -0.0000 -0.9992 0.0403
vn -0.0000 -0.9915 -0.1302
vn -0.0000 0.9688 0.2479
vn -0.0000 0.9494 0.3140
vn -0.0000 0.9858 0.1679
vn 0.8674 -0.1084 0.4856
vn 0.9465 -0.1597 0.2805
vn 0.9187 0.1089 -0.3797
vn 0.9024 0.4308 -0.0068
vn 0.5820 0.7823 -0.2220
vn 0.6184 0.7601 -0.1995
vn 0.2149 0.9607 -0.1758
vn 0.1484 0.8740 -0.4627
vn 0.8130 0.5822 -0.0025
vn 0.5908 0.7935 -0.1456
vn 0.7163 0.4819 0.5047
vn 0.4943 0.4812 0.7240
vn 0.4576 0.8795 0.1309
vn 0.2311 0.9688 -0.0900
vn 0.3614 0.6954 0.6212
vn 0.1482 0.6159 0.7737
vn 0.9245 0.3283 -0.1935
vn 0.8382 0.1858 0.5127
vn 0.3811 0.9239 -0.0342
vn 0.5367 0.8419 -0.0555
vn 0.8711 0.4711 -0.1388
vn 0.8841 0.4639 -0.0567
vn 0.9910 0.0920 -0.0971
vn 0.9135 0.4030 -0.0558
vn 0.9973 -0.0176 -0.0709
vn 0.9817 0.1868 0.0361
vn 0.9922 -0.1199 -0.0343
vn 0.9123 0.4094 -0.0060
vn 0.9696 0.2447 -0.0015
vn 0.9912 -0.1295 -0.0293
vn 0.9508 0.3096 0.0134
vn 0.9997 0.0218 0.0127
vn 0.2779 0.8135 -0.5108
vn 0.2341 0.9460 0.2242
vn 0.4832 0.8750 0.0303
vn 0.6535 0.7275 0.2087
vn 0.5214 0.7768 -0.3532
vn 0.6227 0.6064 -0.4945
vn 0.8401 0.3022 -0.4506
vn 0.7967 0.5113 -0.3223
vn 0.8869 0.4067 0.2193
vn 0.8064 0.5905 0.0333
vn 0.9143 0.3985 -0.0727
vn 0.9931 0.1080 0.0455
vn 0.8914 0.1149 -0.4384
vn -0.9838 -0.1279 0.1258
vn -0.9505 0.1240 -0.2847
vn -0.9548 -0.0771 0.2870
vn -0.9946 0.0525 -0.0900
vn 0.0213 -0.7933 -0.6085
vn -0.2176 -0.7790 -0.5880
vn -0.2838 -0.9589 -0.0000
vn -0.7511 -0.6589 -0.0409
vn -0.6095 -0.5833 -0.5369
vn -0.5740 -0.8125 -0.1017
vn -0.3734 -0.5310 -0.7607
vn -0.3628 -0.9253 0.1104
vn -0.2300 -0.7406 -0.6314
vn -0.1652 -0.9723 -0.1657
vn -0.8682 -0.0925 -0.4876
vn -0.9266 -0.3230 -0.1928
vn -0.7006 -0.2922 -0.6510
vn -0.6987 -0.6857 0.2040
vn -0.9904 0.1347 0.0308
vn -0.9706 0.2342 0.0550
vn -0.9389 -0.3442 -0.0026
vn -0.5733 -0.4394 0.6915
vn -0.0749 -0.9969 0.0233
vn -0.9571 -0.2896 -0.0083
vn -0.9960 0.0876 0.0177
vn -0.9414 -0.3369 0.0154
vn -0.2235 -0.9009 0.3720
vn -0.3215 -0.9465 -0.0272
vn -0.4125 -0.7467 0.5219
vn -0.5444 -0.8075 -0.2271
vn -0.6287 -0.6952 0.3485
vn -0.7153 -0.6981 -0.0332
vn -0.7010 -0.5131 0.4954
vn -0.8197 -0.5237 -0.2318
vn -0.8656 -0.3952 0.3075
vn -0.9375 -0.3392 -0.0781
vn -0.9303 -0.1114 0.3494
vn -0.9447 -0.1300 -0.3011
vn -0.0377 0.9969 0.0685
vn -0.0397 0.9414 0.3349
vn -0.0445 0.9613 0.2720
vn -0.0192 0.9884 0.1508
vn 0.0222 -0.9745 -0.2231
vn -0.0123 0.9934 0.1145
vn 0.0173 -0.9948 -0.1002
vn -0.0000 -0.7624 0.6471
vn -0.0000 0.6980 0.7161
vn -0.0366 -0.3238 0.9454
vt 0.912197 -0.235047
vt 0.912436 -0.231982
vt 0.907857 -0.235047
vt 0.907857 -0.231982
vt 0.890408 -0.393765
vt 0.894310 -0.393765
vt 0.890408 -0.387890
vt 0.894310 -0.386674
vt 0.895710 -0.231982
vt 0.895710 -0.235047
vt 0.899635 -0.231982
vt 0.899635 -0.235047
vt 0.887165 -0.231982
vt 0.887165 -0.235047
vt 0.891546 -0.231982
vt 0.891546 -0.235047
vt 0.903516 -0.231982
vt 0.903516 -0.235047
vt 0.892461 -0.378252
vt 0.882405 -0.380785
vt 0.882405 -0.388249
vt 0.901041 -0.383179
vt 0.897034 -0.371331
vt 0.904848 -0.331335
vt 0.900069 -0.364410
vt 0.908061 -0.352627
vt 0.908210 -0.287008
vt 0.907431 -0.297282
vt 0.912636 -0.287728
vt 0.906651 -0.307557
vt 0.910983 -0.312475
vt 0.910265 -0.259900
vt 0.914984 -0.261219
vt 0.917333 -0.233950
vt 0.885940 -0.311605
vt 0.885940 -0.307557
vt 0.882405 -0.311605
vt 0.882405 -0.307557
vt 0.892391 -0.311605
vt 0.892408 -0.307557
vt 0.889475 -0.311605
vt 0.889475 -0.307557
vt 0.899490 -0.311605
vt 0.899490 -0.307557
vt 0.896090 -0.311605
vt 0.896090 -0.307557
vt 0.902797 -0.311605
vt 0.906345 -0.311605
vt 0.902797 -0.307557
vt 0.316213 -0.868166
vt 0.322409 -0.868166
vt 0.316213 -0.865069
vt 0.322409 -0.865069
vt 0.948740 -0.447777
vt 0.948687 -0.453811
vt 0.944952 -0.447777
vt 0.944942 -0.455020
vt 0.343829 -0.865620
vt 0.338829 -0.865325
vt 0.343758 -0.868631
vt 0.338816 -0.868415
vt 0.351687 -0.865349
vt 0.347675 -0.865417
vt 0.351601 -0.868576
vt 0.347667 -0.868704
vt 0.333171 -0.864493
vt 0.328405 -0.864846
vt 0.333057 -0.868528
vt 0.328398 -0.867946
vt 0.311038 -0.948615
vt 0.316213 -0.943951
vt 0.311038 -0.926364
vt 0.316213 -0.936266
vt 0.316213 -0.926364
vt 0.316213 -0.899566
vt 0.311038 -0.899566
vt 0.311038 -0.865075
vt 0.346709 -0.943951
vt 0.342386 -0.943951
vt 0.346709 -0.948615
vt 0.342386 -0.948615
vt 0.332172 -0.948615
vt 0.337279 -0.948615
vt 0.332172 -0.943951
vt 0.337279 -0.943951
vt 0.327466 -0.943951
vt 0.322761 -0.943951
vt 0.327466 -0.948615
vt 0.322761 -0.948615
vt 0.987460 -0.938080
vt 0.987460 -0.969876
vt 0.992185 -0.937812
vt 0.992185 -0.970275
vt 0.992185 -0.937445
vt 0.987460 -0.937649
vt 0.992185 -0.969197
vt 0.992185 -0.954933
vt 0.987460 -0.954717
vt 0.992185 -0.955092
vt 0.987460 -0.955224
vt 0.987460 -0.970061
vt 0.992185 -0.938091
vt 0.992185 -0.970061
vt 0.992185 -0.954084
vt 0.987460 -0.954071
vt 0.956364 -0.458468
vt 0.971735 -0.547229
vt 0.948458 -0.547229
vt 0.971580 -0.551247
vt 0.948458 -0.570942
vt 0.969724 -0.570942
vt 0.932338 -0.529124
vt 0.956364 -0.529124
vt 0.933087 -0.534010
vt 0.956364 -0.534010
vt 0.956364 -0.489009
vt 0.936126 -0.489009
vt 0.939609 -0.458468
vt 0.956364 -0.453443
vt 0.962349 -0.610925
vt 0.948458 -0.610925
vt 0.958043 -0.617820
vt 0.948458 -0.617820
vt 0.965197 -0.604031
vt 0.948458 -0.604031
vt 0.948458 -0.620337
vt 0.856952 -0.231982
vt 0.852374 -0.231982
vt 0.856952 -0.235047
vt 0.852612 -0.235047
vt 0.870500 -0.386674
vt 0.870500 -0.393765
vt 0.874402 -0.387890
vt 0.874402 -0.393765
vt 0.865242 -0.235047
vt 0.869093 -0.235047
vt 0.865242 -0.231982
vt 0.869093 -0.231982
vt 0.873251 -0.235047
vt 0.877635 -0.235047
vt 0.873251 -0.231982
vt 0.877635 -0.231982
vt 0.861292 -0.235047
vt 0.861292 -0.231982
vt 0.872348 -0.378252
vt 0.867775 -0.371331
vt 0.863768 -0.383179
vt 0.864740 -0.364410
vt 0.856749 -0.352627
vt 0.859962 -0.331335
vt 0.853826 -0.312475
vt 0.858158 -0.307557
vt 0.852174 -0.287728
vt 0.857379 -0.297282
vt 0.856600 -0.287008
vt 0.849825 -0.261219
vt 0.854545 -0.259900
vt 0.847476 -0.233950
vt 0.878871 -0.311605
vt 0.878871 -0.307557
vt 0.875336 -0.307557
vt 0.872402 -0.307557
vt 0.875336 -0.311605
vt 0.872420 -0.311605
vt 0.865320 -0.311605
vt 0.868720 -0.311605
vt 0.865320 -0.307557
vt 0.868720 -0.307557
vt 0.858465 -0.311605
vt 0.862014 -0.307557
vt 0.862014 -0.311605
vt 0.343826 -0.868721
vt 0.343764 -0.865542
vt 0.347675 -0.868504
vt 0.347667 -0.865599
vt 0.351688 -0.868439
vt 0.351607 -0.865477
vt 0.333166 -0.867603
vt 0.333052 -0.865444
vt 0.992185 -0.953465
vt 0.987460 -0.953472
vt 0.927193 -0.570942
vt 0.925336 -0.551247
vt 0.925181 -0.547229
vt 0.938874 -0.617820
vt 0.934567 -0.610925
vt 0.931719 -0.604031
vt 0.351031 -0.943951
vt 0.351031 -0.948615
vt 0.882406 -0.231982
vt 0.882406 -0.235047
vt 0.987460 -0.953880
vt 0.987460 -0.938200
vt 0.992185 -0.953857
vt 0.992185 -0.938199
vt 0.987460 -0.970279
s 1
usemtl default.066
f 663/161/208 644/162/209 643/163/210
f 841/164/211 643/163/210 644/162/209
f 676/165/212 646/166/213 645/167/214
f 650/168/215 645/167/214 646/166/213
f 816/169/216 678/170/217 838/171/218
f 824/172/219 838/171/218 678/170/217
f 647/173/220 680/174/221 814/175/222
f 815/176/223 814/175/222 680/174/221
f 823/177/224 683/178/225 841/164/211
f 643/163/210 841/164/211 683/178/225
f 649/179/226 648/180/227 645/167/214
f 716/181/228 645/167/214 648/180/227
f 650/168/215 652/182/229 649/179/226
f 651/183/230 649/179/226 652/182/229
f 687/184/231 686/185/232 661/186/233
f 652/182/229 661/186/233 686/185/232
f 656/187/234 689/188/235 693/189/236
f 689/188/235 653/190/237 693/189/236
f 653/190/237 654/191/238 693/189/236
f 655/192/239 656/187/234 692/193/240
f 693/189/236 692/193/240 656/187/234
f 644/162/209 663/161/208 662/194/241
f 794/195/242 793/196/243 721/197/244
f 722/198/245 721/197/244 793/196/243
f 795/199/246 657/200/247 792/201/248
f 803/202/249 792/201/248 657/200/247
f 797/203/250 804/204/251 658/205/252
f 796/206/253 658/205/252 804/204/251
f 798/207/254 659/208/255 660/209/256
f 653/190/237 660/209/256 659/208/255
f 650/168/215 649/179/226 645/167/214
f 661/186/233 654/191/238 687/184/231
f 659/208/255 687/184/231 654/191/238
f 663/161/208 655/192/239 662/194/241
f 692/193/240 662/194/241 655/192/239
f 659/208/255 654/191/238 653/190/237
f 671/210/257 675/211/258 832/212/259
f 830/213/260 832/212/259 675/211/258
f 665/214/261 704/215/262 664/216/263
f 666/217/264 664/216/263 704/215/262
f 837/218/265 840/219/266 817/220/267
f 677/221/268 817/220/267 840/219/266
f 829/222/269 667/223/270 752/224/271
f 679/225/272 752/224/271 667/223/270
f 839/226/273 668/227/274 684/228/275
f 682/229/276 684/228/275 668/227/274
f 700/230/277 706/231/278 669/232/279
f 706/231/278 690/233/280 669/232/279
f 690/233/280 691/234/281 669/232/279
f 703/235/282 670/236/283 691/234/281
f 669/232/279 691/234/281 670/236/283
f 831/237/284 671/210/257 832/212/259
f 800/238/285 694/239/286 802/240/287
f 696/241/288 802/240/287 694/239/286
f 699/242/289 672/243/290 695/244/291
f 799/245/292 695/244/291 672/243/290
f 698/246/293 697/247/294 673/248/295
f 805/249/296 673/248/295 697/247/294
f 805/249/296 697/247/294 674/230/297
f 706/231/278 674/230/297 697/247/294
f 671/210/257 831/237/284 703/235/282
f 670/236/283 703/235/282 831/237/284
f 663/250/208 643/251/210 671/252/257
f 675/253/258 671/252/257 643/251/210
f 646/254/213 676/255/212 664/256/263
f 665/251/261 664/256/263 676/255/212
f 676/254/212 645/255/214 665/256/261
f 704/251/262 665/256/261 645/255/214
f 650/254/215 646/255/213 666/256/264
f 664/251/263 666/256/264 646/255/213
f 677/257/268 678/258/217 817/253/267
f 815/251/223 817/253/267 678/258/217
f 679/257/272 680/258/221 752/253/271
f 681/251/298 752/253/271 680/258/221
f 682/259/276 683/260/225 684/253/275
f 824/251/219 684/253/275 683/260/225
f 648/250/227 649/261/226 787/262/299
f 685/263/300 787/262/299 649/261/226
f 645/254/214 716/255/228 704/256/262
f 782/251/301 704/256/262 716/255/228
f 686/261/232 709/263/302 651/250/230
f 707/262/303 651/250/230 709/263/302
f 652/254/229 650/255/215 688/256/304
f 666/251/264 688/256/304 650/255/215
f 686/250/232 687/261/231 709/262/302
f 702/263/305 709/262/302 687/261/231
f 661/254/233 652/255/229 701/256/306
f 688/251/304 701/256/306 652/255/229
f 689/250/235 656/261/234 690/262/280
f 691/263/281 690/262/280 656/261/234
f 653/250/237 689/261/235 706/262/278
f 690/263/280 706/262/278 689/261/235
f 693/254/236 654/255/238 669/256/279
f 700/251/277 669/256/279 654/255/238
f 656/250/234 655/261/239 691/262/281
f 703/263/282 691/262/281 655/261/239
f 692/254/240 693/255/236 670/256/283
f 669/251/279 670/256/283 693/255/236
f 800/264/285 793/265/243 694/263/286
f 803/261/249 694/263/286 793/265/243
f 802/264/287 794/265/242 767/263/307
f 721/261/244 767/263/307 794/265/242
f 799/264/292 657/265/247 695/263/291
f 796/261/253 695/263/291 657/265/247
f 672/264/290 795/265/246 696/263/288
f 792/261/248 696/263/288 795/265/246
f 698/264/293 804/265/251 697/263/294
f 660/261/256 697/263/294 804/265/251
f 673/264/295 797/265/250 699/263/289
f 658/261/252 699/263/289 797/265/250
f 659/250/255 798/261/254 674/262/297
f 805/263/296 674/262/297 798/261/254
f 660/250/256 653/261/237 697/262/294
f 706/263/278 697/262/294 653/261/237
f 654/254/238 661/255/233 700/256/277
f 701/251/306 700/256/277 661/255/233
f 687/250/231 659/261/255 702/262/305
f 674/263/297 702/262/305 659/261/255
f 655/250/239 663/261/208 703/262/282
f 671/263/257 703/262/282 663/261/208
f 662/254/241 692/255/240 831/256/284
f 670/251/283 831/256/284 692/255/240
f 704/215/262 785/266/308 666/217/264
f 706/267/278 705/268/309 674/269/297
f 705/268/309 779/270/310 674/269/297
f 779/270/310 702/271/305 674/269/297
f 700/272/277 780/273/311 706/274/278
f 705/275/309 706/274/278 780/273/311
f 781/276/312 780/273/311 701/277/306
f 700/272/277 701/277/306 780/273/311
f 785/266/308 781/276/312 688/278/304
f 701/277/306 688/278/304 781/276/312
f 704/215/262 782/279/301 785/266/308
f 785/266/308 688/278/304 666/217/264
f 707/280/303 708/281/313 685/282/300
f 788/283/314 685/282/300 708/281/313
f 702/271/305 779/270/310 709/284/302
f 786/285/315 709/284/302 779/270/310
f 788/283/314 787/286/299 685/282/300
f 651/261/230 707/263/303 649/250/226
f 685/262/300 649/250/226 707/263/303
f 652/182/229 686/185/232 651/183/230
f 708/281/313 707/280/303 786/285/315
f 709/284/302 786/285/315 707/280/303
f 715/287/316 836/288/317 714/289/318
f 777/290/319 714/289/318 836/288/317
f 757/291/320 710/292/321 748/293/322
f 747/294/323 748/293/322 710/292/321
f 825/295/324 750/296/325 712/297/326
f 711/298/327 712/297/326 750/296/325
f 822/299/328 751/300/329 713/301/330
f 819/302/331 713/301/330 751/300/329
f 714/289/318 828/303/332 715/287/316
f 843/304/333 715/287/316 828/303/332
f 716/181/228 648/180/227 748/293/322
f 718/305/334 748/293/322 648/180/227
f 756/306/335 717/307/336 718/305/334
f 757/291/320 718/305/334 717/307/336
f 717/307/336 755/308/337 760/309/338
f 758/310/339 760/309/338 755/308/337
f 719/311/340 762/312/341 766/313/342
f 762/312/341 761/314/343 766/313/342
f 761/314/343 764/315/344 766/313/342
f 766/313/342 764/315/344 720/316/345
f 763/317/346 720/316/345 764/315/344
f 777/290/319 836/288/317 727/318/347
f 808/319/348 721/197/244 723/320/349
f 722/198/245 723/320/349 721/197/244
f 809/321/350 725/322/351 724/323/352
f 768/324/353 724/323/352 725/322/351
f 813/325/354 772/326/355 810/327/356
f 811/328/357 810/327/356 772/326/355
f 762/312/341 726/329/358 806/330/359
f 774/331/360 806/330/359 726/329/358
f 718/305/334 757/291/320 748/293/322
f 726/329/358 719/311/340 758/310/339
f 760/309/338 758/310/339 719/311/340
f 720/316/345 763/317/346 727/318/347
f 777/290/319 727/318/347 763/317/346
f 719/311/340 726/329/358 762/312/341
f 835/213/361 826/211/362 728/212/363
f 729/210/364 728/212/363 826/211/362
f 783/217/365 754/215/366 730/216/367
f 746/214/368 730/216/367 754/215/366
f 821/221/369 731/219/370 749/332/371
f 834/333/372 749/332/371 731/219/370
f 732/334/373 820/335/374 752/336/271
f 829/337/269 752/336/271 820/335/374
f 753/229/375 827/227/376 733/338/377
f 833/339/378 733/338/377 827/227/376
f 765/234/379 734/233/380 736/232/381
f 734/233/380 735/231/382 736/232/381
f 735/231/382 775/230/383 736/232/381
f 736/232/381 737/236/384 765/234/379
f 778/235/385 765/234/379 737/236/384
f 729/210/364 738/237/386 728/212/363
f 739/238/387 740/240/388 742/239/389
f 741/241/390 742/239/389 740/240/388
f 743/245/391 769/243/392 812/244/393
f 771/242/394 812/244/393 769/243/392
f 807/246/395 770/248/396 744/247/397
f 745/249/398 744/247/397 770/248/396
f 735/231/382 744/247/397 773/230/399
f 745/249/398 773/230/399 744/247/397
f 737/236/384 738/237/386 778/235/385
f 729/210/364 778/235/385 738/237/386
f 826/254/362 714/255/318 729/256/364
f 777/251/319 729/256/364 714/255/318
f 746/254/368 747/255/323 730/256/367
f 710/251/321 730/256/367 747/255/323
f 754/254/366 748/255/322 746/256/368
f 747/251/323 746/256/368 748/255/322
f 730/254/367 710/255/321 783/256/365
f 757/251/320 783/256/365 710/255/321
f 821/340/369 749/254/371 750/341/325
f 822/255/328 750/341/325 749/254/371
f 732/340/373 752/254/271 751/341/329
f 681/255/298 751/341/329 752/254/271
f 753/340/375 733/254/377 828/341/332
f 825/255/324 828/341/332 733/254/377
f 789/254/400 718/255/334 787/256/299
f 648/251/227 787/256/299 718/255/334
f 782/254/301 716/255/228 754/256/366
f 748/251/322 754/256/366 716/255/228
f 790/256/401 791/254/402 756/251/335
f 755/255/337 756/251/335 791/254/402
f 783/254/365 757/255/320 784/256/403
f 717/251/336 784/256/403 757/255/320
f 776/254/404 758/255/339 791/256/402
f 755/251/337 791/256/402 758/255/339
f 784/254/403 717/255/336 759/256/405
f 760/251/338 759/256/405 717/255/336
f 765/254/379 764/255/344 734/256/380
f 761/251/343 734/256/380 764/255/344
f 734/254/380 761/255/343 735/256/382
f 762/251/341 735/256/382 761/255/343
f 775/254/383 719/255/340 736/256/381
f 766/251/342 736/256/381 719/255/340
f 778/254/385 763/255/346 765/256/379
f 764/251/344 765/256/379 763/255/346
f 736/254/381 766/255/342 737/256/384
f 720/251/345 737/256/384 766/255/342
f 739/264/387 742/254/389 723/265/349
f 809/255/350 723/265/349 742/254/389
f 740/264/388 767/254/307 808/265/348
f 721/255/244 808/265/348 767/254/307
f 743/264/391 812/254/393 725/265/351
f 811/255/357 725/265/351 812/254/393
f 769/264/392 741/254/390 768/265/353
f 724/255/352 768/265/353 741/254/390
f 807/264/395 744/254/397 810/265/356
f 806/255/359 810/265/356 744/254/397
f 770/264/396 771/254/394 813/265/354
f 772/255/355 813/265/354 771/254/394
f 745/254/398 774/255/360 773/256/399
f 726/251/358 773/256/399 774/255/360
f 735/254/382 762/255/341 744/256/397
f 806/251/359 744/256/397 762/255/341
f 759/254/405 760/255/338 775/256/383
f 719/251/340 775/256/383 760/255/338
f 773/254/399 726/255/358 776/256/404
f 758/251/339 776/256/404 726/255/358
f 729/254/364 777/255/319 778/256/385
f 763/251/346 778/256/385 777/255/319
f 737/254/384 720/255/345 738/256/386
f 727/251/347 738/256/386 720/255/345
f 785/266/308 754/215/366 783/217/365
f 776/342/404 779/270/310 773/343/399
f 779/270/310 705/268/309 773/343/399
f 705/268/309 735/344/382 773/343/399
f 705/275/309 780/273/311 735/274/382
f 775/272/383 735/274/382 780/273/311
f 775/272/383 780/273/311 759/277/405
f 781/276/312 759/277/405 780/273/311
f 759/277/405 781/276/312 784/278/403
f 785/266/308 784/278/403 781/276/312
f 782/279/301 754/215/366 785/266/308
f 784/278/403 785/266/308 783/217/365
f 788/283/314 708/281/313 789/345/400
f 790/346/401 789/345/400 708/281/313
f 786/285/315 779/270/310 791/347/402
f 776/342/404 791/347/402 779/270/310
f 787/286/299 788/283/314 789/345/400
f 789/256/400 790/254/401 718/251/334
f 756/255/335 718/251/334 790/254/401
f 755/308/337 717/307/336 756/306/335
f 791/347/402 790/346/401 786/285/315
f 708/281/313 786/285/315 790/346/401
f 792/201/248 803/202/249 794/195/242
f 793/196/243 794/195/242 803/202/249
f 658/205/252 796/206/253 795/199/246
f 657/200/247 795/199/246 796/206/253
f 798/207/254 660/209/256 797/203/250
f 804/204/251 797/203/250 660/209/256
f 801/348/406 800/238/285 767/349/307
f 802/240/287 767/349/307 800/238/285
f 694/239/286 799/245/292 696/241/288
f 672/243/290 696/241/288 799/245/292
f 695/244/291 698/246/293 699/242/289
f 673/248/295 699/242/289 698/246/293
f 722/250/245 793/265/243 801/262/406
f 800/264/285 801/262/406 793/265/243
f 792/250/248 794/265/242 696/262/288
f 802/264/287 696/262/288 794/265/242
f 803/250/249 657/265/247 694/262/286
f 799/264/292 694/262/286 657/265/247
f 658/250/252 795/265/246 699/262/289
f 672/264/290 699/262/289 795/265/246
f 796/250/253 804/265/251 695/262/291
f 698/264/293 695/262/291 804/265/251
f 798/250/254 797/265/250 805/262/296
f 673/264/295 805/262/296 797/265/250
f 724/323/352 808/319/348 809/321/350
f 723/320/349 809/321/350 808/319/348
f 772/326/355 768/324/353 811/328/357
f 725/322/351 811/328/357 768/324/353
f 774/331/360 813/325/354 806/330/359
f 810/327/356 806/330/359 813/325/354
f 801/348/406 767/349/307 739/238/387
f 740/240/388 739/238/387 767/349/307
f 742/239/389 741/241/390 743/245/391
f 769/243/392 743/245/391 741/241/390
f 812/244/393 771/242/394 807/246/395
f 770/248/396 807/246/395 771/242/394
f 722/251/245 801/256/406 723/265/349
f 739/264/387 723/265/349 801/256/406
f 724/251/352 741/256/390 808/265/348
f 740/264/388 808/265/348 741/256/390
f 809/251/350 742/256/389 725/265/351
f 743/264/391 725/265/351 742/256/389
f 772/251/355 771/256/394 768/265/353
f 769/264/392 768/265/353 771/256/394
f 811/251/357 812/256/393 810/265/356
f 807/264/395 810/265/356 812/256/393
f 774/251/360 745/256/398 813/265/354
f 770/264/396 813/265/354 745/256/398
f 814/175/222 815/176/223 816/169/216
f 678/170/217 816/169/216 815/176/223
f 818/350/407 681/351/298 647/173/220
f 680/174/221 647/173/220 681/351/298
f 684/228/275 677/221/268 839/226/273
f 840/219/266 839/226/273 677/221/268
f 817/220/267 679/225/272 837/218/265
f 667/223/270 837/218/265 679/225/272
f 824/250/219 678/258/217 684/252/275
f 677/257/268 684/252/275 678/258/217
f 815/250/223 680/258/221 817/252/267
f 679/257/272 817/252/267 680/258/221
f 713/301/330 711/298/327 822/299/328
f 750/296/325 822/299/328 711/298/327
f 818/350/407 819/302/331 681/351/298
f 751/300/329 681/351/298 819/302/331
f 733/338/377 833/339/378 821/221/369
f 731/219/370 821/221/369 833/339/378
f 749/332/371 834/333/372 732/334/373
f 820/335/374 732/334/373 834/333/372
f 825/251/324 733/256/377 750/341/325
f 821/340/369 750/341/325 733/256/377
f 822/251/328 749/256/371 751/341/329
f 732/340/373 751/341/329 749/256/371
f 838/171/218 824/172/219 823/177/224
f 683/178/225 823/177/224 824/172/219
f 675/211/258 682/229/276 830/213/260
f 668/227/274 830/213/260 682/229/276
f 643/250/210 683/260/225 675/252/258
f 682/259/276 675/252/258 683/260/225
f 712/297/326 843/304/333 825/295/324
f 828/303/332 825/295/324 843/304/333
f 826/211/362 835/213/361 753/229/375
f 827/227/376 753/229/375 835/213/361
f 826/256/362 753/340/375 714/251/318
f 828/341/332 714/251/318 753/340/375
f 668/352/274 839/353/273 823/264/224
f 838/262/218 823/264/224 839/353/273
f 667/352/270 829/353/269 647/264/220
f 818/262/407 647/264/220 829/353/269
f 840/352/266 837/353/265 816/264/216
f 814/262/222 816/264/216 837/353/265
f 644/263/209 832/261/259 841/262/211
f 830/250/260 841/262/211 832/261/259
f 662/253/241 831/261/284 644/262/209
f 832/353/259 644/262/209 831/261/284
f 842/265/408 843/354/333 833/250/378
f 712/355/326 833/250/378 843/354/333
f 820/265/374 819/354/331 829/250/269
f 818/355/407 829/250/269 819/354/331
f 731/265/370 711/354/327 834/250/372
f 713/355/330 834/250/372 711/354/327
f 835/250/361 728/261/363 715/262/316
f 836/263/317 715/262/316 728/261/363
f 728/250/363 738/356/386 836/355/317
f 727/263/347 836/355/317 738/356/386
f 814/253/222 837/261/265 647/264/220
f 667/352/270 647/264/220 837/261/265
f 838/253/218 839/261/273 816/264/216
f 840/352/266 816/264/216 839/261/273
f 713/263/330 819/354/331 834/356/372
f 820/265/374 834/356/372 819/354/331
f 712/263/326 711/354/327 833/356/378
f 731/265/370 833/356/378 711/354/327
f 841/253/211 830/261/260 823/264/224
f 668/352/274 823/264/224 830/261/260
f 835/356/361 715/263/316 842/265/408
f 843/354/333 842/265/408 715/263/316
o F-15C_Eagle_Eject_Seat01
v -0.210000 0.293505 7.743374
v -0.210000 0.563187 7.743374
v -0.210000 0.487863 7.322710
v -0.210000 0.487863 7.322710
v -0.210000 0.293505 7.268226
v -0.210000 0.293505 7.743374
v 0.210000 0.487863 7.322710
v 0.210000 0.563187 7.743374
v 0.210000 0.293505 7.743374
v 0.210000 0.293505 7.743374
v 0.210000 0.293505 7.268226
v 0.210000 0.487863 7.322710
v 0.210000 1.378844 7.062520
v 0.168000 1.378844 7.198301
v 0.210000 1.378844 7.198301
v 0.210000 1.174691 7.283672
v 0.210000 1.332128 7.282199
v 0.168000 1.332128 7.282199
v 0.168000 1.332128 7.282199
v 0.168000 1.174691 7.283672
v 0.210000 1.174691 7.283672
v 0.168000 1.082613 7.194432
v 0.210000 1.082613 7.194432
v 0.210000 1.174691 7.283672
v 0.210000 1.174691 7.283672
v 0.168000 1.174691 7.283672
v 0.168000 1.082613 7.194432
v -0.172200 1.082613 7.194432
v -0.210000 1.082613 7.194432
v -0.210000 0.487862 7.322710
v -0.210000 0.293505 7.743374
v 0.210000 0.293505 7.743374
v 0.210000 0.563187 7.743374
v 0.210000 0.563187 7.743374
v -0.210000 0.563187 7.743374
v -0.210000 0.293505 7.743374
v -0.210000 0.293505 7.268226
v 0.210000 0.293505 7.268226
v 0.210000 0.293505 7.743374
v 0.210000 0.293505 7.743374
v -0.210000 0.293505 7.743374
v -0.210000 0.293505 7.268226
v -0.210000 1.174691 7.062520
v 0.210000 1.174691 7.062520
v 0.210000 0.293505 7.268226
v 0.210000 0.293505 7.268226
v -0.210000 0.293505 7.268226
v -0.210000 1.174691 7.062520
v 0.168000 1.332128 7.282199
v 0.210000 1.332128 7.282199
v 0.210000 1.378844 7.198301
v 0.210000 1.378844 7.198301
v 0.168000 1.378844 7.198301
v 0.168000 1.332128 7.282199
v 0.168000 1.174691 7.283672
v 0.099960 1.174691 7.222949
v 0.168000 1.082613 7.194432
v 0.168000 1.174691 7.283672
v 0.168000 1.332128 7.282199
v 0.099960 1.332128 7.221476
v 0.099960 1.332128 7.221476
v 0.099960 1.174691 7.222949
v 0.168000 1.174691 7.283672
v 0.099960 1.332128 7.221476
v 0.168000 1.332128 7.282199
v 0.168000 1.378844 7.198301
v 0.168000 1.378844 7.198301
v 0.099960 1.378844 7.128693
v 0.099960 1.332128 7.221476
v -0.210000 1.082613 7.194432
v -0.172200 1.082613 7.194432
v -0.172200 1.174691 7.283672
v -0.172200 1.174691 7.283672
v -0.210000 1.174691 7.283672
v -0.210000 1.082613 7.194432
v -0.172200 1.174691 7.283672
v -0.172200 1.332128 7.282199
v -0.210000 1.332128 7.282199
v -0.210000 1.332128 7.282199
v -0.210000 1.174691 7.283672
v -0.172200 1.174691 7.283672
v -0.210000 1.332128 7.282199
v -0.172200 1.332128 7.282199
v -0.172200 1.378844 7.198301
v -0.172200 1.378844 7.198301
v -0.210000 1.378844 7.198301
v -0.210000 1.332128 7.282199
v -0.104160 1.174691 7.222949
v -0.172200 1.174691 7.283672
v -0.172200 1.082613 7.194432
v -0.104160 1.174691 7.222949
v -0.104160 1.332128 7.221476
v -0.172200 1.332128 7.282199
v -0.172200 1.332128 7.282199
v -0.172200 1.174691 7.283672
v -0.104160 1.174691 7.222949
v -0.172200 1.332128 7.282199
v -0.104160 1.332128 7.221476
v -0.104160 1.378844 7.128693
v -0.104160 1.378844 7.128693
v -0.172200 1.378844 7.198301
v -0.172200 1.332128 7.282199
v -0.172200 1.082613 7.194432
v 0.168000 1.082613 7.194432
v 0.099960 1.174691 7.222949
v 0.099960 1.174691 7.222949
v -0.104160 1.174691 7.222949
v -0.172200 1.082613 7.194432
v 0.099960 1.174691 7.222949
v 0.099960 1.332128 7.221476
v -0.104160 1.332128 7.221476
v -0.104160 1.332128 7.221476
v -0.104160 1.174691 7.222949
v 0.099960 1.174691 7.222949
v -0.104160 1.332128 7.221476
v 0.099960 1.332128 7.221476
v 0.099960 1.378844 7.128693
v 0.099960 1.378844 7.128693
v -0.104160 1.378844 7.128693
v -0.104160 1.332128 7.221476
v 0.210000 1.378844 7.062520
v 0.210000 1.174691 7.062520
v -0.210000 1.174691 7.062520
v -0.210000 1.174691 7.062520
v -0.210000 1.378844 7.062520
v 0.210000 1.378844 7.062520
v -0.210000 1.378844 7.062520
v -0.210000 1.378844 7.198301
v -0.172200 1.378844 7.198301
v -0.210000 1.378844 7.062520
v -0.172200 1.378844 7.198301
v -0.104160 1.378844 7.128693
v -0.104160 1.378844 7.128693
v 0.099960 1.378844 7.128693
v 0.210000 1.378844 7.062520
v 0.210000 1.378844 7.062520
v -0.210000 1.378844 7.062520
v -0.104160 1.378844 7.128693
v 0.210000 1.378844 7.062520
v 0.099960 1.378844 7.128693
v 0.168000 1.378844 7.198301
v -0.210000 0.487862 7.322710
v 0.210000 0.487862 7.322710
v 0.168000 1.082613 7.194432
v 0.168000 1.082613 7.194432
v -0.172200 1.082613 7.194432
v -0.210000 0.487862 7.322710
v 0.168000 1.082613 7.194432
v 0.210000 0.487862 7.322710
v 0.210000 1.082613 7.194432
v -0.210000 0.563187 7.743374
v 0.210000 0.563187 7.743374
v 0.210000 0.487863 7.322710
v 0.210000 0.487863 7.322710
v -0.210000 0.487863 7.322710
v -0.210000 0.563187 7.743374
v 0.150360 1.202642 6.923708
v -0.149667 1.206911 6.930265
v -0.145079 1.296881 7.081616
v -0.145079 1.296881 7.081616
v 0.154947 1.292613 7.075059
v 0.150360 1.202642 6.923708
v 0.142657 0.347589 7.127890
v -0.157369 0.351858 7.134447
v -0.149667 1.206911 6.930265
v -0.149667 1.206911 6.930265
v 0.150360 1.202643 6.923708
v 0.142657 0.347589 7.127890
v 0.146284 0.330923 7.304706
v -0.153742 0.335191 7.311263
v -0.157369 0.351858 7.134447
v -0.157369 0.351858 7.134447
v 0.142657 0.347590 7.127890
v 0.146284 0.330923 7.304706
v 0.150360 1.202642 6.923708
v 0.154947 1.292613 7.075059
v 0.146284 0.330923 7.304706
v 0.146284 0.330923 7.304706
v 0.142657 0.347590 7.127890
v 0.150360 1.202642 6.923708
v -0.145079 1.296881 7.081616
v -0.149667 1.206911 6.930265
v -0.157369 0.351858 7.134447
v -0.157369 0.351858 7.134447
v -0.153742 0.335191 7.311263
v -0.145079 1.296881 7.081616
v -0.153742 0.335191 7.311263
v 0.146284 0.330923 7.304706
v 0.154947 1.292613 7.075059
v 0.154947 1.292613 7.075059
v -0.145079 1.296881 7.081616
v -0.153742 0.335191 7.311263
v -0.210000 1.174691 7.283672
v -0.210000 1.332128 7.282199
v -0.210000 1.378844 7.198301
v -0.210000 1.378844 7.198301
v -0.210000 1.378844 7.062520
v -0.210000 1.174691 7.062520
v -0.210000 1.174691 7.283672
v -0.210000 1.378844 7.198301
v -0.210000 1.174691 7.062520
v -0.210000 1.174691 7.283672
v -0.210000 1.174691 7.062520
v -0.210000 1.082613 7.194432
v 0.210000 1.174691 7.062520
v 0.210000 1.378844 7.062520
v 0.210000 1.378844 7.198301
v 0.210000 1.174691 7.062520
v 0.210000 1.378844 7.198301
v 0.210000 1.332128 7.282199
v 0.210000 1.174691 7.062520
v 0.210000 1.332128 7.282199
v 0.210000 1.174691 7.283672
v 0.210000 1.174691 7.062520
v 0.210000 1.174691 7.283672
v 0.210000 1.082613 7.194432
v -0.210000 1.174691 7.062520
v -0.210000 0.293505 7.268226
v -0.210000 0.487863 7.322710
v -0.210000 0.487863 7.322710
v -0.210000 1.082613 7.194432
v -0.210000 1.174691 7.062520
v 0.210000 0.487863 7.322710
v 0.210000 0.293505 7.268226
v 0.210000 1.174691 7.062520
v 0.210000 1.174691 7.062520
v 0.210000 1.082613 7.194432
v 0.210000 0.487863 7.322710
vn -1.0000 -0.0000 -0.0000
vn 1.0000 -0.0000 -0.0000
vn -0.0000 1.0000 -0.0000
vn -0.0000 0.0094 1.0000
vn -0.0000 -0.6960 0.7181
vn -0.0000 0.2108 0.9775
vn -0.0000 -0.0000 1.0000
vn -0.0000 -1.0000 -0.0000
vn -0.0000 -0.2273 -0.9738
vn -0.0000 0.8737 0.4865
vn -0.5396 -0.5859 0.6046
vn -0.6658 0.0070 0.7461
vn -0.3983 0.8014 0.4462
vn -0.4180 0.8114 0.4085
vn -0.0000 0.0093 1.0000
vn 0.5396 -0.5860 0.6046
vn 0.6658 0.0070 0.7461
vn 0.3725 0.8289 0.4174
vn 0.4456 0.7822 0.4355
vn -0.0000 -0.2958 0.9552
vn -0.0000 0.8932 0.4497
vn -0.0000 -0.0000 -1.0000
vn -0.0000 0.9843 -0.1763
vn 0.0011 0.8596 -0.5110
vn -0.0246 -0.2320 -0.9724
vn -0.0162 -0.9955 -0.0935
vn 0.9997 -0.0142 -0.0218
vn -0.9997 0.0142 0.0218
vn 0.0246 0.2320 0.9724
vt 0.995556 -0.022812
vt 0.816310 -0.070405
vt 0.977556 -0.358748
vt 0.768693 -0.358748
vt 0.977383 -0.358748
vt 0.337957 -0.419673
vt 0.337957 -0.358731
vt 0.385853 -0.358731
vt 0.312631 -0.358731
vt 0.312635 -0.419673
vt 0.261365 -0.358833
vt 0.261373 -0.419757
vt 0.228886 -0.358883
vt 0.228894 -0.419825
vt 0.228951 -0.968230
vt 0.030039 -0.968604
vt 0.228943 -0.913398
vt 0.485425 -0.358731
vt 0.390294 -0.358579
vt 0.485363 -0.968095
vt 0.390237 -0.967927
vt 0.768693 -0.968095
vt 0.977387 -0.968095
vt 0.457867 -0.358731
vt 0.457867 -0.968113
vt 0.261382 -0.518479
vt 0.323350 -0.518394
vt 0.362510 -0.518394
vt 0.261423 -0.913346
vt 0.261427 -0.968180
vt 0.312660 -0.913245
vt 0.312664 -0.968095
vt 0.337957 -0.913245
vt 0.337957 -0.968095
vt 0.261414 -0.814625
vt 0.323367 -0.814540
vt 0.362510 -0.814540
vt 0.385853 -0.968095
vt 0.029978 -0.359239
vt 0.209375 -0.359560
vt 0.209432 -0.968908
vt 0.652205 -0.947508
vt 0.583492 -0.947508
vt 0.652205 -0.403772
vt 0.583492 -0.403772
vt 0.900247 -0.947508
vt 0.900247 -0.403772
vt 0.965793 -0.947508
vt 0.965793 -0.403772
vt 0.639520 -0.098684
vt 0.920540 -0.098684
vt 0.383888 -0.022026
vt 0.367359 -0.140410
vt 0.439593 -0.019953
vt 0.367359 -0.331979
vt 0.439593 -0.331979
vt 0.472172 -0.145873
vt 0.750388 -0.336010
vt 0.682887 -0.145543
s 1
usemtl default.069
f 845/357/409 846/358/409 844/359/409
f 848/360/409 849/359/409 847/358/409
f 851/357/410 852/361/410 850/358/410
f 854/360/410 855/358/410 853/361/410
f 857/362/411 858/363/411 856/364/411
f 860/365/412 861/366/412 859/367/412
f 863/368/412 864/367/412 862/366/412
f 866/369/413 867/367/413 865/370/413
f 869/368/413 870/370/413 868/367/413
f 872/371/414 873/372/414 871/373/414
f 875/374/415 876/375/415 874/376/415
f 878/377/415 879/376/415 877/375/415
f 881/360/416 882/361/416 880/378/416
f 884/379/416 885/378/416 883/361/416
f 887/380/417 888/360/417 886/381/417
f 890/378/417 891/381/417 889/360/417
f 893/365/418 894/363/418 892/366/418
f 896/362/418 897/366/418 895/363/418
f 899/382/419 900/370/419 898/368/419
f 902/366/420 903/383/420 901/368/420
f 905/382/420 906/368/420 904/383/420
f 908/366/421 909/362/421 907/383/421
f 911/384/422 912/383/422 910/362/422
f 914/373/413 915/385/413 913/371/413
f 917/386/413 918/371/413 916/385/413
f 920/387/423 921/388/423 919/385/423
f 923/386/412 924/385/412 922/388/412
f 926/387/418 927/389/418 925/388/418
f 929/390/418 930/388/418 928/389/418
f 932/385/424 933/373/424 931/391/424
f 935/392/425 936/387/425 934/391/425
f 938/385/425 939/391/425 937/387/425
f 941/392/426 942/393/426 940/387/426
f 944/389/427 945/387/427 943/393/427
f 947/370/428 948/382/428 946/373/428
f 950/391/428 951/373/428 949/382/428
f 953/383/412 954/392/412 952/382/412
f 956/391/412 957/382/412 955/392/412
f 959/383/429 960/384/429 958/392/429
f 962/393/429 963/392/429 961/384/429
f 965/380/430 966/381/430 964/364/430
f 968/394/430 969/364/430 967/381/430
f 971/390/411 972/389/411 970/394/411
f 974/389/411 975/393/411 973/394/411
f 977/384/411 978/364/411 976/393/411
f 980/394/411 981/393/411 979/364/411
f 983/384/411 984/362/411 982/364/411
f 986/395/414 987/370/414 985/372/414
f 989/373/414 990/372/414 988/370/414
f 992/395/414 993/369/414 991/370/414
f 995/396/431 996/395/431 994/397/431
f 998/372/431 999/397/431 997/395/431
f 1001/398/432 1002/399/432 1000/400/432
f 1004/401/432 1005/400/432 1003/399/432
f 1007/402/433 1008/398/433 1006/403/433
f 1010/400/433 1011/403/433 1009/398/433
f 1013/404/434 1014/402/434 1012/405/434
f 1016/403/434 1017/405/434 1015/402/434
f 1019/406/435 1020/407/435 1018/400/435
f 1022/403/435 1023/400/435 1021/407/435
f 1025/400/436 1026/403/436 1024/406/436
f 1028/407/436 1029/406/436 1027/403/436
f 1031/407/437 1032/406/437 1030/407/437
f 1034/406/437 1035/407/437 1033/406/437
f 1037/408/409 1038/409/409 1036/410/409
f 1040/411/409 1041/412/409 1039/409/409
f 1043/409/409 1044/412/409 1042/410/409
f 1046/412/409 1047/413/409 1045/410/409
f 1049/411/410 1050/409/410 1048/412/410
f 1052/409/410 1053/408/410 1051/412/410
f 1055/408/410 1056/410/410 1054/412/410
f 1058/410/410 1059/413/410 1057/412/410
f 1061/414/409 1062/415/409 1060/412/409
f 1064/413/409 1065/412/409 1063/415/409
f 1067/414/410 1068/412/410 1066/415/410
f 1070/413/410 1071/415/410 1069/412/410
o F-15C_Eagle_ElevatorL01
v 1.740273 -0.226512 -5.629372
v 1.829075 -0.223159 -4.182432
v 1.819377 -0.029364 -4.182432
v 1.819377 -0.029364 -4.182432
v 1.738759 -0.029011 -5.629372
v 1.740273 -0.226512 -5.629372
v 1.738759 -0.029011 -5.629372
v 1.698820 -0.132213 -6.816659
v 1.740273 -0.226512 -5.629372
v 1.869844 -0.152772 -3.784789
v 1.819377 -0.029364 -4.182432
v 1.829075 -0.223159 -4.182432
v 2.707128 -0.057368 -5.021952
v 2.707887 -0.061017 -6.168769
v 1.738759 -0.029011 -5.629372
v 1.738759 -0.029011 -5.629372
v 1.819377 -0.029364 -4.182432
v 2.707128 -0.057368 -5.021952
v 2.707128 -0.203990 -5.016461
v 1.829075 -0.223159 -4.182432
v 1.740273 -0.226512 -5.629372
v 1.740273 -0.226512 -5.629372
v 2.707887 -0.200707 -6.168294
v 2.707128 -0.203990 -5.016461
v 2.707887 -0.061017 -6.168769
v 2.707888 -0.134193 -7.004827
v 1.698820 -0.132213 -6.816659
v 1.698820 -0.132213 -6.816659
v 1.738759 -0.029011 -5.629372
v 2.707887 -0.061017 -6.168769
v 2.707887 -0.200707 -6.168294
v 1.740273 -0.226512 -5.629372
v 1.698820 -0.132213 -6.816659
v 1.698820 -0.132213 -6.816659
v 2.707888 -0.134193 -7.004827
v 2.707887 -0.200707 -6.168294
v 2.707128 -0.165592 -4.648096
v 2.707128 -0.057368 -5.021952
v 1.819377 -0.029364 -4.182432
v 1.819377 -0.029364 -4.182432
v 1.869844 -0.152772 -3.784789
v 2.707128 -0.165592 -4.648096
v 2.707128 -0.165592 -4.648096
v 1.869844 -0.152772 -3.784789
v 1.829075 -0.223159 -4.182432
v 1.829075 -0.223159 -4.182432
v 2.707128 -0.203990 -5.016461
v 2.707128 -0.165592 -4.648096
v 4.166464 -0.114382 -6.354073
v 3.922527 -0.110002 -6.837626
v 3.844605 -0.098159 -6.794720
v 3.844605 -0.098159 -6.794720
v 4.081715 -0.098283 -6.295260
v 4.166464 -0.114382 -6.354073
v 3.844626 -0.170714 -6.794673
v 3.922538 -0.159536 -6.837605
v 4.166563 -0.163841 -6.353858
v 4.166563 -0.163841 -6.353858
v 4.081913 -0.170728 -6.294836
v 3.844626 -0.170714 -6.794673
v 3.810030 -0.136355 -7.210353
v 3.844605 -0.098159 -6.794720
v 3.922527 -0.110002 -6.837626
v 3.844626 -0.170714 -6.794673
v 3.810030 -0.136355 -7.210353
v 3.922538 -0.159536 -6.837605
v 4.081715 -0.098283 -6.295260
v 4.168050 -0.155968 -6.101089
v 4.166464 -0.114382 -6.354073
v 4.168050 -0.155968 -6.101089
v 4.081913 -0.170728 -6.294836
v 4.166563 -0.163841 -6.353858
v 4.081715 -0.098283 -6.295260
v 3.844605 -0.098159 -6.794720
v 2.707887 -0.061017 -6.168769
v 2.707887 -0.061017 -6.168769
v 2.707128 -0.057368 -5.021952
v 4.081715 -0.098283 -6.295260
v 2.707887 -0.200707 -6.168294
v 3.844626 -0.170714 -6.794673
v 4.081913 -0.170728 -6.294836
v 4.081913 -0.170728 -6.294836
v 2.707128 -0.203990 -5.016461
v 2.707887 -0.200707 -6.168294
v 3.844605 -0.098159 -6.794720
v 3.810030 -0.136355 -7.210353
v 2.707888 -0.134193 -7.004827
v 2.707888 -0.134193 -7.004827
v 2.707887 -0.061017 -6.168769
v 3.844605 -0.098159 -6.794720
v 2.707888 -0.134193 -7.004827
v 3.810030 -0.136355 -7.210353
v 3.844626 -0.170714 -6.794673
v 3.844626 -0.170714 -6.794673
v 2.707887 -0.200707 -6.168294
v 2.707888 -0.134193 -7.004827
v 4.168050 -0.155968 -6.101089
v 4.081715 -0.098283 -6.295260
v 2.707128 -0.057368 -5.021952
v 2.707128 -0.057368 -5.021952
v 2.707127 -0.175504 -4.322322
v 4.168050 -0.155968 -6.101089
v 2.707128 -0.203990 -5.016461
v 4.081913 -0.170728 -6.294836
v 4.168050 -0.155968 -6.101089
v 4.168050 -0.155968 -6.101089
v 2.707127 -0.175504 -4.322322
v 2.707128 -0.203990 -5.016461
v 2.707128 -0.057368 -5.021952
v 2.707128 -0.165592 -4.648096
v 2.707127 -0.175504 -4.322322
v 2.707128 -0.165592 -4.648096
v 2.707128 -0.203990 -5.016461
v 2.707127 -0.175504 -4.322322
v 4.251214 -0.141219 -6.412881
v 4.000450 -0.134927 -6.880537
v 3.922527 -0.110002 -6.837626
v 3.922527 -0.110002 -6.837626
v 4.166464 -0.114382 -6.354073
v 4.251214 -0.141219 -6.412881
v 3.922538 -0.159536 -6.837605
v 4.000450 -0.134927 -6.880537
v 4.251214 -0.141219 -6.412881
v 4.251214 -0.141219 -6.412881
v 4.166563 -0.163841 -6.353858
v 3.922538 -0.159536 -6.837605
v 4.166464 -0.114382 -6.354073
v 4.168050 -0.155968 -6.101089
v 4.251214 -0.141219 -6.412881
v 4.168050 -0.155968 -6.101089
v 4.166563 -0.163841 -6.353858
v 4.251214 -0.141219 -6.412881
v 3.810030 -0.136355 -7.210353
v 3.922527 -0.110002 -6.837626
v 4.000450 -0.134927 -6.880537
v 3.922538 -0.159536 -6.837605
v 3.810030 -0.136355 -7.210353
v 4.000450 -0.134927 -6.880537
v 1.519394 -0.126292 -5.131516
v 1.849164 -0.126292 -5.131516
v 1.849164 -0.148024 -5.122516
v 1.849164 -0.148024 -5.122516
v 1.519394 -0.148024 -5.122515
v 1.519394 -0.126292 -5.131516
v 1.519394 -0.148024 -5.122515
v 1.849164 -0.148024 -5.122516
v 1.849164 -0.157026 -5.100783
v 1.849164 -0.157026 -5.100783
v 1.519394 -0.157025 -5.100783
v 1.519394 -0.148024 -5.122515
v 1.519394 -0.157025 -5.100783
v 1.849164 -0.157026 -5.100783
v 1.849164 -0.148024 -5.079052
v 1.849164 -0.148024 -5.079052
v 1.519394 -0.148024 -5.079052
v 1.519394 -0.157025 -5.100783
v 1.519394 -0.148024 -5.079052
v 1.849164 -0.148024 -5.079052
v 1.849164 -0.126292 -5.070052
v 1.849164 -0.126292 -5.070052
v 1.519394 -0.126292 -5.070051
v 1.519394 -0.148024 -5.079052
v 1.519394 -0.126292 -5.070051
v 1.849164 -0.126292 -5.070052
v 1.849164 -0.104561 -5.079052
v 1.849164 -0.104561 -5.079052
v 1.519394 -0.104561 -5.079052
v 1.519394 -0.126292 -5.070051
v 1.519394 -0.104561 -5.079052
v 1.849164 -0.104561 -5.079052
v 1.849164 -0.095559 -5.100783
v 1.849164 -0.095559 -5.100783
v 1.519394 -0.095559 -5.100783
v 1.519394 -0.104561 -5.079052
v 1.519394 -0.095559 -5.100783
v 1.849164 -0.095559 -5.100783
v 1.849164 -0.104561 -5.122516
v 1.849164 -0.104561 -5.122516
v 1.519394 -0.104561 -5.122515
v 1.519394 -0.095559 -5.100783
v 1.519394 -0.104561 -5.122515
v 1.849164 -0.104561 -5.122516
v 1.849164 -0.126292 -5.131516
v 1.849164 -0.126292 -5.131516
v 1.519394 -0.126292 -5.131516
v 1.519394 -0.104561 -5.122515
vn -0.9969 -0.0499 0.0613
vn -0.9984 -0.0077 0.0556
vn -0.9994 -0.0077 0.0343
vn -0.9926 -0.0497 0.1106
vn 0.0313 0.9995 -0.0032
vn 0.0302 0.9995 -0.0014
vn 0.0227 -0.9997 0.0009
vn 0.0251 -0.9997 -0.0028
vn -0.0143 0.9961 -0.0872
vn -0.0150 0.9962 -0.0861
vn -0.0172 -0.9968 -0.0786
vn -0.0167 -0.9967 -0.0793
vn 0.2814 0.9217 0.2668
vn 0.2750 0.9276 0.2530
vn 0.1476 -0.9764 0.1577
vn 0.1193 -0.9875 0.1029
vn 0.1218 0.9912 -0.0524
vn 0.1413 0.9877 -0.0668
vn 0.1076 -0.9922 -0.0631
vn 0.0610 -0.9977 -0.0290
vn 0.0960 0.9904 -0.0990
vn 0.0928 -0.9916 -0.0897
vn 0.2863 0.9457 0.1537
vn 0.1021 -0.9943 0.0304
vn 0.0260 0.9996 -0.0121
vn 0.0268 0.9996 -0.0032
vn 0.0209 -0.9997 -0.0099
vn 0.0216 -0.9998 -0.0028
vn -0.0149 0.9958 -0.0903
vn -0.0155 0.9961 -0.0872
vn -0.0171 -0.9966 -0.0810
vn -0.0174 -0.9967 -0.0792
vn 0.2072 0.9591 0.1928
vn 0.1862 0.9688 0.1636
vn 0.0670 -0.9967 0.0461
vn 0.0632 -0.9972 0.0409
vn -1.0000 -0.0000 -0.0000
vn 0.2433 0.9628 -0.1175
vn 0.2313 0.9669 -0.1079
vn 0.2295 -0.9638 -0.1360
vn 0.1886 -0.9766 -0.1038
vn 0.3899 0.9091 0.1470
vn 0.2764 -0.9606 0.0283
vn 0.2320 0.9629 -0.1381
vn 0.2327 -0.9638 -0.1302
vn -0.0000 -0.3826 -0.9239
vn -0.0000 -0.3827 -0.9239
vn -0.0000 -0.9239 -0.3827
vn -0.0000 -0.9239 0.3827
vn -0.0000 -0.3826 0.9239
vn -0.0000 -0.3827 0.9239
vn -0.0000 0.3827 0.9239
vn -0.0000 0.3826 0.9239
vn -0.0000 0.9239 0.3827
vn -0.0000 0.9239 -0.3827
vn -0.0000 0.3827 -0.9239
vn -0.0000 0.3826 -0.9239
vt 0.937816 -0.927642
vt 0.927880 -0.927642
vt 0.937988 -0.853453
vt 0.927862 -0.853453
vt 0.933153 -0.792578
vt 0.934208 -0.948030
vt 0.505596 -0.933494
vt 0.555285 -0.905838
vt 0.505635 -0.874694
vt 0.551152 -0.831649
vt 0.917808 -0.927642
vt 0.922362 -0.853454
vt 0.872789 -0.884879
vt 0.872750 -0.825822
vt 0.505596 -0.976361
vt 0.557333 -0.966713
vt 0.924487 -0.792579
vt 0.872750 -0.782931
vt 0.505635 -0.855525
vt 0.548564 -0.811261
vt 0.915718 -0.948030
vt 0.872789 -0.903766
vt 0.443318 -0.967788
vt 0.447313 -0.965588
vt 0.430811 -0.942995
vt 0.435156 -0.939980
vt 0.810471 -0.791505
vt 0.797960 -0.816307
vt 0.814466 -0.793706
vt 0.802300 -0.819334
vt 0.449086 -0.986899
vt 0.816240 -0.772393
vt 0.430729 -0.930024
vt 0.797883 -0.829268
vt 0.505635 -0.838822
vt 0.872789 -0.920470
vt 0.890313 -0.963322
vt 0.890821 -0.980025
vt 0.884764 -0.944154
vt 0.892282 -0.944435
vt 0.439323 -0.969988
vt 0.426465 -0.946010
vt 0.806477 -0.789303
vt 0.793619 -0.813281
vt 0.205139 -0.155621
vt 0.207637 -0.155621
vt 0.205139 -0.138713
vt 0.207637 -0.138713
vt 0.209768 -0.155621
vt 0.209768 -0.138713
vt 0.202640 -0.155621
vt 0.202640 -0.138713
vt 0.200510 -0.155621
vt 0.200510 -0.138713
s 1
usemtl default.066
f 1073/416/438 1074/417/438 1072/418/438
f 1076/419/439 1077/418/439 1075/417/439
f 1079/420/440 1080/418/440 1078/419/440
f 1082/417/441 1083/416/441 1081/421/441
f 1085/422/442 1086/423/442 1084/424/442
f 1088/425/443 1089/424/443 1087/423/443
f 1091/426/444 1092/427/444 1090/428/444
f 1094/429/445 1095/428/445 1093/427/445
f 1097/430/446 1098/431/446 1096/422/446
f 1100/423/447 1101/422/447 1099/431/447
f 1103/427/448 1104/432/448 1102/429/448
f 1106/433/449 1107/429/449 1105/432/449
f 1109/424/450 1110/425/450 1108/434/450
f 1112/435/451 1113/434/451 1111/425/451
f 1115/436/452 1116/426/452 1114/437/452
f 1118/428/453 1119/437/453 1117/426/453
f 1121/438/454 1122/439/454 1120/440/454
f 1124/441/455 1125/440/455 1123/439/455
f 1127/442/456 1128/443/456 1126/444/456
f 1130/445/457 1131/444/457 1129/443/457
f 1133/439/458 1134/438/458 1132/446/458
f 1136/447/459 1137/442/459 1135/444/459
f 1139/448/460 1140/440/460 1138/441/460
f 1142/445/461 1143/443/461 1141/449/461
f 1145/439/462 1146/422/462 1144/441/462
f 1148/424/463 1149/441/463 1147/422/463
f 1151/444/464 1152/445/464 1150/429/464
f 1154/428/465 1155/429/465 1153/445/465
f 1157/446/466 1158/430/466 1156/439/466
f 1160/422/467 1161/439/467 1159/430/467
f 1163/447/468 1164/444/468 1162/433/468
f 1166/429/469 1167/433/469 1165/444/469
f 1169/441/470 1170/424/470 1168/448/470
f 1172/450/471 1173/448/471 1171/424/471
f 1175/445/472 1176/449/472 1174/428/472
f 1178/451/473 1179/428/473 1177/449/473
f 1181/452/474 1182/453/474 1180/454/474
f 1184/455/474 1185/453/474 1183/452/474
f 1187/456/475 1188/438/475 1186/457/475
f 1190/440/476 1191/457/476 1189/438/476
f 1193/458/477 1194/459/477 1192/442/477
f 1196/443/478 1197/442/478 1195/459/478
f 1199/448/479 1200/457/479 1198/440/479
f 1202/443/480 1203/459/480 1201/449/480
f 1205/438/481 1206/456/481 1204/446/481
f 1208/447/482 1209/458/482 1207/442/482
f 1211/460/483 1212/461/483 1210/462/483
f 1214/463/484 1215/462/484 1213/461/484
f 1217/461/485 1218/464/485 1216/463/485
f 1220/465/485 1221/463/485 1219/464/485
f 1223/464/486 1224/461/486 1222/465/486
f 1226/463/486 1227/465/486 1225/461/486
f 1229/461/487 1230/460/487 1228/463/487
f 1232/462/488 1233/463/488 1231/460/488
f 1235/460/489 1236/466/489 1234/462/489
f 1238/467/490 1239/462/490 1237/466/490
f 1241/466/491 1242/468/491 1240/467/491
f 1244/469/491 1245/467/491 1243/468/491
f 1247/468/492 1248/466/492 1246/469/492
f 1250/467/492 1251/469/492 1249/466/492
f 1253/466/493 1254/460/493 1252/467/493
f 1256/462/494 1257/467/494 1255/460/494
o F-15C_Eagle_ElevatorR01
v -1.740275 -0.226510 -5.629370
v -1.738761 -0.029009 -5.629370
v -1.819379 -0.029362 -4.182431
v -1.819379 -0.029362 -4.182431
v -1.829077 -0.223157 -4.182431
v -1.740275 -0.226510 -5.629370
v -1.738761 -0.029009 -5.629370
v -1.740275 -0.226510 -5.629370
v -1.698823 -0.132211 -6.816658
v -1.869846 -0.152771 -3.784789
v -1.829077 -0.223157 -4.182431
v -1.819379 -0.029362 -4.182431
v -2.707130 -0.057366 -5.021949
v -1.819379 -0.029362 -4.182431
v -1.738761 -0.029009 -5.629370
v -1.738761 -0.029009 -5.629370
v -2.707889 -0.061015 -6.168767
v -2.707130 -0.057366 -5.021949
v -2.707130 -0.203989 -5.016460
v -2.707889 -0.200705 -6.168293
v -1.740275 -0.226510 -5.629370
v -1.740275 -0.226510 -5.629370
v -1.829077 -0.223157 -4.182431
v -2.707130 -0.203989 -5.016460
v -2.707889 -0.061015 -6.168767
v -1.738761 -0.029009 -5.629370
v -1.698823 -0.132211 -6.816658
v -1.698823 -0.132211 -6.816658
v -2.707890 -0.134191 -7.004826
v -2.707889 -0.061015 -6.168767
v -2.707889 -0.200705 -6.168293
v -2.707890 -0.134191 -7.004826
v -1.698823 -0.132211 -6.816658
v -1.698823 -0.132211 -6.816658
v -1.740275 -0.226510 -5.629370
v -2.707889 -0.200705 -6.168293
v -2.707130 -0.165590 -4.648095
v -1.869846 -0.152771 -3.784789
v -1.819379 -0.029362 -4.182431
v -1.819379 -0.029362 -4.182431
v -2.707130 -0.057366 -5.021949
v -2.707130 -0.165590 -4.648095
v -2.707130 -0.165590 -4.648095
v -2.707130 -0.203989 -5.016460
v -1.829077 -0.223157 -4.182431
v -1.829077 -0.223157 -4.182431
v -1.869846 -0.152771 -3.784789
v -2.707130 -0.165590 -4.648095
v -4.166466 -0.114381 -6.354072
v -4.081717 -0.098281 -6.295259
v -3.844607 -0.098157 -6.794717
v -3.844607 -0.098157 -6.794717
v -3.922529 -0.110000 -6.837626
v -4.166466 -0.114381 -6.354072
v -3.844628 -0.170712 -6.794672
v -4.081915 -0.170726 -6.294834
v -4.166565 -0.163839 -6.353858
v -4.166565 -0.163839 -6.353858
v -3.922540 -0.159534 -6.837603
v -3.844628 -0.170712 -6.794672
v -3.810032 -0.136353 -7.210351
v -3.922529 -0.110000 -6.837626
v -3.844607 -0.098157 -6.794717
v -3.844628 -0.170712 -6.794672
v -3.922540 -0.159534 -6.837603
v -3.810032 -0.136353 -7.210351
v -4.081717 -0.098281 -6.295259
v -4.166466 -0.114381 -6.354072
v -4.168052 -0.155967 -6.101089
v -4.168052 -0.155967 -6.101089
v -4.166565 -0.163839 -6.353858
v -4.081915 -0.170726 -6.294834
v -4.081717 -0.098281 -6.295259
v -2.707130 -0.057366 -5.021949
v -2.707889 -0.061015 -6.168767
v -2.707889 -0.061015 -6.168767
v -3.844607 -0.098157 -6.794717
v -4.081717 -0.098281 -6.295259
v -2.707889 -0.200705 -6.168293
v -2.707130 -0.203989 -5.016460
v -4.081915 -0.170726 -6.294834
v -4.081915 -0.170726 -6.294834
v -3.844628 -0.170712 -6.794672
v -2.707889 -0.200705 -6.168293
v -3.844607 -0.098157 -6.794717
v -2.707889 -0.061015 -6.168767
v -2.707890 -0.134191 -7.004826
v -2.707890 -0.134191 -7.004826
v -3.810032 -0.136353 -7.210351
v -3.844607 -0.098157 -6.794717
v -2.707890 -0.134191 -7.004826
v -2.707889 -0.200705 -6.168293
v -3.844628 -0.170712 -6.794672
v -3.844628 -0.170712 -6.794672
v -3.810032 -0.136353 -7.210351
v -2.707890 -0.134191 -7.004826
v -4.168052 -0.155967 -6.101089
v -2.707129 -0.175502 -4.322320
v -2.707130 -0.057366 -5.021949
v -2.707130 -0.057366 -5.021949
v -4.081717 -0.098281 -6.295259
v -4.168052 -0.155967 -6.101089
v -2.707130 -0.203989 -5.016460
v -2.707129 -0.175502 -4.322320
v -4.168052 -0.155967 -6.101089
v -4.168052 -0.155967 -6.101089
v -4.081915 -0.170726 -6.294834
v -2.707130 -0.203989 -5.016460
v -2.707130 -0.057366 -5.021949
v -2.707129 -0.175502 -4.322320
v -2.707130 -0.165590 -4.648095
v -2.707130 -0.165590 -4.648095
v -2.707129 -0.175502 -4.322320
v -2.707130 -0.203989 -5.016460
v -4.251216 -0.141217 -6.412880
v -4.166466 -0.114381 -6.354072
v -3.922529 -0.110000 -6.837626
v -3.922529 -0.110000 -6.837626
v -4.000452 -0.134925 -6.880535
v -4.251216 -0.141217 -6.412880
v -3.922540 -0.159534 -6.837603
v -4.166565 -0.163839 -6.353858
v -4.251216 -0.141217 -6.412880
v -4.251216 -0.141217 -6.412880
v -4.000452 -0.134925 -6.880535
v -3.922540 -0.159534 -6.837603
v -4.166466 -0.114381 -6.354072
v -4.251216 -0.141217 -6.412880
v -4.168052 -0.155967 -6.101089
v -4.168052 -0.155967 -6.101089
v -4.251216 -0.141217 -6.412880
v -4.166565 -0.163839 -6.353858
v -3.810032 -0.136353 -7.210351
v -4.000452 -0.134925 -6.880535
v -3.922529 -0.110000 -6.837626
v -3.922540 -0.159534 -6.837603
v -4.000452 -0.134925 -6.880535
v -3.810032 -0.136353 -7.210351
v -1.519396 -0.126293 -5.131516
v -1.519396 -0.148024 -5.122515
v -1.849166 -0.148025 -5.122515
v -1.849166 -0.148025 -5.122515
v -1.849166 -0.126293 -5.131516
v -1.519396 -0.126293 -5.131516
v -1.519396 -0.148024 -5.122515
v -1.519396 -0.157026 -5.100784
v -1.849166 -0.157026 -5.100783
v -1.849166 -0.157026 -5.100783
v -1.849166 -0.148025 -5.122515
v -1.519396 -0.148024 -5.122515
v -1.519396 -0.157026 -5.100784
v -1.519396 -0.148025 -5.079052
v -1.849166 -0.148025 -5.079051
v -1.849166 -0.148025 -5.079051
v -1.849166 -0.157026 -5.100783
v -1.519396 -0.157026 -5.100784
v -1.519396 -0.148025 -5.079052
v -1.519396 -0.126293 -5.070051
v -1.849166 -0.126293 -5.070051
v -1.849166 -0.126293 -5.070051
v -1.849166 -0.148025 -5.079051
v -1.519396 -0.148025 -5.079052
v -1.519396 -0.126293 -5.070051
v -1.519396 -0.104561 -5.079052
v -1.849166 -0.104561 -5.079051
v -1.849166 -0.104561 -5.079051
v -1.849166 -0.126293 -5.070051
v -1.519396 -0.126293 -5.070051
v -1.519396 -0.104561 -5.079052
v -1.519396 -0.095560 -5.100784
v -1.849166 -0.095560 -5.100783
v -1.849166 -0.095560 -5.100783
v -1.849166 -0.104561 -5.079051
v -1.519396 -0.104561 -5.079052
v -1.519396 -0.095560 -5.100784
v -1.519396 -0.104561 -5.122515
v -1.849166 -0.104561 -5.122515
v -1.849166 -0.104561 -5.122515
v -1.849166 -0.095560 -5.100783
v -1.519396 -0.095560 -5.100784
v -1.519396 -0.104561 -5.122515
v -1.519396 -0.126293 -5.131516
v -1.849166 -0.126293 -5.131516
v -1.849166 -0.126293 -5.131516
v -1.849166 -0.104561 -5.122515
v -1.519396 -0.104561 -5.122515
vn 0.9984 -0.0077 0.0556
vn 0.9969 -0.0499 0.0613
vn 0.9994 -0.0077 0.0343
vn 0.9926 -0.0497 0.1106
vn -0.0302 0.9995 -0.0014
vn -0.0313 0.9995 -0.0032
vn -0.0251 -0.9997 -0.0028
vn -0.0227 -0.9997 0.0009
vn 0.0150 0.9962 -0.0861
vn 0.0143 0.9961 -0.0872
vn 0.0167 -0.9967 -0.0793
vn 0.0172 -0.9968 -0.0786
vn -0.2750 0.9276 0.2530
vn -0.2814 0.9217 0.2668
vn -0.1193 -0.9875 0.1029
vn -0.1476 -0.9764 0.1577
vn -0.1413 0.9877 -0.0668
vn -0.1218 0.9912 -0.0524
vn -0.0610 -0.9977 -0.0290
vn -0.1076 -0.9922 -0.0631
vn -0.0960 0.9904 -0.0990
vn -0.0928 -0.9916 -0.0897
vn -0.2863 0.9457 0.1537
vn -0.1021 -0.9943 0.0304
vn -0.0268 0.9996 -0.0032
vn -0.0260 0.9996 -0.0121
vn -0.0216 -0.9998 -0.0028
vn -0.0209 -0.9997 -0.0099
vn 0.0155 0.9961 -0.0872
vn 0.0149 0.9958 -0.0903
vn 0.0174 -0.9967 -0.0792
vn 0.0171 -0.9966 -0.0810
vn -0.1862 0.9688 0.1636
vn -0.2072 0.9591 0.1928
vn -0.0632 -0.9972 0.0409
vn -0.0670 -0.9967 0.0461
vn 1.0000 -0.0000 -0.0000
vn -0.2313 0.9669 -0.1079
vn -0.2433 0.9628 -0.1175
vn -0.1886 -0.9766 -0.1038
vn -0.2295 -0.9638 -0.1360
vn -0.3899 0.9091 0.1470
vn -0.2764 -0.9606 0.0283
vn -0.2320 0.9629 -0.1381
vn -0.2327 -0.9638 -0.1302
vn -0.0000 -0.3827 -0.9239
vn -0.0000 -0.3826 -0.9239
vn -0.0000 -0.9239 -0.3827
vn -0.0000 -0.9239 0.3827
vn -0.0000 -0.3827 0.9239
vn -0.0000 -0.3826 0.9239
vn -0.0000 0.3826 0.9239
vn -0.0000 0.3827 0.9239
vn -0.0000 0.9239 0.3827
vn -0.0000 0.9239 -0.3827
vn -0.0000 0.3826 -0.9239
vn -0.0000 0.3827 -0.9239
vt 0.927862 -0.853454
vt 0.927880 -0.927642
vt 0.937988 -0.853454
vt 0.937816 -0.927642
vt 0.933153 -0.792579
vt 0.934208 -0.948030
vt 0.737720 -0.831649
vt 0.733586 -0.905838
vt 0.783237 -0.874694
vt 0.783276 -0.933494
vt 0.872749 -0.825823
vt 0.922362 -0.853455
vt 0.872789 -0.884880
vt 0.917808 -0.927642
vt 0.731538 -0.966713
vt 0.783276 -0.976361
vt 0.872749 -0.782932
vt 0.924487 -0.792579
vt 0.740308 -0.811261
vt 0.783237 -0.855525
vt 0.872789 -0.903766
vt 0.915718 -0.948030
vt 0.853715 -0.939980
vt 0.841559 -0.965588
vt 0.858061 -0.942995
vt 0.845554 -0.967788
vt 0.802300 -0.819335
vt 0.797960 -0.816308
vt 0.814466 -0.793706
vt 0.810471 -0.791506
vt 0.839786 -0.986899
vt 0.816240 -0.772395
vt 0.858142 -0.930024
vt 0.797883 -0.829269
vt 0.783237 -0.838822
vt 0.872789 -0.920470
vt 0.890821 -0.980027
vt 0.890313 -0.963324
vt 0.884764 -0.944154
vt 0.892282 -0.944436
vt 0.862406 -0.946010
vt 0.849549 -0.969988
vt 0.793619 -0.813282
vt 0.806477 -0.789305
vt 0.207637 -0.138713
vt 0.207637 -0.155621
vt 0.205139 -0.138713
vt 0.205139 -0.155621
vt 0.209768 -0.138713
vt 0.209768 -0.155621
vt 0.202640 -0.138713
vt 0.202640 -0.155621
vt 0.200510 -0.138713
vt 0.200510 -0.155621
s 1
usemtl default.066
f 1259/470/495 1260/471/495 1258/472/495
f 1262/473/496 1263/472/496 1261/471/496
f 1265/472/497 1266/474/497 1264/470/497
f 1268/473/498 1269/471/498 1267/475/498
f 1271/476/499 1272/477/499 1270/478/499
f 1274/479/500 1275/478/500 1273/477/500
f 1277/480/501 1278/481/501 1276/482/501
f 1280/483/502 1281/482/502 1279/481/502
f 1283/477/503 1284/484/503 1282/479/503
f 1286/485/504 1287/479/504 1285/484/504
f 1289/486/505 1290/487/505 1288/480/505
f 1292/481/506 1293/480/506 1291/487/506
f 1295/488/507 1296/476/507 1294/489/507
f 1298/478/508 1299/489/508 1297/476/508
f 1301/482/509 1302/483/509 1300/490/509
f 1304/491/510 1305/490/510 1303/483/510
f 1307/492/511 1308/493/511 1306/494/511
f 1310/495/512 1311/494/512 1309/493/512
f 1313/496/513 1314/497/513 1312/498/513
f 1316/499/514 1317/498/514 1315/497/514
f 1319/495/515 1320/493/515 1318/500/515
f 1322/499/516 1323/501/516 1321/498/516
f 1325/494/517 1326/502/517 1324/492/517
f 1328/497/518 1329/496/518 1327/503/518
f 1331/478/519 1332/479/519 1330/492/519
f 1334/493/520 1335/492/520 1333/479/520
f 1337/482/521 1338/496/521 1336/480/521
f 1340/498/522 1341/480/522 1339/496/522
f 1343/479/523 1344/485/523 1342/493/523
f 1346/500/524 1347/493/524 1345/485/524
f 1349/480/525 1350/498/525 1348/486/525
f 1352/501/526 1353/486/526 1351/498/526
f 1355/504/527 1356/478/527 1354/502/527
f 1358/492/528 1359/502/528 1357/478/528
f 1361/505/529 1362/503/529 1360/482/529
f 1364/496/530 1365/482/530 1363/503/530
f 1367/506/531 1368/507/531 1366/508/531
f 1370/506/531 1371/509/531 1369/507/531
f 1373/494/532 1374/495/532 1372/510/532
f 1376/511/533 1377/510/533 1375/495/533
f 1379/497/534 1380/512/534 1378/499/534
f 1382/513/535 1383/499/535 1381/512/535
f 1385/510/536 1386/502/536 1384/494/536
f 1388/512/537 1389/497/537 1387/503/537
f 1391/511/538 1392/495/538 1390/500/538
f 1394/513/539 1395/501/539 1393/499/539
f 1397/514/540 1398/515/540 1396/516/540
f 1400/517/541 1401/516/541 1399/515/541
f 1403/518/542 1404/519/542 1402/514/542
f 1406/515/542 1407/514/542 1405/519/542
f 1409/514/543 1410/515/543 1408/518/543
f 1412/519/543 1413/518/543 1411/515/543
f 1415/516/544 1416/517/544 1414/514/544
f 1418/515/545 1419/514/545 1417/517/545
f 1421/520/546 1422/521/546 1420/516/546
f 1424/517/547 1425/516/547 1423/521/547
f 1427/522/548 1428/523/548 1426/520/548
f 1430/521/548 1431/520/548 1429/523/548
f 1433/520/549 1434/521/549 1432/522/549
f 1436/523/549 1437/522/549 1435/521/549
f 1439/516/550 1440/517/550 1438/520/550
f 1442/521/551 1443/520/551 1441/517/551
o F-15C_Eagle_EngineL01
v 0.187561 -0.182782 -4.836861
v 0.220760 -0.176178 -4.759981
v 0.251080 -0.271745 -4.759981
v 0.251080 -0.271745 -4.759981
v 0.219884 -0.284667 -4.836861
v 0.187561 -0.182782 -4.836861
v 0.269072 -0.379567 -4.836861
v 0.297217 -0.360761 -4.759981
v 0.361801 -0.437451 -4.759981
v 0.361801 -0.437451 -4.759981
v 0.337925 -0.461327 -4.836861
v 0.269072 -0.379567 -4.836861
v 0.419685 -0.530180 -4.836861
v 0.438491 -0.502034 -4.759981
v 0.527506 -0.548172 -4.759981
v 0.527506 -0.548172 -4.759981
v 0.514585 -0.579367 -4.836861
v 0.419685 -0.530180 -4.836861
v 0.616470 -0.611691 -4.836861
v 0.623074 -0.578491 -4.759981
v 0.722969 -0.587052 -4.759981
v 0.722969 -0.587052 -4.759981
v 0.722969 -0.620817 -4.836861
v 0.616470 -0.611691 -4.836861
v 0.829469 -0.611691 -4.836861
v 0.822865 -0.578491 -4.759981
v 0.918433 -0.548172 -4.759981
v 0.918433 -0.548172 -4.759981
v 0.931354 -0.579367 -4.836861
v 0.829469 -0.611691 -4.836861
v 1.026254 -0.530180 -4.836861
v 1.007448 -0.502034 -4.759981
v 1.084138 -0.437451 -4.759981
v 1.084138 -0.437451 -4.759981
v 1.108014 -0.461327 -4.836861
v 1.026254 -0.530180 -4.836861
v 1.176867 -0.379567 -4.836861
v 1.148721 -0.360761 -4.759981
v 1.194859 -0.271745 -4.759981
v 1.194859 -0.271745 -4.759981
v 1.226054 -0.284667 -4.836861
v 1.176867 -0.379567 -4.836861
v 1.258378 -0.182781 -4.836861
v 1.225178 -0.176178 -4.759981
v 1.233739 -0.076282 -4.759981
v 1.233739 -0.076282 -4.759981
v 1.267505 -0.076282 -4.836863
v 1.258378 -0.182781 -4.836861
v 1.258378 0.030217 -4.836863
v 1.225178 0.023614 -4.759981
v 1.194859 0.119181 -4.759981
v 1.194859 0.119181 -4.759981
v 1.226054 0.132103 -4.836863
v 1.258378 0.030217 -4.836863
v 1.176867 0.227003 -4.836863
v 1.148721 0.208197 -4.759981
v 1.084138 0.284887 -4.759981
v 1.084138 0.284887 -4.759981
v 1.108014 0.308763 -4.836863
v 1.176867 0.227003 -4.836863
v 1.026254 0.377616 -4.836863
v 1.007448 0.349470 -4.759981
v 0.918432 0.395608 -4.759981
v 0.918432 0.395608 -4.759981
v 0.931354 0.426803 -4.836863
v 1.026254 0.377616 -4.836863
v 0.829469 0.459127 -4.836863
v 0.822865 0.425927 -4.759981
v 0.722969 0.434488 -4.759981
v 0.722969 0.434488 -4.759981
v 0.722969 0.468253 -4.836863
v 0.829469 0.459127 -4.836863
v 0.616470 0.459127 -4.836863
v 0.623074 0.425927 -4.759981
v 0.527506 0.395608 -4.759981
v 0.527506 0.395608 -4.759981
v 0.514585 0.426803 -4.836863
v 0.616470 0.459127 -4.836863
v 0.419685 0.377616 -4.836863
v 0.438491 0.349470 -4.759981
v 0.361801 0.284887 -4.759981
v 0.361801 0.284887 -4.759981
v 0.337925 0.308763 -4.836863
v 0.419685 0.377616 -4.836863
v 0.269072 0.227003 -4.836863
v 0.297217 0.208196 -4.759981
v 0.251080 0.119181 -4.759981
v 0.251080 0.119181 -4.759981
v 0.219884 0.132103 -4.836863
v 0.269072 0.227003 -4.836863
v 0.187561 0.030217 -4.836863
v 0.220760 0.023613 -4.759981
v 0.212200 -0.076282 -4.759981
v 0.212200 -0.076282 -4.759981
v 0.178434 -0.076282 -4.836863
v 0.187561 0.030217 -4.836863
v 0.422811 -0.199642 -4.962801
v 0.398273 -0.076282 -4.962801
v 0.279868 -0.076282 -4.269388
v 0.279868 -0.076282 -4.269388
v 0.313597 -0.245850 -4.269388
v 0.422811 -0.199642 -4.962801
v 0.492689 -0.304221 -4.962801
v 0.422811 -0.199642 -4.962801
v 0.313597 -0.245850 -4.269388
v 0.313597 -0.245850 -4.269388
v 0.409649 -0.389603 -4.269388
v 0.492689 -0.304221 -4.962801
v 0.597268 -0.374099 -4.962801
v 0.492689 -0.304221 -4.962801
v 0.409649 -0.389603 -4.269388
v 0.409649 -0.389603 -4.269388
v 0.553402 -0.485655 -4.269388
v 0.597268 -0.374099 -4.962801
v 0.720628 -0.398637 -4.962801
v 0.597268 -0.374099 -4.962801
v 0.553402 -0.485655 -4.269388
v 0.553402 -0.485655 -4.269388
v 0.722970 -0.519384 -4.269388
v 0.720628 -0.398637 -4.962801
v 0.843987 -0.374099 -4.962801
v 0.720628 -0.398637 -4.962801
v 0.722970 -0.519384 -4.269388
v 0.722970 -0.519384 -4.269388
v 0.892538 -0.485655 -4.269388
v 0.843987 -0.374099 -4.962801
v 0.948567 -0.304221 -4.962801
v 0.843987 -0.374099 -4.962801
v 0.892538 -0.485655 -4.269388
v 0.892538 -0.485655 -4.269388
v 1.036290 -0.389603 -4.269388
v 0.948567 -0.304221 -4.962801
v 1.018444 -0.199642 -4.962801
v 0.948567 -0.304221 -4.962801
v 1.036290 -0.389603 -4.269388
v 1.036290 -0.389603 -4.269388
v 1.132342 -0.245850 -4.269388
v 1.018444 -0.199642 -4.962801
v 1.042982 -0.076282 -4.962801
v 1.018444 -0.199642 -4.962801
v 1.132342 -0.245850 -4.269388
v 1.132342 -0.245850 -4.269388
v 1.166071 -0.076282 -4.269388
v 1.042982 -0.076282 -4.962801
v 1.018444 0.047077 -4.962801
v 1.042982 -0.076282 -4.962801
v 1.166071 -0.076282 -4.269388
v 1.166071 -0.076282 -4.269388
v 1.132342 0.093286 -4.269388
v 1.018444 0.047077 -4.962801
v 0.948567 0.151657 -4.962801
v 1.018444 0.047077 -4.962801
v 1.132342 0.093286 -4.269388
v 1.132342 0.093286 -4.269388
v 1.036290 0.237038 -4.269388
v 0.948567 0.151657 -4.962801
v 0.843987 0.221534 -4.962801
v 0.948567 0.151657 -4.962801
v 1.036290 0.237038 -4.269388
v 1.036290 0.237038 -4.269388
v 0.892537 0.333091 -4.269388
v 0.843987 0.221534 -4.962801
v 0.720628 0.246072 -4.962801
v 0.843987 0.221534 -4.962801
v 0.892537 0.333091 -4.269388
v 0.892537 0.333091 -4.269388
v 0.722970 0.366820 -4.269388
v 0.720628 0.246072 -4.962801
v 0.597268 0.221534 -4.962801
v 0.720628 0.246072 -4.962801
v 0.722970 0.366820 -4.269388
v 0.722970 0.366820 -4.269388
v 0.553402 0.333091 -4.269388
v 0.597268 0.221534 -4.962801
v 0.492689 0.151657 -4.962801
v 0.597268 0.221534 -4.962801
v 0.553402 0.333091 -4.269388
v 0.553402 0.333091 -4.269388
v 0.409649 0.237038 -4.269388
v 0.492689 0.151657 -4.962801
v 0.422811 0.047077 -4.962801
v 0.492689 0.151657 -4.962801
v 0.409649 0.237038 -4.269388
v 0.409649 0.237038 -4.269388
v 0.313597 0.093286 -4.269388
v 0.422811 0.047077 -4.962801
v 0.398273 -0.076282 -4.962801
v 0.422811 0.047077 -4.962801
v 0.313597 0.093286 -4.269388
v 0.313597 0.093286 -4.269388
v 0.279868 -0.076282 -4.269388
v 0.398273 -0.076282 -4.962801
v 0.279868 -0.076282 -4.269388
v 0.722969 -0.076282 -4.269388
v 0.313597 -0.245850 -4.269388
v 0.313597 -0.245850 -4.269388
v 0.722969 -0.076282 -4.269388
v 0.409649 -0.389603 -4.269388
v 0.409649 -0.389603 -4.269388
v 0.722969 -0.076282 -4.269388
v 0.553402 -0.485655 -4.269388
v 0.553402 -0.485655 -4.269388
v 0.722969 -0.076282 -4.269388
v 0.722970 -0.519384 -4.269388
v 0.722970 -0.519384 -4.269388
v 0.722969 -0.076282 -4.269388
v 0.892538 -0.485655 -4.269388
v 0.892538 -0.485655 -4.269388
v 0.722969 -0.076282 -4.269388
v 1.036290 -0.389603 -4.269388
v 1.036290 -0.389603 -4.269388
v 0.722969 -0.076282 -4.269388
v 1.132342 -0.245850 -4.269388
v 1.132342 -0.245850 -4.269388
v 0.722969 -0.076282 -4.269388
v 1.166071 -0.076282 -4.269388
v 1.166071 -0.076282 -4.269388
v 0.722969 -0.076282 -4.269388
v 1.132342 0.093286 -4.269388
v 1.132342 0.093286 -4.269388
v 0.722969 -0.076282 -4.269388
v 1.036290 0.237038 -4.269388
v 1.036290 0.237038 -4.269388
v 0.722969 -0.076282 -4.269388
v 0.892537 0.333091 -4.269388
v 0.892537 0.333091 -4.269388
v 0.722969 -0.076282 -4.269388
v 0.722970 0.366820 -4.269388
v 0.722970 0.366820 -4.269388
v 0.722969 -0.076282 -4.269388
v 0.553402 0.333091 -4.269388
v 0.553402 0.333091 -4.269388
v 0.722969 -0.076282 -4.269388
v 0.409649 0.237038 -4.269388
v 0.409649 0.237038 -4.269388
v 0.722969 -0.076282 -4.269388
v 0.313597 0.093286 -4.269388
v 0.313597 0.093286 -4.269388
v 0.722969 -0.076282 -4.269388
v 0.279868 -0.076282 -4.269388
v 0.409416 -0.076282 -5.641935
v 0.432928 -0.194482 -5.641935
v 0.387815 -0.211260 -5.037733
v 0.387815 -0.211260 -5.037733
v 0.361592 -0.073138 -5.037735
v 0.409416 -0.076282 -5.641935
v 0.432928 -0.194482 -5.641935
v 0.499882 -0.294686 -5.641935
v 0.464899 -0.328832 -5.037733
v 0.464899 -0.328832 -5.037733
v 0.387815 -0.211260 -5.037733
v 0.432928 -0.194482 -5.641935
v 0.499882 -0.294686 -5.641935
v 0.600087 -0.361641 -5.641935
v 0.581108 -0.407956 -5.037733
v 0.581108 -0.407956 -5.037733
v 0.464899 -0.328832 -5.037733
v 0.499882 -0.294686 -5.641935
v 0.600087 -0.361641 -5.641935
v 0.718286 -0.385152 -5.641935
v 0.718751 -0.436586 -5.037733
v 0.718751 -0.436586 -5.037733
v 0.581108 -0.407956 -5.037733
v 0.600087 -0.361641 -5.641935
v 0.718286 -0.385152 -5.641935
v 0.836485 -0.361641 -5.641935
v 0.856873 -0.410363 -5.037733
v 0.856873 -0.410363 -5.037733
v 0.718751 -0.436586 -5.037733
v 0.718286 -0.385152 -5.641935
v 0.836485 -0.361641 -5.641935
v 0.936689 -0.294686 -5.641935
v 0.974446 -0.333279 -5.037733
v 0.974446 -0.333279 -5.037733
v 0.856873 -0.410363 -5.037733
v 0.836485 -0.361641 -5.641935
v 0.936689 -0.294686 -5.641935
v 1.003644 -0.194482 -5.641935
v 1.053570 -0.217070 -5.037733
v 1.053570 -0.217070 -5.037733
v 0.974446 -0.333279 -5.037733
v 0.936689 -0.294686 -5.641935
v 1.003644 -0.194482 -5.641935
v 1.027155 -0.076282 -5.641935
v 1.082199 -0.079426 -5.037733
v 1.082199 -0.079426 -5.037733
v 1.053570 -0.217070 -5.037733
v 1.003644 -0.194482 -5.641935
v 1.027155 -0.076282 -5.641935
v 1.003644 0.041917 -5.641935
v 1.055976 0.058695 -5.037733
v 1.055976 0.058695 -5.037733
v 1.082199 -0.079426 -5.037733
v 1.027155 -0.076282 -5.641935
v 1.003644 0.041917 -5.641935
v 0.936689 0.142121 -5.641935
v 0.978892 0.176268 -5.037733
v 0.978892 0.176268 -5.037733
v 1.055976 0.058695 -5.037733
v 1.003644 0.041917 -5.641935
v 0.936689 0.142121 -5.641935
v 0.836485 0.209076 -5.641935
v 0.862683 0.255392 -5.037733
v 0.862683 0.255392 -5.037733
v 0.978892 0.176268 -5.037733
v 0.936689 0.142121 -5.641935
v 0.836485 0.209076 -5.641935
v 0.718286 0.232587 -5.641935
v 0.725040 0.284022 -5.037733
v 0.725040 0.284022 -5.037733
v 0.862683 0.255392 -5.037733
v 0.836485 0.209076 -5.641935
v 0.718286 0.232587 -5.641935
v 0.600087 0.209076 -5.641935
v 0.586918 0.257799 -5.037733
v 0.586918 0.257799 -5.037733
v 0.725040 0.284022 -5.037733
v 0.718286 0.232587 -5.641935
v 0.600087 0.209076 -5.641935
v 0.499882 0.142121 -5.641935
v 0.469346 0.180715 -5.037733
v 0.469346 0.180715 -5.037733
v 0.586918 0.257799 -5.037733
v 0.600087 0.209076 -5.641935
v 0.499882 0.142121 -5.641935
v 0.432928 0.041917 -5.641935
v 0.390221 0.064505 -5.037733
v 0.390221 0.064505 -5.037733
v 0.469346 0.180715 -5.037733
v 0.499882 0.142121 -5.641935
v 0.432928 0.041917 -5.641935
v 0.409416 -0.076282 -5.641935
v 0.361592 -0.073138 -5.037735
v 0.361592 -0.073138 -5.037735
v 0.390221 0.064505 -5.037733
v 0.432928 0.041917 -5.641935
v 0.387815 -0.211260 -5.037733
v 0.251080 -0.271745 -4.759981
v 0.220760 -0.176178 -4.759981
v 0.387815 -0.211260 -5.037733
v 0.220760 -0.176178 -4.759981
v 0.212200 -0.076282 -4.759981
v 0.387815 -0.211260 -5.037733
v 0.212200 -0.076282 -4.759981
v 0.361592 -0.073138 -5.037735
v 0.464899 -0.328832 -5.037733
v 0.361801 -0.437451 -4.759981
v 0.297217 -0.360761 -4.759981
v 0.464899 -0.328832 -5.037733
v 0.297217 -0.360761 -4.759981
v 0.251080 -0.271745 -4.759981
v 0.464899 -0.328832 -5.037733
v 0.251080 -0.271745 -4.759981
v 0.387815 -0.211260 -5.037733
v 0.581108 -0.407956 -5.037733
v 0.527506 -0.548172 -4.759981
v 0.438491 -0.502034 -4.759981
v 0.581108 -0.407956 -5.037733
v 0.438491 -0.502034 -4.759981
v 0.361801 -0.437451 -4.759981
v 0.581108 -0.407956 -5.037733
v 0.361801 -0.437451 -4.759981
v 0.464899 -0.328832 -5.037733
v 0.718751 -0.436586 -5.037733
v 0.722969 -0.587052 -4.759981
v 0.623074 -0.578491 -4.759981
v 0.718751 -0.436586 -5.037733
v 0.623074 -0.578491 -4.759981
v 0.527506 -0.548172 -4.759981
v 0.718751 -0.436586 -5.037733
v 0.527506 -0.548172 -4.759981
v 0.581108 -0.407956 -5.037733
v 0.856873 -0.410363 -5.037733
v 0.918433 -0.548172 -4.759981
v 0.822865 -0.578491 -4.759981
v 0.856873 -0.410363 -5.037733
v 0.822865 -0.578491 -4.759981
v 0.722969 -0.587052 -4.759981
v 0.856873 -0.410363 -5.037733
v 0.722969 -0.587052 -4.759981
v 0.718751 -0.436586 -5.037733
v 0.974446 -0.333279 -5.037733
v 1.084138 -0.437451 -4.759981
v 1.007448 -0.502034 -4.759981
v 0.974446 -0.333279 -5.037733
v 1.007448 -0.502034 -4.759981
v 0.918433 -0.548172 -4.759981
v 0.974446 -0.333279 -5.037733
v 0.918433 -0.548172 -4.759981
v 0.856873 -0.410363 -5.037733
v 1.053570 -0.217070 -5.037733
v 1.194859 -0.271745 -4.759981
v 1.148721 -0.360761 -4.759981
v 1.053570 -0.217070 -5.037733
v 1.148721 -0.360761 -4.759981
v 1.084138 -0.437451 -4.759981
v 1.053570 -0.217070 -5.037733
v 1.084138 -0.437451 -4.759981
v 0.974446 -0.333279 -5.037733
v 1.082199 -0.079426 -5.037733
v 1.233739 -0.076282 -4.759981
v 1.225178 -0.176178 -4.759981
v 1.082199 -0.079426 -5.037733
v 1.225178 -0.176178 -4.759981
v 1.194859 -0.271745 -4.759981
v 1.082199 -0.079426 -5.037733
v 1.194859 -0.271745 -4.759981
v 1.053570 -0.217070 -5.037733
v 1.055976 0.058695 -5.037733
v 1.194859 0.119181 -4.759981
v 1.225178 0.023614 -4.759981
v 1.055976 0.058695 -5.037733
v 1.225178 0.023614 -4.759981
v 1.233739 -0.076282 -4.759981
v 1.055976 0.058695 -5.037733
v 1.233739 -0.076282 -4.759981
v 1.082199 -0.079426 -5.037733
v 0.978892 0.176268 -5.037733
v 1.084138 0.284887 -4.759981
v 1.148721 0.208197 -4.759981
v 0.978892 0.176268 -5.037733
v 1.148721 0.208197 -4.759981
v 1.194859 0.119181 -4.759981
v 0.978892 0.176268 -5.037733
v 1.194859 0.119181 -4.759981
v 1.055976 0.058695 -5.037733
v 0.862683 0.255392 -5.037733
v 0.918432 0.395608 -4.759981
v 1.007448 0.349470 -4.759981
v 0.862683 0.255392 -5.037733
v 1.007448 0.349470 -4.759981
v 1.084138 0.284887 -4.759981
v 0.862683 0.255392 -5.037733
v 1.084138 0.284887 -4.759981
v 0.978892 0.176268 -5.037733
v 0.725040 0.284022 -5.037733
v 0.722969 0.434488 -4.759981
v 0.822865 0.425927 -4.759981
v 0.725040 0.284022 -5.037733
v 0.822865 0.425927 -4.759981
v 0.918432 0.395608 -4.759981
v 0.725040 0.284022 -5.037733
v 0.918432 0.395608 -4.759981
v 0.862683 0.255392 -5.037733
v 0.586918 0.257799 -5.037733
v 0.527506 0.395608 -4.759981
v 0.623074 0.425927 -4.759981
v 0.586918 0.257799 -5.037733
v 0.623074 0.425927 -4.759981
v 0.722969 0.434488 -4.759981
v 0.586918 0.257799 -5.037733
v 0.722969 0.434488 -4.759981
v 0.725040 0.284022 -5.037733
v 0.469346 0.180715 -5.037733
v 0.361801 0.284887 -4.759981
v 0.438491 0.349470 -4.759981
v 0.469346 0.180715 -5.037733
v 0.438491 0.349470 -4.759981
v 0.527506 0.395608 -4.759981
v 0.469346 0.180715 -5.037733
v 0.527506 0.395608 -4.759981
v 0.586918 0.257799 -5.037733
v 0.390221 0.064505 -5.037733
v 0.251080 0.119181 -4.759981
v 0.297217 0.208196 -4.759981
v 0.390221 0.064505 -5.037733
v 0.297217 0.208196 -4.759981
v 0.361801 0.284887 -4.759981
v 0.390221 0.064505 -5.037733
v 0.361801 0.284887 -4.759981
v 0.469346 0.180715 -5.037733
v 0.361592 -0.073138 -5.037735
v 0.212200 -0.076282 -4.759981
v 0.220760 0.023613 -4.759981
v 0.361592 -0.073138 -5.037735
v 0.220760 0.023613 -4.759981
v 0.251080 0.119181 -4.759981
v 0.361592 -0.073138 -5.037735
v 0.251080 0.119181 -4.759981
v 0.390221 0.064505 -5.037733
v 0.942284 0.150465 -5.548550
v 1.103481 0.308238 -4.759979
v 1.095728 0.281884 -4.759979
v 1.095728 0.281884 -4.759979
v 0.953298 0.141421 -5.511484
v 0.942284 0.150465 -5.548550
v 1.076681 0.300602 -4.759979
v 1.103481 0.308238 -4.759979
v 0.942284 0.150465 -5.548550
v 0.942284 0.150465 -5.548550
v 0.933046 0.161322 -5.511484
v 1.076681 0.300602 -4.759979
v 0.933046 0.161322 -5.511484
v 0.953298 0.141421 -5.511484
v 1.095728 0.281884 -4.759979
v 1.095728 0.281884 -4.759979
v 1.076681 0.300602 -4.759979
v 0.933046 0.161322 -5.511484
v 1.036378 -0.070978 -5.548550
v 1.265588 -0.074330 -4.759979
v 1.241471 -0.087483 -4.759979
v 1.241471 -0.087483 -4.759979
v 1.037771 -0.085162 -5.511484
v 1.036378 -0.070978 -5.548550
v 1.241238 -0.060779 -4.759979
v 1.265588 -0.074330 -4.759979
v 1.036378 -0.070978 -5.548550
v 1.036378 -0.070978 -5.548550
v 1.037523 -0.056769 -5.511484
v 1.241238 -0.060779 -4.759979
v 1.037523 -0.056769 -5.511484
v 1.037771 -0.085162 -5.511484
v 1.241471 -0.087483 -4.759979
v 1.241471 -0.087483 -4.759979
v 1.241238 -0.060779 -4.759979
v 1.037523 -0.056769 -5.511484
v 0.946329 -0.294097 -5.548550
v 1.109698 -0.459473 -4.759979
v 1.083344 -0.451721 -4.759979
v 1.083344 -0.451721 -4.759979
v 0.937284 -0.305111 -5.511484
v 0.946329 -0.294097 -5.548550
v 1.102062 -0.432673 -4.759979
v 1.109698 -0.459473 -4.759979
v 0.946329 -0.294097 -5.548550
v 0.946329 -0.294097 -5.548550
v 0.957185 -0.284859 -5.511484
v 1.102062 -0.432673 -4.759979
v 0.957185 -0.284859 -5.511484
v 0.937284 -0.305111 -5.511484
v 1.083344 -0.451721 -4.759979
v 1.083344 -0.451721 -4.759979
v 1.102062 -0.432673 -4.759979
v 0.957185 -0.284859 -5.511484
v 0.724886 -0.388191 -5.548550
v 0.727130 -0.621580 -4.759979
v 0.713977 -0.597463 -4.759979
v 0.713977 -0.597463 -4.759979
v 0.710702 -0.389583 -5.511484
v 0.724886 -0.388191 -5.548550
v 0.740681 -0.597230 -4.759979
v 0.727130 -0.621580 -4.759979
v 0.724886 -0.388191 -5.548550
v 0.724886 -0.388191 -5.548550
v 0.739094 -0.389336 -5.511484
v 0.740681 -0.597230 -4.759979
v 0.739094 -0.389336 -5.511484
v 0.710702 -0.389583 -5.511484
v 0.713977 -0.597463 -4.759979
v 0.713977 -0.597463 -4.759979
v 0.740681 -0.597230 -4.759979
v 0.739094 -0.389336 -5.511484
v 0.501767 -0.298142 -5.548550
v 0.341987 -0.465690 -4.759979
v 0.349740 -0.439336 -4.759979
v 0.349740 -0.439336 -4.759979
v 0.490753 -0.289097 -5.511484
v 0.501767 -0.298142 -5.548550
v 0.368787 -0.458054 -4.759979
v 0.341987 -0.465690 -4.759979
v 0.501767 -0.298142 -5.548550
v 0.501767 -0.298142 -5.548550
v 0.511004 -0.308998 -5.511484
v 0.368787 -0.458054 -4.759979
v 0.511004 -0.308998 -5.511484
v 0.490753 -0.289097 -5.511484
v 0.349740 -0.439336 -4.759979
v 0.349740 -0.439336 -4.759979
v 0.368787 -0.458054 -4.759979
v 0.511004 -0.308998 -5.511484
v 0.407672 -0.076698 -5.548550
v 0.179881 -0.083122 -4.759979
v 0.203997 -0.069969 -4.759979
v 0.203997 -0.069969 -4.759979
v 0.406280 -0.062515 -5.511484
v 0.407672 -0.076698 -5.548550
v 0.204231 -0.096673 -4.759979
v 0.179881 -0.083122 -4.759979
v 0.407672 -0.076698 -5.548550
v 0.407672 -0.076698 -5.548550
v 0.406528 -0.090907 -5.511484
v 0.204231 -0.096673 -4.759979
v 0.406528 -0.090907 -5.511484
v 0.406280 -0.062515 -5.511484
v 0.203997 -0.069969 -4.759979
v 0.203997 -0.069969 -4.759979
v 0.204231 -0.096673 -4.759979
v 0.406528 -0.090907 -5.511484
v 0.497722 0.146420 -5.548550
v 0.335770 0.302021 -4.759979
v 0.362124 0.294268 -4.759979
v 0.362124 0.294268 -4.759979
v 0.506766 0.157434 -5.511484
v 0.497722 0.146420 -5.548550
v 0.343406 0.275221 -4.759979
v 0.335770 0.302021 -4.759979
v 0.497722 0.146420 -5.548550
v 0.497722 0.146420 -5.548550
v 0.486865 0.137183 -5.511484
v 0.343406 0.275221 -4.759979
v 0.486865 0.137183 -5.511484
v 0.506766 0.157434 -5.511484
v 0.362124 0.294268 -4.759979
v 0.362124 0.294268 -4.759979
v 0.343406 0.275221 -4.759979
v 0.486865 0.137183 -5.511484
v 0.719165 0.240515 -5.548550
v 0.718338 0.464127 -4.759979
v 0.731491 0.440011 -4.759979
v 0.731491 0.440011 -4.759979
v 0.733348 0.241907 -5.511484
v 0.719165 0.240515 -5.548550
v 0.704787 0.439777 -4.759979
v 0.718338 0.464127 -4.759979
v 0.719165 0.240515 -5.548550
v 0.719165 0.240515 -5.548550
v 0.704956 0.241659 -5.511484
v 0.704787 0.439777 -4.759979
v 0.704956 0.241659 -5.511484
v 0.733348 0.241907 -5.511484
v 0.731491 0.440011 -4.759979
v 0.731491 0.440011 -4.759979
v 0.704787 0.439777 -4.759979
v 0.704956 0.241659 -5.511484
v 0.212200 -0.076282 -4.759981
v 0.220760 -0.176178 -4.759981
v 0.187561 -0.182782 -4.836861
v 0.187561 -0.182782 -4.836861
v 0.178434 -0.076282 -4.836863
v 0.212200 -0.076282 -4.759981
v 0.251080 -0.271745 -4.759981
v 0.297217 -0.360761 -4.759981
v 0.269072 -0.379567 -4.836861
v 0.269072 -0.379567 -4.836861
v 0.219884 -0.284667 -4.836861
v 0.251080 -0.271745 -4.759981
v 0.361801 -0.437451 -4.759981
v 0.438491 -0.502034 -4.759981
v 0.419685 -0.530180 -4.836861
v 0.419685 -0.530180 -4.836861
v 0.337925 -0.461327 -4.836861
v 0.361801 -0.437451 -4.759981
v 0.527506 -0.548172 -4.759981
v 0.623074 -0.578491 -4.759981
v 0.616470 -0.611691 -4.836861
v 0.616470 -0.611691 -4.836861
v 0.514585 -0.579367 -4.836861
v 0.527506 -0.548172 -4.759981
v 0.722969 -0.587052 -4.759981
v 0.822865 -0.578491 -4.759981
v 0.829469 -0.611691 -4.836861
v 0.829469 -0.611691 -4.836861
v 0.722969 -0.620817 -4.836861
v 0.722969 -0.587052 -4.759981
v 0.918433 -0.548172 -4.759981
v 1.007448 -0.502034 -4.759981
v 1.026254 -0.530180 -4.836861
v 1.026254 -0.530180 -4.836861
v 0.931354 -0.579367 -4.836861
v 0.918433 -0.548172 -4.759981
v 1.084138 -0.437451 -4.759981
v 1.148721 -0.360761 -4.759981
v 1.176867 -0.379567 -4.836861
v 1.176867 -0.379567 -4.836861
v 1.108014 -0.461327 -4.836861
v 1.084138 -0.437451 -4.759981
v 1.194859 -0.271745 -4.759981
v 1.225178 -0.176178 -4.759981
v 1.258378 -0.182781 -4.836861
v 1.258378 -0.182781 -4.836861
v 1.226054 -0.284667 -4.836861
v 1.194859 -0.271745 -4.759981
v 1.233739 -0.076282 -4.759981
v 1.225178 0.023614 -4.759981
v 1.258378 0.030217 -4.836863
v 1.258378 0.030217 -4.836863
v 1.267505 -0.076282 -4.836863
v 1.233739 -0.076282 -4.759981
v 1.194859 0.119181 -4.759981
v 1.148721 0.208197 -4.759981
v 1.176867 0.227003 -4.836863
v 1.176867 0.227003 -4.836863
v 1.226054 0.132103 -4.836863
v 1.194859 0.119181 -4.759981
v 1.084138 0.284887 -4.759981
v 1.007448 0.349470 -4.759981
v 1.026254 0.377616 -4.836863
v 1.026254 0.377616 -4.836863
v 1.108014 0.308763 -4.836863
v 1.084138 0.284887 -4.759981
v 0.918432 0.395608 -4.759981
v 0.822865 0.425927 -4.759981
v 0.829469 0.459127 -4.836863
v 0.829469 0.459127 -4.836863
v 0.931354 0.426803 -4.836863
v 0.918432 0.395608 -4.759981
v 0.722969 0.434488 -4.759981
v 0.623074 0.425927 -4.759981
v 0.616470 0.459127 -4.836863
v 0.616470 0.459127 -4.836863
v 0.722969 0.468253 -4.836863
v 0.722969 0.434488 -4.759981
v 0.527506 0.395608 -4.759981
v 0.438491 0.349470 -4.759981
v 0.419685 0.377616 -4.836863
v 0.419685 0.377616 -4.836863
v 0.514585 0.426803 -4.836863
v 0.527506 0.395608 -4.759981
v 0.361801 0.284887 -4.759981
v 0.297217 0.208196 -4.759981
v 0.269072 0.227003 -4.836863
v 0.269072 0.227003 -4.836863
v 0.337925 0.308763 -4.836863
v 0.361801 0.284887 -4.759981
v 0.251080 0.119181 -4.759981
v 0.220760 0.023613 -4.759981
v 0.187561 0.030217 -4.836863
v 0.187561 0.030217 -4.836863
v 0.219884 0.132103 -4.836863
v 0.251080 0.119181 -4.759981
v 0.416687 -0.076282 -5.656214
v 0.439645 -0.191699 -5.656214
v 0.432928 -0.194482 -5.641935
v 0.432928 -0.194482 -5.641935
v 0.409416 -0.076282 -5.641935
v 0.416687 -0.076282 -5.656214
v 0.439645 -0.191699 -5.656214
v 0.505023 -0.289545 -5.656214
v 0.499882 -0.294686 -5.641935
v 0.499882 -0.294686 -5.641935
v 0.432928 -0.194482 -5.641935
v 0.439645 -0.191699 -5.656214
v 0.505023 -0.289545 -5.656214
v 0.602869 -0.354923 -5.656214
v 0.600087 -0.361641 -5.641935
v 0.600087 -0.361641 -5.641935
v 0.499882 -0.294686 -5.641935
v 0.505023 -0.289545 -5.656214
v 0.602869 -0.354923 -5.656214
v 0.718286 -0.377881 -5.656214
v 0.718286 -0.385152 -5.641935
v 0.718286 -0.385152 -5.641935
v 0.600087 -0.361641 -5.641935
v 0.602869 -0.354923 -5.656214
v 0.718286 -0.377881 -5.656214
v 0.833703 -0.354923 -5.656214
v 0.836485 -0.361641 -5.641935
v 0.836485 -0.361641 -5.641935
v 0.718286 -0.385152 -5.641935
v 0.718286 -0.377881 -5.656214
v 0.833703 -0.354923 -5.656214
v 0.931548 -0.289545 -5.656214
v 0.936689 -0.294686 -5.641935
v 0.936689 -0.294686 -5.641935
v 0.836485 -0.361641 -5.641935
v 0.833703 -0.354923 -5.656214
v 0.931548 -0.289545 -5.656214
v 0.996927 -0.191699 -5.656214
v 1.003644 -0.194482 -5.641935
v 1.003644 -0.194482 -5.641935
v 0.936689 -0.294686 -5.641935
v 0.931548 -0.289545 -5.656214
v 0.996927 -0.191699 -5.656214
v 1.019884 -0.076282 -5.656214
v 1.027155 -0.076282 -5.641935
v 1.027155 -0.076282 -5.641935
v 1.003644 -0.194482 -5.641935
v 0.996927 -0.191699 -5.656214
v 1.019884 -0.076282 -5.656214
v 0.996927 0.039134 -5.656214
v 1.003644 0.041917 -5.641935
v 1.003644 0.041917 -5.641935
v 1.027155 -0.076282 -5.641935
v 1.019884 -0.076282 -5.656214
v 0.996927 0.039134 -5.656214
v 0.931548 0.136980 -5.656214
v 0.936689 0.142121 -5.641935
v 0.936689 0.142121 -5.641935
v 1.003644 0.041917 -5.641935
v 0.996927 0.039134 -5.656214
v 0.931548 0.136980 -5.656214
v 0.833703 0.202358 -5.656214
v 0.836485 0.209076 -5.641935
v 0.836485 0.209076 -5.641935
v 0.936689 0.142121 -5.641935
v 0.931548 0.136980 -5.656214
v 0.833703 0.202358 -5.656214
v 0.718286 0.225316 -5.656214
v 0.718286 0.232587 -5.641935
v 0.718286 0.232587 -5.641935
v 0.836485 0.209076 -5.641935
v 0.833703 0.202358 -5.656214
v 0.718286 0.225316 -5.656214
v 0.602869 0.202358 -5.656214
v 0.600087 0.209076 -5.641935
v 0.600087 0.209076 -5.641935
v 0.718286 0.232587 -5.641935
v 0.718286 0.225316 -5.656214
v 0.602869 0.202358 -5.656214
v 0.505023 0.136980 -5.656214
v 0.499882 0.142121 -5.641935
v 0.499882 0.142121 -5.641935
v 0.600087 0.209076 -5.641935
v 0.602869 0.202358 -5.656214
v 0.505023 0.136980 -5.656214
v 0.439645 0.039134 -5.656214
v 0.432928 0.041917 -5.641935
v 0.432928 0.041917 -5.641935
v 0.499882 0.142121 -5.641935
v 0.505023 0.136980 -5.656214
v 0.439645 0.039134 -5.656214
v 0.416687 -0.076282 -5.656214
v 0.409416 -0.076282 -5.641935
v 0.409416 -0.076282 -5.641935
v 0.432928 0.041917 -5.641935
v 0.439645 0.039134 -5.656214
v 0.839681 0.217681 -5.548550
v 0.926414 0.424487 -4.759979
v 0.929337 0.397173 -4.759979
v 0.929337 0.397173 -4.759979
v 0.853317 0.213539 -5.511484
v 0.839681 0.217681 -5.548550
v 0.904576 0.407177 -4.759979
v 0.926414 0.424487 -4.759979
v 0.839681 0.217681 -5.548550
v 0.839681 0.217681 -5.548550
v 0.826991 0.224176 -5.511484
v 0.904576 0.407177 -4.759979
v 0.826991 0.224176 -5.511484
v 0.853317 0.213539 -5.511484
v 0.929337 0.397173 -4.759979
v 0.929337 0.397173 -4.759979
v 0.904576 0.407177 -4.759979
v 0.826991 0.224176 -5.511484
v 1.011355 0.049102 -5.548550
v 1.222583 0.133076 -4.759979
v 1.205335 0.111695 -4.759979
v 1.205335 0.111695 -4.759979
v 1.018069 0.036531 -5.511484
v 1.011355 0.049102 -5.548550
v 1.194901 0.136278 -4.759979
v 1.222583 0.133076 -4.759979
v 1.011355 0.049102 -5.548550
v 1.011355 0.049102 -5.548550
v 1.006975 0.062667 -5.511484
v 1.194901 0.136278 -4.759979
v 1.006975 0.062667 -5.511484
v 1.018069 0.036531 -5.511484
v 1.205335 0.111695 -4.759979
v 1.205335 0.111695 -4.759979
v 1.194901 0.136278 -4.759979
v 1.006975 0.062667 -5.511484
v 1.013544 -0.191493 -5.548550
v 1.225947 -0.282406 -4.759979
v 1.198633 -0.285329 -4.759979
v 1.198633 -0.285329 -4.759979
v 1.009403 -0.205130 -5.511484
v 1.013544 -0.191493 -5.548550
v 1.208637 -0.260568 -4.759979
v 1.225947 -0.282406 -4.759979
v 1.013544 -0.191493 -5.548550
v 1.013544 -0.191493 -5.548550
v 1.020039 -0.178804 -5.511484
v 1.208637 -0.260568 -4.759979
v 1.020039 -0.178804 -5.511484
v 1.009403 -0.205130 -5.511484
v 1.198633 -0.285329 -4.759979
v 1.198633 -0.285329 -4.759979
v 1.208637 -0.260568 -4.759979
v 1.020039 -0.178804 -5.511484
v 0.844966 -0.363168 -5.548550
v 0.934536 -0.578575 -4.759979
v 0.913156 -0.561328 -4.759979
v 0.913156 -0.561328 -4.759979
v 0.832394 -0.369882 -5.511484
v 0.844966 -0.363168 -5.548550
v 0.937738 -0.550893 -4.759979
v 0.934536 -0.578575 -4.759979
v 0.844966 -0.363168 -5.548550
v 0.844966 -0.363168 -5.548550
v 0.858530 -0.358788 -5.511484
v 0.937738 -0.550893 -4.759979
v 0.858530 -0.358788 -5.511484
v 0.832394 -0.369882 -5.511484
v 0.913156 -0.561328 -4.759979
v 0.913156 -0.561328 -4.759979
v 0.937738 -0.550893 -4.759979
v 0.858530 -0.358788 -5.511484
v 0.604370 -0.365357 -5.548550
v 0.519054 -0.581940 -4.759979
v 0.516132 -0.554625 -4.759979
v 0.516132 -0.554625 -4.759979
v 0.590733 -0.361216 -5.511484
v 0.604370 -0.365357 -5.548550
v 0.540892 -0.564629 -4.759979
v 0.519054 -0.581940 -4.759979
v 0.604370 -0.365357 -5.548550
v 0.604370 -0.365357 -5.548550
v 0.617059 -0.371852 -5.511484
v 0.540892 -0.564629 -4.759979
v 0.617059 -0.371852 -5.511484
v 0.590733 -0.361216 -5.511484
v 0.516132 -0.554625 -4.759979
v 0.516132 -0.554625 -4.759979
v 0.540892 -0.564629 -4.759979
v 0.617059 -0.371852 -5.511484
v 0.432696 -0.196778 -5.548550
v 0.222885 -0.290529 -4.759979
v 0.240133 -0.269148 -4.759979
v 0.240133 -0.269148 -4.759979
v 0.425981 -0.184207 -5.511484
v 0.432696 -0.196778 -5.548550
v 0.250567 -0.293730 -4.759979
v 0.222885 -0.290529 -4.759979
v 0.432696 -0.196778 -5.548550
v 0.432696 -0.196778 -5.548550
v 0.437075 -0.210343 -5.511484
v 0.250567 -0.293730 -4.759979
v 0.437075 -0.210343 -5.511484
v 0.425981 -0.184207 -5.511484
v 0.240133 -0.269148 -4.759979
v 0.240133 -0.269148 -4.759979
v 0.250567 -0.293730 -4.759979
v 0.437075 -0.210343 -5.511484
v 0.430507 0.043817 -5.548550
v 0.219521 0.124953 -4.759979
v 0.246835 0.127876 -4.759979
v 0.246835 0.127876 -4.759979
v 0.434648 0.057454 -5.511484
v 0.430507 0.043817 -5.548550
v 0.236831 0.103115 -4.759979
v 0.219521 0.124953 -4.759979
v 0.430507 0.043817 -5.548550
v 0.430507 0.043817 -5.548550
v 0.424012 0.031128 -5.511484
v 0.236831 0.103115 -4.759979
v 0.424012 0.031128 -5.511484
v 0.434648 0.057454 -5.511484
v 0.246835 0.127876 -4.759979
v 0.246835 0.127876 -4.759979
v 0.236831 0.103115 -4.759979
v 0.424012 0.031128 -5.511484
v 0.599085 0.215492 -5.548550
v 0.510932 0.421123 -4.759979
v 0.532313 0.403875 -4.759979
v 0.532313 0.403875 -4.759979
v 0.611656 0.222206 -5.511484
v 0.599085 0.215492 -5.548550
v 0.507730 0.393441 -4.759979
v 0.510932 0.421123 -4.759979
v 0.599085 0.215492 -5.548550
v 0.599085 0.215492 -5.548550
v 0.585520 0.211112 -5.511484
v 0.507730 0.393441 -4.759979
v 0.585520 0.211112 -5.511484
v 0.611656 0.222206 -5.511484
v 0.532313 0.403875 -4.759979
v 0.532313 0.403875 -4.759979
v 0.507730 0.393441 -4.759979
v 0.585520 0.211112 -5.511484
v 0.439645 -0.191699 -5.656214
v 0.416687 -0.076282 -5.656214
v 0.398273 -0.076282 -4.962801
v 0.398273 -0.076282 -4.962801
v 0.422811 -0.199642 -4.962801
v 0.439645 -0.191699 -5.656214
v 0.505023 -0.289545 -5.656214
v 0.439645 -0.191699 -5.656214
v 0.422811 -0.199642 -4.962801
v 0.422811 -0.199642 -4.962801
v 0.492689 -0.304221 -4.962801
v 0.505023 -0.289545 -5.656214
v 0.602869 -0.354923 -5.656214
v 0.505023 -0.289545 -5.656214
v 0.492689 -0.304221 -4.962801
v 0.492689 -0.304221 -4.962801
v 0.597268 -0.374099 -4.962801
v 0.602869 -0.354923 -5.656214
v 0.718286 -0.377881 -5.656214
v 0.602869 -0.354923 -5.656214
v 0.597268 -0.374099 -4.962801
v 0.597268 -0.374099 -4.962801
v 0.720628 -0.398637 -4.962801
v 0.718286 -0.377881 -5.656214
v 0.833703 -0.354923 -5.656214
v 0.718286 -0.377881 -5.656214
v 0.720628 -0.398637 -4.962801
v 0.720628 -0.398637 -4.962801
v 0.843987 -0.374099 -4.962801
v 0.833703 -0.354923 -5.656214
v 0.931548 -0.289545 -5.656214
v 0.833703 -0.354923 -5.656214
v 0.843987 -0.374099 -4.962801
v 0.843987 -0.374099 -4.962801
v 0.948567 -0.304221 -4.962801
v 0.931548 -0.289545 -5.656214
v 0.996927 -0.191699 -5.656214
v 0.931548 -0.289545 -5.656214
v 0.948567 -0.304221 -4.962801
v 0.948567 -0.304221 -4.962801
v 1.018444 -0.199642 -4.962801
v 0.996927 -0.191699 -5.656214
v 1.019884 -0.076282 -5.656214
v 0.996927 -0.191699 -5.656214
v 1.018444 -0.199642 -4.962801
v 1.018444 -0.199642 -4.962801
v 1.042982 -0.076282 -4.962801
v 1.019884 -0.076282 -5.656214
v 0.996927 0.039134 -5.656214
v 1.019884 -0.076282 -5.656214
v 1.042982 -0.076282 -4.962801
v 1.042982 -0.076282 -4.962801
v 1.018444 0.047077 -4.962801
v 0.996927 0.039134 -5.656214
v 0.931548 0.136980 -5.656214
v 0.996927 0.039134 -5.656214
v 1.018444 0.047077 -4.962801
v 1.018444 0.047077 -4.962801
v 0.948567 0.151657 -4.962801
v 0.931548 0.136980 -5.656214
v 0.833703 0.202358 -5.656214
v 0.931548 0.136980 -5.656214
v 0.948567 0.151657 -4.962801
v 0.948567 0.151657 -4.962801
v 0.843987 0.221534 -4.962801
v 0.833703 0.202358 -5.656214
v 0.718286 0.225316 -5.656214
v 0.833703 0.202358 -5.656214
v 0.843987 0.221534 -4.962801
v 0.843987 0.221534 -4.962801
v 0.720628 0.246072 -4.962801
v 0.718286 0.225316 -5.656214
v 0.602869 0.202358 -5.656214
v 0.718286 0.225316 -5.656214
v 0.720628 0.246072 -4.962801
v 0.720628 0.246072 -4.962801
v 0.597268 0.221534 -4.962801
v 0.602869 0.202358 -5.656214
v 0.505023 0.136980 -5.656214
v 0.602869 0.202358 -5.656214
v 0.597268 0.221534 -4.962801
v 0.597268 0.221534 -4.962801
v 0.492689 0.151657 -4.962801
v 0.505023 0.136980 -5.656214
v 0.439645 0.039134 -5.656214
v 0.505023 0.136980 -5.656214
v 0.492689 0.151657 -4.962801
v 0.492689 0.151657 -4.962801
v 0.422811 0.047077 -4.962801
v 0.439645 0.039134 -5.656214
v 0.416687 -0.076282 -5.656214
v 0.439645 0.039134 -5.656214
v 0.422811 0.047077 -4.962801
v 0.422811 0.047077 -4.962801
v 0.398273 -0.076282 -4.962801
v 0.416687 -0.076282 -5.656214
vn 0.8732 0.2770 -0.4009
vn 0.7007 0.5901 -0.4009
vn 0.4216 0.8134 -0.4009
vn 0.0782 0.9128 -0.4009
vn -0.2770 0.8732 -0.4009
vn -0.5901 0.7007 -0.4009
vn -0.8134 0.4216 -0.4009
vn -0.9128 0.0782 -0.4009
vn -0.8732 -0.2770 -0.4009
vn -0.7008 -0.5901 -0.4009
vn -0.7007 -0.5901 -0.4009
vn -0.4216 -0.8134 -0.4009
vn -0.0782 -0.9128 -0.4009
vn 0.2770 -0.8732 -0.4009
vn 0.5901 -0.7007 -0.4009
vn 0.8134 -0.4216 -0.4009
vn 0.9128 -0.0782 -0.4009
vn 0.9673 0.1924 0.1652
vn 0.8200 0.5479 0.1657
vn 0.5478 0.8199 0.1666
vn 0.1923 0.9669 0.1677
vn -0.1923 0.9667 0.1690
vn -0.5475 0.8193 0.1701
vn -0.8192 0.5474 0.1710
vn -0.9662 0.1922 0.1715
vn -0.9663 0.1922 0.1715
vn -0.9663 -0.1922 0.1715
vn -0.8192 -0.5474 0.1710
vn -0.5475 -0.8193 0.1701
vn -0.1923 -0.9667 0.1690
vn 0.1923 -0.9669 0.1677
vn 0.5478 -0.8199 0.1666
vn 0.8200 -0.5479 0.1657
vn 0.9673 -0.1924 0.1652
vn -0.0000 -0.0000 -1.0000
vn -0.9778 -0.1945 -0.0784
vn -0.9796 -0.1860 -0.0766
vn -0.8289 -0.5538 -0.0793
vn -0.8338 -0.5466 -0.0774
vn -0.5537 -0.8287 -0.0809
vn -0.5610 -0.8240 -0.0791
vn -0.1944 -0.9774 -0.0831
vn -0.2030 -0.9758 -0.0812
vn 0.1944 -0.9772 -0.0854
vn 0.1859 -0.9790 -0.0835
vn 0.5534 -0.8283 -0.0875
vn 0.5463 -0.8332 -0.0856
vn 0.8282 -0.5534 -0.0891
vn 0.8234 -0.5607 -0.0873
vn 0.9768 -0.1943 -0.0900
vn 0.9752 -0.2028 -0.0882
vn 0.9768 0.1943 -0.0900
vn 0.9786 0.1858 -0.0882
vn 0.8282 0.5534 -0.0891
vn 0.8331 0.5462 -0.0873
vn 0.5534 0.8283 -0.0875
vn 0.5607 0.8235 -0.0857
vn 0.1944 0.9772 -0.0854
vn 0.2029 0.9756 -0.0836
vn -0.1944 0.9774 -0.0831
vn -0.1859 0.9792 -0.0813
vn -0.5537 0.8287 -0.0809
vn -0.5466 0.8337 -0.0791
vn -0.8289 0.5538 -0.0793
vn -0.8241 0.5611 -0.0775
vn -0.9778 0.1945 -0.0784
vn -0.9762 0.2030 -0.0766
vn -0.8404 -0.2666 -0.4718
vn -0.8587 -0.0736 -0.5072
vn -0.8679 -0.1648 -0.4687
vn -0.6742 -0.5678 -0.4723
vn -0.7650 -0.3965 -0.5074
vn -0.7386 -0.4842 -0.4691
vn -0.4054 -0.7822 -0.4731
vn -0.5548 -0.6588 -0.5080
vn -0.4968 -0.7297 -0.4698
vn -0.0752 -0.8773 -0.4741
vn -0.2603 -0.8205 -0.5089
vn -0.1797 -0.8638 -0.4707
vn 0.2661 -0.8387 -0.4751
vn 0.0735 -0.8571 -0.5098
vn 0.1645 -0.8662 -0.4718
vn 0.5665 -0.6727 -0.4760
vn 0.3956 -0.7633 -0.5108
vn 0.4832 -0.7369 -0.4727
vn 0.7805 -0.4045 -0.4767
vn 0.6573 -0.5535 -0.5115
vn 0.7281 -0.4957 -0.4735
vn 0.8757 -0.0751 -0.4769
vn 0.8188 -0.2598 -0.5120
vn 0.8621 -0.1793 -0.4739
vn 0.8378 0.2658 -0.4768
vn 0.8558 0.0733 -0.5121
vn 0.8651 0.1643 -0.4739
vn 0.6726 0.5664 -0.4763
vn 0.7627 0.3953 -0.5118
vn 0.7366 0.4829 -0.4735
vn 0.4048 0.7810 -0.4755
vn 0.5536 0.6574 -0.5112
vn 0.4959 0.7284 -0.4728
vn 0.0752 0.8770 -0.4745
vn 0.2601 0.8197 -0.5104
vn 0.1796 0.8632 -0.4718
vn -0.2663 0.8395 -0.4735
vn -0.0735 0.8574 -0.5094
vn -0.1646 0.8668 -0.4708
vn -0.5677 0.6741 -0.4726
vn -0.3962 0.7645 -0.5085
vn -0.4840 0.7382 -0.4698
vn -0.7827 0.4057 -0.4720
vn -0.6590 0.5549 -0.5077
vn -0.7300 0.4970 -0.4691
vn -0.8785 0.0753 -0.4717
vn -0.8214 0.2606 -0.5073
vn -0.8649 0.1799 -0.4687
vn 0.9501 -0.2795 -0.1383
vn 0.9457 0.2362 -0.2234
vn -0.2715 0.9529 -0.1352
vn 0.2315 0.9477 -0.2199
vn -0.6773 -0.6893 0.2572
vn -0.6773 -0.6892 0.2572
vn 0.4740 -0.8691 -0.1415
vn 0.8296 -0.5103 -0.2265
vn 0.4817 0.8656 -0.1363
vn 0.8294 0.5125 -0.2221
vn -0.9651 -0.0084 0.2616
vn -0.2794 -0.9497 -0.1413
vn 0.2208 -0.9483 -0.2279
vn 0.9522 0.2713 -0.1404
vn 0.9506 -0.2134 -0.2252
vn -0.6877 0.6758 0.2655
vn -0.8695 -0.4742 -0.1379
vn -0.5118 -0.8286 -0.2270
vn 0.8646 -0.4812 -0.1449
vn 0.5276 -0.8184 -0.2275
vn -0.0084 0.9638 0.2666
vn -0.9508 0.2797 -0.1332
vn -0.9462 -0.2334 -0.2242
vn 0.2710 -0.9512 -0.1472
vn -0.2053 -0.9519 -0.2276
vn 0.6760 0.6879 0.2644
vn -0.4747 0.8705 -0.1300
vn -0.8400 0.4955 -0.2212
vn -0.4811 -0.8644 -0.1460
vn -0.8227 -0.5219 -0.2255
vn 0.9656 0.0084 0.2600
vn 0.2798 0.9512 -0.1302
vn -0.2487 0.9434 -0.2196
vn -0.9520 -0.2712 -0.1420
vn -0.9490 0.2236 -0.2222
vn 0.6895 -0.6775 0.2561
vn 0.8700 0.4745 -0.1336
vn 0.4937 0.8412 -0.2205
vn -0.8655 0.4817 -0.1375
vn -0.5065 0.8337 -0.2199
vn 0.0084 -0.9669 0.2549
vn 0.9128 0.0782 -0.4009
vn 0.8134 0.4216 -0.4009
vn 0.5901 0.7007 -0.4009
vn 0.2770 0.8732 -0.4009
vn -0.0782 0.9128 -0.4009
vn -0.4216 0.8134 -0.4009
vn -0.7007 0.5901 -0.4009
vn -0.8732 0.2770 -0.4009
vn -0.9128 -0.0782 -0.4009
vn -0.8134 -0.4216 -0.4009
vn -0.5901 -0.7007 -0.4009
vn -0.5901 -0.7008 -0.4009
vn -0.2770 -0.8732 -0.4009
vn 0.0782 -0.9128 -0.4009
vn 0.4216 -0.8134 -0.4009
vn 0.7007 -0.5901 -0.4009
vn 0.8732 -0.2770 -0.4009
vn -0.8775 -0.1745 -0.4468
vn -0.8774 -0.1745 -0.4468
vn -0.7439 -0.4970 -0.4468
vn -0.4970 -0.7439 -0.4468
vn -0.1745 -0.8775 -0.4468
vn 0.1745 -0.8775 -0.4468
vn 0.4970 -0.7439 -0.4468
vn 0.7439 -0.4970 -0.4468
vn 0.8774 -0.1745 -0.4468
vn 0.8775 -0.1745 -0.4468
vn 0.8774 0.1745 -0.4468
vn 0.8775 0.1745 -0.4468
vn 0.7439 0.4971 -0.4468
vn 0.7439 0.4970 -0.4468
vn 0.4970 0.7439 -0.4468
vn 0.1745 0.8774 -0.4468
vn -0.1745 0.8774 -0.4468
vn -0.1745 0.8775 -0.4468
vn -0.4970 0.7439 -0.4468
vn -0.7439 0.4970 -0.4468
vn -0.8774 0.1746 -0.4468
vn -0.8775 0.1745 -0.4468
vn 0.9851 0.1054 -0.1360
vn 0.7804 0.5846 -0.2218
vn -0.6154 0.7764 -0.1359
vn -0.1478 0.9643 -0.2196
vn -0.3622 -0.8964 0.2557
vn 0.7706 -0.6217 -0.1402
vn 0.9629 -0.1492 -0.2250
vn 0.1138 0.9842 -0.1353
vn 0.5740 0.7886 -0.2208
vn -0.8890 -0.3774 0.2593
vn 0.1053 -0.9843 -0.1418
vn 0.5682 -0.7908 -0.2275
vn 0.7762 0.6152 -0.1381
vn 0.9612 0.1614 -0.2237
vn -0.8944 0.3613 0.2638
vn -0.6217 -0.7707 -0.1399
vn -0.1583 -0.9608 -0.2277
vn 0.9832 -0.1137 -0.1427
vn 0.7990 -0.5570 -0.2266
vn -0.3766 0.8872 0.2665
vn -0.9851 -0.1054 -0.1355
vn -0.7877 -0.5733 -0.2257
vn 0.6145 -0.7752 -0.1464
vn 0.1755 -0.9577 -0.2279
vn 0.3611 0.8938 0.2659
vn -0.7716 0.6224 -0.1313
vn -0.9646 0.1411 -0.2226
vn -0.1136 -0.9826 -0.1470
vn -0.5564 -0.7993 -0.2268
vn 0.8883 0.3770 0.2623
vn -0.1055 0.9859 -0.1297
vn -0.5894 0.7773 -0.2201
vn -0.7755 -0.6147 -0.1442
vn -0.9611 -0.1620 -0.2239
vn 0.8958 -0.3619 0.2578
vn 0.6224 0.7716 -0.1316
vn 0.1317 0.9666 -0.2198
vn -0.9836 0.1138 -0.1396
vn -0.7887 0.5738 -0.2208
vn 0.3778 -0.8901 0.2551
vn 0.9805 0.1950 0.0260
vn 0.8312 0.5554 0.0265
vn 0.5554 0.8312 0.0275
vn 0.1950 0.9804 0.0287
vn -0.1950 0.9803 0.0300
vn -0.5553 0.8311 0.0312
vn -0.8310 0.5553 0.0321
vn -0.9803 0.1950 0.0327
vn -0.9803 -0.1950 0.0327
vn -0.8310 -0.5553 0.0321
vn -0.5553 -0.8311 0.0312
vn -0.1950 -0.9803 0.0300
vn 0.1950 -0.9804 0.0287
vn 0.5554 -0.8312 0.0275
vn 0.8312 -0.5554 0.0265
vn 0.9805 -0.1950 0.0260
vt 0.406092 -0.964368
vt 0.394966 -0.964368
vt 0.406092 -0.971861
vt 0.394966 -0.971861
vt 0.417856 -0.964368
vt 0.417856 -0.971861
vt 0.371080 -0.943051
vt 0.371080 -0.906405
vt 0.386050 -0.943051
vt 0.386050 -0.906405
vt 0.483804 -0.828232
vt 0.509806 -0.774090
vt 0.484002 -0.767291
vt 0.531258 -0.788208
vt 0.412015 -0.882964
vt 0.412015 -0.929394
vt 0.397181 -0.882964
vt 0.397181 -0.929394
vt 0.406767 -0.874001
vt 0.406065 -0.874001
vt 0.406767 -0.945715
vt 0.406065 -0.942680
vt 0.407450 -0.874001
vt 0.407450 -0.942680
vt 0.379443 -0.827043
vt 0.379444 -0.873063
vt 0.381158 -0.827043
vt 0.381158 -0.873063
vt 0.412015 -0.881092
vt 0.397181 -0.881092
vt 0.371080 -0.979698
vt 0.386050 -0.979698
s 1
usemtl default.066
f 1445/524/552 1446/525/552 1444/526/552
f 1448/527/552 1449/526/552 1447/525/552
f 1451/524/553 1452/528/553 1450/526/553
f 1454/529/553 1455/526/553 1453/528/553
f 1457/524/554 1458/525/554 1456/526/554
f 1460/527/554 1461/526/554 1459/525/554
f 1463/524/555 1464/528/555 1462/526/555
f 1466/529/555 1467/526/555 1465/528/555
f 1469/524/556 1470/525/556 1468/526/556
f 1472/527/556 1473/526/556 1471/525/556
f 1475/524/557 1476/528/557 1474/526/557
f 1478/529/557 1479/526/557 1477/528/557
f 1481/524/558 1482/525/558 1480/526/558
f 1484/527/558 1485/526/558 1483/525/558
f 1487/524/559 1488/528/559 1486/526/559
f 1490/529/559 1491/526/559 1489/528/559
f 1493/524/560 1494/525/560 1492/526/560
f 1496/527/560 1497/526/560 1495/525/560
f 1499/524/561 1500/528/561 1498/526/561
f 1502/529/562 1503/526/562 1501/528/562
f 1505/524/563 1506/525/563 1504/526/563
f 1508/527/563 1509/526/563 1507/525/563
f 1511/524/564 1512/528/564 1510/526/564
f 1514/529/564 1515/526/564 1513/528/564
f 1517/524/565 1518/525/565 1516/526/565
f 1520/527/565 1521/526/565 1519/525/565
f 1523/524/566 1524/528/566 1522/526/566
f 1526/529/566 1527/526/566 1525/528/566
f 1529/524/567 1530/525/567 1528/526/567
f 1532/527/567 1533/526/567 1531/525/567
f 1535/524/568 1536/528/568 1534/526/568
f 1538/529/568 1539/526/568 1537/528/568
f 1541/530/569 1542/531/569 1540/532/569
f 1544/533/569 1545/532/569 1543/531/569
f 1547/530/570 1548/531/570 1546/532/570
f 1550/533/570 1551/532/570 1549/531/570
f 1553/530/571 1554/531/571 1552/532/571
f 1556/533/571 1557/532/571 1555/531/571
f 1559/530/572 1560/531/572 1558/532/572
f 1562/533/572 1563/532/572 1561/531/572
f 1565/530/573 1566/531/573 1564/532/573
f 1568/533/573 1569/532/573 1567/531/573
f 1571/530/574 1572/531/574 1570/532/574
f 1574/533/574 1575/532/574 1573/531/574
f 1577/530/575 1578/531/575 1576/532/575
f 1580/533/575 1581/532/575 1579/531/575
f 1583/530/576 1584/531/576 1582/532/576
f 1586/533/577 1587/532/577 1585/531/577
f 1589/530/578 1590/531/578 1588/532/578
f 1592/533/578 1593/532/578 1591/531/578
f 1595/530/579 1596/531/579 1594/532/579
f 1598/533/579 1599/532/579 1597/531/579
f 1601/530/580 1602/531/580 1600/532/580
f 1604/533/580 1605/532/580 1603/531/580
f 1607/530/581 1608/531/581 1606/532/581
f 1610/533/581 1611/532/581 1609/531/581
f 1613/530/582 1614/531/582 1612/532/582
f 1616/533/582 1617/532/582 1615/531/582
f 1619/530/583 1620/531/583 1618/532/583
f 1622/533/583 1623/532/583 1621/531/583
f 1625/530/584 1626/531/584 1624/532/584
f 1628/533/584 1629/532/584 1627/531/584
f 1631/530/585 1632/531/585 1630/532/585
f 1634/533/585 1635/532/585 1633/531/585
f 1637/534/586 1638/535/586 1636/536/586
f 1640/534/586 1641/537/586 1639/535/586
f 1643/534/586 1644/535/586 1642/537/586
f 1646/534/586 1647/536/586 1645/535/586
f 1649/534/586 1650/535/586 1648/536/586
f 1652/534/586 1653/537/586 1651/535/586
f 1655/534/586 1656/535/586 1654/537/586
f 1658/534/586 1659/536/586 1657/535/586
f 1661/534/586 1662/535/586 1660/536/586
f 1664/534/586 1665/537/586 1663/535/586
f 1667/534/586 1668/535/586 1666/537/586
f 1670/534/586 1671/536/586 1669/535/586
f 1673/534/586 1674/535/586 1672/536/586
f 1676/534/586 1677/537/586 1675/535/586
f 1679/534/586 1680/535/586 1678/537/586
f 1682/534/586 1683/536/586 1681/535/586
f 1685/538/587 1686/539/587 1684/540/587
f 1688/541/588 1689/540/588 1687/539/588
f 1691/540/589 1692/541/589 1690/538/589
f 1694/539/590 1695/538/590 1693/541/590
f 1697/538/591 1698/539/591 1696/540/591
f 1700/541/592 1701/540/592 1699/539/592
f 1703/540/593 1704/541/593 1702/538/593
f 1706/539/594 1707/538/594 1705/541/594
f 1709/538/595 1710/539/595 1708/540/595
f 1712/541/596 1713/540/596 1711/539/596
f 1715/540/597 1716/541/597 1714/538/597
f 1718/539/598 1719/538/598 1717/541/598
f 1721/538/599 1722/539/599 1720/540/599
f 1724/541/600 1725/540/600 1723/539/600
f 1727/540/601 1728/541/601 1726/538/601
f 1730/539/602 1731/538/602 1729/541/602
f 1733/538/603 1734/539/603 1732/540/603
f 1736/541/604 1737/540/604 1735/539/604
f 1739/540/605 1740/541/605 1738/538/605
f 1742/539/606 1743/538/606 1741/541/606
f 1745/538/607 1746/539/607 1744/540/607
f 1748/541/608 1749/540/608 1747/539/608
f 1751/540/609 1752/541/609 1750/538/609
f 1754/539/610 1755/538/610 1753/541/610
f 1757/538/611 1758/539/611 1756/540/611
f 1760/541/612 1761/540/612 1759/539/612
f 1763/540/613 1764/541/613 1762/538/613
f 1766/539/614 1767/538/614 1765/541/614
f 1769/538/615 1770/539/615 1768/540/615
f 1772/541/616 1773/540/616 1771/539/616
f 1775/540/617 1776/541/617 1774/538/617
f 1778/539/618 1779/538/618 1777/541/618
f 1781/528/619 1782/524/619 1780/539/619
f 1784/524/620 1785/525/620 1783/539/620
f 1787/525/621 1788/541/621 1786/539/621
f 1790/525/622 1791/524/622 1789/541/622
f 1793/524/623 1794/528/623 1792/541/623
f 1796/528/624 1797/539/624 1795/541/624
f 1799/528/625 1800/524/625 1798/539/625
f 1802/524/626 1803/525/626 1801/539/626
f 1805/525/627 1806/541/627 1804/539/627
f 1808/525/628 1809/524/628 1807/541/628
f 1811/524/629 1812/528/629 1810/541/629
f 1814/528/630 1815/539/630 1813/541/630
f 1817/528/631 1818/524/631 1816/539/631
f 1820/524/632 1821/525/632 1819/539/632
f 1823/525/633 1824/541/633 1822/539/633
f 1826/525/634 1827/524/634 1825/541/634
f 1829/524/635 1830/528/635 1828/541/635
f 1832/528/636 1833/539/636 1831/541/636
f 1835/528/637 1836/524/637 1834/539/637
f 1838/524/638 1839/525/638 1837/539/638
f 1841/525/639 1842/541/639 1840/539/639
f 1844/525/640 1845/524/640 1843/541/640
f 1847/524/641 1848/528/641 1846/541/641
f 1850/528/642 1851/539/642 1849/541/642
f 1853/528/643 1854/524/643 1852/539/643
f 1856/524/644 1857/525/644 1855/539/644
f 1859/525/645 1860/541/645 1858/539/645
f 1862/525/646 1863/524/646 1861/541/646
f 1865/524/647 1866/528/647 1864/541/647
f 1868/528/648 1869/539/648 1867/541/648
f 1871/528/649 1872/524/649 1870/539/649
f 1874/524/650 1875/525/650 1873/539/650
f 1877/525/651 1878/541/651 1876/539/651
f 1880/525/652 1881/524/652 1879/541/652
f 1883/524/653 1884/528/653 1882/541/653
f 1886/528/654 1887/539/654 1885/541/654
f 1889/528/655 1890/524/655 1888/539/655
f 1892/524/656 1893/525/656 1891/539/656
f 1895/525/657 1896/541/657 1894/539/657
f 1898/525/658 1899/524/658 1897/541/658
f 1901/524/659 1902/528/659 1900/541/659
f 1904/528/660 1905/539/660 1903/541/660
f 1907/528/661 1908/524/661 1906/539/661
f 1910/524/662 1911/525/662 1909/539/662
f 1913/525/663 1914/541/663 1912/539/663
f 1916/525/664 1917/524/664 1915/541/664
f 1919/524/665 1920/528/665 1918/541/665
f 1922/528/666 1923/539/666 1921/541/666
f 1925/542/667 1926/543/667 1924/544/667
f 1928/545/668 1929/544/668 1927/543/668
f 1931/542/669 1932/544/669 1930/546/669
f 1934/547/670 1935/546/670 1933/544/670
f 1937/548/671 1938/549/671 1936/550/671
f 1940/551/672 1941/550/672 1939/549/672
f 1943/542/673 1944/543/673 1942/544/673
f 1946/545/674 1947/544/674 1945/543/674
f 1949/542/675 1950/544/675 1948/546/675
f 1952/547/676 1953/546/676 1951/544/676
f 1955/548/677 1956/549/677 1954/550/677
f 1958/551/677 1959/550/677 1957/549/677
f 1961/542/678 1962/543/678 1960/544/678
f 1964/545/679 1965/544/679 1963/543/679
f 1967/542/680 1968/544/680 1966/546/680
f 1970/547/681 1971/546/681 1969/544/681
f 1973/548/682 1974/549/682 1972/550/682
f 1976/551/682 1977/550/682 1975/549/682
f 1979/542/683 1980/543/683 1978/544/683
f 1982/545/684 1983/544/684 1981/543/684
f 1985/542/685 1986/544/685 1984/546/685
f 1988/547/686 1989/546/686 1987/544/686
f 1991/548/687 1992/549/687 1990/550/687
f 1994/551/687 1995/550/687 1993/549/687
f 1997/542/688 1998/543/688 1996/544/688
f 2000/545/689 2001/544/689 1999/543/689
f 2003/542/690 2004/544/690 2002/546/690
f 2006/547/691 2007/546/691 2005/544/691
f 2009/548/692 2010/549/692 2008/550/692
f 2012/551/692 2013/550/692 2011/549/692
f 2015/542/693 2016/543/693 2014/544/693
f 2018/545/694 2019/544/694 2017/543/694
f 2021/542/695 2022/544/695 2020/546/695
f 2024/547/696 2025/546/696 2023/544/696
f 2027/548/697 2028/549/697 2026/550/697
f 2030/551/697 2031/550/697 2029/549/697
f 2033/542/698 2034/543/698 2032/544/698
f 2036/545/699 2037/544/699 2035/543/699
f 2039/542/700 2040/544/700 2038/546/700
f 2042/547/701 2043/546/701 2041/544/701
f 2045/548/702 2046/549/702 2044/550/702
f 2048/551/702 2049/550/702 2047/549/702
f 2051/542/703 2052/543/703 2050/544/703
f 2054/545/704 2055/544/704 2053/543/704
f 2057/542/705 2058/544/705 2056/546/705
f 2060/547/706 2061/546/706 2059/544/706
f 2063/548/707 2064/549/707 2062/550/707
f 2066/551/707 2067/550/707 2065/549/707
f 2069/524/708 2070/526/708 2068/528/708
f 2072/529/708 2073/528/708 2071/526/708
f 2075/524/709 2076/526/709 2074/525/709
f 2078/527/709 2079/525/709 2077/526/709
f 2081/524/710 2082/526/710 2080/528/710
f 2084/529/710 2085/528/710 2083/526/710
f 2087/524/711 2088/526/711 2086/525/711
f 2090/527/711 2091/525/711 2089/526/711
f 2093/524/712 2094/526/712 2092/528/712
f 2096/529/712 2097/528/712 2095/526/712
f 2099/524/713 2100/526/713 2098/525/713
f 2102/527/713 2103/525/713 2101/526/713
f 2105/524/714 2106/526/714 2104/528/714
f 2108/529/714 2109/528/714 2107/526/714
f 2111/524/715 2112/526/715 2110/525/715
f 2114/527/715 2115/525/715 2113/526/715
f 2117/524/716 2118/526/716 2116/528/716
f 2120/529/716 2121/528/716 2119/526/716
f 2123/524/717 2124/526/717 2122/525/717
f 2126/527/717 2127/525/717 2125/526/717
f 2129/524/718 2130/526/718 2128/528/718
f 2132/529/719 2133/528/719 2131/526/719
f 2135/524/720 2136/526/720 2134/525/720
f 2138/527/720 2139/525/720 2137/526/720
f 2141/524/721 2142/526/721 2140/528/721
f 2144/529/721 2145/528/721 2143/526/721
f 2147/524/722 2148/526/722 2146/525/722
f 2150/527/722 2151/525/722 2149/526/722
f 2153/524/723 2154/526/723 2152/528/723
f 2156/529/723 2157/528/723 2155/526/723
f 2159/524/724 2160/526/724 2158/525/724
f 2162/527/724 2163/525/724 2161/526/724
f 2165/552/725 2166/538/725 2164/553/725
f 2168/540/726 2169/553/726 2167/538/726
f 2171/553/727 2172/540/727 2170/552/727
f 2174/538/727 2175/552/727 2173/540/727
f 2177/552/728 2178/538/728 2176/553/728
f 2180/540/728 2181/553/728 2179/538/728
f 2183/553/729 2184/540/729 2182/552/729
f 2186/538/729 2187/552/729 2185/540/729
f 2189/552/730 2190/538/730 2188/553/730
f 2192/540/730 2193/553/730 2191/538/730
f 2195/553/731 2196/540/731 2194/552/731
f 2198/538/731 2199/552/731 2197/540/731
f 2201/552/732 2202/538/732 2200/553/732
f 2204/540/732 2205/553/732 2203/538/732
f 2207/553/733 2208/540/733 2206/552/733
f 2210/538/734 2211/552/734 2209/540/734
f 2213/552/735 2214/538/735 2212/553/735
f 2216/540/736 2217/553/736 2215/538/736
f 2219/553/737 2220/540/737 2218/552/737
f 2222/538/738 2223/552/738 2221/540/738
f 2225/552/739 2226/538/739 2224/553/739
f 2228/540/739 2229/553/739 2227/538/739
f 2231/553/740 2232/540/740 2230/552/740
f 2234/538/740 2235/552/740 2233/540/740
f 2237/552/741 2238/538/741 2236/553/741
f 2240/540/742 2241/553/742 2239/538/742
f 2243/553/743 2244/540/743 2242/552/743
f 2246/538/743 2247/552/743 2245/540/743
f 2249/552/744 2250/538/744 2248/553/744
f 2252/540/744 2253/553/744 2251/538/744
f 2255/553/745 2256/540/745 2254/552/745
f 2258/538/746 2259/552/746 2257/540/746
f 2261/542/747 2262/543/747 2260/544/747
f 2264/545/748 2265/544/748 2263/543/748
f 2267/542/749 2268/544/749 2266/546/749
f 2270/547/750 2271/546/750 2269/544/750
f 2273/548/751 2274/549/751 2272/550/751
f 2276/551/751 2277/550/751 2275/549/751
f 2279/542/752 2280/543/752 2278/544/752
f 2282/545/753 2283/544/753 2281/543/753
f 2285/542/754 2286/544/754 2284/546/754
f 2288/547/755 2289/546/755 2287/544/755
f 2291/548/756 2292/549/756 2290/550/756
f 2294/551/756 2295/550/756 2293/549/756
f 2297/542/757 2298/543/757 2296/544/757
f 2300/545/758 2301/544/758 2299/543/758
f 2303/542/759 2304/544/759 2302/546/759
f 2306/547/760 2307/546/760 2305/544/760
f 2309/548/761 2310/549/761 2308/550/761
f 2312/551/761 2313/550/761 2311/549/761
f 2315/542/762 2316/543/762 2314/544/762
f 2318/545/763 2319/544/763 2317/543/763
f 2321/542/764 2322/544/764 2320/546/764
f 2324/547/765 2325/546/765 2323/544/765
f 2327/548/766 2328/549/766 2326/550/766
f 2330/551/766 2331/550/766 2329/549/766
f 2333/542/767 2334/543/767 2332/544/767
f 2336/545/768 2337/544/768 2335/543/768
f 2339/542/769 2340/544/769 2338/546/769
f 2342/547/770 2343/546/770 2341/544/770
f 2345/548/771 2346/549/771 2344/550/771
f 2348/551/771 2349/550/771 2347/549/771
f 2351/542/772 2352/543/772 2350/544/772
f 2354/545/773 2355/544/773 2353/543/773
f 2357/542/774 2358/544/774 2356/546/774
f 2360/547/775 2361/546/775 2359/544/775
f 2363/548/776 2364/549/776 2362/550/776
f 2366/551/776 2367/550/776 2365/549/776
f 2369/542/777 2370/543/777 2368/544/777
f 2372/545/778 2373/544/778 2371/543/778
f 2375/542/779 2376/544/779 2374/546/779
f 2378/547/780 2379/546/780 2377/544/780
f 2381/548/781 2382/549/781 2380/550/781
f 2384/551/781 2385/550/781 2383/549/781
f 2387/542/782 2388/543/782 2386/544/782
f 2390/545/783 2391/544/783 2389/543/783
f 2393/542/784 2394/544/784 2392/546/784
f 2396/547/785 2397/546/785 2395/544/785
f 2399/548/786 2400/549/786 2398/550/786
f 2402/551/786 2403/550/786 2401/549/786
f 2405/554/787 2406/530/787 2404/555/787
f 2408/532/787 2409/555/787 2407/530/787
f 2411/554/788 2412/530/788 2410/555/788
f 2414/532/788 2415/555/788 2413/530/788
f 2417/554/789 2418/530/789 2416/555/789
f 2420/532/789 2421/555/789 2419/530/789
f 2423/554/790 2424/530/790 2422/555/790
f 2426/532/790 2427/555/790 2425/530/790
f 2429/554/791 2430/530/791 2428/555/791
f 2432/532/791 2433/555/791 2431/530/791
f 2435/554/792 2436/530/792 2434/555/792
f 2438/532/792 2439/555/792 2437/530/792
f 2441/554/793 2442/530/793 2440/555/793
f 2444/532/793 2445/555/793 2443/530/793
f 2447/554/794 2448/530/794 2446/555/794
f 2450/532/794 2451/555/794 2449/530/794
f 2453/554/795 2454/530/795 2452/555/795
f 2456/532/795 2457/555/795 2455/530/795
f 2459/554/796 2460/530/796 2458/555/796
f 2462/532/796 2463/555/796 2461/530/796
f 2465/554/797 2466/530/797 2464/555/797
f 2468/532/797 2469/555/797 2467/530/797
f 2471/554/798 2472/530/798 2470/555/798
f 2474/532/798 2475/555/798 2473/530/798
f 2477/554/799 2478/530/799 2476/555/799
f 2480/532/799 2481/555/799 2479/530/799
f 2483/554/800 2484/530/800 2482/555/800
f 2486/532/800 2487/555/800 2485/530/800
f 2489/554/801 2490/530/801 2488/555/801
f 2492/532/801 2493/555/801 2491/530/801
f 2495/554/802 2496/530/802 2494/555/802
f 2498/532/802 2499/555/802 2497/530/802
o F-15C_Eagle_EngineR01
v -0.249738 -0.273089 -4.759981
v -0.219418 -0.177521 -4.759981
v -0.186219 -0.184125 -4.836861
v -0.186219 -0.184125 -4.836861
v -0.218542 -0.286010 -4.836861
v -0.249738 -0.273089 -4.759981
v -0.360459 -0.438794 -4.759981
v -0.295875 -0.362104 -4.759981
v -0.267730 -0.380910 -4.836861
v -0.267730 -0.380910 -4.836861
v -0.336583 -0.462670 -4.836861
v -0.360459 -0.438794 -4.759981
v -0.526164 -0.549515 -4.759981
v -0.437149 -0.503378 -4.759981
v -0.418343 -0.531523 -4.836861
v -0.418343 -0.531523 -4.836861
v -0.513243 -0.580711 -4.836861
v -0.526164 -0.549515 -4.759981
v -0.721627 -0.588395 -4.759981
v -0.621732 -0.579835 -4.759981
v -0.615128 -0.613034 -4.836861
v -0.615128 -0.613034 -4.836861
v -0.721627 -0.622161 -4.836861
v -0.721627 -0.588395 -4.759981
v -0.917090 -0.549515 -4.759981
v -0.821523 -0.579835 -4.759981
v -0.828127 -0.613034 -4.836861
v -0.828127 -0.613034 -4.836861
v -0.930012 -0.580711 -4.836861
v -0.917090 -0.549515 -4.759981
v -1.082796 -0.438794 -4.759981
v -1.006106 -0.503378 -4.759981
v -1.024912 -0.531523 -4.836861
v -1.024912 -0.531523 -4.836861
v -1.106672 -0.462670 -4.836861
v -1.082796 -0.438794 -4.759981
v -1.193517 -0.273089 -4.759981
v -1.147380 -0.362104 -4.759981
v -1.175525 -0.380910 -4.836861
v -1.175525 -0.380910 -4.836861
v -1.224713 -0.286010 -4.836861
v -1.193517 -0.273089 -4.759981
v -1.232397 -0.077625 -4.759981
v -1.223836 -0.177521 -4.759981
v -1.257036 -0.184125 -4.836861
v -1.257036 -0.184125 -4.836861
v -1.266163 -0.077625 -4.836863
v -1.232397 -0.077625 -4.759981
v -1.193517 0.117838 -4.759981
v -1.223836 0.022270 -4.759981
v -1.257036 0.028874 -4.836863
v -1.257036 0.028874 -4.836863
v -1.224713 0.130759 -4.836863
v -1.193517 0.117838 -4.759981
v -1.082796 0.283543 -4.759981
v -1.147380 0.206853 -4.759981
v -1.175525 0.225659 -4.836863
v -1.175525 0.225659 -4.836863
v -1.106672 0.307419 -4.836863
v -1.082796 0.283543 -4.759981
v -0.917090 0.394264 -4.759981
v -1.006106 0.348127 -4.759981
v -1.024912 0.376272 -4.836863
v -1.024912 0.376272 -4.836863
v -0.930012 0.425460 -4.836863
v -0.917090 0.394264 -4.759981
v -0.721627 0.433144 -4.759981
v -0.821523 0.424583 -4.759981
v -0.828126 0.457783 -4.836863
v -0.828126 0.457783 -4.836863
v -0.721627 0.466910 -4.836863
v -0.721627 0.433144 -4.759981
v -0.526164 0.394264 -4.759981
v -0.621732 0.424583 -4.759981
v -0.615128 0.457783 -4.836863
v -0.615128 0.457783 -4.836863
v -0.513243 0.425460 -4.836863
v -0.526164 0.394264 -4.759981
v -0.360458 0.283543 -4.759981
v -0.437149 0.348127 -4.759981
v -0.418343 0.376272 -4.836863
v -0.418343 0.376272 -4.836863
v -0.336583 0.307419 -4.836863
v -0.360458 0.283543 -4.759981
v -0.249737 0.117838 -4.759981
v -0.295875 0.206853 -4.759981
v -0.267730 0.225659 -4.836863
v -0.267730 0.225659 -4.836863
v -0.218542 0.130759 -4.836863
v -0.249737 0.117838 -4.759981
v -0.210857 -0.077626 -4.759981
v -0.219418 0.022270 -4.759981
v -0.186219 0.028874 -4.836863
v -0.186219 0.028874 -4.836863
v -0.177092 -0.077626 -4.836863
v -0.210857 -0.077626 -4.759981
v -0.419849 -0.201657 -4.962801
v -0.311308 -0.247586 -4.269388
v -0.277500 -0.077626 -4.269388
v -0.277500 -0.077626 -4.269388
v -0.395177 -0.077626 -4.962801
v -0.419849 -0.201657 -4.962801
v -0.490106 -0.306805 -4.962801
v -0.407582 -0.391671 -4.269388
v -0.311308 -0.247586 -4.269388
v -0.311308 -0.247586 -4.269388
v -0.419849 -0.201657 -4.962801
v -0.490106 -0.306805 -4.962801
v -0.595255 -0.377062 -4.962801
v -0.551667 -0.487945 -4.269388
v -0.407582 -0.391671 -4.269388
v -0.407582 -0.391671 -4.269388
v -0.490106 -0.306805 -4.962801
v -0.595255 -0.377062 -4.962801
v -0.719286 -0.401734 -4.962801
v -0.721627 -0.521752 -4.269388
v -0.551667 -0.487945 -4.269388
v -0.551667 -0.487945 -4.269388
v -0.595255 -0.377062 -4.962801
v -0.719286 -0.401734 -4.962801
v -0.843316 -0.377062 -4.962801
v -0.891587 -0.487945 -4.269388
v -0.721627 -0.521752 -4.269388
v -0.721627 -0.521752 -4.269388
v -0.719286 -0.401734 -4.962801
v -0.843316 -0.377062 -4.962801
v -0.948465 -0.306805 -4.962801
v -1.035672 -0.391671 -4.269388
v -0.891587 -0.487945 -4.269388
v -0.891587 -0.487945 -4.269388
v -0.843316 -0.377062 -4.962801
v -0.948465 -0.306805 -4.962801
v -1.018723 -0.201656 -4.962801
v -1.131947 -0.247586 -4.269388
v -1.035672 -0.391671 -4.269388
v -1.035672 -0.391671 -4.269388
v -0.948465 -0.306805 -4.962801
v -1.018723 -0.201656 -4.962801
v -1.043394 -0.077626 -4.962801
v -1.165754 -0.077626 -4.269388
v -1.131947 -0.247586 -4.269388
v -1.131947 -0.247586 -4.269388
v -1.018723 -0.201656 -4.962801
v -1.043394 -0.077626 -4.962801
v -1.018723 0.046405 -4.962801
v -1.131947 0.092334 -4.269388
v -1.165754 -0.077626 -4.269388
v -1.165754 -0.077626 -4.269388
v -1.043394 -0.077626 -4.962801
v -1.018723 0.046405 -4.962801
v -0.948465 0.151553 -4.962801
v -1.035672 0.236419 -4.269388
v -1.131947 0.092334 -4.269388
v -1.131947 0.092334 -4.269388
v -1.018723 0.046405 -4.962801
v -0.948465 0.151553 -4.962801
v -0.843316 0.221811 -4.962801
v -0.891587 0.332694 -4.269388
v -1.035672 0.236419 -4.269388
v -1.035672 0.236419 -4.269388
v -0.948465 0.151553 -4.962801
v -0.843316 0.221811 -4.962801
v -0.719286 0.246482 -4.962801
v -0.721627 0.366501 -4.269388
v -0.891587 0.332694 -4.269388
v -0.891587 0.332694 -4.269388
v -0.843316 0.221811 -4.962801
v -0.719286 0.246482 -4.962801
v -0.595255 0.221811 -4.962801
v -0.551667 0.332694 -4.269388
v -0.721627 0.366501 -4.269388
v -0.721627 0.366501 -4.269388
v -0.719286 0.246482 -4.962801
v -0.595255 0.221811 -4.962801
v -0.490106 0.151553 -4.962801
v -0.407582 0.236419 -4.269388
v -0.551667 0.332694 -4.269388
v -0.551667 0.332694 -4.269388
v -0.595255 0.221811 -4.962801
v -0.490106 0.151553 -4.962801
v -0.419849 0.046405 -4.962801
v -0.311308 0.092334 -4.269388
v -0.407582 0.236419 -4.269388
v -0.407582 0.236419 -4.269388
v -0.490106 0.151553 -4.962801
v -0.419849 0.046405 -4.962801
v -0.395177 -0.077626 -4.962801
v -0.277500 -0.077626 -4.269388
v -0.311308 0.092334 -4.269388
v -0.311308 0.092334 -4.269388
v -0.419849 0.046405 -4.962801
v -0.395177 -0.077626 -4.962801
v -0.277500 -0.077626 -4.269388
v -0.311308 -0.247586 -4.269388
v -0.721627 -0.077625 -4.269388
v -0.311308 -0.247586 -4.269388
v -0.407582 -0.391671 -4.269388
v -0.721627 -0.077625 -4.269388
v -0.407582 -0.391671 -4.269388
v -0.551667 -0.487945 -4.269388
v -0.721627 -0.077625 -4.269388
v -0.551667 -0.487945 -4.269388
v -0.721627 -0.521752 -4.269388
v -0.721627 -0.077625 -4.269388
v -0.721627 -0.521752 -4.269388
v -0.891587 -0.487945 -4.269388
v -0.721627 -0.077625 -4.269388
v -0.891587 -0.487945 -4.269388
v -1.035672 -0.391671 -4.269388
v -0.721627 -0.077625 -4.269388
v -1.035672 -0.391671 -4.269388
v -1.131947 -0.247586 -4.269388
v -0.721627 -0.077625 -4.269388
v -1.131947 -0.247586 -4.269388
v -1.165754 -0.077626 -4.269388
v -0.721627 -0.077625 -4.269388
v -1.165754 -0.077626 -4.269388
v -1.131947 0.092334 -4.269388
v -0.721627 -0.077625 -4.269388
v -1.131947 0.092334 -4.269388
v -1.035672 0.236419 -4.269388
v -0.721627 -0.077625 -4.269388
v -1.035672 0.236419 -4.269388
v -0.891587 0.332694 -4.269388
v -0.721627 -0.077625 -4.269388
v -0.891587 0.332694 -4.269388
v -0.721627 0.366501 -4.269388
v -0.721627 -0.077625 -4.269388
v -0.721627 0.366501 -4.269388
v -0.551667 0.332694 -4.269388
v -0.721627 -0.077625 -4.269388
v -0.551667 0.332694 -4.269388
v -0.407582 0.236419 -4.269388
v -0.721627 -0.077625 -4.269388
v -0.407582 0.236419 -4.269388
v -0.311308 0.092334 -4.269388
v -0.721627 -0.077625 -4.269388
v -0.311308 0.092334 -4.269388
v -0.277500 -0.077626 -4.269388
v -0.721627 -0.077625 -4.269388
v -0.386473 -0.212603 -5.037733
v -0.431586 -0.195825 -5.641935
v -0.408074 -0.077626 -5.641935
v -0.408074 -0.077626 -5.641935
v -0.360249 -0.074481 -5.037735
v -0.386473 -0.212603 -5.037733
v -0.463557 -0.330176 -5.037733
v -0.498540 -0.296029 -5.641935
v -0.431586 -0.195825 -5.641935
v -0.431586 -0.195825 -5.641935
v -0.386473 -0.212603 -5.037733
v -0.463557 -0.330176 -5.037733
v -0.579766 -0.409300 -5.037733
v -0.598745 -0.362984 -5.641935
v -0.498540 -0.296029 -5.641935
v -0.498540 -0.296029 -5.641935
v -0.463557 -0.330176 -5.037733
v -0.579766 -0.409300 -5.037733
v -0.717409 -0.437930 -5.037733
v -0.716944 -0.386495 -5.641935
v -0.598745 -0.362984 -5.641935
v -0.598745 -0.362984 -5.641935
v -0.579766 -0.409300 -5.037733
v -0.717409 -0.437930 -5.037733
v -0.855531 -0.411706 -5.037733
v -0.835143 -0.362984 -5.641935
v -0.716944 -0.386495 -5.641935
v -0.716944 -0.386495 -5.641935
v -0.717409 -0.437930 -5.037733
v -0.855531 -0.411706 -5.037733
v -0.973103 -0.334622 -5.037733
v -0.935347 -0.296029 -5.641935
v -0.835143 -0.362984 -5.641935
v -0.835143 -0.362984 -5.641935
v -0.855531 -0.411706 -5.037733
v -0.973103 -0.334622 -5.037733
v -1.052228 -0.218413 -5.037733
v -1.002302 -0.195825 -5.641935
v -0.935347 -0.296029 -5.641935
v -0.935347 -0.296029 -5.641935
v -0.973103 -0.334622 -5.037733
v -1.052228 -0.218413 -5.037733
v -1.080858 -0.080770 -5.037733
v -1.025813 -0.077626 -5.641935
v -1.002302 -0.195825 -5.641935
v -1.002302 -0.195825 -5.641935
v -1.052228 -0.218413 -5.037733
v -1.080858 -0.080770 -5.037733
v -1.054635 0.057352 -5.037733
v -1.002302 0.040574 -5.641935
v -1.025813 -0.077626 -5.641935
v -1.025813 -0.077626 -5.641935
v -1.080858 -0.080770 -5.037733
v -1.054635 0.057352 -5.037733
v -0.977550 0.174924 -5.037733
v -0.935347 0.140778 -5.641935
v -1.002302 0.040574 -5.641935
v -1.002302 0.040574 -5.641935
v -1.054635 0.057352 -5.037733
v -0.977550 0.174924 -5.037733
v -0.861341 0.254049 -5.037733
v -0.835143 0.207732 -5.641935
v -0.935347 0.140778 -5.641935
v -0.935347 0.140778 -5.641935
v -0.977550 0.174924 -5.037733
v -0.861341 0.254049 -5.037733
v -0.723698 0.282678 -5.037733
v -0.716944 0.231244 -5.641935
v -0.835143 0.207732 -5.641935
v -0.835143 0.207732 -5.641935
v -0.861341 0.254049 -5.037733
v -0.723698 0.282678 -5.037733
v -0.585576 0.256455 -5.037733
v -0.598745 0.207732 -5.641935
v -0.716944 0.231244 -5.641935
v -0.716944 0.231244 -5.641935
v -0.723698 0.282678 -5.037733
v -0.585576 0.256455 -5.037733
v -0.468003 0.179371 -5.037733
v -0.498540 0.140778 -5.641935
v -0.598745 0.207732 -5.641935
v -0.598745 0.207732 -5.641935
v -0.585576 0.256455 -5.037733
v -0.468003 0.179371 -5.037733
v -0.388879 0.063162 -5.037733
v -0.431586 0.040573 -5.641935
v -0.498540 0.140778 -5.641935
v -0.498540 0.140778 -5.641935
v -0.468003 0.179371 -5.037733
v -0.388879 0.063162 -5.037733
v -0.360249 -0.074481 -5.037735
v -0.408074 -0.077626 -5.641935
v -0.431586 0.040573 -5.641935
v -0.431586 0.040573 -5.641935
v -0.388879 0.063162 -5.037733
v -0.360249 -0.074481 -5.037735
v -0.386473 -0.212603 -5.037733
v -0.360249 -0.074481 -5.037735
v -0.210857 -0.077626 -4.759981
v -0.386473 -0.212603 -5.037733
v -0.210857 -0.077626 -4.759981
v -0.219418 -0.177521 -4.759981
v -0.386473 -0.212603 -5.037733
v -0.219418 -0.177521 -4.759981
v -0.249738 -0.273089 -4.759981
v -0.463557 -0.330176 -5.037733
v -0.386473 -0.212603 -5.037733
v -0.249738 -0.273089 -4.759981
v -0.463557 -0.330176 -5.037733
v -0.249738 -0.273089 -4.759981
v -0.295875 -0.362104 -4.759981
v -0.463557 -0.330176 -5.037733
v -0.295875 -0.362104 -4.759981
v -0.360459 -0.438794 -4.759981
v -0.579766 -0.409300 -5.037733
v -0.463557 -0.330176 -5.037733
v -0.360459 -0.438794 -4.759981
v -0.579766 -0.409300 -5.037733
v -0.360459 -0.438794 -4.759981
v -0.437149 -0.503378 -4.759981
v -0.579766 -0.409300 -5.037733
v -0.437149 -0.503378 -4.759981
v -0.526164 -0.549515 -4.759981
v -0.717409 -0.437930 -5.037733
v -0.579766 -0.409300 -5.037733
v -0.526164 -0.549515 -4.759981
v -0.717409 -0.437930 -5.037733
v -0.526164 -0.549515 -4.759981
v -0.621732 -0.579835 -4.759981
v -0.717409 -0.437930 -5.037733
v -0.621732 -0.579835 -4.759981
v -0.721627 -0.588395 -4.759981
v -0.855531 -0.411706 -5.037733
v -0.717409 -0.437930 -5.037733
v -0.721627 -0.588395 -4.759981
v -0.855531 -0.411706 -5.037733
v -0.721627 -0.588395 -4.759981
v -0.821523 -0.579835 -4.759981
v -0.855531 -0.411706 -5.037733
v -0.821523 -0.579835 -4.759981
v -0.917090 -0.549515 -4.759981
v -0.973103 -0.334622 -5.037733
v -0.855531 -0.411706 -5.037733
v -0.917090 -0.549515 -4.759981
v -0.973103 -0.334622 -5.037733
v -0.917090 -0.549515 -4.759981
v -1.006106 -0.503378 -4.759981
v -0.973103 -0.334622 -5.037733
v -1.006106 -0.503378 -4.759981
v -1.082796 -0.438794 -4.759981
v -1.052228 -0.218413 -5.037733
v -0.973103 -0.334622 -5.037733
v -1.082796 -0.438794 -4.759981
v -1.052228 -0.218413 -5.037733
v -1.082796 -0.438794 -4.759981
v -1.147380 -0.362104 -4.759981
v -1.052228 -0.218413 -5.037733
v -1.147380 -0.362104 -4.759981
v -1.193517 -0.273089 -4.759981
v -1.080858 -0.080770 -5.037733
v -1.052228 -0.218413 -5.037733
v -1.193517 -0.273089 -4.759981
v -1.080858 -0.080770 -5.037733
v -1.193517 -0.273089 -4.759981
v -1.223836 -0.177521 -4.759981
v -1.080858 -0.080770 -5.037733
v -1.223836 -0.177521 -4.759981
v -1.232397 -0.077625 -4.759981
v -1.054635 0.057352 -5.037733
v -1.080858 -0.080770 -5.037733
v -1.232397 -0.077625 -4.759981
v -1.054635 0.057352 -5.037733
v -1.232397 -0.077625 -4.759981
v -1.223836 0.022270 -4.759981
v -1.054635 0.057352 -5.037733
v -1.223836 0.022270 -4.759981
v -1.193517 0.117838 -4.759981
v -0.977550 0.174924 -5.037733
v -1.054635 0.057352 -5.037733
v -1.193517 0.117838 -4.759981
v -0.977550 0.174924 -5.037733
v -1.193517 0.117838 -4.759981
v -1.147380 0.206853 -4.759981
v -0.977550 0.174924 -5.037733
v -1.147380 0.206853 -4.759981
v -1.082796 0.283543 -4.759981
v -0.861341 0.254049 -5.037733
v -0.977550 0.174924 -5.037733
v -1.082796 0.283543 -4.759981
v -0.861341 0.254049 -5.037733
v -1.082796 0.283543 -4.759981
v -1.006106 0.348127 -4.759981
v -0.861341 0.254049 -5.037733
v -1.006106 0.348127 -4.759981
v -0.917090 0.394264 -4.759981
v -0.723698 0.282678 -5.037733
v -0.861341 0.254049 -5.037733
v -0.917090 0.394264 -4.759981
v -0.723698 0.282678 -5.037733
v -0.917090 0.394264 -4.759981
v -0.821523 0.424583 -4.759981
v -0.723698 0.282678 -5.037733
v -0.821523 0.424583 -4.759981
v -0.721627 0.433144 -4.759981
v -0.585576 0.256455 -5.037733
v -0.723698 0.282678 -5.037733
v -0.721627 0.433144 -4.759981
v -0.585576 0.256455 -5.037733
v -0.721627 0.433144 -4.759981
v -0.621732 0.424583 -4.759981
v -0.585576 0.256455 -5.037733
v -0.621732 0.424583 -4.759981
v -0.526164 0.394264 -4.759981
v -0.468003 0.179371 -5.037733
v -0.585576 0.256455 -5.037733
v -0.526164 0.394264 -4.759981
v -0.468003 0.179371 -5.037733
v -0.526164 0.394264 -4.759981
v -0.437149 0.348127 -4.759981
v -0.468003 0.179371 -5.037733
v -0.437149 0.348127 -4.759981
v -0.360458 0.283543 -4.759981
v -0.388879 0.063162 -5.037733
v -0.468003 0.179371 -5.037733
v -0.360458 0.283543 -4.759981
v -0.388879 0.063162 -5.037733
v -0.360458 0.283543 -4.759981
v -0.295875 0.206853 -4.759981
v -0.388879 0.063162 -5.037733
v -0.295875 0.206853 -4.759981
v -0.249737 0.117838 -4.759981
v -0.360249 -0.074481 -5.037735
v -0.388879 0.063162 -5.037733
v -0.249737 0.117838 -4.759981
v -0.360249 -0.074481 -5.037735
v -0.249737 0.117838 -4.759981
v -0.219418 0.022270 -4.759981
v -0.360249 -0.074481 -5.037735
v -0.219418 0.022270 -4.759981
v -0.210857 -0.077626 -4.759981
v -1.094387 0.280540 -4.759979
v -1.102139 0.306894 -4.759979
v -0.940942 0.149122 -5.548550
v -0.940942 0.149122 -5.548550
v -0.952329 0.140425 -5.511484
v -1.094387 0.280540 -4.759979
v -0.940942 0.149122 -5.548550
v -1.102139 0.306894 -4.759979
v -1.075339 0.299258 -4.759979
v -1.075339 0.299258 -4.759979
v -0.932044 0.160358 -5.511484
v -0.940942 0.149122 -5.548550
v -1.094387 0.280540 -4.759979
v -0.952329 0.140425 -5.511484
v -0.932044 0.160358 -5.511484
v -0.932044 0.160358 -5.511484
v -1.075339 0.299258 -4.759979
v -1.094387 0.280540 -4.759979
v -1.240129 -0.088827 -4.759979
v -1.264246 -0.075674 -4.759979
v -1.035037 -0.072321 -5.548550
v -1.035037 -0.072321 -5.548550
v -1.036938 -0.086523 -5.511484
v -1.240129 -0.088827 -4.759979
v -1.035037 -0.072321 -5.548550
v -1.264246 -0.075674 -4.759979
v -1.239896 -0.062122 -4.759979
v -1.239896 -0.062122 -4.759979
v -1.036690 -0.058085 -5.511484
v -1.035037 -0.072321 -5.548550
v -1.240129 -0.088827 -4.759979
v -1.036938 -0.086523 -5.511484
v -1.036690 -0.058085 -5.511484
v -1.036690 -0.058085 -5.511484
v -1.239896 -0.062122 -4.759979
v -1.240129 -0.088827 -4.759979
v -1.082002 -0.453064 -4.759979
v -1.108356 -0.460817 -4.759979
v -0.944987 -0.295440 -5.548550
v -0.944987 -0.295440 -5.548550
v -0.936289 -0.306827 -5.511484
v -1.082002 -0.453064 -4.759979
v -0.944987 -0.295440 -5.548550
v -1.108356 -0.460817 -4.759979
v -1.100720 -0.434016 -4.759979
v -1.100720 -0.434016 -4.759979
v -0.956223 -0.286543 -5.511484
v -0.944987 -0.295440 -5.548550
v -1.082002 -0.453064 -4.759979
v -0.936289 -0.306827 -5.511484
v -0.956223 -0.286543 -5.511484
v -0.956223 -0.286543 -5.511484
v -1.100720 -0.434016 -4.759979
v -1.082002 -0.453064 -4.759979
v -0.712635 -0.598806 -4.759979
v -0.725788 -0.622923 -4.759979
v -0.723544 -0.389535 -5.548550
v -0.723544 -0.389535 -5.548550
v -0.709341 -0.391436 -5.511484
v -0.712635 -0.598806 -4.759979
v -0.723544 -0.389535 -5.548550
v -0.725788 -0.622923 -4.759979
v -0.739339 -0.598573 -4.759979
v -0.739339 -0.598573 -4.759979
v -0.737780 -0.391188 -5.511484
v -0.723544 -0.389535 -5.548550
v -0.712635 -0.598806 -4.759979
v -0.709341 -0.391436 -5.511484
v -0.737780 -0.391188 -5.511484
v -0.737780 -0.391188 -5.511484
v -0.739339 -0.598573 -4.759979
v -0.712635 -0.598806 -4.759979
v -0.348398 -0.440680 -4.759979
v -0.340645 -0.467033 -4.759979
v -0.500425 -0.299485 -5.548550
v -0.500425 -0.299485 -5.548550
v -0.489038 -0.290787 -5.511484
v -0.348398 -0.440680 -4.759979
v -0.500425 -0.299485 -5.548550
v -0.340645 -0.467033 -4.759979
v -0.367445 -0.459397 -4.759979
v -0.367445 -0.459397 -4.759979
v -0.509322 -0.310721 -5.511484
v -0.500425 -0.299485 -5.548550
v -0.348398 -0.440680 -4.759979
v -0.489038 -0.290787 -5.511484
v -0.509322 -0.310721 -5.511484
v -0.509322 -0.310721 -5.511484
v -0.367445 -0.459397 -4.759979
v -0.348398 -0.440680 -4.759979
v -0.202655 -0.071313 -4.759979
v -0.178538 -0.084466 -4.759979
v -0.406330 -0.078042 -5.548550
v -0.406330 -0.078042 -5.548550
v -0.404429 -0.063840 -5.511484
v -0.202655 -0.071313 -4.759979
v -0.406330 -0.078042 -5.548550
v -0.178538 -0.084466 -4.759979
v -0.202888 -0.098017 -4.759979
v -0.202888 -0.098017 -4.759979
v -0.404677 -0.092278 -5.511484
v -0.406330 -0.078042 -5.548550
v -0.202655 -0.071313 -4.759979
v -0.404429 -0.063840 -5.511484
v -0.404677 -0.092278 -5.511484
v -0.404677 -0.092278 -5.511484
v -0.202888 -0.098017 -4.759979
v -0.202655 -0.071313 -4.759979
v -0.360782 0.292925 -4.759979
v -0.334428 0.300677 -4.759979
v -0.496380 0.145077 -5.548550
v -0.496380 0.145077 -5.548550
v -0.505077 0.156464 -5.511484
v -0.360782 0.292925 -4.759979
v -0.496380 0.145077 -5.548550
v -0.334428 0.300677 -4.759979
v -0.342064 0.273877 -4.759979
v -0.342064 0.273877 -4.759979
v -0.485144 0.136180 -5.511484
v -0.496380 0.145077 -5.548550
v -0.360782 0.292925 -4.759979
v -0.505077 0.156464 -5.511484
v -0.485144 0.136180 -5.511484
v -0.485144 0.136180 -5.511484
v -0.342064 0.273877 -4.759979
v -0.360782 0.292925 -4.759979
v -0.730149 0.438667 -4.759979
v -0.716996 0.462784 -4.759979
v -0.717823 0.239172 -5.548550
v -0.717823 0.239172 -5.548550
v -0.732025 0.241073 -5.511484
v -0.730149 0.438667 -4.759979
v -0.717823 0.239172 -5.548550
v -0.716996 0.462784 -4.759979
v -0.703445 0.438434 -4.759979
v -0.703445 0.438434 -4.759979
v -0.703587 0.240825 -5.511484
v -0.717823 0.239172 -5.548550
v -0.730149 0.438667 -4.759979
v -0.732025 0.241073 -5.511484
v -0.703587 0.240825 -5.511484
v -0.703587 0.240825 -5.511484
v -0.703445 0.438434 -4.759979
v -0.730149 0.438667 -4.759979
v -0.186219 -0.184125 -4.836861
v -0.219418 -0.177521 -4.759981
v -0.210857 -0.077626 -4.759981
v -0.210857 -0.077626 -4.759981
v -0.177092 -0.077626 -4.836863
v -0.186219 -0.184125 -4.836861
v -0.267730 -0.380910 -4.836861
v -0.295875 -0.362104 -4.759981
v -0.249738 -0.273089 -4.759981
v -0.249738 -0.273089 -4.759981
v -0.218542 -0.286010 -4.836861
v -0.267730 -0.380910 -4.836861
v -0.418343 -0.531523 -4.836861
v -0.437149 -0.503378 -4.759981
v -0.360459 -0.438794 -4.759981
v -0.360459 -0.438794 -4.759981
v -0.336583 -0.462670 -4.836861
v -0.418343 -0.531523 -4.836861
v -0.615128 -0.613034 -4.836861
v -0.621732 -0.579835 -4.759981
v -0.526164 -0.549515 -4.759981
v -0.526164 -0.549515 -4.759981
v -0.513243 -0.580711 -4.836861
v -0.615128 -0.613034 -4.836861
v -0.828127 -0.613034 -4.836861
v -0.821523 -0.579835 -4.759981
v -0.721627 -0.588395 -4.759981
v -0.721627 -0.588395 -4.759981
v -0.721627 -0.622161 -4.836861
v -0.828127 -0.613034 -4.836861
v -1.024912 -0.531523 -4.836861
v -1.006106 -0.503378 -4.759981
v -0.917090 -0.549515 -4.759981
v -0.917090 -0.549515 -4.759981
v -0.930012 -0.580711 -4.836861
v -1.024912 -0.531523 -4.836861
v -1.175525 -0.380910 -4.836861
v -1.147380 -0.362104 -4.759981
v -1.082796 -0.438794 -4.759981
v -1.082796 -0.438794 -4.759981
v -1.106672 -0.462670 -4.836861
v -1.175525 -0.380910 -4.836861
v -1.257036 -0.184125 -4.836861
v -1.223836 -0.177521 -4.759981
v -1.193517 -0.273089 -4.759981
v -1.193517 -0.273089 -4.759981
v -1.224713 -0.286010 -4.836861
v -1.257036 -0.184125 -4.836861
v -1.257036 0.028874 -4.836863
v -1.223836 0.022270 -4.759981
v -1.232397 -0.077625 -4.759981
v -1.232397 -0.077625 -4.759981
v -1.266163 -0.077625 -4.836863
v -1.257036 0.028874 -4.836863
v -1.175525 0.225659 -4.836863
v -1.147380 0.206853 -4.759981
v -1.193517 0.117838 -4.759981
v -1.193517 0.117838 -4.759981
v -1.224713 0.130759 -4.836863
v -1.175525 0.225659 -4.836863
v -1.024912 0.376272 -4.836863
v -1.006106 0.348127 -4.759981
v -1.082796 0.283543 -4.759981
v -1.082796 0.283543 -4.759981
v -1.106672 0.307419 -4.836863
v -1.024912 0.376272 -4.836863
v -0.828126 0.457783 -4.836863
v -0.821523 0.424583 -4.759981
v -0.917090 0.394264 -4.759981
v -0.917090 0.394264 -4.759981
v -0.930012 0.425460 -4.836863
v -0.828126 0.457783 -4.836863
v -0.615128 0.457783 -4.836863
v -0.621732 0.424583 -4.759981
v -0.721627 0.433144 -4.759981
v -0.721627 0.433144 -4.759981
v -0.721627 0.466910 -4.836863
v -0.615128 0.457783 -4.836863
v -0.418343 0.376272 -4.836863
v -0.437149 0.348127 -4.759981
v -0.526164 0.394264 -4.759981
v -0.526164 0.394264 -4.759981
v -0.513243 0.425460 -4.836863
v -0.418343 0.376272 -4.836863
v -0.267730 0.225659 -4.836863
v -0.295875 0.206853 -4.759981
v -0.360458 0.283543 -4.759981
v -0.360458 0.283543 -4.759981
v -0.336583 0.307419 -4.836863
v -0.267730 0.225659 -4.836863
v -0.186219 0.028874 -4.836863
v -0.219418 0.022270 -4.759981
v -0.249737 0.117838 -4.759981
v -0.249737 0.117838 -4.759981
v -0.218542 0.130759 -4.836863
v -0.186219 0.028874 -4.836863
v -0.431586 -0.195825 -5.641935
v -0.438303 -0.193043 -5.656214
v -0.415345 -0.077626 -5.656214
v -0.415345 -0.077626 -5.656214
v -0.408074 -0.077626 -5.641935
v -0.431586 -0.195825 -5.641935
v -0.498540 -0.296029 -5.641935
v -0.503681 -0.290888 -5.656214
v -0.438303 -0.193043 -5.656214
v -0.438303 -0.193043 -5.656214
v -0.431586 -0.195825 -5.641935
v -0.498540 -0.296029 -5.641935
v -0.598745 -0.362984 -5.641935
v -0.601527 -0.356267 -5.656214
v -0.503681 -0.290888 -5.656214
v -0.503681 -0.290888 -5.656214
v -0.498540 -0.296029 -5.641935
v -0.598745 -0.362984 -5.641935
v -0.716944 -0.386495 -5.641935
v -0.716944 -0.379225 -5.656214
v -0.601527 -0.356267 -5.656214
v -0.601527 -0.356267 -5.656214
v -0.598745 -0.362984 -5.641935
v -0.716944 -0.386495 -5.641935
v -0.835143 -0.362984 -5.641935
v -0.832361 -0.356267 -5.656214
v -0.716944 -0.379225 -5.656214
v -0.716944 -0.379225 -5.656214
v -0.716944 -0.386495 -5.641935
v -0.835143 -0.362984 -5.641935
v -0.935347 -0.296029 -5.641935
v -0.930206 -0.290888 -5.656214
v -0.832361 -0.356267 -5.656214
v -0.832361 -0.356267 -5.656214
v -0.835143 -0.362984 -5.641935
v -0.935347 -0.296029 -5.641935
v -1.002302 -0.195825 -5.641935
v -0.995585 -0.193043 -5.656214
v -0.930206 -0.290888 -5.656214
v -0.930206 -0.290888 -5.656214
v -0.935347 -0.296029 -5.641935
v -1.002302 -0.195825 -5.641935
v -1.025813 -0.077626 -5.641935
v -1.018543 -0.077626 -5.656214
v -0.995585 -0.193043 -5.656214
v -0.995585 -0.193043 -5.656214
v -1.002302 -0.195825 -5.641935
v -1.025813 -0.077626 -5.641935
v -1.002302 0.040574 -5.641935
v -0.995585 0.037791 -5.656214
v -1.018543 -0.077626 -5.656214
v -1.018543 -0.077626 -5.656214
v -1.025813 -0.077626 -5.641935
v -1.002302 0.040574 -5.641935
v -0.935347 0.140778 -5.641935
v -0.930206 0.135637 -5.656214
v -0.995585 0.037791 -5.656214
v -0.995585 0.037791 -5.656214
v -1.002302 0.040574 -5.641935
v -0.935347 0.140778 -5.641935
v -0.835143 0.207732 -5.641935
v -0.832361 0.201015 -5.656214
v -0.930206 0.135637 -5.656214
v -0.930206 0.135637 -5.656214
v -0.935347 0.140778 -5.641935
v -0.835143 0.207732 -5.641935
v -0.716944 0.231244 -5.641935
v -0.716944 0.223973 -5.656214
v -0.832361 0.201015 -5.656214
v -0.832361 0.201015 -5.656214
v -0.835143 0.207732 -5.641935
v -0.716944 0.231244 -5.641935
v -0.598745 0.207732 -5.641935
v -0.601527 0.201015 -5.656214
v -0.716944 0.223973 -5.656214
v -0.716944 0.223973 -5.656214
v -0.716944 0.231244 -5.641935
v -0.598745 0.207732 -5.641935
v -0.498540 0.140778 -5.641935
v -0.503681 0.135637 -5.656214
v -0.601527 0.201015 -5.656214
v -0.601527 0.201015 -5.656214
v -0.598745 0.207732 -5.641935
v -0.498540 0.140778 -5.641935
v -0.431586 0.040573 -5.641935
v -0.438303 0.037791 -5.656214
v -0.503681 0.135637 -5.656214
v -0.503681 0.135637 -5.656214
v -0.498540 0.140778 -5.641935
v -0.431586 0.040573 -5.641935
v -0.408074 -0.077626 -5.641935
v -0.415345 -0.077626 -5.656214
v -0.438303 0.037791 -5.656214
v -0.438303 0.037791 -5.656214
v -0.431586 0.040573 -5.641935
v -0.408074 -0.077626 -5.641935
v -0.927994 0.395829 -4.759979
v -0.925072 0.423144 -4.759979
v -0.838339 0.216337 -5.548550
v -0.838339 0.216337 -5.548550
v -0.852187 0.212659 -5.511484
v -0.927994 0.395829 -4.759979
v -0.838339 0.216337 -5.548550
v -0.925072 0.423144 -4.759979
v -0.903234 0.405833 -4.759979
v -0.903234 0.405833 -4.759979
v -0.825819 0.223313 -5.511484
v -0.838339 0.216337 -5.548550
v -0.927994 0.395829 -4.759979
v -0.852187 0.212659 -5.511484
v -0.825819 0.223313 -5.511484
v -0.825819 0.223313 -5.511484
v -0.903234 0.405833 -4.759979
v -0.927994 0.395829 -4.759979
v -1.203994 0.110352 -4.759979
v -1.221241 0.131733 -4.759979
v -1.010013 0.047759 -5.548550
v -1.010013 0.047759 -5.548550
v -1.017205 0.035366 -5.511484
v -1.203994 0.110352 -4.759979
v -1.010013 0.047759 -5.548550
v -1.221241 0.131733 -4.759979
v -1.193559 0.134934 -4.759979
v -1.193559 0.134934 -4.759979
v -1.006093 0.061544 -5.511484
v -1.010013 0.047759 -5.548550
v -1.203994 0.110352 -4.759979
v -1.017205 0.035366 -5.511484
v -1.006093 0.061544 -5.511484
v -1.006093 0.061544 -5.511484
v -1.193559 0.134934 -4.759979
v -1.203994 0.110352 -4.759979
v -1.197291 -0.286672 -4.759979
v -1.224606 -0.283749 -4.759979
v -1.012202 -0.192837 -5.548550
v -1.012202 -0.192837 -5.548550
v -1.008524 -0.206685 -5.511484
v -1.197291 -0.286672 -4.759979
v -1.012202 -0.192837 -5.548550
v -1.224606 -0.283749 -4.759979
v -1.207295 -0.261911 -4.759979
v -1.207295 -0.261911 -4.759979
v -1.019178 -0.180317 -5.511484
v -1.012202 -0.192837 -5.548550
v -1.197291 -0.286672 -4.759979
v -1.008524 -0.206685 -5.511484
v -1.019178 -0.180317 -5.511484
v -1.019178 -0.180317 -5.511484
v -1.207295 -0.261911 -4.759979
v -1.197291 -0.286672 -4.759979
v -0.911813 -0.562671 -4.759979
v -0.933194 -0.579919 -4.759979
v -0.843623 -0.364511 -5.548550
v -0.843623 -0.364511 -5.548550
v -0.831230 -0.371703 -5.511484
v -0.911813 -0.562671 -4.759979
v -0.843623 -0.364511 -5.548550
v -0.933194 -0.579919 -4.759979
v -0.936396 -0.552236 -4.759979
v -0.936396 -0.552236 -4.759979
v -0.857409 -0.360591 -5.511484
v -0.843623 -0.364511 -5.548550
v -0.911813 -0.562671 -4.759979
v -0.831230 -0.371703 -5.511484
v -0.857409 -0.360591 -5.511484
v -0.857409 -0.360591 -5.511484
v -0.936396 -0.552236 -4.759979
v -0.911813 -0.562671 -4.759979
v -0.514790 -0.555969 -4.759979
v -0.517712 -0.583283 -4.759979
v -0.603028 -0.366700 -5.548550
v -0.603028 -0.366700 -5.548550
v -0.589180 -0.363022 -5.511484
v -0.514790 -0.555969 -4.759979
v -0.603028 -0.366700 -5.548550
v -0.517712 -0.583283 -4.759979
v -0.539550 -0.565972 -4.759979
v -0.539550 -0.565972 -4.759979
v -0.615548 -0.373676 -5.511484
v -0.603028 -0.366700 -5.548550
v -0.514790 -0.555969 -4.759979
v -0.589180 -0.363022 -5.511484
v -0.615548 -0.373676 -5.511484
v -0.615548 -0.373676 -5.511484
v -0.539550 -0.565972 -4.759979
v -0.514790 -0.555969 -4.759979
v -0.238791 -0.270491 -4.759979
v -0.221543 -0.291872 -4.759979
v -0.431354 -0.198122 -5.548550
v -0.431354 -0.198122 -5.548550
v -0.424162 -0.185729 -5.511484
v -0.238791 -0.270491 -4.759979
v -0.431354 -0.198122 -5.548550
v -0.221543 -0.291872 -4.759979
v -0.249225 -0.295073 -4.759979
v -0.249225 -0.295073 -4.759979
v -0.435274 -0.211907 -5.511484
v -0.431354 -0.198122 -5.548550
v -0.238791 -0.270491 -4.759979
v -0.424162 -0.185729 -5.511484
v -0.435274 -0.211907 -5.511484
v -0.435274 -0.211907 -5.511484
v -0.249225 -0.295073 -4.759979
v -0.238791 -0.270491 -4.759979
v -0.245493 0.126533 -4.759979
v -0.218178 0.123610 -4.759979
v -0.429165 0.042474 -5.548550
v -0.429165 0.042474 -5.548550
v -0.432842 0.056322 -5.511484
v -0.245493 0.126533 -4.759979
v -0.429165 0.042474 -5.548550
v -0.218178 0.123610 -4.759979
v -0.235489 0.101772 -4.759979
v -0.235489 0.101772 -4.759979
v -0.422189 0.029954 -5.511484
v -0.429165 0.042474 -5.548550
v -0.245493 0.126533 -4.759979
v -0.432842 0.056322 -5.511484
v -0.422189 0.029954 -5.511484
v -0.422189 0.029954 -5.511484
v -0.235489 0.101772 -4.759979
v -0.245493 0.126533 -4.759979
v -0.530970 0.402532 -4.759979
v -0.509589 0.419779 -4.759979
v -0.597743 0.214148 -5.548550
v -0.597743 0.214148 -5.548550
v -0.610136 0.221340 -5.511484
v -0.530970 0.402532 -4.759979
v -0.597743 0.214148 -5.548550
v -0.509589 0.419779 -4.759979
v -0.506388 0.392097 -4.759979
v -0.506388 0.392097 -4.759979
v -0.583958 0.210228 -5.511484
v -0.597743 0.214148 -5.548550
v -0.530970 0.402532 -4.759979
v -0.610136 0.221340 -5.511484
v -0.583958 0.210228 -5.511484
v -0.583958 0.210228 -5.511484
v -0.506388 0.392097 -4.759979
v -0.530970 0.402532 -4.759979
v -0.419849 -0.201657 -4.962801
v -0.395177 -0.077626 -4.962801
v -0.415345 -0.077626 -5.656214
v -0.415345 -0.077626 -5.656214
v -0.438303 -0.193043 -5.656214
v -0.419849 -0.201657 -4.962801
v -0.490106 -0.306805 -4.962801
v -0.419849 -0.201657 -4.962801
v -0.438303 -0.193043 -5.656214
v -0.438303 -0.193043 -5.656214
v -0.503681 -0.290888 -5.656214
v -0.490106 -0.306805 -4.962801
v -0.595255 -0.377062 -4.962801
v -0.490106 -0.306805 -4.962801
v -0.503681 -0.290888 -5.656214
v -0.503681 -0.290888 -5.656214
v -0.601527 -0.356267 -5.656214
v -0.595255 -0.377062 -4.962801
v -0.719286 -0.401734 -4.962801
v -0.595255 -0.377062 -4.962801
v -0.601527 -0.356267 -5.656214
v -0.601527 -0.356267 -5.656214
v -0.716944 -0.379225 -5.656214
v -0.719286 -0.401734 -4.962801
v -0.843316 -0.377062 -4.962801
v -0.719286 -0.401734 -4.962801
v -0.716944 -0.379225 -5.656214
v -0.716944 -0.379225 -5.656214
v -0.832361 -0.356267 -5.656214
v -0.843316 -0.377062 -4.962801
v -0.948465 -0.306805 -4.962801
v -0.843316 -0.377062 -4.962801
v -0.832361 -0.356267 -5.656214
v -0.832361 -0.356267 -5.656214
v -0.930206 -0.290888 -5.656214
v -0.948465 -0.306805 -4.962801
v -1.018723 -0.201656 -4.962801
v -0.948465 -0.306805 -4.962801
v -0.930206 -0.290888 -5.656214
v -0.930206 -0.290888 -5.656214
v -0.995585 -0.193043 -5.656214
v -1.018723 -0.201656 -4.962801
v -1.043394 -0.077626 -4.962801
v -1.018723 -0.201656 -4.962801
v -0.995585 -0.193043 -5.656214
v -0.995585 -0.193043 -5.656214
v -1.018543 -0.077626 -5.656214
v -1.043394 -0.077626 -4.962801
v -1.018723 0.046405 -4.962801
v -1.043394 -0.077626 -4.962801
v -1.018543 -0.077626 -5.656214
v -1.018543 -0.077626 -5.656214
v -0.995585 0.037791 -5.656214
v -1.018723 0.046405 -4.962801
v -0.948465 0.151553 -4.962801
v -1.018723 0.046405 -4.962801
v -0.995585 0.037791 -5.656214
v -0.995585 0.037791 -5.656214
v -0.930206 0.135637 -5.656214
v -0.948465 0.151553 -4.962801
v -0.843316 0.221811 -4.962801
v -0.948465 0.151553 -4.962801
v -0.930206 0.135637 -5.656214
v -0.930206 0.135637 -5.656214
v -0.832361 0.201015 -5.656214
v -0.843316 0.221811 -4.962801
v -0.719286 0.246482 -4.962801
v -0.843316 0.221811 -4.962801
v -0.832361 0.201015 -5.656214
v -0.832361 0.201015 -5.656214
v -0.716944 0.223973 -5.656214
v -0.719286 0.246482 -4.962801
v -0.595255 0.221811 -4.962801
v -0.719286 0.246482 -4.962801
v -0.716944 0.223973 -5.656214
v -0.716944 0.223973 -5.656214
v -0.601527 0.201015 -5.656214
v -0.595255 0.221811 -4.962801
v -0.490106 0.151553 -4.962801
v -0.595255 0.221811 -4.962801
v -0.601527 0.201015 -5.656214
v -0.601527 0.201015 -5.656214
v -0.503681 0.135637 -5.656214
v -0.490106 0.151553 -4.962801
v -0.419849 0.046405 -4.962801
v -0.490106 0.151553 -4.962801
v -0.503681 0.135637 -5.656214
v -0.503681 0.135637 -5.656214
v -0.438303 0.037791 -5.656214
v -0.419849 0.046405 -4.962801
v -0.395177 -0.077626 -4.962801
v -0.419849 0.046405 -4.962801
v -0.438303 0.037791 -5.656214
v -0.438303 0.037791 -5.656214
v -0.415345 -0.077626 -5.656214
v -0.395177 -0.077626 -4.962801
vn -0.8732 0.2770 -0.4009
vn -0.7008 0.5901 -0.4009
vn -0.7007 0.5901 -0.4009
vn -0.4216 0.8134 -0.4009
vn -0.0782 0.9128 -0.4009
vn 0.2770 0.8732 -0.4009
vn 0.5901 0.7007 -0.4009
vn 0.8134 0.4216 -0.4009
vn 0.9128 0.0782 -0.4009
vn 0.8732 -0.2770 -0.4009
vn 0.7007 -0.5901 -0.4009
vn 0.4216 -0.8134 -0.4009
vn 0.0782 -0.9128 -0.4009
vn -0.2770 -0.8732 -0.4009
vn -0.5901 -0.7007 -0.4009
vn -0.8134 -0.4216 -0.4009
vn -0.9128 -0.0782 -0.4009
vn -0.9675 0.1924 0.1642
vn -0.8201 0.5480 0.1647
vn -0.5479 0.8200 0.1656
vn -0.1924 0.9671 0.1667
vn 0.1923 0.9668 0.1680
vn 0.5476 0.8195 0.1692
vn 0.8194 0.5475 0.1701
vn 0.9664 0.1922 0.1705
vn 0.9664 -0.1922 0.1705
vn 0.8194 -0.5475 0.1701
vn 0.5476 -0.8195 0.1692
vn 0.1923 -0.9668 0.1680
vn -0.1924 -0.9671 0.1667
vn -0.5479 -0.8200 0.1656
vn -0.8201 -0.5480 0.1647
vn -0.9675 -0.1924 0.1642
vn -0.0000 -0.0000 -1.0000
vn 0.9778 -0.1945 -0.0784
vn 0.9796 -0.1860 -0.0766
vn 0.8289 -0.5538 -0.0793
vn 0.8338 -0.5466 -0.0774
vn 0.5537 -0.8287 -0.0809
vn 0.5610 -0.8240 -0.0791
vn 0.1944 -0.9774 -0.0831
vn 0.2030 -0.9758 -0.0812
vn -0.1944 -0.9772 -0.0854
vn -0.1859 -0.9790 -0.0835
vn -0.5534 -0.8283 -0.0875
vn -0.5463 -0.8332 -0.0856
vn -0.8282 -0.5534 -0.0891
vn -0.8234 -0.5607 -0.0873
vn -0.9768 -0.1943 -0.0900
vn -0.9752 -0.2028 -0.0882
vn -0.9768 0.1943 -0.0900
vn -0.9786 0.1858 -0.0882
vn -0.8282 0.5534 -0.0891
vn -0.8331 0.5462 -0.0873
vn -0.5534 0.8283 -0.0875
vn -0.5607 0.8235 -0.0857
vn -0.1944 0.9772 -0.0854
vn -0.2029 0.9756 -0.0836
vn 0.1944 0.9774 -0.0831
vn 0.1859 0.9792 -0.0813
vn 0.5537 0.8287 -0.0809
vn 0.5466 0.8337 -0.0791
vn 0.8289 0.5538 -0.0793
vn 0.8241 0.5611 -0.0775
vn 0.9778 0.1945 -0.0784
vn 0.9762 0.2030 -0.0766
vn 0.8679 -0.1648 -0.4687
vn 0.8587 -0.0736 -0.5072
vn 0.8404 -0.2666 -0.4718
vn 0.7386 -0.4842 -0.4691
vn 0.7650 -0.3965 -0.5074
vn 0.6742 -0.5678 -0.4723
vn 0.4968 -0.7297 -0.4698
vn 0.5548 -0.6588 -0.5080
vn 0.4054 -0.7822 -0.4731
vn 0.1797 -0.8638 -0.4707
vn 0.2603 -0.8205 -0.5089
vn 0.0752 -0.8773 -0.4741
vn -0.1645 -0.8662 -0.4718
vn -0.0735 -0.8571 -0.5098
vn -0.2661 -0.8387 -0.4751
vn -0.4832 -0.7369 -0.4727
vn -0.3956 -0.7633 -0.5108
vn -0.5665 -0.6727 -0.4760
vn -0.7281 -0.4957 -0.4735
vn -0.6573 -0.5535 -0.5115
vn -0.7805 -0.4045 -0.4767
vn -0.8621 -0.1793 -0.4739
vn -0.8188 -0.2598 -0.5120
vn -0.8757 -0.0751 -0.4769
vn -0.8651 0.1643 -0.4739
vn -0.8558 0.0733 -0.5121
vn -0.8378 0.2658 -0.4768
vn -0.7366 0.4829 -0.4735
vn -0.7627 0.3953 -0.5118
vn -0.6725 0.5664 -0.4763
vn -0.4959 0.7284 -0.4728
vn -0.5536 0.6574 -0.5112
vn -0.4048 0.7810 -0.4755
vn -0.1796 0.8632 -0.4718
vn -0.2601 0.8197 -0.5104
vn -0.0752 0.8770 -0.4745
vn 0.1646 0.8668 -0.4708
vn 0.0735 0.8574 -0.5094
vn 0.2663 0.8395 -0.4735
vn 0.4840 0.7382 -0.4698
vn 0.3962 0.7645 -0.5085
vn 0.5677 0.6741 -0.4726
vn 0.7300 0.4970 -0.4691
vn 0.6590 0.5549 -0.5077
vn 0.7827 0.4057 -0.4720
vn 0.8649 0.1799 -0.4687
vn 0.8214 0.2606 -0.5073
vn 0.8785 0.0753 -0.4717
vn -0.9501 -0.2795 -0.1383
vn -0.9378 0.2632 -0.2263
vn 0.2715 0.9529 -0.1352
vn -0.2582 0.9400 -0.2230
vn 0.6774 -0.6894 0.2566
vn -0.4740 -0.8691 -0.1415
vn -0.8433 -0.4861 -0.2295
vn -0.4817 0.8656 -0.1363
vn -0.8429 0.4887 -0.2253
vn 0.9653 -0.0084 0.2610
vn 0.2794 -0.9497 -0.1413
vn -0.2473 -0.9410 -0.2311
vn -0.9522 0.2713 -0.1404
vn -0.9436 -0.2398 -0.2285
vn 0.6878 0.6759 0.2649
vn 0.8695 -0.4742 -0.1379
vn 0.4880 -0.8419 -0.2302
vn -0.8646 -0.4812 -0.1449
vn -0.5041 -0.8323 -0.2307
vn 0.0084 0.9639 0.2660
vn 0.9508 0.2797 -0.1332
vn 0.9386 -0.2596 -0.2274
vn -0.2710 -0.9512 -0.1472
vn 0.2320 -0.9449 -0.2307
vn -0.6761 0.6880 0.2638
vn 0.4747 0.8705 -0.1300
vn 0.8530 0.4713 -0.2243
vn 0.4811 -0.8644 -0.1460
vn 0.8367 -0.4977 -0.2285
vn -0.9657 0.0084 0.2594
vn -0.2798 0.9512 -0.1302
vn 0.2754 0.9352 -0.2227
vn 0.9520 -0.2712 -0.1420
vn 0.9415 0.2508 -0.2252
vn -0.6896 -0.6777 0.2555
vn -0.8700 0.4745 -0.1336
vn -0.4689 0.8545 -0.2235
vn 0.8655 0.4817 -0.1375
vn 0.4820 0.8474 -0.2229
vn -0.0084 -0.9671 0.2543
vn -0.9128 0.0782 -0.4009
vn -0.8134 0.4216 -0.4009
vn -0.5901 0.7007 -0.4009
vn -0.2770 0.8732 -0.4009
vn 0.0782 0.9128 -0.4009
vn 0.4216 0.8134 -0.4009
vn 0.7007 0.5901 -0.4009
vn 0.8732 0.2770 -0.4009
vn 0.9128 -0.0782 -0.4009
vn 0.8134 -0.4216 -0.4009
vn 0.5901 -0.7007 -0.4009
vn 0.2770 -0.8732 -0.4009
vn -0.0782 -0.9128 -0.4009
vn -0.4216 -0.8134 -0.4009
vn -0.7008 -0.5901 -0.4009
vn -0.7007 -0.5901 -0.4009
vn -0.8732 -0.2770 -0.4009
vn 0.8775 -0.1745 -0.4468
vn 0.8774 -0.1745 -0.4468
vn 0.7439 -0.4970 -0.4468
vn 0.4970 -0.7439 -0.4468
vn 0.4971 -0.7438 -0.4468
vn 0.1745 -0.8775 -0.4468
vn 0.1745 -0.8774 -0.4468
vn -0.1745 -0.8774 -0.4468
vn -0.1745 -0.8775 -0.4468
vn -0.4970 -0.7439 -0.4468
vn -0.7439 -0.4970 -0.4468
vn -0.7439 -0.4971 -0.4468
vn -0.8775 -0.1745 -0.4467
vn -0.8775 -0.1745 -0.4468
vn -0.8775 0.1745 -0.4468
vn -0.8775 0.1745 -0.4467
vn -0.7439 0.4970 -0.4468
vn -0.4970 0.7439 -0.4468
vn -0.1745 0.8774 -0.4468
vn 0.1745 0.8775 -0.4468
vn 0.1745 0.8774 -0.4468
vn 0.4970 0.7439 -0.4468
vn 0.4971 0.7438 -0.4468
vn 0.7439 0.4970 -0.4468
vn 0.8774 0.1745 -0.4468
vn -0.9851 0.1054 -0.1360
vn -0.7627 0.6065 -0.2248
vn 0.6154 0.7764 -0.1359
vn 0.1200 0.9675 -0.2226
vn 0.3622 -0.8965 0.2551
vn -0.7706 -0.6217 -0.1402
vn -0.9661 -0.1213 -0.2280
vn -0.1138 0.9842 -0.1353
vn -0.5956 0.7714 -0.2239
vn 0.8892 -0.3774 0.2587
vn -0.1053 -0.9843 -0.1418
vn -0.5900 -0.7738 -0.2306
vn -0.7761 0.6152 -0.1381
vn -0.9646 0.1342 -0.2269
vn 0.8945 0.3614 0.2632
vn 0.6217 -0.7707 -0.1399
vn 0.1312 -0.9641 -0.2309
vn -0.9832 -0.1137 -0.1427
vn -0.7825 -0.5787 -0.2298
vn 0.3767 0.8874 0.2659
vn 0.9852 -0.1054 -0.1355
vn 0.7707 -0.5946 -0.2290
vn -0.6145 -0.7752 -0.1464
vn -0.1483 -0.9616 -0.2311
vn -0.3612 0.8940 0.2653
vn 0.7716 0.6224 -0.1313
vn 0.9675 0.1139 -0.2258
vn 0.1136 -0.9826 -0.1470
vn 0.5786 -0.7825 -0.2298
vn -0.8884 0.3771 0.2617
vn 0.1055 0.9859 -0.1297
vn 0.6107 0.7597 -0.2232
vn 0.7755 -0.6147 -0.1442
vn 0.9647 -0.1341 -0.2268
vn -0.8960 -0.3620 0.2572
vn -0.6224 0.7716 -0.1316
vn -0.1038 0.9693 -0.2228
vn 0.9836 0.1138 -0.1396
vn 0.7712 0.5959 -0.2238
vn -0.3779 -0.8902 0.2544
vn -0.9804 0.1950 0.0285
vn -0.8311 0.5553 0.0290
vn -0.5553 0.8311 0.0299
vn -0.1950 0.9803 0.0312
vn 0.1950 0.9803 0.0325
vn 0.5553 0.8310 0.0337
vn 0.8310 0.5552 0.0346
vn 0.9802 0.1950 0.0351
vn 0.9802 -0.1950 0.0351
vn 0.8310 -0.5552 0.0346
vn 0.5553 -0.8310 0.0337
vn 0.1950 -0.9803 0.0325
vn -0.1950 -0.9803 0.0312
vn -0.5553 -0.8311 0.0299
vn -0.8311 -0.5553 0.0290
vn -0.9804 -0.1950 0.0285
vt 0.406092 -0.964368
vt 0.406092 -0.971861
vt 0.394966 -0.964368
vt 0.394966 -0.971861
vt 0.417856 -0.964368
vt 0.417856 -0.971861
vt 0.386050 -0.906405
vt 0.371080 -0.906405
vt 0.386050 -0.943051
vt 0.371080 -0.943051
vt 0.509806 -0.774090
vt 0.483804 -0.828232
vt 0.484002 -0.767291
vt 0.531258 -0.788208
vt 0.412015 -0.882964
vt 0.397181 -0.882964
vt 0.412015 -0.929394
vt 0.397181 -0.929394
vt 0.406767 -0.874001
vt 0.406767 -0.945715
vt 0.406065 -0.874001
vt 0.406065 -0.942680
vt 0.407450 -0.874001
vt 0.407450 -0.942680
vt 0.379443 -0.827043
vt 0.381158 -0.827043
vt 0.379444 -0.873063
vt 0.381158 -0.873063
vt 0.412015 -0.881092
vt 0.397181 -0.881092
vt 0.371080 -0.979698
vt 0.386050 -0.979698
s 1
usemtl default.066
f 2501/556/803 2502/557/803 2500/558/803
f 2504/559/803 2505/558/803 2503/557/803
f 2507/556/804 2508/557/804 2506/560/804
f 2510/561/805 2511/560/805 2509/557/805
f 2513/556/806 2514/557/806 2512/558/806
f 2516/559/806 2517/558/806 2515/557/806
f 2519/556/807 2520/557/807 2518/560/807
f 2522/561/807 2523/560/807 2521/557/807
f 2525/556/808 2526/557/808 2524/558/808
f 2528/559/808 2529/558/808 2527/557/808
f 2531/556/809 2532/557/809 2530/560/809
f 2534/561/809 2535/560/809 2533/557/809
f 2537/556/810 2538/557/810 2536/558/810
f 2540/559/810 2541/558/810 2539/557/810
f 2543/556/811 2544/557/811 2542/560/811
f 2546/561/811 2547/560/811 2545/557/811
f 2549/556/812 2550/557/812 2548/558/812
f 2552/559/812 2553/558/812 2551/557/812
f 2555/556/813 2556/557/813 2554/560/813
f 2558/561/813 2559/560/813 2557/557/813
f 2561/556/814 2562/557/814 2560/558/814
f 2564/559/814 2565/558/814 2563/557/814
f 2567/556/815 2568/557/815 2566/560/815
f 2570/561/815 2571/560/815 2569/557/815
f 2573/556/816 2574/557/816 2572/558/816
f 2576/559/816 2577/558/816 2575/557/816
f 2579/556/817 2580/557/817 2578/560/817
f 2582/561/817 2583/560/817 2581/557/817
f 2585/556/818 2586/557/818 2584/558/818
f 2588/559/818 2589/558/818 2587/557/818
f 2591/556/819 2592/557/819 2590/560/819
f 2594/561/819 2595/560/819 2593/557/819
f 2597/562/820 2598/563/820 2596/564/820
f 2600/565/820 2601/564/820 2599/563/820
f 2603/562/821 2604/563/821 2602/564/821
f 2606/565/821 2607/564/821 2605/563/821
f 2609/562/822 2610/563/822 2608/564/822
f 2612/565/822 2613/564/822 2611/563/822
f 2615/562/823 2616/563/823 2614/564/823
f 2618/565/823 2619/564/823 2617/563/823
f 2621/562/824 2622/563/824 2620/564/824
f 2624/565/824 2625/564/824 2623/563/824
f 2627/562/825 2628/563/825 2626/564/825
f 2630/565/825 2631/564/825 2629/563/825
f 2633/562/826 2634/563/826 2632/564/826
f 2636/565/826 2637/564/826 2635/563/826
f 2639/562/827 2640/563/827 2638/564/827
f 2642/565/827 2643/564/827 2641/563/827
f 2645/562/828 2646/563/828 2644/564/828
f 2648/565/828 2649/564/828 2647/563/828
f 2651/562/829 2652/563/829 2650/564/829
f 2654/565/829 2655/564/829 2653/563/829
f 2657/562/830 2658/563/830 2656/564/830
f 2660/565/830 2661/564/830 2659/563/830
f 2663/562/831 2664/563/831 2662/564/831
f 2666/565/831 2667/564/831 2665/563/831
f 2669/562/832 2670/563/832 2668/564/832
f 2672/565/832 2673/564/832 2671/563/832
f 2675/562/833 2676/563/833 2674/564/833
f 2678/565/833 2679/564/833 2677/563/833
f 2681/562/834 2682/563/834 2680/564/834
f 2684/565/834 2685/564/834 2683/563/834
f 2687/562/835 2688/563/835 2686/564/835
f 2690/565/835 2691/564/835 2689/563/835
f 2693/566/836 2694/567/836 2692/568/836
f 2696/569/836 2697/567/836 2695/566/836
f 2699/566/836 2700/567/836 2698/569/836
f 2702/568/836 2703/567/836 2701/566/836
f 2705/566/836 2706/567/836 2704/568/836
f 2708/569/836 2709/567/836 2707/566/836
f 2711/566/836 2712/567/836 2710/569/836
f 2714/568/836 2715/567/836 2713/566/836
f 2717/566/836 2718/567/836 2716/568/836
f 2720/569/836 2721/567/836 2719/566/836
f 2723/566/836 2724/567/836 2722/569/836
f 2726/568/836 2727/567/836 2725/566/836
f 2729/566/836 2730/567/836 2728/568/836
f 2732/569/836 2733/567/836 2731/566/836
f 2735/566/836 2736/567/836 2734/569/836
f 2738/568/836 2739/567/836 2737/566/836
f 2741/570/837 2742/571/837 2740/572/837
f 2744/573/838 2745/572/838 2743/571/838
f 2747/571/839 2748/570/839 2746/573/839
f 2750/572/840 2751/573/840 2749/570/840
f 2753/570/841 2754/571/841 2752/572/841
f 2756/573/842 2757/572/842 2755/571/842
f 2759/571/843 2760/570/843 2758/573/843
f 2762/572/844 2763/573/844 2761/570/844
f 2765/570/845 2766/571/845 2764/572/845
f 2768/573/846 2769/572/846 2767/571/846
f 2771/571/847 2772/570/847 2770/573/847
f 2774/572/848 2775/573/848 2773/570/848
f 2777/570/849 2778/571/849 2776/572/849
f 2780/573/850 2781/572/850 2779/571/850
f 2783/571/851 2784/570/851 2782/573/851
f 2786/572/852 2787/573/852 2785/570/852
f 2789/570/853 2790/571/853 2788/572/853
f 2792/573/854 2793/572/854 2791/571/854
f 2795/571/855 2796/570/855 2794/573/855
f 2798/572/856 2799/573/856 2797/570/856
f 2801/570/857 2802/571/857 2800/572/857
f 2804/573/858 2805/572/858 2803/571/858
f 2807/571/859 2808/570/859 2806/573/859
f 2810/572/860 2811/573/860 2809/570/860
f 2813/570/861 2814/571/861 2812/572/861
f 2816/573/862 2817/572/862 2815/571/862
f 2819/571/863 2820/570/863 2818/573/863
f 2822/572/864 2823/573/864 2821/570/864
f 2825/570/865 2826/571/865 2824/572/865
f 2828/573/866 2829/572/866 2827/571/866
f 2831/571/867 2832/570/867 2830/573/867
f 2834/572/868 2835/573/868 2833/570/868
f 2837/573/869 2838/558/869 2836/572/869
f 2840/558/870 2841/556/870 2839/572/870
f 2843/556/871 2844/560/871 2842/572/871
f 2846/572/872 2847/560/872 2845/573/872
f 2849/560/873 2850/556/873 2848/573/873
f 2852/556/874 2853/558/874 2851/573/874
f 2855/573/875 2856/558/875 2854/572/875
f 2858/558/876 2859/556/876 2857/572/876
f 2861/556/877 2862/560/877 2860/572/877
f 2864/572/878 2865/560/878 2863/573/878
f 2867/560/879 2868/556/879 2866/573/879
f 2870/556/880 2871/558/880 2869/573/880
f 2873/573/881 2874/558/881 2872/572/881
f 2876/558/882 2877/556/882 2875/572/882
f 2879/556/883 2880/560/883 2878/572/883
f 2882/572/884 2883/560/884 2881/573/884
f 2885/560/885 2886/556/885 2884/573/885
f 2888/556/886 2889/558/886 2887/573/886
f 2891/573/887 2892/558/887 2890/572/887
f 2894/558/888 2895/556/888 2893/572/888
f 2897/556/889 2898/560/889 2896/572/889
f 2900/572/890 2901/560/890 2899/573/890
f 2903/560/891 2904/556/891 2902/573/891
f 2906/556/892 2907/558/892 2905/573/892
f 2909/573/893 2910/558/893 2908/572/893
f 2912/558/894 2913/556/894 2911/572/894
f 2915/556/895 2916/560/895 2914/572/895
f 2918/572/896 2919/560/896 2917/573/896
f 2921/560/897 2922/556/897 2920/573/897
f 2924/556/898 2925/558/898 2923/573/898
f 2927/573/899 2928/558/899 2926/572/899
f 2930/558/900 2931/556/900 2929/572/900
f 2933/556/901 2934/560/901 2932/572/901
f 2936/572/902 2937/560/902 2935/573/902
f 2939/560/903 2940/556/903 2938/573/903
f 2942/556/904 2943/558/904 2941/573/904
f 2945/573/905 2946/558/905 2944/572/905
f 2948/558/906 2949/556/906 2947/572/906
f 2951/556/907 2952/560/907 2950/572/907
f 2954/572/908 2955/560/908 2953/573/908
f 2957/560/909 2958/556/909 2956/573/909
f 2960/556/910 2961/558/910 2959/573/910
f 2963/573/911 2964/558/911 2962/572/911
f 2966/558/912 2967/556/912 2965/572/912
f 2969/556/913 2970/560/913 2968/572/913
f 2972/572/914 2973/560/914 2971/573/914
f 2975/560/915 2976/556/915 2974/573/915
f 2978/556/916 2979/558/916 2977/573/916
f 2981/574/917 2982/575/917 2980/576/917
f 2984/577/918 2985/576/918 2983/575/918
f 2987/574/919 2988/578/919 2986/575/919
f 2990/579/920 2991/575/920 2989/578/920
f 2993/580/921 2994/581/921 2992/582/921
f 2996/583/921 2997/582/921 2995/581/921
f 2999/574/922 3000/575/922 2998/576/922
f 3002/577/923 3003/576/923 3001/575/923
f 3005/574/924 3006/578/924 3004/575/924
f 3008/579/925 3009/575/925 3007/578/925
f 3011/580/926 3012/581/926 3010/582/926
f 3014/583/926 3015/582/926 3013/581/926
f 3017/574/927 3018/575/927 3016/576/927
f 3020/577/928 3021/576/928 3019/575/928
f 3023/574/929 3024/578/929 3022/575/929
f 3026/579/930 3027/575/930 3025/578/930
f 3029/580/931 3030/581/931 3028/582/931
f 3032/583/931 3033/582/931 3031/581/931
f 3035/574/932 3036/575/932 3034/576/932
f 3038/577/933 3039/576/933 3037/575/933
f 3041/574/934 3042/578/934 3040/575/934
f 3044/579/935 3045/575/935 3043/578/935
f 3047/580/936 3048/581/936 3046/582/936
f 3050/583/936 3051/582/936 3049/581/936
f 3053/574/937 3054/575/937 3052/576/937
f 3056/577/938 3057/576/938 3055/575/938
f 3059/574/939 3060/578/939 3058/575/939
f 3062/579/940 3063/575/940 3061/578/940
f 3065/580/941 3066/581/941 3064/582/941
f 3068/583/941 3069/582/941 3067/581/941
f 3071/574/942 3072/575/942 3070/576/942
f 3074/577/943 3075/576/943 3073/575/943
f 3077/574/944 3078/578/944 3076/575/944
f 3080/579/945 3081/575/945 3079/578/945
f 3083/580/946 3084/581/946 3082/582/946
f 3086/583/946 3087/582/946 3085/581/946
f 3089/574/947 3090/575/947 3088/576/947
f 3092/577/948 3093/576/948 3091/575/948
f 3095/574/949 3096/578/949 3094/575/949
f 3098/579/950 3099/575/950 3097/578/950
f 3101/580/951 3102/581/951 3100/582/951
f 3104/583/951 3105/582/951 3103/581/951
f 3107/574/952 3108/575/952 3106/576/952
f 3110/577/953 3111/576/953 3109/575/953
f 3113/574/954 3114/578/954 3112/575/954
f 3116/579/955 3117/575/955 3115/578/955
f 3119/580/956 3120/581/956 3118/582/956
f 3122/583/956 3123/582/956 3121/581/956
f 3125/556/957 3126/560/957 3124/557/957
f 3128/561/957 3129/557/957 3127/560/957
f 3131/556/958 3132/558/958 3130/557/958
f 3134/559/958 3135/557/958 3133/558/958
f 3137/556/959 3138/560/959 3136/557/959
f 3140/561/959 3141/557/959 3139/560/959
f 3143/556/960 3144/558/960 3142/557/960
f 3146/559/960 3147/557/960 3145/558/960
f 3149/556/961 3150/560/961 3148/557/961
f 3152/561/961 3153/557/961 3151/560/961
f 3155/556/962 3156/558/962 3154/557/962
f 3158/559/962 3159/557/962 3157/558/962
f 3161/556/963 3162/560/963 3160/557/963
f 3164/561/963 3165/557/963 3163/560/963
f 3167/556/964 3168/558/964 3166/557/964
f 3170/559/964 3171/557/964 3169/558/964
f 3173/556/965 3174/560/965 3172/557/965
f 3176/561/965 3177/557/965 3175/560/965
f 3179/556/966 3180/558/966 3178/557/966
f 3182/559/966 3183/557/966 3181/558/966
f 3185/556/967 3186/560/967 3184/557/967
f 3188/561/967 3189/557/967 3187/560/967
f 3191/556/968 3192/558/968 3190/557/968
f 3194/559/968 3195/557/968 3193/558/968
f 3197/556/969 3198/560/969 3196/557/969
f 3200/561/969 3201/557/969 3199/560/969
f 3203/556/970 3204/558/970 3202/557/970
f 3206/559/970 3207/557/970 3205/558/970
f 3209/556/971 3210/560/971 3208/557/971
f 3212/561/972 3213/557/972 3211/560/972
f 3215/556/973 3216/558/973 3214/557/973
f 3218/559/973 3219/557/973 3217/558/973
f 3221/584/974 3222/585/974 3220/570/974
f 3224/571/975 3225/570/975 3223/585/975
f 3227/585/976 3228/584/976 3226/571/976
f 3230/570/976 3231/571/976 3229/584/976
f 3233/584/977 3234/585/977 3232/570/977
f 3236/571/978 3237/570/978 3235/585/978
f 3239/585/979 3240/584/979 3238/571/979
f 3242/570/980 3243/571/980 3241/584/980
f 3245/584/981 3246/585/981 3244/570/981
f 3248/571/982 3249/570/982 3247/585/982
f 3251/585/983 3252/584/983 3250/571/983
f 3254/570/983 3255/571/983 3253/584/983
f 3257/584/984 3258/585/984 3256/570/984
f 3260/571/985 3261/570/985 3259/585/985
f 3263/585/986 3264/584/986 3262/571/986
f 3266/570/987 3267/571/987 3265/584/987
f 3269/584/988 3270/585/988 3268/570/988
f 3272/571/989 3273/570/989 3271/585/989
f 3275/585/990 3276/584/990 3274/571/990
f 3278/570/990 3279/571/990 3277/584/990
f 3281/584/991 3282/585/991 3280/570/991
f 3284/571/991 3285/570/991 3283/585/991
f 3287/585/992 3288/584/992 3286/571/992
f 3290/570/992 3291/571/992 3289/584/992
f 3293/584/993 3294/585/993 3292/570/993
f 3296/571/994 3297/570/994 3295/585/994
f 3299/585/995 3300/584/995 3298/571/995
f 3302/570/996 3303/571/996 3301/584/996
f 3305/584/997 3306/585/997 3304/570/997
f 3308/571/997 3309/570/997 3307/585/997
f 3311/585/998 3312/584/998 3310/571/998
f 3314/570/998 3315/571/998 3313/584/998
f 3317/574/999 3318/575/999 3316/576/999
f 3320/577/1000 3321/576/1000 3319/575/1000
f 3323/574/1001 3324/578/1001 3322/575/1001
f 3326/579/1002 3327/575/1002 3325/578/1002
f 3329/580/1003 3330/581/1003 3328/582/1003
f 3332/583/1003 3333/582/1003 3331/581/1003
f 3335/574/1004 3336/575/1004 3334/576/1004
f 3338/577/1005 3339/576/1005 3337/575/1005
f 3341/574/1006 3342/578/1006 3340/575/1006
f 3344/579/1007 3345/575/1007 3343/578/1007
f 3347/580/1008 3348/581/1008 3346/582/1008
f 3350/583/1008 3351/582/1008 3349/581/1008
f 3353/574/1009 3354/575/1009 3352/576/1009
f 3356/577/1010 3357/576/1010 3355/575/1010
f 3359/574/1011 3360/578/1011 3358/575/1011
f 3362/579/1012 3363/575/1012 3361/578/1012
f 3365/580/1013 3366/581/1013 3364/582/1013
f 3368/583/1013 3369/582/1013 3367/581/1013
f 3371/574/1014 3372/575/1014 3370/576/1014
f 3374/577/1015 3375/576/1015 3373/575/1015
f 3377/574/1016 3378/578/1016 3376/575/1016
f 3380/579/1017 3381/575/1017 3379/578/1017
f 3383/580/1018 3384/581/1018 3382/582/1018
f 3386/583/1018 3387/582/1018 3385/581/1018
f 3389/574/1019 3390/575/1019 3388/576/1019
f 3392/577/1020 3393/576/1020 3391/575/1020
f 3395/574/1021 3396/578/1021 3394/575/1021
f 3398/579/1022 3399/575/1022 3397/578/1022
f 3401/580/1023 3402/581/1023 3400/582/1023
f 3404/583/1023 3405/582/1023 3403/581/1023
f 3407/574/1024 3408/575/1024 3406/576/1024
f 3410/577/1025 3411/576/1025 3409/575/1025
f 3413/574/1026 3414/578/1026 3412/575/1026
f 3416/579/1027 3417/575/1027 3415/578/1027
f 3419/580/1028 3420/581/1028 3418/582/1028
f 3422/583/1028 3423/582/1028 3421/581/1028
f 3425/574/1029 3426/575/1029 3424/576/1029
f 3428/577/1030 3429/576/1030 3427/575/1030
f 3431/574/1031 3432/578/1031 3430/575/1031
f 3434/579/1032 3435/575/1032 3433/578/1032
f 3437/580/1033 3438/581/1033 3436/582/1033
f 3440/583/1033 3441/582/1033 3439/581/1033
f 3443/574/1034 3444/575/1034 3442/576/1034
f 3446/577/1035 3447/576/1035 3445/575/1035
f 3449/574/1036 3450/578/1036 3448/575/1036
f 3452/579/1037 3453/575/1037 3451/578/1037
f 3455/580/1038 3456/581/1038 3454/582/1038
f 3458/583/1038 3459/582/1038 3457/581/1038
f 3461/565/1039 3462/586/1039 3460/564/1039
f 3464/587/1039 3465/564/1039 3463/586/1039
f 3467/565/1040 3468/586/1040 3466/564/1040
f 3470/587/1040 3471/564/1040 3469/586/1040
f 3473/565/1041 3474/586/1041 3472/564/1041
f 3476/587/1041 3477/564/1041 3475/586/1041
f 3479/565/1042 3480/586/1042 3478/564/1042
f 3482/587/1042 3483/564/1042 3481/586/1042
f 3485/565/1043 3486/586/1043 3484/564/1043
f 3488/587/1043 3489/564/1043 3487/586/1043
f 3491/565/1044 3492/586/1044 3490/564/1044
f 3494/587/1044 3495/564/1044 3493/586/1044
f 3497/565/1045 3498/586/1045 3496/564/1045
f 3500/587/1045 3501/564/1045 3499/586/1045
f 3503/565/1046 3504/586/1046 3502/564/1046
f 3506/587/1046 3507/564/1046 3505/586/1046
f 3509/565/1047 3510/586/1047 3508/564/1047
f 3512/587/1047 3513/564/1047 3511/586/1047
f 3515/565/1048 3516/586/1048 3514/564/1048
f 3518/587/1048 3519/564/1048 3517/586/1048
f 3521/565/1049 3522/586/1049 3520/564/1049
f 3524/587/1049 3525/564/1049 3523/586/1049
f 3527/565/1050 3528/586/1050 3526/564/1050
f 3530/587/1050 3531/564/1050 3529/586/1050
f 3533/565/1051 3534/586/1051 3532/564/1051
f 3536/587/1051 3537/564/1051 3535/586/1051
f 3539/565/1052 3540/586/1052 3538/564/1052
f 3542/587/1052 3543/564/1052 3541/586/1052
f 3545/565/1053 3546/586/1053 3544/564/1053
f 3548/587/1053 3549/564/1053 3547/586/1053
f 3551/565/1054 3552/586/1054 3550/564/1054
f 3554/587/1054 3555/564/1054 3553/586/1054
o F-15C_Eagle_FlapL01
v 1.945320 0.197196 -1.814864
v 1.930439 0.211123 -2.708904
v 3.904690 0.204776 -2.711998
v 3.904690 0.204776 -2.711998
v 3.904690 0.178241 -1.825708
v 1.945320 0.197196 -1.814864
v 1.930526 0.268706 -1.863749
v 3.904690 0.228852 -1.863749
v 3.904690 0.204776 -2.711998
v 3.904690 0.204776 -2.711998
v 1.930439 0.211123 -2.708904
v 1.930526 0.268706 -1.863749
v 3.904690 0.178241 -1.825708
v 3.904690 0.228852 -1.863749
v 1.930526 0.268706 -1.863749
v 1.930526 0.268706 -1.863749
v 1.945320 0.197196 -1.814864
v 3.904690 0.178241 -1.825708
v 3.904690 0.178241 -1.825708
v 3.904690 0.204776 -2.711998
v 3.904690 0.228852 -1.863749
v 1.930526 0.268706 -1.863749
v 1.930439 0.211123 -2.708904
v 1.945320 0.197196 -1.814864
vn -0.0032 -0.9999 -0.0155
vn -0.0098 -0.9995 -0.0299
vn 0.0202 0.9994 -0.0284
vn 0.0031 0.9977 -0.0680
vn 0.0121 0.6008 0.7993
vn 0.0100 0.5657 0.8245
vn 1.0000 -0.0000 -0.0000
vn -0.9809 -0.1938 0.0133
vt 0.235608 -0.523672
vt 0.336833 -0.523830
vt 0.236371 -0.477832
vt 0.336833 -0.478388
vt 0.444233 -0.712765
vt 0.444233 -0.756257
vt 0.545453 -0.712765
vt 0.545457 -0.756098
vt 0.771238 -0.245358
vt 0.583837 -0.245358
vt 0.771238 -0.255522
vt 0.583837 -0.255522
vt 0.648306 -0.249796
vt 0.769545 -0.244986
vt 0.769545 -0.256070
s 1
usemtl default.066
f 3557/588/1055 3558/589/1055 3556/590/1055
f 3560/591/1056 3561/590/1056 3559/589/1056
f 3563/592/1057 3564/593/1057 3562/594/1057
f 3566/595/1058 3567/594/1058 3565/593/1058
f 3569/596/1059 3570/597/1059 3568/598/1059
f 3572/599/1060 3573/598/1060 3571/597/1060
f 3575/600/1061 3576/601/1061 3574/602/1061
f 3578/600/1062 3579/602/1062 3577/601/1062
o F-15C_Eagle_FlapR01
v -1.945320 0.197200 -1.814864
v -3.904690 0.178245 -1.825706
v -3.904691 0.204781 -2.711997
v -3.904691 0.204781 -2.711997
v -1.930439 0.211127 -2.708905
v -1.945320 0.197200 -1.814864
v -1.930526 0.268710 -1.863749
v -1.930439 0.211127 -2.708905
v -3.904691 0.204781 -2.711997
v -3.904691 0.204781 -2.711997
v -3.904690 0.228856 -1.863747
v -1.930526 0.268710 -1.863749
v -3.904690 0.178245 -1.825706
v -1.945320 0.197200 -1.814864
v -1.930526 0.268710 -1.863749
v -1.930526 0.268710 -1.863749
v -3.904690 0.228856 -1.863747
v -3.904690 0.178245 -1.825706
v -3.904690 0.178245 -1.825706
v -3.904690 0.228856 -1.863747
v -3.904691 0.204781 -2.711997
v -1.930526 0.268710 -1.863749
v -1.945320 0.197200 -1.814864
v -1.930439 0.211127 -2.708905
vn 0.0098 -0.9995 -0.0299
vn 0.0032 -0.9999 -0.0155
vn -0.0031 0.9977 -0.0680
vn -0.0202 0.9994 -0.0284
vn -0.0100 0.5657 0.8245
vn -0.0121 0.6008 0.7993
vn -1.0000 -0.0000 -0.0000
vn 0.9809 -0.1938 0.0133
vt 0.336833 -0.478388
vt 0.336833 -0.523830
vt 0.236371 -0.477832
vt 0.235608 -0.523671
vt 0.743415 -0.756098
vt 0.844639 -0.756257
vt 0.743419 -0.712765
vt 0.844639 -0.712765
vt 0.583837 -0.245358
vt 0.583837 -0.255522
vt 0.771238 -0.245358
vt 0.771238 -0.255522
vt 0.769545 -0.244986
vt 0.648306 -0.249798
vt 0.769545 -0.256069
s 1
usemtl default.066
f 3581/603/1063 3582/604/1063 3580/605/1063
f 3584/606/1064 3585/605/1064 3583/604/1064
f 3587/607/1065 3588/608/1065 3586/609/1065
f 3590/610/1066 3591/609/1066 3589/608/1066
f 3593/611/1067 3594/612/1067 3592/613/1067
f 3596/614/1068 3597/613/1068 3595/612/1068
f 3599/615/1069 3600/616/1069 3598/617/1069
f 3602/617/1070 3603/616/1070 3601/615/1070
o F-15C_Eagle_Glass01
v 0.491979 0.884413 7.870653
v 0.506328 0.993953 7.914043
v 0.458631 0.859878 8.285805
v 0.414318 1.234734 7.993523
v 0.211416 1.381665 8.041909
v 0.154949 0.915290 8.885284
v -0.491975 0.884413 7.870653
v -0.506325 0.993954 7.914043
v -0.458627 0.859879 8.285805
v -0.479821 1.123648 7.958188
v -0.414315 1.234735 7.993522
v -0.097282 1.414074 8.041504
v 0.479824 1.123647 7.958188
v 0.312899 0.900397 8.755741
v 0.107274 1.418503 8.049031
v 0.000002 0.941022 8.920382
v -0.312895 0.900398 8.755741
v -0.154944 0.915291 8.885284
v -0.312825 1.325007 8.022120
v 0.312828 1.325007 8.022120
v 0.000003 1.426634 8.056154
v -0.211413 1.381667 8.041908
v 0.470550 1.007425 6.246433
v 0.470139 1.096488 6.246480
v 0.344531 1.129811 5.216538
v 0.388682 1.289908 6.246480
v 0.000002 1.533637 6.326862
v 0.243114 1.533478 6.805081
v 0.112488 1.500679 6.246480
v 0.322263 1.389437 6.326862
v 0.396268 1.301871 6.326862
v 0.504093 1.261036 7.334304
v 0.439576 1.386070 7.075791
v 0.489727 1.243025 6.764698
v 0.456179 1.192863 6.326862
v 0.494226 0.951001 6.990519
v 0.473671 1.001439 6.325376
v 0.478191 1.098605 6.326863
v 0.516304 1.109310 6.747172
v 0.489516 0.971047 6.726167
v 0.447732 1.185774 6.246480
v 0.000002 1.487293 7.943279
v 0.221637 1.441761 7.929089
v 0.430526 1.285946 7.875692
v 0.495036 1.170681 7.840044
v 0.438770 1.359869 7.622525
v 0.498388 0.912112 7.497233
v 0.498937 0.930954 7.254870
v 0.000003 1.609088 6.812275
v -0.470546 1.007426 6.246433
v -0.315545 1.376080 6.246480
v -0.344527 1.129812 5.216539
v -0.112486 1.500680 6.246480
v -0.196146 1.207730 4.946568
v 0.000002 1.518520 6.246480
v -0.322261 1.389438 6.326862
v -0.432134 1.362222 6.782226
v -0.489722 1.243026 6.764698
v -0.396263 1.301873 6.326862
v -0.489512 0.971048 6.726167
v -0.478187 1.098608 6.326863
v -0.473667 1.001440 6.325376
v -0.470134 1.096489 6.246480
v -0.447730 1.185775 6.246480
v -0.341421 1.457266 7.644193
v -0.245477 1.553522 7.393822
v -0.356205 1.491061 7.381590
v -0.447009 1.399065 7.369358
v -0.499561 1.227949 7.587174
v -0.498933 0.930956 7.254869
v -0.216570 1.455113 6.246480
v -0.285318 1.168770 5.081553
v 0.285322 1.168770 5.081553
v 0.196150 1.207728 4.946568
v 0.216572 1.455113 6.246480
v 0.315548 1.376080 6.246480
v 0.000002 1.236263 4.897170
v 0.434247 1.036605 5.861631
v -0.434243 1.036606 5.861631
v -0.388678 1.289909 6.246480
v 0.126240 1.603911 7.395977
v 0.244298 1.553217 7.099452
v 0.125635 1.607777 7.102328
v 0.115137 1.515730 6.326862
v 0.125029 1.589406 6.808679
v 0.347568 1.461986 6.793653
v 0.221337 1.468886 6.326862
v 0.527767 1.110184 7.299250
v 0.112626 1.479189 7.936184
v 0.326639 1.380954 7.906795
v 0.518333 1.036481 7.795586
v -0.244293 1.553219 7.099452
v -0.125024 1.589407 6.808678
v -0.243109 1.533479 6.805081
v -0.221335 1.468887 6.326862
v -0.115134 1.515731 6.326862
v -0.439572 1.386071 7.075792
v -0.347563 1.461987 6.793653
v -0.522031 1.108041 7.023211
v -0.456177 1.192864 6.326862
v -0.516300 1.109311 6.747172
v -0.126235 1.603912 7.395978
v -0.119429 1.567205 7.666081
v -0.527763 1.110186 7.299250
v 0.000003 1.617828 7.398133
v 0.119433 1.567204 7.666080
v 0.233560 1.521467 7.661456
v 0.341425 1.457265 7.644193
v 0.499564 1.227948 7.587174
v 0.497840 0.893271 7.739597
v 0.000002 1.578674 7.670706
v -0.112623 1.479190 7.936184
v -0.233556 1.521468 7.661456
v -0.430523 1.285947 7.875692
v -0.523047 1.079488 7.547419
v -0.498384 0.912115 7.497232
v -0.497836 0.893273 7.739596
v -0.518330 1.036481 7.795587
v 0.447014 1.399063 7.369358
v 0.523050 1.079487 7.547418
v -0.221634 1.441762 7.929090
v -0.438766 1.359871 7.622525
v -0.326636 1.380954 7.906796
v -0.495033 1.170681 7.840044
v 0.245482 1.553521 7.393823
v 0.356210 1.491059 7.381590
v 0.496910 1.254071 7.049501
v -0.125630 1.607777 7.102328
v 0.000003 1.625019 7.105204
v -0.494222 0.951002 6.990518
v 0.351889 1.484476 7.087622
v 0.432139 1.362220 6.782225
v 0.522036 1.108039 7.023211
v -0.351884 1.484478 7.087622
v -0.496905 1.254072 7.049501
v -0.504089 1.261037 7.334304
vn 0.9917 0.0034 0.1285
vn 0.9649 0.1546 0.2123
vn 0.9852 -0.1567 0.0699
vn 0.9192 0.2934 0.2625
vn 0.5346 0.7296 0.4266
vn 0.7536 0.5473 0.3641
vn 0.7744 0.5350 0.3377
vn 0.2277 0.8436 0.4863
vn 0.3753 0.8002 0.4678
vn 0.4167 0.7834 0.4611
vn -0.9649 0.1546 0.2123
vn -0.9917 0.0034 0.1284
vn -0.9852 -0.1567 0.0699
vn -0.9192 0.2934 0.2625
vn -0.7536 0.5472 0.3641
vn -0.5346 0.7296 0.4266
vn -0.7744 0.5351 0.3377
vn -0.3566 0.8087 0.4679
vn -0.2279 0.8463 0.4814
vn -0.3731 0.8011 0.4680
vn -0.0148 0.8682 0.4961
vn -0.0369 0.8712 0.4895
vn -0.0000 0.9951 0.0990
vn 0.2301 0.9712 0.0625
vn -0.0000 1.0000 -0.0056
vn 0.2793 0.9599 -0.0255
vn 0.9796 0.1689 -0.1093
vn 0.9857 0.1261 -0.1116
vn 0.9956 0.0047 -0.0936
vn 0.6403 0.7529 -0.1520
vn 0.6981 0.7017 -0.1425
vn 0.8639 0.4882 -0.1241
vn 0.8151 0.5662 -0.1229
vn 0.3297 0.9325 -0.1474
vn -0.0000 0.9880 -0.1541
vn 0.2818 0.9524 -0.1168
vn -0.0000 0.9948 -0.1019
vn 0.6607 0.7417 -0.1158
vn 0.4772 0.8716 -0.1117
vn 0.6433 0.7640 -0.0493
vn 0.4703 0.8818 -0.0353
vn 0.3519 0.9168 -0.1889
vn 0.2350 0.9517 -0.1978
vn 0.5358 0.8281 -0.1649
vn 0.8290 0.5491 -0.1059
vn 0.7055 0.6933 -0.1472
vn 0.8439 0.5200 -0.1320
vn 0.8420 0.5389 0.0251
vn 0.9620 0.2729 0.0043
vn 0.8452 0.5319 -0.0523
vn 0.9556 0.2925 -0.0354
vn 0.9445 0.3108 -0.1062
vn 0.9386 0.3351 -0.0825
vn 0.9882 -0.1420 -0.0579
vn 0.9978 0.0146 -0.0640
vn 0.9844 -0.1741 -0.0275
vn 0.9997 -0.0021 -0.0243
vn 0.9980 -0.0458 -0.0429
vn 0.9968 -0.0219 -0.0766
vn 0.9383 0.3266 -0.1139
vn -0.0000 0.9481 0.3179
vn 0.1731 0.9345 0.3111
vn -0.0000 0.9660 0.2586
vn 0.2562 0.9443 0.2065
vn 0.4093 0.8675 0.2827
vn 0.5889 0.7666 0.2558
vn 0.4658 0.8586 0.2144
vn 0.6218 0.7603 0.1881
vn 0.7682 0.6056 0.2074
vn 0.9367 0.3337 0.1061
vn 0.8237 0.5494 0.1400
vn 0.9608 0.2692 0.0662
vn 0.9870 -0.1592 -0.0197
vn 1.0000 -0.0050 -0.0081
vn 0.9889 -0.1486 -0.0060
vn 0.9999 -0.0025 0.0170
vn -0.2793 0.9599 -0.0255
vn -0.2817 0.9524 -0.1168
vn -0.9857 0.1261 -0.1116
vn -0.9796 0.1689 -0.1093
vn -0.9956 0.0047 -0.0936
vn -0.8151 0.5661 -0.1229
vn -0.6981 0.7017 -0.1425
vn -0.8639 0.4882 -0.1241
vn -0.6403 0.7529 -0.1520
vn -0.3297 0.9325 -0.1474
vn -0.4703 0.8818 -0.0353
vn -0.4772 0.8716 -0.1117
vn -0.6433 0.7641 -0.0493
vn -0.6607 0.7417 -0.1157
vn -0.5358 0.8281 -0.1649
vn -0.2756 0.9414 -0.1944
vn -0.3092 0.9313 -0.1926
vn -0.0893 0.9746 -0.2054
vn 0.0335 0.9780 -0.2059
vn -0.7055 0.6933 -0.1472
vn -0.8290 0.5491 -0.1059
vn -0.8439 0.5201 -0.1320
vn -0.8452 0.5319 -0.0523
vn -0.9556 0.2926 -0.0354
vn -0.9386 0.3351 -0.0825
vn -0.9445 0.3108 -0.1062
vn -0.9997 -0.0021 -0.0243
vn -0.9978 0.0146 -0.0640
vn -0.9844 -0.1740 -0.0275
vn -0.9882 -0.1420 -0.0579
vn -0.9969 -0.0219 -0.0752
vn -0.9980 -0.0458 -0.0429
vn -0.9383 0.3266 -0.1139
vn -0.2562 0.9443 0.2065
vn -0.2301 0.9712 0.0624
vn -0.4658 0.8586 0.2144
vn -0.4412 0.8945 0.0724
vn -0.6218 0.7603 0.1881
vn -0.6178 0.7844 0.0542
vn -0.8237 0.5494 0.1400
vn -0.8420 0.5389 0.0251
vn -0.9608 0.2692 0.0662
vn -0.9620 0.2729 0.0042
vn -0.9999 -0.0025 0.0170
vn -1.0000 -0.0050 -0.0081
vn -0.9889 -0.1486 -0.0060
vn -0.9870 -0.1592 -0.0197
vn 0.4412 0.8945 0.0724
vn 0.5260 0.8382 -0.1444
vn 0.6178 0.7844 0.0542
vn 0.9981 0.0528 0.0304
vn -0.5260 0.8382 -0.1444
vn 0.9899 -0.1413 -0.0071
vn -0.1731 0.9345 0.3111
vn -0.5889 0.7666 0.2558
vn -0.4093 0.8675 0.2827
vn -0.9367 0.3337 0.1061
vn -0.7682 0.6056 0.2074
vn -0.9899 -0.1415 -0.0072
vn -0.9981 0.0528 0.0304
vt 0.396249 -0.331570
vt 0.391888 -0.335196
vt 0.395593 -0.335400
vt 0.396916 -0.327673
vt 0.397883 -0.322029
vt 0.388332 -0.332639
vt 0.397584 -0.323776
vt 0.398290 -0.319653
vt 0.387387 -0.331807
vt 0.398182 -0.320282
vt 0.387320 -0.330888
vt 0.398397 -0.319025
vt 0.405331 -0.315471
vt 0.405123 -0.316301
vt 0.407796 -0.316158
vt 0.407574 -0.317064
vt 0.413832 -0.335250
vt 0.410951 -0.332473
vt 0.410338 -0.335279
vt 0.421595 -0.332702
vt 0.412706 -0.324434
vt 0.420102 -0.333691
vt 0.412216 -0.326679
vt 0.412827 -0.320696
vt 0.413031 -0.319771
vt 0.410025 -0.317826
vt 0.410261 -0.316846
vt 0.409257 -0.321126
vt 0.409790 -0.318806
vt 0.406856 -0.320172
vt 0.407352 -0.317969
vt 0.423089 -0.331714
vt 0.413395 -0.321277
vt 0.413195 -0.322189
vt 0.408725 -0.323447
vt 0.412128 -0.323880
vt 0.411631 -0.326138
vt 0.403994 -0.321305
vt 0.403143 -0.325572
vt 0.406360 -0.322376
vt 0.405505 -0.326365
vt 0.410965 -0.329173
vt 0.407868 -0.327158
vt 0.405983 -0.335317
vt 0.407010 -0.330869
vt 0.403583 -0.335337
vt 0.404651 -0.330354
vt 0.409621 -0.335286
vt 0.410298 -0.332208
vt 0.411583 -0.329576
vt 0.399785 -0.317690
vt 0.399679 -0.318313
vt 0.402558 -0.316580
vt 0.402401 -0.317307
vt 0.399572 -0.318936
vt 0.399272 -0.320769
vt 0.402244 -0.318034
vt 0.401863 -0.319994
vt 0.398972 -0.322602
vt 0.398293 -0.326555
vt 0.401483 -0.321953
vt 0.400718 -0.326063
vt 0.401182 -0.335358
vt 0.402292 -0.329839
vt 0.398978 -0.335392
vt 0.399952 -0.330173
vt 0.413594 -0.320365
vt 0.423768 -0.330866
vt 0.404915 -0.317132
vt 0.404454 -0.319218
vt 0.412624 -0.321621
vt 0.397613 -0.330507
vt 0.396773 -0.335427
s 1
usemtl default.067
f 3605/618/1071 3606/619/1072 3604/620/1073
f 3616/621/1074 3606/619/1072 3605/618/1071
f 3623/622/1075 3617/623/1076 3607/624/1077
f 3618/625/1078 3609/626/1079 3608/627/1080
f 3612/619/1081 3611/618/1082 3610/620/1083
f 3612/619/1081 3613/621/1084 3611/618/1082
f 3620/623/1085 3622/622/1086 3614/624/1087
f 3621/626/1088 3615/625/1089 3625/627/1090
f 3617/623/1076 3606/619/1072 3616/621/1074
f 3609/626/1079 3617/623/1076 3623/622/1075
f 3619/628/1091 3609/626/1079 3618/625/1078
f 3620/623/1085 3613/621/1084 3612/619/1081
f 3621/626/1088 3622/622/1086 3620/623/1085
f 3619/628/1091 3615/625/1089 3621/626/1088
f 3607/624/1077 3617/623/1076 3616/621/1074
f 3608/627/1080 3609/626/1079 3623/622/1075
f 3624/629/1092 3619/628/1091 3618/625/1078
f 3614/624/1087 3613/621/1084 3620/623/1085
f 3625/627/1090 3622/622/1086 3621/626/1088
f 3624/629/1092 3615/625/1089 3619/628/1091
f 3708/630/1093 3684/631/1094 3732/632/1095
f 3686/633/1096 3732/632/1095 3684/631/1094
f 3681/634/1097 3627/635/1098 3626/636/1099
f 3676/637/1100 3679/638/1101 3628/639/1102
f 3629/640/1103 3628/639/1102 3679/638/1101
f 3687/641/1104 3630/642/1105 3688/643/1106
f 3652/644/1107 3688/643/1106 3630/642/1105
f 3689/645/1108 3631/646/1109 3734/647/1110
f 3685/648/1111 3734/647/1110 3631/646/1109
f 3677/649/1112 3632/650/1113 3678/651/1114
f 3689/645/1108 3735/652/1115 3633/653/1116
f 3634/654/1117 3633/653/1116 3735/652/1115
f 3722/655/1118 3635/656/1119 3636/657/1120
f 3730/658/1121 3636/657/1120 3635/656/1119
f 3638/659/1122 3634/654/1117 3637/660/1123
f 3735/652/1115 3637/660/1123 3634/654/1117
f 3643/661/1124 3642/662/1125 3639/663/1126
f 3736/664/1127 3639/663/1126 3642/662/1125
f 3640/665/1128 3641/666/1129 3643/661/1124
f 3642/662/1125 3643/661/1124 3641/666/1129
f 3681/634/1097 3644/667/1130 3627/635/1098
f 3645/668/1131 3692/669/1132 3714/670/1133
f 3709/671/1134 3714/670/1133 3692/669/1132
f 3646/672/1135 3693/673/1136 3710/674/1137
f 3711/675/1138 3710/674/1137 3693/673/1136
f 3647/676/1139 3648/677/1140 3649/678/1141
f 3712/679/1142 3649/678/1141 3648/677/1140
f 3651/680/1143 3691/681/1144 3650/682/1145
f 3723/683/1146 3650/682/1145 3691/681/1144
f 3732/632/1095 3652/644/1107 3731/633/1147
f 3696/643/1148 3731/633/1147 3652/644/1107
f 3666/635/1149 3682/634/1150 3653/636/1151
f 3683/640/1152 3654/638/1153 3655/639/1154
f 3675/637/1155 3655/639/1154 3654/638/1153
f 3699/641/1156 3696/643/1148 3630/642/1105
f 3652/644/1107 3630/642/1105 3696/643/1148
f 3695/648/1157 3697/646/1158 3737/647/1159
f 3701/645/1160 3737/647/1159 3697/646/1158
f 3674/651/1161 3656/650/1162 3657/649/1163
f 3656/650/1162 3658/684/1164 3657/649/1163
f 3658/684/1164 3680/685/1165 3657/649/1163
f 3701/645/1160 3659/653/1166 3660/652/1167
f 3662/654/1168 3660/652/1167 3659/653/1166
f 3700/657/1169 3660/652/1167 3738/658/1170
f 3661/660/1171 3738/658/1170 3660/652/1167
f 3703/659/1172 3661/660/1171 3662/654/1168
f 3660/652/1167 3662/654/1168 3661/660/1171
f 3702/664/1173 3704/662/1174 3733/663/1175
f 3663/661/1176 3733/663/1175 3704/662/1174
f 3704/662/1174 3664/666/1177 3663/661/1176
f 3665/665/1178 3663/661/1176 3664/666/1177
f 3667/667/1179 3682/634/1150 3666/635/1149
f 3714/670/1133 3708/630/1093 3706/671/1180
f 3705/631/1181 3706/671/1180 3708/630/1093
f 3716/674/1182 3669/686/1183 3668/675/1184
f 3670/687/1185 3668/675/1184 3669/686/1183
f 3725/678/1186 3671/655/1187 3672/679/1188
f 3739/656/1189 3672/679/1188 3671/655/1187
f 3718/683/1190 3707/681/1191 3719/682/1192
f 3673/680/1193 3719/682/1192 3707/681/1191
f 3657/649/1163 3675/637/1155 3674/651/1161
f 3654/638/1153 3674/651/1161 3675/637/1155
f 3677/649/1112 3678/651/1114 3676/637/1100
f 3679/638/1101 3676/637/1100 3678/651/1114
f 3680/685/1165 3632/650/1113 3677/649/1112
f 3628/639/1102 3644/667/1130 3681/634/1097
f 3655/639/1154 3682/634/1150 3667/667/1179
f 3658/684/1164 3632/650/1113 3680/685/1165
f 3629/640/1103 3644/667/1130 3628/639/1102
f 3683/640/1152 3655/639/1154 3667/667/1179
f 3684/631/1094 3728/686/1194 3686/633/1096
f 3685/648/1111 3686/633/1096 3728/686/1194
f 3690/688/1195 3687/641/1104 3631/646/1109
f 3688/643/1106 3631/646/1109 3687/641/1104
f 3729/687/1196 3722/655/1118 3734/647/1110
f 3636/657/1120 3734/647/1110 3722/655/1118
f 3631/646/1109 3689/645/1108 3690/688/1195
f 3633/653/1116 3690/688/1195 3689/645/1108
f 3635/656/1119 3691/681/1144 3730/658/1121
f 3736/664/1127 3730/658/1121 3691/681/1144
f 3641/666/1129 3638/659/1122 3642/662/1125
f 3637/660/1123 3642/662/1125 3638/659/1122
f 3692/669/1132 3646/672/1135 3709/671/1134
f 3710/674/1137 3709/671/1134 3646/672/1135
f 3693/673/1136 3647/676/1139 3711/675/1138
f 3649/678/1141 3711/675/1138 3647/676/1139
f 3648/677/1140 3694/689/1197 3712/679/1142
f 3723/683/1146 3712/679/1142 3694/689/1197
f 3731/633/1147 3696/643/1148 3695/648/1157
f 3697/646/1158 3695/648/1157 3696/643/1148
f 3698/688/1198 3697/646/1158 3699/641/1156
f 3696/643/1148 3699/641/1156 3697/646/1158
f 3737/647/1159 3701/645/1160 3700/657/1169
f 3660/652/1167 3700/657/1169 3701/645/1160
f 3697/646/1158 3698/688/1198 3701/645/1160
f 3659/653/1166 3701/645/1160 3698/688/1198
f 3738/658/1170 3661/660/1171 3702/664/1173
f 3704/662/1174 3702/664/1173 3661/660/1171
f 3664/666/1177 3704/662/1174 3703/659/1172
f 3661/660/1171 3703/659/1172 3704/662/1174
f 3705/631/1181 3669/686/1183 3706/671/1180
f 3716/674/1182 3706/671/1180 3669/686/1183
f 3668/675/1184 3670/687/1185 3725/678/1186
f 3671/655/1187 3725/678/1186 3670/687/1185
f 3672/679/1188 3739/656/1189 3718/683/1190
f 3707/681/1191 3718/683/1190 3739/656/1189
f 3714/670/1133 3709/671/1134 3708/630/1093
f 3684/631/1094 3708/630/1093 3709/671/1134
f 3710/674/1137 3711/675/1138 3728/686/1194
f 3729/687/1196 3728/686/1194 3711/675/1138
f 3649/678/1141 3712/679/1142 3722/655/1118
f 3635/656/1119 3722/655/1118 3712/679/1142
f 3650/682/1145 3723/683/1146 3713/690/1199
f 3694/689/1197 3713/690/1199 3723/683/1146
f 3706/671/1180 3715/669/1200 3714/670/1133
f 3645/668/1131 3714/670/1133 3715/669/1200
f 3668/675/1184 3726/673/1201 3716/674/1182
f 3724/672/1202 3716/674/1182 3726/673/1201
f 3672/679/1188 3727/677/1203 3725/678/1186
f 3717/676/1204 3725/678/1186 3727/677/1203
f 3719/682/1192 3720/690/1205 3718/683/1190
f 3721/689/1206 3718/683/1190 3720/690/1205
f 3710/674/1137 3728/686/1194 3709/671/1134
f 3684/631/1094 3709/671/1134 3728/686/1194
f 3711/675/1138 3649/678/1141 3729/687/1196
f 3722/655/1118 3729/687/1196 3649/678/1141
f 3712/679/1142 3723/683/1146 3635/656/1119
f 3691/681/1144 3635/656/1119 3723/683/1146
f 3716/674/1182 3724/672/1202 3706/671/1180
f 3715/669/1200 3706/671/1180 3724/672/1202
f 3725/678/1186 3717/676/1204 3668/675/1184
f 3726/673/1201 3668/675/1184 3717/676/1204
f 3718/683/1190 3721/689/1206 3672/679/1188
f 3727/677/1203 3672/679/1188 3721/689/1206
f 3732/632/1095 3686/633/1096 3652/644/1107
f 3688/643/1106 3652/644/1107 3686/633/1096
f 3734/647/1110 3685/648/1111 3729/687/1196
f 3728/686/1194 3729/687/1196 3685/648/1111
f 3636/657/1120 3730/658/1121 3735/652/1115
f 3637/660/1123 3735/652/1115 3730/658/1121
f 3639/663/1126 3736/664/1127 3651/680/1143
f 3691/681/1144 3651/680/1143 3736/664/1127
f 3731/633/1147 3705/631/1181 3732/632/1095
f 3708/630/1093 3732/632/1095 3705/631/1181
f 3737/647/1159 3670/687/1185 3695/648/1157
f 3669/686/1183 3695/648/1157 3670/687/1185
f 3738/658/1170 3739/656/1189 3700/657/1169
f 3671/655/1187 3700/657/1169 3739/656/1189
f 3733/663/1175 3673/680/1193 3702/664/1173
f 3707/681/1191 3702/664/1173 3673/680/1193
f 3686/633/1096 3685/648/1111 3688/643/1106
f 3631/646/1109 3688/643/1106 3685/648/1111
f 3734/647/1110 3636/657/1120 3689/645/1108
f 3735/652/1115 3689/645/1108 3636/657/1120
f 3730/658/1121 3736/664/1127 3637/660/1123
f 3642/662/1125 3637/660/1123 3736/664/1127
f 3695/648/1157 3669/686/1183 3731/633/1147
f 3705/631/1181 3731/633/1147 3669/686/1183
f 3700/657/1169 3671/655/1187 3737/647/1159
f 3670/687/1185 3737/647/1159 3671/655/1187
f 3702/664/1173 3707/681/1191 3738/658/1170
f 3739/656/1189 3738/658/1170 3707/681/1191
o F-15C_Eagle_Glass_HUD
v 0.091915 1.125404 7.931435
v 0.000001 1.124945 7.931516
v 0.132354 1.172211 7.923182
v 0.132354 1.172211 7.923182
v 0.000001 1.312921 7.895124
v 0.089555 1.314000 7.894934
v -0.091912 1.125404 7.931435
v -0.132352 1.172211 7.923182
v 0.000001 1.124945 7.931516
v -0.132352 1.172211 7.923182
v -0.089552 1.314000 7.894934
v 0.000001 1.312921 7.895124
v 0.132354 1.172211 7.923182
v 0.000001 1.124945 7.931516
v 0.000001 1.312921 7.895124
v 0.000001 1.124945 7.931516
v -0.132352 1.172211 7.923182
v 0.000001 1.312921 7.895124
v 0.091915 1.125404 7.939659
v 0.132354 1.172211 7.931406
v 0.000001 1.124945 7.939740
v 0.132354 1.172211 7.931406
v 0.089555 1.314000 7.903158
v 0.000001 1.312921 7.903348
v -0.091912 1.125404 7.939659
v 0.000001 1.124945 7.939740
v -0.132352 1.172211 7.931406
v -0.132352 1.172211 7.931406
v 0.000001 1.312921 7.903348
v -0.089552 1.314000 7.903158
v 0.132354 1.172211 7.931406
v 0.000001 1.312921 7.903348
v 0.000001 1.124945 7.939740
v 0.000001 1.124945 7.939740
v 0.000001 1.312921 7.903348
v -0.132352 1.172211 7.931406
vn -0.0000 -0.1736 -0.9848
vn 0.0003 -0.1953 -0.9807
vn -0.0000 -0.1737 -0.9848
vn -0.0003 -0.1953 -0.9807
vn 0.0061 -0.1901 -0.9818
vn -0.0061 -0.1901 -0.9818
vn -0.0000 0.1736 0.9848
vn -0.0003 0.1953 0.9807
vn -0.0000 0.1737 0.9848
vn 0.0003 0.1953 0.9807
vn -0.0061 0.1901 0.9818
vn 0.0061 0.1901 0.9818
vt 0.338851 -0.962424
vt 0.315711 -0.950856
vt 0.322781 -0.962312
vt 0.338851 -0.916415
vt 0.323194 -0.916151
vt 0.361992 -0.950856
vt 0.354921 -0.962312
vt 0.354508 -0.916151
s 1
usemtl default.066
f 3741/691/1207 3742/692/1207 3740/693/1207
f 3744/694/1208 3745/695/1208 3743/692/1208
f 3747/696/1209 3748/691/1209 3746/697/1209
f 3750/698/1210 3751/694/1210 3749/696/1210
f 3753/691/1211 3754/694/1211 3752/692/1211
f 3756/696/1212 3757/694/1212 3755/691/1212
f 3759/692/1213 3760/691/1213 3758/693/1213
f 3762/695/1214 3763/694/1214 3761/692/1214
f 3765/691/1215 3766/696/1215 3764/697/1215
f 3768/694/1216 3769/698/1216 3767/696/1216
f 3771/694/1217 3772/691/1217 3770/692/1217
f 3774/694/1218 3775/696/1218 3773/691/1218
o F-15C_Eagle_IntakeL01
v 0.701760 -0.363900 4.644020
v 0.724868 0.033215 5.678434
v 0.668013 -0.079524 4.668900
v 0.692434 0.711847 4.738135
v 0.692434 0.662795 5.285634
v 1.527207 0.662795 5.285634
v 1.527207 0.662795 5.285634
v 1.534681 0.711847 4.738135
v 0.692434 0.711847 4.738135
v 0.693295 0.427469 4.713255
v 0.692434 0.662795 5.285634
v 0.692434 0.711847 4.738135
v 0.692434 0.591582 5.831194
v 0.724868 0.033215 5.678434
v 0.718281 0.502199 6.363227
v 1.495206 0.502201 6.363210
v 1.519732 0.591582 5.831195
v 0.692434 0.591582 5.831194
v 0.692434 0.591582 5.831194
v 0.718281 0.502199 6.363227
v 1.495206 0.502201 6.363210
v 1.415795 0.377196 6.892108
v 1.364607 0.407093 4.710382
v 1.447844 -0.363900 4.644021
v 0.804309 0.407093 4.710382
v 1.364607 0.407093 4.710382
v 1.415795 0.377196 6.892108
v 1.415795 0.377196 6.892108
v 0.787321 0.377194 6.892142
v 0.804309 0.407093 4.710382
v 0.804309 0.407093 4.710382
v 0.787321 0.377194 6.892142
v 0.724868 0.033215 5.678434
v 0.724868 0.033215 5.678434
v 0.701760 -0.363900 4.644020
v 0.804309 0.407093 4.710382
v 1.519732 0.591582 5.831195
v 1.527207 0.662795 5.285634
v 0.692434 0.662795 5.285634
v 0.692434 0.662795 5.285634
v 0.692434 0.591582 5.831194
v 1.519732 0.591582 5.831195
v 0.692434 0.662795 5.285634
v 0.724868 0.033215 5.678434
v 0.692434 0.591582 5.831194
v 1.415795 0.377196 6.892108
v 1.495206 0.502201 6.363210
v 0.718281 0.502199 6.363227
v 0.718281 0.502199 6.363227
v 0.787321 0.377194 6.892142
v 1.415795 0.377196 6.892108
v 1.447844 -0.363900 4.644021
v 1.495206 0.502201 6.363210
v 1.415795 0.377196 6.892108
v 0.693295 0.427469 4.713255
v 0.724868 0.033215 5.678434
v 0.692434 0.662795 5.285634
v 0.668013 -0.079524 4.668900
v 0.724868 0.033215 5.678434
v 0.693295 0.427469 4.713255
v 0.724868 0.033215 5.678434
v 0.787321 0.377194 6.892142
v 0.718281 0.502199 6.363227
v 1.447844 -0.363900 4.644021
v 1.519732 0.591582 5.831195
v 1.495206 0.502201 6.363210
v 1.447844 -0.363900 4.644021
v 1.572671 0.223152 4.695381
v 1.519732 0.591582 5.831195
v 1.572671 0.223152 4.695381
v 1.527207 0.662795 5.285634
v 1.519732 0.591582 5.831195
v 1.534681 0.536850 4.722825
v 1.534681 0.711847 4.738135
v 1.527207 0.662795 5.285634
v 1.527207 0.662795 5.285634
v 1.572671 0.223152 4.695381
v 1.534681 0.536850 4.722825
vn -0.9899 -0.1236 0.0695
vn -0.0000 0.9960 0.0892
vn -1.0000 -0.0030 -0.0003
vn -0.9970 -0.0680 0.0370
vn -0.0000 0.9862 0.1657
vn -0.9938 -0.1092 0.0218
vn -0.0000 -0.9999 -0.0137
vn 0.9807 -0.1955 0.0050
vn 0.9905 -0.1343 0.0294
vn -0.0000 0.9916 0.1294
vn -0.9984 -0.0560 -0.0073
vn -0.0000 0.9732 0.2300
vn 0.9684 -0.2325 0.0904
vn -0.9990 -0.0417 0.0156
vn -0.9977 0.0453 0.0511
vn -0.9843 -0.1498 0.0931
vn 0.9937 -0.1089 0.0275
vn 0.9695 -0.2162 0.1153
vn 0.9971 0.0721 0.0231
vn 0.9999 -0.0012 0.0135
vn 0.9925 0.1214 -0.0140
vt 0.239186 -0.181639
vt 0.290246 -0.171369
vt 0.290246 -0.156732
vt 0.608933 -0.350911
vt 0.568394 -0.350911
vt 0.608933 -0.379095
vt 0.568022 -0.379095
vt 0.262062 -0.212041
vt 0.290246 -0.212099
vt 0.290246 -0.197463
vt 0.206304 -0.208653
vt 0.233878 -0.210841
vt 0.567251 -0.322727
vt 0.608933 -0.322727
vt 0.568497 -0.295154
vt 0.607608 -0.295153
vt 0.362958 -0.242080
vt 0.362902 -0.280937
vt 0.253188 -0.233857
vt 0.189154 -0.343166
vt 0.186530 -0.231595
vt 0.217882 -0.343166
vt 0.218753 -0.231593
vt 0.311841 -0.256851
vt 0.572530 -0.267581
vt 0.604068 -0.267579
vt 0.206305 -0.007694
vt 0.178732 -0.011715
vt 0.290246 -0.059614
vt 0.178730 -0.204632
vt 0.233878 -0.005506
vt 0.290246 -0.029400
vt 0.262062 -0.004306
vt 0.290246 -0.004247
vt 0.290246 -0.013254
s 1
usemtl default.066
f 3777/699/1219 3778/700/1219 3776/701/1219
f 3780/702/1220 3781/703/1220 3779/704/1220
f 3783/705/1220 3784/704/1220 3782/703/1220
f 3786/706/1221 3787/707/1221 3785/708/1221
f 3789/699/1222 3790/709/1222 3788/710/1222
f 3792/711/1223 3793/712/1223 3791/713/1223
f 3795/714/1223 3796/713/1223 3794/712/1223
f 3798/715/1224 3799/716/1224 3797/717/1224
f 3801/718/1225 3802/719/1225 3800/720/1225
f 3804/721/1225 3805/720/1225 3803/719/1225
f 3807/717/1226 3808/722/1226 3806/715/1226
f 3810/716/1227 3811/715/1227 3809/722/1227
f 3813/703/1228 3814/702/1228 3812/711/1228
f 3816/712/1228 3817/711/1228 3815/702/1228
f 3819/699/1229 3820/710/1229 3818/706/1229
f 3822/713/1230 3823/714/1230 3821/723/1230
f 3825/724/1230 3826/723/1230 3824/714/1230
f 3828/725/1231 3829/726/1231 3827/727/1231
f 3831/699/1232 3832/706/1232 3830/708/1232
f 3834/699/1233 3835/708/1233 3833/700/1233
f 3837/728/1234 3838/709/1234 3836/699/1234
f 3840/729/1235 3841/725/1235 3839/727/1235
f 3843/730/1236 3844/729/1236 3842/727/1236
f 3846/731/1237 3847/729/1237 3845/730/1237
f 3849/732/1238 3850/731/1238 3848/733/1238
f 3852/730/1239 3853/733/1239 3851/731/1239
o F-15C_Eagle_IntakeR01
v -0.701759 -0.363899 4.644020
v -0.668011 -0.079523 4.668899
v -0.724866 0.033215 5.678434
v -1.527205 0.662796 5.285634
v -0.692432 0.662796 5.285634
v -0.692432 0.711848 4.738135
v -0.692432 0.711848 4.738135
v -1.534679 0.711848 4.738135
v -1.527205 0.662796 5.285634
v -0.693293 0.427469 4.713255
v -0.692432 0.662796 5.285634
v -0.724866 0.033215 5.678434
v -0.692432 0.591583 5.831194
v -0.718279 0.502200 6.363227
v -0.724866 0.033215 5.678434
v -0.692432 0.591583 5.831194
v -1.519730 0.591583 5.831195
v -1.495204 0.502201 6.363210
v -1.495204 0.502201 6.363210
v -0.718279 0.502200 6.363227
v -0.692432 0.591583 5.831194
v -1.415793 0.377197 6.892108
v -1.447842 -0.363899 4.644021
v -1.364605 0.407094 4.710382
v -0.804308 0.407094 4.710382
v -0.787319 0.377194 6.892142
v -1.415793 0.377197 6.892108
v -1.415793 0.377197 6.892108
v -1.364605 0.407094 4.710382
v -0.804308 0.407094 4.710382
v -0.692432 0.662796 5.285634
v -1.527205 0.662796 5.285634
v -1.519730 0.591583 5.831195
v -1.519730 0.591583 5.831195
v -0.692432 0.591583 5.831194
v -0.692432 0.662796 5.285634
v -0.692432 0.662796 5.285634
v -0.692432 0.591583 5.831194
v -0.724866 0.033215 5.678434
v -0.718279 0.502200 6.363227
v -1.495204 0.502201 6.363210
v -1.415793 0.377197 6.892108
v -1.415793 0.377197 6.892108
v -0.787319 0.377194 6.892142
v -0.718279 0.502200 6.363227
v -0.693293 0.427469 4.713255
v -0.692432 0.711848 4.738135
v -0.692432 0.662796 5.285634
v -0.804308 0.407094 4.710382
v -0.701759 -0.363899 4.644020
v -0.724866 0.033215 5.678434
v -0.724866 0.033215 5.678434
v -0.787319 0.377194 6.892142
v -0.804308 0.407094 4.710382
v -0.693293 0.427469 4.713255
v -0.724866 0.033215 5.678434
v -0.668011 -0.079523 4.668899
v -1.527205 0.662796 5.285634
v -1.534679 0.711848 4.738135
v -1.534679 0.536851 4.722825
v -1.534679 0.536851 4.722825
v -1.572669 0.223153 4.695381
v -1.527205 0.662796 5.285634
v -1.572669 0.223153 4.695381
v -1.519730 0.591583 5.831195
v -1.527205 0.662796 5.285634
v -1.447842 -0.363899 4.644021
v -1.415793 0.377197 6.892108
v -1.495204 0.502201 6.363210
v -1.447842 -0.363899 4.644021
v -1.495204 0.502201 6.363210
v -1.519730 0.591583 5.831195
v -1.572669 0.223153 4.695381
v -1.447842 -0.363899 4.644021
v -1.519730 0.591583 5.831195
v -0.718279 0.502200 6.363227
v -0.787319 0.377194 6.892142
v -0.724866 0.033215 5.678434
vn 0.9899 -0.1236 0.0695
vn -0.0000 0.9960 0.0892
vn 0.9990 -0.0417 0.0156
vn 0.9970 -0.0680 0.0370
vn -0.0000 0.9862 0.1657
vn 0.9938 -0.1092 0.0218
vn -0.0000 -0.9999 -0.0137
vn -0.0000 0.9916 0.1294
vn 0.9984 -0.0560 -0.0073
vn -0.0000 0.9732 0.2300
vn 1.0000 -0.0030 -0.0003
vn -0.9905 -0.1343 0.0294
vn -0.9807 -0.1955 0.0050
vn 0.9977 0.0453 0.0511
vn -0.9999 -0.0012 0.0135
vn -0.9925 0.1214 -0.0140
vn -0.9971 0.0721 0.0231
vn -0.9684 -0.2325 0.0904
vn -0.9937 -0.1089 0.0275
vn -0.9695 -0.2162 0.1153
vn 0.9843 -0.1498 0.0931
vt 0.290247 -0.171369
vt 0.239186 -0.181639
vt 0.290247 -0.156732
vt 0.679939 -0.350911
vt 0.679939 -0.379095
vt 0.720478 -0.350911
vt 0.720850 -0.379095
vt 0.262063 -0.212041
vt 0.290247 -0.197463
vt 0.206303 -0.208653
vt 0.233878 -0.210841
vt 0.721621 -0.322727
vt 0.720375 -0.295154
vt 0.679939 -0.322727
vt 0.681264 -0.295153
vt 0.362902 -0.280937
vt 0.362958 -0.242079
vt 0.253188 -0.233857
vt 0.218753 -0.231593
vt 0.186530 -0.231595
vt 0.217882 -0.343166
vt 0.189154 -0.343166
vt 0.716342 -0.267581
vt 0.684804 -0.267579
vt 0.290247 -0.212099
vt 0.311841 -0.256850
vt 0.290247 -0.004247
vt 0.290247 -0.013254
vt 0.262063 -0.004306
vt 0.290247 -0.029400
vt 0.233878 -0.005506
vt 0.178731 -0.011715
vt 0.206305 -0.007694
vt 0.290247 -0.059614
vt 0.178730 -0.204632
s 1
usemtl default.066
f 3855/734/1240 3856/735/1240 3854/736/1240
f 3858/737/1241 3859/738/1241 3857/739/1241
f 3861/740/1241 3862/739/1241 3860/738/1241
f 3864/741/1242 3865/735/1242 3863/742/1242
f 3867/743/1243 3868/735/1243 3866/744/1243
f 3870/745/1244 3871/746/1244 3869/747/1244
f 3873/748/1244 3874/747/1244 3872/746/1244
f 3876/749/1245 3877/750/1245 3875/751/1245
f 3879/752/1246 3880/753/1246 3878/754/1246
f 3882/755/1246 3883/754/1246 3881/753/1246
f 3885/739/1247 3886/745/1247 3884/737/1247
f 3888/747/1247 3889/737/1247 3887/745/1247
f 3891/744/1248 3892/735/1248 3890/741/1248
f 3894/746/1249 3895/756/1249 3893/748/1249
f 3897/757/1249 3898/748/1249 3896/756/1249
f 3900/758/1250 3901/741/1250 3899/742/1250
f 3903/749/1251 3904/759/1251 3902/750/1251
f 3906/751/1252 3907/750/1252 3905/759/1252
f 3909/735/1253 3910/734/1253 3908/742/1253
f 3912/760/1254 3913/761/1254 3911/762/1254
f 3915/763/1255 3916/762/1255 3914/761/1255
f 3918/764/1256 3919/762/1256 3917/763/1256
f 3921/765/1257 3922/766/1257 3920/767/1257
f 3924/766/1258 3925/764/1258 3923/767/1258
f 3927/767/1259 3928/764/1259 3926/763/1259
f 3930/768/1260 3931/735/1260 3929/743/1260
o F-15C_Eagle_LOD0
v -0.254576 -0.303879 11.254110
v -0.359647 -0.046022 11.255770
v -0.438334 -0.010436 10.815190
v -0.331960 0.093170 11.257240
v -0.253803 0.210836 11.258890
v -0.404967 0.163292 10.815190
v -0.167742 0.408982 10.815190
v -0.137239 0.289227 11.260230
v 0.000002 0.316702 11.260760
v -0.167742 -0.429855 10.815190
v -0.309948 -0.331445 10.815190
v -0.404967 -0.184165 10.815190
v -0.514050 -0.145340 9.973789
v -0.393436 -0.335340 9.973789
v -0.514049 0.302900 9.973789
v -0.393436 0.492900 9.973789
v -0.309948 0.310572 10.815190
v -0.212926 0.619854 9.973789
v -0.587068 0.404907 8.860395
v -0.497377 0.684627 8.860395
v -0.412561 -0.329541 6.195093
v -0.530325 -0.113151 7.746169
v -0.541454 -0.093890 6.195094
v -0.599274 0.112968 6.194342
v -0.617317 0.486084 7.746168
v -0.556333 0.748074 6.212282
v 0.000000 -0.608208 2.247733
v -0.219671 -0.608106 2.247733
v -0.419228 -0.326910 4.644019
v -0.439315 0.539415 3.352680
v -0.439210 0.934978 4.644018
v -0.795873 -0.527850 4.644021
v -1.408617 -0.691652 3.407608
v -1.455444 -0.676839 3.407608
v -0.535215 -0.636044 3.407608
v -1.406243 0.531662 2.171194
v -0.692432 0.715957 4.644020
v -1.557603 -0.531081 3.407608
v -1.447855 -0.444872 4.644020
v -1.447842 -0.363899 4.644021
v -1.410442 -0.743529 2.247735
v -1.572669 0.225395 4.644021
v -1.777426 0.328637 4.644022
v -1.913879 0.319628 3.784185
v -1.827970 0.458521 3.784186
v -1.695586 0.523995 3.784186
v -1.915030 0.379418 3.784183
v -0.778332 0.542225 2.171194
v -3.904690 0.217763 1.007633
v -1.482171 -0.622377 0.412355
v -0.493008 -0.572665 3.407608
v -0.491805 -0.384855 3.407608
v -0.599275 0.123763 5.639887
v -0.724866 0.121860 5.639887
v -0.588881 0.430493 4.644020
v -1.755459 0.477020 4.644022
v -1.545828 0.353062 5.237633
v -1.597306 0.373289 5.237634
v -1.810110 0.352604 4.644022
v -1.969185 0.286653 2.924349
v -1.673615 0.519658 4.644022
v -1.810142 0.412378 4.644021
v -0.701758 -0.363899 4.644020
v -1.532773 -0.609152 3.407607
v -1.556782 -0.046187 3.407607
v -0.428821 -0.341368 3.407607
v -1.364857 -0.527850 4.644021
v -0.852964 -0.450936 3.949214
v -0.779688 -0.384705 3.949214
v -1.284351 -0.450936 3.949214
v -0.704164 -0.434890 4.644020
v -1.350668 -0.391817 3.949214
v -1.350657 -0.334127 3.949214
v -0.809723 0.358820 3.949214
v -0.777766 -0.334127 3.949214
v -1.737113 0.405346 0.988333
v -1.930936 0.436863 2.171195
v -0.219670 -0.484566 4.644019
v -0.552583 -0.074630 4.644019
v -0.413780 0.973948 5.446342
v -0.335863 1.060694 4.644018
v -1.964833 0.367197 2.740331
v -1.852018 0.440021 2.924350
v -1.668589 0.499898 2.171195
v -1.717558 0.520745 2.924350
v -0.173160 -0.630540 -0.637535
v -0.098763 -0.630541 -2.938033
v -0.118397 0.493617 -0.786288
v -0.148755 0.456200 -1.338733
v -0.333735 -0.786207 -2.938034
v -5.606689 0.150665 -3.088963
v -5.724661 0.146914 -3.115093
v -1.832931 0.201368 3.446772
v -1.968656 0.217870 2.251764
v -1.865570 0.103234 2.352818
v -0.178436 -0.076279 -4.836863
v -0.219886 -0.284664 -4.836861
v -0.337926 -0.461324 -4.836861
v -0.514586 -0.579364 -4.836861
v -0.722971 -0.687182 -4.330166
v -0.722971 -0.620815 -4.836861
v -0.956753 -0.640680 -4.330166
v -1.154945 -0.508253 -4.330166
v -0.931356 -0.579364 -4.836861
v -1.226056 -0.284664 -4.836861
v -1.108016 -0.461324 -4.836861
v -1.154945 0.355695 -4.330168
v -1.026634 0.374788 -4.836863
v -1.053910 0.434848 -4.330168
v -0.956753 0.488122 -4.330168
v -0.839662 0.518646 -4.330168
v -0.931356 0.426806 -4.836863
v -0.722971 0.468256 -4.836863
v -0.514586 0.426806 -4.836863
v -0.215745 0.255144 -4.330167
v -0.263868 0.216953 -4.836864
v -0.112068 -0.076279 -4.330168
v -1.492588 0.482324 0.999088
v -0.162973 -0.713431 -2.938033
v -0.519579 -0.824379 -2.938033
v -0.755166 -0.843606 -2.938033
v -0.489188 -0.640680 -4.330166
v -1.170816 -0.777893 -2.938034
v -1.311249 -0.700256 -2.938033
v -1.394907 -0.547119 -2.938033
v -1.220735 0.270023 -4.330168
v -1.210109 0.400939 -2.941965
v -0.605160 0.641061 -2.956305
v -0.722971 0.534624 -4.330168
v -0.489188 0.488122 -4.330168
v -0.371812 0.540862 -2.956305
v -0.990753 -0.820012 -2.938033
v -0.290997 -0.508253 -4.330166
v -5.606688 0.187323 -0.809126
v -3.904690 0.278019 0.891423
v -5.606688 0.150368 -0.716646
v -1.930807 0.395258 0.897075
v -1.269675 0.368341 -0.637535
v -1.930439 0.211125 -2.708905
v -5.606688 0.101238 -1.333057
v -1.493609 0.560173 3.786066
v -1.534679 0.715957 4.644020
v -1.571678 0.484140 1.579763
v -1.540896 -0.188326 2.247732
v -1.735180 -0.023133 2.346611
v -1.742568 -0.283050 -0.768036
v -1.456261 -0.274344 -0.637534
v -1.417313 -0.274345 -2.938034
v -1.228848 -0.126587 -5.647618
v -1.396853 -0.077498 -5.642865
v -1.698823 -0.132213 -6.816657
v -1.901950 -0.223533 -3.525658
v -6.449412 0.116998 -1.570399
v -6.386856 0.145749 -1.588629
v -6.357282 0.145843 -1.858411
v -6.410010 0.120624 -1.945471
v -6.399770 0.145775 -1.663753
v -6.454569 0.119157 -1.811293
v -6.465561 0.118138 -1.697626
v -6.388059 0.145815 -1.777271
v -1.760244 -0.140245 0.473836
v -1.571536 0.165682 -4.328457
v -1.427872 0.172321 -4.328457
v -1.413886 0.080345 -4.957196
v -1.287372 0.157503 -4.330168
v -1.685601 0.321418 -3.078534
v -1.656816 0.310925 -3.078535
v -1.906991 0.182187 -3.518681
v -1.396213 0.359590 -1.658834
v -1.499012 0.336630 -1.636627
v -1.602448 0.196341 -4.328454
v -1.551350 -0.003492 -5.638493
v -1.728350 0.153249 -5.997018
v -1.620466 0.092964 -5.828571
v -1.649422 0.446554 5.237632
v -1.528411 0.460199 5.470429
v -1.622609 0.478875 5.237634
v -1.582477 0.500194 5.237634
v -1.535234 0.510511 5.237633
v -1.649407 0.416667 5.237634
v -1.071810 0.539774 -2.956305
v -0.956753 0.604295 -2.956305
v -0.956753 0.604295 -2.054568
v -0.846030 0.638364 -2.956305
v -0.722971 0.650797 -2.956305
v -0.489188 0.604295 -2.956305
v -0.489188 0.604295 -2.054568
v -0.226250 0.377760 -2.941107
v -1.148944 0.404577 -1.326901
v -1.097043 0.456884 -1.326985
v -0.905543 0.552104 -0.785487
v -0.391068 0.483138 -0.786179
v -0.311989 0.456528 -1.337294
v -0.347607 0.478243 -1.337035
v -1.034063 0.443152 -0.391334
v -0.988398 0.510215 -0.785487
v -0.809088 0.578697 -0.785487
v -0.716607 0.532132 -0.328289
v -1.022556 0.431061 -0.178889
v -0.802581 0.523953 -0.336398
v -0.405893 -0.332171 7.746168
v -0.410985 -0.334046 8.860397
v -0.538772 -0.126350 8.860397
v -0.599274 0.102174 7.746169
v -0.576968 0.684254 7.753582
v -0.184009 -0.269506 11.620690
v -0.099476 -0.325765 11.621590
v -0.112396 -0.237478 11.941070
v -0.240862 -0.185077 11.619180
v -0.158953 -0.125079 11.941070
v -0.112396 -0.012682 11.941070
v -0.185766 0.101243 11.612830
v -0.060828 0.021775 11.941070
v -0.100712 0.158798 11.611370
v 0.000002 0.664434 9.973789
v 0.000001 0.918741 8.967129
v -0.488198 0.916958 6.229469
v 0.000001 1.013738 3.328507
v -0.075123 1.185310 4.644018
v -1.728002 0.624775 -3.169142
v -1.728348 0.304919 -2.925648
v -1.763509 0.624774 -5.119143
v -1.793908 0.212493 -4.328456
v -1.761128 0.308190 -3.078535
v -1.758453 0.624775 -3.307900
v -1.701133 3.382603 -5.746059
v -1.699272 3.057294 -5.672328
v -1.725472 3.057294 -6.099960
v -1.736089 3.382603 -5.226112
v -1.642853 0.211418 -4.328454
v -1.743565 3.382603 -5.746059
v -1.725150 3.382602 -6.111493
v -1.725150 3.382603 -5.175090
v -1.688205 0.624775 -3.299672
v -1.710884 3.382603 -5.226112
v -1.745570 3.057294 -5.672328
v -1.722421 3.057294 -5.653186
v -1.681507 0.624774 -5.119143
v -1.722508 0.624774 -5.100005
v -1.727901 0.624774 -6.013097
v -0.479821 1.123648 7.958187
v -0.425955 1.265265 7.931906
v 0.000001 1.426634 8.056154
v -0.107271 1.418503 8.049031
v -0.471789 0.806307 8.376313
v -0.491976 0.884413 7.870654
v -0.304432 0.856004 8.860396
v -0.312897 0.900398 8.755743
v -0.154946 0.933825 8.885286
v -0.152216 0.905245 8.945402
v -0.515250 0.793103 7.760998
v -0.468966 1.141729 7.891839
v -0.472262 0.881539 7.868901
v -0.477987 0.885753 7.797619
v -0.484927 0.988841 7.911481
v -0.293072 0.825009 8.765673
v -0.495688 0.789312 7.759272
v -0.439151 0.855889 8.283642
v -0.489696 1.150939 7.896022
v -0.408082 1.251612 7.925976
v -0.312825 1.325007 8.022120
v -0.210035 1.395649 7.974810
v -0.513095 1.017898 7.851329
v -0.497702 0.888626 7.799372
v -0.458629 0.859879 8.285807
v -0.297441 0.889173 8.749817
v 0.000001 0.922987 8.911737
v -0.148285 0.916875 8.877020
v -0.251198 0.932936 3.329113
v -0.712528 0.515197 1.046628
v -0.433789 0.475021 -0.383530
v -0.196802 1.102967 7.893159
v 0.000001 0.944751 8.753723
v -0.150867 0.944751 8.742968
v 0.000001 0.842073 8.863297
v -0.429561 0.785793 8.323704
v -0.298072 0.882375 8.563223
v -0.146180 0.842073 8.841784
v -0.319499 0.813933 8.582744
v 0.000001 0.789312 7.759272
v -0.232194 1.160324 4.782321
v -0.156077 1.190365 4.758597
v -0.156077 1.109009 4.758597
v -0.232194 1.137771 4.644017
v -0.339975 1.087356 4.850485
v -0.232194 1.109009 4.782321
v -0.232194 0.902233 4.783736
v -0.156077 0.902233 4.760036
v -0.263914 0.807888 5.293296
v 0.000001 0.807888 5.293296
v 0.000001 0.347645 7.564889
v -0.238435 0.505964 5.337795
v -0.603099 0.489872 6.195093
v -0.506028 0.838912 7.229143
v -0.158570 -0.310062 -4.330166
v -0.000000 -0.630644 -2.938034
v -0.101111 -0.074359 -5.586791
v -0.171750 0.347608 7.565464
v -0.343284 0.347657 7.931488
v -0.402857 0.347533 7.566612
v -0.171534 0.347369 7.930913
v -0.171750 0.655320 7.692175
v -0.402857 0.656547 7.693324
v -0.496806 0.884721 6.712118
v -1.522751 0.350840 -2.970063
v -1.267507 -0.076279 -4.836863
v -1.600057 0.306401 -1.528255
v -1.352921 0.375255 -2.938035
v -0.257183 0.882695 3.013383
v -0.183980 0.924254 3.013385
v -0.257183 0.830047 3.013383
v -0.345711 0.777566 3.013330
v -0.390497 0.529399 2.934395
v -0.166714 0.703424 2.934395
v -0.200663 0.531901 1.061299
v 0.000000 0.688347 2.934395
v 0.000000 0.597367 2.174402
v -0.217719 0.612444 2.174402
v -0.000000 0.398066 0.067279
v -0.373741 0.703901 3.013300
v -0.390497 0.574967 2.931187
v 0.000000 0.443635 0.064071
v -0.078139 0.557919 0.059951
v -0.216590 0.409398 -2.029747
v -0.183895 0.358724 -2.938034
v -0.158570 0.157503 -4.330166
v -1.249851 0.380300 -2.938035
v -0.343936 0.474317 -0.786289
v -1.115824 0.405939 -0.399297
v -0.982721 0.441487 0.035401
v -1.038213 0.431625 -0.081945
v -0.906308 0.455066 0.122161
v -0.699901 0.470344 0.119218
v -0.621513 0.476708 -0.033758
v -0.478759 0.481003 -0.377604
v -0.256943 0.422576 -2.039842
v -3.904690 0.263657 -0.637533
v -5.606688 0.207414 -1.008395
v -6.290290 0.084597 -1.612413
v -5.606688 0.105237 -0.996949
v -3.904690 0.142670 -0.637533
v -3.904690 0.156623 0.535401
v -1.930651 0.342082 -0.637535
v -3.904690 0.313192 0.469099
v -3.904690 0.178244 -1.825706
v -1.964916 0.159377 -0.637535
v -6.296526 0.164540 -1.607240
v -1.930526 0.268709 -1.863749
v -5.606688 0.134381 -2.510457
v -3.904690 0.228854 -1.863747
v -1.945320 0.197198 -1.814864
v -1.618475 0.242607 4.644022
v -1.694383 0.064062 3.451437
v -1.856556 -0.005942 0.487945
v -1.926672 -0.103116 -0.798226
v -1.830999 -0.238563 -0.813643
v -1.448153 -0.695216 0.325981
v -1.419201 -0.705554 -0.637534
v -1.232109 -0.792941 0.324748
v -1.326311 -0.776364 -0.637534
v -1.182376 -0.807348 -0.637534
v -0.466838 -0.787698 1.323295
v -0.216520 -0.713862 -0.637535
v -0.352888 -0.758748 1.363233
v -1.280442 -0.778940 1.259940
v -1.374668 -0.757491 0.976867
v -1.503598 -0.675417 2.247735
v -1.496569 -0.618972 0.850205
v -1.542524 -0.608106 2.247733
v -1.498578 -0.250914 0.766830
v -1.464449 -0.689396 0.868316
v -0.468186 -0.802229 0.320388
v -0.465699 -0.775413 2.247733
v -0.630786 -0.696710 3.407608
v -0.469473 -0.816109 -0.637535
v -0.319756 -0.787735 -0.637535
v -0.366267 -0.747042 2.247733
v -0.284257 -0.691274 2.247733
v -1.327537 -0.765297 2.247733
v -0.284258 -0.417493 2.247734
v -1.410442 -0.417493 2.247736
v -1.005835 -0.417494 0.323456
v -0.926733 -0.417494 1.162103
v -1.005835 -0.795693 0.323455
v -0.926733 -0.784539 1.162102
v -0.265511 -0.417494 1.393860
v -1.272214 -0.781323 1.100742
v -1.355156 -0.765106 0.325450
v -1.389365 -0.751755 1.467508
v -1.226136 -0.417494 1.156454
v -1.375482 -0.417494 0.976360
v -1.389365 -0.417494 1.467509
v -1.447647 -0.630540 -0.637534
v -1.803606 -0.226512 -4.328454
v -1.352288 -0.417494 0.325982
v -1.287372 -0.310062 -4.330166
v -1.516227 -0.223977 -5.156985
v -1.729864 -0.226512 -5.629367
v -5.606688 0.164218 -2.526761
v -0.315341 0.514434 5.263169
v -0.275824 0.762846 5.263169
v -0.275824 1.033197 6.492750
v -0.315340 0.376875 7.015697
v -0.275824 0.953014 6.382434
v -0.275823 1.021035 7.015697
v -1.725329 3.202699 -5.865664
v -1.725329 3.227105 -5.765244
v -1.746465 3.214902 -5.865664
v -1.692811 3.245879 -6.171481
v -1.692811 3.245880 -5.997704
v -1.757848 3.245880 -5.997704
v -1.692811 3.208330 -5.997704
v -1.704194 3.214902 -5.865664
v -1.725329 3.264654 -5.997704
v -1.704194 3.239308 -5.865664
v -1.725329 3.251510 -5.865664
v -1.746465 3.239308 -5.865664
v -1.757848 3.208330 -5.997704
v -1.725329 3.189556 -5.997704
v -1.725329 3.189556 -6.171481
v -1.692811 3.208330 -6.171481
v -1.725329 3.227105 -6.198577
v -1.725329 3.264654 -6.171481
v -1.757848 3.245879 -6.171481
v -1.757848 3.208330 -6.171481
v -1.725329 3.123354 -5.788932
v -1.744267 3.112421 -5.878907
v -1.696194 3.140176 -6.116788
v -1.696194 3.106533 -5.997211
v -1.725329 3.156997 -6.116788
v -1.754465 3.140176 -6.116788
v -1.754465 3.106533 -6.116788
v -1.725329 3.089711 -6.116788
v -1.725329 3.089711 -5.997211
v -1.706392 3.112421 -5.878907
v -1.696194 3.140176 -5.997211
v -1.725329 3.156997 -5.997211
v -1.706392 3.134288 -5.878907
v -1.754465 3.140176 -5.997211
v -1.725329 3.145221 -5.878907
v -1.744267 3.134288 -5.878907
v -1.754465 3.106533 -5.997211
v -1.725329 3.101487 -5.878907
v -1.725329 3.123354 -6.141066
v -1.696194 3.106533 -6.116788
v -0.600451 0.388618 7.055401
v -0.600451 0.372617 6.945982
v -0.796214 0.372617 7.047090
v -0.600451 0.356615 7.055401
v -0.600451 0.372617 7.098448
v -0.796214 0.372617 6.953049
v -0.695354 -0.174463 8.774458
v -0.503118 -0.130254 8.876810
v -0.511397 -0.107508 8.767389
v -0.519676 -0.084762 8.876810
v -0.607515 -0.129613 8.872654
v -0.511397 -0.107508 8.919856
v -0.645455 -0.156301 9.201693
v -0.366717 -0.502399 6.185247
v -0.307068 -0.374482 6.180151
v -0.296612 -0.379358 6.259041
v -0.307068 -0.374482 6.290077
v -0.317524 -0.369606 6.259041
v -0.366717 -0.502399 6.253048
v -2.908671 0.222929 -1.473597
v -2.767115 -0.168136 -1.473597
v -2.837893 0.222929 -1.718557
v -2.767115 0.222929 -1.473595
v -2.837892 -0.168135 2.245969
v -2.774537 -0.168135 2.037224
v -2.774538 0.222929 1.563546
v -2.837892 0.240076 1.761271
v -2.901247 0.222929 1.563545
v -2.837893 -0.168135 -1.718559
v -2.901247 -0.168135 2.037224
v -2.908671 -0.168136 -1.473597
v -2.872801 -0.018946 -1.116678
v -2.872801 -0.089724 -1.286458
v -2.872801 -0.160502 -1.116677
v -3.173641 -0.089724 -1.468210
v -2.970568 -0.153079 0.505918
v -2.872801 -0.153079 0.439927
v -2.855655 -0.089725 0.637652
v -2.957707 -0.089725 0.706397
v -3.173641 -0.089725 2.063899
v -3.173641 -0.026371 1.855152
v -3.068333 -0.153079 1.800385
v -3.059760 -0.089725 2.003618
v -3.173641 -0.153080 1.855152
v -3.173642 -0.160502 -1.298429
v -2.872801 -0.026371 0.439926
v -3.173642 -0.018946 -1.298429
v -2.970568 -0.026371 0.505917
v -3.068333 -0.026370 1.800383
v -2.791631 -0.089726 -1.286458
v -2.791631 -0.018948 -1.116677
v -2.490791 -0.089726 -1.468210
v -2.791631 -0.026370 0.439927
v -2.808777 -0.089724 0.637652
v -2.791631 -0.153079 0.439926
v -2.490790 -0.160504 -1.298430
v -2.490789 -0.153079 1.855152
v -2.596097 -0.026370 1.800384
v -2.490790 -0.018948 -1.298429
v -2.490789 -0.026369 1.855152
v -2.604671 -0.089724 2.003618
v -2.490790 -0.089724 2.063897
v -2.791631 -0.160504 -1.116678
v -2.706724 -0.089724 0.706397
v -2.596097 -0.153079 1.800383
v -2.693864 -0.026370 0.505917
v -2.693864 -0.153079 0.505917
v 0.000001 1.188865 3.403197
v 0.019339 0.993102 3.411509
v 0.000001 0.993102 3.454555
v -0.019338 0.993102 3.411509
v -0.093519 1.325817 7.912673
v 0.093520 1.111468 7.950468
v 0.000002 -0.464412 10.815190
v 0.137804 -0.383018 11.253820
v 0.309952 -0.331445 10.815190
v 0.332494 -0.185500 11.254720
v 0.359651 -0.046022 11.255770
v 0.309952 0.310572 10.815190
v 0.404971 0.163292 10.815190
v 0.000002 0.443538 10.815190
v 0.167746 0.408982 10.815190
v 0.000002 -0.506875 9.973789
v 0.203679 -0.462295 9.973789
v 0.167746 -0.429855 10.815190
v 0.404971 -0.184165 10.815190
v 0.393439 -0.335341 9.973789
v 0.438337 -0.010436 10.815190
v 0.514052 0.302900 9.973789
v 0.219741 -0.485696 8.860397
v 0.514053 -0.145341 9.973789
v 0.538775 -0.126350 8.860397
v 0.556406 0.078779 9.973789
v 0.393439 0.492900 9.973789
v 0.219671 -0.499334 6.483284
v 0.412563 -0.329542 6.195093
v 0.405896 -0.332172 7.746168
v 0.530327 -0.113151 7.746169
v 0.599276 0.112968 6.194342
v 0.617320 0.486084 7.746168
v 0.599276 0.102173 7.746169
v 0.556335 0.748074 6.212282
v 0.219671 -0.608107 2.247733
v 0.000001 -0.517018 4.644019
v 0.219671 -0.484567 4.644019
v 0.390498 0.574966 2.931187
v 0.438717 0.539851 3.347503
v 1.532774 -0.609153 3.407607
v 0.284258 -0.691275 2.247733
v 0.692434 0.715956 4.644020
v 1.408618 -0.691653 3.407608
v 1.410442 -0.743530 2.247735
v 1.534681 0.540290 4.644020
v 1.673617 0.519657 4.644022
v 1.618477 0.242606 4.644021
v 1.572671 0.225395 4.644021
v 1.542524 -0.608107 2.247733
v 1.540896 -0.188327 2.247732
v 1.556783 -0.046188 3.407607
v 1.557604 -0.531082 3.407608
v 1.915032 0.379417 3.784183
v 1.717559 0.520744 2.924350
v 0.000000 0.568179 0.056365
v 1.447647 -0.630541 -0.637535
v 1.482171 -0.622378 0.412355
v 1.349666 0.492510 1.007605
v 1.930936 0.436862 2.171195
v 1.964833 0.367196 2.740331
v 3.904690 0.278018 0.891422
v 1.968656 0.217869 2.251764
v 3.904690 0.217762 1.007631
v 1.969185 0.286652 2.924349
v 0.491806 -0.384856 3.407608
v 0.599276 0.123762 5.639887
v 0.668013 -0.078437 4.644020
v 0.724868 0.121859 5.639887
v 0.693295 0.430492 4.644020
v 1.622611 0.478874 5.237633
v 1.755461 0.477020 4.644021
v 1.582479 0.500193 5.237633
v 1.535236 0.510510 5.237633
v 1.777428 0.328636 4.644021
v 1.810112 0.352603 4.644021
v 1.810144 0.412378 4.644020
v 1.649424 0.446553 5.237631
v 1.695588 0.523994 3.784186
v 1.827972 0.458520 3.784186
v 1.455444 -0.676840 3.407608
v 0.704166 -0.434890 4.644020
v 0.630787 -0.696711 3.407608
v 0.535217 -0.636045 3.407608
v 0.428822 -0.341369 3.407607
v 0.419230 -0.326911 4.644019
v 0.552584 -0.074631 4.644019
v 0.493009 -0.572666 3.407608
v 1.364859 -0.527851 4.644021
v 1.284353 -0.450937 3.949214
v 0.795874 -0.527851 4.644021
v 0.852965 -0.450937 3.949214
v 0.779689 -0.384706 3.949214
v 1.447857 -0.444873 4.644020
v 1.350670 -0.391818 3.949214
v 1.350659 -0.334128 3.949214
v 0.701760 -0.363900 4.644020
v 0.777767 -0.334128 3.949214
v 1.348289 0.358819 3.949214
v 1.737113 0.405345 0.988333
v 0.541456 -0.093891 6.195094
v 0.603101 0.489871 6.195093
v 1.852019 0.440020 2.924350
v -0.000000 -0.630643 -0.637535
v -0.000000 0.458904 -1.340003
v 1.394906 -0.547121 -2.938033
v 0.160086 0.456020 -1.341369
v 0.343935 0.474316 -0.786289
v 0.270036 0.445280 -1.342434
v 0.519578 -0.824380 -2.938033
v 0.469472 -0.816110 -0.637535
v 0.333735 -0.786209 -2.938034
v 0.216520 -0.713864 -0.637535
v 0.098762 -0.630542 -2.938033
v 1.326311 -0.776365 -0.637535
v 1.182376 -0.807350 -0.637535
v 0.990752 -0.820013 -2.938033
v 6.465560 0.118137 -1.697628
v 1.742568 -0.283051 -0.768037
v 1.865570 0.103234 2.352818
v 0.178434 -0.076281 -4.836863
v 0.112066 -0.076280 -4.330168
v 0.337925 -0.461325 -4.836861
v 0.219884 -0.284665 -4.836861
v 0.514585 -0.579366 -4.836861
v 0.722970 -0.687184 -4.330166
v 0.722969 -0.620816 -4.836861
v 1.108014 -0.461325 -4.836861
v 0.931354 -0.579366 -4.836861
v 1.154943 -0.508254 -4.330166
v 1.226054 -0.284665 -4.836861
v 1.267505 -0.076281 -4.836863
v 1.172929 0.222170 -4.836863
v 1.108014 0.308764 -4.836863
v 1.223517 0.263554 -4.330168
v 1.030148 0.378152 -4.836863
v 0.935621 0.426804 -4.836863
v 0.822995 0.455791 -4.836863
v 0.722969 0.468255 -4.836863
v 0.511727 0.426804 -4.836863
v 0.269870 0.223641 -4.836863
v 0.219884 0.132104 -4.836863
v 1.571678 0.484139 1.579763
v 0.956752 -0.640682 -4.330166
v 1.417313 -0.274346 -2.938034
v 0.838249 0.527619 -4.330168
v 0.600597 0.517670 -4.330168
v 0.489187 0.488120 -4.330168
v 0.755165 -0.843607 -2.938033
v 1.170815 -0.777895 -2.938034
v 0.162972 -0.713433 -2.938033
v 0.489187 -0.640682 -4.330166
v 0.290996 -0.508254 -4.330166
v 5.606688 0.187321 -0.809128
v 5.606688 0.150367 -0.716648
v 1.930807 0.395257 0.897075
v 1.930651 0.342081 -0.637536
v 5.606688 0.150664 -3.088965
v 5.724660 0.146913 -3.115095
v 6.290289 0.084596 -1.612415
v 3.904690 0.156622 0.535399
v 1.856556 -0.005943 0.487945
v 1.406243 0.531661 2.171194
v 1.493611 0.560172 3.786066
v 1.534681 0.715956 4.644020
v 1.668589 0.499897 2.171195
v 1.492588 0.482322 0.999088
v 1.694384 0.064061 3.451437
v 1.832932 0.201367 3.446772
v 1.760244 -0.140247 0.473835
v 1.498578 -0.250915 0.766830
v 1.311249 -0.700258 -2.938033
v 1.901949 -0.223534 -3.525658
v 1.906990 0.182186 -3.518681
v 1.793906 0.212491 -4.328457
v 1.287370 -0.310063 -4.330166
v 1.228846 -0.126588 -5.647618
v 1.698821 -0.132215 -6.816658
v 1.803604 -0.226513 -4.328455
v 1.427870 0.159396 -4.328457
v 1.419292 -0.070352 -5.642230
v 6.296525 0.164540 -1.607242
v 6.357281 0.145841 -1.858413
v 6.388058 0.145813 -1.777273
v 6.454568 0.119156 -1.811295
v 6.410009 0.120622 -1.945473
v 6.399769 0.145774 -1.663755
v 1.456261 -0.274345 -0.637535
v 1.656815 0.310924 -3.078535
v 1.620464 0.092962 -5.828572
v 1.642851 0.211417 -4.328455
v 1.602446 0.196339 -4.328455
v 1.761127 0.308189 -3.078535
v 1.571534 0.165681 -4.328457
v 1.685600 0.321417 -3.078534
v 1.545830 0.353062 5.237633
v 1.597308 0.373288 5.237633
v 1.528413 0.460198 5.470429
v 1.649409 0.416666 5.237633
v 1.205328 0.400937 -2.941965
v 1.136411 0.471867 -2.054568
v 0.963784 0.604294 -2.956305
v 0.481793 0.604294 -2.956305
v 0.489187 0.604294 -2.054568
v 0.290996 0.471866 -2.956305
v 0.226249 0.377758 -2.941107
v 1.056869 0.553555 -2.054568
v 0.956752 0.604294 -2.054568
v 0.833567 0.645500 -2.054568
v 0.963003 0.478465 -0.368815
v 0.888704 0.507294 -0.344675
v 0.719494 0.533968 -0.328290
v 0.806951 0.525798 -0.337036
v 0.485830 0.480909 -0.359673
v 0.532033 0.548066 -0.785487
v 0.612148 0.476673 -0.040262
v 0.715492 0.473463 0.058300
v 0.410988 -0.334047 8.860397
v 0.587070 0.404906 8.860395
v 0.600242 0.097132 8.860397
v 0.060831 -0.271935 11.941070
v 0.112400 -0.237478 11.941070
v 0.240866 -0.185077 11.619180
v 0.158957 -0.125079 11.941070
v 0.185770 0.101243 11.612830
v 0.000002 0.033875 11.941070
v 0.060831 0.021775 11.941070
v 0.339976 1.087355 4.850485
v 0.212929 0.619853 9.973789
v 0.156079 1.190365 4.758597
v 0.076313 1.191533 4.644018
v 1.396213 0.359589 -1.658834
v 1.728001 0.624773 -3.169142
v 1.728348 0.153248 -5.997019
v 1.727899 0.624772 -6.013098
v 1.758453 0.624773 -3.307900
v 1.725148 3.382601 -6.111494
v 1.725470 3.057292 -6.099961
v 1.701131 3.382601 -5.746060
v 1.736087 3.382601 -5.226113
v 1.681505 0.624772 -5.119143
v 1.743563 3.382601 -5.746060
v 1.725148 3.382601 -5.175091
v 1.710882 3.382601 -5.226113
v 1.688204 0.624773 -3.299672
v 1.699270 3.057293 -5.672328
v 1.763507 0.624772 -5.119143
v 1.745568 3.057293 -5.672328
v 1.722506 0.624772 -5.100006
v 1.722419 3.057293 -5.653187
v 0.489699 1.150938 7.896022
v 0.425958 1.265265 7.931906
v 0.479824 1.123647 7.958188
v 0.497705 0.888625 7.799372
v 0.471791 0.806307 8.376313
v 0.154948 0.933825 8.885286
v 0.304434 0.856004 8.860396
v 0.152218 0.905245 8.945402
v 0.000001 0.941022 8.920382
v 0.458631 0.859878 8.285807
v 0.210038 1.395649 7.974810
v 0.477990 0.885753 7.797619
v 0.495691 0.789312 7.759272
v 0.439153 0.855888 8.283642
v 0.297443 0.889173 8.749817
v 0.293075 0.825009 8.765673
v 0.148288 0.898340 8.877020
v 0.468968 1.141728 7.891839
v 0.107274 1.418503 8.049031
v 0.103351 1.396660 8.040594
v 0.000001 1.460863 7.999654
v 0.000001 1.437886 7.991024
v 0.300380 1.307754 8.014919
v 0.397064 1.221051 7.987387
v 0.218187 1.416644 7.983036
v 0.491433 1.012825 7.848893
v 0.491979 0.884413 7.870654
v 0.506328 0.993953 7.914043
v 0.484929 0.988841 7.911481
v 0.312899 0.900398 8.755743
v 0.472264 0.881538 7.868901
v 0.251199 0.932935 3.329113
v 0.514357 0.595948 2.171194
v 0.778333 0.542224 2.171194
v 1.269675 0.368340 -0.637536
v 0.298074 0.882375 8.563223
v 0.196804 1.102966 7.893159
v 0.000001 1.118634 7.893159
v 0.146182 0.842073 8.841784
v 0.429564 0.785792 8.323704
v 0.150870 0.944751 8.742968
v 0.319502 0.813933 8.582744
v 0.232195 1.109008 4.782321
v 0.232195 1.160324 4.782321
v 0.232195 0.902232 4.783736
v 0.232195 1.137770 4.644017
v 0.156079 0.902232 4.760036
v 0.000001 0.902233 4.753047
v 0.156079 1.109008 4.758597
v 0.000001 0.505963 5.337795
v 0.263915 0.807888 5.293296
v 0.238437 0.505963 5.337795
v 0.576970 0.684253 7.753582
v 0.506030 0.838912 7.229143
v 0.515252 0.793103 7.760998
v 0.497380 0.684627 8.860395
v -0.000001 -0.073191 -5.586791
v 0.158569 -0.310063 -4.330166
v -0.000001 -0.325823 -4.334515
v 0.158569 0.157502 -4.330166
v 0.101109 -0.074361 -5.586791
v 0.171753 0.347607 7.565464
v 0.402859 0.347533 7.566612
v 0.343286 0.347657 7.931488
v 0.402859 0.656546 7.693324
v 0.171536 0.347369 7.930913
v 0.171752 0.655320 7.692175
v 0.000001 0.654707 7.691600
v 0.413781 0.973948 5.446342
v 0.496808 0.884720 6.712118
v 0.488200 0.916957 6.229469
v 1.287370 0.157502 -4.330168
v 1.311298 0.377287 -1.726660
v -0.000001 0.158672 -4.333268
v 1.728348 0.304918 -2.925648
v 1.499012 0.336629 -1.636627
v 1.522750 0.350838 -2.970063
v 1.600057 0.306399 -1.528255
v 1.341382 0.375254 -2.938035
v 0.257183 0.882694 3.013383
v 0.183980 0.921787 3.013385
v 0.183980 0.858883 3.013383
v 0.000000 0.970227 3.013383
v 0.114590 0.950783 3.013385
v 0.166714 0.703423 2.934395
v 0.217719 0.612443 2.174402
v 0.334238 0.454944 0.067279
v 0.000000 0.516824 1.061299
v 0.200663 0.531900 1.061299
v 0.143547 0.413143 0.067279
v 0.373742 0.703900 3.013300
v 0.257183 0.830047 3.013383
v 0.334238 0.500513 0.064071
v 0.045888 0.565594 0.058472
v 0.183894 0.358723 -2.938034
v 1.245069 0.380299 -2.938035
v 1.185966 0.384682 -1.331412
v 1.107967 0.404413 -0.675122
v 0.391068 0.483137 -0.786179
v 1.147326 0.386654 -0.637535
v 0.976937 0.443964 0.047903
v 0.962661 0.445061 -0.028640
v 0.802553 0.465773 0.084560
v 0.906308 0.455065 0.122160
v 0.892408 0.457837 0.065604
v 0.441757 0.475056 -0.362737
v 0.217353 0.409396 -2.029747
v 0.254869 0.422605 -2.039842
v 5.606688 0.207412 -1.008397
v 6.386855 0.145748 -1.588631
v 6.449412 0.116997 -1.570401
v 5.606688 0.105235 -0.996951
v 5.606688 0.101237 -1.333059
v 3.904690 0.142669 -0.637534
v 3.904690 0.313191 0.469098
v 1.964916 0.159375 -0.637536
v 5.606688 0.134380 -2.510459
v 5.606688 0.164217 -2.526763
v 3.904690 0.228853 -1.863749
v 3.904690 0.263655 -0.637534
v 1.930526 0.268708 -1.863749
v 3.904690 0.178242 -1.825708
v 1.945320 0.197197 -1.814864
v 1.930439 0.211124 -2.708905
v 1.735180 -0.023134 2.346611
v 1.926672 -0.103117 -0.798226
v 1.419201 -0.705555 -0.637535
v 0.468186 -0.802230 0.320388
v 0.319756 -0.787736 -0.637535
v 1.226136 -0.781071 1.156453
v 1.374668 -0.757492 0.976867
v 1.389365 -0.751756 1.467508
v 1.503598 -0.675418 2.247735
v 1.496569 -0.618974 0.850205
v 0.173160 -0.630541 -0.637535
v 0.265511 -0.417495 1.393860
v 1.410442 -0.417494 2.247736
v 1.389365 -0.417495 1.467509
v 1.005835 -0.417495 0.323456
v 1.352288 -0.417495 0.325981
v 1.226136 -0.417495 1.156454
v 1.448153 -0.695216 0.325980
v 1.464449 -0.689398 0.868316
v 1.355156 -0.765108 0.325449
v 0.284258 -0.417494 2.247734
v 0.926733 -0.417495 1.162103
v 1.375482 -0.417495 0.976360
v 1.913881 0.319627 3.784185
v 1.729862 -0.226514 -5.629368
v 1.516225 -0.223979 -5.156985
v 0.000003 0.514433 5.263169
v 0.315342 0.514433 5.263169
v 0.000003 1.045085 6.492750
v 0.000003 1.035080 7.015697
v 0.275826 0.762846 5.263169
v 0.000003 0.768262 5.263169
v 0.275826 0.953013 6.382434
v 0.000003 0.962744 6.382434
v 0.275826 1.033196 6.492750
v 0.275826 1.021034 7.015697
v 1.725327 3.227103 -5.765244
v 1.725327 3.189554 -5.997705
v 1.692809 3.208329 -5.997705
v 1.692809 3.245878 -5.997705
v 1.757846 3.208328 -6.171482
v 1.757846 3.208329 -5.997705
v 1.725327 3.189554 -6.171482
v 1.725327 3.202698 -5.865664
v 1.704192 3.214900 -5.865664
v 1.725327 3.264652 -5.997705
v 1.704192 3.239306 -5.865664
v 1.725327 3.251509 -5.865664
v 1.757846 3.245878 -5.997705
v 1.746463 3.239306 -5.865664
v 1.746463 3.214900 -5.865664
v 1.692809 3.208328 -6.171482
v 1.692809 3.245878 -6.171482
v 1.725327 3.227103 -6.198578
v 1.725327 3.264652 -6.171482
v 1.757846 3.245878 -6.171482
v 1.725327 3.123353 -5.788933
v 1.725327 3.145219 -5.878908
v 1.706390 3.134286 -5.878908
v 1.744265 3.112419 -5.878908
v 1.696192 3.106531 -5.997212
v 1.696192 3.140174 -5.997212
v 1.696192 3.140174 -6.116789
v 1.754463 3.106531 -6.116789
v 1.725327 3.089709 -6.116789
v 1.725327 3.089709 -5.997212
v 1.725327 3.101486 -5.878908
v 1.706390 3.112419 -5.878908
v 1.725327 3.156996 -5.997212
v 1.744265 3.134286 -5.878908
v 1.754463 3.140174 -5.997212
v 1.754463 3.106531 -5.997212
v 1.696192 3.106531 -6.116789
v 1.725327 3.156996 -6.116789
v 1.725327 3.123353 -6.141067
v 1.754463 3.140174 -6.116789
v 0.600453 0.372616 6.945982
v 0.600453 0.388618 7.055401
v 0.796216 0.372616 6.953049
v 0.600453 0.356615 7.055401
v 0.796216 0.372616 7.047090
v 0.600453 0.372616 7.098448
v 0.511400 -0.107509 8.767389
v 0.695357 -0.174463 8.774458
v 0.607518 -0.129613 8.872654
v 0.519679 -0.084763 8.876810
v 0.599239 -0.152359 8.872654
v 0.511400 -0.107509 8.919856
v 0.503121 -0.130255 8.876810
v 0.307070 -0.374483 6.290077
v 0.307070 -0.374483 6.180151
v 0.296614 -0.379358 6.259041
v 0.366719 -0.502400 6.185247
v 0.366719 -0.502400 6.253048
v 0.317526 -0.369607 6.259041
v 2.837893 0.222928 -1.718558
v 2.908671 -0.168138 -1.473598
v 2.767115 0.222928 -1.473595
v 2.837892 0.240075 1.761270
v 2.774538 0.222928 1.563545
v 2.774537 -0.168136 2.037223
v 2.901247 0.222928 1.563545
v 2.908671 0.222928 -1.473598
v 2.837893 -0.168137 -1.718560
v 2.837892 -0.168136 2.245968
v 2.901247 -0.168136 2.037223
v 2.767115 -0.168138 -1.473598
v 2.872801 -0.089725 -1.286458
v 2.872801 -0.018948 -1.116679
v 2.872801 -0.160504 -1.116678
v 2.872801 -0.153080 0.439926
v 2.970568 -0.026372 0.505916
v 2.855655 -0.089727 0.637652
v 2.872801 -0.026372 0.439925
v 3.173641 -0.089725 -1.468210
v 3.173642 -0.018948 -1.298430
v 3.173641 -0.026371 1.855152
v 3.173641 -0.153081 1.855152
v 3.173641 -0.089726 2.063898
v 3.059760 -0.089726 2.003618
v 3.068333 -0.026371 1.800382
v 3.173642 -0.160504 -1.298429
v 3.068333 -0.153080 1.800384
v 2.957707 -0.089727 0.706396
v 2.970568 -0.153080 0.505917
v 2.490791 -0.089727 -1.468210
v 2.791631 -0.160505 -1.116679
v 2.791631 -0.018949 -1.116678
v 2.791631 -0.089727 -1.286458
v 2.693864 -0.026371 0.505917
v 2.808777 -0.089725 0.637652
v 2.791631 -0.153080 0.439925
v 2.706724 -0.089725 0.706396
v 2.693864 -0.153080 0.505916
v 2.490790 -0.089725 2.063896
v 2.490789 -0.153080 1.855152
v 2.490790 -0.160505 -1.298430
v 2.490790 -0.018949 -1.298429
v 2.604671 -0.089725 2.003618
v 2.490789 -0.026370 1.855152
v 2.596097 -0.153080 1.800383
v 2.791631 -0.026371 0.439926
v 2.596097 -0.026371 1.800384
v 0.000000 1.188865 3.309157
v 0.000000 0.993102 3.302089
v -0.093518 1.105799 7.918317
v -0.144998 1.166733 7.907573
v -0.093518 1.111468 7.950468
v -0.093518 1.320147 7.880522
v -0.144998 1.172402 7.939723
v 0.145000 1.166733 7.907573
v 0.000001 1.105799 7.918317
v 0.093521 1.325816 7.912673
v 0.000001 1.325816 7.912673
v 0.145000 1.172402 7.939723
v -0.091912 1.125404 7.931436
v 0.000001 1.124944 7.931517
v 0.000001 1.312920 7.895125
v -0.089552 1.313999 7.894935
v -0.132352 1.172210 7.923182
v 0.132354 1.172210 7.923182
v 0.091915 1.125404 7.931436
v 0.093521 1.105799 7.918317
v 0.000001 1.111468 7.950468
v 0.000001 1.320147 7.880522
v 0.093521 1.320147 7.880522
v 0.089555 1.313999 7.894935
v 0.000001 0.376874 7.015697
v 0.315342 0.376874 7.015697
v -0.042830 -0.546551 7.939509
v 0.000001 -0.546551 7.830089
v 0.000001 -0.742314 7.931197
v 0.042832 -0.546551 7.939509
v 0.000001 -0.546551 7.982555
v 0.000001 -0.742314 7.837157
v -0.042829 -0.506958 9.507772
v 0.000002 -0.702721 9.499460
v 0.000002 -0.506958 9.550819
v 0.000002 -0.506958 9.398352
v 0.000002 -0.702721 9.405420
v 0.042832 -0.506958 9.507772
v -1.680955 3.386375 -6.132493
v -1.680955 3.386375 -5.102076
v -1.680955 3.437615 -6.132493
v -1.725329 3.463235 -6.132493
v -1.769705 3.437615 -5.102076
v -1.725330 3.463235 -5.102076
v -1.769704 3.437615 -6.132493
v -1.769704 3.386375 -6.132493
v -1.725329 3.360755 -6.132493
v -1.725330 3.360756 -5.102076
v -1.694341 3.429887 -4.568919
v -1.680955 3.437615 -5.102076
v -1.769705 3.386375 -5.102076
v -1.725330 3.376213 -4.568919
v -1.694341 3.394104 -4.568919
v -1.725330 3.447778 -4.568919
v -1.756318 3.429887 -4.568919
v -1.725330 3.433348 -4.486064
v -1.756318 3.394104 -4.568919
v -1.743822 3.401319 -4.486064
v -1.706837 3.401319 -4.486064
v -1.706837 3.422672 -4.486064
v -1.743822 3.422672 -4.486064
v -1.725330 3.390642 -4.486064
v -1.725330 3.411995 -4.420823
v 1.656988 3.344150 -6.132494
v 1.700742 3.505101 -6.132494
v 1.749913 3.505101 -6.132494
v 1.749928 3.505092 -5.102077
v 1.818252 3.386734 -6.132494
v 1.793651 3.344141 -5.102077
v 1.700742 3.318889 -6.132494
v 1.656988 3.479840 -6.132494
v 1.818252 3.437256 -6.132494
v 1.657003 3.344142 -5.102077
v 1.632403 3.437239 -5.102077
v 1.700711 3.472715 -4.776687
v 1.790220 3.402953 -4.776687
v 1.765604 3.360317 -4.776687
v 1.685050 3.360317 -4.776687
v 1.660434 3.421037 -4.776687
v 1.685050 3.463673 -4.776687
v 1.749943 3.472715 -4.776687
v 1.764052 3.389637 -4.693833
v 1.686603 3.389637 -4.693833
v 1.686603 3.434353 -4.693833
v 1.725327 3.411995 -4.628591
v 1.764052 3.434353 -4.693833
v 1.725327 3.367280 -4.693833
v -0.921086 -0.770071 2.247734
v -1.279561 -0.758964 1.259699
v -1.324801 -0.745489 2.247571
v -0.920849 -0.750074 2.247468
v -1.226140 -0.781073 1.156454
v -1.384586 -0.732339 1.467467
v -1.405367 -0.724188 2.247669
v -0.468334 -0.755592 2.247432
v -0.360538 -0.740274 1.362917
v -0.468620 -0.767782 1.323033
v -0.374735 -0.728929 2.247376
v -0.276888 -0.681082 1.393472
v -0.295505 -0.674741 2.247365
v -0.265514 -0.697528 1.393860
v -1.346854 -0.746916 0.325494
v -1.368087 -0.738609 0.976869
v -0.926499 -0.764546 1.161816
v -1.225902 -0.761077 1.156166
v -1.005598 -0.775700 0.323170
v -1.270929 -0.761370 1.100511
v -1.229841 -0.773075 0.324555
v 0.921086 -0.770072 2.247734
v 0.926736 -0.784544 1.162103
v 1.279561 -0.758966 1.259699
v 1.225903 -0.761079 1.156167
v 1.280445 -0.778945 1.259941
v 1.384586 -0.732341 1.467467
v 1.405367 -0.724190 2.247669
v 1.324801 -0.745491 2.247571
v 1.327541 -0.765302 2.247735
v 0.465703 -0.775418 2.247734
v 0.466842 -0.787703 1.323296
v 0.352892 -0.758753 1.363233
v 0.468334 -0.755594 2.247432
v 0.276889 -0.681084 1.393472
v 0.374735 -0.728930 2.247376
v 0.360539 -0.740276 1.362917
v 0.920853 -0.750075 2.247468
v 0.468621 -0.767784 1.323033
v 0.366271 -0.747047 2.247734
v 0.295506 -0.674743 2.247365
v 0.265515 -0.697530 1.393860
v 1.346854 -0.746917 0.325494
v 1.368087 -0.738611 0.976869
v 1.272218 -0.781328 1.100743
v 0.926499 -0.764547 1.161816
v 1.005839 -0.795698 0.323456
v 1.229841 -0.773077 0.324555
v 1.232113 -0.792947 0.324748
v 1.270929 -0.761371 1.100511
v 1.005598 -0.775701 0.323170
v -0.203675 -0.462295 9.973789
v 0.000002 -0.538948 8.860397
v -0.219737 -0.485696 8.860397
v 0.219670 -0.504257 7.746168
v 0.000002 -0.552768 6.483284
v -0.219668 -0.499334 6.483284
v 0.000002 -0.564685 7.746168
v -0.219667 -0.504257 7.746168
v -0.110752 1.453288 7.991345
v -0.218184 1.416644 7.983036
v -0.211413 1.381667 8.041908
v -0.414316 1.234735 7.993522
v -0.322327 1.357946 7.961875
v -0.103348 1.396660 8.040594
v -0.106655 1.431197 7.982917
v 0.000001 1.403915 8.047548
v -0.309377 1.340595 7.954798
v -0.300377 1.307755 8.014919
v -0.203603 1.360910 8.033641
v 0.110755 1.453288 7.991344
v 0.106658 1.431197 7.982917
v 0.203606 1.360909 8.033642
v 0.312828 1.325007 8.022120
v 0.211416 1.381666 8.041909
v 0.309379 1.340594 7.954798
v 0.322330 1.357945 7.961875
v -0.506325 0.993954 7.914043
v -0.459567 1.114401 7.953838
v -0.397062 1.221051 7.987387
v -0.491431 1.012826 7.848893
v 0.408085 1.251612 7.925976
v 0.459569 1.114401 7.953838
v 0.414318 1.234735 7.993523
v 0.513097 1.017898 7.851330
v 1.925399 -0.220556 -2.722860
v 1.830999 -0.238564 -0.813643
v -1.925399 -0.220554 -2.722860
v -0.137801 -0.383018 11.253820
v -0.332491 -0.185500 11.254720
v -0.261346 -0.085059 11.617150
v -0.242111 0.015506 11.614900
v 0.000002 0.179062 11.610850
v 0.099479 -0.325765 11.621590
v 0.000002 -0.345496 11.621880
v 0.000002 -0.410812 11.253730
v 0.254579 -0.303879 11.254110
v 0.184013 -0.269506 11.620690
v 0.261350 -0.085059 11.617150
v 0.253807 0.210836 11.258890
v 0.242114 0.015506 11.614900
v 0.331963 0.093170 11.257240
v 0.100715 0.158798 11.611370
v 0.137242 0.289227 11.260230
v 0.000002 -0.165422 12.258470
v -0.067756 -0.152724 12.158570
v -0.062599 -0.178654 12.158570
v 0.000002 -0.084966 12.158570
v 0.025932 -0.215324 12.158570
v 0.062602 -0.178654 12.158570
v 0.067760 -0.152724 12.158570
v 0.047914 -0.104812 12.158570
v 0.025932 -0.090124 12.158570
v 0.000002 -0.220482 12.158570
v -0.025928 -0.215324 12.158570
v -0.047910 -0.200636 12.158570
v -0.060828 -0.271935 11.941070
v -0.146853 -0.185909 11.941070
v -0.062598 -0.126794 12.158570
v -0.146853 -0.064250 11.941070
v -0.047910 -0.104812 12.158570
v -0.025928 -0.090124 12.158570
v 0.000002 -0.284034 11.941070
v 0.047914 -0.200636 12.158570
v 0.146857 -0.185909 11.941070
v 0.062602 -0.126794 12.158570
v 0.146857 -0.064250 11.941070
v 0.112400 -0.012682 11.941070
v -1.348287 0.358820 3.949214
v -0.804308 0.409944 4.642932
v 1.364607 0.409944 4.642932
v 0.804309 0.409943 4.642932
v 0.809725 0.358819 3.949214
v -1.523978 0.686584 4.864464
v -0.692432 0.686584 4.864464
v -0.693293 0.414977 4.807008
v -0.693293 0.430493 4.644020
v -0.668011 -0.078437 4.644020
v -0.668011 -0.083537 4.704577
v 0.692434 0.686583 4.864464
v 0.693295 0.414977 4.807008
v 1.523980 0.686583 4.864464
v 0.668013 -0.083537 4.704576
v -0.804308 0.395068 4.801808
v -1.364605 0.395069 4.801808
v 1.364607 0.395068 4.801808
v -1.364605 0.409944 4.642932
v 1.447844 -0.363900 4.644021
v 0.804309 0.395067 4.801808
v 1.561056 0.259620 4.765729
v 1.523980 0.522529 4.829108
v -1.534679 0.540291 4.644020
v -1.561054 0.259620 4.765729
v -1.523978 0.522529 4.829108
v 0.319992 0.825139 3.013346
v 0.323104 0.871328 3.333098
v -0.395824 0.728863 3.337537
v -0.484807 0.829442 4.644019
v 0.395985 0.729042 3.339885
v 0.350886 0.769263 3.013326
v 0.156079 1.171689 4.644018
v 0.187833 0.967658 3.329311
v 0.057635 1.009778 3.328576
v 0.000001 1.195379 4.644018
v 0.000001 1.215878 4.751601
v -0.126429 0.992333 3.328880
v -0.156077 1.171690 4.644018
v 0.335864 1.060693 4.644018
v 0.425235 0.951652 4.644018
v 0.365619 0.805406 3.336469
v 0.484809 0.829442 4.644019
v 0.588883 0.430492 4.644020
v 0.122617 0.993521 3.328860
v 0.053159 0.966228 3.013385
v -0.057405 1.005303 3.328654
v -0.053159 0.962159 3.013383
v -0.187832 0.967659 3.329311
v -0.308377 0.837062 3.013352
v -0.313701 0.880384 3.329245
v -0.363998 0.808355 3.332278
v 0.000000 0.866723 3.013383
v -0.183980 0.858884 3.013383
v -0.119316 0.949307 3.013385
v 0.532103 0.520841 -0.344675
v 0.621213 0.578774 -0.785487
v 0.540706 0.479991 -0.183898
v 0.514162 0.475471 -0.124982
v 0.714051 0.470343 0.119218
v 0.802581 0.463308 0.143238
v 1.038213 0.431624 -0.081945
v 0.814907 0.579766 -0.785487
v 0.905543 0.552103 -0.785487
v 0.722904 0.589456 -0.785487
v 1.030711 0.446017 -0.391334
v 1.064740 0.445731 -0.785487
v 0.842486 0.645416 -2.956305
v 0.956752 0.488120 -4.330168
v 0.601904 0.640958 -2.054568
v 0.722969 0.650796 -2.054568
v 0.591953 0.638202 -2.956305
v 0.722970 0.655025 -2.956305
v 0.722969 0.538852 -4.330168
v 0.615657 0.454298 -4.836863
v 1.077397 0.534695 -2.956305
v 1.154943 0.355693 -4.330168
v 1.060157 0.433716 -4.330168
v 1.163382 0.461368 -2.956305
v 0.337925 0.308764 -4.836863
v 0.414114 0.370380 -4.836863
v 0.386143 0.429977 -4.330168
v 0.290996 0.355693 -4.330168
v 0.379880 0.553201 -2.956305
v 1.072201 0.419770 -0.389146
v 1.022556 0.431060 -0.178889
v 0.118397 0.493616 -0.786288
v 0.303518 0.471867 -2.054568
v 0.312903 0.456261 -1.342800
v -0.000000 0.358724 -2.938035
v -0.268820 0.445531 -1.337662
v 0.467294 0.521448 -0.785805
v 0.400416 0.544979 -2.054568
v 0.347773 0.478189 -1.343013
v 1.210359 0.382845 -1.977498
v 1.226054 0.132104 -4.836863
v 0.214291 0.257625 -4.330167
v -0.800323 0.462911 0.142944
v -0.800284 0.465373 0.084376
v -0.701342 0.473465 0.058301
v -0.717758 0.587620 -0.785487
v -0.850423 0.637490 -2.054568
v -0.540706 0.479992 -0.183898
v -0.555372 0.508856 -0.344674
v -0.639683 0.525709 -0.336572
v -0.627025 0.579002 -0.785487
v -0.536379 0.552104 -0.785487
v -0.963905 0.443128 -0.037230
v -0.892408 0.457838 0.065604
v -0.890831 0.500691 -0.344674
v -0.964296 0.478948 -0.366927
v -1.062295 0.542924 -2.054568
v -1.107665 0.404415 -0.675122
v -1.075218 0.419401 -0.396045
v -0.302159 0.471868 -2.054568
v -0.289854 0.471868 -2.956305
v -0.380945 0.539017 -2.054568
v -0.386564 0.434755 -4.330168
v -0.607071 0.637244 -2.054568
v -0.601752 0.524485 -4.330168
v -0.722970 0.650797 -2.054568
v -0.219886 0.132105 -4.836863
v -0.294656 0.360562 -4.330168
v -0.337926 0.313670 -4.836863
v -0.413050 0.375236 -4.836863
v -0.615128 0.457783 -4.836863
v -0.830678 0.458180 -4.836863
v -1.108016 0.308766 -4.836863
v -1.154944 0.471868 -2.956305
v -1.226056 0.132105 -4.836863
v -1.180139 0.218987 -4.836863
v -0.456507 0.515628 -0.785853
v 1.174609 0.404755 -2.051940
v 1.144622 0.404576 -1.331169
v -1.130409 0.471868 -2.054568
v -1.184723 0.404756 -2.051940
v -1.220517 0.382847 -1.977498
v -1.190299 0.384696 -1.326841
v -1.147024 0.386656 -0.637534
v -1.311298 0.377288 -1.726660
v -1.053776 0.445732 -0.785487
v 1.091810 0.458868 -1.330859
v 0.983942 0.502758 -0.785487
v 1.094510 0.456963 -1.330875
v 1.551348 -0.003493 -5.638493
v 1.700711 3.351275 -4.776687
v 1.660434 3.402953 -4.776687
v 1.725327 3.456711 -4.693833
v 1.790220 3.421037 -4.776687
v 1.749913 3.318889 -6.132494
v 1.749928 3.318898 -5.102077
v 1.632403 3.386734 -6.132494
v 1.632403 3.437256 -6.132494
v 1.700726 3.505092 -5.102077
v 1.793666 3.479840 -6.132494
v 1.793651 3.479849 -5.102077
v 1.818252 3.437239 -5.102077
v 1.818252 3.386751 -5.102077
v 1.793666 3.344150 -6.132494
v 1.632403 3.386752 -5.102077
v 1.700727 3.318898 -5.102077
v 1.749943 3.351275 -4.776687
v 1.657003 3.479849 -5.102077
v 1.765604 3.463673 -4.776687
v -0.514357 0.550381 2.174402
v -0.472938 0.507994 1.061299
v -0.472938 0.553563 1.058091
v -0.514357 0.595949 2.171194
v -0.166714 0.748993 2.931187
v 0.000000 0.733916 2.931187
v 0.166714 0.748992 2.931187
v 0.390498 0.529398 2.934395
v 0.514357 0.550380 2.174402
v 0.472939 0.553562 1.058091
v 0.472939 0.507994 1.061299
v 0.143547 0.458711 0.064071
v -0.143547 0.458712 0.064071
v -0.143547 0.413143 0.067279
v -0.334238 0.454946 0.067279
v -0.600239 0.097132 8.860397
v -0.556403 0.078780 9.973789
v -6.317769 0.134447 -1.657564
v -6.296631 0.122244 -1.757984
v -6.296631 0.084694 -1.351747
v -6.329150 0.103469 -1.351747
v -6.329150 0.103469 -1.525524
v -6.264113 0.141018 -1.525524
v -6.264113 0.103469 -1.351747
v -6.264113 0.103469 -1.525524
v -6.296631 0.084695 -1.525524
v -6.317769 0.110041 -1.657564
v -6.329150 0.141018 -1.525524
v -6.296631 0.159793 -1.525524
v -6.296631 0.146649 -1.657564
v -6.275496 0.134447 -1.657564
v -6.296631 0.097838 -1.657564
v -6.275496 0.110041 -1.657564
v -6.296631 0.122244 -1.324650
v -6.329150 0.141018 -1.351747
v -6.296631 0.159793 -1.351747
v -6.264113 0.141018 -1.351747
v 6.296420 0.122243 -1.757986
v 6.317554 0.134446 -1.657566
v 6.317554 0.110040 -1.657566
v 6.263902 0.141017 -1.351750
v 6.296420 0.159792 -1.351750
v 6.328938 0.141017 -1.351750
v 6.328938 0.141017 -1.525526
v 6.328938 0.103468 -1.351750
v 6.296420 0.084694 -1.351750
v 6.296420 0.084694 -1.525526
v 6.275283 0.110040 -1.657566
v 6.263902 0.103468 -1.525526
v 6.263902 0.141017 -1.525526
v 6.275283 0.134446 -1.657566
v 6.296420 0.159792 -1.525526
v 6.296420 0.146648 -1.657566
v 6.328938 0.103468 -1.525526
v 6.296420 0.097837 -1.657566
v 6.263902 0.103468 -1.351750
v 6.296420 0.122243 -1.324652
v 0.078139 0.557918 0.059951
v -0.514162 0.475472 -0.124982
v -0.334238 0.500514 0.064071
v 0.602499 0.472751 0.025112
v 0.712528 0.515196 1.046628
v 1.111652 0.406903 -0.387371
v -1.349666 0.492512 1.007605
v -0.612313 0.472762 0.032364
v 0.620999 0.529758 -0.337374
v 0.041355 0.498577 -0.786288
v -0.000000 0.501039 -0.786289
v -0.041355 0.498578 -0.786288
v -0.045189 0.565687 0.058440
v -0.687534 -0.171617 9.211927
v -0.599236 -0.152359 8.872654
v 0.687537 -0.171617 9.211927
v 0.645457 -0.156302 9.201693
vn -0.0278 -0.9883 0.1497
vn -0.3624 -0.9203 0.1475
vn -0.0000 -0.9964 0.0850
vn -0.3635 -0.9286 0.0743
vn -0.6877 -0.7081 0.1603
vn -0.6865 -0.7217 0.0881
vn -0.9021 -0.3914 0.1817
vn -0.9095 -0.3997 0.1143
vn -0.9773 -0.0221 0.2108
vn -0.9886 -0.0334 0.1468
vn -0.9062 0.3448 0.2446
vn -0.9248 0.3329 0.1842
vn -0.7011 0.6569 0.2772
vn -0.7260 0.6514 0.2206
vn -0.3920 0.8692 0.3015
vn -0.4152 0.8752 0.2482
vn 0.0167 0.9525 0.3042
vn -0.0000 0.9663 0.2574
vn -0.0000 -0.9992 0.0405
vn -0.3879 -0.9209 0.0379
vn -0.7115 -0.7015 0.0406
vn -0.9234 -0.3803 0.0521
vn -0.9969 -0.0159 0.0768
vn -0.9191 0.3680 0.1408
vn -0.6807 0.7035 0.2040
vn -0.3422 0.9084 0.2403
vn -0.0000 0.9684 0.2493
vn -0.5092 -0.8605 0.0137
vn -0.7873 -0.6165 0.0015
vn -0.9359 -0.3522 0.0061
vn -0.9957 -0.0905 0.0182
vn -0.9897 0.1348 0.0473
vn -0.8618 0.4919 0.1238
vn -0.5868 0.7826 0.2079
vn -0.4156 -0.9095 0.0052
vn -0.7426 -0.6697 0.0009
vn -0.5378 -0.8431 -0.0031
vn -0.8186 -0.5743 0.0016
vn -0.9097 -0.4153 -0.0025
vn -0.9268 -0.3755 0.0013
vn -0.9926 -0.1217 -0.0027
vn -0.9916 -0.1294 0.0026
vn -0.9997 0.0250 0.0052
vn -0.9929 0.1184 -0.0136
vn -0.9569 0.2895 0.0243
vn -0.5906 0.8054 0.0495
vn -0.9602 0.2790 -0.0133
vn -0.1324 0.9884 0.0748
vn -0.0000 -0.9998 0.0174
vn -0.0000 -0.9996 0.0270
vn -0.1103 -0.9924 0.0539
vn -0.3829 -0.9237 0.0160
vn -0.7372 -0.6756 0.0127
vn -0.6628 -0.7452 0.0738
vn -0.7481 0.6553 -0.1044
vn -0.7164 0.6921 -0.0888
vn -0.5380 0.8310 -0.1414
vn -0.4869 0.8674 -0.1029
vn -0.9597 0.2675 -0.0858
vn -0.6315 0.7753 -0.0116
vn -0.9541 0.2953 -0.0497
vn -0.9297 0.3682 0.0094
vn -0.8357 0.5450 -0.0670
vn -0.8887 0.4487 -0.0944
vn 0.1822 0.9815 -0.0585
vn 0.5767 0.8155 0.0476
vn 0.0844 0.9960 -0.0281
vn 0.0876 -0.9901 0.1093
vn -0.0014 -0.9697 0.2441
vn -0.0240 -0.9947 0.1001
vn -0.4292 -0.6042 0.6713
vn -0.5622 -0.8240 0.0706
vn -0.8009 -0.5933 0.0809
vn -0.8837 -0.1811 0.4316
vn 0.4161 -0.8974 0.1465
vn 0.8686 -0.4572 0.1910
vn 0.5808 -0.7951 0.1747
vn 0.9739 -0.1389 0.1796
vn -0.0701 0.9956 -0.0617
vn -0.1925 0.9793 -0.0630
vn 0.6399 -0.6799 0.3580
vn -0.9991 -0.0287 0.0305
vn -0.9268 -0.2988 0.2277
vn -0.4661 -0.8844 0.0248
vn -0.0541 -0.9968 0.0595
vn -0.5172 0.8554 -0.0289
vn -0.6524 0.7577 0.0161
vn -0.2845 0.9577 0.0426
vn -0.2871 0.9578 0.0104
vn -0.9553 -0.2892 0.0607
vn -0.9192 -0.3850 0.0827
vn -0.6455 -0.7546 0.1182
vn -0.5343 -0.8307 0.1563
vn -0.8715 -0.4812 0.0943
vn -0.6622 -0.7418 0.1061
vn -0.5352 -0.8335 0.1374
vn -0.9209 -0.3895 0.0124
vn -0.9958 -0.0882 -0.0225
vn -0.9202 -0.3377 0.1979
vn -0.8247 0.5632 0.0516
vn -0.8383 0.5323 0.1180
vn -0.5695 0.8217 0.0233
vn -0.5689 0.8222 0.0186
vn -0.2384 0.9711 -0.0137
vn -0.3457 0.9173 0.1975
vn -0.0000 -1.0000 0.0039
vn 0.3611 -0.9324 0.0134
vn -0.0828 0.9936 -0.0764
vn -0.1267 0.9895 0.0700
vn 0.0005 1.0000 -0.0024
vn -0.9943 -0.1020 -0.0317
vn -0.9964 -0.0803 -0.0256
vn -0.8025 -0.5963 -0.0186
vn -0.7969 -0.6033 -0.0315
vn -0.0537 0.9973 -0.0491
vn -0.0854 0.9956 -0.0386
vn 0.7732 -0.6338 0.0210
vn -0.1140 0.9933 0.0171
vn -0.2034 0.9661 0.1592
vn -0.0505 0.9986 -0.0179
vn -0.4577 -0.8588 0.2303
vn -0.2612 -0.9174 0.3002
vn -0.9093 -0.4160 -0.0048
vn -0.1109 -0.9928 0.0459
vn -0.0046 -0.9993 0.0372
vn 0.8425 -0.4774 0.2493
vn -0.0000 0.7348 0.6783
vn 0.7960 -0.5560 0.2394
vn -0.9792 -0.1911 0.0684
vn -0.8016 -0.5955 0.0532
vn -0.5612 0.8257 0.0563
vn -0.6134 0.7744 0.1551
vn -0.9311 0.2372 0.2771
vn -0.3377 0.9327 0.1264
vn -0.1681 0.9834 0.0683
vn -0.4930 -0.8340 0.2478
vn -0.3488 -0.9031 0.2504
vn -0.7684 -0.5465 0.3331
vn -0.0093 -0.9979 0.0646
vn -0.6853 -0.7282 0.0031
vn -0.9601 -0.2028 0.1925
vn 0.1271 -0.9878 0.0895
vn 0.2333 0.9534 0.1914
vn -0.0604 0.9788 0.1957
vn -0.7029 0.5593 0.4395
vn 0.6646 0.2228 0.7132
vn 0.8965 -0.0503 0.4403
vn -0.5352 -0.0181 0.8445
vn 0.3904 -0.6203 0.6803
vn -0.8404 -0.3854 0.3812
vn -0.1788 0.9829 -0.0441
vn -0.1294 0.9902 -0.0517
vn -0.1948 0.9795 -0.0516
vn -0.0000 -0.9999 -0.0109
vn 0.1360 0.9879 0.0749
vn -0.0574 0.9915 0.1169
vn 0.5996 0.7127 0.3639
vn -0.0000 -0.9908 -0.1352
vn 0.2918 -0.9552 -0.0487
vn -0.0502 0.9967 -0.0635
vn -0.0980 0.9933 -0.0619
vn -0.0000 0.9979 -0.0652
vn -0.0000 0.9969 -0.0781
vn -0.9656 -0.2529 -0.0611
vn -0.7220 -0.6854 -0.0944
vn -0.0315 0.9979 -0.0561
vn -0.0139 0.9993 -0.0354
vn -0.0272 -0.9993 -0.0258
vn 0.1516 -0.9872 -0.0491
vn 0.0264 -0.9996 0.0109
vn 0.3844 -0.9210 -0.0629
vn 0.3232 -0.9463 0.0059
vn 0.6694 -0.7397 -0.0694
vn 0.6274 -0.7785 0.0141
vn -0.3621 -0.9289 -0.0781
vn -0.4047 -0.9143 -0.0184
vn -0.1559 -0.9863 -0.0541
vn -0.0713 -0.9974 0.0060
vn 0.0700 -0.9970 -0.0344
vn -0.2499 0.9500 -0.1873
vn -0.0126 0.9980 -0.0615
vn -0.4888 -0.8724 0.0027
vn -0.0046 -0.9998 -0.0186
vn -0.4105 -0.8147 0.4095
vn -0.1513 -0.9884 0.0129
vn -0.5720 -0.8200 -0.0209
vn -0.7600 -0.6498 -0.0126
vn -0.7222 -0.6891 0.0599
vn 0.9897 0.0607 -0.1296
vn 0.0853 -0.9584 -0.2724
vn 0.9890 -0.0707 -0.1295
vn 0.8867 -0.4438 -0.1295
vn 0.6548 -0.7402 -0.1529
vn 0.6494 -0.7494 -0.1295
vn 0.3581 -0.9241 -0.1335
vn 0.3132 -0.9408 -0.1295
vn 0.0359 -0.9920 -0.1206
vn -0.0707 -0.9890 -0.1295
vn -0.2852 -0.9488 -0.1358
vn -0.4438 -0.8867 -0.1295
vn -0.6487 -0.7441 -0.1597
vn -0.7494 -0.6494 -0.1295
vn -0.2905 -0.9533 -0.0832
vn -0.9161 -0.3794 -0.1299
vn -0.9728 -0.1935 -0.1274
vn -0.8253 0.5514 -0.1217
vn -0.8289 0.5538 -0.0786
vn -0.7017 0.7010 -0.1277
vn -0.7225 0.6875 -0.0729
vn -0.5510 0.8247 -0.1274
vn -0.5699 0.8169 -0.0885
vn -0.3744 0.9185 -0.1272
vn -0.3787 0.9215 -0.0864
vn -0.1788 0.9793 -0.0952
vn -0.1727 0.9773 -0.1229
vn -0.0041 0.9954 -0.0956
vn 0.2190 0.9708 -0.0977
vn 0.0310 0.9909 -0.1308
vn 0.1934 0.9721 -0.1331
vn 0.4104 0.9078 -0.0864
vn 0.5608 0.8236 -0.0847
vn 0.3784 0.9165 -0.1301
vn 0.5675 0.8137 -0.1258
vn 0.7440 0.6643 -0.0720
vn 0.8298 0.5529 -0.0757
vn 0.7505 0.6492 -0.1232
vn 0.8324 0.5411 -0.1198
vn -0.2512 0.9502 -0.1844
vn 0.9493 0.2874 -0.1276
vn -0.2313 0.9727 0.0188
vn -0.1406 0.9896 -0.0299
vn -0.1089 0.9930 -0.0467
vn -0.2150 0.9733 -0.0801
vn -0.7569 0.6523 -0.0406
vn -0.6951 0.7182 -0.0331
vn -0.5543 0.8316 -0.0360
vn -0.3846 0.9222 -0.0398
vn -0.1938 0.9797 -0.0508
vn -0.0195 0.9985 -0.0511
vn 0.1824 0.9820 -0.0491
vn 0.3946 0.9177 -0.0461
vn 0.5325 0.8451 -0.0475
vn 0.7786 0.6262 -0.0408
vn 0.7111 0.7023 -0.0333
vn -0.1938 0.9705 0.1436
vn -0.0362 0.9991 -0.0230
vn -0.3075 -0.8885 0.3406
vn -0.0529 -0.9945 0.0907
vn -0.0344 0.9988 -0.0337
vn -0.0384 0.9982 -0.0451
vn -0.8085 0.5881 -0.0217
vn -0.0441 0.9964 -0.0729
vn 0.0480 -0.9979 -0.0435
vn 0.0303 -0.9994 -0.0139
vn -0.0804 -0.9968 0.0015
vn 0.0177 -0.9998 -0.0091
vn -0.8412 -0.5392 0.0407
vn -0.6788 -0.7317 0.0628
vn -0.6250 -0.7779 0.0657
vn -0.8959 0.4438 0.0209
vn -0.9711 0.2294 -0.0663
vn -0.6098 -0.7911 -0.0477
vn -0.7769 -0.6295 -0.0110
vn -0.7024 -0.7097 0.0541
vn -0.6801 -0.7298 -0.0691
vn -0.9973 0.0590 -0.0440
vn -0.7825 -0.6186 -0.0706
vn -0.9274 0.3122 -0.2060
vn 0.0147 -0.9975 -0.0692
vn 0.8191 -0.5551 -0.1447
vn 0.4083 -0.3855 -0.8275
vn 0.5109 0.8470 -0.1470
vn 0.3481 0.9239 -0.1589
vn -0.3068 0.9517 0.0075
vn -0.2042 0.9678 0.1472
vn -0.0505 0.9984 -0.0237
vn -0.1598 0.9842 -0.0766
vn -0.2602 -0.9512 -0.1660
vn -0.2187 0.9746 -0.0474
vn -0.7212 -0.6712 -0.1713
vn -0.9585 -0.2833 0.0327
vn -0.1376 0.9887 -0.0598
vn 0.0065 0.9935 -0.1137
vn -0.2949 0.9541 0.0532
vn 0.3795 0.9195 -0.1029
vn -0.0137 0.9913 -0.1312
vn 0.2769 0.9440 -0.1796
vn 0.7707 0.6278 -0.1095
vn 0.3002 0.9447 -0.1318
vn 0.9714 0.2293 0.0611
vn 0.9944 0.1042 -0.0201
vn 0.5301 0.8458 -0.0596
vn -0.2048 0.9787 0.0149
vn -0.8170 0.0550 0.5740
vn -0.7201 0.6934 0.0269
vn -0.7200 0.6935 0.0237
vn -0.5804 0.8134 0.0390
vn -0.4233 0.9056 0.0260
vn -0.2045 0.9783 0.0322
vn -0.0167 0.9996 0.0241
vn 0.1803 0.9831 0.0317
vn 0.5411 0.8405 0.0269
vn 0.3822 0.9237 0.0263
vn 0.5578 0.8299 -0.0136
vn 0.7131 0.7009 0.0147
vn -0.6908 0.7207 0.0573
vn -0.6277 0.7774 0.0397
vn -0.6526 0.7559 0.0519
vn -0.4910 0.8708 0.0265
vn -0.1940 0.9781 0.0755
vn -0.3767 0.9242 0.0634
vn 0.1821 0.9806 0.0725
vn -0.0065 0.9980 0.0625
vn 0.4607 0.8858 0.0562
vn 0.3636 0.9296 0.0606
vn 0.4381 0.8989 0.0005
vn 0.5488 0.8351 0.0376
vn 0.3536 0.9342 0.0476
vn -0.3069 0.9514 0.0232
vn -0.5449 0.8362 0.0618
vn -0.4180 0.9084 0.0141
vn -0.5772 0.8142 0.0619
vn -0.4109 0.9061 0.1010
vn -0.2603 0.9586 0.1156
vn -0.1684 0.9775 0.1270
vn 0.1773 0.9757 0.1287
vn 0.0024 0.9912 0.1325
vn 0.3295 0.9372 0.1145
vn -0.3334 0.9399 0.0740
vn -0.1235 0.9846 0.1234
vn -0.1877 0.9792 0.0775
vn 0.0421 0.9900 0.1348
vn -0.4365 -0.8699 0.2297
vn -0.3148 -0.9310 0.1849
vn -0.0000 -0.9768 0.2143
vn 0.0535 -0.9824 0.1791
vn -0.7311 -0.6320 0.2568
vn -0.6453 -0.7363 0.2037
vn -0.9072 -0.3006 0.2943
vn -0.8718 -0.4304 0.2339
vn -0.9396 0.0687 0.3354
vn -0.9603 -0.0642 0.2714
vn -0.8288 0.4166 0.3736
vn -0.9008 0.3033 0.3106
vn -0.5979 0.6926 0.4035
vn -0.7074 0.6167 0.3454
vn -0.2848 0.8609 0.4216
vn -0.4129 0.8322 0.3701
vn -0.0000 0.9008 0.4342
vn -0.0398 0.9229 0.3830
vn -0.2765 0.9262 0.2563
vn -0.4230 0.9061 0.0005
vn -0.0000 0.9669 0.2553
vn -0.0069 0.4954 0.8686
vn -0.1591 0.9774 -0.1394
vn -0.1748 0.4175 0.8917
vn -0.0033 0.9906 -0.1371
vn -0.1544 0.9786 -0.1358
vn -0.0678 0.9879 -0.1395
vn -0.1304 0.9914 0.0070
vn -0.9993 0.0314 0.0223
vn -0.1012 0.5886 0.8021
vn 0.9988 0.0387 0.0291
vn 0.9996 0.0175 -0.0212
vn -0.0000 0.8852 -0.4653
vn -0.9997 0.0152 -0.0209
vn 0.9995 0.0004 -0.0308
vn 0.9998 0.0150 0.0127
vn 0.9997 -0.0056 -0.0256
vn -0.0000 -0.6221 -0.7829
vn -0.0000 -0.0354 -0.9994
vn -0.9997 0.0021 -0.0236
vn -0.9996 -0.0060 -0.0282
vn -0.9999 0.0133 0.0097
vn -0.0695 0.5873 0.8064
vn -0.0000 -0.2837 -0.9589
vn -0.0001 0.1464 -0.9892
vn -0.6826 0.4439 0.5806
vn -0.8195 0.5510 0.1577
vn -0.7779 0.1419 0.6121
vn -0.9242 0.3372 -0.1792
vn -0.0000 0.9854 0.1702
vn -0.2112 0.9603 0.1823
vn -0.0000 0.7549 0.6558
vn -0.1539 0.4430 0.8832
vn -0.8339 0.5406 0.1113
vn -0.3483 0.6526 0.6730
vn -0.4557 0.8446 0.2810
vn -0.4727 0.4548 0.7548
vn -0.6209 0.7824 0.0491
vn -0.9611 0.2181 0.1693
vn -0.9636 -0.0568 0.2612
vn -0.9813 0.0404 -0.1883
vn -0.9401 0.1460 -0.3081
vn -0.6548 0.7524 0.0717
vn -0.6259 0.7580 0.1838
vn -0.8376 0.5361 0.1053
vn -0.2885 0.9364 0.1996
vn -0.0128 0.9984 0.0550
vn 0.9230 -0.3763 -0.0804
vn 0.9821 -0.1016 0.1586
vn 0.9011 -0.1346 -0.4122
vn 0.8551 0.1491 -0.4966
vn 0.1768 -0.9382 -0.2975
vn 0.3874 -0.9197 -0.0631
vn 0.2298 -0.6916 -0.6848
vn 0.3608 -0.4994 -0.7877
vn 0.5767 -0.7746 -0.2598
vn 0.7386 -0.6741 0.0074
vn 0.5818 -0.5393 -0.6088
vn 0.6741 -0.2708 -0.6872
vn 0.9865 0.1606 -0.0335
vn 0.9256 0.1607 -0.3427
vn -0.1982 0.6682 -0.7171
vn 0.5917 0.6433 -0.4858
vn -0.5851 0.8083 0.0651
vn 0.9060 0.1114 -0.4085
vn 0.9711 0.1668 -0.1707
vn -0.2741 0.9512 0.1416
vn 0.4128 0.2960 -0.8614
vn -0.0000 0.9907 0.1364
vn 0.0262 0.4906 -0.8710
vn 0.0262 -0.5660 -0.8240
vn -0.4603 0.8768 -0.1394
vn -0.3362 0.9346 -0.1159
vn 0.0511 0.9978 -0.0432
vn -0.0307 0.9992 -0.0257
vn -0.1196 0.9922 -0.0362
vn -0.1561 0.9873 0.0278
vn -0.5571 0.8283 0.0597
vn -0.6766 0.7142 0.1790
vn -0.2874 0.9223 0.2583
vn -0.0000 0.9233 -0.3842
vn -0.0000 0.9429 0.3329
vn -0.6563 0.6838 0.3189
vn -0.0000 0.3985 -0.9172
vn 0.5412 0.1930 0.8185
vn 0.5855 0.7466 0.3159
vn 0.8428 0.5023 0.1934
vn -0.0000 0.6152 0.7884
vn -0.0097 0.2298 0.9732
vn 0.9690 0.2471 -0.0053
vn -0.0000 0.4127 -0.9109
vn 0.0629 0.8773 0.4758
vn 0.9163 0.3779 0.1326
vn -0.0000 0.9851 0.1719
vn -0.0000 0.9084 0.4181
vn 0.5907 0.8032 0.0767
vn -0.1030 0.9940 -0.0382
vn -0.0002 0.9980 -0.0631
vn -0.9358 -0.3055 -0.1757
vn -0.0000 0.9184 -0.3957
vn -0.0000 0.9870 -0.1609
vn -0.0000 -0.9796 -0.2009
vn -0.5382 -0.0330 -0.8422
vn -0.6612 -0.1949 -0.7245
vn 0.6423 0.6491 -0.4076
vn -0.2363 0.9621 -0.1361
vn -0.0932 0.9928 -0.0749
vn -0.1787 0.9799 -0.0888
vn -0.1874 0.9822 0.0112
vn -0.2004 0.9797 0.0051
vn 0.1010 0.9897 -0.1017
vn -0.0000 0.9949 -0.1004
vn -0.9279 0.3504 -0.1271
vn -0.9728 0.1935 -0.1274
vn -0.0840 0.6246 -0.7764
vn -0.3637 0.9076 -0.2097
vn -0.7960 0.5692 -0.2057
vn -0.3436 0.6307 -0.6958
vn -0.7748 0.6053 -0.1826
vn -0.8920 0.4052 -0.2003
vn -0.8813 0.3255 -0.3426
vn -0.0720 0.9409 -0.3308
vn -0.0000 0.2737 -0.9618
vn -0.1675 0.9305 -0.3259
vn -0.2698 0.8280 -0.4915
vn 0.0360 0.9993 -0.0055
vn -0.2680 0.9623 -0.0466
vn -0.1691 0.9843 -0.0507
vn -0.2261 0.9614 -0.1571
vn 0.0277 0.9963 -0.0814
vn 0.0246 0.9987 -0.0449
vn 0.1331 0.9885 -0.0714
vn 0.1362 0.9902 -0.0307
vn -0.0000 0.9959 -0.0909
vn 0.0001 0.9785 -0.2064
vn -0.0000 0.9951 -0.0988
vn -0.0001 0.9987 -0.0505
vn 0.0004 0.4613 -0.8872
vn -0.2264 0.4104 -0.8834
vn -0.2636 0.9618 -0.0746
vn 0.0565 0.9977 0.0384
vn 0.0091 0.0503 0.9987
vn 0.0007 0.0537 0.9986
vn 0.0130 0.9982 -0.0577
vn -0.2252 0.9743 -0.0055
vn -0.1597 0.9868 -0.0282
vn -0.0885 0.9934 -0.0728
vn -0.1647 0.9863 -0.0120
vn -0.1268 0.9918 0.0174
vn -0.0775 0.9963 0.0374
vn -0.0381 0.9981 0.0485
vn -0.0709 0.9957 -0.0593
vn 0.1523 0.9804 0.1247
vn 0.2901 0.9539 0.0770
vn -0.0301 0.9987 -0.0413
vn -0.4878 -0.8659 -0.1106
vn 0.0283 -0.9980 -0.0562
vn -0.0196 0.9969 -0.0767
vn -0.5149 -0.8572 -0.0057
vn -0.1238 -0.9923 0.0089
vn -0.0121 -0.9998 0.0144
vn 0.0488 -0.9987 0.0149
vn -0.0120 -0.9998 0.0145
vn 0.0399 -0.9991 0.0144
vn 0.4227 -0.9061 0.0193
vn -0.1642 -0.9864 0.0063
vn -0.0119 -0.9998 0.0144
vn -0.2113 -0.9774 0.0050
vn -0.5335 -0.8458 -0.0063
vn -0.5057 -0.8627 -0.0047
vn -0.7653 -0.6435 -0.0166
vn -0.9959 -0.0850 -0.0321
vn 0.1503 -0.9320 -0.3298
vn -0.2419 -0.9163 -0.3193
vn -0.0000 -0.0000 -1.0000
vn -0.9931 -0.0000 -0.1171
vn 0.9997 -0.0000 -0.0254
vn -0.4818 -0.6761 0.5575
vn -0.9996 -0.0000 0.0292
vn 0.8066 -0.5844 0.0892
vn 0.9742 -0.0000 0.2255
vn 0.0065 -0.0007 1.0000
vn 0.8362 -0.4226 0.3496
vn 0.9768 -0.0084 0.2140
vn -0.4445 -0.8264 0.3457
vn -0.9743 -0.0000 0.2255
vn -0.2569 -0.9603 0.1091
vn -0.7151 -0.0009 0.6990
vn -0.3308 -0.0000 0.9437
vn 0.7702 0.0004 -0.6379
vn 0.8933 -0.4305 0.1289
vn 0.9987 -0.0000 0.0516
vn 0.4544 -0.8837 -0.1124
vn 0.9992 -0.0026 -0.0411
vn 0.8855 -0.0000 0.4647
vn 0.0002 0.9616 -0.2743
vn -0.9322 0.3261 -0.1567
vn -0.9744 0.1550 -0.1632
vn -0.8149 0.3904 0.4284
vn -0.0000 0.5939 0.8045
vn -0.7785 0.6239 -0.0690
vn -0.0000 0.9935 -0.1135
vn -0.9713 0.0814 0.2234
vn -0.7842 0.6085 -0.1214
vn -0.0000 0.9663 -0.2575
vn -0.0000 -0.9872 0.1595
vn 0.8585 -0.4956 0.1315
vn -0.0000 -0.0000 1.0000
vn 0.7591 0.6359 0.1392
vn -0.1712 0.9754 0.1392
vn -0.9303 0.3394 0.1392
vn -0.7591 -0.6359 0.1392
vn -0.1703 -0.9771 -0.1275
vn 0.7611 -0.6360 -0.1275
vn 0.1041 -0.9935 0.0450
vn 0.9219 -0.3861 0.0332
vn 0.9313 0.3411 -0.1275
vn 0.8348 0.5491 0.0399
vn 0.1703 0.9771 -0.1275
vn -0.0581 0.9975 0.0399
vn -0.7611 0.6360 -0.1275
vn -0.8929 0.4484 0.0399
vn -0.9313 -0.3411 -0.1275
vn -0.8348 -0.5491 0.0399
vn 0.8585 -0.4957 0.1315
vn -0.1649 -0.9731 -0.1608
vn 0.7603 -0.6293 -0.1608
vn 0.0916 -0.9945 0.0516
vn 0.9171 -0.3966 0.0393
vn 0.9252 0.3438 -0.1608
vn 0.8462 0.5308 0.0463
vn 0.1649 0.9731 -0.1608
vn -0.0366 0.9983 0.0463
vn -0.7603 0.6294 -0.1608
vn -0.8828 0.4675 0.0463
vn -0.9252 -0.3438 -0.1608
vn -0.8462 -0.5308 0.0463
vn -0.4589 -0.0000 -0.8885
vn -0.5963 -0.0000 0.8028
vn -0.0505 0.9987 0.0001
vn -0.0361 -0.0000 -0.9993
vn -0.0505 -0.9987 0.0001
vn -0.2538 -0.0000 0.9673
vn -0.7690 -0.2799 -0.5747
vn -0.3420 0.9351 0.0924
vn -0.3926 0.9172 -0.0677
vn -0.0339 -0.0123 -0.9993
vn 0.2888 -0.9550 -0.0677
vn 0.3391 -0.9362 0.0924
vn -0.2990 -0.1088 0.9480
vn -0.9325 -0.3394 0.1234
vn 0.9086 0.3307 0.2552
vn -0.1939 -0.4160 -0.8885
vn -0.2520 -0.5404 0.8028
vn -0.9265 0.3763 0.0001
vn -0.0152 -0.0327 -0.9993
vn 0.8838 -0.4678 -0.0000
vn -0.1073 -0.2300 0.9673
vn -0.9390 -0.3439 -0.0077
vn -0.9993 -0.0000 -0.0380
vn -0.7289 -0.2638 -0.6317
vn 0.7557 -0.0000 -0.6550
vn 0.9463 -0.3216 -0.0317
vn 1.0000 0.0001 -0.0082
vn 0.9427 -0.3335 0.0109
vn 0.9981 0.0472 0.0394
vn 0.6482 0.4929 0.5804
vn -0.5651 0.6328 0.5294
vn -0.9664 -0.2549 0.0335
vn -0.9999 0.0127 0.0116
vn 0.0222 0.9991 -0.0367
vn 0.4267 0.5648 -0.7063
vn -0.4786 0.8777 -0.0219
vn 0.1753 -0.6149 -0.7689
vn 0.0426 -0.9966 -0.0705
vn -0.2899 -0.9570 -0.0109
vn 0.0049 -0.9999 0.0135
vn 0.5592 -0.0000 0.8290
vn 0.1408 -0.9896 0.0285
vn 0.9936 -0.0000 0.1128
vn 0.1408 0.9896 0.0285
vn 0.0049 0.9999 0.0135
vn -0.7935 -0.0000 0.6086
vn -0.7419 0.6700 0.0260
vn -0.9163 -0.4003 0.0156
vn 0.2020 -0.9791 0.0237
vn 0.9751 -0.0000 0.2218
vn 0.2020 0.9791 0.0237
vn -0.0222 -0.9991 -0.0367
vn -0.4267 -0.5648 -0.7063
vn 0.4786 -0.8777 -0.0219
vn -0.1753 0.6149 -0.7689
vn -0.0426 0.9966 -0.0705
vn 0.2899 0.9570 -0.0109
vn -0.0049 0.9999 0.0135
vn -0.5593 -0.0000 0.8289
vn -0.1408 0.9896 0.0284
vn -0.9936 -0.0000 0.1128
vn -0.1408 -0.9896 0.0285
vn -0.0049 -0.9999 0.0135
vn 0.7935 -0.0000 0.6086
vn 0.7419 -0.6700 0.0260
vn 0.9163 0.4003 0.0156
vn -0.2020 0.9791 0.0237
vn -0.9751 -0.0000 0.2218
vn -0.2020 -0.9791 0.0237
vn -0.0000 0.5963 0.8028
vn -0.0000 0.4589 -0.8885
vn -0.9981 0.0610 -0.0000
vn -0.0000 0.0361 -0.9993
vn 0.9981 0.0610 -0.0000
vn -0.0000 0.2538 0.9673
vn 0.9906 0.1345 -0.0237
vn 0.3925 -0.9058 0.1597
vn 0.9835 -0.1784 0.0315
vn -0.0000 -0.9848 0.1736
vn 0.7319 0.6710 -0.1183
vn 0.7319 0.6710 -0.1184
vn -0.0000 0.9848 -0.1736
vn -0.3925 -0.9058 0.1597
vn -0.9835 -0.1784 0.0315
vn -0.9906 0.1345 -0.0237
vn -0.7319 0.6710 -0.1184
vn -0.6090 0.4060 -0.6813
vn -0.6206 0.4118 -0.6673
vn -0.6205 0.4117 -0.6674
vn -0.6295 0.4162 -0.6561
vn -0.6250 0.6229 0.4706
vn -0.6206 0.6152 0.4863
vn -0.6171 0.6092 0.4981
vn -0.0035 0.8067 0.5910
vn -0.0018 0.8109 0.5852
vn -0.0018 0.8108 0.5853
vn -0.0000 0.8150 0.5795
vn -0.0036 0.5676 -0.8233
vn -0.0018 0.5618 -0.8273
vn -0.0000 0.5561 -0.8311
vn 0.0103 -0.9208 -0.3899
vn 0.0049 -0.9084 -0.4180
vn -0.0000 -0.8962 -0.4436
vn 0.0110 -0.8058 0.5921
vn 0.0054 -0.8194 0.5732
vn 0.0054 -0.8194 0.5733
vn -0.0000 -0.8322 0.5544
vn -0.7855 -0.3401 -0.5171
vn -0.8173 -0.3472 -0.4600
vn -0.8522 -0.3539 -0.3854
vn -0.9159 -0.2081 0.3434
vn -0.8577 -0.1840 0.4801
vn -0.7837 -0.1570 0.6010
vn 0.6090 0.6146 0.5014
vn 0.6205 0.6152 0.4863
vn 0.6206 0.6152 0.4863
vn 0.6296 0.6155 0.4742
vn 0.6249 0.4244 -0.6552
vn 0.6206 0.4117 -0.6674
vn 0.6206 0.4118 -0.6673
vn 0.6171 0.4021 -0.6764
vn 0.0035 0.5559 -0.8312
vn 0.0018 0.5618 -0.8273
vn -0.0000 0.5677 -0.8233
vn 0.0036 0.8150 0.5795
vn 0.0018 0.8109 0.5852
vn -0.0000 0.8068 0.5908
vn -0.0112 -0.8333 0.5527
vn -0.0054 -0.8193 0.5733
vn -0.0054 -0.8194 0.5732
vn -0.0000 -0.8058 0.5922
vn -0.0099 -0.8962 -0.4435
vn -0.0049 -0.9084 -0.4181
vn -0.0000 -0.9198 -0.3923
vn 0.7883 -0.1176 0.6040
vn 0.8577 -0.1840 0.4801
vn 0.9015 -0.2389 0.3608
vn 0.8617 -0.3359 -0.3804
vn 0.8173 -0.3472 -0.4600
vn 0.8173 -0.3472 -0.4599
vn 0.7837 -0.3531 -0.5110
vn 0.3635 -0.9286 0.0743
vn 0.3221 -0.9354 0.1461
vn 0.6865 -0.7217 0.0881
vn 0.6567 -0.7375 0.1577
vn 0.9095 -0.3997 0.1143
vn 0.8851 -0.4300 0.1779
vn 0.9886 -0.0334 0.1468
vn 0.9764 -0.0637 0.2063
vn 0.9248 0.3329 0.1842
vn 0.9212 0.3065 0.2398
vn 0.7260 0.6514 0.2206
vn 0.7293 0.6273 0.2731
vn 0.4152 0.8752 0.2482
vn 0.4291 0.8524 0.2989
vn 0.3879 -0.9209 0.0379
vn 0.7115 -0.7015 0.0406
vn 0.9234 -0.3803 0.0521
vn 0.9969 -0.0159 0.0768
vn 0.9191 0.3680 0.1408
vn 0.6807 0.7035 0.2040
vn 0.3422 0.9084 0.2403
vn 0.7873 -0.6165 0.0015
vn 0.5092 -0.8605 0.0127
vn 0.9359 -0.3522 0.0061
vn 0.9957 -0.0905 0.0182
vn 0.9897 0.1348 0.0473
vn 0.8618 0.4919 0.1238
vn 0.5868 0.7826 0.2079
vn 0.8186 -0.5743 0.0016
vn 0.7426 -0.6697 0.0009
vn 0.5378 -0.8431 -0.0031
vn 0.4156 -0.9095 0.0052
vn 0.9268 -0.3756 0.0011
vn 0.9097 -0.4153 -0.0025
vn 0.9916 -0.1294 0.0026
vn 0.9926 -0.1217 -0.0027
vn 0.9929 0.1184 -0.0136
vn 0.9997 0.0250 0.0052
vn 0.1324 0.9884 0.0748
vn 0.5906 0.8054 0.0495
vn 0.9602 0.2790 -0.0132
vn 0.9569 0.2895 0.0243
vn 0.3829 -0.9237 0.0160
vn 0.1103 -0.9924 0.0538
vn 0.6628 -0.7452 0.0738
vn 0.7372 -0.6756 0.0127
vn 0.5469 0.8254 -0.1401
vn 0.7495 0.6538 -0.1039
vn 0.4382 0.8756 -0.2033
vn 0.7832 0.5927 -0.1881
vn 0.1890 0.9797 -0.0662
vn 0.8814 0.3221 -0.3455
vn 0.6315 0.7752 -0.0116
vn 0.9606 0.2643 -0.0853
vn -0.5395 0.8406 0.0490
vn -0.2016 0.9772 -0.0673
vn -0.0844 0.9960 -0.0281
vn 0.4291 -0.6043 0.6713
vn 0.0014 -0.9697 0.2441
vn 0.0240 -0.9947 0.1001
vn -0.0876 -0.9901 0.1093
vn 0.9297 0.3683 0.0093
vn 0.8837 -0.1811 0.4316
vn 0.8009 -0.5933 0.0809
vn 0.5622 -0.8240 0.0706
vn -0.9739 -0.1389 0.1795
vn -0.8686 -0.4572 0.1910
vn -0.5808 -0.7951 0.1747
vn -0.4162 -0.8974 0.1465
vn 0.1667 0.9848 -0.0495
vn 0.0701 0.9956 -0.0617
vn -0.6399 -0.6799 0.3580
vn 0.6467 -0.5943 0.4782
vn 0.9991 -0.0287 0.0305
vn 0.0541 -0.9968 0.0595
vn 0.4662 -0.8844 0.0248
vn 0.6918 0.7219 0.0186
vn 0.5172 0.8554 -0.0289
vn 0.2871 0.9578 0.0105
vn 0.2845 0.9577 0.0426
vn 0.5343 -0.8307 0.1563
vn 0.9192 -0.3850 0.0828
vn 0.6455 -0.7546 0.1182
vn 0.9553 -0.2892 0.0608
vn 0.6622 -0.7418 0.1061
vn 0.8715 -0.4812 0.0943
vn 0.5352 -0.8335 0.1374
vn 0.9958 -0.0882 -0.0225
vn 0.9209 -0.3895 0.0124
vn 0.8383 0.5323 0.1181
vn 0.9202 -0.3377 0.1979
vn 0.8247 0.5632 0.0516
vn 0.5689 0.8222 0.0186
vn 0.2384 0.9711 -0.0137
vn 0.5695 0.8217 0.0233
vn 0.3457 0.9173 0.1975
vn -0.3611 -0.9324 0.0134
vn 0.0828 0.9936 -0.0764
vn 0.7969 -0.6033 -0.0315
vn 0.9964 -0.0803 -0.0256
vn 0.8025 -0.5963 -0.0186
vn 0.9943 -0.1020 -0.0317
vn 0.0854 0.9956 -0.0388
vn 0.0536 0.9974 -0.0491
vn -0.7732 -0.6338 0.0210
vn 0.0505 0.9986 -0.0179
vn 0.1140 0.9933 0.0171
vn 0.2033 0.9661 0.1592
vn 0.2612 -0.9174 0.3002
vn 0.4577 -0.8588 0.2302
vn 0.9093 -0.4160 -0.0048
vn 0.0046 -0.9993 0.0372
vn 0.1109 -0.9928 0.0458
vn -0.8425 -0.4775 0.2494
vn 0.8015 -0.5956 0.0532
vn -0.7960 -0.5560 0.2394
vn 0.9792 -0.1911 0.0684
vn 0.9311 0.2372 0.2771
vn 0.6134 0.7744 0.1551
vn 0.5612 0.8257 0.0562
vn 0.3377 0.9327 0.1264
vn 0.1681 0.9834 0.0683
vn 0.3488 -0.9031 0.2504
vn 0.4930 -0.8340 0.2478
vn 0.7684 -0.5465 0.3331
vn 0.0092 -0.9979 0.0646
vn 0.6853 -0.7282 0.0031
vn 0.9601 -0.2027 0.1925
vn -0.1271 -0.9878 0.0895
vn 0.0604 0.9788 0.1957
vn -0.2333 0.9534 0.1914
vn 0.7029 0.5592 0.4395
vn -0.6646 0.2228 0.7132
vn -0.7198 -0.0023 0.6941
vn 0.5352 -0.0182 0.8445
vn 0.8404 -0.3854 0.3812
vn -0.6388 -0.5155 0.5712
vn 0.1294 0.9902 -0.0517
vn 0.1948 0.9795 -0.0516
vn 0.1788 0.9829 -0.0441
vn 0.0574 0.9917 0.1154
vn -0.1360 0.9879 0.0749
vn 0.9522 0.3014 -0.0500
vn 0.8391 0.5399 -0.0659
vn 0.7128 0.6955 -0.0908
vn -0.5996 0.7128 0.3639
vn -0.2918 -0.9552 -0.0487
vn 0.0985 0.9932 -0.0616
vn 0.0497 0.9967 -0.0636
vn 0.7220 -0.6854 -0.0944
vn 0.9656 -0.2529 -0.0611
vn 0.0022 0.9986 -0.0527
vn 0.0142 0.9993 -0.0351
vn -0.1516 -0.9872 -0.0491
vn 0.0272 -0.9993 -0.0258
vn -0.0264 -0.9996 0.0109
vn -0.3232 -0.9463 0.0059
vn -0.3844 -0.9210 -0.0629
vn -0.6274 -0.7785 0.0141
vn -0.6694 -0.7397 -0.0694
vn 0.3620 -0.9289 -0.0782
vn 0.4047 -0.9142 -0.0184
vn 0.0713 -0.9974 0.0059
vn 0.1559 -0.9863 -0.0540
vn 0.2500 0.9500 -0.1873
vn -0.0701 -0.9969 -0.0343
vn 0.0126 0.9980 -0.0614
vn 0.0045 -0.9998 -0.0185
vn 0.4888 -0.8724 0.0025
vn 0.4104 -0.8147 0.4096
vn 0.5720 -0.8200 -0.0210
vn 0.1513 -0.9884 0.0129
vn 0.7600 -0.6498 -0.0126
vn 0.7222 -0.6891 0.0599
vn -0.8867 -0.4438 -0.1295
vn -0.0853 -0.9584 -0.2723
vn -0.9890 -0.0707 -0.1295
vn -0.9897 0.0607 -0.1296
vn -0.6494 -0.7494 -0.1295
vn -0.6548 -0.7402 -0.1529
vn -0.3132 -0.9408 -0.1295
vn -0.3581 -0.9241 -0.1335
vn 0.0707 -0.9890 -0.1295
vn -0.0359 -0.9920 -0.1206
vn 0.4438 -0.8867 -0.1295
vn 0.2852 -0.9488 -0.1358
vn 0.7494 -0.6494 -0.1295
vn 0.6487 -0.7441 -0.1597
vn 0.9161 -0.3794 -0.1299
vn 0.2905 -0.9533 -0.0832
vn 0.9728 -0.1935 -0.1274
vn 0.8247 0.5510 -0.1273
vn 0.7549 0.6430 -0.1292
vn 0.8289 0.5539 -0.0786
vn 0.7343 0.6746 -0.0757
vn 0.5869 0.7999 -0.1254
vn 0.3882 0.9129 -0.1260
vn 0.5688 0.8184 -0.0817
vn 0.4125 0.9064 -0.0909
vn 0.2352 0.9622 -0.1377
vn 0.0299 0.9897 -0.1398
vn 0.2034 0.9744 -0.0957
vn -0.0511 0.9935 -0.1019
vn -0.1829 0.9744 -0.1306
vn -0.3782 0.9168 -0.1284
vn -0.2115 0.9729 -0.0938
vn -0.3955 0.9140 -0.0901
vn -0.5828 0.8077 -0.0898
vn -0.5573 0.8205 -0.1273
vn -0.6727 0.7286 -0.1286
vn -0.8091 0.5735 -0.1281
vn -0.7139 0.6952 -0.0839
vn -0.8327 0.5499 -0.0654
vn -0.9484 0.2898 -0.1290
vn 0.2477 0.9511 -0.1846
vn 0.1406 0.9896 -0.0299
vn 0.2313 0.9727 0.0188
vn 0.1085 0.9930 -0.0467
vn 0.2150 0.9733 -0.0801
vn 0.7198 0.6934 -0.0325
vn 0.7639 0.6442 -0.0390
vn 0.4015 0.9143 -0.0543
vn 0.5647 0.8244 -0.0371
vn 0.2030 0.9786 -0.0353
vn -0.0335 0.9975 -0.0630
vn -0.2027 0.9785 -0.0372
vn -0.3450 0.9369 -0.0565
vn -0.5521 0.8328 -0.0406
vn -0.7223 0.6907 -0.0344
vn -0.7710 0.6357 -0.0366
vn 0.0362 0.9991 -0.0230
vn 0.1938 0.9705 0.1436
vn 0.3074 -0.8885 0.3406
vn 0.0529 -0.9945 0.0907
vn 0.0384 0.9982 -0.0451
vn 0.0344 0.9988 -0.0337
vn 0.0441 0.9964 -0.0729
vn 0.8085 0.5881 -0.0217
vn -0.0480 -0.9979 -0.0436
vn -0.0304 -0.9994 -0.0140
vn -0.0177 -0.9998 -0.0091
vn 0.0804 -0.9968 0.0014
vn 0.8412 -0.5392 0.0407
vn 0.6788 -0.7317 0.0628
vn 0.6250 -0.7779 0.0657
vn 0.9711 0.2294 -0.0663
vn 0.8959 0.4438 0.0209
vn 0.7769 -0.6295 -0.0110
vn 0.6098 -0.7911 -0.0477
vn 0.9274 0.3122 -0.2060
vn 0.9973 0.0590 -0.0440
vn 0.7825 -0.6186 -0.0706
vn 0.6801 -0.7298 -0.0691
vn -0.7961 -0.5899 -0.1349
vn -0.0147 -0.9975 -0.0692
vn -0.4091 -0.3862 -0.8268
vn -0.2912 0.9433 -0.1593
vn -0.0658 0.9873 -0.1449
vn -0.2547 0.9564 -0.1431
vn 0.2042 0.9678 0.1472
vn 0.3068 0.9517 0.0075
vn 0.0505 0.9984 -0.0237
vn 0.1598 0.9842 -0.0766
vn 0.2603 -0.9512 -0.1659
vn 0.7212 -0.6712 -0.1713
vn 0.2187 0.9746 -0.0474
vn 0.9585 -0.2833 0.0327
vn -0.0428 0.9924 -0.1150
vn 0.1457 0.9873 -0.0635
vn 0.2949 0.9541 0.0532
vn -0.5714 0.8089 -0.1381
vn -0.4256 0.8995 -0.0984
vn -0.7707 0.6278 -0.1095
vn -0.9714 0.2293 0.0611
vn -0.5302 0.8458 -0.0596
vn -0.9944 0.1044 -0.0152
vn 0.2049 0.9787 0.0149
vn 0.8170 0.0550 0.5740
vn 0.7742 0.6325 0.0247
vn 0.7486 0.6624 0.0268
vn 0.5816 0.8124 0.0420
vn 0.3948 0.9185 0.0220
vn 0.1966 0.9798 0.0377
vn -0.0224 0.9995 0.0207
vn -0.2004 0.9790 0.0363
vn -0.4091 0.9121 0.0274
vn -0.5808 0.8135 0.0294
vn -0.6929 0.7209 0.0142
vn -0.5219 0.8529 -0.0112
vn 0.7159 0.6961 0.0548
vn 0.6031 0.7960 0.0513
vn 0.6660 0.7450 0.0378
vn 0.5231 0.8518 0.0293
vn 0.5837 0.8093 0.0658
vn 0.3877 0.9194 0.0665
vn 0.1999 0.9772 0.0712
vn -0.0079 0.9978 0.0664
vn -0.2004 0.9776 0.0651
vn -0.3555 0.9330 0.0562
vn -0.4807 0.8753 0.0526
vn -0.5559 0.8306 0.0337
vn -0.3498 0.9368 -0.0071
vn -0.3580 0.9329 0.0397
vn 0.4314 0.9020 0.0178
vn 0.5169 0.8545 0.0512
vn 0.4697 0.8792 0.0800
vn 0.2721 0.9555 0.1138
vn 0.0030 0.9898 0.1422
vn 0.1777 0.9761 0.1248
vn -0.4413 0.8929 0.0896
vn -0.3441 0.9327 0.1078
vn 0.1868 0.9783 0.0895
vn 0.3301 0.9411 0.0730
vn 0.1189 0.9845 0.1292
vn -0.1206 0.9827 0.1408
vn -0.0345 0.9905 0.1330
vn -0.2454 0.9580 0.1481
vn 0.4044 -0.8950 0.1880
vn 0.4365 -0.8699 0.2297
vn 0.7129 -0.6692 0.2096
vn 0.7311 -0.6320 0.2569
vn 0.9072 -0.3440 0.2421
vn 0.9072 -0.3006 0.2943
vn 0.9593 0.0273 0.2810
vn 0.9396 0.0687 0.3354
vn 0.8652 0.3858 0.3202
vn 0.8288 0.4166 0.3736
vn 0.6440 0.6786 0.3532
vn 0.5979 0.6926 0.4035
vn 0.3319 0.8657 0.3747
vn 0.2848 0.8609 0.4216
vn 0.2765 0.9262 0.2563
vn 0.4229 0.9062 0.0005
vn 0.4869 0.8674 -0.1029
vn 0.3607 0.9255 -0.1155
vn 0.1546 0.9784 -0.1373
vn 0.1825 0.4092 0.8940
vn 0.1688 0.9761 -0.1373
vn 0.2841 0.9491 -0.1357
vn 0.1247 0.9922 0.0062
vn 0.1012 0.5886 0.8021
vn 0.9993 0.0314 0.0223
vn -0.9988 0.0387 0.0291
vn -0.9996 0.0175 -0.0212
vn 0.9997 0.0152 -0.0209
vn -0.9998 0.0150 0.0127
vn -0.9995 0.0004 -0.0308
vn -0.9997 -0.0056 -0.0257
vn 0.9996 -0.0060 -0.0283
vn 0.9997 0.0020 -0.0236
vn 0.9999 0.0133 0.0097
vn 0.0695 0.5873 0.8064
vn -0.0000 0.1464 -0.9892
vn 0.9464 0.3123 -0.0831
vn 0.8195 0.5509 0.1577
vn 0.7780 0.1419 0.6121
vn 0.6825 0.4439 0.5806
vn 0.2111 0.9603 0.1823
vn 0.1546 0.4429 0.8832
vn 0.8339 0.5406 0.1113
vn 0.6209 0.7824 0.0491
vn 0.4556 0.8446 0.2810
vn 0.4727 0.4548 0.7548
vn 0.3483 0.6525 0.6730
vn 0.8878 0.1825 -0.4224
vn 0.9636 -0.0568 0.2612
vn 0.9813 0.0404 -0.1883
vn 0.9611 0.2181 0.1692
vn 0.6547 0.7525 0.0717
vn 0.8376 0.5361 0.1053
vn 0.6258 0.7580 0.1838
vn 0.2229 0.9721 0.0736
vn -0.9192 0.1042 -0.3799
vn -0.9821 -0.1016 0.1586
vn -0.8621 -0.0945 -0.4978
vn -0.9230 -0.3762 -0.0804
vn -0.3608 -0.4994 -0.7877
vn -0.3874 -0.9197 -0.0631
vn -0.2003 -0.7332 -0.6499
vn -0.2152 -0.9594 -0.1822
vn -0.6741 -0.2709 -0.6871
vn -0.7386 -0.6741 0.0074
vn -0.5818 -0.5392 -0.6088
vn -0.5767 -0.7745 -0.2598
vn -0.9256 0.1607 -0.3427
vn -0.9865 0.1606 -0.0336
vn 0.1983 0.6682 -0.7171
vn -0.9711 0.1668 -0.1706
vn 0.5851 0.8083 0.0651
vn -0.8998 0.1077 -0.4228
vn -0.5865 0.6674 -0.4589
vn -0.4128 0.2960 -0.8614
vn 0.2976 0.9344 0.1958
vn 0.4568 0.8785 -0.1399
vn 0.0094 0.9998 -0.0158
vn -0.0449 0.9983 -0.0377
vn 0.1193 0.9922 -0.0361
vn 0.0296 0.9984 0.0481
vn 0.0648 0.9977 -0.0199
vn 0.6767 0.7142 0.1790
vn 0.5571 0.8283 0.0597
vn 0.2874 0.9223 0.2583
vn 0.6563 0.6838 0.3189
vn -0.5412 0.1930 0.8185
vn -0.8428 0.5023 0.1934
vn -0.5854 0.7466 0.3159
vn 0.0096 0.2298 0.9732
vn -0.9690 0.2470 -0.0053
vn -0.0629 0.8773 0.4758
vn -0.9163 0.3780 0.1325
vn 0.1030 0.9940 -0.0382
vn -0.5907 0.8032 0.0767
vn 0.9359 -0.3055 -0.1757
vn 0.5382 -0.0330 -0.8422
vn -0.6423 0.6491 -0.4075
vn 0.6612 -0.1949 -0.7244
vn 0.0906 0.9931 -0.0740
vn 0.1872 0.9784 -0.0876
vn 0.2254 0.9742 -0.0062
vn 0.1826 0.9831 0.0099
vn -0.1016 0.9896 -0.1020
vn 0.9728 0.1935 -0.1274
vn 0.9233 0.3616 -0.1293
vn 0.1966 0.9805 0.0048
vn 0.0836 0.6219 -0.7787
vn 0.3373 0.6307 -0.6988
vn 0.7799 0.5889 -0.2123
vn 0.9020 0.3823 -0.2007
vn 0.1265 0.9307 -0.3433
vn 0.2867 0.8633 -0.4152
vn 0.2274 0.9619 -0.1517
vn 0.3424 0.9379 -0.0563
vn 0.1692 0.9843 -0.0500
vn -0.0067 0.9998 -0.0191
vn -0.0306 0.9983 -0.0498
vn -0.0277 0.9963 -0.0814
vn -0.2293 0.9727 -0.0351
vn -0.1332 0.9888 -0.0675
vn 0.2169 0.4012 -0.8899
vn -0.0079 0.0495 0.9987
vn 0.1557 0.9874 0.0275
vn 0.1267 0.9895 0.0700
vn -0.0036 0.9982 -0.0590
vn 0.0879 0.9935 -0.0729
vn 0.1205 0.9925 0.0190
vn 0.1619 0.9868 -0.0093
vn 0.0833 0.9959 0.0367
vn 0.0709 0.9957 -0.0593
vn 0.0339 0.9982 0.0487
vn 0.0301 0.9987 -0.0413
vn -0.0283 -0.9980 -0.0562
vn 0.4878 -0.8659 -0.1106
vn 0.0197 0.9969 -0.0767
vn 0.7024 -0.7097 0.0541
vn 0.5149 -0.8572 -0.0057
vn 0.1239 -0.9923 0.0089
vn 0.0121 -0.9998 0.0144
vn -0.0399 -0.9991 0.0144
vn -0.0488 -0.9987 0.0149
vn 0.0120 -0.9998 0.0145
vn -0.4227 -0.9061 0.0193
vn 0.0118 -0.9998 0.0144
vn 0.1642 -0.9864 0.0063
vn 0.2114 -0.9774 0.0050
vn 0.5057 -0.8627 -0.0047
vn 0.5334 -0.8458 -0.0063
vn 0.7653 -0.6435 -0.0166
vn 0.9959 -0.0850 -0.0321
vn 0.2418 -0.9163 -0.3193
vn -0.1503 -0.9320 -0.3299
vn 0.9931 -0.0000 -0.1171
vn -0.9997 -0.0001 -0.0254
vn 0.9996 -0.0000 0.0292
vn 0.4818 -0.6761 0.5575
vn -0.9742 -0.0000 0.2255
vn -0.8066 -0.5844 0.0892
vn -0.8362 -0.4227 0.3496
vn -0.0060 -0.0008 1.0000
vn -0.9768 -0.0084 0.2140
vn 0.9743 -0.0000 0.2255
vn 0.4445 -0.8264 0.3457
vn 0.7151 -0.0000 0.6990
vn 0.2569 -0.9603 0.1092
vn 0.3308 -0.0000 0.9437
vn -0.8933 -0.4305 0.1289
vn -0.7701 0.0004 -0.6379
vn -0.9987 -0.0000 0.0516
vn -0.9992 -0.0026 -0.0411
vn -0.4544 -0.8837 -0.1123
vn -0.8855 -0.0000 0.4647
vn 0.9322 0.3261 -0.1567
vn 0.9744 0.1550 -0.1632
vn 0.7785 0.6239 -0.0690
vn 0.8149 0.3904 0.4284
vn 0.7842 0.6085 -0.1214
vn 0.9713 0.0815 0.2234
vn -0.8585 -0.4957 0.1315
vn -0.7591 0.6359 0.1392
vn 0.1712 0.9754 0.1392
vn 0.9303 0.3394 0.1392
vn 0.7591 -0.6359 0.1392
vn -0.9219 -0.3860 0.0332
vn -0.7611 -0.6360 -0.1275
vn -0.1041 -0.9935 0.0450
vn 0.1703 -0.9771 -0.1276
vn -0.8348 0.5491 0.0399
vn -0.9313 0.3411 -0.1275
vn 0.0581 0.9975 0.0399
vn -0.1703 0.9771 -0.1275
vn 0.8929 0.4484 0.0399
vn 0.7610 0.6360 -0.1275
vn 0.8348 -0.5491 0.0399
vn 0.9313 -0.3411 -0.1275
vn -0.9172 -0.3966 0.0393
vn -0.7603 -0.6294 -0.1608
vn -0.0916 -0.9945 0.0512
vn 0.1649 -0.9731 -0.1608
vn -0.8462 0.5308 0.0463
vn -0.9252 0.3438 -0.1608
vn 0.0366 0.9983 0.0463
vn -0.1649 0.9731 -0.1608
vn 0.8828 0.4674 0.0463
vn 0.7603 0.6294 -0.1608
vn 0.8462 -0.5308 0.0463
vn 0.9252 -0.3437 -0.1608
vn 0.5963 -0.0001 0.8028
vn 0.4589 -0.0000 -0.8885
vn 0.0505 0.9987 0.0001
vn 0.0361 -0.0000 -0.9993
vn 0.0505 -0.9987 0.0001
vn 0.2538 -0.0000 0.9673
vn 0.3420 0.9351 0.0924
vn 0.7690 -0.2799 -0.5747
vn 0.3926 0.9172 -0.0677
vn 0.0339 -0.0123 -0.9993
vn -0.2888 -0.9550 -0.0677
vn -0.3391 -0.9362 0.0924
vn 0.2990 -0.1088 0.9480
vn 0.9325 -0.3394 0.1233
vn -0.9086 0.3307 0.2552
vn 0.2520 -0.5404 0.8028
vn 0.1940 -0.4159 -0.8885
vn 0.9265 0.3763 0.0001
vn 0.0152 -0.0327 -0.9993
vn -0.8838 -0.4679 0.0001
vn 0.1072 -0.2300 0.9673
vn -0.7557 -0.0000 -0.6550
vn 0.9993 -0.0000 -0.0380
vn 0.7289 -0.2638 -0.6318
vn 0.9390 -0.3439 -0.0077
vn -1.0000 0.0013 -0.0083
vn -0.9463 -0.3216 -0.0318
vn -0.9981 0.0472 0.0394
vn -0.9427 -0.3335 0.0109
vn 0.5651 0.6328 0.5294
vn -0.6482 0.4929 0.5804
vn 0.9999 0.0127 0.0116
vn 0.9664 -0.2549 0.0336
vn -0.1753 -0.6148 -0.7689
vn -0.4267 0.5648 -0.7063
vn 0.4786 0.8777 -0.0219
vn -0.0222 0.9991 -0.0367
vn 0.2899 -0.9570 -0.0109
vn -0.0426 -0.9966 -0.0705
vn -0.5589 -0.0000 0.8292
vn -0.1408 0.9896 0.0285
vn 0.7419 0.6700 0.0260
vn 0.9163 -0.4003 0.0156
vn 0.1753 0.6148 -0.7689
vn 0.4267 -0.5648 -0.7063
vn -0.4786 -0.8777 -0.0219
vn 0.0222 -0.9991 -0.0367
vn -0.2899 0.9570 -0.0109
vn 0.0426 0.9966 -0.0705
vn 0.5593 -0.0000 0.8289
vn -0.7419 -0.6700 0.0260
vn -0.9163 0.4003 0.0156
vn 0.6295 0.4162 -0.6561
vn 0.6205 0.4117 -0.6674
vn 0.6090 0.4060 -0.6813
vn 0.6171 0.6092 0.4981
vn 0.6250 0.6229 0.4706
vn 0.0018 0.8108 0.5853
vn 0.0035 0.8067 0.5910
vn 0.0036 0.5676 -0.8233
vn -0.0049 -0.9084 -0.4180
vn -0.0103 -0.9208 -0.3899
vn -0.0054 -0.8194 0.5733
vn -0.0110 -0.8057 0.5922
vn 0.8522 -0.3539 -0.3854
vn 0.7855 -0.3401 -0.5170
vn 0.7837 -0.1570 0.6010
vn 0.9158 -0.2080 0.3434
vn -0.6296 0.6155 0.4742
vn -0.6205 0.6152 0.4863
vn -0.6090 0.6146 0.5014
vn -0.6171 0.4021 -0.6764
vn -0.6206 0.4117 -0.6674
vn -0.6249 0.4244 -0.6552
vn -0.0035 0.5559 -0.8312
vn -0.0017 0.8108 0.5853
vn -0.0036 0.8150 0.5795
vn 0.0112 -0.8333 0.5526
vn 0.0049 -0.9084 -0.4181
vn 0.0099 -0.8962 -0.4435
vn -0.9015 -0.2389 0.3607
vn -0.7883 -0.1176 0.6040
vn -0.7837 -0.3531 -0.5110
vn -0.8173 -0.3471 -0.4599
vn -0.8617 -0.3359 -0.3804
vn -0.0000 -0.4589 -0.8885
vn -0.0000 -0.5963 0.8028
vn -0.9910 -0.1341 0.0001
vn -0.0000 -0.0361 -0.9993
vn 0.9910 -0.1341 0.0001
vn -0.0000 -0.2538 0.9673
vn 0.9047 -0.4259 0.0092
vn 0.1416 -0.9899 0.0074
vn 0.7559 -0.6545 -0.0162
vn -0.1884 -0.9787 -0.0811
vn 0.8212 0.5706 0.0092
vn 0.9418 0.3263 -0.0811
vn -0.0835 0.9965 0.0092
vn 0.1889 0.9819 -0.0162
vn -0.9047 0.4259 0.0092
vn -0.7534 0.6525 -0.0811
vn -0.7995 -0.6006 0.0106
vn -0.9448 -0.3273 -0.0162
vn -0.0000 -0.9993 0.0377
vn 0.9469 -0.3187 0.0434
vn 0.7494 0.6606 0.0434
vn -0.1974 0.9794 0.0434
vn -0.9469 0.3187 0.0434
vn -0.8646 -0.4992 0.0577
vn -0.0000 -0.9789 0.2045
vn 0.9210 -0.3272 0.2115
vn 0.7439 0.6340 0.2115
vn -0.1771 0.9612 0.2115
vn -0.9210 0.3273 0.2115
vn -0.8418 -0.4860 0.2349
vn -0.1682 -0.9464 -0.2756
vn -0.3064 -0.9516 0.0234
vn -0.6390 -0.7692 -0.0082
vn -0.7482 -0.6632 0.0189
vn -0.9378 -0.3399 -0.0705
vn -0.9773 -0.2104 0.0234
vn -0.9856 0.1688 -0.0082
vn -0.9485 0.3163 0.0189
vn -0.7355 0.6189 -0.2756
vn -0.6709 0.7412 0.0234
vn -0.3467 0.9380 -0.0082
vn -0.2003 0.9795 0.0189
vn 0.1746 0.9821 -0.0705
vn 0.3064 0.9516 0.0234
vn 0.6390 0.7692 -0.0082
vn 0.7482 0.6633 0.0189
vn 0.9038 0.3275 -0.2756
vn 0.9773 0.2104 0.0234
vn 0.9856 -0.1688 -0.0082
vn 0.9485 -0.3163 0.0189
vn 0.7633 -0.6422 -0.0705
vn 0.6663 -0.7452 0.0253
vn 0.3467 -0.9380 -0.0082
vn 0.1902 -0.9816 0.0167
vn -0.7925 -0.5954 0.1319
vn -0.2789 -0.9538 0.1119
vn -0.9119 0.3886 0.1319
vn -0.9654 -0.2354 0.1119
vn -0.1194 0.9841 0.1319
vn -0.6866 0.7184 0.1119
vn 0.7925 0.5954 0.1319
vn 0.2789 0.9538 0.1119
vn 0.9119 -0.3886 0.1319
vn 0.9654 0.2354 0.1119
vn 0.2221 -0.9674 0.1217
vn 0.7826 -0.6100 0.1247
vn -0.8185 -0.4252 0.3864
vn -0.0409 -0.9214 0.3864
vn -0.7775 0.4962 0.3864
vn 0.0410 0.9214 0.3864
vn 0.8185 0.4252 0.3864
vn 0.7775 -0.4962 0.3864
vn -0.0118 -0.9998 0.0144
vn -0.0122 -0.9998 0.0132
vn -0.0369 -0.9992 0.0121
vn -0.0121 -0.9998 0.0134
vn -0.0808 -0.9967 0.0102
vn -0.2540 -0.9672 0.0033
vn -0.2447 -0.9696 0.0026
vn 0.0799 0.9966 0.0217
vn 0.0068 1.0000 -0.0030
vn 0.0251 0.9995 -0.0181
vn 0.0121 0.9998 -0.0135
vn -0.1187 0.9895 -0.0822
vn 0.0230 0.9989 0.0405
vn 0.0352 0.9992 -0.0210
vn 0.0003 0.0107 0.9999
vn 0.0006 0.0073 1.0000
vn 0.9999 -0.0118 -0.0050
vn 0.9999 -0.0119 -0.0050
vn -0.8848 0.0260 -0.4652
vn -0.8855 0.0038 -0.4647
vn 0.0187 -0.0146 -0.9997
vn 0.0187 -0.0145 -0.9997
vn -0.9595 0.2004 -0.1980
vn -0.9688 0.2464 0.0263
vn 0.0152 -0.9998 0.0133
vn 0.3618 -0.9321 0.0163
vn 0.0754 -0.9971 0.0138
vn 0.4728 -0.8809 0.0185
vn 0.5659 -0.8243 0.0190
vn 0.5622 -0.8268 0.0184
vn -0.0117 -0.9998 0.0133
vn -0.0116 -0.9998 0.0134
vn -0.0066 0.9994 -0.0334
vn -0.0720 0.9974 0.0077
vn -0.3565 0.9334 -0.0401
vn -0.4764 0.8792 0.0041
vn -0.4787 0.8770 -0.0414
vn -0.2040 0.9789 0.0099
vn 0.0121 0.9999 0.0064
vn 0.0183 0.9993 -0.0318
vn -0.0062 0.0157 0.9999
vn -0.0002 0.0143 0.9999
vn 0.3283 0.0331 -0.9440
vn 0.2746 0.1169 -0.9544
vn 0.8014 0.5504 0.2343
vn 0.8242 0.5643 -0.0477
vn 0.3314 -0.0001 -0.9435
vn -0.9999 0.0119 0.0050
vn -0.9999 0.0118 0.0050
vn 0.0002 0.0133 0.9999
vn -0.2206 -0.9754 0.0048
vn -0.1038 -0.9945 0.0099
vn -0.2253 -0.9743 0.0037
vn -0.0120 -0.9998 0.0144
vn -0.0826 0.9957 -0.0421
vn 0.1168 0.9930 0.0183
vn 0.1011 0.9943 -0.0344
vn 0.1248 0.9919 0.0255
vn 0.0094 0.9999 -0.0126
vn 0.1443 0.9892 -0.0269
vn 0.0498 0.9980 -0.0386
vn -0.9287 0.3685 0.0428
vn -0.8436 0.3848 -0.3745
vn -0.7576 0.1382 0.6379
vn -0.0064 -0.0110 -0.9999
vn -0.0187 0.0145 0.9997
vn -0.0187 0.0146 0.9997
vn 0.9746 -0.0147 -0.2234
vn 0.9955 -0.0130 -0.0937
vn -0.7736 0.0377 0.6326
vn 0.0808 -0.9967 0.0102
vn 0.0121 -0.9998 0.0134
vn 0.0369 -0.9992 0.0121
vn 0.0121 -0.9998 0.0136
vn 0.0119 -0.9998 0.0143
vn 0.2447 -0.9696 0.0026
vn 0.2540 -0.9672 0.0033
vn 0.1188 0.9895 -0.0821
vn -0.0120 0.9998 -0.0135
vn -0.0251 0.9995 -0.0181
vn -0.0117 0.9999 -0.0030
vn -0.0801 0.9966 0.0217
vn -0.0352 0.9992 -0.0210
vn -0.0230 0.9989 0.0405
vn -0.0006 0.0074 1.0000
vn -0.0003 0.0108 0.9999
vn -0.9999 -0.0118 -0.0050
vn -0.9999 -0.0119 -0.0050
vn 0.8854 0.0037 -0.4647
vn 0.8848 0.0261 -0.4653
vn -0.0187 -0.0146 -0.9997
vn -0.0187 -0.0145 -0.9997
vn 0.9595 0.2004 -0.1980
vn 0.9670 0.2535 0.0262
vn -0.4729 -0.8810 0.0180
vn -0.3618 -0.9321 0.0163
vn -0.0754 -0.9971 0.0138
vn -0.0152 -0.9998 0.0133
vn -0.5622 -0.8268 0.0184
vn -0.5659 -0.8243 0.0190
vn 0.0116 -0.9998 0.0134
vn 0.0117 -0.9998 0.0133
vn 0.4765 0.8792 0.0041
vn 0.0720 0.9974 0.0077
vn 0.3565 0.9334 -0.0400
vn 0.0067 0.9994 -0.0335
vn 0.2039 0.9789 0.0099
vn 0.4786 0.8770 -0.0414
vn -0.0184 0.9993 -0.0318
vn -0.0071 1.0000 0.0064
vn 0.0002 0.0143 0.9999
vn 0.0063 0.0158 0.9999
vn -0.2745 0.1169 -0.9544
vn -0.3283 0.0329 -0.9440
vn -0.8013 0.5504 0.2343
vn -0.8225 0.5668 -0.0477
vn -0.3314 -0.0002 -0.9435
vn 0.9999 0.0119 0.0050
vn 0.9999 0.0118 0.0050
vn -0.0002 0.0133 0.9999
vn 0.1038 -0.9946 0.0099
vn 0.2253 -0.9743 0.0037
vn 0.2206 -0.9753 0.0048
vn 0.0119 -0.9998 0.0144
vn 0.0120 -0.9998 0.0144
vn -0.1249 0.9918 0.0256
vn -0.1168 0.9930 0.0182
vn -0.1011 0.9943 -0.0344
vn 0.0827 0.9957 -0.0421
vn -0.1444 0.9892 -0.0268
vn -0.0093 0.9999 -0.0127
vn -0.0500 0.9980 -0.0385
vn 0.8442 0.3835 -0.3745
vn 0.9286 0.3685 0.0427
vn 0.7576 0.1383 0.6379
vn 0.0064 -0.0111 -0.9999
vn 0.0187 0.0145 0.9997
vn 0.0187 0.0146 0.9997
vn -0.9955 -0.0132 -0.0937
vn -0.9746 -0.0148 -0.2234
vn 0.7735 0.0377 0.6326
vn -0.0000 -0.9997 0.0232
vn -0.0000 -1.0000 0.0058
vn -0.0310 -0.9977 -0.0596
vn -0.2836 -0.9029 0.3231
vn -0.0000 -0.9367 0.3501
vn -0.6030 -0.7202 0.3431
vn -0.8220 -0.4290 0.3745
vn -0.9079 -0.0805 0.4115
vn -0.8531 0.2679 0.4478
vn -0.6735 0.5638 0.4780
vn -0.4011 0.7684 0.4987
vn -0.0000 0.8659 0.5002
vn 0.2835 -0.9029 0.3231
vn 0.6030 -0.7202 0.3431
vn 0.8220 -0.4291 0.3745
vn 0.9079 -0.0805 0.4115
vn 0.8531 0.2679 0.4478
vn 0.6735 0.5638 0.4781
vn 0.4011 0.7684 0.4987
vn -0.5744 -0.8172 0.0485
vn 0.8701 -0.4875 0.0724
vn -0.7682 -0.6388 0.0419
vn 0.5399 -0.8409 0.0388
vn 0.5053 0.8554 0.1140
vn -0.0994 0.9857 0.1362
vn 1.0000 -0.0031 -0.0003
vn -0.9971 0.0485 0.0593
vn -0.9941 -0.0272 0.1054
vn 0.9930 -0.1174 -0.0099
vn 0.3526 0.9250 0.1419
vn -0.1633 0.9779 0.1303
vn -1.0000 -0.0030 -0.0003
vn 0.9954 0.0715 0.0644
vn 0.9941 -0.0272 0.1054
vn -0.9930 -0.1174 -0.0099
vn 0.7674 -0.6383 -0.0598
vn -0.5330 -0.8425 -0.0789
vn 0.7580 -0.6494 -0.0608
vn -0.5390 -0.8386 -0.0785
vn 0.8901 0.4465 -0.0917
vn -0.1086 0.9845 0.1378
vn 0.3716 0.9272 0.0469
vn 0.1697 0.9851 -0.0293
vn 0.6555 0.7528 0.0602
vn 0.2075 0.9738 0.0928
vn -0.0636 0.9978 -0.0208
vn -0.0000 -0.9872 -0.1595
vn -0.8585 -0.4957 -0.1315
vn -0.7591 0.6359 -0.1392
vn 0.1712 0.9754 -0.1392
vn 0.9303 0.3394 -0.1392
vn 0.7591 -0.6359 -0.1392
vn 0.1703 -0.9771 0.1275
vn -0.7610 -0.6360 0.1275
vn -0.1042 -0.9935 -0.0450
vn -0.9219 -0.3861 -0.0332
vn -0.9313 0.3411 0.1275
vn -0.8348 0.5491 -0.0399
vn -0.1703 0.9771 0.1275
vn 0.0582 0.9975 -0.0399
vn 0.7611 0.6360 0.1275
vn 0.8929 0.4484 -0.0399
vn 0.9313 -0.3411 0.1275
vn 0.8348 -0.5491 -0.0399
vn -0.7611 -0.6360 0.1275
vn -0.1041 -0.9935 -0.0450
vn 0.0581 0.9975 -0.0399
vt 0.997594 -0.054868
vt 0.990868 -0.054864
vt 0.997594 -0.077353
vt 0.988994 -0.077353
vt 0.984620 -0.054849
vt 0.979848 -0.077353
vt 0.973115 -0.054849
vt 0.967336 -0.054817
vt 0.974992 -0.077353
vt 0.967440 -0.077353
vt 0.960528 -0.054764
vt 0.958533 -0.077353
vt 0.953734 -0.054688
vt 0.949625 -0.077353
vt 0.947991 -0.054604
vt 0.942074 -0.077353
vt 0.894793 -0.054604
vt 0.889103 -0.054535
vt 0.898297 -0.077353
vt 0.891005 -0.077353
vt 0.882405 -0.054508
vt 0.882405 -0.077353
vt 0.997594 -0.120494
vt 0.987151 -0.120494
vt 0.975299 -0.120494
vt 0.975191 -0.120494
vt 0.965450 -0.120494
vt 0.953958 -0.120494
vt 0.942468 -0.120494
vt 0.932725 -0.120494
vt 0.902577 -0.120494
vt 0.893323 -0.120494
vt 0.882405 -0.120494
vt 0.986327 -0.177580
vt 0.975232 -0.177580
vt 0.975125 -0.177580
vt 0.964476 -0.177580
vt 0.953017 -0.177580
vt 0.937237 -0.177580
vt 0.922895 -0.177580
vt 0.898014 -0.177580
vt 0.907906 -0.177581
vt 0.986331 -0.234710
vt 0.975137 -0.234710
vt 0.986331 -0.299461
vt 0.975002 -0.314237
vt 0.975029 -0.234710
vt 0.963799 -0.234710
vt 0.974894 -0.314237
vt 0.962812 -0.314237
vt 0.952206 -0.314276
vt 0.952759 -0.234710
vt 0.933075 -0.234710
vt 0.932881 -0.314237
vt 0.922914 -0.234329
vt 0.914984 -0.261219
vt 0.919643 -0.313356
vt 0.912636 -0.287728
vt 0.997594 -0.516628
vt 0.997594 -0.393765
vt 0.986331 -0.516628
vt 0.986331 -0.393765
vt 0.974868 -0.393765
vt 0.975608 -0.457159
vt 0.902531 -0.461207
vt 0.901619 -0.393765
vt 0.898599 -0.461183
vt 0.894309 -0.393765
vt 0.911947 -0.460752
vt 0.923456 -0.459975
vt 0.915470 -0.393765
vt 0.935925 -0.393765
vt 0.909149 -0.393765
vt 0.907395 -0.461021
vt 0.290247 -0.212099
vt 0.290247 -0.197463
vt 0.417034 -0.203192
vt 0.353640 -0.119054
vt 0.290247 -0.110589
vt 0.353640 -0.079173
vt 0.290247 -0.081416
vt 0.672897 -0.379095
vt 0.665668 -0.445306
vt 0.677943 -0.379095
vt 0.684343 -0.505883
vt 0.353640 -0.076216
vt 0.290247 -0.068020
vt 0.353640 -0.072189
vt 0.290247 -0.063766
vt 0.413110 -0.134852
vt 0.413110 -0.139948
vt 0.353640 -0.142779
vt 0.353640 -0.146029
vt 0.716537 -0.505883
vt 0.679939 -0.379095
vt 0.720850 -0.379095
vt 0.353640 -0.123954
vt 0.290247 -0.115292
vt 0.353640 -0.068186
vt 0.290247 -0.059570
vt 0.413110 -0.079079
vt 0.413110 -0.083330
vt 0.334236 -0.012235
vt 0.290247 -0.013254
vt 0.290247 -0.004247
vt 0.730246 -0.379095
vt 0.723123 -0.379095
vt 0.731372 -0.423181
vt 0.721017 -0.423085
vt 0.044044 -0.121697
vt 0.054733 -0.058301
vt 0.051099 -0.119448
vt 0.057081 -0.058301
vt 0.068074 -0.102388
vt 0.060748 -0.119688
vt 0.064976 -0.058302
vt 0.353640 -0.043324
vt 0.413111 -0.050612
vt 0.413111 -0.072135
vt 0.745203 -0.423181
vt 0.739619 -0.379095
vt 0.739393 -0.467267
vt 0.738161 -0.423181
vt 0.732499 -0.467267
vt 0.745178 -0.476702
vt 0.997594 -0.664563
vt 0.988716 -0.664563
vt 0.646547 -0.658058
vt 0.646439 -0.614224
vt 0.644436 -0.614316
vt 0.507215 -0.072867
vt 0.561046 -0.073286
vt 0.511643 -0.076602
vt 0.561046 -0.077132
vt 0.713636 -0.565543
vt 0.680969 -0.563543
vt 0.456890 -0.139627
vt 0.561045 -0.143061
vt 0.413110 -0.144211
vt 0.743440 -0.505883
vt 0.844639 -0.571500
vt 0.844639 -0.593154
vt 0.745401 -0.467267
vt 0.844639 -0.565542
vt 0.489040 -0.053821
vt 0.237595 -0.234840
vt 0.336833 -0.333115
vt 0.237567 -0.269325
vt 0.336833 -0.357328
vt 0.353640 -0.155658
vt 0.035225 -0.012522
vt 0.032309 -0.063583
vt 0.028785 -0.012522
vt 0.026391 -0.063583
vt 0.671974 -0.328035
vt 0.677746 -0.328035
vt 0.734442 -0.379095
vt 0.729269 -0.348659
vt 0.732877 -0.348659
vt 0.727172 -0.348659
vt 0.723610 -0.348659
vt 0.063147 -0.027866
vt 0.059784 -0.027866
vt 0.066435 -0.027866
vt 0.066878 -0.058302
vt 0.413110 -0.104170
vt 0.413110 -0.075587
vt 0.290247 -0.153093
vt 0.290247 -0.156721
vt 0.413110 -0.127518
vt 0.290247 -0.029399
vt 0.020045 -0.126977
vt 0.023274 -0.126977
vt 0.961824 -0.393765
vt 0.975500 -0.457159
vt 0.974759 -0.393765
vt 0.290247 -0.171369
vt 0.193269 -0.420252
vt 0.189141 -0.455877
vt 0.215387 -0.420252
vt 0.218314 -0.455877
vt 0.398526 -0.286219
vt 0.362902 -0.290163
vt 0.398526 -0.282823
vt 0.362902 -0.285397
vt 0.398526 -0.283188
vt 0.362902 -0.285908
vt 0.398526 -0.280231
vt 0.362902 -0.280953
vt 0.189868 -0.417221
vt 0.219144 -0.416857
vt 0.189869 -0.414264
vt 0.219243 -0.414264
vt 0.189990 -0.378734
vt 0.217604 -0.378734
vt 0.725020 -0.536208
vt 0.733502 -0.566532
vt 0.729989 -0.505883
vt 0.997594 -0.299461
vt 0.951652 -0.342704
vt 0.910983 -0.312475
vt 0.908061 -0.352627
vt 0.901041 -0.383179
vt 0.997594 -0.782516
vt 0.992530 -0.782516
vt 0.652063 -0.685846
vt 0.650506 -0.657521
vt 0.644436 -0.685911
vt 0.646582 -0.657610
vt 0.644506 -0.657552
vt 0.678997 -0.069009
vt 0.678997 -0.080513
vt 0.658496 -0.685791
vt 0.662070 -0.657521
vt 0.678997 -0.112677
vt 0.678997 -0.124756
vt 0.561046 -0.127325
vt 0.678997 -0.134682
vt 0.561046 -0.135001
vt 0.678997 -0.138811
vt 0.561046 -0.138789
vt 0.678997 -0.143061
vt 0.678997 -0.089254
vt 0.561046 -0.082078
vt 0.678997 -0.100598
vt 0.561046 -0.090773
vt 0.931905 -0.775585
vt 0.937953 -0.776925
vt 0.931905 -0.746759
vt 0.468135 -0.471821
vt 0.459148 -0.467452
vt 0.467307 -0.465298
vt 0.035100 -0.335758
vt 0.018332 -0.447053
vt 0.020329 -0.329101
vt 0.678997 -0.055023
vt 0.561046 -0.055023
vt 0.068027 -0.146474
vt 0.057227 -0.175778
vt 0.064960 -0.180959
vt 0.750376 -0.167239
vt 0.750376 -0.154565
vt 0.776355 -0.167239
vt 0.776355 -0.154565
vt 0.750376 -0.143004
vt 0.776355 -0.143004
vt 0.750376 -0.129213
vt 0.776355 -0.129213
vt 0.750376 -0.114327
vt 0.776355 -0.114328
vt 0.750376 -0.098806
vt 0.776355 -0.098806
vt 0.750376 -0.084006
vt 0.776355 -0.084006
vt 0.750376 -0.070921
vt 0.776356 -0.070921
vt 0.776356 -0.059586
vt 0.704322 -0.865204
vt 0.707026 -0.839225
vt 0.701247 -0.865204
vt 0.703653 -0.839225
vt 0.696669 -0.865204
vt 0.698067 -0.839225
vt 0.692189 -0.865204
vt 0.693491 -0.839225
vt 0.687487 -0.839225
vt 0.686783 -0.865204
vt 0.681504 -0.839225
vt 0.675289 -0.839225
vt 0.681504 -0.865204
vt 0.675975 -0.865204
vt 0.669518 -0.839225
vt 0.664487 -0.839225
vt 0.670820 -0.865204
vt 0.666288 -0.865204
vt 0.659356 -0.839225
vt 0.655744 -0.839225
vt 0.661762 -0.865204
vt 0.658617 -0.865204
vt 0.750376 -0.179912
vt 0.776355 -0.179912
vt 0.721294 -0.701120
vt 0.726475 -0.695563
vt 0.709535 -0.649894
vt 0.720964 -0.565980
vt 0.706481 -0.768048
vt 0.703653 -0.768783
vt 0.698781 -0.768783
vt 0.693491 -0.768783
vt 0.687814 -0.768783
vt 0.681504 -0.768783
vt 0.675610 -0.768783
vt 0.669518 -0.768783
vt 0.664353 -0.768783
vt 0.655430 -0.768004
vt 0.659356 -0.768783
vt 0.931905 -0.658692
vt 0.931905 -0.668909
vt 0.931905 -0.653950
vt 0.424098 -0.421523
vt 0.424098 -0.435895
vt 0.743433 -0.571211
vt 0.743425 -0.649894
vt 0.743415 -0.756098
vt 0.743419 -0.712765
vt 0.424098 -0.513497
vt 0.424098 -0.543158
vt 0.430147 -0.544498
vt 0.424098 -0.453129
vt 0.237376 -0.417467
vt 0.336833 -0.417467
vt 0.052148 -0.271395
vt 0.062266 -0.329101
vt 0.417035 -0.013697
vt 0.024669 -0.181167
vt 0.041452 -0.176096
vt 0.039815 -0.272118
vt 0.022499 -0.257096
vt 0.137583 -0.801943
vt 0.160150 -0.795483
vt 0.118631 -0.796967
vt 0.160508 -0.774681
vt 0.119347 -0.774834
vt 0.043181 -0.477182
vt 0.011670 -0.518431
vt 0.040176 -0.338147
vt 0.044383 -0.436021
vt 0.201670 -0.774528
vt 0.201670 -0.797037
vt 0.268371 -0.774528
vt 0.287221 -0.793999
vt 0.023404 -0.560825
vt 0.008669 -0.585980
vt 0.329246 -0.779363
vt 0.723978 -0.906306
vt 0.716056 -0.906530
vt 0.731538 -0.966713
vt 0.032766 -0.645921
vt 0.034358 -0.585045
vt 0.975941 -0.704247
vt 0.975113 -0.697724
vt 0.972568 -0.702511
vt 0.971906 -0.698659
vt 0.967274 -0.699613
vt 0.970389 -0.712491
vt 0.973093 -0.716955
vt 0.465287 -0.484528
vt 0.971968 -0.708331
vt 0.975377 -0.710075
vt 0.467572 -0.477649
vt 0.009322 -0.186446
vt 0.049631 -0.337340
vt 0.722511 -0.769489
vt 0.729385 -0.775050
vt 0.733052 -0.767211
vt 0.725012 -0.839137
vt 0.717646 -0.839137
vt 0.716929 -0.871374
vt 0.217578 -0.574442
vt 0.212633 -0.584188
vt 0.206033 -0.523781
vt 0.444438 -0.847748
vt 0.459004 -0.780200
vt 0.435031 -0.780199
vt 0.228754 -0.715444
vt 0.229292 -0.715444
vt 0.228446 -0.723282
vt 0.223651 -0.651357
vt 0.222878 -0.651357
vt 0.220669 -0.565805
vt 0.221307 -0.651357
vt 0.129744 -0.801775
vt 0.716023 -0.702259
vt 0.724097 -0.336723
vt 0.063196 -0.015930
vt 0.703653 -0.722549
vt 0.706030 -0.722414
vt 0.698539 -0.722549
vt 0.693491 -0.722549
vt 0.688039 -0.722549
vt 0.681504 -0.722549
vt 0.675708 -0.722549
vt 0.663567 -0.722549
vt 0.669518 -0.722549
vt 0.655884 -0.721794
vt 0.659356 -0.722549
vt 0.701001 -0.685244
vt 0.703509 -0.685239
vt 0.699028 -0.657480
vt 0.701244 -0.651821
vt 0.685840 -0.657480
vt 0.690865 -0.657480
vt 0.676654 -0.657480
vt 0.681237 -0.657480
vt 0.667842 -0.657498
vt 0.671609 -0.657480
vt 0.660705 -0.685772
vt 0.662258 -0.685759
vt 0.664487 -0.657515
vt 0.696865 -0.626378
vt 0.696062 -0.637271
vt 0.698781 -0.637512
vt 0.695124 -0.657480
vt 0.692602 -0.636019
vt 0.689447 -0.634878
vt 0.685506 -0.634454
vt 0.677701 -0.634463
vt 0.681645 -0.634038
vt 0.673842 -0.634878
vt 0.693857 -0.620729
vt 0.685468 -0.614023
vt 0.690191 -0.613842
vt 0.680395 -0.614217
vt 0.994625 -0.019627
vt 0.992738 -0.036007
vt 0.997594 -0.019627
vt 0.997594 -0.035992
vt 0.992108 -0.019627
vt 0.988612 -0.036053
vt 0.967356 -0.019627
vt 0.967316 -0.036131
vt 0.969873 -0.019627
vt 0.971437 -0.036053
vt 0.964387 -0.019627
vt 0.962433 -0.036235
vt 0.961418 -0.019627
vt 0.957525 -0.036350
vt 0.958901 -0.019627
vt 0.953340 -0.036456
vt 0.885374 -0.019627
vt 0.887321 -0.036531
vt 0.887891 -0.019627
vt 0.891472 -0.036456
vt 0.882405 -0.019627
vt 0.882405 -0.036558
vt 0.890209 -0.173222
vt 0.894309 -0.386674
vt 0.882405 -0.172108
vt 0.882404 -0.388249
vt 0.886257 -0.393765
vt 0.890407 -0.387890
vt 0.882404 -0.461214
vt 0.885914 -0.461207
vt 0.882404 -0.393765
vt 0.711669 -0.705736
vt 0.149344 -0.818175
vt 0.142229 -0.818175
vt 0.244845 -0.710798
vt 0.244845 -0.704105
vt 0.244845 -0.610817
vt 0.288046 -0.818175
vt 0.242210 -0.818175
vt 0.386246 -0.578673
vt 0.386245 -0.605332
vt 0.369567 -0.582453
vt 0.369567 -0.560528
vt 0.386245 -0.559936
vt 0.274354 -0.959576
vt 0.270573 -0.942897
vt 0.247695 -0.959576
vt 0.244845 -0.564981
vt 0.292500 -0.942897
vt 0.293091 -0.959576
vt 0.245079 -0.959576
vt 0.386245 -0.607948
vt 0.769545 -0.244986
vt 0.772297 -0.250528
vt 0.648306 -0.249798
vt 0.769545 -0.256069
vt 0.583141 -0.245358
vt 0.770501 -0.245365
vt 0.583141 -0.250076
vt 0.770501 -0.250088
vt 0.770501 -0.254807
vt 0.583141 -0.254794
vt 0.899635 -0.228327
vt 0.899635 -0.231982
vt 0.903515 -0.228327
vt 0.903515 -0.231982
vt 0.882406 -0.231982
vt 0.887165 -0.231982
vt 0.882406 -0.228327
vt 0.887165 -0.228327
vt 0.906595 -0.202401
vt 0.891546 -0.228327
vt 0.891546 -0.231982
vt 0.895710 -0.228327
vt 0.895710 -0.231982
vt 0.912652 -0.228327
vt 0.907857 -0.228327
vt 0.912435 -0.231982
vt 0.907857 -0.231982
vt 0.917333 -0.233950
vt 0.898448 -0.182946
vt 0.905920 -0.207041
vt 0.890349 -0.176304
vt 0.882405 -0.174505
vt 0.916657 -0.202401
vt 0.913910 -0.207041
vt 0.328471 -0.862983
vt 0.322409 -0.862094
vt 0.328445 -0.865982
vt 0.322409 -0.865069
vt 0.347636 -0.862661
vt 0.343714 -0.863476
vt 0.347630 -0.866180
vt 0.343742 -0.866750
vt 0.338779 -0.863108
vt 0.333117 -0.859547
vt 0.338786 -0.866117
vt 0.333142 -0.863931
vt 0.316213 -0.862094
vt 0.316213 -0.865069
vt 0.311038 -0.865075
vt 0.311038 -0.821786
vt 0.311038 -0.845067
vt 0.316213 -0.821786
vt 0.316213 -0.845067
vt 0.311038 -0.816386
vt 0.316213 -0.816386
vt 0.311038 -0.809761
vt 0.316213 -0.809761
vt 0.992109 -0.938086
vt 0.986273 -0.938200
vt 0.992109 -0.955086
vt 0.986273 -0.955261
vt 0.992109 -0.954111
vt 0.986273 -0.953880
vt 0.992109 -0.954899
vt 0.986273 -0.954785
vt 0.986273 -0.938087
vt 0.986273 -0.970066
vt 0.992109 -0.970065
vt 0.992109 -0.970277
vt 0.894514 -0.461173
vt 0.890407 -0.393765
vt 0.668684 -0.562955
vt 0.670809 -0.505883
vt 0.667386 -0.636871
vt 0.648442 -0.614132
vt 0.479239 -0.445734
vt 0.482630 -0.416795
vt 0.493835 -0.439224
vt 0.489372 -0.404513
vt 0.496919 -0.395297
vt 0.504675 -0.439224
vt 0.504655 -0.394746
vt 0.497159 -0.390231
vt 0.504655 -0.389128
vt 0.488273 -0.403512
vt 0.489628 -0.394133
vt 0.504622 -0.455998
vt 0.530038 -0.455997
vt 0.504585 -0.441409
vt 0.514655 -0.441409
vt 0.566105 -0.233725
vt 0.560593 -0.232659
vt 0.560578 -0.229983
vt 0.556698 -0.225591
vt 0.556691 -0.232660
vt 0.592798 -0.152771
vt 0.562247 -0.158587
vt 0.596220 -0.162263
vt 0.570094 -0.167100
vt 0.548674 -0.227135
vt 0.556676 -0.228443
vt 0.548673 -0.243538
vt 0.560600 -0.226807
vt 0.525278 -0.462805
vt 0.531041 -0.455803
vt 0.504622 -0.462899
vt 0.556676 -0.243538
vt 0.454705 -0.203055
vt 0.454705 -0.215281
vt 0.439224 -0.201749
vt 0.439224 -0.215281
vt 0.560578 -0.243538
vt 0.443569 -0.167858
vt 0.447039 -0.174894
vt 0.470838 -0.165510
vt 0.548673 -0.270916
vt 0.562204 -0.270916
vt 0.568982 -0.194625
vt 0.568923 -0.206475
vt 0.568894 -0.215281
vt 0.567813 -0.182581
vt 0.453535 -0.190704
vt 0.649620 -0.903655
vt 0.652566 -0.839225
vt 0.644436 -0.903655
vt 0.644436 -0.839383
vt 0.997594 -0.854117
vt 0.989464 -0.853894
vt 0.997594 -0.918324
vt 0.992410 -0.918324
vt 0.462918 -0.781950
vt 0.450832 -0.846380
vt 0.474805 -0.846380
vt 0.513429 -0.462868
vt 0.513423 -0.478644
vt 0.504587 -0.478644
vt 0.587661 -0.206486
vt 0.587690 -0.197680
vt 0.434812 -0.190708
vt 0.522223 -0.478642
vt 0.522093 -0.161509
vt 0.497347 -0.163161
vt 0.889932 -0.461195
vt 0.713804 -0.767846
vt 0.710443 -0.839225
vt 0.708519 -0.767846
vt 0.705630 -0.685237
vt 0.707865 -0.718597
vt 0.653372 -0.767846
vt 0.644436 -0.767846
vt 0.776355 -0.048902
vt 0.750376 -0.047600
vt 0.038139 -0.518344
vt 0.339134 -0.911446
vt 0.355328 -0.906272
vt 0.355328 -0.908972
vt 0.191582 -0.610311
vt 0.191275 -0.594122
vt 0.187828 -0.610311
vt 0.188026 -0.594112
vt 0.352571 -0.912632
vt 0.355051 -0.912662
vt 0.350822 -0.915882
vt 0.349074 -0.919129
vt 0.365585 -0.903219
vt 0.365585 -0.908526
vt 0.362860 -0.903633
vt 0.359689 -0.904860
vt 0.356152 -0.908929
vt 0.356152 -0.906228
vt 0.204768 -0.653491
vt 0.198417 -0.614525
vt 0.189559 -0.653491
vt 0.186944 -0.614525
vt 0.188684 -0.710564
vt 0.202644 -0.710564
vt 0.185755 -0.761529
vt 0.195533 -0.761529
vt 0.178395 -0.653491
vt 0.178395 -0.614525
vt 0.178395 -0.710564
vt 0.178395 -0.761529
vt 0.178395 -0.610311
vt 0.197558 -0.610315
vt 0.383532 -0.895775
vt 0.373755 -0.897918
vt 0.370401 -0.892831
vt 0.366395 -0.892305
vt 0.368398 -0.892569
vt 0.366395 -0.898691
vt 0.654010 -0.721276
vt 0.703262 -0.649894
vt 0.697667 -0.621408
vt 0.700863 -0.637679
vt 0.694822 -0.617005
vt 0.690904 -0.610942
vt 0.685470 -0.611020
vt 0.680322 -0.611093
vt 0.675830 -0.616998
vt 0.676302 -0.620388
vt 0.669692 -0.636567
vt 0.844639 -0.649894
vt 0.236371 -0.477832
vt 0.336833 -0.478388
vt 0.844639 -0.712765
vt 0.583837 -0.245358
vt 0.583837 -0.255522
vt 0.771237 -0.245360
vt 0.771238 -0.255522
vt 0.072792 -0.796253
vt 0.075298 -0.799919
vt 0.020694 -0.780838
vt 0.012427 -0.794314
vt 0.511671 -0.081338
vt 0.511707 -0.088223
vt 0.511773 -0.099824
vt 0.511930 -0.127391
vt 0.468773 -0.103880
vt 0.460508 -0.127460
vt 0.458460 -0.134895
vt 0.471919 -0.086166
vt 0.469063 -0.088529
vt 0.463757 -0.085745
vt 0.478271 -0.080541
vt 0.453115 -0.079940
vt 0.483836 -0.076303
vt 0.484765 -0.072692
vt 0.684773 -0.008010
vt 0.742516 -0.008010
vt 0.709864 -0.026087
vt 0.733213 -0.026361
vt 0.738311 -0.024906
vt 0.742516 -0.022047
vt 0.684773 -0.024726
vt 0.689024 -0.025842
vt 0.786296 -0.008010
vt 0.786296 -0.022368
vt 0.644769 -0.008010
vt 0.644769 -0.025148
vt 0.579904 -0.027260
vt 0.586066 -0.008010
vt 0.586213 -0.025833
vt 0.568302 -0.008010
vt 0.568302 -0.027401
vt 0.525303 -0.008011
vt 0.525303 -0.026830
vt 0.491400 -0.008011
vt 0.501723 -0.026992
vt 0.495881 -0.025508
vt 0.491400 -0.022369
vt 0.625964 -0.026664
vt 0.628821 -0.008010
vt 0.628821 -0.026651
vt 0.619586 -0.008010
vt 0.619613 -0.025442
vt 0.634127 -0.026542
vt 0.608603 -0.936725
vt 0.575663 -0.992388
vt 0.633405 -0.992388
vt 0.623955 -0.936435
vt 0.631612 -0.927202
vt 0.612660 -0.893725
vt 0.630423 -0.893855
vt 0.574702 -0.948608
vt 0.632325 -0.952384
vt 0.586241 -0.008010
vt 0.537308 -0.362602
vt 0.537308 -0.375616
vt 0.521139 -0.362879
vt 0.521139 -0.375616
vt 0.431361 -0.315818
vt 0.431361 -0.329960
vt 0.458174 -0.315818
vt 0.458174 -0.329960
vt 0.431283 -0.382669
vt 0.463752 -0.353129
vt 0.463830 -0.329960
vt 0.521218 -0.329960
vt 0.463830 -0.315818
vt 0.521218 -0.315818
vt 0.458095 -0.349018
vt 0.431283 -0.349642
vt 0.377022 -0.572541
vt 0.377648 -0.572541
vt 0.378273 -0.577689
vt 0.378899 -0.572541
vt 0.379525 -0.572541
vt 0.280486 -0.952855
vt 0.280486 -0.952229
vt 0.275338 -0.951603
vt 0.280486 -0.950978
vt 0.280486 -0.950352
vt 0.376348 -0.556860
vt 0.377311 -0.556860
vt 0.376348 -0.565771
vt 0.377311 -0.565771
vt 0.379236 -0.556860
vt 0.379236 -0.565771
vt 0.380199 -0.556860
vt 0.380199 -0.565771
vt 0.296166 -0.953530
vt 0.296166 -0.952567
vt 0.287257 -0.953530
vt 0.287257 -0.952567
vt 0.296166 -0.950641
vt 0.287257 -0.950641
vt 0.296166 -0.949678
vt 0.287257 -0.949678
vt 0.378275 -0.553238
vt 0.377311 -0.551571
vt 0.376348 -0.553238
vt 0.379237 -0.551571
vt 0.380199 -0.553238
vt 0.379237 -0.554905
vt 0.377311 -0.554905
vt 0.371833 -0.571861
vt 0.372393 -0.571861
vt 0.372954 -0.576475
vt 0.373514 -0.571861
vt 0.374075 -0.571861
vt 0.281166 -0.947405
vt 0.281166 -0.946845
vt 0.276552 -0.946284
vt 0.281166 -0.945724
vt 0.281166 -0.945163
vt 0.371229 -0.559664
vt 0.372092 -0.559664
vt 0.371229 -0.565795
vt 0.372092 -0.565795
vt 0.373817 -0.559664
vt 0.373817 -0.565795
vt 0.374679 -0.559664
vt 0.374679 -0.565795
vt 0.293362 -0.948009
vt 0.293362 -0.947147
vt 0.287231 -0.948009
vt 0.287231 -0.947147
vt 0.293362 -0.945422
vt 0.287231 -0.945422
vt 0.293362 -0.944559
vt 0.287231 -0.944559
vt 0.372954 -0.553238
vt 0.372091 -0.551744
vt 0.371230 -0.553238
vt 0.373817 -0.551744
vt 0.374679 -0.553238
vt 0.373817 -0.554732
vt 0.372091 -0.554732
vt 0.763214 -0.787095
vt 0.758392 -0.787095
vt 0.757966 -0.777058
vt 0.763577 -0.777058
vt 0.755759 -0.777058
vt 0.748651 -0.798830
vt 0.753670 -0.793795
vt 0.758689 -0.793582
vt 0.758689 -0.799192
vt 0.758689 -0.791375
vt 0.749078 -0.776400
vt 0.751374 -0.776924
vt 0.079185 -0.753145
vt 0.099237 -0.753144
vt 0.079185 -0.765704
vt 0.099237 -0.765704
vt 0.079185 -0.573135
vt 0.099237 -0.597422
vt 0.079185 -0.562433
vt 0.100116 -0.587284
vt 0.073188 -0.743141
vt 0.065930 -0.743141
vt 0.069559 -0.751846
vt 0.069559 -0.570746
vt 0.066310 -0.581449
vt 0.072807 -0.581449
vt 0.045531 -0.734552
vt 0.045531 -0.743257
vt 0.060956 -0.743871
vt 0.060956 -0.752576
vt 0.045531 -0.654741
vt 0.044652 -0.644603
vt 0.050544 -0.651358
vt 0.049885 -0.641079
vt 0.060956 -0.582179
vt 0.055557 -0.584987
vt 0.055117 -0.574566
vt 0.060956 -0.571476
vt 0.007468 -0.696964
vt 0.010716 -0.686684
vt 0.007468 -0.630593
vt 0.010716 -0.620172
vt 0.013964 -0.696964
vt 0.013964 -0.630593
vt 0.489581 -0.409162
vt 0.486416 -0.410758
vt 0.489581 -0.410836
vt 0.486413 -0.412433
vt 0.484768 -0.418239
vt 0.486411 -0.418240
vt 0.484768 -0.415336
vt 0.486411 -0.415337
vt 0.499230 -0.418246
vt 0.497573 -0.418243
vt 0.499230 -0.415343
vt 0.497573 -0.415339
vt 0.497582 -0.410766
vt 0.497576 -0.412438
vt 0.484768 -0.412433
vt 0.499230 -0.412440
vt 0.487282 -0.417703
vt 0.489719 -0.418823
vt 0.489581 -0.419839
vt 0.487258 -0.415338
vt 0.496775 -0.417591
vt 0.496719 -0.415338
vt 0.487282 -0.412972
vt 0.489719 -0.411853
vt 0.496775 -0.413085
vt 0.415114 -0.349642
vt 0.415114 -0.382669
vt 0.797369 -0.077353
vt 0.797473 -0.054817
vt 0.789818 -0.077353
vt 0.791695 -0.054849
vt 0.806277 -0.077353
vt 0.804282 -0.054764
vt 0.815184 -0.077353
vt 0.811076 -0.054688
vt 0.822736 -0.077353
vt 0.816819 -0.054604
vt 0.873804 -0.077353
vt 0.875706 -0.054535
vt 0.866513 -0.077353
vt 0.870017 -0.054604
vt 0.799360 -0.120494
vt 0.789619 -0.120494
vt 0.810851 -0.120494
vt 0.822343 -0.120494
vt 0.832084 -0.120494
vt 0.871488 -0.120494
vt 0.862232 -0.120494
vt 0.800334 -0.177580
vt 0.789685 -0.177580
vt 0.811792 -0.177580
vt 0.827573 -0.177580
vt 0.841915 -0.177580
vt 0.866795 -0.177580
vt 0.801998 -0.314237
vt 0.801010 -0.234710
vt 0.789916 -0.314237
vt 0.789780 -0.234710
vt 0.812051 -0.234710
vt 0.812604 -0.314276
vt 0.831929 -0.314237
vt 0.831735 -0.234710
vt 0.852174 -0.287728
vt 0.849825 -0.261219
vt 0.845168 -0.313356
vt 0.841895 -0.234329
vt 0.866210 -0.461183
vt 0.862011 -0.461016
vt 0.865824 -0.477372
vt 0.861698 -0.477454
vt 0.845424 -0.481586
vt 0.853736 -0.477376
vt 0.841404 -0.460240
vt 0.852855 -0.460631
vt 0.604529 -0.505883
vt 0.623232 -0.445571
vt 0.610929 -0.379095
vt 0.615975 -0.379095
vt 0.568022 -0.379095
vt 0.572334 -0.505883
vt 0.608933 -0.379095
vt 0.567854 -0.423085
vt 0.565749 -0.379095
vt 0.557499 -0.423181
vt 0.558625 -0.379095
vt 0.549252 -0.379095
vt 0.543669 -0.423181
vt 0.550711 -0.423181
vt 0.556372 -0.467267
vt 0.549478 -0.467267
vt 0.543694 -0.476702
vt 0.642302 -0.658047
vt 0.644071 -0.657637
vt 0.607903 -0.563543
vt 0.575235 -0.565543
vt 0.444232 -0.593154
vt 0.545432 -0.505883
vt 0.444233 -0.571500
vt 0.444233 -0.565542
vt 0.543471 -0.467267
vt 0.353969 -0.158552
vt 0.611126 -0.328035
vt 0.616898 -0.328035
vt 0.555995 -0.348659
vt 0.559602 -0.348659
vt 0.554429 -0.379095
vt 0.561700 -0.348659
vt 0.565262 -0.348659
vt 0.789309 -0.457159
vt 0.802985 -0.393765
vt 0.790050 -0.393765
vt 0.555370 -0.566532
vt 0.558883 -0.505883
vt 0.563852 -0.536208
vt 0.813158 -0.342704
vt 0.828884 -0.393765
vt 0.856749 -0.352627
vt 0.853826 -0.312475
vt 0.849339 -0.393765
vt 0.856659 -0.393765
vt 0.863190 -0.393765
vt 0.863768 -0.383179
vt 0.644369 -0.657550
vt 0.642308 -0.657602
vt 0.638365 -0.657521
vt 0.636801 -0.685981
vt 0.630406 -0.686036
vt 0.626801 -0.657521
vt 0.350918 -0.776925
vt 0.356966 -0.775585
vt 0.356966 -0.746759
vt 0.584658 -0.865204
vt 0.587625 -0.865204
vt 0.582062 -0.839225
vt 0.585219 -0.839225
vt 0.591728 -0.865204
vt 0.596683 -0.865204
vt 0.590438 -0.839225
vt 0.595381 -0.839225
vt 0.602239 -0.865204
vt 0.607367 -0.865204
vt 0.601755 -0.839225
vt 0.607367 -0.839225
vt 0.612870 -0.865204
vt 0.618052 -0.865204
vt 0.613642 -0.839225
vt 0.619354 -0.839225
vt 0.624391 -0.839225
vt 0.622958 -0.865204
vt 0.627110 -0.865204
vt 0.630026 -0.865204
vt 0.629516 -0.839225
vt 0.632875 -0.839225
vt 0.562397 -0.695563
vt 0.567578 -0.701120
vt 0.579336 -0.649894
vt 0.567907 -0.565980
vt 0.585219 -0.768783
vt 0.582390 -0.768048
vt 0.595381 -0.768783
vt 0.590040 -0.768783
vt 0.601616 -0.768783
vt 0.607367 -0.768783
vt 0.613706 -0.768783
vt 0.619354 -0.768783
vt 0.624202 -0.768783
vt 0.629516 -0.768783
vt 0.633441 -0.768004
vt 0.356966 -0.668909
vt 0.356966 -0.658692
vt 0.356966 -0.653950
vt 0.545446 -0.649894
vt 0.545439 -0.571211
vt 0.545453 -0.712765
vt 0.545457 -0.756098
vt 0.206341 -0.972008
vt 0.228908 -0.965546
vt 0.247860 -0.970524
vt 0.247145 -0.992657
vt 0.205983 -0.992810
vt 0.079270 -0.973491
vt 0.164822 -0.970454
vt 0.098121 -0.992962
vt 0.164822 -0.992962
vt 0.037245 -0.988128
vt 0.571665 -0.906497
vt 0.557333 -0.966713
vt 0.581430 -0.906774
vt 0.571225 -0.839137
vt 0.578429 -0.839225
vt 0.316966 -0.698659
vt 0.313758 -0.697724
vt 0.316304 -0.702511
vt 0.312930 -0.704247
vt 0.321597 -0.699613
vt 0.318482 -0.712491
vt 0.315778 -0.716955
vt 0.313494 -0.710075
vt 0.316904 -0.708331
vt 0.559487 -0.775050
vt 0.566360 -0.769489
vt 0.555819 -0.767211
vt 0.564894 -0.906306
vt 0.563859 -0.839137
vt 0.236747 -0.965715
vt 0.572848 -0.702259
vt 0.564775 -0.336723
vt 0.582842 -0.722414
vt 0.585219 -0.722549
vt 0.590387 -0.722549
vt 0.595381 -0.722549
vt 0.601697 -0.722549
vt 0.607367 -0.722549
vt 0.613953 -0.722549
vt 0.619354 -0.722549
vt 0.623905 -0.722549
vt 0.629516 -0.722549
vt 0.632987 -0.721794
vt 0.587856 -0.685443
vt 0.593925 -0.657480
vt 0.585347 -0.685458
vt 0.587628 -0.651821
vt 0.594220 -0.657480
vt 0.598006 -0.657480
vt 0.602917 -0.657480
vt 0.607634 -0.657480
vt 0.612584 -0.657480
vt 0.617263 -0.657480
vt 0.620533 -0.657496
vt 0.626637 -0.686066
vt 0.628204 -0.686055
vt 0.624385 -0.657515
vt 0.590151 -0.637159
vt 0.592810 -0.637271
vt 0.596002 -0.636116
vt 0.599424 -0.634878
vt 0.607226 -0.634038
vt 0.603061 -0.634487
vt 0.618951 -0.635647
vt 0.615029 -0.634878
vt 0.598680 -0.613842
vt 0.595496 -0.619823
vt 0.603655 -0.614032
vt 0.612527 -0.620324
vt 0.608476 -0.614217
vt 0.616712 -0.626635
vt 0.793373 -0.036053
vt 0.797494 -0.036131
vt 0.794937 -0.019627
vt 0.797453 -0.019627
vt 0.802376 -0.036234
vt 0.800423 -0.019627
vt 0.807285 -0.036350
vt 0.803392 -0.019627
vt 0.811469 -0.036456
vt 0.805909 -0.019627
vt 0.873337 -0.036456
vt 0.877489 -0.036531
vt 0.876918 -0.019627
vt 0.879435 -0.019627
vt 0.874601 -0.173222
vt 0.870500 -0.386674
vt 0.870500 -0.393765
vt 0.874402 -0.393765
vt 0.878492 -0.393765
vt 0.874402 -0.387890
vt 0.878884 -0.461211
vt 0.874985 -0.461196
vt 0.577202 -0.705736
vt 0.224263 -0.949315
vt 0.217148 -0.949315
vt 0.124281 -0.949315
vt 0.078446 -0.949315
vt 0.095918 -0.824593
vt 0.092138 -0.807915
vt 0.118797 -0.807915
vt 0.073401 -0.807915
vt 0.073992 -0.824593
vt 0.121413 -0.807915
vt 0.771235 -0.250638
vt 0.583141 -0.250626
vt 0.583142 -0.255893
vt 0.771235 -0.255908
vt 0.861292 -0.231982
vt 0.865242 -0.231982
vt 0.861292 -0.228327
vt 0.865242 -0.228327
vt 0.877635 -0.231982
vt 0.877635 -0.228327
vt 0.858215 -0.202401
vt 0.856902 -0.177581
vt 0.869093 -0.231982
vt 0.873251 -0.231982
vt 0.869093 -0.228327
vt 0.873251 -0.228327
vt 0.856952 -0.231982
vt 0.856952 -0.228327
vt 0.852374 -0.231982
vt 0.852159 -0.228327
vt 0.847476 -0.233949
vt 0.858890 -0.207041
vt 0.866362 -0.182946
vt 0.874461 -0.176304
vt 0.850900 -0.207041
vt 0.848153 -0.202401
vt 0.328439 -0.863057
vt 0.343706 -0.866436
vt 0.343738 -0.863775
vt 0.347634 -0.865590
vt 0.347630 -0.863111
vt 0.333130 -0.862532
vt 0.333127 -0.860921
vt 0.338769 -0.866002
vt 0.992109 -0.938199
vt 0.992109 -0.955227
vt 0.986273 -0.955101
vt 0.992109 -0.953857
vt 0.986273 -0.954059
vt 0.992109 -0.954754
vt 0.986273 -0.954896
vt 0.986273 -0.970279
vt 0.870295 -0.461173
vt 0.618063 -0.505883
vt 0.620187 -0.562955
vt 0.621211 -0.635804
vt 0.627298 -0.613921
vt 0.618073 -0.623614
vt 0.519937 -0.404513
vt 0.526679 -0.416794
vt 0.517620 -0.439224
vt 0.530070 -0.445733
vt 0.512390 -0.395297
vt 0.512150 -0.390231
vt 0.521036 -0.403512
vt 0.519681 -0.394133
vt 0.495445 -0.441409
vt 0.479207 -0.455998
vt 0.536768 -0.232614
vt 0.531242 -0.233725
vt 0.536768 -0.229983
vt 0.540671 -0.232614
vt 0.540671 -0.228443
vt 0.483967 -0.462805
vt 0.478204 -0.455803
vt 0.540671 -0.243538
vt 0.536768 -0.243538
vt 0.535141 -0.270916
vt 0.636306 -0.839225
vt 0.639251 -0.903655
vt 0.495822 -0.478644
vt 0.495816 -0.462867
vt 0.487021 -0.478642
vt 0.575068 -0.767846
vt 0.580353 -0.767846
vt 0.585610 -0.649894
vt 0.583226 -0.685471
vt 0.635499 -0.767846
vt 0.581007 -0.718597
vt 0.168765 -0.594112
vt 0.165516 -0.594122
vt 0.168963 -0.610311
vt 0.165209 -0.610311
vt 0.352413 -0.912927
vt 0.359795 -0.904819
vt 0.169848 -0.614525
vt 0.158374 -0.614525
vt 0.167233 -0.653491
vt 0.152023 -0.653491
vt 0.154147 -0.710564
vt 0.168107 -0.710564
vt 0.161259 -0.761529
vt 0.171035 -0.761529
vt 0.159233 -0.610315
vt 0.359035 -0.897918
vt 0.349258 -0.895775
vt 0.362389 -0.892831
vt 0.364392 -0.892569
vt 0.634861 -0.721276
vt 0.588129 -0.637067
vt 0.597967 -0.610942
vt 0.594764 -0.615899
vt 0.603677 -0.611024
vt 0.613021 -0.616972
vt 0.608550 -0.611093
vt 0.444233 -0.649894
vt 0.444233 -0.712765
vt 0.767314 -0.256070
vt 0.767314 -0.244986
vt 0.646075 -0.249796
vt 0.291194 -0.967571
vt 0.293700 -0.971238
vt 0.345809 -0.986676
vt 0.354065 -0.973177
vt 0.458174 -0.344102
vt 0.431361 -0.344102
vt 0.521218 -0.344102
vt 0.463830 -0.344102
vt 0.086005 -0.815261
vt 0.086005 -0.814636
vt 0.091154 -0.815887
vt 0.086005 -0.816513
vt 0.086005 -0.817139
vt 0.079235 -0.814924
vt 0.070325 -0.814924
vt 0.079235 -0.813962
vt 0.070325 -0.813962
vt 0.079235 -0.816850
vt 0.070325 -0.816850
vt 0.079235 -0.817812
vt 0.070325 -0.817812
vt 0.085326 -0.820647
vt 0.085326 -0.820085
vt 0.089939 -0.821206
vt 0.085326 -0.821767
vt 0.085326 -0.822328
vt 0.079261 -0.820344
vt 0.073129 -0.820344
vt 0.079261 -0.819481
vt 0.073129 -0.819481
vt 0.079261 -0.822069
vt 0.073129 -0.822069
vt 0.079261 -0.822931
vt 0.073129 -0.822931
vt 0.279915 -0.756701
vt 0.279915 -0.755387
vt 0.227083 -0.756701
vt 0.227083 -0.755387
vt 0.279915 -0.759328
vt 0.227083 -0.759328
vt 0.279915 -0.760641
vt 0.227083 -0.760641
vt 0.307252 -0.756180
vt 0.307252 -0.757097
vt 0.307252 -0.758932
vt 0.307252 -0.759849
vt 0.311500 -0.756919
vt 0.311500 -0.757467
vt 0.311500 -0.758562
vt 0.311500 -0.759109
vt 0.314845 -0.758014
vt 0.227083 -0.737867
vt 0.279915 -0.737867
vt 0.227083 -0.739162
vt 0.279915 -0.739162
vt 0.227083 -0.741346
vt 0.279915 -0.741346
vt 0.227083 -0.743936
vt 0.279915 -0.743935
vt 0.227083 -0.746119
vt 0.279915 -0.746120
vt 0.227083 -0.747415
vt 0.279915 -0.747414
vt 0.296599 -0.739991
vt 0.296599 -0.739527
vt 0.296599 -0.742641
vt 0.296599 -0.745754
vt 0.296599 -0.745290
vt 0.300847 -0.741494
vt 0.297966 -0.739297
vt 0.300847 -0.743787
vt 0.300847 -0.744934
vt 0.304192 -0.742641
vt 0.660936 -0.991814
vt 0.681648 -0.991809
vt 0.663256 -0.941164
vt 0.681358 -0.936146
vt 0.666007 -0.935855
vt 0.656805 -0.991820
vt 0.657871 -0.951817
vt 0.704835 -0.944411
vt 0.704849 -0.991808
vt 0.710376 -0.946456
vt 0.709649 -0.991804
vt 0.714665 -0.948023
vt 0.713711 -0.991804
vt 0.659805 -0.893265
vt 0.658717 -0.926662
vt 0.665805 -0.893216
vt 0.663698 -0.933002
vt 0.677303 -0.893146
vt 0.997594 -0.177580
vt 0.997594 -0.234710
vt 0.351603 -0.865373
vt 0.351605 -0.862428
vt 0.996614 -0.008475
vt 0.997594 -0.008475
vt 0.997544 -0.003277
vt 0.995783 -0.008475
vt 0.966717 -0.008475
vt 0.967547 -0.008475
vt 0.966362 -0.003310
vt 0.965737 -0.008475
vt 0.964756 -0.008475
vt 0.963925 -0.008475
vt 0.883385 -0.008475
vt 0.884216 -0.008475
vt 0.882405 -0.003277
vt 0.882405 -0.008475
vt 0.798093 -0.008475
vt 0.798448 -0.003310
vt 0.797262 -0.008475
vt 0.799073 -0.008475
vt 0.800053 -0.008475
vt 0.800884 -0.008475
vt 0.881424 -0.008475
vt 0.880594 -0.008475
vt 0.398526 -0.244701
vt 0.362957 -0.242124
vt 0.189154 -0.343166
vt 0.217882 -0.343166
vt 0.679939 -0.377317
vt 0.720850 -0.377317
vt 0.283946 -0.196865
vt 0.282300 -0.211210
vt 0.288255 -0.004247
vt 0.288255 -0.013254
vt 0.288255 -0.029399
vt 0.285181 -0.171280
vt 0.568022 -0.377317
vt 0.608933 -0.377317
vt 0.362956 -0.242937
vt 0.858103 -0.477532
vt 0.857572 -0.460806
vt 0.870544 -0.477372
vt 0.875125 -0.477372
vt 0.878978 -0.477372
vt 0.882404 -0.477372
vt 0.885832 -0.477372
vt 0.889818 -0.477372
vt 0.894265 -0.477372
vt 0.902591 -0.477407
vt 0.898985 -0.477372
vt 0.906646 -0.477375
vt 0.911073 -0.477376
vt 0.919386 -0.481586
vt 0.663309 -0.466917
vt 0.625563 -0.466917
vt 0.355051 -0.909962
vt 0.611552 -0.634504
vt 0.592007 -0.626378
vt 0.591204 -0.621408
vt 0.588003 -0.685442
vt 0.640429 -0.614132
vt 0.581573 -0.865204
vt 0.633162 -0.865204
vt 0.672159 -0.626635
vt 0.670798 -0.623614
vt 0.661573 -0.613921
vt 0.655710 -0.865204
vt 0.707298 -0.865204
vt 0.707442 -0.906774
vt 0.992250 -0.941693
vt 0.987195 -0.941769
vt 0.992250 -0.963524
vt 0.987195 -0.963600
vt 0.992250 -0.945632
vt 0.987195 -0.945708
vt 0.992152 -0.964354
vt 0.987097 -0.964354
vt 0.992152 -0.959086
vt 0.987097 -0.959086
vt 0.992152 -0.955161
vt 0.987097 -0.955161
vt 0.992152 -0.951236
vt 0.987097 -0.951236
vt 0.992152 -0.945968
vt 0.987097 -0.945968
vt 0.992250 -0.965094
vt 0.987195 -0.965170
vt 0.992152 -0.947292
vt 0.987097 -0.947292
vt 0.992152 -0.951782
vt 0.987097 -0.951782
vt 0.992152 -0.958540
vt 0.987097 -0.958540
vt 0.992152 -0.963030
vt 0.987097 -0.963030
vt 0.642432 -0.614224
vt 0.644794 -0.657627
s 1
usemtl default.066
f 5143/769/1261 5136/770/1262 4450/771/1263
f 3941/772/1264 4450/771/1263 5136/770/1262
f 5136/770/1262 3932/773/1265 3941/772/1264
f 3942/774/1266 3941/772/1264 3932/773/1265
f 3932/775/1265 5137/776/1267 3942/777/1266
f 3943/778/1268 3942/777/1266 5137/776/1267
f 5137/776/1267 3933/779/1269 3943/778/1268
f 3934/780/1270 3943/778/1268 3933/779/1269
f 3933/779/1269 3935/781/1271 3934/780/1270
f 3937/782/1272 3934/780/1270 3935/781/1271
f 3935/781/1271 3936/783/1273 3937/782/1272
f 3948/784/1274 3937/782/1272 3936/783/1273
f 3936/785/1273 3939/786/1275 3948/787/1274
f 3938/788/1276 3948/787/1274 3939/786/1275
f 3939/786/1275 3940/789/1277 3938/788/1276
f 4457/790/1278 3938/788/1276 3940/789/1277
f 4450/771/1263 3941/772/1264 4459/791/1279
f 5099/792/1280 4459/791/1279 3941/772/1264
f 3941/772/1264 3942/774/1266 5099/792/1280
f 3945/793/1281 5099/792/1280 3942/774/1266
f 3942/777/1266 3943/778/1268 3945/794/1281
f 3944/795/1282 3945/794/1281 3943/778/1268
f 3943/778/1268 3934/780/1270 3944/795/1282
f 5356/796/1283 3944/795/1282 3934/780/1270
f 3934/780/1270 3937/782/1272 5356/796/1283
f 3946/797/1284 5356/796/1283 3937/782/1272
f 3937/782/1272 3948/784/1274 3946/797/1284
f 3947/798/1285 3946/797/1284 3948/784/1274
f 3948/787/1274 3938/788/1276 3947/799/1285
f 3949/800/1286 3947/799/1285 3938/788/1276
f 3938/788/1276 4457/790/1278 3949/800/1286
f 4146/801/1287 3949/800/1286 4457/790/1278
f 5099/792/1280 3945/793/1281 5101/802/1288
f 4133/803/1289 5101/802/1288 3945/793/1281
f 3945/794/1281 3944/795/1282 4133/804/1289
f 4134/805/1290 4133/804/1289 3944/795/1282
f 3944/795/1282 5356/796/1283 4134/805/1290
f 5355/806/1291 4134/805/1290 5356/796/1283
f 3950/807/1292 5356/796/1283 3946/797/1284
f 3951/808/1293 3950/807/1292 3946/797/1284
f 4178/809/1294 3951/810/1293 3947/799/1285
f 5106/811/1295 4132/812/1296 5104/813/1297
f 3952/814/1298 5104/813/1297 4132/812/1296
f 4132/815/1296 3953/816/1299 3952/817/1298
f 3954/818/1300 3952/817/1298 3953/816/1299
f 3954/818/1300 3953/816/1299 3955/819/1301
f 4135/820/1302 3955/819/1301 3953/816/1299
f 4135/820/1302 3956/821/1303 3955/819/1301
f 4224/822/1304 3955/819/1301 3956/821/1303
f 4136/823/1305 4225/824/1306 3957/825/1307
f 4235/826/1308 3957/825/1307 4225/824/1306
f 3958/827/1309 4480/828/1310 3959/829/1311
f 4009/830/1312 3959/829/1311 4480/828/1310
f 4009/830/1312 3960/831/1313 3959/829/1311
f 3997/832/1314 3959/829/1311 3960/831/1313
f 5226/833/1315 4012/834/1316 4200/835/1317
f 4215/836/1318 4200/835/1317 4012/834/1316
f 5204/837/1319 3961/838/1320 5205/839/1321
f 3986/840/1322 5205/839/1321 3961/838/1320
f 4012/834/1316 5226/833/1315 3962/841/1323
f 5227/842/1324 3962/841/1323 5226/833/1315
f 3968/843/1325 5184/844/1326 3979/845/1327
f 4305/846/1328 3963/847/1329 3964/848/1330
f 3998/849/1331 3964/848/1330 3963/847/1329
f 3986/850/1322 3961/851/1320 5184/852/1326
f 3979/853/1327 5184/852/1326 3961/851/1320
f 3965/854/1332 3998/855/1331 3995/856/1333
f 3970/857/1334 3995/856/1333 3998/855/1331
f 4308/858/1335 4309/859/1336 3966/860/1337
f 3982/861/1338 3966/860/1337 4309/859/1336
f 3979/853/1327 3967/862/1339 3968/863/1325
f 4073/864/1340 3968/863/1325 3967/862/1339
f 3966/865/1337 4002/866/1341 4305/846/1328
f 3963/847/1329 4305/846/1328 4002/866/1341
f 3995/856/1333 3970/857/1334 3969/867/1342
f 3971/868/1343 3969/867/1342 3970/857/1334
f 3965/854/1332 3972/869/1344 3964/848/1330
f 4310/870/1345 3964/848/1330 3972/869/1344
f 4072/871/1346 5199/872/1347 4073/873/1340
f 3992/874/1348 5199/875/1347 3977/876/1349
f 4072/877/1346 3977/876/1349 5199/875/1347
f 3996/878/1350 3973/879/1351 4284/880/1352
f 4283/881/1353 4284/880/1352 3973/879/1351
f 3975/882/1354 4024/883/1355 3974/884/1356
f 3996/885/1350 4075/886/1357 3969/867/1342
f 4300/887/1358 3969/867/1342 4075/886/1357
f 3975/888/1354 3990/889/1359 3978/888/1360
f 3993/889/1361 3978/888/1360 3990/889/1359
f 4014/890/1362 3976/891/1363 4016/892/1364
f 3977/876/1349 4016/892/1364 3976/891/1363
f 4013/893/1365 3978/888/1360 4014/890/1362
f 3976/891/1363 4014/890/1362 3978/888/1360
f 4547/894/1366 3958/827/1309 4017/895/1367
f 3959/829/1311 4017/895/1367 3958/827/1309
f 5408/896/1368 5409/897/1369 4499/898/1370
f 3981/899/1371 4324/900/1372 4288/901/1373
f 4289/902/1374 4288/901/1373 4324/900/1372
f 3967/862/1339 3979/853/1327 5403/903/1375
f 4201/904/1376 5403/903/1375 3979/853/1327
f 5061/905/1377 4017/906/1367 3959/907/1311
f 4013/893/1365 4008/908/1378 4066/909/1379
f 4275/910/1380 4066/909/1379 4008/908/1378
f 3991/911/1381 4013/893/1365 3980/912/1382
f 4066/909/1379 3980/912/1382 4013/893/1365
f 4324/900/1372 3981/899/1371 4301/913/1383
f 3991/914/1381 3980/915/1382 4025/916/1384
f 4273/917/1385 4025/916/1384 3980/915/1382
f 3982/861/1338 4309/859/1336 3983/918/1386
f 3959/907/1311 3983/918/1386 4309/859/1336
f 3985/919/1387 5185/920/1388 3984/921/1389
f 4010/922/1390 3984/921/1389 5185/920/1388
f 3984/923/1389 3986/850/1322 3985/924/1387
f 5184/852/1326 3985/924/1387 3986/850/1322
f 3987/925/1391 3993/889/1361 4108/926/1392
f 4106/927/1393 4108/926/1392 3993/889/1361
f 4109/928/1394 3992/874/1348 4108/926/1392
f 3987/925/1391 4108/926/1392 3992/874/1348
f 5199/875/1347 3992/874/1348 4110/929/1395
f 4109/928/1394 4110/929/1395 3992/874/1348
f 3989/930/1396 4283/881/1353 3988/931/1397
f 3973/879/1351 3988/931/1397 4283/881/1353
f 4111/932/1398 3990/933/1359 3989/930/1396
f 3974/884/1356 3989/930/1396 3990/933/1359
f 3993/889/1361 3990/889/1359 4106/927/1393
f 4111/927/1398 4106/927/1393 3990/889/1359
f 3978/888/1360 4013/893/1365 3975/888/1354
f 3991/911/1381 3975/888/1354 4013/893/1365
f 3976/891/1363 3987/925/1391 3977/876/1349
f 3992/874/1348 3977/876/1349 3987/925/1391
f 3978/888/1360 3993/889/1361 3976/891/1363
f 3987/925/1391 3976/891/1363 3993/889/1361
f 5048/934/1399 4305/846/1328 3964/848/1330
f 3995/856/1333 4298/935/1400 3965/854/1332
f 3972/869/1344 3965/854/1332 4298/935/1400
f 3966/860/1337 3982/861/1338 4002/936/1341
f 3994/937/1401 4002/936/1341 3982/861/1338
f 4305/846/1328 4304/938/1402 3966/865/1337
f 4308/858/1335 3966/865/1337 4304/938/1402
f 3969/867/1342 4300/887/1358 3995/856/1333
f 4298/935/1400 3995/856/1333 4300/887/1358
f 3998/849/1331 3965/854/1332 3964/848/1330
f 3969/867/1342 3971/868/1343 3996/885/1350
f 3973/939/1351 3996/885/1350 3971/868/1343
f 3997/940/1314 4010/922/1390 3983/941/1386
f 5185/920/1388 3983/941/1386 4010/922/1390
f 4010/942/1390 3997/943/1314 3960/944/1313
f 3983/918/1386 5185/945/1388 3982/861/1338
f 3994/937/1401 3982/861/1338 5185/945/1388
f 4001/946/1403 3998/947/1331 3999/948/1404
f 3963/949/1329 3999/948/1404 3998/947/1331
f 3999/950/1404 3963/951/1329 4000/952/1405
f 4002/953/1341 4000/952/1405 3963/951/1329
f 4003/954/1406 3970/955/1334 4001/950/1403
f 3998/951/1331 4001/950/1403 3970/955/1334
f 4004/956/1407 3971/957/1343 4003/954/1406
f 3970/955/1334 4003/954/1406 3971/957/1343
f 4000/952/1405 4002/953/1341 4006/956/1408
f 3994/957/1401 4006/956/1408 4002/953/1341
f 4001/946/1403 3999/948/1404 4003/958/1406
f 4000/959/1405 4003/958/1406 3999/948/1404
f 4004/960/1407 4006/961/1408 5176/962/1409
f 4005/963/1410 5176/962/1409 4006/961/1408
f 4000/959/1405 4006/961/1408 4003/958/1406
f 4004/960/1407 4003/958/1406 4006/961/1408
f 4074/964/1411 4007/965/1412 4015/966/1413
f 4008/908/1378 4015/966/1413 4007/965/1412
f 5104/813/1297 4009/830/1312 5103/967/1414
f 4480/828/1310 5103/967/1414 4009/830/1312
f 3952/814/1298 3960/831/1313 5104/813/1297
f 4009/830/1312 5104/813/1297 3960/831/1313
f 3954/818/1300 4010/942/1390 3952/817/1298
f 3960/944/1313 3952/817/1298 4010/942/1390
f 3955/819/1301 3984/968/1389 3954/818/1300
f 4010/942/1390 3954/818/1300 3984/968/1389
f 3955/819/1301 4224/822/1304 3984/968/1389
f 3986/840/1322 3984/968/1389 4224/822/1304
f 3957/825/1307 4148/969/1415 5205/839/1321
f 4011/970/1416 5205/839/1321 4148/969/1415
f 3962/841/1323 4011/970/1416 4012/834/1316
f 4216/971/1417 4012/834/1316 4011/970/1416
f 4013/893/1365 4014/890/1362 4008/908/1378
f 4015/966/1413 4008/908/1378 4016/892/1364
f 4014/890/1362 4016/892/1364 4008/908/1378
f 4227/972/1418 4547/894/1366 4018/973/1419
f 4017/895/1367 4018/973/1419 4547/894/1366
f 4020/974/1420 4019/975/1421 4548/976/1422
f 4019/975/1421 5408/977/1368 4548/976/1422
f 5408/977/1368 5407/978/1423 4548/976/1422
f 4056/979/1424 4055/980/1425 4289/902/1374
f 4020/974/1420 5266/981/1426 4019/975/1421
f 4259/982/1427 4019/975/1421 5266/981/1426
f 4052/983/1428 4051/984/1429 4306/985/1430
f 4021/986/1431 4307/987/1432 4051/984/1429
f 4306/985/1430 4051/984/1429 4307/987/1432
f 4050/988/1433 4294/989/1434 4021/986/1431
f 4307/987/1432 4021/986/1431 4294/989/1434
f 4018/990/1419 4017/906/1367 4050/988/1433
f 4294/989/1434 4050/988/1433 4017/906/1367
f 4055/980/1425 4054/991/1435 4291/992/1436
f 4063/993/1437 4292/994/1438 4054/991/1435
f 4291/992/1436 4054/991/1435 4292/994/1438
f 4022/995/1439 4023/996/1440 4330/997/1441
f 4090/998/1442 4270/999/1443 4084/1000/1444
f 4077/1001/1445 4079/1002/1446 4078/1003/1447
f 4056/979/1424 4324/900/1372 4079/1004/1446
f 4078/1005/1447 4079/1004/1446 4324/900/1372
f 4024/883/1355 3991/1006/1381 4026/1007/1448
f 4025/1008/1384 4026/1007/1448 3991/1006/1381
f 4048/1009/1449 4226/1010/1450 4027/1011/1451
f 4028/1012/1452 4027/1011/1451 4226/1010/1450
f 4226/1010/1450 4064/1013/1453 4028/1012/1452
f 4029/1014/1454 4028/1012/1452 4064/1013/1453
f 4064/1013/1453 4053/1015/1455 4029/1014/1454
f 4030/1016/1456 4029/1014/1454 4053/1015/1455
f 4053/1015/1455 4031/1017/1457 4030/1016/1456
f 4032/1018/1458 4030/1016/1456 4031/1017/1457
f 4031/1017/1457 4033/1019/1459 4032/1018/1458
f 4035/1020/1460 4032/1018/1458 4033/1019/1459
f 4033/1019/1459 4034/1021/1461 4035/1020/1460
f 4037/1022/1462 4035/1020/1460 4034/1021/1461
f 4034/1021/1461 4327/1023/1463 4037/1022/1462
f 4036/1024/1464 4037/1022/1462 4327/1023/1463
f 4237/1025/1465 4036/1024/1464 4327/1023/1463
f 5306/1026/1466 4057/1027/1467 5303/1028/1468
f 4038/1029/1469 5303/1028/1468 4057/1027/1467
f 4039/1030/1470 4040/1031/1471 4043/1032/1472
f 4041/1033/1473 4043/1032/1472 4040/1031/1471
f 4041/1033/1473 4042/1034/1474 4043/1032/1472
f 5302/1035/1475 4043/1032/1472 4042/1034/1474
f 4060/1036/1476 5295/1037/1477 4044/1038/1478
f 5301/1039/1479 4044/1038/1478 5295/1037/1477
f 4061/1040/1480 5293/1041/1481 4045/1042/1482
f 5300/1043/1483 4045/1042/1482 5293/1041/1481
f 5298/1044/1484 4046/1045/1485 5299/1046/1486
f 4047/1047/1487 5299/1046/1486 4046/1045/1485
f 4257/1048/1488 4048/1009/1449 5297/1049/1489
f 4027/1011/1451 5297/1049/1489 4048/1009/1449
f 4101/1050/1490 4238/1051/1491 4069/1052/1492
f 4049/1053/1493 4074/964/1411 5403/903/1375
f 3967/862/1339 5403/903/1375 4074/964/1411
f 4064/1013/1453 4226/1010/1450 4050/988/1433
f 4018/990/1419 4050/988/1433 4226/1010/1450
f 4021/986/1431 4051/984/1429 4053/1015/1455
f 4052/983/1428 4031/1017/1457 4051/984/1429
f 4053/1015/1455 4051/984/1429 4031/1017/1457
f 4063/993/1437 4033/1019/1459 4052/983/1428
f 4031/1017/1457 4052/983/1428 4033/1019/1459
f 4054/991/1435 4055/980/1425 4034/1021/1461
f 4056/979/1424 4079/1004/1446 4327/1023/1463
f 4057/1027/1467 4058/1054/1494 4038/1029/1469
f 5304/1055/1495 4038/1029/1469 4058/1054/1494
f 4040/1031/1471 4112/1056/1496 4041/1033/1473
f 4113/1057/1497 4041/1033/1473 4112/1056/1496
f 4113/1057/1497 4115/1058/1498 4041/1033/1473
f 4042/1034/1474 4041/1033/1473 4115/1058/1498
f 4116/1059/1499 4059/1060/1500 4060/1036/1476
f 5295/1037/1477 4060/1036/1476 4059/1060/1500
f 4117/1061/1501 4062/1062/1502 4061/1040/1480
f 5293/1041/1481 4061/1040/1480 4062/1062/1502
f 4046/1045/1485 5298/1044/1484 4119/1063/1503
f 5291/1064/1504 4119/1063/1503 5298/1044/1484
f 4063/993/1437 4052/983/1428 4292/994/1438
f 4292/994/1438 4052/983/1428 4306/985/1430
f 4033/1019/1459 4054/991/1435 4034/1021/1461
f 4050/988/1433 4021/986/1431 4064/1013/1453
f 4063/993/1437 4054/991/1435 4033/1019/1459
f 4064/1013/1453 4021/986/1431 4053/1015/1455
f 4066/909/1379 4275/910/1380 4065/1065/1505
f 4269/1066/1506 4065/1065/1505 4275/910/1380
f 3980/912/1382 4066/909/1379 4067/1067/1507
f 4065/1065/1505 4067/1067/1507 4066/909/1379
f 3980/915/1382 4067/1068/1507 4273/917/1385
f 4271/1069/1508 4273/917/1385 4067/1068/1507
f 4068/1070/1509 4007/965/1412 4274/1071/1510
f 4069/1052/1492 4274/1071/1510 4007/965/1412
f 4007/965/1412 4068/1070/1509 4008/908/1378
f 4070/1072/1511 4279/1073/1512 4238/1051/1491
f 4280/1074/1513 4270/999/1443 4022/1075/1439
f 4023/1076/1440 4022/1075/1439 4270/999/1443
f 4071/1077/1514 4271/1069/1508 4270/999/1443
f 4025/916/1384 4273/917/1385 4277/1078/1515
f 4272/1079/1516 4277/1078/1515 4273/917/1385
f 4026/1007/1448 4025/1008/1384 4285/1080/1517
f 4277/1081/1515 4285/1080/1517 4025/1008/1384
f 3977/876/1349 4072/877/1346 4016/892/1364
f 3967/862/1339 4016/892/1364 4072/877/1346
f 3967/1082/1339 4072/871/1346 4073/873/1340
f 3967/862/1339 4074/964/1411 4015/966/1413
f 3967/862/1339 4015/966/1413 4016/892/1364
f 4074/964/1411 4049/1053/1493 4007/965/1412
f 4075/1083/1357 3996/878/1350 4076/1084/1518
f 4284/880/1352 4076/1084/1518 3996/878/1350
f 3975/882/1354 3991/1006/1381 4024/883/1355
f 4092/1085/1519 4077/1001/1445 4301/1086/1383
f 4078/1003/1447 4301/1086/1383 4077/1001/1445
f 4055/980/1425 4056/979/1424 4327/1023/1463
f 4155/1087/1520 4099/1088/1521 4070/1089/1511
f 4083/1090/1522 5135/1091/1523 4099/1088/1521
f 4070/1089/1511 4099/1088/1521 5135/1091/1523
f 4083/1092/1522 4327/1093/1463 4079/1002/1446
f 4287/1094/1524 5135/1095/1523 4077/1001/1445
f 5135/1095/1523 4079/1002/1446 4077/1001/1445
f 4325/1096/1525 4154/1097/1526 4329/1098/1527
f 4104/1099/1528 4329/1098/1527 4154/1097/1526
f 4328/1100/1529 4080/1101/1530 4327/1093/1463
f 4082/1102/1531 4329/1098/1527 4104/1099/1528
f 4103/1103/1532 4081/1104/1533 4082/1105/1531
f 4082/1106/1531 4080/1101/1530 4329/1107/1527
f 4099/1088/1521 4154/1097/1526 4083/1090/1522
f 4325/1096/1525 4083/1090/1522 4154/1097/1526
f 4090/1108/1442 4084/1109/1444 4088/1110/1534
f 4085/1111/1535 4088/1110/1534 4084/1109/1444
f 4278/1112/1536 4088/1110/1534 4085/1111/1535
f 4023/996/1440 4086/1113/1537 4278/1112/1536
f 4023/996/1440 4087/1114/1538 4086/1113/1537
f 4087/1115/1538 4023/1076/1440 4270/999/1443
f 4091/1116/1539 4086/1113/1537 4089/1117/1540
f 4087/1114/1538 4089/1117/1540 4086/1113/1537
f 4090/1108/1442 4088/1110/1534 4089/1117/1540
f 4091/1116/1539 4089/1117/1540 4088/1110/1534
f 4087/1115/1538 4270/999/1443 4089/1118/1540
f 4089/1118/1540 4270/999/1443 4090/998/1442
f 4091/1116/1539 4088/1110/1534 4278/1112/1536
f 4086/1113/1537 4091/1116/1539 4278/1112/1536
f 3997/940/1314 3983/941/1386 3959/1119/1311
f 4286/1120/1541 4285/1080/1517 4277/1081/1515
f 4301/1086/1383 4075/1083/1357 4092/1085/1519
f 4076/1084/1518 4092/1085/1519 4075/1083/1357
f 4075/886/1357 4301/913/1383 4300/887/1358
f 4078/1005/1447 4324/900/1372 4301/913/1383
f 4236/1121/1542 4098/1122/1543 4152/1123/1544
f 4093/1124/1545 4094/1125/1546 4103/1103/1532
f 4094/1125/1546 4095/1126/1547 4103/1103/1532
f 4095/1126/1547 4081/1104/1533 4103/1103/1532
f 4105/1127/1548 4103/1128/1532 4082/1129/1531
f 4080/1130/1530 4096/1131/1549 4327/1132/1463
f 4098/1133/1543 4097/1134/1550 4152/1135/1544
f 4161/1136/1551 4102/1137/1552 4104/1138/1528
f 4105/1127/1548 4104/1138/1528 4102/1137/1552
f 4097/1134/1550 4098/1133/1543 4102/1137/1552
f 4093/1139/1545 4102/1137/1552 4098/1133/1543
f 4154/1097/1526 4099/1088/1521 4155/1087/1520
f 4152/1140/1544 4155/1087/1520 4070/1089/1511
f 4100/1141/1553 4101/1050/1490 4069/1052/1492
f 4102/1137/1552 4093/1139/1545 4105/1127/1548
f 4103/1128/1532 4105/1127/1548 4093/1139/1545
f 4104/1138/1528 4105/1127/1548 4082/1129/1531
f 4161/1136/1551 4097/1134/1550 4102/1137/1552
f 4107/1142/1554 4108/926/1392 4106/927/1393
f 4107/1142/1554 4109/928/1394 4108/926/1392
f 4107/1142/1554 4110/929/1395 4109/928/1394
f 4107/1143/1554 3989/930/1396 3988/931/1397
f 4107/1143/1554 4111/932/1398 3989/930/1396
f 4107/1142/1554 4106/927/1393 4111/927/1398
f 5310/1144/1555 5304/1055/1495 5311/1145/1556
f 4058/1054/1494 5311/1145/1556 5304/1055/1495
f 5287/1146/1557 4114/1147/1558 4112/1056/1496
f 4113/1057/1497 4112/1056/1496 4114/1147/1558
f 4114/1147/1558 5277/1148/1559 4113/1057/1497
f 4115/1058/1498 4113/1057/1497 5277/1148/1559
f 5296/1149/1560 5294/1150/1561 4116/1059/1499
f 4059/1060/1500 4116/1059/1499 5294/1150/1561
f 4062/1062/1502 4117/1061/1501 5292/1151/1562
f 4118/1152/1563 5292/1151/1562 4117/1061/1501
f 4267/1153/1564 4119/1063/1503 5290/1154/1565
f 5291/1064/1504 5290/1154/1565 4119/1063/1503
f 4121/1155/1566 4120/1156/1567 5316/1157/1568
f 5288/1158/1569 5316/1157/1568 4120/1156/1567
f 5287/1146/1557 5310/1144/1555 4121/1155/1566
f 4128/1159/1570 5277/1148/1559 4122/1160/1571
f 4114/1147/1558 4122/1160/1571 5277/1148/1559
f 5281/1161/1572 5294/1150/1561 5276/1162/1573
f 5296/1149/1560 5276/1162/1573 5294/1150/1561
f 5307/1163/1574 5292/1151/1562 5282/1164/1575
f 4118/1152/1563 5282/1164/1575 5292/1151/1562
f 4124/1165/1576 4125/1166/1577 4123/1167/1578
f 4130/1168/1579 4126/1169/1580 5289/1170/1581
f 5316/1157/1568 4126/1169/1580 4127/1171/1582
f 5286/1172/1583 4127/1171/1582 4126/1169/1580
f 4122/1160/1571 5285/1173/1584 4128/1159/1570
f 4131/1174/1585 4128/1159/1570 5285/1173/1584
f 5280/1175/1586 5281/1161/1572 4129/1176/1587
f 5276/1162/1573 4129/1176/1587 5281/1161/1572
f 5279/1177/1588 5307/1163/1574 5282/1164/1575
f 5283/1178/1589 4126/1169/1580 4130/1168/1579
f 4131/1174/1585 5285/1173/1584 5274/1179/1590
f 5284/1180/1591 5274/1179/1590 5285/1173/1584
f 5275/1181/1592 5280/1175/1586 4129/1176/1587
f 4133/803/1289 4132/812/1296 5101/802/1288
f 5106/811/1295 5101/802/1288 4132/812/1296
f 4134/805/1290 3953/816/1299 4133/804/1289
f 4132/815/1296 4133/804/1289 3953/816/1299
f 5355/806/1291 4135/820/1302 4134/805/1290
f 3953/816/1299 4134/805/1290 4135/820/1302
f 5355/806/1291 3950/807/1292 4135/820/1302
f 3956/821/1303 4135/820/1302 3950/807/1292
f 4136/823/1305 3950/807/1292 3951/808/1293
f 5164/1182/1593 4138/1183/1594 5170/1184/1595
f 5142/1185/1596 5170/1184/1595 4138/1183/1594
f 4139/1186/1597 4137/1187/1598 5164/1182/1593
f 4138/1183/1594 5164/1182/1593 4137/1187/1598
f 5165/1188/1599 4140/1189/1600 4139/1190/1597
f 4137/1191/1598 4139/1190/1597 4140/1189/1600
f 4141/1192/1601 5138/1193/1602 5165/1188/1599
f 4140/1189/1600 5165/1188/1599 5138/1193/1602
f 5167/1194/1603 5139/1195/1604 4141/1192/1601
f 5138/1193/1602 4141/1192/1601 5139/1195/1604
f 4142/1196/1605 4143/1197/1606 5167/1194/1603
f 5139/1195/1604 5167/1194/1603 4143/1197/1606
f 4144/1198/1607 4145/1199/1608 4142/1200/1605
f 4143/1201/1606 4142/1200/1605 4145/1199/1608
f 4669/1202/1609 5140/1203/1610 4144/1198/1607
f 4145/1199/1608 4144/1198/1607 5140/1203/1610
f 3949/800/1286 4181/1204/1611 4178/809/1294
f 4215/836/1318 4012/834/1316 4212/1205/1612
f 4216/971/1417 4212/1205/1612 4012/834/1316
f 4181/1204/1611 3949/800/1286 4147/1206/1613
f 4146/801/1287 4147/1206/1613 3949/800/1286
f 4148/969/1415 3957/825/1307 4235/826/1308
f 5212/1207/1614 4150/1208/1615 4213/1209/1616
f 4149/1210/1617 5222/1211/1618 5211/1212/1619
f 4150/1208/1615 5211/1212/1619 5222/1211/1618
f 4236/1121/1542 4094/1125/1546 4098/1122/1543
f 4093/1124/1545 4098/1122/1543 4094/1125/1546
f 5315/1213/1620 4100/1141/1553 4069/1052/1492
f 4156/1214/1621 4155/1087/1520 4151/1215/1622
f 4152/1140/1544 4151/1215/1622 4155/1087/1520
f 4152/1135/1544 4097/1134/1550 4151/1216/1622
f 4165/1217/1623 4151/1216/1622 4097/1134/1550
f 4097/1134/1550 4161/1136/1551 4165/1217/1623
f 4169/1218/1624 4165/1217/1623 4161/1136/1551
f 4171/1219/1625 4104/1099/1528 4153/1220/1626
f 4154/1097/1526 4153/1220/1626 4104/1099/1528
f 4153/1220/1626 4154/1097/1526 4156/1214/1621
f 4155/1087/1520 4156/1214/1621 4154/1097/1526
f 4157/1221/1627 4166/1222/1628 4158/1223/1629
f 4158/1223/1629 4159/1224/1630 4157/1221/1627
f 4163/1225/1631 4157/1221/1627 4159/1224/1630
f 4162/1226/1632 4167/1227/1633 4160/1228/1634
f 4161/1136/1551 4104/1138/1528 4169/1218/1624
f 4171/1229/1625 4169/1218/1624 4104/1138/1528
f 4167/1227/1633 4162/1226/1632 4159/1230/1630
f 4163/1231/1631 4159/1230/1630 4162/1226/1632
f 4151/1215/1622 4164/1232/1635 4156/1214/1621
f 4160/1228/1634 4156/1214/1621 4164/1232/1635
f 4151/1216/1622 4165/1217/1623 4164/1233/1635
f 4166/1222/1628 4164/1233/1635 4165/1217/1623
f 4165/1217/1623 4169/1218/1624 4166/1222/1628
f 4158/1223/1629 4166/1222/1628 4169/1218/1624
f 4156/1214/1621 4160/1228/1634 4153/1220/1626
f 4167/1227/1633 4153/1220/1626 4160/1228/1634
f 4167/1234/1633 4159/1235/1630 4168/1236/1636
f 4158/1237/1629 4168/1236/1636 4159/1235/1630
f 4158/1238/1629 4169/1239/1624 4168/1240/1636
f 4170/1241/1637 4168/1240/1636 4169/1239/1624
f 4169/1237/1624 4171/1236/1625 4170/1235/1637
f 4153/1234/1626 4170/1235/1637 4171/1236/1625
f 4170/1241/1637 4153/1242/1626 4168/1240/1636
f 4167/1243/1633 4168/1240/1636 4153/1242/1626
f 5110/1244/1638 4173/1245/1639 4172/1246/1640
f 4190/1247/1641 4172/1246/1640 4173/1245/1639
f 4714/1248/1642 5107/1249/1643 4174/1250/1644
f 4175/1251/1645 4174/1250/1644 5107/1249/1643
f 4178/809/1294 4176/1252/1646 3951/810/1293
f 5109/1253/1647 5108/1254/1648 4192/1255/1649
f 5111/1256/1650 4192/1255/1649 5108/1254/1648
f 4177/1257/1651 5125/1258/1652 4195/1259/1653
f 4194/1260/1654 4195/1259/1653 5125/1258/1652
f 4182/1261/1655 4177/1257/1651 4195/1259/1653
f 4178/809/1294 4179/1262/1656 4176/1252/1646
f 4196/1263/1657 4176/1252/1646 4179/1262/1656
f 4181/1204/1611 4180/1264/1658 4178/809/1294
f 4179/1262/1656 4178/809/1294 4180/1264/1658
f 4147/1206/1613 4702/1265/1659 4181/1204/1611
f 4180/1264/1658 4181/1204/1611 4702/1265/1659
f 4176/1266/1646 4196/1267/1657 4182/1261/1655
f 4177/1257/1651 4182/1261/1655 4196/1267/1657
f 5126/1268/1660 4186/1269/1661 4183/1270/1662
f 5128/1271/1663 4183/1270/1662 4186/1269/1661
f 5112/1272/1664 5117/1273/1665 5113/1274/1666
f 4193/1275/1667 5113/1274/1666 5117/1273/1665
f 5116/1276/1668 5127/1277/1669 5115/1278/1670
f 4191/1279/1671 5115/1278/1670 5127/1277/1669
f 4184/1280/1672 4185/1281/1673 4186/1269/1661
f 5128/1271/1663 4186/1269/1661 4185/1281/1673
f 4185/1281/1673 4184/1280/1672 4188/1282/1674
f 4187/1283/1675 4207/1284/1676 4197/1285/1677
f 4189/1286/1678 4197/1285/1677 4207/1284/1676
f 4209/1287/1679 4187/1283/1675 4199/1288/1680
f 4197/1285/1677 4199/1288/1680 4187/1283/1675
f 4206/1289/1681 4209/1287/1679 4198/1290/1682
f 4199/1288/1680 4198/1290/1682 4209/1287/1679
f 4207/1284/1676 4188/1282/1674 4189/1286/1678
f 4184/1280/1672 4189/1286/1678 4188/1282/1674
f 5125/1291/1652 4186/1292/1661 4172/1293/1640
f 5126/1294/1660 4172/1293/1640 4186/1292/1661
f 4173/1291/1639 4191/1292/1671 4190/1295/1641
f 4183/1296/1662 4190/1295/1641 4191/1292/1671
f 5109/1291/1647 5117/1292/1665 4175/1297/1645
f 5112/1298/1664 4175/1297/1645 5117/1292/1665
f 4714/1291/1642 4715/1292/1683 5107/1295/1643
f 5113/1296/1666 5107/1295/1643 4715/1292/1683
f 5110/1291/1638 5127/1292/1669 4192/1297/1649
f 5116/1298/1668 4192/1297/1649 5127/1292/1669
f 5108/1291/1648 4193/1292/1667 5111/1295/1650
f 5115/1296/1670 5111/1295/1650 4193/1292/1667
f 5128/1299/1663 4185/1300/1673 4194/1291/1654
f 4195/1301/1653 4194/1291/1654 4185/1300/1673
f 4184/1292/1672 4186/1300/1661 4177/1291/1651
f 5125/1302/1652 4177/1291/1651 4186/1300/1661
f 4185/1292/1673 4188/1300/1674 4195/1291/1653
f 4182/1302/1655 4195/1291/1653 4188/1300/1674
f 4197/1292/1677 4189/1300/1678 4179/1291/1656
f 4196/1302/1657 4179/1291/1656 4189/1300/1678
f 4199/1292/1680 4197/1300/1677 4180/1291/1658
f 4179/1302/1656 4180/1291/1658 4197/1300/1677
f 4198/1292/1682 4199/1300/1680 4702/1291/1659
f 4180/1302/1658 4702/1291/1659 4199/1300/1680
f 4189/1292/1678 4184/1300/1672 4196/1291/1657
f 4177/1302/1651 4196/1291/1657 4184/1300/1672
f 4200/835/1317 4215/836/1318 5224/1303/1684
f 5214/1304/1685 5224/1303/1684 4215/836/1318
f 5342/1305/1686 4201/904/1376 5343/1306/1687
f 3979/853/1327 5343/1306/1687 4201/904/1376
f 4069/1052/1492 4049/1053/1493 5403/903/1375
f 4069/1052/1492 4007/965/1412 4049/1053/1493
f 4259/982/1427 4202/1307/1688 4019/975/1421
f 4254/1308/1689 4019/975/1421 4202/1307/1688
f 4188/1309/1674 4207/1310/1676 4203/1311/1690
f 4208/1312/1691 4203/1311/1690 4207/1310/1676
f 4203/1311/1690 4205/1313/1692 4731/1314/1693
f 4204/1315/1694 4731/1314/1693 4205/1313/1692
f 4205/1313/1692 4209/1316/1679 4204/1315/1694
f 4206/1317/1681 4204/1315/1694 4209/1316/1679
f 4210/1318/1695 4208/1312/1691 4207/1310/1676
f 4209/1316/1679 4205/1313/1692 4210/1318/1695
f 4208/1312/1691 4210/1318/1695 4205/1313/1692
f 4205/1313/1692 4203/1311/1690 4208/1312/1691
f 4210/1318/1695 4207/1310/1676 4187/1319/1675
f 4209/1316/1679 4210/1318/1695 4187/1319/1675
f 4211/1320/1696 4188/1321/1674 4731/1322/1693
f 4203/1323/1690 4731/1322/1693 4188/1321/1674
f 4216/1324/1417 4217/1325/1697 4212/1326/1612
f 4212/1327/1612 4217/1327/1697 4215/1328/1318
f 4216/1329/1417 4011/1330/1416 4218/1331/1698
f 4220/1332/1699 4218/1331/1698 4011/1330/1416
f 5212/1333/1614 4213/1334/1616 4741/1335/1700
f 4214/1328/1701 4741/1335/1700 4213/1334/1616
f 5214/1325/1685 4214/1336/1701 4213/1336/1616
f 4188/1321/1674 4234/1337/1702 4182/1338/1655
f 4211/1320/1696 4761/1339/1703 4188/1321/1674
f 4219/1340/1704 4741/1335/1700 4214/1328/1701
f 4217/1327/1697 4214/1336/1701 4215/1328/1318
f 5214/1325/1685 4215/1328/1318 4214/1336/1701
f 4223/1341/1705 4743/1342/1706 4220/1343/1699
f 4221/1344/1707 4220/1343/1699 4743/1342/1706
f 4218/1345/1698 4217/1325/1697 4216/1324/1417
f 4182/1346/1655 4234/1347/1702 4225/1348/1306
f 4221/1349/1707 4741/1335/1700 4219/1340/1704
f 4219/1340/1704 4214/1328/1701 4218/1345/1698
f 4217/1325/1697 4218/1345/1698 4214/1328/1701
f 4220/1350/1699 4221/1349/1707 4218/1345/1698
f 4219/1340/1704 4218/1345/1698 4221/1349/1707
f 4223/1341/1705 4231/1351/1708 4743/1342/1706
f 4231/1351/1708 4229/1352/1709 4743/1342/1706
f 4229/1352/1709 4222/1353/1710 4743/1342/1706
f 4220/1332/1699 4234/1347/1702 4223/1354/1705
f 4231/1355/1708 4223/1354/1705 4234/1347/1702
f 3957/825/1307 4224/822/1304 4136/823/1305
f 3956/821/1303 4136/823/1305 4224/822/1304
f 4182/1261/1655 4225/824/1306 4136/823/1305
f 3957/825/1307 5205/839/1321 4224/822/1304
f 3986/840/1322 4224/822/1304 5205/839/1321
f 4176/1266/1646 4136/823/1305 3951/808/1293
f 4228/1356/1711 4257/1357/1488 4750/1358/1712
f 4767/1359/1713 4750/1358/1712 4257/1357/1488
f 4752/1360/1714 4227/972/1418 4226/1361/1450
f 4018/973/1419 4226/1361/1450 4227/972/1418
f 4750/1362/1712 4752/1360/1714 4228/1363/1711
f 4226/1361/1450 4228/1363/1711 4752/1360/1714
f 4228/1364/1711 4226/1365/1450 4257/1366/1488
f 4233/1367/1715 4761/1339/1703 4229/1368/1709
f 4222/1369/1710 4229/1368/1709 4761/1339/1703
f 4232/1370/1716 4229/1352/1709 4230/1371/1717
f 4231/1351/1708 4230/1371/1717 4229/1352/1709
f 4234/1347/1702 4230/1372/1717 4231/1355/1708
f 4230/1373/1717 4234/1337/1702 4232/1368/1716
f 4233/1367/1715 4232/1368/1716 4234/1337/1702
f 4229/1355/1709 4232/1372/1716 4233/1347/1715
f 4234/1337/1702 4188/1321/1674 4233/1367/1715
f 4761/1339/1703 4233/1367/1715 4188/1321/1674
f 4011/1330/1416 4148/1374/1415 4220/1332/1699
f 4220/1332/1699 4148/1374/1415 4234/1347/1702
f 4235/1375/1308 4234/1347/1702 4148/1374/1415
f 4235/1375/1308 4225/1348/1306 4234/1347/1702
f 5213/1376/1718 5224/1303/1684 5214/1304/1685
f 4239/1377/1719 4096/1378/1549 4236/1121/1542
f 4094/1125/1546 4236/1121/1542 4096/1378/1549
f 4258/1379/1720 4096/1378/1549 4239/1377/1719
f 5315/1213/1620 5313/1380/1721 5312/1381/1722
f 4256/1382/1723 5265/1383/1724 4257/1357/1488
f 4767/1359/1713 4257/1357/1488 5265/1383/1724
f 5305/1384/1725 4237/1025/1726 4096/1385/1549
f 5135/1095/1523 4083/1092/1522 4079/1002/1446
f 4325/1386/1525 4327/1093/1463 4083/1092/1522
f 4101/1050/1490 4152/1123/1544 4238/1051/1491
f 4070/1072/1511 4238/1051/1491 4152/1123/1544
f 4100/1141/1553 4236/1121/1542 4101/1050/1490
f 4152/1123/1544 4101/1050/1490 4236/1121/1542
f 4239/1377/1719 4236/1121/1542 5315/1213/1620
f 4100/1141/1553 5315/1213/1620 4236/1121/1542
f 4238/1051/1491 4279/1073/1512 4274/1071/1510
f 5315/1213/1620 5312/1381/1722 4239/1377/1719
f 4258/1379/1720 4239/1377/1719 5312/1381/1722
f 4200/1387/1317 4242/1388/1727 4240/1389/1728
f 4241/1389/1729 5229/1388/1730 5224/1387/1684
f 4242/1390/1727 4200/1391/1317 5229/1392/1730
f 5224/1393/1684 5229/1392/1730 4200/1391/1317
f 5225/1394/1731 4242/1395/1727 4243/1396/1732
f 4251/1397/1733 4243/1396/1732 4242/1395/1727
f 4776/1398/1734 5228/1399/1735 5223/1400/1736
f 5230/1401/1737 5229/1402/1730 4241/1403/1729
f 5340/1404/1738 4244/1405/1739 4249/1406/1740
f 4245/1407/1741 4249/1406/1740 4244/1405/1739
f 4246/1408/1742 5341/1409/1743 4249/1406/1740
f 5340/1404/1738 4249/1406/1740 5341/1409/1743
f 5353/1410/1744 5354/1411/1745 4246/1408/1742
f 5341/1409/1743 4246/1408/1742 5354/1411/1745
f 4249/1406/1740 4245/1407/1741 4248/1412/1746
f 4247/1413/1747 4248/1412/1746 4245/1407/1741
f 4249/1406/1740 4248/1412/1746 4246/1408/1742
f 4781/1414/1748 4246/1408/1742 4248/1412/1746
f 4246/1408/1742 4781/1414/1748 5353/1410/1744
f 4250/1415/1749 5353/1410/1744 4781/1414/1748
f 5228/1416/1735 5345/1413/1750 5229/1392/1730
f 5344/1407/1751 5229/1392/1730 5345/1413/1750
f 4242/1390/1727 5229/1392/1730 5344/1407/1751
f 4242/1390/1727 5344/1407/1751 4251/1417/1733
f 4252/1405/1752 4251/1417/1733 5344/1407/1751
f 5399/1418/1753 5352/1419/1754 4254/1420/1689
f 4499/1421/1370 5409/1422/1369 4253/1423/1755
f 5409/1422/1369 4254/1420/1689 4253/1423/1755
f 4254/1420/1689 5352/1419/1754 4253/1423/1755
f 4256/1382/1723 4255/1424/1756 5265/1383/1724
f 4058/1054/1494 4096/1378/1549 4258/1379/1720
f 4256/1382/1723 4257/1357/1488 4119/1063/1503
f 5311/1145/1556 4058/1054/1494 5312/1381/1722
f 4258/1379/1720 5312/1381/1722 4058/1054/1494
f 5314/1425/1757 5288/1158/1569 5313/1380/1721
f 4120/1156/1567 5313/1380/1721 5288/1158/1569
f 5266/981/1426 4124/1165/1576 4259/982/1427
f 4123/1167/1578 4259/982/1427 4124/1165/1576
f 4262/1426/1758 4130/1168/1579 4260/1427/1759
f 5289/1170/1581 4260/1427/1759 4130/1168/1579
f 4261/1428/1760 5283/1178/1589 4262/1426/1758
f 4130/1168/1579 4262/1426/1758 5283/1178/1589
f 4263/1429/1761 5273/1430/1762 5284/1180/1591
f 5274/1179/1590 5284/1180/1591 5273/1430/1762
f 4264/1431/1763 5404/1432/1764 5275/1181/1592
f 4265/1433/1765 5275/1181/1592 5404/1432/1764
f 4259/982/1427 4123/1167/1578 4202/1307/1688
f 4266/1434/1766 4202/1307/1688 4123/1167/1578
f 4255/1424/1756 4256/1382/1723 4267/1153/1564
f 4119/1063/1503 4267/1153/1564 4256/1382/1723
f 4275/910/1380 4268/1435/1767 4269/1066/1506
f 4065/1065/1505 4269/1066/1506 4085/1111/1535
f 4278/1112/1536 4085/1111/1535 4269/1066/1506
f 4067/1067/1507 4065/1065/1505 4084/1109/1444
f 4085/1111/1535 4084/1109/1444 4065/1065/1505
f 4067/1068/1507 4084/1000/1444 4271/1069/1508
f 4270/999/1443 4271/1069/1508 4084/1000/1444
f 4272/1079/1516 4273/917/1385 4071/1077/1514
f 4271/1069/1508 4071/1077/1514 4273/917/1385
f 4068/1070/1509 4274/1071/1510 4275/910/1380
f 4268/1435/1767 4275/910/1380 4274/1071/1510
f 4275/910/1380 4008/908/1378 4068/1070/1509
f 4282/1436/1768 4277/1078/1515 4276/1437/1769
f 4272/1079/1516 4276/1437/1769 4277/1078/1515
f 4280/1074/1513 4276/1437/1769 4071/1077/1514
f 4272/1079/1516 4071/1077/1514 4276/1437/1769
f 4071/1077/1514 4270/999/1443 4280/1074/1513
f 4278/1112/1536 4330/997/1441 4023/996/1440
f 4330/997/1441 4269/1066/1506 4281/1438/1770
f 4268/1435/1767 4281/1438/1770 4269/1066/1506
f 4281/1438/1770 4268/1435/1767 4279/1073/1512
f 4274/1071/1510 4279/1073/1512 4268/1435/1767
f 4330/1234/1441 4280/1237/1513 4022/1236/1439
f 4276/1439/1769 4281/1440/1770 4282/1441/1768
f 4279/1442/1512 4282/1441/1768 4281/1440/1770
f 4280/1439/1513 4330/1440/1441 4276/1441/1769
f 4281/1442/1770 4276/1441/1769 4330/1440/1441
f 5135/1091/1523 4282/1443/1768 4070/1089/1511
f 4279/1444/1512 4070/1089/1511 4282/1443/1768
f 4069/1052/1492 4238/1051/1491 4274/1071/1510
f 4289/902/1374 4055/980/1425 4291/992/1436
f 4282/1443/1768 4286/1445/1541 4277/1446/1515
f 4077/1001/1445 4092/1085/1519 4287/1094/1524
f 3989/930/1396 3974/884/1356 4283/881/1353
f 4284/880/1352 4283/881/1353 4024/883/1355
f 3974/884/1356 4024/883/1355 4283/881/1353
f 4024/883/1355 4026/1007/1448 4284/880/1352
f 4076/1084/1518 4284/880/1352 4026/1007/1448
f 4026/1007/1448 4285/1080/1517 4076/1084/1518
f 4092/1085/1519 4076/1084/1518 4285/1080/1517
f 4285/1080/1517 4286/1120/1541 4092/1085/1519
f 4287/1094/1524 4092/1085/1519 4286/1120/1541
f 4288/901/1373 4289/902/1374 4319/1447/1771
f 4291/992/1436 4319/1447/1771 4289/902/1374
f 4319/1447/1771 4291/992/1436 4290/1448/1772
f 4292/994/1438 4290/1448/1772 4291/992/1436
f 4292/994/1438 4315/1449/1773 4290/1448/1772
f 4315/1449/1773 4303/1450/1774 4316/1451/1775
f 4293/1452/1776 4316/1451/1775 4303/1450/1774
f 4303/1450/1774 4295/1453/1777 4293/1452/1776
f 5061/905/1377 4295/1453/1777 4294/989/1434
f 4307/987/1432 4294/989/1434 4295/1453/1777
f 4318/1454/1778 5052/1455/1779 4296/1456/1780
f 4318/1454/1778 4296/1456/1780 4297/1457/1781
f 4320/1458/1782 4297/1457/1781 4296/1456/1780
f 4302/1459/1783 4297/1457/1781 4298/935/1400
f 4320/1458/1782 4298/935/1400 4297/1457/1781
f 3972/869/1344 4298/935/1400 4320/1458/1782
f 4299/1460/1784 4302/1459/1783 4300/887/1358
f 4298/935/1400 4300/887/1358 4302/1459/1783
f 4300/887/1358 4301/913/1383 4299/1460/1784
f 3981/899/1371 4299/1460/1784 4301/913/1383
f 4299/1460/1784 3981/899/1371 4302/1459/1783
f 4288/901/1373 4302/1459/1783 3981/899/1371
f 4306/985/1430 4315/1449/1773 4292/994/1438
f 4303/1450/1774 4315/1449/1773 4306/985/1430
f 4304/938/1402 4305/846/1328 5048/934/1399
f 4310/870/1345 5048/934/1399 3964/848/1330
f 4309/859/1336 5061/905/1377 3959/907/1311
f 4294/989/1434 4017/906/1367 5061/905/1377
f 4306/985/1430 4307/987/1432 4303/1450/1774
f 4307/987/1432 4295/1453/1777 4303/1450/1774
f 4312/1461/1785 4311/1462/1786 5048/1463/1787
f 4304/1464/1787 4311/1462/1786 4308/1465/1787
f 4308/1465/1787 4311/1462/1786 4309/1466/1788
f 3972/1467/1789 4312/1461/1785 4310/1468/1787
f 4317/1469/1790 5061/1470/1791 4311/1462/1786
f 4309/1466/1788 4311/1462/1786 5061/1470/1791
f 4312/1461/1785 3972/1467/1789 4323/1471/1792
f 4320/1472/1793 4323/1471/1792 3972/1467/1789
f 4290/1473/1794 4326/1474/1795 4319/1475/1796
f 4326/1474/1795 4290/1473/1794 4313/1476/1797
f 4315/1477/1798 4313/1476/1797 4290/1473/1794
f 4313/1476/1797 4315/1477/1798 4314/1478/1799
f 4316/1479/1800 4314/1478/1799 4315/1477/1798
f 4314/1478/1799 4316/1479/1800 4317/1480/1790
f 4293/1481/1801 4317/1480/1790 4316/1479/1800
f 4295/1482/1801 4317/1480/1790 4293/1481/1801
f 5061/1483/1791 4317/1480/1790 4295/1482/1801
f 4318/1484/1802 4321/1485/1803 5052/1486/1804
f 4321/1485/1803 4318/1484/1802 4322/1487/1805
f 4297/1488/1806 4322/1487/1805 4318/1484/1802
f 4297/1457/1781 4302/1459/1783 4319/1447/1771
f 4288/901/1373 4319/1447/1771 4302/1459/1783
f 5052/1486/1804 4321/1485/1803 4296/1489/1807
f 4323/1471/1792 4320/1472/1793 4321/1485/1803
f 4296/1489/1807 4321/1485/1803 4320/1472/1793
f 5048/1463/1787 4311/1462/1786 4304/1464/1787
f 4314/1490/1799 4311/1491/1786 4312/1492/1785
f 4310/1468/1787 4312/1461/1785 5048/1463/1787
f 4321/1493/1803 4322/1494/1805 4314/1490/1799
f 4313/1495/1797 4314/1490/1799 4322/1494/1805
f 4326/1496/1795 4313/1495/1797 4322/1494/1805
f 4317/1497/1790 4311/1491/1786 4314/1490/1799
f 4312/1492/1785 4323/1498/1792 4314/1490/1799
f 4321/1493/1803 4314/1490/1799 4323/1498/1792
f 3990/933/1359 3975/882/1354 3974/884/1356
f 4324/900/1372 4056/979/1424 4289/902/1374
f 4329/1107/1527 4328/1100/1529 4325/1386/1525
f 4319/1475/1796 4326/1499/1795 4297/1488/1806
f 4322/1487/1805 4297/1488/1806 4326/1499/1795
f 4034/1021/1461 4055/980/1425 4327/1023/1463
f 4325/1386/1525 4328/1100/1529 4327/1093/1463
f 4080/1101/1530 4328/1100/1529 4329/1107/1527
f 4278/1112/1536 4269/1066/1506 4330/997/1441
f 4849/1500/1808 4844/1501/1787 4332/1502/1809
f 4331/1503/1810 4332/1502/1809 4844/1501/1787
f 4336/1504/1811 4847/1505/1812 4333/1506/1813
f 4846/1507/1814 4333/1506/1813 4847/1505/1812
f 4331/1503/1810 4334/1508/1815 4332/1502/1809
f 4335/1509/1816 4332/1502/1809 4334/1508/1815
f 4851/1510/1817 4849/1511/1808 4335/1512/1816
f 4332/1513/1809 4335/1512/1816 4849/1511/1808
f 4333/1514/1813 4335/1509/1816 4334/1508/1815
f 4846/1507/1814 4851/1510/1817 4333/1506/1813
f 4335/1512/1816 4333/1506/1813 4851/1510/1817
f 4336/1515/1811 4333/1514/1813 4334/1508/1815
f 4337/1516/1818 4344/1517/1819 4338/1518/1820
f 4344/1517/1819 4346/1519/1821 4338/1518/1820
f 4346/1519/1821 4347/1520/1822 4338/1518/1820
f 4347/1521/1822 4348/1522/1823 4338/1523/1820
f 4348/1522/1823 4339/1524/1824 4338/1523/1820
f 4339/1524/1824 4337/1525/1818 4338/1523/1820
f 4351/1526/1825 4352/1527/1826 4350/1528/1827
f 4343/1529/1828 4350/1528/1827 4352/1527/1826
f 4352/1527/1826 4340/1530/1829 4343/1529/1828
f 4341/1531/1830 4343/1529/1828 4340/1530/1829
f 4340/1530/1829 4354/1532/1831 4341/1531/1830
f 4345/1533/1832 4341/1531/1830 4354/1532/1831
f 4354/1534/1831 4355/1535/1833 4345/1536/1832
f 4342/1537/1834 4345/1536/1832 4355/1535/1833
f 4355/1535/1833 4356/1538/1835 4342/1537/1834
f 4349/1539/1836 4342/1537/1834 4356/1538/1835
f 4356/1538/1835 4351/1540/1825 4349/1539/1836
f 4350/1541/1827 4349/1539/1836 4351/1540/1825
f 4337/1516/1818 4350/1528/1827 4344/1517/1819
f 4343/1529/1828 4344/1517/1819 4350/1528/1827
f 4343/1529/1828 4341/1531/1830 4344/1517/1819
f 4346/1519/1821 4344/1517/1819 4341/1531/1830
f 4341/1531/1830 4345/1533/1832 4346/1519/1821
f 4347/1520/1822 4346/1519/1821 4345/1533/1832
f 4345/1536/1832 4342/1537/1834 4347/1521/1822
f 4348/1522/1823 4347/1521/1822 4342/1537/1834
f 4342/1537/1834 4349/1539/1836 4348/1522/1823
f 4339/1524/1824 4348/1522/1823 4349/1539/1836
f 4349/1539/1836 4350/1541/1827 4339/1524/1824
f 4337/1525/1818 4339/1524/1824 4350/1541/1827
f 4353/1542/1787 4352/1543/1826 4351/1544/1825
f 4353/1542/1787 4340/1545/1829 4352/1543/1826
f 4353/1542/1787 4354/1546/1831 4340/1545/1829
f 4353/1542/1787 4355/1547/1833 4354/1546/1831
f 4353/1542/1787 4356/1548/1835 4355/1547/1833
f 4353/1542/1787 4351/1544/1825 4356/1548/1835
f 4374/1549/1818 4366/1550/1837 4357/1551/1820
f 4366/1550/1837 4369/1552/1821 4357/1551/1820
f 4369/1552/1821 4371/1553/1822 4357/1551/1820
f 4371/1554/1822 4372/1555/1823 4357/1556/1820
f 4372/1555/1823 4358/1557/1824 4357/1556/1820
f 4358/1557/1824 4374/1558/1818 4357/1556/1820
f 4364/1559/1838 4376/1560/1839 4365/1561/1840
f 4360/1562/1841 4365/1561/1840 4376/1560/1839
f 4376/1560/1839 4359/1563/1842 4360/1562/1841
f 4367/1564/1843 4360/1562/1841 4359/1563/1842
f 4359/1563/1842 4361/1565/1844 4367/1564/1843
f 4368/1566/1845 4367/1564/1843 4361/1565/1844
f 4361/1567/1844 4362/1568/1846 4368/1569/1845
f 4370/1570/1847 4368/1569/1845 4362/1568/1846
f 4362/1568/1846 4363/1571/1848 4370/1570/1847
f 4373/1572/1849 4370/1570/1847 4363/1571/1848
f 4363/1571/1848 4364/1573/1838 4373/1572/1849
f 4365/1574/1840 4373/1572/1849 4364/1573/1838
f 4374/1549/1818 4365/1561/1840 4366/1550/1837
f 4360/1562/1841 4366/1550/1837 4365/1561/1840
f 4360/1562/1841 4367/1564/1843 4366/1550/1837
f 4369/1552/1821 4366/1550/1837 4367/1564/1843
f 4367/1564/1843 4368/1566/1845 4369/1552/1821
f 4371/1553/1822 4369/1552/1821 4368/1566/1845
f 4368/1569/1845 4370/1570/1847 4371/1554/1822
f 4372/1555/1823 4371/1554/1822 4370/1570/1847
f 4370/1570/1847 4373/1572/1849 4372/1555/1823
f 4358/1557/1824 4372/1555/1823 4373/1572/1849
f 4373/1572/1849 4365/1574/1840 4358/1557/1824
f 4374/1558/1818 4358/1557/1824 4365/1574/1840
f 4375/1575/1787 4376/1576/1839 4364/1577/1838
f 4375/1575/1787 4359/1578/1842 4376/1576/1839
f 4375/1575/1787 4361/1579/1844 4359/1578/1842
f 4375/1575/1787 4362/1580/1846 4361/1579/1844
f 4375/1575/1787 4363/1581/1848 4362/1580/1846
f 4375/1575/1787 4364/1577/1838 4363/1581/1848
f 4382/1582/1850 4379/1583/1851 4377/1584/1852
f 4382/1582/1850 4378/1585/1853 4380/1584/1854
f 4380/1584/1854 4381/1586/1855 4379/1583/1851
f 4378/1585/1853 4382/1582/1850 4377/1584/1852
f 4379/1583/1851 4382/1582/1850 4380/1584/1854
f 4377/1584/1852 4379/1583/1851 4381/1586/1855
f 4383/1587/1856 4387/1588/1857 4386/1589/1858
f 4383/1587/1856 4385/1590/1859 4384/1589/1860
f 4385/1590/1859 4383/1587/1856 4386/1589/1858
f 5411/1588/1861 4383/1587/1856 4384/1589/1860
f 4386/1589/1858 4387/1588/1857 4388/1591/1862
f 5410/1592/1863 4387/1588/1857 4383/1587/1856
f 4388/1591/1862 4387/1588/1857 5411/1588/1861
f 5411/1588/1861 4387/1588/1857 4389/1593/1864
f 4384/1589/1860 4388/1591/1862 5411/1588/1861
f 4390/1582/1865 4395/1583/1866 4394/1584/1867
f 4390/1582/1865 4391/1585/1868 4392/1584/1869
f 4392/1584/1869 4393/1586/1870 4395/1583/1866
f 4391/1585/1868 4390/1582/1865 4394/1584/1867
f 4395/1583/1866 4390/1582/1865 4392/1584/1869
f 4394/1584/1867 4395/1583/1866 4393/1586/1870
f 4407/1594/1871 4396/1595/1872 4405/1596/1873
f 4398/1597/1874 4405/1596/1873 4396/1595/1872
f 4405/1596/1873 4398/1597/1874 4397/1594/1875
f 4399/1595/1876 4397/1594/1875 4398/1597/1874
f 4397/1594/1875 4399/1595/1876 4401/1598/1877
f 4402/1599/1878 4401/1598/1877 4399/1595/1876
f 4401/1598/1877 4402/1599/1878 4400/1600/1879
f 4403/1601/1880 4400/1600/1879 4402/1599/1878
f 4400/1600/1879 4403/1601/1880 4406/1598/1881
f 4404/1599/1882 4406/1598/1881 4403/1601/1880
f 4406/1598/1881 4404/1599/1882 4407/1594/1871
f 4396/1595/1872 4407/1594/1871 4404/1599/1882
f 4397/1602/1875 4407/1603/1871 4405/1604/1873
f 4400/1605/1879 4406/1606/1881 4401/1607/1877
f 4397/1602/1875 4401/1607/1877 4407/1603/1871
f 4406/1606/1881 4407/1603/1871 4401/1607/1877
f 4408/1608/1883 4409/1609/1884 4423/1610/1885
f 4411/1611/1886 4423/1610/1885 4409/1609/1884
f 4409/1609/1884 4410/1608/1887 4411/1611/1886
f 4421/1610/1888 4411/1611/1886 4410/1608/1887
f 4413/1612/1889 4421/1610/1888 4410/1608/1887
f 4413/1612/1889 4414/1613/1890 4412/1614/1891
f 4415/1615/1892 4412/1614/1891 4414/1613/1890
f 4415/1615/1892 4414/1613/1890 4424/1614/1893
f 4422/1612/1894 4424/1614/1893 4414/1613/1890
f 4423/1610/1885 4424/1614/1893 4422/1612/1894
f 4421/1603/1888 4423/1602/1885 4411/1604/1886
f 4416/1605/1895 4417/1607/1896 4420/1606/1897
f 4421/1603/1888 4420/1606/1897 4423/1602/1885
f 4417/1607/1896 4423/1602/1885 4420/1606/1897
f 4420/1616/1897 4421/1610/1888 4418/1617/1898
f 4418/1617/1898 4419/1618/1899 4420/1616/1897
f 4416/1619/1895 4420/1616/1897 4419/1618/1899
f 4425/1617/1900 4417/1616/1896 4419/1618/1899
f 4416/1619/1895 4419/1618/1899 4417/1616/1896
f 4417/1616/1896 4425/1617/1900 4423/1610/1885
f 4412/1614/1891 4421/1610/1888 4413/1612/1889
f 4408/1608/1883 4423/1610/1885 4422/1612/1894
f 4412/1620/1891 4415/1621/1892 4418/1622/1898
f 4419/1623/1899 4418/1622/1898 4415/1621/1892
f 4424/1624/1893 4425/1625/1900 4415/1621/1892
f 4419/1623/1899 4415/1621/1892 4425/1625/1900
f 4418/1617/1898 4421/1610/1888 4412/1614/1891
f 4425/1617/1900 4424/1614/1893 4423/1610/1885
f 4439/1608/1901 4426/1609/1902 4432/1610/1903
f 4428/1611/1904 4432/1610/1903 4426/1609/1902
f 4426/1609/1902 4427/1608/1905 4428/1611/1904
f 4435/1610/1906 4428/1611/1904 4427/1608/1905
f 4429/1612/1907 4435/1610/1906 4427/1608/1905
f 4429/1612/1907 4430/1613/1908 4442/1614/1909
f 4440/1615/1910 4442/1614/1909 4430/1613/1908
f 4440/1615/1910 4430/1613/1908 4443/1614/1911
f 4431/1612/1912 4443/1614/1911 4430/1613/1908
f 4432/1610/1903 4443/1614/1911 4431/1612/1912
f 4435/1602/1906 4432/1603/1903 4428/1604/1904
f 4438/1605/1913 4433/1606/1914 4436/1607/1915
f 4435/1602/1906 4436/1607/1915 4432/1603/1903
f 4433/1606/1914 4432/1603/1903 4436/1607/1915
f 4436/1616/1915 4435/1610/1906 4434/1617/1916
f 4434/1617/1916 4437/1618/1917 4436/1616/1915
f 4438/1619/1913 4436/1616/1915 4437/1618/1917
f 4441/1617/1918 4433/1616/1914 4437/1618/1917
f 4438/1619/1913 4437/1618/1917 4433/1616/1914
f 4433/1616/1914 4441/1617/1918 4432/1610/1903
f 4442/1614/1909 4435/1610/1906 4429/1612/1907
f 4439/1608/1901 4432/1610/1903 4431/1612/1912
f 4442/1624/1909 4440/1621/1910 4434/1625/1916
f 4437/1623/1917 4434/1625/1916 4440/1621/1910
f 4443/1620/1911 4441/1622/1918 4440/1621/1910
f 4437/1623/1917 4440/1621/1910 4441/1622/1918
f 4434/1617/1916 4435/1610/1906 4442/1614/1909
f 4441/1617/1918 4443/1614/1911 4432/1610/1903
f 4444/1583/1919 4961/1582/1920 4447/1584/1921
f 4962/1585/1922 4961/1582/1920 4445/1584/1923
f 4444/1583/1919 4447/1584/1921 4446/1586/1924
f 4972/1626/1925 4449/1627/1926 4968/1628/1927
f 4980/1629/1926 4968/1628/1927 4449/1627/1926
f 4980/1630/1926 4449/1631/1926 4969/1632/1928
f 4981/1633/1928 4969/1632/1928 4449/1631/1926
f 4970/1634/1929 4983/1635/1930 4971/1636/1931
f 4982/1637/1931 4971/1636/1931 4983/1635/1930
f 4970/1638/1929 4972/1626/1925 4983/1639/1930
f 4968/1628/1927 4983/1639/1930 4972/1626/1925
f 4963/1629/1932 4965/1627/1932 4964/1628/1933
f 4967/1626/1934 4964/1628/1933 4965/1627/1932
f 4981/1633/1928 4965/1629/1932 4969/1632/1928
f 4963/1640/1932 4969/1632/1928 4965/1629/1932
f 4982/1637/1931 4966/1639/1935 4971/1636/1931
f 4448/1641/1935 4971/1636/1931 4966/1639/1935
f 4964/1628/1933 4967/1626/1934 4966/1639/1935
f 4448/1638/1935 4966/1639/1935 4967/1626/1934
f 4979/1642/1936 4978/1643/1937 4980/1631/1938
f 4968/1644/1939 4980/1631/1938 4978/1643/1937
f 4978/1643/1940 4979/1642/1941 4972/1644/1941
f 4449/1631/1942 4972/1644/1941 4979/1642/1941
f 4979/1642/1943 4974/1645/1944 4449/1631/1945
f 4981/1633/1946 4449/1631/1945 4974/1645/1944
f 4974/1645/1947 4979/1642/1948 4969/1633/1948
f 4980/1631/1949 4969/1633/1948 4979/1642/1948
f 4984/1646/1950 4975/1647/1951 4983/1635/1951
f 4982/1637/1952 4983/1635/1951 4975/1647/1951
f 4975/1647/1953 4984/1646/1954 4971/1637/1955
f 4970/1635/1956 4971/1637/1955 4984/1646/1954
f 4978/1643/1957 4984/1646/1958 4968/1644/1958
f 4983/1635/1959 4968/1644/1958 4984/1646/1958
f 4984/1646/1960 4978/1643/1961 4970/1635/1961
f 4972/1644/1962 4970/1635/1961 4978/1643/1961
f 4973/1648/1963 4977/1649/1964 4965/1629/1965
f 4967/1628/1966 4965/1629/1965 4977/1649/1964
f 4977/1649/1967 4973/1648/1968 4964/1628/1969
f 4963/1629/1970 4964/1628/1969 4973/1648/1968
f 4973/1648/1971 4974/1645/1972 4963/1629/1972
f 4969/1633/1973 4963/1629/1972 4974/1645/1972
f 4974/1645/1974 4973/1648/1975 4981/1633/1975
f 4965/1629/1976 4981/1633/1975 4973/1648/1975
f 4976/1650/1977 4975/1647/1978 4448/1639/1979
f 4971/1637/1980 4448/1639/1979 4975/1647/1978
f 4975/1647/1981 4976/1650/1982 4982/1637/1982
f 4966/1639/1983 4982/1637/1982 4976/1650/1982
f 4977/1649/1984 4976/1650/1985 4967/1628/1985
f 4448/1639/1986 4967/1628/1985 4976/1650/1985
f 4976/1650/1987 4977/1649/1988 4966/1639/1989
f 4964/1628/1990 4966/1639/1989 4977/1649/1988
f 4336/1515/1811 4334/1508/1815 4847/1651/1812
f 4985/1652/1820 4847/1651/1812 4334/1508/1815
f 4461/772/1991 4451/770/1992 4450/771/1263
f 5143/769/1261 4450/771/1263 4451/770/1992
f 4452/774/1993 5144/773/1994 4461/772/1991
f 4451/770/1992 4461/772/1991 5144/773/1994
f 4462/1653/1995 4453/1654/1996 4452/1655/1993
f 5144/1656/1994 4452/1655/1993 4453/1654/1996
f 4464/1657/1997 4454/1658/1998 4462/1653/1995
f 4453/1654/1996 4462/1653/1995 4454/1658/1998
f 4456/1659/1999 5149/1660/2000 4464/1657/1997
f 4454/1658/1998 4464/1657/1997 5149/1660/2000
f 4455/1661/2001 5147/1662/2002 4456/1659/1999
f 5149/1660/2000 4456/1659/1999 5147/1662/2002
f 4458/1663/2003 5151/1664/2004 4455/1665/2001
f 5147/1666/2002 4455/1665/2001 5151/1664/2004
f 4457/790/1278 3940/789/1277 4458/1663/2003
f 5151/1664/2004 4458/1663/2003 3940/789/1277
f 4460/792/2005 4461/772/1991 4459/791/1279
f 4450/771/1263 4459/791/1279 4461/772/1991
f 4463/793/2006 4452/774/1993 4460/792/2005
f 4461/772/1991 4460/792/2005 4452/774/1993
f 4467/1667/2007 4462/1653/1995 4463/1668/2006
f 4452/1655/1993 4463/1668/2006 4462/1653/1995
f 4469/1669/2008 4464/1657/1997 4467/1667/2007
f 4462/1653/1995 4467/1667/2007 4464/1657/1997
f 4465/1670/2009 4456/1659/1999 4469/1669/2008
f 4464/1657/1997 4469/1669/2008 4456/1659/1999
f 4470/1671/2010 4455/1661/2001 4465/1670/2009
f 4456/1659/1999 4465/1670/2009 4455/1661/2001
f 4672/1672/2011 4458/1663/2003 4470/1673/2010
f 4455/1665/2001 4470/1673/2010 4458/1663/2003
f 4146/801/1287 4457/790/1278 4672/1672/2011
f 4458/1663/2003 4672/1672/2011 4457/790/1278
f 4661/803/2012 4463/793/2006 4466/802/2013
f 4460/792/2005 4466/802/2013 4463/793/2006
f 4468/1674/2014 4467/1667/2007 4661/1675/2012
f 4463/1668/2006 4661/1675/2012 4467/1667/2007
f 4663/1676/2015 4469/1669/2008 4468/1674/2014
f 4467/1667/2007 4468/1674/2014 4469/1669/2008
f 4469/1669/2008 4662/1677/2016 4465/1670/2009
f 4749/1678/2017 4470/1671/2010 4465/1670/2009
f 4700/1679/2018 4672/1672/2011 4470/1673/2010
f 4472/814/2019 4473/812/2020 4471/813/2021
f 5102/811/2022 4471/813/2021 4473/812/2020
f 4544/1680/2023 4474/1681/2024 4472/1682/2019
f 4473/1683/2020 4472/1682/2019 4474/1681/2024
f 4477/1684/2025 4474/1681/2024 4475/1685/2026
f 4544/1680/2023 4475/1685/2026 4474/1681/2024
f 4545/1686/2027 4476/1687/2028 4475/1685/2026
f 4477/1684/2025 4475/1685/2026 4476/1687/2028
f 4763/1688/2029 4747/1689/2030 4478/1690/2031
f 4746/1691/2032 4478/1690/2031 4747/1689/2030
f 4481/830/2033 4480/828/1310 4479/829/2034
f 3958/827/1309 4479/829/2034 4480/828/1310
f 4528/832/2035 4529/831/2036 4479/829/2034
f 4481/830/2033 4479/829/2034 4529/831/2036
f 4725/1692/2037 5203/1693/2038 4773/1694/2039
f 5202/1695/2040 4773/1694/2039 5203/1693/2038
f 4482/1696/2041 4784/1697/2042 4483/1698/2043
f 5206/1699/2044 4483/1698/2043 4784/1697/2042
f 4513/844/2045 4486/843/2046 4727/845/2047
f 4532/849/2048 4534/847/2049 4487/848/2050
f 4526/846/2051 4487/848/2050 4534/847/2049
f 4727/1700/2047 4483/1701/2043 4513/1702/2045
f 5219/1703/2052 4513/1702/2045 4483/1701/2043
f 4537/857/2053 4532/855/2048 4484/856/2054
f 4524/854/2055 4484/856/2054 4532/855/2048
f 4531/861/2056 4485/859/2057 4527/860/2058
f 5087/858/2059 4527/860/2058 4485/859/2057
f 4608/1704/2060 4606/1705/2061 4486/1706/2046
f 4727/1700/2047 4486/1706/2046 4606/1705/2061
f 4534/847/2049 4525/866/2062 4526/846/2051
f 4527/865/2058 4526/846/2051 4525/866/2062
f 5195/868/2063 4537/857/2053 4496/867/2064
f 4484/856/2054 4496/867/2064 4537/857/2053
f 5077/870/2065 4488/869/2066 4487/848/2050
f 4524/854/2055 4487/848/2050 4488/869/2066
f 4489/872/2067 4607/871/2068 4608/873/2060
f 4607/1707/2068 4489/1708/2067 4522/1709/2069
f 4490/1710/2070 4522/1709/2069 4489/1708/2067
f 4491/881/2071 4492/879/2072 4611/880/2073
f 4495/878/2074 4611/880/2073 4492/879/2072
f 4612/883/2075 4841/882/2076 4518/884/2077
f 4493/887/2078 4494/886/2079 4496/867/2064
f 4495/885/2074 4496/867/2064 4494/886/2079
f 4520/1711/2080 4519/1711/2081 4497/1712/2082
f 4841/1712/2076 4497/1712/2082 4519/1711/2081
f 4522/1709/2069 4523/1713/2083 4498/1714/2084
f 4546/1715/2085 4498/1714/2084 4523/1713/2083
f 4523/1713/2083 4497/1712/2082 4546/1715/2085
f 4504/1716/2086 4546/1715/2085 4497/1712/2082
f 4479/829/2034 3958/827/1309 4828/895/2087
f 4547/894/1366 4828/895/2087 3958/827/1309
f 5406/1717/2088 5407/1718/1423 4499/898/1370
f 4820/902/2089 4500/900/2090 4835/901/2091
f 4501/899/2092 4835/901/2091 4500/900/2090
f 5401/1719/2093 4727/1700/2047 4502/1720/2094
f 4606/1705/2061 4502/1720/2094 4727/1700/2047
f 4828/906/2087 5089/905/2095 4479/907/2034
f 4808/1721/2096 4503/1722/2097 4505/1723/2098
f 4504/1716/2086 4505/1723/2098 4503/1722/2097
f 4505/1723/2098 4504/1716/2086 4507/1724/2099
f 4508/1725/2100 4507/1724/2099 4504/1716/2086
f 4501/899/2092 4500/900/2090 4614/913/2101
f 4604/917/2102 4507/915/2099 4506/916/2103
f 4508/914/2100 4506/916/2103 4507/915/2099
f 4528/1726/2035 4479/907/2034 4509/918/2104
f 4479/907/2034 4485/859/2057 4509/918/2104
f 4485/859/2057 4531/861/2056 4509/918/2104
f 4530/922/2105 4511/920/2106 4510/921/2107
f 4512/919/1387 4510/921/2107 4511/920/2106
f 4513/1702/2045 5219/1703/2052 4512/1727/1387
f 4510/1728/2107 4512/1727/1387 5219/1703/2052
f 4521/1729/2108 4520/1711/2080 4514/1730/2109
f 4515/1731/2110 4514/1730/2109 4520/1711/2080
f 4515/1731/2110 4490/1710/2070 4514/1730/2109
f 4516/1732/2111 4514/1730/2109 4490/1710/2070
f 4516/1732/2111 4490/1710/2070 4517/1733/2112
f 4489/1708/2067 4517/1733/2112 4490/1710/2070
f 4492/879/2072 4491/881/2071 4639/931/2113
f 4640/930/2114 4639/931/2113 4491/881/2071
f 4518/884/2077 4519/933/2081 4640/930/2114
f 4642/932/2115 4640/930/2114 4519/933/2081
f 4642/1729/2115 4519/1711/2081 4521/1729/2108
f 4520/1711/2080 4521/1729/2108 4519/1711/2081
f 4508/1725/2100 4504/1716/2086 4841/1712/2076
f 4497/1712/2082 4841/1712/2076 4504/1716/2086
f 4490/1710/2070 4515/1731/2110 4522/1709/2069
f 4523/1713/2083 4522/1709/2069 4515/1731/2110
f 4515/1731/2110 4520/1711/2080 4523/1713/2083
f 4497/1712/2082 4523/1713/2083 4520/1711/2080
f 4526/846/2051 5069/934/2116 4487/848/2050
f 4488/869/2066 4826/935/2117 4524/854/2055
f 4484/856/2054 4524/854/2055 4826/935/2117
f 4540/937/2118 4531/861/2056 4525/936/2062
f 4527/860/2058 4525/936/2062 4531/861/2056
f 5087/858/2059 5078/938/2119 4527/865/2058
f 4526/846/2051 4527/865/2058 5078/938/2119
f 4826/935/2117 4493/887/2078 4484/856/2054
f 4496/867/2064 4484/856/2054 4493/887/2078
f 4524/854/2055 4532/849/2048 4487/848/2050
f 4492/939/2072 5195/868/2063 4495/885/2074
f 4496/867/2064 4495/885/2074 5195/868/2063
f 4511/920/2106 4530/922/2105 4509/941/2104
f 4528/940/2035 4509/941/2104 4530/922/2105
f 4528/1734/2035 4530/1735/2105 4529/1736/2036
f 4540/937/2118 4511/945/2106 4531/861/2056
f 4509/918/2104 4531/861/2056 4511/945/2106
f 4534/949/2049 4532/947/2048 4535/948/2120
f 4533/946/2121 4535/948/2120 4532/947/2048
f 4525/953/2062 4534/951/2049 4536/952/2122
f 4535/950/2120 4536/952/2122 4534/951/2049
f 4532/951/2048 4537/955/2053 4533/950/2121
f 4538/954/2123 4533/950/2121 4537/955/2053
f 4537/955/2053 5195/957/2063 4538/954/2123
f 4539/956/2124 4538/954/2123 5195/957/2063
f 4540/957/2118 4525/953/2062 4541/956/2125
f 4536/952/2122 4541/956/2125 4525/953/2062
f 4536/959/2122 4535/948/2120 4538/958/2123
f 4533/946/2121 4538/958/2123 4535/948/2120
f 5180/963/2126 4541/961/2125 4542/962/2127
f 4539/960/2124 4542/962/2127 4541/961/2125
f 4539/960/2124 4541/961/2125 4538/958/2123
f 4536/959/2122 4538/958/2123 4541/961/2125
f 4503/1722/2097 4543/1737/2128 4609/1738/2129
f 4586/1739/2130 4609/1738/2129 4543/1737/2128
f 4480/828/1310 4481/830/2033 5103/967/1414
f 4471/813/2021 5103/967/1414 4481/830/2033
f 4481/830/2033 4529/831/2036 4471/813/2021
f 4472/814/2019 4471/813/2021 4529/831/2036
f 4529/1736/2036 4530/1735/2105 4472/1682/2019
f 4544/1680/2023 4472/1682/2019 4530/1735/2105
f 4530/1735/2105 4510/1740/2107 4544/1680/2023
f 4475/1685/2026 4544/1680/2023 4510/1740/2107
f 5219/1741/2052 4545/1686/2027 4510/1740/2107
f 4475/1685/2026 4510/1740/2107 4545/1686/2027
f 4762/1742/2131 4764/1743/2132 5218/1744/2133
f 4478/1690/2031 5218/1744/2133 4764/1743/2132
f 5216/1745/2134 5215/1746/2135 4762/1742/2131
f 4671/1747/2136 4762/1742/2131 5215/1746/2135
f 4546/1715/2085 4504/1716/2086 4503/1722/2097
f 4546/1715/2085 4503/1722/2097 4498/1714/2084
f 4609/1738/2129 4498/1714/2084 4503/1722/2097
f 4828/895/2087 4547/894/1366 4557/973/2137
f 4227/972/1418 4557/973/2137 4547/894/1366
f 5407/1748/1423 5406/1749/2088 4548/976/1422
f 5406/1749/2088 5262/1750/2138 4548/976/1422
f 5262/1750/2138 4550/1751/2139 4548/976/1422
f 4615/980/2140 4549/979/2141 4820/902/2089
f 4550/1751/2139 5262/1750/2138 4552/1752/2142
f 4551/1753/2143 4552/1752/2142 5262/1750/2138
f 4553/984/2144 4592/983/2145 4554/985/2146
f 4554/985/2146 4822/987/2147 4553/984/2144
f 4555/986/2148 4553/984/2144 4822/987/2147
f 4822/987/2147 4556/989/2149 4555/986/2148
f 4594/988/2150 4555/986/2148 4556/989/2149
f 4556/989/2149 4828/906/2087 4594/988/2150
f 4557/990/2137 4594/988/2150 4828/906/2087
f 4593/991/2151 4615/980/2140 4558/992/2152
f 4558/992/2152 4559/994/2153 4593/991/2151
f 4560/993/2154 4593/991/2151 4559/994/2153
f 4602/1754/2155 4601/1755/2156 4811/1756/2157
f 4603/999/2158 4561/998/2159 4804/1000/2160
f 4588/1002/2161 4562/1001/2162 4631/1003/2163
f 4631/1005/2163 4500/900/2090 4588/1004/2161
f 4549/979/2141 4588/1004/2161 4500/900/2090
f 4506/1008/2103 4508/1006/2100 4563/1007/2164
f 4612/883/2075 4563/1007/2164 4508/1006/2100
f 4567/1012/2165 4751/1010/2166 4564/1011/2167
f 4565/1009/2168 4564/1011/2167 4751/1010/2166
f 4566/1014/2169 4596/1013/2170 4567/1012/2165
f 4751/1010/2166 4567/1012/2165 4596/1013/2170
f 4568/1016/2171 4595/1015/2172 4566/1014/2169
f 4596/1013/2170 4566/1014/2169 4595/1015/2172
f 4570/1018/2173 4569/1017/2174 4568/1016/2171
f 4595/1015/2172 4568/1016/2171 4569/1017/2174
f 4572/1020/2175 4587/1019/2176 4570/1018/2173
f 4569/1017/2174 4570/1018/2173 4587/1019/2176
f 4571/1022/2177 4573/1021/2178 4572/1020/2175
f 4587/1019/2176 4572/1020/2175 4573/1021/2178
f 4574/1024/2179 4619/1023/2180 4571/1022/2177
f 4573/1021/2178 4571/1022/2177 4619/1023/2180
f 4574/1024/2179 4575/1025/2181 4619/1023/2180
f 4576/1757/2182 4577/1758/2183 4578/1759/2184
f 5252/1760/2185 4578/1759/2184 4577/1758/2183
f 4579/1761/2186 4580/1762/2187 5253/1763/2188
f 5244/1764/2189 5253/1763/2188 4580/1762/2187
f 4581/1765/2190 4582/1766/2191 4589/1767/2192
f 5249/1768/2193 4589/1767/2192 4582/1766/2191
f 5250/1769/2194 4583/1770/2195 4590/1771/2196
f 4591/1772/2197 4590/1771/2196 4583/1770/2195
f 4591/1772/2197 4583/1770/2195 5257/1773/2198
f 5256/1774/2199 5257/1773/2198 4583/1770/2195
f 5255/1775/2200 4584/1776/2201 5258/1777/2202
f 5272/1778/2203 5258/1777/2202 4584/1776/2201
f 4564/1011/2167 4565/1009/2168 4585/1049/2204
f 4753/1048/2205 4585/1049/2204 4565/1009/2168
f 4771/1779/2206 4769/1780/2207 4728/1781/2208
f 4606/1705/2061 4586/1739/2130 4502/1720/2094
f 4610/1782/2209 4502/1720/2094 4586/1739/2130
f 4557/990/2137 4751/1010/2166 4594/988/2150
f 4596/1013/2170 4594/988/2150 4751/1010/2166
f 4553/984/2144 4555/986/2148 4595/1015/2172
f 4595/1015/2172 4569/1017/2174 4553/984/2144
f 4592/983/2145 4553/984/2144 4569/1017/2174
f 4569/1017/2174 4587/1019/2176 4592/983/2145
f 4560/993/2154 4592/983/2145 4587/1019/2176
f 4615/980/2140 4593/991/2151 4573/1021/2178
f 4588/1004/2161 4549/979/2141 4619/1023/2180
f 5254/1783/2210 4643/1784/2211 5252/1760/2185
f 4578/1759/2184 5252/1760/2185 4643/1784/2211
f 4645/1785/2212 5251/1786/2213 5244/1764/2189
f 5253/1763/2188 5244/1764/2189 5251/1786/2213
f 5243/1787/2214 4589/1767/2192 5248/1788/2215
f 5249/1768/2193 5248/1788/2215 4589/1767/2192
f 5247/1789/2216 4590/1771/2196 4646/1790/2217
f 4591/1772/2197 4646/1790/2217 4590/1771/2196
f 4646/1790/2217 4591/1772/2197 5259/1791/2218
f 5257/1773/2198 5259/1791/2218 4591/1772/2197
f 5258/1777/2202 5272/1778/2203 4648/1792/2219
f 4649/1793/2220 4648/1792/2219 5272/1778/2203
f 4592/983/2145 4560/993/2154 4559/994/2153
f 4592/983/2145 4559/994/2153 4554/985/2146
f 4593/991/2151 4587/1019/2176 4573/1021/2178
f 4555/986/2148 4594/988/2150 4596/1013/2170
f 4593/991/2151 4560/993/2154 4587/1019/2176
f 4555/986/2148 4596/1013/2170 4595/1015/2172
f 4802/1794/2221 4808/1721/2096 4597/1795/2222
f 4505/1723/2098 4597/1795/2222 4808/1721/2096
f 4597/1795/2222 4505/1723/2098 4598/1796/2223
f 4507/1724/2099 4598/1796/2223 4505/1723/2098
f 4805/1069/2224 4598/1068/2223 4604/917/2102
f 4507/915/2099 4604/917/2102 4598/1068/2223
f 4728/1781/2208 4543/1737/2128 4600/1797/2225
f 4599/1798/2226 4600/1797/2225 4543/1737/2128
f 4599/1798/2226 4543/1737/2128 4503/1722/2097
f 4814/1799/2227 4817/1800/2228 4771/1779/2206
f 4602/1076/2155 4603/999/2158 4601/1075/2156
f 4810/1074/2229 4601/1075/2156 4603/999/2158
f 4806/1077/2230 4603/999/2158 4805/1069/2224
f 4807/1079/2231 4604/917/2102 4809/1078/2232
f 4506/916/2103 4809/1078/2232 4604/917/2102
f 4809/1081/2232 4506/1008/2103 4605/1080/2233
f 4563/1007/2164 4605/1080/2233 4506/1008/2103
f 4606/1705/2061 4607/1707/2068 4498/1714/2084
f 4522/1709/2069 4498/1714/2084 4607/1707/2068
f 4607/871/2068 4606/1082/2061 4608/873/2060
f 4586/1739/2130 4606/1705/2061 4609/1738/2129
f 4609/1738/2129 4606/1705/2061 4498/1714/2084
f 4610/1782/2209 4586/1739/2130 4543/1737/2128
f 4611/880/2073 4495/878/2074 4818/1084/2234
f 4494/1083/2079 4818/1084/2234 4495/878/2074
f 4508/1006/2100 4841/882/2076 4612/883/2075
f 4631/1003/2163 4562/1001/2162 4614/1086/2101
f 4613/1085/2235 4614/1086/2101 4562/1001/2162
f 4549/979/2141 4615/980/2140 4619/1023/2180
f 4617/1801/2236 4636/1802/2237 4817/1803/2228
f 4817/1803/2228 5133/1804/2238 4617/1801/2236
f 4616/1805/2239 4617/1801/2236 5133/1804/2238
f 4619/1093/2180 4616/1092/2239 4588/1002/2161
f 4588/1002/2161 5133/1095/2238 4562/1001/2162
f 4677/1806/2240 4618/1807/2241 4842/1808/2242
f 4622/1809/2243 4842/1808/2242 4618/1807/2241
f 4620/1101/2244 4843/1100/2245 4619/1093/2180
f 4842/1808/2242 4621/1810/2246 4677/1806/2240
f 4624/1811/2247 4621/1812/2246 4620/1813/2244
f 4620/1101/2244 4621/1106/2246 4842/1107/2242
f 4622/1809/2243 4618/1807/2241 4616/1805/2239
f 4617/1801/2236 4616/1805/2239 4618/1807/2241
f 4623/1814/2248 4624/1811/2247 4765/1815/2249
f 4620/1813/2244 4765/1815/2249 4624/1811/2247
f 4803/1816/2250 4804/1817/2160 4630/1818/2251
f 4561/1819/2159 4630/1818/2251 4804/1817/2160
f 4630/1818/2251 4625/1820/2252 4803/1816/2250
f 4626/1821/2253 4602/1754/2155 4625/1820/2252
f 4629/1822/2254 4602/1754/2155 4626/1821/2253
f 4602/1076/2155 4629/1115/2254 4603/999/2158
f 4629/1822/2254 4626/1821/2253 4628/1823/2255
f 4627/1824/2256 4628/1823/2255 4626/1821/2253
f 4627/1824/2256 4630/1818/2251 4628/1823/2255
f 4561/1819/2159 4628/1823/2255 4630/1818/2251
f 4603/999/2158 4629/1115/2254 4628/1118/2255
f 4603/999/2158 4628/1118/2255 4561/998/2159
f 4630/1818/2251 4627/1824/2256 4625/1820/2252
f 4627/1824/2256 4626/1821/2253 4625/1820/2252
f 4605/1080/2233 4819/1120/2257 4809/1081/2232
f 4818/1084/2234 4494/1083/2079 4613/1085/2235
f 4614/1086/2101 4613/1085/2235 4494/1083/2079
f 4614/913/2101 4494/886/2079 4493/887/2078
f 4500/900/2090 4631/1005/2163 4614/913/2101
f 4632/1825/2258 4770/1826/2259 4768/1827/2260
f 4624/1811/2247 4623/1814/2248 5320/1828/2261
f 4637/1829/2262 5320/1828/2261 4623/1814/2248
f 5320/1128/2261 4633/1127/2263 4621/1129/2246
f 4765/1131/2249 4620/1130/2244 4619/1132/2180
f 4638/1134/2264 4632/1133/2258 4768/1135/2260
f 4633/1127/2263 4635/1137/2265 4677/1138/2240
f 4634/1136/2266 4677/1138/2240 4635/1137/2265
f 4637/1139/2262 4632/1133/2258 4635/1137/2265
f 4638/1134/2264 4635/1137/2265 4632/1133/2258
f 4617/1801/2236 4618/1807/2241 4636/1802/2237
f 4636/1802/2237 4768/1830/2260 4817/1803/2228
f 4769/1780/2207 4675/1831/2267 4728/1781/2208
f 5320/1128/2261 4637/1139/2262 4633/1127/2263
f 4635/1137/2265 4633/1127/2263 4637/1139/2262
f 4633/1127/2263 4677/1138/2240 4621/1129/2246
f 4638/1134/2264 4634/1136/2266 4635/1137/2265
f 4514/1730/2109 4641/1832/2268 4521/1729/2108
f 4516/1732/2111 4641/1832/2268 4514/1730/2109
f 4517/1733/2112 4641/1832/2268 4516/1732/2111
f 4640/930/2114 4641/1143/2268 4639/931/2113
f 4642/932/2115 4641/1143/2268 4640/930/2114
f 4521/1729/2108 4641/1832/2268 4642/1729/2115
f 4643/1784/2211 5254/1783/2210 5308/1833/2269
f 4644/1834/2270 5308/1833/2269 5254/1783/2210
f 4650/1835/2271 5251/1786/2213 4651/1836/2272
f 4645/1785/2212 4651/1836/2272 5251/1786/2213
f 4652/1837/2273 5243/1787/2214 5246/1838/2274
f 5248/1788/2215 5246/1838/2274 5243/1787/2214
f 5245/1839/2275 5247/1789/2216 4647/1840/2276
f 4646/1790/2217 4647/1840/2276 5247/1789/2216
f 4646/1790/2217 5259/1791/2218 4647/1840/2276
f 5268/1841/2277 4647/1840/2276 5259/1791/2218
f 4648/1792/2219 4649/1793/2220 5263/1842/2278
f 4801/1843/2279 5263/1842/2278 4649/1793/2220
f 5319/1844/2280 5242/1845/2281 5309/1846/2282
f 4791/1847/2283 5309/1846/2282 5242/1845/2281
f 5318/1848/2284 4650/1835/2271 5239/1849/2285
f 4651/1836/2272 5239/1849/2285 4650/1835/2271
f 5238/1850/2286 4652/1837/2273 5240/1851/2287
f 5246/1838/2274 5240/1851/2287 4652/1837/2273
f 5232/1852/2288 5245/1839/2275 4658/1853/2289
f 4647/1840/2276 4658/1853/2289 5245/1839/2275
f 4658/1853/2289 4647/1840/2276 5267/1854/2290
f 5268/1841/2277 5267/1854/2290 4647/1840/2276
f 5269/1855/2291 5264/1856/2292 4792/1857/2293
f 5260/1858/2294 4791/1847/2283 5241/1859/2295
f 5242/1845/2281 5241/1859/2295 4791/1847/2283
f 5318/1848/2284 5239/1849/2285 4653/1860/2296
f 5239/1849/2285 4654/1861/2297 4653/1860/2296
f 4655/1862/2298 4656/1863/2299 5240/1851/2287
f 5238/1850/2286 5240/1851/2287 4656/1863/2299
f 5267/1854/2290 4657/1864/2300 4658/1853/2289
f 5231/1865/2301 4658/1853/2289 4657/1864/2300
f 4798/1866/2302 4795/1867/2303 4654/1861/2297
f 4653/1860/2296 4654/1861/2297 4795/1867/2303
f 4656/1863/2299 4796/1868/2304 4654/1861/2297
f 4798/1866/2302 4654/1861/2297 4796/1868/2304
f 4659/1869/2305 4660/1870/2306 4655/1862/2298
f 4657/1864/2300 5233/1871/2307 5231/1865/2301
f 5102/811/2022 4473/812/2020 4466/802/2013
f 4661/803/2012 4466/802/2013 4473/812/2020
f 4473/1683/2020 4474/1681/2024 4661/1675/2012
f 4468/1674/2014 4661/1675/2012 4474/1681/2024
f 4474/1681/2024 4477/1684/2025 4468/1674/2014
f 4663/1676/2015 4468/1674/2014 4477/1684/2025
f 4476/1687/2028 4662/1677/2016 4477/1684/2025
f 4663/1676/2015 4477/1684/2025 4662/1677/2016
f 4662/1677/2016 4746/1691/2032 4749/1678/2017
f 5142/1185/1596 5141/1183/2308 5170/1184/1595
f 4664/1182/2309 5170/1184/1595 5141/1183/2308
f 5141/1183/2308 5145/1187/2310 4664/1182/2309
f 4665/1186/2311 4664/1182/2309 5145/1187/2310
f 5145/1872/2310 4666/1873/2312 4665/1874/2311
f 5172/1875/2313 4665/1874/2311 4666/1873/2312
f 4666/1873/2312 5146/1876/2314 5172/1875/2313
f 4667/1877/2315 5172/1875/2313 5146/1876/2314
f 5146/1876/2314 5148/1878/2316 4667/1877/2315
f 5174/1879/2317 4667/1877/2315 5148/1878/2316
f 5148/1878/2316 4668/1880/2318 5174/1879/2317
f 5175/1881/2319 5174/1879/2317 4668/1880/2318
f 4668/1882/2318 5150/1883/2320 5175/1884/2319
f 4670/1885/2321 5175/1884/2319 5150/1883/2320
f 5150/1883/2320 5140/1203/1610 4670/1885/2321
f 4669/1202/1609 4670/1885/2321 5140/1203/1610
f 4701/1886/2322 4672/1672/2011 4700/1679/2018
f 4671/1747/2136 5215/1746/2135 4737/1887/2323
f 4739/1888/2324 4737/1887/2323 5215/1746/2135
f 4146/801/1287 4672/1672/2011 4147/1206/1613
f 4701/1886/2322 4147/1206/1613 4672/1672/2011
f 4478/1690/2031 4764/1743/2132 4763/1688/2029
f 5208/1889/2325 4674/1890/2326 4673/1891/2327
f 5210/1892/2328 4674/1890/2326 5220/1893/2329
f 5208/1889/2325 5220/1893/2329 4674/1890/2326
f 4637/1829/2262 4623/1814/2248 4632/1825/2258
f 4770/1826/2259 4632/1825/2258 4623/1814/2248
f 4675/1831/2267 4766/1894/2330 4728/1781/2208
f 4768/1830/2260 4636/1802/2237 4676/1895/2331
f 4679/1896/2332 4676/1895/2331 4636/1802/2237
f 4688/1217/2333 4638/1134/2264 4676/1216/2331
f 4768/1135/2260 4676/1216/2331 4638/1134/2264
f 4684/1218/2334 4634/1136/2266 4688/1217/2333
f 4638/1134/2264 4688/1217/2333 4634/1136/2266
f 4618/1807/2241 4677/1806/2240 4690/1897/2335
f 4678/1898/1625 4690/1897/2335 4677/1806/2240
f 4636/1802/2237 4618/1807/2241 4679/1896/2332
f 4690/1897/2335 4679/1896/2332 4618/1807/2241
f 4687/1222/2336 4682/1221/2337 4689/1223/2338
f 4680/1225/1631 4681/1224/1630 4682/1221/2337
f 4689/1223/2338 4682/1221/2337 4681/1224/1630
f 4691/1899/2339 4685/1900/2340 4683/1901/2341
f 4678/1229/1625 4677/1138/2240 4684/1218/2334
f 4634/1136/2266 4684/1218/2334 4677/1138/2240
f 4680/1902/1631 4685/1900/2340 4681/1903/1630
f 4691/1899/2339 4681/1903/1630 4685/1900/2340
f 4683/1901/2341 4686/1904/2342 4679/1896/2332
f 4676/1895/2331 4679/1896/2332 4686/1904/2342
f 4687/1222/2336 4688/1217/2333 4686/1233/2342
f 4676/1216/2331 4686/1233/2342 4688/1217/2333
f 4689/1223/2338 4684/1218/2334 4687/1222/2336
f 4688/1217/2333 4687/1222/2336 4684/1218/2334
f 4691/1899/2339 4683/1901/2341 4690/1897/2335
f 4679/1896/2332 4690/1897/2335 4683/1901/2341
f 4689/1237/2338 4681/1235/1630 4693/1236/1636
f 4691/1234/2339 4693/1236/1636 4681/1235/1630
f 4692/1905/2343 4684/1441/2334 4693/1906/1636
f 4689/1238/2338 4693/1906/1636 4684/1441/2334
f 4690/1234/2335 4678/1236/1625 4692/1235/2343
f 4684/1237/2334 4692/1235/2343 4678/1236/1625
f 4691/1907/2339 4690/1908/2335 4693/1906/1636
f 4692/1905/2343 4693/1906/1636 4690/1908/2335
f 4694/1909/2344 4695/1910/2345 4696/1911/2346
f 5131/1912/2347 4696/1911/2346 4695/1910/2345
f 4714/1248/1642 4174/1250/1644 5118/1913/2348
f 4712/1914/2349 5118/1913/2348 4174/1250/1644
f 4698/1915/2350 4700/1679/2018 4749/1916/2017
f 5124/1917/2351 4718/1918/2352 5121/1919/2353
f 5122/1920/2354 5121/1919/2353 4718/1918/2352
f 5132/1921/2355 4721/1922/2356 4697/1923/2357
f 4720/1924/2358 4697/1923/2357 4721/1922/2356
f 4720/1924/2358 4748/1925/2359 4697/1923/2357
f 4703/1926/2360 4723/1927/2361 4698/1915/2350
f 4700/1679/2018 4698/1915/2350 4723/1927/2361
f 4723/1927/2361 4699/1928/2362 4700/1679/2018
f 4701/1886/2322 4700/1679/2018 4699/1928/2362
f 4699/1928/2362 4702/1265/1659 4701/1886/2322
f 4147/1206/1613 4701/1886/2322 4702/1265/1659
f 4720/1924/2358 4703/1929/2360 4748/1925/2359
f 4698/1930/2350 4748/1925/2359 4703/1929/2360
f 4719/1271/2363 4722/1269/2364 4711/1270/2365
f 5130/1931/2366 4711/1270/2365 4722/1269/2364
f 4704/1932/2367 5120/1933/2368 5119/1934/2369
f 4713/1935/2370 5119/1934/2369 5120/1933/2368
f 5129/1936/2371 4717/1937/2372 5123/1938/2373
f 4716/1276/2374 5123/1938/2373 4717/1937/2372
f 4719/1271/2363 4705/1281/2375 4722/1269/2364
f 4724/1280/2376 4722/1269/2364 4705/1281/2375
f 4724/1280/2376 4705/1281/2375 4706/1282/2377
f 4707/1286/2378 4733/1284/2379 4708/1285/2380
f 4709/1283/2381 4708/1285/2380 4733/1284/2379
f 4708/1285/2380 4709/1283/2381 4710/1288/2382
f 4732/1287/2383 4710/1288/2382 4709/1283/2381
f 4710/1288/2382 4732/1287/2383 4198/1290/1682
f 4206/1289/1681 4198/1290/1682 4732/1287/2383
f 4724/1280/2376 4706/1282/2377 4707/1286/2378
f 4733/1284/2379 4707/1286/2378 4706/1282/2377
f 4721/1939/2356 4696/1940/2346 4722/1299/2364
f 5130/1941/2366 4722/1299/2364 4696/1940/2346
f 4695/1939/2345 4694/1942/2344 5129/1299/2371
f 4711/1943/2365 5129/1299/2371 4694/1942/2344
f 5122/1939/2354 4712/1944/2349 5120/1299/2368
f 4713/1945/2370 5120/1299/2368 4712/1944/2349
f 4714/1939/1642 5118/1942/2348 4715/1299/1683
f 5119/1943/2369 4715/1299/1683 5118/1942/2348
f 5131/1939/2347 5121/1944/2353 4717/1299/2372
f 4716/1945/2374 4717/1299/2372 5121/1944/2353
f 4718/1939/2352 5124/1942/2351 4704/1299/2367
f 5123/1943/2373 4704/1299/2367 5124/1942/2351
f 4697/1301/2357 4705/1300/2375 5132/1291/2355
f 4719/1299/2363 5132/1291/2355 4705/1300/2375
f 4721/1301/2356 4722/1946/2364 4720/1939/2358
f 4724/1299/2376 4720/1939/2358 4722/1946/2364
f 4748/1301/2359 4706/1946/2377 4697/1939/2357
f 4705/1299/2375 4697/1939/2357 4706/1946/2377
f 4703/1301/2360 4707/1946/2378 4723/1939/2361
f 4708/1299/2380 4723/1939/2361 4707/1946/2378
f 4723/1301/2361 4708/1946/2380 4699/1939/2362
f 4710/1299/2382 4699/1939/2362 4708/1946/2380
f 4699/1301/2362 4710/1946/2382 4702/1939/1659
f 4198/1299/1682 4702/1939/1659 4710/1946/2382
f 4720/1301/2358 4724/1946/2376 4703/1939/2360
f 4707/1299/2378 4703/1939/2360 4724/1946/2376
f 5208/1889/2325 4739/1888/2324 5209/1947/2384
f 4725/1692/2037 5209/1947/2384 4739/1888/2324
f 4727/1700/2047 5401/1719/2093 4726/1948/2385
f 5349/1949/2386 4726/1948/2385 5401/1719/2093
f 4610/1782/2209 4728/1781/2208 4502/1720/2094
f 4543/1737/2128 4728/1781/2208 4610/1782/2209
f 4799/1950/2387 4786/1951/2388 5234/1952/2389
f 4729/1953/2390 4733/1954/2379 4730/1955/2391
f 4706/1956/2377 4730/1955/2391 4733/1954/2379
f 4204/1315/1694 4734/1957/2392 4731/1314/1693
f 4730/1955/2391 4731/1314/1693 4734/1957/2392
f 4206/1317/1681 4732/1958/2383 4204/1315/1694
f 4734/1957/2392 4204/1315/1694 4732/1958/2383
f 4729/1953/2390 4735/1959/2393 4733/1954/2379
f 4729/1953/2390 4734/1957/2392 4735/1959/2393
f 4732/1958/2383 4735/1959/2393 4734/1957/2392
f 4730/1955/2391 4734/1957/2392 4729/1953/2390
f 4733/1954/2379 4735/1959/2393 4709/1960/2381
f 4735/1959/2393 4732/1958/2383 4709/1960/2381
f 4730/1961/2391 4706/1962/2377 4731/1322/1693
f 4211/1320/1696 4731/1322/1693 4706/1962/2377
f 4736/1963/2394 4671/1964/2136 4737/1965/2323
f 4736/1327/2394 4737/1327/2323 4739/1328/2324
f 4744/1332/2395 4762/1330/2131 4738/1331/2396
f 4671/1329/2136 4738/1331/2396 4762/1330/2131
f 4742/1966/2397 4673/1967/2327 4741/1335/1700
f 5212/1333/1614 4741/1335/1700 4673/1967/2327
f 4742/1336/2397 5208/1325/2325 4673/1336/2327
f 4758/1968/2398 4706/1962/2377 4748/1969/2359
f 4761/1339/1703 4211/1320/1696 4706/1962/2377
f 4741/1335/1700 4740/1970/2399 4742/1966/2397
f 5208/1325/2325 4742/1336/2397 4739/1328/2324
f 4736/1327/2394 4739/1328/2324 4742/1336/2397
f 4221/1344/1707 4743/1342/1706 4744/1343/2395
f 4745/1341/2400 4744/1343/2395 4743/1342/1706
f 4736/1963/2394 4738/1971/2396 4671/1964/2136
f 4758/1347/2398 4748/1346/2359 4747/1348/2030
f 4741/1335/1700 4221/1349/1707 4740/1970/2399
f 4736/1963/2394 4742/1966/2397 4738/1971/2396
f 4740/1970/2399 4738/1971/2396 4742/1966/2397
f 4740/1970/2399 4221/1349/1707 4738/1971/2396
f 4744/1972/2395 4738/1971/2396 4221/1349/1707
f 4222/1353/1710 4755/1352/2401 4743/1342/1706
f 4755/1352/2401 4756/1351/2402 4743/1342/1706
f 4756/1351/2402 4745/1341/2400 4743/1342/1706
f 4756/1355/2402 4758/1347/2398 4745/1354/2400
f 4744/1332/2395 4745/1354/2400 4758/1347/2398
f 4476/1687/2028 4545/1686/2027 4746/1691/2032
f 4478/1690/2031 4746/1691/2032 4545/1686/2027
f 4747/1689/2030 4748/1925/2359 4746/1691/2032
f 5219/1741/2052 5218/1744/2133 4545/1686/2027
f 4478/1690/2031 4545/1686/2027 5218/1744/2133
f 4746/1691/2032 4698/1930/2350 4749/1678/2017
f 4767/1359/1713 4753/1973/2205 4750/1358/1712
f 4754/1974/2403 4750/1358/1712 4753/1973/2205
f 4557/973/2137 4227/972/1418 4751/1361/2166
f 4752/1360/1714 4751/1361/2166 4227/972/1418
f 4751/1361/2166 4752/1360/1714 4754/1363/2403
f 4750/1362/1712 4754/1363/2403 4752/1360/1714
f 4751/1365/2166 4754/1364/2403 4753/1366/2205
f 4222/1369/1710 4761/1339/1703 4755/1975/2401
f 4760/1976/2404 4755/1975/2401 4761/1339/1703
f 4756/1351/2402 4755/1352/2401 4757/1371/2405
f 4759/1370/2406 4757/1371/2405 4755/1352/2401
f 4757/1372/2405 4758/1347/2398 4756/1355/2402
f 4760/1976/2404 4758/1968/2398 4759/1975/2406
f 4757/1977/2405 4759/1975/2406 4758/1968/2398
f 4759/1372/2406 4755/1355/2401 4760/1347/2404
f 4761/1339/1703 4706/1962/2377 4760/1976/2404
f 4758/1968/2398 4760/1976/2404 4706/1962/2377
f 4764/1374/2132 4762/1330/2131 4744/1332/2395
f 4763/1375/2029 4764/1374/2132 4758/1347/2398
f 4744/1332/2395 4758/1347/2398 4764/1374/2132
f 4747/1348/2030 4763/1375/2029 4758/1347/2398
f 4623/1814/2248 4765/1815/2249 4770/1826/2259
f 4772/1978/2407 4770/1826/2259 4765/1815/2249
f 4765/1815/2249 4789/1979/2408 4772/1978/2407
f 4793/1980/2409 4728/1781/2208 4790/1981/2410
f 4766/1894/2330 4790/1981/2410 4728/1781/2208
f 4767/1359/1713 5265/1383/1724 4753/1973/2205
f 4788/1982/2411 4753/1973/2205 5265/1383/1724
f 4575/1025/2412 5271/1384/2413 4765/1385/2249
f 4616/1092/2239 5133/1095/2238 4588/1002/2161
f 4619/1093/2180 4622/1386/2243 4616/1092/2239
f 4817/1800/2228 4768/1827/2260 4771/1779/2206
f 4769/1780/2207 4771/1779/2206 4768/1827/2260
f 4768/1827/2260 4770/1826/2259 4769/1780/2207
f 4675/1831/2267 4769/1780/2207 4770/1826/2259
f 4675/1831/2267 4770/1826/2259 4766/1894/2330
f 4772/1978/2407 4766/1894/2330 4770/1826/2259
f 4814/1799/2227 4771/1779/2206 4600/1797/2225
f 4789/1979/2408 5270/1983/2414 4772/1978/2407
f 4766/1894/2330 4772/1978/2407 5270/1983/2414
f 4785/1388/2415 4725/1387/2037 4773/1389/2039
f 4775/1388/2416 4774/1389/2417 5209/1387/2384
f 5209/1984/2384 4725/1985/2037 4775/1986/2416
f 4785/1987/2415 4775/1986/2416 4725/1985/2037
f 5202/1988/2040 5207/1396/2418 4785/1395/2415
f 4784/1397/2042 4785/1395/2415 5207/1396/2418
f 5228/1399/1735 4776/1398/1734 5221/1400/2419
f 4775/1402/2416 4777/1989/2420 4774/1403/2417
f 4778/1990/2421 5347/1991/2422 4779/1992/2423
f 5348/1993/2424 4779/1992/2423 5347/1991/2422
f 5348/1993/2424 5350/1994/2425 4779/1992/2423
f 4782/1995/2426 4779/1992/2423 5350/1994/2425
f 5350/1994/2425 4780/1996/2427 4782/1995/2426
f 4783/1997/2428 4782/1995/2426 4780/1996/2427
f 4247/1413/1747 4778/1990/2421 4248/1412/1746
f 4779/1992/2423 4248/1412/1746 4778/1990/2421
f 4781/1414/1748 4248/1412/1746 4782/1995/2426
f 4779/1992/2423 4782/1995/2426 4248/1412/1746
f 4250/1415/1749 4781/1414/1748 4783/1997/2428
f 4782/1995/2426 4783/1997/2428 4781/1414/1748
f 5346/1990/2429 5345/1413/1750 4775/1986/2416
f 5228/1416/1735 4775/1986/2416 5345/1413/1750
f 4775/1986/2416 4785/1987/2415 5346/1990/2429
f 4482/1991/2041 5346/1990/2429 4784/1998/2042
f 4785/1987/2415 4784/1998/2042 5346/1990/2429
f 5351/1999/2430 4786/2000/2388 5397/2001/2431
f 5351/1999/2430 5397/2001/2431 4253/1423/1755
f 5397/2001/2431 4787/2002/2432 4253/1423/1755
f 4787/2002/2432 4499/1421/1370 4253/1423/1755
f 4800/2003/2433 4788/1982/2411 5265/1383/1724
f 4765/1815/2249 4643/1784/2211 4789/1979/2408
f 4753/1973/2205 4788/1982/2411 4649/1793/2220
f 4789/1979/2408 4643/1784/2211 5270/1983/2414
f 5308/1833/2269 5270/1983/2414 4643/1784/2211
f 4793/1980/2409 4790/1981/2410 4791/1847/2283
f 5309/1846/2282 4791/1847/2283 4790/1981/2410
f 4552/1752/2142 4551/1753/2143 5264/1856/2292
f 4792/1857/2293 5264/1856/2292 4551/1753/2143
f 5402/2004/2434 4793/1980/2409 5260/1858/2294
f 4791/1847/2283 5260/1858/2294 4793/1980/2409
f 4797/2005/2435 4794/2006/2436 4798/1866/2302
f 4795/1867/2303 4798/1866/2302 4794/2006/2436
f 4796/1868/2304 5236/2007/2437 4798/1866/2302
f 4797/2005/2435 4798/1866/2302 5236/2007/2437
f 4659/1869/2305 5400/2008/2438 4660/1870/2306
f 5235/2009/2439 4660/1870/2306 5400/2008/2438
f 4657/1864/2300 4799/1950/2387 5233/1871/2307
f 5234/1952/2389 5233/1871/2307 4799/1950/2387
f 4649/1793/2220 4788/1982/2411 4801/1843/2279
f 4800/2003/2433 4801/1843/2279 4788/1982/2411
f 4813/2010/2440 4808/1721/2096 4802/1794/2221
f 4625/1820/2252 4802/1794/2221 4803/1816/2250
f 4597/1795/2222 4803/1816/2250 4802/1794/2221
f 4803/1816/2250 4597/1795/2222 4804/1817/2160
f 4598/1796/2223 4804/1817/2160 4597/1795/2222
f 4603/999/2158 4804/1000/2160 4805/1069/2224
f 4598/1068/2223 4805/1069/2224 4804/1000/2160
f 4805/1069/2224 4604/917/2102 4806/1077/2230
f 4807/1079/2231 4806/1077/2230 4604/917/2102
f 4813/2010/2440 4600/1797/2225 4808/1721/2096
f 4599/1798/2226 4808/1721/2096 4600/1797/2225
f 4503/1722/2097 4808/1721/2096 4599/1798/2226
f 4807/1079/2231 4809/1078/2232 4815/1437/2441
f 4816/1436/2442 4815/1437/2441 4809/1078/2232
f 4807/1079/2231 4815/1437/2441 4806/1077/2230
f 4810/1074/2229 4806/1077/2230 4815/1437/2441
f 4603/999/2158 4806/1077/2230 4810/1074/2229
f 4811/1756/2157 4625/1820/2252 4602/1754/2155
f 4813/2010/2440 4802/1794/2221 4812/2011/2443
f 4811/1756/2157 4812/2011/2443 4802/1794/2221
f 4600/1797/2225 4813/2010/2440 4814/1799/2227
f 4812/2011/2443 4814/1799/2227 4813/2010/2440
f 4810/2012/2229 4811/2013/2157 4601/2014/2156
f 4814/1441/2227 4812/1439/2443 4816/1442/2442
f 4815/1440/2441 4816/1442/2442 4812/1439/2443
f 4812/1441/2443 4811/1439/2157 4815/1442/2441
f 4810/1440/2229 4815/1442/2441 4811/1439/2157
f 4814/2015/2227 4816/2016/2442 4817/1803/2228
f 5133/1804/2238 4817/1803/2228 4816/2016/2442
f 4771/1779/2206 4728/1781/2208 4600/1797/2225
f 4615/980/2140 4820/902/2089 4558/992/2152
f 4819/2017/2257 4816/2016/2442 4809/2018/2232
f 4613/1085/2235 4562/1001/2162 5134/1094/2444
f 4518/884/2077 4640/930/2114 4491/881/2071
f 4518/884/2077 4491/881/2071 4612/883/2075
f 4611/880/2073 4612/883/2075 4491/881/2071
f 4818/1084/2234 4563/1007/2164 4611/880/2073
f 4612/883/2075 4611/880/2073 4563/1007/2164
f 4613/1085/2235 4605/1080/2233 4818/1084/2234
f 4563/1007/2164 4818/1084/2234 4605/1080/2233
f 5134/1094/2444 4819/1120/2257 4613/1085/2235
f 4605/1080/2233 4613/1085/2235 4819/1120/2257
f 5133/1804/2238 4816/2016/2442 4819/2017/2257
f 4558/992/2152 4820/902/2089 4837/1447/2445
f 4835/901/2091 4837/1447/2445 4820/902/2089
f 4559/994/2153 4558/992/2152 5096/1448/2446
f 4837/1447/2445 5096/1448/2446 4558/992/2152
f 5094/1449/2447 4559/994/2153 5096/1448/2446
f 5079/1452/2448 4821/1450/2449 5070/1451/2450
f 5094/1449/2447 5070/1451/2450 4821/1450/2449
f 5080/1453/2451 4821/1450/2449 5079/1452/2448
f 4822/987/2147 5080/1453/2451 4556/989/2149
f 5089/905/2095 4556/989/2149 5080/1453/2451
f 4823/1455/2452 5092/1454/2453 5073/1456/2454
f 4825/1458/2455 5073/1456/2454 4824/1457/2456
f 5092/1454/2453 4824/1457/2456 5073/1456/2454
f 4825/1458/2455 4824/1457/2456 4826/935/2117
f 4836/1459/2457 4826/935/2117 4824/1457/2456
f 4826/935/2117 4488/869/2066 4825/1458/2455
f 4826/935/2117 4836/1459/2457 4493/887/2078
f 4827/1460/2458 4493/887/2078 4836/1459/2457
f 4614/913/2101 4493/887/2078 4827/1460/2458
f 4827/1460/2458 4501/899/2092 4614/913/2101
f 4835/901/2091 4501/899/2092 4836/1459/2457
f 4827/1460/2458 4836/1459/2457 4501/899/2092
f 5094/1449/2447 4554/985/2146 4559/994/2153
f 5094/1449/2447 4821/1450/2449 4554/985/2146
f 4526/846/2051 5078/938/2119 5069/934/2116
f 5069/934/2116 5077/870/2065 4487/848/2050
f 5089/905/2095 4485/859/2057 4479/907/2034
f 4828/906/2087 4556/989/2149 5089/905/2095
f 4822/987/2147 4554/985/2146 4821/1450/2449
f 5080/1453/2451 4822/987/2147 4821/1450/2449
f 4838/1462/2459 4830/1461/2460 5069/1463/1787
f 4838/1462/2459 5078/1464/1787 5087/1465/1787
f 4838/1462/2459 5087/1465/1787 4485/1466/2461
f 4830/1461/2460 4488/1467/2462 5077/1468/1787
f 4485/1466/2461 5089/1470/2463 4838/1462/2459
f 4829/1469/2464 4838/1462/2459 5089/1470/2463
f 4825/1472/2465 4488/1467/2462 4831/1471/2466
f 4830/1461/2460 4831/1471/2466 4488/1467/2462
f 4833/1474/2467 5096/1473/2468 4837/1475/2469
f 5094/1477/2470 5096/1473/2468 4832/1476/2471
f 4833/1474/2467 4832/1476/2471 5096/1473/2468
f 5070/1479/2472 5094/1477/2470 4839/1478/2473
f 4832/1476/2471 4839/1478/2473 5094/1477/2470
f 5079/1481/2474 5070/1479/2472 4829/1480/2464
f 4839/1478/2473 4829/1480/2464 5070/1479/2472
f 4829/1480/2464 5080/1482/2474 5079/1481/2474
f 4829/1480/2464 5089/1483/2463 5080/1482/2474
f 4834/1485/2475 5092/1484/2476 4823/1486/2477
f 4824/1488/2478 5092/1484/2476 4840/1487/2479
f 4834/1485/2475 4840/1487/2479 5092/1484/2476
f 4835/901/2091 4836/1459/2457 4837/1447/2445
f 4824/1457/2456 4837/1447/2445 4836/1459/2457
f 4834/1485/2475 4823/1486/2477 5073/1489/2480
f 5073/1489/2480 4825/1472/2465 4834/1485/2475
f 4831/1471/2466 4834/1485/2475 4825/1472/2465
f 4838/1462/2459 5069/1463/1787 5078/1464/1787
f 4838/1491/2459 4839/1490/2473 4830/1492/2460
f 4830/1461/2460 5077/1468/1787 5069/1463/1787
f 4832/1495/2471 4840/1494/2479 4839/1490/2473
f 4834/1493/2475 4839/1490/2473 4840/1494/2479
f 4832/1495/2471 4833/1496/2467 4840/1494/2479
f 4838/1491/2459 4829/1497/2464 4839/1490/2473
f 4834/1493/2475 4831/1498/2466 4839/1490/2473
f 4830/1492/2460 4839/1490/2473 4831/1498/2466
f 4841/882/2076 4519/933/2081 4518/884/2077
f 4549/979/2141 4500/900/2090 4820/902/2089
f 4843/1100/2245 4842/1107/2242 4622/1386/2243
f 4840/1487/2479 4833/1499/2467 4824/1488/2478
f 4837/1475/2469 4824/1488/2478 4833/1499/2467
f 4615/980/2140 4573/1021/2178 4619/1023/2180
f 4843/1100/2245 4622/1386/2243 4619/1093/2180
f 4843/1100/2245 4620/1101/2244 4842/1107/2242
f 4802/1794/2221 4625/1820/2252 4811/1756/2157
f 4844/1501/1787 4849/1500/1808 4848/1502/2481
f 4848/1502/2481 4845/1503/2482 4844/1501/1787
f 4846/1507/1814 4847/1505/1812 4852/2019/2483
f 4853/2020/2484 4852/2019/2483 4847/1505/1812
f 4850/1509/2485 4986/1508/2486 4848/1502/2481
f 4845/1503/2482 4848/1502/2481 4986/1508/2486
f 4848/2021/2481 4849/1511/1808 4850/2022/2485
f 4851/1510/1817 4850/2022/2485 4849/1511/1808
f 4850/1509/2485 4852/1514/2483 4986/1508/2486
f 4850/2022/2485 4851/1510/1817 4852/2019/2483
f 4846/1507/1814 4852/2019/2483 4851/1510/1817
f 4852/1514/2483 4853/1515/2484 4986/1508/2486
f 4862/1517/2487 4861/1516/1818 4854/1518/1820
f 4864/1519/2488 4862/1517/2487 4854/1518/1820
f 4865/1520/2489 4864/1519/2488 4854/1518/1820
f 4867/2023/2490 4865/2024/2489 4854/2025/1820
f 4868/2026/2491 4867/2023/2490 4854/2025/1820
f 4861/2027/1818 4868/2026/2491 4854/2025/1820
f 4856/1529/2492 4869/1527/2493 4855/1528/2494
f 4860/1526/2495 4855/1528/2494 4869/1527/2493
f 4857/1531/2496 4870/1530/2497 4856/1529/2492
f 4869/1527/2493 4856/1529/2492 4870/1530/2497
f 4863/1533/2498 4872/1532/2499 4857/1531/2496
f 4870/1530/2497 4857/1531/2496 4872/1532/2499
f 4866/2028/2500 4873/2029/2501 4863/2030/2498
f 4872/2031/2499 4863/2030/2498 4873/2029/2501
f 4859/2032/2502 4858/2033/2503 4866/2028/2500
f 4873/2029/2501 4866/2028/2500 4858/2033/2503
f 4855/2034/2494 4860/2035/2495 4859/2032/2502
f 4858/2033/2503 4859/2032/2502 4860/2035/2495
f 4856/1529/2492 4855/1528/2494 4862/1517/2487
f 4861/1516/1818 4862/1517/2487 4855/1528/2494
f 4864/1519/2488 4857/1531/2496 4862/1517/2487
f 4856/1529/2492 4862/1517/2487 4857/1531/2496
f 4865/1520/2489 4863/1533/2498 4864/1519/2488
f 4857/1531/2496 4864/1519/2488 4863/1533/2498
f 4867/2023/2490 4866/2028/2500 4865/2024/2489
f 4863/2030/2498 4865/2024/2489 4866/2028/2500
f 4868/2026/2491 4859/2032/2502 4867/2023/2490
f 4866/2028/2500 4867/2023/2490 4859/2032/2502
f 4861/2027/1818 4855/2034/2494 4868/2026/2491
f 4859/2032/2502 4868/2026/2491 4855/2034/2494
f 4869/1543/2493 4871/1542/1787 4860/1544/2495
f 4870/1545/2497 4871/1542/1787 4869/1543/2493
f 4872/1546/2499 4871/1542/1787 4870/1545/2497
f 4873/1547/2501 4871/1542/1787 4872/1546/2499
f 4858/1548/2503 4871/1542/1787 4873/1547/2501
f 4860/1544/2495 4871/1542/1787 4858/1548/2503
f 4885/1550/2487 4884/1549/1818 4874/1551/1820
f 4876/1552/2488 4885/1550/2487 4874/1551/1820
f 4875/1553/2489 4876/1552/2488 4874/1551/1820
f 4887/2036/2490 4875/2037/2489 4874/2038/1820
f 4877/2039/2491 4887/2036/2490 4874/2038/1820
f 4884/2040/1818 4877/2039/2491 4874/2038/1820
f 4878/1562/2504 4890/1560/2505 4883/1561/2506
f 4882/1559/2507 4883/1561/2506 4890/1560/2505
f 4879/1564/2508 4880/1563/2509 4878/1562/2504
f 4890/1560/2505 4878/1562/2504 4880/1563/2509
f 4886/1566/2510 4891/1565/2511 4879/1564/2508
f 4880/1563/2509 4879/1564/2508 4891/1565/2511
f 4888/2041/2512 4893/2042/2513 4886/2043/2510
f 4891/2044/2511 4886/2043/2510 4893/2042/2513
f 4889/2045/2514 4881/2046/2515 4888/2041/2512
f 4893/2042/2513 4888/2041/2512 4881/2046/2515
f 4883/2047/2506 4882/2048/2507 4889/2045/2514
f 4881/2046/2515 4889/2045/2514 4882/2048/2507
f 4878/1562/2504 4883/1561/2506 4885/1550/2487
f 4884/1549/1818 4885/1550/2487 4883/1561/2506
f 4876/1552/2488 4879/1564/2508 4885/1550/2487
f 4878/1562/2504 4885/1550/2487 4879/1564/2508
f 4875/1553/2489 4886/1566/2510 4876/1552/2488
f 4879/1564/2508 4876/1552/2488 4886/1566/2510
f 4887/2036/2490 4888/2041/2512 4875/2037/2489
f 4886/2043/2510 4875/2037/2489 4888/2041/2512
f 4877/2039/2491 4889/2045/2514 4887/2036/2490
f 4888/2041/2512 4887/2036/2490 4889/2045/2514
f 4884/2040/1818 4883/2047/2506 4877/2039/2491
f 4889/2045/2514 4877/2039/2491 4883/2047/2506
f 4890/1576/2505 4892/1575/1787 4882/1577/2507
f 4880/1578/2509 4892/1575/1787 4890/1576/2505
f 4891/1579/2511 4892/1575/1787 4880/1578/2509
f 4893/1580/2513 4892/1575/1787 4891/1579/2511
f 4881/1581/2515 4892/1575/1787 4893/1580/2513
f 4882/1577/2507 4892/1575/1787 4881/1581/2515
f 4898/1583/2516 4896/1582/2517 4895/1584/2518
f 4894/1585/2519 4896/1582/2517 4897/1584/2520
f 4899/1586/2521 4897/1584/2520 4898/1583/2516
f 4896/1582/2517 4894/1585/2519 4895/1584/2518
f 4896/1582/2517 4898/1583/2516 4897/1584/2520
f 4898/1583/2516 4895/1584/2518 4899/1586/2521
f 4902/1588/2522 4901/1587/2523 4903/1589/2524
f 4900/1590/2525 4901/1587/2523 4906/1589/2526
f 4901/1587/2523 4900/1590/2525 4903/1589/2524
f 4901/1587/2523 4904/1588/2527 4906/1589/2526
f 4902/1588/2522 4903/1589/2524 4905/1591/2528
f 4902/1588/2522 5412/1592/2529 4901/1587/2523
f 4902/1588/2522 4905/1591/2528 4904/1588/2527
f 4902/1588/2522 4904/1588/2527 5413/1593/2530
f 4905/1591/2528 4906/1589/2526 4904/1588/2527
f 4911/1583/2531 4910/1582/2532 4912/1584/2533
f 4908/1585/2534 4910/1582/2532 4909/1584/2535
f 4907/1586/2536 4909/1584/2535 4911/1583/2531
f 4910/1582/2532 4908/1585/2534 4912/1584/2533
f 4910/1582/2532 4911/1583/2531 4909/1584/2535
f 4911/1583/2531 4912/1584/2533 4907/1586/2536
f 4913/1597/2537 4920/1595/2538 4921/1596/2539
f 4914/1594/2540 4921/1596/2539 4920/1595/2538
f 4915/1595/2541 4913/1597/2537 4924/1594/2542
f 4921/1596/2539 4924/1594/2542 4913/1597/2537
f 4917/1599/2543 4915/1595/2541 4918/1598/2544
f 4924/1594/2542 4918/1598/2544 4915/1595/2541
f 4916/1601/2545 4917/1599/2543 4922/1600/2546
f 4918/1598/2544 4922/1600/2546 4917/1599/2543
f 4919/1599/2547 4916/1601/2545 4923/1598/2548
f 4922/1600/2546 4923/1598/2548 4916/1601/2545
f 4920/1595/2538 4919/1599/2547 4914/1594/2540
f 4923/1598/2548 4914/1594/2540 4919/1599/2547
f 4914/1603/2540 4924/1602/2542 4921/1604/2539
f 4923/1606/2548 4922/1605/2546 4918/1607/2544
f 4923/1606/2548 4918/1607/2544 4914/1603/2540
f 4924/1602/2542 4914/1603/2540 4918/1607/2544
f 4932/1611/2549 4925/1609/2550 4933/1610/2551
f 4926/1608/2552 4933/1610/2551 4925/1609/2550
f 4939/1610/2553 4927/1608/2554 4932/1611/2549
f 4925/1609/2550 4932/1611/2549 4927/1608/2554
f 4939/1610/2553 4928/1612/1912 4927/1608/2554
f 4941/1615/1910 4930/1613/2555 4942/1614/1911
f 4928/1612/1912 4942/1614/1911 4930/1613/2555
f 4931/1612/1907 4930/1613/2555 4929/1614/2556
f 4941/1615/1910 4929/1614/2556 4930/1613/2555
f 4929/1614/2556 4933/1610/2551 4931/1612/1907
f 4933/1602/2551 4939/1603/2553 4932/1604/2549
f 4934/1607/2557 4936/1605/1913 4935/1606/2558
f 4934/1607/2557 4935/1606/2558 4933/1602/2551
f 4939/1603/2553 4933/1602/2551 4935/1606/2558
f 4939/1610/2553 4935/1616/2558 4940/1617/1918
f 4936/1619/1913 4937/1618/1917 4935/1616/2558
f 4940/1617/1918 4935/1616/2558 4937/1618/1917
f 4936/1619/1913 4934/1616/2557 4937/1618/1917
f 4938/1617/1916 4937/1618/1917 4934/1616/2557
f 4938/1617/1916 4934/1616/2557 4933/1610/2551
f 4939/1610/2553 4942/1614/1911 4928/1612/1912
f 4933/1610/2551 4926/1608/2552 4931/1612/1907
f 4937/1623/1917 4941/1621/1910 4940/1622/1918
f 4942/1620/1911 4940/1622/1918 4941/1621/1910
f 4937/1623/1917 4938/1625/1916 4941/1621/1910
f 4929/1624/2556 4941/1621/1910 4938/1625/1916
f 4939/1610/2553 4940/1617/1918 4942/1614/1911
f 4929/1614/2556 4938/1617/1916 4933/1610/2551
f 4943/1611/2559 4946/1609/2560 4954/1610/2561
f 4944/1608/2562 4954/1610/2561 4946/1609/2560
f 4955/1610/2563 4945/1608/2564 4943/1611/2559
f 4946/1609/2560 4943/1611/2559 4945/1608/2564
f 4955/1610/2563 4959/1612/1894 4945/1608/2564
f 4950/1615/1892 4948/1613/2565 4947/1614/1893
f 4959/1612/1894 4947/1614/1893 4948/1613/2565
f 4949/1612/1889 4948/1613/2565 4951/1614/1891
f 4950/1615/1892 4951/1614/1891 4948/1613/2565
f 4951/1614/1891 4954/1610/2561 4949/1612/1889
f 4954/1603/2561 4955/1602/2563 4943/1604/2559
f 4953/1606/2566 4952/1605/1895 4957/1607/2567
f 4953/1606/2566 4957/1607/2567 4954/1603/2561
f 4955/1602/2563 4954/1603/2561 4957/1607/2567
f 4955/1610/2563 4957/1616/2567 4960/1617/1900
f 4952/1619/1895 4956/1618/1899 4957/1616/2567
f 4960/1617/1900 4957/1616/2567 4956/1618/1899
f 4952/1619/1895 4953/1616/2566 4956/1618/1899
f 4958/1617/1898 4956/1618/1899 4953/1616/2566
f 4958/1617/1898 4953/1616/2566 4954/1610/2561
f 4955/1610/2563 4947/1614/1893 4959/1612/1894
f 4954/1610/2561 4944/1608/2562 4949/1612/1889
f 4956/1623/1899 4950/1621/1892 4960/1625/1900
f 4947/1624/1893 4960/1625/1900 4950/1621/1892
f 4956/1623/1899 4958/1622/1898 4950/1621/1892
f 4951/1620/1891 4950/1621/1892 4958/1622/1898
f 4955/1610/2563 4960/1617/1900 4947/1614/1893
f 4951/1614/1891 4958/1617/1898 4954/1610/2561
f 4961/1582/1920 4444/1583/1919 4445/1584/1923
f 4961/1582/1920 4962/1585/1922 4447/1584/1921
f 4445/1584/1923 4444/1583/1919 4446/1586/1924
f 4964/1644/2568 4977/1643/1969 4963/1631/2569
f 4973/1642/2570 4963/1631/2569 4977/1643/1969
f 4965/1631/2571 4973/1642/1964 4967/1644/1965
f 4977/1643/2572 4967/1644/1965 4973/1642/1964
f 4981/1633/1946 4974/1645/1975 4965/1631/2573
f 4973/1642/2574 4965/1631/2573 4974/1645/1975
f 4963/1631/1949 4973/1642/1972 4969/1633/1972
f 4974/1645/2575 4969/1633/1972 4973/1642/1972
f 4982/1637/1952 4975/1647/2576 4966/1635/2576
f 4976/1646/2577 4966/1635/2576 4975/1647/2576
f 4448/1635/1956 4976/1646/2578 4971/1637/2578
f 4975/1647/2579 4971/1637/2578 4976/1646/2578
f 4966/1635/2580 4976/1646/1988 4964/1644/1988
f 4977/1643/2581 4964/1644/1988 4976/1646/1988
f 4967/1644/2582 4977/1643/1985 4448/1635/1985
f 4976/1646/2583 4448/1635/1985 4977/1643/1985
f 4972/1628/2584 4978/1649/1941 4449/1629/2585
f 4979/1648/2586 4449/1629/2585 4978/1649/1941
f 4980/1629/2587 4979/1648/2588 4968/1628/1937
f 4978/1649/2589 4968/1628/1937 4979/1648/2588
f 4969/1633/1973 4974/1645/1948 4980/1629/1948
f 4979/1648/2590 4980/1629/1948 4974/1645/1948
f 4449/1629/1976 4979/1648/1945 4981/1633/2591
f 4974/1645/2592 4981/1633/2591 4979/1648/1945
f 4971/1637/1980 4975/1647/1954 4970/1639/1954
f 4984/1650/2593 4970/1639/1954 4975/1647/1954
f 4983/1639/1983 4984/1650/2594 4982/1637/2594
f 4975/1647/2595 4982/1637/2594 4984/1650/2594
f 4970/1639/2596 4984/1650/1961 4972/1628/1961
f 4978/1649/2597 4972/1628/1961 4984/1650/1961
f 4968/1628/2598 4978/1649/1958 4983/1639/2599
f 4984/1650/2600 4983/1639/2599 4978/1649/1958
f 4985/1652/1820 4986/1508/2486 4847/1651/1812
f 4853/1515/2484 4847/1651/1812 4986/1508/2486
f 4992/1582/2601 4989/1583/2602 4987/1584/2603
f 4992/1582/2601 4988/1585/2604 4990/1584/2605
f 4990/1584/2605 4991/1586/2606 4989/1583/2602
f 4988/1585/2604 4992/1582/2601 4987/1584/2603
f 4989/1583/2602 4992/1582/2601 4990/1584/2605
f 4987/1584/2603 4989/1583/2602 4991/1586/2606
f 4997/1582/2601 4994/1583/2602 4993/1584/2603
f 4997/1582/2601 4996/1585/2604 4998/1584/2605
f 4998/1584/2605 4995/1586/2606 4994/1583/2602
f 4996/1585/2604 4997/1582/2601 4993/1584/2603
f 4994/1583/2602 4997/1582/2601 4998/1584/2605
f 4993/1584/2603 4994/1583/2602 4995/1586/2606
f 5000/2049/2607 5008/2050/2608 4999/2051/2609
f 5007/2052/2610 4999/2051/2609 5008/2050/2608
f 5010/2053/2611 5000/2049/2607 5001/2054/2612
f 4999/2051/2609 5001/2054/2612 5000/2049/2607
f 5004/2055/2613 5010/2053/2611 5002/2056/2614
f 5001/2054/2612 5002/2056/2614 5010/2053/2611
f 5003/2053/2615 5004/2055/2613 5005/2054/2616
f 5002/2056/2614 5005/2054/2616 5004/2055/2613
f 5011/2049/2617 5003/2053/2615 5006/2051/2618
f 5005/2054/2616 5006/2051/2618 5003/2053/2615
f 5008/2050/2608 5011/2049/2617 5007/2052/2610
f 5006/2051/2618 5007/2052/2610 5011/2049/2617
f 5006/2051/2618 5005/2054/2616 5007/2052/2610
f 5002/2056/2614 5001/2054/2612 5005/2054/2616
f 5005/2054/2616 5001/2054/2612 5007/2052/2610
f 5001/2054/2612 4999/2051/2609 5007/2052/2610
f 5008/2050/2608 5000/2049/2607 5012/2057/2619
f 5013/2058/2620 5012/2057/2619 5000/2049/2607
f 5000/2049/2607 5010/2053/2611 5013/2058/2620
f 5009/2059/2621 5013/2058/2620 5010/2053/2611
f 5010/2053/2611 5004/2055/2613 5009/2059/2621
f 5014/2060/2622 5009/2059/2621 5004/2055/2613
f 5004/2055/2613 5003/2053/2615 5014/2060/2622
f 5015/2059/2623 5014/2060/2622 5003/2053/2615
f 5003/2053/2615 5011/2049/2617 5015/2059/2623
f 5017/2058/2624 5015/2059/2623 5011/2049/2617
f 5017/2058/2624 5011/2049/2617 5012/2057/2619
f 5008/2050/2608 5012/2057/2619 5011/2049/2617
f 5012/2057/2619 5013/2058/2620 5022/2061/2625
f 5019/2062/2626 5022/2061/2625 5013/2058/2620
f 5013/2058/2620 5009/2059/2621 5019/2062/2626
f 5020/2063/2627 5019/2062/2626 5009/2059/2621
f 5009/2059/2621 5014/2060/2622 5020/2063/2627
f 5016/2064/2628 5020/2063/2627 5014/2060/2622
f 5014/2060/2622 5015/2059/2623 5016/2064/2628
f 5021/2063/2629 5016/2064/2628 5015/2059/2623
f 5015/2059/2623 5017/2058/2624 5021/2063/2629
f 5018/2062/2630 5021/2063/2629 5017/2058/2624
f 5018/2062/2630 5017/2058/2624 5022/2061/2625
f 5012/2057/2619 5022/2061/2625 5017/2058/2624
f 5019/2062/2626 5023/2065/1820 5022/2061/2625
f 5020/2063/2627 5023/2065/1820 5019/2062/2626
f 5016/2064/2628 5023/2065/1820 5020/2063/2627
f 5021/2063/2629 5023/2065/1820 5016/2064/2628
f 5018/2062/2630 5023/2065/1820 5021/2063/2629
f 5022/2061/2625 5023/2065/1820 5018/2062/2630
f 5030/2066/2631 5336/2067/2632 5024/2068/2633
f 5033/2069/2634 5024/2068/2633 5336/2067/2632
f 5327/2070/2635 5335/2071/2636 5328/2072/2637
f 5034/2073/2638 5328/2072/2637 5335/2071/2636
f 5031/2074/2639 5338/2075/2640 5025/2076/2641
f 5329/2077/2642 5025/2076/2641 5338/2075/2640
f 5026/2076/2643 5027/2077/2644 5330/2074/2645
f 5331/2075/2646 5330/2074/2645 5027/2077/2644
f 5032/2072/2647 5332/2073/2648 5028/2070/2649
f 5333/2071/2650 5028/2070/2649 5332/2073/2648
f 5334/2068/2651 5029/2069/2652 5325/2066/2653
f 5326/2067/2654 5325/2066/2653 5029/2069/2652
f 5028/2070/2649 5334/2068/2651 5032/2072/2647
f 5325/2066/2653 5030/2066/2631 5334/2068/2651
f 5334/2068/2651 5030/2066/2631 5032/2072/2647
f 5024/2068/2633 5327/2070/2635 5030/2066/2631
f 5328/2072/2637 5031/2074/2639 5327/2070/2635
f 5327/2070/2635 5031/2074/2639 5030/2066/2631
f 5030/2066/2631 5031/2074/2639 5032/2072/2647
f 5025/2076/2641 5026/2076/2643 5031/2074/2639
f 5031/2074/2639 5026/2076/2643 5032/2072/2647
f 5026/2076/2643 5330/2074/2645 5032/2072/2647
f 5038/2078/2655 5033/2069/2634 5321/2079/2656
f 5336/2067/2632 5321/2079/2656 5033/2069/2634
f 5039/2080/2657 5034/2073/2638 5322/2080/2658
f 5335/2071/2636 5322/2080/2658 5034/2073/2638
f 5035/2081/2659 5329/2077/2642 5040/2082/2660
f 5338/2075/2640 5040/2082/2660 5329/2077/2642
f 5339/2082/2661 5331/2075/2646 5041/2081/2662
f 5027/2077/2644 5041/2081/2662 5331/2075/2646
f 5036/2080/2663 5333/2071/2650 5324/2080/2664
f 5332/2073/2648 5324/2080/2664 5333/2071/2650
f 5326/2067/2654 5029/2069/2652 5337/2079/2665
f 5037/2078/2666 5337/2079/2665 5029/2069/2652
f 5043/2083/2667 5038/2078/2655 5047/2084/2668
f 5321/2079/2656 5047/2084/2668 5038/2078/2655
f 5322/2080/2658 5043/2083/2667 5039/2080/2657
f 5044/2085/2669 5039/2080/2657 5043/2083/2667
f 5040/2082/2660 5044/2085/2669 5035/2081/2659
f 5323/2086/2670 5035/2081/2659 5044/2085/2669
f 5041/2081/2662 5323/2086/2670 5339/2082/2661
f 5046/2085/2671 5339/2082/2661 5323/2086/2670
f 5324/2080/2664 5046/2085/2671 5036/2080/2663
f 5042/2083/2672 5036/2080/2663 5046/2085/2671
f 5047/2084/2668 5337/2079/2665 5042/2083/2672
f 5037/2078/2666 5042/2083/2672 5337/2079/2665
f 5045/2087/1820 5043/2083/2667 5047/2084/2668
f 5045/2087/1820 5044/2085/2669 5043/2083/2667
f 5045/2087/1820 5323/2086/2670 5044/2085/2669
f 5045/2087/1820 5046/2085/2671 5323/2086/2670
f 5045/2087/1820 5042/2083/2672 5046/2085/2671
f 5045/2087/1820 5047/2084/2668 5042/2083/2672
f 5052/1455/2673 4316/1451/2674 4296/1456/2675
f 4316/1451/2674 5048/934/2676 4296/1456/2675
f 5048/934/2676 4310/870/2677 4296/1456/2675
f 3972/869/2678 4320/1458/2679 4310/870/2677
f 4296/1456/2675 4310/870/2677 4320/1458/2679
f 5050/2088/2680 5051/2089/2681 5049/2090/2682
f 5051/2089/2681 5064/2091/2683 5049/2090/2682
f 5064/2091/2683 5065/2092/2684 5049/2090/2682
f 5054/2093/2685 5050/2088/2680 5053/2094/2686
f 5049/2090/2682 5053/2094/2686 5050/2088/2680
f 5051/1301/2681 5050/1300/2680 5048/1291/2687
f 4310/1299/2688 5048/1291/2687 5050/1300/2680
f 5064/1301/2689 5051/1300/2690 4316/1291/2689
f 5048/1299/2690 4316/1291/2689 5051/1300/2690
f 5049/1301/2682 5065/1300/2684 4296/1291/2691
f 5052/1299/2692 4296/1291/2691 5065/1300/2684
f 5065/1301/2693 5064/1300/2694 5052/1291/2693
f 4316/1299/2694 5052/1291/2693 5064/1300/2694
f 5053/1301/2686 5049/1300/2682 4320/1291/2695
f 4296/1299/2691 4320/1291/2695 5049/1300/2682
f 5054/1301/2685 5053/1300/2686 3972/1291/2696
f 4320/1299/2695 3972/1291/2696 5053/1300/2686
f 5050/1301/2680 5054/1300/2685 4310/1291/2688
f 3972/1299/2696 4310/1291/2688 5054/1300/2685
f 4293/1452/2697 4295/1453/2698 4304/938/2699
f 4308/858/2700 4304/938/2699 4295/1453/2698
f 4295/1453/2698 5061/905/2701 4308/858/2700
f 4309/859/2702 4308/858/2700 5061/905/2701
f 4304/938/2699 5048/934/2703 4293/1452/2697
f 4316/1451/2704 4293/1452/2697 5048/934/2703
f 5057/2095/2705 5055/2096/2706 5056/2097/2707
f 5058/2098/2708 5056/2097/2707 5055/2096/2706
f 5056/2097/2707 5058/2098/2708 5059/2099/2709
f 5060/2100/2710 5059/2099/2709 5058/2098/2708
f 5055/2096/2706 5057/2095/2705 5051/2089/2711
f 5064/2091/2712 5051/2089/2711 5057/2095/2705
f 5058/1301/2708 5055/1300/2706 4308/1291/2713
f 4304/1299/2714 4308/1291/2713 5055/1300/2706
f 5057/1301/2705 5056/1300/2707 4293/1291/2715
f 4295/1299/2716 4293/1291/2715 5056/1300/2707
f 5060/1301/2710 5058/1300/2708 4309/1291/2717
f 4308/1299/2713 4309/1291/2717 5058/1300/2708
f 5059/1301/2709 5060/1300/2710 5061/1291/2718
f 4309/1299/2717 5061/1291/2718 5060/1300/2710
f 5056/1301/2707 5059/1300/2709 4295/1291/2716
f 5061/1299/2718 4295/1291/2716 5059/1300/2709
f 5064/1301/2712 5057/1300/2705 4316/1291/2719
f 4293/1299/2715 4316/1291/2719 5057/1300/2705
f 5051/1301/2720 5064/1300/2721 5048/1291/2720
f 4316/1299/2721 5048/1291/2720 5064/1300/2721
f 5055/1301/2706 5051/1300/2711 4304/1291/2714
f 5048/1299/2722 4304/1291/2714 5051/1300/2711
f 4319/1447/2723 4290/1448/2724 4297/1457/2725
f 4318/1454/1778 4297/1457/2725 4290/1448/2724
f 4315/1449/2726 4316/1451/2673 5052/1455/1779
f 5062/2101/2727 5063/2102/2728 5068/2103/2729
f 5067/2104/2730 5068/2103/2729 5063/2102/2728
f 5065/2092/2731 5064/2091/2732 5066/2105/2733
f 5063/1301/2728 5062/1300/2727 4297/1291/2734
f 4319/1299/2735 4297/1291/2734 5062/1300/2727
f 5067/1301/2730 5063/1300/2728 4318/1291/2736
f 4297/1299/2734 4318/1291/2736 5063/1300/2728
f 5062/1301/2727 5068/1300/2729 4319/1291/2735
f 4290/1299/2737 4319/1291/2735 5068/1300/2729
f 5064/1301/2738 5065/1300/2739 4316/1291/2738
f 5052/1299/2739 4316/1291/2738 5065/1300/2739
f 5066/1301/2733 5064/1300/2732 4315/1291/2740
f 4316/1299/2741 4315/1291/2740 5064/1300/2732
f 5068/1301/2729 5066/1300/2733 4290/1291/2737
f 4315/1299/2740 4290/1291/2737 5066/1300/2733
f 5065/1301/2731 5067/1300/2730 5052/1291/2742
f 4318/1299/2736 5052/1291/2742 5067/1300/2730
f 4315/1449/2726 5052/1455/1779 4290/1448/2724
f 4318/1454/1778 4290/1448/2724 5052/1455/1779
f 5066/2105/2733 5068/2103/2729 5065/2092/2731
f 5067/2104/2730 5065/2092/2731 5068/2103/2729
f 5077/870/2743 5069/934/2744 5073/1456/2745
f 5069/934/2744 5070/1451/2746 5073/1456/2745
f 5070/1451/2746 4823/1455/2747 5073/1456/2745
f 5073/1456/2745 4825/1458/2748 5077/870/2743
f 4488/869/2749 5077/870/2743 4825/1458/2748
f 5072/2092/2750 5093/2091/2751 5071/2090/2752
f 5093/2091/2751 5085/2089/2753 5071/2090/2752
f 5085/2089/2753 5076/2088/2754 5071/2090/2752
f 5071/2090/2752 5076/2088/2754 5074/2094/2755
f 5075/2093/2756 5074/2094/2755 5076/2088/2754
f 5077/1301/2757 5076/1300/2754 5069/1291/2758
f 5085/1299/2753 5069/1291/2758 5076/1300/2754
f 5069/1301/2759 5085/1300/2759 5070/1291/2760
f 5093/1299/2760 5070/1291/2760 5085/1300/2759
f 4823/1301/2761 5072/1300/2750 5073/1291/2762
f 5071/1299/2752 5073/1291/2762 5072/1300/2750
f 5070/1301/2763 5093/1300/2763 4823/1291/2764
f 5072/1299/2764 4823/1291/2764 5093/1300/2763
f 5073/1301/2762 5071/1300/2752 4825/1291/2765
f 5074/1299/2755 4825/1291/2765 5071/1300/2752
f 4825/1301/2765 5074/1300/2755 4488/1291/2766
f 5075/1299/2756 4488/1291/2766 5074/1300/2755
f 4488/1301/2766 5075/1300/2756 5077/1291/2757
f 5076/1299/2754 5077/1291/2757 5075/1300/2756
f 5087/858/2767 5080/1453/2768 5078/938/2769
f 5079/1452/2770 5078/938/2769 5080/1453/2768
f 4485/859/2771 5089/905/2772 5087/858/2767
f 5080/1453/2768 5087/858/2767 5089/905/2772
f 5070/1451/2773 5069/934/2774 5079/1452/2770
f 5078/938/2769 5079/1452/2770 5069/934/2774
f 5083/2098/2775 5081/2096/2776 5084/2097/2777
f 5086/2095/2778 5084/2097/2777 5081/2096/2776
f 5088/2100/2779 5083/2098/2775 5082/2099/2780
f 5084/2097/2777 5082/2099/2780 5083/2098/2775
f 5093/2091/2781 5086/2095/2778 5085/2089/2782
f 5081/2096/2776 5085/2089/2782 5086/2095/2778
f 5078/1301/2783 5081/1300/2776 5087/1291/2784
f 5083/1299/2775 5087/1291/2784 5081/1300/2776
f 5080/1301/2785 5084/1300/2777 5079/1291/2786
f 5086/1299/2778 5079/1291/2786 5084/1300/2777
f 5087/1301/2784 5083/1300/2775 4485/1291/2787
f 5088/1299/2779 4485/1291/2787 5083/1300/2775
f 4485/1301/2787 5088/1300/2779 5089/1291/2788
f 5082/1299/2780 5089/1291/2788 5088/1300/2779
f 5089/1301/2788 5082/1300/2780 5080/1291/2785
f 5084/1299/2777 5080/1291/2785 5082/1300/2780
f 5079/1301/2786 5086/1300/2778 5070/1291/2789
f 5093/1299/2781 5070/1291/2789 5086/1300/2778
f 5070/1301/2790 5093/1300/2790 5069/1291/2791
f 5085/1299/2791 5069/1291/2791 5093/1300/2790
f 5069/1301/2792 5085/1300/2782 5078/1291/2783
f 5081/1299/2776 5078/1291/2783 5085/1300/2782
f 5092/1454/2453 5096/1448/2793 4824/1457/2794
f 4837/1447/2795 4824/1457/2794 5096/1448/2793
f 5070/1451/2796 5094/1449/2797 4823/1455/2796
f 5097/2104/2798 5091/2102/2799 5095/2103/2800
f 5090/2101/2801 5095/2103/2800 5091/2102/2799
f 5093/2091/2802 5072/2092/2803 5098/2105/2804
f 4837/1301/2805 5090/1300/2801 4824/1291/2806
f 5091/1299/2799 4824/1291/2806 5090/1300/2801
f 4824/1301/2806 5091/1300/2799 5092/1291/2807
f 5097/1299/2798 5092/1291/2807 5091/1300/2799
f 5096/1301/2808 5095/1300/2800 4837/1291/2805
f 5090/1299/2801 4837/1291/2805 5095/1300/2800
f 4823/1301/2809 5072/1300/2809 5070/1291/2810
f 5093/1299/2810 5070/1291/2810 5072/1300/2809
f 5070/1301/2811 5093/1300/2802 5094/1291/2812
f 5098/1299/2804 5094/1291/2812 5093/1300/2802
f 5094/1301/2812 5098/1300/2804 5096/1291/2808
f 5095/1299/2800 5096/1291/2808 5098/1300/2804
f 5092/1301/2807 5097/1300/2798 4823/1291/2813
f 5072/1299/2803 4823/1291/2813 5097/1300/2798
f 5092/1454/2453 4823/1455/2796 5096/1448/2793
f 5094/1449/2797 5096/1448/2793 4823/1455/2796
f 5097/2104/2798 5095/2103/2800 5072/2092/2803
f 5098/2105/2804 5072/2092/2803 5095/2103/2800
f 5101/802/1288 5100/2106/2814 5099/792/1280
f 4459/791/1279 5099/792/1280 5100/2106/2814
f 5105/2107/2815 5100/2106/2814 5106/811/1295
f 5101/802/1288 5106/811/1295 5100/2106/2814
f 4459/791/1279 5100/2106/2814 4460/792/2005
f 4466/802/2013 4460/792/2005 5100/2106/2814
f 4466/802/2013 5100/2106/2814 5102/811/2022
f 5105/2107/2815 5102/811/2022 5100/2106/2814
f 5105/2107/2815 5103/967/1414 5102/811/2022
f 4471/813/2021 5102/811/2022 5103/967/1414
f 5104/813/1297 5103/967/1414 5106/811/1295
f 5105/2107/2815 5106/811/1295 5103/967/1414
f 4175/1251/1645 5107/1249/1643 5109/1253/1647
f 5108/1254/1648 5109/1253/1647 5107/1249/1643
f 4192/1255/1649 5111/1256/1650 5110/1244/1638
f 4173/1245/1639 5110/1244/1638 5111/1256/1650
f 5113/1274/1666 4715/2108/1683 5112/1272/1664
f 5114/2109/2816 5112/1272/1664 4715/2108/1683
f 5115/1278/1670 4193/1275/1667 5116/1276/1668
f 5117/1273/1665 5116/1276/1668 4193/1275/1667
f 5112/1298/1664 5114/1300/2816 4175/1297/1645
f 4174/1302/1644 4175/1297/1645 5114/1300/2816
f 5113/1296/1666 4193/1300/1667 5107/1295/1643
f 5108/1302/1648 5107/1295/1643 4193/1300/1667
f 5116/1298/1668 5117/1300/1665 4192/1297/1649
f 5109/1302/1647 4192/1297/1649 5117/1300/1665
f 5115/1296/1670 4191/1300/1671 5111/1295/1650
f 4173/1302/1639 5111/1295/1650 4191/1300/1671
f 4712/1914/2349 5122/1920/2354 5118/1913/2348
f 4718/1918/2352 5118/1913/2348 5122/1920/2354
f 5121/1919/2353 5131/1912/2347 5124/1917/2351
f 4695/1910/2345 5124/1917/2351 5131/1912/2347
f 4713/1935/2370 5114/2109/2816 5119/1934/2369
f 4715/2108/1683 5119/1934/2369 5114/2109/2816
f 5123/1938/2373 4716/1276/2374 4704/1932/2367
f 5120/1933/2368 4704/1932/2367 4716/1276/2374
f 4713/1945/2370 4712/1944/2349 5114/1946/2816
f 4174/1301/1644 5114/1946/2816 4712/1944/2349
f 5119/1943/2369 5118/1942/2348 4704/1946/2367
f 4718/1301/2352 4704/1946/2367 5118/1942/2348
f 4716/1945/2374 5121/1944/2353 5120/1946/2368
f 5122/1301/2354 5120/1946/2368 5121/1944/2353
f 5123/1943/2373 5124/1942/2351 5129/1946/2371
f 4695/1301/2345 5129/1946/2371 5124/1942/2351
f 4172/1246/1640 4190/1247/1641 5125/1258/1652
f 4194/1260/1654 5125/1258/1652 4190/1247/1641
f 4183/1270/1662 4191/1279/1671 5126/1268/1660
f 5127/1277/1669 5126/1268/1660 4191/1279/1671
f 5126/1294/1660 5127/1300/1669 4172/1293/1640
f 5110/1302/1638 4172/1293/1640 5127/1300/1669
f 4183/1296/1662 5128/1300/1663 4190/1295/1641
f 4194/1302/1654 4190/1295/1641 5128/1300/1663
f 4696/1911/2346 4721/1922/2356 4694/1909/2344
f 5132/1921/2355 4694/1909/2344 4721/1922/2356
f 4711/1270/2365 5130/1931/2366 5129/1936/2371
f 4717/1937/2372 5129/1936/2371 5130/1931/2366
f 5130/1941/2366 4696/1940/2346 4717/1946/2372
f 5131/1301/2347 4717/1946/2372 4696/1940/2346
f 4694/1942/2344 5132/1301/2355 4711/1943/2365
f 4719/1946/2363 4711/1943/2365 5132/1301/2355
f 4819/1120/2257 5134/1094/2444 5133/1095/2238
f 5134/1094/2444 4562/1001/2162 5133/1095/2238
f 5135/1091/1523 4286/1445/1541 4282/1443/1768
f 4286/1120/1541 5135/1095/1523 4287/1094/1524
f 5142/1185/1596 4138/1183/1594 5143/769/1261
f 5136/770/1262 5143/769/1261 4138/1183/1594
f 4138/1183/1594 4137/1187/1598 5136/770/1262
f 3932/773/1265 5136/770/1262 4137/1187/1598
f 4137/1191/1598 4140/1189/1600 3932/775/1265
f 5137/776/1267 3932/775/1265 4140/1189/1600
f 4140/1189/1600 5138/1193/1602 5137/776/1267
f 3933/779/1269 5137/776/1267 5138/1193/1602
f 5138/1193/1602 5139/1195/1604 3933/779/1269
f 3935/781/1271 3933/779/1269 5139/1195/1604
f 5139/1195/1604 4143/1197/1606 3935/781/1271
f 3936/783/1273 3935/781/1271 4143/1197/1606
f 4143/1201/1606 4145/1199/1608 3936/785/1273
f 3939/786/1275 3936/785/1273 4145/1199/1608
f 4145/1199/1608 5140/1203/1610 3939/786/1275
f 3940/789/1277 3939/786/1275 5140/1203/1610
f 5141/1183/2308 5142/1185/1596 4451/770/1992
f 5143/769/1261 4451/770/1992 5142/1185/1596
f 5145/1187/2310 5141/1183/2308 5144/773/1994
f 4451/770/1992 5144/773/1994 5141/1183/2308
f 4666/1873/2312 5145/1872/2310 4453/1654/1996
f 5144/1656/1994 4453/1654/1996 5145/1872/2310
f 5146/1876/2314 4666/1873/2312 4454/1658/1998
f 4453/1654/1996 4454/1658/1998 4666/1873/2312
f 5148/1878/2316 5146/1876/2314 5149/1660/2000
f 4454/1658/1998 5149/1660/2000 5146/1876/2314
f 4668/1880/2318 5148/1878/2316 5147/1662/2002
f 5149/1660/2000 5147/1662/2002 5148/1878/2316
f 5150/1883/2320 4668/1882/2318 5151/1664/2004
f 5147/1666/2002 5151/1664/2004 4668/1882/2318
f 5140/1203/1610 5150/1883/2320 3940/789/1277
f 5151/1664/2004 3940/789/1277 5150/1883/2320
f 5162/2110/2817 5161/2111/2818 5152/2112/1820
f 5162/2110/2817 5152/2112/1820 5163/2113/2819
f 5154/2114/2820 5163/2115/2819 5152/2116/1820
f 5154/2114/2820 5152/2116/1820 5153/2117/2821
f 5166/2118/2822 5153/2117/2821 5152/2116/1820
f 5166/2118/2822 5152/2116/1820 5168/2119/2823
f 5169/2120/2824 5168/2121/2823 5152/2122/1820
f 5155/2123/2825 5169/2120/2824 5152/2122/1820
f 5156/2110/2826 5152/2112/1820 5161/2111/2818
f 5171/2113/2827 5152/2112/1820 5156/2110/2826
f 5157/2124/2828 5152/2125/1820 5171/2126/2827
f 5158/2127/2829 5152/2125/1820 5157/2124/2828
f 5173/2128/2830 5152/2125/1820 5158/2127/2829
f 5159/2129/2831 5152/2125/1820 5173/2128/2830
f 5160/2130/2832 5152/2122/1820 5159/2131/2831
f 5155/2123/2825 5152/2122/1820 5160/2130/2832
f 5161/2111/2818 5162/2110/2817 5170/1184/1595
f 5164/1182/1593 5170/1184/1595 5162/2110/2817
f 5162/2110/2817 5163/2113/2819 5164/1182/1593
f 4139/1186/1597 5164/1182/1593 5163/2113/2819
f 5163/2115/2819 5154/2114/2820 4139/1190/1597
f 5165/1188/1599 4139/1190/1597 5154/2114/2820
f 5154/2114/2820 5153/2117/2821 5165/1188/1599
f 4141/1192/1601 5165/1188/1599 5153/2117/2821
f 5153/2117/2821 5166/2118/2822 4141/1192/1601
f 5167/1194/1603 4141/1192/1601 5166/2118/2822
f 5166/2118/2822 5168/2119/2823 5167/1194/1603
f 4142/1196/1605 5167/1194/1603 5168/2119/2823
f 5168/2121/2823 5169/2120/2824 4142/1200/1605
f 4144/1198/1607 4142/1200/1605 5169/2120/2824
f 5169/2120/2824 5155/2123/2825 4144/1198/1607
f 4669/1202/1609 4144/1198/1607 5155/2123/2825
f 5161/2111/2818 5170/1184/1595 5156/2110/2826
f 4664/1182/2309 5156/2110/2826 5170/1184/1595
f 5156/2110/2826 4664/1182/2309 5171/2113/2827
f 4665/1186/2311 5171/2113/2827 4664/1182/2309
f 5171/2126/2827 4665/1874/2311 5157/2124/2828
f 5172/1875/2313 5157/2124/2828 4665/1874/2311
f 5157/2124/2828 5172/1875/2313 5158/2127/2829
f 4667/1877/2315 5158/2127/2829 5172/1875/2313
f 5158/2127/2829 4667/1877/2315 5173/2128/2830
f 5174/1879/2317 5173/2128/2830 4667/1877/2315
f 5173/2128/2830 5174/1879/2317 5159/2129/2831
f 5175/1881/2319 5159/2129/2831 5174/1879/2317
f 5159/2131/2831 5175/1884/2319 5160/2130/2832
f 4670/1885/2321 5160/2130/2832 5175/1884/2319
f 5160/2130/2832 4670/1885/2321 5155/2123/2825
f 4669/1202/1609 5155/2123/2825 4670/1885/2321
f 4006/956/1408 3994/957/1401 4005/2132/1410
f 5177/2133/2833 4005/2132/1410 3994/957/1401
f 5194/2134/2834 5176/962/1409 5177/2135/2833
f 4005/963/1410 5177/2135/2833 5176/962/1409
f 5178/2134/2835 5179/2135/2836 4542/962/2127
f 5180/963/2126 4542/962/2127 5179/2135/2836
f 3971/957/1343 4004/956/1407 5194/2133/2834
f 5176/2132/1409 5194/2133/2834 4004/956/1407
f 5178/2133/2835 4542/2132/2127 5195/957/2063
f 4539/956/2124 5195/957/2063 4542/2132/2127
f 5179/2133/2836 4540/957/2118 5180/2132/2126
f 4541/956/2125 5180/2132/2126 4540/957/2118
f 5182/2136/2837 3968/863/1325 5181/2137/2838
f 4073/864/1340 5181/2137/2838 3968/863/1325
f 5183/2138/2839 5184/844/1326 5182/2139/2837
f 3968/843/1325 5182/2139/2837 5184/844/1326
f 5181/2140/2838 4073/873/1340 5201/2141/2840
f 5199/872/1347 5201/2141/2840 4073/873/1340
f 3971/868/1343 5200/2142/2841 3973/939/1351
f 5185/945/1388 5186/2143/2842 3994/937/1401
f 5189/2144/2843 4608/1704/2060 5187/2145/2844
f 4486/1706/2046 5187/2145/2844 4608/1704/2060
f 5187/2139/2844 4486/843/2046 5188/2138/2845
f 4513/844/2045 5188/2138/2845 4486/843/2046
f 5198/2141/2846 4489/872/2067 5189/2140/2843
f 4608/873/2060 5189/2140/2843 4489/872/2067
f 5197/2142/2847 5195/868/2063 4492/939/2072
f 4540/937/2118 5190/2143/2848 4511/945/2106
f 5192/2134/2849 5194/2134/2834 5191/2135/2850
f 5177/2135/2833 5191/2135/2850 5194/2134/2834
f 5196/2135/2851 5179/2135/2836 5193/2134/2852
f 5178/2134/2835 5193/2134/2852 5179/2135/2836
f 5192/2146/2849 3971/957/1343 5194/2133/2834
f 3994/957/1401 5191/2133/2850 5177/2133/2833
f 5195/957/2063 5193/2133/2852 5178/2133/2835
f 5196/2146/2851 4540/957/2118 5179/2133/2836
f 4492/939/2072 4489/872/2067 5197/2142/2847
f 5198/2141/2846 5197/2142/2847 4489/872/2067
f 3973/939/1351 5200/2142/2841 5199/872/1347
f 5201/2141/2840 5199/872/1347 5200/2142/2841
f 3949/800/1286 4178/809/1294 3947/799/1285
f 4749/1916/2017 4700/1679/2018 4470/1673/2010
f 3947/798/1285 3951/808/1293 3946/797/1284
f 4662/1677/2016 4749/1678/2017 4465/1670/2009
f 4748/1925/2359 4698/1930/2350 4746/1691/2032
f 4182/1261/1655 4136/823/1305 4176/1266/1646
f 5207/2147/2418 5202/1695/2040 5217/2148/2853
f 5203/1693/2038 5217/2148/2853 5202/1695/2040
f 3962/841/1323 5227/842/1324 5205/839/1321
f 5204/837/1319 5205/839/1321 5227/842/1324
f 5205/839/1321 4011/970/1416 3962/841/1323
f 5218/1744/2133 5216/1745/2134 4762/1742/2131
f 4784/1697/2042 5207/2147/2418 5206/1699/2044
f 5217/2148/2853 5206/1699/2044 5207/2147/2418
f 5209/1947/2384 5220/1893/2329 5208/1889/2325
f 5210/1892/2328 4149/1210/1617 4674/1890/2326
f 5211/1212/1619 4674/1890/2326 4149/1210/1617
f 5212/1207/1614 4673/1891/2327 4674/1890/2326
f 5211/1212/1619 5212/1207/1614 4674/1890/2326
f 5222/1211/1618 5213/1376/1718 4150/1208/1615
f 5214/1304/1685 4150/1208/1615 5213/1376/1718
f 5214/1304/1685 4213/1209/1616 4150/1208/1615
f 5211/1212/1619 4150/1208/1615 5212/1207/1614
f 4739/1888/2324 5215/1746/2135 4725/1692/2037
f 5203/1693/2038 4725/1692/2037 5215/1746/2135
f 5215/1746/2135 5216/1745/2134 5203/1693/2038
f 5217/2148/2853 5203/1693/2038 5216/1745/2134
f 5216/1745/2134 5218/1744/2133 5217/2148/2853
f 5206/1699/2044 5217/2148/2853 5218/1744/2133
f 5219/1741/2052 4483/1698/2043 5218/1744/2133
f 5206/1699/2044 5218/1744/2133 4483/1698/2043
f 4774/2149/2417 4777/2150/2420 5209/1947/2384
f 5220/1893/2329 5209/1947/2384 4777/2150/2420
f 5221/2151/2419 5210/1892/2328 4777/2150/2420
f 5220/1893/2329 4777/2150/2420 5210/1892/2328
f 4776/2152/1734 4149/1210/1617 5221/2151/2419
f 5210/1892/2328 5221/2151/2419 4149/1210/1617
f 5223/2153/1736 5222/1211/1618 4776/2152/1734
f 4149/1210/1617 4776/2152/1734 5222/1211/1618
f 5230/2154/1737 5213/1376/1718 5223/2153/1736
f 5222/1211/1618 5223/2153/1736 5213/1376/1718
f 4241/2155/1729 5224/1303/1684 5230/2154/1737
f 5213/1376/1718 5230/2154/1737 5224/1303/1684
f 5225/2156/1731 5226/833/1315 4240/2157/1728
f 4200/835/1317 4240/2157/1728 5226/833/1315
f 4243/2158/1732 5227/842/1324 5225/2156/1731
f 5226/833/1315 5225/2156/1731 5227/842/1324
f 4251/2159/1733 5204/837/1319 4243/2158/1732
f 5227/842/1324 4243/2158/1732 5204/837/1319
f 4252/2160/1752 3961/838/1320 4251/2159/1733
f 5204/837/1319 4251/2159/1733 3961/838/1320
f 5343/1306/1687 3979/853/1327 4252/2161/1752
f 3961/851/1320 4252/2161/1752 3979/853/1327
f 4726/1948/2385 4482/2162/2041 4727/1700/2047
f 4483/1701/2043 4727/1700/2047 4482/2162/2041
f 4773/2163/2039 5202/1988/2040 4785/1395/2415
f 5221/1400/2419 4777/1989/2420 5228/1399/1735
f 4775/1402/2416 5228/1399/1735 4777/1989/2420
f 5223/1400/1736 5228/1399/1735 5230/1401/1737
f 5229/1402/1730 5230/1401/1737 5228/1399/1735
f 4240/2163/1728 4242/1395/1727 5225/1394/1731
f 4658/1853/2289 5231/1865/2301 5232/1852/2288
f 5405/2164/2854 5232/1852/2288 5231/1865/2301
f 5233/1871/2307 4659/1869/2305 5405/2164/2854
f 5233/1871/2307 5234/1952/2389 4659/1869/2305
f 5400/2008/2438 4659/1869/2305 5234/1952/2389
f 5400/2008/2438 5234/1952/2389 4786/1951/2388
f 4660/1870/2306 4796/1868/2304 4655/1862/2298
f 4656/1863/2299 4655/1862/2298 4796/1868/2304
f 4660/1870/2306 5235/2009/2439 4796/1868/2304
f 5236/2007/2437 4796/1868/2304 5235/2009/2439
f 5261/2165/2855 4795/1867/2303 5237/2166/2856
f 4794/2006/2436 5237/2166/2856 4795/1867/2303
f 5241/1859/2295 4653/1860/2296 5261/2165/2855
f 4795/1867/2303 5261/2165/2855 4653/1860/2296
f 5238/1850/2286 4656/1863/2299 5239/1849/2285
f 4654/1861/2297 5239/1849/2285 4656/1863/2299
f 5246/1838/2274 5245/1839/2275 5240/1851/2287
f 5232/1852/2288 5240/1851/2287 5245/1839/2275
f 4655/1862/2298 5240/1851/2287 5405/2164/2854
f 5232/1852/2288 5405/2164/2854 5240/1851/2287
f 5241/1859/2295 5242/1845/2281 4653/1860/2296
f 5318/1848/2284 4653/1860/2296 5242/1845/2281
f 5317/2167/2857 5319/1844/2280 4644/1834/2270
f 5319/1844/2280 5309/1846/2282 4644/1834/2270
f 5309/1846/2282 5308/1833/2269 4644/1834/2270
f 4651/1836/2272 4652/1837/2273 5239/1849/2285
f 5238/1850/2286 5239/1849/2285 4652/1837/2273
f 4645/1785/2212 5243/1787/2214 4651/1836/2272
f 4652/1837/2273 4651/1836/2272 5243/1787/2214
f 5244/1764/2189 4589/1767/2192 4645/1785/2212
f 5243/1787/2214 4645/1785/2212 4589/1767/2192
f 4580/1762/2187 4581/1765/2190 5244/1764/2189
f 4589/1767/2192 5244/1764/2189 4581/1765/2190
f 5248/1788/2215 5247/1789/2216 5246/1838/2274
f 5245/1839/2275 5246/1838/2274 5247/1789/2216
f 5249/1768/2193 4590/1771/2196 5248/1788/2215
f 5247/1789/2216 5248/1788/2215 4590/1771/2196
f 4582/1766/2191 5250/1769/2194 5249/1768/2193
f 4590/1771/2196 5249/1768/2193 5250/1769/2194
f 5254/1783/2210 5251/1786/2213 4644/1834/2270
f 4650/1835/2271 4644/1834/2270 5251/1786/2213
f 5252/1760/2185 5253/1763/2188 5254/1783/2210
f 5251/1786/2213 5254/1783/2210 5253/1763/2188
f 4577/1758/2183 4579/1761/2186 5252/1760/2185
f 5253/1763/2188 5252/1760/2185 4579/1761/2186
f 5258/1777/2202 5257/1773/2198 5255/1775/2200
f 5256/1774/2199 5255/1775/2200 5257/1773/2198
f 5258/1777/2202 4648/1792/2219 5257/1773/2198
f 5259/1791/2218 5257/1773/2198 4648/1792/2219
f 5263/1842/2278 5268/1841/2277 4648/1792/2219
f 5259/1791/2218 4648/1792/2219 5268/1841/2277
f 5268/1841/2277 5269/1855/2291 5267/1854/2290
f 5261/2165/2855 5260/1858/2294 5241/1859/2295
f 5237/2166/2856 5402/2004/2434 5261/2165/2855
f 5260/1858/2294 5261/2165/2855 5402/2004/2434
f 4551/1753/2143 4799/1950/2387 4792/1857/2293
f 4657/1864/2300 4792/1857/2293 4799/1950/2387
f 4551/1753/2143 5262/1750/2138 4799/1950/2387
f 5397/2168/2431 4799/1950/2387 5262/1750/2138
f 4792/1857/2293 4657/1864/2300 5267/1854/2290
f 5263/1842/2278 4801/1843/2279 5269/1855/2291
f 5264/1856/2292 5269/1855/2291 4801/1843/2279
f 4800/2003/2433 4552/1752/2142 4801/1843/2279
f 5264/1856/2292 4801/1843/2279 4552/1752/2142
f 4800/2003/2433 4550/1751/2139 4552/1752/2142
f 5265/1383/1724 4548/976/1422 4800/2003/2433
f 4550/1751/2139 4800/2003/2433 4548/976/1422
f 5265/1383/1724 4255/1424/1756 4548/976/1422
f 4020/974/1420 4548/976/1422 4255/1424/1756
f 4255/1424/1756 5266/981/1426 4020/974/1420
f 4267/1153/1564 4124/1165/1576 4255/1424/1756
f 5266/981/1426 4255/1424/1756 4124/1165/1576
f 4125/1166/1577 4124/1165/1576 5290/1154/1565
f 4267/1153/1564 5290/1154/1565 4124/1165/1576
f 5267/1854/2290 5269/1855/2291 4792/1857/2293
f 5263/1842/2278 5269/1855/2291 5268/1841/2277
f 5270/1983/2414 4790/1981/2410 4766/1894/2330
f 4765/1815/2249 5271/2169/2413 4578/1759/2184
f 4576/1757/2182 4578/1759/2184 5271/2169/2413
f 4765/1815/2249 4578/1759/2184 4643/1784/2211
f 4753/1973/2205 5272/1778/2203 4585/2170/2204
f 4584/1776/2201 4585/2170/2204 5272/1778/2203
f 4753/1973/2205 4649/1793/2220 5272/1778/2203
f 5275/1181/1592 5274/1179/1590 4264/1431/1763
f 5273/1430/1762 4264/1431/1763 5274/1179/1590
f 5275/1181/1592 4129/1176/1587 5274/1179/1590
f 4131/1174/1585 5274/1179/1590 4129/1176/1587
f 4129/1176/1587 5276/1162/1573 4131/1174/1585
f 4128/1159/1570 4131/1174/1585 5276/1162/1573
f 5296/1149/1560 5277/1148/1559 5276/1162/1573
f 4128/1159/1570 5276/1162/1573 5277/1148/1559
f 5278/2171/2858 4265/1433/1765 5398/2172/2859
f 5404/1432/1764 5398/2172/2859 4265/1433/1765
f 5279/1177/1588 4265/1433/1765 5278/2171/2858
f 5279/1177/1588 5282/1164/1575 5280/1175/1586
f 5281/1161/1572 5280/1175/1586 5282/1164/1575
f 4118/1152/1563 5294/1150/1561 5282/1164/1575
f 5281/1161/1572 5282/1164/1575 5294/1150/1561
f 4263/1429/1761 5284/1180/1591 4261/1428/1760
f 5283/1178/1589 4261/1428/1760 5284/1180/1591
f 5284/1180/1591 5285/1173/1584 5283/1178/1589
f 5286/1172/1583 5283/1178/1589 5285/1173/1584
f 5285/1173/1584 4122/1160/1571 5286/1172/1583
f 4127/1171/1582 5286/1172/1583 4122/1160/1571
f 4114/1147/1558 5287/1146/1557 4122/1160/1571
f 4127/1171/1582 4122/1160/1571 5287/1146/1557
f 5278/2171/2858 4266/1434/1766 5279/1177/1588
f 5398/2172/2859 4202/1307/1688 5278/2171/2858
f 4266/1434/1766 5278/2171/2858 4202/1307/1688
f 5399/2173/1753 4254/1308/1689 4202/1307/1688
f 5316/1157/1568 5288/1158/1569 4126/1169/1580
f 5289/1170/1581 4126/1169/1580 5288/1158/1569
f 5288/1158/1569 5314/1425/1757 5289/1170/1581
f 4260/1427/1759 5289/1170/1581 5314/1425/1757
f 4266/1434/1766 4123/1167/1578 5279/1177/1588
f 5307/1163/1574 5279/1177/1588 4123/1167/1578
f 4125/1166/1577 5292/1151/1562 5307/1163/1574
f 5290/1154/1565 5291/1064/1504 5292/1151/1562
f 4062/1062/1502 5292/1151/1562 5291/1064/1504
f 5298/1044/1484 5293/1041/1481 5291/1064/1504
f 4062/1062/1502 5291/1064/1504 5293/1041/1481
f 4117/1061/1501 4059/1060/1500 4118/1152/1563
f 5294/1150/1561 4118/1152/1563 4059/1060/1500
f 4061/1040/1480 5295/1037/1477 4117/1061/1501
f 4059/1060/1500 4117/1061/1501 5295/1037/1477
f 4116/1059/1499 4115/1058/1498 5296/1149/1560
f 5277/1148/1559 5296/1149/1560 4115/1058/1498
f 4060/1036/1476 4042/1034/1474 4116/1059/1499
f 4115/1058/1498 4116/1059/1499 4042/1034/1474
f 4257/1357/1488 4046/1045/1485 4119/1063/1503
f 4257/1357/1488 5297/2174/1489 4046/1045/1485
f 4047/1047/1487 4046/1045/1485 5297/2174/1489
f 5299/1046/1486 5300/1043/1483 5298/1044/1484
f 5293/1041/1481 5298/1044/1484 5300/1043/1483
f 4061/1040/1480 4045/1042/1482 5295/1037/1477
f 5301/1039/1479 5295/1037/1477 4045/1042/1482
f 4044/1038/1478 5302/1035/1475 4060/1036/1476
f 4042/1034/1474 4060/1036/1476 5302/1035/1475
f 4038/1029/1469 4040/1031/1471 5303/1028/1468
f 4039/1030/1470 5303/1028/1468 4040/1031/1471
f 4038/1029/1469 5304/1055/1495 4040/1031/1471
f 4112/1056/1496 4040/1031/1471 5304/1055/1495
f 5304/1055/1495 5310/1144/1555 4112/1056/1496
f 5287/1146/1557 4112/1056/1496 5310/1144/1555
f 4096/1378/1549 4057/1027/1467 5305/2175/1725
f 5306/1026/1466 5305/2175/1725 4057/1027/1467
f 4096/1378/1549 4058/1054/1494 4057/1027/1467
f 4123/1167/1578 4125/1166/1577 5307/1163/1574
f 5290/1154/1565 5292/1151/1562 4125/1166/1577
f 5308/1833/2269 5309/1846/2282 5270/1983/2414
f 4790/1981/2410 5270/1983/2414 5309/1846/2282
f 5311/1145/1556 4120/1156/1567 5310/1144/1555
f 4121/1155/1566 5310/1144/1555 4120/1156/1567
f 5311/1145/1556 5312/1381/1722 4120/1156/1567
f 5313/1380/1721 4120/1156/1567 5312/1381/1722
f 5314/1425/1757 5313/1380/1721 4069/1052/1492
f 4069/1052/1492 5313/1380/1721 5315/1213/1620
f 5316/1157/1568 4127/1171/1582 4121/1155/1566
f 4127/1171/1582 5287/1146/1557 4121/1155/1566
f 4650/1835/2271 5317/2167/2857 4644/1834/2270
f 5318/1848/2284 5317/2167/2857 4650/1835/2271
f 5319/1844/2280 5317/2167/2857 5242/1845/2281
f 5318/1848/2284 5242/1845/2281 5317/2167/2857
f 5320/1828/2261 4621/1812/2246 4624/1811/2247
f 4094/1125/1546 4096/1378/1549 4095/1126/1547
f 4096/1378/1549 4080/2176/1530 4095/1126/1547
f 4080/2176/1530 4081/1104/1533 4095/1126/1547
f 4080/2176/1530 4082/1105/1531 4081/1104/1533
f 5047/2084/2668 5321/2079/2656 5337/2079/2665
f 5043/2083/2667 5322/2080/2658 5038/2078/2655
f 5044/2085/2669 5040/2082/2660 5039/2080/2657
f 5323/2086/2670 5041/2081/2662 5035/2081/2659
f 5046/2085/2671 5324/2080/2664 5339/2082/2661
f 5042/2083/2672 5037/2078/2666 5036/2080/2663
f 5336/2067/2632 5030/2066/2631 5326/2067/2654
f 5325/2066/2653 5326/2067/2654 5030/2066/2631
f 5024/2068/2633 5033/2069/2634 5327/2070/2635
f 5335/2071/2636 5327/2070/2635 5033/2069/2634
f 5328/2072/2637 5034/2073/2638 5031/2074/2639
f 5338/2075/2640 5031/2074/2639 5034/2073/2638
f 5025/2076/2641 5329/2077/2642 5026/2076/2643
f 5027/2077/2644 5026/2076/2643 5329/2077/2642
f 5330/2074/2645 5331/2075/2646 5032/2072/2647
f 5332/2073/2648 5032/2072/2647 5331/2075/2646
f 5028/2070/2649 5333/2071/2650 5334/2068/2651
f 5029/2069/2652 5334/2068/2651 5333/2071/2650
f 5033/2069/2634 5038/2078/2655 5335/2071/2636
f 5322/2080/2658 5335/2071/2636 5038/2078/2655
f 5321/2079/2656 5336/2067/2632 5337/2079/2665
f 5326/2067/2654 5337/2079/2665 5336/2067/2632
f 5034/2073/2638 5039/2080/2657 5338/2075/2640
f 5040/2082/2660 5338/2075/2640 5039/2080/2657
f 5329/2077/2642 5035/2081/2659 5027/2077/2644
f 5041/2081/2662 5027/2077/2644 5035/2081/2659
f 5331/2075/2646 5339/2082/2661 5332/2073/2648
f 5324/2080/2664 5332/2073/2648 5339/2082/2661
f 5333/2071/2650 5036/2080/2663 5029/2069/2652
f 5037/2078/2666 5029/2069/2652 5036/2080/2663
f 5341/2177/1743 5342/2178/1686 5340/2179/1738
f 5343/2180/1687 5340/2179/1738 5342/2178/1686
f 5340/2179/1738 5343/2180/1687 4244/2181/1739
f 4252/2182/1752 4244/2181/1739 5343/2180/1687
f 4244/2183/1739 4252/2184/1752 4245/2185/1741
f 5344/2186/1751 4245/2185/1741 4252/2184/1752
f 4245/2185/1741 5344/2186/1751 4247/2187/1747
f 5345/2188/1750 4247/2187/1747 5344/2186/1751
f 4247/2187/1747 5345/2188/1750 4778/2189/2421
f 5346/2190/2429 4778/2189/2421 5345/2188/1750
f 4778/2189/2421 5346/2190/2429 5347/2191/2422
f 4482/2192/2041 5347/2191/2422 5346/2190/2429
f 5347/2181/2422 4482/2182/2041 5348/2179/2424
f 4726/2180/2385 5348/2179/2424 4482/2182/2041
f 5348/2179/2424 4726/2180/2385 5350/2177/2425
f 5349/2178/2386 5350/2177/2425 4726/2180/2385
f 5350/2177/2425 5349/2178/2386 4780/2193/2427
f 4786/2194/2388 4780/2193/2427 5349/2178/2386
f 4780/2195/2427 4786/2196/2388 4783/2197/2428
f 5351/2198/2430 4783/2197/2428 4786/2196/2388
f 4783/2197/2428 5351/2198/2430 4250/2187/1749
f 4253/2188/1755 4250/2187/1749 5351/2198/2430
f 4250/2187/1749 4253/2188/1755 5353/2199/1744
f 5352/2200/1754 5353/2199/1744 4253/2188/1755
f 5353/2199/1744 5352/2200/1754 5354/2201/1745
f 5399/2202/1753 5354/2201/1745 5352/2200/1754
f 5354/2193/1745 5399/2194/1753 5341/2177/1743
f 5342/2178/1686 5341/2177/1743 5399/2194/1753
f 4476/1687/2028 4746/1691/2032 4662/1677/2016
f 4663/1676/2015 4662/1677/2016 4469/1669/2008
f 5355/806/1291 5356/796/1283 3950/807/1292
f 3956/821/1303 3950/807/1292 4136/823/1305
f 5371/1516/2860 5366/1517/2861 5358/1518/1787
f 5366/1517/2861 5357/1519/2862 5358/1518/1787
f 5357/1519/2862 5369/1520/2863 5358/1518/1787
f 5369/1521/2863 5370/1522/2864 5358/1523/1787
f 5370/1522/2864 5372/1524/2865 5358/1523/1787
f 5372/1524/2865 5371/1525/2860 5358/1523/1787
f 5359/1526/2866 5360/1527/2867 5365/1528/2868
f 5361/1529/2869 5365/1528/2868 5360/1527/2867
f 5360/1527/2867 5374/1530/2870 5361/1529/2869
f 5367/1531/2871 5361/1529/2869 5374/1530/2870
f 5374/1530/2870 5375/1532/2872 5367/1531/2871
f 5368/1533/2873 5367/1531/2871 5375/1532/2872
f 5375/1534/2872 5376/1535/2874 5368/1536/2873
f 5362/1537/2875 5368/1536/2873 5376/1535/2874
f 5376/1535/2874 5363/1538/2876 5362/1537/2875
f 5364/1539/2877 5362/1537/2875 5363/1538/2876
f 5363/1538/2876 5359/1540/2866 5364/1539/2877
f 5365/1541/2868 5364/1539/2877 5359/1540/2866
f 5371/1516/2860 5365/1528/2868 5366/1517/2861
f 5361/1529/2869 5366/1517/2861 5365/1528/2868
f 5361/1529/2869 5367/1531/2871 5366/1517/2861
f 5357/1519/2862 5366/1517/2861 5367/1531/2871
f 5367/1531/2871 5368/1533/2873 5357/1519/2862
f 5369/1520/2863 5357/1519/2862 5368/1533/2873
f 5368/1536/2873 5362/1537/2875 5369/1521/2863
f 5370/1522/2864 5369/1521/2863 5362/1537/2875
f 5362/1537/2875 5364/1539/2877 5370/1522/2864
f 5372/1524/2865 5370/1522/2864 5364/1539/2877
f 5364/1539/2877 5365/1541/2868 5372/1524/2865
f 5371/1525/2860 5372/1524/2865 5365/1541/2868
f 5373/1542/1820 5360/1543/2867 5359/1544/2866
f 5373/1542/1820 5374/1545/2870 5360/1543/2867
f 5373/1542/1820 5375/1546/2872 5374/1545/2870
f 5373/1542/1820 5376/1547/2874 5375/1546/2872
f 5373/1542/1820 5363/1548/2876 5376/1547/2874
f 5373/1542/1820 5359/1544/2866 5363/1548/2876
f 5394/1516/2860 5387/1517/2861 5377/1518/1787
f 5387/1517/2861 5390/1519/2862 5377/1518/1787
f 5390/1519/2862 5392/1520/2863 5377/1518/1787
f 5392/1521/2863 5378/1522/2864 5377/1523/1787
f 5378/1522/2864 5379/1524/2865 5377/1523/1787
f 5379/1524/2865 5394/1525/2860 5377/1523/1787
f 5385/1526/2866 5395/1527/2878 5386/1528/2879
f 5388/1529/2869 5386/1528/2879 5395/1527/2878
f 5395/1527/2878 5380/1530/2870 5388/1529/2869
f 5389/1531/2871 5388/1529/2869 5380/1530/2870
f 5380/1530/2870 5381/1532/2872 5389/1531/2871
f 5391/1533/2880 5389/1531/2871 5381/1532/2872
f 5381/1534/2872 5382/1535/2874 5391/1536/2880
f 5383/1537/2875 5391/1536/2880 5382/1535/2874
f 5382/1535/2874 5384/1538/2876 5383/1537/2875
f 5393/1539/2877 5383/1537/2875 5384/1538/2876
f 5384/1538/2876 5385/1540/2866 5393/1539/2877
f 5386/1541/2879 5393/1539/2877 5385/1540/2866
f 5394/1516/2860 5386/1528/2879 5387/1517/2861
f 5388/1529/2869 5387/1517/2861 5386/1528/2879
f 5388/1529/2869 5389/1531/2871 5387/1517/2861
f 5390/1519/2862 5387/1517/2861 5389/1531/2871
f 5389/1531/2871 5391/1533/2880 5390/1519/2862
f 5392/1520/2863 5390/1519/2862 5391/1533/2880
f 5391/1536/2880 5383/1537/2875 5392/1521/2863
f 5378/1522/2864 5392/1521/2863 5383/1537/2875
f 5383/1537/2875 5393/1539/2877 5378/1522/2864
f 5379/1524/2865 5378/1522/2864 5393/1539/2877
f 5393/1539/2877 5386/1541/2879 5379/1524/2865
f 5394/1525/2860 5379/1524/2865 5386/1541/2879
f 5396/1542/1820 5395/1543/2878 5385/1544/2866
f 5396/1542/1820 5380/1545/2870 5395/1543/2878
f 5396/1542/1820 5381/1546/2872 5380/1545/2870
f 5396/1542/1820 5382/1547/2874 5381/1546/2872
f 5396/1542/1820 5384/1548/2876 5382/1547/2874
f 5396/1542/1820 5385/1544/2866 5384/1548/2876
f 5398/2172/2859 5404/1432/1764 5399/2173/1753
f 5397/2168/2431 4786/1951/2388 4799/1950/2387
f 5398/2172/2859 5399/2173/1753 4202/1307/1688
f 4260/1427/1759 4069/1052/1492 5403/903/1375
f 4793/1980/2409 5402/2004/2434 4728/1781/2208
f 5400/2008/2438 5401/1719/2093 4502/1720/2094
f 5314/1425/1757 4069/1052/1492 4260/1427/1759
f 4728/1781/2208 5402/2004/2434 4502/1720/2094
f 5399/2173/1753 5404/1432/1764 5342/1305/1686
f 4201/904/1376 5342/1305/1686 5404/1432/1764
f 4786/1951/2388 5349/1949/2386 5400/2008/2438
f 5401/1719/2093 5400/2008/2438 5349/1949/2386
f 5402/2004/2434 5400/2008/2438 4502/1720/2094
f 4201/904/1376 5404/1432/1764 5403/903/1375
f 5404/1432/1764 4260/1427/1759 5403/903/1375
f 4265/1433/1765 5280/1175/1586 5275/1181/1592
f 5280/1175/1586 4265/1433/1765 5279/1177/1588
f 5286/1172/1583 4126/1169/1580 5283/1178/1589
f 5231/1865/2301 5233/1871/2307 5405/2164/2854
f 5405/2164/2854 4659/1869/2305 4655/1862/2298
f 4019/975/1421 4254/1308/1689 5408/896/1368
f 5397/2168/2431 5406/1717/2088 4787/2203/2432
f 5262/1750/2138 5406/1717/2088 5397/2168/2431
f 4787/2203/2432 5406/1717/2088 4499/898/1370
f 5407/2204/1423 5408/896/1368 4499/898/1370
f 5409/897/1369 5408/896/1368 4254/1308/1689
f 4389/1593/1864 4387/1588/1857 5410/1592/1863
f 5410/1592/1863 5411/1588/1861 4389/1593/1864
f 4383/1587/1856 5411/1588/1861 5410/1592/1863
f 5413/1593/2530 5412/1592/2529 4902/1588/2522
f 4904/1588/2527 5412/1592/2529 5413/1593/2530
f 4901/1587/2523 5412/1592/2529 4904/1588/2527
o F-15C_Eagle_Pilot01
v 0.077450 0.151791 7.864632
v 0.078537 0.225976 7.868179
v 0.123745 0.231962 7.851519
v 0.123745 0.231962 7.851519
v 0.135931 0.151791 7.841800
v 0.077450 0.151791 7.864632
v 0.120926 0.151791 8.028590
v 0.211653 0.151791 7.987653
v 0.218396 0.151361 8.072574
v 0.218396 0.151361 8.072574
v 0.159547 0.149590 8.088708
v 0.120926 0.151791 8.028590
v 0.120926 0.151791 8.028590
v 0.159547 0.149590 8.088708
v 0.161180 0.174221 8.086889
v 0.161180 0.174221 8.086889
v 0.122773 0.189335 8.044990
v 0.120926 0.151791 8.028590
v 0.211653 0.151791 7.987653
v 0.200361 0.191584 8.007017
v 0.219904 0.181368 8.071103
v 0.219904 0.181368 8.071103
v 0.218396 0.151361 8.072574
v 0.211653 0.151791 7.987653
v 0.122773 0.189335 8.044990
v 0.161180 0.174221 8.086889
v 0.219904 0.181368 8.071103
v 0.219904 0.181368 8.071103
v 0.200361 0.191584 8.007017
v 0.122773 0.189335 8.044990
v 0.159547 0.149590 8.088708
v 0.218396 0.151361 8.072574
v 0.219904 0.181368 8.071103
v 0.219904 0.181368 8.071103
v 0.161180 0.174221 8.086889
v 0.159547 0.149590 8.088708
v 0.120926 0.151791 8.028590
v 0.122773 0.189335 8.044990
v 0.104291 0.219388 7.962983
v 0.104291 0.219388 7.962983
v 0.099188 0.151791 7.946611
v 0.120926 0.151791 8.028590
v 0.122773 0.189335 8.044990
v 0.200361 0.191584 8.007017
v 0.166588 0.215282 7.945373
v 0.166588 0.215282 7.945373
v 0.104291 0.219388 7.962983
v 0.122773 0.189335 8.044990
v 0.200361 0.191584 8.007017
v 0.211653 0.151791 7.987653
v 0.172753 0.151791 7.912724
v 0.172753 0.151791 7.912724
v 0.166588 0.215282 7.945373
v 0.200361 0.191584 8.007017
v 0.211653 0.151791 7.987653
v 0.120926 0.151791 8.028590
v 0.099188 0.151791 7.946611
v 0.099188 0.151791 7.946611
v 0.172753 0.151791 7.912724
v 0.211653 0.151791 7.987653
v 0.123745 0.231962 7.851519
v 0.078537 0.225976 7.868179
v 0.051748 0.262037 7.860017
v 0.051748 0.262037 7.860017
v 0.124974 0.238347 7.812725
v 0.123745 0.231962 7.851519
v 0.166588 0.215282 7.945373
v 0.123745 0.231962 7.851519
v 0.124974 0.238347 7.812725
v 0.124974 0.238347 7.812725
v 0.192995 0.246695 7.892849
v 0.166588 0.215282 7.945373
v 0.078537 0.225976 7.868179
v 0.104291 0.219388 7.962983
v 0.076773 0.263136 7.969867
v 0.076773 0.263136 7.969867
v 0.051748 0.262037 7.860017
v 0.078537 0.225976 7.868179
v 0.104291 0.219388 7.962983
v 0.166588 0.215282 7.945373
v 0.159091 0.263889 7.990292
v 0.159091 0.263889 7.990292
v 0.076773 0.263136 7.969867
v 0.104291 0.219388 7.962983
v 0.124974 0.238347 7.812725
v 0.051748 0.262037 7.860017
v 0.077000 0.576554 7.779856
v 0.077000 0.576554 7.779856
v 0.156502 0.557516 7.728648
v 0.124974 0.238347 7.812725
v 0.192995 0.246695 7.892849
v 0.124974 0.238347 7.812725
v 0.156502 0.557516 7.728648
v 0.156502 0.557516 7.728648
v 0.218564 0.572381 7.777531
v 0.192995 0.246695 7.892849
v 0.051748 0.262037 7.860017
v 0.076773 0.263136 7.969867
v 0.095105 0.640127 7.850644
v 0.095105 0.640127 7.850644
v 0.077000 0.576554 7.779856
v 0.051748 0.262037 7.860017
v 0.076773 0.263136 7.969867
v 0.159091 0.263889 7.990292
v 0.177580 0.649329 7.850301
v 0.177580 0.649329 7.850301
v 0.095105 0.640127 7.850644
v 0.076773 0.263136 7.969867
v 0.156502 0.557516 7.728648
v 0.077000 0.576554 7.779856
v 0.067158 0.613845 7.734525
v 0.067158 0.613845 7.734525
v 0.156509 0.546756 7.719179
v 0.156502 0.557516 7.728648
v 0.218564 0.572381 7.777531
v 0.156502 0.557516 7.728648
v 0.156509 0.546756 7.719179
v 0.156509 0.546756 7.719179
v 0.217656 0.610227 7.715806
v 0.218564 0.572381 7.777531
v 0.077000 0.576554 7.779856
v 0.095105 0.640127 7.850644
v 0.087085 0.686930 7.764637
v 0.087085 0.686930 7.764637
v 0.067158 0.613845 7.734525
v 0.077000 0.576554 7.779856
v 0.095105 0.640127 7.850644
v 0.177580 0.649329 7.850301
v 0.173081 0.721012 7.761923
v 0.173081 0.721012 7.761923
v 0.087085 0.686930 7.764637
v 0.095105 0.640127 7.850644
v 0.156509 0.546756 7.719179
v 0.067158 0.613845 7.734525
v 0.000001 0.454843 7.382538
v 0.000001 0.454843 7.382538
v 0.112044 0.504034 7.368493
v 0.156509 0.546756 7.719179
v 0.217656 0.610227 7.715806
v 0.156509 0.546756 7.719179
v 0.112044 0.504034 7.368493
v 0.112044 0.504034 7.368493
v 0.184871 0.605564 7.469339
v 0.217656 0.610227 7.715806
v 0.067158 0.613845 7.734525
v 0.087085 0.686930 7.764637
v 0.000001 0.538433 7.537194
v 0.000001 0.538433 7.537194
v 0.000001 0.454843 7.382538
v 0.067158 0.613845 7.734525
v 0.087085 0.686930 7.764637
v 0.173081 0.721012 7.761923
v 0.137081 0.686697 7.498851
v 0.137081 0.686697 7.498851
v 0.000001 0.538433 7.537194
v 0.087085 0.686930 7.764637
v 0.112044 0.504034 7.368493
v 0.000001 0.475704 7.401418
v 0.000001 0.640465 7.265304
v 0.000001 0.640465 7.265304
v 0.112718 0.652223 7.289627
v 0.112044 0.504034 7.368493
v 0.184871 0.605564 7.469339
v 0.112044 0.504034 7.368493
v 0.112718 0.652223 7.289627
v 0.112718 0.652223 7.289627
v 0.191718 0.673628 7.390813
v 0.184871 0.605564 7.469339
v 0.000001 0.538433 7.537194
v 0.137081 0.686697 7.498851
v 0.121336 0.687631 7.513647
v 0.121336 0.687631 7.513647
v 0.000001 0.694731 7.559457
v 0.000001 0.538433 7.537194
v 0.112718 0.652223 7.289627
v 0.000001 0.640465 7.265304
v 0.000001 0.794245 7.274061
v 0.000001 0.794245 7.274061
v 0.096100 0.791740 7.274777
v 0.112718 0.652223 7.289627
v 0.191718 0.673628 7.390813
v 0.112718 0.652223 7.289627
v 0.096100 0.791740 7.274777
v 0.096100 0.791740 7.274777
v 0.175821 0.819800 7.377989
v 0.191718 0.673628 7.390813
v 0.000001 0.694731 7.559457
v 0.056299 0.715247 7.583809
v 0.026703 0.864581 7.544882
v 0.026703 0.864581 7.544882
v 0.000001 0.852242 7.531180
v 0.000001 0.694731 7.559457
v 0.096100 0.791740 7.274777
v 0.000001 0.794245 7.274061
v 0.000001 0.921264 7.233252
v 0.000001 0.921264 7.233252
v 0.125906 0.948207 7.227250
v 0.096100 0.791740 7.274777
v 0.175821 0.819800 7.377989
v 0.096100 0.791740 7.274777
v 0.125906 0.948207 7.227250
v 0.125906 0.948207 7.227250
v 0.187537 0.888314 7.347227
v 0.175821 0.819800 7.377989
v 0.000001 0.852242 7.531180
v 0.026703 0.864581 7.544882
v 0.085173 0.906219 7.548490
v 0.085173 0.906219 7.548490
v -0.000488 0.955182 7.508133
v 0.000001 0.852242 7.531180
v 0.125906 0.948207 7.227250
v 0.000001 0.921264 7.233252
v 0.000001 1.062037 7.182507
v 0.000001 1.062037 7.182507
v 0.132826 1.061075 7.199893
v 0.125906 0.948207 7.227250
v 0.180453 1.091233 7.356607
v 0.164222 0.971042 7.342466
v 0.159721 0.880524 7.446189
v 0.159721 0.880524 7.446189
v 0.208117 0.926072 7.467686
v 0.180453 1.091233 7.356607
v -0.000488 0.955182 7.508133
v 0.085173 0.906219 7.548490
v 0.075650 1.068241 7.490829
v 0.075650 1.068241 7.490829
v 0.000001 1.050432 7.452700
v -0.000488 0.955182 7.508133
v 0.000001 1.146087 7.315733
v 0.109224 1.176799 7.349958
v 0.113694 1.192196 7.267516
v 0.113694 1.192196 7.267516
v 0.003162 1.182707 7.233862
v 0.000001 1.146087 7.315733
v 0.132826 1.061075 7.199893
v 0.000001 1.062037 7.182507
v 0.000001 1.187600 7.201643
v 0.000001 1.187600 7.201643
v 0.068030 1.194585 7.217306
v 0.132826 1.061075 7.199893
v 0.003717 1.123268 7.400652
v 0.093993 1.140329 7.420813
v 0.109224 1.176799 7.349958
v 0.109224 1.176799 7.349958
v 0.000001 1.146087 7.315733
v 0.003717 1.123268 7.400652
v 0.172862 1.167327 7.266638
v 0.132826 1.061075 7.199893
v 0.068030 1.194585 7.217306
v 0.068030 1.194585 7.217306
v 0.113694 1.192196 7.267516
v 0.172862 1.167327 7.266638
v -0.131726 0.822765 7.711251
v -0.135108 0.841865 7.725150
v -0.158300 0.861439 7.712780
v -0.158300 0.861439 7.712780
v -0.140831 0.840960 7.721402
v -0.131726 0.822765 7.711251
v 0.159091 0.263889 7.990292
v 0.166588 0.215282 7.945373
v 0.192995 0.246695 7.892849
v 0.177580 0.649329 7.850301
v 0.159091 0.263889 7.990292
v 0.192995 0.246695 7.892849
v 0.192995 0.246695 7.892849
v 0.218564 0.572381 7.777531
v 0.177580 0.649329 7.850301
v 0.173081 0.721012 7.761923
v 0.177580 0.649329 7.850301
v 0.218564 0.572381 7.777531
v 0.218564 0.572381 7.777531
v 0.217656 0.610227 7.715806
v 0.173081 0.721012 7.761923
v 0.137081 0.686697 7.498851
v 0.173081 0.721012 7.761923
v 0.217656 0.610227 7.715806
v 0.217656 0.610227 7.715806
v 0.184871 0.605564 7.469339
v 0.137081 0.686697 7.498851
v 0.121336 0.687631 7.513647
v 0.137081 0.686697 7.498851
v 0.163167 0.688169 7.456096
v 0.120530 0.872323 7.513367
v 0.139315 0.714760 7.541997
v 0.181039 0.709147 7.458582
v 0.181039 0.709147 7.458582
v 0.154653 0.876924 7.451962
v 0.120530 0.872323 7.513367
v 0.138893 0.930362 7.455976
v 0.121599 0.875860 7.439560
v 0.175821 0.819800 7.377989
v 0.175821 0.819800 7.377989
v 0.187537 0.888314 7.347227
v 0.138893 0.930362 7.455976
v -0.193168 0.788353 7.604973
v -0.154816 0.841172 7.611134
v -0.153626 0.839849 7.648310
v -0.153626 0.839849 7.648310
v -0.201371 0.781608 7.645887
v -0.193168 0.788353 7.604973
v 0.172862 1.167327 7.266638
v 0.113694 1.192196 7.267516
v 0.109224 1.176799 7.349958
v 0.109224 1.176799 7.349958
v 0.146644 1.132138 7.371049
v 0.172862 1.167327 7.266638
v 0.135931 0.151791 7.841800
v 0.123745 0.231962 7.851519
v 0.166588 0.215282 7.945373
v 0.166588 0.215282 7.945373
v 0.172753 0.151791 7.912724
v 0.135931 0.151791 7.841800
v 0.077450 0.151791 7.864632
v 0.135931 0.151791 7.841800
v 0.172753 0.151791 7.912724
v 0.172753 0.151791 7.912724
v 0.099188 0.151791 7.946611
v 0.077450 0.151791 7.864632
v 0.078537 0.225976 7.868179
v 0.077450 0.151791 7.864632
v 0.099188 0.151791 7.946611
v 0.099188 0.151791 7.946611
v 0.104291 0.219388 7.962983
v 0.078537 0.225976 7.868179
v 0.138893 0.930362 7.455976
v 0.187537 0.888314 7.347227
v 0.137966 1.061719 7.403660
v 0.146644 1.132138 7.371049
v 0.093993 1.140329 7.420813
v 0.075650 1.068241 7.490829
v 0.075650 1.068241 7.490829
v 0.137966 1.061719 7.403660
v 0.146644 1.132138 7.371049
v 0.187537 0.888314 7.347227
v 0.125906 0.948207 7.227250
v 0.169039 0.964493 7.253963
v 0.169039 0.964493 7.253963
v 0.164222 0.971042 7.342466
v 0.187537 0.888314 7.347227
v 0.125906 0.948207 7.227250
v 0.132826 1.061075 7.199893
v 0.190965 1.041238 7.207260
v 0.190965 1.041238 7.207260
v 0.169039 0.964493 7.253963
v 0.125906 0.948207 7.227250
v 0.132826 1.061075 7.199893
v 0.172862 1.167327 7.266638
v 0.218709 1.118034 7.282387
v 0.218709 1.118034 7.282387
v 0.190965 1.041238 7.207260
v 0.132826 1.061075 7.199893
v 0.172862 1.167327 7.266638
v 0.146644 1.132138 7.371049
v 0.180453 1.091233 7.356607
v 0.180453 1.091233 7.356607
v 0.218709 1.118034 7.282387
v 0.172862 1.167327 7.266638
v 0.146644 1.132138 7.371049
v 0.137966 1.061719 7.403660
v 0.180453 1.091233 7.356607
v 0.137966 1.061719 7.403660
v 0.187537 0.888314 7.347227
v 0.164222 0.971042 7.342466
v 0.164222 0.971042 7.342466
v 0.180453 1.091233 7.356607
v 0.137966 1.061719 7.403660
v 0.164222 0.971042 7.342466
v 0.169039 0.964493 7.253963
v 0.188520 0.849305 7.409691
v 0.188520 0.849305 7.409691
v 0.159721 0.880524 7.446189
v 0.164222 0.971042 7.342466
v 0.169039 0.964493 7.253963
v 0.190965 1.041238 7.207260
v 0.263573 0.860614 7.400290
v 0.263573 0.860614 7.400290
v 0.188520 0.849305 7.409691
v 0.169039 0.964493 7.253963
v 0.190965 1.041238 7.207260
v 0.218709 1.118034 7.282387
v 0.276914 0.910097 7.437521
v 0.276914 0.910097 7.437521
v 0.263573 0.860614 7.400290
v 0.190965 1.041238 7.207260
v 0.218709 1.118034 7.282387
v 0.180453 1.091233 7.356607
v 0.208117 0.926072 7.467686
v 0.208117 0.926072 7.467686
v 0.276914 0.910097 7.437521
v 0.218709 1.118034 7.282387
v 0.159721 0.880524 7.446189
v 0.188520 0.849305 7.409691
v 0.200710 0.831690 7.457909
v 0.200710 0.831690 7.457909
v 0.168429 0.869266 7.477089
v 0.159721 0.880524 7.446189
v 0.188520 0.849305 7.409691
v 0.263573 0.860614 7.400290
v 0.262563 0.833453 7.449888
v 0.262563 0.833453 7.449888
v 0.200710 0.831690 7.457909
v 0.188520 0.849305 7.409691
v 0.208117 0.926072 7.467686
v 0.159721 0.880524 7.446189
v 0.168429 0.869266 7.477089
v 0.168429 0.869266 7.477089
v 0.208959 0.914639 7.489100
v 0.208117 0.926072 7.467686
v 0.263573 0.860614 7.400290
v 0.276914 0.910097 7.437521
v 0.283666 0.894709 7.479948
v 0.283666 0.894709 7.479948
v 0.262563 0.833453 7.449888
v 0.263573 0.860614 7.400290
v -0.154816 0.841172 7.611134
v -0.191463 0.860969 7.616858
v -0.185429 0.857024 7.652050
v -0.185429 0.857024 7.652050
v -0.153626 0.839849 7.648310
v -0.154816 0.841172 7.611134
v 0.276914 0.910097 7.437521
v 0.208117 0.926072 7.467686
v 0.208959 0.914639 7.489100
v 0.208959 0.914639 7.489100
v 0.283666 0.894709 7.479948
v 0.276914 0.910097 7.437521
v 0.168429 0.869266 7.477089
v 0.200710 0.831690 7.457909
v 0.195904 0.800462 7.660445
v 0.195904 0.800462 7.660445
v 0.154934 0.864565 7.666358
v 0.168429 0.869266 7.477089
v 0.200710 0.831690 7.457909
v 0.262563 0.833453 7.449888
v 0.249170 0.799903 7.666439
v 0.249170 0.799903 7.666439
v 0.195904 0.800462 7.660445
v 0.200710 0.831690 7.457909
v 0.208959 0.914639 7.489100
v 0.168429 0.869266 7.477089
v 0.154934 0.864565 7.666358
v 0.154934 0.864565 7.666358
v 0.204444 0.912091 7.672184
v 0.208959 0.914639 7.489100
v 0.262563 0.833453 7.449888
v 0.283666 0.894709 7.479948
v 0.268892 0.871989 7.676946
v 0.268892 0.871989 7.676946
v 0.249170 0.799903 7.666439
v 0.262563 0.833453 7.449888
v -0.227514 0.818748 7.615068
v -0.193168 0.788353 7.604973
v -0.201371 0.781608 7.645887
v -0.201371 0.781608 7.645887
v -0.219989 0.809324 7.650924
v -0.227514 0.818748 7.615068
v 0.283666 0.894709 7.479948
v 0.208959 0.914639 7.489100
v 0.204444 0.912091 7.672184
v 0.204444 0.912091 7.672184
v 0.268892 0.871989 7.676946
v 0.283666 0.894709 7.479948
v 0.154934 0.864565 7.666358
v 0.195904 0.800462 7.660445
v 0.206147 0.854089 7.672608
v 0.195904 0.800462 7.660445
v 0.249170 0.799903 7.666439
v 0.206147 0.854089 7.672608
v 0.204444 0.912091 7.672184
v 0.154934 0.864565 7.666358
v 0.206147 0.854089 7.672608
v 0.249170 0.799903 7.666439
v 0.268892 0.871989 7.676946
v 0.206147 0.854089 7.672608
v -0.191463 0.860969 7.616858
v -0.227514 0.818748 7.615068
v -0.219989 0.809324 7.650924
v -0.219989 0.809324 7.650924
v -0.185429 0.857024 7.652050
v -0.191463 0.860969 7.616858
v 0.268892 0.871989 7.676946
v 0.204444 0.912091 7.672184
v 0.206147 0.854089 7.672608
v 0.000001 0.454843 7.382538
v 0.000001 0.475704 7.401418
v 0.112044 0.504034 7.368493
v 0.248490 0.844385 7.673831
v 0.208398 0.887523 7.672187
v 0.198108 0.887015 7.759810
v 0.198108 0.887015 7.759810
v 0.253297 0.819516 7.742202
v 0.248490 0.844385 7.673831
v 0.253297 0.819516 7.742202
v 0.198108 0.887015 7.759810
v 0.199236 0.874283 7.798156
v 0.199236 0.874283 7.798156
v 0.257805 0.805004 7.785266
v 0.253297 0.819516 7.742202
v 0.257805 0.805004 7.785266
v 0.199236 0.874283 7.798156
v 0.159544 0.834099 7.806731
v 0.159544 0.834099 7.806731
v 0.215769 0.783596 7.792830
v 0.257805 0.805004 7.785266
v 0.199236 0.874283 7.798156
v 0.198108 0.887015 7.759810
v 0.179718 0.871552 7.759276
v 0.179718 0.871552 7.759276
v 0.184575 0.865592 7.787647
v 0.199236 0.874283 7.798156
v 0.199236 0.874283 7.798156
v 0.184575 0.865592 7.787647
v 0.159544 0.834099 7.806731
v 0.253297 0.819516 7.742202
v 0.257805 0.805004 7.785266
v 0.247502 0.800735 7.773631
v 0.247502 0.800735 7.773631
v 0.242741 0.801199 7.738300
v 0.253297 0.819516 7.742202
v 0.257805 0.805004 7.785266
v 0.215769 0.783596 7.792830
v 0.247502 0.800735 7.773631
v 0.159544 0.834099 7.806731
v 0.184575 0.865592 7.787647
v 0.247502 0.800735 7.773631
v 0.247502 0.800735 7.773631
v 0.215769 0.783596 7.792830
v 0.159544 0.834099 7.806731
v 0.242741 0.801199 7.738300
v 0.247502 0.800735 7.773631
v 0.184575 0.865592 7.787647
v 0.184575 0.865592 7.787647
v 0.179718 0.871552 7.759276
v 0.242741 0.801199 7.738300
v -0.130679 0.856440 7.453327
v -0.147388 0.859098 7.481035
v -0.138290 0.902887 7.451450
v 0.000001 0.454843 7.382538
v -0.112042 0.504034 7.368493
v 0.000001 0.475704 7.401418
v 0.248490 0.844385 7.673831
v 0.253297 0.819516 7.742202
v 0.242741 0.801199 7.738300
v 0.242741 0.801199 7.738300
v 0.233374 0.814355 7.670679
v 0.248490 0.844385 7.673831
v 0.233374 0.814355 7.670679
v 0.242741 0.801199 7.738300
v 0.179718 0.871552 7.759276
v 0.179718 0.871552 7.759276
v 0.191177 0.842642 7.711748
v 0.233374 0.814355 7.670679
v 0.233374 0.814355 7.670679
v 0.191177 0.842642 7.711748
v 0.178916 0.866421 7.669755
v 0.208398 0.887523 7.672187
v 0.165671 0.887200 7.699471
v 0.180963 0.892379 7.732586
v 0.191177 0.842642 7.711748
v 0.165979 0.870677 7.742782
v 0.165671 0.887200 7.699471
v 0.165671 0.887200 7.699471
v 0.178916 0.866421 7.669755
v 0.191177 0.842642 7.711748
v 0.208398 0.887523 7.672187
v 0.178916 0.866421 7.669755
v 0.165671 0.887200 7.699471
v 0.208398 0.887523 7.672187
v 0.180963 0.892379 7.732586
v 0.198108 0.887015 7.759810
v 0.191177 0.842642 7.711748
v 0.179718 0.871552 7.759276
v 0.165979 0.870677 7.742782
v 0.198108 0.887015 7.759810
v 0.180963 0.892379 7.732586
v 0.165979 0.870677 7.742782
v 0.165979 0.870677 7.742782
v 0.179718 0.871552 7.759276
v 0.198108 0.887015 7.759810
v 0.180963 0.892379 7.732586
v 0.165671 0.887200 7.699471
v 0.143248 0.875879 7.730979
v 0.143248 0.875879 7.730979
v 0.159594 0.872654 7.747415
v 0.180963 0.892379 7.732586
v 0.165671 0.887200 7.699471
v 0.165979 0.870677 7.742782
v 0.157061 0.852090 7.736971
v 0.157061 0.852090 7.736971
v 0.143248 0.875879 7.730979
v 0.165671 0.887200 7.699471
v 0.165979 0.870677 7.742782
v 0.180963 0.892379 7.732586
v 0.159594 0.872654 7.747415
v 0.159594 0.872654 7.747415
v 0.157061 0.852090 7.736971
v 0.165979 0.870677 7.742782
v -0.052038 0.727087 7.575187
v -0.028356 0.863765 7.547709
v -0.147388 0.859098 7.481035
v -0.147388 0.859098 7.481035
v -0.182384 0.711137 7.495572
v -0.052038 0.727087 7.575187
v 0.159594 0.872654 7.747415
v 0.143248 0.875879 7.730979
v 0.130245 0.854582 7.750893
v 0.130245 0.854582 7.750893
v 0.142113 0.853570 7.761272
v 0.159594 0.872654 7.747415
v 0.143248 0.875879 7.730979
v 0.157061 0.852090 7.736971
v 0.137296 0.841457 7.753766
v 0.137296 0.841457 7.753766
v 0.130245 0.854582 7.750893
v 0.143248 0.875879 7.730979
v 0.157061 0.852090 7.736971
v 0.159594 0.872654 7.747415
v 0.142113 0.853570 7.761272
v 0.142113 0.853570 7.761272
v 0.137296 0.841457 7.753766
v 0.157061 0.852090 7.736971
v 0.000001 0.694731 7.559457
v -0.052038 0.727087 7.575187
v -0.182384 0.711137 7.495572
v -0.182384 0.711137 7.495572
v -0.176821 0.691657 7.475111
v 0.000001 0.694731 7.559457
v 0.142113 0.853570 7.761272
v 0.130245 0.854582 7.750893
v 0.137296 0.841457 7.753766
v 0.208398 0.887523 7.672187
v 0.248490 0.844385 7.673831
v 0.254846 0.852359 7.637403
v 0.254846 0.852359 7.637403
v 0.213938 0.889932 7.636776
v 0.208398 0.887523 7.672187
v 0.248490 0.844385 7.673831
v 0.233374 0.814355 7.670679
v 0.224448 0.817451 7.629478
v 0.224448 0.817451 7.629478
v 0.254846 0.852359 7.637403
v 0.248490 0.844385 7.673831
v 0.178916 0.866421 7.669755
v 0.208398 0.887523 7.672187
v 0.213938 0.889932 7.636776
v 0.213938 0.889932 7.636776
v 0.179968 0.865520 7.632563
v 0.178916 0.866421 7.669755
v 0.233374 0.814355 7.670679
v 0.178916 0.866421 7.669755
v 0.179968 0.865520 7.632563
v 0.179968 0.865520 7.632563
v 0.224448 0.817451 7.629478
v 0.233374 0.814355 7.670679
v 0.146644 1.132138 7.371049
v 0.109224 1.176799 7.349958
v 0.093993 1.140329 7.420813
v 0.003717 1.123268 7.400652
v 0.000001 1.050432 7.452700
v 0.075650 1.068241 7.490829
v 0.075650 1.068241 7.490829
v 0.093993 1.140329 7.420813
v 0.003717 1.123268 7.400652
v 0.138893 0.930362 7.455976
v 0.137966 1.061719 7.403660
v 0.075650 1.068241 7.490829
v 0.075650 1.068241 7.490829
v 0.085173 0.906219 7.548490
v 0.138893 0.930362 7.455976
v 0.110284 0.883284 7.480670
v 0.026703 0.864581 7.544882
v 0.120530 0.872323 7.513367
v 0.068030 1.194585 7.217306
v 0.000001 1.187600 7.201643
v 0.003162 1.182707 7.233862
v 0.003162 1.182707 7.233862
v 0.113694 1.192196 7.267516
v 0.068030 1.194585 7.217306
v -0.166393 0.670617 7.371284
v -0.160051 0.756746 7.388469
v -0.203508 0.763470 7.364289
v -0.203508 0.763470 7.364289
v -0.209849 0.677345 7.347104
v -0.166393 0.670617 7.371284
v 0.026703 0.864581 7.544882
v 0.056299 0.715247 7.583809
v 0.139315 0.714760 7.541997
v 0.139315 0.714760 7.541997
v 0.120530 0.872323 7.513367
v 0.026703 0.864581 7.544882
v 0.139315 0.714760 7.541997
v 0.056299 0.715247 7.583809
v 0.000001 0.694731 7.559457
v 0.000001 0.694731 7.559457
v 0.121336 0.687631 7.513647
v 0.139315 0.714760 7.541997
v 0.191718 0.673628 7.390813
v 0.175821 0.819800 7.377989
v 0.121599 0.875860 7.439560
v 0.121599 0.875860 7.439560
v 0.163167 0.688169 7.456096
v 0.191718 0.673628 7.390813
v 0.110284 0.883284 7.480670
v 0.121599 0.875860 7.439560
v 0.138893 0.930362 7.455976
v -0.160051 0.756746 7.388469
v -0.135892 0.761674 7.334566
v -0.179349 0.768402 7.310387
v -0.179349 0.768402 7.310387
v -0.203508 0.763470 7.364289
v -0.160051 0.756746 7.388469
v 0.121336 0.687631 7.513647
v 0.163167 0.688169 7.456096
v 0.181039 0.709147 7.458582
v 0.181039 0.709147 7.458582
v 0.139315 0.714760 7.541997
v 0.121336 0.687631 7.513647
v 0.163167 0.688169 7.456096
v 0.121599 0.875860 7.439560
v 0.154653 0.876924 7.451962
v 0.154653 0.876924 7.451962
v 0.181039 0.709147 7.458582
v 0.163167 0.688169 7.456096
v 0.121599 0.875860 7.439560
v 0.110284 0.883284 7.480670
v 0.120530 0.872323 7.513367
v 0.120530 0.872323 7.513367
v 0.154653 0.876924 7.451962
v 0.121599 0.875860 7.439560
v 0.209851 0.677345 7.347104
v 0.180217 0.682583 7.303817
v 0.179351 0.768403 7.310386
v 0.179351 0.768403 7.310386
v 0.203509 0.763470 7.364289
v 0.209851 0.677345 7.347104
v 0.180217 0.682583 7.303817
v 0.209851 0.677345 7.347104
v 0.166395 0.670617 7.371284
v 0.166395 0.670617 7.371284
v 0.136761 0.675859 7.327996
v 0.180217 0.682583 7.303817
v 0.179351 0.768403 7.310386
v 0.180217 0.682583 7.303817
v 0.136761 0.675859 7.327996
v 0.136761 0.675859 7.327996
v 0.135894 0.761674 7.334566
v 0.179351 0.768403 7.310386
v 0.209851 0.677345 7.347104
v 0.203509 0.763470 7.364289
v 0.160053 0.756746 7.388469
v 0.160053 0.756746 7.388469
v 0.166395 0.670617 7.371284
v 0.209851 0.677345 7.347104
v 0.203509 0.763470 7.364289
v 0.179351 0.768403 7.310386
v 0.135894 0.761674 7.334566
v 0.135894 0.761674 7.334566
v 0.160053 0.756746 7.388469
v 0.203509 0.763470 7.364289
v -0.135929 0.151791 7.841800
v -0.123743 0.231962 7.851519
v -0.078534 0.225976 7.868179
v -0.078534 0.225976 7.868179
v -0.077447 0.151791 7.864632
v -0.135929 0.151791 7.841800
v -0.159544 0.149590 8.088708
v -0.218393 0.151361 8.072574
v -0.211650 0.151791 7.987653
v -0.211650 0.151791 7.987653
v -0.120924 0.151790 8.028590
v -0.159544 0.149590 8.088708
v -0.122771 0.189335 8.044990
v -0.161177 0.174221 8.086889
v -0.159544 0.149590 8.088708
v -0.159544 0.149590 8.088708
v -0.120924 0.151790 8.028590
v -0.122771 0.189335 8.044990
v -0.218393 0.151361 8.072574
v -0.219902 0.181368 8.071103
v -0.200358 0.191584 8.007017
v -0.200358 0.191584 8.007017
v -0.211650 0.151791 7.987653
v -0.218393 0.151361 8.072574
v -0.200358 0.191584 8.007017
v -0.219902 0.181368 8.071103
v -0.161177 0.174221 8.086889
v -0.161177 0.174221 8.086889
v -0.122771 0.189335 8.044990
v -0.200358 0.191584 8.007017
v -0.161177 0.174221 8.086889
v -0.219902 0.181368 8.071103
v -0.218393 0.151361 8.072574
v -0.218393 0.151361 8.072574
v -0.159544 0.149590 8.088708
v -0.161177 0.174221 8.086889
v -0.099185 0.151790 7.946611
v -0.104288 0.219388 7.962983
v -0.122771 0.189335 8.044990
v -0.122771 0.189335 8.044990
v -0.120924 0.151790 8.028590
v -0.099185 0.151790 7.946611
v -0.104288 0.219388 7.962983
v -0.169621 0.221544 7.947682
v -0.200358 0.191584 8.007017
v -0.200358 0.191584 8.007017
v -0.122771 0.189335 8.044990
v -0.104288 0.219388 7.962983
v -0.169621 0.221544 7.947682
v -0.172750 0.151791 7.912724
v -0.211650 0.151791 7.987653
v -0.211650 0.151791 7.987653
v -0.200358 0.191584 8.007017
v -0.169621 0.221544 7.947682
v -0.172750 0.151791 7.912724
v -0.099185 0.151790 7.946611
v -0.120924 0.151790 8.028590
v -0.120924 0.151790 8.028590
v -0.211650 0.151791 7.987653
v -0.172750 0.151791 7.912724
v -0.124971 0.238347 7.812725
v -0.051746 0.262037 7.860017
v -0.078534 0.225976 7.868179
v -0.078534 0.225976 7.868179
v -0.123743 0.231962 7.851519
v -0.124971 0.238347 7.812725
v -0.192993 0.246695 7.892849
v -0.124971 0.238347 7.812725
v -0.123743 0.231962 7.851519
v -0.123743 0.231962 7.851519
v -0.169621 0.221544 7.947682
v -0.192993 0.246695 7.892849
v -0.051746 0.262037 7.860017
v -0.076771 0.263136 7.969867
v -0.104288 0.219388 7.962983
v -0.104288 0.219388 7.962983
v -0.078534 0.225976 7.868179
v -0.051746 0.262037 7.860017
v -0.076771 0.263136 7.969867
v -0.159089 0.263889 7.990292
v -0.169621 0.221544 7.947682
v -0.169621 0.221544 7.947682
v -0.104288 0.219388 7.962983
v -0.076771 0.263136 7.969867
v -0.156499 0.557517 7.728649
v -0.076998 0.576554 7.779857
v -0.051746 0.262037 7.860017
v -0.051746 0.262037 7.860017
v -0.124971 0.238347 7.812725
v -0.156499 0.557517 7.728649
v -0.218562 0.572381 7.777532
v -0.156499 0.557517 7.728649
v -0.124971 0.238347 7.812725
v -0.124971 0.238347 7.812725
v -0.192993 0.246695 7.892849
v -0.218562 0.572381 7.777532
v -0.076998 0.576554 7.779857
v -0.095103 0.640128 7.850644
v -0.076771 0.263136 7.969867
v -0.076771 0.263136 7.969867
v -0.051746 0.262037 7.860017
v -0.076998 0.576554 7.779857
v -0.095103 0.640128 7.850644
v -0.177578 0.649330 7.850302
v -0.159089 0.263889 7.990292
v -0.159089 0.263889 7.990292
v -0.076771 0.263136 7.969867
v -0.095103 0.640128 7.850644
v -0.156507 0.546757 7.719179
v -0.067156 0.613846 7.734526
v -0.076998 0.576554 7.779857
v -0.076998 0.576554 7.779857
v -0.156499 0.557517 7.728649
v -0.156507 0.546757 7.719179
v -0.217653 0.610227 7.715806
v -0.156507 0.546757 7.719179
v -0.156499 0.557517 7.728649
v -0.156499 0.557517 7.728649
v -0.218562 0.572381 7.777532
v -0.217653 0.610227 7.715806
v -0.067156 0.613846 7.734526
v -0.087083 0.686930 7.764637
v -0.095103 0.640128 7.850644
v -0.095103 0.640128 7.850644
v -0.076998 0.576554 7.779857
v -0.067156 0.613846 7.734526
v -0.087083 0.686930 7.764637
v -0.172723 0.723427 7.759016
v -0.177578 0.649330 7.850302
v -0.177578 0.649330 7.850302
v -0.095103 0.640128 7.850644
v -0.087083 0.686930 7.764637
v -0.112042 0.504034 7.368493
v 0.000001 0.454843 7.382538
v -0.067156 0.613846 7.734526
v -0.067156 0.613846 7.734526
v -0.156507 0.546757 7.719179
v -0.112042 0.504034 7.368493
v -0.184869 0.605564 7.469340
v -0.112042 0.504034 7.368493
v -0.156507 0.546757 7.719179
v -0.156507 0.546757 7.719179
v -0.217653 0.610227 7.715806
v -0.184869 0.605564 7.469340
v 0.000001 0.454843 7.382538
v 0.000001 0.538433 7.537194
v -0.087083 0.686930 7.764637
v -0.087083 0.686930 7.764637
v -0.067156 0.613846 7.734526
v 0.000001 0.454843 7.382538
v 0.000001 0.538433 7.537194
v -0.137439 0.686938 7.494503
v -0.172723 0.723427 7.759016
v -0.172723 0.723427 7.759016
v -0.087083 0.686930 7.764637
v 0.000001 0.538433 7.537194
v -0.112716 0.652223 7.289627
v 0.000001 0.640465 7.265304
v 0.000001 0.475704 7.401418
v 0.000001 0.475704 7.401418
v -0.112042 0.504034 7.368493
v -0.112716 0.652223 7.289627
v -0.191715 0.673628 7.390813
v -0.112716 0.652223 7.289627
v -0.112042 0.504034 7.368493
v -0.112042 0.504034 7.368493
v -0.184869 0.605564 7.469340
v -0.191715 0.673628 7.390813
v 0.000001 0.694731 7.559457
v -0.176821 0.691657 7.475111
v -0.137439 0.686938 7.494503
v -0.137439 0.686938 7.494503
v 0.000001 0.538433 7.537194
v 0.000001 0.694731 7.559457
v -0.096098 0.791740 7.274777
v 0.000001 0.794245 7.274061
v 0.000001 0.640465 7.265304
v 0.000001 0.640465 7.265304
v -0.112716 0.652223 7.289627
v -0.096098 0.791740 7.274777
v -0.176242 0.815852 7.378327
v -0.096098 0.791740 7.274777
v -0.112716 0.652223 7.289627
v -0.112716 0.652223 7.289627
v -0.191715 0.673628 7.390813
v -0.176242 0.815852 7.378327
v -0.176821 0.691657 7.475111
v -0.182384 0.711137 7.495572
v -0.147388 0.859098 7.481035
v -0.147388 0.859098 7.481035
v -0.130679 0.856440 7.453327
v -0.176821 0.691657 7.475111
v -0.126417 0.949665 7.226827
v 0.000001 0.921264 7.233252
v 0.000001 0.794245 7.274061
v 0.000001 0.794245 7.274061
v -0.096098 0.791740 7.274777
v -0.126417 0.949665 7.226827
v -0.187535 0.888314 7.347227
v -0.126417 0.949665 7.226827
v -0.096098 0.791740 7.274777
v -0.096098 0.791740 7.274777
v -0.176242 0.815852 7.378327
v -0.187535 0.888314 7.347227
v -0.000488 0.955182 7.508133
v -0.071619 0.906099 7.552945
v -0.028356 0.863765 7.547709
v -0.028356 0.863765 7.547709
v 0.000001 0.852242 7.531180
v -0.000488 0.955182 7.508133
v -0.132427 1.062513 7.199650
v 0.000001 1.062037 7.182507
v 0.000001 0.921264 7.233252
v 0.000001 0.921264 7.233252
v -0.126417 0.949665 7.226827
v -0.132427 1.062513 7.199650
v -0.190270 0.907467 7.453106
v -0.145563 0.862024 7.417048
v -0.161485 0.973561 7.340354
v -0.161485 0.973561 7.340354
v -0.180831 1.091094 7.359269
v -0.190270 0.907467 7.453106
v 0.000001 1.050432 7.452700
v -0.075648 1.068241 7.490829
v -0.071619 0.906099 7.552945
v -0.071619 0.906099 7.552945
v -0.000488 0.955182 7.508133
v 0.000001 1.050432 7.452700
v 0.003162 1.182707 7.233862
v -0.113692 1.192196 7.267516
v -0.109223 1.176799 7.349958
v -0.109223 1.176799 7.349958
v 0.000001 1.146087 7.315733
v 0.003162 1.182707 7.233862
v -0.068029 1.194585 7.217306
v 0.000001 1.187600 7.201643
v 0.000001 1.062037 7.182507
v 0.000001 1.062037 7.182507
v -0.132427 1.062513 7.199650
v -0.068029 1.194585 7.217306
v 0.000001 1.146087 7.315733
v -0.109223 1.176799 7.349958
v -0.093992 1.140329 7.420813
v -0.093992 1.140329 7.420813
v 0.003717 1.123268 7.400652
v 0.000001 1.146087 7.315733
v -0.113692 1.192196 7.267516
v -0.068029 1.194585 7.217306
v -0.132427 1.062513 7.199650
v -0.132427 1.062513 7.199650
v -0.174610 1.165905 7.267999
v -0.113692 1.192196 7.267516
v -0.118946 0.849689 7.710039
v -0.131726 0.822765 7.711251
v -0.140831 0.840960 7.721402
v -0.140831 0.840960 7.721402
v -0.142790 0.860167 7.679294
v -0.118946 0.849689 7.710039
v -0.192993 0.246695 7.892849
v -0.169621 0.221544 7.947682
v -0.159089 0.263889 7.990292
v -0.218562 0.572381 7.777532
v -0.192993 0.246695 7.892849
v -0.159089 0.263889 7.990292
v -0.159089 0.263889 7.990292
v -0.177578 0.649330 7.850302
v -0.218562 0.572381 7.777532
v -0.217653 0.610227 7.715806
v -0.218562 0.572381 7.777532
v -0.177578 0.649330 7.850302
v -0.177578 0.649330 7.850302
v -0.172723 0.723427 7.759016
v -0.217653 0.610227 7.715806
v -0.184869 0.605564 7.469340
v -0.217653 0.610227 7.715806
v -0.172723 0.723427 7.759016
v -0.172723 0.723427 7.759016
v -0.137439 0.686938 7.494503
v -0.184869 0.605564 7.469340
v -0.191715 0.673628 7.390813
v -0.184869 0.605564 7.469340
v -0.137439 0.686938 7.494503
v -0.137439 0.686938 7.494503
v -0.176821 0.691657 7.475111
v -0.191715 0.673628 7.390813
v -0.203508 0.763470 7.364289
v -0.179349 0.768402 7.310387
v -0.180215 0.682583 7.303817
v -0.180215 0.682583 7.303817
v -0.209849 0.677345 7.347104
v -0.203508 0.763470 7.364289
v -0.187535 0.888314 7.347227
v -0.176242 0.815852 7.378327
v -0.130679 0.856440 7.453327
v -0.130679 0.856440 7.453327
v -0.138290 0.902887 7.451450
v -0.187535 0.888314 7.347227
v -0.108714 0.814877 7.730604
v -0.103324 0.828915 7.728574
v -0.114911 0.825818 7.738858
v -0.148888 1.131976 7.372895
v -0.109223 1.176799 7.349958
v -0.113692 1.192196 7.267516
v -0.113692 1.192196 7.267516
v -0.174610 1.165905 7.267999
v -0.148888 1.131976 7.372895
v -0.172750 0.151791 7.912724
v -0.169621 0.221544 7.947682
v -0.123743 0.231962 7.851519
v -0.123743 0.231962 7.851519
v -0.135929 0.151791 7.841800
v -0.172750 0.151791 7.912724
v -0.099185 0.151790 7.946611
v -0.172750 0.151791 7.912724
v -0.135929 0.151791 7.841800
v -0.135929 0.151791 7.841800
v -0.077447 0.151791 7.864632
v -0.099185 0.151790 7.946611
v -0.104288 0.219388 7.962983
v -0.099185 0.151790 7.946611
v -0.077447 0.151791 7.864632
v -0.077447 0.151791 7.864632
v -0.078534 0.225976 7.868179
v -0.104288 0.219388 7.962983
v -0.139204 1.062905 7.404755
v -0.187535 0.888314 7.347227
v -0.138290 0.902887 7.451450
v -0.139204 1.062905 7.404755
v -0.075648 1.068241 7.490829
v -0.093992 1.140329 7.420813
v -0.093992 1.140329 7.420813
v -0.148888 1.131976 7.372895
v -0.139204 1.062905 7.404755
v -0.161485 0.973561 7.340354
v -0.165073 0.967399 7.250860
v -0.126417 0.949665 7.226827
v -0.126417 0.949665 7.226827
v -0.187535 0.888314 7.347227
v -0.161485 0.973561 7.340354
v -0.165073 0.967399 7.250860
v -0.188240 1.042459 7.205082
v -0.132427 1.062513 7.199650
v -0.132427 1.062513 7.199650
v -0.126417 0.949665 7.226827
v -0.165073 0.967399 7.250860
v -0.188240 1.042459 7.205082
v -0.220317 1.113733 7.283462
v -0.174610 1.165905 7.267999
v -0.174610 1.165905 7.267999
v -0.132427 1.062513 7.199650
v -0.188240 1.042459 7.205082
v -0.220317 1.113733 7.283462
v -0.180831 1.091094 7.359269
v -0.148888 1.131976 7.372895
v -0.148888 1.131976 7.372895
v -0.174610 1.165905 7.267999
v -0.220317 1.113733 7.283462
v -0.180831 1.091094 7.359269
v -0.139204 1.062905 7.404755
v -0.148888 1.131976 7.372895
v -0.180831 1.091094 7.359269
v -0.161485 0.973561 7.340354
v -0.187535 0.888314 7.347227
v -0.187535 0.888314 7.347227
v -0.139204 1.062905 7.404755
v -0.180831 1.091094 7.359269
v -0.145563 0.862024 7.417048
v -0.170308 0.836890 7.380767
v -0.165073 0.967399 7.250860
v -0.165073 0.967399 7.250860
v -0.161485 0.973561 7.340354
v -0.145563 0.862024 7.417048
v -0.170308 0.836890 7.380767
v -0.238563 0.841920 7.378850
v -0.188240 1.042459 7.205082
v -0.188240 1.042459 7.205082
v -0.165073 0.967399 7.250860
v -0.170308 0.836890 7.380767
v -0.238563 0.841920 7.378850
v -0.257626 0.886078 7.420131
v -0.220317 1.113733 7.283462
v -0.220317 1.113733 7.283462
v -0.188240 1.042459 7.205082
v -0.238563 0.841920 7.378850
v -0.257626 0.886078 7.420131
v -0.190270 0.907467 7.453106
v -0.180831 1.091094 7.359269
v -0.180831 1.091094 7.359269
v -0.220317 1.113733 7.283462
v -0.257626 0.886078 7.420131
v -0.151731 0.844226 7.449745
v -0.180346 0.813110 7.427866
v -0.170308 0.836890 7.380767
v -0.170308 0.836890 7.380767
v -0.145563 0.862024 7.417048
v -0.151731 0.844226 7.449745
v -0.180346 0.813110 7.427866
v -0.234189 0.811052 7.426291
v -0.238563 0.841920 7.378850
v -0.238563 0.841920 7.378850
v -0.170308 0.836890 7.380767
v -0.180346 0.813110 7.427866
v -0.189639 0.895438 7.471755
v -0.151731 0.844226 7.449745
v -0.145563 0.862024 7.417048
v -0.145563 0.862024 7.417048
v -0.190270 0.907467 7.453106
v -0.189639 0.895438 7.471755
v -0.234189 0.811052 7.426291
v -0.262358 0.867022 7.460554
v -0.257626 0.886078 7.420131
v -0.257626 0.886078 7.420131
v -0.238563 0.841920 7.378850
v -0.234189 0.811052 7.426291
v -0.108714 0.814877 7.730604
v -0.114911 0.825818 7.738858
v -0.135108 0.841865 7.725150
v -0.135108 0.841865 7.725150
v -0.131726 0.822765 7.711251
v -0.108714 0.814877 7.730604
v -0.262358 0.867022 7.460554
v -0.189639 0.895438 7.471755
v -0.190270 0.907467 7.453106
v -0.190270 0.907467 7.453106
v -0.257626 0.886078 7.420131
v -0.262358 0.867022 7.460554
v -0.125166 0.840317 7.644230
v -0.154475 0.786910 7.638366
v -0.180346 0.813110 7.427866
v -0.180346 0.813110 7.427866
v -0.151731 0.844226 7.449745
v -0.125166 0.840317 7.644230
v -0.154475 0.786910 7.638366
v -0.215329 0.765643 7.640728
v -0.234189 0.811052 7.426291
v -0.234189 0.811052 7.426291
v -0.180346 0.813110 7.427866
v -0.154475 0.786910 7.638366
v -0.180095 0.889942 7.651230
v -0.125166 0.840317 7.644230
v -0.151731 0.844226 7.449745
v -0.151731 0.844226 7.449745
v -0.189639 0.895438 7.471755
v -0.180095 0.889942 7.651230
v -0.215329 0.765643 7.640728
v -0.242338 0.834109 7.657304
v -0.262358 0.867022 7.460554
v -0.262358 0.867022 7.460554
v -0.234189 0.811052 7.426291
v -0.215329 0.765643 7.640728
v -0.103324 0.828915 7.728574
v -0.108714 0.814877 7.730604
v -0.131726 0.822765 7.711251
v -0.131726 0.822765 7.711251
v -0.118946 0.849689 7.710039
v -0.103324 0.828915 7.728574
v -0.242338 0.834109 7.657304
v -0.180095 0.889942 7.651230
v -0.189639 0.895438 7.471755
v -0.189639 0.895438 7.471755
v -0.262358 0.867022 7.460554
v -0.242338 0.834109 7.657304
v -0.179143 0.824151 7.650353
v -0.154475 0.786910 7.638366
v -0.125166 0.840317 7.644230
v -0.179143 0.824151 7.650353
v -0.215329 0.765643 7.640728
v -0.154475 0.786910 7.638366
v -0.179143 0.824151 7.650353
v -0.125166 0.840317 7.644230
v -0.180095 0.889942 7.651230
v -0.179143 0.824151 7.650353
v -0.242338 0.834109 7.657304
v -0.215329 0.765643 7.640728
v -0.114911 0.825818 7.738858
v -0.103324 0.828915 7.728574
v -0.118946 0.849689 7.710039
v -0.118946 0.849689 7.710039
v -0.135108 0.841865 7.725150
v -0.114911 0.825818 7.738858
v -0.179143 0.824151 7.650353
v -0.180095 0.889942 7.651230
v -0.242338 0.834109 7.657304
v 0.000001 0.852242 7.531180
v -0.028356 0.863765 7.547709
v -0.052038 0.727087 7.575187
v -0.052038 0.727087 7.575187
v 0.000001 0.694731 7.559457
v 0.000001 0.852242 7.531180
v -0.136759 0.675859 7.327996
v -0.166393 0.670617 7.371284
v -0.209849 0.677345 7.347104
v -0.209849 0.677345 7.347104
v -0.180215 0.682583 7.303817
v -0.136759 0.675859 7.327996
v -0.176821 0.691657 7.475111
v -0.130679 0.856440 7.453327
v -0.176242 0.815852 7.378327
v -0.176242 0.815852 7.378327
v -0.191715 0.673628 7.390813
v -0.176821 0.691657 7.475111
v -0.135892 0.761674 7.334566
v -0.136759 0.675859 7.327996
v -0.180215 0.682583 7.303817
v -0.180215 0.682583 7.303817
v -0.179349 0.768402 7.310387
v -0.135892 0.761674 7.334566
v 0.138893 0.930362 7.455976
v 0.085173 0.906219 7.548490
v 0.026703 0.864581 7.544882
v 0.026703 0.864581 7.544882
v 0.110284 0.883284 7.480670
v 0.138893 0.930362 7.455976
v 0.184871 0.605564 7.469339
v 0.191718 0.673628 7.390813
v 0.163167 0.688169 7.456096
v 0.163167 0.688169 7.456096
v 0.137081 0.686697 7.498851
v 0.184871 0.605564 7.469339
v -0.113692 1.192196 7.267516
v 0.003162 1.182707 7.233862
v 0.000001 1.187600 7.201643
v 0.000001 1.187600 7.201643
v -0.068029 1.194585 7.217306
v -0.113692 1.192196 7.267516
v -0.028356 0.863765 7.547709
v -0.071619 0.906099 7.552945
v -0.138290 0.902887 7.451450
v -0.138290 0.902887 7.451450
v -0.147388 0.859098 7.481035
v -0.028356 0.863765 7.547709
v -0.071619 0.906099 7.552945
v -0.075648 1.068241 7.490829
v -0.139204 1.062905 7.404755
v -0.139204 1.062905 7.404755
v -0.138290 0.902887 7.451450
v -0.071619 0.906099 7.552945
v -0.093992 1.140329 7.420813
v -0.075648 1.068241 7.490829
v 0.000001 1.050432 7.452700
v 0.000001 1.050432 7.452700
v 0.003717 1.123268 7.400652
v -0.093992 1.140329 7.420813
v -0.093992 1.140329 7.420813
v -0.109223 1.176799 7.349958
v -0.148888 1.131976 7.372895
v -0.221279 0.779799 7.717577
v -0.174551 0.852249 7.739472
v -0.185429 0.857024 7.652050
v -0.185429 0.857024 7.652050
v -0.219989 0.809324 7.650924
v -0.221279 0.779799 7.717577
v -0.223701 0.762164 7.759632
v -0.173866 0.837084 7.776933
v -0.174551 0.852249 7.739472
v -0.174551 0.852249 7.739472
v -0.221279 0.779799 7.717577
v -0.223701 0.762164 7.759632
v -0.179332 0.745579 7.765859
v -0.129542 0.801552 7.782978
v -0.173866 0.837084 7.776933
v -0.173866 0.837084 7.776933
v -0.223701 0.762164 7.759632
v -0.179332 0.745579 7.765859
v -0.158333 0.830916 7.765907
v -0.154429 0.839195 7.737975
v -0.174551 0.852249 7.739472
v -0.174551 0.852249 7.739472
v -0.173866 0.837084 7.776933
v -0.158333 0.830916 7.765907
v -0.129542 0.801552 7.782978
v -0.158333 0.830916 7.765907
v -0.173866 0.837084 7.776933
v -0.208611 0.763180 7.712532
v -0.213038 0.759917 7.747758
v -0.223701 0.762164 7.759632
v -0.223701 0.762164 7.759632
v -0.221279 0.779799 7.717577
v -0.208611 0.763180 7.712532
v -0.213038 0.759917 7.747758
v -0.179332 0.745579 7.765859
v -0.223701 0.762164 7.759632
v -0.179332 0.745579 7.765859
v -0.213038 0.759917 7.747758
v -0.158333 0.830916 7.765907
v -0.158333 0.830916 7.765907
v -0.129542 0.801552 7.782978
v -0.179332 0.745579 7.765859
v -0.154429 0.839195 7.737975
v -0.158333 0.830916 7.765907
v -0.213038 0.759917 7.747758
v -0.213038 0.759917 7.747758
v -0.208611 0.763180 7.712532
v -0.154429 0.839195 7.737975
v -0.201371 0.781608 7.645887
v -0.208611 0.763180 7.712532
v -0.221279 0.779799 7.717577
v -0.221279 0.779799 7.717577
v -0.219989 0.809324 7.650924
v -0.201371 0.781608 7.645887
v -0.162628 0.812162 7.688701
v -0.154429 0.839195 7.737975
v -0.208611 0.763180 7.712532
v -0.208611 0.763180 7.712532
v -0.201371 0.781608 7.645887
v -0.162628 0.812162 7.688701
v -0.153626 0.839849 7.648310
v -0.162628 0.812162 7.688701
v -0.201371 0.781608 7.645887
v -0.158300 0.861439 7.712780
v -0.142790 0.860167 7.679294
v -0.185429 0.857024 7.652050
v -0.153626 0.839849 7.648310
v -0.142790 0.860167 7.679294
v -0.140831 0.840960 7.721402
v -0.140831 0.840960 7.721402
v -0.162628 0.812162 7.688701
v -0.153626 0.839849 7.648310
v -0.142790 0.860167 7.679294
v -0.153626 0.839849 7.648310
v -0.185429 0.857024 7.652050
v -0.174551 0.852249 7.739472
v -0.158300 0.861439 7.712780
v -0.185429 0.857024 7.652050
v -0.140831 0.840960 7.721402
v -0.154429 0.839195 7.737975
v -0.162628 0.812162 7.688701
v -0.154429 0.839195 7.737975
v -0.140831 0.840960 7.721402
v -0.158300 0.861439 7.712780
v -0.158300 0.861439 7.712780
v -0.174551 0.852249 7.739472
v -0.154429 0.839195 7.737975
v -0.135108 0.841865 7.725150
v -0.118946 0.849689 7.710039
v -0.142790 0.860167 7.679294
v -0.142790 0.860167 7.679294
v -0.158300 0.861439 7.712780
v -0.135108 0.841865 7.725150
v 0.052218 1.257205 7.403789
v 0.013351 1.248335 7.435070
v 0.028910 1.227113 7.423065
v 0.059799 1.324332 7.361238
v 0.031520 1.354285 7.389333
v 0.030213 1.302794 7.414826
v 0.030213 1.302794 7.414826
v 0.052547 1.298410 7.400423
v 0.059799 1.324332 7.361238
v -0.071109 1.323271 7.302444
v -0.033952 1.368869 7.312440
v -0.038791 1.331344 7.245150
v 0.052139 1.282452 7.394355
v 0.052218 1.257205 7.403789
v 0.067406 1.269405 7.356647
v 0.056495 1.212817 7.373510
v 0.028910 1.227113 7.423065
v 0.019024 1.187528 7.433846
v 0.019024 1.187528 7.433846
v 0.023099 1.177595 7.382387
v 0.056495 1.212817 7.373510
v 0.000001 1.294616 7.426380
v -0.004486 1.260771 7.453024
v 0.004487 1.260771 7.453024
v 0.059367 1.206810 7.335147
v 0.056495 1.212817 7.373510
v 0.023099 1.177595 7.382387
v 0.023099 1.177595 7.382387
v 0.057998 1.148564 7.349594
v 0.059367 1.206810 7.335147
v 0.000001 1.294616 7.426380
v 0.004487 1.260771 7.453024
v 0.013351 1.248335 7.435070
v 0.013351 1.248335 7.435070
v 0.014653 1.286480 7.412329
v 0.000001 1.294616 7.426380
v 0.059367 1.206810 7.335147
v 0.040266 1.209904 7.276791
v 0.038876 1.250377 7.250144
v 0.038876 1.250377 7.250144
v 0.071008 1.258233 7.310944
v 0.059367 1.206810 7.335147
v 0.040266 1.209904 7.276791
v 0.053530 1.160112 7.269923
v -0.053528 1.160112 7.269924
v -0.053528 1.160112 7.269924
v -0.040265 1.209904 7.276791
v 0.040266 1.209904 7.276791
v 0.052547 1.298410 7.400423
v 0.030213 1.302794 7.414826
v 0.052139 1.282452 7.394355
v 0.028910 1.227113 7.423065
v 0.056495 1.212817 7.373510
v 0.067406 1.269405 7.356647
v 0.067406 1.269405 7.356647
v 0.052218 1.257205 7.403789
v 0.028910 1.227113 7.423065
v 0.013351 1.248335 7.435070
v -0.013350 1.248335 7.435070
v 0.000001 1.231421 7.440917
v 0.000001 1.378842 7.308806
v 0.000001 1.355160 7.405019
v 0.031520 1.354285 7.389333
v 0.031520 1.354285 7.389333
v 0.033954 1.368869 7.312440
v 0.000001 1.378842 7.308806
v 0.059367 1.206810 7.335147
v 0.071008 1.258233 7.310944
v 0.067406 1.269405 7.356647
v 0.067406 1.269405 7.356647
v 0.056495 1.212817 7.373510
v 0.059367 1.206810 7.335147
v 0.057998 1.148564 7.349594
v 0.023099 1.177595 7.382387
v 0.000001 1.164257 7.387945
v 0.000001 1.164257 7.387945
v 0.000001 1.120789 7.376121
v 0.057998 1.148564 7.349594
v 0.031520 1.354285 7.389333
v 0.000001 1.355160 7.405019
v 0.000001 1.306713 7.424491
v 0.000001 1.306713 7.424491
v 0.030213 1.302794 7.414826
v 0.031520 1.354285 7.389333
v 0.040266 1.209904 7.276791
v 0.059367 1.206810 7.335147
v 0.057998 1.148564 7.349594
v 0.057998 1.148564 7.349594
v 0.053530 1.160112 7.269923
v 0.040266 1.209904 7.276791
v 0.014653 1.286480 7.412329
v 0.013351 1.248335 7.435070
v 0.052218 1.257205 7.403789
v 0.052218 1.257205 7.403789
v 0.052139 1.282452 7.394355
v 0.014653 1.286480 7.412329
v -0.004486 1.260771 7.453024
v -0.013350 1.248335 7.435070
v 0.013351 1.248335 7.435070
v 0.013351 1.248335 7.435070
v 0.004487 1.260771 7.453024
v -0.004486 1.260771 7.453024
v 0.000001 1.294616 7.426380
v 0.014653 1.286480 7.412329
v 0.030213 1.302794 7.414826
v -0.040265 1.209904 7.276791
v -0.038874 1.250377 7.250144
v 0.038876 1.250377 7.250144
v 0.038876 1.250377 7.250144
v 0.040266 1.209904 7.276791
v -0.040265 1.209904 7.276791
v 0.038793 1.331345 7.245149
v 0.071110 1.323271 7.302444
v 0.071008 1.258233 7.310944
v 0.071008 1.258233 7.310944
v 0.038876 1.250377 7.250144
v 0.038793 1.331345 7.245149
v -0.019022 1.187528 7.433846
v -0.023097 1.177595 7.382387
v 0.000001 1.164257 7.387945
v -0.019022 1.187528 7.433846
v 0.000001 1.164257 7.387945
v 0.023099 1.177595 7.382387
v -0.019022 1.187528 7.433846
v 0.023099 1.177595 7.382387
v 0.019024 1.187528 7.433846
v -0.067405 1.269405 7.356647
v -0.052138 1.282452 7.394355
v -0.052545 1.298410 7.400423
v -0.052545 1.298410 7.400423
v -0.059797 1.324332 7.361238
v -0.067405 1.269405 7.356647
v 0.033954 1.368869 7.312440
v 0.031520 1.354285 7.389333
v 0.059799 1.324332 7.361238
v 0.059799 1.324332 7.361238
v 0.071110 1.323271 7.302444
v 0.033954 1.368869 7.312440
v 0.030213 1.302794 7.414826
v 0.000001 1.306713 7.424491
v 0.000001 1.294616 7.426380
v 0.071110 1.323271 7.302444
v 0.059799 1.324332 7.361238
v 0.067406 1.269405 7.356647
v 0.067406 1.269405 7.356647
v 0.071008 1.258233 7.310944
v 0.071110 1.323271 7.302444
v 0.038793 1.331345 7.245149
v 0.000001 1.378842 7.308806
v 0.033954 1.368869 7.312440
v 0.059799 1.324332 7.361238
v 0.052547 1.298410 7.400423
v 0.052139 1.282452 7.394355
v 0.052139 1.282452 7.394355
v 0.067406 1.269405 7.356647
v 0.059799 1.324332 7.361238
v 0.038793 1.331345 7.245149
v 0.038876 1.250377 7.250144
v -0.038874 1.250377 7.250144
v -0.038874 1.250377 7.250144
v -0.038791 1.331344 7.245150
v 0.038793 1.331345 7.245149
v 0.038793 1.331345 7.245149
v 0.033954 1.368869 7.312440
v 0.071110 1.323271 7.302444
v 0.000001 1.231421 7.440917
v -0.013350 1.248335 7.435070
v -0.028909 1.227113 7.423065
v -0.028909 1.227113 7.423065
v -0.019022 1.187528 7.433846
v 0.000001 1.231421 7.440917
v -0.038874 1.250377 7.250144
v -0.071007 1.258233 7.310944
v -0.071109 1.323271 7.302444
v -0.071109 1.323271 7.302444
v -0.038791 1.331344 7.245150
v -0.038874 1.250377 7.250144
v 0.019024 1.187528 7.433846
v 0.000001 1.231421 7.440917
v -0.019022 1.187528 7.433846
v -0.071109 1.323271 7.302444
v -0.059797 1.324332 7.361238
v -0.031518 1.354285 7.389333
v -0.031518 1.354285 7.389333
v -0.033952 1.368869 7.312440
v -0.071109 1.323271 7.302444
v -0.028909 1.227113 7.423065
v -0.013350 1.248335 7.435070
v -0.052216 1.257205 7.403789
v -0.052545 1.298410 7.400423
v -0.030211 1.302794 7.414826
v -0.031518 1.354285 7.389333
v -0.031518 1.354285 7.389333
v -0.059797 1.324332 7.361238
v -0.052545 1.298410 7.400423
v -0.033952 1.368869 7.312440
v 0.000001 1.378842 7.308806
v -0.038791 1.331344 7.245150
v -0.067405 1.269405 7.356647
v -0.052216 1.257205 7.403789
v -0.052138 1.282452 7.394355
v -0.019022 1.187528 7.433846
v -0.028909 1.227113 7.423065
v -0.056493 1.212817 7.373510
v -0.056493 1.212817 7.373510
v -0.023097 1.177595 7.382387
v -0.019022 1.187528 7.433846
v -0.071007 1.258233 7.310944
v -0.067405 1.269405 7.356647
v -0.059797 1.324332 7.361238
v -0.059797 1.324332 7.361238
v -0.071109 1.323271 7.302444
v -0.071007 1.258233 7.310944
v -0.057996 1.148564 7.349594
v -0.023097 1.177595 7.382387
v -0.056493 1.212817 7.373510
v -0.056493 1.212817 7.373510
v -0.059365 1.206810 7.335147
v -0.057996 1.148564 7.349594
v -0.014651 1.286480 7.412329
v -0.013350 1.248335 7.435070
v -0.004486 1.260771 7.453024
v -0.004486 1.260771 7.453024
v 0.000001 1.294616 7.426380
v -0.014651 1.286480 7.412329
v -0.071007 1.258233 7.310944
v -0.038874 1.250377 7.250144
v -0.040265 1.209904 7.276791
v -0.040265 1.209904 7.276791
v -0.059365 1.206810 7.335147
v -0.071007 1.258233 7.310944
v -0.030211 1.302794 7.414826
v -0.014651 1.286480 7.412329
v 0.000001 1.294616 7.426380
v -0.052138 1.282452 7.394355
v -0.030211 1.302794 7.414826
v -0.052545 1.298410 7.400423
v -0.052216 1.257205 7.403789
v -0.067405 1.269405 7.356647
v -0.056493 1.212817 7.373510
v -0.056493 1.212817 7.373510
v -0.028909 1.227113 7.423065
v -0.052216 1.257205 7.403789
v 0.000001 1.294616 7.426380
v 0.000001 1.306713 7.424491
v -0.030211 1.302794 7.414826
v -0.033952 1.368869 7.312440
v -0.031518 1.354285 7.389333
v 0.000001 1.355160 7.405019
v 0.000001 1.355160 7.405019
v 0.000001 1.378842 7.308806
v -0.033952 1.368869 7.312440
v -0.056493 1.212817 7.373510
v -0.067405 1.269405 7.356647
v -0.071007 1.258233 7.310944
v -0.071007 1.258233 7.310944
v -0.059365 1.206810 7.335147
v -0.056493 1.212817 7.373510
v 0.000001 1.120789 7.376121
v 0.000001 1.164257 7.387945
v -0.023097 1.177595 7.382387
v -0.023097 1.177595 7.382387
v -0.057996 1.148564 7.349594
v 0.000001 1.120789 7.376121
v -0.030211 1.302794 7.414826
v 0.000001 1.306713 7.424491
v 0.000001 1.355160 7.405019
v 0.000001 1.355160 7.405019
v -0.031518 1.354285 7.389333
v -0.030211 1.302794 7.414826
v -0.053528 1.160112 7.269924
v -0.057996 1.148564 7.349594
v -0.059365 1.206810 7.335147
v -0.059365 1.206810 7.335147
v -0.040265 1.209904 7.276791
v -0.053528 1.160112 7.269924
v -0.052138 1.282452 7.394355
v -0.052216 1.257205 7.403789
v -0.013350 1.248335 7.435070
v -0.013350 1.248335 7.435070
v -0.014651 1.286480 7.412329
v -0.052138 1.282452 7.394355
v 0.028910 1.227113 7.423065
v 0.013351 1.248335 7.435070
v 0.000001 1.231421 7.440917
v 0.000001 1.231421 7.440917
v 0.019024 1.187528 7.433846
v 0.028910 1.227113 7.423065
v -0.038791 1.331344 7.245150
v 0.000001 1.378842 7.308806
v 0.038793 1.331345 7.245149
v 0.052139 1.282452 7.394355
v 0.030213 1.302794 7.414826
v 0.014653 1.286480 7.412329
v -0.052138 1.282452 7.394355
v -0.014651 1.286480 7.412329
v -0.030211 1.302794 7.414826
v -0.115455 1.261440 7.294146
v -0.096792 1.232775 7.343045
v -0.100745 1.294327 7.341289
v 0.088021 1.205619 7.291339
v 0.049485 1.185603 7.273921
v 0.000001 1.190653 7.251614
v 0.088021 1.205619 7.291339
v 0.000001 1.190653 7.251614
v 0.000001 1.228200 7.210559
v 0.088021 1.205619 7.291339
v 0.000001 1.228200 7.210559
v 0.093149 1.244934 7.245844
v -0.100745 1.294327 7.341289
v -0.096792 1.232775 7.343045
v -0.067287 1.219606 7.373727
v -0.067287 1.219606 7.373727
v -0.075766 1.333614 7.373868
v -0.100745 1.294327 7.341289
v -0.115455 1.261440 7.294146
v -0.104916 1.321469 7.281762
v -0.093147 1.244934 7.245844
v 0.072752 1.174519 7.319808
v 0.067289 1.219606 7.373727
v 0.062823 1.155471 7.380475
v -0.088020 1.205619 7.291339
v -0.093147 1.244934 7.245844
v 0.000001 1.228200 7.210559
v -0.088020 1.205619 7.291339
v 0.000001 1.228200 7.210559
v 0.000001 1.190653 7.251614
v -0.088020 1.205619 7.291339
v 0.000001 1.190653 7.251614
v -0.049483 1.185603 7.273921
v 0.104918 1.321469 7.281762
v 0.075768 1.333614 7.373868
v 0.100747 1.294328 7.341289
v -0.075766 1.333614 7.373868
v -0.104916 1.321469 7.281762
v -0.100745 1.294327 7.341289
v 0.000001 1.228200 7.210559
v 0.000001 1.306785 7.191878
v 0.072488 1.303476 7.224095
v 0.072488 1.303476 7.224095
v 0.093149 1.244934 7.245844
v 0.000001 1.228200 7.210559
v 0.096794 1.232775 7.343045
v 0.115456 1.261441 7.294146
v 0.100747 1.294328 7.341289
v -0.072750 1.174519 7.319808
v -0.088020 1.205619 7.291339
v -0.049483 1.185603 7.273921
v 0.000001 1.359299 7.213926
v 0.053060 1.350685 7.233834
v 0.072488 1.303476 7.224095
v 0.072488 1.303476 7.224095
v 0.000001 1.306785 7.191878
v 0.000001 1.359299 7.213926
v -0.093147 1.244934 7.245844
v -0.072487 1.303476 7.224095
v 0.000001 1.306785 7.191878
v 0.000001 1.306785 7.191878
v 0.000001 1.228200 7.210559
v -0.093147 1.244934 7.245844
v 0.049485 1.185603 7.273921
v 0.088021 1.205619 7.291339
v 0.072752 1.174519 7.319808
v 0.104918 1.321469 7.281762
v 0.072488 1.303476 7.224095
v 0.053060 1.350685 7.233834
v 0.053060 1.350685 7.233834
v 0.050415 1.384877 7.282550
v 0.104918 1.321469 7.281762
v 0.000001 1.350341 7.425380
v 0.075768 1.333614 7.373868
v 0.053407 1.372726 7.368535
v 0.053407 1.372726 7.368535
v 0.000001 1.394472 7.385507
v 0.000001 1.350341 7.425380
v -0.115455 1.261440 7.294146
v -0.088020 1.205619 7.291339
v -0.096792 1.232775 7.343045
v -0.053405 1.372726 7.368535
v -0.050413 1.384877 7.282550
v -0.104916 1.321469 7.281762
v -0.104916 1.321469 7.281762
v -0.075766 1.333614 7.373868
v -0.053405 1.372726 7.368535
v -0.072487 1.303476 7.224095
v -0.104916 1.321469 7.281762
v -0.050413 1.384877 7.282550
v -0.050413 1.384877 7.282550
v -0.053058 1.350685 7.233834
v -0.072487 1.303476 7.224095
v 0.000001 1.394472 7.385507
v 0.053407 1.372726 7.368535
v 0.050415 1.384877 7.282550
v 0.050415 1.384877 7.282550
v 0.000001 1.403903 7.284417
v 0.000001 1.394472 7.385507
v 0.100747 1.294328 7.341289
v 0.075768 1.333614 7.373868
v 0.067289 1.219606 7.373727
v 0.067289 1.219606 7.373727
v 0.096794 1.232775 7.343045
v 0.100747 1.294328 7.341289
v 0.050415 1.384877 7.282550
v 0.053407 1.372726 7.368535
v 0.075768 1.333614 7.373868
v 0.075768 1.333614 7.373868
v 0.104918 1.321469 7.281762
v 0.050415 1.384877 7.282550
v 0.000001 1.403903 7.284417
v -0.050413 1.384877 7.282550
v -0.053405 1.372726 7.368535
v -0.053405 1.372726 7.368535
v 0.000001 1.394472 7.385507
v 0.000001 1.403903 7.284417
v 0.000001 1.394472 7.385507
v -0.053405 1.372726 7.368535
v -0.075766 1.333614 7.373868
v -0.075766 1.333614 7.373868
v 0.000001 1.350341 7.425380
v 0.000001 1.394472 7.385507
v -0.062822 1.155471 7.380475
v -0.067287 1.219606 7.373727
v -0.072750 1.174519 7.319808
v 0.093149 1.244934 7.245844
v 0.104918 1.321469 7.281762
v 0.115456 1.261441 7.294146
v 0.096794 1.232775 7.343045
v 0.088021 1.205619 7.291339
v 0.115456 1.261441 7.294146
v -0.072750 1.174519 7.319808
v -0.067287 1.219606 7.373727
v -0.088020 1.205619 7.291339
v 0.115456 1.261441 7.294146
v 0.104918 1.321469 7.281762
v 0.100747 1.294328 7.341289
v 0.000001 1.403903 7.284417
v 0.050415 1.384877 7.282550
v 0.053060 1.350685 7.233834
v 0.053060 1.350685 7.233834
v 0.000001 1.359299 7.213926
v 0.000001 1.403903 7.284417
v -0.093147 1.244934 7.245844
v -0.088020 1.205619 7.291339
v -0.115455 1.261440 7.294146
v 0.000001 1.359299 7.213926
v -0.053058 1.350685 7.233834
v -0.050413 1.384877 7.282550
v -0.050413 1.384877 7.282550
v 0.000001 1.403903 7.284417
v 0.000001 1.359299 7.213926
v -0.100745 1.294327 7.341289
v -0.104916 1.321469 7.281762
v -0.115455 1.261440 7.294146
v 0.000001 1.306785 7.191878
v -0.072487 1.303476 7.224095
v -0.053058 1.350685 7.233834
v -0.053058 1.350685 7.233834
v 0.000001 1.359299 7.213926
v 0.000001 1.306785 7.191878
v 0.115456 1.261441 7.294146
v 0.088021 1.205619 7.291339
v 0.093149 1.244934 7.245844
v 0.088021 1.205619 7.291339
v 0.067289 1.219606 7.373727
v 0.072752 1.174519 7.319808
v 0.093149 1.244934 7.245844
v 0.072488 1.303476 7.224095
v 0.104918 1.321469 7.281762
v -0.093147 1.244934 7.245844
v -0.104916 1.321469 7.281762
v -0.072487 1.303476 7.224095
v -0.043810 1.248118 7.435416
v -0.040628 1.259134 7.435666
v -0.068088 1.241631 7.363374
v -0.068088 1.241631 7.363374
v -0.067941 1.229747 7.367745
v -0.043810 1.248118 7.435416
v 0.031422 1.084729 7.618451
v 0.079998 0.988350 7.590241
v 0.101998 0.997700 7.589713
v 0.101998 0.997700 7.589713
v 0.052884 1.094918 7.615177
v 0.031422 1.084729 7.618451
v 0.023833 1.154305 7.552027
v 0.053949 1.088852 7.592068
v 0.029742 1.077360 7.595760
v 0.029742 1.077360 7.595760
v -0.002281 1.150972 7.552808
v 0.023833 1.154305 7.552027
v 0.052884 1.094918 7.615177
v 0.101998 0.997700 7.589713
v 0.098389 1.009483 7.569469
v 0.098389 1.009483 7.569469
v 0.053949 1.088852 7.592068
v 0.052884 1.094918 7.615177
v 0.053949 1.088852 7.592068
v 0.098389 1.009483 7.569469
v 0.073577 0.998938 7.570065
v 0.073577 0.998938 7.570065
v 0.029742 1.077360 7.595760
v 0.053949 1.088852 7.592068
v -0.041724 1.202488 7.426107
v -0.044696 1.214348 7.428981
v -0.064397 1.234979 7.371468
v -0.064397 1.234979 7.371468
v -0.062896 1.224060 7.365738
v -0.041724 1.202488 7.426107
v -0.012775 1.234556 7.483330
v -0.019076 1.195490 7.474581
v -0.002281 1.150972 7.552808
v -0.002281 1.150972 7.552808
v -0.002511 1.166142 7.570024
v -0.012775 1.234556 7.483330
v 0.040366 1.259134 7.435666
v 0.043549 1.248118 7.435416
v 0.067679 1.229747 7.367745
v 0.067679 1.229747 7.367745
v 0.067827 1.241631 7.363374
v 0.040366 1.259134 7.435666
v 0.044435 1.214348 7.428981
v 0.041462 1.202488 7.426107
v 0.062635 1.224060 7.365738
v 0.062635 1.224060 7.365738
v 0.064135 1.234979 7.371468
v 0.044435 1.214348 7.428981
v 0.106607 0.916920 7.504648
v 0.102503 0.879818 7.414273
v 0.126139 0.883476 7.412517
v 0.126139 0.883476 7.412517
v 0.130267 0.920569 7.503251
v 0.106607 0.916920 7.504648
v 0.020778 1.169085 7.569355
v 0.052884 1.094918 7.615177
v 0.053949 1.088852 7.592068
v 0.053949 1.088852 7.592068
v 0.023833 1.154305 7.552027
v 0.020778 1.169085 7.569355
v 0.042788 1.245390 7.442094
v 0.010603 1.296341 7.431368
v 0.012405 1.234651 7.483360
v 0.010603 1.296341 7.431368
v -0.010864 1.296341 7.431368
v -0.012775 1.234556 7.483330
v -0.012775 1.234556 7.483330
v 0.012405 1.234651 7.483360
v 0.010603 1.296341 7.431368
v 0.018808 1.195394 7.474597
v 0.023833 1.154305 7.552027
v -0.002281 1.150972 7.552808
v -0.002281 1.150972 7.552808
v -0.019076 1.195490 7.474581
v 0.018808 1.195394 7.474597
v 0.018808 1.195394 7.474597
v 0.044259 1.219092 7.436833
v 0.051528 1.214021 7.449553
v 0.101998 0.997700 7.589713
v 0.130267 0.920569 7.503251
v 0.127839 0.942980 7.494332
v 0.127839 0.942980 7.494332
v 0.098389 1.009483 7.569469
v 0.101998 0.997700 7.589713
v 0.098389 1.009483 7.569469
v 0.127839 0.942980 7.494332
v 0.101153 0.938862 7.495908
v 0.101153 0.938862 7.495908
v 0.073577 0.998938 7.570065
v 0.098389 1.009483 7.569469
v 0.130267 0.920569 7.503251
v 0.126139 0.883476 7.412517
v 0.123568 0.905957 7.403796
v 0.123568 0.905957 7.403796
v 0.127839 0.942980 7.494332
v 0.130267 0.920569 7.503251
v -0.043049 1.245390 7.442094
v -0.010864 1.296341 7.431368
v -0.048963 1.235285 7.416413
v 0.018808 1.195394 7.474597
v 0.035164 1.178744 7.416729
v 0.044259 1.219092 7.436833
v -0.019076 1.195490 7.474581
v -0.035422 1.178744 7.416728
v 0.035164 1.178744 7.416729
v 0.035164 1.178744 7.416729
v 0.018808 1.195394 7.474597
v -0.019076 1.195490 7.474581
v -0.048963 1.235285 7.416413
v -0.044520 1.219093 7.436833
v -0.043049 1.245390 7.442094
v 0.051440 1.241237 7.453391
v 0.042788 1.245390 7.442094
v 0.012405 1.234651 7.483360
v -0.019076 1.195490 7.474581
v -0.044520 1.219093 7.436833
v -0.035422 1.178744 7.416728
v 0.029742 1.077360 7.595760
v 0.073577 0.998938 7.570065
v 0.079998 0.988350 7.590241
v 0.079998 0.988350 7.590241
v 0.031422 1.084729 7.618451
v 0.029742 1.077360 7.595760
v 0.018808 1.195394 7.474597
v 0.051528 1.214021 7.449553
v 0.051440 1.241237 7.453391
v 0.051440 1.241237 7.453391
v 0.012405 1.234651 7.483360
v 0.018808 1.195394 7.474597
v 0.079998 0.988350 7.590241
v 0.106607 0.916920 7.504648
v 0.130267 0.920569 7.503251
v 0.130267 0.920569 7.503251
v 0.101998 0.997700 7.589713
v 0.079998 0.988350 7.590241
v -0.012775 1.234556 7.483330
v -0.002511 1.166142 7.570024
v 0.020778 1.169085 7.569355
v 0.020778 1.169085 7.569355
v 0.012405 1.234651 7.483360
v -0.012775 1.234556 7.483330
v -0.019076 1.195490 7.474581
v -0.012775 1.234556 7.483330
v -0.051701 1.241237 7.453391
v -0.051701 1.241237 7.453391
v -0.051789 1.214021 7.449553
v -0.019076 1.195490 7.474581
v 0.127839 0.942980 7.494332
v 0.123568 0.905957 7.403796
v 0.096909 0.901831 7.405777
v 0.096909 0.901831 7.405777
v 0.101153 0.938862 7.495908
v 0.127839 0.942980 7.494332
v 0.101153 0.938862 7.495908
v 0.096909 0.901831 7.405777
v 0.102503 0.879818 7.414273
v 0.102503 0.879818 7.414273
v 0.106607 0.916920 7.504648
v 0.101153 0.938862 7.495908
v 0.073577 0.998938 7.570065
v 0.101153 0.938862 7.495908
v 0.106607 0.916920 7.504648
v 0.106607 0.916920 7.504648
v 0.079998 0.988350 7.590241
v 0.073577 0.998938 7.570065
v -0.002511 1.166142 7.570024
v 0.031422 1.084729 7.618451
v 0.052884 1.094918 7.615177
v 0.052884 1.094918 7.615177
v 0.020778 1.169085 7.569355
v -0.002511 1.166142 7.570024
v -0.002281 1.150972 7.552808
v 0.029742 1.077360 7.595760
v 0.031422 1.084729 7.618451
v 0.031422 1.084729 7.618451
v -0.002511 1.166142 7.570024
v -0.002281 1.150972 7.552808
v 0.012405 1.234651 7.483360
v 0.020778 1.169085 7.569355
v 0.023833 1.154305 7.552027
v 0.023833 1.154305 7.552027
v 0.018808 1.195394 7.474597
v 0.012405 1.234651 7.483360
v 0.051528 1.214021 7.449553
v 0.044259 1.219092 7.436833
v 0.042788 1.245390 7.442094
v 0.042788 1.245390 7.442094
v 0.051440 1.241237 7.453391
v 0.051528 1.214021 7.449553
v -0.012775 1.234556 7.483330
v -0.043049 1.245390 7.442094
v -0.051701 1.241237 7.453391
v 0.048702 1.235285 7.416413
v 0.042788 1.245390 7.442094
v 0.044259 1.219092 7.436833
v -0.051789 1.214021 7.449553
v -0.044520 1.219093 7.436833
v -0.019076 1.195490 7.474581
v -0.051701 1.241237 7.453391
v -0.043049 1.245390 7.442094
v -0.044520 1.219093 7.436833
v -0.044520 1.219093 7.436833
v -0.051789 1.214021 7.449553
v -0.051701 1.241237 7.453391
v 0.048702 1.235285 7.416413
v 0.010603 1.296341 7.431368
v 0.042788 1.245390 7.442094
v -0.012775 1.234556 7.483330
v -0.010864 1.296341 7.431368
v -0.043049 1.245390 7.442094
v 0.048702 1.235285 7.416413
v 0.044259 1.219092 7.436833
v 0.035164 1.178744 7.416729
v -0.048963 1.235285 7.416413
v -0.035422 1.178744 7.416728
v -0.044520 1.219093 7.436833
v 0.088021 1.205619 7.291339
v 0.096794 1.232775 7.343045
v 0.067289 1.219606 7.373727
v -0.067287 1.219606 7.373727
v -0.096792 1.232775 7.343045
v -0.088020 1.205619 7.291339
v 0.047122 1.325837 7.404861
v 0.070638 1.319070 7.380390
v 0.069116 1.334486 7.373233
v 0.069116 1.334486 7.373233
v 0.046253 1.345439 7.386371
v 0.047122 1.325837 7.404861
v 0.018397 1.330176 7.421165
v 0.047122 1.325837 7.404861
v 0.046253 1.345439 7.386371
v 0.046253 1.345439 7.386371
v 0.019094 1.349642 7.407439
v 0.018397 1.330176 7.421165
v 0.070638 1.319070 7.380390
v 0.078409 1.311401 7.357183
v 0.078133 1.328244 7.350727
v 0.078133 1.328244 7.350727
v 0.069116 1.334486 7.373233
v 0.070638 1.319070 7.380390
v 0.046932 1.305777 7.409678
v 0.070990 1.301094 7.382701
v 0.070638 1.319070 7.380390
v 0.070638 1.319070 7.380390
v 0.047122 1.325837 7.404861
v 0.046932 1.305777 7.409678
v 0.017259 1.308848 7.427028
v 0.046932 1.305777 7.409678
v 0.047122 1.325837 7.404861
v 0.047122 1.325837 7.404861
v 0.018397 1.330176 7.421165
v 0.017259 1.308848 7.427028
v 0.079878 1.299508 7.357909
v 0.078409 1.311401 7.357183
v 0.070638 1.319070 7.380390
v 0.070638 1.319070 7.380390
v 0.070990 1.301094 7.382701
v 0.079878 1.299508 7.357909
v 0.044250 1.287755 7.409204
v 0.068602 1.290775 7.382027
v 0.070990 1.301094 7.382701
v 0.070990 1.301094 7.382701
v 0.046932 1.305777 7.409678
v 0.044250 1.287755 7.409204
v 0.015742 1.296417 7.427295
v 0.044250 1.287755 7.409204
v 0.046932 1.305777 7.409678
v 0.046932 1.305777 7.409678
v 0.017259 1.308848 7.427028
v 0.015742 1.296417 7.427295
v 0.068602 1.290775 7.382027
v 0.074900 1.289380 7.362927
v 0.079878 1.299508 7.357909
v 0.079878 1.299508 7.357909
v 0.070990 1.301094 7.382701
v 0.068602 1.290775 7.382027
v 0.042126 1.272794 7.410735
v 0.064081 1.277365 7.380792
v 0.068602 1.290775 7.382027
v 0.068602 1.290775 7.382027
v 0.044250 1.287755 7.409204
v 0.042126 1.272794 7.410735
v 0.015772 1.279606 7.424870
v 0.042126 1.272794 7.410735
v 0.044250 1.287755 7.409204
v 0.044250 1.287755 7.409204
v 0.015742 1.296417 7.427295
v 0.015772 1.279606 7.424870
v 0.064081 1.277365 7.380792
v 0.069328 1.282401 7.370323
v 0.074900 1.289380 7.362927
v 0.074900 1.289380 7.362927
v 0.068602 1.290775 7.382027
v 0.064081 1.277365 7.380792
v 0.000001 1.350584 7.412974
v 0.000001 1.331118 7.423866
v 0.018397 1.330176 7.421165
v 0.018397 1.330176 7.421165
v 0.019094 1.349642 7.407439
v 0.000001 1.350584 7.412974
v 0.000001 1.331118 7.423866
v 0.000001 1.309790 7.429729
v 0.017259 1.308848 7.427028
v 0.017259 1.308848 7.427028
v 0.018397 1.330176 7.421165
v 0.000001 1.331118 7.423866
v 0.000001 1.309790 7.429729
v 0.000001 1.299006 7.429333
v 0.015742 1.296417 7.427295
v 0.015742 1.296417 7.427295
v 0.017259 1.308848 7.427028
v 0.000001 1.309790 7.429729
v 0.006140 1.288277 7.429217
v 0.015772 1.279606 7.424870
v 0.015742 1.296417 7.427295
v 0.006140 1.288277 7.429217
v 0.015742 1.296417 7.427295
v 0.000001 1.299006 7.429333
v 0.006140 1.288277 7.429217
v 0.000001 1.299006 7.429333
v 0.000001 1.290164 7.429684
v -0.069077 1.335517 7.374625
v -0.070632 1.319069 7.380387
v -0.047120 1.325837 7.404861
v -0.047120 1.325837 7.404861
v -0.046251 1.345439 7.386371
v -0.069077 1.335517 7.374625
v -0.046251 1.345439 7.386371
v -0.047120 1.325837 7.404861
v -0.018395 1.330176 7.421165
v -0.018395 1.330176 7.421165
v -0.019092 1.349642 7.407439
v -0.046251 1.345439 7.386371
v -0.078124 1.328236 7.350670
v -0.078770 1.311396 7.357143
v -0.070632 1.319069 7.380387
v -0.070632 1.319069 7.380387
v -0.069077 1.335517 7.374625
v -0.078124 1.328236 7.350670
v -0.070632 1.319069 7.380387
v -0.070978 1.301246 7.383808
v -0.046930 1.305776 7.409678
v -0.046930 1.305776 7.409678
v -0.047120 1.325837 7.404861
v -0.070632 1.319069 7.380387
v -0.047120 1.325837 7.404861
v -0.046930 1.305776 7.409678
v -0.017257 1.308848 7.427028
v -0.017257 1.308848 7.427028
v -0.018395 1.330176 7.421165
v -0.047120 1.325837 7.404861
v -0.070632 1.319069 7.380387
v -0.078770 1.311396 7.357143
v -0.079794 1.300439 7.364699
v -0.079794 1.300439 7.364699
v -0.070978 1.301246 7.383808
v -0.070632 1.319069 7.380387
v -0.070978 1.301246 7.383808
v -0.068593 1.290774 7.382027
v -0.044248 1.287754 7.409204
v -0.044248 1.287754 7.409204
v -0.046930 1.305776 7.409678
v -0.070978 1.301246 7.383808
v -0.046930 1.305776 7.409678
v -0.044248 1.287754 7.409204
v -0.015740 1.296417 7.427295
v -0.015740 1.296417 7.427295
v -0.017257 1.308848 7.427028
v -0.046930 1.305776 7.409678
v -0.079794 1.300439 7.364699
v -0.075403 1.289379 7.362922
v -0.068593 1.290774 7.382027
v -0.068593 1.290774 7.382027
v -0.070978 1.301246 7.383808
v -0.079794 1.300439 7.364699
v -0.068593 1.290774 7.382027
v -0.064128 1.277365 7.380792
v -0.042123 1.272794 7.410735
v -0.042123 1.272794 7.410735
v -0.044248 1.287754 7.409204
v -0.068593 1.290774 7.382027
v -0.044248 1.287754 7.409204
v -0.042123 1.272794 7.410735
v -0.015770 1.279606 7.424870
v -0.015770 1.279606 7.424870
v -0.015740 1.296417 7.427295
v -0.044248 1.287754 7.409204
v -0.075403 1.289379 7.362922
v -0.069538 1.282401 7.370323
v -0.064128 1.277365 7.380792
v -0.064128 1.277365 7.380792
v -0.068593 1.290774 7.382027
v -0.075403 1.289379 7.362922
v -0.018395 1.330176 7.421165
v 0.000001 1.331118 7.423866
v 0.000001 1.350584 7.412974
v 0.000001 1.350584 7.412974
v -0.019092 1.349642 7.407439
v -0.018395 1.330176 7.421165
v -0.017257 1.308848 7.427028
v 0.000001 1.309790 7.429729
v 0.000001 1.331118 7.423866
v 0.000001 1.331118 7.423866
v -0.018395 1.330176 7.421165
v -0.017257 1.308848 7.427028
v -0.015740 1.296417 7.427295
v 0.000001 1.299006 7.429333
v 0.000001 1.309790 7.429729
v 0.000001 1.309790 7.429729
v -0.017257 1.308848 7.427028
v -0.015740 1.296417 7.427295
v -0.006138 1.288277 7.429217
v 0.000001 1.290164 7.429684
v 0.000001 1.299006 7.429333
v -0.006138 1.288277 7.429217
v 0.000001 1.299006 7.429333
v -0.015740 1.296417 7.427295
v -0.006138 1.288277 7.429217
v -0.015740 1.296417 7.427295
v -0.015770 1.279606 7.424870
vn -0.3512 0.0498 -0.9350
vn -0.3631 0.0576 -0.9300
vn -0.0022 -1.0000 -0.0049
vn 0.0170 -0.9987 -0.0475
vn -0.8359 0.0953 0.5405
vn -0.7573 -0.2297 0.6113
vn 0.9057 0.3633 -0.2183
vn 0.9954 -0.0539 -0.0793
vn -0.0186 0.9350 0.3543
vn 0.0422 0.9886 0.1447
vn 0.2633 0.0340 0.9641
vn 0.2530 0.0545 0.9659
vn -0.9778 -0.0415 0.2052
vn -0.9665 0.0109 0.2563
vn 0.1188 0.9469 0.2989
vn 0.1496 0.9388 0.3103
vn 0.8013 0.4298 -0.4160
vn 0.8833 0.2794 -0.3765
vn -0.0000 -1.0000 -0.0000
vn -0.2701 -0.3990 -0.8763
vn -0.3965 -0.9037 -0.1613
vn -0.0265 -0.9862 -0.1632
vn 0.4417 -0.8502 -0.2864
vn -0.8186 -0.5439 0.1846
vn -0.8082 -0.5575 0.1897
vn 0.1651 -0.6555 0.7369
vn -0.2280 -0.2897 0.9296
vn -0.5715 -0.1593 -0.8050
vn -0.5612 -0.1586 -0.8123
vn 0.7528 -0.2362 -0.6145
vn 0.6335 -0.3020 -0.7124
vn -0.9686 0.1165 0.2195
vn -0.9823 0.1163 0.1468
vn -0.2292 0.3420 0.9113
vn -0.0298 0.3027 0.9526
vn -0.4880 -0.7231 -0.4889
vn -0.3447 -0.6203 0.7046
vn -0.3972 -0.6065 0.6887
vn 0.6475 -0.6454 -0.4052
vn -0.9822 0.1107 0.1518
vn -0.9418 0.1289 0.3105
vn -0.0835 0.7719 0.6303
vn -0.3109 0.8224 0.4765
vn -0.4918 -0.7544 0.4346
vn 0.4075 -0.9113 0.0593
vn 0.7200 -0.6940 -0.0067
vn 0.8542 -0.5094 -0.1040
vn -0.9521 0.1497 0.2668
vn -0.3788 -0.8142 0.4401
vn -0.3694 0.9266 -0.0703
vn -0.7448 0.6523 -0.1407
vn -0.0654 -0.6355 -0.7693
vn 0.2329 -0.4577 -0.8581
vn 0.8830 -0.2236 -0.4126
vn 0.7035 -0.5662 -0.4295
vn 0.6169 -0.3941 0.6813
vn 0.3433 -0.1324 0.9298
vn 0.2051 0.0556 -0.9772
vn 0.0047 -0.1053 -0.9944
vn 0.7851 0.0277 -0.6188
vn 0.7869 0.0315 -0.6163
vn -0.4368 0.1449 0.8878
vn -0.5060 0.1524 0.8489
vn -0.0009 -0.3059 -0.9521
vn 0.0173 -0.2936 -0.9558
vn 0.7912 -0.3107 -0.5267
vn 0.7324 -0.3791 -0.5655
vn -0.5467 0.7325 0.4057
vn -0.3184 0.2057 0.9254
vn 0.0277 -0.3390 -0.9404
vn 0.1242 -0.2409 -0.9626
vn -0.9898 0.1258 0.0668
vn -0.6371 0.3538 0.6847
vn -0.2537 0.3110 0.9159
vn -0.4845 0.4419 0.7550
vn -0.3128 0.9366 0.1580
vn -0.1970 0.8978 0.3940
vn 0.1294 0.1494 -0.9803
vn 0.1973 0.2203 -0.9553
vn -0.2555 0.8809 0.3985
vn -0.3356 0.9059 0.2581
vn 0.4711 0.3351 -0.8160
vn 0.3669 0.8833 -0.2917
vn -0.6963 -0.4989 0.5161
vn 0.7853 0.5508 -0.2829
vn 0.9179 -0.1835 0.3518
vn 0.9459 0.0697 0.3168
vn 0.9021 0.0794 0.4242
vn 0.9307 0.3059 0.2007
vn 0.9366 0.3048 0.1731
vn 0.8853 0.4300 -0.1772
vn 0.8354 0.5362 -0.1213
vn 0.2073 0.9651 0.1597
vn 0.8841 0.1835 0.4299
vn 0.8587 0.1543 0.4887
vn 0.4856 -0.3898 0.7825
vn 0.9159 0.0233 0.4007
vn 0.8109 -0.5833 -0.0467
vn 0.7714 -0.6344 0.0501
vn 0.3828 0.9041 0.1896
vn 0.6090 0.6927 0.3864
vn 0.9061 0.1839 -0.3809
vn 0.8445 0.3075 -0.4385
vn -0.9666 0.0019 0.2563
vn -0.9648 0.0092 0.2627
vn 0.9229 0.1481 0.3555
vn 0.6532 0.4354 0.6194
vn 0.8084 0.1624 0.5658
vn 0.5769 -0.5728 -0.5823
vn 0.9615 0.2728 0.0321
vn 0.0418 -0.2378 -0.9704
vn 0.5813 -0.5377 -0.6107
vn 0.5642 0.2762 -0.7781
vn 0.3008 0.6092 -0.7338
vn 0.7764 0.5120 0.3675
vn 0.5378 0.6655 0.5175
vn 0.6291 0.2615 0.7320
vn 0.9623 0.2718 0.0102
vn 0.7830 -0.1759 0.5966
vn -0.9758 -0.2153 -0.0372
vn -0.8567 -0.3697 -0.3598
vn 0.4631 -0.5535 -0.6922
vn 0.0457 -0.8004 -0.5977
vn 0.9373 0.0023 -0.3485
vn 0.9382 0.0074 -0.3460
vn 0.7002 0.4755 0.5326
vn 0.4322 0.6138 0.6606
vn -0.7599 -0.6485 -0.0448
vn -0.7634 -0.6456 -0.0201
vn 0.0720 -0.8754 -0.4779
vn -0.0172 -0.9405 -0.3392
vn -0.7152 0.5673 0.4083
vn -0.7448 0.5761 0.3369
vn 0.9738 -0.1147 -0.1966
vn 0.9553 -0.2669 -0.1267
vn 0.4772 0.8786 0.0166
vn 0.4766 0.8790 0.0160
vn 0.3773 0.8230 0.4246
vn 0.2796 0.9160 0.2877
vn -0.7815 -0.6136 -0.1131
vn -0.8434 -0.5323 -0.0734
vn 0.0084 -0.9883 -0.1526
vn 0.0068 -0.9883 -0.1522
vn -0.7405 0.6711 -0.0361
vn -0.6921 0.7218 -0.0070
vn 0.9402 -0.3393 0.0314
vn 0.9637 -0.2663 0.0183
vn -0.6818 -0.6874 -0.2500
vn -0.8276 -0.5607 0.0263
vn 0.2600 0.9654 0.0198
vn 0.5161 0.8456 0.1362
vn -0.1571 -0.1898 0.9692
vn -0.1116 -0.1995 0.9735
vn -0.1204 0.0037 0.9927
vn -0.0296 -0.1362 0.9902
vn -0.7288 0.6090 0.3130
vn -0.7956 0.5717 0.2005
vn -0.0705 0.0052 0.9975
vn -0.3614 0.6257 -0.6913
vn 0.7279 0.6799 0.0894
vn 0.7842 0.5988 0.1627
vn 0.7841 0.5955 0.1747
vn 0.7690 0.6258 0.1304
vn 0.2129 -0.0018 0.9771
vn 0.1999 -0.0468 0.9787
vn -0.6255 0.7348 0.2624
vn -0.6240 0.7364 0.2615
vn -0.6408 0.7002 0.3149
vn 0.6377 -0.7073 -0.3051
vn 0.8710 -0.4756 -0.1236
vn 0.4436 -0.8939 -0.0648
vn -0.4129 -0.2090 -0.8865
vn -0.4155 -0.2196 -0.8827
vn -0.7057 -0.7033 0.0859
vn -0.7465 -0.6652 -0.0119
vn -0.8520 -0.1598 -0.4985
vn 0.3614 0.6257 -0.6913
vn 0.8642 -0.4502 -0.2245
vn 0.8828 -0.4229 -0.2046
vn -0.7483 -0.6628 -0.0253
vn -0.0881 -0.8603 0.5021
vn -0.6746 -0.7092 -0.2046
vn -0.0821 0.9897 -0.1169
vn -0.8270 -0.5272 -0.1952
vn -0.8635 -0.5033 -0.0329
vn -0.4125 0.6499 -0.6383
vn 0.2478 0.9682 0.0347
vn -0.4219 -0.8162 0.3948
vn -0.5879 0.6390 0.4961
vn -0.5826 0.6773 0.4493
vn -0.4020 0.9147 0.0426
vn -0.3623 0.7782 0.5130
vn 0.9087 -0.3878 -0.1544
vn -0.6061 -0.5064 -0.6133
vn 0.5829 -0.0208 0.8123
vn 0.4287 -0.4505 0.7831
vn -0.4804 0.2521 0.8400
vn -0.5283 0.2059 0.8237
vn -0.3946 0.7445 0.5386
vn -0.3986 0.7492 0.5289
vn -0.4278 -0.4464 -0.7860
vn -0.4791 -0.4254 -0.7678
vn 0.7869 -0.3537 0.5056
vn 0.6906 -0.5590 0.4588
vn -0.2794 -0.7443 0.6066
vn -0.2830 -0.7319 0.6199
vn -0.6553 -0.1920 0.7306
vn 0.7008 0.6615 0.2671
vn 0.6671 0.7289 0.1539
vn 0.8801 -0.4197 -0.2222
vn 0.7554 -0.6552 -0.0116
vn -0.5798 0.8140 -0.0353
vn -0.5802 0.8137 -0.0361
vn -0.6910 -0.7228 -0.0020
vn -0.7264 -0.6790 0.1064
vn 0.5531 0.6864 0.4722
vn -0.4782 0.5266 0.7028
vn -0.2789 0.7047 0.6525
vn 0.8003 0.2267 0.5551
vn 0.8118 0.2375 0.5334
vn 0.0259 0.9502 0.3104
vn -0.1376 0.9772 0.1619
vn -0.1355 0.9762 0.1696
vn -0.4976 -0.1343 0.8569
vn -0.4976 -0.1344 0.8569
vn 0.4296 0.3066 0.8494
vn 0.2964 0.2048 0.9328
vn 0.1770 -0.9152 0.3620
vn 0.1872 -0.7663 0.6146
vn 0.8023 0.1382 0.5807
vn 0.9092 0.2318 0.3460
vn 0.8761 -0.3708 0.3081
vn 0.0822 0.9885 0.1272
vn 0.0821 0.9885 0.1273
vn 0.6463 -0.6057 0.4641
vn 0.5803 -0.7400 0.3401
vn 0.3514 -0.0047 -0.9362
vn 0.1546 -0.0147 -0.9879
vn 0.6584 0.7513 0.0455
vn -0.0498 0.9976 0.0471
vn 0.8270 0.0512 -0.5599
vn 0.9077 0.1454 -0.3935
vn 0.0624 -0.9848 -0.1619
vn 0.0623 -0.9848 -0.1619
vn -0.4925 0.0615 -0.8681
vn -0.4926 0.0615 -0.8681
vn 0.4976 -0.1344 0.8569
vn 0.4976 -0.1343 0.8569
vn -0.0822 0.9885 0.1273
vn -0.0822 0.9885 0.1272
vn 0.3521 0.0597 -0.9341
vn 0.3632 0.0498 -0.9304
vn -0.0281 -0.9996 -0.0073
vn 0.0128 -0.9995 -0.0284
vn 0.7156 0.0986 0.6915
vn 0.8293 -0.1889 0.5259
vn -0.9518 -0.0626 -0.3002
vn -0.9494 0.3053 -0.0738
vn 0.0715 0.9814 0.1782
vn -0.0979 0.9614 0.2570
vn -0.2555 0.0345 0.9662
vn -0.2625 0.0537 0.9634
vn 0.9739 0.0187 0.2263
vn 0.9646 -0.0643 0.2558
vn -0.0688 0.9044 0.4210
vn -0.1273 0.9402 0.3159
vn -0.8567 0.2613 -0.4448
vn -0.8854 0.3809 -0.2664
vn 0.5698 -0.5595 -0.6019
vn -0.0715 -0.9846 -0.1598
vn -0.2888 -0.9461 -0.1466
vn -0.3488 -0.8993 -0.2638
vn 0.8169 -0.5440 0.1915
vn 0.8087 -0.5598 0.1808
vn 0.1610 -0.7197 0.6754
vn -0.2283 -0.0096 0.9735
vn 0.5615 -0.1618 -0.8115
vn 0.5710 -0.1559 -0.8060
vn -0.6353 -0.2548 -0.7291
vn -0.7472 -0.2732 -0.6059
vn 0.9818 0.0990 0.1622
vn 0.9666 0.1334 0.2189
vn 0.0343 0.3426 0.9388
vn 0.2321 0.3035 0.9241
vn 0.5874 -0.6829 -0.4343
vn -0.3095 -0.6281 0.7139
vn -0.5880 -0.5342 0.6074
vn -0.5270 -0.7210 -0.4498
vn 0.9642 0.1845 0.1903
vn 0.9731 0.0219 0.2293
vn 0.2747 0.7393 0.6147
vn 0.0951 0.8706 0.4826
vn -0.4146 -0.8564 0.3078
vn 0.5728 -0.8018 0.1703
vn -0.8291 -0.5578 -0.0372
vn -0.7156 -0.6937 -0.0821
vn -0.2501 -0.8518 0.4604
vn 0.9696 0.2312 0.0806
vn 0.7333 0.6799 0.0040
vn 0.3816 0.8340 -0.3984
vn -0.2267 -0.6203 -0.7509
vn 0.1394 -0.4647 -0.8744
vn -0.7824 -0.2954 -0.5483
vn -0.8877 -0.3835 -0.2550
vn -0.4298 0.1008 0.8973
vn -0.4178 -0.1281 0.8995
vn -0.0089 0.0569 -0.9983
vn -0.2180 -0.0776 -0.9729
vn -0.7873 0.0282 -0.6159
vn -0.7846 0.0310 -0.6192
vn -0.8968 0.1721 -0.4076
vn -0.8374 0.1656 -0.5209
vn -0.0203 -0.3058 -0.9519
vn 0.0004 -0.2904 -0.9569
vn -0.7714 -0.3158 -0.5525
vn -0.7793 -0.3458 -0.5226
vn 0.3724 0.2708 0.8877
vn 0.5499 0.1850 0.8145
vn -0.1221 -0.3366 -0.9337
vn -0.0032 -0.2343 -0.9722
vn 0.7889 0.4206 0.4480
vn 0.9466 0.1068 0.3043
vn 0.4855 0.3232 0.8123
vn 0.1944 0.4926 0.8482
vn 0.1297 0.9759 0.1752
vn 0.3608 0.8461 0.3924
vn -0.2075 0.1474 -0.9671
vn -0.1253 0.1913 -0.9735
vn 0.3564 0.8597 0.3659
vn 0.2155 0.9454 0.2446
vn -0.6833 0.4136 -0.6017
vn -0.2126 0.4770 -0.8528
vn -0.5146 0.2068 -0.8321
vn 0.1421 -0.8981 -0.4163
vn -0.9317 -0.1149 0.3445
vn -0.9459 0.0398 0.3221
vn -0.9093 0.1029 0.4033
vn -0.9290 0.3214 0.1834
vn -0.9351 0.2978 0.1920
vn -0.9041 0.4077 -0.1280
vn -0.8234 0.5368 -0.1839
vn -0.8420 0.3691 0.3934
vn -0.2323 -0.9419 0.2425
vn -0.9132 0.0403 -0.4056
vn -0.8227 0.1689 -0.5428
vn -0.8696 0.0740 0.4882
vn -0.8897 -0.1281 0.4383
vn 0.6787 -0.1568 0.7175
vn -0.6938 0.7002 0.1684
vn -0.3662 0.8553 0.3665
vn -0.8863 0.2387 -0.3970
vn -0.8718 0.1874 -0.4526
vn 0.9665 0.0109 0.2563
vn 0.9650 0.0016 0.2623
vn -0.9043 0.1148 0.4112
vn -0.7678 0.3351 0.5461
vn -0.6591 0.2368 0.7138
vn -0.3749 -0.9237 0.0786
vn -0.9088 0.2508 -0.3335
vn 0.0946 -0.4969 -0.8626
vn -0.5857 -0.2191 -0.7804
vn -0.6658 0.3959 -0.6325
vn -0.2487 0.4615 -0.8516
vn -0.7504 0.4148 0.5147
vn -0.6398 0.6714 0.3741
vn -0.6323 0.2496 0.7334
vn -0.4559 0.0678 -0.8874
vn -0.7423 -0.0152 0.6699
vn 0.8668 -0.3689 -0.3356
vn 0.9929 0.1092 -0.0473
vn -0.0267 -0.6508 -0.7588
vn -0.6251 -0.5379 -0.5656
vn -0.9304 -0.0642 -0.3609
vn -0.9405 -0.0545 -0.3353
vn -0.5029 0.4137 0.7589
vn -0.7414 0.4305 0.5147
vn 0.7768 -0.6131 -0.1440
vn 0.8076 -0.5684 -0.1571
vn 0.0479 -0.8352 -0.5479
vn -0.0525 -0.8869 -0.4590
vn 0.8124 0.4340 0.3895
vn 0.7894 0.5277 0.3137
vn -0.9175 -0.3073 -0.2523
vn -0.9460 -0.3046 -0.1110
vn -0.7108 -0.6334 0.3059
vn -0.6471 -0.5202 0.5574
vn -0.3801 0.7714 0.5104
vn -0.4325 0.8340 0.3425
vn 0.8722 -0.4606 -0.1645
vn 0.7709 -0.6260 -0.1179
vn 0.3139 -0.9229 -0.2230
vn 0.0416 -0.9908 -0.1284
vn 0.6631 0.7447 -0.0756
vn 0.7986 0.6014 -0.0240
vn -0.9271 -0.3735 0.0319
vn -0.8968 -0.4423 -0.0148
vn 0.5429 -0.3206 -0.7762
vn 0.5433 -0.2933 -0.7866
vn -0.6635 0.7460 0.0581
vn -0.3826 0.9041 0.1902
vn 0.1690 -0.1988 0.9654
vn 0.1186 -0.2322 0.9654
vn 0.1161 -0.0116 0.9932
vn 0.0747 -0.2067 0.9755
vn 0.3132 0.7525 0.5794
vn 0.1973 0.7684 0.6088
vn 0.1075 -0.0117 0.9941
vn 0.5258 0.0792 0.8469
vn 0.3773 0.1636 0.9115
vn -0.0624 -0.9848 -0.1620
vn -0.0623 -0.9848 -0.1618
vn -0.8790 0.2956 0.3741
vn -0.9817 0.1198 0.1478
vn 0.4925 0.0615 -0.8681
vn 0.5710 -0.8122 0.1196
vn 0.6008 0.0532 0.7976
vn 0.8991 0.2890 0.3288
vn 0.8114 0.2942 0.5052
vn 0.1195 0.9833 0.1376
vn 0.1401 0.9748 0.1738
vn -0.6080 -0.6734 0.4207
vn -0.4195 0.5664 0.7093
vn -0.7941 0.2001 0.5739
vn -0.8282 0.1526 0.5392
vn 0.4518 0.6781 0.5797
vn 0.2599 0.5526 0.7919
vn -0.5232 0.7067 0.4762
vn -0.8507 0.5083 0.1336
vn -0.7896 0.5665 0.2357
vn -0.8349 0.5047 0.2196
vn -0.8509 0.5002 0.1607
vn -0.2162 -0.1046 0.9707
vn -0.1776 -0.1078 0.9782
vn 0.5338 0.7875 0.3080
vn 0.5325 0.7879 0.3092
vn 0.5534 0.7515 0.3592
vn -0.3399 -0.9316 -0.1290
vn -0.8036 -0.5309 -0.2689
vn -0.3325 -0.9352 -0.1217
vn 0.4349 -0.1065 -0.8942
vn 0.4263 -0.1044 -0.8985
vn 0.7985 -0.5984 -0.0658
vn 0.8060 -0.5901 0.0466
vn -0.8059 -0.5423 -0.2375
vn -0.8252 -0.5104 -0.2420
vn 0.7617 -0.6131 0.2096
vn 0.6937 -0.7101 -0.1210
vn 0.7541 -0.6079 -0.2486
vn -0.0381 0.9977 -0.0555
vn 0.9519 -0.2596 -0.1627
vn 0.8606 -0.4887 -0.1432
vn 0.3264 0.7341 -0.5955
vn -0.3657 0.9258 0.0961
vn 0.5195 -0.7826 0.3429
vn 0.5357 0.6722 0.5111
vn 0.4876 0.6903 0.5345
vn -0.0882 0.9200 0.3820
vn 0.5548 0.8005 0.2266
vn 0.6246 0.0163 0.7807
vn 0.8023 0.2484 0.5428
vn 0.4848 0.6855 0.5432
vn -0.7038 0.6408 -0.3067
vn 0.9339 0.1277 0.3339
vn 0.8613 -0.0784 0.5020
vn 0.7360 -0.6515 0.1840
vn -0.0000 0.6185 0.7858
vn 0.7361 -0.6581 0.1582
vn 0.7391 0.1457 0.6576
vn 0.9200 0.3103 0.2393
vn 0.7423 0.3242 0.5863
vn 0.9329 -0.1751 -0.3146
vn 0.8386 -0.3756 -0.3947
vn -0.0000 0.1366 -0.9906
vn 0.4668 -0.3247 0.8226
vn 0.8709 -0.0216 0.4910
vn 0.8206 -0.5589 0.1197
vn -0.0000 0.3267 0.9451
vn 0.1444 0.9608 0.2365
vn 0.2582 0.9476 0.1879
vn 0.9790 -0.1662 0.1178
vn 0.9822 -0.1600 0.0986
vn 0.4270 -0.4019 0.8101
vn 0.4933 -0.2283 0.8394
vn 0.4269 0.3372 0.8390
vn 0.3257 0.4129 0.8506
vn 0.9440 -0.1002 -0.3143
vn 0.9656 0.2595 -0.0165
vn 0.5048 0.4293 0.7489
vn 0.4376 0.3159 0.8418
vn -0.0000 -0.8220 0.5694
vn 0.4243 -0.5183 0.7425
vn -0.0000 -0.5499 -0.8352
vn 0.8650 -0.0664 -0.4973
vn 0.8853 -0.0277 -0.4643
vn -0.5257 -0.8265 0.2012
vn 0.5133 -0.6607 0.5477
vn -0.0000 -0.9819 0.1895
vn -0.8875 -0.1834 0.4228
vn -0.9612 0.1121 0.2520
vn 0.7821 0.6072 0.1399
vn 0.7824 0.6070 0.1396
vn 0.3186 0.1462 0.9366
vn 0.9753 0.1196 0.1855
vn 0.9970 0.0084 0.0765
vn 0.2957 0.8432 -0.4489
vn 0.9882 -0.0757 0.1328
vn 0.9338 0.1006 0.3433
vn -0.0000 -0.0616 -0.9981
vn -0.0000 -0.0615 -0.9981
vn 0.7038 0.6408 -0.3067
vn -0.5106 -0.1082 0.8530
vn -0.5333 0.0957 0.8405
vn -0.8857 -0.0615 -0.4601
vn -0.8688 -0.0296 -0.4942
vn -0.0000 -0.1590 0.9873
vn -0.7820 0.6075 0.1395
vn -0.7824 0.6069 0.1399
vn -0.6246 0.0163 0.7807
vn -0.5547 0.3578 0.7512
vn -0.8232 0.3914 0.4113
vn -0.2957 0.8432 -0.4490
vn -0.9339 0.1277 0.3339
vn -0.8613 -0.0784 0.5020
vn -0.7360 -0.6515 0.1840
vn -0.9900 0.1333 0.0454
vn -0.9818 0.0231 0.1885
vn -0.5177 -0.2878 0.8057
vn -0.9971 -0.0047 0.0754
vn -0.9253 0.1704 0.3388
vn -0.7314 0.4790 0.4853
vn -0.8688 -0.2511 -0.4267
vn -0.8862 -0.3458 -0.3084
vn -0.4243 -0.5183 0.7425
vn -0.4668 -0.3247 0.8226
vn -0.9543 -0.1001 0.2816
vn -0.8012 -0.2826 0.5275
vn -0.3186 0.1462 0.9365
vn -0.1209 0.9746 0.1887
vn -0.2513 0.9399 0.2313
vn -0.9812 -0.1549 0.1152
vn -0.9795 -0.1744 0.1006
vn -0.3583 -0.2450 0.9009
vn -0.5111 -0.2968 0.8067
vn -0.3263 0.3525 0.8771
vn -0.4182 0.3945 0.8182
vn -0.9974 -0.0387 -0.0615
vn -0.9158 0.2832 -0.2847
vn -0.5584 0.2919 0.7765
vn -0.4246 0.4529 0.7840
vn 0.5106 -0.1082 0.8530
vn 0.5333 0.0957 0.8405
vn -0.0000 0.8015 -0.5980
vn 0.3449 -0.4547 0.8212
vn -0.3449 -0.4546 0.8212
vn -0.9427 -0.0511 0.3298
vn 0.4111 0.0017 -0.9116
vn 0.3951 -0.6779 -0.6200
vn 0.3535 -0.7271 -0.5885
vn -0.7263 -0.0271 0.6868
vn -0.7578 -0.0572 0.6500
vn -0.8969 0.0673 -0.4372
vn 0.9880 -0.0535 0.1449
vn -0.3535 -0.7271 -0.5885
vn -0.3951 -0.6779 -0.6200
vn -0.4111 0.0018 -0.9116
vn 0.8966 0.3759 0.2342
vn -0.8966 0.3759 0.2342
vn 0.3887 -0.2131 -0.8964
vn 0.3785 -0.2020 -0.9033
vn 0.9427 -0.0511 0.3298
vn -0.5635 -0.6910 -0.4527
vn 0.3782 0.3337 -0.8635
vn 0.3931 0.3560 -0.8478
vn -0.3908 -0.1962 -0.8993
vn -0.3794 -0.2140 -0.9001
vn 0.5635 -0.6910 -0.4527
vn 0.7327 0.4131 -0.5409
vn 0.6972 0.6040 -0.3861
vn 0.5715 0.4227 0.7034
vn 0.4535 0.5975 0.6613
vn -0.8929 -0.4429 0.0811
vn -0.7571 0.6500 0.0655
vn -0.8389 0.5067 0.1987
vn -0.6386 0.5555 -0.5325
vn -0.8790 0.4115 -0.2411
vn 0.4055 0.9069 0.1141
vn 0.3546 0.9310 0.0869
vn 0.7578 -0.0572 0.6500
vn 0.7263 -0.0270 0.6868
vn 0.8650 0.5001 0.0406
vn 0.7504 0.6431 0.1527
vn -0.3544 0.9275 0.1187
vn -0.3989 0.9131 0.0852
vn -0.4100 0.3492 0.8426
vn -0.5464 0.5615 0.6214
vn -0.9880 -0.0535 0.1449
vn 0.8969 0.0673 -0.4372
vn 0.8929 -0.4429 0.0811
vn -0.9387 -0.2117 0.2722
vn 0.9661 0.2026 0.1601
vn 0.2792 0.7930 -0.5414
vn 0.3200 0.8006 -0.5066
vn -0.8716 -0.4153 -0.2606
vn -0.3262 0.7820 -0.5311
vn -0.2866 0.8096 -0.5123
vn -0.9661 0.2026 0.1601
vn -0.3950 0.3387 -0.8540
vn -0.3784 0.3583 -0.8535
vn 0.8716 -0.4153 -0.2606
vn 0.9387 -0.2117 0.2722
vn 0.8513 0.1099 -0.5130
vn -0.8513 0.1098 -0.5130
vn -0.9219 0.2598 0.2873
vn -0.9454 0.1021 0.3094
vn 0.1182 -0.2236 0.9675
vn 0.2157 -0.1440 0.9658
vn 0.0983 -0.4860 -0.8684
vn 0.0367 -0.4916 -0.8700
vn 0.8982 0.4301 0.0902
vn 0.8571 0.5065 -0.0935
vn -0.1137 0.2127 -0.9705
vn -0.2325 0.1830 -0.9552
vn -0.9332 -0.2865 0.2169
vn -0.9375 -0.2538 0.2381
vn -0.9605 0.0965 0.2611
vn -0.9953 -0.0785 0.0559
vn 0.9292 0.2626 0.2601
vn 0.9377 0.1096 0.3297
vn 0.9312 -0.2876 0.2238
vn 0.9398 -0.2508 0.2319
vn 0.1688 -0.9145 0.3677
vn 0.1629 -0.9158 0.3670
vn 0.9281 0.3684 -0.0539
vn 0.9287 0.3466 -0.1319
vn 0.6201 0.5161 0.5909
vn -0.0000 0.6436 0.7653
vn -0.0033 0.6444 0.7647
vn 0.0978 -0.8765 -0.4714
vn -0.0020 -0.8693 -0.4943
vn 0.1620 -0.8813 -0.4439
vn 0.9713 0.1710 0.1651
vn 0.9311 0.3619 0.0447
vn -0.1502 0.7104 -0.6876
vn -0.3055 0.6811 -0.6654
vn 0.9934 0.0829 -0.0791
vn 0.9940 0.0766 -0.0782
vn -0.8467 0.5319 -0.0143
vn 0.8615 -0.3683 0.3495
vn -0.0000 -0.9606 0.2780
vn -0.0026 -0.9612 0.2758
vn -0.9753 0.0105 0.2205
vn 0.0681 0.9522 0.2979
vn -0.8612 -0.3686 0.3500
vn -0.8701 -0.4924 0.0185
vn -0.8432 -0.4898 0.2215
vn 0.6415 -0.1051 0.7599
vn 0.6152 -0.0748 0.7848
vn 0.1524 -0.7350 0.6607
vn 0.2978 -0.6619 0.6879
vn -0.0804 0.7778 0.6233
vn -0.0037 0.7950 0.6065
vn -0.6161 -0.0762 0.7840
vn -0.6411 -0.1052 0.7602
vn -0.1688 0.9151 -0.3662
vn -0.1630 0.9153 -0.3684
vn -0.9719 -0.1979 0.1271
vn -0.9735 -0.1928 0.1234
vn -0.9506 -0.2851 -0.1225
vn -0.9054 -0.4191 0.0683
vn -0.0946 0.4795 0.8724
vn -0.0401 0.5125 0.8577
vn -0.9361 -0.3084 0.1694
vn -0.9401 -0.2620 0.2183
vn 0.9855 0.1670 0.0313
vn 0.9874 0.1568 0.0191
vn 0.8827 0.1392 -0.4489
vn 0.8059 0.0852 -0.5859
vn -0.0666 0.9519 0.2990
vn 0.9753 0.0105 0.2205
vn -0.1604 -0.8819 -0.4433
vn -0.8111 0.1580 -0.5631
vn -0.8778 0.0697 -0.4738
vn 0.8467 0.5319 -0.0143
vn -0.6201 0.5161 0.5909
vn 0.9722 -0.2326 0.0270
vn -0.9722 -0.2327 0.0270
vn 0.6190 -0.7337 0.2803
vn -0.6190 -0.7337 0.2803
vn 0.7221 0.3487 0.5975
vn 0.5977 0.5640 0.5698
vn 0.4556 0.6214 0.6374
vn 0.5895 0.4513 0.6699
vn 0.9526 0.1224 0.2785
vn 0.9233 0.2329 0.3053
vn 0.7511 0.0986 0.6527
vn 0.7333 0.1521 0.6626
vn 0.5100 0.1963 0.8375
vn 0.5064 0.2033 0.8380
vn 0.9522 0.1343 0.2745
vn 0.9408 0.0612 0.3334
vn 0.7393 -0.2127 0.6389
vn 0.7294 -0.1263 0.6724
vn 0.5117 -0.0986 0.8535
vn 0.5010 -0.0426 0.8644
vn 0.9036 -0.2862 0.3188
vn 0.9106 -0.2329 0.3414
vn 0.7878 -0.3145 0.5296
vn 0.7463 -0.0380 0.6645
vn 0.4770 0.0222 0.8786
vn 0.5050 -0.1224 0.8544
vn 0.8593 -0.4684 0.2055
vn 0.8894 -0.3291 0.3173
vn 0.1514 0.4827 0.8626
vn 0.2573 0.5507 0.7940
vn 0.1631 0.2616 0.9513
vn 0.1532 0.2543 0.9549
vn 0.1224 -0.0364 0.9918
vn 0.1547 0.0022 0.9880
vn 0.3036 -0.1355 0.9431
vn 0.1392 0.0689 0.9879
vn 0.0879 0.0395 0.9953
vn -0.7293 0.2866 0.6213
vn -0.5575 0.5826 0.5914
vn -0.4556 0.6214 0.6374
vn -0.5895 0.4513 0.6699
vn -0.9478 0.1454 0.2838
vn -0.9360 0.1918 0.2952
vn -0.7373 0.1411 0.6607
vn -0.7334 0.1522 0.6625
vn -0.5100 0.1962 0.8375
vn -0.5064 0.2033 0.8380
vn -0.9358 0.2552 0.2434
vn -0.9053 0.0970 0.4135
vn -0.7314 -0.2730 0.6249
vn -0.7157 -0.1245 0.6872
vn -0.5117 -0.0986 0.8535
vn -0.5010 -0.0426 0.8644
vn -0.8564 -0.3936 0.3340
vn -0.8703 -0.2685 0.4128
vn -0.7878 -0.3114 0.5314
vn -0.7464 -0.0379 0.6644
vn -0.4770 0.0222 0.8786
vn -0.5050 -0.1223 0.8544
vn -0.8424 -0.5028 0.1936
vn -0.8830 -0.3252 0.3385
vn -0.1514 0.4827 0.8626
vn -0.2573 0.5507 0.7940
vn -0.1631 0.2616 0.9513
vn -0.1532 0.2543 0.9549
vn -0.1224 -0.0364 0.9918
vn -0.1547 0.0022 0.9880
vn -0.0879 0.0395 0.9953
vn -0.1392 0.0690 0.9879
vn -0.3036 -0.1355 0.9431
vt 0.951558 -0.860692
vt 0.920408 -0.851230
vt 0.951121 -0.901565
vt 0.923654 -0.888506
vt 0.869956 -0.934401
vt 0.854981 -0.974752
vt 0.907566 -0.971380
vt 0.880114 -0.993135
vt 0.822409 -0.976555
vt 0.825838 -0.963526
vt 0.794722 -0.953504
vt 0.810600 -0.943619
vt 0.849124 -0.929892
vt 0.845403 -0.959661
vt 0.786816 -0.889394
vt 0.761809 -0.928948
vt 0.847386 -0.880982
vt 0.893328 -0.905821
vt 0.928112 -0.936536
vt 0.975201 -0.839010
vt 0.926441 -0.832950
vt 0.876975 -0.844686
vt 0.775771 -0.861528
vt 0.717255 -0.888732
vt 0.710169 -0.858962
vt 0.817210 -0.855791
vt 0.981772 -0.659414
vt 0.925215 -0.645443
vt 0.873187 -0.654387
vt 0.754968 -0.669900
vt 0.701604 -0.676893
vt 0.803536 -0.659493
vt 0.994919 -0.596462
vt 0.926782 -0.588376
vt 0.870915 -0.590564
vt 0.739125 -0.606583
vt 0.695366 -0.611977
vt 0.794605 -0.590139
vt 0.994063 -0.491748
vt 0.940294 -0.430313
vt 0.852100 -0.452304
vt 0.706936 -0.478627
vt 0.610155 -0.542709
vt 0.785354 -0.458018
vt 0.994919 -0.422717
vt 0.988509 -0.363739
vt 0.923439 -0.365820
vt 0.851999 -0.361618
vt 0.769469 -0.363509
vt 0.696393 -0.369121
vt 0.536727 -0.978820
vt 0.544363 -0.887801
vt 0.472769 -0.967865
vt 0.483297 -0.881716
vt 0.401117 -0.957331
vt 0.398566 -0.868046
vt 0.251702 -0.951206
vt 0.234876 -0.853837
vt 0.217686 -0.978196
vt 0.214200 -0.860879
vt 0.552380 -0.809713
vt 0.475479 -0.784574
vt 0.408729 -0.821920
vt 0.264401 -0.819341
vt 0.212267 -0.786926
vt 0.560962 -0.730180
vt 0.491966 -0.718580
vt 0.071524 -0.254315
vt 0.199694 -0.302145
vt 0.049584 -0.349769
vt 0.196785 -0.349793
vt 0.270317 -0.718874
vt 0.216625 -0.711907
vt 0.301685 -0.606328
vt 0.313255 -0.549061
vt 0.225622 -0.585607
vt 0.232129 -0.522223
vt 0.569628 -0.666061
vt 0.535891 -0.659142
vt 0.287368 -0.657239
vt 0.222942 -0.649097
vt 0.487703 -0.646988
vt 0.511895 -0.639887
vt 0.423972 -0.562550
vt 0.416786 -0.580528
vt 0.438407 -0.559377
vt 0.433497 -0.571578
vt 0.807311 -0.360854
vt 0.301885 -0.949530
vt 0.350673 -0.936524
vt 0.292901 -0.859791
vt 0.330807 -0.859742
vt 0.342268 -0.841135
vt 0.332805 -0.801872
vt 0.350982 -0.702161
vt 0.373707 -0.704715
vt 0.352367 -0.661661
vt 0.377970 -0.657325
vt 0.347023 -0.554575
vt 0.333601 -0.646186
vt 0.713684 -0.931929
vt 0.344371 -0.712764
vt 0.118437 -0.163670
vt 0.117559 -0.201742
vt 0.051289 -0.204251
vt 0.038796 -0.496919
vt 0.062505 -0.484583
vt 0.081805 -0.556314
vt 0.107647 -0.530594
vt 0.012365 -0.427458
vt 0.045713 -0.418803
vt 0.006810 -0.359228
vt 0.011724 -0.318140
vt 0.205676 -0.270685
vt 0.200318 -0.445278
vt 0.211777 -0.489346
vt 0.199113 -0.403871
vt 0.232232 -0.277319
vt 0.229158 -0.307954
vt 0.231066 -0.444468
vt 0.239553 -0.479542
vt 0.227626 -0.349532
vt 0.231984 -0.401367
vt 0.353825 -0.599575
vt 0.376018 -0.596688
vt 0.350982 -0.575044
vt 0.372718 -0.574419
vt 0.356358 -0.280468
vt 0.353752 -0.319229
vt 0.357391 -0.445238
vt 0.358612 -0.479688
vt 0.350825 -0.358279
vt 0.354482 -0.402174
vt 0.354132 -0.633211
vt 0.376910 -0.635305
vt 0.375579 -0.302214
vt 0.382694 -0.263382
vt 0.390922 -0.330965
vt 0.413622 -0.293543
vt 0.431408 -0.593926
vt 0.419996 -0.643746
vt 0.452308 -0.601225
vt 0.443171 -0.647108
vt 0.484781 -0.608737
vt 0.469828 -0.653685
vt 0.438696 -0.582148
vt 0.458969 -0.590244
vt 0.441220 -0.656482
vt 0.419348 -0.656310
vt 0.452046 -0.707448
vt 0.483633 -0.698573
vt 0.429976 -0.712103
vt 0.099758 -0.856849
vt 0.085787 -0.820790
vt 0.079454 -0.854234
vt 0.400702 -0.692421
vt 0.394824 -0.572425
vt 0.417768 -0.717098
vt 0.390036 -0.722713
vt 0.412278 -0.556098
vt 0.427057 -0.727281
vt 0.412162 -0.735569
vt 0.191587 -0.856003
vt 0.182681 -0.947388
vt 0.099123 -0.951663
vt 0.424291 -0.542932
vt 0.429675 -0.549134
vt 0.437433 -0.741191
vt 0.429291 -0.745638
vt 0.434900 -0.543311
vt 0.086101 -0.970092
vt 0.307344 -0.838575
vt 0.570371 -0.649711
vt 0.082160 -0.586166
vt 0.064394 -0.606082
vt 0.086447 -0.676463
vt 0.068062 -0.661396
vt 0.316041 -0.980287
vt 0.363425 -0.950322
vt 0.009126 -0.592263
vt 0.028706 -0.609054
vt 0.031500 -0.665383
vt 0.014280 -0.685062
vt 0.604986 -0.895493
vt 0.600957 -0.981075
vt 0.686792 -0.903003
vt 0.675565 -0.983736
vt 0.634543 -0.804538
vt 0.689858 -0.857585
vt 0.165241 -0.824956
vt 0.632234 -0.737097
vt 0.161274 -0.717789
vt 0.143013 -0.541183
vt 0.146918 -0.600307
vt 0.604509 -0.668235
vt 0.153532 -0.653533
vt 0.633913 -0.655284
vt 0.655791 -0.668585
vt 0.021418 -0.878133
vt 0.004810 -0.817576
vt 0.109360 -0.638780
vt 0.108042 -0.543220
vt 0.090060 -0.705680
vt 0.025772 -0.983736
vt 0.783189 -0.186697
vt 0.799503 -0.204550
vt 0.826278 -0.179113
vt 0.809263 -0.079643
vt 0.799438 -0.131784
vt 0.854835 -0.109658
vt 0.823643 -0.135823
vt 0.660154 -0.056323
vt 0.589348 -0.084782
vt 0.634685 -0.112788
vt 0.870790 -0.166753
vt 0.830142 -0.152820
vt 0.781709 -0.233387
vt 0.846991 -0.227851
vt 0.799410 -0.271241
vt 0.767183 -0.174663
vt 0.771778 -0.175317
vt 0.770307 -0.142400
vt 0.886221 -0.241384
vt 0.855156 -0.310183
vt 0.790523 -0.149151
vt 0.962124 -0.232370
vt 0.991663 -0.171321
vt 0.915510 -0.175091
vt 0.430387 -0.248894
vt 0.565709 -0.292683
vt 0.460831 -0.193367
vt 0.566909 -0.224693
vt 0.755229 -0.187374
vt 0.768784 -0.201339
vt 0.768785 -0.067964
vt 0.866064 -0.007697
vt 0.878240 -0.047253
vt 0.766168 -0.287355
vt 0.767515 -0.337827
vt 0.770661 -0.130121
vt 0.960082 -0.298793
vt 0.559796 -0.163566
vt 0.478035 -0.124893
vt 0.910911 -0.103322
vt 0.966200 -0.061558
vt 0.731388 -0.272554
vt 0.753979 -0.231965
vt 0.710396 -0.156396
vt 0.717167 -0.138920
vt 0.669506 -0.171230
vt 0.687704 -0.114863
vt 0.544016 -0.024627
vt 0.737369 -0.206423
vt 0.625102 -0.178452
vt 0.729925 -0.081743
vt 0.712382 -0.182159
vt 0.741388 -0.133049
vt 0.662518 -0.015694
vt 0.687800 -0.230283
vt 0.676126 -0.311328
vt 0.646951 -0.241884
vt 0.749864 -0.150100
vt 0.514831 -0.517630
vt 0.482564 -0.460887
vt 0.534696 -0.463220
vt 0.605087 -0.517145
vt 0.652808 -0.505761
vt 0.564269 -0.507407
vt 0.657705 -0.425091
vt 0.572403 -0.436326
vt 0.481058 -0.541847
vt 0.436814 -0.455714
vt 0.517321 -0.418437
vt 0.516991 -0.578170
vt 0.558434 -0.547687
vt 0.623240 -0.349798
vt 0.575434 -0.386158
vt 0.554371 -0.328683
vt 0.561916 -0.301981
vt 0.482893 -0.347498
vt 0.416404 -0.404297
vt 0.364609 -0.457542
vt 0.375109 -0.379717
vt 0.464941 -0.305901
vt 0.362619 -0.214077
vt 0.363635 -0.136766
vt 0.375911 -0.208547
vt 0.377003 -0.137458
vt 0.198650 -0.037674
vt 0.198650 -0.058785
vt 0.291116 -0.037674
vt 0.291116 -0.058785
vt 0.291116 -0.080128
vt 0.291116 -0.105465
vt 0.373276 -0.080128
vt 0.373276 -0.105465
vt 0.198650 -0.080128
vt 0.198650 -0.105465
vt 0.384630 -0.210129
vt 0.387664 -0.138470
vt 0.398678 -0.213041
vt 0.401101 -0.137712
vt 0.448060 -0.015543
vt 0.373276 -0.015543
vt 0.448060 -0.037674
vt 0.373276 -0.037674
vt 0.015226 -0.037674
vt 0.015226 -0.058785
vt 0.101017 -0.037674
vt 0.101017 -0.058785
vt 0.373276 -0.058785
vt 0.326748 -0.255753
vt 0.275343 -0.147929
vt 0.273755 -0.205347
vt 0.358663 -0.241632
vt 0.308747 -0.133307
vt 0.448060 -0.080128
vt 0.448060 -0.105465
vt 0.239221 -0.205098
vt 0.243309 -0.195311
vt 0.238143 -0.145325
vt 0.101017 -0.080128
vt 0.101017 -0.105465
vt 0.015226 -0.080128
vt 0.260752 -0.224532
vt 0.184500 -0.237797
vt 0.129807 -0.204165
vt 0.183450 -0.111692
vt 0.269592 -0.195260
vt 0.198650 -0.015543
vt 0.291116 -0.015543
vt 0.448060 -0.058785
vt 0.015226 -0.105465
vt 0.015226 -0.015543
vt 0.101017 -0.015543
vt 0.209854 -0.155352
vt 0.209091 -0.142664
vt 0.200646 -0.151433
vt 0.200204 -0.135217
vt 0.186051 -0.148964
vt 0.186405 -0.132811
vt 0.214470 -0.159653
vt 0.214183 -0.145986
vt 0.210047 -0.169714
vt 0.200549 -0.167621
vt 0.185473 -0.166229
vt 0.214631 -0.169099
vt 0.208926 -0.181546
vt 0.199186 -0.183527
vt 0.184703 -0.178573
vt 0.212776 -0.179949
vt 0.207851 -0.192049
vt 0.196742 -0.195609
vt 0.184718 -0.190431
vt 0.211506 -0.187267
vt 0.176705 -0.148208
vt 0.176705 -0.132054
vt 0.176705 -0.165472
vt 0.176705 -0.176054
vt 0.179824 -0.184595
vt 0.176705 -0.183138
vt 0.209749 -0.155352
vt 0.200540 -0.151433
vt 0.208985 -0.141949
vt 0.200099 -0.135217
vt 0.185946 -0.148964
vt 0.186300 -0.132811
vt 0.214365 -0.159653
vt 0.214077 -0.145986
vt 0.209942 -0.169674
vt 0.200443 -0.167621
vt 0.185368 -0.166229
vt 0.214526 -0.168944
vt 0.208821 -0.181546
vt 0.199081 -0.183528
vt 0.184597 -0.178573
vt 0.212670 -0.179949
vt 0.207745 -0.192049
vt 0.196637 -0.195609
vt 0.184612 -0.190431
vt 0.211400 -0.187267
vt 0.176599 -0.148208
vt 0.176599 -0.132054
vt 0.176599 -0.165472
vt 0.176599 -0.176054
vt 0.176599 -0.183138
vt 0.179718 -0.184595
s 1
usemtl default.068
f 5415/2205/2881 5416/2206/2881 5414/2207/2881
f 5418/2208/2882 5419/2207/2882 5417/2206/2882
f 5421/2209/2883 5422/2210/2883 5420/2211/2883
f 5424/2212/2884 5425/2211/2884 5423/2210/2884
f 5427/2213/2885 5428/2214/2885 5426/2215/2885
f 5430/2216/2886 5431/2215/2886 5429/2214/2886
f 5433/2217/2887 5434/2218/2887 5432/2209/2887
f 5436/2210/2888 5437/2209/2888 5435/2218/2888
f 5439/2214/2889 5440/2218/2889 5438/2216/2889
f 5442/2217/2890 5443/2216/2890 5441/2218/2890
f 5445/2210/2891 5446/2218/2891 5444/2213/2891
f 5448/2214/2892 5449/2213/2892 5447/2218/2892
f 5451/2216/2893 5452/2219/2893 5450/2215/2893
f 5454/2220/2894 5455/2215/2894 5453/2219/2894
f 5457/2217/2895 5458/2221/2895 5456/2216/2895
f 5460/2219/2896 5461/2216/2896 5459/2221/2896
f 5463/2209/2897 5464/2222/2897 5462/2217/2897
f 5466/2221/2898 5467/2217/2898 5465/2222/2898
f 5469/2211/2899 5470/2223/2899 5468/2209/2899
f 5472/2222/2899 5473/2209/2899 5471/2223/2899
f 5475/2205/2900 5476/2224/2900 5474/2206/2900
f 5478/2225/2901 5479/2206/2901 5477/2224/2901
f 5481/2206/2902 5482/2225/2902 5480/2221/2902
f 5484/2226/2903 5485/2221/2903 5483/2225/2903
f 5487/2219/2904 5488/2227/2904 5486/2228/2904
f 5490/2229/2905 5491/2228/2905 5489/2227/2905
f 5493/2221/2906 5494/2230/2906 5492/2219/2906
f 5496/2227/2907 5497/2219/2907 5495/2230/2907
f 5499/2224/2908 5500/2231/2908 5498/2225/2908
f 5502/2232/2909 5503/2225/2909 5501/2231/2909
f 5505/2225/2910 5506/2232/2910 5504/2226/2910
f 5508/2233/2911 5509/2226/2911 5507/2232/2911
f 5511/2227/2912 5512/2234/2912 5510/2229/2912
f 5514/2235/2913 5515/2229/2913 5513/2234/2913
f 5517/2230/2914 5518/2236/2914 5516/2227/2914
f 5520/2234/2915 5521/2227/2915 5519/2236/2915
f 5523/2231/2916 5524/2237/2916 5522/2232/2916
f 5526/2238/2917 5527/2232/2917 5525/2237/2917
f 5529/2232/2918 5530/2238/2918 5528/2233/2918
f 5532/2239/2919 5533/2233/2919 5531/2238/2919
f 5535/2234/2920 5536/2240/2920 5534/2235/2920
f 5538/2241/2921 5539/2235/2921 5537/2240/2921
f 5541/2236/2922 5542/2242/2922 5540/2234/2922
f 5544/2240/2923 5545/2234/2923 5543/2242/2923
f 5547/2237/2924 5548/2243/2924 5546/2238/2924
f 5550/2244/2925 5551/2238/2925 5549/2243/2925
f 5553/2238/2926 5554/2244/2926 5552/2239/2926
f 5556/2245/2927 5557/2239/2927 5555/2244/2927
f 5559/2240/2928 5560/2246/2928 5558/2241/2928
f 5562/2247/2929 5563/2241/2929 5561/2246/2929
f 5565/2242/2930 5566/2248/2930 5564/2240/2930
f 5568/2246/2931 5569/2240/2931 5567/2248/2931
f 5571/2249/2932 5572/2250/2932 5570/2244/2932
f 5574/2251/2933 5575/2244/2933 5573/2250/2933
f 5577/2244/2934 5578/2251/2934 5576/2245/2934
f 5580/2252/2935 5581/2245/2935 5579/2251/2935
f 5583/2248/2936 5584/2253/2936 5582/2246/2936
f 5586/2254/2937 5587/2246/2937 5585/2253/2937
f 5589/2255/2938 5590/2256/2938 5588/2257/2938
f 5592/2258/2939 5593/2257/2939 5591/2256/2939
f 5595/2257/2940 5596/2258/2940 5594/2259/2940
f 5598/2260/2941 5599/2259/2941 5597/2258/2941
f 5601/2261/2942 5602/2262/2942 5600/2263/2942
f 5604/2264/2943 5605/2263/2943 5603/2262/2943
f 5607/2256/2944 5608/2265/2944 5606/2258/2944
f 5610/2266/2945 5611/2258/2945 5609/2265/2945
f 5613/2258/2946 5614/2266/2946 5612/2260/2946
f 5616/2267/2947 5617/2260/2947 5615/2266/2947
f 5619/2262/2948 5620/2268/2948 5618/2264/2948
f 5622/2269/2949 5623/2264/2949 5621/2268/2949
f 5625/2265/2950 5626/2270/2950 5624/2266/2950
f 5628/2271/2951 5629/2266/2951 5627/2270/2951
f 5631/2272/2952 5632/2273/2952 5630/2274/2952
f 5634/2275/2953 5635/2274/2953 5633/2273/2953
f 5637/2268/2954 5638/2276/2954 5636/2269/2954
f 5640/2277/2955 5641/2269/2955 5639/2276/2955
f 5643/2278/2956 5644/2279/2956 5642/2280/2956
f 5646/2281/2957 5647/2280/2957 5645/2279/2957
f 5649/2270/2958 5650/2282/2958 5648/2271/2958
f 5652/2283/2959 5653/2271/2959 5651/2282/2959
f 5655/2284/2960 5656/2278/2960 5654/2285/2960
f 5658/2280/2961 5659/2285/2961 5657/2278/2961
f 5661/2271/2962 5662/2283/2962 5660/2286/2962
f 5664/2287/2963 5665/2286/2963 5663/2283/2963
f 5667/2288/2964 5668/2289/2964 5666/2290/2964
f 5670/2291/2965 5671/2290/2965 5669/2289/2965
f 5673/2221/2966 5674/2226/2966 5672/2230/2966
f 5676/2230/2967 5677/2226/2967 5675/2236/2967
f 5679/2233/2968 5680/2236/2968 5678/2226/2968
f 5682/2236/2969 5683/2233/2969 5681/2242/2969
f 5685/2239/2970 5686/2242/2970 5684/2233/2970
f 5688/2242/2971 5689/2239/2971 5687/2248/2971
f 5691/2245/2972 5692/2248/2972 5690/2239/2972
f 5694/2248/2973 5695/2292/2973 5693/2253/2973
f 5697/2293/2974 5698/2294/2974 5696/2295/2974
f 5700/2296/2975 5701/2295/2975 5699/2294/2975
f 5703/2297/2976 5704/2260/2976 5702/2298/2976
f 5706/2267/2977 5707/2298/2977 5705/2260/2977
f 5709/2299/2978 5710/2300/2978 5708/2301/2978
f 5712/2302/2979 5713/2301/2979 5711/2300/2979
f 5715/2279/2980 5716/2278/2980 5714/2303/2980
f 5718/2304/2981 5719/2303/2981 5717/2278/2981
f 5721/2206/2982 5722/2221/2982 5720/2208/2982
f 5724/2222/2983 5725/2208/2983 5723/2221/2983
f 5727/2208/2899 5728/2222/2899 5726/2207/2899
f 5730/2223/2899 5731/2207/2899 5729/2222/2899
f 5733/2305/2984 5734/2220/2984 5732/2228/2984
f 5736/2219/2985 5737/2228/2985 5735/2220/2985
f 5739/2267/2986 5740/2306/2986 5738/2298/2986
f 5742/2284/2987 5743/2276/2987 5741/2304/2987
f 5745/2306/2988 5746/2304/2988 5744/2276/2988
f 5748/2307/2989 5749/2308/2989 5747/2309/2989
f 5751/2272/2990 5752/2309/2990 5750/2308/2990
f 5754/2310/2991 5755/2311/2991 5753/2312/2991
f 5757/2313/2992 5758/2312/2992 5756/2311/2992
f 5760/2314/2993 5761/2315/2993 5759/2310/2993
f 5763/2311/2994 5764/2310/2994 5762/2315/2994
f 5766/2316/2995 5767/2274/2995 5765/2314/2995
f 5769/2315/2996 5770/2314/2996 5768/2274/2996
f 5772/2317/2997 5773/2274/2997 5771/2316/2997
f 5775/2309/2998 5776/2272/2998 5774/2317/2998
f 5778/2274/2999 5779/2317/2999 5777/2272/2999
f 5781/2308/3000 5782/2318/3000 5780/2272/3000
f 5784/2273/3001 5785/2272/3001 5783/2318/3001
f 5787/2311/3002 5788/2319/3002 5786/2313/3002
f 5790/2320/3003 5791/2313/3003 5789/2319/3003
f 5793/2315/3004 5794/2321/3004 5792/2311/3004
f 5796/2319/3005 5797/2311/3005 5795/2321/3005
f 5799/2274/3006 5800/2275/3006 5798/2315/3006
f 5802/2321/3007 5803/2315/3007 5801/2275/3007
f 5805/2318/3008 5806/2322/3008 5804/2273/3008
f 5808/2323/3009 5809/2273/3009 5807/2322/3009
f 5811/2319/3010 5812/2324/3010 5810/2320/3010
f 5814/2325/3011 5815/2320/3011 5813/2324/3011
f 5817/2273/3012 5818/2323/3012 5816/2275/3012
f 5820/2326/3013 5821/2275/3013 5819/2323/3013
f 5823/2321/3014 5824/2327/3014 5822/2319/3014
f 5826/2324/3015 5827/2319/3015 5825/2327/3015
f 5829/2328/3016 5830/2329/3016 5828/2330/3016
f 5832/2331/3017 5833/2330/3017 5831/2329/3017
f 5835/2275/3018 5836/2326/3018 5834/2321/3018
f 5838/2327/3019 5839/2321/3019 5837/2326/3019
f 5841/2322/3020 5842/2332/3020 5840/2323/3020
f 5844/2333/3021 5845/2323/3021 5843/2332/3021
f 5847/2324/3022 5848/2334/3022 5846/2325/3022
f 5850/2335/3023 5851/2325/3023 5849/2334/3023
f 5853/2323/3024 5854/2333/3024 5852/2326/3024
f 5856/2336/3025 5857/2326/3025 5855/2333/3025
f 5859/2327/3026 5860/2337/3026 5858/2324/3026
f 5862/2334/3027 5863/2324/3027 5861/2337/3027
f 5865/2301/3028 5866/2302/3028 5864/2338/3028
f 5868/2339/3029 5869/2338/3029 5867/2302/3029
f 5871/2326/3030 5872/2336/3030 5870/2327/3030
f 5874/2337/3031 5875/2327/3031 5873/2336/3031
f 5877/2332/3032 5878/2340/3032 5876/2333/3032
f 5880/2341/3033 5881/2340/3033 5879/2332/3033
f 5883/2333/3034 5884/2340/3034 5882/2342/3034
f 5886/2343/3035 5887/2340/3035 5885/2341/3035
f 5889/2338/3036 5890/2339/3036 5888/2328/3036
f 5892/2329/3037 5893/2328/3037 5891/2339/3037
f 5895/2342/3038 5896/2340/3038 5894/2343/3038
f 5898/2249/3039 5899/2244/3039 5897/2243/3039
f 5901/2329/3040 5902/2344/3040 5900/2339/3040
f 5904/2345/3041 5905/2339/3041 5903/2344/3041
f 5907/2344/3042 5908/2346/3042 5906/2345/3042
f 5910/2347/3043 5911/2345/3043 5909/2346/3043
f 5913/2346/3044 5914/2348/3044 5912/2347/3044
f 5916/2349/3045 5917/2347/3045 5915/2348/3045
f 5919/2344/3046 5920/2350/3046 5918/2346/3046
f 5922/2351/3047 5923/2346/3047 5921/2350/3047
f 5925/2351/3048 5926/2348/3048 5924/2346/3048
f 5928/2347/3049 5929/2352/3049 5927/2345/3049
f 5931/2353/3050 5932/2345/3050 5930/2352/3050
f 5934/2349/3051 5935/2352/3051 5933/2347/3051
f 5937/2354/3052 5938/2352/3052 5936/2355/3052
f 5940/2349/3053 5941/2355/3053 5939/2352/3053
f 5943/2352/3054 5944/2354/3054 5942/2353/3054
f 5946/2356/3055 5947/2353/3055 5945/2354/3055
f 5949/2357/3056 5950/2358/3056 5948/2359/3056
f 5952/2244/3057 5953/2249/3057 5951/2243/3057
f 5955/2345/3058 5956/2353/3058 5954/2339/3058
f 5958/2302/3059 5959/2339/3059 5957/2353/3059
f 5961/2353/3060 5962/2356/3060 5960/2302/3060
f 5964/2360/3061 5965/2302/3061 5963/2356/3061
f 5967/2360/3062 5968/2300/3062 5966/2302/3062
f 5970/2361/3063 5971/2289/3063 5969/2329/3063
f 5973/2362/3064 5974/2363/3064 5972/2360/3064
f 5976/2300/3065 5977/2360/3065 5975/2363/3065
f 5979/2331/3066 5980/2361/3066 5978/2329/3066
f 5982/2289/3067 5983/2344/3067 5981/2329/3067
f 5985/2356/3068 5986/2362/3068 5984/2360/3068
f 5988/2289/3069 5989/2291/3069 5987/2344/3069
f 5991/2350/3070 5992/2344/3070 5990/2291/3070
f 5994/2361/3071 5995/2364/3071 5993/2289/3071
f 5997/2288/3072 5998/2289/3072 5996/2364/3072
f 6000/2362/3073 6001/2365/3073 5999/2363/3073
f 6003/2366/3074 6004/2363/3074 6002/2365/3074
f 6006/2289/3075 6007/2288/3075 6005/2291/3075
f 6009/2290/3076 6010/2291/3076 6008/2288/3076
f 6012/2367/3077 6013/2357/3077 6011/2368/3077
f 6015/2369/3078 6016/2368/3078 6014/2357/3078
f 6018/2364/3079 6019/2370/3079 6017/2288/3079
f 6021/2371/3080 6022/2288/3080 6020/2370/3080
f 6024/2365/3081 6025/2372/3081 6023/2366/3081
f 6027/2373/3082 6028/2366/3082 6026/2372/3082
f 6030/2288/3083 6031/2371/3083 6029/2290/3083
f 6033/2374/3084 6034/2290/3084 6032/2371/3084
f 6036/2368/3085 6037/2369/3085 6035/2263/3085
f 6039/2375/3086 6040/2263/3086 6038/2369/3086
f 6042/2370/3087 6043/2374/3087 6041/2371/3087
f 6045/2339/3088 6046/2338/3088 6044/2329/3088
f 6048/2328/3089 6049/2329/3089 6047/2338/3089
f 6051/2302/3090 6052/2301/3090 6050/2339/3090
f 6054/2338/3091 6055/2339/3091 6053/2301/3091
f 6057/2329/3092 6058/2328/3092 6056/2331/3092
f 6060/2330/3093 6061/2331/3093 6059/2328/3093
f 6063/2300/3094 6064/2299/3094 6062/2302/3094
f 6066/2301/3095 6067/2302/3095 6065/2299/3095
f 6069/2278/3096 6070/2284/3096 6068/2304/3096
f 6072/2277/3097 6073/2276/3097 6071/2285/3097
f 6075/2284/3098 6076/2285/3098 6074/2276/3098
f 6078/2306/3099 6079/2276/3099 6077/2298/3099
f 6081/2268/3100 6082/2298/3100 6080/2276/3100
f 6084/2262/3101 6085/2295/3101 6083/2376/3101
f 6087/2282/3102 6088/2377/3102 6086/2283/3102
f 6090/2287/3103 6091/2283/3103 6089/2377/3103
f 6093/2378/3104 6094/2379/3104 6092/2380/3104
f 6096/2381/3105 6097/2380/3105 6095/2379/3105
f 6099/2261/3106 6100/2293/3106 6098/2262/3106
f 6102/2295/3107 6103/2262/3107 6101/2293/3107
f 6105/2261/3108 6106/2263/3108 6104/2293/3108
f 6108/2382/3109 6109/2293/3109 6107/2263/3109
f 6111/2260/3110 6112/2297/3110 6110/2259/3110
f 6114/2383/3111 6115/2259/3111 6113/2297/3111
f 6117/2297/3112 6118/2298/3112 6116/2376/3112
f 6120/2384/3113 6121/2385/3113 6119/2378/3113
f 6123/2379/3114 6124/2378/3114 6122/2385/3114
f 6126/2383/3115 6127/2294/3115 6125/2382/3115
f 6129/2293/3116 6130/2382/3116 6128/2294/3116
f 6132/2297/3117 6133/2296/3117 6131/2383/3117
f 6135/2294/3118 6136/2383/3118 6134/2296/3118
f 6138/2376/3119 6139/2295/3119 6137/2297/3119
f 6141/2296/3120 6142/2297/3120 6140/2295/3120
f 6144/2381/3121 6145/2379/3121 6143/2386/3121
f 6147/2385/3122 6148/2386/3122 6146/2379/3122
f 6150/2386/3123 6151/2387/3123 6149/2381/3123
f 6153/2380/3124 6154/2381/3124 6152/2387/3124
f 6156/2381/3125 6157/2380/3125 6155/2379/3125
f 6159/2378/3126 6160/2379/3126 6158/2380/3126
f 6162/2385/3127 6163/2384/3127 6161/2386/3127
f 6165/2387/3128 6166/2386/3128 6164/2384/3128
f 6168/2379/3129 6169/2378/3129 6167/2385/3129
f 6171/2384/3130 6172/2385/3130 6170/2378/3130
f 6174/2206/3131 6175/2205/3131 6173/2208/3131
f 6177/2207/3132 6178/2208/3132 6176/2205/3132
f 6180/2210/3133 6181/2209/3133 6179/2212/3133
f 6183/2211/3134 6184/2212/3134 6182/2209/3134
f 6186/2214/3135 6187/2213/3135 6185/2216/3135
f 6189/2215/3136 6190/2216/3136 6188/2213/3136
f 6192/2218/3137 6193/2217/3137 6191/2210/3137
f 6195/2209/3138 6196/2210/3138 6194/2217/3138
f 6198/2218/3139 6199/2214/3139 6197/2217/3139
f 6201/2216/3140 6202/2217/3140 6200/2214/3140
f 6204/2218/3141 6205/2210/3141 6203/2214/3141
f 6207/2213/3142 6208/2214/3142 6206/2210/3142
f 6210/2219/3143 6211/2216/3143 6209/2220/3143
f 6213/2215/3144 6214/2220/3144 6212/2216/3144
f 6216/2221/3145 6217/2217/3145 6215/2219/3145
f 6219/2216/3146 6220/2219/3146 6218/2217/3146
f 6222/2222/3147 6223/2209/3147 6221/2221/3147
f 6225/2217/3148 6226/2221/3148 6224/2209/3148
f 6228/2223/2899 6229/2211/2899 6227/2222/2899
f 6231/2209/2899 6232/2222/2899 6230/2211/2899
f 6234/2224/3149 6235/2205/3149 6233/2225/3149
f 6237/2206/3150 6238/2225/3150 6236/2205/3150
f 6240/2225/3151 6241/2206/3151 6239/2226/3151
f 6243/2221/3152 6244/2226/3152 6242/2206/3152
f 6246/2227/3153 6247/2219/3153 6245/2229/3153
f 6249/2228/3154 6250/2229/3154 6248/2219/3154
f 6252/2230/3155 6253/2221/3155 6251/2227/3155
f 6255/2219/3156 6256/2227/3156 6254/2221/3156
f 6258/2231/3157 6259/2224/3157 6257/2232/3157
f 6261/2225/3158 6262/2232/3158 6260/2224/3158
f 6264/2232/3159 6265/2225/3159 6263/2233/3159
f 6267/2226/3160 6268/2233/3160 6266/2225/3160
f 6270/2234/3161 6271/2227/3161 6269/2235/3161
f 6273/2229/3162 6274/2235/3162 6272/2227/3162
f 6276/2236/3163 6277/2230/3163 6275/2234/3163
f 6279/2227/3164 6280/2234/3164 6278/2230/3164
f 6282/2237/3165 6283/2231/3165 6281/2238/3165
f 6285/2232/3166 6286/2238/3166 6284/2231/3166
f 6288/2238/3167 6289/2232/3167 6287/2239/3167
f 6291/2233/3168 6292/2239/3168 6290/2232/3168
f 6294/2240/3169 6295/2234/3169 6293/2241/3169
f 6297/2235/3170 6298/2241/3170 6296/2234/3170
f 6300/2242/3171 6301/2236/3171 6299/2240/3171
f 6303/2234/3172 6304/2240/3172 6302/2236/3172
f 6306/2243/3173 6307/2237/3173 6305/2244/3173
f 6309/2238/3174 6310/2244/3174 6308/2237/3174
f 6312/2244/3175 6313/2238/3175 6311/2245/3175
f 6315/2239/3176 6316/2245/3176 6314/2238/3176
f 6318/2246/3177 6319/2240/3177 6317/2247/3177
f 6321/2241/3178 6322/2247/3178 6320/2240/3178
f 6324/2248/3179 6325/2242/3179 6323/2246/3179
f 6327/2240/3180 6328/2246/3180 6326/2242/3180
f 6330/2250/3181 6331/2249/3181 6329/2251/3181
f 6333/2244/3182 6334/2251/3182 6332/2249/3182
f 6336/2251/3183 6337/2244/3183 6335/2252/3183
f 6339/2245/3184 6340/2252/3184 6338/2244/3184
f 6342/2292/3185 6343/2248/3185 6341/2254/3185
f 6345/2246/3186 6346/2254/3186 6344/2248/3186
f 6348/2256/3187 6349/2255/3187 6347/2388/3187
f 6351/2389/3188 6352/2388/3188 6350/2255/3188
f 6354/2388/3189 6355/2389/3189 6353/2390/3189
f 6357/2391/3190 6358/2390/3190 6356/2389/3190
f 6360/2369/3191 6361/2357/3191 6359/2375/3191
f 6363/2359/3192 6364/2375/3192 6362/2357/3192
f 6366/2265/3193 6367/2256/3193 6365/2392/3193
f 6369/2388/3194 6370/2392/3194 6368/2256/3194
f 6372/2392/3195 6373/2388/3195 6371/2393/3195
f 6375/2390/3196 6376/2393/3196 6374/2388/3196
f 6378/2394/3197 6379/2367/3197 6377/2269/3197
f 6381/2264/3198 6382/2269/3198 6380/2367/3198
f 6384/2270/3199 6385/2265/3199 6383/2395/3199
f 6387/2392/3200 6388/2395/3200 6386/2265/3200
f 6390/2273/3201 6391/2272/3201 6389/2275/3201
f 6393/2274/3202 6394/2275/3202 6392/2272/3202
f 6396/2396/3203 6397/2394/3203 6395/2277/3203
f 6399/2269/3204 6400/2277/3204 6398/2394/3204
f 6402/2397/3205 6403/2398/3205 6401/2281/3205
f 6405/2280/3206 6406/2281/3206 6404/2398/3206
f 6408/2282/3207 6409/2270/3207 6407/2399/3207
f 6411/2395/3208 6412/2399/3208 6410/2270/3208
f 6414/2398/3209 6415/2400/3209 6413/2280/3209
f 6417/2285/3210 6418/2280/3210 6416/2400/3210
f 6420/2399/3211 6421/2395/3211 6419/2401/3211
f 6423/2402/3212 6424/2401/3212 6422/2395/3212
f 6426/2365/3213 6427/2362/3213 6425/2366/3213
f 6429/2363/3214 6430/2366/3214 6428/2362/3214
f 6432/2221/3215 6433/2230/3215 6431/2226/3215
f 6435/2226/3216 6436/2230/3216 6434/2233/3216
f 6438/2236/3217 6439/2233/3217 6437/2230/3217
f 6441/2233/3218 6442/2236/3218 6440/2239/3218
f 6444/2242/3219 6445/2239/3219 6443/2236/3219
f 6447/2239/3220 6448/2242/3220 6446/2245/3220
f 6450/2248/3221 6451/2245/3221 6449/2242/3221
f 6453/2245/3222 6454/2248/3222 6452/2252/3222
f 6456/2292/3223 6457/2252/3223 6455/2248/3223
f 6459/2385/3224 6460/2386/3224 6458/2379/3224
f 6462/2381/3225 6463/2379/3225 6461/2386/3225
f 6465/2403/3226 6466/2359/3226 6464/2404/3226
f 6468/2358/3227 6469/2404/3227 6467/2359/3227
f 6471/2370/3228 6472/2371/3228 6470/2374/3228
f 6474/2398/3229 6475/2397/3229 6473/2405/3229
f 6477/2406/3230 6478/2405/3230 6476/2397/3230
f 6480/2221/3231 6481/2206/3231 6479/2222/3231
f 6483/2208/3232 6484/2222/3232 6482/2206/3232
f 6486/2222/2899 6487/2208/2899 6485/2223/2899
f 6489/2207/2899 6490/2223/2899 6488/2208/2899
f 6492/2220/3233 6493/2305/3233 6491/2219/3233
f 6495/2228/3234 6496/2219/3234 6494/2305/3234
f 6498/2404/3235 6499/2358/3235 6497/2407/3235
f 6501/2396/3236 6502/2400/3236 6500/2407/3236
f 6504/2405/3237 6505/2407/3237 6503/2400/3237
f 6507/2308/3238 6508/2307/3238 6506/2272/3238
f 6510/2309/3239 6511/2272/3239 6509/2307/3239
f 6513/2311/3240 6514/2310/3240 6512/2313/3240
f 6516/2312/3241 6517/2313/3241 6515/2310/3241
f 6519/2315/3242 6520/2314/3242 6518/2311/3242
f 6522/2310/3243 6523/2311/3243 6521/2314/3243
f 6525/2274/3244 6526/2316/3244 6524/2315/3244
f 6528/2314/3245 6529/2315/3245 6527/2316/3245
f 6531/2317/3246 6532/2316/3246 6530/2274/3246
f 6534/2272/3247 6535/2309/3247 6533/2274/3247
f 6537/2317/3248 6538/2274/3248 6536/2309/3248
f 6540/2318/3249 6541/2308/3249 6539/2273/3249
f 6543/2272/3250 6544/2273/3250 6542/2308/3250
f 6546/2319/3251 6547/2311/3251 6545/2320/3251
f 6549/2313/3252 6550/2320/3252 6548/2311/3252
f 6552/2321/3253 6553/2315/3253 6551/2319/3253
f 6555/2311/3254 6556/2319/3254 6554/2315/3254
f 6558/2275/3255 6559/2274/3255 6557/2321/3255
f 6561/2315/3256 6562/2321/3256 6560/2274/3256
f 6564/2322/3257 6565/2318/3257 6563/2323/3257
f 6567/2273/3258 6568/2323/3258 6566/2318/3258
f 6570/2324/3259 6571/2319/3259 6569/2325/3259
f 6573/2320/3260 6574/2325/3260 6572/2319/3260
f 6576/2323/3261 6577/2273/3261 6575/2326/3261
f 6579/2275/3262 6580/2326/3262 6578/2273/3262
f 6582/2327/3263 6583/2321/3263 6581/2324/3263
f 6585/2319/3264 6586/2324/3264 6584/2321/3264
f 6588/2371/3265 6589/2288/3265 6587/2374/3265
f 6591/2290/3266 6592/2374/3266 6590/2288/3266
f 6594/2326/3267 6595/2275/3267 6593/2327/3267
f 6597/2321/3268 6598/2327/3268 6596/2275/3268
f 6600/2332/3269 6601/2322/3269 6599/2333/3269
f 6603/2323/3270 6604/2333/3270 6602/2322/3270
f 6606/2334/3271 6607/2324/3271 6605/2335/3271
f 6609/2325/3272 6610/2335/3272 6608/2324/3272
f 6612/2333/3273 6613/2323/3273 6611/2336/3273
f 6615/2326/3274 6616/2336/3274 6614/2323/3274
f 6618/2337/3275 6619/2327/3275 6617/2334/3275
f 6621/2324/3276 6622/2334/3276 6620/2327/3276
f 6624/2372/3277 6625/2365/3277 6623/2373/3277
f 6627/2366/3278 6628/2373/3278 6626/2365/3278
f 6630/2336/3279 6631/2326/3279 6629/2337/3279
f 6633/2327/3280 6634/2337/3280 6632/2326/3280
f 6636/2332/3281 6637/2333/3281 6635/2340/3281
f 6639/2341/3282 6640/2332/3282 6638/2340/3282
f 6642/2333/3283 6643/2342/3283 6641/2340/3283
f 6645/2343/3284 6646/2341/3284 6644/2340/3284
f 6648/2370/3285 6649/2364/3285 6647/2371/3285
f 6651/2288/3286 6652/2371/3286 6650/2364/3286
f 6654/2342/3287 6655/2343/3287 6653/2340/3287
f 6657/2367/3288 6658/2368/3288 6656/2264/3288
f 6660/2263/3289 6661/2264/3289 6659/2368/3289
f 6663/2380/3290 6664/2381/3290 6662/2387/3290
f 6666/2386/3291 6667/2387/3291 6665/2381/3291
f 6669/2359/3292 6670/2403/3292 6668/2375/3292
f 6672/2408/3293 6673/2375/3293 6671/2403/3293
f 6675/2387/3294 6676/2386/3294 6674/2384/3294
f 6678/2385/3294 6679/2384/3294 6677/2386/3294
f 6681/2268/3295 6682/2262/3295 6680/2298/3295
f 6684/2376/3296 6685/2298/3296 6683/2262/3296
f 6687/2252/3297 6688/2292/3297 6686/2245/3297
f 6690/2248/3298 6691/2245/3298 6689/2292/3298
f 6693/2377/3299 6694/2282/3299 6692/2401/3299
f 6696/2399/3300 6697/2401/3300 6695/2282/3300
f 6699/2394/3301 6700/2358/3301 6698/2367/3301
f 6702/2357/3302 6703/2367/3302 6701/2358/3302
f 6705/2396/3303 6706/2407/3303 6704/2394/3303
f 6708/2358/3304 6709/2394/3304 6707/2407/3304
f 6711/2396/3305 6712/2277/3305 6710/2400/3305
f 6714/2285/3306 6715/2400/3306 6713/2277/3306
f 6717/2398/3307 6718/2405/3307 6716/2400/3307
f 6720/2344/3308 6721/2329/3308 6719/2345/3308
f 6723/2339/3309 6724/2345/3309 6722/2329/3309
f 6726/2346/3310 6727/2344/3310 6725/2347/3310
f 6729/2345/3311 6730/2347/3311 6728/2344/3311
f 6732/2348/3312 6733/2346/3312 6731/2349/3312
f 6735/2347/3313 6736/2349/3313 6734/2346/3313
f 6738/2350/3314 6739/2344/3314 6737/2351/3314
f 6741/2346/3315 6742/2351/3315 6740/2344/3315
f 6744/2351/3316 6745/2346/3316 6743/2348/3316
f 6747/2352/3317 6748/2347/3317 6746/2353/3317
f 6750/2345/3318 6751/2353/3318 6749/2347/3318
f 6753/2349/3319 6754/2347/3319 6752/2352/3319
f 6756/2352/3320 6757/2354/3320 6755/2349/3320
f 6759/2355/3321 6760/2349/3321 6758/2354/3321
f 6762/2354/3322 6763/2352/3322 6761/2356/3322
f 6765/2353/3323 6766/2356/3323 6764/2352/3323
f 6768/2353/3324 6769/2345/3324 6767/2302/3324
f 6771/2339/3325 6772/2302/3325 6770/2345/3325
f 6774/2356/3326 6775/2353/3326 6773/2360/3326
f 6777/2302/3327 6778/2360/3327 6776/2353/3327
f 6780/2360/3328 6781/2302/3328 6779/2300/3328
f 6783/2361/3329 6784/2329/3329 6782/2289/3329
f 6786/2363/3330 6787/2362/3330 6785/2300/3330
f 6789/2360/3331 6790/2300/3331 6788/2362/3331
f 6792/2331/3332 6793/2329/3332 6791/2361/3332
f 6795/2289/3333 6796/2329/3333 6794/2344/3333
f 6798/2356/3334 6799/2360/3334 6797/2362/3334
f 6801/2291/3335 6802/2289/3335 6800/2350/3335
f 6804/2344/3336 6805/2350/3336 6803/2289/3336
f 6807/2364/3337 6808/2361/3337 6806/2288/3337
f 6810/2289/3338 6811/2288/3338 6809/2361/3338
f 6813/2409/3339 6814/2410/3339 6812/2411/3339
f 6816/2412/3340 6817/2413/3340 6815/2414/3340
f 6819/2415/3341 6820/2414/3341 6818/2413/3341
f 6822/2416/3342 6823/2417/3342 6821/2418/3342
f 6825/2411/3343 6826/2419/3343 6824/2420/3343
f 6828/2410/3344 6829/2421/3344 6827/2422/3344
f 6831/2423/3345 6832/2422/3345 6830/2421/3345
f 6834/2424/3346 6835/2425/3346 6833/2426/3346
f 6837/2422/3347 6838/2423/3347 6836/2427/3347
f 6840/2428/3348 6841/2427/3348 6839/2423/3348
f 6843/2425/3349 6844/2409/3349 6842/2426/3349
f 6846/2429/3350 6847/2426/3350 6845/2409/3350
f 6849/2430/3351 6850/2431/3351 6848/2427/3351
f 6852/2432/3352 6853/2427/3352 6851/2431/3352
f 6855/2433/3353 6856/2434/3353 6854/2435/3353
f 6858/2436/3353 6859/2435/3353 6857/2434/3353
f 6861/2413/3354 6862/2420/3354 6860/2415/3354
f 6864/2422/3355 6865/2419/3355 6863/2410/3355
f 6867/2411/3356 6868/2410/3356 6866/2419/3356
f 6870/2437/3357 6871/2438/3357 6869/2409/3357
f 6873/2439/3358 6874/2412/3358 6872/2440/3358
f 6876/2441/3359 6877/2440/3359 6875/2412/3359
f 6879/2432/3360 6880/2419/3360 6878/2427/3360
f 6882/2422/3361 6883/2427/3361 6881/2419/3361
f 6885/2423/3362 6886/2442/3362 6884/2428/3362
f 6888/2443/3363 6889/2428/3363 6887/2442/3363
f 6891/2439/3364 6892/2444/3364 6890/2412/3364
f 6894/2413/3365 6895/2412/3365 6893/2444/3365
f 6897/2427/3366 6898/2428/3366 6896/2430/3366
f 6900/2445/3367 6901/2430/3367 6899/2428/3367
f 6903/2409/3368 6904/2411/3368 6902/2429/3368
f 6906/2420/3369 6907/2429/3369 6905/2411/3369
f 6909/2437/3370 6910/2409/3370 6908/2424/3370
f 6912/2425/3370 6913/2424/3370 6911/2409/3370
f 6915/2429/3371 6916/2413/3371 6914/2426/3371
f 6918/2446/3372 6919/2447/3372 6917/2436/3372
f 6921/2435/3372 6922/2436/3372 6920/2447/3372
f 6924/2448/3373 6925/2432/3373 6923/2449/3373
f 6927/2431/3374 6928/2449/3374 6926/2432/3374
f 6930/2450/3375 6931/2442/3375 6929/2451/3375
f 6933/2442/3376 6934/2423/3376 6932/2451/3376
f 6936/2423/3377 6937/2421/3377 6935/2451/3377
f 6939/2452/3378 6940/2453/3378 6938/2454/3378
f 6942/2455/3379 6943/2454/3379 6941/2453/3379
f 6945/2412/3380 6946/2414/3380 6944/2441/3380
f 6948/2448/3381 6949/2441/3381 6947/2414/3381
f 6951/2444/3382 6952/2426/3382 6950/2413/3382
f 6954/2414/3383 6955/2419/3383 6953/2448/3383
f 6957/2432/3384 6958/2448/3384 6956/2419/3384
f 6960/2440/3385 6961/2441/3385 6959/2449/3385
f 6963/2415/3386 6964/2420/3386 6962/2414/3386
f 6966/2419/3387 6967/2414/3387 6965/2420/3387
f 6969/2447/3388 6970/2446/3388 6968/2456/3388
f 6972/2417/3389 6973/2456/3389 6971/2446/3389
f 6975/2441/3390 6976/2448/3390 6974/2449/3390
f 6978/2437/3391 6979/2457/3391 6977/2438/3391
f 6981/2451/3392 6982/2438/3392 6980/2457/3392
f 6984/2458/3393 6985/2418/3393 6983/2446/3393
f 6987/2417/3394 6988/2446/3394 6986/2418/3394
f 6990/2438/3395 6991/2451/3395 6989/2421/3395
f 6993/2455/3396 6994/2459/3396 6992/2418/3396
f 6996/2416/3397 6997/2418/3397 6995/2459/3397
f 6999/2437/3398 7000/2460/3398 6998/2457/3398
f 7002/2461/3399 7003/2459/3399 7001/2453/3399
f 7005/2455/3400 7006/2453/3400 7004/2459/3400
f 7008/2462/3401 7009/2417/3401 7007/2416/3401
f 7011/2460/3402 7012/2452/3402 7010/2454/3402
f 7014/2457/3403 7015/2463/3403 7013/2451/3403
f 7017/2450/3404 7018/2451/3404 7016/2463/3404
f 7020/2454/3405 7021/2455/3405 7019/2458/3405
f 7023/2418/3406 7024/2458/3406 7022/2455/3406
f 7026/2450/3407 7027/2463/3407 7025/2464/3407
f 7029/2465/3408 7030/2464/3408 7028/2463/3408
f 7032/2437/3409 7033/2424/3409 7031/2466/3409
f 7035/2426/3410 7036/2466/3410 7034/2424/3410
f 7038/2446/3411 7039/2436/3411 7037/2458/3411
f 7041/2465/3412 7042/2458/3412 7040/2436/3412
f 7044/2466/3413 7045/2426/3413 7043/2461/3413
f 7047/2461/3414 7048/2453/3414 7046/2452/3414
f 7050/2454/3415 7051/2463/3415 7049/2460/3415
f 7053/2457/3416 7054/2460/3416 7052/2463/3416
f 7056/2444/3417 7057/2461/3417 7055/2426/3417
f 7059/2459/3418 7060/2439/3418 7058/2416/3418
f 7062/2462/3419 7063/2416/3419 7061/2439/3419
f 7065/2454/3420 7066/2458/3420 7064/2463/3420
f 7068/2465/3421 7069/2463/3421 7067/2458/3421
f 7071/2442/3422 7072/2450/3422 7070/2443/3422
f 7074/2464/3423 7075/2443/3423 7073/2450/3423
f 7077/2444/3424 7078/2439/3424 7076/2461/3424
f 7080/2459/3425 7081/2461/3425 7079/2439/3425
f 7083/2464/3426 7084/2465/3426 7082/2434/3426
f 7086/2436/3427 7087/2434/3427 7085/2465/3427
f 7089/2460/3428 7090/2437/3428 7088/2452/3428
f 7092/2466/3429 7093/2452/3429 7091/2437/3429
f 7095/2409/3430 7096/2438/3430 7094/2410/3430
f 7098/2421/3431 7099/2410/3431 7097/2438/3431
f 7101/2462/3432 7102/2456/3432 7100/2417/3432
f 7104/2413/3433 7105/2429/3433 7103/2420/3433
f 7107/2466/3434 7108/2461/3434 7106/2452/3434
f 7110/2467/3435 7111/2468/3435 7109/2469/3435
f 7113/2470/3436 7114/2471/3436 7112/2472/3436
f 7116/2471/3437 7117/2473/3437 7115/2472/3437
f 7119/2473/3438 7120/2474/3438 7118/2472/3438
f 7122/2467/3439 7123/2475/3439 7121/2468/3439
f 7125/2476/3440 7126/2468/3440 7124/2475/3440
f 7128/2477/3441 7129/2474/3441 7127/2469/3441
f 7131/2475/3442 7132/2478/3442 7130/2479/3442
f 7134/2474/3443 7135/2473/3443 7133/2472/3443
f 7137/2473/3444 7138/2471/3444 7136/2472/3444
f 7140/2471/3445 7141/2470/3445 7139/2472/3445
f 7143/2476/3446 7144/2468/3446 7142/2477/3446
f 7146/2477/3447 7147/2468/3447 7145/2476/3447
f 7149/2480/3448 7150/2481/3448 7148/2473/3448
f 7152/2474/3449 7153/2473/3449 7151/2481/3449
f 7155/2469/3450 7156/2468/3450 7154/2467/3450
f 7158/2472/3451 7159/2470/3451 7157/2479/3451
f 7161/2482/3452 7162/2481/3452 7160/2483/3452
f 7164/2480/3453 7165/2483/3453 7163/2481/3453
f 7167/2481/3454 7168/2480/3454 7166/2474/3454
f 7170/2473/3455 7171/2474/3455 7169/2480/3455
f 7173/2472/3456 7174/2479/3456 7172/2470/3456
f 7176/2481/3457 7177/2482/3457 7175/2477/3457
f 7179/2484/3458 7180/2477/3458 7178/2482/3458
f 7182/2476/3459 7183/2485/3459 7181/2486/3459
f 7185/2487/3460 7186/2486/3460 7184/2485/3460
f 7188/2472/3461 7189/2467/3461 7187/2469/3461
f 7191/2484/3462 7192/2477/3462 7190/2485/3462
f 7194/2476/3463 7195/2485/3463 7193/2477/3463
f 7197/2477/3464 7198/2484/3464 7196/2481/3464
f 7200/2482/3465 7201/2481/3465 7199/2484/3465
f 7203/2485/3466 7204/2484/3466 7202/2487/3466
f 7206/2488/3467 7207/2487/3467 7205/2484/3467
f 7209/2476/3468 7210/2475/3468 7208/2468/3468
f 7212/2467/3469 7213/2468/3469 7211/2475/3469
f 7215/2485/3470 7216/2476/3470 7214/2484/3470
f 7218/2477/3471 7219/2484/3471 7217/2476/3471
f 7221/2484/3472 7222/2485/3472 7220/2488/3472
f 7224/2487/3473 7225/2488/3473 7223/2485/3473
f 7227/2485/3474 7228/2476/3474 7226/2487/3474
f 7230/2486/3475 7231/2487/3475 7229/2476/3475
f 7233/2475/3476 7234/2479/3476 7232/2478/3476
f 7236/2477/3477 7237/2469/3477 7235/2474/3477
f 7239/2472/3478 7240/2469/3478 7238/2467/3478
f 7242/2475/3479 7243/2472/3479 7241/2479/3479
f 7245/2477/3480 7246/2468/3480 7244/2469/3480
f 7248/2484/3481 7249/2482/3481 7247/2488/3481
f 7251/2483/3482 7252/2488/3482 7250/2482/3482
f 7254/2472/3483 7255/2469/3483 7253/2474/3483
f 7257/2482/3484 7258/2484/3484 7256/2483/3484
f 7260/2488/3485 7261/2483/3485 7259/2484/3485
f 7263/2477/3486 7264/2469/3486 7262/2468/3486
f 7266/2481/3487 7267/2482/3487 7265/2480/3487
f 7269/2483/3488 7270/2480/3488 7268/2482/3488
f 7272/2472/3489 7273/2474/3489 7271/2469/3489
f 7275/2475/3490 7276/2479/3490 7274/2472/3490
f 7278/2481/3491 7279/2477/3491 7277/2474/3491
f 7281/2477/3492 7282/2481/3492 7280/2474/3492
f 7284/2489/3493 7285/2490/3493 7283/2491/3493
f 7287/2492/3494 7288/2491/3494 7286/2490/3494
f 7290/2493/3495 7291/2494/3495 7289/2495/3495
f 7293/2496/3496 7294/2495/3496 7292/2494/3496
f 7296/2497/3497 7297/2498/3497 7295/2499/3497
f 7299/2500/3498 7300/2499/3498 7298/2498/3498
f 7302/2494/3499 7303/2501/3499 7301/2496/3499
f 7305/2497/3500 7306/2496/3500 7304/2501/3500
f 7308/2501/3501 7309/2502/3501 7307/2497/3501
f 7311/2498/3502 7312/2497/3502 7310/2502/3502
f 7314/2503/3503 7315/2504/3503 7313/2505/3503
f 7317/2506/3504 7318/2505/3504 7316/2504/3504
f 7320/2507/3505 7321/2508/3505 7319/2509/3505
f 7323/2510/3506 7324/2509/3506 7322/2508/3506
f 7326/2491/3507 7327/2492/3507 7325/2489/3507
f 7329/2490/3508 7330/2489/3508 7328/2492/3508
f 7332/2505/3509 7333/2506/3509 7331/2503/3509
f 7335/2504/3510 7336/2503/3510 7334/2506/3510
f 7338/2511/3511 7339/2512/3511 7337/2513/3511
f 7341/2514/3512 7342/2513/3512 7340/2512/3512
f 7344/2496/3513 7345/2497/3513 7343/2515/3513
f 7347/2499/3514 7348/2515/3514 7346/2497/3514
f 7350/2516/3515 7351/2517/3515 7349/2518/3515
f 7353/2519/3516 7354/2520/3516 7352/2516/3516
f 7356/2517/3517 7357/2516/3517 7355/2520/3517
f 7359/2499/3518 7360/2500/3518 7358/2521/3518
f 7362/2522/3519 7363/2521/3519 7361/2500/3519
f 7365/2523/3520 7366/2524/3520 7364/2525/3520
f 7368/2514/3521 7369/2526/3521 7367/2494/3521
f 7371/2501/3522 7372/2494/3522 7370/2526/3522
f 7374/2526/3523 7375/2527/3523 7373/2501/3523
f 7377/2502/3524 7378/2501/3524 7376/2527/3524
f 7380/2512/3525 7381/2528/3525 7379/2514/3525
f 7383/2526/3526 7384/2514/3526 7382/2528/3526
f 7386/2516/3527 7387/2529/3527 7385/2518/3527
f 7389/2530/3528 7390/2523/3528 7388/2525/3528
f 7392/2531/3529 7393/2530/3529 7391/2532/3529
f 7395/2525/3530 7396/2532/3530 7394/2530/3530
f 7398/2523/3531 7399/2518/3531 7397/2529/3531
f 7401/2518/3532 7402/2517/3532 7400/2533/3532
f 7404/2523/3533 7405/2530/3533 7403/2525/3533
f 7407/2534/3534 7408/2493/3534 7406/2535/3534
f 7410/2495/3535 7411/2535/3535 7409/2493/3535
f 7413/2524/3536 7414/2533/3536 7412/2525/3536
f 7416/2517/3537 7417/2525/3537 7415/2533/3537
f 7419/2513/3538 7420/2514/3538 7418/2493/3538
f 7422/2494/3539 7423/2493/3539 7421/2514/3539
f 7425/2510/3540 7426/2515/3540 7424/2509/3540
f 7428/2536/3541 7429/2509/3541 7427/2515/3541
f 7431/2517/3542 7432/2533/3542 7430/2525/3542
f 7434/2524/3543 7435/2525/3543 7433/2533/3543
f 7437/2528/3544 7438/2537/3544 7436/2526/3544
f 7440/2527/3545 7441/2526/3545 7439/2537/3545
f 7443/2538/3546 7444/2511/3546 7442/2539/3546
f 7446/2513/3547 7447/2539/3547 7445/2511/3547
f 7449/2539/3548 7450/2513/3548 7448/2534/3548
f 7452/2493/3549 7453/2534/3549 7451/2513/3549
f 7455/2495/3550 7456/2496/3550 7454/2510/3550
f 7458/2515/3551 7459/2510/3551 7457/2496/3551
f 7461/2535/3552 7462/2495/3552 7460/2508/3552
f 7464/2510/3553 7465/2508/3553 7463/2495/3553
f 7467/2515/3554 7468/2499/3554 7466/2536/3554
f 7470/2521/3555 7471/2536/3555 7469/2499/3555
f 7473/2523/3556 7474/2518/3556 7472/2524/3556
f 7476/2533/3557 7477/2524/3557 7475/2518/3557
f 7479/2518/3558 7480/2533/3558 7478/2517/3558
f 7482/2518/3559 7483/2523/3559 7481/2529/3559
f 7485/2523/3560 7486/2525/3560 7484/2524/3560
f 7488/2518/3561 7489/2523/3561 7487/2533/3561
f 7491/2524/3562 7492/2533/3562 7490/2523/3562
f 7494/2516/3563 7495/2518/3563 7493/2529/3563
f 7497/2516/3564 7498/2518/3564 7496/2517/3564
f 7500/2523/3565 7501/2530/3565 7499/2529/3565
f 7503/2530/3566 7504/2523/3566 7502/2529/3566
f 7506/2467/3567 7507/2475/3567 7505/2472/3567
f 7509/2467/3568 7510/2472/3568 7508/2475/3568
f 7512/2540/3569 7513/2541/3569 7511/2542/3569
f 7515/2543/3570 7516/2542/3570 7514/2541/3570
f 7518/2542/3571 7519/2543/3571 7517/2544/3571
f 7521/2545/3572 7522/2544/3572 7520/2543/3572
f 7524/2546/3573 7525/2547/3573 7523/2540/3573
f 7527/2541/3574 7528/2540/3574 7526/2547/3574
f 7530/2548/3575 7531/2540/3575 7529/2549/3575
f 7533/2542/3576 7534/2549/3576 7532/2540/3576
f 7536/2549/3577 7537/2542/3577 7535/2550/3577
f 7539/2544/3578 7540/2550/3578 7538/2542/3578
f 7542/2546/3579 7543/2540/3579 7541/2551/3579
f 7545/2548/3580 7546/2551/3580 7544/2540/3580
f 7548/2552/3581 7549/2548/3581 7547/2553/3581
f 7551/2549/3582 7552/2553/3582 7550/2548/3582
f 7554/2553/3583 7555/2549/3583 7553/2554/3583
f 7557/2550/3584 7558/2554/3584 7556/2549/3584
f 7560/2555/3585 7561/2551/3585 7559/2552/3585
f 7563/2548/3586 7564/2552/3586 7562/2551/3586
f 7566/2556/3587 7567/2552/3587 7565/2557/3587
f 7569/2553/3588 7570/2557/3588 7568/2552/3588
f 7572/2557/3589 7573/2553/3589 7571/2558/3589
f 7575/2554/3590 7576/2558/3590 7574/2553/3590
f 7578/2559/3591 7579/2555/3591 7577/2556/3591
f 7581/2552/3592 7582/2556/3592 7580/2555/3592
f 7584/2560/3593 7585/2544/3593 7583/2561/3593
f 7587/2545/3594 7588/2561/3594 7586/2544/3594
f 7590/2562/3595 7591/2550/3595 7589/2560/3595
f 7593/2544/3596 7594/2560/3596 7592/2550/3596
f 7596/2563/3597 7597/2554/3597 7595/2562/3597
f 7599/2550/3598 7600/2562/3598 7598/2554/3598
f 7602/2558/3599 7603/2554/3599 7601/2564/3599
f 7605/2554/3600 7606/2563/3600 7604/2564/3600
f 7608/2563/3601 7609/2565/3601 7607/2564/3601
f 7611/2566/3602 7612/2567/3602 7610/2568/3602
f 7614/2569/3603 7615/2568/3603 7613/2567/3603
f 7617/2567/3604 7618/2570/3604 7616/2569/3604
f 7620/2571/3605 7621/2569/3605 7619/2570/3605
f 7623/2572/3606 7624/2566/3606 7622/2573/3606
f 7626/2568/3607 7627/2573/3607 7625/2566/3607
f 7629/2574/3608 7630/2575/3608 7628/2566/3608
f 7632/2567/3609 7633/2566/3609 7631/2575/3609
f 7635/2575/3610 7636/2576/3610 7634/2567/3610
f 7638/2570/3611 7639/2567/3611 7637/2576/3611
f 7641/2572/3612 7642/2577/3612 7640/2566/3612
f 7644/2574/3613 7645/2566/3613 7643/2577/3613
f 7647/2578/3614 7648/2579/3614 7646/2574/3614
f 7650/2575/3615 7651/2574/3615 7649/2579/3615
f 7653/2579/3616 7654/2580/3616 7652/2575/3616
f 7656/2576/3617 7657/2575/3617 7655/2580/3617
f 7659/2581/3618 7660/2578/3618 7658/2577/3618
f 7662/2574/3619 7663/2577/3619 7661/2578/3619
f 7665/2582/3620 7666/2583/3620 7664/2578/3620
f 7668/2579/3621 7669/2578/3621 7667/2583/3621
f 7671/2583/3622 7672/2584/3622 7670/2579/3622
f 7674/2580/3623 7675/2579/3623 7673/2584/3623
f 7677/2585/3624 7678/2582/3624 7676/2581/3624
f 7680/2578/3625 7681/2581/3625 7679/2582/3625
f 7683/2586/3626 7684/2587/3626 7682/2570/3626
f 7686/2571/3627 7687/2570/3627 7685/2587/3627
f 7689/2588/3628 7690/2586/3628 7688/2576/3628
f 7692/2570/3629 7693/2576/3629 7691/2586/3629
f 7695/2589/3630 7696/2588/3630 7694/2580/3630
f 7698/2576/3631 7699/2580/3631 7697/2588/3631
f 7701/2590/3632 7702/2589/3632 7700/2591/3632
f 7704/2589/3633 7705/2580/3633 7703/2591/3633
f 7707/2580/3634 7708/2584/3634 7706/2591/3634
o F-15C_Eagle_RudderL01
v 1.745567 3.057294 -5.672343
v 1.763506 0.624777 -5.119143
v 1.727897 0.624771 -6.013098
v 1.727897 0.624771 -6.013098
v 1.725468 3.057292 -6.099977
v 1.745567 3.057294 -5.672343
v 1.727897 0.624771 -6.013098
v 1.681504 0.624777 -5.119143
v 1.699269 3.057294 -5.672342
v 1.699269 3.057294 -5.672342
v 1.725468 3.057292 -6.099977
v 1.727897 0.624771 -6.013098
v 1.725468 3.057292 -6.099977
v 1.699269 3.057294 -5.672342
v 1.722418 3.057294 -5.656193
v 1.722418 3.057294 -5.656193
v 1.745567 3.057294 -5.672343
v 1.725468 3.057292 -6.099977
v 1.763506 0.624777 -5.119143
v 1.745567 3.057294 -5.672343
v 1.722418 3.057294 -5.656193
v 1.722418 3.057294 -5.656193
v 1.722506 0.624777 -5.102993
v 1.763506 0.624777 -5.119143
v 1.727897 0.624771 -6.013098
v 1.763506 0.624777 -5.119143
v 1.722506 0.624777 -5.102993
v 1.722506 0.624777 -5.102993
v 1.681504 0.624777 -5.119143
v 1.727897 0.624771 -6.013098
v 1.681504 0.624777 -5.119143
v 1.722506 0.624777 -5.102993
v 1.722418 3.057294 -5.656193
v 1.722418 3.057294 -5.656193
v 1.699269 3.057294 -5.672342
v 1.681504 0.624777 -5.119143
vn 0.9992 -0.0017 -0.0398
vn 0.9989 -0.0007 -0.0469
vn -0.9986 -0.0045 -0.0518
vn -0.9981 -0.0032 -0.0612
vn -0.0000 1.0000 -0.0000
vn 0.5620 0.1874 0.8056
vn 0.3586 0.2070 0.9103
vn -0.0000 -1.0000 -0.0000
vn -0.3585 0.2070 0.9103
vn -0.5620 0.1873 0.8056
vt 0.124281 -0.949315
vt 0.078446 -0.949315
vt 0.095918 -0.824593
vt 0.073992 -0.824593
vt 0.244846 -0.610817
vt 0.369567 -0.582453
vt 0.244846 -0.564981
vt 0.369567 -0.560528
vt 0.769545 -0.256069
vt 0.772297 -0.250528
vt 0.648306 -0.249798
vt 0.769545 -0.244986
vt 0.583142 -0.254428
vt 0.583141 -0.249893
vt 0.771235 -0.254440
vt 0.771235 -0.249904
vt 0.771235 -0.245365
vt 0.583142 -0.245358
s 1
usemtl default.066
f 7710/2592/3635 7711/2593/3635 7709/2594/3635
f 7713/2595/3636 7714/2594/3636 7712/2593/3636
f 7716/2596/3637 7717/2597/3637 7715/2598/3637
f 7719/2599/3638 7720/2598/3638 7718/2597/3638
f 7722/2600/3639 7723/2601/3639 7721/2602/3639
f 7725/2603/3639 7726/2602/3639 7724/2601/3639
f 7728/2604/3640 7729/2605/3640 7727/2606/3640
f 7731/2607/3641 7732/2606/3641 7730/2605/3641
f 7734/2603/3642 7735/2601/3642 7733/2602/3642
f 7737/2600/3642 7738/2602/3642 7736/2601/3642
f 7740/2607/3643 7741/2605/3643 7739/2608/3643
f 7743/2609/3644 7744/2608/3644 7742/2605/3644
o F-15C_Eagle_RudderR01
v -1.727900 0.624774 -6.013097
v -1.763508 0.624779 -5.119143
v -1.745570 3.057296 -5.672341
v -1.745570 3.057296 -5.672341
v -1.725473 3.057293 -6.099975
v -1.727900 0.624774 -6.013097
v -1.699273 3.057296 -5.672341
v -1.681506 0.624779 -5.119143
v -1.727900 0.624774 -6.013097
v -1.727900 0.624774 -6.013097
v -1.725473 3.057293 -6.099975
v -1.699273 3.057296 -5.672341
v -1.722421 3.057296 -5.656191
v -1.699273 3.057296 -5.672341
v -1.725473 3.057293 -6.099975
v -1.725473 3.057293 -6.099975
v -1.745570 3.057296 -5.672341
v -1.722421 3.057296 -5.656191
v -1.722421 3.057296 -5.656191
v -1.745570 3.057296 -5.672341
v -1.763508 0.624779 -5.119143
v -1.763508 0.624779 -5.119143
v -1.722508 0.624779 -5.102993
v -1.722421 3.057296 -5.656191
v -1.722508 0.624779 -5.102993
v -1.763508 0.624779 -5.119143
v -1.727900 0.624774 -6.013097
v -1.727900 0.624774 -6.013097
v -1.681506 0.624779 -5.119143
v -1.722508 0.624779 -5.102993
v -1.722421 3.057296 -5.656191
v -1.722508 0.624779 -5.102993
v -1.681506 0.624779 -5.119143
v -1.681506 0.624779 -5.119143
v -1.699273 3.057296 -5.672341
v -1.722421 3.057296 -5.656191
vn -0.9992 -0.0017 -0.0398
vn -0.9989 -0.0007 -0.0469
vn 0.9986 -0.0045 -0.0518
vn 0.9981 -0.0032 -0.0612
vn -0.0000 1.0000 -0.0000
vn -0.5620 0.1874 0.8056
vn -0.3586 0.2070 0.9103
vn -0.0000 -1.0000 -0.0000
vn 0.3585 0.2070 0.9103
vn 0.5621 0.1873 0.8056
vt 0.242210 -0.818175
vt 0.270573 -0.942897
vt 0.288046 -0.818175
vt 0.292500 -0.942897
vt 0.244845 -0.610817
vt 0.244845 -0.564981
vt 0.369567 -0.582453
vt 0.369567 -0.560528
vt 0.769545 -0.256069
vt 0.648306 -0.249798
vt 0.772297 -0.250528
vt 0.769545 -0.244986
vt 0.583141 -0.255527
vt 0.771235 -0.255541
vt 0.583141 -0.250443
vt 0.771235 -0.250455
vt 0.771235 -0.245366
vt 0.583141 -0.245358
s 1
usemtl default.066
f 7746/2610/3645 7747/2611/3645 7745/2612/3645
f 7749/2613/3646 7750/2612/3646 7748/2611/3646
f 7752/2614/3647 7753/2615/3647 7751/2616/3647
f 7755/2617/3648 7756/2616/3648 7754/2615/3648
f 7758/2618/3649 7759/2619/3649 7757/2620/3649
f 7761/2621/3649 7762/2620/3649 7760/2619/3649
f 7764/2622/3650 7765/2623/3650 7763/2624/3650
f 7767/2625/3651 7768/2624/3651 7766/2623/3651
f 7770/2621/3652 7771/2619/3652 7769/2620/3652
f 7773/2618/3652 7774/2620/3652 7772/2619/3652
f 7776/2625/3653 7777/2626/3653 7775/2624/3653
f 7779/2627/3654 7780/2624/3654 7778/2626/3654
