# Blender 5.1.0
# www.blender.org
mtllib building01.mtl
o GT_MC_Large_Building.001
v 26.768465 62.306152 -26.712177
v 22.831184 62.306152 -30.649492
v -26.768505 62.306145 -26.712181
v -22.831226 62.306145 -30.649496
v 22.890062 57.970711 -30.780010
v 11.180911 57.970711 -30.890396
v 11.180911 71.806480 -30.890400
v -11.180948 57.970695 -30.890400
v -11.180950 63.812981 -30.890400
v -26.972990 63.812981 -29.534899
v -25.653906 63.812981 -30.853947
v 25.653870 63.812988 -30.853937
v 26.972948 63.812988 -29.534889
v 27.055407 67.809738 -30.936394
v 27.067123 65.964195 -30.948105
v 22.835802 61.967445 -30.659668
v 11.180911 67.809738 -30.890392
v 11.180911 59.816246 -30.890396
v 11.180911 63.812988 -30.890396
v 11.180911 61.967445 -30.890396
v 11.180911 65.964195 -30.890392
v -11.180952 71.806480 -30.890402
v -11.180948 59.816238 -30.890400
v -11.180952 69.960938 -30.890402
v -27.030100 71.806480 -30.911053
v -22.865019 59.816238 -30.724442
v -22.890100 57.970703 -30.780010
v -11.180950 61.967445 -30.890400
v -22.835806 61.967442 -30.659670
v -27.041779 69.960938 -30.922768
v 27.041742 69.960938 -30.922766
v 26.910320 59.816238 -20.103945
v 26.843447 59.816246 -26.746010
v 27.030064 71.806480 -30.911051
v 26.837589 65.964195 -20.103945
v 26.872435 67.809738 -20.103945
v 26.913063 69.960938 -20.103945
v 22.864977 59.816246 -30.724438
v 26.876564 61.967445 -20.103945
v 26.778681 61.967445 -26.716799
v 26.947948 71.806480 -20.103945
v 26.847616 63.812988 -20.103945
v 26.939272 57.970703 -20.103945
v 26.899025 57.970711 -26.771055
v 11.180911 69.960938 -30.890400
v -11.180950 65.964188 -30.890396
v -11.180950 67.809731 -30.890396
v -26.913107 69.960938 -20.103951
v -26.837633 65.964188 -20.103951
v -26.939312 57.970695 -20.103954
v -26.899059 57.970695 -26.771055
v -26.872478 67.809731 -20.103951
v -26.910364 59.816238 -20.103954
v -26.843491 59.816238 -26.746010
v -26.876608 61.967442 -20.103954
v -26.778721 61.967445 -26.716801
v -26.847622 63.812981 -20.103954
v -27.067158 65.964188 -30.948111
v -27.055443 67.809731 -30.936396
v -26.947987 71.806473 -20.103951
v 27.009403 61.967445 1.648895
v 27.009403 63.812988 1.648895
v 27.009403 59.816238 1.648894
v 27.009403 69.960938 1.648894
v 27.009403 71.806496 1.648894
v 27.009403 57.970711 1.648895
v 19.450878 57.970711 1.648894
v 19.450878 69.960938 1.648894
v 19.450878 59.816246 1.648894
v 19.450878 71.806496 1.648894
v 19.450878 63.812988 1.648893
v -19.450932 71.806480 1.648887
v -19.450935 57.970695 1.648887
v -27.009457 71.806480 1.648886
v -19.450935 59.816231 1.648888
v -19.450930 67.809731 1.648887
v -27.009457 67.809731 1.648886
v -27.009460 63.812977 1.648886
v -19.450935 65.964188 1.648887
v -27.009457 69.960938 1.648886
v -27.009460 65.964188 1.648887
v -27.009460 57.970692 1.648886
v 27.009403 65.964195 1.648895
v 27.009403 67.809738 1.648895
v 19.450878 65.964195 1.648893
v 19.450878 61.967445 1.648894
v 19.450878 67.809731 1.648894
v -19.450935 61.967445 1.648888
v -19.450935 63.812988 1.648887
v -19.450930 69.960938 1.648887
v -27.009460 59.816231 1.648886
v -27.009460 61.967442 1.648886
v 19.450878 57.970711 9.494206
v 19.450874 69.960938 9.494206
v 19.450874 61.967445 9.494206
v 19.450874 63.812988 9.494206
v 19.450874 59.816246 9.494206
v 19.450874 71.806480 9.494205
v -19.450937 57.970695 9.494201
v -19.450937 67.809731 9.494200
v -19.450937 65.964188 9.494201
v -19.450937 59.816238 9.494201
v -19.450937 69.960938 9.494201
v -19.450937 71.806473 9.494200
v -19.450937 63.812981 9.494201
v 19.450874 65.964188 9.494206
v 11.180897 57.970703 31.292885
v 15.364678 57.970711 31.309561
v 19.505318 57.970703 31.941336
v 11.180897 57.970703 31.770304
v 11.180897 57.970703 31.839880
v 11.180897 59.816238 31.353487
v 15.805976 59.816238 31.371889
v 19.499460 59.816238 31.935478
v 11.180897 59.816238 31.881256
v 11.180897 59.816238 31.884634
v 16.626242 59.816238 31.642757
v 19.450874 67.809731 9.494205
v 11.180892 65.964188 31.555347
v 19.479855 65.964188 31.915882
v 11.180892 71.806480 31.747137
v 19.461233 71.806480 31.897255
v 11.180892 67.809731 31.615910
v 19.473961 67.809731 31.909988
v 11.180892 69.960938 31.686539
v 19.467127 69.960938 31.903152
v -11.180968 69.960938 31.758965
v -11.180970 71.806465 31.826363
v -19.450937 61.967442 9.494201
v -11.180966 67.809731 31.686684
v -19.474033 67.809731 31.909977
v -11.180966 59.816238 31.418104
v -19.499529 59.816231 31.935472
v -11.180966 65.964188 31.624691
v -19.461306 71.806465 31.897249
v -11.180966 57.970695 31.356075
v -19.505384 57.970695 31.941366
v -19.467199 69.960938 31.903143
v -19.479927 65.964188 31.915874
v 11.180892 63.812988 31.484715
v 19.486727 63.812988 31.922749
v 11.180897 61.967445 31.424116
v 19.492590 61.967445 31.928606
v -11.180966 61.967442 31.490385
v -19.492657 61.967442 31.928600
v -11.180966 63.812977 31.552414
v -19.486799 63.812981 31.922743
v 22.453760 10.689692 -29.721991
v -22.440277 8.844151 -29.688835
v 22.440243 8.844160 -29.688839
v -22.453796 10.689687 -29.721994
v 26.226238 10.689692 -18.023540
v 25.841005 10.689696 -26.334745
v -25.841042 10.689687 -26.334759
v -26.226284 10.689682 -18.023548
v -25.807888 8.844146 -26.321272
v -26.192528 8.844141 -18.023548
v 26.192484 8.844151 -18.023540
v 25.807852 8.844160 -26.321266
v -27.009460 10.689682 1.648888
v 27.009407 10.689692 1.648896
v -19.450937 8.844146 1.648889
v -19.450937 10.689682 1.648889
v -27.009460 8.844146 1.648887
v 27.009407 8.844155 1.648897
v 19.450884 8.844151 1.648895
v 19.450878 10.689692 1.648896
v 19.209673 8.844155 8.585780
v 19.245226 10.689692 8.585780
v 15.596457 10.689687 30.724604
v 18.288582 10.689687 28.032484
v 10.051835 10.689692 31.615982
v 15.582224 8.844151 30.689728
v 18.253706 8.844151 28.018253
v 10.051835 8.844146 31.615986
v -19.245289 10.689687 8.585775
v -19.209730 8.844146 8.585774
v -15.596527 10.689682 30.724596
v -18.288654 10.689682 28.032476
v -10.051907 10.689682 31.615982
v -15.582296 8.844141 30.689718
v -18.253769 8.844141 28.018248
v -10.051909 8.844141 31.615982
v 22.453760 14.325714 -29.721989
v -22.440277 12.480169 -29.688839
v 22.440243 12.480183 -29.688835
v -22.453796 14.325710 -29.721991
v 26.226238 14.325719 -18.023540
v 25.841005 14.325714 -26.334742
v -25.841043 14.325704 -26.334755
v -26.226284 14.325704 -18.023548
v -25.807888 12.480169 -26.321276
v -26.192528 12.480164 -18.023548
v 26.192484 12.480177 -18.023540
v 25.807852 12.480177 -26.321264
v -27.009460 14.325707 1.648888
v 27.009407 14.325717 1.648896
v -19.450937 12.480166 1.648889
v -19.450937 14.325707 1.648888
v -27.009460 12.480166 1.648888
v 27.009407 12.480177 1.648896
v 19.450884 12.480177 1.648896
v 19.450884 14.325717 1.648895
v 19.209669 12.480177 8.585780
v 19.245226 14.325717 8.585780
v 15.596457 14.325710 30.724606
v 18.288582 14.325714 28.032488
v 10.051835 14.325710 31.615982
v 15.582224 12.480171 30.689724
v 18.253700 12.480173 28.018257
v 10.051835 12.480171 31.615982
v -19.245289 14.325707 8.585774
v -19.209730 12.480166 8.585774
v -15.596529 14.325704 30.724600
v -18.288654 14.325704 28.032476
v -10.051907 14.325710 31.615982
v -15.582298 12.480169 30.689714
v -18.253773 12.480169 28.018248
v -10.051907 12.480171 31.615982
v 22.453760 17.961733 -29.721989
v -22.440277 16.116198 -29.688839
v 22.440243 16.116205 -29.688835
v -22.453796 17.961733 -29.721991
v 26.226238 17.961746 -18.023540
v 25.841005 17.961740 -26.334742
v -25.841043 17.961731 -26.334755
v -26.226284 17.961737 -18.023552
v -25.807888 16.116190 -26.321276
v -26.192528 16.116190 -18.023552
v 26.192484 16.116205 -18.023540
v 25.807852 16.116199 -26.321264
v -27.009460 17.961733 1.648887
v 27.009403 17.961740 1.648897
v -19.450937 16.116188 1.648888
v -19.450937 17.961733 1.648889
v -27.009460 16.116188 1.648888
v 27.009407 16.116203 1.648896
v 19.450884 16.116203 1.648895
v 19.450878 17.961740 1.648895
v 19.209669 16.116203 8.585780
v 19.245230 17.961742 8.585780
v 15.596457 17.961733 30.724606
v 18.288582 17.961737 28.032488
v 10.051835 17.961740 31.615982
v 15.582224 16.116198 30.689724
v 18.253700 16.116199 28.018257
v 10.051835 16.116198 31.615982
v -19.245289 17.961733 8.585774
v -19.209730 16.116188 8.585775
v -15.596529 17.961733 30.724600
v -18.288654 17.961733 28.032476
v -10.051909 17.961737 31.615982
v -15.582298 16.116190 30.689714
v -18.253773 16.116190 28.018248
v -10.051907 16.116194 31.615982
v 22.453760 21.597759 -29.721989
v -22.440277 19.752220 -29.688839
v 22.440243 19.752228 -29.688835
v -22.453796 21.597761 -29.721991
v 26.226238 21.597771 -18.023540
v 25.841005 21.597767 -26.334742
v -25.841043 21.597757 -26.334755
v -26.226286 21.597761 -18.023550
v -25.807888 19.752216 -26.321276
v -26.192530 19.752220 -18.023550
v 26.192484 19.752230 -18.023540
v 25.807852 19.752226 -26.321264
v -27.009460 21.597759 1.648887
v 27.009399 21.597767 1.648896
v -19.450937 19.752218 1.648889
v -19.450937 21.597759 1.648889
v -27.009460 19.752218 1.648887
v 27.009399 19.752226 1.648896
v 19.450878 19.752226 1.648895
v 19.450878 21.597767 1.648895
v 19.209673 19.752226 8.585780
v 19.245230 21.597767 8.585780
v 15.596457 21.597765 30.724606
v 18.288582 21.597767 28.032488
v 10.051835 21.597761 31.615982
v 15.582224 19.752224 30.689724
v 18.253700 19.752226 28.018257
v 10.051835 19.752220 31.615982
v -19.245289 21.597759 8.585774
v -19.209730 19.752218 8.585774
v -15.596529 21.597759 30.724600
v -18.288656 21.597759 28.032476
v -10.051909 21.597761 31.615982
v -15.582298 19.752218 30.689714
v -18.253775 19.752218 28.018248
v -10.051909 19.752220 31.615982
v 22.453760 25.233789 -29.721989
v -22.440281 23.388252 -29.688839
v 22.440243 23.388260 -29.688835
v -22.453796 25.233788 -29.721991
v 26.226238 25.233801 -18.023542
v 25.841005 25.233793 -26.334742
v -25.841043 25.233782 -26.334755
v -26.226286 25.233793 -18.023550
v -25.807888 23.388245 -26.321276
v -26.192530 23.388252 -18.023550
v 26.192484 23.388260 -18.023540
v 25.807852 23.388256 -26.321264
v -27.009457 25.233789 1.648888
v 27.009403 25.233793 1.648896
v -19.450932 23.388248 1.648888
v -19.450933 25.233786 1.648888
v -27.009457 23.388248 1.648888
v 27.009399 23.388256 1.648896
v 19.450878 23.388256 1.648894
v 19.450878 25.233793 1.648895
v 19.209673 23.388256 8.585780
v 19.245230 25.233797 8.585780
v 15.596457 25.233789 30.724606
v 18.288582 25.233793 28.032488
v 10.051835 25.233793 31.615982
v 15.582224 23.388252 30.689724
v 18.253700 23.388256 28.018257
v 10.051835 23.388252 31.615982
v -19.245291 25.233789 8.585774
v -19.209732 23.388248 8.585774
v -15.596529 25.233786 30.724600
v -18.288656 25.233786 28.032476
v -10.051909 25.233793 31.615982
v -15.582298 23.388248 30.689714
v -18.253775 23.388248 28.018248
v -10.051909 23.388252 31.615982
v 22.453760 28.869810 -29.721989
v -22.440281 27.024273 -29.688839
v 22.440243 27.024279 -29.688835
v -22.453796 28.869812 -29.721991
v 26.226238 28.869823 -18.023542
v 25.841000 28.869816 -26.334742
v -25.841043 28.869806 -26.334755
v -26.226286 28.869812 -18.023550
v -25.807888 27.024267 -26.321276
v -26.192530 27.024273 -18.023550
v 26.192484 27.024281 -18.023542
v 25.807846 27.024277 -26.321264
v -27.009457 28.869810 1.648887
v 27.009403 28.869816 1.648896
v -19.450933 27.024269 1.648888
v -19.450933 28.869810 1.648888
v -27.009457 27.024269 1.648887
v 27.009403 27.024277 1.648896
v 19.450878 27.024277 1.648895
v 19.450878 28.869816 1.648895
v 19.209673 27.024277 8.585780
v 19.245230 28.869816 8.585780
v 15.596457 28.869816 30.724606
v 18.288582 28.869816 28.032488
v 10.051840 28.869812 31.615982
v 15.582224 27.024273 30.689724
v 18.253700 27.024277 28.018257
v 10.051840 27.024273 31.615982
v -19.245285 28.869810 8.585774
v -19.209728 27.024269 8.585774
v -15.596529 28.869810 30.724600
v -18.288656 28.869810 28.032476
v -10.051909 28.869812 31.615982
v -15.582300 27.024269 30.689714
v -18.253775 27.024269 28.018248
v -10.051909 27.024273 31.615982
v 22.453760 32.505836 -29.721989
v -22.440281 30.660295 -29.688841
v 22.440243 30.660303 -29.688835
v -22.453796 32.505833 -29.721998
v 26.226238 32.505848 -18.023540
v 25.841000 32.505840 -26.334747
v -25.841043 32.505833 -26.334755
v -26.226286 32.505836 -18.023548
v -25.807888 30.660294 -26.321276
v -26.192530 30.660295 -18.023550
v 26.192484 30.660305 -18.023542
v 25.807846 30.660299 -26.321268
v -27.009460 32.505836 1.648887
v 27.009403 32.505840 1.648895
v -19.450933 30.660295 1.648888
v -19.450933 32.505836 1.648889
v -27.009460 30.660295 1.648887
v 27.009403 30.660299 1.648895
v 19.450878 30.660299 1.648895
v 19.450878 32.505840 1.648895
v 19.209673 30.660299 8.585780
v 19.245230 32.505840 8.585779
v 15.596457 32.505840 30.724606
v 18.288582 32.505840 28.032480
v 10.051835 32.505840 31.615982
v 15.582224 30.660299 30.689724
v 18.253700 30.660299 28.018250
v 10.051835 30.660295 31.615982
v -19.245285 32.505836 8.585773
v -19.209728 30.660295 8.585774
v -15.596527 32.505836 30.724600
v -18.288652 32.505836 28.032476
v -10.051907 32.505836 31.615982
v -15.582300 30.660295 30.689714
v -18.253771 30.660295 28.018244
v -10.051909 30.660295 31.615982
v 22.453754 36.141861 -29.721989
v -22.440281 34.296318 -29.688841
v 22.440243 34.296326 -29.688835
v -22.453796 36.141861 -29.721998
v 26.226238 36.141869 -18.023542
v 25.841000 36.141861 -26.334747
v -25.841043 36.141857 -26.334755
v -26.226286 36.141861 -18.023548
v -25.807888 34.296318 -26.321276
v -26.192530 34.296318 -18.023548
v 26.192484 34.296329 -18.023540
v 25.807846 34.296329 -26.321268
v -27.009460 36.141861 1.648888
v 27.009403 36.141861 1.648896
v -19.450933 34.296318 1.648888
v -19.450933 36.141861 1.648888
v -27.009460 34.296326 1.648887
v 27.009403 34.296326 1.648896
v 19.450878 34.296326 1.648894
v 19.450878 36.141861 1.648894
v 19.209673 34.296326 8.585779
v 19.245230 36.141861 8.585780
v 15.596457 36.141861 30.724606
v 18.288582 36.141861 28.032480
v 10.051835 36.141861 31.615982
v 15.582224 34.296326 30.689724
v 18.253700 34.296326 28.018250
v 10.051835 34.296322 31.615982
v -19.245285 36.141861 8.585774
v -19.209728 34.296318 8.585773
v -15.596527 36.141861 30.724600
v -18.288654 36.141861 28.032476
v -10.051907 36.141861 31.615982
v -15.582296 34.296318 30.689714
v -18.253773 34.296318 28.018244
v -10.051907 34.296318 31.615982
v 22.453754 39.777885 -29.721989
v -22.440281 37.932350 -29.688841
v 22.440237 37.932358 -29.688835
v -22.453796 39.777885 -29.721994
v 26.226238 39.777897 -18.023542
v 25.841000 39.777885 -26.334745
v -25.841043 39.777878 -26.334753
v -26.226286 39.777885 -18.023548
v -25.807888 37.932343 -26.321276
v -26.192530 37.932346 -18.023548
v 26.192484 37.932358 -18.023542
v 25.807846 37.932354 -26.321268
v -27.009460 39.777885 1.648887
v 27.009403 39.777897 1.648895
v -19.450933 37.932346 1.648888
v -19.450933 39.777893 1.648888
v -27.009460 37.932346 1.648887
v 27.009403 37.932358 1.648896
v 19.450878 37.932354 1.648895
v 19.450878 39.777897 1.648895
v 19.209673 37.932354 8.585779
v 19.245230 39.777897 8.585779
v 15.596457 39.777893 30.724609
v 18.288582 39.777893 28.032484
v 10.051840 39.777893 31.615986
v 15.582224 37.932354 30.689724
v 18.253700 37.932354 28.018250
v 10.051835 37.932350 31.615982
v -19.245287 39.777885 8.585773
v -19.209730 37.932346 8.585773
v -15.596527 39.777885 30.724604
v -18.288654 39.777885 28.032476
v -10.051907 39.777885 31.615982
v -15.582296 37.932346 30.689714
v -18.253773 37.932346 28.018244
v -10.051907 37.932346 31.615982
v 22.453754 43.413914 -29.721989
v -22.440281 41.568371 -29.688841
v 22.440237 41.568375 -29.688831
v -22.453796 43.413914 -29.721994
v 26.226238 43.413914 -18.023542
v 25.841000 43.413914 -26.334745
v -25.841047 43.413910 -26.334753
v -26.226286 43.413910 -18.023548
v -25.807892 41.568367 -26.321272
v -26.192530 41.568371 -18.023548
v 26.192484 41.568375 -18.023542
v 25.807846 41.568375 -26.321266
v -27.009460 43.413910 1.648887
v 27.009403 43.413921 1.648895
v -19.450933 41.568375 1.648888
v -19.450933 43.413910 1.648887
v -27.009460 41.568367 1.648887
v 27.009403 41.568378 1.648895
v 19.450878 41.568378 1.648895
v 19.450878 43.413921 1.648894
v 19.209673 41.568375 8.585779
v 19.245230 43.413914 8.585779
v 15.596457 43.413914 30.724609
v 18.288588 43.413914 28.032484
v 10.051840 43.413914 31.615986
v 15.582224 41.568375 30.689728
v 18.253700 41.568375 28.018253
v 10.051840 41.568375 31.615986
v -19.245287 43.413910 8.585773
v -19.209730 41.568371 8.585773
v -15.596529 43.413910 30.724604
v -18.288654 43.413910 28.032476
v -10.051907 43.413910 31.615982
v -15.582296 41.568367 30.689718
v -18.253773 41.568367 28.018248
v -10.051907 41.568367 31.615982
v 22.453760 47.049938 -29.721989
v -22.440277 45.204403 -29.688841
v 22.440243 45.204407 -29.688831
v -22.453796 47.049934 -29.721994
v 26.226238 47.049946 -18.023542
v 25.841005 47.049946 -26.334745
v -25.841042 47.049934 -26.334753
v -26.226286 47.049938 -18.023550
v -25.807892 45.204391 -26.321272
v -26.192530 45.204399 -18.023550
v 26.192484 45.204407 -18.023542
v 25.807852 45.204403 -26.321266
v -27.009460 47.049938 1.648886
v 27.009403 47.049946 1.648896
v -19.450933 45.204403 1.648887
v -19.450933 47.049938 1.648888
v -27.009460 45.204399 1.648887
v 27.009403 45.204407 1.648895
v 19.450878 45.204407 1.648894
v 19.450878 47.049946 1.648894
v 19.209673 45.204403 8.585779
v 19.245230 47.049946 8.585778
v 15.596459 47.049938 30.724609
v 18.288588 47.049938 28.032484
v 10.051840 47.049946 31.615986
v 15.582224 45.204403 30.689728
v 18.253706 45.204403 28.018253
v 10.051840 45.204403 31.615986
v -19.245287 47.049938 8.585773
v -19.209730 45.204399 8.585773
v -15.596529 47.049934 30.724604
v -18.288654 47.049934 28.032476
v -10.051907 47.049938 31.615982
v -15.582298 45.204391 30.689718
v -18.253773 45.204399 28.018248
v -10.051907 45.204399 31.615982
v 22.453760 50.685959 -29.721991
v -22.440277 48.840427 -29.688841
v 22.440243 48.840431 -29.688831
v -22.453796 50.685959 -29.721994
v 26.226246 50.685970 -18.023542
v 25.841005 50.685963 -26.334749
v -25.841042 50.685955 -26.334753
v -26.226286 50.685959 -18.023550
v -25.807888 48.840420 -26.321272
v -26.192530 48.840420 -18.023550
v 26.192484 48.840431 -18.023542
v 25.807852 48.840431 -26.321266
v -27.009460 50.685959 1.648886
v 27.009403 50.685970 1.648895
v -19.450933 48.840427 1.648888
v -19.450933 50.685963 1.648888
v -27.009460 48.840420 1.648886
v 27.009403 48.840431 1.648896
v 19.450878 48.840431 1.648894
v 19.450878 50.685970 1.648894
v 19.209673 48.840431 8.585779
v 19.245230 50.685970 8.585779
v 15.596457 50.685963 30.724604
v 18.288582 50.685963 28.032484
v 10.051840 50.685963 31.615982
v 15.582229 48.840427 30.689728
v 18.253706 48.840427 28.018253
v 10.051840 48.840427 31.615986
v -19.245287 50.685959 8.585773
v -19.209730 48.840420 8.585773
v -15.596529 50.685959 30.724596
v -18.288656 50.685959 28.032476
v -10.051911 50.685959 31.615982
v -15.582298 48.840420 30.689718
v -18.253773 48.840420 28.018248
v -10.051909 48.840420 31.615982
v 22.453760 54.321991 -29.721991
v -22.440277 52.476452 -29.688841
v 22.440243 52.476456 -29.688839
v -22.453796 54.321991 -29.721994
v 26.226246 54.321995 -18.023542
v 25.841005 54.321995 -26.334749
v -25.841042 54.321983 -26.334753
v -26.226284 54.321991 -18.023554
v -25.807888 52.476452 -26.321272
v -26.192530 52.476452 -18.023550
v 26.192490 52.476452 -18.023542
v 25.807852 52.476456 -26.321268
v -27.009460 54.321983 1.648887
v 27.009403 54.321999 1.648895
v -19.450933 52.476452 1.648888
v -19.450933 54.321995 1.648887
v -27.009460 52.476444 1.648887
v 27.009403 52.476456 1.648895
v 19.450878 52.476456 1.648895
v 19.450878 54.321999 1.648894
v 19.209673 52.476456 8.585778
v 19.245230 54.321999 8.585778
v 15.596457 54.321995 30.724604
v 18.288588 54.321995 28.032484
v 10.051840 54.321995 31.615982
v 15.582224 52.476452 30.689722
v 18.253700 52.476452 28.018253
v 10.051840 52.476452 31.615982
v -19.245287 54.321991 8.585773
v -19.209730 52.476452 8.585773
v -15.596529 54.321991 30.724596
v -18.288652 54.321991 28.032476
v -10.051911 54.321991 31.615982
v -15.582298 52.476452 30.689714
v -18.253775 52.476452 28.018244
v -10.051911 52.476452 31.615982
v 17.807037 2.960471 23.062304
v 17.807037 2.960466 10.626569
v 28.252045 3.484251 2.891573
v 22.545372 4.899674 4.743383
v 30.103891 4.899674 4.743384
v 22.545372 3.484251 4.743383
v 28.252045 4.899674 2.891573
v 30.103891 3.484251 4.743384
v 20.693560 3.484251 2.891571
v 20.693560 4.899674 2.891572
v 28.252045 0.000014 2.891572
v 27.512655 76.303154 2.152183
v 27.512665 76.303154 -31.393688
v 19.954166 76.303154 2.152182
v 20.693556 0.000014 2.891572
v 19.954157 76.303154 32.390179
v 8.081976 76.303139 23.891388
v 7.342596 0.757716 25.388489
v 7.342591 4.141963 32.371861
v 7.342591 4.141963 34.223671
v 7.342591 4.241947 34.223671
v 7.342591 0.757711 32.371861
v 7.342591 4.241952 32.371861
v 28.252050 63.992268 -32.133076
v 30.103897 4.899679 -25.482450
v 30.103897 3.484255 -25.482450
v 28.252050 4.899683 -27.334301
v 23.453276 4.899683 -32.133080
v 21.601465 4.899683 -33.984890
v 21.601465 3.484255 -33.984890
v 23.453276 3.484255 -32.133080
v 28.252050 0.000019 -27.334301
v 28.252050 3.484260 -27.334301
v 23.453276 0.000019 -32.133080
v 20.693550 2.960471 10.626569
v 17.807037 0.000014 10.626569
v 20.693550 0.000014 10.626569
v 20.693550 2.960466 23.062304
v 17.807037 0.000014 23.062304
v 20.693550 0.000014 23.062304
v 7.342591 36.985168 30.410593
v 9.303849 37.742870 33.129566
v 8.081976 76.303146 30.862028
v 9.610125 76.303146 32.390179
v 7.342591 36.985161 32.371857
v 15.318077 3.484246 34.404987
v 16.593496 3.484246 33.129574
v 21.968967 4.899674 27.754105
v 20.693550 4.899674 29.029524
v 21.968967 3.484246 27.754105
v 20.693550 3.484246 29.029524
v 16.593496 0.000009 33.129574
v 16.593496 4.899669 33.129574
v 20.693550 57.212250 33.129566
v 16.593496 55.791271 33.129566
v 20.693550 0.000009 29.029524
v 20.693550 55.791271 29.029522
v 15.318077 4.899669 34.404987
v -17.807104 2.960461 23.062298
v -17.807100 2.960461 10.626563
v -28.252100 3.484241 2.891564
v -22.545424 4.899665 4.743375
v -30.103943 4.899665 4.743374
v -22.545424 3.484241 4.743375
v -28.252100 4.899665 2.891564
v -30.103943 3.484241 4.743375
v -20.693613 3.484241 2.891564
v -20.693613 4.899665 2.891564
v -28.252100 0.000000 2.891564
v -27.512707 76.303139 2.152174
v -27.512699 76.303146 -31.393692
v -19.954220 76.303146 2.152175
v -20.693611 0.000005 2.891565
v -19.954231 76.303146 32.390175
v -8.082047 76.303139 23.891384
v -7.342658 0.757711 25.388489
v -7.342661 4.141958 32.371857
v -7.342661 4.141958 34.223667
v -7.342661 4.241943 34.223667
v -7.342661 0.757706 32.371857
v -7.342661 4.241943 32.371857
v -28.252087 63.992256 -32.133080
v -30.103933 4.899669 -25.482460
v -30.103933 3.484241 -25.482460
v -28.252087 4.899674 -27.334309
v -23.453312 4.899674 -32.133076
v -21.601501 4.899674 -33.984886
v -21.601501 3.484246 -33.984886
v -23.453312 3.484246 -32.133076
v -28.252094 0.000009 -27.334309
v -28.252087 3.484246 -27.334309
v -23.453312 0.000009 -32.133076
v -20.693613 2.960461 10.626563
v -17.807098 0.000005 10.626563
v -20.693613 0.000005 10.626563
v -20.693615 2.960457 23.062300
v -17.807104 0.000005 23.062298
v -20.693615 0.000005 23.062300
v -7.342661 36.985168 30.410593
v -9.303921 37.742867 33.129566
v -8.082051 76.303146 30.862024
v -9.610201 76.303146 32.390179
v -7.342661 36.985161 32.371853
v -15.318150 3.484236 34.404984
v -16.593567 3.484236 33.129566
v -21.969034 4.899660 27.754099
v -20.693617 4.899660 29.029522
v -21.969034 3.484236 27.754099
v -20.693617 3.484236 29.029522
v -16.593567 0.000000 33.129566
v -16.593567 4.899665 33.129566
v -20.693617 57.212246 33.129566
v -16.593569 55.791264 33.129562
v -20.693617 0.000000 29.029522
v -20.693615 55.791264 29.029518
v -15.318150 4.899665 34.404984
v 20.693550 54.321991 29.029522
v 16.593496 50.685970 33.129566
v 16.593496 54.321991 33.129566
v 16.593496 52.476452 33.129566
v 10.051840 50.685963 33.129566
v 10.051840 54.321995 33.129566
v 10.051840 52.476452 33.129566
v -10.051909 48.840420 33.129566
v -16.593569 52.476444 33.129562
v -10.051911 52.476452 33.129566
v -16.593569 54.321980 33.129562
v -10.051911 50.685959 33.129566
v -10.051911 54.321991 33.129566
v -20.693615 54.321995 29.029518
v -20.693615 52.476452 29.029518
v 16.593498 47.049946 33.129574
v 16.593496 45.204403 33.129574
v 16.593498 48.840420 33.129574
v 10.051840 47.049946 33.129570
v 10.051840 48.840427 33.129570
v 10.051840 45.204403 33.129570
v 10.051840 41.568375 33.129570
v -10.051909 47.049934 33.129566
v -16.593567 47.049934 33.129566
v -16.593567 45.204391 33.129566
v -10.051907 43.413910 33.129566
v -10.051909 45.204399 33.129566
v -16.593567 50.685959 33.129562
v -16.593567 48.840420 33.129566
v -16.593567 43.413910 33.129566
v 16.593496 39.777893 33.129574
v 16.593496 43.413914 33.129574
v 16.593496 41.568375 33.129574
v 16.593496 37.932354 33.129570
v 10.051840 43.413914 33.129570
v 10.051840 39.777893 33.129570
v 10.051835 37.932346 33.129566
v -10.051907 37.932343 33.129566
v -16.593567 39.777885 33.129566
v -10.051907 39.777885 33.129566
v -16.593567 37.932343 33.129562
v -16.593567 41.568367 33.129566
v -10.051907 41.568367 33.129566
v 16.593496 36.141869 33.129570
v 16.593496 32.505848 33.129570
v 16.593496 34.296326 33.129570
v 10.051835 32.505840 33.129566
v 10.051835 36.141861 33.129566
v 10.051835 34.296318 33.129566
v 10.051835 30.660295 33.129566
v -10.051907 34.296318 33.129566
v -16.593567 34.296318 33.129562
v -10.051907 36.141861 33.129566
v -10.051909 32.505840 33.129566
v -16.593569 32.505836 33.129562
v -10.051909 30.660295 33.129566
v -16.593567 36.141861 33.129562
v -20.693621 36.141861 29.029518
v -20.693621 34.296318 29.029518
v 16.593496 25.233793 33.129570
v 16.593496 30.660299 33.129570
v 16.593496 28.869816 33.129570
v 16.593496 27.024277 33.129570
v 10.051835 25.233793 33.129566
v 10.051835 27.024273 33.129566
v 10.051840 28.869812 33.129566
v -10.051909 25.233793 33.129566
v -16.593569 27.024269 33.129566
v -16.593569 30.660295 33.129562
v -10.051909 27.024273 33.129566
v -10.051909 23.388252 33.129566
v -10.051909 28.869812 33.129566
v -16.593569 28.869810 33.129566
v 20.693546 23.388256 29.029522
v 16.593496 21.597767 33.129570
v 16.593496 23.388256 33.129570
v 10.051835 21.597761 33.129566
v 10.051835 23.388252 33.129566
v 10.051835 19.752220 33.129566
v -10.051909 21.597761 33.129566
v -16.593569 25.233789 33.129566
v -16.593569 21.597759 33.129566
v -10.051909 19.752220 33.129566
v -16.593569 23.388248 33.129566
v -20.693621 23.388248 29.029522
v 20.693546 14.325714 29.029522
v 16.593496 17.961742 33.129570
v 16.593496 16.116199 33.129570
v 16.593496 19.752226 33.129570
v 10.051835 17.961740 33.129566
v 10.051835 16.116198 33.129566
v 10.051835 14.325710 33.129566
v -10.051909 17.961740 33.129566
v -10.051909 16.116194 33.129566
v -10.051909 14.325710 33.129566
v -16.593567 16.116190 33.129566
v -16.593567 19.752218 33.129566
v -16.593567 17.961733 33.129566
v 20.693546 10.689692 29.029522
v 16.593496 14.325714 33.129570
v 16.593496 10.689687 33.129566
v 16.593496 8.844151 33.129574
v 16.593496 12.480173 33.129570
v 10.051835 10.689692 33.129566
v 10.051835 8.844151 33.129570
v 10.051835 12.480171 33.129566
v -10.051909 8.844141 33.129566
v -10.051909 10.689682 33.129566
v -16.593567 8.844141 33.129566
v -10.051907 12.480171 33.129566
v -16.593567 14.325710 33.129566
v -16.593567 12.480169 33.129566
v -16.593571 10.689682 33.129562
v 20.693550 50.685959 29.029522
v 20.693550 48.840427 29.029524
v 20.693550 45.204403 29.029524
v 20.693550 47.049934 29.029524
v 20.693550 43.413910 29.029524
v 20.693546 41.568375 29.029524
v 20.693546 39.777885 29.029524
v 20.693546 34.296326 29.029522
v 20.693546 36.141861 29.029522
v 20.693546 30.660299 29.029522
v 20.693546 28.869812 29.029522
v 20.693546 25.233793 29.029522
v 20.693546 21.597767 29.029522
v 20.693546 27.024277 29.029522
v 20.693546 16.116199 29.029522
v 20.693546 19.752226 29.029522
v 20.693546 12.480173 29.029522
v 20.693550 52.476456 29.029522
v -20.693621 41.568367 29.029522
v 20.693546 37.932358 29.029522
v 20.693546 32.505840 29.029522
v -20.693621 27.024269 29.029522
v 20.693546 17.961742 29.029522
v 20.693546 8.844151 29.029524
v -20.693617 12.480164 29.029522
v -20.693615 48.840412 29.029522
v -20.693615 50.685963 29.029518
v -20.693615 45.204399 29.029522
v -20.693615 43.413910 29.029522
v -20.693615 47.049938 29.029522
v -20.693621 39.777893 29.029522
v -20.693621 37.932346 29.029518
v -20.693621 32.505840 29.029518
v -20.693621 30.660295 29.029518
v -20.693621 28.869810 29.029522
v -20.693621 25.233789 29.029522
v -20.693621 21.597765 29.029522
v -20.693621 19.752218 29.029522
v -20.693617 16.116190 29.029522
v -20.693617 17.961733 29.029522
v -20.693617 14.325710 29.029522
v -20.693617 8.844141 29.029522
v -20.693617 10.689682 29.029518
v -20.693611 52.476452 2.891563
v -20.693611 48.840420 2.891564
v -20.693611 45.204403 2.891563
v -20.693611 41.568375 2.891563
v -20.693611 37.932350 2.891564
v -20.693611 34.296318 2.891564
v -20.693611 30.660295 2.891564
v -20.693611 27.024269 2.891564
v -20.693613 19.752218 2.891564
v -20.693613 16.116188 2.891564
v -20.693613 12.480166 2.891565
v -20.693613 8.844146 2.891565
v 28.252045 54.321995 2.891572
v 28.252045 52.476456 2.891571
v 28.252045 48.840431 2.891571
v 28.252045 41.568375 2.891572
v 28.252045 36.141861 2.891572
v 28.252045 32.505840 2.891572
v 28.252045 28.869816 2.891573
v 28.252045 30.660299 2.891572
v 28.252045 27.024277 2.891573
v 28.252037 19.752226 2.891572
v 28.252045 16.116203 2.891573
v 28.252045 17.961742 2.891572
v 28.252045 14.325717 2.891573
v 28.252045 12.480177 2.891572
v 28.252045 8.844155 2.891573
v 28.252045 50.685963 2.891571
v 28.252045 45.204403 2.891572
v 28.252045 47.049946 2.891572
v 28.252045 43.413914 2.891572
v 20.693556 43.413921 2.891570
v 28.252045 37.932358 2.891571
v 28.252045 39.777897 2.891571
v 28.252045 34.296318 2.891572
v 28.252037 25.233797 2.891572
v 28.252037 21.597767 2.891572
v 28.252037 23.388256 2.891572
v 20.693556 14.325717 2.891571
v 28.252045 10.689696 2.891572
v 20.693556 52.476456 2.891570
v 20.693556 54.321999 2.891570
v 20.693556 47.049946 2.891571
v 20.693556 48.840431 2.891571
v 20.693556 45.204407 2.891570
v 20.693556 50.685970 2.891571
v 20.693556 37.932354 2.891571
v 20.693556 39.777897 2.891571
v 20.693556 36.141861 2.891571
v 20.693556 41.568378 2.891570
v 20.693556 34.296326 2.891571
v 20.693556 32.505840 2.891572
v 20.693556 27.024277 2.891571
v 20.693556 28.869816 2.891571
v 20.693556 30.660299 2.891572
v 20.693556 23.388256 2.891571
v 20.693556 25.233793 2.891571
v 20.693556 17.961740 2.891572
v 20.693550 21.597767 2.891571
v 20.693550 19.752226 2.891572
v 20.693556 16.116203 2.891571
v 20.693560 8.844151 2.891572
v 20.693560 10.689692 2.891572
v 20.693560 12.480177 2.891572
v -20.693611 54.321991 2.891563
v -20.693613 17.961733 2.891564
v -20.693613 10.689682 2.891565
v -20.693611 28.869810 2.891564
v -20.693607 23.388248 2.891564
v -20.693611 50.685959 2.891564
v -20.693611 47.049934 2.891564
v -20.693611 43.413914 2.891563
v -20.693611 39.777893 2.891564
v -20.693611 36.141861 2.891564
v -20.693611 32.505836 2.891564
v -20.693613 21.597759 2.891564
v -20.693611 25.233786 2.891564
v -20.693613 14.325707 2.891564
v -28.252096 54.321980 2.891563
v -28.252096 50.685955 2.891562
v -28.252096 52.476444 2.891562
v -28.252096 47.049934 2.891562
v -28.252096 48.840412 2.891562
v -28.252096 45.204391 2.891562
v -28.252096 41.568367 2.891563
v -28.252096 43.413910 2.891563
v -28.252096 39.777885 2.891562
v -28.252096 34.296318 2.891563
v -28.252096 37.932346 2.891562
v -28.252096 36.141857 2.891563
v -28.252096 27.024269 2.891563
v -28.252096 32.505836 2.891563
v -28.252096 30.660295 2.891563
v -28.252096 28.869806 2.891563
v -28.252100 21.597759 2.891563
v -28.252096 25.233789 2.891562
v -28.252096 23.388248 2.891563
v -28.252100 19.752218 2.891563
v -28.252100 16.116188 2.891564
v -28.252100 14.325707 2.891564
v -28.252100 17.961733 2.891563
v -28.252100 10.689682 2.891564
v -28.252100 12.480166 2.891564
v -28.252100 8.844141 2.891563
v 28.252050 50.685963 -27.334305
v 28.252050 48.840427 -27.334301
v 28.252045 41.568371 -27.334301
v 28.252050 43.413914 -27.334301
v 28.252045 32.505848 -27.334301
v 28.252045 36.141869 -27.334301
v 28.252045 34.296329 -27.334301
v 28.252045 28.869823 -27.334299
v 28.252050 27.024281 -27.334299
v 28.252045 30.660305 -27.334301
v 28.252050 23.388256 -27.334299
v 28.252050 25.233793 -27.334299
v 28.252050 17.961737 -27.334299
v 28.252050 16.116199 -27.334299
v 28.252050 14.325727 -27.334299
v 28.252050 12.480177 -27.334299
v 28.252050 52.476456 -27.334305
v 28.252050 54.321999 -27.334305
v 28.252050 47.049946 -27.334301
v 28.252050 45.204407 -27.334301
v 28.252045 39.777897 -27.334301
v 28.252045 37.932354 -27.334301
v 28.252050 21.597767 -27.334299
v 28.252050 19.752230 -27.334299
v 28.252050 10.689701 -27.334301
v 28.252050 8.844155 -27.334301
v 23.453276 54.321995 -32.133080
v 23.453276 52.476456 -32.133080
v 23.453276 25.233789 -32.133076
v 23.453276 23.388252 -32.133076
v 23.453276 19.752228 -32.133076
v 23.453276 21.597765 -32.133076
v 23.453276 12.480183 -32.133076
v 23.453276 14.325719 -32.133076
v 23.453276 10.689692 -32.133080
v 23.453276 8.844160 -32.133080
v -23.453312 12.480169 -32.133080
v -23.453312 21.597761 -32.133080
v -23.453312 19.752220 -32.133080
v -23.453312 8.844151 -32.133076
v -23.453312 10.689687 -32.133080
v -28.252087 52.476452 -27.334309
v -28.252087 48.840420 -27.334309
v -28.252094 45.204399 -27.334309
v -28.252090 41.568367 -27.334309
v -28.252090 34.296318 -27.334311
v -28.252090 37.932343 -27.334311
v -28.252090 19.752220 -27.334311
v -28.252090 16.116198 -27.334311
v -28.252087 12.480164 -27.334311
v -28.252087 8.844146 -27.334309
v -28.252087 54.321991 -27.334309
v -28.252087 50.685955 -27.334309
v -28.252087 47.049938 -27.334309
v -28.252094 43.413910 -27.334309
v -28.252090 39.777885 -27.334309
v -28.252090 36.141861 -27.334311
v -28.252090 30.660294 -27.334311
v -28.252090 32.505836 -27.334311
v -28.252090 28.869812 -27.334311
v -28.252090 23.388243 -27.334311
v -28.252090 25.233782 -27.334311
v -28.252090 27.024273 -27.334311
v -28.252090 21.597757 -27.334311
v -28.252090 17.961727 -27.334311
v -28.252087 10.689687 -27.334312
v -28.252090 14.325719 -27.334311
v 23.453276 48.840431 -32.133072
v 23.453276 45.204407 -32.133072
v 23.453276 39.777893 -32.133072
v 23.453276 37.932358 -32.133076
v 23.453276 36.141865 -32.133076
v 23.453276 34.296326 -32.133076
v -23.453316 41.568375 -32.133080
v -23.453316 36.141861 -32.133080
v -23.453310 45.204403 -32.133080
v -23.453310 43.413914 -32.133080
v -23.453316 32.505836 -32.133080
v -23.453316 34.296318 -32.133080
v 23.453276 28.869820 -32.133076
v 23.453276 17.961733 -32.133076
v 23.453276 27.024279 -32.133076
v 23.453276 16.116199 -32.133076
v -23.453310 52.476452 -32.133080
v -23.453312 14.325714 -32.133080
v -23.453312 23.388245 -32.133080
v -23.453312 27.024273 -32.133080
v -23.453312 25.233788 -32.133080
v -23.453312 54.321995 -32.133080
v -23.453312 28.869812 -32.133080
v 23.453276 43.413914 -32.133072
v 23.453276 47.049946 -32.133072
v 23.453276 41.568378 -32.133072
v 23.453276 50.685970 -32.133080
v -23.453316 30.660295 -32.133080
v -23.453310 47.049946 -32.133080
v -23.453316 39.777885 -32.133080
v -23.453316 37.932354 -32.133080
v 23.453276 30.660303 -32.133076
v 23.453276 32.505844 -32.133076
v -23.453310 50.685959 -32.133080
v -23.453310 48.840427 -32.133080
v -23.453312 17.961733 -32.133080
v -23.453312 16.116190 -32.133080
v 23.453272 61.967445 -32.133080
v 23.453272 59.816246 -32.133080
v 23.453276 57.970711 -32.133080
v -23.453312 59.816238 -32.133080
v -23.453312 61.967442 -32.133080
v -28.252087 69.960938 -32.133080
v -23.453312 57.970703 -32.133080
v 28.252050 71.806488 -32.133080
v 28.252050 69.960938 -32.133080
v 28.252050 67.809738 -32.133072
v 28.252050 65.964195 -32.133072
v -28.252087 65.964188 -32.133080
v -28.252087 71.806480 -32.133080
v -28.252087 67.809731 -32.133080
v 27.824121 63.812988 -32.133076
v 28.252050 63.812988 -31.705105
v -27.824121 63.812977 -32.133080
v -28.252087 63.812977 -31.705114
v 28.252045 61.967445 -27.334305
v 28.252045 59.816246 -27.334305
v 28.252045 65.964195 2.891571
v 28.252050 57.970711 -27.334305
v 28.252045 69.960938 2.891571
v -28.252087 61.967445 -27.334309
v -28.252087 59.816238 -27.334309
v -28.252087 57.970695 -27.334309
v -28.252096 59.816231 2.891562
v -28.252100 67.809731 2.891562
v -28.252100 63.812977 2.891562
v -28.252100 65.964188 2.891561
v 28.252045 59.816246 2.891571
v 28.252045 61.967445 2.891571
v 28.252045 67.809738 2.891572
v 28.252045 57.970711 2.891571
v 28.252045 63.812988 2.891571
v 28.252045 71.806488 2.891571
v 20.693556 67.809738 2.891570
v 20.693556 71.806496 2.891570
v 20.693556 69.960938 2.891570
v -20.693607 71.806480 2.891563
v -20.693607 69.960938 2.891563
v -20.693613 67.809731 2.891563
v -28.252096 71.806465 2.891562
v -28.252096 69.960938 2.891562
v -28.252100 61.967442 2.891562
v -28.252096 57.970692 2.891562
v 20.693556 63.812988 2.891570
v 20.693556 65.964188 2.891570
v 20.693556 61.967445 2.891569
v 20.693556 59.816246 2.891571
v 20.693556 57.970711 2.891570
v -20.693611 61.967445 2.891562
v -20.693613 63.812988 2.891563
v -20.693613 65.964188 2.891563
v -20.693611 57.970711 2.891563
v -20.693611 59.816238 2.891564
v 20.693546 69.960938 33.129566
v 20.693539 65.964188 33.129570
v 20.693539 61.967445 33.129566
v 20.693539 63.812988 33.129566
v 20.693539 59.816238 33.129566
v -20.693621 71.806465 33.129566
v -20.693617 69.960938 33.129566
v -20.693617 67.809731 33.129566
v 20.693546 67.809738 33.129570
v 20.693546 71.806480 33.129566
v 20.693550 57.970703 33.129566
v 11.180892 61.967445 33.129566
v 11.180897 57.970703 33.129566
v 11.180892 63.812988 33.129566
v 11.180892 65.964188 33.129566
v 11.180892 67.809731 33.129566
v 11.180892 71.806480 33.129566
v 11.180892 69.960938 33.129566
v 11.180892 59.816238 33.129566
v -11.180966 65.964180 33.129566
v -20.693617 65.964188 33.129566
v -11.180970 71.806465 33.129566
v -11.180967 67.809723 33.129566
v -11.180966 59.816238 33.129566
v -11.180966 57.970695 33.129566
v -20.693617 63.812977 33.129566
v -11.180966 63.812977 33.129566
v -11.180970 69.960938 33.129566
v -20.693617 61.967442 33.129566
v -20.693617 57.970695 33.129566
v -11.180966 61.967442 33.129566
v -20.693617 59.816231 33.129566
v 7.342588 75.545441 25.388489
v 7.342588 75.545448 30.410593
v 9.303849 76.303146 33.129566
v 28.252037 76.303154 2.891571
v 28.252050 76.303154 -32.133080
v 20.693550 76.303154 2.891570
v 20.693546 76.303154 33.129566
v -7.342661 75.545433 25.388487
v -7.342663 75.545441 30.410593
v -9.303928 76.303146 33.129566
v -28.252096 76.303139 2.891561
v -28.252087 76.303146 -32.133080
v -20.693607 76.303146 2.891563
v -20.693621 76.303146 33.129566
v 8.597956 80.592117 23.375410
v 8.597956 80.592133 30.648308
v 9.823846 80.592133 31.874201
v 26.996668 80.592140 1.636203
v 26.996685 80.592140 -30.877707
v 19.438181 80.592140 1.636202
v 19.438179 80.592133 31.874205
v -8.598028 80.592133 23.375408
v -8.598028 80.592133 30.648304
v -9.823922 80.592133 31.874197
v -26.996725 80.592133 1.636195
v -26.996721 80.592133 -30.877710
v -19.438240 80.592133 1.636196
v -19.438251 80.592133 31.874191
v 8.081976 80.592117 23.891388
v 8.081976 80.592133 30.862028
v 9.610125 80.592133 32.390179
v 27.512650 80.592140 2.152182
v 27.512665 80.592140 -31.393688
v 19.954163 80.592140 2.152182
v 19.954157 80.592133 32.390179
v -8.082047 80.592133 23.891384
v -8.082047 80.592133 30.862024
v -9.610201 80.592133 32.390179
v -27.512707 80.592133 2.152174
v -27.512699 80.592133 -31.393692
v -19.954220 80.592133 2.152175
v -19.954231 80.592133 32.390175
v 8.597956 76.609413 23.375410
v 8.597956 76.609428 30.648308
v 9.823846 76.609428 31.874201
v 26.996675 76.609428 1.636204
v 26.996685 76.609428 -30.877707
v 19.438189 76.609428 1.636202
v 19.438179 76.609428 31.874205
v -8.598028 76.609406 23.375408
v -8.598030 76.609421 30.648304
v -9.823922 76.609421 31.874197
v -26.996725 76.609413 1.636194
v -26.996721 76.609421 -30.877710
v -19.438240 76.609421 1.636196
v -19.438251 76.609413 31.874191
v 6.565352 75.525917 24.630777
v 6.565360 0.777231 24.630779
v 7.342591 4.899669 33.129570
v 7.342591 4.899669 34.981384
v 7.342591 3.484246 34.981384
v 7.342591 3.484246 33.129570
v 7.342588 76.303146 31.168306
v 7.342591 37.742863 33.129566
v 7.342591 0.000009 33.129570
v 7.342591 37.742870 31.168306
v -6.565425 75.525917 24.630774
v -6.565422 0.777222 24.630777
v -7.342661 4.899665 33.129566
v -7.342661 4.899665 34.981380
v -7.342661 3.484236 34.981380
v -7.342661 3.484236 33.129566
v -7.342663 76.303146 31.168304
v -7.342661 37.742859 33.129566
v -7.342661 0.000000 33.129566
v -7.342661 37.742870 31.168304
v 8.125907 4.241952 32.371861
v 8.125907 4.241947 34.223671
v 8.125907 4.141963 34.223671
v 8.125907 4.141963 32.371861
v 8.125907 36.985161 32.371857
v 8.125907 36.985168 30.410593
v 8.125907 75.545448 30.410593
v 8.125907 75.545441 25.388489
v 8.125912 0.757716 25.388489
v 8.125907 0.757711 32.371861
v -8.125979 4.241943 32.371857
v -8.125979 0.757706 32.371857
v -8.125977 0.757711 25.388489
v -8.125979 75.545433 25.388487
v -8.125981 75.545441 30.410593
v -8.125977 36.985168 30.410593
v -8.125977 36.985161 32.371853
v -8.125979 4.141958 32.371857
v -8.125979 4.141958 34.223667
v -8.125979 4.241943 34.223667
v 7.342588 76.303139 24.630777
v 7.342596 0.000009 24.630779
v -7.342661 76.303139 24.630774
v -7.342658 0.000005 24.630777
v 6.565352 75.525917 23.039434
v 6.565360 0.777231 23.039434
v -6.565425 75.525917 23.039431
v -6.565422 0.777222 23.039434
v 15.318077 3.484246 34.404987
v 15.069738 3.484246 34.981384
v 15.069738 4.899669 34.981384
v 15.318077 4.899669 34.404987
v 21.968967 4.899674 27.754105
v 22.545361 4.899674 27.505768
v 22.545361 3.484246 27.505768
v 21.968967 3.484246 27.754105
v -14.685964 3.484236 34.981377
v -15.318150 3.484236 34.404984
v -15.318150 4.899665 34.404984
v -14.685964 4.899665 34.981377
v -22.545427 4.899660 27.121912
v -21.969034 4.899660 27.754099
v -21.969034 3.484236 27.754099
v -22.545427 3.484236 27.121912
v 28.528402 0.003332 -24.607403
v 28.528402 3.027873 -24.607403
v 28.274578 0.003332 -24.607403
v 28.274578 3.027873 -24.607403
v 28.528402 0.003332 -23.238153
v 28.274578 3.027873 -23.238153
v 28.528402 3.027873 -23.238153
v 28.274578 0.003332 -23.238153
v 28.528402 0.116111 -24.535952
v 28.528402 2.915094 -24.535952
v 28.528402 2.915094 -23.449547
v 28.528402 0.116111 -23.449547
v 28.395258 0.116111 -24.535952
v 28.395258 2.915094 -24.535952
v 28.395258 0.116111 -23.449547
v 28.395258 2.915094 -23.449547
v 28.480791 0.863403 -23.293125
v 28.480791 2.167803 -23.293125
v 28.480791 0.863403 -23.387068
v 28.480791 2.167803 -23.387068
v 28.543083 0.863403 -23.293125
v 28.584988 0.905311 -23.293125
v 28.584988 2.125895 -23.293125
v 28.543083 2.167803 -23.293125
v 28.584988 0.905311 -23.387068
v 28.543083 0.863403 -23.387068
v 28.543083 2.167803 -23.387068
v 28.584988 2.125895 -23.387068
v 28.528402 0.003332 -21.868942
v 28.528402 3.027873 -21.868942
v 28.274578 0.003332 -21.868942
v 28.274578 3.027873 -21.868942
v 28.528402 0.116111 -21.940395
v 28.528402 2.915094 -21.940395
v 28.528402 2.915094 -23.026762
v 28.528402 0.116111 -23.026762
v 28.395258 0.116111 -21.940395
v 28.395258 2.915094 -21.940395
v 28.395258 0.116111 -23.026762
v 28.395258 2.915094 -23.026762
v 28.480791 0.863403 -23.183186
v 28.480791 2.167803 -23.183186
v 28.480791 0.863403 -23.089239
v 28.480791 2.167803 -23.089239
v 28.543083 0.863403 -23.183186
v 28.584988 0.905311 -23.183186
v 28.584988 2.125895 -23.183186
v 28.543083 2.167803 -23.183186
v 28.584988 0.905311 -23.089239
v 28.543083 0.863403 -23.089239
v 28.543083 2.167803 -23.089239
v 28.584988 2.125895 -23.089239
v 27.943750 3.045248 -21.870934
v 27.943750 3.045248 -24.605413
v 28.813313 0.000019 -25.542154
v 28.813313 3.762037 -25.542154
v 28.813313 0.000014 -20.934195
v 28.813313 3.762033 -20.934195
v 27.897717 0.000019 -25.542154
v 27.897717 3.762037 -25.542154
v 27.897717 0.000014 -20.934195
v 27.897717 3.762033 -20.934195
v 28.813313 3.045248 -21.870934
v 27.943750 0.000019 -21.870934
v 27.943750 0.000019 -24.605413
v 28.813313 3.045248 -24.605413
v 28.813313 0.000019 -21.870934
v 28.813313 0.000019 -24.605413
v 28.528399 0.003328 -14.781604
v 28.528399 3.027869 -14.781604
v 28.274576 0.003328 -14.781604
v 28.274576 3.027869 -14.781604
v 28.528399 0.003328 -16.150816
v 28.274576 3.027869 -16.150816
v 28.528399 3.027869 -16.150816
v 28.274576 0.003328 -16.150816
v 28.528399 0.116107 -14.853057
v 28.528399 2.915090 -14.853057
v 28.528399 2.915090 -15.939424
v 28.528399 0.116107 -15.939424
v 28.395254 0.116107 -14.853057
v 28.395254 2.915090 -14.853057
v 28.395254 0.116107 -15.939424
v 28.395254 2.915090 -15.939424
v 28.480787 0.863403 -16.095846
v 28.480787 2.167798 -16.095846
v 28.480787 0.863403 -16.001902
v 28.480787 2.167798 -16.001902
v 28.543076 0.863403 -16.095846
v 28.584980 0.905306 -16.095846
v 28.584980 2.125890 -16.095846
v 28.543076 2.167798 -16.095846
v 28.584980 0.905306 -16.001902
v 28.543076 0.863403 -16.001902
v 28.543076 2.167798 -16.001902
v 28.584980 2.125890 -16.001902
v 28.528402 0.003328 -17.520063
v 28.528402 3.027869 -17.520063
v 28.274578 0.003328 -17.520063
v 28.274578 3.027869 -17.520063
v 28.528402 0.116107 -17.448610
v 28.528402 2.915090 -17.448610
v 28.528399 2.915090 -16.362209
v 28.528402 0.116107 -16.362209
v 28.395258 0.116107 -17.448610
v 28.395258 2.915090 -17.448610
v 28.395258 0.116107 -16.362209
v 28.395254 2.915090 -16.362209
v 28.480787 0.863403 -16.205786
v 28.480787 2.167798 -16.205786
v 28.480787 0.863403 -16.299730
v 28.480787 2.167798 -16.299730
v 28.543076 0.863403 -16.205786
v 28.584980 0.905306 -16.205786
v 28.584980 2.125890 -16.205786
v 28.543076 2.167798 -16.205786
v 28.584980 0.905306 -16.299730
v 28.543076 0.863403 -16.299730
v 28.543076 2.167798 -16.299730
v 28.584980 2.125890 -16.299730
v 27.943750 3.045244 -17.518074
v 27.943743 3.045244 -14.783555
v 28.813307 0.000014 -13.846856
v 28.813307 3.762033 -13.846856
v 28.813313 0.000014 -18.454813
v 28.813313 3.762033 -18.454813
v 27.897709 0.000014 -13.846856
v 27.897709 3.762033 -13.846856
v 27.897717 0.000014 -18.454813
v 27.897717 3.762033 -18.454813
v 28.813313 3.045244 -17.518074
v 27.943787 0.000014 -17.518074
v 27.943743 0.000014 -14.783555
v 28.813307 3.045244 -14.783555
v 28.813313 0.000014 -17.518074
v 28.813307 0.000014 -14.783555
v 28.528391 0.003328 0.164677
v 28.528399 3.027869 0.164676
v 28.274572 0.003328 0.164677
v 28.274576 3.027869 0.164676
v 28.528399 0.003328 -1.204572
v 28.274576 3.027869 -1.204573
v 28.528399 3.027869 -1.204573
v 28.274576 0.003328 -1.204572
v 28.528391 0.116107 0.093187
v 28.528399 2.915094 0.093186
v 28.528399 2.915094 -0.993180
v 28.528399 0.116107 -0.993179
v 28.395247 0.116107 0.093187
v 28.395254 2.915094 0.093186
v 28.395254 0.116107 -0.993179
v 28.395254 2.915094 -0.993180
v 28.480787 0.863403 -1.149603
v 28.480787 2.167798 -1.149603
v 28.480787 0.863403 -1.055659
v 28.480787 2.167798 -1.055659
v 28.543076 0.863403 -1.149603
v 28.584980 0.905306 -1.149603
v 28.584980 2.125890 -1.149603
v 28.543076 2.167798 -1.149603
v 28.584980 0.905306 -1.055659
v 28.543076 0.863403 -1.055659
v 28.543076 2.167798 -1.055659
v 28.584980 2.125890 -1.055659
v 28.528399 0.003328 -2.573822
v 28.528399 3.027869 -2.573822
v 28.274576 0.003328 -2.573822
v 28.274576 3.027869 -2.573822
v 28.528399 0.116107 -2.502332
v 28.528399 2.915094 -2.502331
v 28.528399 2.915094 -1.415966
v 28.528399 0.116107 -1.415965
v 28.395254 0.116107 -2.502332
v 28.395254 2.915094 -2.502331
v 28.395254 0.116107 -1.415965
v 28.395254 2.915094 -1.415966
v 28.480787 0.863403 -1.259543
v 28.480787 2.167798 -1.259543
v 28.480787 0.863403 -1.353486
v 28.480787 2.167798 -1.353487
v 28.543076 0.863403 -1.259543
v 28.584980 0.905306 -1.259543
v 28.584980 2.125890 -1.259543
v 28.543076 2.167798 -1.259543
v 28.584980 0.905306 -1.353486
v 28.543076 0.863403 -1.353486
v 28.543076 2.167798 -1.353487
v 28.584980 2.125890 -1.353487
v 27.943743 3.045244 -2.571832
v 27.943743 3.045244 0.162686
v 28.813307 0.000014 1.099387
v 28.813307 3.762033 1.099387
v 28.813307 0.000014 -3.508531
v 28.813307 3.762033 -3.508533
v 27.897703 0.000014 1.099388
v 27.897709 3.762033 1.099387
v 27.897709 0.000014 -3.508531
v 27.897709 3.762033 -3.508533
v 28.813307 3.045244 -2.571832
v 27.943743 0.000014 -2.571832
v 27.943737 0.000014 0.162687
v 28.813307 3.045244 0.162686
v 28.813307 0.000014 -2.571832
v 28.813307 0.000014 0.162687
v 28.528399 0.003328 -9.661160
v 28.528399 3.027869 -9.661160
v 28.274576 0.003328 -9.661160
v 28.274576 3.027869 -9.661160
v 28.528399 0.003328 -8.291910
v 28.274576 3.027869 -8.291910
v 28.528399 3.027869 -8.291910
v 28.274576 0.003328 -8.291910
v 28.528399 0.116107 -9.589669
v 28.528399 2.915094 -9.589669
v 28.528399 2.915094 -8.503304
v 28.528399 0.116107 -8.503304
v 28.395254 0.116107 -9.589669
v 28.395254 2.915090 -9.589669
v 28.395254 0.116107 -8.503304
v 28.395254 2.915094 -8.503304
v 28.480787 0.863403 -8.346880
v 28.480787 2.167798 -8.346880
v 28.480787 0.863403 -8.440825
v 28.480787 2.167798 -8.440825
v 28.543076 0.863403 -8.346880
v 28.584980 0.905306 -8.346880
v 28.584980 2.125890 -8.346880
v 28.543076 2.167798 -8.346880
v 28.584980 0.905306 -8.440825
v 28.543076 0.863403 -8.440825
v 28.543076 2.167798 -8.440825
v 28.584980 2.125890 -8.440825
v 28.528399 0.003328 -6.922662
v 28.528399 3.027869 -6.922661
v 28.274576 0.003328 -6.922662
v 28.274576 3.027869 -6.922661
v 28.528399 0.116107 -6.994152
v 28.528399 2.915094 -6.994152
v 28.528399 2.915094 -8.080517
v 28.528399 0.116107 -8.080518
v 28.395254 0.116107 -6.994152
v 28.395254 2.915094 -6.994152
v 28.395254 0.116107 -8.080518
v 28.395254 2.915094 -8.080517
v 28.480787 0.863403 -8.236941
v 28.480787 2.167798 -8.236941
v 28.480787 0.863403 -8.142997
v 28.480787 2.167798 -8.142997
v 28.543076 0.863403 -8.236941
v 28.584980 0.905306 -8.236941
v 28.584980 2.125890 -8.236941
v 28.543076 2.167798 -8.236941
v 28.584980 0.905306 -8.142997
v 28.543076 0.863403 -8.142997
v 28.543076 2.167798 -8.142997
v 28.584980 2.125890 -8.142997
v 27.943743 3.045244 -6.924652
v 27.943743 3.045244 -9.659169
v 28.813307 0.000014 -10.595869
v 28.813307 3.762033 -10.595869
v 28.813307 0.000014 -5.987950
v 28.813307 3.762033 -5.987952
v 27.897709 0.000014 -10.595869
v 27.897709 3.762033 -10.595869
v 27.897709 0.000014 -5.987951
v 27.897709 3.762033 -5.987952
v 28.813307 3.045244 -6.924651
v 27.943783 0.000014 -6.924652
v 27.943743 0.000014 -9.659169
v 28.813307 3.045244 -9.659169
v 28.813307 0.000014 -6.924652
v 28.813307 0.000014 -9.659169
v 18.083389 0.003328 11.931536
v 18.083389 3.027869 11.931536
v 17.829567 0.003328 11.931536
v 17.829567 3.027869 11.931536
v 18.083389 0.003328 13.300750
v 17.829567 3.027869 13.300750
v 18.083389 3.027869 13.300750
v 17.829567 0.003328 13.300750
v 18.083389 0.116107 12.002990
v 18.083389 2.915094 12.002990
v 18.083389 2.915094 13.089355
v 18.083389 0.116107 13.089355
v 17.950247 0.116107 12.002990
v 17.950247 2.915094 12.002990
v 17.950247 0.116107 13.089355
v 17.950247 2.915094 13.089355
v 18.035780 0.863403 13.245780
v 18.035780 2.167798 13.245780
v 18.035780 0.863403 13.151835
v 18.035780 2.167798 13.151835
v 18.098070 0.863403 13.245780
v 18.139975 0.905306 13.245780
v 18.139975 2.125890 13.245780
v 18.098070 2.167798 13.245780
v 18.139975 0.905306 13.151835
v 18.098070 0.863403 13.151835
v 18.098070 2.167798 13.151835
v 18.139975 2.125890 13.151835
v 18.083389 0.003328 14.669998
v 18.083389 3.027869 14.669998
v 17.829567 0.003328 14.669998
v 17.829567 3.027869 14.669998
v 18.083389 0.116107 14.598544
v 18.083389 2.915094 14.598544
v 18.083389 2.915094 13.512142
v 18.083389 0.116107 13.512142
v 17.950247 0.116107 14.598544
v 17.950247 2.915094 14.598544
v 17.950247 0.116107 13.512142
v 17.950247 2.915094 13.512142
v 18.035780 0.863403 13.355719
v 18.035780 2.167798 13.355719
v 18.035780 0.863403 13.449662
v 18.035780 2.167798 13.449662
v 18.098070 0.863403 13.355719
v 18.139975 0.905306 13.355719
v 18.139975 2.125890 13.355719
v 18.098070 2.167798 13.355719
v 18.139975 0.905306 13.449662
v 18.098070 0.863403 13.449662
v 18.098070 2.167798 13.449662
v 18.139975 2.125890 13.449662
v 17.498737 3.045244 14.668008
v 17.498737 3.045244 11.933490
v 18.368301 0.000014 10.996789
v 18.368301 3.762033 10.996789
v 18.368301 0.000014 15.604744
v 18.368301 3.762033 15.604744
v 17.452702 0.000014 10.996789
v 17.452702 3.762033 10.996789
v 17.452702 0.000014 15.604744
v 17.452702 3.762033 15.604744
v 18.368301 3.045244 14.668008
v 17.498737 0.000014 14.668008
v 17.498737 0.000014 11.933490
v 18.368301 3.045244 11.933490
v 18.368301 0.000014 14.668008
v 18.368301 0.000014 11.933490
v 18.083389 0.003328 21.757338
v 18.083389 3.027873 21.757338
v 17.829567 0.003328 21.757338
v 17.829567 3.027869 21.757338
v 18.083389 0.003328 20.388088
v 17.829567 3.027869 20.388088
v 18.083389 3.027869 20.388088
v 17.829567 0.003328 20.388088
v 18.083389 0.116107 21.685883
v 18.083389 2.915094 21.685883
v 18.083389 2.915094 20.599480
v 18.083389 0.116107 20.599480
v 17.950247 0.116107 21.685883
v 17.950247 2.915094 21.685883
v 17.950247 0.116107 20.599480
v 17.950247 2.915094 20.599480
v 18.035780 0.863403 20.443056
v 18.035780 2.167798 20.443056
v 18.035780 0.863403 20.537003
v 18.035780 2.167798 20.537003
v 18.098070 0.863403 20.443056
v 18.139975 0.905311 20.443056
v 18.139975 2.125890 20.443056
v 18.098070 2.167798 20.443056
v 18.139975 0.905311 20.537003
v 18.098070 0.863403 20.537003
v 18.098070 2.167798 20.537003
v 18.139975 2.125890 20.537003
v 18.083389 0.003328 19.018875
v 18.083389 3.027869 19.018875
v 17.829567 0.003328 19.018875
v 17.829567 3.027869 19.018875
v 18.083389 0.116107 19.090328
v 18.083389 2.915094 19.090328
v 18.083389 2.915094 20.176693
v 18.083389 0.116107 20.176693
v 17.950247 0.116107 19.090328
v 17.950247 2.915094 19.090328
v 17.950247 0.116107 20.176693
v 17.950247 2.915094 20.176693
v 18.035780 0.863403 20.333117
v 18.035780 2.167798 20.333117
v 18.035780 0.863403 20.239172
v 18.035780 2.167798 20.239172
v 18.098070 0.863403 20.333117
v 18.139975 0.905311 20.333117
v 18.139975 2.125890 20.333117
v 18.098070 2.167798 20.333117
v 18.139975 0.905311 20.239172
v 18.098070 0.863403 20.239172
v 18.098070 2.167798 20.239172
v 18.139975 2.125890 20.239172
v 17.498737 3.045244 19.020864
v 17.498737 3.045244 21.755346
v 18.368301 0.000014 22.692083
v 18.368301 3.762033 22.692083
v 18.368301 0.000014 18.084127
v 18.368301 3.762033 18.084127
v 17.452702 0.000014 22.692083
v 17.452702 3.762033 22.692083
v 17.452702 0.000014 18.084127
v 17.452702 3.762033 18.084127
v 18.368301 3.045244 19.020864
v 17.498737 0.000014 19.020864
v 17.498737 0.000014 21.755346
v 18.368301 3.045244 21.755346
v 18.368301 0.000014 19.020864
v 18.368301 0.000014 21.755346
v -28.528444 0.003323 -24.607410
v -28.528439 3.027864 -24.607410
v -28.274622 0.003323 -24.607410
v -28.274614 3.027864 -24.607410
v -28.528444 0.003323 -23.238163
v -28.274622 3.027864 -23.238163
v -28.528444 3.027864 -23.238163
v -28.274622 0.003323 -23.238163
v -28.528444 0.116097 -24.535959
v -28.528439 2.915085 -24.535959
v -28.528444 2.915085 -23.449556
v -28.528444 0.116097 -23.449556
v -28.395300 0.116097 -24.535959
v -28.395294 2.915085 -24.535959
v -28.395300 0.116097 -23.449556
v -28.395300 2.915085 -23.449556
v -28.480831 0.863394 -23.293133
v -28.480831 2.167789 -23.293133
v -28.480831 0.863394 -23.387075
v -28.480831 2.167789 -23.387075
v -28.543125 0.863394 -23.293133
v -28.585030 0.905301 -23.293133
v -28.585030 2.125881 -23.293133
v -28.543125 2.167789 -23.293133
v -28.585030 0.905301 -23.387075
v -28.543125 0.863394 -23.387075
v -28.543125 2.167789 -23.387075
v -28.585030 2.125881 -23.387075
v -28.528444 0.003323 -21.868950
v -28.528448 3.027864 -21.868950
v -28.274622 0.003323 -21.868950
v -28.274624 3.027864 -21.868950
v -28.528444 0.116097 -21.940403
v -28.528448 2.915085 -21.940403
v -28.528444 2.915085 -23.026770
v -28.528444 0.116097 -23.026770
v -28.395300 0.116097 -21.940403
v -28.395304 2.915085 -21.940403
v -28.395300 0.116097 -23.026770
v -28.395300 2.915085 -23.026770
v -28.480831 0.863394 -23.183193
v -28.480831 2.167789 -23.183193
v -28.480831 0.863394 -23.089247
v -28.480831 2.167789 -23.089247
v -28.543125 0.863394 -23.183193
v -28.585030 0.905301 -23.183193
v -28.585030 2.125881 -23.183193
v -28.543125 2.167789 -23.183193
v -28.585030 0.905301 -23.089247
v -28.543125 0.863394 -23.089247
v -28.543125 2.167789 -23.089247
v -28.585030 2.125881 -23.089247
v -27.943789 3.045239 -21.870939
v -27.943787 3.045239 -24.605421
v -28.813354 0.000005 -25.542158
v -28.813349 3.762023 -25.542158
v -28.813354 0.000000 -20.934202
v -28.813354 3.762023 -20.934202
v -27.897757 0.000005 -25.542158
v -27.897753 3.762028 -25.542158
v -27.897758 0.000000 -20.934202
v -27.897758 3.762023 -20.934202
v -28.813354 3.045239 -21.870939
v -27.943789 0.000005 -21.870939
v -27.943789 0.000005 -24.605421
v -28.813349 3.045239 -24.605421
v -28.813354 0.000005 -21.870939
v -28.813354 0.000005 -24.605421
v -28.528448 0.003318 -14.781610
v -28.528448 3.027859 -14.781610
v -28.274624 0.003318 -14.781610
v -28.274624 3.027859 -14.781610
v -28.528448 0.003318 -16.150824
v -28.274624 3.027859 -16.150824
v -28.528448 3.027859 -16.150824
v -28.274624 0.003318 -16.150824
v -28.528448 0.116093 -14.853064
v -28.528448 2.915081 -14.853064
v -28.528448 2.915081 -15.939430
v -28.528448 0.116093 -15.939430
v -28.395304 0.116093 -14.853064
v -28.395304 2.915081 -14.853064
v -28.395304 0.116093 -15.939430
v -28.395304 2.915081 -15.939430
v -28.480833 0.863389 -16.095852
v -28.480833 2.167784 -16.095852
v -28.480833 0.863389 -16.001907
v -28.480833 2.167784 -16.001907
v -28.543125 0.863389 -16.095852
v -28.585030 0.905297 -16.095852
v -28.585030 2.125881 -16.095852
v -28.543125 2.167784 -16.095852
v -28.585030 0.905297 -16.001907
v -28.543125 0.863389 -16.001907
v -28.543125 2.167784 -16.001907
v -28.585030 2.125881 -16.001907
v -28.528448 0.003318 -17.520071
v -28.528448 3.027859 -17.520071
v -28.274624 0.003318 -17.520071
v -28.274624 3.027859 -17.520071
v -28.528448 0.116093 -17.448620
v -28.528448 2.915081 -17.448620
v -28.528448 2.915081 -16.362215
v -28.528448 0.116093 -16.362215
v -28.395304 0.116093 -17.448620
v -28.395304 2.915081 -17.448620
v -28.395304 0.116093 -16.362215
v -28.395304 2.915081 -16.362215
v -28.480833 0.863389 -16.205793
v -28.480833 2.167784 -16.205793
v -28.480833 0.863389 -16.299738
v -28.480833 2.167784 -16.299738
v -28.543125 0.863389 -16.205793
v -28.585030 0.905297 -16.205793
v -28.585030 2.125881 -16.205793
v -28.543125 2.167784 -16.205793
v -28.585030 0.905297 -16.299738
v -28.543125 0.863389 -16.299738
v -28.543125 2.167784 -16.299738
v -28.585030 2.125881 -16.299738
v -27.943789 3.045234 -17.518082
v -27.943789 3.045234 -14.783563
v -28.813354 0.000000 -13.846867
v -28.813354 3.762023 -13.846867
v -28.813354 0.000000 -18.454819
v -28.813354 3.762023 -18.454819
v -27.897758 0.000000 -13.846867
v -27.897758 3.762023 -13.846867
v -27.897758 0.000000 -18.454819
v -27.897758 3.762023 -18.454819
v -28.813354 3.045234 -17.518082
v -27.943829 0.000000 -17.518082
v -27.943789 0.000000 -14.783563
v -28.813354 3.045234 -14.783563
v -28.813354 0.000000 -17.518082
v -28.813354 0.000000 -14.783563
v -28.528448 0.003318 0.164667
v -28.528448 3.027859 0.164668
v -28.274628 0.003318 0.164667
v -28.274628 3.027859 0.164668
v -28.528448 0.003318 -1.204581
v -28.274628 3.027859 -1.204582
v -28.528448 3.027859 -1.204582
v -28.274628 0.003318 -1.204581
v -28.528448 0.116093 0.093177
v -28.528448 2.915081 0.093177
v -28.528448 2.915081 -0.993189
v -28.528448 0.116093 -0.993188
v -28.395306 0.116093 0.093177
v -28.395306 2.915081 0.093177
v -28.395306 0.116093 -0.993187
v -28.395306 2.915081 -0.993188
v -28.480837 0.863389 -1.149611
v -28.480837 2.167784 -1.149612
v -28.480837 0.863389 -1.055667
v -28.480837 2.167784 -1.055668
v -28.543129 0.863389 -1.149611
v -28.585030 0.905297 -1.149611
v -28.585030 2.125881 -1.149612
v -28.543129 2.167784 -1.149612
v -28.585030 0.905297 -1.055667
v -28.543129 0.863389 -1.055667
v -28.543129 2.167784 -1.055668
v -28.585030 2.125881 -1.055668
v -28.528448 0.003318 -2.573829
v -28.528448 3.027859 -2.573829
v -28.274628 0.003318 -2.573829
v -28.274628 3.027859 -2.573829
v -28.528448 0.116093 -2.502338
v -28.528448 2.915081 -2.502338
v -28.528448 2.915081 -1.415974
v -28.528448 0.116093 -1.415974
v -28.395306 0.116093 -2.502338
v -28.395306 2.915081 -2.502338
v -28.395306 0.116093 -1.415974
v -28.395306 2.915081 -1.415974
v -28.480837 0.863389 -1.259550
v -28.480837 2.167784 -1.259551
v -28.480837 0.863389 -1.353495
v -28.480837 2.167784 -1.353494
v -28.543129 0.863389 -1.259550
v -28.585030 0.905297 -1.259550
v -28.585030 2.125881 -1.259551
v -28.543129 2.167784 -1.259551
v -28.585030 0.905297 -1.353495
v -28.543129 0.863389 -1.353495
v -28.543129 2.167784 -1.353494
v -28.585030 2.125881 -1.353494
v -27.943792 3.045234 -2.571839
v -27.943792 3.045234 0.162678
v -28.813358 0.000000 1.099378
v -28.813362 3.762023 1.099378
v -28.813358 0.000000 -3.508540
v -28.813358 3.762023 -3.508539
v -27.897758 0.000000 1.099378
v -27.897762 3.762023 1.099378
v -27.897758 0.000000 -3.508540
v -27.897758 3.762023 -3.508539
v -28.813358 3.045234 -2.571839
v -27.943792 0.000000 -2.571839
v -27.943792 0.000000 0.162677
v -28.813358 3.045234 0.162678
v -28.813358 0.000000 -2.571839
v -28.813358 0.000000 0.162678
v -28.528448 0.003318 -9.661168
v -28.528448 3.027859 -9.661167
v -28.274628 0.003318 -9.661168
v -28.274628 3.027859 -9.661167
v -28.528448 0.003318 -8.291919
v -28.274628 3.027859 -8.291919
v -28.528448 3.027859 -8.291919
v -28.274628 0.003318 -8.291919
v -28.528448 0.116093 -9.589677
v -28.528448 2.915081 -9.589677
v -28.528448 2.915081 -8.503312
v -28.528448 0.116093 -8.503312
v -28.395306 0.116093 -9.589677
v -28.395306 2.915081 -9.589677
v -28.395306 0.116093 -8.503312
v -28.395306 2.915081 -8.503312
v -28.480837 0.863389 -8.346889
v -28.480837 2.167784 -8.346889
v -28.480837 0.863389 -8.440832
v -28.480837 2.167784 -8.440832
v -28.543129 0.863389 -8.346889
v -28.585030 0.905297 -8.346889
v -28.585030 2.125881 -8.346889
v -28.543129 2.167784 -8.346889
v -28.585030 0.905297 -8.440832
v -28.543129 0.863389 -8.440832
v -28.543129 2.167784 -8.440832
v -28.585030 2.125881 -8.440832
v -28.528448 0.003318 -6.922670
v -28.528448 3.027859 -6.922669
v -28.274628 0.003318 -6.922670
v -28.274628 3.027859 -6.922669
v -28.528448 0.116093 -6.994161
v -28.528448 2.915081 -6.994161
v -28.528448 2.915081 -8.080525
v -28.528448 0.116093 -8.080525
v -28.395306 0.116093 -6.994161
v -28.395306 2.915081 -6.994161
v -28.395306 0.116093 -8.080525
v -28.395306 2.915081 -8.080525
v -28.480837 0.863389 -8.236949
v -28.480837 2.167784 -8.236949
v -28.480837 0.863389 -8.143004
v -28.480837 2.167784 -8.143004
v -28.543129 0.863389 -8.236949
v -28.585030 0.905297 -8.236949
v -28.585030 2.125881 -8.236949
v -28.543129 2.167784 -8.236949
v -28.585030 0.905297 -8.143004
v -28.543129 0.863389 -8.143004
v -28.543129 2.167784 -8.143004
v -28.585030 2.125881 -8.143004
v -27.943792 3.045234 -6.924660
v -27.943792 3.045234 -9.659178
v -28.813354 0.000000 -10.595880
v -28.813358 3.762023 -10.595880
v -28.813358 0.000000 -5.987959
v -28.813358 3.762023 -5.987959
v -27.897758 0.000000 -10.595880
v -27.897758 3.762023 -10.595880
v -27.897758 0.000000 -5.987959
v -27.897758 3.762023 -5.987958
v -28.813358 3.045234 -6.924661
v -27.943832 0.000000 -6.924661
v -27.943792 0.000000 -9.659178
v -28.813358 3.045234 -9.659178
v -28.813358 0.000000 -6.924661
v -28.813358 0.000000 -9.659179
v -18.083450 0.003318 11.931530
v -18.083450 3.027859 11.931530
v -17.829628 0.003318 11.931530
v -17.829628 3.027859 11.931530
v -18.083450 0.003318 13.300742
v -17.829628 3.027859 13.300742
v -18.083450 3.027859 13.300742
v -17.829628 0.003318 13.300742
v -18.083450 0.116097 12.002984
v -18.083450 2.915085 12.002984
v -18.083450 2.915085 13.089350
v -18.083450 0.116097 13.089350
v -17.950306 0.116097 12.002984
v -17.950306 2.915085 12.002984
v -17.950306 0.116097 13.089350
v -17.950306 2.915085 13.089350
v -18.035839 0.863394 13.245772
v -18.035839 2.167789 13.245772
v -18.035839 0.863394 13.151829
v -18.035839 2.167789 13.151829
v -18.098133 0.863394 13.245772
v -18.140036 0.905301 13.245772
v -18.140036 2.125881 13.245772
v -18.098133 2.167789 13.245772
v -18.140036 0.905301 13.151829
v -18.098133 0.863394 13.151829
v -18.098133 2.167789 13.151829
v -18.140036 2.125881 13.151829
v -18.083450 0.003318 14.669993
v -18.083450 3.027859 14.669993
v -17.829628 0.003318 14.669993
v -17.829628 3.027859 14.669993
v -18.083450 0.116097 14.598539
v -18.083450 2.915085 14.598539
v -18.083450 2.915085 13.512136
v -18.083450 0.116097 13.512136
v -17.950306 0.116097 14.598539
v -17.950306 2.915085 14.598539
v -17.950306 0.116097 13.512136
v -17.950306 2.915085 13.512136
v -18.035839 0.863394 13.355712
v -18.035839 2.167789 13.355712
v -18.035839 0.863394 13.449657
v -18.035839 2.167789 13.449657
v -18.098133 0.863394 13.355712
v -18.140036 0.905301 13.355712
v -18.140036 2.125881 13.355712
v -18.098133 2.167789 13.355712
v -18.140036 0.905301 13.449657
v -18.098133 0.863394 13.449657
v -18.098133 2.167789 13.449657
v -18.140036 2.125881 13.449657
v -17.498796 3.045234 14.668003
v -17.498796 3.045234 11.933484
v -18.368362 0.000005 10.996783
v -18.368362 3.762023 10.996783
v -18.368362 0.000005 15.604740
v -18.368364 3.762028 15.604740
v -17.452763 0.000005 10.996783
v -17.452763 3.762023 10.996783
v -17.452763 0.000005 15.604740
v -17.452765 3.762028 15.604740
v -18.368362 3.045234 14.668003
v -17.498796 0.000005 14.668003
v -17.498796 0.000005 11.933484
v -18.368362 3.045234 11.933484
v -18.368362 0.000005 14.668003
v -18.368362 0.000005 11.933484
v -18.083454 0.003318 21.757328
v -18.083450 3.027864 21.757328
v -17.829632 0.003318 21.757328
v -17.829630 3.027859 21.757328
v -18.083454 0.003318 20.388079
v -17.829630 3.027859 20.388079
v -18.083450 3.027864 20.388079
v -17.829632 0.003318 20.388079
v -18.083454 0.116097 21.685875
v -18.083450 2.915085 21.685875
v -18.083450 2.915085 20.599472
v -18.083454 0.116097 20.599472
v -17.950310 0.116097 21.685875
v -17.950306 2.915085 21.685875
v -17.950310 0.116097 20.599472
v -17.950306 2.915085 20.599472
v -18.035845 0.863394 20.443050
v -18.035841 2.167789 20.443050
v -18.035845 0.863394 20.536993
v -18.035841 2.167789 20.536993
v -18.098135 0.863394 20.443050
v -18.140038 0.905301 20.443050
v -18.140038 2.125881 20.443050
v -18.098135 2.167789 20.443050
v -18.140038 0.905301 20.536993
v -18.098135 0.863394 20.536993
v -18.098135 2.167789 20.536993
v -18.140038 2.125881 20.536993
v -18.083454 0.003318 19.018869
v -18.083450 3.027859 19.018869
v -17.829632 0.003318 19.018869
v -17.829630 3.027859 19.018869
v -18.083454 0.116097 19.090322
v -18.083450 2.915085 19.090322
v -18.083450 2.915085 20.176689
v -18.083454 0.116097 20.176689
v -17.950310 0.116097 19.090322
v -17.950306 2.915085 19.090322
v -17.950310 0.116097 20.176689
v -17.950306 2.915085 20.176689
v -18.035845 0.863394 20.333111
v -18.035841 2.167789 20.333111
v -18.035845 0.863394 20.239166
v -18.035841 2.167789 20.239166
v -18.098135 0.863394 20.333111
v -18.140038 0.905301 20.333111
v -18.140038 2.125881 20.333111
v -18.098135 2.167789 20.333111
v -18.140038 0.905301 20.239166
v -18.098135 0.863394 20.239166
v -18.098135 2.167789 20.239166
v -18.140038 2.125881 20.239166
v -17.498798 3.045234 19.020861
v -17.498798 3.045234 21.755339
v -18.368366 0.000005 22.692078
v -18.368364 3.762028 22.692078
v -18.368364 0.000005 18.084120
v -18.368364 3.762028 18.084120
v -17.452768 0.000005 22.692078
v -17.452766 3.762028 22.692078
v -17.452765 0.000005 18.084120
v -17.452765 3.762028 18.084120
v -18.368364 3.045234 19.020861
v -17.498800 0.000005 19.020861
v -17.498800 0.000005 21.755339
v -18.368364 3.045234 21.755339
v -18.368366 0.000005 19.020861
v -18.368366 0.000005 21.755339
v 15.771014 0.000009 33.331654
v 15.771014 3.024550 33.331654
v 15.771014 0.000009 33.077797
v 15.771014 3.024550 33.077797
v 14.233063 0.000009 33.331654
v 14.233063 3.024550 33.077797
v 14.233063 3.024550 33.331654
v 14.233063 0.000009 33.077797
v 15.690737 0.112784 33.331654
v 15.690737 2.911771 33.331654
v 14.470515 2.911771 33.331654
v 14.470515 0.112784 33.331654
v 15.690737 0.112784 33.198471
v 15.690737 2.911771 33.198471
v 14.470515 0.112784 33.198471
v 14.470515 2.911771 33.198471
v 14.294829 0.860080 33.284004
v 14.294829 2.164475 33.284004
v 14.400338 0.860080 33.284004
v 14.400338 2.164475 33.284004
v 14.294829 0.860080 33.346298
v 14.294829 0.901988 33.388199
v 14.294829 2.122572 33.388199
v 14.294829 2.164475 33.346298
v 14.400338 0.901988 33.388199
v 14.400338 0.860080 33.346298
v 14.400338 2.164475 33.346298
v 14.400338 2.122572 33.388199
v 12.695113 0.000009 33.331654
v 12.695113 3.024550 33.331654
v 12.695113 0.000009 33.077797
v 12.695113 3.024550 33.077797
v 12.775390 0.112784 33.331654
v 12.775390 2.911771 33.331654
v 13.995650 2.911771 33.331654
v 13.995650 0.112784 33.331654
v 12.775390 0.112784 33.198471
v 12.775390 2.911771 33.198471
v 13.995650 0.112784 33.198471
v 13.995650 2.911771 33.198471
v 14.171336 0.860080 33.284004
v 14.171336 2.164475 33.284004
v 14.065826 0.860080 33.284004
v 14.065826 2.164475 33.284004
v 14.171336 0.860080 33.346298
v 14.171336 0.901988 33.388199
v 14.171336 2.122572 33.388199
v 14.171336 2.164475 33.346298
v 14.065826 0.901988 33.388199
v 14.065826 0.860080 33.346298
v 14.065826 2.164475 33.346298
v 14.065826 2.122572 33.388199
v 8.165031 0.000009 33.331654
v 8.165031 3.024550 33.331654
v 8.165031 0.000009 33.077793
v 8.165031 3.024550 33.077793
v 9.702980 0.000009 33.331654
v 9.702980 3.024550 33.077793
v 9.702980 3.024550 33.331654
v 9.702980 0.000009 33.077793
v 8.245309 0.112784 33.331654
v 8.245309 2.911771 33.331654
v 9.465567 2.911771 33.331654
v 9.465567 0.112784 33.331654
v 8.245309 0.112784 33.198471
v 8.245309 2.911771 33.198471
v 9.465567 0.112784 33.198471
v 9.465567 2.911771 33.198471
v 9.641253 0.860080 33.284004
v 9.641253 2.164475 33.284004
v 9.535744 0.860080 33.284004
v 9.535744 2.164475 33.284004
v 9.641253 0.860080 33.346294
v 9.641253 0.901988 33.388199
v 9.641253 2.122572 33.388199
v 9.641253 2.164475 33.346294
v 9.535744 0.901988 33.388199
v 9.535744 0.860080 33.346294
v 9.535744 2.164475 33.346294
v 9.535744 2.122572 33.388199
v 11.240931 0.000009 33.331654
v 11.240931 3.024550 33.331654
v 11.240931 0.000009 33.077793
v 11.240931 3.024550 33.077793
v 11.160692 0.112784 33.331654
v 11.160692 2.911771 33.331654
v 9.940432 2.911771 33.331654
v 9.940432 0.112784 33.331654
v 11.160692 0.112784 33.198471
v 11.160692 2.911771 33.198471
v 9.940432 0.112784 33.198471
v 9.940432 2.911771 33.198471
v 9.764746 0.860080 33.284004
v 9.764746 2.164475 33.284004
v 9.870255 0.860080 33.284004
v 9.870255 2.164475 33.284004
v 9.764746 0.860080 33.346294
v 9.764746 0.901988 33.388199
v 9.764746 2.122572 33.388199
v 9.764746 2.164475 33.346294
v 9.870255 0.901988 33.388199
v 9.870255 0.860080 33.346294
v 9.870255 2.164475 33.346294
v 9.870255 2.122572 33.388199
v -15.771087 0.000000 33.331650
v -15.771087 3.024541 33.331650
v -15.771087 0.000000 33.077785
v -15.771087 3.024541 33.077785
v -14.233137 0.000000 33.331650
v -14.233137 3.024541 33.077785
v -14.233137 3.024541 33.331650
v -14.233137 0.000000 33.077785
v -15.690809 0.112779 33.331650
v -15.690809 2.911762 33.331650
v -14.470588 2.911767 33.331650
v -14.470588 0.112779 33.331650
v -15.690809 0.112779 33.198467
v -15.690809 2.911762 33.198467
v -14.470588 0.112779 33.198467
v -14.470588 2.911767 33.198467
v -14.294904 0.860075 33.284000
v -14.294904 2.164470 33.284000
v -14.400412 0.860075 33.284000
v -14.400412 2.164470 33.284000
v -14.294904 0.860071 33.346291
v -14.294904 0.901978 33.388195
v -14.294904 2.122563 33.388195
v -14.294904 2.164470 33.346291
v -14.400412 0.901978 33.388195
v -14.400412 0.860071 33.346291
v -14.400412 2.164470 33.346291
v -14.400412 2.122563 33.388195
v -12.695187 0.000000 33.331650
v -12.695187 3.024541 33.331650
v -12.695187 0.000000 33.077785
v -12.695187 3.024541 33.077785
v -12.775464 0.112779 33.331650
v -12.775464 2.911767 33.331650
v -13.995725 2.911767 33.331650
v -13.995725 0.112779 33.331650
v -12.775464 0.112779 33.198467
v -12.775464 2.911767 33.198467
v -13.995725 0.112779 33.198467
v -13.995725 2.911767 33.198467
v -14.171410 0.860075 33.284000
v -14.171410 2.164470 33.284000
v -14.065900 0.860075 33.284000
v -14.065900 2.164470 33.284000
v -14.171410 0.860075 33.346291
v -14.171410 0.901978 33.388195
v -14.171410 2.122563 33.388195
v -14.171410 2.164470 33.346291
v -14.065900 0.901978 33.388195
v -14.065900 0.860075 33.346291
v -14.065900 2.164470 33.346291
v -14.065900 2.122563 33.388195
v -8.165103 0.000000 33.331650
v -8.165103 3.024541 33.331650
v -8.165103 0.000000 33.077789
v -8.165103 3.024541 33.077789
v -9.703054 0.000000 33.331650
v -9.703054 3.024541 33.077789
v -9.703054 3.024541 33.331650
v -9.703054 0.000000 33.077789
v -8.245380 0.112779 33.331650
v -8.245380 2.911767 33.331650
v -9.465641 2.911767 33.331650
v -9.465641 0.112779 33.331650
v -8.245380 0.112779 33.198467
v -8.245380 2.911767 33.198467
v -9.465641 0.112779 33.198467
v -9.465641 2.911767 33.198467
v -9.641326 0.860075 33.284000
v -9.641326 2.164470 33.284000
v -9.535817 0.860075 33.284000
v -9.535817 2.164470 33.284000
v -9.641326 0.860075 33.346294
v -9.641326 0.901978 33.388199
v -9.641326 2.122563 33.388199
v -9.641326 2.164470 33.346294
v -9.535817 0.901978 33.388199
v -9.535817 0.860075 33.346294
v -9.535817 2.164470 33.346294
v -9.535817 2.122563 33.388199
v -11.241006 0.000000 33.331650
v -11.241006 3.024541 33.331650
v -11.241006 0.000000 33.077789
v -11.241006 3.024541 33.077789
v -11.160766 0.112779 33.331650
v -11.160766 2.911767 33.331650
v -9.940505 2.911767 33.331650
v -9.940505 0.112779 33.331650
v -11.160766 0.112779 33.198467
v -11.160766 2.911767 33.198467
v -9.940505 0.112779 33.198467
v -9.940505 2.911767 33.198467
v -9.764820 0.860075 33.284000
v -9.764820 2.164470 33.284000
v -9.870328 0.860075 33.284000
v -9.870328 2.164470 33.284000
v -9.764820 0.860075 33.346294
v -9.764820 0.901978 33.388199
v -9.764820 2.122563 33.388199
v -9.764820 2.164470 33.346294
v -9.870328 0.901978 33.388199
v -9.870328 0.860075 33.346294
v -9.870328 2.164470 33.346294
v -9.870328 2.122563 33.388199
v 15.771032 0.000019 -32.335152
v 15.771032 3.024560 -32.335152
v 15.771032 0.000019 -32.081291
v 15.771032 3.024560 -32.081291
v 14.233083 0.000019 -32.335152
v 14.233083 3.024560 -32.081291
v 14.233083 3.024560 -32.335152
v 14.233083 0.000019 -32.081291
v 15.690757 0.112798 -32.335152
v 15.690757 2.911781 -32.335152
v 14.470533 2.911781 -32.335152
v 14.470533 0.112798 -32.335152
v 15.690757 0.112798 -32.201973
v 15.690757 2.911781 -32.201973
v 14.470533 0.112798 -32.201973
v 14.470533 2.911781 -32.201973
v 14.294847 0.860089 -32.287506
v 14.294847 2.164489 -32.287506
v 14.400357 0.860089 -32.287506
v 14.400357 2.164489 -32.287506
v 14.294847 0.860089 -32.349796
v 14.294847 0.901997 -32.391697
v 14.294847 2.122581 -32.391697
v 14.294847 2.164489 -32.349796
v 14.400357 0.901997 -32.391697
v 14.400357 0.860089 -32.349796
v 14.400357 2.164489 -32.349796
v 14.400357 2.122581 -32.391697
v 12.695131 0.000019 -32.335152
v 12.695131 3.024560 -32.335152
v 12.695131 0.000019 -32.081291
v 12.695131 3.024560 -32.081291
v 12.775409 0.112798 -32.335152
v 12.775409 2.911781 -32.335152
v 13.995668 2.911781 -32.335152
v 13.995668 0.112798 -32.335152
v 12.775409 0.112798 -32.201973
v 12.775409 2.911781 -32.201973
v 13.995668 0.112798 -32.201973
v 13.995668 2.911781 -32.201973
v 14.171354 0.860089 -32.287506
v 14.171354 2.164489 -32.287506
v 14.065845 0.860089 -32.287506
v 14.065845 2.164489 -32.287506
v 14.171354 0.860089 -32.349796
v 14.171354 0.901997 -32.391697
v 14.171354 2.122581 -32.391697
v 14.171354 2.164489 -32.349796
v 14.065845 0.901997 -32.391697
v 14.065845 0.860089 -32.349796
v 14.065845 2.164489 -32.349796
v 14.065845 2.122581 -32.391697
v 8.165048 0.000019 -32.335155
v 8.165051 3.024560 -32.335155
v 8.165048 0.000019 -32.081291
v 8.165051 3.024560 -32.081291
v 9.702998 0.000019 -32.335155
v 9.703003 3.024560 -32.081291
v 9.703003 3.024560 -32.335155
v 9.702998 0.000019 -32.081291
v 8.245325 0.112793 -32.335155
v 8.245327 2.911781 -32.335155
v 9.465590 2.911781 -32.335155
v 9.465586 0.112793 -32.335155
v 8.245325 0.112793 -32.201973
v 8.245327 2.911781 -32.201973
v 9.465586 0.112793 -32.201973
v 9.465590 2.911781 -32.201973
v 9.641271 0.860089 -32.287510
v 9.641271 2.164485 -32.287510
v 9.535762 0.860089 -32.287510
v 9.535762 2.164485 -32.287510
v 9.641271 0.860089 -32.349796
v 9.641271 0.901997 -32.391701
v 9.641271 2.122581 -32.391701
v 9.641271 2.164485 -32.349796
v 9.535762 0.901997 -32.391701
v 9.535762 0.860089 -32.349796
v 9.535762 2.164485 -32.349796
v 9.535762 2.122581 -32.391701
v 11.240951 0.000019 -32.335155
v 11.240951 3.024560 -32.335155
v 11.240951 0.000019 -32.081291
v 11.240951 3.024560 -32.081291
v 11.160710 0.112793 -32.335155
v 11.160710 2.911781 -32.335155
v 9.940454 2.911781 -32.335155
v 9.940450 0.112793 -32.335155
v 11.160710 0.112793 -32.201973
v 11.160710 2.911781 -32.201973
v 9.940450 0.112793 -32.201973
v 9.940454 2.911781 -32.201973
v 9.764765 0.860089 -32.287510
v 9.764765 2.164485 -32.287510
v 9.870274 0.860089 -32.287510
v 9.870274 2.164485 -32.287510
v 9.764765 0.860089 -32.349796
v 9.764765 0.901997 -32.391701
v 9.764765 2.122581 -32.391701
v 9.764765 2.164485 -32.349796
v 9.870274 0.901997 -32.391701
v 9.870274 0.860089 -32.349796
v 9.870274 2.164485 -32.349796
v 9.870274 2.122581 -32.391701
v -15.771069 0.000009 -32.335163
v -15.771070 3.024550 -32.335163
v -15.771069 0.000009 -32.081299
v -15.771070 3.024550 -32.081299
v -14.233119 0.000009 -32.335163
v -14.233121 3.024550 -32.081299
v -14.233121 3.024550 -32.335163
v -14.233119 0.000009 -32.081299
v -15.690793 0.112788 -32.335163
v -15.690793 2.911776 -32.335163
v -14.470572 2.911776 -32.335163
v -14.470572 0.112788 -32.335163
v -15.690793 0.112788 -32.201977
v -15.690793 2.911776 -32.201977
v -14.470572 0.112788 -32.201977
v -14.470572 2.911776 -32.201977
v -14.294888 0.860085 -32.287510
v -14.294888 2.164480 -32.287510
v -14.400393 0.860085 -32.287510
v -14.400393 2.164480 -32.287510
v -14.294888 0.860085 -32.349804
v -14.294888 0.901988 -32.391708
v -14.294888 2.122572 -32.391708
v -14.294888 2.164480 -32.349804
v -14.400393 0.901988 -32.391708
v -14.400393 0.860085 -32.349804
v -14.400393 2.164480 -32.349804
v -14.400393 2.122572 -32.391708
v -12.695170 0.000009 -32.335163
v -12.695170 3.024550 -32.335163
v -12.695170 0.000009 -32.081299
v -12.695170 3.024550 -32.081299
v -12.775446 0.112788 -32.335163
v -12.775448 2.911776 -32.335163
v -13.995708 2.911776 -32.335163
v -13.995707 0.112788 -32.335163
v -12.775446 0.112788 -32.201977
v -12.775448 2.911776 -32.201977
v -13.995707 0.112788 -32.201977
v -13.995708 2.911776 -32.201977
v -14.171391 0.860085 -32.287510
v -14.171391 2.164480 -32.287510
v -14.065884 0.860085 -32.287510
v -14.065884 2.164480 -32.287510
v -14.171391 0.860085 -32.349804
v -14.171391 0.901988 -32.391708
v -14.171391 2.122572 -32.391708
v -14.171391 2.164480 -32.349804
v -14.065884 0.901988 -32.391708
v -14.065884 0.860085 -32.349804
v -14.065884 2.164480 -32.349804
v -14.065884 2.122572 -32.391708
v -8.165087 0.000009 -32.335159
v -8.165087 3.024550 -32.335159
v -8.165087 0.000009 -32.081295
v -8.165087 3.024550 -32.081295
v -9.703038 0.000009 -32.335159
v -9.703038 3.024550 -32.081295
v -9.703038 3.024550 -32.335159
v -9.703038 0.000009 -32.081295
v -8.245364 0.112788 -32.335159
v -8.245364 2.911776 -32.335159
v -9.465625 2.911776 -32.335159
v -9.465625 0.112788 -32.335159
v -8.245364 0.112788 -32.201973
v -8.245364 2.911776 -32.201973
v -9.465625 0.112788 -32.201973
v -9.465625 2.911776 -32.201973
v -9.641309 0.860085 -32.287510
v -9.641309 2.164480 -32.287510
v -9.535801 0.860085 -32.287510
v -9.535801 2.164480 -32.287510
v -9.641309 0.860085 -32.349800
v -9.641309 0.901993 -32.391705
v -9.641309 2.122572 -32.391705
v -9.641309 2.164480 -32.349800
v -9.535801 0.901993 -32.391705
v -9.535801 0.860085 -32.349800
v -9.535801 2.164480 -32.349800
v -9.535801 2.122572 -32.391705
v -11.240988 0.000009 -32.335159
v -11.240989 3.024550 -32.335159
v -11.240988 0.000009 -32.081295
v -11.240989 3.024550 -32.081295
v -11.160748 0.112788 -32.335159
v -11.160749 2.911776 -32.335159
v -9.940489 2.911776 -32.335159
v -9.940489 0.112788 -32.335159
v -11.160748 0.112788 -32.201973
v -11.160749 2.911776 -32.201973
v -9.940489 0.112788 -32.201973
v -9.940489 2.911776 -32.201973
v -9.764804 0.860085 -32.287510
v -9.764804 2.164480 -32.287510
v -9.870313 0.860085 -32.287510
v -9.870313 2.164480 -32.287510
v -9.764804 0.860085 -32.349800
v -9.764804 0.901988 -32.391705
v -9.764804 2.122572 -32.391705
v -9.764804 2.164480 -32.349800
v -9.870313 0.901988 -32.391705
v -9.870313 0.860085 -32.349800
v -9.870313 2.164480 -32.349800
v -9.870313 2.122572 -32.391705
v 9.640398 61.776676 -28.767075
v 9.640403 7.702492 -28.767073
v 7.745352 14.285029 -34.981384
v 23.074684 7.702492 -28.767075
v 23.074684 4.507410 -28.767075
v 21.744062 4.507410 -34.981384
v 23.074684 4.507410 -33.650761
v 23.074684 7.702492 -33.650764
v 21.744062 7.702492 -34.981384
v 7.745352 58.777630 -34.981384
v 9.640398 61.776676 -33.877377
v -9.640439 61.776676 -28.767075
v -9.640441 7.702482 -28.767069
v -7.745392 14.285029 -34.981384
v -23.074722 7.702482 -28.767073
v -23.074722 4.507400 -28.767073
v -21.744099 4.507400 -34.981384
v -23.074722 4.507400 -33.650764
v -23.074722 7.702482 -33.650764
v -21.744099 7.702482 -34.981384
v -7.745389 58.777622 -34.981384
v -9.640439 61.776676 -33.877373
v 9.640398 60.672665 -34.981384
v 9.640403 7.702487 -34.981384
v -9.640436 60.672665 -34.981384
v -9.640439 7.702482 -34.981384
v 7.745352 58.777630 -33.317753
v 7.745352 14.285029 -33.317753
v -7.745389 58.777622 -33.317757
v -7.745392 14.285029 -33.317753
v 25.480543 3.810675 0.431894
v 28.807863 3.810675 0.431894
v 25.480539 59.149185 0.431893
v 28.807859 59.149185 0.431892
v 25.480539 3.810675 -4.985861
v 28.807863 3.810675 -4.985862
v 25.480539 59.149185 -4.985866
v 28.807859 59.149185 -4.985865
v -2.198286 0.471955 21.033798
v -2.198286 0.471955 23.575077
v -2.198289 76.651604 21.033794
v -2.198289 76.651604 23.575075
v 2.198224 0.471960 21.033802
v 2.198224 0.471960 23.575081
v 2.198221 76.651604 21.033798
v 2.198219 76.651604 23.575077
v 6.670533 0.471955 27.406204
v 6.670533 0.471955 28.422415
v 6.670533 76.651619 27.406212
v 6.670533 76.651619 28.422428
v 8.760042 0.471955 27.406204
v 8.760042 0.471955 28.422415
v 8.760039 76.651619 27.406212
v 8.760039 76.651619 28.422428
v -6.670603 0.471950 27.406202
v -6.670603 0.471950 28.422411
v -6.670603 76.651611 27.406210
v -6.670603 76.651611 28.422424
v -8.760112 0.471950 27.406202
v -8.760112 0.471950 28.422411
v -8.760112 76.651611 27.406210
v -8.760112 76.651611 28.422424
v 25.480543 3.810675 -6.218606
v 28.807863 3.810675 -6.218607
v 25.480539 59.149185 -6.218608
v 28.807863 59.149185 -6.218610
v 25.480539 3.810675 -8.102962
v 28.807863 3.810675 -8.102962
v 25.480539 59.149185 -8.102963
v 28.807859 59.149185 -8.102965
v -21.316006 3.810666 12.260094
v -17.988680 3.810666 12.260092
v -21.316002 59.149185 12.260092
v -17.988684 59.149185 12.260090
v -21.316002 3.810666 6.842336
v -17.988682 3.810666 6.842336
v -21.316002 59.149185 6.842333
v -17.988682 59.149185 6.842333
v -21.316002 3.810666 5.609591
v -17.988680 3.810666 5.609591
v -21.316002 59.149185 5.609591
v -17.988678 59.149185 5.609589
v -21.316002 3.810666 3.725235
v -17.988682 3.810666 3.725234
v -21.316000 59.149181 3.725233
v -17.988678 59.149185 3.725233
v 27.457027 55.918621 -2.339698
v 28.186253 55.918621 -2.339697
v 27.457033 55.918621 -24.258034
v 28.186258 55.918621 -24.258034
v 27.457033 53.525272 -23.274731
v 27.457033 54.508575 -24.258034
v 27.457027 53.525272 -3.323002
v 27.457027 54.508575 -2.339698
v 28.186253 54.508575 -2.339698
v 28.186253 53.525272 -3.323002
v 28.186258 54.508575 -24.258034
v 28.186258 53.525272 -23.274731
v 27.457027 52.281757 -2.339698
v 28.186253 52.281757 -2.339698
v 27.457033 52.281757 -24.258034
v 28.186258 52.281757 -24.258034
v 27.457033 49.888401 -23.274731
v 27.457033 50.871704 -24.258034
v 27.457027 49.888401 -3.323003
v 27.457027 50.871704 -2.339698
v 28.186249 50.871704 -2.339698
v 28.186249 49.888401 -3.323002
v 28.186258 50.871704 -24.258034
v 28.186258 49.888401 -23.274731
v 27.457022 48.644882 -2.339698
v 28.186249 48.644882 -2.339698
v 27.457033 48.644890 -24.258034
v 28.186258 48.644890 -24.258034
v 27.457033 46.251534 -23.274731
v 27.457033 47.234837 -24.258034
v 27.457022 46.251534 -3.323001
v 27.457022 47.234837 -2.339699
v 28.186249 47.234837 -2.339699
v 28.186249 46.251534 -3.323003
v 28.186258 47.234837 -24.258034
v 28.186258 46.251537 -23.274731
v 27.457022 45.008015 -2.339699
v 28.186249 45.008015 -2.339699
v 27.457027 45.008018 -24.258034
v 28.186253 45.008018 -24.258034
v 27.457027 42.614666 -23.274731
v 27.457027 43.597969 -24.258034
v 27.457022 42.614666 -3.323001
v 27.457022 43.597965 -2.339699
v 28.186249 43.597965 -2.339699
v 28.186249 42.614666 -3.323003
v 28.186253 43.597969 -24.258034
v 28.186253 42.614666 -23.274731
v 27.457022 41.371147 -2.339699
v 28.186249 41.371147 -2.339699
v 27.457027 41.371151 -24.258036
v 28.186253 41.371151 -24.258036
v 27.457027 38.977802 -23.274734
v 27.457027 39.961102 -24.258036
v 27.457022 38.977798 -3.323002
v 27.457022 39.961102 -2.339699
v 28.186249 39.961102 -2.339699
v 28.186249 38.977798 -3.323001
v 28.186253 39.961102 -24.258036
v 28.186253 38.977798 -23.274734
v 27.457022 37.734283 -2.339700
v 28.186249 37.734283 -2.339700
v 27.457027 37.734283 -24.258036
v 28.186253 37.734283 -24.258036
v 27.457027 35.340931 -23.274734
v 27.457027 36.324234 -24.258036
v 27.457022 35.340931 -3.323002
v 27.457022 36.324234 -2.339700
v 28.186249 36.324234 -2.339700
v 28.186249 35.340931 -3.323002
v 28.186253 36.324234 -24.258036
v 28.186253 35.340931 -23.274734
v 27.457022 34.097416 -2.339700
v 28.186249 34.097416 -2.339700
v 27.457027 34.097416 -24.258036
v 28.186253 34.097416 -24.258036
v 27.457027 31.704065 -23.274734
v 27.457027 32.687366 -24.258036
v 27.457022 31.704062 -3.323002
v 27.457022 32.687366 -2.339700
v 28.186247 32.687366 -2.339700
v 28.186247 31.704062 -3.323002
v 28.186253 32.687366 -24.258036
v 28.186253 31.704065 -23.274734
v 27.457022 30.460546 -2.339701
v 28.186247 30.460546 -2.339700
v 27.457027 30.460546 -24.258036
v 28.186253 30.460546 -24.258036
v 27.457027 28.067198 -23.274734
v 27.457027 29.050499 -24.258036
v 27.457027 28.067194 -3.323003
v 27.457022 29.050495 -2.339698
v 28.186247 29.050495 -2.339698
v 28.186249 28.067194 -3.323003
v 28.186253 29.050499 -24.258036
v 28.186253 28.067198 -23.274734
v 27.457022 26.823677 -2.339699
v 28.186247 26.823677 -2.339699
v 27.457027 26.823681 -24.258036
v 28.186253 26.823681 -24.258036
v 27.457027 24.430332 -23.274727
v 27.457027 25.413635 -24.258036
v 27.457027 24.430330 -3.323003
v 27.457027 25.413631 -2.339699
v 28.186249 25.413631 -2.339699
v 28.186249 24.430330 -3.323003
v 28.186249 25.413635 -24.258036
v 28.186249 24.430332 -23.274727
v 27.457022 23.186815 -2.339699
v 28.186249 23.186815 -2.339699
v 27.457027 23.186819 -24.258030
v 28.186249 23.186819 -24.258030
v 27.457027 20.793463 -23.274731
v 27.457027 21.776766 -24.258034
v 27.457022 20.793463 -3.323004
v 27.457022 21.776764 -2.339699
v 28.186249 21.776764 -2.339699
v 28.186249 20.793463 -3.323003
v 28.186249 21.776766 -24.258034
v 28.186249 20.793463 -23.274731
v 27.457022 19.549946 -2.339700
v 28.186249 19.549946 -2.339699
v 27.457033 19.549948 -24.258034
v 28.186253 19.549948 -24.258034
v 27.457027 17.156595 -23.274731
v 27.457033 18.139898 -24.258034
v 27.457022 17.156595 -3.323004
v 27.457022 18.139894 -2.339700
v 28.186249 18.139894 -2.339700
v 28.186249 17.156595 -3.323004
v 28.186253 18.139898 -24.258034
v 28.186253 17.156595 -23.274731
v 27.457022 15.913073 -2.339700
v 28.186249 15.913073 -2.339700
v 27.457027 15.913079 -24.258034
v 28.186253 15.913079 -24.258034
v 27.457027 13.519729 -23.274731
v 27.457027 14.503031 -24.258034
v 27.457022 13.519723 -3.323004
v 27.457022 14.503024 -2.339700
v 28.186249 14.503024 -2.339700
v 28.186249 13.519723 -3.323004
v 28.186253 14.503031 -24.258034
v 28.186253 13.519729 -23.274731
v 27.457022 12.276205 -2.339700
v 28.186249 12.276205 -2.339700
v 27.457027 12.276212 -24.258034
v 28.186253 12.276212 -24.258034
v 27.457027 9.882863 -23.274731
v 27.457027 10.866165 -24.258034
v 27.457022 9.882854 -3.323003
v 27.457022 10.866156 -2.339701
v 28.186249 10.866156 -2.339700
v 28.186249 9.882854 -3.323005
v 28.186253 10.866165 -24.258034
v 28.186253 9.882863 -23.274731
v 19.597710 55.918621 18.109951
v 20.326935 55.918621 18.109951
v 19.597713 53.525272 0.086534
v 20.326941 53.525272 0.086534
v 19.597713 55.918621 0.086534
v 20.326941 55.918621 0.086534
v 19.597710 53.525269 17.126646
v 19.597710 54.508568 18.109951
v 20.326935 54.508568 18.109951
v 20.326935 53.525269 17.126646
v 20.326941 53.525272 2.219536
v 19.597713 53.525272 4.843038
v 20.326941 55.446533 2.197329
v 24.523943 55.918621 0.086535
v 24.523943 55.446533 2.197330
v 24.523943 54.127186 0.086535
v 23.922029 53.525272 0.086535
v 23.922029 53.525272 2.219537
v 24.523943 54.127186 2.212580
v 19.597710 52.281750 18.109951
v 20.326935 52.281750 18.109951
v 19.597713 49.888401 0.086533
v 20.326941 49.888401 0.086534
v 19.597713 52.281750 0.086534
v 20.326941 52.281750 0.086534
v 19.597710 49.888397 17.126646
v 19.597710 50.871700 18.109951
v 20.326935 50.871700 18.109951
v 20.326935 49.888397 17.126646
v 20.326941 49.888401 2.219536
v 19.597713 49.888397 4.843037
v 20.326941 51.809662 2.197329
v 24.523943 52.281750 0.086535
v 24.523943 51.809662 2.197330
v 24.523943 50.490318 0.086534
v 23.922029 49.888401 0.086534
v 23.922029 49.888401 2.219536
v 24.523943 50.490318 2.212579
v 19.597710 48.644882 18.109951
v 20.326935 48.644882 18.109951
v 19.597713 46.251534 0.086534
v 20.326941 46.251534 0.086534
v 19.597713 48.644890 0.086533
v 20.326941 48.644882 0.086533
v 19.597710 46.251534 17.126646
v 19.597710 47.234829 18.109951
v 20.326931 47.234829 18.109951
v 20.326931 46.251534 17.126646
v 20.326941 46.251534 2.219536
v 19.597713 46.251534 4.843038
v 20.326941 48.172794 2.197328
v 24.523943 48.644890 0.086534
v 24.523943 48.172794 2.197329
v 24.523943 46.853447 0.086534
v 23.922029 46.251534 0.086535
v 23.922029 46.251534 2.219537
v 24.523943 46.853447 2.212579
v 19.597710 45.008015 18.109949
v 20.326931 45.008011 18.109949
v 19.597713 42.614666 0.086534
v 20.326941 42.614666 0.086534
v 19.597713 45.008015 0.086534
v 20.326941 45.008015 0.086534
v 19.597710 42.614666 17.126646
v 19.597710 43.597965 18.109949
v 20.326931 43.597965 18.109949
v 20.326931 42.614666 17.126646
v 20.326941 42.614666 2.219536
v 19.597713 42.614666 4.843037
v 20.326941 44.535927 2.197329
v 24.523943 45.008015 0.086535
v 24.523943 44.535927 2.197330
v 24.523943 43.216572 0.086535
v 23.922029 42.614666 0.086535
v 23.922029 42.614666 2.219537
v 24.523943 43.216572 2.212580
v 19.597704 41.371147 18.109949
v 20.326931 41.371147 18.109949
v 19.597713 38.977798 0.086533
v 20.326935 38.977798 0.086533
v 19.597713 41.371147 0.086534
v 20.326935 41.371147 0.086534
v 19.597704 38.977795 17.126646
v 19.597704 39.961098 18.109949
v 20.326931 39.961098 18.109949
v 20.326931 38.977795 17.126646
v 20.326935 38.977798 2.219535
v 19.597713 38.977798 4.843037
v 20.326935 40.899059 2.197328
v 24.523943 41.371151 0.086535
v 24.523943 40.899059 2.197330
v 24.523943 39.579712 0.086534
v 23.922029 38.977798 0.086534
v 23.922029 38.977798 2.219536
v 24.523943 39.579712 2.212579
v 19.597704 37.734280 18.109949
v 20.326931 37.734280 18.109949
v 19.597710 35.340931 0.086533
v 20.326935 35.340931 0.086533
v 19.597713 37.734283 0.086533
v 20.326935 37.734283 0.086533
v 19.597710 35.340927 17.126646
v 19.597704 36.324226 18.109947
v 20.326931 36.324226 18.109947
v 20.326935 35.340927 17.126646
v 20.326935 35.340931 2.219535
v 19.597710 35.340931 4.843037
v 20.326935 37.262192 2.197328
v 24.523943 37.734283 0.086534
v 24.523943 37.262192 2.197329
v 24.523943 35.942837 0.086534
v 23.922028 35.340931 0.086534
v 23.922028 35.340931 2.219536
v 24.523943 35.942837 2.212579
v 19.597710 34.097412 18.109947
v 20.326935 34.097412 18.109947
v 19.597710 31.704062 0.086532
v 20.326935 31.704062 0.086533
v 19.597710 34.097412 0.086533
v 20.326935 34.097412 0.086533
v 19.597710 31.704058 17.126646
v 19.597710 32.687359 18.109949
v 20.326935 32.687359 18.109947
v 20.326935 31.704058 17.126646
v 20.326935 31.704062 2.219535
v 19.597710 31.704062 4.843037
v 20.326935 33.625320 2.197328
v 24.523943 34.097412 0.086534
v 24.523943 33.625324 2.197328
v 24.523943 32.305969 0.086533
v 23.922028 31.704062 0.086533
v 23.922028 31.704062 2.219535
v 24.523937 32.305969 2.212579
v 19.597710 30.460543 18.109949
v 20.326935 30.460543 18.109949
v 19.597710 28.067194 0.086532
v 20.326935 28.067194 0.086532
v 19.597710 30.460541 0.086532
v 20.326935 30.460541 0.086532
v 19.597710 28.067190 17.126646
v 19.597710 29.050491 18.109949
v 20.326935 29.050491 18.109949
v 20.326935 28.067190 17.126646
v 20.326935 28.067194 2.219534
v 19.597710 28.067194 4.843036
v 20.326935 29.988455 2.197327
v 24.523937 30.460541 0.086533
v 24.523937 29.988455 2.197328
v 24.523937 28.669109 0.086533
v 23.922028 28.067194 0.086533
v 23.922028 28.067194 2.219535
v 24.523937 28.669109 2.212578
v 19.597710 26.823675 18.109947
v 20.326935 26.823675 18.109947
v 19.597710 24.430330 0.086533
v 20.326935 24.430330 0.086533
v 19.597710 26.823673 0.086532
v 20.326935 26.823673 0.086532
v 19.597710 24.430328 17.126646
v 19.597710 25.413631 18.109947
v 20.326935 25.413631 18.109947
v 20.326935 24.430328 17.126646
v 20.326935 24.430330 2.219535
v 19.597710 24.430330 4.843037
v 20.326935 26.351589 2.197328
v 24.523937 26.823673 0.086533
v 24.523937 26.351589 2.197329
v 24.523937 25.032244 0.086534
v 23.922028 24.430330 0.086534
v 23.922028 24.430330 2.219536
v 24.523937 25.032244 2.212579
v 19.597710 23.186813 18.109947
v 20.326931 23.186813 18.109947
v 19.597710 20.793463 0.086532
v 20.326935 20.793463 0.086532
v 19.597710 23.186810 0.086533
v 20.326935 23.186810 0.086533
v 19.597710 20.793461 17.126646
v 19.597710 21.776762 18.109949
v 20.326931 21.776762 18.109947
v 20.326931 20.793461 17.126646
v 20.326935 20.793463 2.219534
v 19.597710 20.793463 4.843037
v 20.326935 22.714725 2.197328
v 24.523937 23.186810 0.086534
v 24.523937 22.714725 2.197328
v 24.523937 21.395374 0.086533
v 23.922028 20.793463 0.086533
v 23.922028 20.793463 2.219535
v 24.523937 21.395374 2.212579
v 19.597704 19.549942 18.109949
v 20.326931 19.549942 18.109949
v 19.597713 17.156595 0.086532
v 20.326935 17.156595 0.086532
v 19.597713 19.549940 0.086532
v 20.326941 19.549940 0.086532
v 19.597704 17.156593 17.126646
v 19.597704 18.139894 18.109949
v 20.326931 18.139894 18.109949
v 20.326931 17.156593 17.126646
v 20.326931 17.156595 2.219534
v 19.597710 17.156595 4.843036
v 20.326935 19.077854 2.197327
v 24.523943 19.549940 0.086533
v 24.523937 19.077854 2.197328
v 24.523943 17.758505 0.086533
v 23.922029 17.156595 0.086533
v 23.922028 17.156595 2.219535
v 24.523937 17.758505 2.212578
v 19.597704 15.913072 18.109947
v 20.326931 15.913072 18.109947
v 19.597710 13.519723 0.086531
v 20.326935 13.519723 0.086532
v 19.597713 15.913073 0.086532
v 20.326935 15.913073 0.086532
v 19.597704 13.519723 17.126646
v 19.597704 14.503026 18.109947
v 20.326931 14.503026 18.109947
v 20.326931 13.519723 17.126646
v 20.326935 13.519723 2.219533
v 19.597704 13.519723 4.843035
v 20.326931 15.440987 2.197327
v 24.523943 15.913073 0.086533
v 24.523937 15.440987 2.197328
v 24.523943 14.121634 0.086532
v 23.922028 13.519723 0.086532
v 23.922028 13.519723 2.219534
v 24.523943 14.121634 2.212578
v 19.597704 12.276202 18.109947
v 20.326931 12.276202 18.109947
v 19.597710 9.882854 0.086531
v 20.326935 9.882854 0.086531
v 19.597710 12.276205 0.086531
v 20.326935 12.276205 0.086531
v 19.597704 9.882858 17.126646
v 19.597704 10.866160 18.109947
v 20.326931 10.866160 18.109947
v 20.326931 9.882858 17.126646
v 20.326935 9.882854 2.219533
v 19.597704 9.882854 4.843035
v 20.326935 11.804119 2.197326
v 24.523943 12.276205 0.086532
v 24.523937 11.804119 2.197327
v 24.523937 10.484771 0.086532
v 23.922028 9.882854 0.086532
v 23.922028 9.882854 2.219534
v 24.523937 10.484771 2.212577
v -27.457115 55.918621 -2.339698
v -28.186342 55.918621 -2.339697
v -27.457121 55.918621 -24.258034
v -28.186348 55.918621 -24.258034
v -27.457121 53.525272 -23.274731
v -27.457121 54.508575 -24.258034
v -27.457115 53.525272 -3.323002
v -27.457115 54.508575 -2.339698
v -28.186342 54.508575 -2.339698
v -28.186342 53.525272 -3.323002
v -28.186348 54.508575 -24.258034
v -28.186348 53.525272 -23.274731
v -27.457115 52.281757 -2.339698
v -28.186342 52.281757 -2.339698
v -27.457121 52.281757 -24.258034
v -28.186348 52.281757 -24.258034
v -27.457121 49.888401 -23.274731
v -27.457121 50.871704 -24.258034
v -27.457115 49.888401 -3.323003
v -27.457115 50.871704 -2.339698
v -28.186338 50.871704 -2.339698
v -28.186338 49.888401 -3.323002
v -28.186348 50.871704 -24.258034
v -28.186348 49.888401 -23.274731
v -27.457109 48.644882 -2.339698
v -28.186338 48.644882 -2.339698
v -27.457121 48.644890 -24.258034
v -28.186348 48.644890 -24.258034
v -27.457121 46.251534 -23.274731
v -27.457121 47.234837 -24.258034
v -27.457109 46.251534 -3.323001
v -27.457109 47.234837 -2.339699
v -28.186338 47.234837 -2.339699
v -28.186338 46.251534 -3.323003
v -28.186348 47.234837 -24.258034
v -28.186348 46.251537 -23.274731
v -27.457109 45.008015 -2.339699
v -28.186338 45.008015 -2.339699
v -27.457115 45.008018 -24.258034
v -28.186342 45.008018 -24.258034
v -27.457115 42.614666 -23.274731
v -27.457115 43.597969 -24.258034
v -27.457109 42.614666 -3.323001
v -27.457109 43.597965 -2.339699
v -28.186338 43.597965 -2.339699
v -28.186338 42.614666 -3.323003
v -28.186342 43.597969 -24.258034
v -28.186342 42.614666 -23.274731
v -27.457109 41.371147 -2.339699
v -28.186338 41.371147 -2.339699
v -27.457115 41.371151 -24.258036
v -28.186342 41.371151 -24.258036
v -27.457115 38.977802 -23.274734
v -27.457115 39.961102 -24.258036
v -27.457109 38.977798 -3.323002
v -27.457109 39.961102 -2.339699
v -28.186338 39.961102 -2.339699
v -28.186338 38.977798 -3.323001
v -28.186342 39.961102 -24.258036
v -28.186342 38.977798 -23.274734
v -27.457109 37.734283 -2.339700
v -28.186338 37.734283 -2.339700
v -27.457115 37.734283 -24.258036
v -28.186342 37.734283 -24.258036
v -27.457115 35.340931 -23.274734
v -27.457115 36.324234 -24.258036
v -27.457109 35.340931 -3.323002
v -27.457109 36.324234 -2.339700
v -28.186338 36.324234 -2.339700
v -28.186338 35.340931 -3.323002
v -28.186342 36.324234 -24.258036
v -28.186342 35.340931 -23.274734
v -27.457109 34.097416 -2.339700
v -28.186338 34.097416 -2.339700
v -27.457115 34.097416 -24.258036
v -28.186342 34.097416 -24.258036
v -27.457115 31.704065 -23.274734
v -27.457115 32.687366 -24.258036
v -27.457109 31.704062 -3.323002
v -27.457109 32.687366 -2.339700
v -28.186331 32.687366 -2.339700
v -28.186331 31.704062 -3.323002
v -28.186342 32.687366 -24.258036
v -28.186342 31.704065 -23.274734
v -27.457109 30.460546 -2.339701
v -28.186331 30.460546 -2.339700
v -27.457115 30.460546 -24.258036
v -28.186342 30.460546 -24.258036
v -27.457115 28.067198 -23.274734
v -27.457115 29.050499 -24.258036
v -27.457115 28.067194 -3.323003
v -27.457109 29.050495 -2.339698
v -28.186331 29.050495 -2.339698
v -28.186338 28.067194 -3.323003
v -28.186342 29.050499 -24.258036
v -28.186342 28.067198 -23.274734
v -27.457109 26.823677 -2.339699
v -28.186331 26.823677 -2.339699
v -27.457115 26.823681 -24.258036
v -28.186342 26.823681 -24.258036
v -27.457115 24.430332 -23.274727
v -27.457115 25.413635 -24.258036
v -27.457115 24.430330 -3.323003
v -27.457115 25.413631 -2.339699
v -28.186338 25.413631 -2.339699
v -28.186338 24.430330 -3.323003
v -28.186338 25.413635 -24.258036
v -28.186338 24.430332 -23.274727
v -27.457109 23.186815 -2.339699
v -28.186338 23.186815 -2.339699
v -27.457115 23.186819 -24.258030
v -28.186338 23.186819 -24.258030
v -27.457115 20.793463 -23.274731
v -27.457115 21.776766 -24.258034
v -27.457109 20.793463 -3.323004
v -27.457109 21.776764 -2.339699
v -28.186338 21.776764 -2.339699
v -28.186338 20.793463 -3.323003
v -28.186338 21.776766 -24.258034
v -28.186338 20.793463 -23.274731
v -27.457109 19.549946 -2.339700
v -28.186338 19.549946 -2.339699
v -27.457121 19.549948 -24.258034
v -28.186342 19.549948 -24.258034
v -27.457115 17.156595 -23.274731
v -27.457121 18.139898 -24.258034
v -27.457109 17.156595 -3.323004
v -27.457109 18.139894 -2.339700
v -28.186338 18.139894 -2.339700
v -28.186338 17.156595 -3.323004
v -28.186342 18.139898 -24.258034
v -28.186342 17.156595 -23.274731
v -27.457109 15.913073 -2.339700
v -28.186338 15.913073 -2.339700
v -27.457115 15.913079 -24.258034
v -28.186342 15.913079 -24.258034
v -27.457115 13.519729 -23.274731
v -27.457115 14.503031 -24.258034
v -27.457109 13.519723 -3.323004
v -27.457109 14.503024 -2.339700
v -28.186338 14.503024 -2.339700
v -28.186338 13.519723 -3.323004
v -28.186342 14.503031 -24.258034
v -28.186342 13.519729 -23.274731
v -27.457109 12.276205 -2.339700
v -28.186338 12.276205 -2.339700
v -27.457115 12.276212 -24.258034
v -28.186342 12.276212 -24.258034
v -27.457115 9.882863 -23.274731
v -27.457115 10.866165 -24.258034
v -27.457109 9.882854 -3.323003
v -27.457109 10.866156 -2.339701
v -28.186338 10.866156 -2.339700
v -28.186338 9.882854 -3.323005
v -28.186342 10.866165 -24.258034
v -28.186342 9.882863 -23.274731
v -19.597795 55.918621 18.109951
v -20.327024 55.918621 18.109951
v -19.597803 53.525272 0.086534
v -20.327028 53.525272 0.086534
v -19.597803 55.918621 0.086534
v -20.327028 55.918621 0.086534
v -19.597795 53.525269 17.126646
v -19.597795 54.508568 18.109951
v -20.327024 54.508568 18.109951
v -20.327024 53.525269 17.126646
v -20.327028 53.525272 2.219536
v -19.597803 53.525272 4.843038
v -20.327028 55.446533 2.197329
v -24.524031 55.918621 0.086535
v -24.524031 55.446533 2.197330
v -24.524031 54.127186 0.086535
v -23.922117 53.525272 0.086535
v -23.922117 53.525272 2.219537
v -24.524031 54.127186 2.212580
v -19.597795 52.281750 18.109951
v -20.327024 52.281750 18.109951
v -19.597803 49.888401 0.086533
v -20.327028 49.888401 0.086534
v -19.597803 52.281750 0.086534
v -20.327028 52.281750 0.086534
v -19.597795 49.888397 17.126646
v -19.597795 50.871700 18.109951
v -20.327024 50.871700 18.109951
v -20.327024 49.888397 17.126646
v -20.327028 49.888401 2.219536
v -19.597803 49.888397 4.843037
v -20.327028 51.809662 2.197329
v -24.524031 52.281750 0.086535
v -24.524031 51.809662 2.197330
v -24.524031 50.490318 0.086534
v -23.922117 49.888401 0.086534
v -23.922117 49.888401 2.219536
v -24.524031 50.490318 2.212579
v -19.597795 48.644882 18.109951
v -20.327024 48.644882 18.109951
v -19.597803 46.251534 0.086534
v -20.327028 46.251534 0.086534
v -19.597803 48.644890 0.086533
v -20.327028 48.644882 0.086533
v -19.597795 46.251534 17.126646
v -19.597795 47.234829 18.109951
v -20.327017 47.234829 18.109951
v -20.327017 46.251534 17.126646
v -20.327028 46.251534 2.219536
v -19.597803 46.251534 4.843038
v -20.327028 48.172794 2.197328
v -24.524031 48.644890 0.086534
v -24.524031 48.172794 2.197329
v -24.524031 46.853447 0.086534
v -23.922117 46.251534 0.086535
v -23.922117 46.251534 2.219537
v -24.524031 46.853447 2.212579
v -19.597795 45.008015 18.109949
v -20.327017 45.008011 18.109949
v -19.597803 42.614666 0.086534
v -20.327028 42.614666 0.086534
v -19.597803 45.008015 0.086534
v -20.327028 45.008015 0.086534
v -19.597795 42.614666 17.126646
v -19.597795 43.597965 18.109949
v -20.327017 43.597965 18.109949
v -20.327017 42.614666 17.126646
v -20.327028 42.614666 2.219536
v -19.597803 42.614666 4.843037
v -20.327028 44.535927 2.197329
v -24.524031 45.008015 0.086535
v -24.524031 44.535927 2.197330
v -24.524031 43.216572 0.086535
v -23.922117 42.614666 0.086535
v -23.922117 42.614666 2.219537
v -24.524031 43.216572 2.212580
v -19.597794 41.371147 18.109949
v -20.327017 41.371147 18.109949
v -19.597803 38.977798 0.086533
v -20.327024 38.977798 0.086533
v -19.597803 41.371147 0.086534
v -20.327024 41.371147 0.086534
v -19.597794 38.977795 17.126646
v -19.597794 39.961098 18.109949
v -20.327017 39.961098 18.109949
v -20.327017 38.977795 17.126646
v -20.327024 38.977798 2.219535
v -19.597803 38.977798 4.843037
v -20.327024 40.899059 2.197328
v -24.524031 41.371151 0.086535
v -24.524031 40.899059 2.197330
v -24.524031 39.579712 0.086534
v -23.922117 38.977798 0.086534
v -23.922117 38.977798 2.219536
v -24.524031 39.579712 2.212579
v -19.597794 37.734280 18.109949
v -20.327017 37.734280 18.109949
v -19.597795 35.340931 0.086533
v -20.327024 35.340931 0.086533
v -19.597803 37.734283 0.086533
v -20.327024 37.734283 0.086533
v -19.597795 35.340927 17.126646
v -19.597794 36.324226 18.109947
v -20.327017 36.324226 18.109947
v -20.327024 35.340927 17.126646
v -20.327024 35.340931 2.219535
v -19.597795 35.340931 4.843037
v -20.327024 37.262192 2.197328
v -24.524031 37.734283 0.086534
v -24.524031 37.262192 2.197329
v -24.524031 35.942837 0.086534
v -23.922115 35.340931 0.086534
v -23.922115 35.340931 2.219536
v -24.524031 35.942837 2.212579
v -19.597795 34.097412 18.109947
v -20.327024 34.097412 18.109947
v -19.597795 31.704062 0.086532
v -20.327024 31.704062 0.086533
v -19.597795 34.097412 0.086533
v -20.327024 34.097412 0.086533
v -19.597795 31.704058 17.126646
v -19.597795 32.687359 18.109949
v -20.327024 32.687359 18.109947
v -20.327024 31.704058 17.126646
v -20.327024 31.704062 2.219535
v -19.597795 31.704062 4.843037
v -20.327024 33.625320 2.197328
v -24.524031 34.097412 0.086534
v -24.524031 33.625324 2.197328
v -24.524031 32.305969 0.086533
v -23.922115 31.704062 0.086533
v -23.922115 31.704062 2.219535
v -24.524025 32.305969 2.212579
v -19.597795 30.460543 18.109949
v -20.327024 30.460543 18.109949
v -19.597795 28.067194 0.086532
v -20.327024 28.067194 0.086532
v -19.597795 30.460541 0.086532
v -20.327024 30.460541 0.086532
v -19.597795 28.067190 17.126646
v -19.597795 29.050491 18.109949
v -20.327024 29.050491 18.109949
v -20.327024 28.067190 17.126646
v -20.327024 28.067194 2.219534
v -19.597795 28.067194 4.843036
v -20.327024 29.988455 2.197327
v -24.524025 30.460541 0.086533
v -24.524025 29.988455 2.197328
v -24.524025 28.669109 0.086533
v -23.922115 28.067194 0.086533
v -23.922115 28.067194 2.219535
v -24.524025 28.669109 2.212578
v -19.597795 26.823675 18.109947
v -20.327024 26.823675 18.109947
v -19.597795 24.430330 0.086533
v -20.327024 24.430330 0.086533
v -19.597795 26.823673 0.086532
v -20.327024 26.823673 0.086532
v -19.597795 24.430328 17.126646
v -19.597795 25.413631 18.109947
v -20.327024 25.413631 18.109947
v -20.327024 24.430328 17.126646
v -20.327024 24.430330 2.219535
v -19.597795 24.430330 4.843037
v -20.327024 26.351589 2.197328
v -24.524025 26.823673 0.086533
v -24.524025 26.351589 2.197329
v -24.524025 25.032244 0.086534
v -23.922115 24.430330 0.086534
v -23.922115 24.430330 2.219536
v -24.524025 25.032244 2.212579
v -19.597795 23.186813 18.109947
v -20.327017 23.186813 18.109947
v -19.597795 20.793463 0.086532
v -20.327024 20.793463 0.086532
v -19.597795 23.186810 0.086533
v -20.327024 23.186810 0.086533
v -19.597795 20.793461 17.126646
v -19.597795 21.776762 18.109949
v -20.327017 21.776762 18.109947
v -20.327017 20.793461 17.126646
v -20.327024 20.793463 2.219534
v -19.597795 20.793463 4.843037
v -20.327024 22.714725 2.197328
v -24.524025 23.186810 0.086534
v -24.524025 22.714725 2.197328
v -24.524025 21.395374 0.086533
v -23.922115 20.793463 0.086533
v -23.922115 20.793463 2.219535
v -24.524025 21.395374 2.212579
v -19.597794 19.549942 18.109949
v -20.327017 19.549942 18.109949
v -19.597803 17.156595 0.086532
v -20.327024 17.156595 0.086532
v -19.597803 19.549940 0.086532
v -20.327028 19.549940 0.086532
v -19.597794 17.156593 17.126646
v -19.597794 18.139894 18.109949
v -20.327017 18.139894 18.109949
v -20.327017 17.156593 17.126646
v -20.327017 17.156595 2.219534
v -19.597795 17.156595 4.843036
v -20.327024 19.077854 2.197327
v -24.524031 19.549940 0.086533
v -24.524025 19.077854 2.197328
v -24.524031 17.758505 0.086533
v -23.922117 17.156595 0.086533
v -23.922115 17.156595 2.219535
v -24.524025 17.758505 2.212578
v -19.597794 15.913072 18.109947
v -20.327017 15.913072 18.109947
v -19.597795 13.519723 0.086531
v -20.327024 13.519723 0.086532
v -19.597803 15.913073 0.086532
v -20.327024 15.913073 0.086532
v -19.597794 13.519723 17.126646
v -19.597794 14.503026 18.109947
v -20.327017 14.503026 18.109947
v -20.327017 13.519723 17.126646
v -20.327024 13.519723 2.219533
v -19.597794 13.519723 4.843035
v -20.327017 15.440987 2.197327
v -24.524031 15.913073 0.086533
v -24.524025 15.440987 2.197328
v -24.524031 14.121634 0.086532
v -23.922115 13.519723 0.086532
v -23.922115 13.519723 2.219534
v -24.524031 14.121634 2.212578
v -19.597794 12.276202 18.109947
v -20.327017 12.276202 18.109947
v -19.597795 9.882854 0.086531
v -20.327024 9.882854 0.086531
v -19.597795 12.276205 0.086531
v -20.327024 12.276205 0.086531
v -19.597794 9.882858 17.126646
v -19.597794 10.866160 18.109947
v -20.327017 10.866160 18.109947
v -20.327017 9.882858 17.126646
v -20.327024 9.882854 2.219533
v -19.597794 9.882854 4.843035
v -20.327024 11.804119 2.197326
v -24.524031 12.276205 0.086532
v -24.524025 11.804119 2.197327
v -24.524025 10.484771 0.086532
v -23.922115 9.882854 0.086532
v -23.922115 9.882854 2.219534
v -24.524025 10.484771 2.212577
v 17.853876 3.810675 25.360195
v 21.181198 3.810675 25.360195
v 17.853872 59.149185 25.360195
v 21.181192 59.149185 25.360193
v 17.853872 3.810675 16.599020
v 21.181198 3.810675 16.599016
v 17.853872 59.149185 16.599010
v 21.181192 59.149185 16.599012
v -25.721302 76.175423 -28.278666
v -25.769039 76.221916 -28.306227
v -25.757357 76.175423 -28.216211
v -25.805098 76.221916 -28.243776
v -25.623329 76.099625 -28.274071
v -25.623329 76.261757 -28.274071
v -25.704393 76.099625 -28.133663
v -25.704393 76.261757 -28.133663
v -25.763741 76.099625 -28.355137
v -25.763741 76.261757 -28.355137
v -25.844807 76.099625 -28.214729
v -25.844807 76.261757 -28.214729
vn 1.0000 -0.0063 -0.0053
vn 0.4070 -0.8177 -0.4070
vn -1.0000 -0.0063 -0.0053
vn -0.4070 -0.8177 -0.4070
vn -0.3992 0.9168 -0.0000
vn -0.3799 -0.9250 -0.0100
vn -0.4080 0.9122 -0.0367
vn 0.3780 -0.9258 -0.0089
vn 0.3999 0.9165 -0.0005
vn 0.4032 0.9145 -0.0326
vn -0.4032 0.9151 -0.0000
vn -0.3613 -0.9324 -0.0090
vn -0.3877 0.9212 -0.0315
vn -0.9944 0.0009 0.1058
vn -0.9976 -0.0161 -0.0669
vn -0.9940 0.0241 -0.1071
vn 0.4076 -0.9131 -0.0066
vn 0.3988 0.9171 0.0001
vn 0.4042 0.9143 -0.0245
vn 0.3714 -0.9284 -0.0088
vn 0.4010 0.9161 -0.0000
vn 0.3968 0.9174 -0.0318
vn 0.0130 -0.0167 0.9998
vn 0.0310 -0.0152 0.9994
vn 0.0310 -0.0153 0.9994
vn 0.0486 -0.0153 0.9987
vn 0.0661 -0.0153 0.9977
vn -0.0000 -1.0000 -0.0000
vn -0.0000 1.0000 -0.0000
vn 0.7068 0.0309 -0.7068
vn 0.7068 0.0310 -0.7068
vn -0.0000 0.0019 -1.0000
vn -0.0001 0.0017 -1.0000
vn -0.0000 -0.0332 -0.9994
vn -0.0000 0.0077 -1.0000
vn 0.0001 0.0078 -1.0000
vn 0.1090 0.9940 0.0125
vn 0.1058 0.9944 -0.0005
vn 0.3648 -0.9311 -0.0088
vn 0.4022 0.9156 -0.0001
vn 0.3905 0.9201 -0.0311
vn -0.0091 0.0638 0.9979
vn -0.0069 0.0601 0.9982
vn -0.0566 -0.0149 0.9983
vn -0.0394 -0.0149 0.9991
vn -0.0221 -0.0148 0.9996
vn -0.0221 -0.0149 0.9996
vn -0.0000 -0.0000 1.0000
vn 1.0000 -0.0084 0.0016
vn 1.0000 -0.0084 0.0008
vn 0.9999 0.0114 -0.0049
vn 0.9999 0.0115 -0.0049
vn -0.4016 0.9158 -0.0000
vn -0.3674 -0.9300 -0.0091
vn -0.3937 0.9187 -0.0322
vn 1.0000 0.0012 -0.0017
vn 1.0000 0.0010 -0.0016
vn 1.0000 0.0012 -0.0013
vn 1.0000 0.0011 -0.0013
vn 1.0000 0.0012 -0.0009
vn 1.0000 0.0011 -0.0008
vn 1.0000 0.0012 -0.0004
vn 1.0000 0.0013 -0.0005
vn 0.0207 -0.9998 0.0001
vn 0.0682 -0.9976 0.0093
vn -1.0000 0.0011 -0.0017
vn -1.0000 0.0010 -0.0016
vn -1.0000 0.0012 -0.0013
vn -1.0000 0.0018 -0.0016
vn -1.0000 0.0012 -0.0008
vn -1.0000 0.0007 -0.0007
vn -1.0000 0.0012 -0.0004
vn -1.0000 0.0011 -0.0004
vn -0.9999 0.0114 -0.0049
vn -0.9999 0.0116 -0.0050
vn -1.0000 -0.0084 0.0016
vn -1.0000 -0.0084 0.0008
vn -0.4004 0.9163 -0.0000
vn -0.3742 -0.9273 -0.0091
vn -0.4001 0.9159 -0.0330
vn -0.7068 0.0309 -0.7068
vn -0.7068 0.0310 -0.7068
vn -0.7068 0.0308 -0.7068
vn 0.7070 -0.0179 -0.7070
vn -0.9989 -0.0167 0.0447
vn -0.9990 -0.0119 -0.0423
vn -0.9990 -0.0118 -0.0423
vn 0.9990 -0.0118 -0.0423
vn 0.3962 -0.9181 -0.0000
vn 0.4678 0.8839 -0.0000
vn 0.4651 -0.8852 -0.0000
vn -0.1619 -0.0100 0.9867
vn -0.1620 -0.0099 0.9867
vn 0.9989 -0.0167 0.0447
vn -0.7070 -0.0179 -0.7070
vn -0.3961 0.9182 -0.0000
vn -0.4651 -0.8852 -0.0000
vn -0.4678 0.8839 -0.0000
vn 0.1619 -0.0100 0.9868
vn 0.1620 -0.0099 0.9867
vn -0.7070 -0.0188 0.7070
vn -0.0000 -0.0180 -0.9998
vn 0.7070 -0.0188 0.7070
vn 0.9990 -0.0119 -0.0423
vn 0.9989 -0.0167 0.0446
vn -0.4678 0.8838 -0.0000
vn 0.1619 -0.0101 0.9868
vn -0.9989 -0.0167 0.0446
vn 0.4678 0.8838 -0.0000
vn -0.1619 -0.0100 0.9868
vn 0.9989 -0.0168 0.0446
vn 0.3961 0.9182 -0.0006
vn -0.3962 -0.9181 -0.0003
vn 0.9990 -0.0120 -0.0423
vn -0.3962 -0.9181 -0.0002
vn 1.0000 -0.0000 -0.0000
vn -0.0000 -0.0000 -0.0000
vn 0.7071 -0.0000 -0.7071
vn -0.0000 -0.0000 -1.0000
vn -0.7071 -0.0000 0.7071
vn 0.3112 -0.8979 0.3112
vn 0.7071 -0.0000 0.7071
vn -1.0000 -0.0000 -0.0000
vn -0.7071 -0.0000 -0.7071
vn -0.3112 -0.8979 0.3112
vn 0.3604 -0.8603 -0.3604
vn -0.3604 -0.8603 -0.3604
vn -0.4472 0.8944 -0.0000
vn 0.9184 -0.0000 0.3957
vn 0.3957 -0.0000 0.9184
vn -0.6737 -0.0000 0.7390
vn -0.7390 -0.0000 0.6737
vn -0.0000 0.0001 1.0000
vn 0.7071 0.7071 -0.0000
vn 0.7071 -0.7071 -0.0000
vn -0.7071 0.7071 -0.0000
vn -0.7071 -0.7071 -0.0000
vn -0.0000 -0.0001 1.0000
vn -0.0000 0.0001 -1.0000
vn -0.7072 -0.7070 -0.0000
vn -0.7072 -0.7071 -0.0000
vn -0.7072 0.7071 -0.0000
vn -0.0000 0.7071 0.7071
vn -0.0000 -0.7071 0.7072
vn -0.0000 -0.7070 0.7072
vn -0.0000 -0.7071 0.7071
vn -0.0000 -1.0000 -0.0001
vn -0.0000 -0.7072 0.7071
vn -0.0000 0.7071 0.7072
vn -0.0000 0.7070 0.7072
vn -0.0000 0.7071 -0.7072
vn -0.0000 0.7070 -0.7072
vn -0.0000 0.7071 -0.7071
vn -0.0000 -0.7071 -0.7072
vn -0.0000 -0.7070 -0.7072
vn -0.0000 -0.7071 -0.7071
vn -0.0000 0.9759 0.2183
vn -0.0000 0.0116 0.9999
vn -0.5582 -0.7645 -0.3224
vn 0.8660 -0.0000 0.5000
vn -0.5000 -0.0000 0.8660
vn -0.8660 -0.0000 -0.5000
vn 0.5000 -0.0000 -0.8660
vn 0.9999 -0.0106 -0.0045
vn -0.9999 -0.0106 -0.0045
vn -0.3993 -0.9168 0.0015
vn 0.4000 -0.9165 -0.0000
vn -0.4030 -0.9152 -0.0001
vn -0.9998 -0.0000 0.0207
vn 0.3986 -0.9171 -0.0000
vn 0.4011 -0.9160 -0.0000
vn -0.0211 -0.3674 0.9298
vn -0.0001 -0.4014 -0.9159
vn -0.0000 -0.4020 -0.9156
vn 0.0166 -0.3648 0.9309
vn -0.0625 0.4032 0.9130
vn 0.0005 0.3999 -0.9165
vn -0.0000 0.3992 -0.9168
vn 0.0697 0.4080 0.9103
vn -0.0000 -0.4000 -0.9165
vn 0.0167 -0.3780 0.9257
vn -0.0231 -0.3799 0.9247
vn 0.0015 -0.3993 -0.9168
vn -0.0000 0.4004 -0.9163
vn 0.0637 0.4001 0.9142
vn -0.0620 0.3968 0.9158
vn -0.0000 0.4010 -0.9161
vn 0.0001 0.0016 -1.0000
vn 0.0001 0.0017 -1.0000
vn 0.0001 -0.0375 -0.9993
vn -0.0000 -0.0332 -0.9995
vn -0.0001 -0.0375 -0.9993
vn -0.0000 0.0078 -1.0000
vn 0.4020 -0.9156 -0.0000
vn -0.0092 0.0638 0.9979
vn -0.0128 0.0614 0.9980
vn 0.9999 0.0114 -0.0048
vn -0.4014 -0.9159 -0.0001
vn 1.0000 0.0011 -0.0017
vn 1.0000 0.0013 -0.0018
vn 1.0000 0.0012 -0.0008
vn 1.0000 0.0011 -0.0004
vn 1.0000 0.0008 -0.0004
vn -1.0000 0.0012 -0.0017
vn -1.0000 0.0011 -0.0013
vn -1.0000 0.0010 -0.0012
vn -1.0000 0.0015 -0.0009
vn -1.0000 0.0013 -0.0009
vn -1.0000 0.0012 -0.0009
vn -1.0000 0.0008 -0.0004
vn -0.4004 -0.9163 0.0013
vn -0.0000 -0.3962 -0.9181
vn -0.0000 -0.4651 0.8852
vn 0.0007 -0.3962 -0.9181
vn -0.9989 -0.0166 0.0447
vn 0.3961 0.9182 -0.0002
vn -0.0003 -0.3962 -0.9181
vn -0.3962 -0.9181 -0.0000
vn 0.1619 -0.0100 0.9867
vn -0.0000 -0.3963 -0.9181
vn -0.0000 0.4678 0.8839
vn 0.0006 0.3961 -0.9182
vn -0.0000 0.3961 -0.9182
vn 0.3961 0.9182 -0.0004
vn -0.0002 -0.3962 -0.9181
vn 0.3961 0.9182 0.0020
vn 0.0002 0.3961 -0.9182
vn -0.0000 0.4678 0.8838
vn -0.0020 0.3961 -0.9182
vn 0.3961 0.9182 -0.0005
vn -0.3962 -0.9181 0.0007
vn -0.0012 0.3961 -0.9182
vn 0.3961 0.9182 -0.0000
vn 0.0004 0.3961 -0.9182
vn 0.3961 0.9182 0.0012
vn -0.0005 0.3961 -0.9182
vn -0.0004 -0.3962 -0.9181
vn 0.3961 0.9182 0.0005
vn -0.3962 -0.9181 -0.0004
vn 0.0005 0.3961 -0.9182
vn -0.9988 -0.0169 0.0450
vn 0.1619 -0.0099 0.9867
vn -0.0465 0.4042 0.9135
vn -0.0001 0.3988 -0.9171
vn -0.0000 0.4032 -0.9151
vn 0.0630 0.3877 0.9196
vn -0.0000 -0.3986 -0.9171
vn 0.0188 -0.4076 0.9130
vn -0.0209 -0.3613 0.9322
vn -0.0001 -0.4030 -0.9152
vn -0.0616 0.3905 0.9185
vn 0.0001 0.4022 -0.9156
vn -0.0000 0.4016 -0.9158
vn 0.0634 0.3937 0.9171
vn -0.0000 -0.4011 -0.9160
vn 0.0167 -0.3714 0.9283
vn -0.0212 -0.3742 0.9271
vn 0.0013 -0.4004 -0.9163
vn 0.4472 0.8944 -0.0000
vn -0.0000 -0.0002 -1.0000
vn -0.0000 0.0002 1.0000
vn -0.0000 -0.0001 -1.0000
vn -0.0000 0.0002 -1.0000
vn -0.0000 0.7072 -0.7071
vn -0.0000 -0.7072 -0.7071
vn -0.5584 -0.7643 -0.3224
vt 1.236458 0.895720
vt 0.921749 0.967481
vt 0.921749 0.879590
vt 1.370265 1.368434
vt 1.334029 1.503086
vt 1.376913 1.460202
vt 0.921749 0.879590
vt 0.921749 0.967481
vt -0.370264 1.368434
vt -0.334027 1.503086
vt -0.242260 1.496439
vt -0.577069 2.774486
vt -0.534701 2.834486
vt -0.532509 2.774486
vt -0.532125 2.834486
vt -0.577069 2.774486
vt -0.530155 2.774486
vt -0.577069 2.384674
vt -0.521428 2.444673
vt -0.519411 2.384674
vt -0.519327 2.444674
vt -0.532878 2.384674
vt -0.536485 2.444674
vt -0.536595 2.444674
vt -0.535140 2.384674
vt -0.527859 2.704548
vt -0.577069 2.644548
vt -0.525890 2.644548
vt 0.059506 1.120636
vt 0.453912 1.032729
vt 0.453912 1.120636
vt 0.059085 0.683687
vt 0.454131 0.595773
vt 0.454131 0.683687
vt 0.058615 0.964859
vt 0.454399 0.876916
vt 0.454399 0.964858
vt -0.556574 3.741122
vt -0.105835 3.641122
vt -0.105835 3.741122
vt 1.404586 1.544671
vt 0.863502 1.504271
vt 1.374966 1.153595
vt 1.418498 0.405992
vt 1.418498 1.544671
vt -0.376099 1.153595
vt -0.418497 0.405993
vt -0.418496 1.544671
vt 1.372513 1.153595
vt 1.418498 1.544671
vt 1.740291 3.641122
vt 1.954504 3.741122
vt 1.957515 3.641122
vt 1.496770 2.514611
vt 1.368434 2.525623
vt 1.368584 2.514611
vt 1.032478 1.136253
vt 1.032478 1.048362
vt -0.032478 1.048362
vt 1.032478 0.683676
vt 1.032478 0.595784
vt -0.032478 0.595784
vt -0.032611 0.880640
vt -0.587579 0.896774
vt -0.032611 0.968553
vt -0.738932 3.741122
vt 0.863501 -0.536485
vt 1.013866 -0.519925
vt 0.863501 -0.519327
vt -0.523593 2.574611
vt -0.577069 2.514611
vt -0.521623 2.514611
vt 1.400889 3.741122
vt 1.105835 3.741122
vt 1.105835 3.641122
vt 0.941451 0.964873
vt 0.545535 0.876901
vt 0.941732 0.876901
vt 0.940964 0.683698
vt 0.545820 0.595762
vt 0.941244 0.595762
vt 0.940510 1.120639
vt 0.546071 1.032726
vt 0.940791 1.032726
vt 0.688971 1.032737
vt 1.048936 1.120628
vt 0.688971 1.120628
vt 0.688971 0.683675
vt 1.048936 0.595784
vt 1.048936 0.683676
vt 0.688971 0.876942
vt 1.048936 0.964833
vt 0.688971 0.964833
vt 1.553941 3.641122
vt 1.963497 3.741122
vt 1.553941 3.741122
vt 0.942669 0.683676
vt -0.093282 0.595784
vt 0.942669 0.595784
vt 0.942937 1.120628
vt -0.093014 1.032737
vt 0.942937 1.032737
vt 1.616323 3.741122
vt 1.616323 3.641122
vt 1.976221 3.741122
vt -0.577069 2.514611
vt -0.525794 2.574611
vt -0.523778 2.514611
vt -1.203416 3.741122
vt -1.203733 3.641122
vt 0.012557 3.641122
vt -0.556707 0.964833
vt -0.556987 0.876942
vt 0.511423 0.876942
vt -0.556235 0.683676
vt -0.556515 0.595784
vt 0.511289 0.595784
vt -0.555763 1.120628
vt -0.556044 1.032737
vt 0.511154 1.032737
vt 0.863501 -0.517357
vt 0.999519 -0.517899
vt 0.863501 -0.532878
vt 0.437653 3.741122
vt 0.437653 3.641122
vt 0.885046 0.964833
vt 0.885046 0.876942
vt 0.884912 0.683675
vt 0.884912 0.595784
vt 0.884777 1.120629
vt 0.884777 1.032737
vt 0.437653 3.741122
vt 1.458551 0.683676
vt 1.459108 0.595784
vt 1.457611 1.120628
vt 1.458169 1.032737
vt -0.048935 1.032737
vt 0.311029 1.120628
vt -0.048935 1.120628
vt -0.048936 0.683676
vt 0.311029 0.595784
vt 0.311029 0.683675
vt -0.048936 0.964833
vt 0.311029 0.876942
vt 0.311029 0.964833
vt -0.963497 3.641122
vt -0.553941 3.741122
vt -0.963497 3.741122
vt -0.577069 2.644548
vt -0.530159 2.704548
vt -0.528144 2.644548
vt -0.954504 3.741122
vt -0.740291 3.641122
vt -0.957515 3.641122
vt -0.370264 2.525622
vt -0.242409 2.514611
vt -0.370596 2.514611
vt 1.807029 0.141813
vt 1.971053 0.051561
vt 1.806369 0.051561
vt 1.262486 1.544671
vt -0.229989 1.466285
vt -0.262484 1.544671
vt 0.712891 0.052719
vt 0.712891 0.140655
vt 1.043417 0.052719
vt 0.897955 0.052741
vt 1.257920 0.140633
vt 0.897955 0.140633
vt 1.123499 0.140655
vt 1.518865 0.052719
vt 1.123499 0.052719
vt 0.186156 0.052719
vt 1.123498 0.052719
vt -0.577069 0.847530
vt -0.527861 0.787530
vt -0.527861 0.847530
vt 0.428371 0.049676
vt 0.710120 0.143698
vt 0.427648 0.143698
vt -0.229989 1.466285
vt -0.213019 0.052719
vt -0.553084 0.051561
vt -0.389060 0.141813
vt -0.388401 0.051561
vt -0.577069 0.787530
vt -0.527861 0.847530
vt -0.527861 0.787530
vt 0.989598 0.049676
vt 0.707849 0.143698
vt 0.707849 0.049676
vt 0.292272 0.049676
vt 0.160049 0.052741
vt 0.520013 0.140633
vt 0.160049 0.140633
vt 1.125696 0.049676
vt 0.990321 0.143698
vt 1.598045 0.117531
vt 1.762069 0.027279
vt 1.597385 0.027280
vt 0.503907 0.028437
vt 0.503907 0.116373
vt 0.834433 0.028437
vt 0.688971 0.028459
vt 1.048936 0.116351
vt 0.688971 0.116351
vt 0.914514 0.116373
vt 1.309880 0.028437
vt 0.914514 0.028437
vt 0.914514 0.116373
vt -0.022828 0.028438
vt 0.914514 0.028438
vt -0.577069 0.965740
vt -0.527861 0.905740
vt -0.527861 0.965740
vt 0.219387 0.025394
vt 0.501136 0.119416
vt 0.218663 0.119416
vt -0.422003 0.028437
vt 1.229551 1.465207
vt -0.262484 1.544672
vt -0.762069 0.027279
vt -0.598045 0.117531
vt -0.597385 0.027280
vt -0.577069 0.905740
vt 0.780613 0.025394
vt 0.498864 0.119416
vt 0.498864 0.025394
vt 0.081511 0.119416
vt 0.083288 0.025394
vt -0.048935 0.028459
vt 0.311029 0.116351
vt -0.048936 0.116351
vt 1.598045 0.257048
vt -0.597385 0.166797
vt -0.598045 0.257049
vt 0.916712 0.025394
vt 0.781337 0.119416
vt 1.598045 0.175280
vt 1.762069 0.085028
vt 1.597385 0.085029
vt 0.503907 0.086187
vt 0.503907 0.174122
vt 0.834433 0.086187
vt 0.688971 0.086209
vt 1.048936 0.174100
vt 0.688971 0.174100
vt 0.914514 0.174122
vt 1.309880 0.086186
vt 0.914514 0.086187
vt 0.914514 0.174122
vt -0.022828 0.086187
vt 0.914514 0.086187
vt -0.577069 1.083950
vt -0.527861 1.023950
vt -0.527861 1.083950
vt 0.219387 0.083143
vt 0.501136 0.177165
vt 0.218663 0.177165
vt -0.422003 0.086187
vt -0.262484 1.544671
vt -0.229989 1.466285
vt -0.762069 0.085028
vt -0.598045 0.175280
vt -0.597385 0.085029
vt -0.577069 1.023950
vt -0.527861 1.083950
vt 0.780613 0.083143
vt 0.498864 0.177165
vt 0.498864 0.083143
vt 0.081511 0.177165
vt 0.083288 0.083143
vt -0.048935 0.086209
vt 0.311029 0.174100
vt -0.048936 0.174100
vt 0.916712 0.083143
vt 0.781337 0.177165
vt 1.598045 0.233029
vt 1.762069 0.142778
vt 1.597385 0.142778
vt 0.503907 0.604344
vt 0.503907 0.692280
vt 0.834433 0.604344
vt 0.688971 0.604366
vt 1.048936 0.692258
vt 0.688971 0.692258
vt 0.914514 0.692280
vt 1.309880 0.604344
vt 0.914514 0.604344
vt -0.022828 0.604344
vt 0.914514 0.604344
vt -0.577069 1.202160
vt -0.527861 1.142160
vt -0.527861 1.202160
vt 0.219387 0.601301
vt 0.501136 0.695323
vt 0.218663 0.695323
vt 1.229991 1.466285
vt -0.422003 0.604344
vt 1.229552 1.465207
vt 1.262486 1.544671
vt -0.762069 0.603186
vt -0.598045 0.693438
vt -0.597385 0.603186
vt -0.577069 1.142160
vt 0.780613 0.601301
vt 0.498864 0.695323
vt 0.498864 0.601301
vt 0.219387 0.140893
vt 0.081511 0.234915
vt 0.083288 0.140893
vt -0.048935 0.604366
vt 0.311029 0.692258
vt -0.048936 0.692258
vt 1.598045 0.693437
vt 0.916712 0.601301
vt 0.781337 0.695323
vt 1.598045 0.290778
vt 1.762069 0.200527
vt 1.597385 0.200527
vt -0.229989 1.466285
vt -0.262484 1.544671
vt 0.503907 0.201685
vt 0.503907 0.289621
vt 0.834433 0.201685
vt 0.688971 0.289598
vt 1.048936 0.201707
vt 1.048936 0.289598
vt 0.914514 0.289621
vt 1.309880 0.201685
vt 0.914514 0.201685
vt -0.022828 0.201685
vt 0.914514 0.201685
vt -0.577069 1.320371
vt -0.527861 1.260371
vt -0.527861 1.320371
vt 0.219387 0.198642
vt 0.501136 0.292664
vt 0.218663 0.292664
vt -0.422003 0.201685
vt -0.762069 0.200527
vt -0.598045 0.290779
vt -0.597385 0.200527
vt -0.577069 1.260371
vt 0.780613 0.198642
vt 0.498864 0.292664
vt 0.498864 0.198642
vt 0.081511 0.292664
vt 0.083288 0.198642
vt -0.048935 0.201707
vt 0.311029 0.289598
vt -0.048936 0.289599
vt 0.916712 0.198642
vt 0.781337 0.292664
vt 1.598045 0.414934
vt 1.762069 0.324682
vt 1.597385 0.324683
vt 0.503907 0.000552
vt 0.503907 0.088487
vt 0.834433 0.000552
vt 0.688971 0.325863
vt 1.048936 0.413754
vt 0.688971 0.413754
vt 0.914514 0.154893
vt 1.309880 0.066958
vt 0.914514 0.066958
vt 0.914514 0.413776
vt -0.022828 0.325841
vt 0.914514 0.325841
vt -0.577069 1.438581
vt -0.527861 1.378581
vt -0.527861 1.438581
vt 0.219387 0.256391
vt 0.501136 0.350413
vt 0.218663 0.350413
vt 0.503907 0.259434
vt 0.503907 0.347370
vt -0.422003 0.259434
vt 1.229552 1.465207
vt -0.762069 0.324682
vt -0.598045 0.414934
vt -0.597385 0.324683
vt -0.577069 1.378581
vt 0.780613 0.256391
vt 0.498864 0.350413
vt 0.498864 0.256391
vt -0.229550 1.465207
vt 0.081511 0.350413
vt 0.083288 0.256391
vt -0.048935 0.325863
vt 0.311029 0.413754
vt -0.048936 0.413754
vt 0.916712 0.256391
vt 0.781337 0.350413
vt 1.598045 0.406277
vt 1.762069 0.316025
vt 1.597385 0.316026
vt 0.503907 0.317183
vt 0.503907 0.405119
vt 0.834433 0.317183
vt 0.688971 0.317205
vt 1.048936 0.405097
vt 0.688971 0.405097
vt 0.914514 0.405119
vt 1.309880 0.317183
vt 0.914514 0.317183
vt -0.022828 0.317183
vt 0.914514 0.317183
vt -0.577069 1.556791
vt -0.527861 1.496791
vt -0.527861 1.556791
vt 0.219387 0.314140
vt 0.501136 0.408162
vt 0.218663 0.408162
vt -0.422003 0.317183
vt -0.762069 0.316025
vt -0.598045 0.406277
vt -0.597385 0.316026
vt -0.577069 1.496791
vt -0.527861 1.556791
vt 0.780613 0.314140
vt 0.498864 0.408162
vt 0.498864 0.314140
vt 0.081511 0.408162
vt 0.083288 0.314140
vt -0.048935 0.317205
vt 0.311029 0.405097
vt -0.048936 0.405097
vt 1.597385 0.156355
vt -0.598045 0.246607
vt 1.598045 0.246606
vt 0.918489 0.408162
vt 0.916712 0.314140
vt 1.598045 0.540198
vt 1.762069 0.449946
vt 1.597385 0.449947
vt 0.503907 0.451105
vt 0.503907 0.539040
vt 0.834433 0.451105
vt 0.688971 0.451127
vt 1.048936 0.539018
vt 0.688971 0.539018
vt 0.914514 0.539040
vt 1.309880 0.451104
vt 0.914514 0.451105
vt 0.914514 0.539040
vt -0.022828 0.451105
vt 0.914514 0.451105
vt -0.577069 1.675001
vt -0.527861 1.615001
vt -0.527861 1.675001
vt 0.219387 0.448061
vt 0.501136 0.542083
vt 0.218663 0.542083
vt -0.422003 0.451105
vt -0.762069 0.449946
vt -0.598045 0.540198
vt -0.597385 0.449947
vt -0.577069 1.615001
vt -0.527861 1.615001
vt 0.780613 0.448061
vt 0.498864 0.542083
vt 0.498864 0.448061
vt 0.081511 0.542083
vt 0.083288 0.448061
vt -0.048935 0.451127
vt 0.311029 0.539018
vt -0.048936 0.539018
vt 0.916712 0.448061
vt 0.781337 0.542083
vt 1.598045 0.521775
vt 1.762069 0.431524
vt 1.597385 0.431524
vt 0.503907 0.432682
vt 0.503907 0.520617
vt 0.834433 0.432682
vt 0.688971 0.520595
vt 1.048936 0.432704
vt 1.048936 0.520595
vt 0.914514 0.520617
vt 1.309880 0.432682
vt 0.914514 0.432682
vt -0.022828 0.432682
vt 0.914514 0.432682
vt -0.527861 1.793211
vt -0.577069 1.733211
vt -0.527861 1.733211
vt 0.219387 0.429639
vt 0.501136 0.523660
vt 0.218663 0.523660
vt 1.229991 1.466285
vt -0.422003 0.432682
vt -0.762069 0.431524
vt -0.598045 0.521775
vt -0.597385 0.431524
vt -0.577069 1.793211
vt -0.527861 1.793211
vt 0.780613 0.429639
vt 0.498864 0.523660
vt 0.498864 0.429639
vt 0.081511 0.523660
vt 0.083288 0.429639
vt -0.048936 0.520595
vt 0.311029 0.432704
vt 0.311029 0.520595
vt 0.918489 0.523660
vt 0.916712 0.429639
vt 1.598045 0.579524
vt 1.762069 0.489273
vt 1.597385 0.489273
vt 0.503907 0.490431
vt 0.503907 0.578367
vt 0.834433 0.490431
vt 0.688971 0.490453
vt 1.048936 0.578344
vt 0.688971 0.578344
vt 0.914514 0.578367
vt 1.309880 0.490431
vt 0.914514 0.490431
vt -0.022828 0.490431
vt 0.914514 0.490431
vt -0.577069 1.911421
vt -0.527861 1.851421
vt -0.527861 1.911421
vt 0.219387 0.487388
vt 0.501136 0.581410
vt 0.218663 0.581410
vt -0.422003 0.490431
vt -0.762069 0.489273
vt -0.598045 0.579525
vt -0.597385 0.489273
vt -0.577069 1.851421
vt -0.527861 1.911421
vt -0.527861 1.851421
vt 0.780613 0.487388
vt 0.498864 0.581410
vt 0.498864 0.487388
vt 0.083288 0.487388
vt -0.048936 0.578344
vt 0.311029 0.490453
vt 0.311029 0.578344
vt 0.916712 0.487388
vt 0.781337 0.581410
vt 1.598045 0.637273
vt 1.762069 0.547022
vt 1.597385 0.547022
vt 0.503907 0.548180
vt 0.503907 0.636116
vt 0.834433 0.548180
vt 0.688971 0.548202
vt 1.048936 0.636094
vt 0.688971 0.636094
vt 0.914514 0.636116
vt 1.309880 0.548180
vt 0.914514 0.548180
vt -0.022828 0.548180
vt 0.914514 0.548180
vt -0.577069 2.029631
vt -0.527861 1.969631
vt -0.527861 2.029631
vt 0.219387 0.545137
vt 0.501136 0.639159
vt 0.218663 0.639159
vt -0.422003 0.548180
vt -0.762069 0.547022
vt -0.598045 0.637274
vt -0.597385 0.547022
vt -0.527861 1.969631
vt -0.577069 2.029631
vt -0.527861 2.029631
vt 0.780613 0.545137
vt 0.498864 0.639159
vt 0.498864 0.545137
vt 0.083288 0.545137
vt -0.048936 0.636094
vt 0.311029 0.548202
vt 0.311029 0.636093
vt 1.598045 0.975216
vt -0.597385 0.884965
vt -0.598045 0.975216
vt 0.916712 0.545137
vt 0.781337 0.639159
vt 1.598045 0.695023
vt 1.762069 0.604772
vt 1.597385 0.604772
vt 0.503907 0.869463
vt 0.503907 0.957398
vt 0.834433 0.869463
vt 0.688971 0.605951
vt 1.048936 0.693843
vt 0.688971 0.693843
vt 0.914514 0.957398
vt 1.309880 0.869463
vt 0.914514 0.869463
vt 0.914514 0.693865
vt -0.022828 0.605929
vt 0.914514 0.605929
vt -0.577069 2.147841
vt -0.527861 2.087841
vt -0.527861 2.147841
vt 0.219387 0.602886
vt 0.501136 0.696908
vt 0.218663 0.696908
vt -0.262484 1.544671
vt 0.503907 0.605929
vt 0.503907 0.693865
vt -0.422003 0.605929
vt -0.762069 0.604772
vt -0.598045 0.695023
vt -0.597385 0.604772
vt -0.577069 2.087841
vt -0.527861 2.147841
vt -0.527861 2.087841
vt 0.780613 0.602886
vt 0.498864 0.696908
vt 0.498864 0.602886
vt 0.083288 0.602886
vt -0.048936 0.693843
vt 0.311029 0.605951
vt 0.311029 0.693843
vt 0.918489 0.696908
vt 0.916712 0.602886
vt 1.598045 0.852381
vt 1.762069 0.762130
vt 1.597385 0.762130
vt 0.503907 0.313731
vt 0.503907 0.401667
vt 0.834433 0.313731
vt 0.688971 0.763310
vt 1.048936 0.851202
vt 0.688971 0.851202
vt 0.914514 0.401667
vt 1.309880 0.313731
vt 0.914514 0.313731
vt 0.914514 0.851224
vt -0.022828 0.763288
vt 0.914514 0.763288
vt -0.577069 2.266051
vt -0.527861 2.206051
vt -0.527861 2.266051
vt 0.219387 0.760245
vt 0.501136 0.854267
vt 0.218663 0.854267
vt 0.503907 0.763288
vt 0.503907 0.851224
vt -0.422003 0.763288
vt -0.762069 0.762130
vt -0.598045 0.852382
vt -0.597385 0.762130
vt -0.577069 2.206051
vt -0.527861 2.266051
vt -0.527861 2.206051
vt 0.780613 0.760245
vt 0.498864 0.854267
vt 0.498864 0.760245
vt 0.136500 1.504271
vt 0.081511 0.854267
vt 0.083288 0.760245
vt -0.048936 0.851202
vt 0.311029 0.763310
vt 0.311029 0.851202
vt 0.916712 0.760245
vt 0.781337 0.854267
vt 1.078923 0.154521
vt 1.172765 -0.249774
vt 1.078923 -0.249774
vt 1.464870 0.660411
vt 1.621275 0.500000
vt 1.621275 0.660411
vt -0.722626 0.500000
vt -0.048800 0.660411
vt -0.722626 0.660411
vt 0.989931 -0.637273
vt 0.998004 -0.618534
vt 1.214230 -0.402308
vt 1.172765 -0.443773
vt 1.172765 0.405992
vt 0.897858 0.688792
vt 1.399115 0.500000
vt 1.399115 0.688792
vt 1.621275 0.688792
vt 2.030829 0.500000
vt 2.030829 0.688792
vt 0.826795 1.556791
vt 0.826795 1.615001
vt 0.738715 1.727050
vt 1.478703 0.613276
vt 1.232969 0.659292
vt 1.232969 0.613276
vt 0.370319 0.688792
vt -1.045957 0.688792
vt 1.172765 2.834486
vt 1.418498 2.980676
vt 1.172765 2.980676
vt 0.405992 0.659292
vt -0.443773 0.787530
vt -0.443773 0.659292
vt 0.345789 0.659292
vt -0.394235 0.613276
vt 0.345789 0.613276
vt 2.008097 0.688792
vt 0.370319 0.500000
vt 2.008097 0.500000
vt 1.328454 0.659292
vt 0.345788 0.613276
vt 1.328454 0.613276
vt 1.418498 0.659293
vt 1.418498 0.613276
vt 1.262486 0.613276
vt 1.464870 0.500000
vt 1.621275 0.660411
vt -0.513307 1.727051
vt -0.577069 2.980676
vt -0.513307 2.980676
vt 0.802477 -0.577069
vt 0.738715 -0.513307
vt 0.738715 -0.577069
vt 1.039469 -0.577069
vt 1.172765 -0.577069
vt 1.039469 -0.577069
vt 1.172765 -0.443773
vt 1.172765 0.405992
vt 1.172765 0.613276
vt 1.172765 0.659292
vt 1.039469 0.659292
vt -0.078922 -0.249774
vt -0.172764 0.154522
vt -0.078922 0.154522
vt -0.464870 0.660411
vt -0.621275 0.500000
vt -0.464870 0.500000
vt 0.261286 -0.300766
vt -0.078921 0.154522
vt -0.039469 -0.577069
vt 0.001996 -0.618534
vt -0.202281 1.604875
vt 1.202282 1.604875
vt -0.172764 0.405993
vt -0.214229 -0.402308
vt -0.399115 0.500000
vt 0.102142 0.688792
vt -0.399115 0.688792
vt 1.770809 0.500000
vt -0.770809 0.688792
vt 1.770809 0.688792
vt -0.621275 0.688792
vt -1.030829 0.500000
vt 0.173206 1.320371
vt 0.261286 1.727050
vt 0.173206 1.378581
vt -0.232968 0.659292
vt -0.478702 0.613275
vt -0.232968 0.613275
vt -0.722626 0.660411
vt -1.145252 4.634460
vt -0.767550 4.866857
vt -1.145252 4.866858
vt -0.418497 2.980676
vt -0.172764 2.834486
vt -0.172764 2.980676
vt -0.443773 0.787530
vt 0.405993 0.659292
vt -0.443773 0.659292
vt 1.202282 0.613276
vt -0.202281 0.659292
vt 1.202282 0.659293
vt -0.381755 0.613275
vt 0.345789 0.659292
vt 0.345789 0.613275
vt 1.418498 2.834486
vt -0.418496 2.980676
vt 1.418498 2.980676
vt 1.328454 0.659292
vt 1.328454 0.613275
vt -0.418496 0.613276
vt -0.418496 0.659292
vt -0.262484 0.659292
vt -0.621275 0.660411
vt 0.261286 2.980676
vt 0.197524 1.727051
vt 0.261286 1.727051
vt 0.197524 -0.577069
vt 0.261286 -0.577069
vt 0.261286 -0.513306
vt -0.172765 -0.577069
vt -0.172764 -0.443773
vt -0.039469 -0.577069
vt -0.232968 -0.381755
vt -0.172765 0.659292
vt -0.172765 0.613275
vt -0.039469 0.613275
vt -0.300766 0.525268
vt -0.249030 2.955408
vt -0.300766 2.955408
vt -0.039469 0.847530
vt -0.172765 0.905740
vt -0.172765 0.847530
vt -0.039469 0.965740
vt -0.172765 1.023950
vt -0.172765 0.965740
vt -0.172765 1.083950
vt -0.039469 1.142160
vt -0.172765 1.142160
vt -0.172765 1.202160
vt -0.039469 1.260370
vt -0.172765 1.260370
vt -0.039469 1.320371
vt -0.172765 1.378580
vt -0.172765 1.320371
vt -0.172765 1.438581
vt -0.039469 1.496791
vt -0.172765 1.496791
vt -0.039469 1.556791
vt -0.172765 1.615001
vt -0.172765 1.556791
vt -0.172765 1.675001
vt -0.039469 1.733211
vt -0.172765 1.733211
vt -0.172765 1.793211
vt -0.039469 1.851421
vt -0.172765 1.851421
vt -0.172764 1.911421
vt -0.039469 1.969631
vt -0.172764 1.969631
vt -0.039469 2.029631
vt -0.172764 2.087841
vt -0.172764 2.029631
vt -0.172764 2.147841
vt -0.039469 2.206051
vt -0.172764 2.206051
vt -0.172764 2.266051
vt -0.039469 2.313818
vt -0.172764 2.313818
vt 1.388660 2.206051
vt 0.405993 2.147840
vt 0.405993 2.206051
vt 1.388660 2.087841
vt 0.405993 2.029631
vt 0.405993 2.087841
vt 1.388660 1.969631
vt 0.405993 1.911421
vt 0.405993 1.969631
vt 1.388660 1.851421
vt 0.405993 1.793211
vt 0.405993 1.851421
vt 1.388660 1.733211
vt 0.405993 1.675000
vt 0.405993 1.733211
vt 1.388660 1.615001
vt 0.405993 1.556791
vt 0.405993 1.615001
vt 1.388660 1.496790
vt 0.405993 1.438580
vt 0.405993 1.496791
vt 1.388660 1.378581
vt 0.405993 1.320371
vt 0.405993 1.378580
vt 1.388660 1.260370
vt 0.405993 1.202160
vt 0.405993 1.260370
vt 1.388660 1.142160
vt 0.405993 1.083950
vt 0.405993 1.142160
vt 0.405993 1.023950
vt 1.388660 0.965741
vt 0.405993 0.965740
vt 1.388660 0.905740
vt 0.405993 0.847530
vt 0.405993 0.905740
vt 0.405993 0.787530
vt 1.388660 0.659292
vt 0.405992 0.847530
vt -0.443773 0.905740
vt -0.443773 0.847530
vt 0.405992 0.965740
vt -0.443773 1.023951
vt -0.443773 0.965740
vt 0.405992 1.083950
vt -0.443773 1.142161
vt -0.443773 1.083951
vt 0.405992 1.202161
vt -0.443773 1.260371
vt -0.443773 1.202161
vt 0.405992 1.320371
vt -0.443773 1.378581
vt -0.443773 1.320371
vt 0.405992 1.438581
vt -0.443773 1.496791
vt -0.443773 1.438581
vt 0.405992 1.556791
vt -0.443773 1.615001
vt -0.443773 1.556791
vt 0.405992 1.675001
vt -0.443773 1.733211
vt -0.443773 1.675001
vt 0.405992 1.793211
vt -0.443773 1.851421
vt -0.443773 1.793211
vt 0.405992 1.911421
vt -0.443773 1.969631
vt -0.443773 1.911421
vt 0.405992 2.029631
vt -0.443773 2.087841
vt -0.443773 2.029631
vt -0.443773 2.147841
vt 0.405992 2.206051
vt -0.443773 2.206051
vt -0.577069 2.384674
vt -0.577069 2.360016
vt -0.443773 2.313818
vt -0.443773 0.847530
vt 0.405993 0.905740
vt 0.405993 0.847530
vt -0.443773 0.965740
vt 0.405993 1.023950
vt 0.405993 0.965740
vt -0.443773 1.083950
vt 0.405993 1.142160
vt 0.405993 1.083950
vt -0.443773 1.202160
vt -0.443773 1.320371
vt 0.405993 1.378580
vt 0.405993 1.320370
vt -0.443773 1.438581
vt 0.405993 1.496791
vt 0.405993 1.438581
vt -0.443773 1.556791
vt 0.405993 1.556791
vt 0.405993 1.675001
vt -0.443773 1.733211
vt 0.405993 1.733211
vt -0.443773 1.793211
vt 0.405993 1.851421
vt 0.405993 1.793211
vt 0.405993 1.911421
vt -0.443773 1.969631
vt 0.405993 1.969631
vt 0.405993 2.029631
vt -0.443773 2.087841
vt 0.405993 2.087841
vt -0.443773 2.147841
vt 0.405993 2.147841
vt -0.443773 2.313818
vt 0.405993 2.384674
vt 1.262486 2.206051
vt -0.262484 2.147841
vt -0.262484 2.206051
vt 1.262486 2.087841
vt -0.262484 2.029631
vt -0.262484 2.087841
vt 1.262486 1.969631
vt -0.262484 1.911421
vt -0.262484 1.969631
vt 1.262486 1.851421
vt -0.262484 1.793211
vt -0.262484 1.851421
vt 1.262486 1.733211
vt -0.262484 1.675001
vt -0.262484 1.733211
vt 1.262486 1.615001
vt -0.262484 1.556791
vt -0.262484 1.615001
vt 1.262486 1.496791
vt -0.262484 1.438581
vt -0.262484 1.496791
vt 1.262486 1.378581
vt -0.262484 1.320370
vt -0.262484 1.378581
vt 1.262486 1.260371
vt -0.262484 1.202160
vt -0.262484 1.260370
vt 1.262486 1.142161
vt -0.262484 1.083950
vt -0.262484 1.142160
vt 1.262486 1.023951
vt -0.262484 0.965740
vt -0.262484 1.023950
vt 1.262486 0.905741
vt -0.262484 0.847530
vt -0.262484 0.905740
vt 1.262486 0.787531
vt -0.262484 0.787530
vt 1.039469 0.847530
vt 1.172765 0.905740
vt 1.039469 0.905740
vt 1.172765 0.965740
vt 1.039469 1.023951
vt 1.039469 0.965740
vt 1.172765 1.083951
vt 1.039469 1.142161
vt 1.039469 1.083951
vt 1.172765 1.202161
vt 1.039469 1.260371
vt 1.039469 1.202161
vt 1.172765 1.320371
vt 1.039469 1.378581
vt 1.039469 1.320371
vt 1.172765 1.438581
vt 1.039469 1.496791
vt 1.039469 1.438581
vt 1.039469 1.556791
vt 1.172765 1.615001
vt 1.039469 1.615001
vt 1.039469 1.675001
vt 1.172765 1.733211
vt 1.039469 1.733211
vt 1.039469 1.793211
vt 1.172765 1.851421
vt 1.039469 1.851421
vt 1.039469 1.911421
vt 1.172765 1.969631
vt 1.039469 1.969631
vt 1.039469 2.029631
vt 1.172765 2.087841
vt 1.039469 2.087841
vt 1.039469 2.147841
vt 1.172765 2.206051
vt 1.039469 2.206051
vt 1.172765 2.266051
vt 1.039469 2.313818
vt 1.039469 2.266051
vt 0.405992 2.206051
vt 1.388659 2.147841
vt 1.388659 2.206051
vt 0.405992 2.087841
vt 1.388659 2.029631
vt 1.388659 2.087841
vt 0.405992 1.969631
vt 1.388659 1.911421
vt 1.388659 1.969631
vt 0.405992 1.851421
vt 1.388659 1.793211
vt 1.388659 1.851421
vt 0.405992 1.733211
vt 1.388659 1.675001
vt 1.388659 1.733211
vt 0.405992 1.615001
vt 1.388659 1.556791
vt 1.388659 1.615001
vt 0.405992 1.496791
vt 1.388659 1.438581
vt 1.388659 1.496791
vt 0.405992 1.378581
vt 1.388659 1.320371
vt 1.388659 1.378581
vt 0.405992 1.260371
vt 1.388659 1.202161
vt 1.388659 1.260371
vt 0.405992 1.142161
vt 1.388659 1.083950
vt 1.388659 1.142161
vt 0.405992 1.023951
vt 1.388659 0.965741
vt 1.388659 1.023951
vt 0.405992 0.905740
vt 1.388659 0.847531
vt 1.388659 0.905740
vt 0.405992 0.787531
vt 1.388659 0.659293
vt 1.388659 0.787531
vt -0.418496 0.847530
vt -0.418496 0.965741
vt -0.418496 1.142160
vt -0.418496 1.260370
vt -0.418496 1.378581
vt -0.418496 1.438581
vt -0.418496 1.556791
vt -0.418496 1.733211
vt -0.418496 1.851421
vt -0.418497 1.969631
vt -0.418496 2.087841
vt -0.418496 2.147841
vt -0.262484 2.266051
vt -0.418496 2.384674
vt -0.262484 2.384674
vt 1.418498 0.847531
vt 1.418498 0.905740
vt 1.262486 0.965741
vt 1.418498 1.023951
vt 1.418498 0.965741
vt 1.418498 1.083950
vt 1.418498 1.142161
vt 1.418498 1.202161
vt 1.418498 1.260371
vt 1.418498 1.320371
vt 1.418498 1.378581
vt 1.544671 1.496791
vt 1.418498 1.556791
vt 1.418498 1.615001
vt 1.262486 1.675001
vt 1.418498 1.733211
vt 1.418498 1.675001
vt 1.262486 1.793211
vt 1.418498 1.851421
vt 1.418498 1.793211
vt 1.262486 1.911421
vt 1.418498 1.969631
vt 1.418498 1.911421
vt 1.262486 2.029631
vt 1.418498 2.087841
vt 1.418498 2.029631
vt 1.262486 2.147841
vt 1.418498 2.206051
vt 1.418498 2.147841
vt 1.418498 2.266051
vt 1.262486 2.384674
vt 1.418498 2.384674
vt -0.418497 2.206051
vt -0.172764 2.147841
vt -0.172764 2.206051
vt -0.418497 2.087841
vt -0.172764 2.029631
vt -0.172764 2.087841
vt -0.418497 1.969631
vt -0.172764 1.911421
vt -0.172764 1.969631
vt -0.418497 1.851421
vt -0.172764 1.793211
vt -0.172764 1.851421
vt -0.418497 1.733211
vt -0.172764 1.675001
vt -0.172764 1.733211
vt -0.418497 1.615001
vt -0.172764 1.556791
vt -0.172764 1.615001
vt -0.418497 1.496791
vt -0.172764 1.438581
vt -0.172764 1.496791
vt -0.418497 1.378580
vt -0.172764 1.320370
vt -0.172764 1.378580
vt -0.418497 1.260370
vt -0.172764 1.202160
vt -0.172764 1.260370
vt -0.418497 1.142160
vt -0.172764 1.083950
vt -0.172764 1.142160
vt -0.418497 1.023950
vt -0.172764 0.965740
vt -0.172764 1.023950
vt -0.418497 0.905740
vt -0.172764 0.847530
vt -0.172764 0.905740
vt -0.418497 0.787530
vt -0.172764 0.659292
vt -0.172764 0.787530
vt 1.172765 2.206051
vt 1.418498 2.147841
vt 1.418498 2.206051
vt 1.172765 2.087841
vt 1.418498 2.029631
vt 1.418498 2.087841
vt 1.418498 1.969631
vt 1.172765 1.911421
vt 1.418498 1.911421
vt 1.172765 1.851421
vt 1.418498 1.793211
vt 1.418498 1.851421
vt 1.172765 1.733211
vt 1.418498 1.675001
vt 1.418498 1.733211
vt 1.418498 1.615001
vt 1.172765 1.556791
vt 1.418498 1.556791
vt 1.172765 1.496791
vt 1.418498 1.438581
vt 1.418498 1.496791
vt 1.172765 1.378581
vt 1.418498 1.320371
vt 1.418498 1.378581
vt 1.172765 1.260371
vt 1.418498 1.202161
vt 1.418498 1.260371
vt 1.418498 1.142161
vt 1.172765 1.083950
vt 1.418498 1.083951
vt 1.172765 1.023951
vt 1.418498 0.965740
vt 1.418498 1.023951
vt 1.172765 0.905740
vt 1.418498 0.847530
vt 1.418498 0.905740
vt 1.172765 0.787530
vt 1.418498 0.659292
vt 1.418498 0.787531
vt 0.405992 2.444674
vt -0.577069 2.514611
vt -0.577069 2.444674
vt 0.405992 2.574611
vt -0.577069 2.574611
vt 0.405992 2.704549
vt -0.577069 2.774486
vt -0.577069 2.704549
vt 0.405992 2.834486
vt -0.577069 2.980676
vt -0.577069 2.834486
vt 1.418498 2.774486
vt -0.418496 2.704548
vt -0.418496 2.774486
vt 1.404586 2.574611
vt -0.404583 2.574611
vt 1.418498 2.644548
vt 1.262486 2.514611
vt -0.262484 2.444674
vt -0.262484 2.514611
vt -0.243358 1.498875
vt 0.136500 1.504271
vt 1.418498 1.530758
vt 1.544671 2.644548
vt 1.530758 2.574611
vt 0.405993 2.644548
vt 0.405993 2.704548
vt 1.544671 2.774486
vt 1.544671 2.704548
vt 0.405993 2.834486
vt 1.544671 2.980676
vt 1.544671 2.834486
vt 0.405993 2.514611
vt 1.388660 2.444673
vt 0.405993 2.444673
vt 0.405993 2.384673
vt 1.388660 2.266051
vt 0.405993 2.266051
vt -0.577069 2.444673
vt 0.405993 2.514611
vt 0.405993 2.444673
vt -0.577069 2.574611
vt 0.405993 2.644548
vt 0.405993 2.574611
vt -0.577069 2.704548
vt 0.405993 2.774486
vt 0.405993 2.704548
vt -0.577069 2.834486
vt 0.405993 2.980676
vt 0.405993 2.834486
vt 0.405992 2.514611
vt 1.388659 2.444674
vt 1.388659 2.514611
vt 0.405992 2.384674
vt 1.388659 2.266051
vt 1.388659 2.384674
vt 1.530758 2.574611
vt 1.544671 2.644548
vt 0.405992 2.644548
vt 1.544671 2.704549
vt 0.405992 2.774486
vt 0.405992 2.704549
vt 1.544671 2.834486
vt 0.405992 2.980676
vt -0.418497 2.774486
vt -0.172764 2.704548
vt -0.172764 2.774486
vt -0.418497 2.644548
vt -0.172764 2.574611
vt -0.172764 2.644548
vt -0.418497 2.514611
vt -0.172764 2.444673
vt -0.172764 2.514611
vt -0.418497 2.384673
vt -0.172764 2.266051
vt -0.172764 2.384674
vt 1.262486 2.444674
vt 1.418498 2.514611
vt 1.418498 2.444674
vt -0.373644 1.153595
vt -0.418497 0.405993
vt -0.418496 2.444673
vt 1.172765 2.774486
vt 1.418498 2.704549
vt 1.418498 2.774486
vt 1.172765 2.644548
vt 1.418498 2.574611
vt 1.418498 2.644548
vt 1.172765 2.514611
vt 1.418498 2.444674
vt 1.418498 2.514611
vt 1.418498 2.384674
vt 1.172765 2.266051
vt 1.418498 2.266051
vt -0.404583 1.544672
vt -0.418496 1.530758
vt -0.418496 1.544672
vt 0.937921 -1.145252
vt 0.897858 -0.807613
vt 0.897858 -1.161847
vt 1.020723 -1.228054
vt 1.004128 -1.268117
vt 1.990765 0.410382
vt 2.030829 2.268117
vt 1.990765 2.228054
vt 1.621275 0.370319
vt 2.030829 0.370319
vt 1.581211 -1.228054
vt 1.581211 0.410382
vt 1.621275 -1.268117
vt 0.062079 -0.767550
vt 0.937921 -0.767550
vt 0.062079 -1.145252
vt 0.102142 -0.807613
vt -0.020723 -1.228054
vt 0.102142 -1.161847
vt -0.990765 2.228054
vt -1.030829 0.370319
vt -0.990765 0.410382
vt -0.621275 0.370319
vt -0.581211 0.410382
vt -0.581211 -1.228054
vt -0.621275 -1.268117
vt -0.004128 -1.268117
vt -1.030829 2.268117
vt -0.962807 4.866858
vt 1.962807 4.651055
vt 1.962807 4.866858
vt -0.767550 4.634459
vt 0.062079 4.634460
vt -0.020723 4.866858
vt -0.020723 4.634460
vt 1.020723 4.634460
vt 0.937921 4.866858
vt 0.937921 4.634460
vt 0.410382 4.634460
vt 2.228054 4.866858
vt 2.228054 4.634460
vt 0.410382 4.866858
vt -0.581211 4.634460
vt -0.990765 4.866858
vt -0.990765 4.634460
vt 1.581211 4.634460
vt 1.990765 4.866858
vt 1.581211 4.866858
vt -1.228054 4.634460
vt -1.228054 4.866858
vt -0.581211 4.866858
vt 1.020723 4.866858
vt 1.990765 4.634460
vt 0.062079 4.634459
vt 0.937921 4.866857
vt 0.062079 4.866857
vt 0.965879 -1.133671
vt 1.032304 -1.200096
vt 1.962807 2.200096
vt 1.962807 0.438340
vt 1.553253 -1.200096
vt 1.553253 0.438340
vt 0.034121 -0.739591
vt 0.965879 -0.739591
vt 0.034121 -1.133671
vt -0.962807 2.200096
vt -0.962807 0.438340
vt -0.553253 0.438340
vt -0.553253 -1.200096
vt -0.032304 -1.200096
vt 0.965879 4.866857
vt 0.034121 4.651055
vt 0.034121 4.866857
vt -0.739591 4.866857
vt -1.133671 4.651055
vt -1.133671 4.866858
vt -0.739591 4.651055
vt 0.034121 4.866858
vt -0.032304 4.651055
vt -0.032304 4.866858
vt 1.032304 4.866858
vt 0.965879 4.651055
vt 0.965879 4.866858
vt 0.438340 4.866858
vt 2.200096 4.651055
vt 2.200096 4.866858
vt 0.438340 4.651055
vt -0.553253 4.651055
vt -0.962807 4.651055
vt 1.553253 4.651055
vt 1.553253 4.866858
vt -1.200096 4.866858
vt -1.200096 4.651055
vt -0.553253 4.866858
vt 1.032304 4.651055
vt -0.325400 0.524634
vt -0.300766 2.980676
vt -0.300766 0.500000
vt -0.612639 0.634659
vt -0.577069 0.659292
vt -0.552435 0.634659
vt -0.612639 0.637909
vt -0.577069 0.613276
vt -0.637273 0.613276
vt -0.488673 2.956043
vt -0.325400 2.956042
vt -0.552435 1.702417
vt -0.577069 1.727050
vt -0.637273 0.659292
vt -0.552435 0.524634
vt -0.577069 0.500000
vt -0.552435 0.637909
vt -0.488673 1.702417
vt -0.325400 0.524634
vt -0.300766 2.980676
vt -0.325400 2.956042
vt -0.612639 0.634658
vt -0.577069 0.659292
vt -0.637273 0.659292
vt -0.612639 0.637909
vt -0.577069 0.613275
vt -0.552435 0.637909
vt -0.488673 2.956042
vt -0.513306 2.980676
vt -0.552435 1.702417
vt -0.552435 0.634658
vt -0.637273 0.613275
vt -0.552435 0.524634
vt -0.300766 0.500000
vt -0.577069 0.500000
vt -0.513306 1.727051
vt -0.488673 1.702417
vt -0.577069 1.727050
vt 0.417102 -0.646406
vt 0.417102 -0.641645
vt 0.328910 -0.641645
vt 0.764181 -0.612639
vt 0.738715 -0.552435
vt 0.738715 -0.612639
vt 0.764181 0.634659
vt 0.738715 0.637909
vt 0.738715 0.634659
vt 0.764181 -0.552435
vt 0.764181 1.702417
vt 0.738715 1.702417
vt 0.764181 -0.488673
vt 0.738715 -0.488673
vt 0.764181 2.956043
vt 0.738715 1.702417
vt 0.738715 2.956043
vt 0.764181 -0.325400
vt 0.738715 -0.488673
vt 0.738715 -0.325400
vt 0.764181 0.524634
vt 0.738715 2.956042
vt 0.738715 0.524634
vt 0.738715 -0.325400
vt 0.764181 0.637909
vt 0.738715 0.524634
vt 0.738715 0.637909
vt 0.328910 -0.646406
vt 0.235819 0.524634
vt 0.261286 0.637909
vt 0.261286 0.524634
vt 0.235819 -0.325400
vt 0.261286 -0.552435
vt 0.261286 -0.325400
vt 0.235819 2.956042
vt 0.261286 0.524634
vt 0.261286 2.956042
vt 0.235819 -0.488673
vt 0.261286 -0.325400
vt 0.261286 -0.488673
vt 0.235819 1.702417
vt 0.261286 2.956042
vt 0.261286 1.702417
vt 0.235819 -0.552435
vt 0.261286 -0.488673
vt 0.261286 -0.552435
vt 0.235819 0.634658
vt 0.261286 1.702417
vt 0.261286 0.634658
vt 0.235819 -0.612639
vt 0.261286 -0.612639
vt 0.235819 0.637909
vt 0.235819 -0.552435
vt 0.713446 0.525268
vt 0.738715 2.980676
vt 0.713446 2.955408
vt 0.261286 2.980676
vt 0.286554 2.955408
vt 0.261286 0.500000
vt 0.286554 0.525268
vt 0.738715 0.500000
vt 0.812654 -1.279822
vt 0.187346 2.279822
vt 0.187346 -1.279822
vt -0.300766 2.955408
vt -0.249031 0.525268
vt -0.300766 0.525268
vt 0.713446 -0.300766
vt 0.286554 -0.249031
vt 0.286554 -0.300766
vt 0.286554 -0.300766
vt 0.713446 -0.249031
vt 0.713446 -0.300766
vt -0.618534 0.659292
vt -0.637273 0.613276
vt -0.618534 0.613276
vt 1.214230 0.613276
vt 1.232969 0.659292
vt 1.214230 0.659292
vt 0.738715 0.659292
vt 0.989931 0.613276
vt 0.989931 0.659292
vt 0.022549 0.659292
vt 0.001996 0.613275
vt 0.022549 0.613275
vt -0.402308 0.659292
vt -0.381755 0.659292
vt 0.261286 0.659292
vt 0.439913 0.859578
vt 0.419613 0.617687
vt 0.439913 0.617687
vt 0.114533 0.845588
vt 0.134833 0.736082
vt 0.134833 0.845588
vt 0.092967 0.845588
vt 0.113267 0.736082
vt 0.113267 0.845588
vt 0.219645 0.734816
vt 0.213930 0.501944
vt 0.219645 0.492925
vt 0.127045 0.725797
vt 0.213930 0.725797
vt 0.110139 0.492925
vt 0.110139 0.734816
vt 0.127045 0.501944
vt 0.480407 0.424310
vt 0.441465 0.323979
vt 0.480407 0.323979
vt 0.148015 0.736082
vt 0.158665 0.959934
vt 0.148015 0.959934
vt 0.809164 0.312194
vt 0.798513 0.225309
vt 0.809164 0.225309
vt 0.773415 0.312194
vt 0.762765 0.225309
vt 0.773415 0.225309
vt 0.892127 0.370425
vt 0.902777 0.594277
vt 0.892127 0.594277
vt 0.808499 0.819776
vt 0.800986 0.917394
vt 0.800986 0.819776
vt 0.920559 0.593894
vt 0.917207 0.597245
vt 0.912226 0.597245
vt 0.714761 0.920746
vt 0.711409 0.924097
vt 0.706428 0.924097
vt 0.790941 0.819776
vt 0.783428 0.924097
vt 0.783428 0.819776
vt 0.638199 0.353735
vt 0.643180 0.346222
vt 0.643180 0.353735
vt 0.644446 0.355926
vt 0.649186 0.363439
vt 0.644446 0.363439
vt 0.649186 0.353735
vt 0.644446 0.346222
vt 0.649186 0.346222
vt 0.632435 0.344030
vt 0.637416 0.336517
vt 0.637416 0.344030
vt 0.441179 0.859578
vt 0.461479 0.617687
vt 0.461479 0.859578
vt 0.134833 0.955094
vt 0.113267 0.955094
vt 0.006348 0.501944
vt 0.000633 0.734816
vt 0.000633 0.492925
vt 0.093233 0.725797
vt 0.093233 0.501944
vt 0.440898 0.323979
vt 0.401956 0.424310
vt 0.401956 0.323979
vt 0.136099 0.959934
vt 0.146749 0.736082
vt 0.146749 0.959934
vt 0.785332 0.225309
vt 0.774681 0.312193
vt 0.774681 0.225309
vt 0.797248 0.225309
vt 0.786597 0.312193
vt 0.786597 0.225309
vt 0.170581 0.736082
vt 0.159931 0.959934
vt 0.159931 0.736082
vt 0.921824 0.492925
vt 0.929337 0.590542
vt 0.921824 0.590542
vt 0.241139 0.743539
vt 0.241139 0.841156
vt 0.232806 0.844508
vt 0.716026 0.920746
vt 0.716026 0.823128
vt 0.724359 0.819776
vt 0.792207 0.819776
vt 0.799720 0.924097
vt 0.792207 0.924097
vt 0.638682 0.336517
vt 0.643663 0.344030
vt 0.638682 0.344030
vt 0.644929 0.344030
vt 0.649669 0.336517
vt 0.649669 0.344030
vt 0.655191 0.346222
vt 0.650451 0.353735
vt 0.650451 0.346222
vt 0.643180 0.363439
vt 0.638199 0.355926
vt 0.643180 0.355926
vt 2.014123 1.860234
vt 2.061241 1.712067
vt 2.014123 1.712067
vt 2.014123 0.500000
vt 2.061241 0.665005
vt 2.014123 0.665005
vt 1.712067 0.500000
vt 1.860234 0.665005
vt 1.712067 0.665005
vt 1.712067 0.665005
vt 1.860234 0.665005
vt 1.910990 0.703844
vt 2.061241 0.703844
vt 2.011629 0.500000
vt 2.061241 0.500000
vt 2.011629 0.703844
vt 2.061241 1.661310
vt 2.011629 1.910990
vt 2.011629 1.661310
vt 2.014123 0.665005
vt 0.920559 0.496276
vt 0.912226 0.492925
vt 0.714761 0.823128
vt 0.706428 0.819776
vt 0.114533 0.955094
vt 0.006348 0.725797
vt 0.170581 0.959934
vt 0.237788 0.740187
vt 0.232806 0.740187
vt 0.719378 0.924097
vt 0.724359 0.924097
vt 2.014123 1.476208
vt 2.061241 1.328040
vt 2.014123 1.328040
vt 1.328040 0.665005
vt 1.476208 0.500000
vt 1.476208 0.665005
vt 1.526965 0.703844
vt 1.277285 0.703844
vt 2.011629 1.526965
vt 2.061241 1.277285
vt 2.061241 1.526965
vt 2.014126 0.500000
vt 2.061241 0.665005
vt 0.158665 0.736082
vt 0.790941 0.924097
vt 2.061241 0.666351
vt 2.014123 0.518182
vt 2.014123 0.666351
vt 0.666351 0.665005
vt 0.518182 0.500000
vt 0.666351 0.500000
vt 0.666351 0.665005
vt 0.717106 0.703844
vt 0.467428 0.703844
vt 2.011629 0.467428
vt 2.061241 0.717106
vt 2.011629 0.717106
vt 2.014123 0.902207
vt 2.061241 1.050376
vt 2.061241 0.902207
vt 0.902207 0.500000
vt 1.050376 0.665005
vt 0.902207 0.665005
vt 1.101131 0.703844
vt 0.851453 0.703844
vt 1.050376 0.665005
vt 2.061241 0.851453
vt 2.011629 1.101131
vt 2.011629 0.851453
vt 1.448165 -0.119615
vt 1.495282 -0.267784
vt 1.448165 -0.267784
vt 1.448165 0.500000
vt 1.495282 0.665005
vt 1.448165 0.665005
vt -0.267784 0.500000
vt -0.119615 0.665005
vt -0.267784 0.665005
vt -0.119615 0.665005
vt -0.068860 0.703844
vt 1.495282 0.703844
vt 1.445671 0.500000
vt 1.495282 0.500000
vt 1.445671 0.703844
vt 1.495282 -0.318540
vt 1.445671 -0.068860
vt 1.445671 -0.318540
vt 1.495282 -0.503642
vt 1.448165 -0.651809
vt 1.448165 -0.503642
vt 1.495282 0.665005
vt -0.651809 0.665005
vt -0.503642 0.500000
vt -0.503642 0.665005
vt -0.452885 0.703844
vt -0.702566 0.703844
vt 1.445671 -0.702566
vt 1.495282 -0.452885
vt 1.445671 -0.452885
vt 0.419613 0.859578
vt 0.092967 0.736082
vt 0.762765 0.312194
vt 0.136099 0.736082
vt -1.014124 1.712067
vt -1.061241 1.860234
vt -1.014124 1.860234
vt -1.061241 0.665005
vt -1.014124 0.500000
vt -1.014124 0.665005
vt 1.661310 0.703844
vt -1.011629 0.500000
vt -1.061241 0.703844
vt -1.061241 0.500000
vt -1.011629 0.703844
vt -1.011629 1.661310
vt -1.061241 1.910990
vt -1.061241 1.661310
vt -1.014124 0.665005
vt -1.014124 1.328040
vt -1.061241 1.476208
vt -1.014124 1.476208
vt 1.328040 0.665005
vt -1.061241 1.526965
vt -1.011629 1.277285
vt -1.011629 1.526965
vt -1.014126 0.500000
vt -1.061241 0.665005
vt 0.808499 0.917394
vt -1.014124 0.518182
vt -1.061241 0.666351
vt -1.014124 0.666351
vt 0.518182 0.665005
vt 0.518182 0.665005
vt -1.061241 0.717106
vt -1.011629 0.467428
vt -1.011629 0.717106
vt 0.440898 0.424310
vt -1.061241 0.902207
vt -1.014124 1.050376
vt -1.014124 0.902207
vt -1.011629 1.101131
vt -1.061241 0.851453
vt -1.011629 0.851453
vt -0.495282 -0.267784
vt -0.448165 -0.119615
vt -0.448165 -0.267784
vt -0.495282 0.665005
vt -0.448165 0.500000
vt -0.448165 0.665005
vt -0.318540 0.703844
vt -0.495282 0.500000
vt -0.445671 0.703844
vt -0.495282 0.703844
vt -0.445671 0.703844
vt -0.445671 0.500000
vt -0.445671 -0.068860
vt -0.495282 -0.318540
vt -0.445671 -0.318540
vt 0.902777 0.370425
vt 0.441179 0.617687
vt -0.448165 -0.651809
vt -0.495282 -0.503642
vt -0.448165 -0.503642
vt -0.495282 0.665005
vt -0.495282 -0.452885
vt -0.445671 -0.702566
vt -0.445671 -0.452885
vt 0.483044 0.859576
vt 0.462745 0.617687
vt 0.483044 0.617687
vt 0.704477 0.738235
vt 0.684177 0.861233
vt 0.684177 0.738235
vt 0.241211 0.615923
vt 0.220911 0.738921
vt 0.220911 0.615923
vt 0.485201 0.616421
vt 0.252332 0.610002
vt 0.476182 0.610002
vt 0.243312 0.616421
vt 0.252332 0.512412
vt 0.485201 0.493423
vt 0.243312 0.493423
vt 0.476182 0.512412
vt 0.646478 0.610922
vt 0.687374 0.704729
vt 0.646478 0.704729
vt 0.207595 0.736082
vt 0.218245 0.959932
vt 0.207595 0.959932
vt 0.715101 0.225309
vt 0.725751 0.322898
vt 0.715101 0.322898
vt 0.738933 0.225309
vt 0.749583 0.322898
vt 0.738933 0.322898
vt 0.182497 0.959932
vt 0.171847 0.736082
vt 0.182497 0.736082
vt 0.782162 0.819777
vt 0.773724 0.917393
vt 0.773724 0.819777
vt 0.735224 0.823128
vt 0.738575 0.819776
vt 0.743556 0.819776
vt 0.733958 0.920745
vt 0.730606 0.924096
vt 0.725625 0.924096
vt 0.828573 0.225309
vt 0.820134 0.329628
vt 0.820134 0.225309
vt 0.624922 0.336517
vt 0.619941 0.344956
vt 0.619941 0.336517
vt 0.626188 0.355926
vt 0.630928 0.364365
vt 0.626188 0.364365
vt 0.626188 0.346222
vt 0.630928 0.354660
vt 0.626188 0.354660
vt 0.619941 0.364365
vt 0.624922 0.355926
vt 0.624922 0.364365
vt 0.955277 0.242522
vt 0.975577 0.000633
vt 0.975577 0.242522
vt 0.684177 0.615236
vt 0.220911 0.492925
vt 0.485201 0.370425
vt 0.252332 0.376844
vt 0.243312 0.370425
vt 0.252332 0.474434
vt 0.476182 0.474434
vt 0.605052 0.704729
vt 0.645948 0.610922
vt 0.645948 0.704729
vt 0.195679 0.959932
vt 0.206329 0.736082
vt 0.206329 0.959932
vt 0.750849 0.322898
vt 0.761499 0.225309
vt 0.761499 0.322898
vt 0.727017 0.322898
vt 0.737667 0.225309
vt 0.737667 0.322898
vt 0.183763 0.959932
vt 0.194413 0.736082
vt 0.194413 0.959932
vt 0.764019 0.819776
vt 0.772458 0.917393
vt 0.764019 0.917393
vt 0.762754 0.823128
vt 0.762754 0.920745
vt 0.754421 0.924096
vt 0.744822 0.920745
vt 0.744822 0.823128
vt 0.753155 0.819776
vt 0.818868 0.329628
vt 0.810430 0.225309
vt 0.818868 0.225309
vt 0.619941 0.346222
vt 0.624922 0.354660
vt 0.619941 0.354660
vt 0.632193 0.364365
vt 0.636933 0.355926
vt 0.636933 0.364365
vt 0.636933 0.346222
vt 0.632193 0.354660
vt 0.632193 0.346222
vt 0.631169 0.344956
vt 0.626188 0.336517
vt 0.631169 0.336517
vt 0.735224 0.920745
vt 0.743556 0.924096
vt 0.733958 0.823128
vt 0.725625 0.819776
vt 0.476182 0.376844
vt 0.759402 0.819776
vt 0.754421 0.819776
vt 0.748174 0.924096
vt 0.753155 0.924096
vt 0.605052 0.610922
vt 2.422452 3.787528
vt 2.362631 3.847348
vt 2.085732 3.847348
vt 1.750295 2.085732
vt 1.750295 2.350353
vt 1.678196 2.422452
vt 1.678196 0.917356
vt 1.750295 0.744231
vt 1.678196 0.744231
vt 2.350353 0.744231
vt 2.085732 0.917356
vt 2.085732 0.744231
vt -0.022363 2.422452
vt 1.022363 2.362631
vt 1.022363 2.422452
vt 2.085732 3.847348
vt 2.422452 3.787528
vt -0.678196 2.422452
vt -0.750295 2.085732
vt -0.022363 2.085731
vt 2.422452 3.684845
vt 2.332308 1.274029
vt 2.422452 1.274029
vt -0.750295 0.744231
vt -0.678196 0.917356
vt -0.678196 0.744231
vt 1.022363 2.085732
vt -0.022363 2.362631
vt -0.022363 2.085732
vt 1.022363 0.917356
vt -0.022363 0.917356
vt 1.022363 0.917356
vt 0.919680 1.274029
vt 1.022363 3.787528
vt 0.080319 1.274029
vt -0.022363 3.787528
vt 0.080320 3.684845
vt 0.919680 3.684845
vt 0.080320 -1.648124
vt 0.919680 0.762692
vt 0.080320 0.762692
vt 0.919680 2.422452
vt 0.080320 2.332309
vt 0.080320 2.422452
vt 2.422452 1.274029
vt 2.332309 3.684845
vt 2.422452 3.684845
vt 0.080319 2.422452
vt 0.919680 2.332309
vt 0.919680 2.422452
vt 2.060946 0.706479
vt 1.880656 3.704978
vt 1.880656 0.706479
vt 2.060946 0.503596
vt 1.880656 0.797155
vt 1.880656 0.503595
vt 2.060946 3.704978
vt 1.880656 0.706479
vt 2.060946 0.797155
vt 1.880656 0.797155
vt 0.503595 3.704978
vt 0.797155 0.706479
vt 0.503595 0.706479
vt 0.503596 3.704978
vt 0.797155 0.706479
vt 0.797155 3.704978
vt -0.750410 0.525572
vt -0.612712 4.653342
vt -0.612712 0.525572
vt 0.380888 -0.750410
vt 0.619112 -0.612712
vt 0.380888 -0.612712
vt -0.750410 4.653342
vt 0.380888 4.653342
vt 0.619112 0.525572
vt 0.380888 0.525572
vt 0.619112 4.653342
vt -1.013062 0.525572
vt -0.957999 4.653342
vt -0.957999 0.525572
vt 0.861443 -1.013062
vt 0.974662 -0.957999
vt 0.861443 -0.957999
vt -1.013062 4.653342
vt 0.974662 -1.013062
vt 0.861443 -0.957999
vt 0.974662 -0.957999
vt 0.974662 4.653342
vt 0.861443 0.525572
vt 0.861443 4.653342
vt 0.974662 0.525572
vt 0.025338 -0.957999
vt 0.138557 -1.013062
vt 0.138557 -0.957999
vt 0.138557 -0.957999
vt 0.025338 -1.013062
vt 0.025338 -0.957999
vt 0.138557 0.525572
vt 0.025338 4.653342
vt 0.138557 4.653342
vt 0.025338 0.525572
vt 1.880656 0.863951
vt 2.060946 0.966054
vt 1.880656 0.966054
vt 1.880656 0.966054
vt 0.966054 3.704978
vt 0.863951 0.706479
vt 0.863951 3.704978
vt 0.863951 3.704978
vt 0.966054 0.706479
vt 0.966054 3.704978
vt -0.474709 0.706479
vt -0.654999 3.704978
vt -0.654999 0.706479
vt -0.474709 -0.137312
vt -0.654999 0.156247
vt -0.654999 -0.137312
vt -0.474709 3.704978
vt -0.654999 0.706479
vt -0.654999 0.156247
vt -0.474709 -0.137312
vt 0.156247 3.704978
vt -0.137312 0.706479
vt -0.137312 3.704978
vt -0.137312 3.704978
vt 0.156247 0.706479
vt 0.156248 3.704978
vt -0.474709 0.223043
vt -0.654999 0.325146
vt -0.654999 0.223043
vt -0.474709 0.325147
vt -0.654999 0.325146
vt 0.325146 3.704978
vt 0.223043 0.706479
vt 0.223043 3.704978
vt 0.223043 3.704978
vt 0.325147 0.706479
vt 0.325147 3.704978
vt 1.392651 1.288647
vt 1.416359 1.256680
vt 1.392651 1.256680
vt 1.392651 2.317959
vt 1.416359 2.272117
vt 1.392651 2.272117
vt 1.416359 2.272117
vt 1.392651 2.317959
vt 1.392651 2.272117
vt 0.608033 2.240149
vt 1.256680 2.240149
vt 1.288647 2.317959
vt 1.392651 0.608033
vt 1.416359 0.608033
vt 1.392651 0.576065
vt 1.416359 0.576065
vt 1.416359 1.288647
vt 0.576065 2.317959
vt 1.392651 2.199721
vt 1.416359 2.153880
vt 1.392651 2.153880
vt 1.416359 2.153880
vt 1.392651 2.199721
vt 1.392651 2.153880
vt 0.608033 2.121912
vt 1.256680 2.121912
vt 1.288647 2.199721
vt 1.416359 0.608033
vt 0.576065 2.199721
vt 1.392651 2.081484
vt 1.416359 2.035642
vt 1.392651 2.035642
vt 1.416359 2.035642
vt 1.392651 2.081484
vt 1.392651 2.035642
vt 0.608033 2.003674
vt 1.256680 2.003674
vt 1.288647 2.081484
vt 1.392651 0.608033
vt 1.416359 0.576065
vt 1.392651 0.576065
vt 0.576065 2.081484
vt 0.608033 2.003674
vt 1.392651 1.288647
vt 1.416359 1.256680
vt 1.392651 1.256680
vt 1.392651 1.963246
vt 1.416359 1.917405
vt 1.392651 1.917405
vt 1.416359 1.917405
vt 1.392651 1.963246
vt 1.392651 1.917405
vt 0.608033 1.885437
vt 1.256680 1.885437
vt 1.288647 1.963246
vt 1.392651 0.608033
vt 1.416359 0.608033
vt 1.392651 0.576065
vt 1.416359 1.288647
vt 0.576065 1.963246
vt 0.608033 1.885437
vt 1.416359 1.288648
vt 1.392651 1.845009
vt 1.416359 1.799167
vt 1.392651 1.799167
vt 1.416359 1.799167
vt 1.392651 1.845009
vt 1.392651 1.799167
vt 0.608033 1.767199
vt 1.256680 1.767199
vt 1.288648 1.845009
vt 1.392651 1.288648
vt 1.416359 0.576065
vt 0.576065 1.845009
vt 1.392651 1.726772
vt 1.416359 1.680930
vt 1.392651 1.680930
vt 1.416359 1.680930
vt 1.392651 1.726772
vt 1.392651 1.680930
vt 0.608033 1.648962
vt 1.256680 1.648962
vt 1.288648 1.726772
vt 0.576065 1.726772
vt 1.392651 1.608534
vt 1.416359 1.562692
vt 1.392651 1.562692
vt 1.416359 1.562692
vt 1.392651 1.608534
vt 1.392651 1.562692
vt 0.608033 1.530724
vt 1.256680 1.530724
vt 1.288648 1.608534
vt 1.416359 1.530724
vt 1.392651 1.530724
vt 0.576065 1.608534
vt 1.392651 1.490297
vt 1.416359 1.444455
vt 1.392651 1.444455
vt 1.416359 1.444455
vt 1.392651 1.490297
vt 1.392651 1.444455
vt 0.608033 1.412487
vt 1.256680 1.412487
vt 1.288648 1.490297
vt 1.416359 0.576065
vt 0.576065 1.490297
vt 1.416359 1.256680
vt 1.392651 1.372059
vt 1.416359 1.326217
vt 1.392651 1.326217
vt 1.416359 1.372059
vt 1.392651 1.372059
vt 0.608033 1.294250
vt 1.256680 1.294250
vt 1.288648 1.372059
vt 1.392651 0.608033
vt 0.576065 1.372059
vt 0.608033 1.294250
vt 1.392651 1.253822
vt 1.416359 1.207980
vt 1.392651 1.207980
vt 1.392651 1.253822
vt 1.392651 1.207980
vt 0.608033 1.176012
vt 1.256680 1.176012
vt 1.288647 1.253822
vt 1.392651 0.608033
vt 1.416359 1.288647
vt 0.576065 1.253822
vt 1.392651 1.135584
vt 1.416359 1.089742
vt 1.392651 1.089742
vt 1.416359 1.089742
vt 1.392651 1.135584
vt 1.392651 1.089742
vt 0.608033 1.057775
vt 1.256680 1.057775
vt 1.288647 1.135584
vt 0.576065 1.135584
vt 1.392651 1.017347
vt 1.416359 0.971505
vt 1.392651 0.971505
vt 1.416359 0.971505
vt 1.392651 1.017347
vt 1.392651 0.971505
vt 0.608033 0.939537
vt 1.256680 0.939537
vt 1.288647 1.017347
vt 0.576065 1.017347
vt 1.392651 0.899109
vt 1.416359 0.853268
vt 1.392651 0.853268
vt 1.416359 0.853267
vt 1.392651 0.899109
vt 1.392651 0.853267
vt 0.608033 0.821299
vt 1.256680 0.821300
vt 1.288647 0.899109
vt 1.392651 0.576065
vt 0.576065 0.899109
vt 0.608033 0.821299
vt 1.137139 0.497186
vt 1.160846 0.427841
vt 1.137139 0.342549
vt 1.160846 -0.088769
vt 1.137139 -0.088769
vt 1.160846 2.317959
vt 1.137139 2.240149
vt 1.137139 2.317959
vt 1.160846 0.428563
vt 1.297294 0.497186
vt 1.160846 0.497186
vt 1.160846 2.272117
vt 1.137139 2.272117
vt 1.160846 -0.056801
vt 1.137139 -0.056801
vt 0.342549 2.240149
vt -0.056801 2.240149
vt -0.088769 2.317959
vt 1.277726 0.497186
vt 1.277726 0.427841
vt 0.428563 2.302611
vt 0.428563 2.302611
vt 0.497186 2.259718
vt 0.497186 2.317959
vt 1.277726 2.240149
vt 1.297294 2.259718
vt 1.297294 2.302611
vt 1.297294 0.428067
vt 1.297294 0.497186
vt 1.297294 2.317959
vt 1.160846 2.199721
vt 1.137139 2.121912
vt 1.137139 2.199721
vt 1.160846 0.428563
vt 1.160846 0.497186
vt 1.160846 2.153879
vt 1.137139 2.153879
vt 0.342549 2.121912
vt -0.056801 2.121912
vt -0.088769 2.199721
vt 1.277726 0.427841
vt 0.428563 2.184373
vt 0.428563 2.184373
vt 0.497186 2.141480
vt 0.497186 2.199721
vt 1.277726 2.121912
vt 1.297294 2.141480
vt 1.297294 2.184373
vt 1.297294 0.428067
vt 1.297294 2.199721
vt 1.160846 2.081484
vt 1.137139 2.003674
vt 1.137139 2.081484
vt 1.160846 2.035642
vt 1.137139 2.035642
vt 1.160846 -0.056801
vt 0.342549 2.003674
vt -0.056801 2.003674
vt -0.088769 2.081484
vt 0.428563 2.066136
vt 0.428563 2.066136
vt 0.497186 2.023243
vt 0.497186 2.081484
vt 1.277726 2.003674
vt 1.297294 2.023243
vt 1.297294 2.066136
vt 1.297294 0.497186
vt 1.297294 2.081484
vt 1.160846 -0.088769
vt 1.160846 1.963246
vt 1.137139 1.885437
vt 1.137139 1.963246
vt 1.137139 1.917405
vt 1.160846 1.963246
vt 0.342549 1.885437
vt -0.056801 1.885437
vt -0.088769 1.963246
vt 0.428563 1.947898
vt -0.088769 1.963246
vt 0.428563 1.947898
vt 0.497186 1.905005
vt 0.497186 1.963246
vt 1.277726 1.885437
vt 1.297294 1.905005
vt 1.297294 1.947898
vt 1.297294 1.963246
vt 1.160846 0.427841
vt 1.137138 -0.088769
vt 1.160846 1.845009
vt 1.137139 1.767199
vt 1.137139 1.845009
vt 1.160846 0.428563
vt 1.160846 0.497186
vt 1.160846 1.799167
vt 1.137138 1.845009
vt 1.137138 1.799167
vt 1.137138 -0.056801
vt 0.342549 1.767199
vt -0.056801 1.767199
vt -0.088769 1.845009
vt 0.428563 1.829661
vt 0.428563 1.829661
vt 0.497186 1.786768
vt 0.497186 1.845009
vt 1.277726 1.767199
vt 1.297294 1.786768
vt 1.297294 1.829661
vt 0.428067 1.786768
vt 0.497186 1.767199
vt 1.297294 1.845009
vt 1.137139 0.497186
vt 1.137139 0.342549
vt 1.137139 1.726771
vt 1.160846 1.648962
vt 1.137139 1.648962
vt 1.160846 1.680930
vt 1.137138 1.726771
vt 1.137138 1.680930
vt 1.137139 -0.056801
vt 1.160846 -0.088769
vt 1.137138 -0.088769
vt 0.342549 1.648962
vt -0.056801 1.648962
vt -0.088769 1.726771
vt 1.160846 0.497186
vt 1.277725 0.427841
vt 0.428563 1.711424
vt 1.160846 -0.056801
vt 0.428563 1.711424
vt 0.497186 1.668530
vt 0.497186 1.726772
vt 1.277725 1.648962
vt 1.297294 1.668530
vt 1.297294 1.711424
vt 1.277725 0.497186
vt 1.297294 1.726772
vt 1.160846 0.427841
vt 1.160846 -0.088769
vt 1.137139 -0.088769
vt 1.160846 1.608534
vt 1.137139 1.530724
vt 1.137139 1.608534
vt 1.160846 0.428563
vt 1.160846 1.562692
vt 1.137139 1.562692
vt 0.342549 1.530724
vt -0.056801 1.530724
vt -0.088769 1.608534
vt 1.277725 0.427841
vt 0.428563 1.593186
vt 0.428563 1.593186
vt 0.497186 1.550293
vt 0.497186 1.608534
vt 1.277725 1.530724
vt 1.297294 1.550293
vt 1.297294 1.593186
vt 1.297294 0.428067
vt 1.297294 1.608534
vt 1.297294 1.550293
vt 1.137139 0.497186
vt 1.137139 0.342549
vt 1.160846 1.490296
vt 1.137139 1.412487
vt 1.137139 1.490296
vt 1.297294 0.497186
vt 1.160846 1.444455
vt 1.137139 1.490296
vt 1.137139 1.444455
vt 0.342549 1.412487
vt -0.056801 1.412487
vt -0.088769 1.490296
vt 1.160846 0.497186
vt 0.428563 1.474949
vt 0.428563 1.474949
vt 0.497186 1.432055
vt 0.497186 1.490296
vt 1.277725 1.412487
vt 1.297294 1.432055
vt 1.297294 1.474949
vt 1.277725 0.497186
vt 1.297294 1.490296
vt 1.160846 1.372059
vt 1.137139 1.294250
vt 1.137139 1.372059
vt 1.160846 1.326217
vt 1.137139 1.372059
vt 1.137139 1.326217
vt 0.342549 1.294250
vt -0.056801 1.294249
vt -0.088769 1.372059
vt 0.428563 1.356711
vt 0.428563 1.356711
vt 0.497186 1.313818
vt 0.497186 1.372059
vt 1.277725 1.294250
vt 1.297294 1.313818
vt 1.297294 1.356711
vt 1.297294 0.497186
vt 1.297294 1.372059
vt 1.160846 1.253822
vt 1.137139 1.176012
vt 1.137139 1.253822
vt 1.160846 1.207980
vt 1.137139 1.253822
vt 1.137139 1.207980
vt 1.160846 -0.056801
vt 0.342549 1.176012
vt -0.056801 1.176012
vt -0.088769 1.253822
vt 0.428563 1.238474
vt 0.428563 1.238474
vt 0.497186 1.195581
vt 0.497186 1.253822
vt 1.277725 1.176012
vt 1.297294 1.195581
vt 1.297294 1.238474
vt 1.297294 1.253822
vt 1.160846 0.427841
vt 1.137139 1.135584
vt 1.160846 1.057775
vt 1.137139 1.057775
vt 1.160846 0.497186
vt 1.297294 0.428563
vt 1.297294 0.497186
vt 1.160846 1.089742
vt 1.137138 1.135584
vt 1.137138 1.089742
vt 1.137138 -0.056801
vt 0.342549 1.057775
vt -0.056801 1.057774
vt -0.088769 1.135584
vt 1.277725 0.427841
vt 0.428563 1.120236
vt 0.428563 1.120236
vt 0.497186 1.077343
vt 0.497186 1.135584
vt 1.277725 1.057775
vt 1.297294 1.077343
vt 1.297294 1.120236
vt 1.277726 0.497186
vt 1.297294 1.135584
vt 1.297294 1.077343
vt 1.277726 1.057775
vt 1.160846 0.427841
vt 1.137138 0.342549
vt 1.137139 1.017347
vt 1.160846 0.939537
vt 1.137139 0.939537
vt 1.297294 0.428563
vt 1.160846 0.971505
vt 1.137138 1.017347
vt 1.137138 0.971505
vt 0.342549 0.939537
vt -0.056801 0.939537
vt -0.088769 1.017347
vt 0.428563 1.001999
vt 0.428563 1.001999
vt 0.497186 0.959105
vt 0.497186 1.017347
vt 1.277725 0.939537
vt 1.297294 0.959105
vt 1.297294 1.001999
vt 1.297294 0.428067
vt 1.277725 0.497186
vt 1.297294 1.017347
vt 1.137139 0.497186
vt 1.137138 0.342549
vt 1.160846 0.899109
vt 1.137139 0.821299
vt 1.137139 0.899109
vt 1.297294 0.497186
vt 1.160846 0.853268
vt 1.137138 0.899109
vt 1.137138 0.853268
vt 0.342549 0.821299
vt -0.056801 0.821300
vt -0.088769 0.899109
vt 1.160846 0.497186
vt 0.428563 0.883761
vt 0.428563 0.883761
vt 0.497186 0.840868
vt 0.497186 0.899109
vt 1.277725 0.821299
vt 1.297294 0.840868
vt 1.297294 0.883761
vt 0.428067 0.840868
vt 0.497186 0.821299
vt 1.297294 0.899109
vt -0.416359 1.256680
vt -0.392651 1.288647
vt -0.392651 1.256680
vt -0.416359 2.272117
vt -0.392651 2.317959
vt -0.392651 2.272117
vt -0.392651 2.317959
vt -0.416359 2.272117
vt -0.392651 2.272117
vt 0.576065 2.272117
vt -0.392651 0.608033
vt -0.392651 0.576065
vt -0.416359 0.608033
vt -0.416359 0.576065
vt -0.416359 1.288647
vt -0.416359 2.153880
vt -0.392651 2.199721
vt -0.392651 2.153880
vt -0.392651 2.199721
vt -0.416359 2.153880
vt -0.392651 2.153880
vt 0.576065 2.153880
vt -0.416359 0.608033
vt -0.416359 2.035642
vt -0.392651 2.081484
vt -0.392651 2.035642
vt -0.392651 2.081484
vt -0.416359 2.035642
vt -0.392651 2.035642
vt 0.576065 2.035642
vt -0.392651 0.608033
vt -0.416359 0.576065
vt -0.416359 1.256680
vt -0.392651 1.288647
vt -0.392651 1.256680
vt -0.416359 1.917405
vt -0.392651 1.963246
vt -0.392651 1.917405
vt -0.392651 1.963246
vt -0.416359 1.917405
vt -0.392651 1.917405
vt 0.576065 1.917405
vt -0.392651 0.608033
vt -0.416359 0.608033
vt -0.416359 1.288647
vt 0.576065 1.917405
vt -0.392651 1.288648
vt -0.416359 1.799167
vt -0.392651 1.845009
vt -0.392651 1.799167
vt -0.392651 1.845009
vt -0.416359 1.799167
vt -0.392651 1.799167
vt 0.576065 1.799167
vt -0.392651 0.576065
vt -0.416359 0.576065
vt -0.416359 1.288648
vt -0.416359 1.680930
vt -0.392651 1.726772
vt -0.392651 1.680930
vt -0.392651 1.726772
vt -0.416359 1.680930
vt -0.392651 1.680930
vt 0.576065 1.680930
vt 0.576065 1.726771
vt -0.416359 1.562692
vt -0.392651 1.608534
vt -0.392651 1.562692
vt -0.392651 1.608534
vt -0.416359 1.562692
vt -0.392651 1.562692
vt 0.576065 1.562692
vt -0.416359 1.530724
vt -0.392651 1.530724
vt -0.416359 1.444455
vt -0.392651 1.490297
vt -0.392651 1.444455
vt -0.392651 1.490297
vt -0.416359 1.444455
vt -0.392651 1.444455
vt 0.576065 1.444455
vt -0.416359 0.576065
vt -0.416359 0.576065
vt -0.416359 1.256680
vt -0.416359 1.326217
vt -0.392651 1.372059
vt -0.392651 1.326217
vt -0.416359 1.372059
vt 0.576065 1.326217
vt -0.392651 0.608033
vt -0.416359 1.207980
vt -0.392651 1.253822
vt -0.392651 1.207980
vt -0.392651 1.253822
vt -0.392651 1.207980
vt 0.576065 1.207980
vt -0.392651 0.608033
vt -0.416359 1.288647
vt -0.416359 1.089742
vt -0.392651 1.135584
vt -0.392651 1.089742
vt -0.392651 1.135584
vt -0.416359 1.089742
vt -0.392651 1.089742
vt 0.576065 1.089742
vt -0.416359 0.971505
vt -0.392651 1.017347
vt -0.392651 0.971505
vt -0.392651 1.017347
vt -0.416359 0.971505
vt -0.392651 0.971505
vt 0.576065 0.971505
vt -0.416359 0.853268
vt -0.392651 0.899109
vt -0.392651 0.853268
vt -0.392651 0.899109
vt -0.416359 0.853267
vt -0.392651 0.853267
vt 0.576065 0.853267
vt 0.576065 0.899109
vt -0.416359 0.608033
vt -0.392651 0.576065
vt -0.137139 0.497186
vt -0.160846 0.427841
vt -0.160846 0.497186
vt -0.137139 -0.088769
vt -0.160846 0.497186
vt -0.160846 -0.088769
vt -0.137139 2.240149
vt -0.160846 2.317959
vt -0.137139 2.317959
vt -0.297294 0.497186
vt -0.160846 0.428563
vt -0.137139 2.317959
vt -0.160846 2.272117
vt -0.137139 2.272117
vt -0.160846 -0.056801
vt -0.137139 -0.056801
vt 0.497186 2.240149
vt 0.497186 2.317959
vt -0.277726 0.497186
vt -0.137139 0.342549
vt -0.297294 2.302611
vt -0.297294 2.259718
vt -0.277726 2.240149
vt -0.297294 0.428067
vt -0.297294 0.497186
vt -0.297294 2.317959
vt -0.137139 2.121912
vt -0.160846 2.199721
vt -0.137139 2.199721
vt -0.160846 0.428563
vt -0.137139 2.199721
vt -0.160846 2.153879
vt -0.137139 2.153879
vt 0.497186 2.121912
vt 0.497186 2.199721
vt -0.297294 2.184373
vt -0.297294 2.141480
vt -0.277726 2.121912
vt -0.297294 0.428067
vt -0.297294 2.199721
vt -0.137139 2.003674
vt -0.160846 2.081484
vt -0.137139 2.081484
vt -0.137139 2.081484
vt -0.160846 2.035642
vt -0.137139 2.035642
vt -0.160846 -0.056801
vt 0.497186 2.003674
vt 0.497186 2.081484
vt -0.297294 2.066136
vt -0.297294 2.023243
vt -0.277726 2.003674
vt -0.297294 0.497186
vt -0.297294 2.081484
vt -0.160846 -0.088769
vt -0.137139 1.885437
vt -0.160846 1.963246
vt -0.137139 1.963246
vt -0.137139 1.917405
vt -0.160846 1.963246
vt -0.160846 1.917405
vt 0.497186 1.885437
vt 0.497186 1.963246
vt -0.297294 1.947898
vt -0.297294 1.905005
vt -0.277726 1.885437
vt -0.297294 1.963246
vt -0.160846 0.427841
vt -0.160846 0.497186
vt -0.137138 -0.088769
vt -0.137139 1.767199
vt -0.160846 1.845009
vt -0.137139 1.845009
vt -0.160846 0.428563
vt -0.137138 1.845009
vt -0.160846 1.799167
vt -0.137138 1.799167
vt -0.137138 -0.056801
vt 0.497186 1.767199
vt 0.497186 1.845009
vt -0.277726 0.427841
vt -0.297294 1.829661
vt -0.297294 1.786768
vt -0.277726 1.767199
vt -0.297294 1.845009
vt -0.137139 0.497186
vt -0.160846 0.497186
vt -0.137139 0.497186
vt -0.137139 1.726771
vt -0.160846 1.648962
vt -0.160846 1.726771
vt -0.137138 1.726771
vt -0.160846 1.680930
vt -0.137138 1.680930
vt -0.137139 -0.056801
vt -0.160846 -0.088769
vt -0.160846 -0.056801
vt 0.497186 1.648962
vt 0.497186 1.726771
vt -0.277726 0.497186
vt -0.137139 0.342549
vt -0.297294 1.711424
vt -0.297294 1.668530
vt -0.277726 1.648962
vt -0.297294 1.726772
vt -0.160846 0.427841
vt -0.160846 -0.088769
vt -0.137139 -0.088769
vt -0.137139 1.530724
vt -0.160846 1.608534
vt -0.137139 1.608534
vt -0.160846 0.428563
vt -0.160846 1.562692
vt -0.137139 1.562692
vt 0.497186 1.530724
vt 0.497186 1.608534
vt -0.297294 1.593186
vt -0.297294 1.550293
vt -0.277726 1.530724
vt -0.297294 0.428067
vt -0.297294 1.608534
vt -0.137139 0.497186
vt -0.160846 0.497186
vt -0.137139 1.412487
vt -0.160846 1.490296
vt -0.137139 1.490296
vt -0.297294 0.497186
vt -0.137139 1.490296
vt -0.160846 1.444455
vt -0.137139 1.444455
vt 0.497186 1.412487
vt 0.497186 1.490296
vt -0.277726 0.497186
vt -0.137139 0.342549
vt -0.297294 1.474949
vt -0.297294 1.432055
vt -0.277726 1.412487
vt -0.297294 1.490296
vt -0.137139 1.294250
vt -0.160846 1.372059
vt -0.137139 1.372059
vt -0.137139 1.372059
vt -0.160846 1.326217
vt -0.137139 1.326217
vt 0.497186 1.294250
vt 0.497186 1.372059
vt -0.297294 1.356711
vt -0.297294 1.313818
vt -0.277726 1.294250
vt -0.297294 0.497186
vt -0.297294 1.372059
vt -0.137139 1.176012
vt -0.160846 1.253822
vt -0.137139 1.253822
vt -0.137139 1.253822
vt -0.160846 1.207980
vt -0.137139 1.207980
vt -0.160846 -0.056801
vt 0.497186 1.176012
vt 0.497186 1.253822
vt -0.297294 1.238474
vt -0.297294 1.195581
vt -0.277726 1.176012
vt -0.297294 1.253822
vt -0.137139 0.497186
vt -0.160846 0.427841
vt -0.137139 1.135584
vt -0.160846 1.057775
vt -0.160846 1.135584
vt -0.160846 0.497186
vt -0.297294 0.428563
vt -0.137138 1.135584
vt -0.160846 1.089742
vt -0.137138 1.089742
vt -0.137138 -0.056801
vt 0.497186 1.057775
vt 0.497186 1.135584
vt -0.277726 0.427841
vt -0.297294 1.120236
vt -0.297294 1.077343
vt -0.277726 1.057775
vt -0.277726 0.497186
vt -0.297294 0.497186
vt -0.277726 1.057775
vt -0.297294 1.135584
vt -0.160846 0.427841
vt -0.137138 -0.088769
vt -0.137139 1.017347
vt -0.160846 0.939537
vt -0.160846 1.017347
vt -0.297294 0.428563
vt -0.160846 0.428563
vt -0.137138 1.017347
vt -0.160846 0.971505
vt -0.137138 0.971505
vt 0.497186 0.939537
vt 0.497186 1.017347
vt -0.137138 0.342549
vt -0.297294 1.001999
vt -0.297294 0.959105
vt -0.277726 0.939537
vt -0.277726 0.497186
vt -0.297294 0.428067
vt -0.297294 1.017347
vt -0.137139 0.497186
vt -0.160846 0.497186
vt -0.137139 0.821299
vt -0.160846 0.899109
vt -0.137139 0.899109
vt -0.160846 0.428563
vt -0.137138 0.899109
vt -0.160846 0.853268
vt -0.137138 0.853268
vt 0.497186 0.821299
vt 0.497186 0.899109
vt -0.137138 0.342549
vt -0.297294 0.883761
vt -0.297294 0.840868
vt -0.277726 0.821299
vt -0.297294 0.899109
vt 2.060946 3.704978
vt 2.060946 0.503596
vt 0.208684 0.745326
vt 0.212893 0.747078
vt 0.211082 0.743941
vt 0.746848 0.008145
vt 0.739794 -0.000000
vt 0.746848 -0.000000
vt 0.213742 0.008145
vt 0.206689 -0.000000
vt 0.213742 -0.000000
vt 0.743866 0.008145
vt 0.750920 -0.000000
vt 0.743866 -0.000000
vt 0.210761 0.008145
vt 0.217815 -0.000000
vt 0.210761 -0.000000
vt 0.213742 0.739794
vt 0.210761 0.750920
vt 0.217815 0.746848
vt 0.206689 0.743866
vt 1.370885 0.967481
vt -0.114202 0.967481
vt -0.114202 0.879590
vt 1.236677 0.879590
vt 1.242261 1.496439
vt 1.236677 0.879590
vt -0.114202 0.879590
vt -0.114202 0.967481
vt 1.370885 0.967481
vt -0.376912 1.460202
vt -0.577069 2.834486
vt -0.577069 2.444673
vt -0.517357 2.384674
vt -0.577069 2.444674
vt -0.577069 2.704548
vt 0.059226 1.032729
vt 0.058805 0.595773
vt 0.058334 0.876916
vt -0.556891 3.641122
vt 1.372839 1.153595
vt 0.136499 -0.525794
vt 0.136499 -0.577069
vt -0.133530 -0.537834
vt -0.132364 0.446393
vt -0.132364 0.191336
vt -0.172764 0.405993
vt -0.372836 1.153595
vt -0.378098 0.446393
vt -0.418497 0.405993
vt 1.172765 -0.577069
vt 0.863501 -0.577069
vt 1.133530 -0.537834
vt 0.863501 -0.523593
vt 1.132365 0.191335
vt 1.132365 0.446393
vt 1.172765 0.405992
vt 1.378099 0.446393
vt 0.136500 1.504271
vt 1.379150 1.505323
vt 1.378099 0.446393
vt 1.132365 0.446393
vt 1.172765 0.405992
vt 1.132893 -0.537197
vt 1.172765 -0.577069
vt 0.863501 -0.530155
vt 0.863501 -0.577069
vt 0.136499 -0.577069
vt -0.132893 -0.537197
vt 0.136499 -0.532509
vt -0.132364 0.191336
vt -0.132364 0.446393
vt -0.172764 0.405993
vt -0.378097 0.446393
vt -0.374965 1.153595
vt -0.379148 1.505323
vt 1.132702 -0.537005
vt 0.863501 -0.532125
vt 1.132365 0.191336
vt 1.376101 1.153595
vt 1.378770 1.504942
vt -0.378769 1.504942
vt -0.132364 0.191336
vt -0.132701 -0.537005
vt -0.172765 -0.577069
vt 0.136499 -0.534701
vt -0.133307 -0.537611
vt 0.136499 -0.528144
vt -0.132364 0.446393
vt -0.378098 0.446393
vt -0.372511 1.153595
vt -0.379973 1.506147
vt 0.863502 1.504271
vt 1.379975 1.506147
vt 1.133307 -0.537611
vt 0.863501 -0.525890
vt 1.738932 3.741122
vt 1.496439 2.525623
vt 1.787272 1.136253
vt 1.787830 1.048362
vt -0.787272 1.136254
vt -0.032478 1.136253
vt -0.787830 1.048362
vt 1.788480 0.683676
vt 1.789037 0.595784
vt -0.788480 0.683676
vt -0.032478 0.683676
vt -0.789037 0.595784
vt 1.032611 0.968553
vt 1.722039 0.968553
vt 1.587579 0.896774
vt 1.587798 0.880640
vt 1.032611 0.880640
vt -0.587798 0.880640
vt -0.722039 0.968553
vt -0.577069 2.574611
vt 1.556891 3.641122
vt 1.556574 3.741122
vt 0.545535 0.964873
vt 0.545820 0.683697
vt 0.546071 1.120639
vt 1.048936 1.032737
vt 0.688971 0.595784
vt 1.048936 0.876942
vt 1.963497 3.641122
vt -0.093282 0.683676
vt 1.458169 1.032737
vt 1.457611 1.120628
vt -0.093014 1.120629
vt 1.977578 3.641122
vt 0.437653 3.741122
vt 0.012557 3.741122
vt 0.885046 0.876942
vt 0.511423 0.964833
vt 0.511289 0.683676
vt 0.511154 1.120628
vt -1.203735 3.641122
vt -0.556515 0.595784
vt -0.093014 1.032737
vt 0.942937 1.120628
vt -0.093014 1.120628
vt 0.311029 1.032737
vt -0.048936 0.595784
vt -0.048936 0.876942
vt -0.553941 3.641122
vt -0.577069 2.704548
vt -0.242260 2.525622
vt 1.972675 0.141813
vt 1.172765 -0.443773
vt 1.007055 -0.498882
vt 0.826795 -0.577069
vt 0.826795 -0.527861
vt 1.094578 -0.411359
vt 1.125679 0.220869
vt -0.007054 -0.498881
vt 0.173206 -0.527861
vt 0.173206 -0.577069
vt -0.039469 -0.577069
vt -0.172765 -0.443773
vt -0.094577 -0.411358
vt -0.125678 0.220869
vt -0.172764 0.405993
vt 1.132365 0.446393
vt 1.378099 0.446393
vt -0.132364 0.446393
vt -0.378097 0.446393
vt 1.418498 0.405992
vt 1.352637 1.085959
vt -0.418497 0.405993
vt -0.352636 1.085959
vt 1.418498 1.388659
vt 1.340113 1.356163
vt -0.418496 1.388660
vt -0.340111 1.356163
vt -0.213696 0.140655
vt 1.043417 0.140655
vt 1.257920 0.052741
vt 1.519508 0.140655
vt 0.186156 0.052720
vt 0.186156 0.140655
vt 0.186156 0.140655
vt 1.518865 0.052719
vt -0.577069 0.787530
vt 0.710120 0.049676
vt 1.125679 0.220869
vt 0.173206 -0.527861
vt -0.039469 -0.577069
vt -0.172765 -0.443773
vt -0.094577 -0.411358
vt 1.132365 0.446393
vt 1.378099 0.446393
vt -0.132364 0.446393
vt -0.378098 0.446393
vt 1.418498 0.405992
vt -0.418497 0.405993
vt -0.352636 1.085959
vt -0.554706 0.141813
vt -0.577069 0.847530
vt 0.290495 0.143698
vt 0.520013 0.052741
vt 1.127474 0.143698
vt 1.763690 0.117531
vt -0.422680 0.116373
vt 0.834433 0.116373
vt 1.048936 0.028459
vt 1.310523 0.116373
vt -0.022828 0.028437
vt -0.022828 0.116373
vt -0.022828 0.116373
vt 1.309880 0.028437
vt 1.310523 0.116373
vt -0.577069 0.905740
vt 0.501136 0.025394
vt 1.172765 0.405992
vt -0.132364 0.446393
vt -0.378098 0.446393
vt 1.418498 0.405992
vt 1.006592 -0.497748
vt 1.093444 -0.410896
vt 1.124523 0.220869
vt -0.172765 -0.443773
vt -0.039469 -0.577069
vt -0.006591 -0.497747
vt 0.173206 -0.577069
vt -0.093443 -0.410896
vt -0.124522 0.220869
vt -0.418497 0.405993
vt -0.351539 1.085959
vt 1.351540 1.085959
vt 1.418498 1.388659
vt -0.339034 1.355725
vt 1.339035 1.355725
vt -0.763690 0.117531
vt -0.577069 0.965740
vt 0.311029 0.028459
vt 1.597385 0.166797
vt 0.918489 0.119416
vt 1.763690 0.175280
vt -0.422680 0.174122
vt 0.834433 0.174122
vt 1.048936 0.086209
vt 1.310523 0.174122
vt -0.022828 0.086187
vt -0.022828 0.174122
vt -0.022828 0.174122
vt 1.309880 0.086186
vt 1.310523 0.174122
vt -0.577069 1.023950
vt 0.501136 0.083143
vt 1.007055 -0.498882
vt 0.826795 -0.577069
vt 0.826795 -0.527861
vt 1.094578 -0.411359
vt 1.125679 0.220869
vt -0.007054 -0.498881
vt 0.173206 -0.527861
vt 0.173206 -0.577069
vt -0.094577 -0.411358
vt -0.125678 0.220869
vt -0.132364 0.446393
vt 1.352638 1.085959
vt 1.418498 1.388659
vt 1.340113 1.356163
vt -0.418496 1.388660
vt -0.340111 1.356163
vt 1.229991 1.466285
vt -0.763690 0.175280
vt -0.577069 1.083950
vt 0.311029 0.086209
vt 0.918489 0.177165
vt 1.763690 0.233029
vt -0.422680 0.692280
vt 0.834433 0.692280
vt 1.048936 0.604366
vt 1.310523 0.692279
vt -0.022828 0.604344
vt -0.022828 0.692280
vt -0.022828 0.692280
vt -0.577069 1.142160
vt 0.501136 0.601301
vt 1.039469 -0.577069
vt 1.007055 -0.498882
vt 0.826795 -0.577069
vt 0.826795 -0.527861
vt 1.094578 -0.411359
vt -0.007054 -0.498881
vt 0.173206 -0.577069
vt -0.172764 -0.443773
vt 1.378099 0.446393
vt -0.418497 0.405993
vt 1.418498 1.388659
vt 1.006592 -0.497748
vt 1.093444 -0.410896
vt -0.006591 -0.497747
vt -0.093443 -0.410896
vt -0.378098 0.446393
vt -0.418497 1.388660
vt -0.339034 1.355725
vt 1.339035 1.355725
vt -0.229550 1.465207
vt -0.763690 0.693438
vt -0.577069 1.202160
vt 1.093444 -0.410896
vt 1.124523 0.220869
vt -0.006591 -0.497747
vt -0.093443 -0.410896
vt -0.124522 0.220869
vt -0.172764 0.405993
vt -0.378097 0.446393
vt 1.339035 1.355725
vt -0.229550 1.465207
vt 0.218663 0.234915
vt 0.311029 0.604366
vt 1.597385 0.603186
vt 0.918489 0.695323
vt 1.763690 0.290778
vt 1.172765 -0.443773
vt 1.007055 -0.498882
vt 0.173206 -0.577069
vt 1.418498 1.388659
vt 1.340113 1.356163
vt -0.418496 1.388660
vt -0.422680 0.289620
vt 0.834433 0.289620
vt 0.688971 0.201707
vt 1.310523 0.289620
vt -0.022828 0.201685
vt -0.022828 0.289621
vt -0.022828 0.289620
vt -0.577069 1.260371
vt 0.501136 0.198642
vt -0.007054 -0.498881
vt -0.125678 0.220869
vt 1.418498 1.388659
vt -0.763690 0.290778
vt -0.577069 1.320371
vt 0.311029 0.201707
vt 0.918489 0.292664
vt 1.763690 0.414934
vt -0.422003 0.000552
vt -0.422680 0.088487
vt 0.834433 0.088487
vt 1.048936 0.325863
vt 1.310523 0.154893
vt -0.022828 0.066958
vt -0.022828 0.154893
vt -0.022828 0.413776
vt 1.309880 0.325840
vt 1.310523 0.413776
vt -0.577069 1.378581
vt 0.501136 0.256391
vt 1.094578 -0.411358
vt -0.094577 -0.411358
vt -0.132364 0.446393
vt -0.418497 0.405993
vt 0.834433 0.259434
vt 0.834433 0.347370
vt -0.422680 0.347370
vt 1.006592 -0.497747
vt 1.093444 -0.410896
vt -0.006591 -0.497747
vt -0.093443 -0.410896
vt -0.172764 0.405993
vt 1.351540 1.085959
vt -0.339033 1.355725
vt 1.339035 1.355725
vt -0.229550 1.465207
vt -0.763690 0.414934
vt -0.577069 1.438581
vt -0.039469 -0.577069
vt -0.124522 0.220869
vt -0.132364 0.446393
vt 0.311029 0.325863
vt 0.918489 0.350413
vt 1.763690 0.406277
vt 0.826795 -0.527861
vt -0.093443 -0.410896
vt -0.124522 0.220869
vt -0.172764 0.405993
vt 1.132365 0.446393
vt 1.418498 0.405992
vt -0.351538 1.085959
vt -0.229550 1.465207
vt -0.422680 0.405119
vt 0.834433 0.405119
vt 1.048936 0.317205
vt 1.310523 0.405119
vt -0.022828 0.317183
vt -0.022828 0.405119
vt -0.022828 0.405119
vt -0.577069 1.496791
vt 0.501136 0.314140
vt 1.172765 0.405992
vt -0.172764 0.405993
vt 1.132365 0.446393
vt 1.378098 0.446393
vt -0.763690 0.406277
vt -0.577069 1.556791
vt 0.781337 0.408162
vt 0.311029 0.317205
vt -0.597385 0.156355
vt 1.124523 0.220869
vt -0.124522 0.220869
vt 1.339035 1.355725
vt -0.229550 1.465207
vt 1.763690 0.540198
vt -0.422680 0.539040
vt 0.834433 0.539040
vt 1.048936 0.451127
vt 1.310523 0.539040
vt -0.022828 0.451105
vt -0.022828 0.539040
vt -0.022828 0.539040
vt -0.577069 1.615001
vt 0.501136 0.448061
vt -0.763690 0.540198
vt -0.577069 1.675001
vt 0.311029 0.451126
vt 0.918489 0.542083
vt 1.763690 0.521775
vt -0.422680 0.520617
vt 0.834433 0.520617
vt 0.688971 0.432704
vt 1.310523 0.520617
vt -0.022828 0.432682
vt -0.022828 0.520617
vt -0.022828 0.520617
vt -0.577069 1.793211
vt 0.501136 0.429639
vt -0.340112 1.356163
vt -0.763690 0.521775
vt -0.577069 1.733211
vt 0.781337 0.523660
vt -0.048935 0.432704
vt 1.763690 0.579524
vt -0.422680 0.578367
vt 0.834433 0.578367
vt 1.048936 0.490453
vt 1.310523 0.578366
vt -0.022828 0.490431
vt -0.022828 0.578367
vt -0.022828 0.578367
vt -0.577069 1.851421
vt 0.501136 0.487388
vt -0.763690 0.579524
vt -0.577069 1.911421
vt 0.081511 0.581410
vt -0.048935 0.490453
vt 0.918489 0.581410
vt 1.763690 0.637274
vt -0.124522 0.220869
vt -0.132364 0.446393
vt -0.418497 0.405993
vt -0.422680 0.636116
vt 0.834433 0.636116
vt 1.048936 0.548202
vt 1.310523 0.636116
vt -0.022828 0.548180
vt -0.022828 0.636116
vt -0.022828 0.636116
vt -0.577069 1.969631
vt 0.501136 0.545137
vt -0.094577 -0.411358
vt -0.763690 0.637274
vt -0.577069 1.969631
vt 0.081511 0.639159
vt -0.048935 0.548202
vt 1.597385 0.884965
vt 0.918489 0.639159
vt 1.763690 0.695023
vt -0.422003 0.869463
vt -0.422680 0.957398
vt 0.834433 0.957398
vt 1.048936 0.605951
vt 1.310523 0.957398
vt -0.022828 0.869463
vt -0.022828 0.957398
vt -0.022828 0.693865
vt 1.309880 0.605929
vt 1.310523 0.693865
vt 0.501136 0.602886
vt 1.172765 -0.443773
vt 0.826795 -0.577069
vt 1.172765 0.405992
vt 0.173206 -0.527861
vt -0.172765 -0.443773
vt -0.125678 0.220869
vt 1.378099 0.446393
vt 1.418498 0.405992
vt -0.418496 1.388660
vt -0.340111 1.356163
vt 0.834433 0.605929
vt 0.834433 0.693865
vt -0.422680 0.693865
vt -0.763690 0.695023
vt 0.781337 0.696908
vt -0.125678 0.220869
vt -0.352636 1.085960
vt 0.081511 0.696908
vt -0.048935 0.605951
vt 1.763690 0.852381
vt -0.093443 -0.410896
vt -0.422003 0.313731
vt -0.422680 0.401667
vt 0.834433 0.401667
vt 1.048936 0.763310
vt 1.310523 0.401666
vt -0.022828 0.313731
vt -0.022828 0.401667
vt -0.022828 0.851224
vt 1.309880 0.763288
vt 1.310523 0.851223
vt -0.577069 2.206051
vt 0.501136 0.760245
vt 0.834433 0.763288
vt 0.834433 0.851224
vt -0.422680 0.851224
vt -0.763690 0.852381
vt -0.577069 2.266051
vt 1.132365 0.191335
vt 1.134135 -0.538438
vt 0.863501 -0.535140
vt 0.863501 -0.577069
vt -0.134134 -0.538439
vt 0.136499 -0.519411
vt -0.378098 0.446393
vt 1.375819 1.153595
vt -0.375817 1.153595
vt 1.374510 1.370348
vt -0.374508 1.370348
vt -0.244174 1.500682
vt 1.244176 1.500682
vt -0.048935 0.763310
vt 0.918489 0.854267
vt 1.172765 0.154521
vt -0.048800 0.500000
vt 0.738715 -0.637273
vt 1.478703 1.328454
vt 1.478703 0.345788
vt 1.232969 0.345789
vt 1.232969 -0.394235
vt 0.897858 0.500000
vt 1.172765 2.360016
vt 1.172765 2.384674
vt 0.863501 2.384674
vt 0.826795 2.266051
vt 0.826795 2.206051
vt 0.826795 2.147841
vt 0.863501 2.444674
vt 1.172765 2.444674
vt 1.172765 2.514611
vt 0.863501 2.514611
vt 0.863501 2.574611
vt 1.172765 2.574611
vt 1.172765 2.644548
vt 0.863501 2.644548
vt 0.863501 2.704548
vt 1.172765 2.704549
vt 0.863501 2.774486
vt 1.172765 2.774486
vt 0.802477 2.980676
vt 0.863501 2.834486
vt 1.172765 2.834486
vt 1.172765 2.980676
vt 0.802477 1.727051
vt 0.826795 1.675001
vt 0.826795 1.202160
vt 0.826795 0.965740
vt 0.826795 0.905740
vt 0.826795 0.787530
vt 1.039469 0.787530
vt 0.826795 2.087841
vt 0.826795 1.023950
vt 0.826795 0.847530
vt 0.826795 2.029631
vt 0.826795 1.083950
vt 0.826795 1.969631
vt 0.826795 1.142160
vt 0.826795 1.911421
vt 0.826795 1.851421
vt 0.826795 1.793211
vt 0.826795 1.260371
vt 0.826795 1.733211
vt 0.826795 1.320371
vt 0.826795 1.378581
vt 0.826795 1.438581
vt 0.826795 1.496791
vt 1.478703 0.659292
vt -1.045957 0.500000
vt 1.418498 2.834486
vt 0.405992 0.787530
vt -0.394235 0.659292
vt 0.345788 0.659292
vt 1.262486 0.659293
vt 1.418498 0.787531
vt 1.418498 0.500001
vt 1.262486 0.500001
vt 1.478703 0.659292
vt 1.478703 0.613276
vt -0.577069 1.727051
vt 1.478703 1.328454
vt 1.232969 0.345789
vt 0.998004 0.659292
vt 0.998004 0.613276
vt 1.039469 0.613276
vt 1.039469 0.500000
vt 1.172765 0.500000
vt 1.172765 0.787530
vt -0.172764 -0.249774
vt -0.621275 0.660411
vt 1.172765 0.405992
vt -0.172764 0.405993
vt 0.738715 -0.300766
vt 0.261286 -0.577069
vt 0.261286 -0.637273
vt 0.022549 -0.637273
vt -0.478701 1.328454
vt -0.478702 0.345789
vt -0.232968 0.345789
vt 0.102142 0.500000
vt -0.770809 0.500000
vt -1.030829 0.688792
vt -0.172765 2.384674
vt -0.172765 2.360015
vt -0.039469 2.266051
vt 0.173206 2.266051
vt 0.173206 2.206051
vt -0.039469 2.147841
vt 0.136499 2.384674
vt 0.173206 2.147841
vt 0.173206 2.087841
vt 0.136499 2.444673
vt -0.039469 2.087841
vt 0.173206 2.029631
vt -0.172765 2.514611
vt -0.172765 2.444673
vt 0.136499 2.514611
vt -0.172765 2.644548
vt -0.172765 2.574611
vt 0.136499 2.644548
vt 0.136499 2.574611
vt 0.173206 1.969631
vt -0.039469 1.911421
vt 0.173206 1.911421
vt 0.173206 1.851421
vt -0.039469 1.793211
vt 0.173206 1.793211
vt 0.197523 2.980676
vt -0.172765 2.774486
vt -0.172765 2.704548
vt 0.136499 2.774486
vt 0.136499 2.704548
vt -0.172765 2.980676
vt -0.172765 2.834486
vt 0.136499 2.834486
vt 0.173206 1.202160
vt 0.173206 1.675001
vt -0.039469 0.787530
vt -0.039469 0.659292
vt 0.173206 0.787530
vt 0.173206 1.615001
vt 0.173206 1.733211
vt 0.173206 0.847530
vt -0.039469 0.905740
vt 0.173206 0.905740
vt -0.039469 1.675001
vt -0.039469 1.023950
vt 0.173206 0.965740
vt -0.039469 1.615001
vt 0.173206 1.556791
vt 0.173206 1.023950
vt 0.173206 1.083950
vt 0.173206 1.496791
vt 0.173206 1.438581
vt -0.039469 1.438581
vt 0.173206 1.142160
vt -0.039469 1.083950
vt -0.039469 1.202160
vt 0.173206 1.260371
vt -0.039469 1.378580
vt -0.478702 0.659292
vt -0.418497 2.834486
vt 0.405993 0.787530
vt -0.202281 0.613276
vt -0.418496 2.834486
vt 0.345789 0.659292
vt -0.262484 0.613276
vt -0.262484 0.500000
vt -0.418497 0.500000
vt -0.478701 0.613275
vt -0.478701 0.659292
vt -0.418496 0.787530
vt -0.418497 0.405993
vt -0.478702 0.345789
vt 0.001996 0.659292
vt -0.172765 0.787530
vt -0.214229 0.659292
vt -0.214229 0.613275
vt -0.172765 0.500000
vt -0.039469 0.500000
vt -0.249031 0.525268
vt 1.388660 2.147841
vt 1.388660 2.029631
vt 1.388660 1.911421
vt 1.388660 1.793211
vt 1.388660 1.675001
vt 1.388660 1.556791
vt 1.388660 1.438581
vt 1.388660 1.320370
vt 1.388660 1.202160
vt 1.388660 1.083950
vt 1.388660 1.023950
vt 1.388660 0.847530
vt 1.388660 0.787530
vt 0.405992 1.023951
vt 0.405992 1.260371
vt 0.405992 1.378581
vt 0.405992 1.615001
vt 0.405992 1.851421
vt 0.405992 1.969631
vt 0.405992 2.147841
vt -0.443773 2.266051
vt 0.405992 2.266051
vt -0.443773 0.905740
vt -0.443773 1.023950
vt -0.443773 1.142160
vt -0.443773 1.260370
vt -0.443773 1.378580
vt -0.443773 1.496791
vt -0.443773 1.615001
vt -0.443773 1.675001
vt -0.443773 1.851421
vt -0.443773 1.911421
vt -0.443773 2.029631
vt -0.443773 2.206051
vt 0.405993 2.266051
vt -0.443773 2.266051
vt -0.577069 2.360015
vt 1.262486 1.556791
vt 1.262486 1.438581
vt 1.262486 1.320371
vt 1.262486 1.202160
vt 1.262486 1.083950
vt 1.262486 0.847530
vt 1.172765 0.847530
vt 1.172765 1.023951
vt 1.172765 1.142161
vt 1.172765 1.260371
vt 1.172765 1.378581
vt 1.172765 1.496791
vt 1.172765 1.556791
vt 1.172765 1.675001
vt 1.172765 1.793211
vt 1.172765 1.911421
vt 1.172765 2.029631
vt 1.172765 2.147841
vt 1.172765 2.313818
vt 1.172765 0.405992
vt 1.418498 0.405992
vt 0.405992 2.147841
vt 0.405992 2.029631
vt 0.405992 1.911421
vt 0.405992 1.675001
vt 0.405992 1.438581
vt 0.405992 1.320371
vt 0.405992 1.202161
vt 0.405992 1.083951
vt 0.405992 0.965740
vt 0.405992 0.847530
vt 0.405992 0.659292
vt -0.418496 0.905740
vt -0.418496 1.023950
vt -0.418496 1.083950
vt -0.418496 1.202160
vt -0.418496 1.320370
vt -0.418496 1.496790
vt -0.418496 1.615001
vt -0.418496 1.675001
vt -0.418496 1.793211
vt -0.418497 1.911421
vt -0.418496 2.029631
vt -0.418496 2.206051
vt -0.418496 2.266051
vt 1.544671 1.438581
vt 1.262486 2.266051
vt -0.418497 2.147840
vt -0.418497 2.029631
vt -0.418497 1.911421
vt -0.418497 1.793211
vt -0.418497 1.675000
vt -0.418497 1.556791
vt -0.418497 1.438580
vt -0.418497 1.320371
vt -0.418497 1.202160
vt -0.418497 1.083950
vt -0.418497 0.965740
vt -0.418497 0.847530
vt -0.418497 0.659292
vt 1.172765 2.147841
vt 1.172765 2.029631
vt 1.172765 1.969631
vt 1.172765 1.793211
vt 1.172765 1.675001
vt 1.172765 1.615001
vt 1.172765 1.438581
vt 1.172765 1.320371
vt 1.172765 1.202161
vt 1.172765 1.142161
vt 1.172765 0.965740
vt 1.172765 0.847530
vt 1.172765 0.659292
vt 0.405992 2.514611
vt 0.405992 2.644548
vt 0.405992 2.980676
vt 1.418498 2.704549
vt -0.418496 2.580439
vt -0.418496 2.644548
vt 1.418498 2.580440
vt 1.040534 -0.528731
vt 0.863501 -0.536595
vt 1.133944 -0.538248
vt -0.133944 -0.538248
vt 0.136499 -0.521428
vt 1.374877 1.153595
vt 1.372703 1.369534
vt -0.374876 1.153595
vt 1.262486 1.544671
vt 1.243360 1.498875
vt -0.372702 1.369534
vt 1.172765 0.405992
vt 1.133721 -0.538025
vt 0.863501 -0.521623
vt -0.133720 -0.538024
vt 0.136499 -0.523778
vt 1.373780 1.153595
vt -0.373778 1.153595
vt 1.370598 1.368584
vt -0.370596 1.368584
vt -0.242409 1.496770
vt 1.242411 1.496770
vt 1.544672 2.580439
vt 0.405993 2.574611
vt 0.405993 2.774486
vt 0.405993 2.980676
vt 1.388660 2.514611
vt 1.388660 2.384674
vt -0.577069 2.980676
vt 0.405992 2.266051
vt 0.405992 2.574611
vt 1.544671 2.580440
vt 1.544671 2.774486
vt 1.544671 2.980676
vt -0.418497 2.704548
vt -0.418497 2.574611
vt -0.418497 2.444673
vt -0.418497 2.266051
vt 1.172765 -0.577069
vt 1.133115 -0.537419
vt 0.863501 -0.527859
vt 1.373646 1.153595
vt 1.379594 1.505766
vt -0.379593 1.505766
vt -0.133115 -0.537419
vt 0.136499 -0.530159
vt 0.136499 -0.577069
vt -0.418496 2.514611
vt 1.172765 2.704549
vt 1.172765 2.574611
vt 1.172765 2.444674
vt 1.172765 2.384674
vt 0.062079 4.866858
vt 0.937921 4.634459
vt 0.965879 4.651055
vt 0.034121 4.651055
vt 0.510506 0.917732
vt 0.510506 2.754142
vt 0.749681 2.754142
vt 0.749681 -0.807579
vt 0.417102 -0.807579
vt 0.417102 0.917732
vt 0.764181 0.637909
vt 0.764181 1.702417
vt 0.764181 2.956042
vt 0.764181 -0.325400
vt 0.764181 0.524634
vt 0.235819 0.524634
vt 0.235819 -0.325400
vt 0.235819 2.956042
vt 0.235819 -0.488673
vt 0.235819 1.702417
vt 0.812654 2.279822
vt -0.249031 2.955408
vt 0.713446 -0.249031
vt 0.286554 -0.249030
vt -0.637273 0.659292
vt 1.232969 0.613276
vt 0.738715 0.613276
vt -0.402308 0.613275
vt 0.261286 0.613275
vt 0.114533 0.736082
vt 0.441465 0.424310
vt 0.798513 0.312194
vt 0.917207 0.492925
vt 0.711409 0.819776
vt 0.638199 0.346222
vt 0.649186 0.355926
vt 0.644446 0.353735
vt 0.632435 0.336517
vt 0.092967 0.955094
vt 0.785332 0.312193
vt 0.797248 0.312193
vt 0.929337 0.492925
vt 0.237788 0.844508
vt 0.719378 0.819776
vt 0.799720 0.819776
vt 0.643663 0.336517
vt 0.644929 0.336517
vt 0.655191 0.353735
vt 0.638199 0.363439
vt 2.061241 1.860234
vt 1.860234 0.500000
vt 1.910990 0.500000
vt 1.661310 0.500000
vt 2.061241 1.910990
vt 2.061241 1.476208
vt 1.328040 0.500000
vt 1.277285 0.500000
vt 1.526965 0.500000
vt 2.011629 1.277285
vt 2.061241 0.518182
vt 0.467428 0.500000
vt 0.717106 0.500000
vt 2.061241 0.467428
vt 2.014123 1.050376
vt 1.050376 0.500000
vt 1.101131 0.500000
vt 0.851453 0.500000
vt 2.061241 1.101131
vt 1.495282 -0.119615
vt 1.495282 0.500000
vt -0.119615 0.500000
vt -0.119615 0.500000
vt -0.068860 0.500000
vt -0.318540 0.500000
vt 1.445671 0.703844
vt 1.495282 -0.068860
vt 1.495282 -0.651809
vt -0.651809 0.500000
vt -0.702566 0.500000
vt -0.452885 0.500000
vt 1.495282 -0.702566
vt -1.061241 1.712067
vt -1.011629 1.910990
vt -1.061241 1.328040
vt -1.061241 1.277285
vt -1.061241 0.518182
vt -1.061241 0.467428
vt -1.061241 1.050376
vt -1.061241 1.101131
vt -0.495282 -0.119615
vt -0.495282 0.500000
vt -0.495282 -0.068860
vt -0.495282 -0.651809
vt -0.495282 -0.702566
vt 0.462745 0.859576
vt 0.704477 0.861233
vt 0.241211 0.738921
vt 0.687374 0.610922
vt 0.218245 0.736082
vt 0.725751 0.225309
vt 0.749583 0.225309
vt 0.171847 0.959932
vt 0.782162 0.917393
vt 0.738575 0.924096
vt 0.730606 0.819776
vt 0.828573 0.329628
vt 0.624922 0.344956
vt 0.630928 0.355926
vt 0.630928 0.346222
vt 0.619941 0.355926
vt 0.955277 0.000633
vt 0.704477 0.615236
vt 0.241211 0.492925
vt 0.195679 0.736082
vt 0.750849 0.225309
vt 0.727017 0.225309
vt 0.183763 0.736082
vt 0.772458 0.819776
vt 0.759402 0.924096
vt 0.748174 0.819776
vt 0.810430 0.329628
vt 0.624922 0.346222
vt 0.632193 0.355926
vt 0.636933 0.354660
vt 0.626188 0.344956
vt 2.422452 0.917356
vt 1.022363 2.422452
vt 1.750295 0.917356
vt 2.350353 0.917356
vt 2.085731 0.917356
vt -0.022363 2.422452
vt -0.750295 2.350353
vt -0.750295 0.917356
vt 1.022363 3.847348
vt -0.022363 3.847348
vt 0.919680 -1.648124
vt 0.919680 2.332309
vt 2.332309 1.274029
vt 0.080319 2.332308
vt 0.503596 0.706479
vt 0.619112 -0.750410
vt 0.974662 -1.013062
vt 0.861443 -1.013062
vt 0.025338 -1.013062
vt 0.138557 -1.013062
vt 2.060946 0.863951
vt 2.060946 0.863951
vt 0.966054 0.706479
vt 0.863951 0.706479
vt -0.474709 3.704978
vt -0.474709 0.156248
vt -0.474709 0.706479
vt -0.474709 0.156247
vt 0.156247 0.706479
vt -0.137312 0.706479
vt -0.474709 0.325147
vt -0.474709 0.223043
vt 0.325146 0.706479
vt 0.223043 0.706479
vt 1.416359 2.317959
vt 1.416359 2.317959
vt 1.288647 2.272117
vt 1.416359 2.199721
vt 1.416359 2.199721
vt 1.288647 2.153880
vt 1.416359 2.081484
vt 1.416359 2.081484
vt 1.288647 2.035642
vt 1.256680 2.003674
vt 1.416359 1.963246
vt 1.416359 1.963246
vt 1.288647 1.917405
vt 1.416359 1.845009
vt 1.416359 1.845009
vt 1.288648 1.799167
vt 1.416359 1.726772
vt 1.416359 1.726771
vt 1.288648 1.680930
vt 1.416359 1.608534
vt 1.416359 1.608534
vt 1.288648 1.562692
vt 1.416359 1.490297
vt 1.416359 1.490297
vt 1.288648 1.444455
vt 1.416359 1.288648
vt 1.416359 1.372059
vt 1.288648 1.326217
vt 1.416359 1.253822
vt 1.288647 1.207980
vt 1.416359 1.135584
vt 1.416359 1.135584
vt 1.288647 1.089742
vt 1.416359 1.017347
vt 1.416359 1.017347
vt 1.288647 0.971505
vt 1.416359 0.899109
vt 1.416359 0.899109
vt 1.288647 0.853268
vt 1.416359 0.608033
vt 1.160846 2.240149
vt 1.297294 0.428563
vt 1.160846 2.317959
vt -0.088769 2.272117
vt 0.427841 2.240149
vt 0.497186 2.317959
vt 0.428067 2.259718
vt 1.160846 2.302611
vt 1.160846 2.121912
vt 1.297294 0.428563
vt 1.160846 2.199721
vt -0.088769 2.153879
vt 0.427841 2.121912
vt 0.428067 2.141480
vt 1.160846 2.184373
vt 1.160846 2.003674
vt 1.160846 2.081484
vt -0.088769 2.035642
vt 0.427841 2.003674
vt 0.428067 2.023243
vt 1.160846 2.066136
vt 1.160846 1.885437
vt 1.160846 1.917405
vt -0.088769 1.917405
vt 0.427841 1.885437
vt 0.428067 1.905005
vt 1.160846 1.947898
vt 1.160846 1.767199
vt 1.160846 1.845009
vt -0.088769 1.799167
vt 1.277726 0.497186
vt 0.427841 1.767199
vt 1.160846 1.829661
vt 0.427841 1.767199
vt 1.160846 1.726771
vt 1.160846 1.726771
vt -0.088769 1.680930
vt 0.427841 1.648962
vt 0.497186 1.726771
vt 0.428067 1.668530
vt 1.160846 1.711424
vt 1.160846 1.530724
vt 1.297294 0.428563
vt -0.088769 1.562692
vt 0.427841 1.530724
vt -0.088769 1.562692
vt 0.428067 1.550293
vt 1.160846 1.593186
vt 1.160846 1.412487
vt 1.160846 1.490296
vt -0.088769 1.444455
vt 0.427841 1.412487
vt 0.428067 1.432055
vt 1.160846 1.474949
vt 1.160846 1.294250
vt 1.297294 0.428563
vt 1.160846 1.372059
vt -0.088769 1.326217
vt 0.427841 1.294250
vt 0.428067 1.313818
vt 1.160846 1.356711
vt 1.160846 1.176012
vt 1.160846 1.253822
vt -0.088769 1.207980
vt 0.427841 1.176012
vt -0.088769 1.207980
vt 0.428067 1.195581
vt 1.160846 1.238474
vt 1.160846 1.135584
vt 1.160846 1.135584
vt -0.088769 1.089742
vt 0.427841 1.057775
vt 0.428067 1.077343
vt 1.160846 1.120236
vt 1.160846 1.057775
vt 1.160846 1.017347
vt 1.160846 0.428563
vt 1.160846 1.017347
vt -0.088769 0.971505
vt 0.427841 0.939537
vt 0.428067 0.959105
vt 1.160846 1.001999
vt 1.160846 0.821299
vt 1.160846 0.428563
vt 1.160846 0.899109
vt -0.088769 0.853268
vt 0.427841 0.821299
vt 1.160846 0.883761
vt 0.427841 0.821299
vt -0.416359 2.317959
vt -0.416359 2.317959
vt -0.416359 2.199721
vt -0.416359 2.199721
vt -0.416359 2.081484
vt -0.416359 2.081484
vt -0.392651 0.576065
vt -0.416359 1.963246
vt -0.416359 1.963246
vt -0.416359 1.845009
vt -0.416359 1.845009
vt -0.416359 1.726772
vt -0.416359 1.726771
vt -0.416359 1.608534
vt -0.416359 1.608534
vt -0.416359 0.608033
vt -0.416359 1.490297
vt -0.416359 1.490297
vt -0.416359 1.288648
vt -0.416359 1.372059
vt -0.392651 1.372059
vt -0.416359 1.253822
vt -0.416359 1.135584
vt -0.416359 1.135584
vt -0.416359 1.017347
vt -0.416359 1.017347
vt -0.416359 0.899109
vt -0.416359 0.899109
vt -0.416359 0.576065
vt -0.160846 2.240149
vt -0.297294 0.428563
vt -0.160846 2.317959
vt -0.277726 0.427841
vt -0.160846 2.302611
vt -0.160846 2.121912
vt -0.297294 0.428563
vt -0.160846 2.199721
vt -0.160846 2.184373
vt -0.160846 2.003674
vt -0.160846 2.081484
vt -0.160846 2.066136
vt -0.160846 1.885437
vt -0.137139 1.963246
vt -0.160846 1.947898
vt -0.160846 1.767199
vt -0.160846 1.845009
vt -0.277726 0.497186
vt -0.160846 1.829661
vt -0.137139 1.648962
vt -0.160846 1.726771
vt -0.277726 0.427841
vt -0.160846 1.711424
vt -0.160846 1.530724
vt -0.297294 0.428563
vt -0.277726 0.427841
vt -0.160846 1.593186
vt -0.297294 1.550293
vt -0.160846 1.412487
vt -0.160846 1.490296
vt -0.160846 1.474949
vt -0.160846 1.294250
vt -0.297294 0.428563
vt -0.160846 1.372059
vt -0.160846 1.356711
vt -0.160846 1.176012
vt -0.160846 1.253822
vt -0.160846 1.238474
vt -0.137139 1.057775
vt -0.160846 1.135584
vt -0.160846 1.057775
vt -0.160846 1.120236
vt -0.297294 1.077343
vt -0.137139 0.939537
vt -0.160846 1.017347
vt -0.160846 1.001999
vt -0.160846 0.821299
vt -0.297294 0.497186
vt -0.160846 0.899109
vt -0.160846 0.883761
vt 0.210495 0.748463
vt 0.739794 0.008145
vt 0.206689 0.008145
vt 0.750920 0.008145
vt 0.217815 0.008145
s 1
usemtl GT_MC_Tiling_X_Dark_Concrete
f 1/4/2 12/5/2 13/6/2
f 3/9/4 11/10/4 4/11/4
f 1179/12/5 128/13/6 127/14/7
f 121/15/8 1169/16/9 125/17/10
f 1176/18/11 132/19/12 136/20/13
f 112/21/14 110/22/15 115/23/16
f 116/24/17 1164/18/18 111/25/19
f 123/26/20 1166/27/21 119/28/22
f 1110/41/28 12/5/28 19/42/28
f 37/43/29 1118/44/29 1104/45/29
f 60/46/28 1138/47/28 1108/48/28
f 35/49/29 1116/44/29 1106/50/29
f 16/54/30 1/55/31 40/56/31
f 115/67/37 113/68/29 112/69/38
f 140/70/39 1163/71/40 142/72/41
f 1182/106/53 146/107/54 144/108/55
f 107/121/64 108/122/28 110/123/65
f 1171/149/78 130/150/79 134/151/80
f 3/155/82 29/156/83 56/157/82
f 1020/161/28 295/162/28 1079/163/28
f 835/175/89 175/176/90 172/177/91
f 1076/163/28 1025/161/28 187/181/28
f 838/186/96 180/187/97 183/188/98
f 823/213/89 211/214/90 208/215/91
f 1072/161/28 223/181/28 1094/163/28
f 438/220/29 1062/161/29 1089/221/29
f 841/225/96 216/215/97 219/214/98
f 821/254/89 247/255/90 244/256/91
f 1092/261/28 1085/161/28 547/262/28
f 825/266/96 252/267/97 255/255/106
f 808/292/89 283/293/90 280/294/91
f 508/298/28 511/262/28 1087/261/28
f 510/300/29 1060/301/29 1067/261/29
f 814/305/96 288/294/97 291/293/98
f 330/300/29 1073/161/29 1078/163/29
f 1061/301/28 439/321/28 1088/322/28
f 795/334/89 319/335/90 316/336/91
f 1081/163/28 1071/161/28 331/162/28
f 802/344/96 324/336/97 327/335/98
f 797/370/89 355/371/109 352/372/91
f 1091/161/28 367/321/28 1069/221/28
f 582/379/29 1019/161/29 1075/261/29
f 801/383/96 360/372/97 363/371/98
f 401/387/29 402/300/29 1064/161/29
f 150/379/29 1027/161/29 1031/163/29
f 778/409/89 391/410/90 388/411/91
f 1023/161/28 259/181/28 1029/163/28
f 787/419/96 396/420/97 399/410/98
f 222/300/29 1074/161/29 1095/163/29
f 779/449/89 427/450/90 424/451/91
f 782/459/96 432/451/97 435/460/98
f 474/220/29 1084/301/29 1065/322/29
f 460/485/91 768/486/112 463/487/109
f 472/491/28 475/321/28 1068/261/28
f 471/487/98 771/496/113 468/497/97
f 766/522/89 499/523/90 496/524/91
f 774/532/96 504/533/97 507/534/98
f 546/300/29 1059/301/29 1093/261/29
f 294/300/29 1021/161/29 1077/163/29
f 750/558/89 535/559/90 532/560/91
f 1063/161/28 403/321/28 1066/221/28
f 543/568/98 754/569/115 540/570/97
f 736/598/89 571/599/90 568/600/91
f 1026/161/28 151/262/28 1032/604/28
f 739/611/96 576/612/97 579/613/106
f 1018/161/28 583/262/28 1080/604/28
f 365/387/29 366/300/29 1090/161/29
f 737/638/89 607/639/90 604/640/91
f 741/650/96 612/651/97 615/652/98
f 1102/604/29 8/656/29 6/42/29
f 617/664/28 653/665/28 616/666/28
f 1290/673/29 1291/674/29 673/674/29
f 661/674/117 1291/674/117 1288/674/117
f 1295/675/28 666/676/28 624/677/28
f 778/684/48 780/685/48 1247/686/48
f 623/687/48 619/688/48 621/689/48
f 1133/692/48 1187/693/48 1189/694/48
f 625/695/116 868/696/116 664/697/116
f 1292/675/117 665/675/117 1295/675/117
f 619/698/116 1294/699/116 621/700/116
f 640/704/116 623/705/116 641/706/116
f 642/707/118 648/708/118 646/709/118
f 1249/712/120 1186/713/120 1246/714/120
f 657/715/29 1249/716/29 1247/717/29
f 1288/674/28 1245/717/28 662/718/28
f 669/719/121 670/720/121 672/721/121
f 625/722/29 664/676/29 1292/675/29
f 666/723/122 664/724/122 668/725/122
f 674/726/28 708/727/28 675/728/28
f 651/664/28 1283/732/28 709/733/28
f 726/734/29 731/735/29 1298/735/29
f 719/735/117 1298/735/117 731/735/117
f 702/736/29 643/161/29 644/737/29
f 682/738/28 723/739/28 1302/739/29
f 645/737/28 704/163/28 703/736/28
f 798/748/48 1257/749/48 801/750/48
f 677/751/48 681/752/48 679/753/48
f 1194/758/48 1135/759/48 1196/760/48
f 886/761/123 683/762/123 722/763/123
f 645/764/119 702/765/119 644/766/119
f 1301/739/117 723/739/117 721/739/117
f 1303/767/123 677/768/123 679/769/123
f 1103/770/119 1195/771/119 1188/772/119
f 681/769/123 698/773/123 699/774/123
f 706/775/124 700/776/124 701/777/124
f 1256/779/122 715/780/122 1259/781/122
f 715/782/29 1257/783/29 1259/784/29
f 1297/735/28 719/735/122 720/734/28
f 727/785/125 730/786/125 728/787/125
f 1300/788/29 1301/739/29 721/739/29
f 722/789/120 724/790/120 720/791/120
f 1251/792/116 1286/793/116 1250/794/116
f 186/300/29 1024/161/29 1028/163/29
f 844/795/120 869/796/120 887/797/120
f 842/798/120 883/799/120 885/800/120
f 884/801/120 828/802/120 882/803/120
f 881/804/120 815/805/120 816/806/120
f 812/807/120 866/808/120 880/809/120
f 879/810/120 800/811/120 878/812/120
f 786/813/120 790/814/120 877/815/120
f 789/816/120 772/817/120 876/818/120
f 875/819/120 773/820/120 863/821/120
f 873/822/120 756/823/120 872/824/120
f 755/825/120 870/826/120 874/827/120
f 871/828/120 740/829/120 746/830/120
f 745/831/120 728/832/120 730/833/120
f 1033/834/123 967/835/123 968/836/123
f 1034/837/123 969/838/123 970/839/123
f 1035/840/123 973/841/123 971/842/123
f 1036/843/123 974/844/123 972/845/123
f 1038/846/123 977/847/123 976/848/123
f 1037/849/123 979/850/123 975/851/123
f 1049/852/123 981/853/123 980/854/123
f 1054/855/123 983/856/123 978/857/123
f 1052/858/123 982/859/123 984/860/123
f 1039/861/123 988/862/123 985/863/123
f 986/864/123 1058/865/123 987/866/123
f 1041/867/123 989/868/123 990/869/123
f 991/870/123 700/871/123 680/762/123
f 950/872/116 861/873/116 830/874/116
f 926/875/116 859/876/116 817/877/116
f 945/878/116 860/879/116 867/880/116
f 946/881/116 805/882/116 857/883/116
f 944/884/116 858/885/116 856/886/116
f 941/887/116 854/888/116 855/889/116
f 939/890/116 852/891/116 865/892/116
f 936/893/116 864/894/116 853/895/116
f 935/896/116 850/897/116 851/898/116
f 919/899/116 847/900/116 849/901/116
f 930/902/116 846/903/116 848/904/116
f 845/905/116 928/906/116 862/907/116
f 1162/908/116 669/909/116 672/910/116
f 887/911/123 898/912/123 954/913/123
f 885/914/123 897/915/123 965/916/123
f 884/917/123 896/918/123 953/919/123
f 881/920/123 956/860/123 963/859/123
f 880/921/123 895/922/123 964/923/123
f 879/924/123 894/925/123 955/926/123
f 877/927/123 893/851/123 962/928/123
f 961/929/123 876/930/123 892/931/123
f 875/932/123 891/933/123 960/934/123
f 959/935/123 872/936/123 890/937/123
f 958/938/123 870/939/123 889/940/123
f 871/941/123 888/836/123 957/942/123
f 730/943/123 1181/18/123 1150/944/123
f 1019/945/119 1092/946/119 1075/947/119
f 1059/948/119 1087/949/119 1093/950/119
f 1060/951/119 1068/952/119 1067/953/119
f 1084/954/119 1088/955/119 1065/956/119
f 1062/957/119 1066/958/119 1089/959/119
f 1064/960/119 1069/961/119 1070/962/119
f 1090/963/119 1081/964/119 1086/965/119
f 1073/966/119 1079/967/119 1078/968/119
f 1021/969/119 1029/970/119 1077/971/119
f 1022/972/119 1094/973/119 1030/974/119
f 1074/975/119 1076/976/119 1095/977/119
f 1024/978/119 1032/979/119 1028/980/119
f 1027/981/119 701/777/119 1031/982/119
f 832/983/122 861/984/122 834/985/122
f 817/986/122 819/987/122 831/988/122
f 867/989/122 820/990/122 818/991/122
f 857/992/122 807/993/122 806/994/122
f 856/995/122 794/996/122 791/997/122
f 855/998/122 792/999/122 793/1000/122
f 776/1001/122 852/1002/122 777/1003/122
f 775/1004/122 864/1005/122 765/1006/122
f 762/1007/122 850/1008/122 764/1009/122
f 763/1010/122 847/1011/122 748/1012/122
f 747/1013/122 846/1014/122 749/1015/122
f 733/1016/122 862/1017/122 735/1018/122
f 732/1019/122 670/1020/122 734/1021/122
f 258/300/29 1022/161/29 1030/163/29
f 901/1022/116 992/1023/116 1008/1024/116
f 902/1025/116 1010/1026/116 993/1027/116
f 916/1028/116 995/1029/116 1011/1030/116
f 903/1031/116 1012/1032/116 994/1033/116
f 920/1034/116 997/1035/116 1013/1036/116
f 922/1037/116 996/1038/116 998/1039/116
f 907/1040/116 999/1041/116 1001/1042/116
f 908/1043/116 1003/1044/116 1000/1045/116
f 925/1046/116 1014/1047/116 1002/1048/116
f 909/1049/116 1004/1050/116 1015/1051/116
f 910/1052/116 1006/1053/116 1005/1054/116
f 913/1055/116 1016/1056/116 1007/1057/116
f 914/1058/116 642/1059/116 1017/1060/116
f 1057/1061/124 1028/980/124 1032/979/124
f 1058/1062/124 1095/977/124 1076/976/124
f 1094/973/124 1039/1063/124 1030/974/124
f 1029/970/124 1052/1064/124 1077/971/124
f 1079/967/124 1054/1065/124 1078/968/124
f 1051/1066/124 1086/965/124 1081/964/124
f 1050/1067/124 1070/962/124 1069/961/124
f 1066/958/124 1038/1068/124 1089/959/124
f 1088/955/124 1036/1069/124 1065/956/124
f 1068/952/124 1035/1070/124 1067/953/124
f 1087/949/124 1034/1071/124 1093/950/124
f 1044/1072/124 1075/947/124 1092/946/124
f 1080/1073/124 1121/1074/124 1102/1075/124
f 1016/1076/118 1024/978/118 1007/1077/118
f 1025/1078/118 1005/1079/118 1006/1080/118
f 1004/1081/118 1022/972/118 1015/1082/118
f 1014/1083/118 1021/969/118 1002/1084/118
f 1003/1085/118 1073/966/118 1000/1086/118
f 999/1041/118 1090/1087/118 1001/1042/118
f 996/1088/118 1064/960/118 998/1089/118
f 1063/1090/118 1013/1091/118 997/1092/118
f 1061/1093/118 994/1094/118 1012/1095/118
f 1082/1096/118 1011/1097/118 995/1098/118
f 1083/1099/118 993/1100/118 1010/1101/118
f 1085/1102/118 1008/1103/118 992/1104/118
f 1009/1105/118 1098/1106/118 1117/1107/118
f 968/1108/48 957/1109/48 888/1110/48
f 970/1111/48 958/1112/48 889/1113/48
f 971/1114/48 959/1115/48 890/1116/48
f 972/1117/48 960/1118/48 891/1119/48
f 976/1120/48 961/1121/48 892/1122/48
f 975/1123/48 962/1124/48 893/1125/48
f 980/1126/48 955/1127/48 894/1128/48
f 978/1129/48 964/1130/48 895/1131/48
f 984/1132/48 963/1133/48 956/1134/48
f 985/1135/48 953/1136/48 896/1137/48
f 986/1138/48 965/1139/48 897/1140/48
f 990/1141/48 954/1142/48 898/1143/48
f 991/1144/48 683/1145/48 899/1146/48
f 928/1147/48 915/1148/48 901/1149/48
f 931/1150/48 917/1151/48 902/1152/48
f 916/1153/48 919/1154/48 918/1155/48
f 937/1156/48 921/1157/48 903/1158/48
f 934/1159/48 904/1160/48 920/1161/48
f 922/1162/48 939/1163/48 905/1164/48
f 942/1165/48 906/1166/48 907/1167/48
f 940/1168/48 923/1169/48 908/1170/48
f 943/1171/48 924/1172/48 925/1173/48
f 909/1174/48 945/1175/48 911/1176/48
f 948/1177/48 912/1178/48 910/1179/48
f 951/1180/48 927/1181/48 913/1182/48
f 949/1183/48 622/1184/48 914/1185/48
f 1145/1186/116 1154/1187/116 1156/1188/116
f 1142/1189/116 1153/27/116 1155/1190/116
f 1132/1191/116 1152/1192/116 1160/1193/116
f 1133/1194/116 1190/1195/116 1161/1196/116
f 1104/1197/119 1109/1198/119 1101/1199/119
f 1110/1200/119 1112/1201/119 1106/1202/119
f 1096/1203/119 1099/1204/119 1100/1205/119
f 1098/1106/119 1080/1073/119 1102/1075/119
f 23/656/28 26/1206/28 1099/604/28
f 1100/604/29 28/1207/29 20/42/29
f 1111/1208/126 1110/41/126 639/45/126
f 1107/1209/123 1113/1210/123 1125/1211/123
f 1123/1212/123 1101/1213/123 1109/1214/123
f 1138/1215/123 1195/1216/123 1108/1217/123
f 1140/1218/123 1120/1219/123 1122/1220/123
f 1141/1221/123 1043/1222/123 966/1223/123
f 1183/1224/123 1147/1225/123 1151/1226/123
f 1177/1227/123 1149/1228/123 1148/1229/123
f 1159/1230/123 1136/1231/123 1137/1232/123
f 1157/1233/123 1196/1234/123 1135/1235/123
f 1127/1236/116 1115/1237/116 1114/1238/116
f 1129/1239/116 1009/1240/116 1117/1241/116
f 1111/1242/116 1106/1243/116 1116/1244/116
f 1105/1245/116 1118/1246/116 1128/1247/116
f 1103/1248/116 1187/1249/116 1131/1194/116
f 1139/1250/48 1137/1251/48 1136/1252/48
f 1125/1253/48 1148/1254/48 1149/1255/48
f 1140/1256/48 1151/1257/48 1147/1258/48
f 1141/1259/48 952/1260/48 1150/1261/48
f 1097/1262/118 1114/1263/118 1115/1264/118
f 52/1265/28 1123/1266/28 1109/48/28
f 1120/1267/124 1100/1205/124 1099/1204/124
f 1134/1268/48 1128/1269/48 1118/1270/48
f 1143/1271/48 1130/1272/48 1116/1273/48
f 1144/1274/48 1126/1275/48 1127/1276/48
f 1129/1277/48 929/1278/48 900/1279/48
f 1112/1280/127 1113/1281/127 697/1282/127
f 633/1378/123 1280/1379/123 1281/1380/123
f 635/1381/123 1242/1382/123 634/1383/123
f 636/1384/123 1245/1385/123 1244/1386/123
f 1185/1387/123 1280/1379/123 1184/1388/123
f 660/1389/123 1242/1382/123 1247/1390/123
f 635/1381/123 1244/1386/123 1243/1391/123
f 637/1392/123 1281/1380/123 1248/1393/123
f 637/1392/123 1245/1385/123 638/1394/123
f 1185/1387/123 1249/712/123 1246/714/123
f 660/1389/123 1249/712/123 656/1395/123
f 691/1396/116 1282/1397/116 1191/1398/116
f 693/1399/116 1252/1400/116 1253/1401/116
f 694/1402/116 1255/1403/116 696/1404/116
f 1192/1405/116 1282/1397/116 1256/1406/116
f 718/1407/116 1252/1400/116 692/1408/116
f 694/1402/116 1253/1401/116 1254/1409/116
f 695/1410/116 1283/1411/116 691/1396/116
f 695/1410/116 1255/1403/116 1258/1412/116
f 1192/1405/116 1259/1413/116 714/1414/116
f 718/1407/116 1259/1413/116 1257/1415/116
f 1261/1419/29 638/1420/29 636/1421/29
f 1262/1422/48 636/1423/48 635/1424/48
f 1263/1425/28 635/1421/28 634/1420/28
f 1264/1426/119 634/1424/119 660/1427/119
f 1265/1428/28 660/1420/28 656/1429/28
f 1266/1430/119 656/1431/119 1185/1432/119
f 1267/1433/28 1185/1434/28 1184/1435/28
f 1268/1436/48 1184/1437/48 633/1438/48
f 1269/1425/29 633/1439/29 637/1420/29
f 1260/1440/119 637/1441/119 638/1442/119
f 1271/1444/119 696/1445/119 695/1446/119
f 1272/1447/29 695/1448/29 691/1449/29
f 1273/1450/48 691/1451/48 1191/1452/48
f 1274/1453/28 1191/1454/28 1192/1455/28
f 1275/1456/119 1192/1457/119 714/1458/119
f 1276/1459/28 714/1460/28 718/1461/28
f 1277/1462/119 718/1463/119 692/1464/119
f 1278/1465/28 692/1448/28 693/1466/28
f 1279/1467/48 693/1464/48 694/1445/48
f 1270/1468/29 694/1466/29 696/1448/29
f 1241/1469/48 1280/1470/48 1240/1471/48
f 1240/1471/48 1282/1472/48 1250/1473/48
f 1250/1473/48 1283/1474/48 1251/1475/48
f 1251/1475/48 1281/1476/48 1241/1469/48
f 1240/1480/123 1285/1481/123 1241/1482/123
f 1241/1483/29 1287/1484/29 1251/1485/29
f 1250/1486/28 1284/1487/28 1240/1488/28
f 1291/1489/129 1289/1490/129 1288/1491/129
f 1295/1492/130 1293/1493/130 1292/1494/130
f 1243/1495/48 1289/1496/48 1290/1497/48
f 1299/1498/131 1297/1499/131 1296/1500/131
f 1303/767/132 1301/1501/132 1300/1502/132
f 1296/1500/48 1253/1503/48 1299/1498/48
f 2627/2030/156 2633/2031/156 2626/2032/156
f 2624/2033/119 2632/2034/119 2627/2035/119
f 2630/2036/48 2622/2037/48 2629/2038/48
f 2631/2039/116 2633/2040/116 2625/2041/116
f 2633/2031/28 2628/2042/28 2626/2032/28
f 2631/2043/146 2629/2044/146 2628/2042/146
f 2624/2030/29 2623/2045/29 2625/2046/29
f 2622/2047/123 2624/2041/123 2628/2039/123
f 2639/2030/156 2645/2031/156 2638/2032/156
f 2636/2048/119 2644/2049/119 2639/2050/119
f 2642/2051/48 2634/2052/48 2641/2053/48
f 2643/2054/116 2645/2055/116 2637/2056/116
f 2645/2031/28 2640/2042/28 2638/2032/28
f 2643/2057/146 2641/2044/146 2640/2042/146
f 2636/2030/29 2635/2045/29 2637/2046/29
f 2634/2058/123 2636/2056/123 2640/2054/123
f 2650/2032/156 2656/2046/156 2657/2031/156
f 2648/2059/119 2656/2060/119 2651/2061/119
f 2654/2062/48 2646/2063/48 2653/2064/48
f 2655/2065/116 2657/2066/116 2649/2067/116
f 2650/2032/28 2655/2057/28 2652/2068/28
f 2652/2068/146 2654/2069/146 2653/2070/146
f 2648/2030/29 2647/2069/29 2649/2046/29
f 2646/2071/123 2648/2067/123 2652/2072/123
f 2663/2073/156 2669/2074/156 2662/2075/156
f 2660/2076/119 2668/2077/119 2663/2078/119
f 2666/2079/48 2658/2080/48 2665/2081/48
f 2667/2082/116 2669/2083/116 2661/2084/116
f 2669/2074/28 2664/2085/28 2662/2075/28
f 2667/2086/146 2665/2087/146 2664/2085/146
f 2660/2073/29 2659/2069/29 2661/2088/29
f 2658/2089/123 2660/2084/123 2664/2090/123
f 2674/2075/156 2680/2091/156 2681/2074/156
f 2672/2092/119 2680/2093/119 2675/2094/119
f 2678/2095/48 2670/2096/48 2677/2097/48
f 2679/2098/116 2681/2099/116 2673/2100/116
f 2681/2074/28 2676/2085/28 2674/2075/28
f 2679/2057/146 2677/2087/146 2676/2085/146
f 2672/2101/29 2671/2102/29 2673/2091/29
f 2670/2103/123 2672/2100/123 2676/2098/123
f 2687/2101/156 2693/2074/156 2686/2075/156
f 2684/2104/119 2692/2105/119 2687/2106/119
f 2690/2107/48 2682/2108/48 2689/2109/48
f 2691/2110/116 2693/2111/116 2685/2112/116
f 2693/2074/28 2688/2085/28 2686/2075/28
f 2691/2057/146 2689/2087/146 2688/2085/146
f 2684/2101/29 2683/2102/29 2685/2091/29
f 2682/2113/123 2684/2112/123 2688/2110/123
f 2699/2101/156 2705/2074/156 2698/2075/156
f 2696/2114/119 2704/2115/119 2699/2116/119
f 2702/2117/48 2694/2118/48 2701/2119/48
f 2703/2120/116 2705/2121/116 2697/2122/116
f 2705/2074/28 2700/2085/28 2698/2075/28
f 2703/2123/146 2701/2119/146 2700/2124/146
f 2696/2101/29 2695/2102/29 2697/2091/29
f 2694/2125/123 2696/2122/123 2700/2120/123
f 2711/2101/156 2717/2074/156 2710/2075/156
f 2708/2126/119 2716/2127/119 2711/2128/119
f 2714/2129/48 2706/2130/48 2713/2131/48
f 2715/2132/116 2717/2133/116 2709/2134/116
f 2717/2074/28 2712/2042/28 2710/2075/28
f 2712/2042/146 2714/2069/146 2713/2070/146
f 2708/2101/29 2707/2135/29 2709/2091/29
f 2706/2136/123 2708/2134/123 2712/2132/123
f 2723/2101/156 2729/2137/156 2722/2075/156
f 2720/2138/119 2728/2139/119 2723/2140/119
f 2725/2140/48 2719/2141/48 2718/2142/48
f 2727/2143/116 2729/2144/116 2721/2145/116
f 2729/2137/28 2724/2146/28 2722/2075/28
f 2727/2057/146 2725/2044/146 2724/2146/146
f 2720/2101/29 2719/2069/29 2721/2091/29
f 2718/2147/123 2720/2145/123 2724/2148/123
f 2735/2073/156 2741/2137/156 2734/2075/156
f 2732/2149/119 2740/2150/119 2735/2151/119
f 2738/2150/48 2730/2152/48 2737/2153/48
f 2739/2154/116 2741/2155/116 2733/2156/116
f 2741/2137/28 2736/2157/28 2734/2075/28
f 2739/2086/146 2737/2087/146 2736/2157/146
f 2732/2073/29 2731/2102/29 2733/2158/29
f 2730/2159/123 2732/2156/123 2736/2154/123
f 2747/2030/156 2753/2074/156 2746/2075/156
f 2744/2160/119 2752/2161/119 2747/2162/119
f 2750/2163/48 2742/2164/48 2749/2165/48
f 2751/2166/116 2753/2167/116 2745/2168/116
f 2753/2074/28 2748/2157/28 2746/2075/28
f 2751/2086/146 2749/2087/146 2748/2157/146
f 2744/2030/29 2743/2102/29 2745/2088/29
f 2742/2169/123 2744/2168/123 2748/2166/123
f 2759/2073/156 2765/2074/156 2758/2075/156
f 2756/2170/119 2764/2171/119 2759/2172/119
f 2762/2173/48 2754/2174/48 2761/2175/48
f 2763/2176/116 2765/2177/116 2757/2178/116
f 2765/2074/28 2760/2157/28 2758/2075/28
f 2763/2086/146 2761/2087/146 2760/2157/146
f 2756/2073/29 2755/2102/29 2757/2088/29
f 2754/2179/123 2756/2178/123 2760/2176/123
f 2771/2073/156 2777/2074/156 2770/2075/156
f 2768/2180/119 2776/2181/119 2771/2182/119
f 2774/2183/48 2766/2184/48 2773/2185/48
f 2775/2186/116 2777/2187/116 2769/2188/116
f 2777/2074/28 2772/2085/28 2770/2075/28
f 2772/2085/146 2774/2135/146 2773/2189/146
f 2768/2073/29 2767/2102/29 2769/2088/29
f 2766/2190/123 2768/2188/123 2772/2191/123
f 2780/2192/28 2788/2193/28 2789/2194/28
f 2779/2195/29 2782/2192/29 2778/2196/29
f 2783/2197/119 2780/2198/119 2782/2199/119
f 2790/2200/157 2791/2201/157 2783/2202/157
f 2786/2203/48 2778/2199/48 2785/2204/48
f 2787/2205/146 2785/2196/146 2784/2206/146
f 2789/2207/123 2784/2208/123 2778/2209/123
f 2788/2193/28 2794/2210/28 2795/2211/28
f 2790/2212/116 2779/2209/116 2787/2208/116
f 2789/2194/28 2787/2205/28 2784/2206/28
f 2792/2213/116 2793/2214/116 2791/2215/116
f 2795/2216/158 2796/2217/158 2792/2218/158
f 2796/2219/135 2794/2210/135 2793/2220/135
f 2791/2221/119 2793/2217/119 2794/2216/119
f 2799/2192/28 2807/2193/28 2808/2194/28
f 2798/2195/29 2801/2192/29 2797/2196/29
f 2802/2222/119 2799/2223/119 2801/2224/119
f 2809/2225/157 2810/2220/157 2802/2226/157
f 2805/2227/48 2797/2224/48 2804/2228/48
f 2806/2205/146 2804/2196/146 2803/2206/146
f 2808/2229/123 2803/2230/123 2797/2231/123
f 2807/2193/28 2813/2210/28 2814/2232/28
f 2809/2233/116 2798/2231/116 2806/2230/116
f 2808/2194/28 2806/2205/28 2803/2206/28
f 2811/2234/116 2812/2235/116 2810/2236/116
f 2814/2237/158 2815/2238/158 2811/2239/158
f 2815/2240/135 2813/2210/135 2812/2220/135
f 2810/2241/119 2812/2238/119 2813/2237/119
f 2818/2192/28 2826/2193/28 2827/2194/28
f 2817/2195/29 2820/2192/29 2816/2196/29
f 2821/2242/119 2818/2243/119 2820/2244/119
f 2828/2225/157 2829/2220/157 2821/2226/157
f 2824/2245/48 2816/2244/48 2823/2246/48
f 2825/2247/146 2823/2196/146 2822/2206/146
f 2827/2248/123 2822/2249/123 2816/2250/123
f 2826/2193/28 2832/2210/28 2833/2211/28
f 2828/2251/116 2817/2250/116 2825/2249/116
f 2827/2194/28 2825/2247/28 2822/2206/28
f 2830/2252/116 2831/2253/116 2829/2254/116
f 2833/2255/158 2834/2256/158 2830/2257/158
f 2834/2240/135 2832/2210/135 2831/2258/135
f 2829/2259/119 2831/2256/119 2832/2255/119
f 2837/2192/28 2845/2193/28 2846/2194/28
f 2836/2260/29 2839/2192/29 2835/2196/29
f 2840/2261/119 2837/2262/119 2839/2263/119
f 2847/2200/157 2848/2220/157 2840/2226/157
f 2842/2264/48 2836/2265/48 2835/2263/48
f 2844/2247/146 2842/2196/146 2841/2206/146
f 2846/2266/123 2841/2267/123 2835/2268/123
f 2845/2193/28 2851/2210/28 2852/2232/28
f 2847/2269/116 2836/2270/116 2844/2267/116
f 2846/2194/28 2844/2247/28 2841/2206/28
f 2849/2271/116 2850/2272/116 2848/2273/116
f 2852/2274/158 2853/2275/158 2849/2276/158
f 2853/2219/135 2851/2210/135 2850/2220/135
f 2848/2277/119 2850/2275/119 2851/2274/119
f 2856/2192/28 2864/2278/28 2865/2194/28
f 2855/2260/29 2858/2192/29 2854/2279/29
f 2859/2280/119 2856/2281/119 2858/2282/119
f 2866/2283/157 2867/2220/157 2859/2284/157
f 2862/2285/48 2854/2286/48 2861/2287/48
f 2863/2247/146 2861/2279/146 2860/2288/146
f 2865/2289/123 2860/2290/123 2854/2291/123
f 2857/2284/28 2871/2232/28 2864/2278/28
f 2866/2292/116 2855/2291/116 2863/2290/116
f 2865/2194/28 2863/2247/28 2860/2288/28
f 2868/2293/116 2869/2294/116 2867/2295/116
f 2871/2296/158 2872/2297/158 2868/2298/158
f 2872/2299/135 2870/2300/135 2869/2294/135
f 2867/2301/119 2869/2297/119 2870/2296/119
f 2875/2302/28 2883/2278/28 2884/2303/28
f 2874/2260/29 2877/2302/29 2873/2279/29
f 2877/2304/119 2876/2305/119 2875/2306/119
f 2885/2283/157 2886/2258/157 2878/2284/157
f 2881/2307/48 2873/2308/48 2880/2309/48
f 2879/2310/146 2881/2311/146 2880/2312/146
f 2884/2313/123 2879/2314/123 2873/2315/123
f 2876/2316/28 2890/2317/28 2883/2278/28
f 2885/2318/116 2874/2315/116 2882/2314/116
f 2884/2303/28 2882/2319/28 2879/2310/28
f 2887/2320/116 2888/2321/116 2886/2322/116
f 2890/2323/158 2891/2324/158 2887/2325/158
f 2891/2240/135 2889/2326/135 2888/2258/135
f 2886/2327/119 2888/2324/119 2889/2323/119
f 2894/2302/28 2902/2328/28 2903/2303/28
f 2893/2329/29 2896/2302/29 2892/2330/29
f 2897/2331/119 2894/2332/119 2896/2333/119
f 2904/2334/157 2905/2258/157 2897/2316/157
f 2900/2335/48 2892/2333/48 2899/2336/48
f 2901/2319/146 2899/2196/146 2898/2310/146
f 2903/2337/123 2898/2338/123 2892/2339/123
f 2895/2316/28 2909/2340/28 2902/2328/28
f 2904/2341/116 2893/2339/116 2901/2338/116
f 2903/2303/28 2901/2319/28 2898/2310/28
f 2906/2342/116 2907/2343/116 2905/2344/116
f 2909/2345/158 2910/2346/158 2906/2347/158
f 2910/2348/135 2908/2326/135 2907/2258/135
f 2905/2349/119 2907/2350/119 2908/2345/119
f 2913/2351/28 2921/2328/28 2922/2352/28
f 2912/2195/29 2915/2351/29 2911/2196/29
f 2916/2353/119 2913/2354/119 2915/2355/119
f 2923/2334/157 2924/2356/157 2916/2316/157
f 2919/2357/48 2911/2358/48 2918/2359/48
f 2920/2319/146 2918/2196/146 2917/2310/146
f 2922/2360/123 2917/2361/123 2911/2362/123
f 2914/2363/28 2928/2340/28 2921/2328/28
f 2923/2364/116 2912/2362/116 2920/2361/116
f 2922/2352/28 2920/2319/28 2917/2310/28
f 2925/2365/116 2926/2366/116 2924/2367/116
f 2928/2368/158 2929/2369/158 2925/2370/158
f 2929/2348/135 2927/2371/135 2926/2356/135
f 2924/2372/119 2926/2369/119 2927/2368/119
f 2932/2302/28 2940/2278/28 2941/2303/28
f 2931/2329/29 2934/2351/29 2930/2330/29
f 2935/2373/119 2932/2374/119 2934/2375/119
f 2942/2283/157 2943/2356/157 2935/2363/157
f 2938/2376/48 2930/2377/48 2937/2378/48
f 2939/2319/146 2937/2330/146 2936/2310/146
f 2941/2379/123 2936/2380/123 2930/2381/123
f 2933/2316/28 2947/2317/28 2940/2278/28
f 2942/2382/116 2931/2381/116 2939/2380/116
f 2941/2303/28 2939/2319/28 2936/2310/28
f 2944/2383/116 2945/2384/116 2943/2385/116
f 2947/2386/158 2948/2387/158 2944/2388/158
f 2948/2348/135 2946/2326/135 2945/2389/135
f 2943/2390/119 2945/2387/119 2946/2386/119
f 2951/2351/28 2959/2328/28 2960/2303/28
f 2950/2311/29 2953/2302/29 2949/2330/29
f 2954/2391/119 2951/2392/119 2953/2393/119
f 2961/2334/157 2962/2389/157 2954/2316/157
f 2957/2394/48 2949/2395/48 2956/2396/48
f 2958/2397/146 2956/2196/146 2955/2310/146
f 2960/2398/123 2955/2399/123 2949/2400/123
f 2952/2316/28 2966/2340/28 2959/2328/28
f 2961/2401/116 2950/2400/116 2958/2399/116
f 2960/2303/28 2958/2397/28 2955/2310/28
f 2963/2402/116 2964/2403/116 2962/2404/116
f 2966/2405/158 2967/2406/158 2963/2407/158
f 2967/2348/135 2965/2371/135 2964/2389/135
f 2962/2408/119 2964/2406/119 2965/2405/119
f 2970/2351/28 2978/2409/28 2979/2352/28
f 2969/2260/29 2972/2351/29 2968/2279/29
f 2972/2410/119 2971/2411/119 2970/2412/119
f 2973/2413/157 2982/2414/157 2981/2415/157
f 2976/2416/48 2968/2417/48 2975/2418/48
f 2977/2397/146 2975/2279/146 2974/2419/146
f 2979/2420/123 2974/2421/123 2968/2422/123
f 2971/2363/28 2985/2423/28 2978/2409/28
f 2980/2424/116 2969/2422/116 2977/2421/116
f 2979/2352/28 2977/2397/28 2974/2419/28
f 2982/2425/116 2983/2426/116 2981/2427/116
f 2985/2428/158 2986/2429/158 2982/2430/158
f 2986/2348/135 2984/2431/135 2983/2415/135
f 2981/2432/119 2983/2433/119 2984/2434/119
f 2989/2351/28 2997/2435/28 2998/2436/28
f 2988/2311/29 2991/2351/29 2987/2312/29
f 2991/2437/119 2990/2438/119 2989/2439/119
f 2992/2363/157 3001/2440/157 3000/2415/157
f 2995/2441/48 2987/2442/48 2994/2443/48
f 2996/2397/146 2994/2312/146 2993/2419/146
f 2998/2444/123 2993/2445/123 2987/2446/123
f 2990/2363/28 3004/2423/28 2997/2435/28
f 2999/2447/116 2988/2446/116 2996/2445/116
f 2998/2436/28 2996/2397/28 2993/2419/28
f 3001/2448/116 3002/2449/116 3000/2450/116
f 3004/2451/158 3005/2452/158 3001/2453/158
f 3005/2454/135 3003/2455/135 3002/2415/135
f 3000/2456/119 3002/2452/119 3003/2451/119
f 3008/2457/28 3016/2435/28 3017/2458/28
f 3007/2311/29 3010/2457/29 3006/2312/29
f 3011/2459/119 3008/2460/119 3010/2461/119
f 3011/2363/157 3020/2440/157 3019/2462/157
f 3014/2463/48 3006/2464/48 3013/2465/48
f 3015/2397/146 3013/2312/146 3012/2419/146
f 3017/2466/123 3012/2467/123 3006/2468/123
f 3009/2469/28 3023/2423/28 3016/2435/28
f 3018/2470/116 3007/2468/116 3015/2467/116
f 3017/2458/28 3015/2397/28 3012/2419/28
f 3020/2471/116 3021/2472/116 3019/2473/116
f 3023/2474/158 3024/2475/158 3020/2476/158
f 3024/2477/135 3022/2478/135 3021/2472/135
f 3019/2479/119 3021/2475/119 3022/2474/119
f 3036/2480/156 3030/2481/156 3029/2482/156
f 3035/2483/119 3027/2484/119 3030/2485/119
f 3025/2486/48 3033/2487/48 3032/2488/48
f 3034/2039/123 3033/2489/123 3026/2047/123
f 3031/2490/28 3036/2480/28 3029/2482/28
f 3032/2491/146 3034/2492/146 3031/2490/146
f 3026/2493/29 3027/2481/29 3028/2494/29
f 3025/2047/116 3032/2489/116 3031/2039/116
f 3048/2480/156 3042/2481/156 3041/2482/156
f 3047/2495/119 3039/2496/119 3042/2497/119
f 3037/2498/48 3045/2499/48 3044/2500/48
f 3046/2054/123 3045/2501/123 3038/2058/123
f 3043/2490/28 3048/2480/28 3041/2482/28
f 3044/2491/146 3046/2502/146 3043/2490/146
f 3038/2493/29 3039/2481/29 3040/2494/29
f 3037/2058/116 3044/2501/116 3043/2054/116
f 3053/2482/156 3059/2494/156 3054/2481/156
f 3059/2503/119 3051/2504/119 3054/2505/119
f 3049/2506/48 3057/2507/48 3056/2508/48
f 3058/2065/123 3057/2509/123 3050/2071/123
f 3053/2482/28 3058/2502/28 3060/2480/28
f 3055/2510/146 3057/2511/146 3058/2502/146
f 3050/2511/29 3051/2481/29 3052/2494/29
f 3049/2071/116 3056/2509/116 3055/2072/116
f 3072/2512/156 3066/2513/156 3065/2514/156
f 3071/2515/119 3063/2516/119 3066/2517/119
f 3061/2518/48 3069/2519/48 3068/2520/48
f 3070/2082/123 3069/2521/123 3062/2089/123
f 3067/2522/28 3072/2512/28 3065/2514/28
f 3067/2522/146 3069/2511/146 3070/2523/146
f 3062/2511/29 3063/2513/29 3064/2524/29
f 3061/2089/116 3068/2525/116 3067/2090/116
f 3084/2512/156 3078/2526/156 3077/2514/156
f 3083/2527/119 3075/2528/119 3078/2529/119
f 3073/2530/48 3081/2531/48 3080/2532/48
f 3082/2098/123 3081/2533/123 3074/2103/123
f 3079/2522/28 3084/2512/28 3077/2514/28
f 3080/2534/146 3082/2502/146 3079/2522/146
f 3074/2535/29 3075/2526/29 3076/2536/29
f 3073/2103/116 3080/2533/116 3079/2098/116
f 3096/2512/156 3090/2526/156 3089/2514/156
f 3095/2537/119 3087/2538/119 3090/2539/119
f 3085/2540/48 3093/2541/48 3092/2542/48
f 3094/2110/123 3093/2543/123 3086/2544/123
f 3091/2522/28 3096/2512/28 3089/2514/28
f 3092/2534/146 3094/2502/146 3091/2522/146
f 3086/2535/29 3087/2526/29 3088/2536/29
f 3085/2113/116 3092/2543/116 3091/2110/116
f 3108/2512/156 3102/2526/156 3101/2514/156
f 3107/2545/119 3099/2546/119 3102/2547/119
f 3097/2548/48 3105/2549/48 3104/2550/48
f 3106/2120/123 3105/2551/123 3098/2125/123
f 3103/2522/28 3108/2512/28 3101/2514/28
f 3104/2550/146 3106/2552/146 3103/2553/146
f 3098/2535/29 3099/2526/29 3100/2536/29
f 3097/2125/116 3104/2551/116 3103/2120/116
f 3120/2512/156 3114/2526/156 3113/2514/156
f 3119/2554/119 3111/2555/119 3114/2556/119
f 3109/2557/48 3117/2558/48 3116/2559/48
f 3118/2132/123 3117/2560/123 3110/2136/123
f 3113/2514/28 3118/2502/28 3120/2512/28
f 3115/2490/146 3117/2561/146 3118/2502/146
f 3110/2562/29 3111/2526/29 3112/2536/29
f 3109/2136/116 3116/2560/116 3115/2132/116
f 3132/2563/156 3126/2526/156 3125/2514/156
f 3131/2564/119 3123/2565/119 3126/2566/119
f 3128/2566/48 3122/2567/48 3129/2564/48
f 3130/2143/123 3129/2568/123 3122/2147/123
f 3127/2569/28 3132/2563/28 3125/2514/28
f 3128/2491/146 3130/2502/146 3127/2569/146
f 3122/2561/29 3123/2526/29 3124/2536/29
f 3121/2147/116 3128/2568/116 3127/2148/116
f 3144/2563/156 3138/2513/156 3137/2514/156
f 3143/2570/119 3135/2571/119 3138/2572/119
f 3133/2573/48 3141/2570/48 3140/2574/48
f 3142/2154/123 3141/2575/123 3134/2159/123
f 3139/2576/28 3144/2563/28 3137/2514/28
f 3140/2534/146 3142/2523/146 3139/2576/146
f 3134/2535/29 3135/2513/29 3136/2577/29
f 3133/2159/116 3140/2575/116 3139/2154/116
f 3156/2512/156 3150/2481/156 3149/2514/156
f 3155/2578/119 3147/2579/119 3150/2580/119
f 3145/2581/48 3153/2582/48 3152/2583/48
f 3154/2166/123 3153/2584/123 3146/2169/123
f 3151/2576/28 3156/2512/28 3149/2514/28
f 3152/2534/146 3154/2523/146 3151/2576/146
f 3146/2535/29 3147/2481/29 3148/2524/29
f 3145/2169/116 3152/2584/116 3151/2166/116
f 3168/2512/156 3162/2513/156 3161/2514/156
f 3167/2585/119 3159/2586/119 3162/2587/119
f 3157/2588/48 3165/2589/48 3164/2590/48
f 3166/2176/123 3165/2591/123 3158/2179/123
f 3163/2576/28 3168/2512/28 3161/2514/28
f 3164/2534/146 3166/2523/146 3163/2576/146
f 3158/2535/29 3159/2513/29 3160/2524/29
f 3157/2179/116 3164/2591/116 3163/2176/116
f 3180/2512/156 3174/2513/156 3173/2514/156
f 3179/2592/119 3171/2593/119 3174/2594/119
f 3169/2595/48 3177/2596/48 3176/2597/48
f 3178/2186/123 3177/2598/123 3170/2599/123
f 3173/2514/28 3178/2600/28 3180/2512/28
f 3176/2601/146 3178/2600/146 3175/2522/146
f 3170/2535/29 3171/2513/29 3172/2524/29
f 3169/2190/116 3176/2598/116 3175/2191/116
f 3183/2602/28 3191/2603/28 3184/2604/28
f 3181/2605/29 3186/2606/29 3182/2607/29
f 3183/2608/119 3186/2609/119 3185/2610/119
f 3194/2611/157 3193/2612/157 3186/2606/157
f 3181/2613/48 3189/2614/48 3188/2615/48
f 3188/2605/146 3190/2616/146 3187/2617/146
f 3192/2207/116 3183/2618/116 3185/2619/116
f 3191/2603/28 3197/2620/28 3184/2604/28
f 3190/2208/123 3182/2209/123 3193/2212/123
f 3192/2621/28 3190/2616/28 3191/2603/28
f 3196/2214/123 3195/2213/123 3194/2215/123
f 3195/2622/158 3199/2623/158 3198/2624/158
f 3197/2620/137 3199/2625/137 3196/2626/137
f 3197/2624/119 3194/2627/119 3186/2609/119
f 3202/2602/28 3210/2603/28 3203/2604/28
f 3200/2605/29 3205/2604/29 3201/2607/29
f 3202/2628/119 3205/2629/119 3204/2630/119
f 3213/2626/157 3212/2631/157 3205/2604/157
f 3200/2632/48 3208/2633/48 3207/2634/48
f 3207/2605/146 3209/2616/146 3206/2617/146
f 3211/2229/116 3202/2635/116 3204/2636/116
f 3210/2603/28 3216/2620/28 3203/2604/28
f 3209/2230/123 3201/2231/123 3212/2233/123
f 3211/2621/28 3209/2616/28 3210/2603/28
f 3215/2235/123 3214/2234/123 3213/2236/123
f 3214/2637/158 3218/2638/158 3217/2639/158
f 3216/2620/137 3218/2640/137 3215/2626/137
f 3216/2639/119 3213/2641/119 3205/2629/119
f 3221/2602/28 3229/2603/28 3222/2606/28
f 3223/2602/29 3220/2607/29 3219/2605/29
f 3221/2642/119 3224/2643/119 3223/2644/119
f 3232/2626/157 3231/2631/157 3224/2604/157
f 3219/2645/48 3227/2646/48 3226/2647/48
f 3226/2605/146 3228/2648/146 3225/2617/146
f 3230/2248/116 3221/2649/116 3223/2650/116
f 3229/2603/28 3235/2620/28 3222/2606/28
f 3228/2249/123 3220/2250/123 3231/2251/123
f 3230/2621/28 3228/2648/28 3229/2603/28
f 3234/2253/123 3233/2252/123 3232/2254/123
f 3233/2651/158 3237/2652/158 3236/2653/158
f 3235/2620/137 3237/2640/137 3234/2654/137
f 3235/2653/119 3232/2655/119 3224/2643/119
f 3240/2602/28 3248/2603/28 3241/2604/28
f 3242/2602/29 3239/2656/29 3238/2605/29
f 3240/2657/119 3243/2658/119 3242/2659/119
f 3251/2626/157 3250/2612/157 3243/2604/157
f 3245/2660/48 3239/2661/48 3246/2662/48
f 3245/2605/146 3247/2648/146 3244/2617/146
f 3249/2266/116 3240/2663/116 3242/2664/116
f 3248/2603/28 3254/2620/28 3241/2604/28
f 3247/2267/123 3239/2270/123 3250/2269/123
f 3249/2621/28 3247/2648/28 3248/2603/28
f 3253/2272/123 3252/2271/123 3251/2273/123
f 3252/2665/158 3256/2666/158 3255/2667/158
f 3254/2620/137 3256/2625/137 3253/2626/137
f 3254/2667/119 3251/2668/119 3243/2658/119
f 3259/2602/28 3267/2669/28 3260/2670/28
f 3261/2602/29 3258/2656/29 3257/2671/29
f 3259/2672/119 3262/2673/119 3261/2674/119
f 3270/2626/157 3269/2675/157 3262/2670/157
f 3257/2676/48 3265/2677/48 3264/2678/48
f 3264/2671/146 3266/2648/146 3263/2679/146
f 3268/2289/116 3259/2680/116 3261/2681/116
f 3274/2682/28 3260/2670/28 3267/2669/28
f 3266/2290/123 3258/2291/123 3269/2292/123
f 3268/2621/28 3266/2648/28 3267/2669/28
f 3272/2294/123 3271/2293/123 3270/2295/123
f 3271/2683/158 3275/2684/158 3274/2685/158
f 3273/2300/137 3275/2299/137 3272/2294/137
f 3273/2685/119 3270/2686/119 3262/2673/119
f 3278/2687/28 3286/2669/28 3279/2688/28
f 3280/2689/29 3277/2656/29 3276/2671/29
f 3280/2690/119 3279/2691/119 3281/2692/119
f 3289/2654/157 3288/2675/157 3281/2670/157
f 3276/2693/48 3284/2694/48 3283/2695/48
f 3282/2696/146 3284/2697/146 3285/2698/146
f 3287/2313/116 3278/2699/116 3280/2700/116
f 3286/2669/28 3292/2701/28 3279/2688/28
f 3285/2314/123 3277/2315/123 3288/2318/123
f 3287/2702/28 3285/2698/28 3286/2669/28
f 3291/2321/123 3290/2320/123 3289/2322/123
f 3290/2703/158 3294/2704/158 3293/2705/158
f 3292/2701/137 3294/2640/137 3291/2654/137
f 3292/2705/119 3289/2706/119 3281/2692/119
f 3297/2687/28 3305/2707/28 3298/2688/28
f 3299/2687/29 3296/2708/29 3295/2709/29
f 3297/2710/119 3300/2711/119 3299/2712/119
f 3308/2654/157 3307/2713/157 3300/2688/157
f 3295/2712/48 3303/2714/48 3302/2715/48
f 3301/2696/146 3303/2708/146 3304/2698/146
f 3306/2337/116 3297/2716/116 3299/2717/116
f 3305/2707/28 3311/2701/28 3298/2688/28
f 3304/2338/123 3296/2339/123 3307/2341/123
f 3306/2702/28 3304/2698/28 3305/2707/28
f 3310/2343/123 3309/2342/123 3308/2344/123
f 3309/2718/158 3313/2719/158 3312/2720/158
f 3311/2701/137 3313/2721/137 3310/2654/137
f 3311/2720/119 3308/2722/119 3300/2711/119
f 3316/2723/28 3324/2707/28 3317/2724/28
f 3318/2723/29 3315/2607/29 3314/2605/29
f 3316/2725/119 3319/2726/119 3318/2727/119
f 3327/2728/157 3326/2713/157 3319/2688/157
f 3314/2729/48 3322/2730/48 3321/2731/48
f 3321/2605/146 3323/2698/146 3320/2696/146
f 3325/2360/116 3316/2732/116 3318/2733/116
f 3324/2707/28 3330/2734/28 3317/2724/28
f 3323/2361/123 3315/2362/123 3326/2364/123
f 3325/2735/28 3323/2698/28 3324/2707/28
f 3329/2366/123 3328/2365/123 3327/2367/123
f 3328/2736/158 3332/2737/158 3331/2738/158
f 3330/2734/137 3332/2721/137 3329/2728/137
f 3330/2738/119 3327/2739/119 3319/2726/119
f 3335/2687/28 3343/2669/28 3336/2688/28
f 3337/2723/29 3334/2708/29 3333/2709/29
f 3335/2740/119 3338/2741/119 3337/2742/119
f 3346/2728/157 3345/2675/157 3338/2724/157
f 3333/2743/48 3341/2744/48 3340/2745/48
f 3340/2709/146 3342/2698/146 3339/2696/146
f 3344/2379/116 3335/2746/116 3337/2747/116
f 3343/2669/28 3349/2701/28 3336/2688/28
f 3342/2380/123 3334/2381/123 3345/2382/123
f 3344/2702/28 3342/2698/28 3343/2669/28
f 3348/2384/123 3347/2383/123 3346/2385/123
f 3347/2748/158 3351/2749/158 3350/2750/158
f 3349/2701/137 3351/2721/137 3348/2751/137
f 3349/2750/119 3346/2752/119 3338/2741/119
f 3354/2723/28 3362/2707/28 3355/2688/28
f 3356/2687/29 3353/2697/29 3352/2709/29
f 3354/2753/119 3357/2754/119 3356/2755/119
f 3365/2751/157 3364/2713/157 3357/2688/157
f 3352/2756/48 3360/2757/48 3359/2758/48
f 3359/2605/146 3361/2759/146 3358/2696/146
f 3363/2398/116 3354/2760/116 3356/2761/116
f 3362/2707/28 3368/2734/28 3355/2688/28
f 3361/2399/123 3353/2400/123 3364/2401/123
f 3363/2702/28 3361/2759/28 3362/2707/28
f 3367/2403/123 3366/2402/123 3365/2404/123
f 3366/2762/158 3370/2763/158 3369/2764/158
f 3368/2734/137 3370/2721/137 3367/2751/137
f 3368/2764/119 3365/2765/119 3357/2754/119
f 3373/2766/28 3381/2767/28 3374/2724/28
f 3375/2766/29 3372/2656/29 3371/2671/29
f 3375/2768/119 3374/2769/119 3376/2770/119
f 3376/2771/157 3385/2772/157 3383/2713/157
f 3371/2773/48 3379/2774/48 3378/2775/48
f 3378/2671/146 3380/2759/146 3377/2776/146
f 3382/2420/116 3373/2777/116 3375/2778/116
f 3388/2779/28 3374/2724/28 3381/2767/28
f 3380/2421/123 3372/2422/123 3383/2424/123
f 3382/2735/28 3380/2759/28 3381/2767/28
f 3386/2426/123 3385/2425/123 3384/2427/123
f 3385/2780/158 3389/2781/158 3388/2782/158
f 3387/2783/137 3389/2721/137 3386/2784/137
f 3387/2785/119 3384/2786/119 3376/2770/119
f 3392/2723/28 3400/2787/28 3393/2724/28
f 3394/2766/29 3391/2697/29 3390/2788/29
f 3394/2789/119 3393/2790/119 3395/2791/119
f 3395/2724/157 3404/2792/157 3402/2793/157
f 3390/2794/48 3398/2795/48 3397/2796/48
f 3397/2788/146 3399/2759/146 3396/2776/146
f 3401/2444/116 3392/2797/116 3394/2798/116
f 3407/2779/28 3393/2724/28 3400/2787/28
f 3399/2445/123 3391/2446/123 3402/2447/123
f 3401/2799/28 3399/2759/28 3400/2787/28
f 3405/2449/123 3404/2448/123 3403/2450/123
f 3404/2800/158 3408/2801/158 3407/2802/158
f 3406/2803/137 3408/2804/137 3405/2784/137
f 3406/2802/119 3403/2805/119 3395/2791/119
f 3411/2806/28 3419/2787/28 3412/2807/28
f 3413/2806/29 3410/2697/29 3409/2788/29
f 3411/2808/119 3414/2809/119 3413/2810/119
f 3414/2724/157 3423/2792/157 3421/2811/157
f 3409/2812/48 3417/2813/48 3416/2814/48
f 3416/2788/146 3418/2759/146 3415/2776/146
f 3420/2466/116 3411/2815/116 3413/2816/116
f 3426/2779/28 3412/2807/28 3419/2787/28
f 3418/2467/123 3410/2468/123 3421/2470/123
f 3420/2817/28 3418/2759/28 3419/2787/28
f 3424/2472/123 3423/2471/123 3422/2473/123
f 3423/2818/158 3427/2819/158 3426/2820/158
f 3425/2478/137 3427/2477/137 3424/2472/137
f 3425/2820/119 3422/2821/119 3414/2809/119
f 1/4/2 2/2847/2 12/5/2
f 3/9/4 10/2852/4 11/10/4
f 1179/12/5 1173/1233/166 128/13/6
f 121/15/8 1168/2853/167 1169/16/9
f 1176/18/11 1175/2854/168 132/19/12
f 112/21/14 107/2855/169 110/22/15
f 116/24/17 1170/2856/170 1164/18/18
f 123/26/20 1167/2857/171 1166/27/21
f 1110/41/28 1111/1208/28 12/5/28
f 1111/1208/28 1130/44/28 42/2862/28
f 1113/1281/28 1112/1280/28 11/10/28
f 1112/1280/28 1110/41/28 19/42/28
f 146/2863/172 1178/2864/173 147/2865/28
f 1178/2864/173 1177/785/28 147/2865/28
f 89/2866/28 105/2867/28 1148/2868/28
f 105/2867/28 147/2865/28 1177/785/28
f 1148/2868/28 105/2867/28 1177/785/28
f 10/2852/28 57/2869/28 1113/1281/28
f 57/2869/28 78/2870/28 1124/2871/28
f 1113/1281/28 57/2869/28 1124/2871/28
f 1155/2872/28 1165/2873/174 141/2874/28
f 1165/2873/174 140/2875/175 141/2874/28
f 141/2874/28 96/2876/28 1155/2872/28
f 96/2876/28 71/2877/28 1142/2878/28
f 1142/2878/28 1155/2872/28 96/2876/28
f 62/2879/28 42/2862/28 1130/44/28
f 42/2862/28 13/6/28 1111/1208/28
f 1111/1208/28 13/6/28 12/5/28
f 89/2866/28 1148/2868/28 78/2870/28
f 1148/2868/28 1124/2871/28 78/2870/28
f 1130/44/28 1142/2878/28 62/2879/28
f 1142/2878/28 71/2877/28 62/2879/28
f 11/10/28 10/2852/28 1113/1281/28
f 9/1207/28 11/10/28 1112/1280/28
f 19/42/28 9/1207/28 1112/1280/28
f 24/2880/29 45/42/29 1104/45/29
f 45/42/29 31/2881/29 1104/45/29
f 31/2881/29 37/43/29 1104/45/29
f 37/43/29 64/2882/29 1118/44/29
f 68/2883/29 94/2876/29 1134/2884/29
f 94/2876/29 126/2885/29 1152/2886/29
f 1134/2884/29 94/2876/29 1152/2886/29
f 126/2885/29 125/2887/176 1169/2888/177
f 1158/785/29 1179/2889/178 138/2890/29
f 1179/2889/178 127/2891/179 138/2890/29
f 138/2890/29 103/2892/29 1158/785/29
f 103/2892/29 90/2893/29 1136/2894/29
f 1136/2894/29 1158/785/29 103/2892/29
f 80/2895/29 48/2896/29 1139/47/29
f 48/2896/29 30/2897/29 1101/48/29
f 30/2897/29 24/2880/29 1101/48/29
f 1101/48/29 24/2880/29 1104/45/29
f 126/2885/29 1169/2888/177 1152/2886/29
f 1136/2894/29 90/2893/29 80/2895/29
f 1139/47/29 1136/2894/29 80/2895/29
f 64/2882/29 68/2883/29 1134/2884/29
f 1101/48/29 1139/47/29 48/2896/29
f 64/2882/29 1134/2884/29 1118/44/29
f 1161/2886/28 1168/2888/180 122/2898/28
f 1168/2888/180 121/2899/181 122/2898/28
f 122/2898/28 98/2900/28 1161/2886/28
f 98/2900/28 70/2883/28 1133/2884/28
f 1133/2884/28 1161/2886/28 98/2900/28
f 65/2879/28 41/2901/28 1131/44/28
f 41/2901/28 34/2902/28 1103/45/28
f 1131/44/28 41/2901/28 1103/45/28
f 34/2902/28 7/42/28 1103/45/28
f 7/42/28 22/2880/28 1103/45/28
f 25/2903/28 60/46/28 1108/48/28
f 60/46/28 74/2895/28 1138/47/28
f 22/2880/28 25/2903/28 1108/48/28
f 1103/45/28 22/2880/28 1108/48/28
f 72/2893/28 104/2904/28 1135/2894/28
f 104/2904/28 135/2905/28 1157/2906/28
f 1135/2894/28 104/2904/28 1157/2906/28
f 135/2905/28 128/2907/182 1173/2889/183
f 1133/2884/28 70/2883/28 65/2879/28
f 135/2905/28 1173/2889/183 1157/2906/28
f 1131/44/28 1133/2884/28 65/2879/28
f 74/2895/28 72/2893/28 1135/2894/28
f 74/2895/28 1135/2894/28 1138/47/28
f 1172/785/29 1171/2864/184 139/2908/29
f 1171/2864/184 134/2909/185 139/2908/29
f 139/2908/29 101/2892/29 1172/785/29
f 101/2892/29 79/2910/29 1149/2868/29
f 1149/2868/29 1172/785/29 101/2892/29
f 81/2911/29 49/2912/29 1125/1266/29
f 49/2912/29 58/2913/29 1107/48/29
f 1125/1266/29 49/2912/29 1107/48/29
f 58/2913/29 46/1207/29 1107/48/29
f 46/1207/29 21/2914/29 1107/48/29
f 15/2915/29 35/49/29 1106/50/29
f 35/49/29 83/2879/29 1116/44/29
f 21/2914/29 15/2915/29 1106/50/29
f 1107/48/29 21/2914/29 1106/50/29
f 85/2883/29 106/2876/29 1143/2878/29
f 106/2876/29 120/2916/29 1153/2872/29
f 1143/2878/29 106/2876/29 1153/2872/29
f 120/2916/29 119/2917/186 1166/2888/187
f 1149/2868/29 79/2910/29 81/2911/29
f 120/2916/29 1166/2888/187 1153/2872/29
f 1125/1266/29 1149/2868/29 81/2911/29
f 83/2879/29 85/2883/29 1143/2878/29
f 83/2879/29 1143/2878/29 1116/44/29
f 16/54/30 2/2919/30 1/55/31
f 140/70/39 1165/2937/194 1163/71/40
f 1182/106/53 1178/1227/198 146/107/54
f 1171/149/78 1174/2967/211 130/150/79
f 3/155/82 4/2968/83 29/156/83
f 856/2970/28 791/720/28 314/2971/28
f 791/720/28 795/2972/212 314/2971/28
f 795/2972/212 316/2973/213 314/2971/28
f 856/2970/28 314/2971/28 315/2974/28
f 856/2970/28 315/2974/28 313/2975/28
f 944/2884/28 856/2970/28 313/2975/28
f 322/2976/28 324/2977/213 798/2978/214
f 798/2978/214 812/2979/28 322/2976/28
f 812/2979/28 880/2980/28 322/2976/28
f 323/2981/28 322/2976/28 880/2980/28
f 323/2981/28 880/2980/28 320/2982/28
f 880/2980/28 964/2983/28 320/2982/28
f 944/2884/28 313/2975/28 311/2984/28
f 944/2884/28 311/2984/28 305/2985/28
f 307/2986/28 320/2982/28 964/2983/28
f 304/2987/28 307/2986/28 964/2983/28
f 923/2988/28 944/2884/28 305/2985/28
f 923/2988/28 305/2985/28 296/2989/28
f 304/2987/28 964/2983/28 983/2990/28
f 299/2991/28 304/2987/28 983/2990/28
f 1003/2992/28 923/2988/28 296/2989/28
f 1003/2992/28 296/2989/28 297/2993/28
f 299/2991/28 983/2990/28 1053/2994/28
f 298/2995/28 299/2991/28 1053/2994/28
f 1020/161/28 1003/2992/28 292/298/28
f 1003/2992/28 297/2993/28 292/298/28
f 298/2995/28 1053/2994/28 295/162/28
f 1053/2994/28 1079/163/28 295/162/28
f 1020/161/28 292/298/28 295/162/28
f 835/175/89 836/3004/216 175/176/90
f 817/2970/28 831/720/28 206/2971/28
f 831/720/28 823/2972/212 206/2971/28
f 823/2972/212 208/2973/213 206/2971/28
f 817/2970/28 206/2971/28 207/2974/28
f 817/2970/28 207/2974/28 205/3006/28
f 926/2884/28 817/2970/28 205/3006/28
f 214/2976/28 216/3007/213 826/2978/217
f 826/2978/217 842/3008/28 214/2976/28
f 842/3008/28 885/3009/28 214/2976/28
f 215/3010/28 214/2976/28 885/3009/28
f 215/3010/28 885/3009/28 212/2982/28
f 885/3009/28 965/738/28 212/2982/28
f 926/2884/28 205/3006/28 203/3011/28
f 926/2884/28 203/3011/28 197/3012/28
f 199/3013/28 212/2982/28 965/738/28
f 196/3014/28 199/3013/28 965/738/28
f 912/3015/28 926/2884/28 197/3012/28
f 912/3015/28 197/3012/28 188/2989/28
f 196/3014/28 965/738/28 987/3016/28
f 191/3017/28 196/3014/28 987/3016/28
f 1006/2992/28 912/3015/28 188/2989/28
f 1006/2992/28 188/2989/28 189/2993/28
f 191/3017/28 987/3016/28 1058/2994/28
f 190/2995/28 191/3017/28 1058/2994/28
f 1025/161/28 1006/2992/28 184/298/28
f 1006/2992/28 189/2993/28 184/298/28
f 190/2995/28 1058/2994/28 187/181/28
f 1058/2994/28 1076/163/28 187/181/28
f 1025/161/28 184/298/28 187/181/28
f 838/186/96 839/3019/218 180/187/97
f 823/213/89 837/3033/216 211/214/90
f 867/2970/28 818/720/28 242/2971/28
f 818/720/28 821/2972/212 242/2971/28
f 821/2972/212 244/2973/213 242/2971/28
f 867/2970/28 242/2971/28 243/2974/28
f 867/2970/28 243/2974/28 241/2975/28
f 945/3035/28 867/2970/28 241/2975/28
f 250/2976/28 252/2977/213 824/2978/220
f 824/2978/220 829/3008/28 250/2976/28
f 829/3008/28 884/3009/28 250/2976/28
f 251/3010/28 250/2976/28 884/3009/28
f 251/3010/28 884/3009/28 248/2982/28
f 884/3009/28 953/738/28 248/2982/28
f 945/3035/28 241/2975/28 239/2984/28
f 945/3035/28 239/2984/28 233/2985/28
f 235/3036/28 248/2982/28 953/738/28
f 232/3037/28 235/3036/28 953/738/28
f 911/3038/28 945/3035/28 233/2985/28
f 911/3038/28 233/2985/28 224/2989/28
f 232/3037/28 953/738/28 988/3016/28
f 227/3017/28 232/3037/28 988/3016/28
f 1004/2992/28 911/3038/28 224/2989/28
f 1004/2992/28 224/2989/28 225/2993/28
f 227/3017/28 988/3016/28 1056/2994/28
f 226/2995/28 227/3017/28 1056/2994/28
f 1072/161/28 1004/2992/28 220/298/28
f 1004/2992/28 225/2993/28 220/298/28
f 226/2995/28 1056/2994/28 223/181/28
f 1056/2994/28 1094/163/28 223/181/28
f 1072/161/28 220/298/28 223/181/28
f 461/3039/29 463/2973/221 768/2972/222
f 768/2972/222 765/720/29 461/3039/29
f 765/720/29 864/2970/29 461/3039/29
f 462/3040/29 461/3039/29 864/2970/29
f 462/3040/29 864/2970/29 456/3041/29
f 864/2970/29 934/2884/29 456/3041/29
f 876/3042/29 772/3043/29 469/3044/29
f 772/3043/29 769/3045/223 469/3044/29
f 769/3045/223 471/3007/221 469/3044/29
f 876/3042/29 469/3044/29 470/3046/29
f 876/3042/29 470/3046/29 465/3047/29
f 892/2983/29 876/3042/29 465/3047/29
f 454/2984/29 456/3041/29 934/2884/29
f 892/2983/29 465/3047/29 450/2986/29
f 892/2983/29 450/2986/29 452/2870/29
f 454/2984/29 934/2884/29 453/2985/29
f 934/2884/29 920/44/29 453/2985/29
f 976/3048/29 892/2983/29 452/2870/29
f 976/3048/29 452/2870/29 445/3049/29
f 453/2985/29 920/44/29 446/3050/29
f 920/44/29 1013/3051/29 446/3050/29
f 1038/2994/29 976/3048/29 445/3049/29
f 1038/2994/29 445/3049/29 444/3052/29
f 447/3053/29 446/3050/29 1013/3051/29
f 438/220/29 447/3053/29 1062/161/29
f 447/3053/29 1013/3051/29 1062/161/29
f 1089/221/29 1038/2994/29 444/3052/29
f 1089/221/29 444/3052/29 437/387/29
f 1089/221/29 437/387/29 438/220/29
f 841/225/96 826/3055/113 216/215/97
f 821/254/89 822/3069/224 247/255/90
f 845/721/28 733/720/28 566/3071/28
f 733/720/28 736/3072/212 566/3071/28
f 736/3072/212 568/3073/213 566/3071/28
f 845/721/28 566/3071/28 567/3074/28
f 845/721/28 567/3074/28 565/3075/28
f 933/2884/28 845/721/28 565/3075/28
f 574/3076/28 576/3077/213 743/3078/225
f 743/3078/225 759/3043/28 574/3076/28
f 759/3043/28 871/786/28 574/3076/28
f 575/3079/28 574/3076/28 871/786/28
f 575/3079/28 871/786/28 572/3080/28
f 871/786/28 957/2983/28 572/3080/28
f 933/2884/28 565/3075/28 563/2984/28
f 933/2884/28 563/2984/28 557/2879/28
f 559/3081/28 572/3080/28 957/2983/28
f 556/2870/28 559/3081/28 957/2983/28
f 915/44/28 933/2884/28 557/2879/28
f 915/44/28 557/2879/28 548/3082/28
f 556/2870/28 957/2983/28 967/3048/28
f 551/2991/28 556/2870/28 967/3048/28
f 992/3083/28 915/44/28 548/3082/28
f 992/3083/28 548/3082/28 549/3084/28
f 551/2991/28 967/3048/28 1044/3085/28
f 550/3086/28 551/2991/28 1044/3085/28
f 1085/161/28 992/3083/28 544/3087/28
f 992/3083/28 549/3084/28 544/3087/28
f 550/3086/28 1044/3085/28 547/262/28
f 1044/3085/28 1092/261/28 547/262/28
f 1085/161/28 544/3087/28 547/262/28
f 825/266/96 824/3089/218 252/267/97
f 808/292/89 810/3100/226 283/293/90
f 848/676/28 747/3102/28 530/3103/28
f 747/3102/28 750/3104/212 530/3103/28
f 750/3104/212 532/3105/213 530/3103/28
f 848/676/28 530/3103/28 531/3106/28
f 848/676/28 531/3106/28 529/3075/28
f 930/2884/28 848/676/28 529/3075/28
f 538/3107/28 540/3007/213 754/3108/225
f 754/3108/225 755/3008/28 538/3107/28
f 755/3008/28 874/3109/28 538/3107/28
f 539/3010/28 538/3107/28 874/3109/28
f 539/3010/28 874/3109/28 536/3080/28
f 874/3109/28 958/2983/28 536/3080/28
f 930/2884/28 529/3075/28 527/2883/28
f 930/2884/28 527/2883/28 521/3110/28
f 523/2910/28 536/3080/28 958/2983/28
f 520/2870/28 523/2910/28 958/2983/28
f 917/3015/28 930/2884/28 521/3110/28
f 917/3015/28 521/3110/28 512/2989/28
f 520/2870/28 958/2983/28 969/3111/28
f 515/2991/28 520/2870/28 969/3111/28
f 1010/3112/28 917/3015/28 512/2989/28
f 1010/3112/28 512/2989/28 513/2993/28
f 515/2991/28 969/3111/28 1045/3085/28
f 514/3086/28 515/2991/28 1045/3085/28
f 1083/301/28 1010/3112/28 508/298/28
f 1010/3112/28 513/2993/28 508/298/28
f 514/3086/28 1045/3085/28 511/262/28
f 1045/3085/28 1087/261/28 511/262/28
f 1083/301/28 508/298/28 1087/261/28
f 533/3113/29 535/3105/221 752/3104/227
f 752/3104/227 748/718/29 533/3113/29
f 748/718/29 847/676/29 533/3113/29
f 534/3114/29 533/3113/29 847/676/29
f 534/3114/29 847/676/29 528/3041/29
f 847/676/29 932/2884/29 528/3041/29
f 872/3109/29 756/3008/29 541/3115/29
f 756/3008/29 758/3108/223 541/3115/29
f 758/3108/223 543/3007/228 541/3115/29
f 872/3109/29 541/3115/29 542/3116/29
f 872/3109/29 542/3116/29 537/3047/29
f 890/2983/29 872/3109/29 537/3047/29
f 526/2883/29 528/3041/29 932/2884/29
f 890/2983/29 537/3047/29 522/2910/29
f 890/2983/29 522/2910/29 524/3117/29
f 526/2883/29 932/2884/29 525/3110/29
f 932/2884/29 916/3038/29 525/3110/29
f 971/3111/29 890/2983/29 524/3117/29
f 971/3111/29 524/3117/29 517/3049/29
f 525/3110/29 916/3038/29 518/3050/29
f 916/3038/29 1011/3112/29 518/3050/29
f 1035/3118/29 971/3111/29 517/3049/29
f 1035/3118/29 517/3049/29 516/3119/29
f 519/3120/29 518/3050/29 1011/3112/29
f 510/300/29 519/3120/29 1011/3112/29
f 1067/261/29 1035/3118/29 516/3119/29
f 1067/261/29 516/3119/29 509/3121/29
f 510/300/29 1011/3112/29 1060/301/29
f 1067/261/29 509/3121/29 510/300/29
f 814/305/96 811/3123/218 288/294/97
f 353/3039/29 355/3073/221 796/2972/229
f 796/2972/229 794/720/29 353/3039/29
f 794/720/29 858/2970/29 353/3039/29
f 354/3124/29 353/3039/29 858/2970/29
f 354/3124/29 858/2970/29 348/3125/29
f 858/2970/29 940/2884/29 348/3125/29
f 866/2980/29 799/2979/29 361/3126/29
f 799/2979/29 801/2978/223 361/3126/29
f 801/2978/223 363/2977/221 361/3126/29
f 866/2980/29 361/3126/29 362/3127/29
f 866/2980/29 362/3127/29 357/3128/29
f 895/3129/29 866/2980/29 357/3128/29
f 346/2984/29 348/3125/29 940/2884/29
f 895/3129/29 357/3128/29 342/2986/29
f 895/3129/29 342/2986/29 344/3130/29
f 346/2984/29 940/2884/29 345/2985/29
f 940/2884/29 908/3015/29 345/2985/29
f 978/2990/29 895/3129/29 344/3130/29
f 978/2990/29 344/3130/29 337/3049/29
f 345/2985/29 908/3015/29 338/3050/29
f 908/3015/29 1000/2992/29 338/3050/29
f 1054/2994/29 978/2990/29 337/3049/29
f 1054/2994/29 337/3049/29 336/3052/29
f 339/3131/29 338/3050/29 1000/2992/29
f 330/300/29 339/3131/29 1000/2992/29
f 1078/163/29 1054/2994/29 336/3052/29
f 1078/163/29 336/3052/29 329/3132/29
f 330/300/29 1000/2992/29 1073/161/29
f 1078/163/29 329/3132/29 330/300/29
f 851/3138/28 762/718/28 458/3139/28
f 762/718/28 767/3104/212 458/3139/28
f 767/3104/212 460/3105/213 458/3139/28
f 851/3138/28 458/3139/28 459/3074/28
f 851/3138/28 459/3074/28 457/3075/28
f 935/2884/28 851/3138/28 457/3075/28
f 466/3107/28 468/3007/213 771/3140/217
f 771/3140/217 770/3008/28 466/3107/28
f 770/3008/28 875/2980/28 466/3107/28
f 467/3010/28 466/3107/28 875/2980/28
f 467/3010/28 875/2980/28 464/3080/28
f 875/2980/28 960/2983/28 464/3080/28
f 935/2884/28 457/3075/28 455/2984/28
f 935/2884/28 455/2984/28 449/2879/28
f 451/3081/28 464/3080/28 960/2983/28
f 448/2870/28 451/3081/28 960/2983/28
f 921/44/28 935/2884/28 449/2879/28
f 921/44/28 449/2879/28 440/2989/28
f 448/2870/28 960/2983/28 974/3048/28
f 443/2991/28 448/2870/28 974/3048/28
f 1012/3141/28 921/44/28 440/2989/28
f 1012/3141/28 440/2989/28 441/3142/28
f 443/2991/28 974/3048/28 1047/3143/28
f 442/2995/28 443/2991/28 1047/3143/28
f 1061/301/28 1012/3141/28 436/491/28
f 1012/3141/28 441/3142/28 436/491/28
f 442/2995/28 1047/3143/28 439/321/28
f 1047/3143/28 1088/322/28 439/321/28
f 1061/301/28 436/491/28 439/321/28
f 795/334/89 809/3151/230 319/335/90
f 855/2970/28 793/720/28 350/2971/28
f 793/720/28 797/3104/212 350/2971/28
f 797/3104/212 352/3073/213 350/2971/28
f 855/2970/28 350/2971/28 351/2974/28
f 855/2970/28 351/2974/28 349/2975/28
f 941/2884/28 855/2970/28 349/2975/28
f 358/3153/28 360/2977/213 803/2978/214
f 803/2978/214 804/2979/28 358/3153/28
f 804/2979/28 879/2980/28 358/3153/28
f 359/2981/28 358/3153/28 879/2980/28
f 359/2981/28 879/2980/28 356/3154/28
f 879/2980/28 955/3129/28 356/3154/28
f 941/2884/28 349/2975/28 347/2984/28
f 941/2884/28 347/2984/28 341/2985/28
f 343/2986/28 356/3154/28 955/3129/28
f 340/2987/28 343/2986/28 955/3129/28
f 906/3015/28 941/2884/28 341/2985/28
f 906/3015/28 341/2985/28 332/2989/28
f 340/2987/28 955/3129/28 981/3048/28
f 335/2991/28 340/2987/28 981/3048/28
f 999/3155/28 906/3015/28 332/2989/28
f 999/3155/28 332/2989/28 333/3142/28
f 335/2991/28 981/3048/28 1051/2994/28
f 334/2995/28 335/2991/28 1051/2994/28
f 1071/161/28 999/3155/28 328/298/28
f 999/3155/28 333/3142/28 328/298/28
f 334/2995/28 1051/2994/28 331/162/28
f 1051/2994/28 1081/163/28 331/162/28
f 1071/161/28 328/298/28 331/162/28
f 802/344/96 798/3157/231 324/336/97
f 797/370/89 796/3171/226 355/371/109
f 865/2970/28 776/720/28 386/2971/28
f 776/720/28 778/2972/212 386/2971/28
f 778/2972/212 388/2973/213 386/2971/28
f 865/2970/28 386/2971/28 387/3173/28
f 865/2970/28 387/3173/28 385/3075/28
f 939/3035/28 865/2970/28 385/3075/28
f 394/2976/28 396/3007/213 785/2978/220
f 785/2978/220 786/787/28 394/2976/28
f 786/787/28 877/3042/28 394/2976/28
f 395/3174/28 394/2976/28 877/3042/28
f 395/3174/28 877/3042/28 392/3080/28
f 877/3042/28 962/3129/28 392/3080/28
f 939/3035/28 385/3075/28 383/2984/28
f 939/3035/28 383/2984/28 377/3110/28
f 379/3175/28 392/3080/28 962/3129/28
f 376/3117/28 379/3175/28 962/3129/28
f 905/3038/28 939/3035/28 377/3110/28
f 905/3038/28 377/3110/28 368/2989/28
f 376/3117/28 962/3129/28 979/3176/28
f 371/2991/28 376/3117/28 979/3176/28
f 996/3051/28 905/3038/28 368/2989/28
f 996/3051/28 368/2989/28 369/3142/28
f 371/2991/28 979/3176/28 1050/2994/28
f 370/2995/28 371/2991/28 1050/2994/28
f 1091/161/28 996/3051/28 364/298/28
f 996/3051/28 369/3142/28 364/298/28
f 370/2995/28 1050/2994/28 367/321/28
f 1050/2994/28 1069/221/28 367/321/28
f 1091/161/28 364/298/28 367/321/28
f 605/3180/29 607/3073/228 738/3072/227
f 738/3072/227 735/720/29 605/3180/29
f 735/720/29 862/721/29 605/3180/29
f 606/3181/29 605/3180/29 862/721/29
f 606/3181/29 862/721/29 600/3041/29
f 862/721/29 928/2878/29 600/3041/29
f 746/786/29 740/787/29 613/3182/29
f 740/787/29 741/3078/223 613/3182/29
f 741/3078/223 615/3077/228 613/3182/29
f 746/786/29 613/3182/29 614/3183/29
f 746/786/29 614/3183/29 609/3047/29
f 888/3184/29 746/786/29 609/3047/29
f 598/2984/29 600/3041/29 928/2878/29
f 888/3184/29 609/3047/29 594/3081/29
f 888/3184/29 594/3081/29 596/2870/29
f 598/2984/29 928/2878/29 597/2879/29
f 928/2878/29 901/44/29 597/2879/29
f 968/3048/29 888/3184/29 596/2870/29
f 968/3048/29 596/2870/29 589/3049/29
f 597/2879/29 901/44/29 590/3185/29
f 901/44/29 1008/3083/29 590/3185/29
f 1033/3085/29 968/3048/29 589/3049/29
f 1033/3085/29 589/3049/29 588/3186/29
f 591/3187/29 590/3185/29 1008/3083/29
f 582/379/29 591/3187/29 1008/3083/29
f 1075/261/29 1033/3085/29 588/3186/29
f 1075/261/29 588/3186/29 581/3188/29
f 582/379/29 1008/3083/29 1019/161/29
f 1075/261/29 581/3188/29 582/379/29
f 801/383/96 803/3190/231 360/372/97
f 425/3039/29 427/2973/221 780/2972/232
f 780/2972/232 777/720/29 425/3039/29
f 777/720/29 852/2970/29 425/3039/29
f 426/3040/29 425/3039/29 852/2970/29
f 426/3040/29 852/2970/29 420/3041/29
f 852/2970/29 938/2884/29 420/3041/29
f 790/3042/29 783/3191/29 433/3044/29
f 783/3191/29 782/3045/223 433/3044/29
f 782/3045/223 435/3007/221 433/3044/29
f 790/3042/29 433/3044/29 434/3046/29
f 790/3042/29 434/3046/29 429/3192/29
f 893/2983/29 790/3042/29 429/3192/29
f 418/2883/29 420/3041/29 938/2884/29
f 893/2983/29 429/3192/29 414/3193/29
f 893/2983/29 414/3193/29 416/3117/29
f 418/2883/29 938/2884/29 417/3110/29
f 938/2884/29 922/3015/29 417/3110/29
f 975/3176/29 893/2983/29 416/3117/29
f 975/3176/29 416/3117/29 409/3049/29
f 417/3110/29 922/3015/29 410/3050/29
f 922/3015/29 998/3051/29 410/3050/29
f 1037/2994/29 975/3176/29 409/3049/29
f 1037/2994/29 409/3049/29 408/3052/29
f 411/3053/29 410/3050/29 998/3051/29
f 402/300/29 411/3053/29 998/3051/29
f 1070/221/29 1037/2994/29 408/3052/29
f 1070/221/29 408/3052/29 401/387/29
f 402/300/29 998/3051/29 1064/161/29
f 1070/221/29 401/387/29 1064/161/29
f 173/3113/29 175/3197/228 836/2972/227
f 836/2972/227 833/718/29 173/3113/29
f 833/718/29 868/3138/29 173/3113/29
f 174/3114/29 173/3113/29 868/3138/29
f 174/3114/29 868/3138/29 168/3125/29
f 868/3138/29 949/722/29 168/3125/29
f 886/3009/29 840/3008/29 181/3115/29
f 840/3008/29 838/3108/223 181/3115/29
f 838/3108/223 183/2977/221 181/3115/29
f 886/3009/29 181/3115/29 182/3198/29
f 886/3009/29 182/3198/29 177/3199/29
f 899/3200/29 886/3009/29 177/3199/29
f 166/3201/29 168/3125/29 949/722/29
f 899/3200/29 177/3199/29 162/3036/29
f 899/3200/29 162/3036/29 164/3037/29
f 166/3201/29 949/722/29 165/3012/29
f 949/722/29 914/3202/29 165/3012/29
f 991/3016/29 899/3200/29 164/3037/29
f 991/3016/29 164/3037/29 157/3203/29
f 165/3012/29 914/3202/29 158/3050/29
f 914/3202/29 1017/3112/29 158/3050/29
f 1042/3085/29 991/3016/29 157/3203/29
f 1042/3085/29 157/3203/29 156/3186/29
f 159/3120/29 158/3050/29 1017/3112/29
f 150/379/29 159/3120/29 1017/3112/29
f 1031/163/29 1042/3085/29 156/3186/29
f 1031/163/29 156/3186/29 149/3204/29
f 150/379/29 1017/3112/29 1027/161/29
f 1031/163/29 149/3204/29 150/379/29
f 778/409/89 781/3212/233 391/410/90
f 857/2970/28 806/720/28 278/2971/28
f 806/720/28 808/2972/212 278/2971/28
f 808/2972/212 280/2973/213 278/2971/28
f 857/2970/28 278/2971/28 279/2974/28
f 857/2970/28 279/2974/28 277/2975/28
f 946/3214/28 857/2970/28 277/2975/28
f 286/2976/28 288/2977/213 811/2978/212
f 811/2978/212 813/2979/28 286/2976/28
f 813/2979/28 881/2980/28 286/2976/28
f 287/2981/28 286/2976/28 881/2980/28
f 287/2981/28 881/2980/28 284/2982/28
f 881/2980/28 963/3215/28 284/2982/28
f 946/3214/28 277/2975/28 275/3216/28
f 946/3214/28 275/3216/28 269/3217/28
f 271/3036/28 284/2982/28 963/3215/28
f 268/3037/28 271/3036/28 963/3215/28
f 924/2988/28 946/3214/28 269/3217/28
f 924/2988/28 269/3217/28 260/2989/28
f 268/3037/28 963/3215/28 982/3016/28
f 263/2991/28 268/3037/28 982/3016/28
f 1014/2992/28 924/2988/28 260/2989/28
f 1014/2992/28 260/2989/28 261/2993/28
f 263/2991/28 982/3016/28 1055/2994/28
f 262/2995/28 263/2991/28 1055/2994/28
f 1023/161/28 1014/2992/28 256/298/28
f 1014/2992/28 261/2993/28 256/298/28
f 262/2995/28 1055/2994/28 259/181/28
f 1055/2994/28 1029/163/28 259/181/28
f 1023/161/28 256/298/28 259/181/28
f 787/419/96 785/3219/218 396/420/97
f 245/3039/29 247/2973/221 822/2972/234
f 822/2972/234 819/720/29 245/3039/29
f 819/720/29 859/2970/29 245/3039/29
f 246/3124/29 245/3039/29 859/2970/29
f 246/3124/29 859/2970/29 240/3223/29
f 859/2970/29 948/2884/29 240/3223/29
f 883/3009/29 827/3008/29 253/3044/29
f 827/3008/29 825/2978/223 253/3044/29
f 825/2978/223 255/3007/221 253/3044/29
f 883/3009/29 253/3044/29 254/3116/29
f 883/3009/29 254/3116/29 249/3224/29
f 897/738/29 883/3009/29 249/3224/29
f 238/3011/29 240/3223/29 948/2884/29
f 897/738/29 249/3224/29 234/3013/29
f 897/738/29 234/3013/29 236/3014/29
f 238/3011/29 948/2884/29 237/3012/29
f 948/2884/29 910/3015/29 237/3012/29
f 986/3016/29 897/738/29 236/3014/29
f 986/3016/29 236/3014/29 229/3203/29
f 237/3012/29 910/3015/29 230/3050/29
f 910/3015/29 1005/2992/29 230/3050/29
f 1040/2994/29 986/3016/29 229/3203/29
f 1040/2994/29 229/3203/29 228/3052/29
f 231/3225/29 230/3050/29 1005/2992/29
f 222/300/29 231/3225/29 1005/2992/29
f 1095/163/29 1040/2994/29 228/3052/29
f 1095/163/29 228/3052/29 221/3226/29
f 222/300/29 1005/2992/29 1074/161/29
f 1095/163/29 221/3226/29 222/300/29
f 779/449/89 780/3235/235 427/450/90
f 782/459/96 784/3238/218 432/451/97
f 497/3113/29 499/3105/221 753/3104/236
f 753/3104/236 764/718/29 497/3113/29
f 764/718/29 850/3138/29 497/3113/29
f 498/3181/29 497/3113/29 850/3138/29
f 498/3181/29 850/3138/29 492/3041/29
f 850/3138/29 937/2878/29 492/3041/29
f 863/2980/29 773/3008/29 505/3115/29
f 773/3008/29 774/3140/223 505/3115/29
f 774/3140/223 507/3007/221 505/3115/29
f 863/2980/29 505/3115/29 506/3116/29
f 863/2980/29 506/3116/29 501/3047/29
f 891/2983/29 863/2980/29 501/3047/29
f 490/2984/29 492/3041/29 937/2878/29
f 891/2983/29 501/3047/29 486/3081/29
f 891/2983/29 486/3081/29 488/3117/29
f 490/2984/29 937/2878/29 489/2879/29
f 937/2878/29 903/3038/29 489/2879/29
f 972/3048/29 891/2983/29 488/3117/29
f 972/3048/29 488/3117/29 481/3049/29
f 489/2879/29 903/3038/29 482/3050/29
f 903/3038/29 994/3141/29 482/3050/29
f 1036/3143/29 972/3048/29 481/3049/29
f 1036/3143/29 481/3049/29 480/3119/29
f 483/3053/29 482/3050/29 994/3141/29
f 474/220/29 483/3053/29 1084/301/29
f 483/3053/29 994/3141/29 1084/301/29
f 1065/322/29 1036/3143/29 480/3119/29
f 1065/322/29 480/3119/29 473/387/29
f 1065/322/29 473/387/29 474/220/29
f 460/485/91 767/3249/89 768/486/112
f 849/676/28 763/718/28 494/3139/28
f 763/718/28 766/3104/212 494/3139/28
f 766/3104/212 496/3105/213 494/3139/28
f 849/676/28 494/3139/28 495/3106/28
f 849/676/28 495/3106/28 493/3075/28
f 919/2884/28 849/676/28 493/3075/28
f 502/3107/28 504/3007/213 757/3140/237
f 757/3140/237 761/3008/28 502/3107/28
f 761/3008/28 873/3109/28 502/3107/28
f 503/3010/28 502/3107/28 873/3109/28
f 503/3010/28 873/3109/28 500/3080/28
f 873/3109/28 959/2983/28 500/3080/28
f 919/2884/28 493/3075/28 491/2883/28
f 919/2884/28 491/2883/28 485/3110/28
f 487/2910/28 500/3080/28 959/2983/28
f 484/3117/28 487/2910/28 959/2983/28
f 918/3038/28 919/2884/28 485/3110/28
f 918/3038/28 485/3110/28 476/2989/28
f 484/3117/28 959/2983/28 973/3176/28
f 479/2991/28 484/3117/28 973/3176/28
f 995/3112/28 918/3038/28 476/2989/28
f 995/3112/28 476/2989/28 477/3142/28
f 479/2991/28 973/3176/28 1046/3118/28
f 478/3251/28 479/2991/28 1046/3118/28
f 1082/301/28 995/3112/28 472/491/28
f 995/3112/28 477/3142/28 472/491/28
f 478/3251/28 1046/3118/28 475/321/28
f 1046/3118/28 1068/261/28 475/321/28
f 1082/301/28 472/491/28 1068/261/28
f 471/487/98 769/3253/96 771/496/113
f 766/522/89 753/3264/238 499/523/90
f 774/532/96 757/3267/239 504/533/97
f 569/3113/29 571/3105/228 751/3104/229
f 751/3104/229 749/3102/29 569/3113/29
f 749/3102/29 846/676/29 569/3113/29
f 570/3114/29 569/3113/29 846/676/29
f 570/3114/29 846/676/29 564/3041/29
f 846/676/29 931/2884/29 564/3041/29
f 870/3109/29 760/3008/29 577/3115/29
f 760/3008/29 739/3108/223 577/3115/29
f 739/3108/223 579/2977/221 577/3115/29
f 870/3109/29 577/3115/29 578/3116/29
f 870/3109/29 578/3116/29 573/3047/29
f 889/2983/29 870/3109/29 573/3047/29
f 562/2984/29 564/3041/29 931/2884/29
f 889/2983/29 573/3047/29 558/2910/29
f 889/2983/29 558/2910/29 560/2870/29
f 562/2984/29 931/2884/29 561/3110/29
f 931/2884/29 902/44/29 561/3110/29
f 970/3111/29 889/2983/29 560/2870/29
f 970/3111/29 560/2870/29 553/3049/29
f 561/3110/29 902/44/29 554/3050/29
f 902/44/29 993/3112/29 554/3050/29
f 1034/3085/29 970/3111/29 553/3049/29
f 1034/3085/29 553/3049/29 552/3186/29
f 555/3120/29 554/3050/29 993/3112/29
f 546/300/29 555/3120/29 993/3112/29
f 1093/261/29 1034/3085/29 552/3186/29
f 1093/261/29 552/3186/29 545/3188/29
f 546/300/29 993/3112/29 1059/301/29
f 1093/261/29 545/3188/29 546/300/29
f 317/3039/29 319/2973/221 809/2972/240
f 809/2972/240 807/720/29 317/3039/29
f 807/720/29 805/2970/29 317/3039/29
f 318/3124/29 317/3039/29 805/2970/29
f 318/3124/29 805/2970/29 312/3125/29
f 805/2970/29 943/2884/29 312/3125/29
f 816/2980/29 815/2979/29 325/3044/29
f 815/2979/29 802/2978/223 325/3044/29
f 802/2978/223 327/2977/221 325/3044/29
f 816/2980/29 325/3044/29 326/3127/29
f 816/2980/29 326/3127/29 321/3272/29
f 956/2894/29 816/2980/29 321/3272/29
f 310/2984/29 312/3125/29 943/2884/29
f 956/2894/29 321/3272/29 306/3273/29
f 956/2894/29 306/3273/29 308/2987/29
f 310/2984/29 943/2884/29 309/3217/29
f 943/2884/29 925/2988/29 309/3217/29
f 984/3274/29 956/2894/29 308/2987/29
f 984/3274/29 308/2987/29 301/3049/29
f 309/3217/29 925/2988/29 302/3050/29
f 925/2988/29 1002/2992/29 302/3050/29
f 1052/2994/29 984/3274/29 301/3049/29
f 1052/2994/29 301/3049/29 300/3052/29
f 303/3225/29 302/3050/29 1002/2992/29
f 294/300/29 303/3225/29 1002/2992/29
f 1077/163/29 1052/2994/29 300/3052/29
f 1077/163/29 300/3052/29 293/3132/29
f 294/300/29 1002/2992/29 1021/161/29
f 1077/163/29 293/3132/29 294/300/29
f 750/558/89 752/3282/216 535/559/90
f 853/2970/28 775/720/28 422/2971/28
f 775/720/28 779/2972/212 422/2971/28
f 779/2972/212 424/2973/213 422/2971/28
f 853/2970/28 422/2971/28 423/3173/28
f 853/2970/28 423/3173/28 421/2975/28
f 936/2884/28 853/2970/28 421/2975/28
f 430/2976/28 432/3007/213 784/3045/212
f 784/3045/212 788/3043/28 430/2976/28
f 788/3043/28 789/3042/28 430/2976/28
f 431/3284/28 430/2976/28 789/3042/28
f 431/3284/28 789/3042/28 428/3154/28
f 789/3042/28 961/2983/28 428/3154/28
f 936/2884/28 421/2975/28 419/2984/28
f 936/2884/28 419/2984/28 413/3110/28
f 415/2986/28 428/3154/28 961/2983/28
f 412/3117/28 415/2986/28 961/2983/28
f 904/3015/28 936/2884/28 413/3110/28
f 904/3015/28 413/3110/28 404/2989/28
f 412/3117/28 961/2983/28 977/3176/28
f 407/2991/28 412/3117/28 977/3176/28
f 997/3051/28 904/3015/28 404/2989/28
f 997/3051/28 404/2989/28 405/3142/28
f 407/2991/28 977/3176/28 1048/2994/28
f 406/2995/28 407/2991/28 1048/2994/28
f 1063/161/28 997/3051/28 400/491/28
f 997/3051/28 405/3142/28 400/491/28
f 406/2995/28 1048/2994/28 403/321/28
f 1048/2994/28 1066/221/28 403/321/28
f 1063/161/28 400/491/28 403/321/28
f 543/568/98 758/3286/96 754/569/115
f 736/598/89 751/611/226 571/599/90
f 830/3303/28 832/720/28 170/3071/28
f 832/720/28 835/3304/212 170/3071/28
f 835/3304/212 172/2973/213 170/3071/28
f 830/3303/28 170/3071/28 171/3074/28
f 830/3303/28 171/3074/28 169/3006/28
f 950/3305/28 830/3303/28 169/3006/28
f 178/3076/28 180/3306/213 839/2978/212
f 839/2978/212 844/787/28 178/3076/28
f 844/787/28 887/3307/28 178/3076/28
f 179/3284/28 178/3076/28 887/3307/28
f 179/3284/28 887/3307/28 176/3308/28
f 887/3307/28 954/3200/28 176/3308/28
f 950/3305/28 169/3006/28 167/3216/28
f 950/3305/28 167/3216/28 161/3309/28
f 163/3036/28 176/3308/28 954/3200/28
f 160/3037/28 163/3036/28 954/3200/28
f 927/3310/28 950/3305/28 161/3309/28
f 927/3310/28 161/3309/28 152/2989/28
f 160/3037/28 954/3200/28 989/3016/28
f 155/3017/28 160/3037/28 989/3016/28
f 1016/3112/28 927/3310/28 152/2989/28
f 1016/3112/28 152/2989/28 153/2993/28
f 155/3017/28 989/3016/28 1057/3311/28
f 154/3312/28 155/3017/28 1057/3311/28
f 1026/161/28 1016/3112/28 148/3087/28
f 1016/3112/28 153/2993/28 148/3087/28
f 154/3312/28 1057/3311/28 151/262/28
f 1057/3311/28 1032/604/28 151/262/28
f 1026/161/28 148/3087/28 151/262/28
f 739/611/96 743/598/115 576/612/97
f 732/721/28 734/720/28 602/3071/28
f 734/720/28 737/3072/212 602/3071/28
f 737/3072/212 604/3073/213 602/3071/28
f 732/721/28 602/3071/28 603/3106/28
f 732/721/28 603/3106/28 601/3075/28
f 929/2878/28 732/721/28 601/3075/28
f 610/3076/28 612/3077/213 744/3078/212
f 744/3078/212 742/787/28 610/3076/28
f 742/787/28 745/786/28 610/3076/28
f 611/3174/28 610/3076/28 745/786/28
f 611/3174/28 745/786/28 608/3318/28
f 745/786/28 952/2983/28 608/3318/28
f 929/2878/28 601/3075/28 599/2883/28
f 929/2878/28 599/2883/28 593/2879/28
f 595/2910/28 608/3318/28 952/2983/28
f 592/3117/28 595/2910/28 952/2983/28
f 900/3038/28 929/2878/28 593/2879/28
f 900/3038/28 593/2879/28 584/3082/28
f 592/3117/28 952/2983/28 966/3048/28
f 587/3319/28 592/3117/28 966/3048/28
f 1009/3083/28 900/3038/28 584/3082/28
f 1009/3083/28 584/3082/28 585/3084/28
f 587/3319/28 966/3048/28 1043/3085/28
f 586/3086/28 587/3319/28 1043/3085/28
f 1018/161/28 1009/3083/28 580/3087/28
f 1009/3083/28 585/3084/28 580/3087/28
f 586/3086/28 1043/3085/28 583/262/28
f 1043/3085/28 1080/604/28 583/262/28
f 1018/161/28 580/3087/28 583/262/28
f 389/3039/29 391/2973/221 781/2972/223
f 781/2972/223 792/720/29 389/3039/29
f 792/720/29 854/2970/29 389/3039/29
f 390/3040/29 389/3039/29 854/2970/29
f 390/3040/29 854/2970/29 384/3125/29
f 854/2970/29 942/3035/29 384/3125/29
f 878/3042/29 800/787/29 397/3126/29
f 800/787/29 787/2978/223 397/3126/29
f 787/2978/223 399/2977/221 397/3126/29
f 878/3042/29 397/3126/29 398/3323/29
f 878/3042/29 398/3323/29 393/3128/29
f 894/3129/29 878/3042/29 393/3128/29
f 382/2984/29 384/3125/29 942/3035/29
f 894/3129/29 393/3128/29 378/2986/29
f 894/3129/29 378/2986/29 380/3117/29
f 382/2984/29 942/3035/29 381/3110/29
f 942/3035/29 907/3038/29 381/3110/29
f 980/3176/29 894/3129/29 380/3117/29
f 980/3176/29 380/3117/29 373/3049/29
f 381/3110/29 907/3038/29 374/3050/29
f 907/3038/29 1001/3051/29 374/3050/29
f 1049/2994/29 980/3176/29 373/3049/29
f 1049/2994/29 373/3049/29 372/3052/29
f 375/3053/29 374/3050/29 1001/3051/29
f 366/300/29 375/3053/29 1001/3051/29
f 1086/221/29 1049/2994/29 372/3052/29
f 1086/221/29 372/3052/29 365/387/29
f 366/300/29 1001/3051/29 1090/161/29
f 1086/221/29 365/387/29 1090/161/29
f 737/638/89 738/3334/216 607/639/90
f 741/650/96 744/3340/218 612/651/97
f 67/2883/29 93/3341/29 1146/2884/29
f 93/3341/29 109/3342/29 1162/719/29
f 1146/2884/29 93/3341/29 1162/719/29
f 109/3342/29 111/3343/243 1164/3344/244
f 1181/785/29 1176/2864/245 137/3345/29
f 1176/2864/245 136/3346/246 137/3345/29
f 137/3345/29 99/2867/29 1181/785/29
f 99/2867/29 73/2910/29 1150/2983/29
f 1150/2983/29 1181/785/29 99/2867/29
f 109/3342/29 1164/3344/244 1162/719/29
f 66/3110/29 67/2883/29 1146/2884/29
f 1141/3111/29 1150/2983/29 82/3347/29
f 1150/2983/29 73/2910/29 82/3347/29
f 66/3110/29 1146/2884/29 1129/44/29
f 43/3348/29 66/3110/29 1129/44/29
f 1121/3085/29 1141/3111/29 50/3349/29
f 1141/3111/29 82/3347/29 50/3349/29
f 43/3348/29 1129/44/29 1117/3083/29
f 44/3350/29 43/3348/29 1117/3083/29
f 1121/3085/29 50/3349/29 51/3351/29
f 1121/3085/29 51/3351/29 27/3352/29
f 44/3350/29 1117/3083/29 5/3353/29
f 1117/3083/29 1098/161/29 5/3353/29
f 1102/604/29 1121/3085/29 27/3352/29
f 1102/604/29 27/3352/29 8/656/29
f 5/3353/29 1098/161/29 6/42/29
f 1098/161/29 1102/604/29 6/42/29
f 617/664/28 650/3356/28 653/665/28
f 668/718/29 1242/717/29 673/674/29
f 1242/717/29 1243/3358/29 1290/673/29
f 673/674/29 1242/717/29 1290/673/29
f 661/674/117 673/674/117 1291/674/117
f 618/3310/28 648/3112/28 641/3359/28
f 618/3310/28 641/3359/28 623/3360/28
f 618/3310/28 623/3360/28 621/3361/28
f 624/677/28 618/3310/28 621/3361/28
f 624/677/28 621/3361/28 1295/675/28
f 621/3361/28 1294/3362/28 1295/675/28
f 1295/675/28 665/675/118 666/676/28
f 670/1020/48 669/3364/48 1162/3365/48
f 670/1020/48 1162/3365/48 1164/3366/48
f 737/3367/48 734/1021/48 670/1020/48
f 733/1016/48 735/1018/48 738/3368/48
f 737/3367/48 670/1020/48 1164/3366/48
f 736/3369/48 733/1016/48 738/3368/48
f 737/3367/48 1164/3366/48 1170/3370/48
f 1170/3370/48 1156/3371/48 1154/3372/48
f 1170/3370/48 1154/3372/48 1163/3373/48
f 737/3367/48 1170/3370/48 1163/3373/48
f 1165/3374/48 1155/3375/48 1153/3376/48
f 737/3367/48 1163/3373/48 1165/3374/48
f 1165/3374/48 1153/3376/48 1166/3377/48
f 1167/3378/48 1160/3379/48 1169/3380/48
f 1160/3379/48 1152/3381/48 1169/3380/48
f 737/3367/48 1165/3374/48 1186/3382/48
f 1165/3374/48 1166/3377/48 1186/3382/48
f 1166/3377/48 1167/3378/48 1186/3382/48
f 1167/3378/48 1169/3380/48 1186/3382/48
f 1168/3383/48 1161/3384/48 1190/3385/48
f 1169/3380/48 1168/3383/48 1186/3382/48
f 1168/3383/48 1190/3385/48 1186/3382/48
f 657/3386/48 1247/686/48 779/3387/48
f 1247/686/48 1242/1495/48 808/3388/48
f 823/3389/48 1242/1495/48 837/3390/48
f 738/3368/48 737/3367/48 657/3386/48
f 737/3367/48 1186/3382/48 657/3386/48
f 736/3369/48 738/3368/48 657/3386/48
f 1242/1495/48 668/725/48 836/3391/48
f 668/725/48 833/3392/48 836/3391/48
f 751/3393/48 736/3369/48 657/3386/48
f 1242/1495/48 823/3389/48 822/3394/48
f 1242/1495/48 836/3391/48 835/3395/48
f 835/3395/48 832/983/48 834/985/48
f 1242/1495/48 835/3395/48 837/3390/48
f 747/1013/48 749/1015/48 751/3393/48
f 750/3396/48 747/1013/48 751/3393/48
f 835/3395/48 834/985/48 837/3390/48
f 823/3389/48 831/988/48 822/3394/48
f 831/988/48 819/987/48 822/3394/48
f 1242/1495/48 822/3394/48 821/3397/48
f 750/3396/48 751/3393/48 657/3386/48
f 763/1010/48 748/1012/48 752/3398/48
f 752/3398/48 750/3396/48 657/3386/48
f 1242/1495/48 821/3397/48 810/3399/48
f 821/3397/48 818/991/48 810/3399/48
f 818/991/48 820/990/48 810/3399/48
f 1242/1495/48 810/3399/48 808/3388/48
f 766/3400/48 763/1010/48 752/3398/48
f 762/1007/48 764/1009/48 753/3401/48
f 766/3400/48 752/3398/48 657/3386/48
f 767/3402/48 762/1007/48 753/3401/48
f 753/3401/48 766/3400/48 657/3386/48
f 808/3388/48 806/994/48 809/3403/48
f 806/994/48 807/993/48 809/3403/48
f 1247/686/48 808/3388/48 809/3403/48
f 767/3402/48 753/3401/48 657/3386/48
f 775/1004/48 765/1006/48 768/3404/48
f 768/3404/48 767/3402/48 657/3386/48
f 1247/686/48 809/3403/48 795/3405/48
f 795/3405/48 791/997/48 794/996/48
f 1247/686/48 795/3405/48 796/3406/48
f 775/1004/48 768/3404/48 779/3387/48
f 768/3404/48 657/3386/48 779/3387/48
f 795/3405/48 794/996/48 796/3406/48
f 797/3407/48 793/1000/48 792/999/48
f 1247/686/48 796/3406/48 797/3407/48
f 797/3407/48 792/999/48 781/3408/48
f 1247/686/48 797/3407/48 781/3408/48
f 780/685/48 779/3387/48 1247/686/48
f 776/1001/48 777/1003/48 780/685/48
f 778/684/48 776/1001/48 780/685/48
f 1247/686/48 781/3408/48 778/684/48
f 623/687/48 620/3409/48 619/688/48
f 1133/692/48 1131/3411/48 1187/693/48
f 625/695/116 949/3412/116 868/696/116
f 1292/675/117 663/675/117 665/675/117
f 619/698/116 1293/3413/116 1294/699/116
f 640/704/116 620/3414/116 623/705/116
f 646/709/118 645/764/118 644/766/118
f 643/3415/118 1027/981/118 1017/3416/118
f 646/709/118 644/766/118 643/3415/118
f 647/3417/118 649/3418/118 646/709/118
f 640/3419/118 641/3420/118 648/708/118
f 648/708/118 647/3417/118 646/709/118
f 646/709/118 643/3415/118 642/707/118
f 643/3415/118 1017/3416/118 642/707/118
f 642/707/118 640/3419/118 648/708/118
f 1249/712/120 657/3421/120 1186/713/120
f 1289/673/28 1244/3358/28 1245/717/28
f 662/718/28 661/674/29 1288/674/28
f 1288/674/28 1289/673/28 1245/717/28
f 620/3360/29 640/3422/29 622/3310/29
f 640/3422/29 642/3112/29 622/3310/29
f 619/3423/29 620/3360/29 622/3310/29
f 619/3423/29 622/3310/29 625/722/29
f 1293/3362/29 619/3423/29 1292/675/29
f 619/3423/29 625/722/29 1292/675/29
f 664/676/29 663/675/29 1292/675/29
f 668/725/122 673/3424/122 661/3425/122
f 662/3426/122 667/3427/122 671/3428/122
f 668/725/122 661/3425/122 662/3426/122
f 868/3429/122 833/3392/122 668/725/122
f 665/1492/122 663/1494/122 664/724/122
f 664/724/122 868/3429/122 668/725/122
f 668/725/122 662/3426/122 666/723/122
f 662/3426/122 671/3428/122 666/723/122
f 666/723/122 665/1492/122 664/724/122
f 674/726/28 711/3430/28 708/727/28
f 707/163/28 649/161/28 630/3432/28
f 649/161/28 647/3112/28 630/3432/28
f 647/3112/28 626/3015/28 630/3432/28
f 630/3432/28 652/3356/28 651/664/28
f 654/666/28 655/665/28 671/676/28
f 630/3432/28 651/664/28 688/3433/28
f 707/163/28 630/3432/28 688/3433/28
f 654/666/28 671/676/28 667/718/28
f 651/664/28 654/666/28 1281/3434/28
f 654/666/28 667/718/28 1281/3434/28
f 667/718/28 1248/717/28 1281/3434/28
f 1283/732/28 1258/3435/28 725/734/28
f 1283/732/28 725/734/28 712/726/28
f 725/734/28 729/3009/28 712/726/28
f 651/664/28 1281/3434/28 1283/732/28
f 705/3118/28 707/163/28 688/3433/28
f 688/3433/28 684/3016/28 705/3118/28
f 709/733/28 710/727/28 688/3433/28
f 729/3009/28 713/3430/28 712/726/28
f 709/733/28 688/3433/28 651/664/28
f 1283/732/28 712/726/28 709/733/28
f 1253/3436/29 1252/3435/29 1299/3437/29
f 1252/3435/29 726/734/29 1298/735/29
f 1299/3437/29 1252/3435/29 1298/735/29
f 719/735/117 1297/735/117 1298/735/117
f 702/736/29 701/163/29 643/161/29
f 699/3438/28 706/3085/28 676/3016/28
f 682/738/28 724/3009/28 723/739/28
f 681/3439/28 699/3438/28 676/3016/28
f 679/3440/28 681/3439/28 676/3016/28
f 679/3440/28 676/3016/28 682/738/28
f 1303/788/28 679/3440/28 1302/739/29
f 679/3440/28 682/738/28 1302/739/29
f 645/737/28 646/161/28 704/163/28
f 1181/3444/48 727/3445/48 728/832/48
f 728/832/48 742/3446/48 744/3447/48
f 741/3448/48 740/829/48 759/3449/48
f 1181/3444/48 728/832/48 1176/3450/48
f 728/832/48 744/3447/48 1176/3450/48
f 741/3448/48 759/3449/48 743/3451/48
f 741/3448/48 743/3451/48 715/780/48
f 743/3451/48 739/3452/48 715/780/48
f 1175/3453/48 1176/3450/48 744/3447/48
f 739/3452/48 760/3454/48 755/825/48
f 739/3452/48 755/825/48 754/3455/48
f 1180/3456/48 1183/3457/48 1175/3453/48
f 1182/3458/48 1180/3456/48 1175/3453/48
f 1182/3458/48 1175/3453/48 744/3447/48
f 1172/3459/48 1177/3460/48 1171/3461/48
f 1177/3460/48 1178/3462/48 1171/3461/48
f 1178/3462/48 1182/3458/48 744/3447/48
f 758/3463/48 756/823/48 761/3464/48
f 758/3463/48 761/3464/48 757/3465/48
f 754/3455/48 758/3463/48 715/780/48
f 758/3463/48 757/3465/48 715/780/48
f 774/3466/48 773/820/48 770/3467/48
f 739/3452/48 754/3455/48 715/780/48
f 774/3466/48 770/3467/48 771/3468/48
f 744/3447/48 741/3448/48 715/780/48
f 1171/3461/48 1178/3462/48 1193/3469/48
f 1178/3462/48 744/3447/48 1193/3469/48
f 1158/3470/48 1159/3471/48 1179/3472/48
f 1159/3471/48 1174/3473/48 1179/3472/48
f 1174/3473/48 1171/3461/48 1193/3469/48
f 1197/3474/48 1157/3475/48 1173/3476/48
f 1173/3476/48 1179/3472/48 1193/3469/48
f 1179/3472/48 1174/3473/48 1193/3469/48
f 1193/3469/48 1197/3474/48 1173/3476/48
f 1252/1503/48 1257/749/48 811/3477/48
f 1257/749/48 715/780/48 784/3478/48
f 1193/3469/48 744/3447/48 715/780/48
f 715/780/48 757/3465/48 774/3466/48
f 840/3479/48 726/3480/48 838/3481/48
f 726/3480/48 1252/1503/48 838/3481/48
f 1257/749/48 784/3478/48 782/3482/48
f 715/780/48 774/3466/48 771/3468/48
f 715/780/48 771/3468/48 769/3483/48
f 839/3484/48 838/3481/48 1252/1503/48
f 843/3485/48 844/795/48 839/3484/48
f 841/3486/48 843/3485/48 839/3484/48
f 715/780/48 769/3483/48 784/3478/48
f 769/3483/48 772/817/48 788/3487/48
f 769/3483/48 788/3487/48 784/3478/48
f 841/3486/48 839/3484/48 1252/1503/48
f 827/3488/48 842/798/48 826/3489/48
f 826/3489/48 841/3486/48 1252/1503/48
f 782/3482/48 783/3490/48 785/3491/48
f 783/3490/48 786/813/48 785/3491/48
f 1257/749/48 782/3482/48 785/3491/48
f 1252/1503/48 825/3492/48 826/3489/48
f 825/3492/48 827/3488/48 826/3489/48
f 825/3492/48 1252/1503/48 824/3493/48
f 787/3494/48 800/811/48 803/3495/48
f 800/811/48 804/3496/48 803/3495/48
f 785/3491/48 787/3494/48 1257/749/48
f 824/3493/48 1252/1503/48 814/3497/48
f 828/802/48 829/3498/48 824/3493/48
f 814/3497/48 1252/1503/48 811/3477/48
f 814/3497/48 828/802/48 824/3493/48
f 815/805/48 813/3499/48 811/3477/48
f 811/3477/48 1257/749/48 802/3500/48
f 802/3500/48 815/805/48 811/3477/48
f 802/3500/48 1257/749/48 798/748/48
f 787/3494/48 803/3495/48 1257/749/48
f 801/750/48 799/3501/48 798/748/48
f 799/3501/48 812/807/48 798/748/48
f 803/3495/48 801/750/48 1257/749/48
f 677/751/48 678/3502/48 681/752/48
f 1194/758/48 1138/3503/48 1135/759/48
f 886/761/123 899/3504/123 683/762/123
f 645/764/119 703/3505/119 702/765/119
f 1301/739/117 1302/739/117 723/739/117
f 1303/767/123 1300/1502/123 677/768/123
f 1103/770/119 1108/3506/119 1195/771/119
f 681/769/123 678/3507/123 698/773/123
f 702/765/124 703/3505/124 704/3508/124
f 704/3508/124 707/3509/124 706/775/124
f 707/3509/124 705/3510/124 706/775/124
f 706/775/124 699/3511/124 698/3512/124
f 701/777/124 702/765/124 704/3508/124
f 1042/3513/124 1031/982/124 701/777/124
f 706/775/124 698/3512/124 700/776/124
f 700/776/124 1042/3513/124 701/777/124
f 701/777/124 704/3508/124 706/775/124
f 1256/779/122 1193/3469/122 715/780/122
f 720/734/28 1255/3435/28 1297/735/28
f 1255/3435/28 1254/3436/28 1296/3437/28
f 1255/3435/28 1296/3437/28 1297/735/28
f 680/3514/29 700/3085/29 698/3438/29
f 680/3514/29 698/3438/29 678/3515/29
f 680/3514/29 678/3515/29 677/3440/29
f 683/738/29 680/3514/29 677/3440/29
f 683/738/29 677/3440/29 721/739/29
f 677/3440/29 1300/788/29 721/739/29
f 722/3009/29 683/738/29 721/739/29
f 719/1499/120 731/3516/120 726/3480/120
f 726/3480/120 840/3479/120 886/3517/120
f 722/789/120 721/3518/120 723/3519/120
f 726/3480/120 886/3517/120 722/789/120
f 720/791/120 719/1499/120 726/3480/120
f 729/3520/120 725/3521/120 720/791/120
f 722/789/120 723/3519/120 724/790/120
f 724/790/120 729/3520/120 720/791/120
f 720/791/120 726/3480/120 722/789/120
f 1251/792/116 1287/3522/116 1286/793/116
f 209/3039/29 211/2973/221 837/2972/227
f 837/2972/227 834/720/29 209/3039/29
f 834/720/29 861/2970/29 209/3039/29
f 210/3124/29 209/3039/29 861/2970/29
f 210/3124/29 861/2970/29 204/3223/29
f 861/2970/29 951/3305/29 204/3223/29
f 869/3009/29 843/3008/29 217/3044/29
f 843/3008/29 841/3045/223 217/3044/29
f 841/3045/223 219/3007/221 217/3044/29
f 869/3009/29 217/3044/29 218/3116/29
f 869/3009/29 218/3116/29 213/3199/29
f 898/3200/29 869/3009/29 213/3199/29
f 202/3201/29 204/3223/29 951/3305/29
f 898/3200/29 213/3199/29 198/3036/29
f 898/3200/29 198/3036/29 200/3037/29
f 202/3201/29 951/3305/29 201/3012/29
f 951/3305/29 913/3310/29 201/3012/29
f 990/3016/29 898/3200/29 200/3037/29
f 990/3016/29 200/3037/29 193/3203/29
f 201/3012/29 913/3310/29 194/3050/29
f 913/3310/29 1007/2992/29 194/3050/29
f 1041/3311/29 990/3016/29 193/3203/29
f 1041/3311/29 193/3203/29 192/3186/29
f 195/3225/29 194/3050/29 1007/2992/29
f 186/300/29 195/3225/29 1007/2992/29
f 1028/163/29 1041/3311/29 192/3186/29
f 1028/163/29 192/3186/29 185/3226/29
f 186/300/29 1007/2992/29 1024/161/29
f 1028/163/29 185/3226/29 186/300/29
f 844/795/120 843/3485/120 869/796/120
f 842/798/120 827/3488/120 883/799/120
f 884/801/120 829/3498/120 828/802/120
f 881/804/120 813/3499/120 815/805/120
f 812/807/120 799/3501/120 866/808/120
f 879/810/120 804/3496/120 800/811/120
f 786/813/120 783/3490/120 790/814/120
f 789/816/120 788/3487/120 772/817/120
f 875/819/120 770/3467/120 773/820/120
f 873/822/120 761/3464/120 756/823/120
f 755/825/120 760/3454/120 870/826/120
f 871/828/120 759/3449/120 740/829/120
f 745/831/120 742/3446/120 728/832/120
f 1033/834/123 1044/3523/123 967/835/123
f 1034/837/123 1045/3524/123 969/838/123
f 1035/840/123 1046/3525/123 973/841/123
f 1036/843/123 1047/3526/123 974/844/123
f 1038/846/123 1048/3527/123 977/847/123
f 1037/849/123 1050/3528/123 979/850/123
f 1049/852/123 1051/3529/123 981/853/123
f 1054/855/123 1053/3530/123 983/856/123
f 1052/858/123 1055/3531/123 982/859/123
f 1039/861/123 1056/3532/123 988/862/123
f 986/864/123 1040/3533/123 1058/865/123
f 1041/867/123 1057/3534/123 989/868/123
f 991/870/123 1042/3535/123 700/871/123
f 950/872/116 951/1055/116 861/873/116
f 926/875/116 948/3536/116 859/876/116
f 945/878/116 947/1049/116 860/879/116
f 946/881/116 943/3537/116 805/882/116
f 944/884/116 940/3538/116 858/885/116
f 941/887/116 942/1040/116 854/888/116
f 939/890/116 938/3539/116 852/891/116
f 936/893/116 934/1034/116 864/894/116
f 935/896/116 937/3540/116 850/897/116
f 919/899/116 932/3541/116 847/900/116
f 930/902/116 931/1025/116 846/903/116
f 845/905/116 933/3542/116 928/906/116
f 672/910/116 732/3543/116 929/3544/116
f 929/3544/116 1146/1239/116 672/910/116
f 1146/1239/116 1162/908/116 672/910/116
f 887/911/123 869/3545/123 898/912/123
f 885/914/123 883/3546/123 897/915/123
f 884/917/123 882/3547/123 896/918/123
f 881/920/123 816/3548/123 956/860/123
f 880/921/123 866/3549/123 895/922/123
f 879/924/123 878/3550/123 894/925/123
f 877/927/123 790/3551/123 893/851/123
f 961/929/123 789/3552/123 876/930/123
f 875/932/123 863/3553/123 891/933/123
f 959/935/123 873/3554/123 872/936/123
f 958/938/123 874/3555/123 870/939/123
f 871/941/123 746/3556/123 888/836/123
f 1150/944/123 952/3557/123 730/943/123
f 952/3557/123 745/3558/123 730/943/123
f 730/943/123 727/3559/123 1181/18/123
f 1019/945/119 1085/1102/119 1092/946/119
f 1059/948/119 1083/1099/119 1087/949/119
f 1060/951/119 1082/1096/119 1068/952/119
f 1084/954/119 1061/1093/119 1088/955/119
f 1062/957/119 1063/1090/119 1066/958/119
f 1064/960/119 1091/3560/119 1069/961/119
f 1090/963/119 1071/3561/119 1081/964/119
f 1073/966/119 1020/3562/119 1079/967/119
f 1021/969/119 1023/3563/119 1029/970/119
f 1022/972/119 1072/3564/119 1094/973/119
f 1074/975/119 1025/1078/119 1076/976/119
f 1024/978/119 1026/3565/119 1032/979/119
f 1027/981/119 643/3415/119 701/777/119
f 832/983/122 830/3566/122 861/984/122
f 817/986/122 859/3567/122 819/987/122
f 867/989/122 860/3568/122 820/990/122
f 857/992/122 805/3569/122 807/993/122
f 856/995/122 858/3570/122 794/996/122
f 855/998/122 854/3571/122 792/999/122
f 776/1001/122 865/3572/122 852/1002/122
f 775/1004/122 853/3573/122 864/1005/122
f 762/1007/122 851/3574/122 850/1008/122
f 763/1010/122 849/3575/122 847/1011/122
f 747/1013/122 848/3576/122 846/1014/122
f 733/1016/122 845/3577/122 862/1017/122
f 732/1019/122 672/3578/122 670/1020/122
f 281/3039/29 283/2973/221 810/2972/229
f 810/2972/229 820/720/29 281/3039/29
f 820/720/29 860/2970/29 281/3039/29
f 282/3124/29 281/3039/29 860/2970/29
f 282/3124/29 860/2970/29 276/3125/29
f 860/2970/29 947/3579/29 276/3125/29
f 882/2980/29 828/3008/29 289/3044/29
f 828/3008/29 814/2978/223 289/3044/29
f 814/2978/223 291/2977/221 289/3044/29
f 882/2980/29 289/3044/29 290/3127/29
f 882/2980/29 290/3127/29 285/3199/29
f 896/738/29 882/2980/29 285/3199/29
f 274/3216/29 276/3125/29 947/3579/29
f 896/738/29 285/3199/29 270/3036/29
f 896/738/29 270/3036/29 272/3037/29
f 274/3216/29 947/3579/29 273/3217/29
f 947/3579/29 909/3580/29 273/3217/29
f 985/3016/29 896/738/29 272/3037/29
f 985/3016/29 272/3037/29 265/3049/29
f 273/3217/29 909/3580/29 266/3050/29
f 909/3580/29 1015/2992/29 266/3050/29
f 1039/2994/29 985/3016/29 265/3049/29
f 1039/2994/29 265/3049/29 264/3052/29
f 267/3225/29 266/3050/29 1015/2992/29
f 258/300/29 267/3225/29 1015/2992/29
f 1030/163/29 1039/2994/29 264/3052/29
f 1030/163/29 264/3052/29 257/3226/29
f 258/300/29 1015/2992/29 1022/161/29
f 1030/163/29 257/3226/29 258/300/29
f 901/1022/116 915/3581/116 992/1023/116
f 902/1025/116 917/3582/116 1010/1026/116
f 916/1028/116 918/3583/116 995/1029/116
f 903/1031/116 921/896/116 1012/1032/116
f 920/1034/116 904/3584/116 997/1035/116
f 922/1037/116 905/890/116 996/1038/116
f 907/1040/116 906/3585/116 999/1041/116
f 908/1043/116 923/3586/116 1003/1044/116
f 925/1046/116 924/3587/116 1014/1047/116
f 909/1049/116 911/3588/116 1004/1050/116
f 910/1052/116 912/3589/116 1006/1053/116
f 913/1055/116 927/3590/116 1016/1056/116
f 914/1058/116 622/3591/116 642/1059/116
f 1057/1061/124 1041/3592/124 1028/980/124
f 1058/1062/124 1040/3593/124 1095/977/124
f 1094/973/124 1056/3594/124 1039/1063/124
f 1029/970/124 1055/3595/124 1052/1064/124
f 1079/967/124 1053/3596/124 1054/1065/124
f 1051/1066/124 1049/3597/124 1086/965/124
f 1050/1067/124 1037/3598/124 1070/962/124
f 1066/958/124 1048/3599/124 1038/1068/124
f 1088/955/124 1047/3600/124 1036/1069/124
f 1068/952/124 1046/3601/124 1035/1070/124
f 1087/949/124 1045/3602/124 1034/1071/124
f 1044/1072/124 1033/3603/124 1075/947/124
f 1080/1073/124 1043/3604/124 1121/1074/124
f 1016/1076/118 1026/3565/118 1024/978/118
f 1025/1078/118 1074/975/118 1005/1079/118
f 1004/1081/118 1072/3564/118 1022/972/118
f 1014/1083/118 1023/3563/118 1021/969/118
f 1003/1085/118 1020/3562/118 1073/966/118
f 999/1041/118 1071/3605/118 1090/1087/118
f 996/1088/118 1091/3560/118 1064/960/118
f 1063/1090/118 1062/957/118 1013/1091/118
f 1061/1093/118 1084/954/118 994/1094/118
f 1082/1096/118 1060/951/118 1011/1097/118
f 1083/1099/118 1059/948/118 993/1100/118
f 1085/1102/118 1019/945/118 1008/1103/118
f 1009/1105/118 1018/3606/118 1098/1106/118
f 968/1108/48 967/3607/48 957/1109/48
f 970/1111/48 969/3608/48 958/1112/48
f 971/1114/48 973/3609/48 959/1115/48
f 972/1117/48 974/3610/48 960/1118/48
f 976/1120/48 977/3611/48 961/1121/48
f 975/1123/48 979/3612/48 962/1124/48
f 980/1126/48 981/3613/48 955/1127/48
f 978/1129/48 983/3614/48 964/1130/48
f 984/1132/48 982/3615/48 963/1133/48
f 985/1135/48 988/3616/48 953/1136/48
f 986/1138/48 987/3617/48 965/1139/48
f 990/1141/48 989/3618/48 954/1142/48
f 991/1144/48 680/3619/48 683/1145/48
f 928/1147/48 933/3620/48 915/1148/48
f 931/1150/48 930/3621/48 917/1151/48
f 916/1153/48 932/3622/48 919/1154/48
f 937/1156/48 935/3623/48 921/1157/48
f 934/1159/48 936/3624/48 904/1160/48
f 922/1162/48 938/3625/48 939/1163/48
f 942/1165/48 941/3626/48 906/1166/48
f 940/1168/48 944/3627/48 923/1169/48
f 943/1171/48 946/3628/48 924/1172/48
f 909/1174/48 947/3629/48 945/1175/48
f 948/1177/48 926/3630/48 912/1178/48
f 951/1180/48 950/3631/48 927/1181/48
f 949/1183/48 625/3632/48 622/1184/48
f 1145/1186/116 1144/3633/116 1154/1187/116
f 1142/1189/116 1143/3634/116 1153/27/116
f 1132/1191/116 1134/1246/116 1152/1192/116
f 1133/1194/116 1189/3635/116 1190/1195/116
f 1104/1197/119 1105/3636/119 1109/1198/119
f 697/3637/119 1107/3638/119 1112/1201/119
f 1107/3638/119 1106/1202/119 1112/1201/119
f 1106/1202/119 639/3639/119 1110/1200/119
f 1096/1203/119 1097/1262/119 1099/1204/119
f 1098/1106/119 1018/3606/119 1080/1073/119
f 1156/2872/28 1170/2873/247 117/3640/28
f 1170/2873/247 116/3641/248 117/3640/28
f 117/3640/28 114/3642/28 1156/2872/28
f 114/3642/28 97/2876/28 1156/2872/28
f 97/2876/28 69/2883/28 1145/2884/28
f 1145/2884/28 1156/2872/28 97/2876/28
f 75/2910/28 102/2867/28 1151/2983/28
f 102/2867/28 133/3643/28 1183/785/28
f 1151/2983/28 102/2867/28 1183/785/28
f 133/3643/28 132/3644/249 1175/2864/250
f 1145/2884/28 69/2883/28 63/2879/28
f 133/3643/28 1175/2864/250 1183/785/28
f 1126/44/28 1145/2884/28 63/2879/28
f 1126/44/28 63/2879/28 32/3645/28
f 91/2870/28 75/2910/28 1151/2983/28
f 1115/3051/28 1126/44/28 32/3645/28
f 1115/3051/28 32/3645/28 33/3646/28
f 91/2870/28 1151/2983/28 1122/3111/28
f 53/3647/28 91/2870/28 1122/3111/28
f 1097/3648/28 1115/3051/28 38/3649/28
f 1115/3051/28 33/3646/28 38/3649/28
f 53/3647/28 1122/3111/28 1120/3085/28
f 54/3650/28 53/3647/28 1120/3085/28
f 1099/604/28 1097/3648/28 18/42/28
f 1097/3648/28 38/3649/28 18/42/28
f 54/3650/28 1120/3085/28 26/1206/28
f 1120/3085/28 1099/604/28 26/1206/28
f 1099/604/28 18/42/28 23/656/28
f 86/2984/29 95/2876/29 1144/3651/29
f 95/2876/29 143/3652/29 1154/2872/29
f 1144/3651/29 95/2876/29 1154/2872/29
f 143/3652/29 142/3653/251 1163/2873/252
f 1180/785/29 1182/2864/253 145/3654/29
f 1182/2864/253 144/3655/254 145/3654/29
f 145/3654/29 129/2867/29 1180/785/29
f 129/2867/29 88/2910/29 1147/3184/29
f 1147/3184/29 1180/785/29 129/2867/29
f 143/3652/29 1163/2873/252 1154/2872/29
f 61/2879/29 86/2984/29 1144/3651/29
f 1140/1266/29 1147/3184/29 92/2870/29
f 1147/3184/29 88/2910/29 92/2870/29
f 61/2879/29 1144/3651/29 1127/44/29
f 39/3656/29 61/2879/29 1127/44/29
f 1119/3085/29 1140/1266/29 55/3657/29
f 1140/1266/29 92/2870/29 55/3657/29
f 39/3656/29 1127/44/29 1114/3051/29
f 40/3658/29 39/3656/29 1114/3051/29
f 1119/3085/29 55/3657/29 56/3659/29
f 1119/3085/29 56/3659/29 29/3660/29
f 40/3658/29 1114/3051/29 16/3661/29
f 1114/3051/29 1096/3648/29 16/3661/29
f 1100/604/29 1119/3085/29 29/3660/29
f 1100/604/29 29/3660/29 28/1207/29
f 16/3661/29 1096/3648/29 20/42/29
f 1096/3648/29 1100/604/29 20/42/29
f 697/3662/123 1113/1210/123 1107/1209/123
f 1113/1210/123 1124/3663/123 1125/1211/123
f 1123/1212/123 1139/3664/123 1101/1213/123
f 1138/1215/123 1194/3665/123 1195/1216/123
f 1140/1218/123 1119/3666/123 1120/1219/123
f 1141/1221/123 1121/3667/123 1043/1222/123
f 1183/1224/123 1180/106/123 1147/1225/123
f 1177/1227/123 1172/149/123 1149/1228/123
f 1159/1230/123 1158/12/123 1136/1231/123
f 1157/1233/123 1197/3668/123 1196/1234/123
f 1127/1236/116 1126/1186/116 1115/1237/116
f 1129/1239/116 900/3669/116 1009/1240/116
f 1116/1244/116 1130/3670/116 1111/1242/116
f 1111/1242/116 639/3671/116 1106/1243/116
f 1105/1245/116 1104/3672/116 1118/1246/116
f 1103/1248/116 1188/3673/116 1187/1249/116
f 1139/1250/48 1123/3674/48 1137/1251/48
f 1125/1253/48 1124/3675/48 1148/1254/48
f 1140/1256/48 1122/3676/48 1151/1257/48
f 1141/1259/48 966/3677/48 952/1260/48
f 1097/1262/118 1096/1203/118 1114/1263/118
f 1160/3678/28 1167/2888/255 124/3679/28
f 1167/2888/255 123/3680/256 124/3679/28
f 124/3679/28 118/2900/28 1160/3678/28
f 118/2900/28 87/2883/28 1132/2878/28
f 1132/2878/28 1160/3678/28 118/2900/28
f 84/2879/28 36/3681/28 1128/3038/28
f 36/3681/28 14/3682/28 1105/50/28
f 1128/3038/28 36/3681/28 1105/50/28
f 14/3682/28 17/2914/28 1105/50/28
f 17/2914/28 47/1207/28 1105/50/28
f 59/3683/28 52/1265/28 1109/48/28
f 52/1265/28 77/2895/28 1123/1266/28
f 47/1207/28 59/3683/28 1109/48/28
f 1105/50/28 47/1207/28 1109/48/28
f 76/2893/28 100/2904/28 1137/3215/28
f 100/2904/28 131/3684/28 1159/785/28
f 1137/3215/28 100/2904/28 1159/785/28
f 131/3684/28 130/3685/257 1174/3686/258
f 1132/2878/28 87/2883/28 84/2879/28
f 131/3684/28 1174/3686/258 1159/785/28
f 1128/3038/28 1132/2878/28 84/2879/28
f 77/2895/28 76/2893/28 1137/3215/28
f 77/2895/28 1137/3215/28 1123/1266/28
f 1120/1267/124 1119/3687/124 1100/1205/124
f 1134/1268/48 1132/3688/48 1128/1269/48
f 1143/1271/48 1142/3689/48 1130/1272/48
f 1144/1274/48 1145/3690/48 1126/1275/48
f 1129/1277/48 1146/3691/48 929/1278/48
f 633/1378/123 1184/1388/123 1280/1379/123
f 635/1381/123 1243/1391/123 1242/1382/123
f 636/1384/123 638/1394/123 1245/1385/123
f 1185/1387/123 1246/714/123 1280/1379/123
f 660/1389/123 634/1383/123 1242/1382/123
f 635/1381/123 636/1384/123 1244/1386/123
f 637/1392/123 633/1378/123 1281/1380/123
f 637/1392/123 1248/1393/123 1245/1385/123
f 1185/1387/123 656/1395/123 1249/712/123
f 660/1389/123 1247/1390/123 1249/712/123
f 691/1396/116 1283/1411/116 1282/1397/116
f 693/1399/116 692/1408/116 1252/1400/116
f 694/1402/116 1254/1409/116 1255/1403/116
f 1192/1405/116 1191/1398/116 1282/1397/116
f 718/1407/116 1257/1415/116 1252/1400/116
f 694/1402/116 693/1399/116 1253/1401/116
f 695/1410/116 1258/1412/116 1283/1411/116
f 695/1410/116 696/1404/116 1255/1403/116
f 1192/1405/116 1256/1406/116 1259/1413/116
f 718/1407/116 714/1414/116 1259/1413/116
f 1261/1419/29 1260/1425/29 638/1420/29
f 1262/1422/48 1261/3702/48 636/1423/48
f 1263/1425/28 1262/1419/28 635/1421/28
f 1264/1426/119 1263/1422/119 634/1424/119
f 1265/1428/28 1264/1425/28 660/1420/28
f 1266/1430/119 1265/3703/119 656/1431/119
f 1267/1433/28 1266/1428/28 1185/1434/28
f 1268/1436/48 1267/3704/48 1184/1437/48
f 1269/1425/29 1268/3705/29 633/1439/29
f 1260/1440/119 1269/3706/119 637/1441/119
f 1271/1444/119 1270/1467/119 696/1445/119
f 1272/1447/29 1271/1468/29 695/1448/29
f 1273/1450/48 1272/3707/48 691/1451/48
f 1274/1453/28 1273/3708/28 1191/1454/28
f 1275/1456/119 1274/3709/119 1192/1457/119
f 1276/1459/28 1275/3710/28 714/1460/28
f 1277/1462/119 1276/3711/119 718/1463/119
f 1278/1465/28 1277/1468/28 692/1448/28
f 1279/1467/48 1278/1462/48 693/1464/48
f 1270/1468/29 1279/1465/29 694/1466/29
f 1241/1469/48 1281/1476/48 1280/1470/48
f 1240/1471/48 1280/1470/48 1282/1472/48
f 1250/1473/48 1282/1472/48 1283/1474/48
f 1251/1475/48 1283/1474/48 1281/1476/48
f 1240/1480/123 1284/3713/123 1285/1481/123
f 1241/1483/29 1285/3714/29 1287/1484/29
f 1250/1486/28 1286/3715/28 1284/1487/28
f 1291/1489/129 1290/3716/129 1289/1490/129
f 1295/1492/130 1294/3717/130 1293/1493/130
f 1243/1495/48 1244/3718/48 1289/1496/48
f 1299/1498/131 1298/3516/131 1297/1499/131
f 1303/767/132 1302/3719/132 1301/1501/132
f 1296/1500/48 1254/3720/48 1253/1503/48
f 2627/2030/156 2632/2046/156 2633/2031/156
f 2624/2033/119 2625/3851/119 2632/2034/119
f 2630/2036/48 2623/3852/48 2622/2037/48
f 2632/3853/116 2625/2041/116 2633/2040/116
f 2625/2041/116 2623/2047/116 2631/2039/116
f 2623/2047/116 2630/2489/116 2631/2039/116
f 2633/2031/28 2631/2043/28 2628/2042/28
f 2631/2043/146 2630/2045/146 2629/2044/146
f 2624/2030/29 2622/2044/29 2623/2045/29
f 2627/3853/123 2626/2040/123 2624/2041/123
f 2626/2040/123 2628/2039/123 2624/2041/123
f 2628/2039/123 2629/2489/123 2622/2047/123
f 2639/2030/156 2644/2046/156 2645/2031/156
f 2636/2048/119 2637/3854/119 2644/2049/119
f 2642/2051/48 2635/3855/48 2634/2052/48
f 2644/3856/116 2637/2056/116 2645/2055/116
f 2637/2056/116 2635/2058/116 2643/2054/116
f 2635/2058/116 2642/2501/116 2643/2054/116
f 2645/2031/28 2643/2057/28 2640/2042/28
f 2643/2057/146 2642/2069/146 2641/2044/146
f 2636/2030/29 2634/2044/29 2635/2045/29
f 2639/3856/123 2638/2055/123 2636/2056/123
f 2638/2055/123 2640/2054/123 2636/2056/123
f 2640/2054/123 2641/2501/123 2634/2058/123
f 2650/2032/156 2651/2030/156 2656/2046/156
f 2648/2059/119 2649/3857/119 2656/2060/119
f 2654/2062/48 2647/3858/48 2646/2063/48
f 2656/3859/116 2649/2067/116 2657/2066/116
f 2649/2067/116 2647/2071/116 2655/2065/116
f 2647/2071/116 2654/2509/116 2655/2065/116
f 2650/2032/28 2657/2031/28 2655/2057/28
f 2652/2068/146 2655/2057/146 2654/2069/146
f 2648/2030/29 2646/2070/29 2647/2069/29
f 2651/3859/123 2650/3860/123 2648/2067/123
f 2650/3860/123 2652/2072/123 2648/2067/123
f 2652/2072/123 2653/2509/123 2646/2071/123
f 2663/2073/156 2668/2088/156 2669/2074/156
f 2660/2076/119 2661/3861/119 2668/2077/119
f 2666/2079/48 2659/3862/48 2658/2080/48
f 2668/3863/116 2661/2084/116 2669/2083/116
f 2661/2084/116 2659/2089/116 2667/2082/116
f 2659/2089/116 2666/2521/116 2667/2082/116
f 2669/2074/28 2667/2086/28 2664/2085/28
f 2667/2086/146 2666/2069/146 2665/2087/146
f 2660/2073/29 2658/2070/29 2659/2069/29
f 2663/3863/123 2662/2083/123 2660/2084/123
f 2662/2083/123 2664/2090/123 2660/2084/123
f 2664/2090/123 2665/2525/123 2658/2089/123
f 2674/2075/156 2675/2101/156 2680/2091/156
f 2672/2092/119 2673/3864/119 2680/2093/119
f 2678/2095/48 2671/3865/48 2670/2096/48
f 2680/3866/116 2673/2100/116 2681/2099/116
f 2673/2100/116 2671/2103/116 2679/2098/116
f 2671/2103/116 2678/2533/116 2679/2098/116
f 2681/2074/28 2679/2057/28 2676/2085/28
f 2679/2057/146 2678/2102/146 2677/2087/146
f 2672/2101/29 2670/2087/29 2671/2102/29
f 2675/3866/123 2674/2099/123 2672/2100/123
f 2674/2099/123 2676/2098/123 2672/2100/123
f 2676/2098/123 2677/2533/123 2670/2103/123
f 2687/2101/156 2692/2091/156 2693/2074/156
f 2684/2104/119 2685/3867/119 2692/2105/119
f 2690/2107/48 2683/3868/48 2682/2108/48
f 2692/3869/116 2685/2112/116 2693/2111/116
f 2685/2112/116 2683/2544/116 2691/2110/116
f 2683/2544/116 2690/2543/116 2691/2110/116
f 2693/2074/28 2691/2057/28 2688/2085/28
f 2691/2057/146 2690/2102/146 2689/2087/146
f 2684/2101/29 2682/2087/29 2683/2102/29
f 2687/3869/123 2686/2111/123 2684/2112/123
f 2686/2111/123 2688/2110/123 2684/2112/123
f 2688/2110/123 2689/2543/123 2682/2113/123
f 2699/2101/156 2704/2091/156 2705/2074/156
f 2696/2114/119 2697/3870/119 2704/2115/119
f 2702/2117/48 2695/3871/48 2694/2118/48
f 2704/3872/116 2697/2122/116 2705/2121/116
f 2697/2122/116 2695/2125/116 2703/2120/116
f 2695/2125/116 2702/2551/116 2703/2120/116
f 2705/2074/28 2703/2057/28 2700/2085/28
f 2703/2123/146 2702/2117/146 2701/2119/146
f 2696/2101/29 2694/2087/29 2695/2102/29
f 2699/3872/123 2698/2121/123 2696/2122/123
f 2698/2121/123 2700/2120/123 2696/2122/123
f 2700/2120/123 2701/2551/123 2694/2125/123
f 2711/2101/156 2716/2091/156 2717/2074/156
f 2708/2126/119 2709/3873/119 2716/2127/119
f 2714/2129/48 2707/3874/48 2706/2130/48
f 2716/3875/116 2709/2134/116 2717/2133/116
f 2709/2134/116 2707/2136/116 2715/2132/116
f 2707/2136/116 2714/2560/116 2715/2132/116
f 2717/2074/28 2715/2057/28 2712/2042/28
f 2712/2042/146 2715/2057/146 2714/2069/146
f 2708/2101/29 2706/2189/29 2707/2135/29
f 2711/3875/123 2710/2133/123 2708/2134/123
f 2710/2133/123 2712/2132/123 2708/2134/123
f 2712/2132/123 2713/2560/123 2706/2136/123
f 2723/2101/156 2728/3876/156 2729/2137/156
f 2720/2138/119 2721/3877/119 2728/2139/119
f 2725/2140/48 2726/2139/48 2719/2141/48
f 2728/3878/116 2721/2145/116 2729/2144/116
f 2721/2145/116 2719/2147/116 2727/2143/116
f 2719/2147/116 2726/2568/116 2727/2143/116
f 2729/2137/28 2727/2057/28 2724/2146/28
f 2727/2057/146 2726/2069/146 2725/2044/146
f 2720/2101/29 2718/2070/29 2719/2069/29
f 2723/3878/123 2722/2144/123 2720/2145/123
f 2722/2144/123 2724/2148/123 2720/2145/123
f 2724/2148/123 2725/2568/123 2718/2147/123
f 2735/2073/156 2740/2158/156 2741/2137/156
f 2732/2149/119 2733/3879/119 2740/2150/119
f 2738/2150/48 2731/3879/48 2730/2152/48
f 2740/3880/116 2733/2156/116 2741/2155/116
f 2733/2156/116 2731/2159/116 2739/2154/116
f 2731/2159/116 2738/2575/116 2739/2154/116
f 2741/2137/28 2739/2086/28 2736/2157/28
f 2739/2086/146 2738/2102/146 2737/2087/146
f 2732/2073/29 2730/2087/29 2731/2102/29
f 2735/3880/123 2734/2155/123 2732/2156/123
f 2734/2155/123 2736/2154/123 2732/2156/123
f 2736/2154/123 2737/2575/123 2730/2159/123
f 2747/2030/156 2752/2088/156 2753/2074/156
f 2744/2160/119 2745/3881/119 2752/2161/119
f 2750/2163/48 2743/3882/48 2742/2164/48
f 2752/3883/116 2745/2168/116 2753/2167/116
f 2745/2168/116 2743/2169/116 2751/2166/116
f 2743/2169/116 2750/2584/116 2751/2166/116
f 2753/2074/28 2751/2086/28 2748/2157/28
f 2751/2086/146 2750/2102/146 2749/2087/146
f 2744/2030/29 2742/2087/29 2743/2102/29
f 2747/3883/123 2746/2167/123 2744/2168/123
f 2746/2167/123 2748/2166/123 2744/2168/123
f 2748/2166/123 2749/2584/123 2742/2169/123
f 2759/2073/156 2764/2088/156 2765/2074/156
f 2756/2170/119 2757/3884/119 2764/2171/119
f 2762/2173/48 2755/3885/48 2754/2174/48
f 2764/3886/116 2757/2178/116 2765/2177/116
f 2757/2178/116 2755/2179/116 2763/2176/116
f 2755/2179/116 2762/2591/116 2763/2176/116
f 2765/2074/28 2763/2086/28 2760/2157/28
f 2763/2086/146 2762/2102/146 2761/2087/146
f 2756/2073/29 2754/2087/29 2755/2102/29
f 2759/3886/123 2758/2177/123 2756/2178/123
f 2758/2177/123 2760/2176/123 2756/2178/123
f 2760/2176/123 2761/2591/123 2754/2179/123
f 2771/2073/156 2776/2088/156 2777/2074/156
f 2768/2180/119 2769/3887/119 2776/2181/119
f 2774/2183/48 2767/3888/48 2766/2184/48
f 2776/3889/116 2769/2188/116 2777/2187/116
f 2769/2188/116 2767/2599/116 2775/2186/116
f 2767/2599/116 2774/2598/116 2775/2186/116
f 2777/2074/28 2775/3890/28 2772/2085/28
f 2772/2085/146 2775/3890/146 2774/2135/146
f 2768/2073/29 2766/2189/29 2767/2102/29
f 2771/3889/123 2770/2187/123 2768/2188/123
f 2770/2187/123 2772/2191/123 2768/2188/123
f 2772/2191/123 2773/2598/123 2766/2190/123
f 2780/2192/28 2781/2226/28 2788/2193/28
f 2779/2195/29 2783/2202/29 2782/2192/29
f 2783/2197/119 2781/3891/119 2780/2198/119
f 2790/2200/157 2792/3892/157 2791/2201/157
f 2786/2203/48 2779/3893/48 2778/2199/48
f 2787/2205/146 2786/2195/146 2785/2196/146
f 2785/3894/123 2778/2209/123 2784/2208/123
f 2778/2209/123 2782/2619/123 2789/2207/123
f 2782/2619/123 2780/2618/123 2789/2207/123
f 2788/2193/28 2781/2226/28 2794/2210/28
f 2787/2208/116 2788/3895/116 2790/2212/116
f 2790/2212/116 2783/3896/116 2779/2209/116
f 2779/2209/116 2786/3894/116 2787/2208/116
f 2789/2194/28 2788/2193/28 2787/2205/28
f 2792/2213/116 2796/3897/116 2793/2214/116
f 2792/2218/158 2790/3898/158 2795/2216/158
f 2790/3898/158 2788/3891/158 2795/2216/158
f 2796/2219/135 2795/2211/135 2794/2210/135
f 2794/2216/119 2781/3891/119 2783/2197/119
f 2783/2197/119 2791/2221/119 2794/2216/119
f 2799/2192/28 2800/2226/28 2807/2193/28
f 2798/2195/29 2802/2226/29 2801/2192/29
f 2802/2222/119 2800/3899/119 2799/2223/119
f 2809/2225/157 2811/3900/157 2810/2220/157
f 2805/2227/48 2798/3901/48 2797/2224/48
f 2806/2205/146 2805/2195/146 2804/2196/146
f 2804/3902/123 2797/2231/123 2803/2230/123
f 2797/2231/123 2801/2636/123 2808/2229/123
f 2801/2636/123 2799/2635/123 2808/2229/123
f 2807/2193/28 2800/2226/28 2813/2210/28
f 2806/2230/116 2807/3903/116 2809/2233/116
f 2809/2233/116 2802/2636/116 2798/2231/116
f 2798/2231/116 2805/3902/116 2806/2230/116
f 2808/2194/28 2807/2193/28 2806/2205/28
f 2811/2234/116 2815/3904/116 2812/2235/116
f 2811/2239/158 2809/3905/158 2814/2237/158
f 2809/3905/158 2807/3899/158 2814/2237/158
f 2815/2240/135 2814/2232/135 2813/2210/135
f 2813/2237/119 2800/3899/119 2802/2222/119
f 2802/2222/119 2810/2241/119 2813/2237/119
f 2818/2192/28 2819/2202/28 2826/2193/28
f 2817/2195/29 2821/2226/29 2820/2192/29
f 2821/2242/119 2819/3906/119 2818/2243/119
f 2828/2225/157 2830/3900/157 2829/2220/157
f 2824/2245/48 2817/3907/48 2816/2244/48
f 2825/2247/146 2824/2260/146 2823/2196/146
f 2823/3908/123 2816/2250/123 2822/2249/123
f 2816/2250/123 2820/2650/123 2827/2248/123
f 2820/2650/123 2818/2649/123 2827/2248/123
f 2826/2193/28 2819/2202/28 2832/2210/28
f 2825/2249/116 2826/3909/116 2828/2251/116
f 2828/2251/116 2821/2650/116 2817/2250/116
f 2817/2250/116 2824/3908/116 2825/2249/116
f 2827/2194/28 2826/2193/28 2825/2247/28
f 2830/2252/116 2834/3910/116 2831/2253/116
f 2830/2257/158 2828/3911/158 2833/2255/158
f 2828/3911/158 2826/3906/158 2833/2255/158
f 2834/2240/135 2833/2211/135 2832/2210/135
f 2832/2255/119 2819/3906/119 2821/2242/119
f 2821/2242/119 2829/2259/119 2832/2255/119
f 2837/2192/28 2838/2226/28 2845/2193/28
f 2836/2260/29 2840/2226/29 2839/2192/29
f 2840/2261/119 2838/3912/119 2837/2262/119
f 2847/2200/157 2849/3892/157 2848/2220/157
f 2842/2264/48 2843/3913/48 2836/2265/48
f 2844/2247/146 2843/2260/146 2842/2196/146
f 2842/3914/123 2835/2268/123 2841/2267/123
f 2835/2268/123 2839/2664/123 2846/2266/123
f 2839/2664/123 2837/2663/123 2846/2266/123
f 2845/2193/28 2838/2226/28 2851/2210/28
f 2844/2267/116 2845/3915/116 2847/2269/116
f 2847/2269/116 2840/2664/116 2836/2270/116
f 2836/2270/116 2843/3914/116 2844/2267/116
f 2846/2194/28 2845/2193/28 2844/2247/28
f 2849/2271/116 2853/3916/116 2850/2272/116
f 2849/2276/158 2847/3917/158 2852/2274/158
f 2847/3917/158 2845/3912/158 2852/2274/158
f 2853/2219/135 2852/2232/135 2851/2210/135
f 2851/2274/119 2838/3912/119 2840/2261/119
f 2840/2261/119 2848/2277/119 2851/2274/119
f 2856/2192/28 2857/2284/28 2864/2278/28
f 2855/2260/29 2859/2284/29 2858/2192/29
f 2859/2280/119 2857/3918/119 2856/2281/119
f 2866/2283/157 2868/3900/157 2867/2220/157
f 2862/2285/48 2855/3919/48 2854/2286/48
f 2863/2247/146 2862/2260/146 2861/2279/146
f 2861/3920/123 2854/2291/123 2860/2290/123
f 2854/2291/123 2858/2681/123 2865/2289/123
f 2858/2681/123 2856/2680/123 2865/2289/123
f 2857/2284/28 2870/3921/28 2871/2232/28
f 2863/2290/116 2864/3922/116 2866/2292/116
f 2866/2292/116 2859/2681/116 2855/2291/116
f 2855/2291/116 2862/3920/116 2863/2290/116
f 2865/2194/28 2864/2278/28 2863/2247/28
f 2868/2293/116 2872/2299/116 2869/2294/116
f 2868/2298/158 2866/3923/158 2871/2296/158
f 2866/3923/158 2864/3918/158 2871/2296/158
f 2872/2299/135 2871/3924/135 2870/2300/135
f 2870/2296/119 2857/3918/119 2859/2280/119
f 2859/2280/119 2867/2301/119 2870/2296/119
f 2875/2302/28 2876/2316/28 2883/2278/28
f 2874/2260/29 2878/2284/29 2877/2302/29
f 2877/2304/119 2878/3925/119 2876/2305/119
f 2885/2283/157 2887/3900/157 2886/2258/157
f 2881/2307/48 2874/3926/48 2873/2308/48
f 2879/2310/146 2882/2319/146 2881/2311/146
f 2880/3927/123 2873/2315/123 2879/2314/123
f 2873/2315/123 2877/2700/123 2884/2313/123
f 2877/2700/123 2875/2699/123 2884/2313/123
f 2876/2316/28 2889/2326/28 2890/2317/28
f 2882/2314/116 2883/3928/116 2885/2318/116
f 2885/2318/116 2878/3929/116 2874/2315/116
f 2874/2315/116 2881/3927/116 2882/2314/116
f 2884/2303/28 2883/2278/28 2882/2319/28
f 2887/2320/116 2891/3930/116 2888/2321/116
f 2887/2325/158 2885/3931/158 2890/2323/158
f 2885/3931/158 2883/2305/158 2890/2323/158
f 2891/2240/135 2890/2317/135 2889/2326/135
f 2889/2323/119 2876/2305/119 2878/3925/119
f 2878/3925/119 2886/2327/119 2889/2323/119
f 2894/2302/28 2895/2316/28 2902/2328/28
f 2893/2329/29 2897/2316/29 2896/2302/29
f 2897/2331/119 2895/3932/119 2894/2332/119
f 2904/2334/157 2906/3933/157 2905/2258/157
f 2900/2335/48 2893/2331/48 2892/2333/48
f 2901/2319/146 2900/2329/146 2899/2196/146
f 2899/3934/123 2892/2339/123 2898/2338/123
f 2892/2339/123 2896/2717/123 2903/2337/123
f 2896/2717/123 2894/2716/123 2903/2337/123
f 2895/2316/28 2908/2326/28 2909/2340/28
f 2901/2338/116 2902/3935/116 2904/2341/116
f 2904/2341/116 2897/2717/116 2893/2339/116
f 2893/2339/116 2900/3936/116 2901/2338/116
f 2903/2303/28 2902/2328/28 2901/2319/28
f 2906/2342/116 2910/3937/116 2907/2343/116
f 2906/2347/158 2904/3938/158 2909/2345/158
f 2904/3938/158 2902/3932/158 2909/2345/158
f 2910/2348/135 2909/2340/135 2908/2326/135
f 2908/2345/119 2895/3932/119 2897/2331/119
f 2897/2331/119 2905/2349/119 2908/2345/119
f 2913/2351/28 2914/2363/28 2921/2328/28
f 2912/2195/29 2916/2316/29 2915/2351/29
f 2916/2353/119 2914/3939/119 2913/2354/119
f 2923/2334/157 2925/2414/157 2924/2356/157
f 2919/2357/48 2912/3940/48 2911/2358/48
f 2920/2319/146 2919/2195/146 2918/2196/146
f 2918/3941/123 2911/2362/123 2917/2361/123
f 2911/2362/123 2915/2733/123 2922/2360/123
f 2915/2733/123 2913/2732/123 2922/2360/123
f 2914/2363/28 2927/2371/28 2928/2340/28
f 2920/2361/116 2921/3942/116 2923/2364/116
f 2923/2364/116 2916/2367/116 2912/2362/116
f 2912/2362/116 2919/3941/116 2920/2361/116
f 2922/2352/28 2921/2328/28 2920/2319/28
f 2925/2365/116 2929/3943/116 2926/2366/116
f 2925/2370/158 2923/3944/158 2928/2368/158
f 2923/3944/158 2921/3939/158 2928/2368/158
f 2929/2348/135 2928/2340/135 2927/2371/135
f 2927/2368/119 2914/3939/119 2916/2353/119
f 2916/2353/119 2924/2372/119 2927/2368/119
f 2932/2302/28 2933/2316/28 2940/2278/28
f 2931/2329/29 2935/2363/29 2934/2351/29
f 2935/2373/119 2933/3945/119 2932/2374/119
f 2942/2283/157 2944/3946/157 2943/2356/157
f 2938/2376/48 2931/3947/48 2930/2377/48
f 2939/2319/146 2938/2329/146 2937/2330/146
f 2937/3948/123 2930/2381/123 2936/2380/123
f 2930/2381/123 2934/2747/123 2941/2379/123
f 2934/2747/123 2932/2746/123 2941/2379/123
f 2933/2316/28 2946/2326/28 2947/2317/28
f 2939/2380/116 2940/3949/116 2942/2382/116
f 2942/2382/116 2935/2747/116 2931/2381/116
f 2931/2381/116 2938/3948/116 2939/2380/116
f 2941/2303/28 2940/2278/28 2939/2319/28
f 2944/2383/116 2948/3950/116 2945/2384/116
f 2944/2388/158 2942/3951/158 2947/2386/158
f 2942/3951/158 2940/3945/158 2947/2386/158
f 2948/2348/135 2947/2317/135 2946/2326/135
f 2946/2386/119 2933/3945/119 2935/2373/119
f 2935/2373/119 2943/2390/119 2946/2386/119
f 2951/2351/28 2952/2316/28 2959/2328/28
f 2950/2311/29 2954/2316/29 2953/2302/29
f 2954/2391/119 2952/3952/119 2951/2392/119
f 2961/2334/157 2963/2414/157 2962/2389/157
f 2957/2394/48 2950/3953/48 2949/2395/48
f 2958/2397/146 2957/2311/146 2956/2196/146
f 2956/3954/123 2949/2400/123 2955/2399/123
f 2949/2400/123 2953/2761/123 2960/2398/123
f 2953/2761/123 2951/2760/123 2960/2398/123
f 2952/2316/28 2965/2371/28 2966/2340/28
f 2958/2399/116 2959/3955/116 2961/2401/116
f 2961/2401/116 2954/2761/116 2950/2400/116
f 2950/2400/116 2957/3956/116 2958/2399/116
f 2960/2303/28 2959/2328/28 2958/2397/28
f 2963/2402/116 2967/3957/116 2964/2403/116
f 2963/2407/158 2961/3958/158 2966/2405/158
f 2961/3958/158 2959/3952/158 2966/2405/158
f 2967/2348/135 2966/2340/135 2965/2371/135
f 2965/2405/119 2952/3952/119 2954/2391/119
f 2954/2391/119 2962/2408/119 2965/2405/119
f 2970/2351/28 2971/2363/28 2978/2409/28
f 2969/2260/29 2973/2413/29 2972/2351/29
f 2972/2410/119 2973/3959/119 2971/2411/119
f 2973/2413/157 2980/2334/157 2982/2414/157
f 2976/2416/48 2969/3960/48 2968/2417/48
f 2977/2397/146 2976/2260/146 2975/2279/146
f 2975/3961/123 2968/2422/123 2974/2421/123
f 2968/2422/123 2972/2778/123 2979/2420/123
f 2972/2778/123 2970/2777/123 2979/2420/123
f 2971/2363/28 2984/2431/28 2985/2423/28
f 2977/2421/116 2978/3962/116 2980/2424/116
f 2980/2424/116 2973/2778/116 2969/2422/116
f 2969/2422/116 2976/3961/116 2977/2421/116
f 2979/2352/28 2978/2409/28 2977/2397/28
f 2982/2425/116 2986/3963/116 2983/2426/116
f 2982/2430/158 2980/3964/158 2985/2428/158
f 2980/3964/158 2978/3965/158 2985/2428/158
f 2986/2348/135 2985/2423/135 2984/2431/135
f 2984/2434/119 2971/2411/119 2973/3959/119
f 2973/3959/119 2981/2432/119 2984/2434/119
f 2989/2351/28 2990/2363/28 2997/2435/28
f 2988/2311/29 2992/2363/29 2991/2351/29
f 2991/2437/119 2992/3966/119 2990/2438/119
f 2992/2363/157 2999/3967/157 3001/2440/157
f 2995/2441/48 2988/3968/48 2987/2442/48
f 2996/2397/146 2995/2311/146 2994/2312/146
f 2994/3969/123 2987/2446/123 2993/2445/123
f 2987/2446/123 2991/2798/123 2998/2444/123
f 2991/2798/123 2989/2797/123 2998/2444/123
f 2990/2363/28 3003/2455/28 3004/2423/28
f 2996/2445/116 2997/3970/116 2999/2447/116
f 2999/2447/116 2992/2798/116 2988/2446/116
f 2988/2446/116 2995/3969/116 2996/2445/116
f 2998/2436/28 2997/2435/28 2996/2397/28
f 3001/2448/116 3005/3971/116 3002/2449/116
f 3001/2453/158 2999/3972/158 3004/2451/158
f 2999/3972/158 2997/2438/158 3004/2451/158
f 3005/2454/135 3004/2423/135 3003/2455/135
f 3003/2451/119 2990/2438/119 2992/3966/119
f 2992/3966/119 3000/2456/119 3003/2451/119
f 3008/2457/28 3009/2469/28 3016/2435/28
f 3007/2311/29 3011/2363/29 3010/2457/29
f 3011/2459/119 3009/3973/119 3008/2460/119
f 3011/2363/157 3018/3974/157 3020/2440/157
f 3014/2463/48 3007/3975/48 3006/2464/48
f 3015/2397/146 3014/2311/146 3013/2312/146
f 3013/3976/123 3006/2468/123 3012/2467/123
f 3006/2468/123 3010/2816/123 3017/2466/123
f 3010/2816/123 3008/2815/123 3017/2466/123
f 3009/2469/28 3022/2455/28 3023/2423/28
f 3015/2467/116 3016/3977/116 3018/2470/116
f 3018/2470/116 3011/2473/116 3007/2468/116
f 3007/2468/116 3014/3976/116 3015/2467/116
f 3017/2458/28 3016/2435/28 3015/2397/28
f 3020/2471/116 3024/2477/116 3021/2472/116
f 3020/2476/158 3018/3978/158 3023/2474/158
f 3018/3978/158 3016/3973/158 3023/2474/158
f 3024/2477/135 3023/3979/135 3022/2478/135
f 3022/2474/119 3009/3973/119 3011/2459/119
f 3011/2459/119 3019/2479/119 3022/2474/119
f 3036/2480/156 3035/2494/156 3030/2481/156
f 3035/2483/119 3028/3980/119 3027/2484/119
f 3025/2486/48 3026/3981/48 3033/2487/48
f 3026/2047/123 3028/2041/123 3034/2039/123
f 3028/2041/123 3035/3853/123 3036/2040/123
f 3034/2039/123 3028/2041/123 3036/2040/123
f 3031/2490/28 3034/2492/28 3036/2480/28
f 3032/2491/146 3033/2493/146 3034/2492/146
f 3026/2493/29 3025/2491/29 3027/2481/29
f 3031/2039/116 3029/2040/116 3027/2041/116
f 3029/2040/116 3030/3853/116 3027/2041/116
f 3027/2041/116 3025/2047/116 3031/2039/116
f 3048/2480/156 3047/2494/156 3042/2481/156
f 3047/2495/119 3040/3982/119 3039/2496/119
f 3037/2498/48 3038/3983/48 3045/2499/48
f 3038/2058/123 3040/2056/123 3046/2054/123
f 3040/2056/123 3047/3856/123 3048/2055/123
f 3046/2054/123 3040/2056/123 3048/2055/123
f 3043/2490/28 3046/2502/28 3048/2480/28
f 3044/2491/146 3045/2511/146 3046/2502/146
f 3038/2493/29 3037/2491/29 3039/2481/29
f 3043/2054/116 3041/2055/116 3039/2056/116
f 3041/2055/116 3042/3856/116 3039/2056/116
f 3039/2056/116 3037/2058/116 3043/2054/116
f 3053/2482/156 3060/2480/156 3059/2494/156
f 3059/2503/119 3052/3984/119 3051/2504/119
f 3049/2506/48 3050/3985/48 3057/2507/48
f 3050/2071/123 3052/2067/123 3058/2065/123
f 3052/2067/123 3059/3859/123 3060/2066/123
f 3058/2065/123 3052/2067/123 3060/2066/123
f 3053/2482/28 3055/2510/28 3058/2502/28
f 3055/2510/146 3056/3986/146 3057/2511/146
f 3050/2511/29 3049/3986/29 3051/2481/29
f 3055/2072/116 3053/3860/116 3051/2067/116
f 3053/3860/116 3054/3859/116 3051/2067/116
f 3051/2067/116 3049/2071/116 3055/2072/116
f 3072/2512/156 3071/2524/156 3066/2513/156
f 3071/2515/119 3064/3987/119 3063/2516/119
f 3061/2518/48 3062/3988/48 3069/2519/48
f 3062/2089/123 3064/2084/123 3070/2082/123
f 3064/2084/123 3071/3863/123 3072/2083/123
f 3070/2082/123 3064/2084/123 3072/2083/123
f 3067/2522/28 3070/2523/28 3072/2512/28
f 3067/2522/146 3068/2534/146 3069/2511/146
f 3062/2511/29 3061/3986/29 3063/2513/29
f 3067/2090/116 3065/2083/116 3063/2084/116
f 3065/2083/116 3066/3863/116 3063/2084/116
f 3063/2084/116 3061/2089/116 3067/2090/116
f 3084/2512/156 3083/2536/156 3078/2526/156
f 3083/2527/119 3076/3989/119 3075/2528/119
f 3073/2530/48 3074/3990/48 3081/2531/48
f 3074/2103/123 3076/2100/123 3082/2098/123
f 3076/2100/123 3083/3866/123 3084/2099/123
f 3082/2098/123 3076/2100/123 3084/2099/123
f 3079/2522/28 3082/2502/28 3084/2512/28
f 3080/2534/146 3081/2535/146 3082/2502/146
f 3074/2535/29 3073/2534/29 3075/2526/29
f 3079/2098/116 3077/2099/116 3075/2100/116
f 3077/2099/116 3078/3866/116 3075/2100/116
f 3075/2100/116 3073/2103/116 3079/2098/116
f 3096/2512/156 3095/2536/156 3090/2526/156
f 3095/2537/119 3088/3991/119 3087/2538/119
f 3085/2540/48 3086/3992/48 3093/2541/48
f 3086/2544/123 3088/2112/123 3094/2110/123
f 3088/2112/123 3095/3869/123 3096/2111/123
f 3094/2110/123 3088/2112/123 3096/2111/123
f 3091/2522/28 3094/2502/28 3096/2512/28
f 3092/2534/146 3093/2535/146 3094/2502/146
f 3086/2535/29 3085/2534/29 3087/2526/29
f 3091/2110/116 3089/2111/116 3087/2112/116
f 3089/2111/116 3090/3869/116 3087/2112/116
f 3087/2112/116 3085/2113/116 3091/2110/116
f 3108/2512/156 3107/2536/156 3102/2526/156
f 3107/2545/119 3100/3993/119 3099/2546/119
f 3097/2548/48 3098/3994/48 3105/2549/48
f 3098/2125/123 3100/2122/123 3106/2120/123
f 3100/2122/123 3107/3872/123 3108/2121/123
f 3106/2120/123 3100/2122/123 3108/2121/123
f 3103/2522/28 3106/3995/28 3108/2512/28
f 3104/2550/146 3105/2549/146 3106/2552/146
f 3098/2535/29 3097/2534/29 3099/2526/29
f 3103/2120/116 3101/2121/116 3099/2122/116
f 3101/2121/116 3102/3872/116 3099/2122/116
f 3099/2122/116 3097/2125/116 3103/2120/116
f 3120/2512/156 3119/2536/156 3114/2526/156
f 3119/2554/119 3112/3996/119 3111/2555/119
f 3109/2557/48 3110/3997/48 3117/2558/48
f 3110/2136/123 3112/2134/123 3118/2132/123
f 3112/2134/123 3119/3875/123 3120/2133/123
f 3118/2132/123 3112/2134/123 3120/2133/123
f 3113/2514/28 3115/2490/28 3118/2502/28
f 3115/2490/146 3116/3986/146 3117/2561/146
f 3110/2562/29 3109/2601/29 3111/2526/29
f 3115/2132/116 3113/2133/116 3111/2134/116
f 3113/2133/116 3114/3875/116 3111/2134/116
f 3111/2134/116 3109/2136/116 3115/2132/116
f 3132/2563/156 3131/3998/156 3126/2526/156
f 3131/2564/119 3124/3999/119 3123/2565/119
f 3128/2566/48 3121/4000/48 3122/2567/48
f 3122/2147/123 3124/2145/123 3130/2143/123
f 3124/2145/123 3131/3878/123 3132/2144/123
f 3130/2143/123 3124/2145/123 3132/2144/123
f 3127/2569/28 3130/2502/28 3132/2563/28
f 3128/2491/146 3129/2511/146 3130/2502/146
f 3122/2561/29 3121/3986/29 3123/2526/29
f 3127/2148/116 3125/2144/116 3123/2145/116
f 3125/2144/116 3126/3878/116 3123/2145/116
f 3123/2145/116 3121/2147/116 3127/2148/116
f 3144/2563/156 3143/2577/156 3138/2513/156
f 3143/2570/119 3136/4001/119 3135/2571/119
f 3133/2573/48 3134/4001/48 3141/2570/48
f 3134/2159/123 3136/2156/123 3142/2154/123
f 3136/2156/123 3143/3880/123 3144/2155/123
f 3142/2154/123 3136/2156/123 3144/2155/123
f 3139/2576/28 3142/2523/28 3144/2563/28
f 3140/2534/146 3141/2535/146 3142/2523/146
f 3134/2535/29 3133/2534/29 3135/2513/29
f 3139/2154/116 3137/2155/116 3135/2156/116
f 3137/2155/116 3138/3880/116 3135/2156/116
f 3135/2156/116 3133/2159/116 3139/2154/116
f 3156/2512/156 3155/2524/156 3150/2481/156
f 3155/2578/119 3148/4002/119 3147/2579/119
f 3145/2581/48 3146/4003/48 3153/2582/48
f 3146/2169/123 3148/2168/123 3154/2166/123
f 3148/2168/123 3155/3883/123 3156/2167/123
f 3154/2166/123 3148/2168/123 3156/2167/123
f 3151/2576/28 3154/2523/28 3156/2512/28
f 3152/2534/146 3153/2535/146 3154/2523/146
f 3146/2535/29 3145/2534/29 3147/2481/29
f 3151/2166/116 3149/2167/116 3147/2168/116
f 3149/2167/116 3150/3883/116 3147/2168/116
f 3147/2168/116 3145/2169/116 3151/2166/116
f 3168/2512/156 3167/2524/156 3162/2513/156
f 3167/2585/119 3160/4004/119 3159/2586/119
f 3157/2588/48 3158/4005/48 3165/2589/48
f 3158/2179/123 3160/2178/123 3166/2176/123
f 3160/2178/123 3167/3886/123 3168/2177/123
f 3166/2176/123 3160/2178/123 3168/2177/123
f 3163/2576/28 3166/2523/28 3168/2512/28
f 3164/2534/146 3165/2535/146 3166/2523/146
f 3158/2535/29 3157/2534/29 3159/2513/29
f 3163/2176/116 3161/2177/116 3159/2178/116
f 3161/2177/116 3162/3886/116 3159/2178/116
f 3159/2178/116 3157/2179/116 3163/2176/116
f 3180/2512/156 3179/2524/156 3174/2513/156
f 3179/2592/119 3172/4006/119 3171/2593/119
f 3169/2595/48 3170/4007/48 3177/2596/48
f 3170/2599/123 3172/2188/123 3178/2186/123
f 3172/2188/123 3179/3889/123 3180/2187/123
f 3178/2186/123 3172/2188/123 3180/2187/123
f 3173/2514/28 3175/2522/28 3178/2600/28
f 3176/2601/146 3177/4008/146 3178/2600/146
f 3170/2535/29 3169/2601/29 3171/2513/29
f 3175/2191/116 3173/2187/116 3171/2188/116
f 3173/2187/116 3174/3889/116 3171/2188/116
f 3171/2188/116 3169/2190/116 3175/2191/116
f 3183/2602/28 3192/2621/28 3191/2603/28
f 3181/2605/29 3185/2602/29 3186/2606/29
f 3183/2608/119 3184/4009/119 3186/2609/119
f 3194/2611/157 3195/4010/157 3193/2612/157
f 3181/2613/48 3182/4011/48 3189/2614/48
f 3188/2605/146 3189/2607/146 3190/2616/146
f 3185/2619/116 3181/2209/116 3192/2207/116
f 3181/2209/116 3188/3894/116 3187/2208/116
f 3192/2207/116 3181/2209/116 3187/2208/116
f 3191/2603/28 3198/4012/28 3197/2620/28
f 3193/2212/123 3191/3895/123 3190/2208/123
f 3190/2208/123 3189/3894/123 3182/2209/123
f 3182/2209/123 3186/3896/123 3193/2212/123
f 3192/2621/28 3187/2617/28 3190/2616/28
f 3196/2214/123 3199/3897/123 3195/2213/123
f 3191/4009/158 3193/4013/158 3198/2624/158
f 3193/4013/158 3195/2622/158 3198/2624/158
f 3197/2620/137 3198/4012/137 3199/2625/137
f 3186/2609/119 3184/4009/119 3197/2624/119
f 3197/2624/119 3196/2623/119 3194/2627/119
f 3202/2602/28 3211/2621/28 3210/2603/28
f 3200/2605/29 3204/2602/29 3205/2604/29
f 3202/2628/119 3203/4014/119 3205/2629/119
f 3213/2626/157 3214/4015/157 3212/2631/157
f 3200/2632/48 3201/4016/48 3208/2633/48
f 3207/2605/146 3208/2607/146 3209/2616/146
f 3204/2636/116 3200/2231/116 3211/2229/116
f 3200/2231/116 3207/3902/116 3206/2230/116
f 3211/2229/116 3200/2231/116 3206/2230/116
f 3210/2603/28 3217/2682/28 3216/2620/28
f 3212/2233/123 3210/3903/123 3209/2230/123
f 3209/2230/123 3208/3902/123 3201/2231/123
f 3201/2231/123 3205/2636/123 3212/2233/123
f 3211/2621/28 3206/2617/28 3209/2616/28
f 3215/2235/123 3218/3904/123 3214/2234/123
f 3210/4014/158 3212/4017/158 3217/2639/158
f 3212/4017/158 3214/2637/158 3217/2639/158
f 3216/2620/137 3217/2682/137 3218/2640/137
f 3205/2629/119 3203/4014/119 3216/2639/119
f 3216/2639/119 3215/2638/119 3213/2641/119
f 3221/2602/28 3230/2621/28 3229/2603/28
f 3223/2602/29 3224/2604/29 3220/2607/29
f 3221/2642/119 3222/4018/119 3224/2643/119
f 3232/2626/157 3233/4015/157 3231/2631/157
f 3219/2645/48 3220/4019/48 3227/2646/48
f 3226/2605/146 3227/2656/146 3228/2648/146
f 3223/2650/116 3219/2250/116 3230/2248/116
f 3219/2250/116 3226/3908/116 3225/2249/116
f 3230/2248/116 3219/2250/116 3225/2249/116
f 3229/2603/28 3236/4012/28 3235/2620/28
f 3231/2251/123 3229/3909/123 3228/2249/123
f 3228/2249/123 3227/3908/123 3220/2250/123
f 3220/2250/123 3224/2650/123 3231/2251/123
f 3230/2621/28 3225/2617/28 3228/2648/28
f 3234/2253/123 3237/3910/123 3233/2252/123
f 3229/4018/158 3231/4020/158 3236/2653/158
f 3231/4020/158 3233/2651/158 3236/2653/158
f 3235/2620/137 3236/4012/137 3237/2640/137
f 3224/2643/119 3222/4018/119 3235/2653/119
f 3235/2653/119 3234/2652/119 3232/2655/119
f 3240/2602/28 3249/2621/28 3248/2603/28
f 3242/2602/29 3243/2604/29 3239/2656/29
f 3240/2657/119 3241/4021/119 3243/2658/119
f 3251/2626/157 3252/4010/157 3250/2612/157
f 3245/2660/48 3238/4022/48 3239/2661/48
f 3245/2605/146 3246/2656/146 3247/2648/146
f 3242/2664/116 3238/2268/116 3249/2266/116
f 3238/2268/116 3245/3914/116 3244/2267/116
f 3249/2266/116 3238/2268/116 3244/2267/116
f 3248/2603/28 3255/2682/28 3254/2620/28
f 3250/2269/123 3248/3915/123 3247/2267/123
f 3247/2267/123 3246/3914/123 3239/2270/123
f 3239/2270/123 3243/2664/123 3250/2269/123
f 3249/2621/28 3244/2617/28 3247/2648/28
f 3253/2272/123 3256/3916/123 3252/2271/123
f 3248/4021/158 3250/4023/158 3255/2667/158
f 3250/4023/158 3252/2665/158 3255/2667/158
f 3254/2620/137 3255/2682/137 3256/2625/137
f 3243/2658/119 3241/4021/119 3254/2667/119
f 3254/2667/119 3253/2666/119 3251/2668/119
f 3259/2602/28 3268/2621/28 3267/2669/28
f 3261/2602/29 3262/2670/29 3258/2656/29
f 3259/2672/119 3260/4024/119 3262/2673/119
f 3270/2626/157 3271/4015/157 3269/2675/157
f 3257/2676/48 3258/4025/48 3265/2677/48
f 3264/2671/146 3265/2656/146 3266/2648/146
f 3261/2681/116 3257/2291/116 3268/2289/116
f 3257/2291/116 3264/3920/116 3263/2290/116
f 3268/2289/116 3257/2291/116 3263/2290/116
f 3274/2682/28 3273/4026/28 3260/2670/28
f 3269/2292/123 3267/3922/123 3266/2290/123
f 3266/2290/123 3265/3920/123 3258/2291/123
f 3258/2291/123 3262/2681/123 3269/2292/123
f 3268/2621/28 3263/2679/28 3266/2648/28
f 3272/2294/123 3275/2299/123 3271/2293/123
f 3267/4024/158 3269/4027/158 3274/2685/158
f 3269/4027/158 3271/2683/158 3274/2685/158
f 3273/2300/137 3274/3924/137 3275/2299/137
f 3262/2673/119 3260/4024/119 3273/2685/119
f 3273/2685/119 3272/2684/119 3270/2686/119
f 3278/2687/28 3287/2702/28 3286/2669/28
f 3280/2689/29 3281/2670/29 3277/2656/29
f 3280/2690/119 3278/4028/119 3279/2691/119
f 3289/2654/157 3290/4015/157 3288/2675/157
f 3276/2693/48 3277/4029/48 3284/2694/48
f 3282/2696/146 3283/2788/146 3284/2697/146
f 3280/2700/116 3276/2315/116 3287/2313/116
f 3276/2315/116 3283/3927/116 3282/2314/116
f 3287/2313/116 3276/2315/116 3282/2314/116
f 3286/2669/28 3293/4030/28 3292/2701/28
f 3288/2318/123 3286/3928/123 3285/2314/123
f 3285/2314/123 3284/3927/123 3277/2315/123
f 3277/2315/123 3281/3929/123 3288/2318/123
f 3287/2702/28 3282/2696/28 3285/2698/28
f 3291/2321/123 3294/3930/123 3290/2320/123
f 3286/2691/158 3288/4031/158 3293/2705/158
f 3288/4031/158 3290/2703/158 3293/2705/158
f 3292/2701/137 3293/4030/137 3294/2640/137
f 3281/2692/119 3279/2691/119 3292/2705/119
f 3292/2705/119 3291/2704/119 3289/2706/119
f 3297/2687/28 3306/2702/28 3305/2707/28
f 3299/2687/29 3300/2688/29 3296/2708/29
f 3297/2710/119 3298/4032/119 3300/2711/119
f 3308/2654/157 3309/4033/157 3307/2713/157
f 3295/2712/48 3296/2711/48 3303/2714/48
f 3301/2696/146 3302/2605/146 3303/2708/146
f 3299/2717/116 3295/2339/116 3306/2337/116
f 3295/2339/116 3302/3934/116 3301/2338/116
f 3306/2337/116 3295/2339/116 3301/2338/116
f 3305/2707/28 3312/4034/28 3311/2701/28
f 3307/2341/123 3305/3935/123 3304/2338/123
f 3304/2338/123 3303/3936/123 3296/2339/123
f 3296/2339/123 3300/2717/123 3307/2341/123
f 3306/2702/28 3301/2696/28 3304/2698/28
f 3310/2343/123 3313/3937/123 3309/2342/123
f 3305/4032/158 3307/4035/158 3312/2720/158
f 3307/4035/158 3309/2718/158 3312/2720/158
f 3311/2701/137 3312/4034/137 3313/2721/137
f 3300/2711/119 3298/4032/119 3311/2720/119
f 3311/2720/119 3310/4036/119 3308/2722/119
f 3316/2723/28 3325/2735/28 3324/2707/28
f 3318/2723/29 3319/2688/29 3315/2607/29
f 3316/2725/119 3317/4037/119 3319/2726/119
f 3327/2728/157 3328/2772/157 3326/2713/157
f 3314/2729/48 3315/4038/48 3322/2730/48
f 3321/2605/146 3322/2607/146 3323/2698/146
f 3318/2733/116 3314/2362/116 3325/2360/116
f 3314/2362/116 3321/3941/116 3320/2361/116
f 3325/2360/116 3314/2362/116 3320/2361/116
f 3324/2707/28 3331/4034/28 3330/2734/28
f 3326/2364/123 3324/3942/123 3323/2361/123
f 3323/2361/123 3322/3941/123 3315/2362/123
f 3315/2362/123 3319/2367/123 3326/2364/123
f 3325/2735/28 3320/2696/28 3323/2698/28
f 3329/2366/123 3332/3943/123 3328/2365/123
f 3324/4037/158 3326/4039/158 3331/2738/158
f 3326/4039/158 3328/2736/158 3331/2738/158
f 3330/2734/137 3331/4034/137 3332/2721/137
f 3319/2726/119 3317/4037/119 3330/2738/119
f 3330/2738/119 3329/2737/119 3327/2739/119
f 3335/2687/28 3344/2702/28 3343/2669/28
f 3337/2723/29 3338/2724/29 3334/2708/29
f 3335/2740/119 3336/4040/119 3338/2741/119
f 3346/2728/157 3347/4041/157 3345/2675/157
f 3333/2743/48 3334/4042/48 3341/2744/48
f 3340/2709/146 3341/2708/146 3342/2698/146
f 3337/2747/116 3333/2381/116 3344/2379/116
f 3333/2381/116 3340/3948/116 3339/2380/116
f 3344/2379/116 3333/2381/116 3339/2380/116
f 3343/2669/28 3350/4030/28 3349/2701/28
f 3345/2382/123 3343/3949/123 3342/2380/123
f 3342/2380/123 3341/3948/123 3334/2381/123
f 3334/2381/123 3338/2747/123 3345/2382/123
f 3344/2702/28 3339/2696/28 3342/2698/28
f 3348/2384/123 3351/3950/123 3347/2383/123
f 3343/4040/158 3345/4043/158 3350/2750/158
f 3345/4043/158 3347/2748/158 3350/2750/158
f 3349/2701/137 3350/4030/137 3351/2721/137
f 3338/2741/119 3336/4040/119 3349/2750/119
f 3349/2750/119 3348/2749/119 3346/2752/119
f 3354/2723/28 3363/2702/28 3362/2707/28
f 3356/2687/29 3357/2688/29 3353/2697/29
f 3354/2753/119 3355/4044/119 3357/2754/119
f 3365/2751/157 3366/2772/157 3364/2713/157
f 3352/2756/48 3353/4045/48 3360/2757/48
f 3359/2605/146 3360/2697/146 3361/2759/146
f 3356/2761/116 3352/2400/116 3363/2398/116
f 3352/2400/116 3359/3954/116 3358/2399/116
f 3363/2398/116 3352/2400/116 3358/2399/116
f 3362/2707/28 3369/4034/28 3368/2734/28
f 3364/2401/123 3362/3955/123 3361/2399/123
f 3361/2399/123 3360/3956/123 3353/2400/123
f 3353/2400/123 3357/2761/123 3364/2401/123
f 3363/2702/28 3358/2696/28 3361/2759/28
f 3367/2403/123 3370/3957/123 3366/2402/123
f 3362/4044/158 3364/4046/158 3369/2764/158
f 3364/4046/158 3366/2762/158 3369/2764/158
f 3368/2734/137 3369/4034/137 3370/2721/137
f 3357/2754/119 3355/4044/119 3368/2764/119
f 3368/2764/119 3367/2763/119 3365/2765/119
f 3373/2766/28 3382/2735/28 3381/2767/28
f 3375/2766/29 3376/2771/29 3372/2656/29
f 3375/2768/119 3373/4047/119 3374/2769/119
f 3376/2771/157 3384/2784/157 3385/2772/157
f 3371/2773/48 3372/4048/48 3379/2774/48
f 3378/2671/146 3379/2656/146 3380/2759/146
f 3375/2778/116 3371/2422/116 3382/2420/116
f 3371/2422/116 3378/3961/116 3377/2421/116
f 3382/2420/116 3371/2422/116 3377/2421/116
f 3388/2779/28 3387/2783/28 3374/2724/28
f 3383/2424/123 3381/3962/123 3380/2421/123
f 3380/2421/123 3379/3961/123 3372/2422/123
f 3372/2422/123 3376/2778/123 3383/2424/123
f 3382/2735/28 3377/2776/28 3380/2759/28
f 3386/2426/123 3389/3963/123 3385/2425/123
f 3381/4049/158 3383/4050/158 3388/2782/158
f 3383/4050/158 3385/2780/158 3388/2782/158
f 3387/2783/137 3388/2779/137 3389/2721/137
f 3376/2770/119 3374/2769/119 3387/2785/119
f 3387/2785/119 3386/4051/119 3384/2786/119
f 3392/2723/28 3401/2799/28 3400/2787/28
f 3394/2766/29 3395/2724/29 3391/2697/29
f 3394/2789/119 3392/4052/119 3393/2790/119
f 3395/2724/157 3403/2784/157 3404/2792/157
f 3390/2794/48 3391/4053/48 3398/2795/48
f 3397/2788/146 3398/2697/146 3399/2759/146
f 3394/2798/116 3390/2446/116 3401/2444/116
f 3390/2446/116 3397/3969/116 3396/2445/116
f 3401/2444/116 3390/2446/116 3396/2445/116
f 3407/2779/28 3406/2803/28 3393/2724/28
f 3402/2447/123 3400/3970/123 3399/2445/123
f 3399/2445/123 3398/3969/123 3391/2446/123
f 3391/2446/123 3395/2798/123 3402/2447/123
f 3401/2799/28 3396/2776/28 3399/2759/28
f 3405/2449/123 3408/3971/123 3404/2448/123
f 3400/2790/158 3402/4054/158 3407/2802/158
f 3402/4054/158 3404/2800/158 3407/2802/158
f 3406/2803/137 3407/2779/137 3408/2804/137
f 3395/2791/119 3393/2790/119 3406/2802/119
f 3406/2802/119 3405/2801/119 3403/2805/119
f 3411/2806/28 3420/2817/28 3419/2787/28
f 3413/2806/29 3414/2724/29 3410/2697/29
f 3411/2808/119 3412/4055/119 3414/2809/119
f 3414/2724/157 3422/4056/157 3423/2792/157
f 3409/2812/48 3410/4057/48 3417/2813/48
f 3416/2788/146 3417/2697/146 3418/2759/146
f 3413/2816/116 3409/2468/116 3420/2466/116
f 3409/2468/116 3416/3976/116 3415/2467/116
f 3420/2466/116 3409/2468/116 3415/2467/116
f 3426/2779/28 3425/2803/28 3412/2807/28
f 3421/2470/123 3419/3977/123 3418/2467/123
f 3418/2467/123 3417/3976/123 3410/2468/123
f 3410/2468/123 3414/2473/123 3421/2470/123
f 3420/2817/28 3415/2776/28 3418/2759/28
f 3424/2472/123 3427/2477/123 3423/2471/123
f 3419/4055/158 3421/4058/158 3426/2820/158
f 3421/4058/158 3423/2818/158 3426/2820/158
f 3425/2478/137 3426/3979/137 3427/2477/137
f 3414/2809/119 3412/4055/119 3425/2820/119
f 3425/2820/119 3424/2819/119 3422/2821/119
usemtl GT_MC_Glass_Facade_2
f 148/158/84 159/159/84 150/160/84
f 177/164/85 176/165/85 162/166/85
f 166/167/48 161/168/48 167/169/48
f 155/170/86 156/171/87 157/172/87
f 152/170/88 165/173/88 158/174/88
f 181/178/92 180/179/93 178/180/92
f 168/164/94 169/165/94 174/182/94
f 156/183/95 151/184/95 149/185/95
f 173/189/99 172/190/100 175/191/100
f 178/180/101 182/192/101 181/178/101
f 164/193/48 163/194/48 160/195/48
f 150/160/102 151/184/102 148/158/102
f 174/196/103 170/197/103 173/189/103
f 184/198/84 195/199/84 186/200/84
f 213/201/85 212/202/85 198/203/85
f 202/204/48 197/205/48 203/206/48
f 191/207/86 192/208/87 193/209/87
f 188/210/104 201/211/88 194/212/88
f 217/216/92 216/217/93 214/218/92
f 204/201/94 205/202/105 210/219/94
f 192/222/95 187/223/95 185/224/95
f 209/226/99 208/227/100 211/228/100
f 217/216/101 215/229/101 218/230/101
f 200/231/48 199/232/48 196/233/48
f 184/234/102 185/235/102 187/236/102
f 210/237/103 206/238/103 209/226/103
f 220/239/84 231/240/84 222/241/84
f 249/242/85 248/243/85 234/244/85
f 238/245/48 233/246/48 239/247/48
f 227/248/86 228/249/87 229/250/87
f 224/251/88 237/252/88 230/253/88
f 253/257/92 252/258/93 250/259/92
f 240/242/94 241/243/94 246/260/94
f 228/263/95 223/264/95 221/265/95
f 245/268/107 244/269/100 247/270/100
f 253/257/101 251/271/101 254/272/101
f 236/273/48 235/274/48 232/275/48
f 220/239/102 221/265/102 223/264/102
f 246/276/103 242/277/103 245/268/103
f 256/278/84 267/279/84 258/280/84
f 285/281/85 284/282/85 270/283/85
f 274/284/48 269/285/48 275/286/48
f 263/287/86 264/288/87 265/289/87
f 260/287/104 273/290/88 266/291/88
f 289/295/92 288/296/93 286/297/92
f 276/281/94 277/282/94 282/299/94
f 264/302/95 259/303/95 257/304/95
f 281/306/99 280/307/100 283/308/100
f 289/309/101 287/310/101 290/311/101
f 272/312/48 271/313/48 268/314/48
f 256/315/102 257/304/102 259/303/102
f 282/316/103 278/317/103 281/306/103
f 292/318/84 303/319/84 294/320/84
f 321/323/85 320/324/85 306/325/85
f 311/326/48 309/327/48 305/328/48
f 299/329/86 300/330/87 301/331/87
f 296/329/88 309/332/88 302/333/88
f 325/337/92 324/338/93 322/339/92
f 312/323/94 313/324/94 318/340/94
f 300/341/95 295/342/95 293/343/95
f 317/345/99 316/346/100 319/347/100
f 325/337/101 323/348/101 326/349/101
f 308/350/48 307/351/48 304/352/48
f 294/320/102 295/342/102 292/318/102
f 318/353/103 314/354/103 317/345/103
f 328/355/84 339/356/84 330/357/84
f 357/358/85 356/359/108 342/360/85
f 346/361/48 341/362/48 347/363/48
f 335/364/86 336/365/87 337/366/87
f 332/367/88 345/368/88 338/369/88
f 361/373/92 360/374/93 358/375/92
f 348/376/94 349/377/94 354/378/94
f 336/380/95 331/381/95 329/382/95
f 353/384/99 352/385/99 355/386/99
f 361/373/101 359/388/101 362/389/101
f 344/390/48 343/391/48 340/392/48
f 330/357/102 331/381/102 328/355/102
f 354/393/103 350/394/103 353/384/103
f 364/395/84 375/396/84 366/397/84
f 393/398/85 392/399/108 378/400/85
f 382/401/48 377/402/48 383/403/48
f 371/404/86 372/405/87 373/406/87
f 368/404/88 381/407/88 374/408/88
f 397/412/92 396/413/110 394/414/92
f 384/398/94 385/399/94 390/415/94
f 372/416/95 367/417/95 365/418/95
f 389/421/99 388/422/100 391/423/100
f 397/412/101 395/424/101 398/425/101
f 380/426/48 379/427/48 376/428/48
f 366/429/102 367/430/102 364/431/102
f 387/432/103 389/421/103 390/433/103
f 400/434/84 411/435/84 402/436/84
f 429/437/85 428/438/108 414/439/85
f 418/440/48 413/441/48 419/442/48
f 407/443/86 408/444/87 409/445/87
f 404/446/88 417/447/88 410/448/88
f 433/452/92 432/453/93 430/454/92
f 420/437/94 421/438/111 426/455/94
f 408/456/95 403/457/95 401/458/95
f 425/461/107 424/462/100 427/463/100
f 433/452/101 431/464/101 434/465/101
f 416/466/48 415/467/48 412/468/48
f 402/436/102 403/457/102 400/434/102
f 426/469/103 422/470/103 425/461/103
f 436/471/84 447/472/84 438/473/84
f 465/474/85 464/475/108 450/476/85
f 455/477/48 453/478/48 449/479/48
f 443/480/86 444/481/87 445/482/87
f 440/480/104 453/483/88 446/484/88
f 469/488/92 468/489/93 466/490/92
f 456/474/94 457/475/105 462/492/94
f 444/493/95 439/494/95 437/495/95
f 461/498/99 460/499/99 463/500/100
f 469/488/101 467/501/101 470/502/101
f 448/503/48 450/504/48 451/505/48
f 436/471/102 437/495/102 439/494/102
f 459/506/103 461/498/103 462/507/103
f 472/508/84 483/509/84 474/510/84
f 501/511/85 500/512/108 486/513/85
f 490/514/48 485/515/48 491/516/48
f 479/517/86 480/518/87 481/519/87
f 476/517/88 489/520/88 482/521/88
f 505/525/92 504/526/93 502/527/92
f 492/511/94 493/512/94 498/528/94
f 480/529/95 475/530/95 473/531/95
f 497/535/99 496/536/100 499/537/99
f 502/527/101 506/538/101 505/525/101
f 484/539/48 486/540/48 487/541/48
f 474/510/102 475/530/102 472/508/102
f 498/542/103 494/543/103 497/535/103
f 508/544/84 519/545/84 510/546/84
f 537/547/85 536/548/108 522/549/108
f 526/550/48 521/551/48 527/552/48
f 515/553/86 516/554/87 517/555/87
f 512/553/114 525/556/88 518/557/88
f 541/561/92 540/562/93 538/563/92
f 528/547/94 529/548/94 534/564/94
f 516/565/95 511/566/95 509/567/95
f 533/571/99 532/572/100 535/573/100
f 538/563/101 542/574/101 541/561/101
f 520/575/48 522/576/48 523/577/48
f 508/578/102 509/579/102 511/580/102
f 534/581/103 530/582/103 533/571/103
f 544/583/84 555/584/84 546/585/84
f 573/586/85 572/587/108 558/588/108
f 562/589/48 557/590/48 563/591/48
f 551/592/87 552/593/87 553/594/87
f 548/595/88 561/596/88 554/597/88
f 577/601/92 576/602/93 574/603/92
f 564/605/94 565/606/94 570/607/94
f 552/608/95 547/609/95 545/610/95
f 569/614/99 568/615/100 571/616/100
f 574/603/101 578/617/101 577/601/101
f 556/618/48 558/619/48 559/620/48
f 544/583/102 545/610/102 547/609/102
f 567/621/103 569/614/103 570/622/103
f 580/623/84 591/624/84 582/625/84
f 609/626/85 608/627/108 594/628/85
f 598/629/48 593/630/48 599/631/48
f 587/632/86 588/633/87 589/634/87
f 584/635/104 597/636/88 590/637/88
f 613/641/92 612/642/93 610/643/92
f 600/644/94 601/645/105 606/646/94
f 588/647/95 583/648/95 581/649/95
f 605/653/99 604/654/100 607/655/100
f 613/641/101 611/657/101 614/658/101
f 592/659/48 594/660/48 595/661/48
f 582/625/102 583/648/102 580/623/102
f 606/662/103 602/663/103 605/653/103
f 1263/1416/128 1260/1417/123 1261/1418/123
f 1270/1417/116 1278/1443/116 1279/1418/116
f 1285/1477/48 1286/1478/48 1287/1479/48
f 148/158/84 153/2969/84 159/159/84
f 177/164/85 182/182/85 176/165/85
f 182/182/85 179/2996/85 176/165/85
f 176/165/85 163/2997/215 162/166/85
f 166/167/48 165/2998/48 161/168/48
f 155/170/86 154/2999/87 156/171/87
f 157/172/87 164/3000/87 155/170/86
f 164/3000/87 160/3001/86 155/170/86
f 152/170/88 161/3002/104 165/173/88
f 158/174/88 159/3003/88 152/170/88
f 159/3003/88 153/2999/88 152/170/88
f 181/178/92 183/3005/93 180/179/93
f 168/164/94 166/166/94 169/165/94
f 166/166/94 167/2997/111 169/165/94
f 169/165/94 171/2996/94 174/182/94
f 156/183/95 154/3018/95 151/184/95
f 173/189/99 170/197/219 172/190/100
f 178/180/101 179/3020/101 182/192/101
f 164/193/48 162/3021/48 163/194/48
f 150/160/102 149/185/102 151/184/102
f 174/196/103 171/3022/103 170/197/103
f 184/198/84 189/3023/84 195/199/84
f 213/201/85 218/219/85 212/202/85
f 218/219/85 215/3024/85 212/202/85
f 212/202/85 199/3025/215 198/203/85
f 202/204/48 201/3026/48 197/205/48
f 191/207/86 190/3027/87 192/208/87
f 193/209/87 200/3028/87 191/207/86
f 200/3028/87 196/3029/86 191/207/86
f 188/210/104 197/3030/104 201/211/88
f 194/212/88 195/3031/88 188/210/104
f 195/3031/88 189/3032/88 188/210/104
f 217/216/92 219/3034/110 216/217/93
f 204/201/94 202/203/94 205/202/105
f 202/203/94 203/3025/111 205/202/105
f 205/202/105 207/3024/94 210/219/94
f 192/222/95 190/3054/95 187/223/95
f 209/226/99 206/238/219 208/227/100
f 217/216/101 214/218/101 215/229/101
f 200/231/48 198/3056/48 199/232/48
f 184/234/102 186/3057/102 185/235/102
f 210/237/103 207/3058/103 206/238/103
f 220/239/84 225/3059/84 231/240/84
f 249/242/85 254/260/85 248/243/85
f 254/260/85 251/3060/85 248/243/85
f 248/243/85 235/3061/215 234/244/85
f 238/245/48 237/3062/48 233/246/48
f 227/248/86 226/3063/87 228/249/87
f 229/250/87 236/3064/87 227/248/86
f 236/3064/87 232/3065/86 227/248/86
f 224/251/88 233/3066/104 237/252/88
f 230/253/88 231/3067/88 224/251/88
f 231/3067/88 225/3068/88 224/251/88
f 253/257/92 255/3070/93 252/258/93
f 240/242/94 238/244/94 241/243/94
f 238/244/94 239/3061/111 241/243/94
f 241/243/94 243/3060/94 246/260/94
f 228/263/95 226/3088/95 223/264/95
f 245/268/107 242/277/219 244/269/100
f 253/257/101 250/259/101 251/271/101
f 236/273/48 234/3090/48 235/274/48
f 220/239/102 222/241/102 221/265/102
f 246/276/103 243/3091/103 242/277/103
f 256/278/84 261/3092/84 267/279/84
f 285/281/85 290/299/85 284/282/85
f 290/299/85 287/3093/85 284/282/85
f 284/282/85 271/3094/215 270/283/85
f 274/284/48 273/3095/48 269/285/48
f 263/287/86 262/3096/87 264/288/87
f 265/289/87 272/3097/87 263/287/86
f 272/3097/87 268/3098/86 263/287/86
f 260/287/104 269/3099/104 273/290/88
f 266/291/88 267/288/88 260/287/104
f 267/288/88 261/3096/88 260/287/104
f 289/295/92 291/3101/93 288/296/93
f 276/281/94 274/283/94 277/282/94
f 274/283/94 275/3094/111 277/282/94
f 277/282/94 279/3093/94 282/299/94
f 264/302/95 262/3122/95 259/303/95
f 281/306/99 278/317/219 280/307/100
f 289/309/101 286/3133/101 287/310/101
f 272/312/48 270/3134/48 271/313/48
f 256/315/102 258/3135/102 257/304/102
f 282/316/103 279/3136/103 278/317/103
f 292/318/84 297/3137/84 303/319/84
f 321/323/85 326/340/85 320/324/85
f 326/340/85 323/3144/85 320/324/85
f 320/324/85 307/3145/215 306/325/85
f 311/326/48 310/3146/48 309/327/48
f 299/329/86 298/3147/87 300/330/87
f 301/331/87 308/3148/87 299/329/86
f 308/3148/87 304/3149/86 299/329/86
f 296/329/88 305/3150/104 309/332/88
f 302/333/88 303/330/88 296/329/88
f 303/330/88 297/3147/88 296/329/88
f 325/337/92 327/3152/93 324/338/93
f 312/323/94 310/325/94 313/324/94
f 310/325/94 311/3145/111 313/324/94
f 313/324/94 315/3144/94 318/340/94
f 300/341/95 298/3156/95 295/342/95
f 317/345/99 314/354/219 316/346/100
f 325/337/101 322/339/101 323/348/101
f 308/350/48 306/3158/48 307/351/48
f 294/320/102 293/343/102 295/342/102
f 318/353/103 315/3159/103 314/354/103
f 328/355/84 333/3160/84 339/356/84
f 357/358/85 362/3161/85 356/359/108
f 362/3161/85 359/3162/85 356/359/108
f 356/359/108 343/3163/215 342/360/85
f 346/361/48 345/3164/48 341/362/48
f 335/364/86 334/3165/87 336/365/87
f 337/366/87 344/3166/87 335/364/86
f 344/3166/87 340/3167/86 335/364/86
f 332/367/88 341/3168/104 345/368/88
f 338/369/88 339/3169/88 332/367/88
f 339/3169/88 333/3170/88 332/367/88
f 361/373/92 363/3172/93 360/374/93
f 348/376/94 346/3177/94 349/377/94
f 346/3177/94 347/3178/111 349/377/94
f 349/377/94 351/3179/94 354/378/94
f 336/380/95 334/3189/95 331/381/95
f 353/384/99 350/394/219 352/385/99
f 361/373/101 358/375/101 359/388/101
f 344/390/48 342/3194/48 343/391/48
f 330/357/102 329/382/102 331/381/102
f 354/393/103 351/3195/103 350/394/103
f 364/395/84 369/3196/84 375/396/84
f 393/398/85 398/415/85 392/399/108
f 398/415/85 395/3205/85 392/399/108
f 392/399/108 379/3206/215 378/400/85
f 382/401/48 381/3207/48 377/402/48
f 371/404/86 370/3208/87 372/405/87
f 373/406/87 380/3209/87 371/404/86
f 380/3209/87 376/3210/86 371/404/86
f 368/404/88 377/3211/104 381/407/88
f 374/408/88 375/405/88 368/404/88
f 375/405/88 369/3208/88 368/404/88
f 397/412/92 399/3213/93 396/413/110
f 384/398/94 382/400/94 385/399/94
f 382/400/94 383/3206/111 385/399/94
f 385/399/94 387/3205/94 390/415/94
f 372/416/95 370/3218/95 367/417/95
f 389/421/99 386/3220/219 388/422/100
f 397/412/101 394/414/101 395/424/101
f 380/426/48 378/3221/48 379/427/48
f 366/429/102 365/3222/102 367/430/102
f 387/432/103 386/3220/103 389/421/103
f 400/434/84 405/3227/84 411/435/84
f 429/437/85 434/455/85 428/438/108
f 434/455/85 431/3228/85 428/438/108
f 428/438/108 415/3229/215 414/439/85
f 418/440/48 417/3230/48 413/441/48
f 407/443/86 406/3231/87 408/444/87
f 409/445/87 416/3232/87 407/443/86
f 416/3232/87 412/3233/86 407/443/86
f 404/446/88 413/3234/104 417/447/88
f 410/448/88 411/444/88 404/446/88
f 411/444/88 405/3231/88 404/446/88
f 433/452/92 435/3236/93 432/453/93
f 420/437/94 418/439/94 421/438/111
f 418/439/94 419/3229/111 421/438/111
f 421/438/111 423/3228/94 426/455/94
f 408/456/95 406/3237/95 403/457/95
f 425/461/107 422/470/219 424/462/100
f 433/452/101 430/454/101 431/464/101
f 416/466/48 414/3239/48 415/467/48
f 402/436/102 401/458/102 403/457/102
f 426/469/103 423/3240/103 422/470/103
f 436/471/84 441/3241/84 447/472/84
f 465/474/85 470/492/85 464/475/108
f 470/492/85 467/3242/85 464/475/108
f 464/475/108 451/3243/215 450/476/85
f 455/477/48 454/3244/48 453/478/48
f 443/480/86 442/3245/87 444/481/87
f 445/482/87 452/3246/87 443/480/86
f 452/3246/87 448/3247/86 443/480/86
f 440/480/104 449/3248/104 453/483/88
f 446/484/88 447/481/88 440/480/104
f 447/481/88 441/3245/88 440/480/104
f 469/488/92 471/3250/93 468/489/93
f 456/474/94 454/476/94 457/475/105
f 454/476/94 455/3243/111 457/475/105
f 457/475/105 459/3242/94 462/492/94
f 444/493/95 442/3252/95 439/494/95
f 461/498/99 458/3254/219 460/499/99
f 469/488/101 466/490/101 467/501/101
f 448/503/48 452/3255/48 450/504/48
f 436/471/102 438/473/102 437/495/102
f 459/506/103 458/3254/103 461/498/103
f 472/508/84 477/3256/84 483/509/84
f 501/511/85 506/528/85 500/512/108
f 506/528/85 503/3257/85 500/512/108
f 500/512/108 487/3258/215 486/513/85
f 490/514/48 489/3259/48 485/515/48
f 479/517/86 478/3260/87 480/518/87
f 481/519/87 488/3261/87 479/517/86
f 488/3261/87 484/3262/86 479/517/86
f 476/517/88 485/3263/104 489/520/88
f 482/521/88 483/518/88 476/517/88
f 483/518/88 477/3260/88 476/517/88
f 505/525/92 507/3265/93 504/526/93
f 492/511/94 490/513/94 493/512/94
f 490/513/94 491/3258/111 493/512/94
f 493/512/94 495/3257/94 498/528/94
f 480/529/95 478/3266/95 475/530/95
f 497/535/99 494/543/219 496/536/100
f 502/527/101 503/3268/101 506/538/101
f 484/539/48 488/3269/48 486/540/48
f 474/510/102 473/531/102 475/530/102
f 498/542/103 495/3270/103 494/543/103
f 508/544/84 513/3271/84 519/545/84
f 537/547/85 542/564/241 536/548/108
f 542/564/241 539/3275/85 536/548/108
f 536/548/108 523/3276/215 522/549/108
f 526/550/48 525/3277/48 521/551/48
f 515/553/86 514/3278/86 516/554/87
f 517/555/87 524/3279/87 515/553/86
f 524/3279/87 520/3280/86 515/553/86
f 512/553/114 521/3281/104 525/556/88
f 518/557/88 519/554/88 512/553/114
f 519/554/88 513/3278/88 512/553/114
f 541/561/92 543/3283/93 540/562/93
f 528/547/94 526/549/94 529/548/94
f 526/549/94 527/3276/111 529/548/94
f 529/548/94 531/3275/94 534/564/94
f 516/565/95 514/3285/95 511/566/95
f 533/571/99 530/582/219 532/572/100
f 538/563/101 539/3287/101 542/574/101
f 520/575/48 524/3288/48 522/576/48
f 508/578/102 510/3289/102 509/579/102
f 534/581/103 531/3290/103 530/582/103
f 544/583/84 549/3291/84 555/584/84
f 573/586/85 578/3292/85 572/587/108
f 578/3292/85 575/3293/85 572/587/108
f 572/587/108 559/3294/215 558/588/108
f 562/589/48 561/3295/48 557/590/48
f 551/592/87 550/3296/87 552/593/87
f 553/594/87 560/3297/87 551/592/87
f 560/3297/87 556/3298/86 551/592/87
f 548/595/88 557/3299/104 561/596/88
f 554/597/88 555/3300/88 548/595/88
f 555/3300/88 549/3301/88 548/595/88
f 577/601/92 579/3302/110 576/602/93
f 564/605/94 562/3313/94 565/606/94
f 562/3313/94 563/3314/111 565/606/94
f 565/606/94 567/3315/94 570/607/94
f 552/608/95 550/3316/95 547/609/95
f 569/614/99 566/3317/242 568/615/100
f 574/603/101 575/3320/101 578/617/101
f 556/618/48 560/3321/48 558/619/48
f 544/583/102 546/585/102 545/610/102
f 567/621/103 566/3317/103 569/614/103
f 580/623/84 585/3322/84 591/624/84
f 609/626/85 614/3324/85 608/627/108
f 614/3324/85 611/3325/85 608/627/108
f 608/627/108 595/3326/215 594/628/85
f 598/629/48 597/3327/48 593/630/48
f 587/632/86 586/3328/87 588/633/87
f 589/634/87 596/3329/87 587/632/86
f 596/3329/87 592/3330/86 587/632/86
f 584/635/104 593/3331/104 597/636/88
f 590/637/88 591/3332/88 584/635/104
f 591/3332/88 585/3333/88 584/635/104
f 613/641/92 615/3335/93 612/642/93
f 600/644/94 598/3336/94 601/645/105
f 598/3336/94 599/3337/111 601/645/105
f 601/645/105 603/3338/94 606/646/94
f 588/647/95 586/3339/95 583/648/95
f 605/653/99 602/663/219 604/654/100
f 613/641/101 610/643/101 611/657/101
f 592/659/48 596/3354/48 594/660/48
f 582/625/102 581/649/102 583/648/102
f 606/662/103 603/3355/103 602/663/103
f 1265/3696/123 1266/3697/123 1267/3698/123
f 1267/3698/123 1268/3699/123 1265/3696/123
f 1268/3699/123 1269/3700/123 1263/1416/128
f 1265/3696/123 1268/3699/123 1263/1416/128
f 1263/1416/128 1264/3701/123 1265/3696/123
f 1263/1416/128 1269/3700/123 1260/1417/123
f 1262/1443/123 1263/1416/128 1261/1418/123
f 1271/3700/116 1272/3699/116 1277/1416/259
f 1272/3699/116 1273/3698/116 1275/3696/116
f 1273/3698/116 1274/3697/116 1275/3696/116
f 1272/3699/116 1275/3696/116 1277/1416/259
f 1275/3696/116 1276/3701/116 1277/1416/259
f 1270/1417/116 1271/3700/116 1277/1416/259
f 1270/1417/116 1277/1416/259 1278/1443/116
f 1285/1477/48 1284/3712/48 1286/1478/48
usemtl GT_MC_Tiling_Grey_Horizontal_Tile
f 133/38/27 136/39/27 132/40/27
f 5/51/30 33/52/30 44/53/30
f 8/39/35 26/66/36 23/40/35
f 117/73/42 116/74/43 111/75/42
f 67/94/48 63/95/48 69/96/48
f 32/103/51 43/104/52 33/105/51
f 114/109/56 109/110/56 93/111/57
f 75/124/66 73/125/66 99/111/67
f 82/125/74 91/132/74 53/103/75
f 82/146/48 75/147/48 91/148/48
f 54/152/81 27/153/81 51/154/81
f 617/667/48 652/668/48 650/669/48
f 654/670/116 617/671/116 616/672/116
f 1245/678/48 667/679/48 662/680/48
f 624/681/48 626/682/48 618/683/48
f 650/671/116 624/690/116 666/691/116
f 648/701/116 626/702/116 647/703/116
f 654/710/119 653/711/119 655/668/119
f 675/729/48 710/730/48 709/731/48
f 675/671/123 712/670/123 674/672/123
f 725/740/48 1255/741/48 720/742/48
f 649/743/119 704/744/119 646/745/119
f 682/746/48 684/747/48 688/730/48
f 708/671/123 711/754/123 724/691/123
f 716/755/116 1219/756/116 1220/757/116
f 684/702/123 706/701/123 705/703/123
f 712/731/119 711/778/119 674/729/119
f 658/1283/29 1280/1284/29 1246/1285/29
f 659/1286/29 1246/1285/29 1186/1287/29
f 627/1288/29 1188/1289/29 628/1290/29
f 627/1288/29 1189/1291/29 1187/1292/29
f 631/1293/29 1189/1291/29 629/1294/29
f 631/1293/29 1186/1287/29 1190/1295/29
f 690/1296/29 1280/1284/29 632/1297/29
f 716/1298/29 1282/1299/29 690/1296/29
f 717/1300/29 1256/1301/29 716/1298/29
f 686/1302/29 1194/1303/29 685/1304/29
f 685/1304/29 1196/1305/29 687/1306/29
f 689/1307/29 1196/1305/29 1197/1308/29
f 689/1307/29 1193/1309/29 717/1300/29
f 628/1290/29 1195/1310/29 686/1302/29
f 1209/1311/48 1230/1312/48 1202/1313/48
f 658/755/123 1212/756/123 632/1314/123
f 716/1315/122 1221/1316/122 717/1317/122
f 659/1318/120 1213/1319/120 658/1320/120
f 685/1321/123 1223/1322/123 686/1323/123
f 628/1323/116 1215/1324/116 627/1321/116
f 687/1325/48 1222/1326/48 685/1327/48
f 629/1328/48 1215/1329/48 1217/1330/48
f 689/1331/123 1224/1324/123 687/1321/123
f 629/1321/116 1218/1332/116 631/1331/116
f 717/1317/48 1225/1333/48 689/1325/48
f 631/1328/48 1214/1334/48 659/1318/48
f 628/1335/119 1223/1326/119 1216/1329/119
f 690/1336/48 1212/1337/48 1219/1338/48
f 1199/1339/29 1212/1297/29 1213/1283/29
f 1199/1339/29 1214/1286/29 1200/1340/29
f 1202/1341/29 1215/1288/29 1216/1290/29
f 1201/1342/29 1217/1294/29 1215/1288/29
f 1204/1343/29 1217/1294/29 1203/1344/29
f 1204/1343/29 1214/1286/29 1218/1293/29
f 1205/1345/29 1212/1297/29 1198/1346/29
f 1206/1347/29 1219/1296/29 1205/1345/29
f 1206/1347/29 1221/1300/29 1220/1298/29
f 1209/1348/29 1222/1304/29 1208/1349/29
f 1208/1349/29 1224/1306/29 1210/1350/29
f 1211/1351/29 1224/1306/29 1225/1307/29
f 1211/1351/29 1221/1300/29 1207/1352/29
f 1202/1341/29 1223/1302/29 1209/1348/29
f 1238/1350/29 1226/1346/29 1231/1344/29
f 1198/1353/119 1233/1354/119 1205/1355/119
f 1205/1356/123 1234/1357/123 1206/1358/123
f 1198/1356/116 1227/1357/116 1226/1359/116
f 1206/1360/124 1235/1361/124 1207/1362/124
f 1200/1363/118 1227/1364/118 1199/1365/118
f 1208/1366/116 1237/1367/116 1209/1368/116
f 1202/1368/123 1229/1369/123 1201/1366/123
f 1208/1311/119 1238/1370/119 1236/1371/119
f 1201/1313/119 1231/1372/119 1203/1373/119
f 1211/1374/116 1238/1369/116 1210/1366/116
f 1203/1366/123 1232/1375/123 1204/1374/123
f 1211/1376/119 1235/1361/119 1239/1370/119
f 1204/1373/119 1228/1377/119 1200/1363/119
f 1357/1609/28 1366/1610/28 1356/1611/28
f 1368/1612/48 1369/1613/48 1357/1614/48
f 1367/1615/116 1357/1616/116 1356/1617/116
f 1366/1618/116 1369/1619/116 1359/1620/116
f 1361/1621/48 1364/1622/48 1360/1623/48
f 1363/1624/119 1358/1623/119 1362/1622/119
f 1361/1625/29 1363/1626/29 1365/1627/29
f 1356/1628/119 1370/1623/119 1367/1612/119
f 1424/1640/28 1437/1641/28 1425/1642/28
f 1437/1613/119 1436/1612/119 1425/1614/119
f 1425/1643/116 1435/1644/116 1424/1645/116
f 1434/1645/116 1429/1646/116 1427/1647/116
f 1432/1622/119 1429/1621/119 1428/1623/119
f 1426/1623/48 1431/1624/48 1430/1622/48
f 1433/1648/29 1427/1649/29 1429/1650/29
f 1435/1651/48 1434/1652/48 1424/1614/48
f 1502/1655/28 1493/1656/28 1492/1657/28
f 1493/1614/119 1507/1623/119 1504/1612/119
f 1492/1658/116 1504/1659/116 1503/1660/116
f 1502/1661/116 1497/1662/116 1495/1663/116
f 1500/1622/119 1497/1621/119 1496/1623/119
f 1494/1623/48 1499/1624/48 1498/1622/48
f 1499/1664/29 1497/1665/29 1501/1666/29
f 1506/1623/48 1492/1628/48 1503/1612/48
f 1560/1667/28 1573/1668/28 1570/1669/28
f 1572/1612/48 1573/1613/48 1561/1614/48
f 1571/1670/116 1561/1671/116 1560/1672/116
f 1563/1673/116 1565/1674/116 1573/1675/116
f 1565/1621/48 1568/1622/48 1564/1623/48
f 1567/1624/119 1562/1623/119 1566/1622/119
f 1565/1676/29 1567/1677/29 1569/1678/29
f 1571/1651/119 1570/1652/119 1574/1623/119
f 1629/1679/28 1638/1680/28 1628/1681/28
f 1640/1682/48 1641/1683/48 1629/1684/48
f 1639/1685/116 1629/1686/116 1628/1687/116
f 1638/1687/116 1641/1688/116 1631/1689/116
f 1633/1690/48 1636/1691/48 1632/1692/48
f 1635/1693/119 1630/1692/119 1634/1691/119
f 1633/1694/29 1635/1695/29 1637/1696/29
f 1628/1684/119 1642/1692/119 1639/1682/119
f 1706/1697/28 1697/1698/28 1696/1699/28
f 1709/1700/119 1708/1682/119 1697/1684/119
f 1697/1701/116 1707/1702/116 1696/1703/116
f 1706/1703/116 1701/1704/116 1699/1705/116
f 1704/1691/119 1701/1690/119 1700/1692/119
f 1698/1692/48 1703/1693/48 1702/1691/48
f 1703/1706/29 1701/1707/29 1705/1708/29
f 1710/1692/48 1696/1684/48 1707/1682/48
f 1764/1713/28 1777/1714/28 1765/1715/28
f 1777/1716/48 1776/1717/48 1765/1718/48
f 1765/1616/123 1775/1615/123 1764/1617/123
f 1774/1618/123 1769/1719/123 1767/1620/123
f 1772/1720/48 1769/1721/48 1768/1722/48
f 1770/1720/119 1767/1721/119 1771/1723/119
f 1773/1724/29 1767/1725/29 1769/1726/29
f 1778/1722/119 1764/1727/119 1775/1717/119
f 1833/1728/28 1842/1729/28 1832/1730/28
f 1844/1717/119 1845/1716/119 1833/1718/119
f 1843/1644/123 1833/1643/123 1832/1645/123
f 1842/1645/123 1845/1731/123 1835/1647/123
f 1837/1721/119 1840/1720/119 1836/1722/119
f 1839/1723/48 1834/1722/48 1838/1720/48
f 1837/1732/29 1839/1733/29 1841/1734/29
f 1843/1735/48 1842/1736/48 1846/1722/48
f 1901/1738/28 1910/1739/28 1900/1740/28
f 1912/1717/119 1913/1716/119 1901/1718/119
f 1911/1660/123 1901/1741/123 1900/1658/123
f 1903/1663/123 1905/1662/123 1913/1742/123
f 1905/1721/119 1908/1720/119 1904/1722/119
f 1907/1723/48 1902/1722/48 1906/1720/48
f 1905/1743/29 1907/1744/29 1909/1745/29
f 1900/1727/48 1914/1722/48 1911/1717/48
f 1978/1747/28 1969/1748/28 1968/1749/28
f 1981/1716/48 1980/1717/48 1969/1718/48
f 1969/1671/123 1979/1670/123 1968/1672/123
f 1981/1675/123 1978/1672/123 1973/1674/123
f 1976/1720/48 1973/1721/48 1972/1722/48
f 1970/1722/119 1975/1723/119 1974/1720/119
f 1975/1750/29 1973/1751/29 1977/1752/29
f 1979/1735/119 1978/1736/119 1968/1718/119
f 2046/1753/28 2037/1754/28 2036/1755/28
f 2049/1756/48 2048/1757/48 2037/1758/48
f 2037/1686/123 2047/1685/123 2036/1687/123
f 2046/1687/123 2041/1759/123 2039/1689/123
f 2040/1760/48 2045/1761/48 2041/1762/48
f 2038/1760/119 2043/1763/119 2042/1764/119
f 2043/1765/29 2041/1766/29 2045/1767/29
f 2050/1760/119 2036/1758/119 2047/1757/119
f 2105/1770/28 2114/1771/28 2104/1772/28
f 2116/1757/119 2117/1773/119 2105/1758/119
f 2115/1702/123 2105/1701/123 2104/1703/123
f 2114/1703/123 2117/1701/123 2107/1705/123
f 2109/1762/119 2112/1764/119 2108/1760/119
f 2110/1764/48 2107/1762/48 2106/1760/48
f 2109/1774/29 2111/1775/29 2113/1776/29
f 2115/1757/48 2114/1773/48 2118/1760/48
f 2558/1892/116 2546/1893/116 2536/1894/116
f 2539/1895/29 2543/1896/29 2544/1897/29
f 2544/1898/118 2542/1899/118 2541/1900/118
f 2542/1901/116 2539/1902/116 2540/1903/116
f 2560/1904/153 2546/1905/153 2558/1906/153
f 2547/1907/123 2557/1893/123 2560/1908/123
f 2555/1909/29 2550/1910/29 2548/1911/29
f 2556/1912/116 2565/1913/116 2549/1914/116
f 2540/1895/28 2551/1910/28 2552/1909/28
f 2553/1915/124 2555/1916/124 2552/1917/124
f 2550/1902/123 2553/1901/123 2551/1903/123
f 2536/1918/29 2557/1919/29 2547/1920/29
f 2537/1921/48 2548/1922/48 2551/1915/48
f 2561/1922/119 2559/1923/119 2541/1900/119
f 2538/1924/119 2558/1925/119 2559/1923/119
f 2549/1926/119 2560/1927/119 2556/1928/119
f 2545/1929/119 2560/1927/119 2558/1925/119
f 2538/1924/119 2561/1922/119 2549/1926/119
f 2545/1933/28 2564/1934/28 2556/1935/28
f 2538/1936/123 2562/1937/123 2545/1938/123
f 2549/1939/29 2563/1940/29 2538/1941/29
f 2567/1942/48 2568/1943/48 2566/1944/48
f 2569/1945/29 2572/1946/29 2568/1947/29
f 2573/1948/119 2570/1949/119 2572/1943/119
f 2571/1950/28 2566/1947/28 2570/1951/28
f 2568/1952/123 2570/1953/123 2566/1954/123
f 2569/1955/116 2571/1956/116 2573/1957/116
f 2575/1958/123 2576/1959/123 2574/1960/123
f 2577/1961/29 2580/1962/29 2576/1963/29
f 2581/1964/116 2578/1960/116 2580/1959/116
f 2578/1962/28 2575/1961/28 2574/1963/28
f 2576/1965/119 2578/1966/119 2574/1967/119
f 2577/1965/48 2579/1966/48 2581/1968/48
f 2583/1969/123 2584/1970/123 2582/1971/123
f 2585/1972/29 2588/1973/29 2584/1974/29
f 2589/1975/116 2586/1971/116 2588/1970/116
f 2587/1976/28 2582/1977/28 2586/1978/28
f 2588/1979/119 2582/1980/119 2584/1981/119
f 2585/1981/48 2587/1982/48 2589/1979/48
f 2592/1970/116 2591/1969/116 2590/1971/116
f 2596/1983/29 2593/1984/29 2592/1985/29
f 2594/1971/123 2597/1975/123 2596/1970/123
f 2590/1986/28 2595/1987/28 2594/1988/28
f 2590/1989/119 2596/1990/119 2592/1991/119
f 2595/1992/48 2593/1991/48 2597/1990/48
f 2599/1942/48 2600/1943/48 2598/1944/48
f 2600/1993/29 2605/1994/29 2604/1995/29
f 2605/1948/119 2602/1949/119 2604/1943/119
f 2603/1994/28 2598/1993/28 2602/1996/28
f 2604/1997/123 2598/1998/123 2600/1999/123
f 2601/2000/116 2603/2001/116 2605/2002/116
f 2607/2003/48 2608/2004/48 2606/2005/48
f 2609/2006/29 2612/2007/29 2608/2008/29
f 2613/2009/119 2610/2010/119 2612/2004/119
f 2610/2011/28 2607/2012/28 2606/2008/28
f 2612/2013/123 2606/2014/123 2608/2015/123
f 2609/2016/116 2611/2017/116 2613/2018/116
f 2615/2003/48 2616/2004/48 2614/2005/48
f 2617/2019/29 2620/2020/29 2616/2021/29
f 2621/2009/119 2618/2010/119 2620/2004/119
f 2619/2022/28 2614/2021/28 2618/2023/28
f 2620/2024/123 2614/2025/123 2616/2026/123
f 2617/2027/116 2619/2028/116 2621/2029/116
f 3428/1944/48 3431/2822/48 3430/1943/48
f 3431/1945/29 3434/1946/29 3430/1947/29
f 3435/1948/119 3432/1949/119 3434/1943/119
f 3432/1951/28 3429/2823/28 3428/1947/28
f 3434/1957/123 3428/1954/123 3430/1952/123
f 3431/1955/116 3433/1956/116 3435/1957/116
f 133/38/27 137/2861/27 136/39/27
f 5/51/30 38/2918/30 33/52/30
f 18/74/35 38/2918/35 6/75/35
f 38/2918/35 5/51/35 6/75/35
f 6/75/35 8/39/35 23/40/35
f 8/39/35 27/153/193 26/66/36
f 23/40/35 18/74/35 6/75/35
f 111/75/42 109/2938/195 117/73/42
f 109/2938/195 114/2939/196 117/73/42
f 67/94/48 66/2946/48 63/95/48
f 32/103/51 63/132/51 66/125/197
f 66/125/197 43/104/52 32/103/51
f 43/104/52 44/2951/51 33/105/51
f 93/111/57 67/125/199 69/2952/199
f 69/2952/199 97/2953/200 93/111/57
f 97/2953/200 114/109/56 93/111/57
f 99/111/67 137/2958/66 133/109/204
f 133/109/204 102/2953/66 99/111/67
f 102/2953/66 75/124/66 99/111/67
f 53/103/75 54/105/74 50/104/74
f 54/105/74 51/2951/74 50/104/74
f 50/104/74 82/125/74 53/103/75
f 82/146/48 73/2966/48 75/147/48
f 54/152/81 26/66/81 27/153/81
f 617/667/48 651/710/48 652/668/48
f 654/670/116 651/3357/116 617/671/116
f 1245/678/48 1248/3363/48 667/679/48
f 624/681/48 630/668/48 626/682/48
f 666/691/116 671/3410/116 653/754/116
f 671/3410/116 655/670/116 653/754/116
f 652/3357/116 630/702/116 650/671/116
f 630/702/116 624/690/116 650/671/116
f 666/691/116 653/754/116 650/671/116
f 648/701/116 618/690/116 626/702/116
f 654/710/119 616/667/119 653/711/119
f 675/729/48 708/3431/48 710/730/48
f 675/671/123 709/3357/123 712/670/123
f 725/740/48 1258/3441/48 1255/741/48
f 649/743/119 707/3442/119 704/744/119
f 682/746/48 676/3443/48 684/747/48
f 713/670/123 729/3410/123 711/754/123
f 729/3410/123 724/691/123 711/754/123
f 682/690/123 688/702/123 708/671/123
f 688/702/123 710/3357/123 708/671/123
f 682/690/123 708/671/123 724/691/123
f 716/755/116 690/1314/116 1219/756/116
f 684/702/123 676/690/123 706/701/123
f 712/731/119 713/730/119 711/778/119
f 658/1283/29 632/1297/29 1280/1284/29
f 659/1286/29 658/1283/29 1246/1285/29
f 627/1288/29 1187/1292/29 1188/1289/29
f 627/1288/29 629/1294/29 1189/1291/29
f 631/1293/29 1190/1295/29 1189/1291/29
f 631/1293/29 659/1286/29 1186/1287/29
f 690/1296/29 1282/1299/29 1280/1284/29
f 716/1298/29 1256/1301/29 1282/1299/29
f 717/1300/29 1193/1309/29 1256/1301/29
f 686/1302/29 1195/1310/29 1194/1303/29
f 685/1304/29 1194/1303/29 1196/1305/29
f 689/1307/29 687/1306/29 1196/1305/29
f 689/1307/29 1197/1308/29 1193/1309/29
f 628/1290/29 1188/1289/29 1195/1310/29
f 1209/1311/48 1237/1371/48 1230/1312/48
f 658/755/123 1213/757/123 1212/756/123
f 716/1315/122 1220/3692/122 1221/1316/122
f 659/1318/120 1214/1334/120 1213/1319/120
f 685/1321/123 1222/1324/123 1223/1322/123
f 628/1323/116 1216/1322/116 1215/1324/116
f 687/1325/48 1224/1333/48 1222/1326/48
f 629/1328/48 627/1335/48 1215/1329/48
f 689/1331/123 1225/1332/123 1224/1324/123
f 629/1321/116 1217/1324/116 1218/1332/116
f 717/1317/48 1221/1316/48 1225/1333/48
f 631/1328/48 1218/1330/48 1214/1334/48
f 628/1335/119 686/1327/119 1223/1326/119
f 690/1336/48 632/3693/48 1212/1337/48
f 1199/1339/29 1198/1346/29 1212/1297/29
f 1199/1339/29 1213/1283/29 1214/1286/29
f 1202/1341/29 1201/1342/29 1215/1288/29
f 1201/1342/29 1203/1344/29 1217/1294/29
f 1204/1343/29 1218/1293/29 1217/1294/29
f 1204/1343/29 1200/1340/29 1214/1286/29
f 1205/1345/29 1219/1296/29 1212/1297/29
f 1206/1347/29 1220/1298/29 1219/1296/29
f 1206/1347/29 1207/1352/29 1221/1300/29
f 1209/1348/29 1223/1302/29 1222/1304/29
f 1208/1349/29 1222/1304/29 1224/1306/29
f 1211/1351/29 1210/1350/29 1224/1306/29
f 1211/1351/29 1225/1307/29 1221/1300/29
f 1202/1341/29 1216/1290/29 1223/1302/29
f 1229/1342/29 1230/1341/29 1231/1344/29
f 1230/1341/29 1237/1348/29 1231/1344/29
f 1237/1348/29 1236/1349/29 1238/1350/29
f 1238/1350/29 1239/1351/29 1233/1345/29
f 1239/1351/29 1235/1352/29 1233/1345/29
f 1235/1352/29 1234/1347/29 1233/1345/29
f 1226/1346/29 1227/1339/29 1228/1340/29
f 1226/1346/29 1228/1340/29 1232/1343/29
f 1238/1350/29 1233/1345/29 1226/1346/29
f 1226/1346/29 1232/1343/29 1231/1344/29
f 1237/1348/29 1238/1350/29 1231/1344/29
f 1198/1353/119 1226/3694/119 1233/1354/119
f 1205/1356/123 1233/1359/123 1234/1357/123
f 1198/1356/116 1199/1358/116 1227/1357/116
f 1206/1360/124 1234/3695/124 1235/1361/124
f 1200/1363/118 1228/1377/118 1227/1364/118
f 1208/1366/116 1236/1369/116 1237/1367/116
f 1202/1368/123 1230/1367/123 1229/1369/123
f 1208/1311/119 1210/1376/119 1238/1370/119
f 1201/1313/119 1229/1312/119 1231/1372/119
f 1211/1374/116 1239/1375/116 1238/1369/116
f 1203/1366/123 1231/1369/123 1232/1375/123
f 1211/1376/119 1207/1362/119 1235/1361/119
f 1204/1373/119 1232/1372/119 1228/1377/119
f 1357/1609/28 1369/3741/28 1366/1610/28
f 1368/1612/48 1371/1623/48 1369/1613/48
f 1367/1615/116 1368/3742/116 1357/1616/116
f 1371/3742/116 1358/3743/116 1369/1619/116
f 1358/3743/116 1359/1620/116 1369/1619/116
f 1361/1719/116 1360/3744/116 1366/1618/116
f 1360/3744/116 1370/1615/116 1366/1618/116
f 1361/1719/116 1366/1618/116 1359/1620/116
f 1361/1621/48 1365/1624/48 1364/1622/48
f 1363/1624/119 1359/1621/119 1358/1623/119
f 1361/1625/29 1359/3745/29 1363/1626/29
f 1356/1628/119 1366/1652/119 1370/1623/119
f 1424/1640/28 1434/3746/28 1437/1641/28
f 1437/1613/119 1439/1623/119 1436/1612/119
f 1425/1643/116 1436/3747/116 1435/1644/116
f 1427/1647/116 1426/3748/116 1437/1731/116
f 1426/3748/116 1439/3747/116 1437/1731/116
f 1438/1644/116 1428/3749/116 1434/1645/116
f 1428/3749/116 1429/1646/116 1434/1645/116
f 1427/1647/116 1437/1731/116 1434/1645/116
f 1432/1622/119 1433/1624/119 1429/1621/119
f 1426/1623/48 1427/1621/48 1431/1624/48
f 1433/1648/29 1431/3750/29 1427/1649/29
f 1435/1651/48 1438/1623/48 1434/1652/48
f 1502/1655/28 1505/3751/28 1493/1656/28
f 1493/1614/119 1505/1613/119 1507/1623/119
f 1492/1658/116 1493/1741/116 1504/1659/116
f 1495/1663/116 1494/3752/116 1505/1742/116
f 1494/3752/116 1507/1659/116 1505/1742/116
f 1506/1660/116 1496/3753/116 1502/1661/116
f 1496/3753/116 1497/1662/116 1502/1661/116
f 1495/1663/116 1505/1742/116 1502/1661/116
f 1500/1622/119 1501/1624/119 1497/1621/119
f 1494/1623/48 1495/1621/48 1499/1624/48
f 1499/1664/29 1495/3754/29 1497/1665/29
f 1506/1623/48 1502/1652/48 1492/1628/48
f 1560/1667/28 1561/3755/28 1573/1668/28
f 1572/1612/48 1575/1623/48 1573/1613/48
f 1571/1670/116 1572/3756/116 1561/1671/116
f 1575/3756/116 1562/3757/116 1573/1675/116
f 1562/3757/116 1563/1673/116 1573/1675/116
f 1565/1674/116 1564/3758/116 1570/1672/116
f 1564/3758/116 1574/1670/116 1570/1672/116
f 1565/1674/116 1570/1672/116 1573/1675/116
f 1565/1621/48 1569/1624/48 1568/1622/48
f 1567/1624/119 1563/1621/119 1562/1623/119
f 1565/1676/29 1563/3759/29 1567/1677/29
f 1571/1651/119 1560/1614/119 1570/1652/119
f 1629/1679/28 1641/3760/28 1638/1680/28
f 1640/1682/48 1643/3761/48 1641/1683/48
f 1639/1685/116 1640/3762/116 1629/1686/116
f 1643/3763/116 1630/3764/116 1641/1688/116
f 1630/3764/116 1631/1689/116 1641/1688/116
f 1633/1759/116 1632/3765/116 1638/1687/116
f 1632/3765/116 1642/1685/116 1638/1687/116
f 1633/1759/116 1638/1687/116 1631/1689/116
f 1633/1690/48 1637/3766/48 1636/1691/48
f 1635/1693/119 1631/1690/119 1630/1692/119
f 1633/1694/29 1631/3767/29 1635/1695/29
f 1628/1684/119 1638/1700/119 1642/1692/119
f 1706/1697/28 1709/3768/28 1697/1698/28
f 1709/1700/119 1711/1692/119 1708/1682/119
f 1697/1701/116 1708/3769/116 1707/1702/116
f 1699/1705/116 1698/3770/116 1709/1701/116
f 1698/3770/116 1711/3769/116 1709/1701/116
f 1710/1702/116 1700/3771/116 1706/1703/116
f 1700/3771/116 1701/1704/116 1706/1703/116
f 1699/1705/116 1709/1701/116 1706/1703/116
f 1704/1691/119 1705/3766/119 1701/1690/119
f 1698/1692/48 1699/1690/48 1703/1693/48
f 1703/1706/29 1699/3772/29 1701/1707/29
f 1710/1692/48 1706/1700/48 1696/1684/48
f 1764/1713/28 1774/3773/28 1777/1714/28
f 1777/1716/48 1779/1722/48 1776/1717/48
f 1765/1616/123 1776/3742/123 1775/1615/123
f 1767/1620/123 1766/3743/123 1777/1619/123
f 1766/3743/123 1779/3742/123 1777/1619/123
f 1778/1615/123 1768/3744/123 1774/1618/123
f 1768/3744/123 1769/1719/123 1774/1618/123
f 1767/1620/123 1777/1619/123 1774/1618/123
f 1772/1720/48 1773/1723/48 1769/1721/48
f 1770/1720/119 1766/1722/119 1767/1721/119
f 1773/1724/29 1771/3774/29 1767/1725/29
f 1778/1722/119 1774/1736/119 1764/1727/119
f 1833/1728/28 1845/3775/28 1842/1729/28
f 1844/1717/119 1847/1722/119 1845/1716/119
f 1843/1644/123 1844/3747/123 1833/1643/123
f 1847/3747/123 1834/3748/123 1845/1731/123
f 1834/3748/123 1835/1647/123 1845/1731/123
f 1837/1646/123 1836/3749/123 1842/1645/123
f 1836/3749/123 1846/1644/123 1842/1645/123
f 1837/1646/123 1842/1645/123 1835/1647/123
f 1837/1721/119 1841/1723/119 1840/1720/119
f 1839/1723/48 1835/1721/48 1834/1722/48
f 1837/1732/29 1835/3776/29 1839/1733/29
f 1843/1735/48 1832/1718/48 1842/1736/48
f 1901/1738/28 1913/3777/28 1910/1739/28
f 1912/1717/119 1915/1722/119 1913/1716/119
f 1911/1660/123 1912/1659/123 1901/1741/123
f 1915/1659/123 1902/3752/123 1913/1742/123
f 1902/3752/123 1903/1663/123 1913/1742/123
f 1905/1662/123 1904/3753/123 1910/1661/123
f 1904/3753/123 1914/1660/123 1910/1661/123
f 1905/1662/123 1910/1661/123 1913/1742/123
f 1905/1721/119 1909/1723/119 1908/1720/119
f 1907/1723/48 1903/1721/48 1902/1722/48
f 1905/1743/29 1903/3778/29 1907/1744/29
f 1900/1727/48 1910/1736/48 1914/1722/48
f 1978/1747/28 1981/3779/28 1969/1748/28
f 1981/1716/48 1983/1722/48 1980/1717/48
f 1969/1671/123 1980/3756/123 1979/1670/123
f 1971/1673/123 1970/3757/123 1981/1675/123
f 1970/3757/123 1983/3756/123 1981/1675/123
f 1982/1670/123 1972/3758/123 1978/1672/123
f 1972/3758/123 1973/1674/123 1978/1672/123
f 1971/1673/123 1981/1675/123 1973/1674/123
f 1976/1720/48 1977/1723/48 1973/1721/48
f 1970/1722/119 1971/1721/119 1975/1723/119
f 1975/1750/29 1971/3780/29 1973/1751/29
f 1979/1735/119 1982/1722/119 1978/1736/119
f 2046/1753/28 2049/3781/28 2037/1754/28
f 2049/1756/48 2051/3782/48 2048/1757/48
f 2037/1686/123 2048/3762/123 2047/1685/123
f 2039/1689/123 2038/3764/123 2049/1688/123
f 2038/3764/123 2051/3763/123 2049/1688/123
f 2050/1685/123 2040/3765/123 2046/1687/123
f 2040/3765/123 2041/1759/123 2046/1687/123
f 2039/1689/123 2049/1688/123 2046/1687/123
f 2040/1760/48 2044/1764/48 2045/1761/48
f 2038/1760/119 2039/1762/119 2043/1763/119
f 2043/1765/29 2039/3783/29 2041/1766/29
f 2050/1760/119 2046/1773/119 2036/1758/119
f 2105/1770/28 2117/3784/28 2114/1771/28
f 2116/1757/119 2119/1760/119 2117/1773/119
f 2115/1702/123 2116/3769/123 2105/1701/123
f 2119/3769/123 2106/3770/123 2117/1701/123
f 2106/3770/123 2107/1705/123 2117/1701/123
f 2109/1704/123 2108/3771/123 2114/1703/123
f 2108/3771/123 2118/1702/123 2114/1703/123
f 2109/1704/123 2114/1703/123 2107/1705/123
f 2109/1762/119 2113/1761/119 2112/1764/119
f 2110/1764/48 2111/1763/48 2107/1762/48
f 2109/1774/29 2107/3785/29 2111/1775/29
f 2115/1757/48 2104/1758/48 2114/1773/48
f 2536/1894/116 2537/1902/116 2558/1892/116
f 2537/1902/116 2559/3817/116 2558/1892/116
f 2544/1897/29 2559/3818/29 2537/1918/29
f 2537/1918/29 2539/1895/29 2544/1897/29
f 2544/1898/118 2543/3819/118 2542/1899/118
f 2542/1901/116 2543/3820/116 2539/1902/116
f 2560/1904/153 2557/1919/153 2546/1905/153
f 2561/3817/123 2548/3821/123 2560/1908/123
f 2548/3821/123 2547/1907/123 2560/1908/123
f 2548/1911/29 2561/3822/29 2555/1909/29
f 2555/1909/29 2554/3823/29 2550/1910/29
f 2556/1912/116 2564/1937/116 2565/1913/116
f 2553/3823/28 2552/1909/28 2551/1910/28
f 2552/1909/28 2541/1897/28 2540/1895/28
f 2541/1897/28 2542/1896/28 2540/1895/28
f 2553/1915/124 2554/3824/124 2555/1916/124
f 2550/1902/123 2554/3820/123 2553/1901/123
f 2536/1918/29 2546/1905/29 2557/1919/29
f 2551/1915/48 2540/1899/48 2537/1921/48
f 2540/1899/48 2539/3819/48 2537/1921/48
f 2537/1921/48 2536/3825/48 2547/3826/48
f 2548/1922/48 2550/3824/48 2551/1915/48
f 2537/1921/48 2547/3826/48 2548/1922/48
f 2559/1923/119 2544/1898/119 2541/1900/119
f 2541/1900/119 2552/1917/119 2561/1922/119
f 2552/1917/119 2555/1916/119 2561/1922/119
f 2538/1924/119 2545/1929/119 2558/1925/119
f 2549/1926/119 2561/1922/119 2560/1927/119
f 2545/1929/119 2556/1928/119 2560/1927/119
f 2538/1924/119 2559/1923/119 2561/1922/119
f 2545/1933/28 2562/3828/28 2564/1934/28
f 2538/1936/123 2563/3829/123 2562/1937/123
f 2549/1939/29 2565/3830/29 2563/1940/29
f 2567/1942/48 2569/2822/48 2568/1943/48
f 2569/1945/29 2573/1950/29 2572/1946/29
f 2573/1948/119 2571/1942/119 2570/1949/119
f 2571/1950/28 2567/2823/28 2566/1947/28
f 2568/1952/123 2572/1957/123 2570/1953/123
f 2569/1955/116 2567/3831/116 2571/1956/116
f 2575/1958/123 2577/1964/123 2576/1959/123
f 2577/1961/29 2581/3832/29 2580/1962/29
f 2581/1964/116 2579/1958/116 2578/1960/116
f 2578/1962/28 2579/3832/28 2575/1961/28
f 2576/1965/119 2580/1968/119 2578/1966/119
f 2577/1965/48 2575/1967/48 2579/1966/48
f 2583/1969/123 2585/1975/123 2584/1970/123
f 2585/1972/29 2589/3833/29 2588/1973/29
f 2589/1975/116 2587/1969/116 2586/1971/116
f 2587/1976/28 2583/3834/28 2582/1977/28
f 2588/1979/119 2586/1982/119 2582/1980/119
f 2585/1981/48 2583/1980/48 2587/1982/48
f 2592/1970/116 2593/1975/116 2591/1969/116
f 2596/1983/29 2597/3835/29 2593/1984/29
f 2594/1971/123 2595/1969/123 2597/1975/123
f 2590/1986/28 2591/3836/28 2595/1987/28
f 2590/1989/119 2594/1992/119 2596/1990/119
f 2595/1992/48 2591/1989/48 2593/1991/48
f 2599/1942/48 2601/2822/48 2600/1943/48
f 2600/1993/29 2601/3837/29 2605/1994/29
f 2605/1948/119 2603/1942/119 2602/1949/119
f 2603/1994/28 2599/3838/28 2598/1993/28
f 2604/1997/123 2602/3839/123 2598/1998/123
f 2601/2000/116 2599/3840/116 2603/2001/116
f 2607/2003/48 2609/3841/48 2608/2004/48
f 2609/2006/29 2613/3842/29 2612/2007/29
f 2613/2009/119 2611/3843/119 2610/2010/119
f 2610/2011/28 2611/3844/28 2607/2012/28
f 2612/2013/123 2610/3845/123 2606/2014/123
f 2609/2016/116 2607/3846/116 2611/2017/116
f 2615/2003/48 2617/3841/48 2616/2004/48
f 2617/2019/29 2621/3847/29 2620/2020/29
f 2621/2009/119 2619/3843/119 2618/2010/119
f 2619/2022/28 2615/3848/28 2614/2021/28
f 2620/2024/123 2618/3849/123 2614/2025/123
f 2617/2027/116 2615/3850/116 2619/2028/116
f 3428/1944/48 3429/1942/48 3431/2822/48
f 3431/1945/29 3435/1950/29 3434/1946/29
f 3435/1948/119 3433/1942/119 3432/1949/119
f 3432/1951/28 3433/1950/28 3429/2823/28
f 3434/1957/123 3432/1953/123 3428/1954/123
f 3431/1955/116 3429/3831/116 3433/1956/116
usemtl GT_MC_Tiling_Dirty_Metal
f 1307/1504/119 1304/1505/119 1306/1506/119
f 1311/1507/28 1304/1508/28 1308/1509/28
f 1310/1510/29 1307/1511/29 1309/1512/29
f 1305/1513/116 1312/1514/116 1304/1515/116
f 1305/1513/116 1314/1516/116 1313/1517/116
f 1308/1518/116 1314/1516/116 1310/1519/116
f 1304/1515/116 1315/1520/116 1308/1518/116
f 1313/1524/48 1316/1525/48 1312/1526/48
f 1312/1527/29 1318/1528/29 1315/1529/29
f 1314/1530/28 1317/1531/28 1313/1532/28
f 1315/1533/119 1319/1534/119 1314/1535/119
f 1326/1536/116 1328/1537/116 1331/1538/116
f 1328/1539/119 1329/1540/119 1322/1541/119
f 1326/1542/48 1327/1543/133 1321/1544/48
f 1323/1545/123 1320/1546/123 1321/1547/123
f 1327/1548/29 1323/1549/29 1321/1550/29
f 1331/1551/134 1327/1552/134 1326/1553/134
f 1325/1554/135 1329/1555/135 1328/1556/135
f 1329/1557/28 1320/1558/28 1322/1559/28
f 1332/1560/48 1335/1561/48 1334/1562/48
f 1332/1563/28 1311/1507/28 1308/1509/28
f 1335/1564/29 1310/1510/29 1309/1512/29
f 1336/1565/116 1333/1566/116 1332/1567/116
f 1333/1566/116 1338/1568/116 1310/1519/116
f 1310/1519/116 1339/1569/116 1308/1518/116
f 1339/1569/116 1332/1567/116 1308/1518/116
f 1340/1573/119 1337/1574/119 1336/1575/119
f 1342/1576/29 1336/1577/29 1339/1578/29
f 1341/1579/28 1338/1580/28 1337/1581/28
f 1343/1582/48 1339/1583/48 1338/1584/48
f 1352/1585/116 1350/1586/116 1355/1587/116
f 1352/1588/48 1355/1589/48 1347/1590/48
f 1350/1591/119 1349/1592/119 1344/1593/119
f 1344/1594/123 1347/1595/123 1345/1596/123
f 1347/1597/29 1351/1598/29 1345/1599/29
f 1351/1600/134 1355/1601/134 1350/1602/134
f 1353/1603/135 1349/1604/135 1352/1605/135
f 1344/1606/28 1353/1607/28 1346/1608/28
f 1372/1505/48 1375/1504/48 1374/1506/48
f 1372/1508/28 1379/1507/28 1376/1509/28
f 1375/1511/29 1378/1510/29 1377/1512/29
f 1380/1514/116 1373/1513/116 1372/1515/116
f 1373/1513/116 1382/1516/116 1378/1519/116
f 1378/1519/116 1383/1520/116 1376/1518/116
f 1383/1520/116 1372/1515/116 1376/1518/116
f 1384/1525/119 1381/1524/119 1380/1526/119
f 1386/1528/29 1380/1527/29 1383/1529/29
f 1385/1531/28 1382/1530/28 1381/1532/28
f 1387/1534/48 1383/1533/48 1382/1535/48
f 1396/1537/116 1394/1536/116 1399/1538/116
f 1396/1539/48 1399/1629/48 1391/1630/48
f 1394/1542/119 1393/1631/119 1388/1632/119
f 1388/1546/123 1391/1545/123 1389/1547/123
f 1391/1549/29 1395/1548/29 1389/1550/29
f 1395/1552/134 1399/1551/134 1394/1553/134
f 1397/1555/135 1393/1554/135 1396/1556/135
f 1388/1558/28 1397/1557/28 1390/1559/28
f 1403/1561/119 1400/1560/119 1402/1562/119
f 1376/1509/28 1402/1633/28 1400/1563/28
f 1378/1510/29 1403/1564/29 1377/1512/29
f 1401/1566/116 1404/1565/116 1400/1567/116
f 1401/1566/116 1406/1568/116 1405/1634/116
f 1376/1518/116 1406/1568/116 1378/1519/116
f 1400/1567/116 1407/1569/116 1376/1518/116
f 1405/1574/48 1408/1573/48 1404/1575/48
f 1404/1577/29 1410/1576/29 1407/1578/29
f 1406/1580/28 1409/1579/28 1405/1581/28
f 1406/1584/119 1410/1635/119 1411/1582/119
f 1418/1586/116 1420/1585/116 1423/1587/116
f 1420/1588/119 1421/1636/119 1414/1637/119
f 1418/1591/48 1419/1638/133 1413/1639/48
f 1415/1595/123 1412/1594/123 1413/1596/123
f 1419/1598/29 1415/1597/29 1413/1599/29
f 1423/1601/134 1419/1600/134 1418/1602/134
f 1417/1604/135 1421/1603/135 1420/1605/135
f 1421/1607/28 1412/1606/28 1414/1608/28
f 1440/1505/48 1443/1504/48 1442/1506/48
f 1440/1508/28 1447/1507/28 1444/1509/28
f 1443/1511/29 1446/1510/29 1445/1512/29
f 1448/1514/116 1441/1513/116 1440/1515/116
f 1441/1513/116 1450/1516/116 1446/1519/116
f 1446/1519/116 1451/1520/116 1444/1518/116
f 1451/1520/116 1440/1515/116 1444/1518/116
f 1448/1526/119 1453/1653/119 1449/1524/119
f 1454/1528/29 1448/1527/29 1451/1529/29
f 1453/1531/28 1450/1530/28 1449/1532/28
f 1455/1534/48 1451/1533/48 1450/1535/48
f 1464/1537/116 1462/1536/116 1467/1538/116
f 1464/1539/48 1467/1629/48 1459/1630/48
f 1462/1542/119 1461/1631/119 1456/1632/119
f 1457/1547/123 1458/1654/123 1459/1545/123
f 1459/1549/29 1463/1548/29 1457/1550/29
f 1463/1552/134 1467/1551/134 1462/1553/134
f 1465/1555/135 1461/1554/135 1464/1556/135
f 1456/1558/28 1465/1557/28 1458/1559/28
f 1471/1561/119 1468/1560/119 1470/1562/119
f 1447/1507/28 1468/1563/28 1444/1509/28
f 1446/1510/29 1471/1564/29 1445/1512/29
f 1469/1566/116 1472/1565/116 1468/1567/116
f 1469/1566/116 1474/1568/116 1473/1634/116
f 1446/1519/116 1475/1569/116 1474/1568/116
f 1468/1567/116 1475/1569/116 1444/1518/116
f 1473/1574/48 1476/1573/48 1472/1575/48
f 1472/1577/29 1478/1576/29 1475/1578/29
f 1474/1580/28 1477/1579/28 1473/1581/28
f 1475/1583/119 1479/1582/119 1474/1584/119
f 1486/1586/116 1488/1585/116 1491/1587/116
f 1488/1588/119 1489/1636/119 1482/1637/119
f 1486/1591/48 1487/1638/48 1481/1639/48
f 1483/1595/123 1480/1594/123 1481/1596/123
f 1487/1598/29 1483/1597/29 1481/1599/29
f 1491/1601/134 1487/1600/134 1486/1602/134
f 1485/1604/135 1489/1603/135 1488/1605/135
f 1489/1607/28 1480/1606/28 1482/1608/28
f 1511/1504/119 1508/1505/119 1510/1506/119
f 1515/1507/28 1508/1508/28 1512/1509/28
f 1514/1510/29 1511/1511/29 1513/1512/29
f 1509/1513/116 1516/1514/116 1508/1515/116
f 1509/1513/116 1518/1516/116 1517/1517/116
f 1514/1519/116 1519/1520/116 1518/1516/116
f 1508/1515/116 1519/1520/116 1512/1518/116
f 1516/1526/48 1521/1653/48 1520/1525/48
f 1516/1527/29 1522/1528/29 1519/1529/29
f 1518/1530/28 1521/1531/28 1517/1532/28
f 1519/1533/119 1523/1534/119 1518/1535/119
f 1530/1536/116 1532/1537/116 1535/1538/116
f 1532/1539/119 1533/1540/119 1526/1541/119
f 1530/1542/48 1531/1543/48 1525/1544/48
f 1527/1545/123 1524/1546/123 1525/1547/123
f 1531/1548/29 1527/1549/29 1525/1550/29
f 1535/1551/134 1531/1552/134 1530/1553/134
f 1529/1554/135 1533/1555/135 1532/1556/135
f 1533/1557/28 1524/1558/28 1526/1559/28
f 1536/1560/48 1539/1561/48 1538/1562/48
f 1536/1563/28 1515/1507/28 1512/1509/28
f 1539/1564/29 1514/1510/29 1513/1512/29
f 1540/1565/116 1537/1566/116 1536/1567/116
f 1537/1566/116 1542/1568/116 1514/1519/116
f 1514/1519/116 1543/1569/116 1512/1518/116
f 1543/1569/116 1536/1567/116 1512/1518/116
f 1544/1573/119 1541/1574/119 1540/1575/119
f 1546/1576/29 1540/1577/29 1543/1578/29
f 1545/1579/28 1542/1580/28 1541/1581/28
f 1547/1582/48 1543/1583/48 1542/1584/48
f 1556/1585/116 1554/1586/116 1559/1587/116
f 1556/1588/48 1559/1589/48 1551/1590/48
f 1554/1591/119 1553/1592/119 1548/1593/119
f 1548/1594/123 1551/1595/123 1549/1596/123
f 1551/1597/29 1555/1598/29 1549/1599/29
f 1555/1600/134 1559/1601/134 1554/1602/134
f 1557/1603/135 1553/1604/135 1556/1605/135
f 1548/1606/28 1557/1607/28 1550/1608/28
f 1579/1504/119 1576/1505/119 1578/1506/119
f 1583/1507/28 1576/1508/28 1580/1509/28
f 1582/1510/29 1579/1511/29 1581/1512/29
f 1577/1513/116 1584/1514/116 1576/1515/116
f 1577/1513/116 1586/1516/116 1585/1517/116
f 1582/1519/116 1587/1520/116 1586/1516/116
f 1576/1515/116 1587/1520/116 1580/1518/116
f 1585/1524/48 1588/1525/48 1584/1526/48
f 1584/1527/29 1590/1528/29 1587/1529/29
f 1586/1530/28 1589/1531/28 1585/1532/28
f 1587/1533/119 1591/1534/119 1586/1535/119
f 1598/1536/116 1600/1537/116 1603/1538/116
f 1600/1539/119 1601/1540/119 1594/1541/119
f 1598/1542/48 1599/1543/48 1593/1544/48
f 1595/1545/123 1592/1546/123 1593/1547/123
f 1599/1548/29 1595/1549/29 1593/1550/29
f 1603/1551/134 1599/1552/134 1598/1553/134
f 1597/1554/135 1601/1555/135 1600/1556/135
f 1601/1557/28 1592/1558/28 1594/1559/28
f 1604/1560/48 1607/1561/48 1606/1562/48
f 1604/1563/28 1583/1507/28 1580/1509/28
f 1607/1564/29 1582/1510/29 1581/1512/29
f 1608/1565/116 1605/1566/116 1604/1567/116
f 1605/1566/116 1610/1568/116 1582/1519/116
f 1582/1519/116 1611/1569/116 1580/1518/116
f 1611/1569/116 1604/1567/116 1580/1518/116
f 1612/1573/119 1609/1574/119 1608/1575/119
f 1614/1576/29 1608/1577/29 1611/1578/29
f 1613/1579/28 1610/1580/28 1609/1581/28
f 1615/1582/48 1611/1583/48 1610/1584/48
f 1624/1585/116 1622/1586/116 1627/1587/116
f 1624/1588/48 1627/1589/48 1619/1590/48
f 1622/1591/119 1621/1592/119 1616/1593/119
f 1616/1594/123 1619/1595/123 1617/1596/123
f 1619/1597/29 1623/1598/29 1617/1599/29
f 1623/1600/134 1627/1601/134 1622/1602/134
f 1625/1603/135 1621/1604/135 1624/1605/135
f 1616/1606/28 1625/1607/28 1618/1608/28
f 1644/1505/48 1647/1504/48 1646/1506/48
f 1644/1508/28 1651/1507/28 1648/1509/28
f 1647/1511/29 1650/1510/29 1649/1512/29
f 1652/1514/116 1645/1513/116 1644/1515/116
f 1645/1513/116 1654/1516/116 1650/1519/116
f 1650/1519/116 1655/1520/116 1648/1518/116
f 1655/1520/116 1644/1515/116 1648/1518/116
f 1656/1525/119 1653/1524/119 1652/1526/119
f 1658/1528/29 1652/1527/29 1655/1529/29
f 1657/1531/28 1654/1530/28 1653/1532/28
f 1659/1534/48 1655/1533/48 1654/1535/48
f 1668/1537/116 1666/1536/116 1671/1538/116
f 1668/1539/48 1671/1629/48 1663/1630/48
f 1666/1542/119 1665/1631/119 1660/1632/119
f 1660/1546/123 1663/1545/123 1661/1547/123
f 1663/1549/29 1667/1548/29 1661/1550/29
f 1667/1552/134 1671/1551/134 1666/1553/134
f 1669/1555/135 1665/1554/135 1668/1556/135
f 1660/1558/28 1669/1557/28 1662/1559/28
f 1675/1561/119 1672/1560/119 1674/1562/119
f 1651/1507/28 1672/1563/28 1648/1509/28
f 1650/1510/29 1675/1564/29 1649/1512/29
f 1673/1566/116 1676/1565/116 1672/1567/116
f 1673/1566/116 1678/1568/116 1677/1634/116
f 1650/1519/116 1679/1569/116 1678/1568/116
f 1672/1567/116 1679/1569/116 1648/1518/116
f 1677/1574/48 1680/1573/48 1676/1575/48
f 1676/1577/29 1682/1576/29 1679/1578/29
f 1678/1580/28 1681/1579/28 1677/1581/28
f 1679/1583/119 1683/1582/119 1678/1584/119
f 1690/1586/116 1692/1585/116 1695/1587/116
f 1692/1588/119 1693/1636/119 1686/1637/119
f 1690/1591/48 1691/1638/48 1685/1639/48
f 1687/1595/123 1684/1594/123 1685/1596/123
f 1691/1598/29 1687/1597/29 1685/1599/29
f 1695/1601/134 1691/1600/134 1690/1602/134
f 1689/1604/135 1693/1603/135 1692/1605/135
f 1693/1607/28 1684/1606/28 1686/1608/28
f 1714/1506/119 1713/1709/119 1715/1504/119
f 1712/1508/28 1719/1507/28 1716/1509/28
f 1717/1512/29 1713/1710/29 1718/1510/29
f 1712/1515/123 1721/1517/123 1713/1513/123
f 1713/1513/123 1722/1516/123 1718/1519/123
f 1722/1516/123 1716/1518/123 1718/1519/123
f 1723/1520/123 1712/1515/123 1716/1518/123
f 1724/1525/48 1721/1524/48 1720/1526/48
f 1726/1528/29 1720/1527/29 1723/1529/29
f 1721/1532/28 1727/1711/28 1722/1530/28
f 1727/1534/119 1723/1533/119 1722/1535/119
f 1736/1537/123 1734/1536/123 1739/1538/123
f 1736/1539/119 1739/1629/119 1731/1630/119
f 1734/1542/48 1733/1631/48 1728/1632/48
f 1728/1546/116 1731/1545/116 1729/1547/116
f 1731/1549/29 1735/1548/29 1729/1550/29
f 1735/1552/136 1739/1551/136 1734/1553/136
f 1737/1555/137 1733/1554/137 1736/1556/137
f 1728/1558/28 1737/1557/28 1730/1559/28
f 1743/1561/48 1740/1560/48 1742/1562/48
f 1719/1507/28 1740/1563/28 1716/1509/28
f 1718/1510/29 1743/1564/29 1717/1512/29
f 1740/1567/123 1745/1634/123 1744/1565/123
f 1741/1566/123 1746/1568/123 1745/1634/123
f 1716/1518/123 1746/1568/123 1718/1519/123
f 1740/1567/123 1747/1569/123 1716/1518/123
f 1744/1575/119 1749/1712/119 1748/1573/119
f 1744/1577/29 1750/1576/29 1747/1578/29
f 1746/1580/28 1749/1579/28 1745/1581/28
f 1747/1583/48 1751/1582/48 1746/1584/48
f 1758/1586/123 1760/1585/123 1763/1587/123
f 1760/1588/48 1761/1636/138 1754/1637/48
f 1758/1591/119 1759/1638/139 1753/1639/119
f 1755/1595/116 1752/1594/116 1753/1596/116
f 1759/1598/29 1755/1597/29 1753/1599/29
f 1763/1601/136 1759/1600/136 1758/1602/136
f 1757/1604/137 1761/1603/137 1760/1605/137
f 1761/1607/28 1752/1606/28 1754/1608/28
f 1783/1504/48 1780/1505/48 1782/1506/48
f 1787/1507/28 1780/1508/28 1784/1509/28
f 1786/1510/29 1783/1511/29 1785/1512/29
f 1780/1515/123 1789/1517/123 1788/1514/123
f 1781/1513/123 1790/1516/123 1789/1517/123
f 1784/1518/123 1790/1516/123 1786/1519/123
f 1780/1515/123 1791/1520/123 1784/1518/123
f 1789/1524/119 1792/1525/119 1788/1526/119
f 1788/1527/29 1794/1528/29 1791/1529/29
f 1790/1530/28 1793/1531/28 1789/1532/28
f 1791/1533/48 1795/1534/48 1790/1535/48
f 1802/1536/123 1804/1537/123 1807/1538/123
f 1804/1539/48 1805/1540/48 1798/1541/48
f 1802/1542/119 1803/1543/119 1797/1544/119
f 1799/1545/116 1796/1546/116 1797/1547/116
f 1803/1548/29 1799/1549/29 1797/1550/29
f 1807/1551/136 1803/1552/136 1802/1553/136
f 1801/1554/137 1805/1555/137 1804/1556/137
f 1805/1557/28 1796/1558/28 1798/1559/28
f 1808/1560/119 1811/1561/119 1810/1562/119
f 1808/1563/28 1787/1507/28 1784/1509/28
f 1811/1564/29 1786/1510/29 1785/1512/29
f 1808/1567/123 1813/1634/123 1809/1566/123
f 1809/1566/123 1814/1568/123 1786/1519/123
f 1814/1568/123 1784/1518/123 1786/1519/123
f 1815/1569/123 1808/1567/123 1784/1518/123
f 1816/1573/48 1813/1574/48 1812/1575/48
f 1818/1576/29 1812/1577/29 1815/1578/29
f 1817/1579/28 1814/1580/28 1813/1581/28
f 1819/1582/119 1815/1583/119 1814/1584/119
f 1828/1585/123 1826/1586/123 1831/1587/123
f 1828/1588/119 1831/1589/119 1823/1590/119
f 1826/1591/48 1825/1592/48 1820/1593/48
f 1820/1594/116 1823/1595/116 1821/1596/116
f 1823/1597/29 1827/1598/29 1821/1599/29
f 1827/1600/136 1831/1601/136 1826/1602/136
f 1829/1603/137 1825/1604/137 1828/1605/137
f 1820/1606/28 1829/1607/28 1822/1608/28
f 1851/1504/48 1848/1505/48 1850/1506/48
f 1855/1507/28 1848/1508/28 1852/1509/28
f 1853/1512/29 1849/1710/29 1851/1511/29
f 1848/1515/123 1857/1517/123 1856/1514/123
f 1849/1513/123 1858/1516/123 1857/1517/123
f 1852/1518/123 1858/1516/123 1854/1519/123
f 1848/1515/123 1859/1520/123 1852/1518/123
f 1857/1524/119 1860/1525/119 1856/1526/119
f 1856/1527/29 1862/1528/29 1859/1529/29
f 1858/1530/28 1861/1531/28 1857/1532/28
f 1859/1533/48 1863/1534/48 1858/1535/48
f 1875/1538/123 1869/1737/123 1872/1537/123
f 1872/1539/48 1873/1540/48 1866/1541/48
f 1870/1542/119 1871/1543/119 1865/1544/119
f 1867/1545/116 1864/1546/116 1865/1547/116
f 1871/1548/29 1867/1549/29 1865/1550/29
f 1875/1551/136 1871/1552/136 1870/1553/136
f 1869/1554/140 1873/1555/140 1872/1556/140
f 1873/1557/28 1864/1558/28 1866/1559/28
f 1876/1560/119 1879/1561/119 1878/1562/119
f 1852/1509/28 1878/1633/28 1855/1507/28
f 1879/1564/29 1854/1510/29 1853/1512/29
f 1876/1567/123 1881/1634/123 1877/1566/123
f 1877/1566/123 1882/1568/123 1854/1519/123
f 1882/1568/123 1852/1518/123 1854/1519/123
f 1883/1569/123 1876/1567/123 1852/1518/123
f 1884/1573/48 1881/1574/48 1880/1575/48
f 1886/1576/29 1880/1577/29 1883/1578/29
f 1885/1579/28 1882/1580/28 1881/1581/28
f 1887/1582/119 1883/1583/119 1882/1584/119
f 1896/1585/123 1894/1586/123 1899/1587/123
f 1896/1588/119 1899/1589/119 1891/1590/119
f 1894/1591/48 1893/1592/48 1888/1593/48
f 1888/1594/116 1891/1595/116 1889/1596/116
f 1891/1597/29 1895/1598/29 1889/1599/29
f 1895/1600/136 1899/1601/136 1894/1602/136
f 1897/1603/140 1893/1604/140 1896/1605/140
f 1888/1606/28 1897/1607/28 1890/1608/28
f 1916/1505/119 1919/1504/119 1918/1506/119
f 1916/1508/28 1923/1507/28 1920/1509/28
f 1919/1511/29 1922/1510/29 1921/1512/29
f 1916/1515/123 1925/1517/123 1917/1513/123
f 1917/1513/123 1926/1516/123 1922/1519/123
f 1926/1516/123 1920/1518/123 1922/1519/123
f 1927/1520/123 1916/1515/123 1920/1518/123
f 1928/1525/48 1925/1524/48 1924/1526/48
f 1930/1528/29 1924/1527/29 1927/1529/29
f 1929/1531/28 1926/1530/28 1925/1532/28
f 1931/1534/119 1927/1533/119 1926/1535/119
f 1940/1537/123 1938/1536/123 1943/1538/123
f 1940/1539/119 1943/1629/119 1935/1630/119
f 1938/1542/48 1937/1631/48 1932/1632/48
f 1932/1546/116 1935/1545/116 1933/1547/116
f 1935/1549/29 1939/1548/29 1933/1550/29
f 1939/1552/136 1943/1551/136 1938/1553/136
f 1941/1555/140 1937/1554/140 1940/1556/141
f 1932/1558/28 1941/1557/28 1934/1559/28
f 1947/1561/48 1944/1560/48 1946/1562/48
f 1923/1507/28 1944/1563/28 1920/1509/28
f 1922/1510/29 1947/1564/29 1921/1512/29
f 1944/1567/123 1949/1634/123 1948/1565/123
f 1945/1566/123 1950/1568/123 1949/1634/123
f 1920/1518/123 1950/1568/123 1922/1519/123
f 1944/1567/123 1951/1569/123 1920/1518/123
f 1949/1574/119 1952/1573/119 1948/1575/119
f 1948/1577/29 1954/1576/29 1951/1578/29
f 1950/1580/28 1953/1579/28 1949/1581/28
f 1951/1583/48 1955/1582/48 1950/1584/48
f 1962/1586/123 1964/1585/123 1967/1587/123
f 1964/1588/48 1965/1636/48 1958/1637/48
f 1962/1591/119 1963/1638/119 1957/1639/119
f 1959/1595/116 1956/1594/116 1957/1596/116
f 1963/1598/29 1959/1597/29 1957/1599/29
f 1967/1601/136 1963/1600/136 1962/1602/136
f 1961/1604/140 1965/1603/140 1964/1605/140
f 1965/1607/28 1956/1606/28 1958/1608/28
f 1984/1505/119 1987/1504/119 1986/1506/119
f 1984/1508/28 1991/1507/28 1988/1509/28
f 1987/1511/29 1990/1510/29 1989/1512/29
f 1992/1514/123 1985/1513/123 1984/1515/123
f 1985/1513/123 1994/1516/123 1990/1519/123
f 1990/1519/123 1995/1520/123 1988/1518/123
f 1995/1520/123 1984/1515/123 1988/1518/123
f 1996/1525/48 1993/1524/48 1992/1526/48
f 1998/1528/29 1992/1527/29 1995/1529/29
f 1997/1531/28 1994/1530/28 1993/1532/28
f 1999/1534/119 1995/1533/119 1994/1535/119
f 2008/1537/123 2006/1536/123 2011/1538/123
f 2008/1539/119 2011/1629/119 2003/1630/119
f 2006/1542/48 2005/1631/48 2000/1632/48
f 2000/1546/116 2003/1545/116 2001/1547/116
f 2003/1549/29 2007/1548/29 2001/1550/29
f 2007/1552/142 2011/1551/142 2006/1553/142
f 2009/1555/141 2005/1554/141 2008/1556/137
f 2000/1558/28 2009/1557/28 2002/1559/28
f 2015/1561/48 2012/1560/48 2014/1562/48
f 1991/1507/28 2012/1563/28 1988/1509/28
f 1990/1510/29 2015/1564/29 1989/1512/29
f 2013/1566/123 2016/1565/123 2012/1567/123
f 2013/1566/123 2018/1568/123 2017/1634/123
f 1990/1519/123 2019/1569/123 2018/1568/123
f 2012/1567/123 2019/1569/123 1988/1518/123
f 2017/1574/119 2020/1573/119 2016/1575/119
f 2016/1577/29 2022/1576/29 2019/1578/29
f 2018/1580/28 2021/1579/28 2017/1581/28
f 2019/1583/48 2023/1582/48 2018/1584/48
f 2030/1586/123 2032/1585/123 2035/1587/123
f 2032/1588/48 2033/1636/48 2026/1637/48
f 2030/1591/119 2031/1638/119 2025/1639/119
f 2027/1595/116 2024/1594/116 2025/1596/116
f 2031/1598/29 2027/1597/29 2025/1599/29
f 2035/1601/142 2031/1600/136 2030/1602/136
f 2029/1604/137 2033/1603/137 2032/1605/141
f 2033/1607/28 2024/1606/28 2026/1608/28
f 2055/1504/48 2052/1505/48 2054/1506/48
f 2059/1507/28 2052/1508/28 2056/1509/28
f 2058/1510/29 2055/1511/29 2057/1512/29
f 2053/1513/123 2060/1514/123 2052/1515/123
f 2053/1513/123 2062/1516/123 2061/1517/123
f 2056/1518/123 2062/1516/123 2058/1519/123
f 2052/1515/123 2063/1520/123 2056/1518/123
f 2061/1524/119 2064/1525/119 2060/1526/119
f 2060/1527/29 2066/1528/29 2063/1529/29
f 2062/1530/28 2065/1531/28 2061/1532/28
f 2062/1535/48 2066/1768/48 2067/1534/48
f 2074/1536/123 2076/1537/123 2079/1538/123
f 2076/1539/48 2077/1540/138 2070/1541/48
f 2074/1542/119 2075/1543/119 2069/1544/119
f 2071/1545/116 2068/1546/116 2069/1547/116
f 2075/1548/29 2071/1549/29 2069/1550/29
f 2079/1551/142 2075/1552/142 2074/1553/142
f 2073/1554/141 2077/1555/141 2076/1556/141
f 2077/1557/28 2068/1558/28 2070/1559/28
f 2082/1562/119 2081/1769/119 2083/1561/119
f 2080/1563/28 2059/1507/28 2056/1509/28
f 2083/1564/29 2058/1510/29 2057/1512/29
f 2084/1565/123 2081/1566/123 2080/1567/123
f 2081/1566/123 2086/1568/123 2058/1519/123
f 2086/1568/123 2056/1518/123 2058/1519/123
f 2087/1569/123 2080/1567/123 2056/1518/123
f 2088/1573/48 2085/1574/48 2084/1575/48
f 2090/1576/29 2084/1577/29 2087/1578/29
f 2089/1579/28 2086/1580/28 2085/1581/28
f 2086/1584/119 2090/1635/119 2087/1583/119
f 2100/1585/123 2098/1586/123 2103/1587/123
f 2100/1588/119 2103/1589/119 2095/1590/119
f 2098/1591/48 2097/1592/48 2092/1593/48
f 2092/1594/116 2095/1595/116 2093/1596/116
f 2095/1597/29 2099/1598/29 2093/1599/29
f 2099/1600/142 2103/1601/142 2098/1602/142
f 2101/1603/137 2097/1604/137 2100/1605/137
f 2092/1606/28 2101/1607/28 2094/1608/28
f 2123/1777/116 2120/1778/116 2122/1779/116
f 2127/1780/28 2120/1781/28 2124/1782/28
f 2126/1783/29 2123/1784/29 2125/1785/29
f 2120/1786/48 2129/1787/48 2128/1788/48
f 2121/1789/48 2130/1790/48 2129/1787/48
f 2124/1791/48 2130/1790/48 2126/1792/48
f 2120/1786/48 2131/1793/48 2124/1791/48
f 2129/1797/123 2132/1798/123 2128/1799/123
f 2128/1800/29 2134/1801/29 2131/1802/29
f 2130/1803/28 2133/1804/28 2129/1805/28
f 2131/1806/116 2135/1807/116 2130/1808/116
f 2142/1809/48 2144/1810/48 2147/1811/48
f 2144/1812/116 2145/1813/116 2138/1814/116
f 2142/1815/123 2143/1816/123 2137/1817/123
f 2139/1818/119 2136/1819/119 2137/1820/119
f 2143/1821/29 2139/1822/29 2137/1823/29
f 2147/1824/143 2143/1825/143 2142/1826/143
f 2141/1827/144 2145/1828/145 2144/1829/145
f 2145/1830/28 2136/1831/28 2138/1832/28
f 2148/1833/123 2151/1834/123 2150/1835/123
f 2148/1836/28 2127/1780/28 2124/1782/28
f 2151/1837/29 2126/1783/29 2125/1785/29
f 2148/1838/48 2153/1839/48 2149/1840/48
f 2149/1840/48 2154/1841/48 2126/1792/48
f 2154/1841/48 2124/1791/48 2126/1792/48
f 2155/1842/48 2148/1838/48 2124/1791/48
f 2156/1846/116 2153/1847/116 2152/1848/116
f 2158/1849/29 2152/1850/29 2155/1851/29
f 2157/1852/28 2154/1853/28 2153/1854/28
f 2159/1855/123 2155/1856/123 2154/1857/123
f 2168/1858/48 2166/1859/48 2171/1860/48
f 2168/1861/123 2171/1862/123 2163/1863/123
f 2166/1864/116 2165/1865/116 2160/1866/116
f 2160/1867/119 2163/1868/119 2161/1869/119
f 2163/1870/29 2167/1871/29 2161/1872/29
f 2167/1873/143 2171/1874/143 2166/1875/143
f 2169/1876/144 2165/1877/145 2168/1878/146
f 2160/1879/28 2169/1880/28 2162/1881/28
f 2172/1778/123 2175/1777/123 2174/1779/123
f 2172/1781/28 2179/1780/28 2176/1782/28
f 2175/1784/29 2178/1783/29 2177/1785/29
f 2172/1786/48 2181/1787/48 2173/1789/48
f 2173/1789/48 2182/1790/48 2178/1792/48
f 2182/1790/48 2176/1791/48 2178/1792/48
f 2183/1793/48 2172/1786/48 2176/1791/48
f 2184/1798/116 2181/1797/116 2180/1799/116
f 2186/1801/29 2180/1800/29 2183/1802/29
f 2185/1804/28 2182/1803/28 2181/1805/28
f 2187/1807/123 2183/1806/123 2182/1808/123
f 2196/1810/48 2194/1809/48 2199/1811/48
f 2196/1812/123 2199/1882/123 2191/1883/123
f 2194/1815/116 2193/1884/116 2188/1885/116
f 2188/1819/119 2191/1818/119 2189/1820/119
f 2191/1822/29 2195/1821/29 2189/1823/29
f 2195/1825/143 2199/1824/143 2194/1826/143
f 2197/1828/144 2193/1827/146 2196/1829/145
f 2188/1831/28 2197/1830/28 2190/1832/28
f 2203/1834/116 2200/1833/116 2202/1835/116
f 2179/1780/28 2200/1836/28 2176/1782/28
f 2178/1783/29 2203/1837/29 2177/1785/29
f 2200/1838/48 2205/1839/48 2204/1886/48
f 2201/1840/48 2206/1841/48 2205/1839/48
f 2176/1791/48 2206/1841/48 2178/1792/48
f 2200/1838/48 2207/1842/48 2176/1791/48
f 2205/1847/123 2208/1846/123 2204/1848/123
f 2204/1850/29 2210/1849/29 2207/1851/29
f 2206/1853/28 2209/1852/28 2205/1854/28
f 2207/1856/116 2211/1855/116 2206/1857/116
f 2218/1859/48 2220/1858/48 2223/1860/48
f 2220/1861/116 2221/1887/116 2214/1888/116
f 2218/1864/123 2219/1889/123 2213/1890/123
f 2215/1868/119 2212/1867/119 2213/1869/119
f 2219/1871/29 2215/1870/29 2213/1872/29
f 2223/1874/143 2219/1873/143 2218/1875/143
f 2217/1877/146 2221/1876/146 2220/1878/146
f 2221/1880/28 2212/1879/28 2214/1881/28
f 2224/1778/123 2227/1777/123 2226/1779/123
f 2224/1781/28 2231/1780/28 2228/1782/28
f 2227/1784/29 2230/1783/29 2229/1785/29
f 2232/1788/48 2225/1789/48 2224/1786/48
f 2225/1789/48 2234/1790/48 2230/1792/48
f 2230/1792/48 2235/1793/48 2228/1791/48
f 2235/1793/48 2224/1786/48 2228/1791/48
f 2236/1798/116 2233/1797/116 2232/1799/116
f 2238/1801/29 2232/1800/29 2235/1802/29
f 2237/1804/28 2234/1803/28 2233/1805/28
f 2239/1807/123 2235/1806/123 2234/1808/123
f 2248/1810/48 2246/1809/48 2251/1811/48
f 2248/1812/123 2251/1882/123 2243/1883/123
f 2246/1815/116 2245/1884/116 2240/1885/116
f 2240/1819/119 2243/1818/119 2241/1820/119
f 2243/1822/29 2247/1821/29 2241/1823/29
f 2247/1825/143 2251/1824/143 2246/1826/143
f 2249/1828/146 2245/1827/146 2248/1829/146
f 2240/1831/147 2249/1830/147 2242/1832/147
f 2255/1834/116 2252/1833/116 2254/1835/116
f 2231/1780/28 2252/1836/28 2228/1782/28
f 2230/1783/29 2255/1837/29 2229/1785/29
f 2253/1840/48 2256/1886/48 2252/1838/48
f 2253/1840/48 2258/1841/48 2257/1839/48
f 2230/1792/48 2259/1842/48 2258/1841/48
f 2252/1838/48 2259/1842/48 2228/1791/48
f 2257/1847/123 2260/1846/123 2256/1848/123
f 2256/1850/29 2262/1849/29 2259/1851/29
f 2258/1853/28 2261/1852/28 2257/1854/28
f 2259/1856/116 2263/1855/116 2258/1857/116
f 2270/1859/48 2272/1858/48 2275/1860/48
f 2272/1861/116 2273/1887/116 2266/1888/116
f 2270/1864/123 2271/1889/123 2265/1890/123
f 2267/1868/119 2264/1867/119 2265/1869/119
f 2271/1871/29 2267/1870/29 2265/1872/29
f 2275/1874/143 2271/1873/143 2270/1875/143
f 2269/1877/146 2273/1876/146 2272/1878/148
f 2273/1880/28 2264/1879/28 2266/1881/28
f 2279/1777/116 2276/1778/116 2278/1779/116
f 2283/1780/28 2276/1781/28 2280/1782/28
f 2282/1783/29 2279/1784/29 2281/1785/29
f 2277/1789/48 2284/1788/48 2276/1786/48
f 2277/1789/48 2286/1790/48 2285/1787/48
f 2282/1792/48 2287/1793/48 2286/1790/48
f 2276/1786/48 2287/1793/48 2280/1791/48
f 2285/1797/123 2288/1798/123 2284/1799/123
f 2284/1800/29 2290/1801/29 2287/1802/29
f 2286/1803/28 2289/1804/28 2285/1805/28
f 2287/1806/116 2291/1807/116 2286/1808/116
f 2298/1809/48 2300/1810/48 2303/1811/48
f 2300/1812/116 2301/1813/116 2294/1814/116
f 2298/1815/123 2299/1816/123 2293/1817/123
f 2295/1818/119 2292/1819/119 2293/1820/119
f 2299/1821/29 2295/1822/29 2293/1823/29
f 2303/1824/143 2299/1825/149 2298/1826/150
f 2297/1827/146 2301/1828/146 2300/1829/146
f 2301/1830/28 2292/1831/28 2294/1832/28
f 2304/1833/123 2307/1834/123 2306/1835/123
f 2304/1836/28 2283/1780/28 2280/1782/28
f 2307/1837/29 2282/1783/29 2281/1785/29
f 2308/1886/48 2305/1840/48 2304/1838/48
f 2305/1840/48 2310/1841/48 2282/1792/48
f 2282/1792/48 2311/1842/48 2280/1791/48
f 2311/1842/48 2304/1838/48 2280/1791/48
f 2312/1846/116 2309/1847/116 2308/1848/116
f 2314/1849/29 2308/1850/29 2311/1851/29
f 2313/1852/28 2310/1853/28 2309/1854/28
f 2315/1855/123 2311/1856/123 2310/1857/123
f 2324/1858/48 2322/1859/48 2327/1860/48
f 2324/1861/123 2327/1862/123 2319/1863/123
f 2322/1864/116 2321/1865/116 2316/1866/116
f 2316/1867/119 2319/1868/119 2317/1869/119
f 2319/1870/29 2323/1871/29 2317/1872/29
f 2323/1873/143 2327/1874/143 2322/1875/150
f 2325/1876/146 2321/1877/146 2324/1878/146
f 2316/1879/28 2325/1880/28 2318/1881/28
f 2328/1778/116 2331/1777/116 2330/1779/116
f 2328/1781/28 2335/1780/28 2332/1782/28
f 2331/1784/29 2334/1783/29 2333/1785/29
f 2336/1788/119 2329/1789/119 2328/1786/119
f 2329/1789/119 2338/1790/119 2334/1792/119
f 2338/1790/119 2332/1791/119 2334/1792/119
f 2339/1793/119 2328/1786/119 2332/1791/119
f 2340/1798/123 2337/1797/123 2336/1799/123
f 2342/1801/29 2336/1800/29 2339/1802/29
f 2341/1804/28 2338/1803/28 2337/1805/28
f 2343/1807/116 2339/1806/116 2338/1808/116
f 2352/1810/119 2350/1809/119 2355/1811/119
f 2352/1812/116 2355/1882/116 2347/1883/116
f 2350/1815/123 2349/1884/123 2344/1885/123
f 2344/1819/48 2347/1818/48 2345/1820/48
f 2347/1822/29 2351/1821/29 2345/1823/29
f 2351/1825/151 2355/1824/152 2350/1826/153
f 2353/1828/154 2349/1827/155 2352/1829/156
f 2344/1831/28 2353/1830/28 2346/1832/28
f 2359/1834/123 2356/1833/123 2358/1835/123
f 2335/1780/28 2356/1836/28 2332/1782/28
f 2334/1783/29 2359/1837/29 2333/1785/29
f 2357/1840/119 2360/1886/119 2356/1838/119
f 2357/1840/119 2362/1841/119 2361/1839/119
f 2332/1791/119 2362/1841/119 2334/1792/119
f 2356/1838/119 2363/1842/119 2332/1791/119
f 2361/1847/116 2364/1846/116 2360/1848/116
f 2360/1850/29 2366/1849/29 2363/1851/29
f 2362/1853/28 2365/1852/28 2361/1854/28
f 2363/1856/123 2367/1855/123 2362/1857/123
f 2374/1859/119 2376/1858/119 2379/1860/119
f 2376/1861/123 2377/1887/123 2370/1888/123
f 2374/1864/116 2375/1889/116 2369/1890/116
f 2371/1868/48 2368/1867/48 2369/1869/48
f 2375/1871/29 2371/1870/29 2369/1872/29
f 2379/1874/151 2375/1873/152 2374/1875/152
f 2373/1877/154 2377/1876/155 2376/1878/155
f 2377/1880/28 2368/1879/28 2370/1881/28
f 2383/1777/123 2380/1778/123 2382/1779/123
f 2387/1780/28 2380/1781/28 2384/1782/28
f 2386/1783/29 2383/1784/29 2385/1785/29
f 2380/1786/119 2389/1787/119 2388/1788/119
f 2381/1789/119 2390/1790/119 2389/1787/119
f 2384/1791/119 2390/1790/119 2386/1792/119
f 2380/1786/119 2391/1793/119 2384/1791/119
f 2389/1797/116 2392/1798/116 2388/1799/116
f 2388/1800/29 2394/1801/29 2391/1802/29
f 2390/1803/28 2393/1804/28 2389/1805/28
f 2391/1806/123 2395/1807/123 2390/1808/123
f 2402/1809/119 2404/1810/119 2407/1811/119
f 2404/1812/123 2405/1813/123 2398/1814/123
f 2402/1815/116 2403/1816/116 2397/1817/116
f 2399/1818/48 2396/1819/48 2397/1820/48
f 2403/1821/29 2399/1822/29 2397/1823/29
f 2407/1824/153 2403/1825/153 2402/1826/153
f 2401/1827/156 2405/1828/156 2404/1829/156
f 2405/1830/28 2396/1831/28 2398/1832/28
f 2408/1833/116 2411/1834/116 2410/1835/116
f 2408/1836/28 2387/1780/28 2384/1782/28
f 2411/1837/29 2386/1783/29 2385/1785/29
f 2408/1838/119 2413/1839/119 2409/1840/119
f 2409/1840/119 2414/1841/119 2386/1792/119
f 2414/1841/119 2384/1791/119 2386/1792/119
f 2415/1842/119 2408/1838/119 2384/1791/119
f 2416/1846/123 2413/1847/123 2412/1848/123
f 2418/1849/29 2412/1850/29 2415/1851/29
f 2417/1852/28 2414/1853/28 2413/1854/28
f 2419/1855/116 2415/1856/116 2414/1857/116
f 2428/1858/119 2426/1859/119 2431/1860/119
f 2428/1861/116 2431/1862/116 2423/1863/116
f 2426/1864/123 2425/1865/123 2420/1866/123
f 2420/1867/48 2423/1868/48 2421/1869/48
f 2423/1870/29 2427/1871/29 2421/1872/29
f 2427/1873/153 2431/1874/153 2426/1875/153
f 2429/1876/156 2425/1877/156 2428/1878/156
f 2420/1879/28 2429/1880/28 2422/1881/28
f 2435/1777/123 2432/1778/123 2434/1779/123
f 2439/1780/28 2432/1781/28 2436/1782/28
f 2438/1783/29 2435/1784/29 2437/1785/29
f 2433/1789/119 2440/1788/119 2432/1786/119
f 2433/1789/119 2442/1790/119 2441/1787/119
f 2438/1792/119 2443/1793/119 2442/1790/119
f 2432/1786/119 2443/1793/119 2436/1791/119
f 2441/1797/116 2444/1798/116 2440/1799/116
f 2440/1800/29 2446/1801/29 2443/1802/29
f 2442/1803/28 2445/1804/28 2441/1805/28
f 2443/1806/123 2447/1807/123 2442/1808/123
f 2454/1809/119 2456/1810/119 2459/1811/119
f 2456/1812/123 2457/1813/123 2450/1814/123
f 2454/1815/116 2455/1816/116 2449/1817/116
f 2451/1818/48 2448/1819/48 2449/1820/48
f 2455/1821/29 2451/1822/29 2449/1823/29
f 2459/1824/153 2455/1825/151 2454/1826/152
f 2453/1827/156 2457/1828/156 2456/1829/156
f 2457/1830/28 2448/1831/28 2450/1832/28
f 2460/1833/116 2463/1834/116 2462/1835/116
f 2460/1836/28 2439/1780/28 2436/1782/28
f 2463/1837/29 2438/1783/29 2437/1785/29
f 2464/1886/119 2461/1840/119 2460/1838/119
f 2461/1840/119 2466/1841/119 2438/1792/119
f 2438/1792/119 2467/1842/119 2436/1791/119
f 2467/1842/119 2460/1838/119 2436/1791/119
f 2468/1846/123 2465/1847/123 2464/1848/123
f 2470/1849/29 2464/1850/29 2467/1851/29
f 2469/1852/28 2466/1853/28 2465/1854/28
f 2471/1855/116 2467/1856/116 2466/1857/116
f 2480/1858/119 2478/1859/119 2483/1860/119
f 2480/1861/116 2483/1862/116 2475/1863/116
f 2478/1864/123 2477/1865/123 2472/1866/123
f 2472/1867/48 2475/1868/48 2473/1869/48
f 2475/1870/29 2479/1871/29 2473/1872/29
f 2479/1873/151 2483/1874/153 2478/1875/152
f 2481/1876/156 2477/1877/156 2480/1878/156
f 2472/1879/28 2481/1880/28 2474/1881/28
f 2484/1778/116 2487/1777/116 2486/1779/116
f 2484/1781/28 2491/1780/28 2488/1782/28
f 2487/1784/29 2490/1783/29 2489/1785/29
f 2492/1788/119 2485/1789/119 2484/1786/119
f 2485/1789/119 2494/1790/119 2490/1792/119
f 2490/1792/119 2495/1793/119 2488/1791/119
f 2495/1793/119 2484/1786/119 2488/1791/119
f 2496/1798/123 2493/1797/123 2492/1799/123
f 2498/1801/29 2492/1800/29 2495/1802/29
f 2497/1804/28 2494/1803/28 2493/1805/28
f 2499/1807/116 2495/1806/116 2494/1808/116
f 2508/1810/119 2506/1809/119 2511/1811/119
f 2508/1812/116 2511/1882/116 2503/1883/116
f 2506/1815/123 2505/1884/123 2500/1885/123
f 2500/1819/48 2503/1818/48 2501/1820/48
f 2503/1822/29 2507/1821/29 2501/1823/29
f 2507/1825/153 2511/1824/153 2506/1826/153
f 2509/1828/156 2505/1827/154 2508/1829/156
f 2500/1831/28 2509/1830/28 2502/1832/28
f 2515/1834/123 2512/1833/123 2514/1835/123
f 2491/1780/28 2512/1836/28 2488/1782/28
f 2490/1783/29 2515/1837/29 2489/1785/29
f 2513/1840/119 2516/1886/119 2512/1838/119
f 2513/1840/119 2518/1841/119 2517/1839/119
f 2490/1792/119 2519/1842/119 2518/1841/119
f 2512/1838/119 2519/1842/119 2488/1791/119
f 2517/1847/116 2520/1846/116 2516/1848/116
f 2516/1850/29 2522/1849/29 2519/1851/29
f 2518/1853/28 2521/1852/28 2517/1854/28
f 2519/1856/123 2523/1855/123 2518/1857/123
f 2530/1859/119 2532/1858/119 2535/1860/119
f 2532/1861/123 2533/1887/123 2526/1888/123
f 2530/1864/116 2531/1889/116 2525/1890/116
f 2527/1868/48 2524/1867/48 2525/1869/48
f 2531/1871/29 2527/1870/29 2525/1872/29
f 2535/1874/151 2531/1873/153 2530/1875/153
f 2529/1877/156 2533/1876/156 2532/1878/156
f 2533/1880/28 2524/1879/28 2526/1881/28
s 0
f 3439/2824/159 3436/2825/159 3438/2826/159
f 3441/2827/160 3442/2828/160 3440/2829/160
f 3443/2830/161 3446/2831/161 3442/2832/161
f 3447/2833/162 3444/2834/162 3446/2835/162
f 3445/2836/163 3440/2837/163 3444/2838/163
f 3442/2839/28 3444/2840/28 3440/2841/28
f 3443/2839/29 3445/2840/29 3447/2842/29
s 1
f 1307/1504/119 1305/1709/119 1304/1505/119
f 1311/1507/28 1306/3721/28 1304/1508/28
f 1310/1510/29 1305/1710/29 1307/1511/29
f 1305/1513/116 1313/1517/116 1312/1514/116
f 1305/1513/116 1310/1519/116 1314/1516/116
f 1308/1518/116 1315/1520/116 1314/1516/116
f 1304/1515/116 1312/1514/116 1315/1520/116
f 1313/1524/48 1317/1653/48 1316/1525/48
f 1312/1527/29 1316/3723/29 1318/1528/29
f 1314/1530/28 1319/1711/28 1317/1531/28
f 1315/1533/119 1318/1768/119 1319/1534/119
f 1326/1536/116 1325/1737/116 1328/1537/116
f 1322/1541/119 1323/1630/119 1328/1539/119
f 1323/1630/119 1330/3724/119 1331/1629/119
f 1328/1539/119 1323/1630/119 1331/1629/119
f 1321/1544/48 1320/1632/48 1326/1542/48
f 1320/1632/48 1324/3725/48 1325/1631/48
f 1326/1542/48 1320/1632/48 1325/1631/48
f 1323/1545/123 1322/1654/123 1320/1546/123
f 1327/1548/29 1330/3726/29 1323/1549/29
f 1331/1551/134 1330/3727/134 1327/1552/134
f 1325/1554/135 1324/3728/135 1329/1555/135
f 1329/1557/28 1324/3729/28 1320/1558/28
f 1332/1560/48 1333/1769/48 1335/1561/48
f 1332/1563/28 1334/1633/28 1311/1507/28
f 1335/1564/29 1333/3730/29 1310/1510/29
f 1336/1565/116 1337/1634/116 1333/1566/116
f 1333/1566/116 1337/1634/116 1338/1568/116
f 1310/1519/116 1338/1568/116 1339/1569/116
f 1339/1569/116 1336/1565/116 1332/1567/116
f 1340/1573/119 1341/1712/119 1337/1574/119
f 1342/1576/29 1340/3731/29 1336/1577/29
f 1341/1579/28 1343/3732/28 1338/1580/28
f 1343/1582/48 1342/1635/48 1339/1583/48
f 1352/1585/116 1349/3733/116 1350/1586/116
f 1354/3734/48 1347/1590/48 1355/1589/48
f 1347/1590/48 1346/1637/48 1352/1588/48
f 1346/1637/48 1353/1636/48 1352/1588/48
f 1348/3735/119 1344/1593/119 1349/1592/119
f 1344/1593/119 1345/1639/119 1350/1591/119
f 1345/1639/119 1351/1638/119 1350/1591/119
f 1344/1594/123 1346/3736/123 1347/1595/123
f 1347/1597/29 1354/3737/29 1351/1598/29
f 1351/1600/134 1354/3738/134 1355/1601/134
f 1353/1603/135 1348/3739/135 1349/1604/135
f 1344/1606/28 1348/3740/28 1353/1607/28
f 1372/1505/48 1373/1709/48 1375/1504/48
f 1372/1508/28 1374/3721/28 1379/1507/28
f 1375/1511/29 1373/1710/29 1378/1510/29
f 1380/1514/116 1381/1517/116 1373/1513/116
f 1373/1513/116 1381/1517/116 1382/1516/116
f 1378/1519/116 1382/1516/116 1383/1520/116
f 1383/1520/116 1380/1514/116 1372/1515/116
f 1384/1525/119 1385/1653/119 1381/1524/119
f 1386/1528/29 1384/3723/29 1380/1527/29
f 1385/1531/28 1387/1711/28 1382/1530/28
f 1387/1534/48 1386/1768/48 1383/1533/48
f 1396/1537/116 1393/1737/116 1394/1536/116
f 1398/3724/48 1391/1630/48 1399/1629/48
f 1391/1630/48 1390/1541/48 1396/1539/48
f 1390/1541/48 1397/1540/48 1396/1539/48
f 1392/3725/119 1388/1632/119 1393/1631/119
f 1388/1632/119 1389/1544/119 1394/1542/119
f 1389/1544/119 1395/1543/119 1394/1542/119
f 1388/1546/123 1390/1654/123 1391/1545/123
f 1391/1549/29 1398/3726/29 1395/1548/29
f 1395/1552/134 1398/3727/134 1399/1551/134
f 1397/1555/135 1392/3728/135 1393/1554/135
f 1388/1558/28 1392/3729/28 1397/1557/28
f 1403/1561/119 1401/1769/119 1400/1560/119
f 1376/1509/28 1379/1507/28 1402/1633/28
f 1378/1510/29 1401/3730/29 1403/1564/29
f 1401/1566/116 1405/1634/116 1404/1565/116
f 1401/1566/116 1378/1519/116 1406/1568/116
f 1376/1518/116 1407/1569/116 1406/1568/116
f 1400/1567/116 1404/1565/116 1407/1569/116
f 1405/1574/48 1409/1712/48 1408/1573/48
f 1404/1577/29 1408/3731/29 1410/1576/29
f 1406/1580/28 1411/3732/28 1409/1579/28
f 1406/1584/119 1407/1583/119 1410/1635/119
f 1418/1586/116 1417/3733/116 1420/1585/116
f 1414/1637/119 1415/1590/119 1420/1588/119
f 1415/1590/119 1422/3734/119 1423/1589/119
f 1420/1588/119 1415/1590/119 1423/1589/119
f 1413/1639/48 1412/1593/48 1418/1591/48
f 1412/1593/48 1416/3735/138 1417/1592/48
f 1418/1591/48 1412/1593/48 1417/1592/48
f 1415/1595/123 1414/3736/123 1412/1594/123
f 1419/1598/29 1422/3737/29 1415/1597/29
f 1423/1601/134 1422/3738/134 1419/1600/134
f 1417/1604/135 1416/3739/135 1421/1603/135
f 1421/1607/28 1416/3740/28 1412/1606/28
f 1440/1505/48 1441/1709/48 1443/1504/48
f 1440/1508/28 1442/3721/28 1447/1507/28
f 1443/1511/29 1441/1710/29 1446/1510/29
f 1448/1514/116 1449/1517/116 1441/1513/116
f 1441/1513/116 1449/1517/116 1450/1516/116
f 1446/1519/116 1450/1516/116 1451/1520/116
f 1451/1520/116 1448/1514/116 1440/1515/116
f 1448/1526/119 1452/1525/119 1453/1653/119
f 1454/1528/29 1452/3723/29 1448/1527/29
f 1453/1531/28 1455/1711/28 1450/1530/28
f 1455/1534/48 1454/1768/48 1451/1533/48
f 1464/1537/116 1461/1737/116 1462/1536/116
f 1466/3724/48 1459/1630/48 1467/1629/48
f 1459/1630/48 1458/1541/48 1464/1539/48
f 1458/1541/48 1465/1540/48 1464/1539/48
f 1460/3725/119 1456/1632/119 1461/1631/119
f 1456/1632/119 1457/1544/119 1462/1542/119
f 1457/1544/119 1463/1543/119 1462/1542/119
f 1457/1547/123 1456/1546/123 1458/1654/123
f 1459/1549/29 1466/3726/29 1463/1548/29
f 1463/1552/134 1466/3727/134 1467/1551/134
f 1465/1555/135 1460/3728/135 1461/1554/135
f 1456/1558/28 1460/3729/28 1465/1557/28
f 1471/1561/119 1469/1769/119 1468/1560/119
f 1447/1507/28 1470/1633/28 1468/1563/28
f 1446/1510/29 1469/3730/29 1471/1564/29
f 1469/1566/116 1473/1634/116 1472/1565/116
f 1469/1566/116 1446/1519/116 1474/1568/116
f 1446/1519/116 1444/1518/116 1475/1569/116
f 1468/1567/116 1472/1565/116 1475/1569/116
f 1473/1574/48 1477/1712/48 1476/1573/48
f 1472/1577/29 1476/3731/29 1478/1576/29
f 1474/1580/28 1479/3732/28 1477/1579/28
f 1475/1583/119 1478/1635/119 1479/1582/119
f 1486/1586/116 1485/3733/116 1488/1585/116
f 1482/1637/119 1483/1590/119 1488/1588/119
f 1483/1590/119 1490/3734/119 1491/1589/119
f 1488/1588/119 1483/1590/119 1491/1589/119
f 1481/1639/48 1480/1593/48 1486/1591/48
f 1480/1593/48 1484/3735/48 1485/1592/48
f 1486/1591/48 1480/1593/48 1485/1592/48
f 1483/1595/123 1482/3736/123 1480/1594/123
f 1487/1598/29 1490/3737/29 1483/1597/29
f 1491/1601/134 1490/3738/134 1487/1600/134
f 1485/1604/135 1484/3739/135 1489/1603/135
f 1489/1607/28 1484/3740/28 1480/1606/28
f 1511/1504/119 1509/1709/119 1508/1505/119
f 1515/1507/28 1510/3721/28 1508/1508/28
f 1514/1510/29 1509/1710/29 1511/1511/29
f 1509/1513/116 1517/1517/116 1516/1514/116
f 1509/1513/116 1514/1519/116 1518/1516/116
f 1514/1519/116 1512/1518/116 1519/1520/116
f 1508/1515/116 1516/1514/116 1519/1520/116
f 1516/1526/48 1517/1524/48 1521/1653/48
f 1516/1527/29 1520/3723/29 1522/1528/29
f 1518/1530/28 1523/1711/28 1521/1531/28
f 1519/1533/119 1522/1768/119 1523/1534/119
f 1530/1536/116 1529/1737/116 1532/1537/116
f 1526/1541/119 1527/1630/119 1532/1539/119
f 1527/1630/119 1534/3724/119 1535/1629/119
f 1532/1539/119 1527/1630/119 1535/1629/119
f 1525/1544/48 1524/1632/48 1530/1542/48
f 1524/1632/48 1528/3725/48 1529/1631/48
f 1530/1542/48 1524/1632/48 1529/1631/48
f 1527/1545/123 1526/1654/123 1524/1546/123
f 1531/1548/29 1534/3726/29 1527/1549/29
f 1535/1551/134 1534/3727/134 1531/1552/134
f 1529/1554/135 1528/3728/135 1533/1555/135
f 1533/1557/28 1528/3729/28 1524/1558/28
f 1536/1560/48 1537/1769/48 1539/1561/48
f 1536/1563/28 1538/1633/28 1515/1507/28
f 1539/1564/29 1537/3730/29 1514/1510/29
f 1540/1565/116 1541/1634/116 1537/1566/116
f 1537/1566/116 1541/1634/116 1542/1568/116
f 1514/1519/116 1542/1568/116 1543/1569/116
f 1543/1569/116 1540/1565/116 1536/1567/116
f 1544/1573/119 1545/1712/119 1541/1574/119
f 1546/1576/29 1544/3731/29 1540/1577/29
f 1545/1579/28 1547/3732/28 1542/1580/28
f 1547/1582/48 1546/1635/48 1543/1583/48
f 1556/1585/116 1553/3733/116 1554/1586/116
f 1558/3734/48 1551/1590/48 1559/1589/48
f 1551/1590/48 1550/1637/48 1556/1588/48
f 1550/1637/48 1557/1636/48 1556/1588/48
f 1552/3735/119 1548/1593/119 1553/1592/119
f 1548/1593/119 1549/1639/119 1554/1591/119
f 1549/1639/119 1555/1638/119 1554/1591/119
f 1548/1594/123 1550/3736/123 1551/1595/123
f 1551/1597/29 1558/3737/29 1555/1598/29
f 1555/1600/134 1558/3738/134 1559/1601/134
f 1557/1603/135 1552/3739/135 1553/1604/135
f 1548/1606/28 1552/3740/28 1557/1607/28
f 1579/1504/119 1577/1709/119 1576/1505/119
f 1583/1507/28 1578/3721/28 1576/1508/28
f 1582/1510/29 1577/1710/29 1579/1511/29
f 1577/1513/116 1585/1517/116 1584/1514/116
f 1577/1513/116 1582/1519/116 1586/1516/116
f 1582/1519/116 1580/1518/116 1587/1520/116
f 1576/1515/116 1584/1514/116 1587/1520/116
f 1585/1524/48 1589/1653/48 1588/1525/48
f 1584/1527/29 1588/3723/29 1590/1528/29
f 1586/1530/28 1591/1711/28 1589/1531/28
f 1587/1533/119 1590/1768/119 1591/1534/119
f 1598/1536/116 1597/1737/116 1600/1537/116
f 1594/1541/119 1595/1630/119 1600/1539/119
f 1595/1630/119 1602/3724/119 1603/1629/119
f 1600/1539/119 1595/1630/119 1603/1629/119
f 1593/1544/48 1592/1632/48 1598/1542/48
f 1592/1632/48 1596/3725/48 1597/1631/48
f 1598/1542/48 1592/1632/48 1597/1631/48
f 1595/1545/123 1594/1654/123 1592/1546/123
f 1599/1548/29 1602/3726/29 1595/1549/29
f 1603/1551/134 1602/3727/134 1599/1552/134
f 1597/1554/135 1596/3728/135 1601/1555/135
f 1601/1557/28 1596/3729/28 1592/1558/28
f 1604/1560/48 1605/1769/48 1607/1561/48
f 1604/1563/28 1606/1633/28 1583/1507/28
f 1607/1564/29 1605/3730/29 1582/1510/29
f 1608/1565/116 1609/1634/116 1605/1566/116
f 1605/1566/116 1609/1634/116 1610/1568/116
f 1582/1519/116 1610/1568/116 1611/1569/116
f 1611/1569/116 1608/1565/116 1604/1567/116
f 1612/1573/119 1613/1712/119 1609/1574/119
f 1614/1576/29 1612/3731/29 1608/1577/29
f 1613/1579/28 1615/3732/28 1610/1580/28
f 1615/1582/48 1614/1635/48 1611/1583/48
f 1624/1585/116 1621/3733/116 1622/1586/116
f 1626/3734/48 1619/1590/48 1627/1589/48
f 1619/1590/48 1618/1637/48 1624/1588/48
f 1618/1637/48 1625/1636/48 1624/1588/48
f 1620/3735/119 1616/1593/119 1621/1592/119
f 1616/1593/119 1617/1639/119 1622/1591/119
f 1617/1639/119 1623/1638/119 1622/1591/119
f 1616/1594/123 1618/3736/123 1619/1595/123
f 1619/1597/29 1626/3737/29 1623/1598/29
f 1623/1600/134 1626/3738/134 1627/1601/134
f 1625/1603/135 1620/3739/135 1621/1604/135
f 1616/1606/28 1620/3740/28 1625/1607/28
f 1644/1505/48 1645/1709/48 1647/1504/48
f 1644/1508/28 1646/3721/28 1651/1507/28
f 1647/1511/29 1645/1710/29 1650/1510/29
f 1652/1514/116 1653/1517/116 1645/1513/116
f 1645/1513/116 1653/1517/116 1654/1516/116
f 1650/1519/116 1654/1516/116 1655/1520/116
f 1655/1520/116 1652/1514/116 1644/1515/116
f 1656/1525/119 1657/1653/119 1653/1524/119
f 1658/1528/29 1656/3723/29 1652/1527/29
f 1657/1531/28 1659/1711/28 1654/1530/28
f 1659/1534/48 1658/1768/48 1655/1533/48
f 1668/1537/116 1665/1737/116 1666/1536/116
f 1670/3724/48 1663/1630/48 1671/1629/48
f 1663/1630/48 1662/1541/48 1668/1539/48
f 1662/1541/48 1669/1540/48 1668/1539/48
f 1664/3725/119 1660/1632/119 1665/1631/119
f 1660/1632/119 1661/1544/119 1666/1542/119
f 1661/1544/119 1667/1543/119 1666/1542/119
f 1660/1546/123 1662/1654/123 1663/1545/123
f 1663/1549/29 1670/3726/29 1667/1548/29
f 1667/1552/134 1670/3727/134 1671/1551/134
f 1669/1555/135 1664/3728/135 1665/1554/135
f 1660/1558/28 1664/3729/28 1669/1557/28
f 1675/1561/119 1673/1769/119 1672/1560/119
f 1651/1507/28 1674/1633/28 1672/1563/28
f 1650/1510/29 1673/3730/29 1675/1564/29
f 1673/1566/116 1677/1634/116 1676/1565/116
f 1673/1566/116 1650/1519/116 1678/1568/116
f 1650/1519/116 1648/1518/116 1679/1569/116
f 1672/1567/116 1676/1565/116 1679/1569/116
f 1677/1574/48 1681/1712/48 1680/1573/48
f 1676/1577/29 1680/3731/29 1682/1576/29
f 1678/1580/28 1683/3732/28 1681/1579/28
f 1679/1583/119 1682/1635/119 1683/1582/119
f 1690/1586/116 1689/3733/116 1692/1585/116
f 1686/1637/119 1687/1590/119 1692/1588/119
f 1687/1590/119 1694/3734/119 1695/1589/119
f 1692/1588/119 1687/1590/119 1695/1589/119
f 1685/1639/48 1684/1593/48 1690/1591/48
f 1684/1593/48 1688/3735/48 1689/1592/48
f 1690/1591/48 1684/1593/48 1689/1592/48
f 1687/1595/123 1686/3736/123 1684/1594/123
f 1691/1598/29 1694/3737/29 1687/1597/29
f 1695/1601/134 1694/3738/134 1691/1600/134
f 1689/1604/135 1688/3739/135 1693/1603/135
f 1693/1607/28 1688/3740/28 1684/1606/28
f 1714/1506/119 1712/1505/119 1713/1709/119
f 1712/1508/28 1714/3721/28 1719/1507/28
f 1717/1512/29 1715/1511/29 1713/1710/29
f 1712/1515/123 1720/1514/123 1721/1517/123
f 1713/1513/123 1721/1517/123 1722/1516/123
f 1722/1516/123 1723/1520/123 1716/1518/123
f 1723/1520/123 1720/1514/123 1712/1515/123
f 1724/1525/48 1725/1653/48 1721/1524/48
f 1726/1528/29 1724/3723/29 1720/1527/29
f 1721/1532/28 1725/1531/28 1727/1711/28
f 1727/1534/119 1726/1768/119 1723/1533/119
f 1736/1537/123 1733/1737/123 1734/1536/123
f 1738/3724/260 1731/1630/119 1739/1629/119
f 1731/1630/119 1730/1541/119 1736/1539/119
f 1730/1541/119 1737/1540/139 1736/1539/119
f 1732/3725/261 1728/1632/48 1733/1631/48
f 1728/1632/48 1729/1544/48 1734/1542/48
f 1729/1544/48 1735/1543/138 1734/1542/48
f 1728/1546/116 1730/1654/116 1731/1545/116
f 1731/1549/29 1738/3726/29 1735/1548/29
f 1735/1552/136 1738/3727/136 1739/1551/136
f 1737/1555/137 1732/3728/137 1733/1554/137
f 1728/1558/28 1732/3729/28 1737/1557/28
f 1743/1561/48 1741/1769/48 1740/1560/48
f 1719/1507/28 1742/1633/28 1740/1563/28
f 1718/1510/29 1741/3730/29 1743/1564/29
f 1740/1567/123 1741/1566/123 1745/1634/123
f 1741/1566/123 1718/1519/123 1746/1568/123
f 1716/1518/123 1747/1569/123 1746/1568/123
f 1740/1567/123 1744/1565/123 1747/1569/123
f 1744/1575/119 1745/1574/119 1749/1712/119
f 1744/1577/29 1748/3731/29 1750/1576/29
f 1746/1580/28 1751/3732/28 1749/1579/28
f 1747/1583/48 1750/1635/48 1751/1582/48
f 1758/1586/123 1757/3733/123 1760/1585/123
f 1754/1637/48 1755/1590/48 1760/1588/48
f 1755/1590/48 1762/3734/133 1763/1589/48
f 1760/1588/48 1755/1590/48 1763/1589/48
f 1753/1639/119 1752/1593/119 1758/1591/119
f 1752/1593/119 1756/3735/262 1757/1592/119
f 1758/1591/119 1752/1593/119 1757/1592/119
f 1755/1595/116 1754/3736/116 1752/1594/116
f 1759/1598/29 1762/3737/29 1755/1597/29
f 1763/1601/136 1762/3738/136 1759/1600/136
f 1757/1604/137 1756/3739/137 1761/1603/137
f 1761/1607/28 1756/3740/28 1752/1606/28
f 1783/1504/48 1781/1709/48 1780/1505/48
f 1787/1507/28 1782/3721/28 1780/1508/28
f 1786/1510/29 1781/1710/29 1783/1511/29
f 1780/1515/123 1781/1513/123 1789/1517/123
f 1781/1513/123 1786/1519/123 1790/1516/123
f 1784/1518/123 1791/1520/123 1790/1516/123
f 1780/1515/123 1788/1514/123 1791/1520/123
f 1789/1524/119 1793/1653/119 1792/1525/119
f 1788/1527/29 1792/3723/29 1794/1528/29
f 1790/1530/28 1795/1711/28 1793/1531/28
f 1791/1533/48 1794/1768/48 1795/1534/48
f 1802/1536/123 1801/1737/123 1804/1537/123
f 1798/1541/48 1799/1630/48 1804/1539/48
f 1799/1630/48 1806/3724/48 1807/1629/48
f 1804/1539/48 1799/1630/48 1807/1629/48
f 1797/1544/119 1796/1632/119 1802/1542/119
f 1796/1632/119 1800/3725/119 1801/1631/119
f 1802/1542/119 1796/1632/119 1801/1631/119
f 1799/1545/116 1798/1654/116 1796/1546/116
f 1803/1548/29 1806/3726/29 1799/1549/29
f 1807/1551/136 1806/3727/136 1803/1552/136
f 1801/1554/137 1800/3728/137 1805/1555/137
f 1805/1557/28 1800/3729/28 1796/1558/28
f 1808/1560/119 1809/1769/119 1811/1561/119
f 1808/1563/28 1810/1633/28 1787/1507/28
f 1811/1564/29 1809/3730/29 1786/1510/29
f 1808/1567/123 1812/1565/123 1813/1634/123
f 1809/1566/123 1813/1634/123 1814/1568/123
f 1814/1568/123 1815/1569/123 1784/1518/123
f 1815/1569/123 1812/1565/123 1808/1567/123
f 1816/1573/48 1817/1712/48 1813/1574/48
f 1818/1576/29 1816/3731/29 1812/1577/29
f 1817/1579/28 1819/3732/28 1814/1580/28
f 1819/1582/119 1818/1635/119 1815/1583/119
f 1828/1585/123 1825/3733/123 1826/1586/123
f 1830/3734/119 1823/1590/119 1831/1589/119
f 1823/1590/119 1822/1637/119 1828/1588/119
f 1822/1637/119 1829/1636/119 1828/1588/119
f 1824/3735/133 1820/1593/48 1825/1592/48
f 1820/1593/48 1821/1639/48 1826/1591/48
f 1821/1639/48 1827/1638/48 1826/1591/48
f 1820/1594/116 1822/3736/116 1823/1595/116
f 1823/1597/29 1830/3737/29 1827/1598/29
f 1827/1600/136 1830/3738/136 1831/1601/136
f 1829/1603/137 1824/3739/137 1825/1604/137
f 1820/1606/28 1824/3740/28 1829/1607/28
f 1851/1504/48 1849/1709/48 1848/1505/48
f 1855/1507/28 1850/3721/28 1848/1508/28
f 1853/1512/29 1854/1510/29 1849/1710/29
f 1848/1515/123 1849/1513/123 1857/1517/123
f 1849/1513/123 1854/1519/123 1858/1516/123
f 1852/1518/123 1859/1520/123 1858/1516/123
f 1848/1515/123 1856/1514/123 1859/1520/123
f 1857/1524/119 1861/1653/119 1860/1525/119
f 1856/1527/29 1860/3723/29 1862/1528/29
f 1858/1530/28 1863/1711/28 1861/1531/28
f 1859/1533/48 1862/1768/48 1863/1534/48
f 1875/1538/123 1870/1536/123 1869/1737/123
f 1866/1541/48 1867/1630/48 1872/1539/48
f 1867/1630/48 1874/3724/48 1875/1629/48
f 1872/1539/48 1867/1630/48 1875/1629/48
f 1865/1544/119 1864/1632/119 1870/1542/119
f 1864/1632/119 1868/3725/119 1869/1631/119
f 1870/1542/119 1864/1632/119 1869/1631/119
f 1867/1545/116 1866/1654/116 1864/1546/116
f 1871/1548/29 1874/3726/29 1867/1549/29
f 1875/1551/136 1874/3727/136 1871/1552/136
f 1869/1554/140 1868/3728/140 1873/1555/140
f 1873/1557/28 1868/3729/28 1864/1558/28
f 1876/1560/119 1877/1769/119 1879/1561/119
f 1852/1509/28 1876/1563/28 1878/1633/28
f 1879/1564/29 1877/3730/29 1854/1510/29
f 1876/1567/123 1880/1565/123 1881/1634/123
f 1877/1566/123 1881/1634/123 1882/1568/123
f 1882/1568/123 1883/1569/123 1852/1518/123
f 1883/1569/123 1880/1565/123 1876/1567/123
f 1884/1573/48 1885/1712/48 1881/1574/48
f 1886/1576/29 1884/3731/29 1880/1577/29
f 1885/1579/28 1887/3732/28 1882/1580/28
f 1887/1582/119 1886/1635/119 1883/1583/119
f 1896/1585/123 1893/3733/123 1894/1586/123
f 1898/3734/119 1891/1590/119 1899/1589/119
f 1891/1590/119 1890/1637/119 1896/1588/119
f 1890/1637/119 1897/1636/119 1896/1588/119
f 1892/3735/48 1888/1593/48 1893/1592/48
f 1888/1593/48 1889/1639/48 1894/1591/48
f 1889/1639/48 1895/1638/48 1894/1591/48
f 1888/1594/116 1890/3736/116 1891/1595/116
f 1891/1597/29 1898/3737/29 1895/1598/29
f 1895/1600/136 1898/3738/136 1899/1601/136
f 1897/1603/140 1892/3739/140 1893/1604/140
f 1888/1606/28 1892/3740/28 1897/1607/28
f 1916/1505/119 1917/1709/119 1919/1504/119
f 1916/1508/28 1918/3721/28 1923/1507/28
f 1919/1511/29 1917/1710/29 1922/1510/29
f 1916/1515/123 1924/1514/123 1925/1517/123
f 1917/1513/123 1925/1517/123 1926/1516/123
f 1926/1516/123 1927/1520/123 1920/1518/123
f 1927/1520/123 1924/1514/123 1916/1515/123
f 1928/1525/48 1929/1653/48 1925/1524/48
f 1930/1528/29 1928/3723/29 1924/1527/29
f 1929/1531/28 1931/1711/28 1926/1530/28
f 1931/1534/119 1930/1768/119 1927/1533/119
f 1940/1537/123 1937/1737/123 1938/1536/123
f 1942/3724/119 1935/1630/119 1943/1629/119
f 1935/1630/119 1934/1541/119 1940/1539/119
f 1934/1541/119 1941/1540/119 1940/1539/119
f 1936/3725/48 1932/1632/48 1937/1631/48
f 1932/1632/48 1933/1544/48 1938/1542/48
f 1933/1544/48 1939/1543/48 1938/1542/48
f 1932/1546/116 1934/1654/116 1935/1545/116
f 1935/1549/29 1942/3726/29 1939/1548/29
f 1939/1552/136 1942/3727/136 1943/1551/136
f 1941/1555/140 1936/3728/140 1937/1554/140
f 1932/1558/28 1936/3729/28 1941/1557/28
f 1947/1561/48 1945/1769/48 1944/1560/48
f 1923/1507/28 1946/1633/28 1944/1563/28
f 1922/1510/29 1945/3730/29 1947/1564/29
f 1944/1567/123 1945/1566/123 1949/1634/123
f 1945/1566/123 1922/1519/123 1950/1568/123
f 1920/1518/123 1951/1569/123 1950/1568/123
f 1944/1567/123 1948/1565/123 1951/1569/123
f 1949/1574/119 1953/1712/119 1952/1573/119
f 1948/1577/29 1952/3731/29 1954/1576/29
f 1950/1580/28 1955/3732/28 1953/1579/28
f 1951/1583/48 1954/1635/48 1955/1582/48
f 1962/1586/123 1961/3733/123 1964/1585/123
f 1958/1637/48 1959/1590/48 1964/1588/48
f 1959/1590/48 1966/3734/48 1967/1589/48
f 1964/1588/48 1959/1590/48 1967/1589/48
f 1957/1639/119 1956/1593/119 1962/1591/119
f 1956/1593/119 1960/3735/119 1961/1592/119
f 1962/1591/119 1956/1593/119 1961/1592/119
f 1959/1595/116 1958/3736/116 1956/1594/116
f 1963/1598/29 1966/3737/29 1959/1597/29
f 1967/1601/136 1966/3738/136 1963/1600/136
f 1961/1604/140 1960/3739/140 1965/1603/140
f 1965/1607/28 1960/3740/28 1956/1606/28
f 1984/1505/119 1985/1709/119 1987/1504/119
f 1984/1508/28 1986/3721/28 1991/1507/28
f 1987/1511/29 1985/1710/29 1990/1510/29
f 1992/1514/123 1993/1517/123 1985/1513/123
f 1985/1513/123 1993/1517/123 1994/1516/123
f 1990/1519/123 1994/1516/123 1995/1520/123
f 1995/1520/123 1992/1514/123 1984/1515/123
f 1996/1525/48 1997/1653/48 1993/1524/48
f 1998/1528/29 1996/3723/29 1992/1527/29
f 1997/1531/28 1999/1711/28 1994/1530/28
f 1999/1534/119 1998/1768/119 1995/1533/119
f 2008/1537/123 2005/1737/123 2006/1536/123
f 2010/3724/119 2003/1630/119 2011/1629/119
f 2003/1630/119 2002/1541/119 2008/1539/119
f 2002/1541/119 2009/1540/119 2008/1539/119
f 2004/3725/48 2000/1632/48 2005/1631/48
f 2000/1632/48 2001/1544/48 2006/1542/48
f 2001/1544/48 2007/1543/48 2006/1542/48
f 2000/1546/116 2002/1654/116 2003/1545/116
f 2003/1549/29 2010/3726/29 2007/1548/29
f 2007/1552/142 2010/3727/136 2011/1551/142
f 2009/1555/141 2004/3728/141 2005/1554/141
f 2000/1558/28 2004/3729/28 2009/1557/28
f 2015/1561/48 2013/1769/48 2012/1560/48
f 1991/1507/28 2014/1633/28 2012/1563/28
f 1990/1510/29 2013/3730/29 2015/1564/29
f 2013/1566/123 2017/1634/123 2016/1565/123
f 2013/1566/123 1990/1519/123 2018/1568/123
f 1990/1519/123 1988/1518/123 2019/1569/123
f 2012/1567/123 2016/1565/123 2019/1569/123
f 2017/1574/119 2021/1712/119 2020/1573/119
f 2016/1577/29 2020/3731/29 2022/1576/29
f 2018/1580/28 2023/3732/28 2021/1579/28
f 2019/1583/48 2022/1635/48 2023/1582/48
f 2030/1586/123 2029/3733/123 2032/1585/123
f 2026/1637/48 2027/1590/48 2032/1588/48
f 2027/1590/48 2034/3734/48 2035/1589/48
f 2032/1588/48 2027/1590/48 2035/1589/48
f 2025/1639/119 2024/1593/119 2030/1591/119
f 2024/1593/119 2028/3735/119 2029/1592/119
f 2030/1591/119 2024/1593/119 2029/1592/119
f 2027/1595/116 2026/3736/116 2024/1594/116
f 2031/1598/29 2034/3737/29 2027/1597/29
f 2035/1601/142 2034/3738/142 2031/1600/136
f 2029/1604/137 2028/3739/137 2033/1603/137
f 2033/1607/28 2028/3740/28 2024/1606/28
f 2055/1504/48 2053/1709/48 2052/1505/48
f 2059/1507/28 2054/3721/28 2052/1508/28
f 2058/1510/29 2053/1710/29 2055/1511/29
f 2053/1513/123 2061/1517/123 2060/1514/123
f 2053/1513/123 2058/1519/123 2062/1516/123
f 2056/1518/123 2063/1520/123 2062/1516/123
f 2052/1515/123 2060/1514/123 2063/1520/123
f 2061/1524/119 2065/1653/119 2064/1525/119
f 2060/1527/29 2064/3723/29 2066/1528/29
f 2062/1530/28 2067/1711/28 2065/1531/28
f 2062/1535/48 2063/1533/48 2066/1768/48
f 2074/1536/123 2073/1737/123 2076/1537/123
f 2070/1541/48 2071/1630/48 2076/1539/48
f 2071/1630/48 2078/3724/48 2079/1629/48
f 2076/1539/48 2071/1630/48 2079/1629/48
f 2069/1544/119 2068/1632/119 2074/1542/119
f 2068/1632/119 2072/3725/119 2073/1631/119
f 2074/1542/119 2068/1632/119 2073/1631/119
f 2071/1545/116 2070/1654/116 2068/1546/116
f 2075/1548/29 2078/3726/29 2071/1549/29
f 2079/1551/142 2078/3727/142 2075/1552/142
f 2073/1554/141 2072/3728/141 2077/1555/141
f 2077/1557/28 2072/3729/28 2068/1558/28
f 2082/1562/119 2080/1560/119 2081/1769/119
f 2080/1563/28 2082/1633/28 2059/1507/28
f 2083/1564/29 2081/3730/29 2058/1510/29
f 2084/1565/123 2085/1634/123 2081/1566/123
f 2081/1566/123 2085/1634/123 2086/1568/123
f 2086/1568/123 2087/1569/123 2056/1518/123
f 2087/1569/123 2084/1565/123 2080/1567/123
f 2088/1573/48 2089/1712/48 2085/1574/48
f 2090/1576/29 2088/3731/29 2084/1577/29
f 2089/1579/28 2091/3732/28 2086/1580/28
f 2086/1584/119 2091/1582/119 2090/1635/119
f 2100/1585/123 2097/3733/123 2098/1586/123
f 2102/3734/263 2095/1590/119 2103/1589/119
f 2095/1590/119 2094/1637/119 2100/1588/119
f 2094/1637/119 2101/1636/262 2100/1588/119
f 2096/3735/48 2092/1593/48 2097/1592/48
f 2092/1593/48 2093/1639/48 2098/1591/48
f 2093/1639/48 2099/1638/48 2098/1591/48
f 2092/1594/116 2094/3736/116 2095/1595/116
f 2095/1597/29 2102/3737/29 2099/1598/29
f 2099/1600/142 2102/3738/136 2103/1601/142
f 2101/1603/137 2096/3739/137 2097/1604/137
f 2092/1606/28 2096/3740/28 2101/1607/28
f 2123/1777/116 2121/3786/116 2120/1778/116
f 2127/1780/28 2122/3787/28 2120/1781/28
f 2126/1783/29 2121/3788/29 2123/1784/29
f 2120/1786/48 2121/1789/48 2129/1787/48
f 2121/1789/48 2126/1792/48 2130/1790/48
f 2124/1791/48 2131/1793/48 2130/1790/48
f 2120/1786/48 2128/1788/48 2131/1793/48
f 2129/1797/123 2133/3790/123 2132/1798/123
f 2128/1800/29 2132/3791/29 2134/1801/29
f 2130/1803/28 2135/3792/28 2133/1804/28
f 2131/1806/116 2134/3793/116 2135/1807/116
f 2142/1809/48 2141/3794/48 2144/1810/48
f 2138/1814/116 2139/1883/116 2144/1812/116
f 2139/1883/116 2146/3795/116 2147/1882/116
f 2144/1812/116 2139/1883/116 2147/1882/116
f 2137/1817/123 2136/1885/123 2142/1815/123
f 2136/1885/123 2140/3796/123 2141/1884/123
f 2142/1815/123 2136/1885/123 2141/1884/123
f 2139/1818/119 2138/3797/119 2136/1819/119
f 2143/1821/29 2146/3798/29 2139/1822/29
f 2147/1824/143 2146/3799/143 2143/1825/143
f 2141/1827/144 2140/3800/146 2145/1828/145
f 2145/1830/28 2140/3801/28 2136/1831/28
f 2148/1833/123 2149/3802/123 2151/1834/123
f 2148/1836/28 2150/3803/28 2127/1780/28
f 2151/1837/29 2149/3804/29 2126/1783/29
f 2148/1838/48 2152/1886/48 2153/1839/48
f 2149/1840/48 2153/1839/48 2154/1841/48
f 2154/1841/48 2155/1842/48 2124/1791/48
f 2155/1842/48 2152/1886/48 2148/1838/48
f 2156/1846/116 2157/3805/116 2153/1847/116
f 2158/1849/29 2156/3806/29 2152/1850/29
f 2157/1852/28 2159/3807/28 2154/1853/28
f 2159/1855/123 2158/3808/123 2155/1856/123
f 2168/1858/48 2165/3809/48 2166/1859/48
f 2170/3810/123 2163/1863/123 2171/1862/123
f 2163/1863/123 2162/1888/123 2168/1861/123
f 2162/1888/123 2169/1887/123 2168/1861/123
f 2164/3811/116 2160/1866/116 2165/1865/116
f 2160/1866/116 2161/1890/116 2166/1864/116
f 2161/1890/116 2167/1889/116 2166/1864/116
f 2160/1867/119 2162/3812/119 2163/1868/119
f 2163/1870/29 2170/3813/29 2167/1871/29
f 2167/1873/143 2170/3814/143 2171/1874/143
f 2169/1876/144 2164/3815/145 2165/1877/145
f 2160/1879/28 2164/3816/28 2169/1880/28
f 2172/1778/123 2173/3786/123 2175/1777/123
f 2172/1781/28 2174/3787/28 2179/1780/28
f 2175/1784/29 2173/3788/29 2178/1783/29
f 2172/1786/48 2180/1788/48 2181/1787/48
f 2173/1789/48 2181/1787/48 2182/1790/48
f 2182/1790/48 2183/1793/48 2176/1791/48
f 2183/1793/48 2180/1788/48 2172/1786/48
f 2184/1798/116 2185/3790/116 2181/1797/116
f 2186/1801/29 2184/3791/29 2180/1800/29
f 2185/1804/28 2187/3792/28 2182/1803/28
f 2187/1807/123 2186/3793/123 2183/1806/123
f 2196/1810/48 2193/3794/48 2194/1809/48
f 2198/3795/123 2191/1883/123 2199/1882/123
f 2191/1883/123 2190/1814/123 2196/1812/123
f 2190/1814/123 2197/1813/123 2196/1812/123
f 2192/3796/116 2188/1885/116 2193/1884/116
f 2188/1885/116 2189/1817/116 2194/1815/116
f 2189/1817/116 2195/1816/116 2194/1815/116
f 2188/1819/119 2190/3797/119 2191/1818/119
f 2191/1822/29 2198/3798/29 2195/1821/29
f 2195/1825/143 2198/3799/143 2199/1824/143
f 2197/1828/144 2192/3800/146 2193/1827/146
f 2188/1831/28 2192/3801/28 2197/1830/28
f 2203/1834/116 2201/3802/116 2200/1833/116
f 2179/1780/28 2202/3803/28 2200/1836/28
f 2178/1783/29 2201/3804/29 2203/1837/29
f 2200/1838/48 2201/1840/48 2205/1839/48
f 2201/1840/48 2178/1792/48 2206/1841/48
f 2176/1791/48 2207/1842/48 2206/1841/48
f 2200/1838/48 2204/1886/48 2207/1842/48
f 2205/1847/123 2209/3805/123 2208/1846/123
f 2204/1850/29 2208/3806/29 2210/1849/29
f 2206/1853/28 2211/3807/28 2209/1852/28
f 2207/1856/116 2210/3808/116 2211/1855/116
f 2218/1859/48 2217/3809/48 2220/1858/48
f 2214/1888/116 2215/1863/116 2220/1861/116
f 2215/1863/116 2222/3810/116 2223/1862/116
f 2220/1861/116 2215/1863/116 2223/1862/116
f 2213/1890/123 2212/1866/123 2218/1864/123
f 2212/1866/123 2216/3811/123 2217/1865/123
f 2218/1864/123 2212/1866/123 2217/1865/123
f 2215/1868/119 2214/3812/119 2212/1867/119
f 2219/1871/29 2222/3813/29 2215/1870/29
f 2223/1874/143 2222/3814/143 2219/1873/143
f 2217/1877/146 2216/3815/146 2221/1876/146
f 2221/1880/28 2216/3816/28 2212/1879/28
f 2224/1778/123 2225/3786/123 2227/1777/123
f 2224/1781/28 2226/3787/28 2231/1780/28
f 2227/1784/29 2225/3788/29 2230/1783/29
f 2232/1788/48 2233/1787/48 2225/1789/48
f 2225/1789/48 2233/1787/48 2234/1790/48
f 2230/1792/48 2234/1790/48 2235/1793/48
f 2235/1793/48 2232/1788/48 2224/1786/48
f 2236/1798/116 2237/3790/116 2233/1797/116
f 2238/1801/29 2236/3791/29 2232/1800/29
f 2237/1804/28 2239/3792/28 2234/1803/28
f 2239/1807/123 2238/3793/123 2235/1806/123
f 2248/1810/48 2245/3794/48 2246/1809/48
f 2250/3795/123 2243/1883/123 2251/1882/123
f 2243/1883/123 2242/1814/123 2248/1812/123
f 2242/1814/123 2249/1813/123 2248/1812/123
f 2244/3796/116 2240/1885/116 2245/1884/116
f 2240/1885/116 2241/1817/116 2246/1815/116
f 2241/1817/116 2247/1816/116 2246/1815/116
f 2240/1819/119 2242/3797/119 2243/1818/119
f 2243/1822/29 2250/3798/29 2247/1821/29
f 2247/1825/143 2250/3799/150 2251/1824/143
f 2249/1828/146 2244/3800/145 2245/1827/146
f 2240/1831/147 2244/3801/147 2249/1830/147
f 2255/1834/116 2253/3802/116 2252/1833/116
f 2231/1780/28 2254/3803/28 2252/1836/28
f 2230/1783/29 2253/3804/29 2255/1837/29
f 2253/1840/48 2257/1839/48 2256/1886/48
f 2253/1840/48 2230/1792/48 2258/1841/48
f 2230/1792/48 2228/1791/48 2259/1842/48
f 2252/1838/48 2256/1886/48 2259/1842/48
f 2257/1847/123 2261/3805/123 2260/1846/123
f 2256/1850/29 2260/3806/29 2262/1849/29
f 2258/1853/28 2263/3807/28 2261/1852/28
f 2259/1856/116 2262/3808/116 2263/1855/116
f 2270/1859/48 2269/3809/48 2272/1858/48
f 2266/1888/116 2267/1863/116 2272/1861/116
f 2267/1863/116 2274/3810/116 2275/1862/116
f 2272/1861/116 2267/1863/116 2275/1862/116
f 2265/1890/123 2264/1866/123 2270/1864/123
f 2264/1866/123 2268/3811/123 2269/1865/123
f 2270/1864/123 2264/1866/123 2269/1865/123
f 2267/1868/119 2266/3812/119 2264/1867/119
f 2271/1871/29 2274/3813/29 2267/1870/29
f 2275/1874/143 2274/3814/143 2271/1873/143
f 2269/1877/146 2268/3815/146 2273/1876/146
f 2273/1880/28 2268/3816/28 2264/1879/28
f 2279/1777/116 2277/3786/116 2276/1778/116
f 2283/1780/28 2278/3787/28 2276/1781/28
f 2282/1783/29 2277/3788/29 2279/1784/29
f 2277/1789/48 2285/1787/48 2284/1788/48
f 2277/1789/48 2282/1792/48 2286/1790/48
f 2282/1792/48 2280/1791/48 2287/1793/48
f 2276/1786/48 2284/1788/48 2287/1793/48
f 2285/1797/123 2289/3790/123 2288/1798/123
f 2284/1800/29 2288/3791/29 2290/1801/29
f 2286/1803/28 2291/3792/28 2289/1804/28
f 2287/1806/116 2290/3793/116 2291/1807/116
f 2298/1809/48 2297/3794/48 2300/1810/48
f 2294/1814/116 2295/1883/116 2300/1812/116
f 2295/1883/116 2302/3795/116 2303/1882/116
f 2300/1812/116 2295/1883/116 2303/1882/116
f 2293/1817/123 2292/1885/123 2298/1815/123
f 2292/1885/123 2296/3796/123 2297/1884/123
f 2298/1815/123 2292/1885/123 2297/1884/123
f 2295/1818/119 2294/3797/119 2292/1819/119
f 2299/1821/29 2302/3798/29 2295/1822/29
f 2303/1824/143 2302/3799/143 2299/1825/149
f 2297/1827/146 2296/3800/146 2301/1828/146
f 2301/1830/28 2296/3801/28 2292/1831/28
f 2304/1833/123 2305/3802/123 2307/1834/123
f 2304/1836/28 2306/3803/28 2283/1780/28
f 2307/1837/29 2305/3804/29 2282/1783/29
f 2308/1886/48 2309/1839/48 2305/1840/48
f 2305/1840/48 2309/1839/48 2310/1841/48
f 2282/1792/48 2310/1841/48 2311/1842/48
f 2311/1842/48 2308/1886/48 2304/1838/48
f 2312/1846/116 2313/3805/116 2309/1847/116
f 2314/1849/29 2312/3806/29 2308/1850/29
f 2313/1852/28 2315/3807/28 2310/1853/28
f 2315/1855/123 2314/3808/123 2311/1856/123
f 2324/1858/48 2321/3809/48 2322/1859/48
f 2326/3810/123 2319/1863/123 2327/1862/123
f 2319/1863/123 2318/1888/123 2324/1861/123
f 2318/1888/123 2325/1887/123 2324/1861/123
f 2320/3811/116 2316/1866/116 2321/1865/116
f 2316/1866/116 2317/1890/116 2322/1864/116
f 2317/1890/116 2323/1889/116 2322/1864/116
f 2316/1867/119 2318/3812/119 2319/1868/119
f 2319/1870/29 2326/3813/29 2323/1871/29
f 2323/1873/143 2326/3814/143 2327/1874/143
f 2325/1876/146 2320/3815/148 2321/1877/146
f 2316/1879/28 2320/3816/28 2325/1880/28
f 2328/1778/116 2329/3786/116 2331/1777/116
f 2328/1781/28 2330/3787/28 2335/1780/28
f 2331/1784/29 2329/3788/29 2334/1783/29
f 2336/1788/119 2337/1787/119 2329/1789/119
f 2329/1789/119 2337/1787/119 2338/1790/119
f 2338/1790/119 2339/1793/119 2332/1791/119
f 2339/1793/119 2336/1788/119 2328/1786/119
f 2340/1798/123 2341/3790/123 2337/1797/123
f 2342/1801/29 2340/3791/29 2336/1800/29
f 2341/1804/28 2343/3792/28 2338/1803/28
f 2343/1807/116 2342/3793/116 2339/1806/116
f 2352/1810/119 2349/3794/119 2350/1809/119
f 2354/3795/116 2347/1883/116 2355/1882/116
f 2347/1883/116 2346/1814/116 2352/1812/116
f 2346/1814/116 2353/1813/116 2352/1812/116
f 2348/3796/123 2344/1885/123 2349/1884/123
f 2344/1885/123 2345/1817/123 2350/1815/123
f 2345/1817/123 2351/1816/123 2350/1815/123
f 2344/1819/48 2346/3797/48 2347/1818/48
f 2347/1822/29 2354/3798/29 2351/1821/29
f 2351/1825/151 2354/3799/152 2355/1824/152
f 2353/1828/154 2348/3800/155 2349/1827/155
f 2344/1831/28 2348/3801/28 2353/1830/28
f 2359/1834/123 2357/3802/123 2356/1833/123
f 2335/1780/28 2358/3803/28 2356/1836/28
f 2334/1783/29 2357/3804/29 2359/1837/29
f 2357/1840/119 2361/1839/119 2360/1886/119
f 2357/1840/119 2334/1792/119 2362/1841/119
f 2332/1791/119 2363/1842/119 2362/1841/119
f 2356/1838/119 2360/1886/119 2363/1842/119
f 2361/1847/116 2365/3805/116 2364/1846/116
f 2360/1850/29 2364/3806/29 2366/1849/29
f 2362/1853/28 2367/3807/28 2365/1852/28
f 2363/1856/123 2366/3808/123 2367/1855/123
f 2374/1859/119 2373/3809/119 2376/1858/119
f 2370/1888/123 2371/1863/123 2376/1861/123
f 2371/1863/123 2378/3810/123 2379/1862/123
f 2376/1861/123 2371/1863/123 2379/1862/123
f 2369/1890/116 2368/1866/116 2374/1864/116
f 2368/1866/116 2372/3811/116 2373/1865/116
f 2374/1864/116 2368/1866/116 2373/1865/116
f 2371/1868/48 2370/3812/48 2368/1867/48
f 2375/1871/29 2378/3813/29 2371/1870/29
f 2379/1874/151 2378/3814/153 2375/1873/152
f 2373/1877/154 2372/3815/156 2377/1876/155
f 2377/1880/28 2372/3816/28 2368/1879/28
f 2383/1777/123 2381/3786/123 2380/1778/123
f 2387/1780/28 2382/3787/28 2380/1781/28
f 2386/1783/29 2381/3788/29 2383/1784/29
f 2380/1786/119 2381/1789/119 2389/1787/119
f 2381/1789/119 2386/1792/119 2390/1790/119
f 2384/1791/119 2391/1793/119 2390/1790/119
f 2380/1786/119 2388/1788/119 2391/1793/119
f 2389/1797/116 2393/3790/116 2392/1798/116
f 2388/1800/29 2392/3791/29 2394/1801/29
f 2390/1803/28 2395/3792/28 2393/1804/28
f 2391/1806/123 2394/3793/123 2395/1807/123
f 2402/1809/119 2401/3794/119 2404/1810/119
f 2398/1814/123 2399/1883/123 2404/1812/123
f 2399/1883/123 2406/3795/123 2407/1882/123
f 2404/1812/123 2399/1883/123 2407/1882/123
f 2397/1817/116 2396/1885/116 2402/1815/116
f 2396/1885/116 2400/3796/116 2401/1884/116
f 2402/1815/116 2396/1885/116 2401/1884/116
f 2399/1818/48 2398/3797/48 2396/1819/48
f 2403/1821/29 2406/3798/29 2399/1822/29
f 2407/1824/153 2406/3799/264 2403/1825/153
f 2401/1827/156 2400/3800/156 2405/1828/156
f 2405/1830/28 2400/3801/28 2396/1831/28
f 2408/1833/116 2409/3802/116 2411/1834/116
f 2408/1836/28 2410/3803/28 2387/1780/28
f 2411/1837/29 2409/3804/29 2386/1783/29
f 2408/1838/119 2412/1886/119 2413/1839/119
f 2409/1840/119 2413/1839/119 2414/1841/119
f 2414/1841/119 2415/1842/119 2384/1791/119
f 2415/1842/119 2412/1886/119 2408/1838/119
f 2416/1846/123 2417/3805/123 2413/1847/123
f 2418/1849/29 2416/3806/29 2412/1850/29
f 2417/1852/28 2419/3807/28 2414/1853/28
f 2419/1855/116 2418/3808/116 2415/1856/116
f 2428/1858/119 2425/3809/119 2426/1859/119
f 2430/3810/116 2423/1863/116 2431/1862/116
f 2423/1863/116 2422/1888/116 2428/1861/116
f 2422/1888/116 2429/1887/116 2428/1861/116
f 2424/3811/123 2420/1866/123 2425/1865/123
f 2420/1866/123 2421/1890/123 2426/1864/123
f 2421/1890/123 2427/1889/123 2426/1864/123
f 2420/1867/48 2422/3812/48 2423/1868/48
f 2423/1870/29 2430/3813/29 2427/1871/29
f 2427/1873/153 2430/3814/264 2431/1874/153
f 2429/1876/156 2424/3815/156 2425/1877/156
f 2420/1879/28 2424/3816/28 2429/1880/28
f 2435/1777/123 2433/3786/123 2432/1778/123
f 2439/1780/28 2434/3787/28 2432/1781/28
f 2438/1783/29 2433/3788/29 2435/1784/29
f 2433/1789/119 2441/1787/119 2440/1788/119
f 2433/1789/119 2438/1792/119 2442/1790/119
f 2438/1792/119 2436/1791/119 2443/1793/119
f 2432/1786/119 2440/1788/119 2443/1793/119
f 2441/1797/116 2445/3790/116 2444/1798/116
f 2440/1800/29 2444/3791/29 2446/1801/29
f 2442/1803/28 2447/3792/28 2445/1804/28
f 2443/1806/123 2446/3793/123 2447/1807/123
f 2454/1809/119 2453/3794/119 2456/1810/119
f 2450/1814/123 2451/1883/123 2456/1812/123
f 2451/1883/123 2458/3795/123 2459/1882/123
f 2456/1812/123 2451/1883/123 2459/1882/123
f 2449/1817/116 2448/1885/116 2454/1815/116
f 2448/1885/116 2452/3796/116 2453/1884/116
f 2454/1815/116 2448/1885/116 2453/1884/116
f 2451/1818/48 2450/3797/48 2448/1819/48
f 2455/1821/29 2458/3798/29 2451/1822/29
f 2459/1824/153 2458/3799/153 2455/1825/151
f 2453/1827/156 2452/3800/156 2457/1828/156
f 2457/1830/28 2452/3801/28 2448/1831/28
f 2460/1833/116 2461/3802/116 2463/1834/116
f 2460/1836/28 2462/3803/28 2439/1780/28
f 2463/1837/29 2461/3804/29 2438/1783/29
f 2464/1886/119 2465/1839/119 2461/1840/119
f 2461/1840/119 2465/1839/119 2466/1841/119
f 2438/1792/119 2466/1841/119 2467/1842/119
f 2467/1842/119 2464/1886/119 2460/1838/119
f 2468/1846/123 2469/3805/123 2465/1847/123
f 2470/1849/29 2468/3806/29 2464/1850/29
f 2469/1852/28 2471/3807/28 2466/1853/28
f 2471/1855/116 2470/3808/116 2467/1856/116
f 2480/1858/119 2477/3809/119 2478/1859/119
f 2482/3810/116 2475/1863/116 2483/1862/116
f 2475/1863/116 2474/1888/116 2480/1861/116
f 2474/1888/116 2481/1887/116 2480/1861/116
f 2476/3811/123 2472/1866/123 2477/1865/123
f 2472/1866/123 2473/1890/123 2478/1864/123
f 2473/1890/123 2479/1889/123 2478/1864/123
f 2472/1867/48 2474/3812/48 2475/1868/48
f 2475/1870/29 2482/3813/29 2479/1871/29
f 2479/1873/151 2482/3814/153 2483/1874/153
f 2481/1876/156 2476/3815/265 2477/1877/156
f 2472/1879/28 2476/3816/28 2481/1880/28
f 2484/1778/116 2485/3786/116 2487/1777/116
f 2484/1781/28 2486/3787/28 2491/1780/28
f 2487/1784/29 2485/3788/29 2490/1783/29
f 2492/1788/119 2493/1787/119 2485/1789/119
f 2485/1789/119 2493/1787/119 2494/1790/119
f 2490/1792/119 2494/1790/119 2495/1793/119
f 2495/1793/119 2492/1788/119 2484/1786/119
f 2496/1798/123 2497/3790/123 2493/1797/123
f 2498/1801/29 2496/3791/29 2492/1800/29
f 2497/1804/28 2499/3792/28 2494/1803/28
f 2499/1807/116 2498/3793/116 2495/1806/116
f 2508/1810/119 2505/3794/119 2506/1809/119
f 2510/3795/116 2503/1883/116 2511/1882/116
f 2503/1883/116 2502/1814/116 2508/1812/116
f 2502/1814/116 2509/1813/116 2508/1812/116
f 2504/3796/123 2500/1885/123 2505/1884/123
f 2500/1885/123 2501/1817/123 2506/1815/123
f 2501/1817/123 2507/1816/123 2506/1815/123
f 2500/1819/48 2502/3797/48 2503/1818/48
f 2503/1822/29 2510/3798/29 2507/1821/29
f 2507/1825/153 2510/3799/152 2511/1824/153
f 2509/1828/156 2504/3800/155 2505/1827/154
f 2500/1831/28 2504/3801/28 2509/1830/28
f 2515/1834/123 2513/3802/123 2512/1833/123
f 2491/1780/28 2514/3803/28 2512/1836/28
f 2490/1783/29 2513/3804/29 2515/1837/29
f 2513/1840/119 2517/1839/119 2516/1886/119
f 2513/1840/119 2490/1792/119 2518/1841/119
f 2490/1792/119 2488/1791/119 2519/1842/119
f 2512/1838/119 2516/1886/119 2519/1842/119
f 2517/1847/116 2521/3805/116 2520/1846/116
f 2516/1850/29 2520/3806/29 2522/1849/29
f 2518/1853/28 2523/3807/28 2521/1852/28
f 2519/1856/123 2522/3808/123 2523/1855/123
f 2530/1859/119 2529/3809/119 2532/1858/119
f 2526/1888/123 2527/1863/123 2532/1861/123
f 2527/1863/123 2534/3810/123 2535/1862/123
f 2532/1861/123 2527/1863/123 2535/1862/123
f 2525/1890/116 2524/1866/116 2530/1864/116
f 2524/1866/116 2528/3811/116 2529/1865/116
f 2530/1864/116 2524/1866/116 2529/1865/116
f 2527/1868/48 2526/3812/48 2524/1867/48
f 2531/1871/29 2534/3813/29 2527/1870/29
f 2535/1874/151 2534/3814/152 2531/1873/153
f 2529/1877/156 2528/3815/156 2533/1876/156
f 2533/1880/28 2528/3816/28 2524/1879/28
s 0
f 3439/2824/266 3437/4059/266 3436/2825/266
f 3441/2827/160 3443/4060/160 3442/2828/160
f 3443/2830/161 3447/4061/161 3446/2831/161
f 3447/2833/162 3445/4062/162 3444/2834/162
f 3445/2836/163 3441/4063/163 3440/2837/163
f 3442/2839/28 3446/2842/28 3444/2840/28
f 3443/2839/29 3441/2841/29 3445/2840/29
s 1
usemtl GT_MC_Facade_1
f 1317/1521/116 1318/1522/116 1316/1523/116
f 1342/1570/116 1341/1571/116 1340/1572/116
f 1386/1522/116 1385/1521/116 1384/1523/116
f 1409/1571/116 1410/1570/116 1408/1572/116
f 1454/1522/116 1453/1521/116 1452/1523/116
f 1477/1571/116 1478/1570/116 1476/1572/116
f 1521/1521/116 1522/1522/116 1520/1523/116
f 1546/1570/116 1545/1571/116 1544/1572/116
f 1589/1521/116 1590/1522/116 1588/1523/116
f 1614/1570/116 1613/1571/116 1612/1572/116
f 1658/1522/116 1657/1521/116 1656/1523/116
f 1681/1571/116 1682/1570/116 1680/1572/116
f 1726/1522/123 1725/1521/123 1724/1523/123
f 1749/1571/123 1750/1570/123 1748/1572/123
f 1793/1521/123 1794/1522/123 1792/1523/123
f 1818/1570/123 1817/1571/123 1816/1572/123
f 1861/1521/123 1862/1522/123 1860/1523/123
f 1886/1570/123 1885/1571/123 1884/1572/123
f 1930/1522/123 1929/1521/123 1928/1523/123
f 1952/1572/123 1955/1746/123 1954/1570/123
f 1998/1522/123 1997/1521/123 1996/1523/123
f 2021/1571/123 2022/1570/123 2020/1572/123
f 2065/1521/123 2066/1522/123 2064/1523/123
f 2090/1570/123 2089/1571/123 2088/1572/123
f 2133/1794/48 2134/1795/48 2132/1796/48
f 2158/1843/48 2157/1844/48 2156/1845/48
f 2186/1795/48 2185/1794/48 2184/1796/48
f 2209/1844/48 2210/1843/48 2208/1845/48
f 2238/1795/48 2237/1794/48 2236/1796/48
f 2261/1844/48 2262/1843/48 2260/1845/48
f 2289/1794/48 2290/1795/48 2288/1796/48
f 2314/1843/48 2313/1844/48 2312/1845/48
f 2342/1795/119 2341/1794/119 2340/1796/119
f 2365/1844/119 2366/1843/119 2364/1845/119
f 2393/1794/119 2394/1795/119 2392/1796/119
f 2416/1845/119 2419/1891/119 2417/1844/119
f 2445/1794/119 2446/1795/119 2444/1796/119
f 2470/1843/119 2469/1844/119 2468/1845/119
f 2498/1795/119 2497/1794/119 2496/1796/119
f 2520/1845/119 2523/1891/119 2522/1843/119
f 1317/1521/116 1319/3722/116 1318/1522/116
f 1342/1570/116 1343/1746/116 1341/1571/116
f 1386/1522/116 1387/3722/116 1385/1521/116
f 1409/1571/116 1411/1746/116 1410/1570/116
f 1454/1522/116 1455/3722/116 1453/1521/116
f 1477/1571/116 1479/1746/116 1478/1570/116
f 1521/1521/116 1523/3722/116 1522/1522/116
f 1546/1570/116 1547/1746/116 1545/1571/116
f 1589/1521/116 1591/3722/116 1590/1522/116
f 1614/1570/116 1615/1746/116 1613/1571/116
f 1658/1522/116 1659/3722/116 1657/1521/116
f 1681/1571/116 1683/1746/116 1682/1570/116
f 1726/1522/123 1727/3722/123 1725/1521/123
f 1749/1571/123 1751/1746/123 1750/1570/123
f 1793/1521/123 1795/3722/123 1794/1522/123
f 1818/1570/123 1819/1746/123 1817/1571/123
f 1861/1521/123 1863/3722/123 1862/1522/123
f 1886/1570/123 1887/1746/123 1885/1571/123
f 1930/1522/123 1931/3722/123 1929/1521/123
f 1952/1572/123 1953/1571/123 1955/1746/123
f 1998/1522/123 1999/3722/123 1997/1521/123
f 2021/1571/123 2023/1746/123 2022/1570/123
f 2065/1521/123 2067/3722/123 2066/1522/123
f 2090/1570/123 2091/1746/123 2089/1571/123
f 2133/1794/48 2135/3789/48 2134/1795/48
f 2158/1843/48 2159/1891/48 2157/1844/48
f 2186/1795/48 2187/3789/48 2185/1794/48
f 2209/1844/48 2211/1891/48 2210/1843/48
f 2238/1795/48 2239/3789/48 2237/1794/48
f 2261/1844/48 2263/1891/48 2262/1843/48
f 2289/1794/48 2291/3789/48 2290/1795/48
f 2314/1843/48 2315/1891/48 2313/1844/48
f 2342/1795/119 2343/3789/119 2341/1794/119
f 2365/1844/119 2367/1891/119 2366/1843/119
f 2393/1794/119 2395/3789/119 2394/1795/119
f 2416/1845/119 2418/1843/119 2419/1891/119
f 2445/1794/119 2447/3789/119 2446/1795/119
f 2470/1843/119 2471/1891/119 2469/1844/119
f 2498/1795/119 2499/3789/119 2497/1794/119
f 2520/1845/119 2521/1844/119 2523/1891/119
usemtl GT_MC_Facade_1B
f 1/1/1 42/2/1 39/3/1
f 3/1/3 55/7/3 57/8/3
f 135/29/23 127/30/23 128/31/23
f 131/32/24 134/33/24 130/34/25
f 147/35/26 144/36/26 146/37/26
f 7/57/32 45/58/32 24/59/32
f 17/60/33 21/61/32 46/62/32
f 28/63/34 4/64/34 9/65/34
f 141/76/44 142/77/44 143/78/44
f 124/79/45 119/80/45 120/81/45
f 122/82/46 125/83/47 126/84/47
f 68/85/48 65/86/48 70/87/48
f 87/88/48 83/89/48 84/90/48
f 86/91/48 62/92/48 71/93/48
f 36/97/49 83/98/49 35/99/49
f 41/100/50 64/101/50 37/102/50
f 141/112/58 143/113/58 95/114/59
f 124/115/60 120/116/60 106/117/61
f 122/118/62 126/119/63 94/120/62
f 89/126/68 88/127/68 129/114/69
f 76/128/70 79/129/70 101/117/71
f 72/130/72 90/131/72 103/120/73
f 59/133/76 58/134/76 49/99/76
f 25/135/77 30/136/77 48/102/77
f 80/137/48 72/138/48 74/139/48
f 77/140/48 79/141/48 76/142/48
f 78/143/48 88/144/48 89/145/48
f 1/1/1 13/2843/164 42/2/1
f 42/2/1 62/2844/1 39/3/1
f 62/2844/1 61/2845/1 39/3/1
f 39/3/1 40/2846/1 1/1/1
f 3/1/3 56/2848/3 55/7/3
f 55/7/3 92/2849/3 78/2850/3
f 57/8/3 10/2851/165 3/1/3
f 55/7/3 78/2850/3 57/8/3
f 135/29/23 138/2858/23 127/30/23
f 131/32/24 139/2859/24 134/33/24
f 147/35/26 145/2860/26 144/36/26
f 7/57/32 34/2920/32 45/58/32
f 34/2920/32 31/2921/32 45/58/32
f 25/2922/32 22/2923/188 24/59/32
f 22/2923/188 7/57/32 24/59/32
f 24/59/32 30/2924/32 25/2922/32
f 17/60/33 14/2925/32 21/61/32
f 14/2925/32 15/2926/32 21/61/32
f 59/2927/32 47/2928/189 46/62/32
f 47/2928/189 17/60/33 46/62/32
f 46/62/32 58/2929/32 59/2927/32
f 19/2930/34 12/2931/190 2/2932/34
f 2/2932/34 16/2933/191 20/2934/34
f 28/63/34 29/2935/34 4/64/34
f 2/2932/34 20/2934/34 19/2930/34
f 20/2934/34 28/63/34 9/65/34
f 9/65/34 19/2930/34 20/2934/34
f 4/64/34 11/2936/192 9/65/34
f 141/76/44 140/2940/44 142/77/44
f 124/79/45 123/2941/45 119/80/45
f 122/82/46 121/2942/47 125/83/47
f 68/85/48 64/2943/48 65/86/48
f 87/88/48 85/2944/48 83/89/48
f 86/91/48 61/2945/48 62/92/48
f 35/99/49 15/134/49 14/133/49
f 36/97/49 84/2947/49 83/98/49
f 35/99/49 14/133/49 36/97/49
f 37/102/50 31/2948/50 34/2949/50
f 41/100/50 65/2950/50 64/101/50
f 37/102/50 34/2949/50 41/100/50
f 95/114/59 86/2954/58 71/126/58
f 71/126/58 96/2955/58 95/114/59
f 96/2955/58 141/112/58 95/114/59
f 106/117/61 85/129/201 87/128/60
f 87/128/60 118/2956/60 106/117/61
f 118/2956/60 124/115/60 106/117/61
f 94/120/62 68/131/202 98/2957/203
f 68/131/202 70/130/202 98/2957/203
f 98/2957/203 122/118/62 94/120/62
f 129/114/69 145/113/205 147/112/68
f 147/112/68 105/2955/206 129/114/69
f 105/2955/206 89/126/68 129/114/69
f 101/117/71 139/2959/207 131/115/208
f 131/115/208 100/2956/209 101/117/71
f 100/2956/209 76/128/70 101/117/71
f 103/120/73 138/119/72 135/118/72
f 135/118/72 104/2957/210 103/120/73
f 104/2957/210 72/130/72 103/120/73
f 49/99/76 81/98/76 52/97/76
f 81/98/76 77/2947/76 52/97/76
f 52/97/76 59/133/76 49/99/76
f 48/102/77 80/2960/77 60/2961/77
f 80/2960/77 74/2962/77 60/2961/77
f 60/2961/77 25/135/77 48/102/77
f 80/137/48 90/2963/48 72/138/48
f 77/140/48 81/2964/48 79/141/48
f 78/143/48 92/2965/48 88/144/48
usemtl GT_MC_Glass_Facade_5
f 2563/1930/119 2564/1931/119 2562/1932/119
f 2563/1930/119 2565/3827/119 2564/1931/119
